nama_instansi,nama_satuan_kerja,kode_paket,kode_rup,tahun_anggaran,sumber_transaksi,sumber_dana,nama_penyedia,metode_pengadaan,jenis_pengadaan,nama_paket,status_paket,total_nilai,nilai_pdn
KAB. KAUR,"BADAN PERENCANAAN PEMBANGUNAN, RISET DAN INOVASI DAERAH - 5.01.5.05.0.00.01.0000",01KGEB99H5VZXGYZ49DXJ1PKE4,63273017,2026,E-Katalog 6.0,APBD,TAHIRIN,E-Purchasing,Barang,Belanja Alat/Bahan untuk Kegiatan Kantor- Kertas dan Cover,ON PROCESS,9369510,9369510
KAB. KAUR,SEKRETARIAT DAERAH - 4.01.2.10.5.06.01.0000,01KRX8VSME1J04DA9S7HTZD5X5,67065779,2026,E-Katalog 6.0,APBD,KARIANSYAH,E-Purchasing,Barang,Penyediaan dan Perlengkapan Kantor ,ON PROCESS,3000000,3000000
KAB. KAUR,SEKRETARIAT DPRD - 4.02.0.00.0.00.01.0000,01KS4A89ND3PNS5D1ME7416FWW,65712199,2026,E-Katalog 6.0,APBD,IKO BENGKULU MEDIATAMA,E-Purchasing,Jasa Lainnya,"Beban Jasa Iklan/Reklame, Film, dan Pemotretan",ON PROCESS,1200000,1200000
KAB. KAUR,SEKRETARIAT DPRD - 4.02.0.00.0.00.01.0000,01KJVMN5RAWRNN2V3TJ2HTAM1S,65712199,2026,E-Katalog 6.0,APBD,SUARA MASSA MEDIA,E-Purchasing,Jasa Lainnya,"Beban Jasa Iklan/Reklame, Film, dan Pemotretan",ON PROCESS,1100000,1100000
KAB. KAUR,"DINAS KOMUNIKASI, INFORMATIKA, STATISTIK DAN PERSANDIAN - 2.16.2.20.2.21.01.0000",01KJC1XKJ8VPNG8133CX0ABR9A,63111243,2026,E-Katalog 6.0,APBD,WAHANA BINTANG MEDIA,E-Purchasing,Jasa Lainnya,"Belanja Jasa Iklan/Reklame, Film, dan Pemotretan",ON PROCESS,3600000,3600000
KAB. KAUR,SEKRETARIAT DAERAH - 4.01.2.10.5.06.01.0000,01KP7MJ66EP31H3KSNT2D5NTQG,66810858,2026,E-Katalog 6.0,APBD,RERUCA ENTERTAIMENT GROUP,E-Purchasing,Barang,BELANJA PENYEDIAAN DAN PERALATAN KANTOR,ON PROCESS,236150000,236150000
KAB. KAUR,INSPEKTORAT DAERAH - 6.01.0.00.0.00.01.0000,01KJC2ZW75WPYJX6JDJNJDPBH2,63134050,2026,E-Katalog 6.0,APBD,FERDIYANSAH,E-Purchasing,Barang,Belanja Alat/Bahan untuk Kegiatan Kantor- Kertas dan Cover,ON PROCESS,33699600,33699600
KAB. KAUR,SEKRETARIAT DAERAH - 4.01.2.10.5.06.01.0000,01KH8CSRFQZ8A4SJQ285BTM7MP,65226614,2026,E-Katalog 6.0,APBD,RERUCA ENTERTAIMENT GROUP,E-Purchasing,Barang,BELANJA MODAL MEBEL,ON PROCESS,4000000,4000000
KAB. KAUR,"DINAS PENGENDALIAN PENDUDUK, KELUARGA BERENCANA, PEMBERDAYAAN PEREMPUAN DAN PERLINDUNGAN ANAK - 2.08.2.14.0.00.01.0000",01KMQ3R8XGGNQ066RC7JQMEM99,64791536,2026,E-Katalog 6.0,APBD,DONI APRIZAL,E-Purchasing,Barang,Belanja Alat/Bahan untuk Kegiatan Kantor- Bahan Cetak,ON PROCESS,1288710,1288710
KAB. KAUR,DINAS KEPENDUDUKAN DAN PENCATATAN SIPIL - 2.12.0.00.0.00.01.0000,01KKDMEP1E6SNS8D28GQNZD84Y,66189202,2026,E-Katalog 6.0,APBD,ALE TEKNO KOMPUTER,E-Purchasing,Barang,Belanja Modal Personal Computer,ON PROCESS,40887199,0
KAB. KAUR,DINAS PEKERJAAN UMUM DAN PENATAAN RUANG - 1.03.0.00.0.00.01.0000,10142759000,65798815,2026,Tender,APBD,,Tender,Pekerjaan Konstruksi,Jalan Tanjung Bulan Sentra Produksi Tanjung Bulan ( Bahu Jalan ) Kec. Tanjung Kemuning,BERLANGSUNG,619500000,619500000
KAB. KAUR,DINAS PEKERJAAN UMUM DAN PENATAAN RUANG - 1.03.0.00.0.00.01.0000,01KJYMM8B36RXQ4SDX1ST6EAC1,65012448,2026,E-Katalog 6.0,APBD,FERDIYANSAH,E-Purchasing,Barang,Belanja Alat/Bahan untuk Kegiatan Kantor-Bahan Komputer,PAYMENT OUTSIDE SYSTEM,699300,699300
KAB. KAUR,DINAS SATUAN POLISI PAMONG PRAJA - 1.05.0.00.0.00.01.0000,01KW12363FNWGKKPXEA5W8Z1N0,63538322,2026,E-Katalog 6.0,APBD,DONI APRIZAL,E-Purchasing,Barang,Belanja Alat/Bahan untuk Kegiatan Kantor-Bahan Komputer,ON PROCESS,555000,555000
KAB. KAUR,DINAS PENDIDIKAN DAN KEBUDAYAAN - 1.01.2.22.0.00.01.0000,01KQRRFFPZH1SN1WKETSZV9PRG,67048488,2026,E-Katalog 6.0,APBD,TAHIRIN,E-Purchasing,Barang,Belanja Alat/Bahan untuk Kegiatan Kantor- Kertas dan Cover,ON PROCESS,4494390,4494390
KAB. KAUR,DINAS PENDIDIKAN DAN KEBUDAYAAN - 1.01.2.22.0.00.01.0000,01KPDBNX5Y5X0NM07WDCJQ6BH8,65680711,2026,E-Katalog 6.0,APBD,DONI APRIZAL,E-Purchasing,Barang,Belanja Alat/Bahan untuk Kegiatan Kantor-Bahan Komputer,ON PROCESS,2097900,2097900
KAB. KAUR,DINAS PEMBERDAYAAN MASYARAKAT DAN DESA - 2.13.0.00.0.00.01.0000,01KPD77TRWA2R51JDMCPM3E640,62866169,2026,E-Katalog 6.0,APBD,FERDIYANSAH,E-Purchasing,Barang,Belanja Alat/Bahan untuk Kegiatan Kantor- Kertas dan Cover,ON PROCESS,377400,377400
KAB. KAUR,SEKRETARIAT DPRD - 4.02.0.00.0.00.01.0000,01KJEJZ1H7X6Z5C1MB5VJP9DXW,65712199,2026,E-Katalog 6.0,APBD,LINTAS MEDIA MANDIRI,E-Purchasing,Jasa Lainnya,"Beban Jasa Iklan/Reklame, Film, dan Pemotretan",ON PROCESS,1200000,1200000
KAB. KAUR,"DINAS KOMUNIKASI, INFORMATIKA, STATISTIK DAN PERSANDIAN - 2.16.2.20.2.21.01.0000",01KMPFYDWAWDG2NDWATZ73AZKC,63110052,2026,E-Katalog 6.0,APBD,RAJA SEMESTA RADAR KAUR,E-Purchasing,Barang,Belanja Langganan Jurnal/Surat Kabar/Majalah,ON PROCESS,32706000,32706000
KAB. KAUR,DINAS SATUAN POLISI PAMONG PRAJA - 1.05.0.00.0.00.01.0000,01KW11NVWJ1P0FNZF7N7DTHD5M,63538262,2026,E-Katalog 6.0,APBD,DONI APRIZAL,E-Purchasing,Barang,Belanja Alat/Bahan untuk Kegiatan Kantor-Alat Tulis Kantor,ON PROCESS,1724163,1724163
KAB. KAUR,DINAS SATUAN POLISI PAMONG PRAJA - 1.05.0.00.0.00.01.0000,01KW13MYY35JY11VNGAX25S2G0,63527111,2026,E-Katalog 6.0,APBD,DONI APRIZAL,E-Purchasing,Barang,Belanja Alat/Bahan untuk Kegiatan Kantor-Alat Tulis Kantor,ON PROCESS,1210233,1210233
KAB. KAUR,SEKRETARIAT DAERAH - 4.01.2.10.5.06.01.0000,01KQS6G0BEGGFMGER4Z5B8QN4J,67065779,2026,E-Katalog 6.0,APBD,AURORA ADVERTISING KAUR,E-Purchasing,Barang,Penyediaan dan Perlengkapan Kantor ,ON PROCESS,14985000,14985000
KAB. KAUR,SEKRETARIAT DPRD - 4.02.0.00.0.00.01.0000,01KJEG6CGJS6AFZVWSKZBE3H4V,65712196,2026,E-Katalog 6.0,APBD,SEMARAK BENGKULU PERMAI,E-Purchasing,Jasa Lainnya,-,ON PROCESS,15000000,15000000
KAB. KAUR,"DINAS PERUMAHAN, KAWASAN PERMUKIMAN DAN PERTANAHAN - 1.04.2.10.0.00.01.0000",01KS4D6E283M3PNPEYVYCB1FBF,62841728,2026,E-Katalog 6.0,APBD,TAHIRIN,E-Purchasing,Barang,Belanja Alat/Bahan untuk Kegiatan Kantor-Alat Tulis Kantor,ON PROCESS,1002219,1002219
KAB. KAUR,DINAS PEKERJAAN UMUM DAN PENATAAN RUANG - 1.03.0.00.0.00.01.0000,10840685000,65340655,2026,Non Tender,APBD,Jeli anggara,Pengadaan Langsung,Jasa Konsultansi Perorangan Konstruksi,Pengawasan Pembangunan Pagar Rumah Dinas Danlanal Linau tahun 2026,SELESAI,6993000,6993000
KAB. KAUR,"DINAS PERUMAHAN, KAWASAN PERMUKIMAN DAN PERTANAHAN - 1.04.2.10.0.00.01.0000",01KHWCGH7J0EF381S4K9M85FT6,62843425,2026,E-Katalog 6.0,APBD,TAHIRIN,E-Purchasing,Barang,Belanja Alat/Bahan untuk Kegiatan Kantor-Alat Tulis Kantor,ON PROCESS,460650,460650
KAB. KAUR,DINAS LINGKUNGAN HIDUP - 2.11.0.00.0.00.01.0000,01KPSYJ5Z8V66CYV7QCJDHSJ6F,63073604,2026,E-Katalog 6.0,APBD,ANISAH,E-Purchasing,Barang,Belanja Alat/Bahan untuk Kegiatan Kantor- Bahan Cetak,ON PROCESS,3105225,3105225
KAB. KAUR,"DINAS KOMUNIKASI, INFORMATIKA, STATISTIK DAN PERSANDIAN - 2.16.2.20.2.21.01.0000",01KRE8H076SGP4QGP3CP3DZV2B,66980049,2026,E-Katalog 6.0,APBD,PUTRA KINAL TUNGKU TIGA,E-Purchasing,Jasa Lainnya,"Belanja Jasa Iklan/Reklame, Film, dan Pemotretan",ON PROCESS,14985000,14985000
KAB. KAUR,"DINAS KOMUNIKASI, INFORMATIKA, STATISTIK DAN PERSANDIAN - 2.16.2.20.2.21.01.0000",01KRE7VT1E2898M88NRACZ9KTD,66980049,2026,E-Katalog 6.0,APBD,MEDIA BENGKULU EKSPRESS,E-Purchasing,Jasa Lainnya,"Belanja Jasa Iklan/Reklame, Film, dan Pemotretan",ON PROCESS,15000000,15000000
KAB. KAUR,DINAS KESEHATAN - 1.02.0.00.0.00.01.0000,01KQXHRGDQP5FDFCWFCXNPT9TY,66084182,2026,E-Katalog 6.0,APBD,FERDIYANSAH,E-Purchasing,Barang,Belanja Alat/Bahan untuk Kegiatan Kantor-Alat Tulis Kantor,ON PROCESS,4565985,4565985
KAB. KAUR,BADAN KESATUAN BANGSA DAN POLITIK - 8.01.0.00.0.00.01.0000,01KJS83P8QP5N1N49B9YJHC6Z2,63281646,2026,E-Katalog 6.0,APBD,DONI APRIZAL,E-Purchasing,Barang,Belanja Alat/Bahan untuk Kegiatan Kantor- Kertas dan Cover,ON PROCESS,333000,333000
KAB. KAUR,SEKRETARIAT DAERAH - 4.01.2.10.5.06.01.0000,01KJ70DN5MV44XW55FADW20M1K,65009120,2026,E-Katalog 6.0,APBD,PUTRI HANUM SAFITRI,E-Purchasing,Barang,Belanja Bahan-Bahan Baku,ON PROCESS,239891000,239891000
KAB. KAUR,"DINAS KOMUNIKASI, INFORMATIKA, STATISTIK DAN PERSANDIAN - 2.16.2.20.2.21.01.0000",01KJYDYWMCK9MB9MGQ0PSYKWGP,63109758,2026,E-Katalog 6.0,APBD,PERUSAHAAN PERSEROAN (PERSERO) PT. TELEKOMUNIKASI INDONESIA,E-Purchasing,Jasa Lainnya,Belanja Kawat/Faksimili/Internet/TV Berlangganan,ON PROCESS,1299999999,1299999999
KAB. KAUR,"DINAS KOMUNIKASI, INFORMATIKA, STATISTIK DAN PERSANDIAN - 2.16.2.20.2.21.01.0000",01KS758NT3TYQ252TYR8CYCSB8,66980049,2026,E-Katalog 6.0,APBD,MEDIA BENGKULU BERMARTABAT,E-Purchasing,Jasa Lainnya,"Belanja Jasa Iklan/Reklame, Film, dan Pemotretan",ON PROCESS,2400000,2400000
KAB. KAUR,"DINAS KOMUNIKASI, INFORMATIKA, STATISTIK DAN PERSANDIAN - 2.16.2.20.2.21.01.0000",01KJVW2PG1SFFC2Z5QCHAQDGEP,63111243,2026,E-Katalog 6.0,APBD,BIOVIO MEDIA INDONESIA,E-Purchasing,Jasa Lainnya,"Belanja Jasa Iklan/Reklame, Film, dan Pemotretan",ON PROCESS,3599730,3599730
KAB. KAUR,"DINAS KOMUNIKASI, INFORMATIKA, STATISTIK DAN PERSANDIAN - 2.16.2.20.2.21.01.0000",01KJVS82T3R18F6JT6PFS1K45M,63111243,2026,E-Katalog 6.0,APBD,PORTAL MUKOMUKO PERS,E-Purchasing,Jasa Lainnya,"Belanja Jasa Iklan/Reklame, Film, dan Pemotretan",ON PROCESS,3600000,3600000
KAB. KAUR,DINAS KESEHATAN - 1.02.0.00.0.00.01.0000,01KJPM5SAKV7T6VFEB1DCRTKYX,65865340,2026,E-Katalog 6.0,APBD,FERDIYANSAH,E-Purchasing,Barang,Belanja Alat/Bahan untuk Kegiatan Kantor-Alat Tulis Kantor,ON PROCESS,5904090,5904090
KAB. KAUR,RUMAH SAKIT UMUM DAERAH - 1.02.0.00.0.00.01.0001,01KG475QSDV2YJB1JKPVYQEW2H,64064399,2026,E-Katalog 6.0,APBD,BUMI INDAH PUTRA,E-Purchasing,Barang,Belanja Modal Alat Kedokteran Lainnya (Rawat Inap VIP dan KRIS),ON PROCESS,228438000,228438000
KAB. KAUR,"DINAS KOMUNIKASI, INFORMATIKA, STATISTIK DAN PERSANDIAN - 2.16.2.20.2.21.01.0000",01KT6AVJQC3YVF5CA7T9S8AEE5,66980049,2026,E-Katalog 6.0,APBD,MEEJA METRO UPDATE,E-Purchasing,Jasa Lainnya,"Belanja Jasa Iklan/Reklame, Film, dan Pemotretan",ON PROCESS,4800000,4800000
KAB. KAUR,"DINAS KOMUNIKASI, INFORMATIKA, STATISTIK DAN PERSANDIAN - 2.16.2.20.2.21.01.0000",01KKARXDYBHSM8VET7SRW4JB4C,63111243,2026,E-Katalog 6.0,APBD,HARIAN GLOBAL NUSANTARA,E-Purchasing,Jasa Lainnya,"Belanja Jasa Iklan/Reklame, Film, dan Pemotretan",ON PROCESS,2400000,2400000
KAB. KAUR,"DINAS KOMUNIKASI, INFORMATIKA, STATISTIK DAN PERSANDIAN - 2.16.2.20.2.21.01.0000",01KKASV8JA250HJR2E3ABBA0WN,63111243,2026,E-Katalog 6.0,APBD,RAKYAT INDEPENDEN MEDIA,E-Purchasing,Jasa Lainnya,"Belanja Jasa Iklan/Reklame, Film, dan Pemotretan",ON PROCESS,3600000,3600000
KAB. KAUR,"DINAS KOMUNIKASI, INFORMATIKA, STATISTIK DAN PERSANDIAN - 2.16.2.20.2.21.01.0000",01KK0YQV06Q9JEJWVEXMPFKRAF,63111243,2026,E-Katalog 6.0,APBD,MEDIA PARADIGMA JAYA,E-Purchasing,Jasa Lainnya,"Belanja Jasa Iklan/Reklame, Film, dan Pemotretan",ON PROCESS,3600000,3600000
KAB. KAUR,SEKRETARIAT DAERAH - 4.01.2.10.5.06.01.0000,01KPQAVGVN3W150GKPTAVHKDR5,66964095,2026,E-Katalog 6.0,APBD,RERUCA ENTERTAIMENT GROUP,E-Purchasing,Barang,BELANJA PENGADAAN PERALATAN DAN MESIN LAINNYA,ON PROCESS,1200000,1200000
KAB. KAUR,DINAS PARIWISATA - 3.26.0.00.0.00.01.0000,01KRFMT2BY399HQ30H7144WRFH,63716142,2026,E-Katalog 6.0,APBD,AZRA,E-Purchasing,Barang,Belanja Makanan dan Minuman Aktivitas Lapangan,ON PROCESS,16000000,16000000
KAB. KAUR,BADAN PENGELOLAAN KEUANGAN DAN ASET DAERAH - 5.02.0.00.0.00.01.0000,01KQP23PXE7YNWPXWK2D0YJAQ9,63620088,2026,E-Katalog 6.0,APBD,PERCETAKAN NEGARA RI,E-Purchasing,Barang,Bahan Cetak,ON PROCESS,9082497,9082497
KAB. KAUR,"DINAS KOMUNIKASI, INFORMATIKA, STATISTIK DAN PERSANDIAN - 2.16.2.20.2.21.01.0000",01KJSB6J0VPFD4X0QQM0GCFYFF,63111243,2026,E-Katalog 6.0,APBD,RIZKY PRATAMA MANDIRI KAUR,E-Purchasing,Jasa Lainnya,"Belanja Jasa Iklan/Reklame, Film, dan Pemotretan",ON PROCESS,3600000,3600000
KAB. KAUR,DINAS PARIWISATA - 3.26.0.00.0.00.01.0000,01KRZ1G5DC826N3FQN6CEWTPDS,63716140,2026,E-Katalog 6.0,APBD,PUTRI HANUM SAFITRI,E-Purchasing,Barang,Belanja Natura dan Pakan-Natura dan Pakan Lainnya,ON PROCESS,1860000,1860000
KAB. KAUR,SEKRETARIAT DPRD - 4.02.0.00.0.00.01.0000,01KS452V7S807TR6PZV9KFVMP9,65712199,2026,E-Katalog 6.0,APBD,MOHAGA RAJAWALI PERS,E-Purchasing,Jasa Lainnya,"Beban Jasa Iklan/Reklame, Film, dan Pemotretan",ON PROCESS,1200000,1200000
KAB. KAUR,DINAS KESEHATAN - 1.02.0.00.0.00.01.0000,01KPQ9E3T18021CVB7YNQ41WTE,66896413,2026,E-Katalog 6.0,APBD,YUNIAR HASTUTI,E-Purchasing,Barang," Belanja Makanan dan Minuman pada Fasilitas Pelayanan Urusan Kesehatan",ON PROCESS,10000000,10000000
KAB. KAUR,"DINAS KOMUNIKASI, INFORMATIKA, STATISTIK DAN PERSANDIAN - 2.16.2.20.2.21.01.0000",01KJSC7KS9RMMGVHKCJ4QM95TT,63111243,2026,E-Katalog 6.0,APBD,MEDIA CYBER BENGKULU,E-Purchasing,Jasa Lainnya,"Belanja Jasa Iklan/Reklame, Film, dan Pemotretan",ON PROCESS,3599730,3599730
KAB. KAUR,"DINAS KOMUNIKASI, INFORMATIKA, STATISTIK DAN PERSANDIAN - 2.16.2.20.2.21.01.0000",01KS24WS5PDR37R2DZ9CZVTEPK,66980049,2026,E-Katalog 6.0,APBD,YUSMAN,E-Purchasing,Jasa Lainnya,"Belanja Jasa Iklan/Reklame, Film, dan Pemotretan",ON PROCESS,2400000,2400000
KAB. KAUR,DINAS KESEHATAN - 1.02.0.00.0.00.01.0000,01KJPNR49DR5A257GG0RB1ZGNZ,65869550,2026,E-Katalog 6.0,APBD,FERDIYANSAH,E-Purchasing,Barang,Belanja Alat/Bahan untuk Kegiatan Kantor-Bahan Komputer,ON PROCESS,20279700,20279700
KAB. KAUR,"DINAS KOMUNIKASI, INFORMATIKA, STATISTIK DAN PERSANDIAN - 2.16.2.20.2.21.01.0000",01KG3ZWG8E0AZ86ZWZ2RF5JYNA,63110052,2026,E-Katalog 6.0,APBD,SEMARAK BENGKULU PERMAI,E-Purchasing,Barang,Belanja Langganan Jurnal/Surat Kabar/Majalah,ON PROCESS,37290672,37290672
KAB. KAUR,SEKRETARIAT DAERAH - 4.01.2.10.5.06.01.0000,01KQ7Q8S989CTTZAY5WJTXN5S0,66992629,2026,E-Katalog 6.0,APBD,RAJA SEMESTA RADAR KAUR,E-Purchasing,Barang,"Belanja Jasa Iklan/Reklame, Film, dan Pemotretan",ON PROCESS,197820000,197820000
KAB. KAUR,"DINAS PENGENDALIAN PENDUDUK, KELUARGA BERENCANA, PEMBERDAYAAN PEREMPUAN DAN PERLINDUNGAN ANAK - 2.08.2.14.0.00.01.0000",01KW13MWPGXK2EYH8A400JRA52,65003855,2026,E-Katalog 6.0,APBD,DONI APRIZAL,E-Purchasing,Barang,Belanja Alat/Bahan untuk Kegiatan Kantor- Kertas dan Cover,ON PROCESS,543900,543900
KAB. KAUR,DINAS KESEHATAN - 1.02.0.00.0.00.01.0000,01KWBNSMSJZT8JTFCQM3YACQPY,65934205,2026,E-Katalog 6.0,APBD,FERDIYANSAH,E-Purchasing,Barang,Belanja Alat/Bahan untuk Kegiatan Kantor-Alat Tulis Kantor,ON PROCESS,3470504,3470504
KAB. KAUR,DINAS PEMUDA DAN OLAHRAGA - 2.19.0.00.0.00.01.0000,01KQV7H5XN0FVGGFQ46TN0M4Y1,63593724,2026,E-Katalog 6.0,APBD,ANISAH,E-Purchasing,Barang,Belanja Alat/Bahan untuk Kegiatan Kantor-Perabot Kantor,ON PROCESS,497280,497280
KAB. KAUR,DINAS PEKERJAAN UMUM DAN PENATAAN RUANG - 1.03.0.00.0.00.01.0000,10890212000,66973879,2026,Non Tender,APBD,CV SINERGI KREATIF KONSULTAN,Pengadaan Langsung,Jasa Konsultansi Badan Usaha Konstruksi,"Pengawasan Pembangunan Gedung Arsip, Mes Pegawai, interior, rehab ruangan command center Kejaksaan",SELESAI,49617000,49617000
KAB. KAUR,DINAS SOSIAL - 1.06.0.00.0.00.01.0000,01KRWWJKSMNQK48FJCKYNNZZZG,66164569,2026,E-Katalog 6.0,APBD,TAHIRIN,E-Purchasing,Barang,Belanja Alat/Bahan untuk Kegiatan Kantor-Alat Tulis Kantor,ON PROCESS,1489509,1489509
KAB. KAUR,"DINAS KOMUNIKASI, INFORMATIKA, STATISTIK DAN PERSANDIAN - 2.16.2.20.2.21.01.0000",01KS22TT76F3M9YJNH5117B3C8,66980049,2026,E-Katalog 6.0,APBD,KARYA MUDA CYBER,E-Purchasing,Jasa Lainnya,"Belanja Jasa Iklan/Reklame, Film, dan Pemotretan",ON PROCESS,3600000,3600000
KAB. KAUR,BADAN KESATUAN BANGSA DAN POLITIK - 8.01.0.00.0.00.01.0000,01KJS8EE0Y00M5WA90HMKNH5KP,63281599,2026,E-Katalog 6.0,APBD,DONI APRIZAL,E-Purchasing,Barang,Belanja Alat/Bahan untuk Kegiatan Kantor- Kertas dan Cover,ON PROCESS,371850,371850
KAB. KAUR,DINAS PENDIDIKAN DAN KEBUDAYAAN - 1.01.2.22.0.00.01.0000,01KQP4XXXC3C89S5R8Y8PG085V,64492405,2026,E-Katalog 6.0,APBD,TAHIRIN,E-Purchasing,Barang,Belanja Alat/Bahan untuk Kegiatan Kantor- Kertas dan Cover,ON PROCESS,1443000,1443000
KAB. KAUR,"DINAS PERUMAHAN, KAWASAN PERMUKIMAN DAN PERTANAHAN - 1.04.2.10.0.00.01.0000",01KHQ7YJ19FPHM9BFCKA3VSAG5,62841728,2026,E-Katalog 6.0,APBD,TAHIRIN,E-Purchasing,Barang,Belanja Alat/Bahan untuk Kegiatan Kantor-Alat Tulis Kantor,ON PROCESS,926850,926850
KAB. KAUR,DINAS PARIWISATA - 3.26.0.00.0.00.01.0000,01KSHHCZHB58ZN0PWDKYVXY1E1,63716153,2026,E-Katalog 6.0,APBD,PRIA SAKTI PERKASA,E-Purchasing,Jasa Lainnya,"Belanja Jasa Iklan/Reklame, Film, dan Pemotretan",ON PROCESS,2220000,2220000
KAB. KAUR,RUMAH SAKIT UMUM DAERAH - 1.02.0.00.0.00.01.0001,01KPMSZ66KNYPGM3EV5WJ39PV7,63895690,2026,E-Katalog 6.0,BLUD,TIGA RODA ALKESINDO,E-Purchasing,Barang,Belanja Barang dan Jasa BLUD,ON PROCESS,27199440,27199440
KAB. KAUR,"DINAS KOMUNIKASI, INFORMATIKA, STATISTIK DAN PERSANDIAN - 2.16.2.20.2.21.01.0000",01KS700HPFGT7XKD7Y7VEGNV0R,66980049,2026,E-Katalog 6.0,APBD,MEDIA SKALA ONLINEKOE,E-Purchasing,Jasa Lainnya,"Belanja Jasa Iklan/Reklame, Film, dan Pemotretan",ON PROCESS,2400000,2400000
KAB. KAUR,"DINAS KOMUNIKASI, INFORMATIKA, STATISTIK DAN PERSANDIAN - 2.16.2.20.2.21.01.0000",01KPVZMJC0P1CBR2XXES751WEH,66980049,2026,E-Katalog 6.0,APBD,RAJA SEMESTA RADAR KAUR,E-Purchasing,Jasa Lainnya,"Belanja Jasa Iklan/Reklame, Film, dan Pemotretan",ON PROCESS,11000000,11000000
KAB. KAUR,"DINAS KOMUNIKASI, INFORMATIKA, STATISTIK DAN PERSANDIAN - 2.16.2.20.2.21.01.0000",01KT6B5DD6SG763J30NQ12CZY4,66980049,2026,E-Katalog 6.0,APBD,PERINTIS WAWASAN PERSADA CYBER,E-Purchasing,Jasa Lainnya,"Belanja Jasa Iklan/Reklame, Film, dan Pemotretan",ON PROCESS,1200000,1200000
KAB. KAUR,SEKRETARIAT DPRD - 4.02.0.00.0.00.01.0000,01KKJYX74GQEVHBVYX32NZSC8J,65712199,2026,E-Katalog 6.0,APBD,MEDIA BENGKULU ONLINE SUKSES,E-Purchasing,Jasa Lainnya,"Beban Jasa Iklan/Reklame, Film, dan Pemotretan",ON PROCESS,1200000,1200000
KAB. KAUR,SEKRETARIAT DPRD - 4.02.0.00.0.00.01.0000,01KJXVF0NQNE8JSCNWG2M26V8D,65712199,2026,E-Katalog 6.0,APBD,TEGAR KUPAS MEDIATAMA,E-Purchasing,Jasa Lainnya,"Beban Jasa Iklan/Reklame, Film, dan Pemotretan",ON PROCESS,1199910,1199910
KAB. KAUR,RUMAH SAKIT UMUM DAERAH - 1.02.0.00.0.00.01.0001,01KH65GNJM5DJ76E5DD9CRJV8W,63313451,2026,E-Katalog 6.0,APBD,SATORIA ANEKA INDUSTRI,E-Purchasing,Barang,Belanja Obat-Obatan-Obat-Obatan Lainnya (Belanja Obat-Obatan) ,ON PROCESS,141693165,141693165
KAB. KAUR,DINAS PERPUSTAKAAN DAN KEARSIPAN - 2.23.2.24.0.00.01.0000,01KTR4GVTN7C70K75E5ERVJ22N,63395309,2026,E-Katalog 6.0,APBD,MESI YULIANA,E-Purchasing,Barang,Belanja Makanan dan Minuman Aktivitas Lapangan,ON PROCESS,5180000,5180000
KAB. KAUR,DINAS LINGKUNGAN HIDUP - 2.11.0.00.0.00.01.0000,01KRFH3E7NR6GV6RHA40H98HRY,63068552,2026,E-Katalog 6.0,APBD,FERDIYANSAH,E-Purchasing,Barang,Belanja Alat/Bahan untuk Kegiatan Kantor-Alat Tulis Kantor,ON PROCESS,4936214,4936214
KAB. KAUR,"DINAS PENGENDALIAN PENDUDUK, KELUARGA BERENCANA, PEMBERDAYAAN PEREMPUAN DAN PERLINDUNGAN ANAK - 2.08.2.14.0.00.01.0000",01KKDTB5MM52X3ZSC493AD6FNX,64993921,2026,E-Katalog 6.0,APBD,FERDIYANSAH,E-Purchasing,Barang,Belanja Alat/Bahan untuk Kegiatan Kantor-Bahan Komputer,ON PROCESS,632700,632700
KAB. KAUR,DINAS PEKERJAAN UMUM DAN PENATAAN RUANG - 1.03.0.00.0.00.01.0000,10800619000,65340622,2026,Non Tender,APBD,Iqbal Tri Julianda,Pengadaan Langsung,Jasa Konsultansi Perorangan Konstruksi,Perencanaan Pembangunan Pagar Rumah Dinas Danlanal Linau tahun 2026,SELESAI,9880908,9880908
KAB. KAUR,DINAS PARIWISATA - 3.26.0.00.0.00.01.0000,01KS7J0YB5SX1GESDA793VMHR5,63716153,2026,E-Katalog 6.0,APBD,DIGITAL MEDIA INFORMATIF,E-Purchasing,Jasa Lainnya,"Belanja Jasa Iklan/Reklame, Film, dan Pemotretan",ON PROCESS,1110000,1110000
KAB. KAUR,"DINAS KOMUNIKASI, INFORMATIKA, STATISTIK DAN PERSANDIAN - 2.16.2.20.2.21.01.0000",01KS250QF1JC2DJC2BK44ZRTNK,66980049,2026,E-Katalog 6.0,APBD,MOHAGA RAJAWALI PERS,E-Purchasing,Jasa Lainnya,"Belanja Jasa Iklan/Reklame, Film, dan Pemotretan",ON PROCESS,3600000,3600000
KAB. KAUR,SEKRETARIAT DPRD - 4.02.0.00.0.00.01.0000,01KJXV45CW2TN97WP8YVA3Z2NP,65712199,2026,E-Katalog 6.0,APBD,INDONESIA MONITORING NEWS,E-Purchasing,Jasa Lainnya,"Beban Jasa Iklan/Reklame, Film, dan Pemotretan",ON PROCESS,1199910,1199910
KAB. KAUR,DINAS PEMBERDAYAAN MASYARAKAT DAN DESA - 2.13.0.00.0.00.01.0000,01KVPYYPGQNBNCDX87Z1ERY22F,62867143,2026,E-Katalog 6.0,APBD,RONI,E-Purchasing,Barang,Belanja Makanan dan Minuman Aktivitas Lapangan,ON PROCESS,11400000,11400000
KAB. KAUR,SEKRETARIAT DAERAH - 4.01.2.10.5.06.01.0000,01KPA37W7R44SS0MYZAZS261FX,63532097,2026,E-Katalog 6.0,APBD,BIRU TEKNOLOGI MULTIMEDIA,E-Purchasing,Barang,Belanja Modal Personal Computer,PAYMENT OUTSIDE SYSTEM,117715500,117715500
KAB. KAUR,BADAN PENGELOLAAN KEUANGAN DAN ASET DAERAH - 5.02.0.00.0.00.01.0000,01KHSSGWX0MHX37411NF27VXPA,63507369,2026,E-Katalog 6.0,APBD,MEDIA JAYA KOMPUTER,E-Purchasing,Barang,Laptop,ON PROCESS,107998560,107998560
KAB. KAUR,"DINAS KOMUNIKASI, INFORMATIKA, STATISTIK DAN PERSANDIAN - 2.16.2.20.2.21.01.0000",01KS6ZK9DJA5CGKAFTJBMKGYWT,66980049,2026,E-Katalog 6.0,APBD,BENGKULU NEWS ONLINE,E-Purchasing,Jasa Lainnya,"Belanja Jasa Iklan/Reklame, Film, dan Pemotretan",ON PROCESS,1200000,1200000
KAB. KAUR,"DINAS KOMUNIKASI, INFORMATIKA, STATISTIK DAN PERSANDIAN - 2.16.2.20.2.21.01.0000",01KK0Y5TDWW0PNEVHETGW7P8PP,63111243,2026,E-Katalog 6.0,APBD,ERADIGITAL INDONESIA CERDAS,E-Purchasing,Jasa Lainnya,"Belanja Jasa Iklan/Reklame, Film, dan Pemotretan",ON PROCESS,3599730,3599730
KAB. KAUR,"DINAS KOMUNIKASI, INFORMATIKA, STATISTIK DAN PERSANDIAN - 2.16.2.20.2.21.01.0000",01KQE221EG3FHJHXTCXPY9PE38,66980049,2026,E-Katalog 6.0,APBD,SEMARAK BENGKULU PERMAI,E-Purchasing,Jasa Lainnya,"Belanja Jasa Iklan/Reklame, Film, dan Pemotretan",ON PROCESS,12000000,12000000
KAB. KAUR,SEKRETARIAT DPRD - 4.02.0.00.0.00.01.0000,01KJXX4JHNPYHV59SSSQ9CV6GC,65712199,2026,E-Katalog 6.0,APBD,GLOBAL SANTOSO PERDANA,E-Purchasing,Jasa Lainnya,"Beban Jasa Iklan/Reklame, Film, dan Pemotretan",ON PROCESS,1200000,1200000
KAB. KAUR,DINAS PEKERJAAN UMUM DAN PENATAAN RUANG - 1.03.0.00.0.00.01.0000,10882461000,67178255,2026,Non Tender,APBD,ARTHA DUTA PRATAMA,Pengadaan Langsung,Pekerjaan Konstruksi,Pekerjaan Interior Ruangan Kepala Kejaksaan Negeri Kaur,SELESAI,198507392,198507392
KAB. KAUR,DINAS PEKERJAAN UMUM DAN PENATAAN RUANG - 1.03.0.00.0.00.01.0000,01KKAV9TRJDJZ1M321EAWD959E,65012679,2026,E-Katalog 6.0,APBD,TAHIRIN,E-Purchasing,Barang,Belanja Alat/Bahan untuk Kegiatan Kantor-Bahan Komputer,ON PROCESS,777000,777000
KAB. KAUR,SEKRETARIAT DAERAH - 4.01.2.10.5.06.01.0000,01KR2TESN5P2D16SB0Q8A8C148,63482547,2026,E-Katalog 6.0,APBD,ELVI ARMA YUNITA,E-Purchasing,Barang,Belanja Makanan dan Minuman Aktivitas Lapangan,ON PROCESS,45300000,45300000
KAB. KAUR,"DINAS PENGENDALIAN PENDUDUK, KELUARGA BERENCANA, PEMBERDAYAAN PEREMPUAN DAN PERLINDUNGAN ANAK - 2.08.2.14.0.00.01.0000",01KKDXJMCZCEAK6EEBYEN0B0QV,64994935,2026,E-Katalog 6.0,APBD,YUNIAR HASTUTI,E-Purchasing,Barang,Belanja Makanan dan Minuman Aktivitas Lapangan,ON PROCESS,39715800,39715800
KAB. KAUR,"DINAS KOMUNIKASI, INFORMATIKA, STATISTIK DAN PERSANDIAN - 2.16.2.20.2.21.01.0000",01KJRZ3CAAPPAJWZPMTS7EQQW2,63111243,2026,E-Katalog 6.0,APBD,TIRTAPOS MEDIA GRUP,E-Purchasing,Jasa Lainnya,"Belanja Jasa Iklan/Reklame, Film, dan Pemotretan",ON PROCESS,3600000,3600000
KAB. KAUR,DINAS PEKERJAAN UMUM DAN PENATAAN RUANG - 1.03.0.00.0.00.01.0000,01KK8CF3MHA8XKXQ56PXK1JFGT,65012858,2026,E-Katalog 6.0,APBD,FERDIYANSAH,E-Purchasing,Barang,Belanja Alat/Bahan untuk Kegiatan Kantor-Bahan Komputer,ON PROCESS,777000,777000
KAB. KAUR,"DINAS KOMUNIKASI, INFORMATIKA, STATISTIK DAN PERSANDIAN - 2.16.2.20.2.21.01.0000",01KS6XS4EB6E2A4TWEVV7NQB6N,66980049,2026,E-Katalog 6.0,APBD,PEWARTA GROUP MEDIA NUSANTARA,E-Purchasing,Jasa Lainnya,"Belanja Jasa Iklan/Reklame, Film, dan Pemotretan",ON PROCESS,2400000,2400000
KAB. KAUR,"DINAS KOMUNIKASI, INFORMATIKA, STATISTIK DAN PERSANDIAN - 2.16.2.20.2.21.01.0000",01KS1NJA85F137RCGA6WF8XV6V,66980049,2026,E-Katalog 6.0,APBD,MEDIA TERNAMA JAYA,E-Purchasing,Jasa Lainnya,"Belanja Jasa Iklan/Reklame, Film, dan Pemotretan",ON PROCESS,3600000,3600000
KAB. KAUR,"DINAS KOMUNIKASI, INFORMATIKA, STATISTIK DAN PERSANDIAN - 2.16.2.20.2.21.01.0000",01KS284015111442WAEM6Z4WFF,66980049,2026,E-Katalog 6.0,APBD,SEMARAK BENGKULU PERMAI,E-Purchasing,Jasa Lainnya,"Belanja Jasa Iklan/Reklame, Film, dan Pemotretan",ON PROCESS,27500000,27500000
KAB. KAUR,DINAS PENDIDIKAN DAN KEBUDAYAAN - 1.01.2.22.0.00.01.0000,01KQEBNNPYVPS5QRVPE8X91W71,65666251,2026,E-Katalog 6.0,APBD,DONI APRIZAL,E-Purchasing,Barang,Belanja Alat/Bahan untuk Kegiatan Kantor-Bahan Komputer,ON PROCESS,1776000,1776000
KAB. KAUR,DINAS PENDIDIKAN DAN KEBUDAYAAN - 1.01.2.22.0.00.01.0000,01KV4WWS9VDCYNP701TBX75346,67239482,2026,E-Katalog 6.0,APBD,TAHIRIN,E-Purchasing,Barang,Belanja Alat/Bahan untuk Kegiatan Kantor-Alat Tulis Kantor,ON PROCESS,2615715,2615715
KAB. KAUR,SEKRETARIAT DPRD - 4.02.0.00.0.00.01.0000,01KTNP29AGAH92VF4FS26AGZDT,65712199,2026,E-Katalog 6.0,APBD,SELATAN IBU PERTIWI,E-Purchasing,Jasa Lainnya,"Beban Jasa Iklan/Reklame, Film, dan Pemotretan",ON PROCESS,1200000,1200000
KAB. KAUR,"DINAS PENGENDALIAN PENDUDUK, KELUARGA BERENCANA, PEMBERDAYAAN PEREMPUAN DAN PERLINDUNGAN ANAK - 2.08.2.14.0.00.01.0000",01KNGNJKZHTS2QW5J4FJ4PQ0NC,64999055,2026,E-Katalog 6.0,APBD,DONI APRIZAL,E-Purchasing,Barang,Belanja Suku Cadang-Suku Cadang Alat Kedokteran,ON PROCESS,53280,53280
KAB. KAUR,DINAS PARIWISATA - 3.26.0.00.0.00.01.0000,01KQ9MKBSZ3MQE3KHAXY719X7C,63611380,2026,E-Katalog 6.0,APBD,DESI NOVITA SARI,E-Purchasing,Barang,Belanja Makanan dan Minuman Aktivitas Lapangan,ON PROCESS,374625,374625
KAB. KAUR,"DINAS KOMUNIKASI, INFORMATIKA, STATISTIK DAN PERSANDIAN - 2.16.2.20.2.21.01.0000",01KS291EC9BP70N47FA02A64FK,63111242,2026,E-Katalog 6.0,APBD,MEDIA SARANA TELEVISI BENGKULU,E-Purchasing,Jasa Lainnya,Belanja Jasa Tenaga Informasi dan Teknologi,ON PROCESS,25000000,25000000
KAB. KAUR,DINAS PEKERJAAN UMUM DAN PENATAAN RUANG - 1.03.0.00.0.00.01.0000,01KKCWSARAA0DGGBEJ29HA9C69,65117208,2026,E-Katalog 6.0,APBD,FERDIYANSAH,E-Purchasing,Barang,Belanja Alat/Bahan untuk Kegiatan Kantor-Bahan Komputer,PAYMENT OUTSIDE SYSTEM,216450,216450
KAB. KAUR,RUMAH SAKIT UMUM DAERAH - 1.02.0.00.0.00.01.0001,01KJ9TWFV3PWCEPJ2CWEVX7Q05,63313451,2026,E-Katalog 6.0,APBD,PRATAPA NIRMALA,E-Purchasing,Barang,Belanja Obat-Obatan-Obat-Obatan Lainnya (Belanja Obat-Obatan) ,ON PROCESS,12573747,12573747
KAB. KAUR,DINAS KESEHATAN - 1.02.0.00.0.00.01.0000,01KQHERYVMP7GT9PN03EDHHZAY,66084183,2026,E-Katalog 6.0,APBD,LIMA MITRA ANDALAN,E-Purchasing,Barang,Belanja Obat-Obatan-Obat-Obatan Lainnya,ON PROCESS,240199628,0
KAB. KAUR,"DINAS KOMUNIKASI, INFORMATIKA, STATISTIK DAN PERSANDIAN - 2.16.2.20.2.21.01.0000",01KJBZWF9JCT9N68FKN4TVG7JW,63111243,2026,E-Katalog 6.0,APBD,INFO MEDIA USEL,E-Purchasing,Jasa Lainnya,"Belanja Jasa Iklan/Reklame, Film, dan Pemotretan",ON PROCESS,3599730,3599730
KAB. KAUR,DINAS PENDIDIKAN DAN KEBUDAYAAN - 1.01.2.22.0.00.01.0000,01KR39V60C8BGRH38TM15KJBEC,65802854,2026,E-Katalog 6.0,APBD,DONI APRIZAL,E-Purchasing,Barang,Belanja Alat/Bahan untuk Kegiatan Kantor-Perabot Kantor,ON PROCESS,7521360,7521360
KAB. KAUR,"BADAN PERENCANAAN PEMBANGUNAN, RISET DAN INOVASI DAERAH - 5.01.5.05.0.00.01.0000",01KGSJ32EY0C70F844VEGFJ9X1,65227884,2026,E-Katalog 6.0,APBD,YENA AGUSTIN,E-Purchasing,Barang,Belanja Makanan dan Minuman Rapat,ON PROCESS,5472300,5472300
KAB. KAUR,SEKRETARIAT DPRD - 4.02.0.00.0.00.01.0000,01KJP4PVZ0JRF9FWZXBTZMH7CF,65712199,2026,E-Katalog 6.0,APBD,MEDIA PATRIOT NASIONAL,E-Purchasing,Jasa Lainnya,"Beban Jasa Iklan/Reklame, Film, dan Pemotretan",ON PROCESS,1200000,1200000
KAB. KAUR,SEKRETARIAT DAERAH - 4.01.2.10.5.06.01.0000,01KQBNCGXERAJT4FBV71T1G6ZP,63482547,2026,E-Katalog 6.0,APBD,ELVI ARMA YUNITA,E-Purchasing,Barang,Belanja Makanan dan Minuman Aktivitas Lapangan,ON PROCESS,1221000,1221000
KAB. KAUR,DINAS PEMBERDAYAAN MASYARAKAT DAN DESA - 2.13.0.00.0.00.01.0000,01KW98E1CEC5BCBD7K6JPWJFVF,62867145,2026,E-Katalog 6.0,APBD,DONI APRIZAL,E-Purchasing,Barang,Belanja Alat/Bahan untuk Kegiatan Kantor- Bahan Cetak,ON PROCESS,3940500,3940500
KAB. KAUR,DINAS PERPUSTAKAAN DAN KEARSIPAN - 2.23.2.24.0.00.01.0000,01KTNK3ZA25RKBRQHMXRC9XBTW,63395598,2026,E-Katalog 6.0,APBD,MESI YULIANA,E-Purchasing,Barang,Belanja Makanan dan Minuman Aktivitas Lapangan,ON PROCESS,5180000,5180000
KAB. KAUR,"DINAS KOMUNIKASI, INFORMATIKA, STATISTIK DAN PERSANDIAN - 2.16.2.20.2.21.01.0000",01KJVWPHAF7GJZ3VB45NX7VV44,63111243,2026,E-Katalog 6.0,APBD,MEDIA BENGKULU BERMARTABAT,E-Purchasing,Jasa Lainnya,"Belanja Jasa Iklan/Reklame, Film, dan Pemotretan",ON PROCESS,3600000,3600000
KAB. KAUR,DINAS PEKERJAAN UMUM DAN PENATAAN RUANG - 1.03.0.00.0.00.01.0000,01KKHVZ81M0CJH9MHD8E42NWS7,65564662,2026,E-Katalog 6.0,APBD,FERDIYANSAH,E-Purchasing,Barang,Belanja Alat/Bahan untuk Kegiatan Kantor-Alat Tulis Kantor,ON PROCESS,3719166,3719166
KAB. KAUR,"DINAS KOMUNIKASI, INFORMATIKA, STATISTIK DAN PERSANDIAN - 2.16.2.20.2.21.01.0000",01KS713WJB22GP0BA9N97HJ62D,66980049,2026,E-Katalog 6.0,APBD,HAVIF DAFFA CYBER,E-Purchasing,Jasa Lainnya,"Belanja Jasa Iklan/Reklame, Film, dan Pemotretan",ON PROCESS,1200000,1200000
KAB. KAUR,BADAN PENGELOLAAN KEUANGAN DAN ASET DAERAH - 5.02.0.00.0.00.01.0000,01KV578TSJFFAYQB2Z56B6872A,67226920,2026,E-Katalog 6.0,APBD,BUDIANTO,E-Purchasing,Barang,Belanja Makanan dan Minuman Aktivitas Lapangan,ON PROCESS,9256290,9256290
KAB. KAUR,DINAS SATUAN POLISI PAMONG PRAJA - 1.05.0.00.0.00.01.0000,01KW902SD4E00GCH4QCRE1C53B,63527112,2026,E-Katalog 6.0,APBD,DONI APRIZAL,E-Purchasing,Barang,Belanja Alat/Bahan untuk Kegiatan Kantor-Bahan Komputer,ON PROCESS,271950,271950
KAB. KAUR,"DINAS PENGENDALIAN PENDUDUK, KELUARGA BERENCANA, PEMBERDAYAAN PEREMPUAN DAN PERLINDUNGAN ANAK - 2.08.2.14.0.00.01.0000",01KKDQKDTP3WQAZ1M6M8R70KCQ,64997669,2026,E-Katalog 6.0,APBD,DONI APRIZAL,E-Purchasing,Barang,Belanja Alat/Bahan untuk Kegiatan Kantor-Alat Tulis Kantor,ON PROCESS,8797860,8797860
KAB. KAUR,"DINAS PENGENDALIAN PENDUDUK, KELUARGA BERENCANA, PEMBERDAYAAN PEREMPUAN DAN PERLINDUNGAN ANAK - 2.08.2.14.0.00.01.0000",01KW13XKYB0EVY5S3F3YTV9KX7,65003856,2026,E-Katalog 6.0,APBD,DONI APRIZAL,E-Purchasing,Barang,Belanja Alat/Bahan untuk Kegiatan Kantor- Bahan Cetak,ON PROCESS,750360,750360
KAB. KAUR,DINAS PENDIDIKAN DAN KEBUDAYAAN - 1.01.2.22.0.00.01.0000,01KS79RVDZ713QYZYWHET5B14N,65802856,2026,E-Katalog 6.0,APBD,Taufik Hidayat ,E-Purchasing,Barang,Belanja Alat/Bahan untuk Kegiatan Kantor- Perlengkapan Pendukung Olahraga,ON PROCESS,17584000,17584000
KAB. KAUR,DINAS PEMBERDAYAAN MASYARAKAT DAN DESA - 2.13.0.00.0.00.01.0000,01KS1R0G51Z3CZW331PVTKMMF1,62867143,2026,E-Katalog 6.0,APBD,RONI,E-Purchasing,Barang,Belanja Makanan dan Minuman Aktivitas Lapangan,ON PROCESS,99900,99900
KAB. KAUR,DINAS PARIWISATA - 3.26.0.00.0.00.01.0000,01KJY4758XM8KQ9MXJ43W351J9,63716143,2026,E-Katalog 6.0,APBD,ANISAH,E-Purchasing,Barang,Belanja Hadiah yang Bersifat Perlombaan,ON PROCESS,5994000,5994000
KAB. KAUR,"DINAS KOMUNIKASI, INFORMATIKA, STATISTIK DAN PERSANDIAN - 2.16.2.20.2.21.01.0000",01KS6YD03QVKTY9J7PZXW9P4TW,66980049,2026,E-Katalog 6.0,APBD,TIRTAPOS MEDIA GRUP,E-Purchasing,Jasa Lainnya,"Belanja Jasa Iklan/Reklame, Film, dan Pemotretan",ON PROCESS,1200000,1200000
KAB. KAUR,"DINAS KOMUNIKASI, INFORMATIKA, STATISTIK DAN PERSANDIAN - 2.16.2.20.2.21.01.0000",01KJVRKS7HZYJVADVSRY58HGEX,63111243,2026,E-Katalog 6.0,APBD,TOTABUAN PERS INDONESIA,E-Purchasing,Jasa Lainnya,"Belanja Jasa Iklan/Reklame, Film, dan Pemotretan",ON PROCESS,3599730,3599730
KAB. KAUR,RUMAH SAKIT UMUM DAERAH - 1.02.0.00.0.00.01.0001,10861137000,64604439,2026,Non Tender,APBD,CV. REKAYASA CIPTA PRIMA CONSULTAN,Pengadaan Langsung,Jasa Konsultansi Badan Usaha Konstruksi,Beban Jasa Konsultansi Pengawasan Rekayasa-Jasa Pengawas Pekerjaan Konstruksi Bangunan Gedung Spesifikasi : Jasa Konsultansi Pengawasan Gedung Rawat Inap Bedah RSUD Kaur,SELESAI,17832150,17832150
KAB. KAUR,DINAS PARIWISATA - 3.26.0.00.0.00.01.0000,01KS20BF4RNNKQ24HPW82QX1CX,63716147,2026,E-Katalog 6.0,APBD,FERDIYANSAH,E-Purchasing,Barang,Belanja Alat/Bahan untuk Kegiatan Kantor-Perabot Kantor,ON PROCESS,1820400,1820400
KAB. KAUR,SEKRETARIAT DPRD - 4.02.0.00.0.00.01.0000,01KS4A4TWTE14NF2NP4D7WCGAK,65712199,2026,E-Katalog 6.0,APBD,BENGKULU NETWORK MEDIATAMA,E-Purchasing,Jasa Lainnya,"Beban Jasa Iklan/Reklame, Film, dan Pemotretan",ON PROCESS,1200000,1200000
KAB. KAUR,"DINAS KOMUNIKASI, INFORMATIKA, STATISTIK DAN PERSANDIAN - 2.16.2.20.2.21.01.0000",01KJC0XQ8ZYW960CPQ4ZEPFNDY,63111243,2026,E-Katalog 6.0,APBD,WAHANA KAUR MEDIA SEJAHTERA,E-Purchasing,Jasa Lainnya,"Belanja Jasa Iklan/Reklame, Film, dan Pemotretan",ON PROCESS,3600000,3600000
KAB. KAUR,DINAS KESEHATAN - 1.02.0.00.0.00.01.0000,01KWBKA8EV43SHWCZSSQG7GYF5,66144110,2026,E-Katalog 6.0,APBD,FERDIYANSAH,E-Purchasing,Barang,Belanja Alat/Bahan untuk Kegiatan Kantor-Alat Tulis Kantor,ON PROCESS,4583146,4583146
KAB. KAUR,"DINAS KOMUNIKASI, INFORMATIKA, STATISTIK DAN PERSANDIAN - 2.16.2.20.2.21.01.0000",01KJPRQ25N3PHPY1PY98TBFQ24,63111243,2026,E-Katalog 6.0,APBD,INDONESIA MONITORING NEWS,E-Purchasing,Jasa Lainnya,"Belanja Jasa Iklan/Reklame, Film, dan Pemotretan",ON PROCESS,7199460,7199460
KAB. KAUR,"DINAS KOMUNIKASI, INFORMATIKA, STATISTIK DAN PERSANDIAN - 2.16.2.20.2.21.01.0000",01KS76087CARC1EHJCZ413CTN6,66980049,2026,E-Katalog 6.0,APBD,IKO BENGKULU MEDIATAMA,E-Purchasing,Jasa Lainnya,"Belanja Jasa Iklan/Reklame, Film, dan Pemotretan",ON PROCESS,2400000,2400000
KAB. KAUR,"DINAS KOMUNIKASI, INFORMATIKA, STATISTIK DAN PERSANDIAN - 2.16.2.20.2.21.01.0000",01KJCB6G212QTZ4SKTFRXE4EP8,63111243,2026,E-Katalog 6.0,APBD,MENGGALA MEDIA GLOBAL,E-Purchasing,Jasa Lainnya,"Belanja Jasa Iklan/Reklame, Film, dan Pemotretan",ON PROCESS,3600000,3600000
KAB. KAUR,DINAS PERPUSTAKAAN DAN KEARSIPAN - 2.23.2.24.0.00.01.0000,01KQ9GJB9PH3EJGW1YG3R92P5K,63395124,2026,E-Katalog 6.0,APBD,ANISAH,E-Purchasing,Barang,Belanja Alat/Bahan untuk Kegiatan Kantor- Bahan Cetak,ON PROCESS,999000,999000
KAB. KAUR,"DINAS KOMUNIKASI, INFORMATIKA, STATISTIK DAN PERSANDIAN - 2.16.2.20.2.21.01.0000",01KS25QGDD2JX1G90C1KZB0W8R,66980049,2026,E-Katalog 6.0,APBD,KONTRAS MEDIA GRUP,E-Purchasing,Jasa Lainnya,"Belanja Jasa Iklan/Reklame, Film, dan Pemotretan",ON PROCESS,2400000,2400000
KAB. KAUR,DINAS PERPUSTAKAAN DAN KEARSIPAN - 2.23.2.24.0.00.01.0000,01KTR3JRGWKJN6G9KRJACPQFM9,63395306,2026,E-Katalog 6.0,APBD,DONI APRIZAL,E-Purchasing,Barang,Belanja Alat/Bahan untuk Kegiatan Kantor- Kertas dan Cover,ON PROCESS,826950,826950
KAB. KAUR,"DINAS PENGENDALIAN PENDUDUK, KELUARGA BERENCANA, PEMBERDAYAAN PEREMPUAN DAN PERLINDUNGAN ANAK - 2.08.2.14.0.00.01.0000",01KMQ5PPZFHV56PB0RNH93RYMY,64792139,2026,E-Katalog 6.0,APBD,DONI APRIZAL,E-Purchasing,Barang,Belanja Alat/Bahan untuk Kegiatan Kantor-Alat Tulis Kantor,ON PROCESS,739926,739926
KAB. KAUR,DINAS PERPUSTAKAAN DAN KEARSIPAN - 2.23.2.24.0.00.01.0000,01KQ905ZP51462YAFTWXY3R5NH,63395739,2026,E-Katalog 6.0,APBD,ANISAH,E-Purchasing,Barang,Belanja Alat/Bahan untuk Kegiatan Kantor- Bahan Cetak,ON PROCESS,555000,555000
KAB. KAUR,DINAS PENDIDIKAN DAN KEBUDAYAAN - 1.01.2.22.0.00.01.0000,01KQ9N3F6R887KFS01MFJYWYE5,65666567,2026,E-Katalog 6.0,APBD,DONI APRIZAL,E-Purchasing,Barang,Belanja Alat/Bahan untuk Kegiatan Kantor-Alat Tulis Kantor,ON PROCESS,3591960,3591960
KAB. KAUR,"DINAS PERUMAHAN, KAWASAN PERMUKIMAN DAN PERTANAHAN - 1.04.2.10.0.00.01.0000",01KJCEF78VR2DEXCBVAR31KF2K,62861643,2026,E-Katalog 6.0,APBD,KINAL WIJAYA SAKTI,E-Purchasing,Barang,Belanja Rekening Penerangan Jalan Umum,ON PROCESS,335159505,335159505
KAB. KAUR,DINAS KESEHATAN - 1.02.0.00.0.00.01.0000,01KNV1EF2R7RX5Y835771FB0N0,65869561,2026,E-Katalog 6.0,APBD,BUMI INDAH PUTRA,E-Purchasing,Barang,Belanja Modal Kendaraan Bermotor Khusus,ON PROCESS,448440000,448440000
KAB. KAUR,DINAS PERPUSTAKAAN DAN KEARSIPAN - 2.23.2.24.0.00.01.0000,01KTNR2KMKFSC2C8GMYTS6DR19,63395835,2026,E-Katalog 6.0,APBD,DONI APRIZAL,E-Purchasing,Barang,Belanja Alat/Bahan untuk Kegiatan Kantor- Kertas dan Cover,ON PROCESS,321900,321900
KAB. KAUR,RUMAH SAKIT UMUM DAERAH - 1.02.0.00.0.00.01.0001,01KF4X79FECV72PRP0BFB8X8DP,63313451,2026,E-Katalog 6.0,APBD,SATORIA ANEKA INDUSTRI,E-Purchasing,Barang,Belanja Obat-Obatan-Obat-Obatan Lainnya (Belanja Obat-Obatan) ,ON PROCESS,141693165,141693165
KAB. KAUR,RUMAH SAKIT UMUM DAERAH - 1.02.0.00.0.00.01.0001,01KVFJ58RDS7ZYNMK4XJD1XVEX,63895690,2026,E-Katalog 6.0,BLUD,ENDO INDONESIA,E-Purchasing,Barang,Belanja Barang dan Jasa BLUD,ON PROCESS,40897280,0
KAB. KAUR,DINAS PARIWISATA - 3.26.0.00.0.00.01.0000,01KRZSSRYF2CMHC1BAV2AAQZYZ,63716153,2026,E-Katalog 6.0,APBD,SEMARAK BENGKULU PERMAI,E-Purchasing,Jasa Lainnya,"Belanja Jasa Iklan/Reklame, Film, dan Pemotretan",ON PROCESS,6000000,6000000
KAB. KAUR,SEKRETARIAT DAERAH - 4.01.2.10.5.06.01.0000,01KH386MSXYQ7VY9QG1K5PZFM7,63267513,2026,E-Katalog 6.0,APBD,MEDIA JAYA KOMPUTER,E-Purchasing,Barang,Belanja Modal Alat Pendingin,ON PROCESS,77256000,77256000
KAB. KAUR,"DINAS PENGENDALIAN PENDUDUK, KELUARGA BERENCANA, PEMBERDAYAAN PEREMPUAN DAN PERLINDUNGAN ANAK - 2.08.2.14.0.00.01.0000",01KNKEE6QGDMFJ98SR1VVZMG48,64701381,2026,E-Katalog 6.0,APBD,TAHIRIN,E-Purchasing,Barang,Belanja Alat/Bahan untuk Kegiatan Kantor-Alat Tulis Kantor,ON PROCESS,1938726,1938726
KAB. KAUR,SEKRETARIAT DPRD - 4.02.0.00.0.00.01.0000,01KKC5CMD46CPQQ2YDK0PTXGW3,65712199,2026,E-Katalog 6.0,APBD,BINTANG KURNIA MEDIA,E-Purchasing,Jasa Lainnya,"Beban Jasa Iklan/Reklame, Film, dan Pemotretan",ON PROCESS,1200000,1200000
KAB. KAUR,"DINAS KOMUNIKASI, INFORMATIKA, STATISTIK DAN PERSANDIAN - 2.16.2.20.2.21.01.0000",01KK0XWV353P6XQN85AD0DJFS9,63111243,2026,E-Katalog 6.0,APBD,BINTANG KURNIA MEDIA,E-Purchasing,Jasa Lainnya,"Belanja Jasa Iklan/Reklame, Film, dan Pemotretan",ON PROCESS,3600000,3600000
KAB. KAUR,DINAS PERIKANAN - 3.25.0.00.0.00.01.0000,01KG179GR48TE2M0Y1PCY08VRX,63442208,2026,E-Katalog 6.0,APBD,TAHIRIN,E-Purchasing,Barang,"Belanja Alat/Bahan untuk Kegiatan Kantor- Bahan Cetak, Spesifikasi: Photocopy dan Jilid",ON PROCESS,10461029,10461029
KAB. KAUR,"DINAS KOMUNIKASI, INFORMATIKA, STATISTIK DAN PERSANDIAN - 2.16.2.20.2.21.01.0000",01KK104PC3CD55JXKTENFPTDSK,63111243,2026,E-Katalog 6.0,APBD,MEDIA MITRA CYBER,E-Purchasing,Jasa Lainnya,"Belanja Jasa Iklan/Reklame, Film, dan Pemotretan",ON PROCESS,3600000,3600000
KAB. KAUR,BADAN PENGELOLAAN KEUANGAN DAN ASET DAERAH - 5.02.0.00.0.00.01.0000,01KV54PJ5GW0HFJJA67BT34HFV,63516845,2026,E-Katalog 6.0,APBD,ERA BARU,E-Purchasing,Barang,Belanja Cetak Buku,ON PROCESS,34965000,34965000
KAB. KAUR,SEKRETARIAT DPRD - 4.02.0.00.0.00.01.0000,01KS44SKFTA0ZHFA8TF5WAEWW2,65712199,2026,E-Katalog 6.0,APBD,BAHARI JAYA PERKASA NEWS,E-Purchasing,Jasa Lainnya,"Beban Jasa Iklan/Reklame, Film, dan Pemotretan",ON PROCESS,1200000,1200000
KAB. KAUR,DINAS KESEHATAN - 1.02.0.00.0.00.01.0000,01KVSA2X7QDDHYH4GE871RFX9F,66609949,2026,E-Katalog 6.0,APBD,ANISAH,E-Purchasing,Barang,Belanja Alat/Bahan untuk Kegiatan Kantor- Kertas dan Cover,ON PROCESS,652680,652680
KAB. KAUR,DINAS KETAHANAN PANGAN - 2.09.0.00.0.00.01.0000,01KN41K4CJNQE1XZDPBQGRRZQP,62930882,2026,E-Katalog 6.0,APBD,TAHIRIN,E-Purchasing,Barang,Belanja Alat/Bahan untuk Kegiatan Kantor-Bahan Komputer,ON PROCESS,688200,688200
KAB. KAUR,DINAS PEKERJAAN UMUM DAN PENATAAN RUANG - 1.03.0.00.0.00.01.0000,01KKHK52YX9TGCNW0EDRTNHVCG,65059757,2026,E-Katalog 6.0,APBD,FERDIYANSAH,E-Purchasing,Barang,Belanja Alat/Bahan untuk Kegiatan Kantor-Alat Tulis Kantor,ON PROCESS,1445720,1445720
KAB. KAUR,SEKRETARIAT DPRD - 4.02.0.00.0.00.01.0000,01KKK07M8CJK4XXS25B9KXS64G,65712199,2026,E-Katalog 6.0,APBD,CAKRA CYBER INDONESIA,E-Purchasing,Jasa Lainnya,"Beban Jasa Iklan/Reklame, Film, dan Pemotretan",ON PROCESS,1200000,1200000
KAB. KAUR,DINAS PEKERJAAN UMUM DAN PENATAAN RUANG - 1.03.0.00.0.00.01.0000,01KKD0CMRYDZM68QW6MJ3DCB38,65117014,2026,E-Katalog 6.0,APBD,FERDIYANSAH,E-Purchasing,Barang,Belanja Alat/Bahan untuk Kegiatan Kantor-Bahan Komputer,PAYMENT OUTSIDE SYSTEM,77700,77700
KAB. KAUR,SEKRETARIAT DPRD - 4.02.0.00.0.00.01.0000,01KS460TKPKFMZVS48B6GACKMZ,65712199,2026,E-Katalog 6.0,APBD,BULANGCERVA MEDIA PUBLIK,E-Purchasing,Jasa Lainnya,"Beban Jasa Iklan/Reklame, Film, dan Pemotretan",ON PROCESS,1200000,1200000
KAB. KAUR,"DINAS PERUMAHAN, KAWASAN PERMUKIMAN DAN PERTANAHAN - 1.04.2.10.0.00.01.0000",01KVCHD34W5DBDYF437WZHG56D,62874763,2026,E-Katalog 6.0,APBD,TAHIRIN,E-Purchasing,Barang,Belanja Alat/Bahan untuk Kegiatan Kantor-Alat Tulis Kantor,ON PROCESS,1428570,1428570
KAB. KAUR,"DINAS KOMUNIKASI, INFORMATIKA, STATISTIK DAN PERSANDIAN - 2.16.2.20.2.21.01.0000",01KJC5648YQGB5NDD0ZXFZ2WD7,63111243,2026,E-Katalog 6.0,APBD,SUARA MASSA MEDIA,E-Purchasing,Jasa Lainnya,"Belanja Jasa Iklan/Reklame, Film, dan Pemotretan",ON PROCESS,3300000,3300000
KAB. KAUR,DINAS PEKERJAAN UMUM DAN PENATAAN RUANG - 1.03.0.00.0.00.01.0000,01KKNVKNW0CNE4VRG8WJN8SJGF,65528643,2026,E-Katalog 6.0,APBD,FERDIYANSAH,E-Purchasing,Barang,Belanja Alat/Bahan untuk Kegiatan Kantor- Kertas dan Cover,ON PROCESS,1637250,1637250
KAB. KAUR,SEKRETARIAT DAERAH - 4.01.2.10.5.06.01.0000,01KRP1F6BE85E5MYQQ7ZPJH87E,66983660,2026,E-Katalog 6.0,APBD,IRZAL,E-Purchasing,Barang,Belanja Pakaian Batik Tradisional,ON PROCESS,87690000,87690000
KAB. KAUR,SEKRETARIAT DPRD - 4.02.0.00.0.00.01.0000,01KJPCSDKYZQVEC7J1E10BA0VE,65712199,2026,E-Katalog 6.0,APBD,FIGUR ANUGERAH MEDIA,E-Purchasing,Jasa Lainnya,"Beban Jasa Iklan/Reklame, Film, dan Pemotretan",ON PROCESS,1199910,1199910
KAB. KAUR,"DINAS KOMUNIKASI, INFORMATIKA, STATISTIK DAN PERSANDIAN - 2.16.2.20.2.21.01.0000",01KKDGHZKH09JHA691FEDJDHXD,63111243,2026,E-Katalog 6.0,APBD,MEDIA SOLUSI BERITA,E-Purchasing,Jasa Lainnya,"Belanja Jasa Iklan/Reklame, Film, dan Pemotretan",ON PROCESS,3600000,3600000
KAB. KAUR,"DINAS PENGENDALIAN PENDUDUK, KELUARGA BERENCANA, PEMBERDAYAAN PEREMPUAN DAN PERLINDUNGAN ANAK - 2.08.2.14.0.00.01.0000",01KW114747XZE0YMAX63XF2KWZ,65005486,2026,E-Katalog 6.0,APBD,DONI APRIZAL,E-Purchasing,Barang,Belanja Alat/Bahan untuk Kegiatan Kantor-Bahan Komputer,ON PROCESS,563880,563880
KAB. KAUR,SEKRETARIAT DPRD - 4.02.0.00.0.00.01.0000,01KJPEVHMX210GTVJ6J4ZMR1JE,65712199,2026,E-Katalog 6.0,APBD,JAYA MEDIA PERKASA ONLINE,E-Purchasing,Jasa Lainnya,"Beban Jasa Iklan/Reklame, Film, dan Pemotretan",ON PROCESS,1100000,1100000
KAB. KAUR,SEKRETARIAT DPRD - 4.02.0.00.0.00.01.0000,01KS44EZJWDR34R9XAENMC7MXC,65712199,2026,E-Katalog 6.0,APBD,YUSMAN,E-Purchasing,Jasa Lainnya,"Beban Jasa Iklan/Reklame, Film, dan Pemotretan",ON PROCESS,1200000,1200000
KAB. KAUR,DINAS KEPENDUDUKAN DAN PENCATATAN SIPIL - 2.12.0.00.0.00.01.0000,01KKDFE5E5F5XW3VK68BDC3V8J,66189201,2026,E-Katalog 6.0,APBD,ALE TEKNO KOMPUTER,E-Purchasing,Barang,Belanja Alat/Bahan untuk Kegiatan Kantor-Bahan Komputer,ON PROCESS,147229301,147229301
KAB. KAUR,BADAN KESATUAN BANGSA DAN POLITIK - 8.01.0.00.0.00.01.0000,01KR0D8XTEJF08N22371C0H1B8,63281416,2026,E-Katalog 6.0,APBD,KARIANSYAH,E-Purchasing,Barang,Belanja Pakaian Olahraga,ON PROCESS,15484500,15484500
KAB. KAUR,"DINAS PENGENDALIAN PENDUDUK, KELUARGA BERENCANA, PEMBERDAYAAN PEREMPUAN DAN PERLINDUNGAN ANAK - 2.08.2.14.0.00.01.0000",01KQ912N12K4HYN2S3J5HVJ1V5,64997119,2026,E-Katalog 6.0,APBD,MESI YULIANA,E-Purchasing,Barang,Belanja Makanan dan Minuman Aktivitas Lapangan,ON PROCESS,4490000,4490000
KAB. KAUR,"DINAS PENGENDALIAN PENDUDUK, KELUARGA BERENCANA, PEMBERDAYAAN PEREMPUAN DAN PERLINDUNGAN ANAK - 2.08.2.14.0.00.01.0000",01KNGXTG9P7GYXT6YHN16N09WZ,64687847,2026,E-Katalog 6.0,APBD,DONI APRIZAL,E-Purchasing,Barang,Belanja Alat/Bahan untuk Kegiatan Kantor-Alat Tulis Kantor,ON PROCESS,3997277,3997277
KAB. KAUR,"DINAS KOMUNIKASI, INFORMATIKA, STATISTIK DAN PERSANDIAN - 2.16.2.20.2.21.01.0000",01KJC4T05FXJMTADQ43H6N0SQA,63111243,2026,E-Katalog 6.0,APBD,LENSA NUSANTARA MULTIMEDIA,E-Purchasing,Jasa Lainnya,"Belanja Jasa Iklan/Reklame, Film, dan Pemotretan",ON PROCESS,3599730,3599730
KAB. KAUR,"DINAS KOMUNIKASI, INFORMATIKA, STATISTIK DAN PERSANDIAN - 2.16.2.20.2.21.01.0000",01KK10V4ZHNE8NXWDXY4F996H4,63111243,2026,E-Katalog 6.0,APBD,DETIK POS GRUP,E-Purchasing,Jasa Lainnya,"Belanja Jasa Iklan/Reklame, Film, dan Pemotretan",ON PROCESS,3599730,3599730
KAB. KAUR,SEKRETARIAT DAERAH - 4.01.2.10.5.06.01.0000,01KPAEXXXB40H9VB3SVPPHVJXA,66786322,2026,E-Katalog 6.0,APBD,RERUCA ENTERTAIMENT GROUP,E-Purchasing,Barang,BELANJA PENYEDIAAN DAN PERALATAN KANTOR,ON PROCESS,100655000,100655000
KAB. KAUR,SEKRETARIAT DPRD - 4.02.0.00.0.00.01.0000,01KHWJ630DQTH78D74CJV7TKWF,64234764,2026,E-Katalog 6.0,APBD,DONI APRIZAL,E-Purchasing,Barang,Belanja Alat/Bahan untuk Kegiatan Kantor-Perabot Kantor,ON PROCESS,35707590,35707590
KAB. KAUR,SEKRETARIAT DPRD - 4.02.0.00.0.00.01.0000,01KS499DMPZSZ35EKVXPSRBJ7X,65712199,2026,E-Katalog 6.0,APBD,INFO OMBB SIBER INDONESIA,E-Purchasing,Jasa Lainnya,"Beban Jasa Iklan/Reklame, Film, dan Pemotretan",ON PROCESS,1200000,1200000
KAB. KAUR,DINAS KETAHANAN PANGAN - 2.09.0.00.0.00.01.0000,01KKB2VJXJGPJ5K5A3VCKW0Q4W,63024034,2026,E-Katalog 6.0,APBD,PUTRI HANUM SAFITRI,E-Purchasing,Barang,Belanja Natura dan Pakan-Natura,ON PROCESS,38008712,38008712
KAB. KAUR,DINAS PEKERJAAN UMUM DAN PENATAAN RUANG - 1.03.0.00.0.00.01.0000,10809588000,65963018,2026,Non Tender,APBD,CV. Naraindo Karya,Pengadaan Langsung,Jasa Konsultansi Badan Usaha Konstruksi,"Perencanaan Pembangunan Gedung Arsip, Mes Pegawai, interior, rehab ruangancommand center Kejaksaan",SELESAI,79814550,79814550
KAB. KAUR,SEKRETARIAT DAERAH - 4.01.2.10.5.06.01.0000,01KFAQYXQY5AEZJNNWMBNH3KG4,63492724,2026,E-Katalog 6.0,APBD,RONI,E-Purchasing,Barang,MAKAN MINUM JAMUAN TAMU RUMAH TANGGA KEPALA DAERAH,ON PROCESS,150000000,150000000
KAB. KAUR,DINAS PARIWISATA - 3.26.0.00.0.00.01.0000,01KRAPPC81T4RAT9W0N7B6CHNJ,63716148,2026,E-Katalog 6.0,APBD,Taufik Hidayat ,E-Purchasing,Barang,Belanja Alat/Bahan untuk Kegiatan Kantor- Perlengkapan Pendukung Olahraga,ON PROCESS,42390000,42390000
KAB. KAUR,"DINAS PENGENDALIAN PENDUDUK, KELUARGA BERENCANA, PEMBERDAYAAN PEREMPUAN DAN PERLINDUNGAN ANAK - 2.08.2.14.0.00.01.0000",01KMQ46C58GEZSZX5Q2FBZYYT7,64791538,2026,E-Katalog 6.0,APBD,YUNIAR HASTUTI,E-Purchasing,Barang,Belanja Makanan dan Minuman Rapat,ON PROCESS,3085800,3085800
KAB. KAUR,DINAS KESEHATAN - 1.02.0.00.0.00.01.0000,01KJPNMRESN4GNJV584MN8HZF7,65869555,2026,E-Katalog 6.0,APBD,FERDIYANSAH,E-Purchasing,Barang,Belanja Alat/Bahan untuk Kegiatan Kantor- Kertas dan Cover,ON PROCESS,16206000,16206000
KAB. KAUR,SEKRETARIAT DPRD - 4.02.0.00.0.00.01.0000,01KJVVDS7Z2RM5AEQ6YRRE36MP,65712199,2026,E-Katalog 6.0,APBD,PERINTIS WAWASAN PERSADA CYBER,E-Purchasing,Jasa Lainnya,"Beban Jasa Iklan/Reklame, Film, dan Pemotretan",ON PROCESS,1200000,1200000
KAB. KAUR,SEKRETARIAT DAERAH - 4.01.2.10.5.06.01.0000,01KGRAPN8FDET95VSFR8WPJPYC,63267514,2026,E-Katalog 6.0,APBD,YABEST ELECTRO,E-Purchasing,Barang,Belanja Modal Alat Rumah Tangga Lainnya (Home Use),ON PROCESS,24999888,24999888
KAB. KAUR,DINAS PENDIDIKAN DAN KEBUDAYAAN - 1.01.2.22.0.00.01.0000,01KPCTSPX6C8Q79B8HK90B90DC,65680710,2026,E-Katalog 6.0,APBD,DONI APRIZAL,E-Purchasing,Barang,Belanja Alat/Bahan untuk Kegiatan Kantor- Bahan Cetak,ON PROCESS,1998000,1998000
KAB. KAUR,DINAS KETAHANAN PANGAN - 2.09.0.00.0.00.01.0000,01KJY0E66RVNR72M1AAND8FHGB,63024031,2026,E-Katalog 6.0,APBD,PUTRI HANUM SAFITRI,E-Purchasing,Barang,Belanja Bahan-Bahan Lainnya,ON PROCESS,1887000,1887000
KAB. KAUR,"DINAS PERUMAHAN, KAWASAN PERMUKIMAN DAN PERTANAHAN - 1.04.2.10.0.00.01.0000",01KHWEH9J6HN21PSHSV2CSD14P,62874763,2026,E-Katalog 6.0,APBD,TAHIRIN,E-Purchasing,Barang,Belanja Alat/Bahan untuk Kegiatan Kantor-Alat Tulis Kantor,ON PROCESS,1894992,1894992
KAB. KAUR,"DINAS KOMUNIKASI, INFORMATIKA, STATISTIK DAN PERSANDIAN - 2.16.2.20.2.21.01.0000",01KJVTMBQR0Q6XJKBDDX7RQ873,63111243,2026,E-Katalog 6.0,APBD,MEDIA JEJAK KEADILAN,E-Purchasing,Jasa Lainnya,"Belanja Jasa Iklan/Reklame, Film, dan Pemotretan",ON PROCESS,3599730,3599730
KAB. KAUR,DINAS PEKERJAAN UMUM DAN PENATAAN RUANG - 1.03.0.00.0.00.01.0000,01KKNX5XTPT97DGA3ESR3CH20P,65528746,2026,E-Katalog 6.0,APBD,FERDIYANSAH,E-Purchasing,Barang,Belanja Alat/Bahan untuk Kegiatan Kantor- Kertas dan Cover,ON PROCESS,1409700,1409700
KAB. KAUR,DINAS PEMBERDAYAAN MASYARAKAT DAN DESA - 2.13.0.00.0.00.01.0000,01KP5CVBD6XPRTTYSHKJDY2Y4S,62867143,2026,E-Katalog 6.0,APBD,RONI,E-Purchasing,Barang,Belanja Makanan dan Minuman Aktivitas Lapangan,ON PROCESS,499500,499500
KAB. KAUR,"DINAS KOMUNIKASI, INFORMATIKA, STATISTIK DAN PERSANDIAN - 2.16.2.20.2.21.01.0000",01KJC2DPTERPJQB4HAHXMW0DJE,63111243,2026,E-Katalog 6.0,APBD,MEDIA ONLINE NEWSIKAL,E-Purchasing,Jasa Lainnya,"Belanja Jasa Iklan/Reklame, Film, dan Pemotretan",ON PROCESS,4800000,4800000
KAB. KAUR,"DINAS KOMUNIKASI, INFORMATIKA, STATISTIK DAN PERSANDIAN - 2.16.2.20.2.21.01.0000",01KKAQAW27V3R5WRB9M85Z4NHQ,63111243,2026,E-Katalog 6.0,APBD,BAHARI JAYA PERKASA NEWS,E-Purchasing,Jasa Lainnya,"Belanja Jasa Iklan/Reklame, Film, dan Pemotretan",ON PROCESS,3600000,3600000
KAB. KAUR,"DINAS KOMUNIKASI, INFORMATIKA, STATISTIK DAN PERSANDIAN - 2.16.2.20.2.21.01.0000",01KKAT8G6Q6MTP52K2GNXFVM5N,63111243,2026,E-Katalog 6.0,APBD,SAHABAT NUKILA MULTIMEDIA,E-Purchasing,Jasa Lainnya,"Belanja Jasa Iklan/Reklame, Film, dan Pemotretan",ON PROCESS,2400000,2400000
KAB. KAUR,"DINAS PENGENDALIAN PENDUDUK, KELUARGA BERENCANA, PEMBERDAYAAN PEREMPUAN DAN PERLINDUNGAN ANAK - 2.08.2.14.0.00.01.0000",01KNR3GGT2Q75FA5G506GF5J7B,64995329,2026,E-Katalog 6.0,APBD,BUDIANTO,E-Purchasing,Barang,Belanja Makanan dan Minuman Aktivitas Lapangan,ON PROCESS,6777660,6777660
KAB. KAUR,"DINAS PERUMAHAN, KAWASAN PERMUKIMAN DAN PERTANAHAN - 1.04.2.10.0.00.01.0000",01KN0Z117EB60QYGMFBE3HQSV6,62874763,2026,E-Katalog 6.0,APBD,TAHIRIN,E-Purchasing,Barang,Belanja Alat/Bahan untuk Kegiatan Kantor-Alat Tulis Kantor,ON PROCESS,1567320,1567320
KAB. KAUR,SEKRETARIAT DPRD - 4.02.0.00.0.00.01.0000,01KKC5YRKSK02FVXP9RXTG65NK,65712199,2026,E-Katalog 6.0,APBD,RIZKY PRATAMA MANDIRI KAUR,E-Purchasing,Jasa Lainnya,"Beban Jasa Iklan/Reklame, Film, dan Pemotretan",ON PROCESS,1200000,1200000
KAB. KAUR,DINAS PEMBERDAYAAN MASYARAKAT DAN DESA - 2.13.0.00.0.00.01.0000,01KVPZ45XK0K1VD388XQWAXEMJ,62867143,2026,E-Katalog 6.0,APBD,RONI,E-Purchasing,Barang,Belanja Makanan dan Minuman Aktivitas Lapangan,ON PROCESS,499500,499500
KAB. KAUR,SEKRETARIAT DPRD - 4.02.0.00.0.00.01.0000,01KTNNNXF3WJ95J84ZF06NJ7E3,65712199,2026,E-Katalog 6.0,APBD,INDUKU LESTARI SEPAHAM JAYA,E-Purchasing,Jasa Lainnya,"Beban Jasa Iklan/Reklame, Film, dan Pemotretan",ON PROCESS,1200000,1200000
KAB. KAUR,DINAS PARIWISATA - 3.26.0.00.0.00.01.0000,01KHQZKZ1ZZ89AQ5BV712QW757,63407479,2026,E-Katalog 6.0,APBD,FERDIYANSAH,E-Purchasing,Barang,Belanja Alat/Bahan untuk Kegiatan Kantor- Bahan Cetak,ON PROCESS,210900,210900
KAB. KAUR,DINAS SOSIAL - 1.06.0.00.0.00.01.0000,01KV4M2VPSSENY2V657M06EBN5,67295988,2026,E-Katalog 6.0,APBD,TAHIRIN,E-Purchasing,Barang,Belanja Alat/Bahan untuk Kegiatan Kantor- Kertas dan Cover,ON PROCESS,2430900,2430900
KAB. KAUR,RUMAH SAKIT UMUM DAERAH - 1.02.0.00.0.00.01.0001,01KVW0EAERX597SX98B26RP1GE,63313451,2026,E-Katalog 6.0,APBD,INTERBAT,E-Purchasing,Barang,Belanja Obat-Obatan-Obat-Obatan Lainnya (Belanja Obat-Obatan) ,ON PROCESS,11752125,11752125
KAB. KAUR,"DINAS PERUMAHAN, KAWASAN PERMUKIMAN DAN PERTANAHAN - 1.04.2.10.0.00.01.0000",01KHWCWP1QTPT59KFXRQP1E8ZB,62874762,2026,E-Katalog 6.0,APBD,TAHIRIN,E-Purchasing,Barang,Belanja Alat/Bahan untuk Kegiatan Kantor-Bahan Komputer,ON PROCESS,1010100,1010100
KAB. KAUR,"DINAS KOMUNIKASI, INFORMATIKA, STATISTIK DAN PERSANDIAN - 2.16.2.20.2.21.01.0000",01KKATMK2TZ1XZ98031HPDN74Z,63111243,2026,E-Katalog 6.0,APBD,BENGKULU MEDIA DIGITAL SEMESTA,E-Purchasing,Jasa Lainnya,"Belanja Jasa Iklan/Reklame, Film, dan Pemotretan",ON PROCESS,4800000,4800000
KAB. KAUR,"DINAS PENGENDALIAN PENDUDUK, KELUARGA BERENCANA, PEMBERDAYAAN PEREMPUAN DAN PERLINDUNGAN ANAK - 2.08.2.14.0.00.01.0000",01KMYVPG7QHH6JSVKR94M4W4ST,64791537,2026,E-Katalog 6.0,APBD,DONI APRIZAL,E-Purchasing,Barang,Belanja Alat/Bahan untuk Kegiatan Kantor-Bahan Komputer,ON PROCESS,1831500,1831500
KAB. KAUR,"DINAS KOMUNIKASI, INFORMATIKA, STATISTIK DAN PERSANDIAN - 2.16.2.20.2.21.01.0000",01KS1VNFAG7T2KJ6NAJV1RGQG8,66980049,2026,E-Katalog 6.0,APBD,RIZKY PRATAMA MANDIRI KAUR,E-Purchasing,Jasa Lainnya,"Belanja Jasa Iklan/Reklame, Film, dan Pemotretan",ON PROCESS,4800000,4800000
KAB. KAUR,DINAS SATUAN POLISI PAMONG PRAJA - 1.05.0.00.0.00.01.0000,01KRGSKXJPY8G2TG3A1W601RZC,63527862,2026,E-Katalog 6.0,APBD,DONI APRIZAL,E-Purchasing,Barang,Belanja Alat/Bahan untuk Kegiatan Kantor-Bahan Komputer,ON PROCESS,777000,777000
KAB. KAUR,"DINAS KOMUNIKASI, INFORMATIKA, STATISTIK DAN PERSANDIAN - 2.16.2.20.2.21.01.0000",01KS6ZW6PXXYZJGNCJNMB82N5Q,66980049,2026,E-Katalog 6.0,APBD,MEDIA CITRA BENGKULU,E-Purchasing,Jasa Lainnya,"Belanja Jasa Iklan/Reklame, Film, dan Pemotretan",ON PROCESS,1200000,1200000
KAB. KAUR,DINAS PEKERJAAN UMUM DAN PENATAAN RUANG - 1.03.0.00.0.00.01.0000,01KKEJFNWP7SXWXT7WZMFSFT83,65116972,2026,E-Katalog 6.0,APBD,FERDIYANSAH,E-Purchasing,Barang,Belanja Alat/Bahan untuk Kegiatan Kantor- Kertas dan Cover,PAYMENT OUTSIDE SYSTEM,777000,777000
KAB. KAUR,DINAS PERPUSTAKAAN DAN KEARSIPAN - 2.23.2.24.0.00.01.0000,01KT3N8FN5H8PZCE7ZEKC6S78S,63392237,2026,E-Katalog 6.0,APBD,TAHIRIN,E-Purchasing,Barang,Belanja Alat/Bahan untuk Kegiatan Kantor-Bahan Komputer,ON PROCESS,452880,452880
KAB. KAUR,DINAS PEMBERDAYAAN MASYARAKAT DAN DESA - 2.13.0.00.0.00.01.0000,01KWBTAQ9DKWN8VE7Z7CMA35BG,62867145,2026,E-Katalog 6.0,APBD,DONI APRIZAL,E-Purchasing,Barang,Belanja Alat/Bahan untuk Kegiatan Kantor- Bahan Cetak,ON PROCESS,1054500,1054500
KAB. KAUR,"DINAS PENGENDALIAN PENDUDUK, KELUARGA BERENCANA, PEMBERDAYAAN PEREMPUAN DAN PERLINDUNGAN ANAK - 2.08.2.14.0.00.01.0000",01KMQ4E0CH3BB7NF6GM91SP55J,64791540,2026,E-Katalog 6.0,APBD,YUNIAR HASTUTI,E-Purchasing,Barang,Belanja Makanan dan Minuman Aktivitas Lapangan,ON PROCESS,5223660,5223660
KAB. KAUR,DINAS KESEHATAN - 1.02.0.00.0.00.01.0000,01KQXHFR1ZDCEVGF222SJWXPZ7,66084177,2026,E-Katalog 6.0,APBD,FERDIYANSAH,E-Purchasing,Barang,Belanja Alat/Bahan untuk Kegiatan Kantor- Kertas dan Cover,ON PROCESS,4477740,4477740
KAB. KAUR,DINAS PEMBERDAYAAN MASYARAKAT DAN DESA - 2.13.0.00.0.00.01.0000,01KT68QJBXJ02N3REVPCETG6SK,62867140,2026,E-Katalog 6.0,APBD,KARIANSYAH,E-Purchasing,Barang,Belanja Pakaian Dinas Lapangan (PDL),ON PROCESS,27000000,27000000
KAB. KAUR,DINAS PEMBERDAYAAN MASYARAKAT DAN DESA - 2.13.0.00.0.00.01.0000,01KN69NQYCXTR29ZVB9B3SJFCZ,62867143,2026,E-Katalog 6.0,APBD,RONI,E-Purchasing,Barang,Belanja Makanan dan Minuman Aktivitas Lapangan,ON PROCESS,99900,99900
KAB. KAUR,"DINAS KOMUNIKASI, INFORMATIKA, STATISTIK DAN PERSANDIAN - 2.16.2.20.2.21.01.0000",01KJC11G5B8ZYBN1DG701RZ0WS,63111243,2026,E-Katalog 6.0,APBD,PEWARTA GROUP MEDIA NUSANTARA,E-Purchasing,Jasa Lainnya,"Belanja Jasa Iklan/Reklame, Film, dan Pemotretan",ON PROCESS,3600000,3600000
KAB. KAUR,DINAS PEKERJAAN UMUM DAN PENATAAN RUANG - 1.03.0.00.0.00.01.0000,10146179000,67078594,2026,Tender,APBD,,Seleksi,Jasa Konsultansi Badan Usaha Konstruksi,Pengawasan Jalan Nagarantai - Muara Sahung Kec. Muara Sahung,BERLANGSUNG,149861300,149861300
KAB. KAUR,DINAS PENDIDIKAN DAN KEBUDAYAAN - 1.01.2.22.0.00.01.0000,01KPDDBKVBSFB841VJFBF901A2,65679800,2026,E-Katalog 6.0,APBD,DONI APRIZAL,E-Purchasing,Barang,Belanja Alat/Bahan untuk Kegiatan Kantor-Alat Tulis Kantor,ON PROCESS,1460427,1460427
KAB. KAUR,SEKRETARIAT DAERAH - 4.01.2.10.5.06.01.0000,01KGTY6H6E4RXH288F3XFMNAB2,63267511,2026,E-Katalog 6.0,APBD,YABEST ELECTRO,E-Purchasing,Barang,Belanja Modal Alat Kantor Lainnya,ON PROCESS,10999999,0
KAB. KAUR,DINAS PEMBERDAYAAN MASYARAKAT DAN DESA - 2.13.0.00.0.00.01.0000,01KW97VTQZ7JCVCDN1ZZJXQ4HW,62867136,2026,E-Katalog 6.0,APBD,DONI APRIZAL,E-Purchasing,Barang,Belanja Alat/Bahan untuk Kegiatan Kantor-Alat Tulis Kantor,ON PROCESS,7958700,7958700
KAB. KAUR,DINAS LINGKUNGAN HIDUP - 2.11.0.00.0.00.01.0000,01KNP22KRS1FSP1CHTB2TV3CE5,63045429,2026,E-Katalog 6.0,APBD,FERDIYANSAH,E-Purchasing,Barang,Belanja Alat/Bahan untuk Kegiatan Kantor- Kertas dan Cover,ON PROCESS,961260,961260
KAB. KAUR,DINAS SATUAN POLISI PAMONG PRAJA - 1.05.0.00.0.00.01.0000,01KT8A1MK4FN2985Z98GKPDKFX,63538202,2026,E-Katalog 6.0,APBD,DONI APRIZAL,E-Purchasing,Barang,Belanja Alat/Bahan untuk Kegiatan Kantor- Kertas dan Cover,ON PROCESS,1423020,1423020
KAB. KAUR,SEKRETARIAT DPRD - 4.02.0.00.0.00.01.0000,01KS49FQGT66A0BANN4YZHWSG3,65712199,2026,E-Katalog 6.0,APBD,VIRZHA NUSANTARA INFORMASI,E-Purchasing,Jasa Lainnya,"Beban Jasa Iklan/Reklame, Film, dan Pemotretan",ON PROCESS,1200000,1200000
KAB. KAUR,"DINAS PENGENDALIAN PENDUDUK, KELUARGA BERENCANA, PEMBERDAYAAN PEREMPUAN DAN PERLINDUNGAN ANAK - 2.08.2.14.0.00.01.0000",01KW0YN70XE6F28VM8MH08HE91,65005485,2026,E-Katalog 6.0,APBD,DONI APRIZAL,E-Purchasing,Barang,Belanja Alat/Bahan untuk Kegiatan Kantor- Bahan Cetak,ON PROCESS,288600,288600
KAB. KAUR,"DINAS PENGENDALIAN PENDUDUK, KELUARGA BERENCANA, PEMBERDAYAAN PEREMPUAN DAN PERLINDUNGAN ANAK - 2.08.2.14.0.00.01.0000",01KMQ036YXBH44DEVN2TKK0HRM,64792136,2026,E-Katalog 6.0,APBD,YUNIAR HASTUTI,E-Purchasing,Barang,Belanja Makanan dan Minuman Rapat,ON PROCESS,2775000,2775000
KAB. KAUR,DINAS PEKERJAAN UMUM DAN PENATAAN RUANG - 1.03.0.00.0.00.01.0000,10884048000,65339311,2026,Non Tender,APBD,CV. Demak Raya,Pengadaan Langsung,Pekerjaan Konstruksi,Pekerjaan Gedung Arsip Kejaksaan Negeri Kaur,SELESAI,318502551,318502551
KAB. KAUR,SEKRETARIAT DAERAH - 4.01.2.10.5.06.01.0000,01KF12DK2JF3CWRE4ANAR969X5,63495055,2026,E-Katalog 6.0,APBD,YUNIAR HASTUTI,E-Purchasing,Barang,Makan Minum Jamuan Tamu Oprasional Kepala Daerah dan Wakil Kepala Daerah,ON PROCESS,225000000,225000000
KAB. KAUR,"DINAS KOMUNIKASI, INFORMATIKA, STATISTIK DAN PERSANDIAN - 2.16.2.20.2.21.01.0000",01KJC4N4HB2641SW2H5MNN5J5T,63111243,2026,E-Katalog 6.0,APBD,PENA RAFFLESIA BENGKULU ONLINE,E-Purchasing,Jasa Lainnya,"Belanja Jasa Iklan/Reklame, Film, dan Pemotretan",ON PROCESS,3600000,3600000
KAB. KAUR,DINAS PERIKANAN - 3.25.0.00.0.00.01.0000,01KGESDZM1S91RRMYT8X2CPYBW,64878850,2026,E-Katalog 6.0,APBD,ROBBY FUTURE MULTI,E-Purchasing,Barang,"Belanja Modal Peralatan dan Mesin, Spesifikasi: AC Split, Lap Top, dan Printer",ON PROCESS,65645400,65645400
KAB. KAUR,"DINAS PENGENDALIAN PENDUDUK, KELUARGA BERENCANA, PEMBERDAYAAN PEREMPUAN DAN PERLINDUNGAN ANAK - 2.08.2.14.0.00.01.0000",01KNKN3RBSXRWP43RFR5KVBXCF,64703008,2026,E-Katalog 6.0,APBD,TAHIRIN,E-Purchasing,Barang,Belanja Alat/Bahan untuk Kegiatan Kantor-Bahan Komputer,ON PROCESS,1620600,1620600
KAB. KAUR,DINAS PENDIDIKAN DAN KEBUDAYAAN - 1.01.2.22.0.00.01.0000,01KPCP5R7VD1CEWJFVTH3SY4SD,65666162,2026,E-Katalog 6.0,APBD,DONI APRIZAL,E-Purchasing,Barang,Belanja Alat/Bahan untuk Kegiatan Kantor-Alat Tulis Kantor,ON PROCESS,5006100,5006100
KAB. KAUR,DINAS KESEHATAN - 1.02.0.00.0.00.01.0000,01KQY7Q2M1JCNS0CVB4FZ63PKY,66084181,2026,E-Katalog 6.0,APBD,TRIPUTRA MANDIRI DISTRIBUSI,E-Purchasing,Barang,Belanja Obat-Obatan-Obat,ON PROCESS,198484650,198484650
KAB. KAUR,DINAS PEMBERDAYAAN MASYARAKAT DAN DESA - 2.13.0.00.0.00.01.0000,01KJ5G9T17Q9B7T20GEM50FX8S,64981023,2026,E-Katalog 6.0,APBD,YENA AGUSTIN,E-Purchasing,Barang,Belanja Makan dan Minuman Rapat,ON PROCESS,9205785,9205785
KAB. KAUR,"DINAS PENGENDALIAN PENDUDUK, KELUARGA BERENCANA, PEMBERDAYAAN PEREMPUAN DAN PERLINDUNGAN ANAK - 2.08.2.14.0.00.01.0000",01KQ97PKJ91Z7VPNZS9MNNP0G2,64992502,2026,E-Katalog 6.0,APBD,MESI YULIANA,E-Purchasing,Barang,Belanja Makanan dan Minuman Aktivitas Lapangan,ON PROCESS,3245000,3245000
KAB. KAUR,"DINAS KOMUNIKASI, INFORMATIKA, STATISTIK DAN PERSANDIAN - 2.16.2.20.2.21.01.0000",01KT3AQ161T9JQTF1S1TWK95D4,63110052,2026,E-Katalog 6.0,APBD,RAJA SEMESTA RADAR KAUR,E-Purchasing,Barang,Belanja Langganan Jurnal/Surat Kabar/Majalah,ON PROCESS,32706000,32706000
KAB. KAUR,DINAS PEKERJAAN UMUM DAN PENATAAN RUANG - 1.03.0.00.0.00.01.0000,10144589000,65339000,2026,Tender,APBD,,Seleksi,Jasa Konsultansi Badan Usaha Non Konstruksi,Pendataan Bangunan Gedung / Perumahan,BERLANGSUNG,199970000,199970000
KAB. KAUR,DINAS PERPUSTAKAAN DAN KEARSIPAN - 2.23.2.24.0.00.01.0000,01KQ9KJGWHFW558K502Q0Y78X0,63395122,2026,E-Katalog 6.0,APBD,ANISAH,E-Purchasing,Barang,Belanja Alat/Bahan untuk Kegiatan Kantor-Alat Tulis Kantor,ON PROCESS,888000,888000
KAB. KAUR,"DINAS PENGENDALIAN PENDUDUK, KELUARGA BERENCANA, PEMBERDAYAAN PEREMPUAN DAN PERLINDUNGAN ANAK - 2.08.2.14.0.00.01.0000",01KNGBWM40G18ACZ6KPQ4C0YMM,64999057,2026,E-Katalog 6.0,APBD,DONI APRIZAL,E-Purchasing,Barang,Belanja Alat/Bahan untuk Kegiatan Kantor- Kertas dan Cover,ON PROCESS,1138860,1138860
KAB. KAUR,SEKRETARIAT DPRD - 4.02.0.00.0.00.01.0000,01KJPBQHVS43NC4V7DYX2D98ZH,65712199,2026,E-Katalog 6.0,APBD,KARYA MUDA CYBER,E-Purchasing,Jasa Lainnya,"Beban Jasa Iklan/Reklame, Film, dan Pemotretan",ON PROCESS,1200000,1200000
KAB. KAUR,DINAS PENDIDIKAN DAN KEBUDAYAAN - 1.01.2.22.0.00.01.0000,01KPCTDNGFS8GY8W9PCSJKA31Q,65679802,2026,E-Katalog 6.0,APBD,DONI APRIZAL,E-Purchasing,Barang,Belanja Alat/Bahan untuk Kegiatan Kantor- Bahan Cetak,ON PROCESS,1998000,1998000
KAB. KAUR,"DINAS KOMUNIKASI, INFORMATIKA, STATISTIK DAN PERSANDIAN - 2.16.2.20.2.21.01.0000",01KJSEVC7BT5ZXGKTGP80WW76E,63111243,2026,E-Katalog 6.0,APBD,MEDIA CITRA BENGKULU,E-Purchasing,Jasa Lainnya,"Belanja Jasa Iklan/Reklame, Film, dan Pemotretan",ON PROCESS,3600000,3600000
KAB. KAUR,SEKRETARIAT DPRD - 4.02.0.00.0.00.01.0000,01KS4R9ESWZ4552VSA0E5X1RE2,65712196,2026,E-Katalog 6.0,APBD,SEMARAK BENGKULU PERMAI,E-Purchasing,Jasa Lainnya,-,ON PROCESS,5000000,5000000
KAB. KAUR,DINAS KESEHATAN - 1.02.0.00.0.00.01.0000,01KQERMXSX8QNAFR0VQWHC7TW0,65869552,2026,E-Katalog 6.0,APBD,USBER MANDIRI JAYA KAUR,E-Purchasing,Barang,Belanja Modal Mebel,ON PROCESS,127527900,127527900
KAB. KAUR,DINAS PARIWISATA - 3.26.0.00.0.00.01.0000,01KK888HP173J4CWTPQNRK2HQ8,63716153,2026,E-Katalog 6.0,APBD,SEMARAK BENGKULU PERMAI,E-Purchasing,Jasa Lainnya,"Belanja Jasa Iklan/Reklame, Film, dan Pemotretan",ON PROCESS,3000000,3000000
KAB. KAUR,DINAS PERPUSTAKAAN DAN KEARSIPAN - 2.23.2.24.0.00.01.0000,01KTNKA0CX2C64VZSBGRV8XXSG,63395598,2026,E-Katalog 6.0,APBD,MESI YULIANA,E-Purchasing,Barang,Belanja Makanan dan Minuman Aktivitas Lapangan,ON PROCESS,122100,122100
KAB. KAUR,DINAS PERPUSTAKAAN DAN KEARSIPAN - 2.23.2.24.0.00.01.0000,01KP7Q1VZRSFGHQ6KYZCRE0QHN,63392039,2026,E-Katalog 6.0,APBD,TAHIRIN,E-Purchasing,Barang,Belanja Alat/Bahan untuk Kegiatan Kantor- Kertas dan Cover,ON PROCESS,582750,582750
KAB. KAUR,SEKRETARIAT DPRD - 4.02.0.00.0.00.01.0000,01KJF0FNYTMJQRR6PD1JG6T97S,65712199,2026,E-Katalog 6.0,APBD,SUARA MASSA MEDIA,E-Purchasing,Jasa Lainnya,"Beban Jasa Iklan/Reklame, Film, dan Pemotretan",ON PROCESS,1100000,1100000
KAB. KAUR,SEKRETARIAT DAERAH - 4.01.2.10.5.06.01.0000,01KH5ZR7G86M2XBFRCGDMTY009,64714787,2026,E-Katalog 6.0,APBD,MARDIMEN,E-Purchasing,Jasa Lainnya,BELANJA SEWA KENDARAAN DINAS BERMOTOR PERORANGAN,ON PROCESS,482400000,482400000
KAB. KAUR,"BADAN PERENCANAAN PEMBANGUNAN, RISET DAN INOVASI DAERAH - 5.01.5.05.0.00.01.0000",10119762000,63282187,2026,Tender,APBD,PT. CIPTA WAHANA KONSULTAN,Seleksi,Jasa Konsultansi Badan Usaha Konstruksi,Beban Jasa Konsultansi Perencanaan Penataan Ruang-Jasa Perencanaan Wilayah (Penyusunan Dokumen Riview Rencana Induk Sistem Penyediaan Air Minum (RISPAM) Kabupaten Kaur),SELESAI,393596676,393596676
KAB. KAUR,DINAS PERPUSTAKAAN DAN KEARSIPAN - 2.23.2.24.0.00.01.0000,01KTWX4FD8P77X63B6CMK9KAYT,63434700,2026,E-Katalog 6.0,APBD,TAHIRIN,E-Purchasing,Barang,Belanja Alat/Bahan untuk Kegiatan Kantor- Kertas dan Cover,ON PROCESS,421800,421800
KAB. KAUR,DINAS SOSIAL - 1.06.0.00.0.00.01.0000,01KV4S0W00DPMNE41VP5Z8EAJG,66164653,2026,E-Katalog 6.0,APBD,TAHIRIN,E-Purchasing,Barang,Belanja Alat/Bahan untuk Kegiatan Kantor-Perabot Kantor,ON PROCESS,950160,950160
KAB. KAUR,BADAN PENGELOLAAN KEUANGAN DAN ASET DAERAH - 5.02.0.00.0.00.01.0000,01KTQVSMK36YX4J68171DGMJC9,63518127,2026,E-Katalog 6.0,APBD,NELLY AFRITA,E-Purchasing,Barang,Beban Makanan dan Minuman Rapat,ON PROCESS,388500,388500
KAB. KAUR,BADAN KESATUAN BANGSA DAN POLITIK - 8.01.0.00.0.00.01.0000,01KJSBQPSSMQMRH7ZTMT8K0S8Z,63281946,2026,E-Katalog 6.0,APBD,DONI APRIZAL,E-Purchasing,Barang,Belanja Alat/Bahan untuk Kegiatan Kantor-Perabot Kantor,ON PROCESS,2892660,2892660
KAB. KAUR,SEKRETARIAT DPRD - 4.02.0.00.0.00.01.0000,01KS46VWPDK24A2KTPH1TQA9SZ,65712199,2026,E-Katalog 6.0,APBD,TAJAM MENGABARKAN PERS,E-Purchasing,Jasa Lainnya,"Beban Jasa Iklan/Reklame, Film, dan Pemotretan",ON PROCESS,1200000,1200000
KAB. KAUR,DINAS PENDIDIKAN DAN KEBUDAYAAN - 1.01.2.22.0.00.01.0000,01KRDADGVE5QHME4C2SV9C1044,66012279,2026,E-Katalog 6.0,APBD,GINA PURWANTI,E-Purchasing,Barang,Belanja Makanan dan Minuman Aktivitas Lapangan,ON PROCESS,249750,249750
KAB. KAUR,DINAS PENDIDIKAN DAN KEBUDAYAAN - 1.01.2.22.0.00.01.0000,01KQ9M1AT7790R9A7K58JG93E7,65666253,2026,E-Katalog 6.0,APBD,DONI APRIZAL,E-Purchasing,Barang,Belanja Alat/Bahan untuk Kegiatan Kantor- Kertas dan Cover,ON PROCESS,4362300,4362300
KAB. KAUR,DINAS KESEHATAN - 1.02.0.00.0.00.01.0000,01KPABFFHVFS5FHW9TH6C7KEVM,65869558,2026,E-Katalog 6.0,APBD,CENTRAL ELEKTRO,E-Purchasing,Barang,Belanja Modal Alat Pendingin,ON PROCESS,96570000,96570000
KAB. KAUR,SEKRETARIAT DAERAH - 4.01.2.10.5.06.01.0000,01KPQB0M022K8ZXYFVYHJT0MJ3,66965378,2026,E-Katalog 6.0,APBD,RERUCA ENTERTAIMENT GROUP,E-Purchasing,Barang,PENYEDIAAN PERALATAN RUMAH TANGGA,ON PROCESS,10101000,10101000
KAB. KAUR,DINAS PERPUSTAKAAN DAN KEARSIPAN - 2.23.2.24.0.00.01.0000,01KTR58AK6VGYKDV8H8J5MP6M9,63395597,2026,E-Katalog 6.0,APBD,DONI APRIZAL,E-Purchasing,Barang,Belanja Alat/Bahan untuk Kegiatan Kantor- Bahan Cetak,ON PROCESS,1665000,1665000
KAB. KAUR,"DINAS KOMUNIKASI, INFORMATIKA, STATISTIK DAN PERSANDIAN - 2.16.2.20.2.21.01.0000",01KQ93K3466VSRP91WWE5BV4KZ,63110052,2026,E-Katalog 6.0,APBD,SEMARAK BENGKULU PERMAI,E-Purchasing,Barang,Belanja Langganan Jurnal/Surat Kabar/Majalah,ON PROCESS,18664000,18664000
KAB. KAUR,"DINAS PERUMAHAN, KAWASAN PERMUKIMAN DAN PERTANAHAN - 1.04.2.10.0.00.01.0000",01KJ707VE2K0678Q1M85C1P356,65694188,2026,E-Katalog 6.0,APBD,ROBBY FUTURE MULTI,E-Purchasing,Barang,Belanja Modal Personal Computer,ON PROCESS,31635000,31635000
KAB. KAUR,SEKRETARIAT DPRD - 4.02.0.00.0.00.01.0000,01KJEKCX36KX1N67763PNC0F39,65712199,2026,E-Katalog 6.0,APBD,RIZKI ARYA MEDIA,E-Purchasing,Jasa Lainnya,"Beban Jasa Iklan/Reklame, Film, dan Pemotretan",ON PROCESS,1098900,1098900
KAB. KAUR,"DINAS KOMUNIKASI, INFORMATIKA, STATISTIK DAN PERSANDIAN - 2.16.2.20.2.21.01.0000",01KS254W0VJ28XAX37DXRQQRA2,66980049,2026,E-Katalog 6.0,APBD,LENSA NUSANTARA MULTIMEDIA,E-Purchasing,Jasa Lainnya,"Belanja Jasa Iklan/Reklame, Film, dan Pemotretan",ON PROCESS,3600000,3600000
KAB. KAUR,"DINAS KOMUNIKASI, INFORMATIKA, STATISTIK DAN PERSANDIAN - 2.16.2.20.2.21.01.0000",01KK10K1NYDYDK7GARJ1CNTVDR,63111243,2026,E-Katalog 6.0,APBD,SIBER ZONE INDONESIA ONLINE,E-Purchasing,Jasa Lainnya,"Belanja Jasa Iklan/Reklame, Film, dan Pemotretan",ON PROCESS,2399820,2399820
KAB. KAUR,BADAN KESATUAN BANGSA DAN POLITIK - 8.01.0.00.0.00.01.0000,01KJ4ASQEYADT4ABB8T8PR21K2,64981023,2026,E-Katalog 6.0,APBD,YENA AGUSTIN,E-Purchasing,Barang,Belanja Makan dan Minuman Rapat,ON PROCESS,9157500,9157500
KAB. KAUR,DINAS PERPUSTAKAAN DAN KEARSIPAN - 2.23.2.24.0.00.01.0000,01KVYTN5BVBN0BFJM28P3JMFPY,63392263,2026,E-Katalog 6.0,APBD,TAHIRIN,E-Purchasing,Barang,Belanja Alat/Bahan untuk Kegiatan Kantor-Bahan Komputer,ON PROCESS,150960,150960
KAB. KAUR,DINAS PEKERJAAN UMUM DAN PENATAAN RUANG - 1.03.0.00.0.00.01.0000,01KKEJ29MB2WH81KKQP2H80N3N,65116970,2026,E-Katalog 6.0,APBD,FERDIYANSAH,E-Purchasing,Barang,Belanja Alat/Bahan untuk Kegiatan Kantor-Alat Tulis Kantor,PAYMENT OUTSIDE SYSTEM,320513,320513
KAB. KAUR,DINAS LINGKUNGAN HIDUP - 2.11.0.00.0.00.01.0000,01KNR3MTWG29CVWWQ04AZR59BC,63073603,2026,E-Katalog 6.0,APBD,FERDIYANSAH,E-Purchasing,Barang,Belanja Alat/Bahan untuk Kegiatan Kantor- Kertas dan Cover,ON PROCESS,2123430,2123430
KAB. KAUR,SEKRETARIAT DPRD - 4.02.0.00.0.00.01.0000,01KTNS3Z7FYCQVTJTES38Y3P71,65712199,2026,E-Katalog 6.0,APBD,KINAL WIJAYA SUMARLI,E-Purchasing,Jasa Lainnya,"Beban Jasa Iklan/Reklame, Film, dan Pemotretan",ON PROCESS,1200000,1200000
KAB. KAUR,DINAS PEKERJAAN UMUM DAN PENATAAN RUANG - 1.03.0.00.0.00.01.0000,01KQYB8M7H5E2T364QG2S5KHE6,65377838,2026,E-Katalog 6.0,APBD,FERDIYANSAH,E-Purchasing,Barang,Belanja Alat/Bahan untuk Kegiatan Kantor-Bahan Komputer,PAYMENT OUTSIDE SYSTEM,2081250,2081250
KAB. KAUR,DINAS KESEHATAN - 1.02.0.00.0.00.01.0000,01KVS5CTR3JADSN3C28M5N613K,66609950,2026,E-Katalog 6.0,APBD,ANISAH,E-Purchasing,Barang,Belanja Alat/Bahan untuk Kegiatan Kantor- Bahan Cetak,ON PROCESS,2997000,2997000
KAB. KAUR,SEKRETARIAT DPRD - 4.02.0.00.0.00.01.0000,01KS49TNYREQMKTJ93M8BJPJZD,65712199,2026,E-Katalog 6.0,APBD,SUARA WARTA NUSANTARA,E-Purchasing,Jasa Lainnya,"Beban Jasa Iklan/Reklame, Film, dan Pemotretan",ON PROCESS,1200000,1200000
KAB. KAUR,"DINAS KOMUNIKASI, INFORMATIKA, STATISTIK DAN PERSANDIAN - 2.16.2.20.2.21.01.0000",01KJVSGCPMV1CG2R7KEPG2QXYK,63111243,2026,E-Katalog 6.0,APBD,MEDIA RELASI PUBLIK,E-Purchasing,Jasa Lainnya,"Belanja Jasa Iklan/Reklame, Film, dan Pemotretan",ON PROCESS,3599730,3599730
KAB. KAUR,DINAS PERPUSTAKAAN DAN KEARSIPAN - 2.23.2.24.0.00.01.0000,01KQ8Y3WHQQFPSS45QYYEW3VMH,63392097,2026,E-Katalog 6.0,APBD,TAHIRIN,E-Purchasing,Barang,Belanja Alat/Bahan untuk Kegiatan Kantor-Alat Tulis Kantor,ON PROCESS,927960,927960
KAB. KAUR,DINAS PARIWISATA - 3.26.0.00.0.00.01.0000,01KT85M9NR6WK392QFHHWNAH8F,63716153,2026,E-Katalog 6.0,APBD,MOHAGA RAJAWALI PERS,E-Purchasing,Jasa Lainnya,"Belanja Jasa Iklan/Reklame, Film, dan Pemotretan",ON PROCESS,1000000,1000000
KAB. KAUR,SEKRETARIAT DPRD - 4.02.0.00.0.00.01.0000,01KS49YN2B2JB3NXRA7MVV6QP5,65712199,2026,E-Katalog 6.0,APBD,VIRZHA NUSANTARA INFORMASI,E-Purchasing,Jasa Lainnya,"Beban Jasa Iklan/Reklame, Film, dan Pemotretan",ON PROCESS,1200000,1200000
KAB. KAUR,RUMAH SAKIT UMUM DAERAH - 1.02.0.00.0.00.01.0001,01KHQGBRTAGEFANWWDP82A478K,63313451,2026,E-Katalog 6.0,APBD,INTERBAT,E-Purchasing,Barang,Belanja Obat-Obatan-Obat-Obatan Lainnya (Belanja Obat-Obatan) ,ON PROCESS,8226488,8226488
KAB. KAUR,"DINAS KOMUNIKASI, INFORMATIKA, STATISTIK DAN PERSANDIAN - 2.16.2.20.2.21.01.0000",01KS6VN5SEDAA2CP9C2Z86ZNFS,66980049,2026,E-Katalog 6.0,APBD,RIZKY PRATAMA MANDIRI KAUR,E-Purchasing,Jasa Lainnya,"Belanja Jasa Iklan/Reklame, Film, dan Pemotretan",ON PROCESS,2400000,0
KAB. KAUR,DINAS SATUAN POLISI PAMONG PRAJA - 1.05.0.00.0.00.01.0000,01KT6Y0010YC52RYPKJMHPXPXH,63538201,2026,E-Katalog 6.0,APBD,DONI APRIZAL,E-Purchasing,Barang,Belanja Alat/Bahan untuk Kegiatan Kantor-Bahan Komputer,ON PROCESS,317460,317460
KAB. KAUR,"DINAS KOMUNIKASI, INFORMATIKA, STATISTIK DAN PERSANDIAN - 2.16.2.20.2.21.01.0000",01KJVTT6C5CZJ3942DN6H24A2T,63111243,2026,E-Katalog 6.0,APBD,MEDIA GRUB INDO MERDEKA,E-Purchasing,Jasa Lainnya,"Belanja Jasa Iklan/Reklame, Film, dan Pemotretan",ON PROCESS,3600000,3600000
KAB. KAUR,"DINAS KOMUNIKASI, INFORMATIKA, STATISTIK DAN PERSANDIAN - 2.16.2.20.2.21.01.0000",01KJBYQXAS5M9RGWH9X1SQ4G3N,63110052,2026,E-Katalog 6.0,APBD,MEDIA BENGKULU EKSPRESS,E-Purchasing,Barang,Belanja Langganan Jurnal/Surat Kabar/Majalah,ON PROCESS,16314669,16314669
KAB. KAUR,"DINAS PENGENDALIAN PENDUDUK, KELUARGA BERENCANA, PEMBERDAYAAN PEREMPUAN DAN PERLINDUNGAN ANAK - 2.08.2.14.0.00.01.0000",01KNGN6T5WDNN1XAE4YWR96Z0G,64999058,2026,E-Katalog 6.0,APBD,DONI APRIZAL,E-Purchasing,Barang,Belanja Alat/Bahan untuk Kegiatan Kantor-Bahan Komputer,ON PROCESS,170940,170940
KAB. KAUR,DINAS PEKERJAAN UMUM DAN PENATAAN RUANG - 1.03.0.00.0.00.01.0000,10142253000,65340139,2026,Tender,APBD,CV. Demak Raya,Tender,Pekerjaan Konstruksi,Rehab Rumah Dinas Bupati,SELESAI,939760654,939760654
KAB. KAUR,DINAS KESEHATAN - 1.02.0.00.0.00.01.0000,01KR328T5RAMZTDQ2WR5RRZEP7,66182482,2026,E-Katalog 6.0,APBD,FERDIYANSAH,E-Purchasing,Barang,Belanja Alat/Bahan untuk Kegiatan Kantor-Alat Tulis Kantor,ON PROCESS,3553110,3553110
KAB. KAUR,DINAS PEKERJAAN UMUM DAN PENATAAN RUANG - 1.03.0.00.0.00.01.0000,01KWBQ9TV7KYVNP1BK2MJSQ36J,65381656,2026,E-Katalog 6.0,APBD,DONI APRIZAL,E-Purchasing,Barang,Belanja Alat/Bahan untuk Kegiatan Kantor-Bahan Komputer,ON PROCESS,3746250,3746250
KAB. KAUR,"DINAS KOMUNIKASI, INFORMATIKA, STATISTIK DAN PERSANDIAN - 2.16.2.20.2.21.01.0000",01KS1W9D22JB2GVY49FXJ1DSFP,66980049,2026,E-Katalog 6.0,APBD,HARIAN GLOBAL NUSANTARA,E-Purchasing,Jasa Lainnya,"Belanja Jasa Iklan/Reklame, Film, dan Pemotretan",ON PROCESS,3600000,3600000
KAB. KAUR,"DINAS PENGENDALIAN PENDUDUK, KELUARGA BERENCANA, PEMBERDAYAAN PEREMPUAN DAN PERLINDUNGAN ANAK - 2.08.2.14.0.00.01.0000",01KKDN6VTJMJZ59SFE9YM3PZKC,64997671,2026,E-Katalog 6.0,APBD,DONI APRIZAL,E-Purchasing,Barang,Belanja Alat/Bahan untuk Kegiatan Kantor- Bahan Cetak,ON PROCESS,865800,865800
KAB. KAUR,DINAS KESEHATAN - 1.02.0.00.0.00.01.0000,01KR09VZFAG1NVH2MFN3HXHTDA,66084181,2026,E-Katalog 6.0,APBD,PERUSAHAAN PERSEROAN (PERSERO) PT. BIO FARMA DISINGKAT PT. BIO FARMA (PERSERO),E-Purchasing,Barang,Belanja Obat-Obatan-Obat,ON PROCESS,40848000,40848000
KAB. KAUR,"DINAS KOMUNIKASI, INFORMATIKA, STATISTIK DAN PERSANDIAN - 2.16.2.20.2.21.01.0000",01KK114F68XER1DZX8MG4R6W1N,63111243,2026,E-Katalog 6.0,APBD,BUKIT BARISAN BERSATU,E-Purchasing,Jasa Lainnya,"Belanja Jasa Iklan/Reklame, Film, dan Pemotretan",ON PROCESS,3600000,3600000
KAB. KAUR,BADAN KESATUAN BANGSA DAN POLITIK - 8.01.0.00.0.00.01.0000,01KRZ3BNGW4W81MEPZCY1ECGJY,63280749,2026,E-Katalog 6.0,APBD,DONI APRIZAL,E-Purchasing,Barang,Belanja Alat/Bahan untuk Kegiatan Kantor- Kertas dan Cover,ON PROCESS,1529580,1529580
KAB. KAUR,SEKRETARIAT DPRD - 4.02.0.00.0.00.01.0000,01KHQR4EC68E3Q8Q5CD96BJZJD,64234758,2026,E-Katalog 6.0,APBD,DONI APRIZAL,E-Purchasing,Barang,Belanja Alat/Bahan untuk Kegiatan Kantor- Kertas dan Cover,ON PROCESS,23192340,23192340
KAB. KAUR,DINAS PEMBERDAYAAN MASYARAKAT DAN DESA - 2.13.0.00.0.00.01.0000,01KT9HADPBZ11TCJAXP8XRMHE4,62867143,2026,E-Katalog 6.0,APBD,RONI,E-Purchasing,Barang,Belanja Makanan dan Minuman Aktivitas Lapangan,ON PROCESS,9500000,9500000
KAB. KAUR,"DINAS KOMUNIKASI, INFORMATIKA, STATISTIK DAN PERSANDIAN - 2.16.2.20.2.21.01.0000",01KJVT7YY1Y3KK7HVM0HWFP4PQ,63111243,2026,E-Katalog 6.0,APBD,CAKRAWALA MEDIA INFORMASI,E-Purchasing,Jasa Lainnya,"Belanja Jasa Iklan/Reklame, Film, dan Pemotretan",ON PROCESS,2400000,2400000
KAB. KAUR,DINAS PERPUSTAKAAN DAN KEARSIPAN - 2.23.2.24.0.00.01.0000,01KTWXGXYCBR4FMY02DXE91VA3,63434704,2026,E-Katalog 6.0,APBD,TAHIRIN,E-Purchasing,Barang,Belanja Alat/Bahan untuk Kegiatan Kantor-Bahan Komputer,ON PROCESS,150960,150960
KAB. KAUR,DINAS PEKERJAAN UMUM DAN PENATAAN RUANG - 1.03.0.00.0.00.01.0000,10805682000,65781831,2026,Non Tender,APBD,CV. TRISYA MULTIDESAIN Consultant,Pengadaan Langsung,Jasa Konsultansi Badan Usaha Konstruksi,Perencanaan Jalan Tanjung Pandan - Padang Damar Kec. Kaur Tengah,SELESAI,19780200,19780200
KAB. KAUR,DINAS PERPUSTAKAAN DAN KEARSIPAN - 2.23.2.24.0.00.01.0000,01KP57Z2ZT4K6EXAMKY4S8AF73,63392041,2026,E-Katalog 6.0,APBD,TAHIRIN,E-Purchasing,Barang,Belanja Alat/Bahan untuk Kegiatan Kantor-Bahan Komputer,ON PROCESS,315240,315240
KAB. KAUR,"DINAS KOMUNIKASI, INFORMATIKA, STATISTIK DAN PERSANDIAN - 2.16.2.20.2.21.01.0000",01KWGBP35FSW3XHJJGG3JNY7PP,66980049,2026,E-Katalog 6.0,APBD,SUARA WARTA NUSANTARA,E-Purchasing,Jasa Lainnya,"Belanja Jasa Iklan/Reklame, Film, dan Pemotretan",ON PROCESS,1200000,1200000
KAB. KAUR,DINAS KESEHATAN - 1.02.0.00.0.00.01.0000,01KQY0ZMXWB6CN4AFYZAFNA8K4,65869552,2026,E-Katalog 6.0,APBD,JERI PURWANTO,E-Purchasing,Barang,Belanja Modal Mebel,ON PROCESS,141214200,141214200
KAB. KAUR,DINAS KETAHANAN PANGAN - 2.09.0.00.0.00.01.0000,01KJP97C1XYJ8X5AFZ88A8XPD6,63024911,2026,E-Katalog 6.0,APBD,ANISAH,E-Purchasing,Barang,Belanja Alat/Bahan untuk Kegiatan Kantor-Alat Tulis Kantor,ON PROCESS,979400,979400
KAB. KAUR,DINAS PENANAMAN MODAL DAN PELAYANAN TERPADU SATU PINTU - 2.18.0.00.0.00.01.0000,01KQ6JW9E2QJS47NPD319N5954,65443019,2026,E-Katalog 6.0,APBD,DONI APRIZAL,E-Purchasing,Barang,Belanja Alat/Bahan untuk Kegiatan Kantor- Kertas dan Cover,ON PROCESS,708180,708180
KAB. KAUR,DINAS KESEHATAN - 1.02.0.00.0.00.01.0000,01KJPNYXTSP6BNMQVSM4KH8HSS,65869556,2026,E-Katalog 6.0,APBD,FERDIYANSAH,E-Purchasing,Barang,Belanja Alat/Bahan untuk Kegiatan Kantor-Alat Tulis Kantor,ON PROCESS,29045925,29045925
KAB. KAUR,DINAS KESEHATAN - 1.02.0.00.0.00.01.0000,01KR0M1JNYWY40Q5647QQY5Z03,66182482,2026,E-Katalog 6.0,APBD,ANISAH,E-Purchasing,Barang,Belanja Alat/Bahan untuk Kegiatan Kantor-Alat Tulis Kantor,ON PROCESS,9057600,9057600
KAB. KAUR,DINAS PEKERJAAN UMUM DAN PENATAAN RUANG - 1.03.0.00.0.00.01.0000,10857290000,65340521,2026,Non Tender,APBD,cv.rafasya jaya,Pengadaan Langsung,Pekerjaan Konstruksi,Pembangunan Pagar Rumah Dinas Danlanal Linau tahun 2026,SELESAI,125074086,125074086
KAB. KAUR,BADAN PENGELOLAAN KEUANGAN DAN ASET DAERAH - 5.02.0.00.0.00.01.0000,01KT8AWT8ZXYJ4Y6AH30AV6RJ7,67226919,2026,E-Katalog 6.0,APBD,DONI APRIZAL,E-Purchasing,Barang,Belanja Alat/Bahan untuk Kegiatan Kantor-Alat Tulis Kantor,ON PROCESS,1276500,1276500
KAB. KAUR,DINAS PENDIDIKAN DAN KEBUDAYAAN - 1.01.2.22.0.00.01.0000,01KPCT2CX50ERX5GR2NHABY3KW,65679801,2026,E-Katalog 6.0,APBD,DONI APRIZAL,E-Purchasing,Barang,Belanja Alat/Bahan untuk Kegiatan Kantor- Kertas dan Cover,ON PROCESS,1141080,1141080
KAB. KAUR,"DINAS KOMUNIKASI, INFORMATIKA, STATISTIK DAN PERSANDIAN - 2.16.2.20.2.21.01.0000",01KWG8T8MN9FHKCEM9SFYE7AZH,66980049,2026,E-Katalog 6.0,APBD,TEGAR KUPAS MEDIATAMA,E-Purchasing,Jasa Lainnya,"Belanja Jasa Iklan/Reklame, Film, dan Pemotretan",ON PROCESS,1200000,1200000
KAB. KAUR,DINAS PENDIDIKAN DAN KEBUDAYAAN - 1.01.2.22.0.00.01.0000,01KS1QFWSMMDTR448P6WZV207J,65802859,2026,E-Katalog 6.0,APBD,ANDALAS CEMERLANG ABADI,E-Purchasing,Barang,Belanja Modal Alat Penyimpan Perlengkapan Kantor,ON PROCESS,6530000,6530000
KAB. KAUR,DINAS PEKERJAAN UMUM DAN PENATAAN RUANG - 1.03.0.00.0.00.01.0000,01KKCPAYN20E6M552JBW62JWZS,65117335,2026,E-Katalog 6.0,APBD,FERDIYANSAH,E-Purchasing,Barang,Belanja Alat/Bahan untuk Kegiatan Kantor-Bahan Komputer,PAYMENT OUTSIDE SYSTEM,1147740,1147740
KAB. KAUR,BADAN PENGELOLAAN KEUANGAN DAN ASET DAERAH - 5.02.0.00.0.00.01.0000,01KV54KB9W517JQX7PW1BBZEQM,63516848,2026,E-Katalog 6.0,APBD,ERA BARU,E-Purchasing,Barang,Belanja Cetak Buku,ON PROCESS,34965000,34965000
KAB. KAUR,"DINAS KOMUNIKASI, INFORMATIKA, STATISTIK DAN PERSANDIAN - 2.16.2.20.2.21.01.0000",01KJSCXGPE4RSC7MFXS7E7JX2N,63111243,2026,E-Katalog 6.0,APBD,MANDIRI NEWS CYBER,E-Purchasing,Jasa Lainnya,"Belanja Jasa Iklan/Reklame, Film, dan Pemotretan",ON PROCESS,3600000,3600000
KAB. KAUR,"DINAS KOMUNIKASI, INFORMATIKA, STATISTIK DAN PERSANDIAN - 2.16.2.20.2.21.01.0000",01KJSAXS8JW8AG4PWXXYB04RE6,63111243,2026,E-Katalog 6.0,APBD,SUARA AGUNG CAKRA NUSANTARA,E-Purchasing,Jasa Lainnya,"Belanja Jasa Iklan/Reklame, Film, dan Pemotretan",ON PROCESS,4799640,4799640
KAB. KAUR,DINAS KETAHANAN PANGAN - 2.09.0.00.0.00.01.0000,01KJPAA0N3VRTMSR742ZA9DND7,63024911,2026,E-Katalog 6.0,APBD,ANISAH,E-Purchasing,Barang,Belanja Alat/Bahan untuk Kegiatan Kantor-Alat Tulis Kantor,ON PROCESS,2160000,2160000
KAB. KAUR,SEKRETARIAT DPRD - 4.02.0.00.0.00.01.0000,01KTNPP43M9DF9GB6WCX18NX7Z,65712199,2026,E-Katalog 6.0,APBD,HARIAN GLOBAL NUSANTARA,E-Purchasing,Jasa Lainnya,"Beban Jasa Iklan/Reklame, Film, dan Pemotretan",ON PROCESS,1200000,1200000
KAB. KAUR,"DINAS KOMUNIKASI, INFORMATIKA, STATISTIK DAN PERSANDIAN - 2.16.2.20.2.21.01.0000",01KHATZWK7NA32GH921XMD60XG,63111243,2026,E-Katalog 6.0,APBD,YAGA YINGDE JAMBI,E-Purchasing,Jasa Lainnya,"Belanja Jasa Iklan/Reklame, Film, dan Pemotretan",ON PROCESS,14985000,14985000
KAB. KAUR,"DINAS KOMUNIKASI, INFORMATIKA, STATISTIK DAN PERSANDIAN - 2.16.2.20.2.21.01.0000",01KWGBH3CVHYYVJ7BAV9M5WAGS,66980049,2026,E-Katalog 6.0,APBD,INSPIRASI KARYA MEDIA,E-Purchasing,Jasa Lainnya,"Belanja Jasa Iklan/Reklame, Film, dan Pemotretan",ON PROCESS,1200000,1200000
KAB. KAUR,"DINAS KOMUNIKASI, INFORMATIKA, STATISTIK DAN PERSANDIAN - 2.16.2.20.2.21.01.0000",01KWTJFS09A93XNQ5ANGYDVC9M,66980049,2026,E-Katalog 6.0,APBD,RAJA SEMESTA RADAR KAUR,E-Purchasing,Jasa Lainnya,"Belanja Jasa Iklan/Reklame, Film, dan Pemotretan",ON PROCESS,18000000,18000000
KAB. KAUR,RUMAH SAKIT UMUM DAERAH - 1.02.0.00.0.00.01.0001,01KNRFKYMZTVW99NTNZGTS3MT8,63315960,2026,E-Katalog 6.0,APBD,ASNAWI REZA,E-Purchasing,Barang,Belanja Modal Alat Pendingin,ON PROCESS,200060850,200060850
KAB. KAUR,"DINAS KOMUNIKASI, INFORMATIKA, STATISTIK DAN PERSANDIAN - 2.16.2.20.2.21.01.0000",01KPW075QYSCWTNCKDPBBN8BZY,66980049,2026,E-Katalog 6.0,APBD,RAJA SEMESTA RADAR KAUR,E-Purchasing,Jasa Lainnya,"Belanja Jasa Iklan/Reklame, Film, dan Pemotretan",ON PROCESS,13200000,13200000
KAB. KAUR,DINAS PEMBERDAYAAN MASYARAKAT DAN DESA - 2.13.0.00.0.00.01.0000,01KN3TK31D1G1BP3J9EV31EW41,62867137,2026,E-Katalog 6.0,APBD,DONI APRIZAL,E-Purchasing,Barang,Belanja Alat/Bahan untuk Kegiatan Kantor- Kertas dan Cover,ON PROCESS,763125,763125
KAB. KAUR,"DINAS PENGENDALIAN PENDUDUK, KELUARGA BERENCANA, PEMBERDAYAAN PEREMPUAN DAN PERLINDUNGAN ANAK - 2.08.2.14.0.00.01.0000",01KNKE3GB2ZGF9DHF6S52HYP89,64701383,2026,E-Katalog 6.0,APBD,TAHIRIN,E-Purchasing,Barang,Belanja Alat/Bahan untuk Kegiatan Kantor- Kertas dan Cover,ON PROCESS,2863800,2863800
KAB. KAUR,DINAS PARIWISATA - 3.26.0.00.0.00.01.0000,01KHWWKJH4JQ624ZJAKZNSY118,63406253,2026,E-Katalog 6.0,APBD,FERDIYANSAH,E-Purchasing,Barang,Belanja Alat/Bahan untuk Kegiatan Kantor- Bahan Cetak,ON PROCESS,310800,310800
KAB. KAUR,"BADAN PERENCANAAN PEMBANGUNAN, RISET DAN INOVASI DAERAH - 5.01.5.05.0.00.01.0000",01KTR2YVMRCHSY61YDJ2GYGSNJ,67278248,2026,E-Katalog 6.0,APBD,DONI APRIZAL,E-Purchasing,Barang,Belanja Alat/Bahan untuk Kegiatan Kantor-Alat Listrik,ON PROCESS,2353200,2353200
KAB. KAUR,SEKRETARIAT DPRD - 4.02.0.00.0.00.01.0000,01KHX13HAR0MS4BGZ5WB9H4WWX,65712198,2026,E-Katalog 6.0,APBD,WAHANA SEMESTA BENGKULU TELEVISI,E-Purchasing,Jasa Lainnya,-,ON PROCESS,49950000,49950000
KAB. KAUR,DINAS PERPUSTAKAAN DAN KEARSIPAN - 2.23.2.24.0.00.01.0000,01KQ8WD3N4FW7VN634Y85ENH72,63394047,2026,E-Katalog 6.0,APBD,DIANA YUSIPA,E-Purchasing,Barang,Belanja Makanan dan Minuman Aktivitas Lapangan,ON PROCESS,3808000,3808000
KAB. KAUR,"DINAS KOMUNIKASI, INFORMATIKA, STATISTIK DAN PERSANDIAN - 2.16.2.20.2.21.01.0000",01KW8SVJ128DGWJEAKZNF37ZBV,63110052,2026,E-Katalog 6.0,APBD,MEDIA BENGKULU EKSPRESS,E-Purchasing,Barang,Belanja Langganan Jurnal/Surat Kabar/Majalah,ON PROCESS,17657325,17657325
KAB. KAUR,"BADAN PERENCANAAN PEMBANGUNAN, RISET DAN INOVASI DAERAH - 5.01.5.05.0.00.01.0000",01KKAWFQJJM8KDA6DZHHZ7XBSG,65227884,2026,E-Katalog 6.0,APBD,YENA AGUSTIN,E-Purchasing,Barang,Belanja Makanan dan Minuman Rapat,ON PROCESS,7375000,7375000
KAB. KAUR,DINAS KESEHATAN - 1.02.0.00.0.00.01.0000,01KPQ6GHHXX5KEBGAZKSFP3ZJV,66896699,2026,E-Katalog 6.0,APBD,FERDIYANSAH,E-Purchasing,Barang,Belanja Alat/Bahan untuk Kegiatan Kantor-Bahan Komputer,ON PROCESS,4995000,4995000
KAB. KAUR,"DINAS KOMUNIKASI, INFORMATIKA, STATISTIK DAN PERSANDIAN - 2.16.2.20.2.21.01.0000",01KWKE347YXAX7XKW43F2VZ3AZ,66980049,2026,E-Katalog 6.0,APBD,WANTARA JABAT PERKASA MEDIA,E-Purchasing,Jasa Lainnya,"Belanja Jasa Iklan/Reklame, Film, dan Pemotretan",ON PROCESS,1200000,1200000
KAB. KAUR,DINAS PERHUBUNGAN - 2.15.0.00.0.00.01.0000,01KTR4P312T5NZ9N5YQFV910Z8,65857164,2026,E-Katalog 6.0,APBD,ANISAH,E-Purchasing,Barang,Belanja Alat/Bahan untuk Kegiatan Kantor- Bahan Cetak,ON PROCESS,21381375,21381375
KAB. KAUR,DINAS PARIWISATA - 3.26.0.00.0.00.01.0000,01KHWZXWD98DM080K5X1PPM3TF,63406592,2026,E-Katalog 6.0,APBD,FERDIYANSAH,E-Purchasing,Barang,Belanja Alat/Bahan untuk Kegiatan Kantor- Bahan Cetak,ON PROCESS,310800,310800
KAB. KAUR,"DINAS KOMUNIKASI, INFORMATIKA, STATISTIK DAN PERSANDIAN - 2.16.2.20.2.21.01.0000",01KWKCT3DH5WDSBWZBGZ4S4CXJ,66980049,2026,E-Katalog 6.0,APBD,MANDIRI NEWS CYBER,E-Purchasing,Jasa Lainnya,"Belanja Jasa Iklan/Reklame, Film, dan Pemotretan",ON PROCESS,1200000,1200000
KAB. KAUR,"DINAS KOMUNIKASI, INFORMATIKA, STATISTIK DAN PERSANDIAN - 2.16.2.20.2.21.01.0000",01KJS7EHGK522NE2S3HYTMX2EK,63111243,2026,E-Katalog 6.0,APBD,SEMESTA MEDIA KAUR,E-Purchasing,Jasa Lainnya,"Belanja Jasa Iklan/Reklame, Film, dan Pemotretan",ON PROCESS,3600000,3600000
KAB. KAUR,SEKRETARIAT DPRD - 4.02.0.00.0.00.01.0000,01KKC6CYD0RWEJR5B2DVVNVQKB,65712199,2026,E-Katalog 6.0,APBD,INSPIRASI KARYA MEDIA,E-Purchasing,Jasa Lainnya,"Beban Jasa Iklan/Reklame, Film, dan Pemotretan",ON PROCESS,1200000,1200000
KAB. KAUR,SEKRETARIAT DPRD - 4.02.0.00.0.00.01.0000,01KJPEM3F8492SECEFTG6WMTD6,65712199,2026,E-Katalog 6.0,APBD,SUARA WARTA NUSANTARA,E-Purchasing,Jasa Lainnya,"Beban Jasa Iklan/Reklame, Film, dan Pemotretan",ON PROCESS,1199910,1199910
KAB. KAUR,SEKRETARIAT DPRD - 4.02.0.00.0.00.01.0000,01KVEVTZTWDFE9RJ85TGV5DTX2,65712199,2026,E-Katalog 6.0,APBD,SRIKANDI PUTREY NUSANTARA,E-Purchasing,Jasa Lainnya,"Beban Jasa Iklan/Reklame, Film, dan Pemotretan",ON PROCESS,1200000,1200000
KAB. KAUR,SEKRETARIAT DAERAH - 4.01.2.10.5.06.01.0000,01KH3DPW4333XPH6DKKCM6GN9Y,63531965,2026,E-Katalog 6.0,APBD,ANISAH,E-Purchasing,Barang,Belanja Alat/Bahan untuk Kegiatan Kantor- Bahan Cetak,ON PROCESS,2528580,2528580
KAB. KAUR,DINAS PARIWISATA - 3.26.0.00.0.00.01.0000,01KSEMF7S64C22RMV7E14B1S0V,63716153,2026,E-Katalog 6.0,APBD,JARI FANAMAS LAMPUNG,E-Purchasing,Jasa Lainnya,"Belanja Jasa Iklan/Reklame, Film, dan Pemotretan",ON PROCESS,1000000,1000000
KAB. KAUR,"DINAS KOMUNIKASI, INFORMATIKA, STATISTIK DAN PERSANDIAN - 2.16.2.20.2.21.01.0000",01KJCDGJ03NQZGN675SBQFRS00,63111243,2026,E-Katalog 6.0,APBD,TITI FIRDA KUSNI,E-Purchasing,Jasa Lainnya,"Belanja Jasa Iklan/Reklame, Film, dan Pemotretan",ON PROCESS,4799640,4799640
KAB. KAUR,DINAS PARIWISATA - 3.26.0.00.0.00.01.0000,01KTB0354362BX1HJKD899EY68,63716153,2026,E-Katalog 6.0,APBD,SAQEEF DIERRI MEDIA,E-Purchasing,Jasa Lainnya,"Belanja Jasa Iklan/Reklame, Film, dan Pemotretan",ON PROCESS,1000000,1000000
KAB. KAUR,SEKRETARIAT DPRD - 4.02.0.00.0.00.01.0000,01KJP4J3AFXY8FAPTHHQ3560WD,65712199,2026,E-Katalog 6.0,APBD,INDONESIA MONITORING NEWS,E-Purchasing,Jasa Lainnya,"Beban Jasa Iklan/Reklame, Film, dan Pemotretan",ON PROCESS,1199910,1199910
KAB. KAUR,DINAS PENDIDIKAN DAN KEBUDAYAAN - 1.01.2.22.0.00.01.0000,01KPD9ZHAQBZGHDTCME7PHBWZZ,65679890,2026,E-Katalog 6.0,APBD,DONI APRIZAL,E-Purchasing,Barang,Belanja Alat/Bahan untuk Kegiatan Kantor-Alat Tulis Kantor,ON PROCESS,1217670,1217670
KAB. KAUR,"DINAS KOMUNIKASI, INFORMATIKA, STATISTIK DAN PERSANDIAN - 2.16.2.20.2.21.01.0000",01KJCD2B6KA8ZSVZ9QK1DE4XJH,63111243,2026,E-Katalog 6.0,APBD,KARYA MUDA CYBER,E-Purchasing,Jasa Lainnya,"Belanja Jasa Iklan/Reklame, Film, dan Pemotretan",ON PROCESS,3600000,3600000
KAB. KAUR,"DINAS KOMUNIKASI, INFORMATIKA, STATISTIK DAN PERSANDIAN - 2.16.2.20.2.21.01.0000",01KS6Z34SEK6KYAHPVTY0R0CMY,66980049,2026,E-Katalog 6.0,APBD,RIZKY PRATAMA MANDIRI KAUR,E-Purchasing,Jasa Lainnya,"Belanja Jasa Iklan/Reklame, Film, dan Pemotretan",ON PROCESS,1200000,1200000
KAB. KAUR,DINAS PERPUSTAKAAN DAN KEARSIPAN - 2.23.2.24.0.00.01.0000,01KT6DVSD9BT2Z6MERFZWGMFX9,63434702,2026,E-Katalog 6.0,APBD,MESI YULIANA,E-Purchasing,Barang,Belanja Makanan dan Minuman Aktivitas Lapangan,ON PROCESS,2400000,2400000
KAB. KAUR,DINAS PARIWISATA - 3.26.0.00.0.00.01.0000,01KHQYYJ3ZNN8V4SCSBGV56RW2,63627201,2026,E-Katalog 6.0,APBD,FERDIYANSAH,E-Purchasing,Barang,Belanja Alat/Bahan untuk Kegiatan Kantor-Alat Tulis Kantor,ON PROCESS,444000,444000
KAB. KAUR,"DINAS PERUMAHAN, KAWASAN PERMUKIMAN DAN PERTANAHAN - 1.04.2.10.0.00.01.0000",01KMYT5YPAXCWG5BC6CS3DF0FB,62842521,2026,E-Katalog 6.0,APBD,TAHIRIN,E-Purchasing,Barang,Belanja Alat/Bahan untuk Kegiatan Kantor-Alat Tulis Kantor,ON PROCESS,1510710,1510710
KAB. KAUR,DINAS SATUAN POLISI PAMONG PRAJA - 1.05.0.00.0.00.01.0000,01KRGRRXVZ7BZYXPZ1P65XHFA9,63538501,2026,E-Katalog 6.0,APBD,DONI APRIZAL,E-Purchasing,Barang,Belanja Alat/Bahan untuk Kegiatan Kantor-Perabot Kantor,ON PROCESS,1645686,1645686
KAB. KAUR,DINAS PEMBERDAYAAN MASYARAKAT DAN DESA - 2.13.0.00.0.00.01.0000,01KN3PQQEE1EC812T4B5AWXCDY,62867136,2026,E-Katalog 6.0,APBD,DONI APRIZAL,E-Purchasing,Barang,Belanja Alat/Bahan untuk Kegiatan Kantor-Alat Tulis Kantor,ON PROCESS,999000,999000
KAB. KAUR,DINAS KESEHATAN - 1.02.0.00.0.00.01.0000,01KJPKRTTFD3SW381DRBWSRASP,65865342,2026,E-Katalog 6.0,APBD,FERDIYANSAH,E-Purchasing,Barang,Belanja Alat/Bahan untuk Kegiatan Kantor-Bahan Komputer,ON PROCESS,2897100,2897100
KAB. KAUR,DINAS PENDIDIKAN DAN KEBUDAYAAN - 1.01.2.22.0.00.01.0000,01KPCRNWXEXW7H43KH4F27NSBQ,65680671,2026,E-Katalog 6.0,APBD,DONI APRIZAL,E-Purchasing,Barang,Belanja Alat/Bahan untuk Kegiatan Kantor- Kertas dan Cover,ON PROCESS,4604280,4604280
KAB. KAUR,DINAS KESEHATAN - 1.02.0.00.0.00.01.0000,01KJPFR9FWV23G7Q7Z81R6CSM3,65868968,2026,E-Katalog 6.0,APBD,FERDIYANSAH,E-Purchasing,Barang,Belanja Alat/Bahan untuk Kegiatan Kantor-Bahan Komputer,ON PROCESS,5794200,5794200
KAB. KAUR,DINAS KESEHATAN - 1.02.0.00.0.00.01.0000,01KS45KQCBRPCVYAEGSSWC2WDB,66182473,2026,E-Katalog 6.0,APBD,FERDIYANSAH,E-Purchasing,Barang,Belanja Alat/Bahan untuk Kegiatan Kantor- Kertas dan Cover,ON PROCESS,793650,793650
KAB. KAUR,BADAN KESATUAN BANGSA DAN POLITIK - 8.01.0.00.0.00.01.0000,01KJ7AF79T4ZV82626GJDGBWZD,63281646,2026,E-Katalog 6.0,APBD,DONI APRIZAL,E-Purchasing,Barang,Belanja Alat/Bahan untuk Kegiatan Kantor- Kertas dan Cover,ON PROCESS,357975,357975
KAB. KAUR,"DINAS KOMUNIKASI, INFORMATIKA, STATISTIK DAN PERSANDIAN - 2.16.2.20.2.21.01.0000",01KJC2X4AK6ZVNBJ1Y4MFX4A2E,63111243,2026,E-Katalog 6.0,APBD,RAKYAT INDEPENDEN MEDIA,E-Purchasing,Jasa Lainnya,"Belanja Jasa Iklan/Reklame, Film, dan Pemotretan",ON PROCESS,3600000,3600000
KAB. KAUR,DINAS PEMBERDAYAAN MASYARAKAT DAN DESA - 2.13.0.00.0.00.01.0000,01KN3KS1NYCFKKQRGKARH4RNCE,62867141,2026,E-Katalog 6.0,APBD,ANISAH,E-Purchasing,Barang,"Belanja Jasa Iklan/Reklame, Film, dan Pemotretan",ON PROCESS,647130,647130
KAB. KAUR,SEKRETARIAT DPRD - 4.02.0.00.0.00.01.0000,01KJEJMQNSC1DYRZ0ZNEP2G17Q,65712199,2026,E-Katalog 6.0,APBD,MEDIA CITRA BENGKULU,E-Purchasing,Jasa Lainnya,"Beban Jasa Iklan/Reklame, Film, dan Pemotretan",ON PROCESS,1200000,1200000
KAB. KAUR,RUMAH SAKIT UMUM DAERAH - 1.02.0.00.0.00.01.0001,01KP30BRA45BXMRC6W3T9707WZ,66883814,2026,E-Katalog 6.0,BLUD,ASNAWI REZA,E-Purchasing,Barang,Belanja Modal Peralatan dan Mesin BLUD,ON PROCESS,11655000,11655000
KAB. KAUR,"DINAS KOMUNIKASI, INFORMATIKA, STATISTIK DAN PERSANDIAN - 2.16.2.20.2.21.01.0000",01KS1VGJH02GH7YDJ4ENNFPK7Z,66980049,2026,E-Katalog 6.0,APBD,SUARA MASSA MEDIA,E-Purchasing,Jasa Lainnya,"Belanja Jasa Iklan/Reklame, Film, dan Pemotretan",ON PROCESS,3600000,3600000
KAB. KAUR,"DINAS KOMUNIKASI, INFORMATIKA, STATISTIK DAN PERSANDIAN - 2.16.2.20.2.21.01.0000",01KK10ATSQ6ZKHPVZBE8XCE495,63111243,2026,E-Katalog 6.0,APBD,FORTIS FORTUNA MEDIA,E-Purchasing,Jasa Lainnya,"Belanja Jasa Iklan/Reklame, Film, dan Pemotretan",ON PROCESS,3599730,3599730
KAB. KAUR,"DINAS KOMUNIKASI, INFORMATIKA, STATISTIK DAN PERSANDIAN - 2.16.2.20.2.21.01.0000",01KMPGY16RXHHBY5NHCME4TEBT,63110052,2026,E-Katalog 6.0,APBD,SEMARAK BENGKULU PERMAI,E-Purchasing,Barang,Belanja Langganan Jurnal/Surat Kabar/Majalah,ON PROCESS,18664000,18664000
KAB. KAUR,DINAS KESEHATAN - 1.02.0.00.0.00.01.0000,01KQHE2TWQYANBEFGZWR0HCAAJ,66084183,2026,E-Katalog 6.0,APBD,BUMI SARANA MAJU,E-Purchasing,Barang,Belanja Obat-Obatan-Obat-Obatan Lainnya,ON PROCESS,286341217,286341217
KAB. KAUR,SEKRETARIAT DPRD - 4.02.0.00.0.00.01.0000,01KTNS8CXEM9AA0R0Y27BTHKAP,65712199,2026,E-Katalog 6.0,APBD,RIZKI ARYA MEDIA,E-Purchasing,Jasa Lainnya,"Beban Jasa Iklan/Reklame, Film, dan Pemotretan",ON PROCESS,1098900,1098900
KAB. KAUR,"DINAS KOMUNIKASI, INFORMATIKA, STATISTIK DAN PERSANDIAN - 2.16.2.20.2.21.01.0000",01KJRXXGR9S7MQ374ZFPRXEEPB,63111243,2026,E-Katalog 6.0,APBD,MAJALAH SUDUT PANDANG,E-Purchasing,Jasa Lainnya,"Belanja Jasa Iklan/Reklame, Film, dan Pemotretan",ON PROCESS,3599730,3599730
KAB. KAUR,"DINAS KOMUNIKASI, INFORMATIKA, STATISTIK DAN PERSANDIAN - 2.16.2.20.2.21.01.0000",01KG6CEYZFGSPRGGREM4C2K6Y3,63110052,2026,E-Katalog 6.0,APBD,MEDIA BENGKULU EKSPRESS,E-Purchasing,Barang,Belanja Langganan Jurnal/Surat Kabar/Majalah,ON PROCESS,32629338,32629338
KAB. KAUR,"DINAS KOMUNIKASI, INFORMATIKA, STATISTIK DAN PERSANDIAN - 2.16.2.20.2.21.01.0000",01KJRYNBD59X245FXM1WEVKXT8,63111243,2026,E-Katalog 6.0,APBD,SELATAN IBU PERTIWI,E-Purchasing,Jasa Lainnya,"Belanja Jasa Iklan/Reklame, Film, dan Pemotretan",ON PROCESS,3599730,3599730
KAB. KAUR,SEKRETARIAT DPRD - 4.02.0.00.0.00.01.0000,01KKTBYXRVAXQ0WVW4KP1K695W,64237296,2026,E-Katalog 6.0,APBD,DONI APRIZAL,E-Purchasing,Barang,Belanja Alat/Bahan untuk Kegiatan Kantor-Alat Tulis Kantor,ON PROCESS,20432325,20432325
KAB. KAUR,SEKRETARIAT DPRD - 4.02.0.00.0.00.01.0000,01KJEHQVQQDN6QBP6A2CS5CSV9,65712199,2026,E-Katalog 6.0,APBD,VIRZHA NUSANTARA INFORMASI,E-Purchasing,Jasa Lainnya,"Beban Jasa Iklan/Reklame, Film, dan Pemotretan",ON PROCESS,1200000,1200000
KAB. KAUR,DINAS KESEHATAN - 1.02.0.00.0.00.01.0000,01KQXH5VADQE5YT35A6JBG9BJC,66084179,2026,E-Katalog 6.0,APBD,FERDIYANSAH,E-Purchasing,Barang,Belanja Alat/Bahan untuk Kegiatan Kantor- Bahan Cetak,ON PROCESS,3089707,3089707
KAB. KAUR,"DINAS KOMUNIKASI, INFORMATIKA, STATISTIK DAN PERSANDIAN - 2.16.2.20.2.21.01.0000",01KS1TWYGSJSWZW9PYK1WCXM4Y,66980049,2026,E-Katalog 6.0,APBD,MEDIA ONLINE SRIWIJAYA,E-Purchasing,Jasa Lainnya,"Belanja Jasa Iklan/Reklame, Film, dan Pemotretan",ON PROCESS,3600000,3600000
KAB. KAUR,DINAS SOSIAL - 1.06.0.00.0.00.01.0000,01KRWVJJPSY7N2C3GDVK09Z5K6,66165805,2026,E-Katalog 6.0,APBD,TAHIRIN,E-Purchasing,Barang,Belanja Alat/Bahan untuk Kegiatan Kantor- Kertas dan Cover,ON PROCESS,382950,382950
KAB. KAUR,"DINAS KOMUNIKASI, INFORMATIKA, STATISTIK DAN PERSANDIAN - 2.16.2.20.2.21.01.0000",01KS75TEXPW6VKWTWKWPTJ1XF2,66980049,2026,E-Katalog 6.0,APBD,BENGKULU NETWORK MEDIATAMA,E-Purchasing,Jasa Lainnya,"Belanja Jasa Iklan/Reklame, Film, dan Pemotretan",ON PROCESS,2400000,2400000
KAB. KAUR,SEKRETARIAT DPRD - 4.02.0.00.0.00.01.0000,01KKC64H7GKC1MDJTBZ4QNEM8E,65712199,2026,E-Katalog 6.0,APBD,YUSMAN,E-Purchasing,Jasa Lainnya,"Beban Jasa Iklan/Reklame, Film, dan Pemotretan",ON PROCESS,1200000,1200000
KAB. KAUR,"DINAS KOMUNIKASI, INFORMATIKA, STATISTIK DAN PERSANDIAN - 2.16.2.20.2.21.01.0000",01KJSB2JGQE76412R5CQ1JY12J,63111243,2026,E-Katalog 6.0,APBD,CAKRA CYBER INDONESIA,E-Purchasing,Jasa Lainnya,"Belanja Jasa Iklan/Reklame, Film, dan Pemotretan",ON PROCESS,4799640,4799640
KAB. KAUR,DINAS KESEHATAN - 1.02.0.00.0.00.01.0000,01KPQ7M7GD3FWMR3T7KN2EP8JG,66896634,2026,E-Katalog 6.0,APBD,FERDIYANSAH,E-Purchasing,Barang," Belanja Alat/Bahan untuk Kegiatan Kantor- Bahan Cetak",ON PROCESS,4795200,4795200
KAB. KAUR,DINAS PEKERJAAN UMUM DAN PENATAAN RUANG - 1.03.0.00.0.00.01.0000,01KKJ2KV1XVPPX4BYZA8CSJN0G,65567502,2026,E-Katalog 6.0,APBD,FERDIYANSAH,E-Purchasing,Barang,Belanja Alat/Bahan untuk Kegiatan Kantor-Alat Tulis Kantor,ON PROCESS,6669657,6669657
KAB. KAUR,DINAS PEMBERDAYAAN MASYARAKAT DAN DESA - 2.13.0.00.0.00.01.0000,01KS1SKX60DG6RBT6DPRJD7Y8Y,62867141,2026,E-Katalog 6.0,APBD,ANISAH,E-Purchasing,Barang,"Belanja Jasa Iklan/Reklame, Film, dan Pemotretan",ON PROCESS,659340,659340
KAB. KAUR,DINAS KEPENDUDUKAN DAN PENCATATAN SIPIL - 2.12.0.00.0.00.01.0000,01KKDK3GZE87T36FKK9M42ZX3K,66189203,2026,E-Katalog 6.0,APBD,ALE TEKNO KOMPUTER,E-Purchasing,Barang,Belanja Modal Peralatan Personal Computer,ON PROCESS,22582950,0
KAB. KAUR,DINAS PENDIDIKAN DAN KEBUDAYAAN - 1.01.2.22.0.00.01.0000,01KRB2FMJN7VSVQ9HXCRPV5D1M,65802857,2026,E-Katalog 6.0,APBD,DONI APRIZAL,E-Purchasing,Barang,Belanja Natura dan Pakan-Natura,ON PROCESS,1121655,1121655
KAB. KAUR,"DINAS PENGENDALIAN PENDUDUK, KELUARGA BERENCANA, PEMBERDAYAAN PEREMPUAN DAN PERLINDUNGAN ANAK - 2.08.2.14.0.00.01.0000",01KQS1150W9GMTXNTTG29JPZ56,65004530,2026,E-Katalog 6.0,APBD,DONI APRIZAL,E-Purchasing,Barang,Belanja Alat/Bahan untuk Kegiatan Kantor-Bahan Komputer,ON PROCESS,419580,419580
KAB. KAUR,DINAS KESEHATAN - 1.02.0.00.0.00.01.0000,01KT8JZK30HJB7G3A89PKRTP5R,66084181,2026,E-Katalog 6.0,APBD,TRIPUTRA MANDIRI DISTRIBUSI,E-Purchasing,Barang,Belanja Obat-Obatan-Obat,ON PROCESS,89392740,89392740
KAB. KAUR,DINAS SATUAN POLISI PAMONG PRAJA - 1.05.0.00.0.00.01.0000,01KVEZN8CF3E7WGYDM5Q014DM7,63538283,2026,E-Katalog 6.0,APBD,DONI APRIZAL,E-Purchasing,Barang,Belanja Alat/Bahan untuk Kegiatan Kantor-Alat Tulis Kantor,ON PROCESS,91930,91930
KAB. KAUR,DINAS PERPUSTAKAAN DAN KEARSIPAN - 2.23.2.24.0.00.01.0000,01KTNG1PQ5VCCTHNDR50KCBPNV,63395595,2026,E-Katalog 6.0,APBD,DONI APRIZAL,E-Purchasing,Barang,Belanja Alat/Bahan untuk Kegiatan Kantor-Alat Tulis Kantor,ON PROCESS,1114293,1114293
KAB. KAUR,DINAS PENDIDIKAN DAN KEBUDAYAAN - 1.01.2.22.0.00.01.0000,01KQRHABBX5SCFWQW39690NFGS,64492672,2026,E-Katalog 6.0,APBD,TAHIRIN,E-Purchasing,Barang,Belanja Alat/Bahan untuk Kegiatan Kantor-Alat Tulis Kantor,ON PROCESS,2042400,2042400
KAB. KAUR,DINAS PEMBERDAYAAN MASYARAKAT DAN DESA - 2.13.0.00.0.00.01.0000,01KJ4KNWNK5QHMP6VCS32R7PQZ,65661422,2026,E-Katalog 6.0,APBD,RONI,E-Purchasing,Barang,Belanja makan minum sosialisasi rumah pangan (pokja III),ON PROCESS,7500000,7500000
KAB. KAUR,DINAS PERIKANAN - 3.25.0.00.0.00.01.0000,01KJ78XESZ7V47X4VY2HZQ1ZHB,64965403,2026,E-Katalog 6.0,APBD,PUTRA PENDAWA SADAPAINGAN,E-Purchasing,Barang,"Belanja Bantuan Sosial Barang yang direncanakan kepada Kelompok Masyarakat, Paket Peralatan Pengolahan dan Pemasaran Pelaku Usaha Ikan Keliling dan Paket Peralatan Pengolahan dan Pemasaran Produk Ikan Asap",ON PROCESS,149444850,149444850
KAB. KAUR,DINAS PARIWISATA - 3.26.0.00.0.00.01.0000,01KS7G6KN5W0MDTX0V0CZ55CDY,63716153,2026,E-Katalog 6.0,APBD,RIZKY PRATAMA MANDIRI KAUR,E-Purchasing,Jasa Lainnya,"Belanja Jasa Iklan/Reklame, Film, dan Pemotretan",ON PROCESS,2000000,2000000
KAB. KAUR,SEKRETARIAT DPRD - 4.02.0.00.0.00.01.0000,01KTNSM9WKHRKT29570ED9R8J0,65712199,2026,E-Katalog 6.0,APBD,TAKTIK MEDIA KOLABORASI,E-Purchasing,Jasa Lainnya,"Beban Jasa Iklan/Reklame, Film, dan Pemotretan",ON PROCESS,1200000,1200000
KAB. KAUR,DINAS PEKERJAAN UMUM DAN PENATAAN RUANG - 1.03.0.00.0.00.01.0000,10878204000,67178181,2026,Non Tender,APBD,ARTHA DUTA PRATAMA,Pengadaan Langsung,Pekerjaan Konstruksi,Hibah Pekerjaan Rehab Sarana Prasarana Ruang Pemeriksaan Kejaksaan Negeri Kaur,SELESAI,84504811,84504811
KAB. KAUR,SEKRETARIAT DPRD - 4.02.0.00.0.00.01.0000,01KTNRZWVW9SSHSTKZNBQ8Z7JV,65712199,2026,E-Katalog 6.0,APBD,PRIA SAKTI PERKASA,E-Purchasing,Jasa Lainnya,"Beban Jasa Iklan/Reklame, Film, dan Pemotretan",ON PROCESS,1200000,1200000
KAB. KAUR,RUMAH SAKIT UMUM DAERAH - 1.02.0.00.0.00.01.0001,01KEXDVEXZSNZNNEA84DSBRMYM,63313750,2026,E-Katalog 6.0,APBD,CAKA SEJAHTERA MEDIKA,E-Purchasing,Barang,Belanja Obat-Obatan-Obat-Obatan Lainnya (Belanja BMHP),ON PROCESS,909811500,909811500
KAB. KAUR,DINAS PEKERJAAN UMUM DAN PENATAAN RUANG - 1.03.0.00.0.00.01.0000,10855143000,67077484,2026,Non Tender,APBD,CV. REKAYASA CIPTA PRIMA CONSULTAN,Pengadaan Langsung,Jasa Konsultansi Badan Usaha Konstruksi,Pengawasan Jalan Kasuk Baru - Latihan Kec. Tetap - Kaur Selatan,SELESAI,39627000,39627000
KAB. KAUR,DINAS PEKERJAAN UMUM DAN PENATAAN RUANG - 1.03.0.00.0.00.01.0000,01KK88Q4FY10H9E34M3SHNZYQM,65012447,2026,E-Katalog 6.0,APBD,FERDIYANSAH,E-Purchasing,Barang,Belanja Alat/Bahan untuk Kegiatan Kantor- Kertas dan Cover,PAYMENT OUTSIDE SYSTEM,971250,971250
KAB. KAUR,DINAS PEKERJAAN UMUM DAN PENATAAN RUANG - 1.03.0.00.0.00.01.0000,10805681000,65781747,2026,Non Tender,APBD,CV. REKAYASA CIPTA PRIMA CONSULTAN,Pengadaan Langsung,Jasa Konsultansi Badan Usaha Konstruksi,Perencanaan Jalan Coko Enau - Guru Agung Kec. Kaur Utara,SELESAI,56294760,56294760
KAB. KAUR,SEKRETARIAT DPRD - 4.02.0.00.0.00.01.0000,01KHQAGS4W54GCQ60BEY2QZHQZ,64234759,2026,E-Katalog 6.0,APBD,DONI APRIZAL,E-Purchasing,Barang,Belanja Alat/Bahan untuk Kegiatan Kantor-Bahan Komputer,ON PROCESS,14141400,14141400
KAB. KAUR,"DINAS PERUMAHAN, KAWASAN PERMUKIMAN DAN PERTANAHAN - 1.04.2.10.0.00.01.0000",01KQ95460S7CHQW2WZPHPAAQJY,62843425,2026,E-Katalog 6.0,APBD,TAHIRIN,E-Purchasing,Barang,Belanja Alat/Bahan untuk Kegiatan Kantor-Alat Tulis Kantor,ON PROCESS,1238760,1238760
KAB. KAUR,DINAS PEKERJAAN UMUM DAN PENATAAN RUANG - 1.03.0.00.0.00.01.0000,01KK8ARRVFH2PTSCCSR5RNZWXD,65012857,2026,E-Katalog 6.0,APBD,FERDIYANSAH,E-Purchasing,Barang,Belanja Alat/Bahan untuk Kegiatan Kantor- Kertas dan Cover,ON PROCESS,749250,749250
KAB. KAUR,DINAS PEKERJAAN UMUM DAN PENATAAN RUANG - 1.03.0.00.0.00.01.0000,10142249000,65763380,2026,Tender,APBD,CV. MARGA CIPTA PERSADA,Tender,Pekerjaan Konstruksi,Jalan Naga Rantai - Muara Sahung Kec. Muara Sahung,SELESAI,4297863178,4297863178
KAB. KAUR,"DINAS PENGENDALIAN PENDUDUK, KELUARGA BERENCANA, PEMBERDAYAAN PEREMPUAN DAN PERLINDUNGAN ANAK - 2.08.2.14.0.00.01.0000",01KNGP8AYZTYC5R8SW3R0WB05J,64999056,2026,E-Katalog 6.0,APBD,DONI APRIZAL,E-Purchasing,Barang,Belanja Alat/Bahan untuk Kegiatan Kantor-Alat Tulis Kantor,ON PROCESS,2369238,2369238
KAB. KAUR,DINAS LINGKUNGAN HIDUP - 2.11.0.00.0.00.01.0000,01KREA8ANSND373DV5A1RZHRMQ,63074071,2026,E-Katalog 6.0,APBD,TRAKINDO UTAMA,E-Purchasing,Barang,Belanja Pemeliharaan Alat Besar-Alat Besar Darat-Excavator,ON PROCESS,148799307,0
KAB. KAUR,"DINAS KOMUNIKASI, INFORMATIKA, STATISTIK DAN PERSANDIAN - 2.16.2.20.2.21.01.0000",01KKAS2BH73AVMP8PC4K707BXA,63111243,2026,E-Katalog 6.0,APBD,MENGGALA MEDIA GLOBAL,E-Purchasing,Jasa Lainnya,"Belanja Jasa Iklan/Reklame, Film, dan Pemotretan",ON PROCESS,3600000,3600000
KAB. KAUR,SEKRETARIAT DAERAH - 4.01.2.10.5.06.01.0000,01KNRZJB51YD2QFRP3K3KSF6Q2,66835419,2026,E-Katalog 6.0,APBD,HARIMAN,E-Purchasing,Barang,Belanja Pakaian Dinas KDH dan WKDH,ON PROCESS,159618000,159618000
KAB. KAUR,DINAS PEMBERDAYAAN MASYARAKAT DAN DESA - 2.13.0.00.0.00.01.0000,01KP5CPV326RJK997H6WZTFFTG,62867143,2026,E-Katalog 6.0,APBD,RONI,E-Purchasing,Barang,Belanja Makanan dan Minuman Aktivitas Lapangan,ON PROCESS,11400000,11400000
KAB. KAUR,DINAS KESEHATAN - 1.02.0.00.0.00.01.0000,01KJPK7F6HDDVNXMNVT8GTQE56,65849766,2026,E-Katalog 6.0,APBD,FERDIYANSAH,E-Purchasing,Barang,Belanja Alat/Bahan untuk Kegiatan Kantor- Kertas dan Cover,ON PROCESS,4107000,4107000
KAB. KAUR,DINAS PARIWISATA - 3.26.0.00.0.00.01.0000,01KS21Z4SCCY315E1AKWD1VJAP,63716139,2026,E-Katalog 6.0,APBD,FERDIYANSAH,E-Purchasing,Barang,Belanja Alat/Bahan untuk Kegiatan Kantor- Kertas dan Cover,ON PROCESS,381840,381840
KAB. KAUR,"DINAS KOMUNIKASI, INFORMATIKA, STATISTIK DAN PERSANDIAN - 2.16.2.20.2.21.01.0000",01KHWY79VF0GWFTSDE6791Z522,63111243,2026,E-Katalog 6.0,APBD,MEDIA RINO PERKASA,E-Purchasing,Jasa Lainnya,"Belanja Jasa Iklan/Reklame, Film, dan Pemotretan",ON PROCESS,7500000,7500000
KAB. KAUR,INSPEKTORAT DAERAH - 6.01.0.00.0.00.01.0000,01KJC58Q5X5CJDXG8CBM2PSFJ9,63134039,2026,E-Katalog 6.0,APBD,FERDIYANSAH,E-Purchasing,Barang,Belanja Alat/Bahan untuk Kegiatan Kantor-Alat Tulis Kantor,ON PROCESS,38210085,38210085
KAB. KAUR,"DINAS KOMUNIKASI, INFORMATIKA, STATISTIK DAN PERSANDIAN - 2.16.2.20.2.21.01.0000",01KS70XKF76MC7ZJSJ7S59B633,66980049,2026,E-Katalog 6.0,APBD,MEEJA METRO UPDATE,E-Purchasing,Jasa Lainnya,"Belanja Jasa Iklan/Reklame, Film, dan Pemotretan",ON PROCESS,2400000,2400000
KAB. KAUR,DINAS PEKERJAAN UMUM DAN PENATAAN RUANG - 1.03.0.00.0.00.01.0000,01KP31G6ECGK0D32039XCN4BTK,65381655,2026,E-Katalog 6.0,APBD,DONI APRIZAL,E-Purchasing,Barang,Belanja Alat/Bahan untuk Kegiatan Kantor- Kertas dan Cover,PAYMENT OUTSIDE SYSTEM,3689640,3689640
KAB. KAUR,DINAS PENDIDIKAN DAN KEBUDAYAAN - 1.01.2.22.0.00.01.0000,01KQ9KN2QH9W6ZGFV1CQ9BA82D,65666255,2026,E-Katalog 6.0,APBD,DONI APRIZAL,E-Purchasing,Barang,Belanja Alat/Bahan untuk Kegiatan Kantor-Alat Tulis Kantor,ON PROCESS,3463200,3463200
KAB. KAUR,SEKRETARIAT DAERAH - 4.01.2.10.5.06.01.0000,01KGRB1VH8E7NNW11H5KXPZAKQ,63267513,2026,E-Katalog 6.0,APBD,YABEST ELECTRO,E-Purchasing,Barang,Belanja Modal Alat Pendingin,ON PROCESS,23999998,23999998
KAB. KAUR,RUMAH SAKIT UMUM DAERAH - 1.02.0.00.0.00.01.0001,10127196000,66818362,2026,Tender,APBD,PT MITRA JASA CIPTA GROUP,Tender,Pekerjaan Konstruksi,Beban Pemeliharaan Bangunan Gedung-Bangunan Gedung Tempat Kerja-Bangunan Kesehatan (Gedung Rawat Inap VIP RSUD Kaur),SELESAI,555303670,555303670
KAB. KAUR,"DINAS KOMUNIKASI, INFORMATIKA, STATISTIK DAN PERSANDIAN - 2.16.2.20.2.21.01.0000",01KJVTDTRCZ1TPET21D5XQZ1ZY,63111243,2026,E-Katalog 6.0,APBD,MEDIA SKALA ONLINEKOE,E-Purchasing,Jasa Lainnya,"Belanja Jasa Iklan/Reklame, Film, dan Pemotretan",ON PROCESS,3600000,3600000
KAB. KAUR,SEKRETARIAT DPRD - 4.02.0.00.0.00.01.0000,01KJP9266QRB1G3G2BAMXC9FJW,65712199,2026,E-Katalog 6.0,APBD,RIZKI ARYA MEDIA,E-Purchasing,Jasa Lainnya,"Beban Jasa Iklan/Reklame, Film, dan Pemotretan",ON PROCESS,1098900,1098900
KAB. KAUR,DINAS PENDIDIKAN DAN KEBUDAYAAN - 1.01.2.22.0.00.01.0000,01KPQ8TV2T7P8MFFP2GYJMDSAC,66012277,2026,E-Katalog 6.0,APBD,TAHIRIN,E-Purchasing,Barang,Belanja Alat/Bahan untuk Kegiatan Kantor- Kertas dan Cover,ON PROCESS,1498500,1498500
KAB. KAUR,DINAS PEKERJAAN UMUM DAN PENATAAN RUANG - 1.03.0.00.0.00.01.0000,01KKHZ0C7ZJGCFDMF8JJ4HB5S2,65528462,2026,E-Katalog 6.0,APBD,FERDIYANSAH,E-Purchasing,Barang,Belanja Alat/Bahan untuk Kegiatan Kantor-Alat Tulis Kantor,ON PROCESS,3777219,3777219
KAB. KAUR,DINAS PENANAMAN MODAL DAN PELAYANAN TERPADU SATU PINTU - 2.18.0.00.0.00.01.0000,01KKCX68HSC963QEPMWFQ82YB6,65442003,2026,E-Katalog 6.0,APBD,DONI APRIZAL,E-Purchasing,Barang,Belanja Alat/Bahan untuk Kegiatan Kantor- Bahan Cetak,ON PROCESS,3385889,3385889
KAB. KAUR,SEKRETARIAT DPRD - 4.02.0.00.0.00.01.0000,01KJXYJA9KCGCHCYGAX60P9YZB,65712199,2026,E-Katalog 6.0,APBD,SEMESTA MEDIA KAUR,E-Purchasing,Jasa Lainnya,"Beban Jasa Iklan/Reklame, Film, dan Pemotretan",ON PROCESS,1200000,1200000
KAB. KAUR,SEKRETARIAT DPRD - 4.02.0.00.0.00.01.0000,01KS4RY333F7E2HTQP9110FJR9,65712197,2026,E-Katalog 6.0,APBD,SEMARAK BENGKULU PERMAI,E-Purchasing,Jasa Lainnya,"Beban Jasa Iklan/Reklame, Film, dan Pemotretan",ON PROCESS,3000000,3000000
KAB. KAUR,"BADAN PERENCANAAN PEMBANGUNAN, RISET DAN INOVASI DAERAH - 5.01.5.05.0.00.01.0000",10907500000,63277818,2026,Non Tender,APBD,CV. Pangkalan Pangeran,Pengadaan Langsung,Pekerjaan Konstruksi,Pembangunan Halaman Lingkungan Kantor BAPPERIDA,BERLANGSUNG,379518213,379518213
KAB. KAUR,SEKRETARIAT DAERAH - 4.01.2.10.5.06.01.0000,01KPQBK4FMNHB8R5XFCCP5AN7S,66965068,2026,E-Katalog 6.0,APBD,KARYA MITRA PRIMA,E-Purchasing,Barang,BELANJA PENYEDIAAN PERALATAN RUMAH TANGGA,ON PROCESS,11988000,11988000
KAB. KAUR,"DINAS PENGENDALIAN PENDUDUK, KELUARGA BERENCANA, PEMBERDAYAAN PEREMPUAN DAN PERLINDUNGAN ANAK - 2.08.2.14.0.00.01.0000",01KNGWKX3A8ZSWJEFM8WTMXR5Z,64687853,2026,E-Katalog 6.0,APBD,DONI APRIZAL,E-Purchasing,Barang,Belanja Alat/Bahan untuk Kegiatan Kantor-Bahan Komputer,ON PROCESS,7409250,7409250
KAB. KAUR,BADAN KESATUAN BANGSA DAN POLITIK - 8.01.0.00.0.00.01.0000,01KJVC7F2BG6J5QFC5V1073FFT,63281942,2026,E-Katalog 6.0,APBD,DONI APRIZAL,E-Purchasing,Barang,Belanja Alat/Bahan untuk Kegiatan Kantor-Alat Tulis Kantor,ON PROCESS,9376440,9376440
KAB. KAUR,DINAS PENDIDIKAN DAN KEBUDAYAAN - 1.01.2.22.0.00.01.0000,01KN3ZTGYTQ30QWH3H0NS98HJZ,65853391,2026,E-Katalog 6.0,APBD,IDA MARYANTI,E-Purchasing,Barang,Belanja Makanan dan Minuman pada Fasilitas Pelayanan Urusan Pendidikan,ON PROCESS,2349720000,2349720000
KAB. KAUR,"DINAS PERUMAHAN, KAWASAN PERMUKIMAN DAN PERTANAHAN - 1.04.2.10.0.00.01.0000",01KJ6ZGJBXSNJ2Z6B5H90XGS2W,65694189,2026,E-Katalog 6.0,APBD,ROBBY FUTURE MULTI,E-Purchasing,Barang,Belanja Modal Peralatan Personal Computer,ON PROCESS,6882000,6882000
KAB. KAUR,"DINAS PENGENDALIAN PENDUDUK, KELUARGA BERENCANA, PEMBERDAYAAN PEREMPUAN DAN PERLINDUNGAN ANAK - 2.08.2.14.0.00.01.0000",01KMQ4Q6W51VP2FKFT4NZ1F5HC,64791947,2026,E-Katalog 6.0,APBD,DONI APRIZAL,E-Purchasing,Barang,Belanja Alat/Bahan untuk Kegiatan Kantor-Alat Tulis Kantor,ON PROCESS,1694360,1694360
KAB. KAUR,SEKRETARIAT DPRD - 4.02.0.00.0.00.01.0000,01KJPGTZJHKBGVKDTMFWB45D4G,65712199,2026,E-Katalog 6.0,APBD,BAHARI JAYA PERKASA NEWS,E-Purchasing,Jasa Lainnya,"Beban Jasa Iklan/Reklame, Film, dan Pemotretan",ON PROCESS,1200000,1200000
KAB. KAUR,RUMAH SAKIT UMUM DAERAH - 1.02.0.00.0.00.01.0001,01KHP3K74KQ4TQ9BTSFT92JD81,63313451,2026,E-Katalog 6.0,APBD,MERSIFARMA TIRMAKU MERCUSANA,E-Purchasing,Barang,Belanja Obat-Obatan-Obat-Obatan Lainnya (Belanja Obat-Obatan) ,ON PROCESS,9356641,9356641
KAB. KAUR,"DINAS KOMUNIKASI, INFORMATIKA, STATISTIK DAN PERSANDIAN - 2.16.2.20.2.21.01.0000",01KK0WJCVW06T6N7GG68Y9F9QB,63111243,2026,E-Katalog 6.0,APBD,PUTRA KINAL TUNGKU TIGA,E-Purchasing,Jasa Lainnya,"Belanja Jasa Iklan/Reklame, Film, dan Pemotretan",ON PROCESS,22499145,22499145
KAB. KAUR,RUMAH SAKIT UMUM DAERAH - 1.02.0.00.0.00.01.0001,01KPZ66524HYB5XZ7S5N4WH5PN,63313451,2026,E-Katalog 6.0,APBD,BETA PHARMACON,E-Purchasing,Barang,Belanja Obat-Obatan-Obat-Obatan Lainnya (Belanja Obat-Obatan) ,ON PROCESS,8979900,0
KAB. KAUR,"DINAS KOMUNIKASI, INFORMATIKA, STATISTIK DAN PERSANDIAN - 2.16.2.20.2.21.01.0000",01KS28G9DVNP13PC8DDJAXRWJ6,66980049,2026,E-Katalog 6.0,APBD,KINAL WIJAYA SUMARLI,E-Purchasing,Jasa Lainnya,"Belanja Jasa Iklan/Reklame, Film, dan Pemotretan",ON PROCESS,3600000,3600000
KAB. KAUR,"DINAS KOMUNIKASI, INFORMATIKA, STATISTIK DAN PERSANDIAN - 2.16.2.20.2.21.01.0000",01KJC70M3B2B33M2WXNGF9YD5H,63111243,2026,E-Katalog 6.0,APBD,SAQEEF DIERRI MEDIA,E-Purchasing,Jasa Lainnya,"Belanja Jasa Iklan/Reklame, Film, dan Pemotretan",ON PROCESS,3600000,3600000
KAB. KAUR,"DINAS KOMUNIKASI, INFORMATIKA, STATISTIK DAN PERSANDIAN - 2.16.2.20.2.21.01.0000",01KPQ3DP3ZZMTWXPN7YKYJSH9W,63111243,2026,E-Katalog 6.0,APBD,KAUR MEDIA BERSAMA,E-Purchasing,Jasa Lainnya,"Belanja Jasa Iklan/Reklame, Film, dan Pemotretan",ON PROCESS,7199460,7199460
KAB. KAUR,DINAS PENDIDIKAN DAN KEBUDAYAAN - 1.01.2.22.0.00.01.0000,01KPCK56T7PMQN1EY3QXE0TXZJ,65666164,2026,E-Katalog 6.0,APBD,DONI APRIZAL,E-Purchasing,Barang,Belanja Alat/Bahan untuk Kegiatan Kantor- Bahan Cetak,ON PROCESS,5147625,5147625
KAB. KAUR,"DINAS PENGENDALIAN PENDUDUK, KELUARGA BERENCANA, PEMBERDAYAAN PEREMPUAN DAN PERLINDUNGAN ANAK - 2.08.2.14.0.00.01.0000",01KKDYAS45CG41TAKSKJC8YSDF,64993392,2026,E-Katalog 6.0,APBD,YUNIAR HASTUTI,E-Purchasing,Barang,Belanja Makanan dan Minuman Aktivitas Lapangan,ON PROCESS,74225700,74225700
KAB. KAUR,DINAS PEKERJAAN UMUM DAN PENATAAN RUANG - 1.03.0.00.0.00.01.0000,10914602000,66973898,2026,Non Tender,APBD,CV. SINAR JAYA ENGINEERING,Pengadaan Langsung,Jasa Konsultansi Badan Usaha Konstruksi,Pengawasan Pembangunan Gedung Pelayanan Satu Pintu Polres Kaur,BERLANGSUNG,69930000,69930000
KAB. KAUR,DINAS KESEHATAN - 1.02.0.00.0.00.01.0000,01KWBKEVS4V4QETQ18SCHADZP8,65922476,2026,E-Katalog 6.0,APBD,FERDIYANSAH,E-Purchasing,Barang,Belanja Alat/Bahan untuk Kegiatan Kantor-Bahan Komputer,ON PROCESS,3885000,3885000
KAB. KAUR,DINAS PENDIDIKAN DAN KEBUDAYAAN - 1.01.2.22.0.00.01.0000,01KV4VN4XXMX1KC0J7KFEQRP4J,67239485,2026,E-Katalog 6.0,APBD,TAHIRIN,E-Purchasing,Barang,Belanja Alat/Bahan untuk Kegiatan Kantor-Bahan Komputer,ON PROCESS,1526250,1526250
KAB. KAUR,"DINAS KOMUNIKASI, INFORMATIKA, STATISTIK DAN PERSANDIAN - 2.16.2.20.2.21.01.0000",01KJS5MZ9XFC35NVW4EP7AH7X0,63111243,2026,E-Katalog 6.0,APBD,DIGITAL MEDIA INFORMATIF,E-Purchasing,Jasa Lainnya,"Belanja Jasa Iklan/Reklame, Film, dan Pemotretan",ON PROCESS,3599730,3599730
KAB. KAUR,DINAS PARIWISATA - 3.26.0.00.0.00.01.0000,01KTXK2RYZJPT18HDGZGJ90580,63716136,2026,E-Katalog 6.0,APBD,ANISAH,E-Purchasing,Barang,Belanja Bahan-Bahan Lainnya,ON PROCESS,4384500,4384500
KAB. KAUR,DINAS KESEHATAN - 1.02.0.00.0.00.01.0000,01KWBMSGBS32KA2ME8CT5109WE,66143528,2026,E-Katalog 6.0,APBD,FERDIYANSAH,E-Purchasing,Barang,Belanja Alat/Bahan untuk Kegiatan Kantor-Alat Tulis Kantor,ON PROCESS,10149840,10149840
KAB. KAUR,DINAS PEKERJAAN UMUM DAN PENATAAN RUANG - 1.03.0.00.0.00.01.0000,01KN3GJEZWF29C7GB4TB06P1N3,65011442,2026,E-Katalog 6.0,APBD,FERDIYANSAH,E-Purchasing,Barang,Belanja Alat/Bahan untuk Kegiatan Kantor- Kertas dan Cover,PAYMENT OUTSIDE SYSTEM,1498500,1498500
KAB. KAUR,DINAS PERPUSTAKAAN DAN KEARSIPAN - 2.23.2.24.0.00.01.0000,01KTR3YVRSBST5RZ3FD0RM9B36,63395308,2026,E-Katalog 6.0,APBD,DONI APRIZAL,E-Purchasing,Barang,Belanja Alat/Bahan untuk Kegiatan Kantor-Bahan Komputer,ON PROCESS,477300,477300
KAB. KAUR,DINAS SATUAN POLISI PAMONG PRAJA - 1.05.0.00.0.00.01.0000,01KVPT6M7E97SCR17GHGTKSPSS,63538264,2026,E-Katalog 6.0,APBD,DONI APRIZAL,E-Purchasing,Barang,Belanja Alat/Bahan untuk Kegiatan Kantor- Kertas dan Cover,ON PROCESS,335775,335775
KAB. KAUR,"DINAS PERUMAHAN, KAWASAN PERMUKIMAN DAN PERTANAHAN - 1.04.2.10.0.00.01.0000",01KKK5MZXKFT848Q6C904KQW4Q,62874762,2026,E-Katalog 6.0,APBD,TAHIRIN,E-Purchasing,Barang,Belanja Alat/Bahan untuk Kegiatan Kantor-Bahan Komputer,ON PROCESS,629370,629370
KAB. KAUR,"DINAS KOMUNIKASI, INFORMATIKA, STATISTIK DAN PERSANDIAN - 2.16.2.20.2.21.01.0000",01KKARN6PD7VCR1XBCW7T1ET3Q,63111243,2026,E-Katalog 6.0,APBD,SAQEEF DIERRI MEDIA,E-Purchasing,Jasa Lainnya,"Belanja Jasa Iklan/Reklame, Film, dan Pemotretan",ON PROCESS,2400000,2400000
KAB. KAUR,RUMAH SAKIT UMUM DAERAH - 1.02.0.00.0.00.01.0001,01KN13HGAERWKB3G1CHPMVJ59X,63313451,2026,E-Katalog 6.0,APBD,DEXA MEDICA,E-Purchasing,Barang,Belanja Obat-Obatan-Obat-Obatan Lainnya (Belanja Obat-Obatan) ,ON PROCESS,18116310,18116310
KAB. KAUR,DINAS KESEHATAN - 1.02.0.00.0.00.01.0000,01KVS6AKP7Y8GYFYX300RDCXCT,66609953,2026,E-Katalog 6.0,APBD,YODAN PERMATA BUNGA,E-Purchasing,Barang,Belanja Sewa Bangunan Gedung Tempat Pertemuan,ON PROCESS,7500000,7500000
KAB. KAUR,DINAS PEKERJAAN UMUM DAN PENATAAN RUANG - 1.03.0.00.0.00.01.0000,01KKH66FTY3FPJRXNDTNQ9RGS1,65117333,2026,E-Katalog 6.0,APBD,FERDIYANSAH,E-Purchasing,Barang,Belanja Alat/Bahan untuk Kegiatan Kantor-Alat Tulis Kantor,PAYMENT OUTSIDE SYSTEM,9047499,9047499
KAB. KAUR,"DINAS KOMUNIKASI, INFORMATIKA, STATISTIK DAN PERSANDIAN - 2.16.2.20.2.21.01.0000",01KJSCJRJ8A67JCT43BX64EYYC,63111243,2026,E-Katalog 6.0,APBD,PERINTIS WAWASAN PERSADA CYBER,E-Purchasing,Jasa Lainnya,"Belanja Jasa Iklan/Reklame, Film, dan Pemotretan",ON PROCESS,3600000,3600000
KAB. KAUR,DINAS PARIWISATA - 3.26.0.00.0.00.01.0000,01KJ4DJY2RZNS3TB21XRXFKA99,63407487,2026,E-Katalog 6.0,APBD,FERDIYANSAH,E-Purchasing,Barang,Belanja Alat/Bahan untuk Kegiatan Kantor-Alat Tulis Kantor,ON PROCESS,6656115,6656115
KAB. KAUR,"DINAS KOMUNIKASI, INFORMATIKA, STATISTIK DAN PERSANDIAN - 2.16.2.20.2.21.01.0000",01KKGRVCFCT18PHB6TXF2HETF4,63111243,2026,E-Katalog 6.0,APBD,FIGUR ANUGERAH MEDIA,E-Purchasing,Jasa Lainnya,"Belanja Jasa Iklan/Reklame, Film, dan Pemotretan",ON PROCESS,4800000,4800000
KAB. KAUR,BADAN PENGELOLAAN KEUANGAN DAN ASET DAERAH - 5.02.0.00.0.00.01.0000,01KJXZ6VEA0H6KJZEJ5SXGCG3X,63512683,2026,E-Katalog 6.0,APBD,DONI APRIZAL,E-Purchasing,Barang,Tinta Printer,ON PROCESS,64457700,64457700
KAB. KAUR,SEKRETARIAT DPRD - 4.02.0.00.0.00.01.0000,01KJXW8KFTPZMH7RV752T9M8ZX,65712199,2026,E-Katalog 6.0,APBD,MEDIA ONLINE BENGKULU,E-Purchasing,Jasa Lainnya,"Beban Jasa Iklan/Reklame, Film, dan Pemotretan",ON PROCESS,1200000,1200000
KAB. KAUR,DINAS PARIWISATA - 3.26.0.00.0.00.01.0000,01KJERQJZ5F44PS8FWM6VV3N7J,63611390,2026,E-Katalog 6.0,APBD,ANISAH,E-Purchasing,Barang,Belanja Hadiah yang Bersifat Perlombaan,ON PROCESS,2442000,2442000
KAB. KAUR,"DINAS KOMUNIKASI, INFORMATIKA, STATISTIK DAN PERSANDIAN - 2.16.2.20.2.21.01.0000",01KS76PD8D2C7DTWVBD63KWERM,66980049,2026,E-Katalog 6.0,APBD,GEMILANG UTAMA MEDIA,E-Purchasing,Jasa Lainnya,"Belanja Jasa Iklan/Reklame, Film, dan Pemotretan",ON PROCESS,6000000,6000000
KAB. KAUR,DINAS PENDIDIKAN DAN KEBUDAYAAN - 1.01.2.22.0.00.01.0000,01KV59DJM5S5NB3GE49WYPMCYY,67239487,2026,E-Katalog 6.0,APBD,KARIANSYAH,E-Purchasing,Barang,Belanja Pakaian Adat Daerah,ON PROCESS,37500000,37500000
KAB. KAUR,DINAS SATUAN POLISI PAMONG PRAJA - 1.05.0.00.0.00.01.0000,01KVPTKP91BBAM8QV25JXQPVQX,63527110,2026,E-Katalog 6.0,APBD,DONI APRIZAL,E-Purchasing,Barang,Belanja Alat/Bahan untuk Kegiatan Kantor- Kertas dan Cover,ON PROCESS,335775,335775
KAB. KAUR,DINAS PENANAMAN MODAL DAN PELAYANAN TERPADU SATU PINTU - 2.18.0.00.0.00.01.0000,01KQ6KA905EA669MZHTXKGYVT6,65443018,2026,E-Katalog 6.0,APBD,DONI APRIZAL,E-Purchasing,Barang,Belanja Alat/Bahan untuk Kegiatan Kantor-Alat Tulis Kantor,ON PROCESS,511710,511710
KAB. KAUR,"DINAS PENGENDALIAN PENDUDUK, KELUARGA BERENCANA, PEMBERDAYAAN PEREMPUAN DAN PERLINDUNGAN ANAK - 2.08.2.14.0.00.01.0000",01KMQ5CZ9YRA0ZM4D8K57VBNFP,64791949,2026,E-Katalog 6.0,APBD,YUNIAR HASTUTI,E-Purchasing,Barang,Belanja Makanan dan Minuman Rapat,ON PROCESS,5172600,5172600
KAB. KAUR,DINAS KESEHATAN - 1.02.0.00.0.00.01.0000,01KJPE05JC5GDSN9GJBCDN8756,65869183,2026,E-Katalog 6.0,APBD,FERDIYANSAH,E-Purchasing,Barang,Belanja Alat/Bahan untuk Kegiatan Kantor-Bahan Komputer,ON PROCESS,5794200,5794200
KAB. KAUR,DINAS PARIWISATA - 3.26.0.00.0.00.01.0000,01KJ47S6DRJ4VE5Z2R18H5F3GV,63716137,2026,E-Katalog 6.0,APBD,FERDIYANSAH,E-Purchasing,Barang,Belanja Alat/Bahan untuk Kegiatan Kantor-Alat Tulis Kantor,ON PROCESS,1662780,1662780
KAB. KAUR,"DINAS PERUMAHAN, KAWASAN PERMUKIMAN DAN PERTANAHAN - 1.04.2.10.0.00.01.0000",01KS4PQCWHBA50YNW6RRAFJP0V,62874764,2026,E-Katalog 6.0,APBD,TAHIRIN,E-Purchasing,Barang,Belanja Alat/Bahan untuk Kegiatan Kantor- Kertas dan Cover,ON PROCESS,1691640,1691640
KAB. KAUR,"DINAS PENGENDALIAN PENDUDUK, KELUARGA BERENCANA, PEMBERDAYAAN PEREMPUAN DAN PERLINDUNGAN ANAK - 2.08.2.14.0.00.01.0000",01KMQ0TEVZCCWEH8ZZNW4K3VKS,64792133,2026,E-Katalog 6.0,APBD,DONI APRIZAL,E-Purchasing,Barang,Belanja Alat/Bahan untuk Kegiatan Kantor- Kertas dan Cover,ON PROCESS,540570,540570
KAB. KAUR,RUMAH SAKIT UMUM DAERAH - 1.02.0.00.0.00.01.0001,01KJVRGBTSAKERVE7AC36V6ZPN,63313451,2026,E-Katalog 6.0,APBD,TRIPUTRA MANDIRI DISTRIBUSI,E-Purchasing,Barang,Belanja Obat-Obatan-Obat-Obatan Lainnya (Belanja Obat-Obatan) ,ON PROCESS,21869220,21869220
KAB. KAUR,DINAS PEKERJAAN UMUM DAN PENATAAN RUANG - 1.03.0.00.0.00.01.0000,10793064000,65716328,2026,Non Tender,APBD,CV. ARA BUILD COUNSULTANT,Pengadaan Langsung,Jasa Konsultansi Badan Usaha Konstruksi,Survey Kondisi Jalan,SELESAI,99955500,99955500
KAB. KAUR,"DINAS KOMUNIKASI, INFORMATIKA, STATISTIK DAN PERSANDIAN - 2.16.2.20.2.21.01.0000",01KJSD6VVN8HE0V6MFBNVEM3EH,63111243,2026,E-Katalog 6.0,APBD,INTERAKTIF MEDIA SIBER,E-Purchasing,Jasa Lainnya,"Belanja Jasa Iklan/Reklame, Film, dan Pemotretan",ON PROCESS,3600000,3600000
KAB. KAUR,"DINAS PENGENDALIAN PENDUDUK, KELUARGA BERENCANA, PEMBERDAYAAN PEREMPUAN DAN PERLINDUNGAN ANAK - 2.08.2.14.0.00.01.0000",01KMQ57GHA03H6E8EB78SQ0P3R,64791950,2026,E-Katalog 6.0,APBD,YUNIAR HASTUTI,E-Purchasing,Barang,Belanja Makanan dan Minuman Aktivitas Lapangan,ON PROCESS,12398700,12398700
KAB. KAUR,DINAS PEKERJAAN UMUM DAN PENATAAN RUANG - 1.03.0.00.0.00.01.0000,10793935000,65716329,2026,Non Tender,APBD,CV. ARA BUILD COUNSULTANT,Pengadaan Langsung,Jasa Konsultansi Badan Usaha Konstruksi,Survey Kondisi Jembatan,SELESAI,49938900,49938900
KAB. KAUR,"DINAS PERUMAHAN, KAWASAN PERMUKIMAN DAN PERTANAHAN - 1.04.2.10.0.00.01.0000",01KKK4RMYX8Q7XSCH102Q15KYE,62842520,2026,E-Katalog 6.0,APBD,TAHIRIN,E-Purchasing,Barang,Belanja Alat/Bahan untuk Kegiatan Kantor- Kertas dan Cover,ON PROCESS,1065600,1065600
KAB. KAUR,DINAS PEKERJAAN UMUM DAN PENATAAN RUANG - 1.03.0.00.0.00.01.0000,01KKD17H1222RR8XKK8E7JT8ZZ,65117012,2026,E-Katalog 6.0,APBD,FERDIYANSAH,E-Purchasing,Barang,Belanja Alat/Bahan untuk Kegiatan Kantor- Bahan Cetak,PAYMENT OUTSIDE SYSTEM,116550,116550
KAB. KAUR,"DINAS KOMUNIKASI, INFORMATIKA, STATISTIK DAN PERSANDIAN - 2.16.2.20.2.21.01.0000",01KS6TC2Z6NA6P652SSQ1Z6XJ0,66980049,2026,E-Katalog 6.0,APBD,MEDIA TERNAMA JAYA,E-Purchasing,Jasa Lainnya,"Belanja Jasa Iklan/Reklame, Film, dan Pemotretan",ON PROCESS,7500000,7500000
KAB. KAUR,"DINAS PENGENDALIAN PENDUDUK, KELUARGA BERENCANA, PEMBERDAYAAN PEREMPUAN DAN PERLINDUNGAN ANAK - 2.08.2.14.0.00.01.0000",01KNR2M9Z5V63BQ3HTRK5HWED5,64999900,2026,E-Katalog 6.0,APBD,BUDIANTO,E-Purchasing,Barang,Belanja Makanan dan Minuman Aktivitas Lapangan,ON PROCESS,59965530,59965530
KAB. KAUR,"DINAS PENGENDALIAN PENDUDUK, KELUARGA BERENCANA, PEMBERDAYAAN PEREMPUAN DAN PERLINDUNGAN ANAK - 2.08.2.14.0.00.01.0000",01KNR13ZHTATX2B3RVNHR4YGGJ,64994501,2026,E-Katalog 6.0,APBD,BUDIANTO,E-Purchasing,Barang,Belanja Makanan dan Minuman Aktivitas Lapangan,ON PROCESS,3473856,3473856
KAB. KAUR,"DINAS KOMUNIKASI, INFORMATIKA, STATISTIK DAN PERSANDIAN - 2.16.2.20.2.21.01.0000",01KNTWS6FHS00V1G7PNNWXZ7MN,63111243,2026,E-Katalog 6.0,APBD,RAJA SEMESTA RADAR KAUR,E-Purchasing,Jasa Lainnya,"Belanja Jasa Iklan/Reklame, Film, dan Pemotretan",ON PROCESS,15000000,15000000
KAB. KAUR,DINAS PEKERJAAN UMUM DAN PENATAAN RUANG - 1.03.0.00.0.00.01.0000,01KKCZXJ2JWNY1K4TTDV5YVY44,65117010,2026,E-Katalog 6.0,APBD,FERDIYANSAH,E-Purchasing,Barang,Belanja Alat/Bahan untuk Kegiatan Kantor- Kertas dan Cover,PAYMENT OUTSIDE SYSTEM,599400,599400
KAB. KAUR,RUMAH SAKIT UMUM DAERAH - 1.02.0.00.0.00.01.0001,01KEXC67HXQJM8D4KEFS3SBKXS,63313451,2026,E-Katalog 6.0,APBD,OTSUKA INDONESIA,E-Purchasing,Barang,Belanja Obat-Obatan-Obat-Obatan Lainnya (Belanja Obat-Obatan) ,ON PROCESS,48932330,48932330
KAB. KAUR,"DINAS PERUMAHAN, KAWASAN PERMUKIMAN DAN PERTANAHAN - 1.04.2.10.0.00.01.0000",01KS4Q0RTFRPD5TFNG2B3ZWZCR,62843425,2026,E-Katalog 6.0,APBD,TAHIRIN,E-Purchasing,Barang,Belanja Alat/Bahan untuk Kegiatan Kantor-Alat Tulis Kantor,ON PROCESS,1237650,1237650
KAB. KAUR,DINAS PENDIDIKAN DAN KEBUDAYAAN - 1.01.2.22.0.00.01.0000,01KV4SWJPYBCXP6762H24RMZHW,67239486,2026,E-Katalog 6.0,APBD,GINA PURWANTI,E-Purchasing,Barang,Belanja Makanan dan Minuman Aktivitas Lapangan,ON PROCESS,10260000,10260000
KAB. KAUR,SEKRETARIAT DPRD - 4.02.0.00.0.00.01.0000,01KKC61QZRSZRTPY2DSTB4SYVM,65712199,2026,E-Katalog 6.0,APBD,WAHANA BINTANG MEDIA,E-Purchasing,Jasa Lainnya,"Beban Jasa Iklan/Reklame, Film, dan Pemotretan",ON PROCESS,1200000,1200000
KAB. KAUR,"DINAS PENGENDALIAN PENDUDUK, KELUARGA BERENCANA, PEMBERDAYAAN PEREMPUAN DAN PERLINDUNGAN ANAK - 2.08.2.14.0.00.01.0000",01KMQ2YHYJ3YYJ0WPEYS2W6Y3X,64791541,2026,E-Katalog 6.0,APBD,DONI APRIZAL,E-Purchasing,Barang,Belanja Alat/Bahan untuk Kegiatan Kantor-Alat Tulis Kantor,ON PROCESS,7484064,7484064
KAB. KAUR,"DINAS KOMUNIKASI, INFORMATIKA, STATISTIK DAN PERSANDIAN - 2.16.2.20.2.21.01.0000",01KWGAYG124N3P4HNDJXGHG3PS,66980049,2026,E-Katalog 6.0,APBD,SELATAN IBU PERTIWI,E-Purchasing,Jasa Lainnya,"Belanja Jasa Iklan/Reklame, Film, dan Pemotretan",ON PROCESS,1200000,1200000
KAB. KAUR,"DINAS KOMUNIKASI, INFORMATIKA, STATISTIK DAN PERSANDIAN - 2.16.2.20.2.21.01.0000",01KS241HQYNTSJBPPD8QZ5TZ9W,66980049,2026,E-Katalog 6.0,APBD,BUKIT BARISAN BERSATU,E-Purchasing,Jasa Lainnya,"Belanja Jasa Iklan/Reklame, Film, dan Pemotretan",ON PROCESS,4800000,4800000
KAB. KAUR,DINAS PARIWISATA - 3.26.0.00.0.00.01.0000,01KQ9H55CFWC6JK1D4DFVHWHW6,63716141,2026,E-Katalog 6.0,APBD,AZRA,E-Purchasing,Barang,Belanja Makanan dan Minuman Rapat,ON PROCESS,4972800,4972800
KAB. KAUR,DINAS PENANAMAN MODAL DAN PELAYANAN TERPADU SATU PINTU - 2.18.0.00.0.00.01.0000,01KQ6GJX1Y3F9XABX53Z4WXAM4,66978781,2026,E-Katalog 6.0,APBD,DONI APRIZAL,E-Purchasing,Barang,Belanja Alat/Bahan untuk Kegiatan Kantor-Alat Tulis Kantor,ON PROCESS,704850,704850
KAB. KAUR,"DINAS KOMUNIKASI, INFORMATIKA, STATISTIK DAN PERSANDIAN - 2.16.2.20.2.21.01.0000",01KS70SPJNPA26733HT7G0PV5C,66980049,2026,E-Katalog 6.0,APBD,RIZKY PRATAMA MANDIRI KAUR,E-Purchasing,Jasa Lainnya,"Belanja Jasa Iklan/Reklame, Film, dan Pemotretan",ON PROCESS,2400000,2400000
KAB. KAUR,"DINAS KOMUNIKASI, INFORMATIKA, STATISTIK DAN PERSANDIAN - 2.16.2.20.2.21.01.0000",01KJC9QK5MHQ265HX8E12J6GKQ,63111243,2026,E-Katalog 6.0,APBD,FORTIS FORTUNA MEDIA,E-Purchasing,Jasa Lainnya,"Belanja Jasa Iklan/Reklame, Film, dan Pemotretan",ON PROCESS,3599730,3599730
KAB. KAUR,"DINAS KOMUNIKASI, INFORMATIKA, STATISTIK DAN PERSANDIAN - 2.16.2.20.2.21.01.0000",01KJRYSKK5YSP64PV2584F8S26,63111243,2026,E-Katalog 6.0,APBD,MEDIA TERNAMA JAYA,E-Purchasing,Jasa Lainnya,"Belanja Jasa Iklan/Reklame, Film, dan Pemotretan",ON PROCESS,3600000,3600000
KAB. KAUR,"DINAS PENGENDALIAN PENDUDUK, KELUARGA BERENCANA, PEMBERDAYAAN PEREMPUAN DAN PERLINDUNGAN ANAK - 2.08.2.14.0.00.01.0000",01KQS2FGHBMGWYH37TKHJ6THYV,65005483,2026,E-Katalog 6.0,APBD,DONI APRIZAL,E-Purchasing,Barang,Belanja Alat/Bahan untuk Kegiatan Kantor-Alat Tulis Kantor,ON PROCESS,535642,535642
KAB. KAUR,DINAS PEMBERDAYAAN MASYARAKAT DAN DESA - 2.13.0.00.0.00.01.0000,01KP5KHTRY48YB172CVN446RJN,62866634,2026,E-Katalog 6.0,APBD,FERDIYANSAH,E-Purchasing,Barang,Belanja Alat/Bahan untuk Kegiatan Kantor- Kertas dan Cover,ON PROCESS,377400,377400
KAB. KAUR,SEKRETARIAT DPRD - 4.02.0.00.0.00.01.0000,01KS2A8T96MZBE3M7H7E8W0579,65712199,2026,E-Katalog 6.0,APBD,SUARA JARINGAN BERSAMA,E-Purchasing,Jasa Lainnya,"Beban Jasa Iklan/Reklame, Film, dan Pemotretan",ON PROCESS,1200000,1200000
KAB. KAUR,DINAS PEMBERDAYAAN MASYARAKAT DAN DESA - 2.13.0.00.0.00.01.0000,01KN42CAC66N4MN1GM08ERAHVX,62867143,2026,E-Katalog 6.0,APBD,RONI,E-Purchasing,Barang,Belanja Makanan dan Minuman Aktivitas Lapangan,ON PROCESS,7600000,7600000
KAB. KAUR,SEKRETARIAT DPRD - 4.02.0.00.0.00.01.0000,01KHX1EHENHSJ1F241W518YE7P,65712195,2026,E-Katalog 6.0,APBD,WAHANA SEMESTA BENGKULU TELEVISI,E-Purchasing,Jasa Lainnya,-,ON PROCESS,49950000,49950000
KAB. KAUR,"DINAS KOMUNIKASI, INFORMATIKA, STATISTIK DAN PERSANDIAN - 2.16.2.20.2.21.01.0000",01KJC9VCV5163WBVT0K2WPFNEE,63111243,2026,E-Katalog 6.0,APBD,HARIAN GLOBAL NUSANTARA,E-Purchasing,Jasa Lainnya,"Belanja Jasa Iklan/Reklame, Film, dan Pemotretan",ON PROCESS,3600000,3600000
KAB. KAUR,"DINAS PENGENDALIAN PENDUDUK, KELUARGA BERENCANA, PEMBERDAYAAN PEREMPUAN DAN PERLINDUNGAN ANAK - 2.08.2.14.0.00.01.0000",01KKGK40MNV3VVA0YVD8XH69AF,64993917,2026,E-Katalog 6.0,APBD,FERDIYANSAH,E-Purchasing,Barang,Belanja Alat/Bahan untuk Kegiatan Kantor-Alat Tulis Kantor,ON PROCESS,4201350,4201350
KAB. KAUR,"DINAS PENGENDALIAN PENDUDUK, KELUARGA BERENCANA, PEMBERDAYAAN PEREMPUAN DAN PERLINDUNGAN ANAK - 2.08.2.14.0.00.01.0000",01KW0ZR3B2N46ZF467AQTQZW6G,65004529,2026,E-Katalog 6.0,APBD,DONI APRIZAL,E-Purchasing,Barang,Belanja Alat/Bahan untuk Kegiatan Kantor- Bahan Cetak,ON PROCESS,288600,288600
KAB. KAUR,DINAS PEKERJAAN UMUM DAN PENATAAN RUANG - 1.03.0.00.0.00.01.0000,10864845000,65340020,2026,Non Tender,APBD,Sella Oktaviani,Pengadaan Langsung,Jasa Konsultansi Perorangan Konstruksi,Pengawasan Rehab Pagar Rumah Dinas Bupati,SELESAI,3996000,3996000
KAB. KAUR,"DINAS PENGENDALIAN PENDUDUK, KELUARGA BERENCANA, PEMBERDAYAAN PEREMPUAN DAN PERLINDUNGAN ANAK - 2.08.2.14.0.00.01.0000",01KW0Z3S9CVHGGNMD7ASTRF1X7,65004530,2026,E-Katalog 6.0,APBD,DONI APRIZAL,E-Purchasing,Barang,Belanja Alat/Bahan untuk Kegiatan Kantor-Bahan Komputer,ON PROCESS,381840,381840
KAB. KAUR,SEKRETARIAT DPRD - 4.02.0.00.0.00.01.0000,01KJVXD2BT2ATR500382PNBY32,65712199,2026,E-Katalog 6.0,APBD,MANDIRI NEWS CYBER,E-Purchasing,Jasa Lainnya,"Beban Jasa Iklan/Reklame, Film, dan Pemotretan",ON PROCESS,1200000,1200000
KAB. KAUR,SEKRETARIAT DPRD - 4.02.0.00.0.00.01.0000,01KS471FCY4R26PK9GV0AEDN2N,65712199,2026,E-Katalog 6.0,APBD,RAKYAT EMPAT LIMA PERS,E-Purchasing,Jasa Lainnya,"Beban Jasa Iklan/Reklame, Film, dan Pemotretan",ON PROCESS,2400000,2400000
KAB. KAUR,"DINAS KOMUNIKASI, INFORMATIKA, STATISTIK DAN PERSANDIAN - 2.16.2.20.2.21.01.0000",01KHAVN0XX6V8SG4Q0GQ8423SC,63111243,2026,E-Katalog 6.0,APBD,MEDIA TERNAMA JAYA,E-Purchasing,Jasa Lainnya,"Belanja Jasa Iklan/Reklame, Film, dan Pemotretan",ON PROCESS,7500000,7500000
KAB. KAUR,DINAS KESEHATAN - 1.02.0.00.0.00.01.0000,01KVS6FF8MGR6NF42RKCHJHXWP,66609954,2026,E-Katalog 6.0,APBD,YODAN PERMATA BUNGA,E-Purchasing,Barang,Belanja Sewa Hotel,ON PROCESS,79580000,79580000
KAB. KAUR,DINAS PARIWISATA - 3.26.0.00.0.00.01.0000,01KT3NK9YSHGY0CJ6J5MX8RK3D,63716153,2026,E-Katalog 6.0,APBD,RIZKY PRATAMA MANDIRI KAUR,E-Purchasing,Jasa Lainnya,"Belanja Jasa Iklan/Reklame, Film, dan Pemotretan",ON PROCESS,1000000,0
KAB. KAUR,DINAS PENDIDIKAN DAN KEBUDAYAAN - 1.01.2.22.0.00.01.0000,01KPCNHGPGGFQQGT4WPD3XQY9S,65666163,2026,E-Katalog 6.0,APBD,DONI APRIZAL,E-Purchasing,Barang,Belanja Alat/Bahan untuk Kegiatan Kantor- Kertas dan Cover,ON PROCESS,5772000,5772000
KAB. KAUR,DINAS PARIWISATA - 3.26.0.00.0.00.01.0000,01KHQWCJMP50BW66M4CG3AGSRR,63407497,2026,E-Katalog 6.0,APBD,FERDIYANSAH,E-Purchasing,Barang,Belanja Alat/Bahan untuk Kegiatan Kantor-Bahan Komputer,ON PROCESS,2264400,2264400
KAB. KAUR,DINAS PENDIDIKAN DAN KEBUDAYAAN - 1.01.2.22.0.00.01.0000,01KPD6X7X9EEMGHDAAGW30E9WW,65679892,2026,E-Katalog 6.0,APBD,DONI APRIZAL,E-Purchasing,Barang,Belanja Alat/Bahan untuk Kegiatan Kantor-Bahan Komputer,ON PROCESS,3885000,3885000
KAB. KAUR,RUMAH SAKIT UMUM DAERAH - 1.02.0.00.0.00.01.0001,01KG6W4BY85QG50C7F5EGBVT5F,63313451,2026,E-Katalog 6.0,APBD,MAHAKAM BETA FARMA,E-Purchasing,Barang,Belanja Obat-Obatan-Obat-Obatan Lainnya (Belanja Obat-Obatan) ,ON PROCESS,4972800,4972800
KAB. KAUR,"DINAS KOMUNIKASI, INFORMATIKA, STATISTIK DAN PERSANDIAN - 2.16.2.20.2.21.01.0000",01KWGBBPSAS90M6DZ9YABYJ9HV,66980049,2026,E-Katalog 6.0,APBD,VIRZHA NUSANTARA INFORMASI,E-Purchasing,Jasa Lainnya,"Belanja Jasa Iklan/Reklame, Film, dan Pemotretan",ON PROCESS,1200000,1200000
KAB. KAUR,BADAN PENGELOLAAN KEUANGAN DAN ASET DAERAH - 5.02.0.00.0.00.01.0000,01KTQVFQN320KXPBJF26GVDEE1,63518125,2026,E-Katalog 6.0,APBD,NELLY AFRITA,E-Purchasing,Barang,Beban Makanan dan Minuman Rapat,ON PROCESS,1498500,1498500
KAB. KAUR,DINAS KETAHANAN PANGAN - 2.09.0.00.0.00.01.0000,01KNGE1X0829V35S1MGD1BVDPV,62930879,2026,E-Katalog 6.0,APBD,TAHIRIN,E-Purchasing,Barang,Belanja Alat/Bahan untuk Kegiatan Kantor-Alat Tulis Kantor,ON PROCESS,884670,884670
KAB. KAUR,DINAS PERPUSTAKAAN DAN KEARSIPAN - 2.23.2.24.0.00.01.0000,01KVYTW2JFHTRGDQ2HDTSBR3N8,63392262,2026,E-Katalog 6.0,APBD,TAHIRIN,E-Purchasing,Barang,Belanja Alat/Bahan untuk Kegiatan Kantor- Kertas dan Cover,ON PROCESS,643800,643800
KAB. KAUR,DINAS KESEHATAN - 1.02.0.00.0.00.01.0000,01KRCY6R9BQPVKXDFB2R72B9EN,66084183,2026,E-Katalog 6.0,APBD,BUMI SARANA MAJU,E-Purchasing,Barang,Belanja Obat-Obatan-Obat-Obatan Lainnya,ON PROCESS,222091020,222091020
KAB. KAUR,SEKRETARIAT DPRD - 4.02.0.00.0.00.01.0000,01KJP4AH5HJBD65HPDCE1743XP,65712199,2026,E-Katalog 6.0,APBD,RAKYAT INDEPENDEN MEDIA,E-Purchasing,Jasa Lainnya,"Beban Jasa Iklan/Reklame, Film, dan Pemotretan",ON PROCESS,1200000,1200000
KAB. KAUR,DINAS PARIWISATA - 3.26.0.00.0.00.01.0000,01KRJBKX63224937GQ60EZ6DPG,63716146,2026,E-Katalog 6.0,APBD,ANISAH,E-Purchasing,Barang,Belanja Alat/Bahan untuk Kegiatan Kantor- Bahan Cetak,ON PROCESS,4495500,4495500
KAB. KAUR,BADAN PENGELOLAAN KEUANGAN DAN ASET DAERAH - 5.02.0.00.0.00.01.0000,01KG6K0NBXA6825NAS3E74S908,63724354,2026,E-Katalog 6.0,APBD,PERUSAHAAN PERSEROAN (PERSERO) PT. TELEKOMUNIKASI INDONESIA,E-Purchasing,Barang,Beban Tagihan Telepon,ON PROCESS,263513996,263513996
KAB. KAUR,DINAS PEKERJAAN UMUM DAN PENATAAN RUANG - 1.03.0.00.0.00.01.0000,10810881000,65781810,2026,Non Tender,APBD,CV. SINAR JAYA ENGINEERING,Pengadaan Langsung,Jasa Konsultansi Badan Usaha Konstruksi,Perencanaan Jalan Penantian Tanjung Bunian Kec. Kelam Tengah - Lungkang Kule,SELESAI,19562446,19562446
KAB. KAUR,"DINAS KOMUNIKASI, INFORMATIKA, STATISTIK DAN PERSANDIAN - 2.16.2.20.2.21.01.0000",01KK0ZDXDEMK43WSX0X6FNX5S5,63111243,2026,E-Katalog 6.0,APBD,AESEN PUTRA NUGRAHA GROUP,E-Purchasing,Jasa Lainnya,"Belanja Jasa Iklan/Reklame, Film, dan Pemotretan",ON PROCESS,3600000,3600000
KAB. KAUR,SEKRETARIAT DAERAH - 4.01.2.10.5.06.01.0000,01KPCWWAF0NCK1FX1AD1HBV4Y2,66844873,2026,E-Katalog 6.0,APBD,RAJA SEMESTA RADAR KAUR,E-Purchasing,Barang,"Belanja Jasa Iklan/Reklame, Film, dan Pemotretan",ON PROCESS,32700000,32700000
KAB. KAUR,"DINAS KOMUNIKASI, INFORMATIKA, STATISTIK DAN PERSANDIAN - 2.16.2.20.2.21.01.0000",01KK0Z9Q94S3NVQC8SKRJ0C9N5,63111243,2026,E-Katalog 6.0,APBD,INFO OMBB SIBER INDONESIA,E-Purchasing,Jasa Lainnya,"Belanja Jasa Iklan/Reklame, Film, dan Pemotretan",ON PROCESS,3600000,3600000
KAB. KAUR,DINAS PERPUSTAKAAN DAN KEARSIPAN - 2.23.2.24.0.00.01.0000,01KTWYEY59SS49B4X18HY5NFP1,63392455,2026,E-Katalog 6.0,APBD,TAHIRIN,E-Purchasing,Barang,Belanja Alat/Bahan untuk Kegiatan Kantor- Bahan Cetak,ON PROCESS,188700,188700
KAB. KAUR,BADAN KESATUAN BANGSA DAN POLITIK - 8.01.0.00.0.00.01.0000,01KRZ5BPC2C7615YRNVZQ76W3Y,63280753,2026,E-Katalog 6.0,APBD,DONI APRIZAL,E-Purchasing,Barang,Belanja Alat/Bahan untuk Kegiatan Kantor-Alat Tulis Kantor,ON PROCESS,1599510,1599510
KAB. KAUR,DINAS PERPUSTAKAAN DAN KEARSIPAN - 2.23.2.24.0.00.01.0000,01KTR4A2JAPX6QA1AYNDBCHYAE,63395307,2026,E-Katalog 6.0,APBD,ANISAH,E-Purchasing,Barang,Belanja Alat/Bahan untuk Kegiatan Kantor- Bahan Cetak,ON PROCESS,444000,444000
KAB. KAUR,RUMAH SAKIT UMUM DAERAH - 1.02.0.00.0.00.01.0001,01KG6YY0J4J438SVFHVC55VGTT,63313451,2026,E-Katalog 6.0,APBD,INTERBAT,E-Purchasing,Barang,Belanja Obat-Obatan-Obat-Obatan Lainnya (Belanja Obat-Obatan) ,ON PROCESS,11617260,11617260
KAB. KAUR,"DINAS KOMUNIKASI, INFORMATIKA, STATISTIK DAN PERSANDIAN - 2.16.2.20.2.21.01.0000",01KS7043FAADN0YGXV1C33D7H9,66980049,2026,E-Katalog 6.0,APBD,SAHABAT NUKILA MULTIMEDIA,E-Purchasing,Jasa Lainnya,"Belanja Jasa Iklan/Reklame, Film, dan Pemotretan",ON PROCESS,2400000,2400000
KAB. KAUR,DINAS PENDIDIKAN DAN KEBUDAYAAN - 1.01.2.22.0.00.01.0000,01KPSTM86WVYTA2RFC1ETVWRVT,66931908,2026,E-Katalog 6.0,APBD,TAHIRIN,E-Purchasing,Barang,Belanja Alat/Bahan untuk Kegiatan Kantor- Kertas dan Cover,ON PROCESS,1931400,1931400
KAB. KAUR,SEKRETARIAT DAERAH - 4.01.2.10.5.06.01.0000,01KPZFS325D2ME81W1NA4Z2ZXS,66992630,2026,E-Katalog 6.0,APBD,WAHANA SEMESTA BENGKULU TELEVISI,E-Purchasing,Barang,Belanja Jasa Tenaga Informasi dan Teknologi,ON PROCESS,279600000,279600000
KAB. KAUR,"DINAS KOMUNIKASI, INFORMATIKA, STATISTIK DAN PERSANDIAN - 2.16.2.20.2.21.01.0000",01KKASCXTKMD24GZPPKE7RD68Z,63111243,2026,E-Katalog 6.0,APBD,BENGKULU MEDIA SIBER,E-Purchasing,Jasa Lainnya,"Belanja Jasa Iklan/Reklame, Film, dan Pemotretan",ON PROCESS,3600000,3600000
KAB. KAUR,DINAS PERPUSTAKAAN DAN KEARSIPAN - 2.23.2.24.0.00.01.0000,01KP4Z04FYZ90STSAQSRT3QC13,63392098,2026,E-Katalog 6.0,APBD,TAHIRIN,E-Purchasing,Barang,Belanja Alat/Bahan untuk Kegiatan Kantor- Kertas dan Cover,ON PROCESS,566100,566100
KAB. KAUR,"DINAS KOMUNIKASI, INFORMATIKA, STATISTIK DAN PERSANDIAN - 2.16.2.20.2.21.01.0000",01KJS7TZTQQHSEBVPC27NT3ASG,63111243,2026,E-Katalog 6.0,APBD,MEDIA VIRAL PUBLIK,E-Purchasing,Jasa Lainnya,"Belanja Jasa Iklan/Reklame, Film, dan Pemotretan",ON PROCESS,3600000,3600000
KAB. KAUR,SEKRETARIAT DAERAH - 4.01.2.10.5.06.01.0000,01KQEBX7602T75JWW7T19ZWA8X,65074520,2026,E-Katalog 6.0,APBD,BENGKULU JAYA RAYA,E-Purchasing,Barang,Belanja Pakaian Batik Tradisional,ON PROCESS,24753000,24753000
KAB. KAUR,"DINAS KOMUNIKASI, INFORMATIKA, STATISTIK DAN PERSANDIAN - 2.16.2.20.2.21.01.0000",01KJRXRNJA8M77RB52X28441ZB,63111243,2026,E-Katalog 6.0,APBD,TEGAR KUPAS MEDIATAMA,E-Purchasing,Jasa Lainnya,"Belanja Jasa Iklan/Reklame, Film, dan Pemotretan",ON PROCESS,3599730,3599730
KAB. KAUR,BADAN PENGELOLAAN KEUANGAN DAN ASET DAERAH - 5.02.0.00.0.00.01.0000,01KJY2PC68MN0SESA57WJGHARH,63512668,2026,E-Katalog 6.0,APBD,DONI APRIZAL,E-Purchasing,Barang,Belanja Alat Tulis Kantor,ON PROCESS,69099720,69099720
KAB. KAUR,DINAS PERPUSTAKAAN DAN KEARSIPAN - 2.23.2.24.0.00.01.0000,01KQ93GED92E3SFVTVB24THCK7,63395740,2026,E-Katalog 6.0,APBD,TAHIRIN,E-Purchasing,Barang,Belanja Alat/Bahan untuk Kegiatan Kantor-Bahan Komputer,ON PROCESS,1420800,1420800
KAB. KAUR,SEKRETARIAT DPRD - 4.02.0.00.0.00.01.0000,01KJXTSEKJAJACC963E034FBH2,65712199,2026,E-Katalog 6.0,APBD,MAJALAH SUDUT PANDANG,E-Purchasing,Jasa Lainnya,"Beban Jasa Iklan/Reklame, Film, dan Pemotretan",ON PROCESS,1199910,1199910
KAB. KAUR,DINAS PEKERJAAN UMUM DAN PENATAAN RUANG - 1.03.0.00.0.00.01.0000,10850513000,65766096,2026,Non Tender,APBD,Tri D Max,Pengadaan Langsung,Jasa Konsultansi Badan Usaha Konstruksi,Perencanaan Jalan Muara Sahung - Bukit Makmur - Air Tutung Kec. Muara Sahung,SELESAI,34521000,34521000
KAB. KAUR,SEKRETARIAT DPRD - 4.02.0.00.0.00.01.0000,01KJPFESH3VB1Q8WN4QGYAB93S,65712199,2026,E-Katalog 6.0,APBD,SUARA TEGO TONAS,E-Purchasing,Jasa Lainnya,"Beban Jasa Iklan/Reklame, Film, dan Pemotretan",ON PROCESS,1200000,1200000
KAB. KAUR,SEKRETARIAT DAERAH - 4.01.2.10.5.06.01.0000,01KPQJY0WPNA7C539N4ZDWS8CB,66965068,2026,E-Katalog 6.0,APBD,ANISAH,E-Purchasing,Barang,BELANJA PENYEDIAAN PERALATAN RUMAH TANGGA,ON PROCESS,9657000,9657000
KAB. KAUR,BADAN KESATUAN BANGSA DAN POLITIK - 8.01.0.00.0.00.01.0000,01KN4MZT0G3RE2CR159VGAQSAX,63258189,2026,E-Katalog 6.0,APBD,ANISAH,E-Purchasing,Barang,Belanja Alat/Bahan untuk Kegiatan Kantor- Bahan Cetak,ON PROCESS,1595670,1595670
KAB. KAUR,SEKRETARIAT DPRD - 4.02.0.00.0.00.01.0000,01KJEFZQ9BDS3KKQBDJZ1ZCHDP,65712197,2026,E-Katalog 6.0,APBD,MEDIA TERNAMA JAYA,E-Purchasing,Jasa Lainnya,"Beban Jasa Iklan/Reklame, Film, dan Pemotretan",ON PROCESS,4500000,4500000
KAB. KAUR,RUMAH SAKIT UMUM DAERAH - 1.02.0.00.0.00.01.0001,01KS4AAVKVGCQCNEVHT48F3TBK,63313451,2026,E-Katalog 6.0,APBD,INTERBAT,E-Purchasing,Barang,Belanja Obat-Obatan-Obat-Obatan Lainnya (Belanja Obat-Obatan) ,ON PROCESS,9531681,9531681
KAB. KAUR,SEKRETARIAT DPRD - 4.02.0.00.0.00.01.0000,01KKC67G9YA5Y0JMDDMKMAZY25,65712199,2026,E-Katalog 6.0,APBD,SUARA AGUNG CAKRA NUSANTARA,E-Purchasing,Jasa Lainnya,"Beban Jasa Iklan/Reklame, Film, dan Pemotretan",ON PROCESS,1200000,1200000
KAB. KAUR,DINAS PERPUSTAKAAN DAN KEARSIPAN - 2.23.2.24.0.00.01.0000,01KTWXYWE6T27J4W65BWDKJ7ZS,63392238,2026,E-Katalog 6.0,APBD,TAHIRIN,E-Purchasing,Barang,Belanja Alat/Bahan untuk Kegiatan Kantor- Kertas dan Cover,ON PROCESS,1032300,1032300
KAB. KAUR,DINAS PERPUSTAKAAN DAN KEARSIPAN - 2.23.2.24.0.00.01.0000,01KT3QW1XCPVPAJB72A8B09HGK,63434703,2026,E-Katalog 6.0,APBD,ANISAH,E-Purchasing,Barang,Belanja Alat/Bahan untuk Kegiatan Kantor-Alat Tulis Kantor,ON PROCESS,888000,888000
KAB. KAUR,RUMAH SAKIT UMUM DAERAH - 1.02.0.00.0.00.01.0001,01KRD2ESSTNXRP3RXX08X3HTFE,63313451,2026,E-Katalog 6.0,APBD,DEXA MEDICA,E-Purchasing,Barang,Belanja Obat-Obatan-Obat-Obatan Lainnya (Belanja Obat-Obatan) ,ON PROCESS,12358740,12358740
KAB. KAUR,DINAS PEKERJAAN UMUM DAN PENATAAN RUANG - 1.03.0.00.0.00.01.0000,01KQYBECFYV6DN85ZFNSBZF882,65377837,2026,E-Katalog 6.0,APBD,FERDIYANSAH,E-Purchasing,Barang,Belanja Alat/Bahan untuk Kegiatan Kantor- Bahan Cetak,PAYMENT OUTSIDE SYSTEM,1998000,1998000
KAB. KAUR,DINAS PERPUSTAKAAN DAN KEARSIPAN - 2.23.2.24.0.00.01.0000,01KTR2MVQA7EK465GGHR4M9EJY,63395310,2026,E-Katalog 6.0,APBD,DONI APRIZAL,E-Purchasing,Barang,Belanja Alat/Bahan untuk Kegiatan Kantor-Alat Tulis Kantor,ON PROCESS,1301328,1301328
KAB. KAUR,"DINAS PENGENDALIAN PENDUDUK, KELUARGA BERENCANA, PEMBERDAYAAN PEREMPUAN DAN PERLINDUNGAN ANAK - 2.08.2.14.0.00.01.0000",01KQRXFYE9ZGKASAXZFY51F8RN,65003855,2026,E-Katalog 6.0,APBD,DONI APRIZAL,E-Purchasing,Barang,Belanja Alat/Bahan untuk Kegiatan Kantor- Kertas dan Cover,ON PROCESS,566100,566100
KAB. KAUR,"DINAS PERUMAHAN, KAWASAN PERMUKIMAN DAN PERTANAHAN - 1.04.2.10.0.00.01.0000",10779209000,62941785,2026,Non Tender,APBD,KANTOR JASA PENILAI PUBLIK JOHNNY FAREL DAN REKAN,Pengadaan Langsung,Jasa Konsultansi Badan Usaha Non Konstruksi,Belanja Jasa konsultansi berorientasi Layanan-Jasa Khusus Spesifikasi : Tim KJPP Pembebasan Lahan,SELESAI,49950000,49950000
KAB. KAUR,DINAS PEKERJAAN UMUM DAN PENATAAN RUANG - 1.03.0.00.0.00.01.0000,01KN0VNNAHVE8Q0EWC4WMQTT1A,65011441,2026,E-Katalog 6.0,APBD,FERDIYANSAH,E-Purchasing,Barang,Belanja Alat/Bahan untuk Kegiatan Kantor-Bahan Komputer,PAYMENT OUTSIDE SYSTEM,588300,588300
KAB. KAUR,"BADAN PERENCANAAN PEMBANGUNAN, RISET DAN INOVASI DAERAH - 5.01.5.05.0.00.01.0000",01KJ4TGKSW4PMBQXM70VCQ3H0Q,65227884,2026,E-Katalog 6.0,APBD,YENA AGUSTIN,E-Purchasing,Barang,Belanja Makanan dan Minuman Rapat,ON PROCESS,2794425,2794425
KAB. KAUR,"DINAS KOMUNIKASI, INFORMATIKA, STATISTIK DAN PERSANDIAN - 2.16.2.20.2.21.01.0000",01KQE3C2CXJ0C442TF98747C0M,66980049,2026,E-Katalog 6.0,APBD,PRIA SAKTI PERKASA,E-Purchasing,Jasa Lainnya,"Belanja Jasa Iklan/Reklame, Film, dan Pemotretan",ON PROCESS,6000000,6000000
KAB. KAUR,DINAS PEKERJAAN UMUM DAN PENATAAN RUANG - 1.03.0.00.0.00.01.0000,10813715000,65766173,2026,Non Tender,APBD,CV. KONTAMA ENJINERING,Pengadaan Langsung,Jasa Konsultansi Badan Usaha Konstruksi,Perencanaan Jalan SPP BGN Muara Sahung,SELESAI,29426100,29426100
KAB. KAUR,RUMAH SAKIT UMUM DAERAH - 1.02.0.00.0.00.01.0001,01KVFDR6ZPBZANHRR0CY4X3ZFG,63313451,2026,E-Katalog 6.0,APBD,FERRON PAR PHARMACEUTICALS,E-Purchasing,Barang,Belanja Obat-Obatan-Obat-Obatan Lainnya (Belanja Obat-Obatan) ,ON PROCESS,1931400,1931400
KAB. KAUR,DINAS KESEHATAN - 1.02.0.00.0.00.01.0000,01KWBNN3SZ20X7Y7B858MD7ASP,65934204,2026,E-Katalog 6.0,APBD,FERDIYANSAH,E-Purchasing,Barang,Belanja Alat/Bahan untuk Kegiatan Kantor-Bahan Komputer,ON PROCESS,3108000,3108000
KAB. KAUR,RUMAH SAKIT UMUM DAERAH - 1.02.0.00.0.00.01.0001,01KVFDHGEZZ3Y55J5Y2WKX274E,63313451,2026,E-Katalog 6.0,APBD,DEXA MEDICA,E-Purchasing,Barang,Belanja Obat-Obatan-Obat-Obatan Lainnya (Belanja Obat-Obatan) ,ON PROCESS,2064600,2064600
KAB. KAUR,DINAS PEMBERDAYAAN MASYARAKAT DAN DESA - 2.13.0.00.0.00.01.0000,01KS1VVGBPTY4B9QF4BSR08M7H,62867143,2026,E-Katalog 6.0,APBD,RONI,E-Purchasing,Barang,Belanja Makanan dan Minuman Aktivitas Lapangan,ON PROCESS,7600000,7600000
KAB. KAUR,DINAS KESEHATAN - 1.02.0.00.0.00.01.0000,01KPW749FKYZSCA8XYWTBRYKSM,66184645,2026,E-Katalog 6.0,APBD,YUNIAR HASTUTI,E-Purchasing,Barang,Belanja Makanan dan Minuman Rapat,ON PROCESS,18091890,18091890
KAB. KAUR,"DINAS KOMUNIKASI, INFORMATIKA, STATISTIK DAN PERSANDIAN - 2.16.2.20.2.21.01.0000",01KKGRR1NRAFVBDY3D9PQEWWXF,63111243,2026,E-Katalog 6.0,APBD,MEDIA LOREN BERSINAR,E-Purchasing,Jasa Lainnya,"Belanja Jasa Iklan/Reklame, Film, dan Pemotretan",ON PROCESS,7200000,7200000
KAB. KAUR,"DINAS KOMUNIKASI, INFORMATIKA, STATISTIK DAN PERSANDIAN - 2.16.2.20.2.21.01.0000",01KJS0CMGVFV2NKYAB0M312K60,63111243,2026,E-Katalog 6.0,APBD,MEDIA PUTRA JABUNG,E-Purchasing,Jasa Lainnya,"Belanja Jasa Iklan/Reklame, Film, dan Pemotretan",ON PROCESS,3599730,3599730
KAB. KAUR,"DINAS PENGENDALIAN PENDUDUK, KELUARGA BERENCANA, PEMBERDAYAAN PEREMPUAN DAN PERLINDUNGAN ANAK - 2.08.2.14.0.00.01.0000",01KKDWNP5XWNDC22Z1DWMV41F7,64994932,2026,E-Katalog 6.0,APBD,FERDIYANSAH,E-Purchasing,Barang,Belanja Alat/Bahan untuk Kegiatan Kantor- Kertas dan Cover,ON PROCESS,1953600,1953600
KAB. KAUR,RUMAH SAKIT UMUM DAERAH - 1.02.0.00.0.00.01.0001,01KWKHCDJ8VRPK473HD4FFJKNY,63895690,2026,E-Katalog 6.0,BLUD,GRAND SENTOSA GUMILANG,E-Purchasing,Barang,Belanja Barang dan Jasa BLUD,ON PROCESS,14818500,14818500
KAB. KAUR,DINAS KESEHATAN - 1.02.0.00.0.00.01.0000,01KWBK5HPFKCN2M6JYJE3FZX7J,66144111,2026,E-Katalog 6.0,APBD,FERDIYANSAH,E-Purchasing,Barang,Belanja Alat/Bahan untuk Kegiatan Kantor- Bahan Cetak,ON PROCESS,4884000,4884000
KAB. KAUR,DINAS PEKERJAAN UMUM DAN PENATAAN RUANG - 1.03.0.00.0.00.01.0000,01KKNYPJSFK6XJW8FFZ2Y6R9W7,65567503,2026,E-Katalog 6.0,APBD,FERDIYANSAH,E-Purchasing,Barang,Belanja Alat/Bahan untuk Kegiatan Kantor- Kertas dan Cover,ON PROCESS,9712500,9712500
KAB. KAUR,DINAS PERIKANAN - 3.25.0.00.0.00.01.0000,01KJVHB3HEA5YNMA9ETMD6Z38Q,65713595,2026,E-Katalog 6.0,APBD,REFKI WINALDI,E-Purchasing,Jasa Lainnya,"Belanja Jasa Tenaga Penyuluhan atau Pendampingan, Spesifikasi : Jasa Penyuluh Perikanan",ON PROCESS,28800000,28800000
KAB. KAUR,DINAS PEKERJAAN UMUM DAN PENATAAN RUANG - 1.03.0.00.0.00.01.0000,10905133000,67255709,2026,Non Tender,APBD,CV. HIDAYAH DUA SATU,Pengadaan Langsung,Pekerjaan Konstruksi,Jalan Tanjung Pandan - Padang Damar Kec. Kaur Tengah,BERLANGSUNG,397506055,397506055
KAB. KAUR,"DINAS PENGENDALIAN PENDUDUK, KELUARGA BERENCANA, PEMBERDAYAAN PEREMPUAN DAN PERLINDUNGAN ANAK - 2.08.2.14.0.00.01.0000",01KKDNW95K24XS41J903GCTFRG,64997674,2026,E-Katalog 6.0,APBD,DONI APRIZAL,E-Purchasing,Barang,Belanja Alat/Bahan untuk Kegiatan Kantor-Bahan Komputer,ON PROCESS,1165500,1165500
KAB. KAUR,SEKRETARIAT DPRD - 4.02.0.00.0.00.01.0000,01KS4T4435P9Z2XJJGYKVS7Y9S,67181205,2026,E-Katalog 6.0,APBD,YUNIAR HASTUTI,E-Purchasing,Jasa Lainnya,Belanja Makanan dan Minuman Rapat,ON PROCESS,10566923,10566923
KAB. KAUR,"DINAS KOMUNIKASI, INFORMATIKA, STATISTIK DAN PERSANDIAN - 2.16.2.20.2.21.01.0000",01KS70JWQ7DVXASCSWXM84PKRN,66980049,2026,E-Katalog 6.0,APBD,CAKRA CYBER INDONESIA,E-Purchasing,Jasa Lainnya,"Belanja Jasa Iklan/Reklame, Film, dan Pemotretan",ON PROCESS,2400000,2400000
KAB. KAUR,"DINAS KOMUNIKASI, INFORMATIKA, STATISTIK DAN PERSANDIAN - 2.16.2.20.2.21.01.0000",01KKARCCT8RJRKPPCG8WC5QSA7,63111243,2026,E-Katalog 6.0,APBD,MEEJA METRO UPDATE,E-Purchasing,Jasa Lainnya,"Belanja Jasa Iklan/Reklame, Film, dan Pemotretan",ON PROCESS,3600000,3600000
KAB. KAUR,DINAS KESEHATAN - 1.02.0.00.0.00.01.0000,01KVSC1CGSCRFTHSJ2X6EKTTQB,66084183,2026,E-Katalog 6.0,APBD,MULAWARMAN KESADA MEDICALINDO,E-Purchasing,Barang,Belanja Obat-Obatan-Obat-Obatan Lainnya,ON PROCESS,8791200,8791200
KAB. KAUR,DINAS LINGKUNGAN HIDUP - 2.11.0.00.0.00.01.0000,01KNP2NHXR8FDZ1GVYD4HZFYBB,63045428,2026,E-Katalog 6.0,APBD,FERDIYANSAH,E-Purchasing,Barang,Belanja Alat/Bahan untuk Kegiatan Kantor- Bahan Cetak,ON PROCESS,199800,199800
KAB. KAUR,DINAS PENDIDIKAN DAN KEBUDAYAAN - 1.01.2.22.0.00.01.0000,01KQRSK95DJFRS4EHWM07M1YDH,67048487,2026,E-Katalog 6.0,APBD,TAHIRIN,E-Purchasing,Barang,Belanja Alat/Bahan untuk Kegiatan Kantor-Alat Tulis Kantor,ON PROCESS,2089464,2089464
KAB. KAUR,SEKRETARIAT DPRD - 4.02.0.00.0.00.01.0000,01KJXXX19DZ436P966M92XYX1M,65712199,2026,E-Katalog 6.0,APBD,RIZKI ARYA MEDIA,E-Purchasing,Jasa Lainnya,"Beban Jasa Iklan/Reklame, Film, dan Pemotretan",ON PROCESS,1098900,1098900
KAB. KAUR,DINAS PEKERJAAN UMUM DAN PENATAAN RUANG - 1.03.0.00.0.00.01.0000,10814912000,65775423,2026,Non Tender,APBD,CV. Alpha design consultant,Pengadaan Langsung,Jasa Konsultansi Badan Usaha Konstruksi,Perencanaan Rehabilitasi Jembatan Gantung Desa Pengurung Kec. Kinal,SELESAI,12398700,12398700
KAB. KAUR,DINAS SOSIAL - 1.06.0.00.0.00.01.0000,01KV4N108Q6V0V7FG1Q202QEYS,66164622,2026,E-Katalog 6.0,APBD,TAHIRIN,E-Purchasing,Barang,Belanja Alat/Bahan untuk Kegiatan Kantor- Kertas dan Cover,ON PROCESS,7825500,7825500
KAB. KAUR,DINAS PEKERJAAN UMUM DAN PENATAAN RUANG - 1.03.0.00.0.00.01.0000,10841120000,65766044,2026,Non Tender,APBD,CV. REKAYASA CIPTA PRIMA CONSULTAN,Pengadaan Langsung,Jasa Konsultansi Badan Usaha Konstruksi,Perencanaan Jalan Desa Cucupan Kec. Tetap,SELESAI,34731900,34731900
KAB. KAUR,"DINAS KOMUNIKASI, INFORMATIKA, STATISTIK DAN PERSANDIAN - 2.16.2.20.2.21.01.0000",01KS1V24F9MEDGFAWYWVGYV5HJ,66980049,2026,E-Katalog 6.0,APBD,RIZKY PRATAMA MANDIRI KAUR,E-Purchasing,Jasa Lainnya,"Belanja Jasa Iklan/Reklame, Film, dan Pemotretan",ON PROCESS,4800000,0
KAB. KAUR,"DINAS KOMUNIKASI, INFORMATIKA, STATISTIK DAN PERSANDIAN - 2.16.2.20.2.21.01.0000",01KHAVZ4A1ZNBPVJRTFBN65NSC,63111243,2026,E-Katalog 6.0,APBD,MEDIA MENTARI BENGKULU,E-Purchasing,Jasa Lainnya,"Belanja Jasa Iklan/Reklame, Film, dan Pemotretan",ON PROCESS,7492500,7492500
KAB. KAUR,DINAS PERPUSTAKAAN DAN KEARSIPAN - 2.23.2.24.0.00.01.0000,01KT8998E8MY1G9X231ESQ277G,63434702,2026,E-Katalog 6.0,APBD,MESI YULIANA,E-Purchasing,Barang,Belanja Makanan dan Minuman Aktivitas Lapangan,ON PROCESS,219780,219780
KAB. KAUR,"DINAS KOMUNIKASI, INFORMATIKA, STATISTIK DAN PERSANDIAN - 2.16.2.20.2.21.01.0000",01KJVNH0Y1SK2QQF33TJRPNATZ,63111243,2026,E-Katalog 6.0,APBD,SUARA WARTA NUSANTARA,E-Purchasing,Jasa Lainnya,"Belanja Jasa Iklan/Reklame, Film, dan Pemotretan",ON PROCESS,3599730,3599730
KAB. KAUR,SEKRETARIAT DAERAH - 4.01.2.10.5.06.01.0000,01KPQT3YS6M1GNRJJF15W8Z64F,66963856,2026,E-Katalog 6.0,APBD,RERUCA ENTERTAIMENT GROUP,E-Purchasing,Barang,BELANJA MODAL MEBEL,ON PROCESS,5460000,5460000
KAB. KAUR,DINAS PERPUSTAKAAN DAN KEARSIPAN - 2.23.2.24.0.00.01.0000,01KQC8JSBJ9GBAPVZZ7MC8AN7B,63391426,2026,E-Katalog 6.0,APBD,TAHIRIN,E-Purchasing,Barang,Belanja Alat/Bahan untuk Kegiatan Kantor-Bahan Komputer,ON PROCESS,4684200,4684200
KAB. KAUR,SEKRETARIAT DPRD - 4.02.0.00.0.00.01.0000,01KJP980W6ZRPTBSFHGDACBARW,65712199,2026,E-Katalog 6.0,APBD,SRIKANDI PUTREY NUSANTARA,E-Purchasing,Jasa Lainnya,"Beban Jasa Iklan/Reklame, Film, dan Pemotretan",ON PROCESS,1200000,1200000
KAB. KAUR,"DINAS KOMUNIKASI, INFORMATIKA, STATISTIK DAN PERSANDIAN - 2.16.2.20.2.21.01.0000",01KKAQZCKCSS6X54GAH80AV1W4,63111243,2026,E-Katalog 6.0,APBD,RIZKY PRATAMA MANDIRI KAUR,E-Purchasing,Jasa Lainnya,"Belanja Jasa Iklan/Reklame, Film, dan Pemotretan",ON PROCESS,3600000,0
KAB. KAUR,"DINAS PERUMAHAN, KAWASAN PERMUKIMAN DAN PERTANAHAN - 1.04.2.10.0.00.01.0000",01KHQ8NM9HCKEJS86CHV826BAM,62874764,2026,E-Katalog 6.0,APBD,TAHIRIN,E-Purchasing,Barang,Belanja Alat/Bahan untuk Kegiatan Kantor- Kertas dan Cover,ON PROCESS,1691640,1691640
KAB. KAUR,"BADAN PERENCANAAN PEMBANGUNAN, RISET DAN INOVASI DAERAH - 5.01.5.05.0.00.01.0000",01KTJKYMWN08HHRWJ08306KPD5,63268645,2026,E-Katalog 6.0,APBD,ATSOFT TEKNOLOGI,E-Purchasing,Jasa Lainnya,Beban Kawat/Faksimili/Internet/TV Berlangganan,ON PROCESS,26640000,26640000
KAB. KAUR,SEKRETARIAT DPRD - 4.02.0.00.0.00.01.0000,01KJPFTAN7TQSY1T5PR223PZHR,65712199,2026,E-Katalog 6.0,APBD,FORTIS FORTUNA MEDIA,E-Purchasing,Jasa Lainnya,"Beban Jasa Iklan/Reklame, Film, dan Pemotretan",ON PROCESS,1199910,1199910
KAB. KAUR,"DINAS KOMUNIKASI, INFORMATIKA, STATISTIK DAN PERSANDIAN - 2.16.2.20.2.21.01.0000",01KS75GYSDZ2ATGKGV8GWVQQSJ,66980049,2026,E-Katalog 6.0,APBD,KUROTIDUR MAJU MAKMUR,E-Purchasing,Jasa Lainnya,"Belanja Jasa Iklan/Reklame, Film, dan Pemotretan",ON PROCESS,2400000,2400000
KAB. KAUR,"BADAN PERENCANAAN PEMBANGUNAN, RISET DAN INOVASI DAERAH - 5.01.5.05.0.00.01.0000",01KTK6R3HZ5QYSCWXQRWGYN9FV,63273192,2026,E-Katalog 6.0,APBD,TAHIRIN,E-Purchasing,Barang,Belanja Alat/Bahan untuk Kegiatan Kantor-Alat Tulis Kantor,ON PROCESS,4084800,4084800
KAB. KAUR,DINAS PERPUSTAKAAN DAN KEARSIPAN - 2.23.2.24.0.00.01.0000,01KT3SYPRZBTV8E28W6G3EB41J,63434701,2026,E-Katalog 6.0,APBD,ANISAH,E-Purchasing,Barang,Belanja Alat/Bahan untuk Kegiatan Kantor- Bahan Cetak,ON PROCESS,1776000,1776000
KAB. KAUR,"DINAS KOMUNIKASI, INFORMATIKA, STATISTIK DAN PERSANDIAN - 2.16.2.20.2.21.01.0000",01KS1W09H867FJ4CTGM91FAG9H,66980049,2026,E-Katalog 6.0,APBD,INFO OMBB SIBER INDONESIA,E-Purchasing,Jasa Lainnya,"Belanja Jasa Iklan/Reklame, Film, dan Pemotretan",ON PROCESS,2400000,2400000
KAB. KAUR,DINAS PARIWISATA - 3.26.0.00.0.00.01.0000,01KHQYDS0J7TKKWS22B4S3VG5E,63406251,2026,E-Katalog 6.0,APBD,FERDIYANSAH,E-Purchasing,Barang,Belanja Alat/Bahan untuk Kegiatan Kantor-Alat Tulis Kantor,ON PROCESS,444000,444000
KAB. KAUR,"DINAS KOMUNIKASI, INFORMATIKA, STATISTIK DAN PERSANDIAN - 2.16.2.20.2.21.01.0000",01KJRX9EB0P06NW2376DJB5MC1,63111243,2026,E-Katalog 6.0,APBD,MEDIA ONLINE BENGKULU,E-Purchasing,Jasa Lainnya,"Belanja Jasa Iklan/Reklame, Film, dan Pemotretan",ON PROCESS,3600000,3600000
KAB. KAUR,"DINAS KOMUNIKASI, INFORMATIKA, STATISTIK DAN PERSANDIAN - 2.16.2.20.2.21.01.0000",01KNGP65TSKKECAG5WBJNXKWJG,63111243,2026,E-Katalog 6.0,APBD,BULANGCERVA MEDIA PUBLIK,E-Purchasing,Jasa Lainnya,"Belanja Jasa Iklan/Reklame, Film, dan Pemotretan",ON PROCESS,3600000,3600000
KAB. KAUR,BADAN PENGELOLAAN KEUANGAN DAN ASET DAERAH - 5.02.0.00.0.00.01.0000,01KHSSSH9ENSGDE2N8DWSHSKNJ,63507372,2026,E-Katalog 6.0,APBD,MEDIA JAYA KOMPUTER,E-Purchasing,Barang,LCD Projector/Infocus,ON PROCESS,7992000,7992000
KAB. KAUR,DINAS PARIWISATA - 3.26.0.00.0.00.01.0000,01KSEN10SS6GZ54RT2W5D7QPD9,63716153,2026,E-Katalog 6.0,APBD,MEDIA TERNAMA JAYA,E-Purchasing,Jasa Lainnya,"Belanja Jasa Iklan/Reklame, Film, dan Pemotretan",ON PROCESS,1000000,1000000
KAB. KAUR,DINAS SATUAN POLISI PAMONG PRAJA - 1.05.0.00.0.00.01.0000,01KW91AZ5KTW6G7TS9GY37DQKV,63538321,2026,E-Katalog 6.0,APBD,DONI APRIZAL,E-Purchasing,Barang,Belanja Alat/Bahan untuk Kegiatan Kantor-Alat Tulis Kantor,ON PROCESS,1180485,1180485
KAB. KAUR,"DINAS KOMUNIKASI, INFORMATIKA, STATISTIK DAN PERSANDIAN - 2.16.2.20.2.21.01.0000",01KS1WX7V3M5P4VXF4PH8TJGBQ,66980049,2026,E-Katalog 6.0,APBD,MENGGALA MEDIA GLOBAL,E-Purchasing,Jasa Lainnya,"Belanja Jasa Iklan/Reklame, Film, dan Pemotretan",ON PROCESS,3600000,3600000
KAB. KAUR,DINAS PENDIDIKAN DAN KEBUDAYAAN - 1.01.2.22.0.00.01.0000,01KR37MMMRD3H0S5XW2AJV2CFC,65802851,2026,E-Katalog 6.0,APBD,DONI APRIZAL,E-Purchasing,Barang,Belanja Alat/Bahan untuk Kegiatan Kantor- Kertas dan Cover,ON PROCESS,25834140,25834140
KAB. KAUR,DINAS PEKERJAAN UMUM DAN PENATAAN RUANG - 1.03.0.00.0.00.01.0000,10810805000,65781917,2026,Non Tender,APBD,CV. SINAR JAYA ENGINEERING,Pengadaan Langsung,Jasa Konsultansi Badan Usaha Konstruksi,Perencanaan Pembangunan Jalan Rabat Beton Desa Guru Agung II Kec.Kaur Utara,SELESAI,19577431,19577431
KAB. KAUR,"DINAS PERUMAHAN, KAWASAN PERMUKIMAN DAN PERTANAHAN - 1.04.2.10.0.00.01.0000",01KVCGGV4DQJSW7YZ9WP7XTEVY,62858171,2026,E-Katalog 6.0,APBD,TAHIRIN,E-Purchasing,Barang,Belanja Alat/Bahan untuk Kegiatan Kantor-Alat Tulis Kantor,ON PROCESS,955710,955710
KAB. KAUR,"DINAS PENGENDALIAN PENDUDUK, KELUARGA BERENCANA, PEMBERDAYAAN PEREMPUAN DAN PERLINDUNGAN ANAK - 2.08.2.14.0.00.01.0000",01KW131Z1QA282FT7RWSJ751NX,65004528,2026,E-Katalog 6.0,APBD,DONI APRIZAL,E-Purchasing,Barang,Belanja Alat/Bahan untuk Kegiatan Kantor- Kertas dan Cover,ON PROCESS,344100,344100
KAB. KAUR,DINAS PENDIDIKAN DAN KEBUDAYAAN - 1.01.2.22.0.00.01.0000,01KQP4M98F971GDMQWRW7GB4KB,64492670,2026,E-Katalog 6.0,APBD,TAHIRIN,E-Purchasing,Barang,Belanja Alat/Bahan untuk Kegiatan Kantor-Bahan Komputer,ON PROCESS,777000,777000
KAB. KAUR,DINAS LINGKUNGAN HIDUP - 2.11.0.00.0.00.01.0000,01KSH6TGHC434SRKS93PMFZF44,63105616,2026,E-Katalog 6.0,APBD,FERDIYANSAH,E-Purchasing,Barang,Belanja Alat/Bahan untuk Kegiatan Kantor-Alat Tulis Kantor,ON PROCESS,5239200,5239200
KAB. KAUR,"DINAS KOMUNIKASI, INFORMATIKA, STATISTIK DAN PERSANDIAN - 2.16.2.20.2.21.01.0000",01KQ93VW4DAXS197HFSNK5SPYC,63110052,2026,E-Katalog 6.0,APBD,MEDIA BENGKULU EKSPRESS,E-Purchasing,Barang,Belanja Langganan Jurnal/Surat Kabar/Majalah,ON PROCESS,16314669,16314669
KAB. KAUR,SEKRETARIAT DPRD - 4.02.0.00.0.00.01.0000,01KS4RKRARPBPBW6RPW9AW3R7B,65712196,2026,E-Katalog 6.0,APBD,RAJA SEMESTA RADAR KAUR,E-Purchasing,Jasa Lainnya,-,ON PROCESS,5000000,5000000
KAB. KAUR,DINAS SOSIAL - 1.06.0.00.0.00.01.0000,01KTWYGYM8FKS1NYW9P5S1VGNZ,66165685,2026,E-Katalog 6.0,APBD,TAHIRIN,E-Purchasing,Barang,Belanja Alat/Bahan untuk Kegiatan Kantor-Alat Tulis Kantor,ON PROCESS,777000,777000
KAB. KAUR,"DINAS KOMUNIKASI, INFORMATIKA, STATISTIK DAN PERSANDIAN - 2.16.2.20.2.21.01.0000",01KJCCA2BASZHAMKXPSWSZA9S2,63111243,2026,E-Katalog 6.0,APBD,GLOBAL SANTOSO PERDANA,E-Purchasing,Jasa Lainnya,"Belanja Jasa Iklan/Reklame, Film, dan Pemotretan",ON PROCESS,4800000,4800000
KAB. KAUR,"DINAS KOMUNIKASI, INFORMATIKA, STATISTIK DAN PERSANDIAN - 2.16.2.20.2.21.01.0000",01KJSDGMXFN5ZDX002AXQSCFQM,63111243,2026,E-Katalog 6.0,APBD,WAHANA MEDIA SEKUNDANG,E-Purchasing,Jasa Lainnya,"Belanja Jasa Iklan/Reklame, Film, dan Pemotretan",ON PROCESS,3600000,3600000
KAB. KAUR,"DINAS PENGENDALIAN PENDUDUK, KELUARGA BERENCANA, PEMBERDAYAAN PEREMPUAN DAN PERLINDUNGAN ANAK - 2.08.2.14.0.00.01.0000",01KNGMQQ64M9W771TBH64ZNYZF,64997112,2026,E-Katalog 6.0,APBD,DONI APRIZAL,E-Purchasing,Barang,Belanja Alat/Bahan untuk Kegiatan Kantor- Kertas dan Cover,ON PROCESS,1072260,1072260
KAB. KAUR,"DINAS KOMUNIKASI, INFORMATIKA, STATISTIK DAN PERSANDIAN - 2.16.2.20.2.21.01.0000",01KT38CCEXWFV6DYGGM527X5TZ,63110052,2026,E-Katalog 6.0,APBD,MEDIA BENGKULU EKSPRESS,E-Purchasing,Barang,Belanja Langganan Jurnal/Surat Kabar/Majalah,ON PROCESS,16244739,16244739
KAB. KAUR,DINAS PEKERJAAN UMUM DAN PENATAAN RUANG - 1.03.0.00.0.00.01.0000,01KKEYMN0SBJ4HRWGSNPEEG2KB,65059758,2026,E-Katalog 6.0,APBD,FERDIYANSAH,E-Purchasing,Barang,Belanja Alat/Bahan untuk Kegiatan Kantor- Kertas dan Cover,ON PROCESS,1226550,1226550
KAB. KAUR,RUMAH SAKIT UMUM DAERAH - 1.02.0.00.0.00.01.0001,01KPT65CPEWS4GF8GRGZFMFXH7,63313451,2026,E-Katalog 6.0,APBD,DEXA MEDICA,E-Purchasing,Barang,Belanja Obat-Obatan-Obat-Obatan Lainnya (Belanja Obat-Obatan) ,ON PROCESS,18945924,18945924
KAB. KAUR,"DINAS KOMUNIKASI, INFORMATIKA, STATISTIK DAN PERSANDIAN - 2.16.2.20.2.21.01.0000",01KJVX0RZXQP93TTWQMY3XVQHX,63111243,2026,E-Katalog 6.0,APBD,RAKYAT BENGKULU DIGITAL MEDIA,E-Purchasing,Jasa Lainnya,"Belanja Jasa Iklan/Reklame, Film, dan Pemotretan",ON PROCESS,3600000,3600000
KAB. KAUR,DINAS PENANAMAN MODAL DAN PELAYANAN TERPADU SATU PINTU - 2.18.0.00.0.00.01.0000,01KQ6D6JCXRXTEZB3Y1JDFSF0F,65443021,2026,E-Katalog 6.0,APBD,DONI APRIZAL,E-Purchasing,Barang,Belanja Alat/Bahan untuk Kegiatan Kantor-Bahan Komputer,ON PROCESS,382950,382950
KAB. KAUR,DINAS PEKERJAAN UMUM DAN PENATAAN RUANG - 1.03.0.00.0.00.01.0000,01KJVVFRXRWFBW19208J98EB7J,65012681,2026,E-Katalog 6.0,APBD,TAHIRIN,E-Purchasing,Barang,Belanja Alat/Bahan untuk Kegiatan Kantor-Alat Tulis Kantor,ON PROCESS,1759905,1759905
KAB. KAUR,DINAS SATUAN POLISI PAMONG PRAJA - 1.05.0.00.0.00.01.0000,01KW8R82G9HT39XC4R5B3P6RSY,63538323,2026,E-Katalog 6.0,APBD,DONI APRIZAL,E-Purchasing,Barang,Belanja Alat/Bahan untuk Kegiatan Kantor- Kertas dan Cover,ON PROCESS,472305,472305
KAB. KAUR,DINAS PENDIDIKAN DAN KEBUDAYAAN - 1.01.2.22.0.00.01.0000,01KQ9NCYBC8FEC8MKPH9Z88P4T,65666568,2026,E-Katalog 6.0,APBD,DONI APRIZAL,E-Purchasing,Barang,Belanja Alat/Bahan untuk Kegiatan Kantor- Kertas dan Cover,ON PROCESS,3635250,3635250
KAB. KAUR,SEKRETARIAT DAERAH - 4.01.2.10.5.06.01.0000,01KPQTA22JWR6DT5JP126JM5F2,66963856,2026,E-Katalog 6.0,APBD,RERUCA ENTERTAIMENT GROUP,E-Purchasing,Barang,BELANJA MODAL MEBEL,ON PROCESS,27300000,27300000
KAB. KAUR,SEKRETARIAT DPRD - 4.02.0.00.0.00.01.0000,01KJEEYKHQA7MJ3YYX39W9WH9B,65712197,2026,E-Katalog 6.0,APBD,SEMARAK BENGKULU PERMAI,E-Purchasing,Jasa Lainnya,"Beban Jasa Iklan/Reklame, Film, dan Pemotretan",ON PROCESS,4500000,4500000
KAB. KAUR,DINAS SATUAN POLISI PAMONG PRAJA - 1.05.0.00.0.00.01.0000,01KT6WF34A5HRD8K96T3DD7177,63538200,2026,E-Katalog 6.0,APBD,DONI APRIZAL,E-Purchasing,Barang,Belanja Alat/Bahan untuk Kegiatan Kantor- Bahan Cetak,ON PROCESS,235820,235820
KAB. KAUR,DINAS PEKERJAAN UMUM DAN PENATAAN RUANG - 1.03.0.00.0.00.01.0000,10841182000,65781903,2026,Non Tender,APBD,CV. LENTERA BESEMAH CONSULTANT,Pengadaan Langsung,Jasa Konsultansi Badan Usaha Konstruksi,Perencanaan Jalan Desa Trans Cahaya Batin Kec. Semidang Gumay,SELESAI,31746000,31746000
KAB. KAUR,SEKRETARIAT DPRD - 4.02.0.00.0.00.01.0000,01KS45PBMJKJ0AFT2356THCJ81,65712199,2026,E-Katalog 6.0,APBD,MEDIA ONLINE BENGKULU,E-Purchasing,Jasa Lainnya,"Beban Jasa Iklan/Reklame, Film, dan Pemotretan",ON PROCESS,1200000,1200000
KAB. KAUR,"DINAS PENGENDALIAN PENDUDUK, KELUARGA BERENCANA, PEMBERDAYAAN PEREMPUAN DAN PERLINDUNGAN ANAK - 2.08.2.14.0.00.01.0000",01KKDWYQ8JB0WBCB2P5AHKD7ST,64994933,2026,E-Katalog 6.0,APBD,ANISAH,E-Purchasing,Barang,Belanja Alat/Bahan untuk Kegiatan Kantor- Bahan Cetak,ON PROCESS,2319600,2319600
KAB. KAUR,"DINAS KOMUNIKASI, INFORMATIKA, STATISTIK DAN PERSANDIAN - 2.16.2.20.2.21.01.0000",01KK0WTPZKY8QWFK3ZN4E8N6NJ,63111243,2026,E-Katalog 6.0,APBD,RIZKY PRATAMA MANDIRI KAUR,E-Purchasing,Jasa Lainnya,"Belanja Jasa Iklan/Reklame, Film, dan Pemotretan",ON PROCESS,6000000,6000000
KAB. KAUR,"DINAS KOMUNIKASI, INFORMATIKA, STATISTIK DAN PERSANDIAN - 2.16.2.20.2.21.01.0000",01KJS1ZVJPNG4YN0BTFW8P3RWD,63111243,2026,E-Katalog 6.0,APBD,MEDIATAMA GURITA JAYA,E-Purchasing,Jasa Lainnya,"Belanja Jasa Iklan/Reklame, Film, dan Pemotretan",ON PROCESS,3599730,3599730
KAB. KAUR,"DINAS KOMUNIKASI, INFORMATIKA, STATISTIK DAN PERSANDIAN - 2.16.2.20.2.21.01.0000",01KS74N4CNXTR2CBE3D8RQSDFD,66980049,2026,E-Katalog 6.0,APBD,INTERAKTIF MEDIA SIBER,E-Purchasing,Jasa Lainnya,"Belanja Jasa Iklan/Reklame, Film, dan Pemotretan",ON PROCESS,1200000,1200000
KAB. KAUR,RUMAH SAKIT UMUM DAERAH - 1.02.0.00.0.00.01.0001,01KHQHC9VM799JK1X6B0J78V71,63313451,2026,E-Katalog 6.0,APBD,INTERBAT,E-Purchasing,Barang,Belanja Obat-Obatan-Obat-Obatan Lainnya (Belanja Obat-Obatan) ,ON PROCESS,9556712,9556712
KAB. KAUR,"DINAS PERUMAHAN, KAWASAN PERMUKIMAN DAN PERTANAHAN - 1.04.2.10.0.00.01.0000",01KQ924ZN68ZHEBNSGMB1JV63N,62842521,2026,E-Katalog 6.0,APBD,TAHIRIN,E-Purchasing,Barang,Belanja Alat/Bahan untuk Kegiatan Kantor-Alat Tulis Kantor,ON PROCESS,1062825,1062825
KAB. KAUR,BADAN KESATUAN BANGSA DAN POLITIK - 8.01.0.00.0.00.01.0000,01KJ9FQ8Q3VAXN68S9993JT4BJ,63281977,2026,E-Katalog 6.0,APBD,ANISAH,E-Purchasing,Barang,Belanja Alat/Bahan untuk Kegiatan Kantor- Bahan Cetak,ON PROCESS,8668814,8668814
KAB. KAUR,BADAN KESATUAN BANGSA DAN POLITIK - 8.01.0.00.0.00.01.0000,01KJSA353WVXETTT2G64D26CMH,63281598,2026,E-Katalog 6.0,APBD,DONI APRIZAL,E-Purchasing,Barang,Belanja Alat/Bahan untuk Kegiatan Kantor-Alat Tulis Kantor,ON PROCESS,810633,810633
KAB. KAUR,"DINAS PERUMAHAN, KAWASAN PERMUKIMAN DAN PERTANAHAN - 1.04.2.10.0.00.01.0000",01KJC3XWT4VEMAG8XR30G1ND3S,62861645,2026,E-Katalog 6.0,APBD,KINAL WIJAYA SAKTI,E-Purchasing,Barang,Belanja Modal Sepatu Lapangan,ON PROCESS,4939500,4939500
KAB. KAUR,SEKRETARIAT DAERAH - 4.01.2.10.5.06.01.0000,01KFASR7P7XTVXXEBXR0E0FE96,63487630,2026,E-Katalog 6.0,APBD,GINA PURWANTI,E-Purchasing,Barang,MAKAN MINUM FASILITAS KUNJUNGAN TAMU,ON PROCESS,24997200,24997200
KAB. KAUR,DINAS KESEHATAN - 1.02.0.00.0.00.01.0000,01KR09QX61S5SH01D8FEN57515,66084181,2026,E-Katalog 6.0,APBD,MOLEX AYUS,E-Purchasing,Barang,Belanja Obat-Obatan-Obat,ON PROCESS,32722800,32722800
KAB. KAUR,"DINAS KOMUNIKASI, INFORMATIKA, STATISTIK DAN PERSANDIAN - 2.16.2.20.2.21.01.0000",01KJS815MP8F42D6A1002ZZ7M5,63111243,2026,E-Katalog 6.0,APBD,JARI FANAMAS LAMPUNG,E-Purchasing,Jasa Lainnya,"Belanja Jasa Iklan/Reklame, Film, dan Pemotretan",ON PROCESS,2400000,2400000
KAB. KAUR,RUMAH SAKIT UMUM DAERAH - 1.02.0.00.0.00.01.0001,10769750000,64601971,2026,Non Tender,APBD,CV. TRISYA MULTIDESAIN Consultant,Pengadaan Langsung,Jasa Konsultansi Badan Usaha Konstruksi,Beban Jasa Konsultansi Perencanaan Rekayasa-Jasa Desain Rekayasa untuk Konstruksi Pondasi serta Struktur Bangunan Spesifikasi : Jasa Konsultansi Perencanaan Gedung Rawat Inap Bedah RSUD Kaur,SELESAI,11978565,11978565
KAB. KAUR,DINAS PEMBERDAYAAN MASYARAKAT DAN DESA - 2.13.0.00.0.00.01.0000,01KS1W9G541S2X29M04ESBHHXB,62867143,2026,E-Katalog 6.0,APBD,RONI,E-Purchasing,Barang,Belanja Makanan dan Minuman Aktivitas Lapangan,ON PROCESS,99900,99900
KAB. KAUR,RUMAH SAKIT UMUM DAERAH - 1.02.0.00.0.00.01.0001,01KJ6R3MRWR2ETHPEEXKN0YZW2,63313451,2026,E-Katalog 6.0,APBD,YARINDO FARMATAMA,E-Purchasing,Barang,Belanja Obat-Obatan-Obat-Obatan Lainnya (Belanja Obat-Obatan) ,ON PROCESS,2247750,2247750
KAB. KAUR,"DINAS KOMUNIKASI, INFORMATIKA, STATISTIK DAN PERSANDIAN - 2.16.2.20.2.21.01.0000",01KJSCDGZMZ7SEE86HWDBJMQ4R,63111243,2026,E-Katalog 6.0,APBD,SUARA JARINGAN BERSAMA,E-Purchasing,Jasa Lainnya,"Belanja Jasa Iklan/Reklame, Film, dan Pemotretan",ON PROCESS,3600000,3600000
KAB. KAUR,"DINAS KOMUNIKASI, INFORMATIKA, STATISTIK DAN PERSANDIAN - 2.16.2.20.2.21.01.0000",01KJS1RMGW4PFWM95T6PNC7YRK,63111243,2026,E-Katalog 6.0,APBD,GEMA MEDIA KITA,E-Purchasing,Jasa Lainnya,"Belanja Jasa Iklan/Reklame, Film, dan Pemotretan",ON PROCESS,3599730,3599730
KAB. KAUR,"DINAS KOMUNIKASI, INFORMATIKA, STATISTIK DAN PERSANDIAN - 2.16.2.20.2.21.01.0000",01KJS1HB5QGT4HQW5RBJQM9WVM,63111243,2026,E-Katalog 6.0,APBD,MEDIA BENGKULU ONLINE SUKSES,E-Purchasing,Jasa Lainnya,"Belanja Jasa Iklan/Reklame, Film, dan Pemotretan",ON PROCESS,3600000,3600000
KAB. KAUR,"DINAS PENGENDALIAN PENDUDUK, KELUARGA BERENCANA, PEMBERDAYAAN PEREMPUAN DAN PERLINDUNGAN ANAK - 2.08.2.14.0.00.01.0000",01KNGWRC4HNQXK02KHTG36ETF9,64687847,2026,E-Katalog 6.0,APBD,ANISAH,E-Purchasing,Barang,Belanja Alat/Bahan untuk Kegiatan Kantor-Alat Tulis Kantor,ON PROCESS,2974800,2974800
KAB. KAUR,BADAN PENGELOLAAN KEUANGAN DAN ASET DAERAH - 5.02.0.00.0.00.01.0000,01KT3TKS2MW3DDT7PNPHEY3P39,67226919,2026,E-Katalog 6.0,APBD,ANISAH,E-Purchasing,Barang,Belanja Alat/Bahan untuk Kegiatan Kantor-Alat Tulis Kantor,ON PROCESS,459540,459540
KAB. KAUR,"DINAS KOMUNIKASI, INFORMATIKA, STATISTIK DAN PERSANDIAN - 2.16.2.20.2.21.01.0000",01KJSDANYZ3TS4JV4WVB3Q6KJQ,63111243,2026,E-Katalog 6.0,APBD,MEGATAMA JAYA PRESS,E-Purchasing,Jasa Lainnya,"Belanja Jasa Iklan/Reklame, Film, dan Pemotretan",ON PROCESS,3599730,3599730
KAB. KAUR,DINAS PEKERJAAN UMUM DAN PENATAAN RUANG - 1.03.0.00.0.00.01.0000,01KQYAY2VVEVGJ0PW171045G2H,65377835,2026,E-Katalog 6.0,APBD,FERDIYANSAH,E-Purchasing,Barang,Belanja Alat/Bahan untuk Kegiatan Kantor-Alat Tulis Kantor,PAYMENT OUTSIDE SYSTEM,402930,402930
KAB. KAUR,DINAS PERIKANAN - 3.25.0.00.0.00.01.0000,01KGEFC3JCRDFABH9QYPKCA7G0,63316589,2026,E-Katalog 6.0,APBD,TAHIRIN,E-Purchasing,Barang,"Belanja Barang Pakai Habis dan Belanja Modal Peralatan Cetak, spesifikasi: Alat Tulis Kantor, Kertas HVS, Tinta Printer, dan Pelubang Kertas",ON PROCESS,34358119,34358119
KAB. KAUR,"DINAS PENGENDALIAN PENDUDUK, KELUARGA BERENCANA, PEMBERDAYAAN PEREMPUAN DAN PERLINDUNGAN ANAK - 2.08.2.14.0.00.01.0000",01KQS2T7J94YKHR77CT4WMFJ8R,65005486,2026,E-Katalog 6.0,APBD,DONI APRIZAL,E-Purchasing,Barang,Belanja Alat/Bahan untuk Kegiatan Kantor-Bahan Komputer,ON PROCESS,632700,632700
KAB. KAUR,DINAS KESEHATAN - 1.02.0.00.0.00.01.0000,01KVPK8SJR976C52XZ5AQ47THK,66084181,2026,E-Katalog 6.0,APBD,NOVAPHARIN,E-Purchasing,Barang,Belanja Obat-Obatan-Obat,ON PROCESS,8769000,8769000
KAB. KAUR,DINAS LINGKUNGAN HIDUP - 2.11.0.00.0.00.01.0000,01KSH6FZRW96SSE7W3N8C7DXK2,63105617,2026,E-Katalog 6.0,APBD,FERDIYANSAH,E-Purchasing,Barang,Belanja Alat/Bahan untuk Kegiatan Kantor- Kertas dan Cover,ON PROCESS,754800,754800
KAB. KAUR,DINAS PERPUSTAKAAN DAN KEARSIPAN - 2.23.2.24.0.00.01.0000,01KT8957CGGGAHYJVD0Q3SVPBR,63434702,2026,E-Katalog 6.0,APBD,MESI YULIANA,E-Purchasing,Barang,Belanja Makanan dan Minuman Aktivitas Lapangan,ON PROCESS,146520,146520
KAB. KAUR,DINAS KESEHATAN - 1.02.0.00.0.00.01.0000,01KVSAX07MP1K6V9P9A2GMSKZH,66609951,2026,E-Katalog 6.0,APBD,FERDIYANSAH,E-Purchasing,Barang,Belanja Alat/Bahan untuk Kegiatan Kantor-Bahan Komputer,ON PROCESS,388500,388500
KAB. KAUR,RUMAH SAKIT UMUM DAERAH - 1.02.0.00.0.00.01.0001,01KVFAXKZS2WN34SEB392S48KT,63313451,2026,E-Katalog 6.0,APBD,TRIPUTRA MANDIRI DISTRIBUSI,E-Purchasing,Barang,Belanja Obat-Obatan-Obat-Obatan Lainnya (Belanja Obat-Obatan) ,ON PROCESS,26373600,26373600
KAB. KAUR,SEKRETARIAT DPRD - 4.02.0.00.0.00.01.0000,01KKC6RJQ7R5YDJPQ6HAJQ79R9,65712196,2026,E-Katalog 6.0,APBD,RAJA SEMESTA RADAR KAUR,E-Purchasing,Jasa Lainnya,-,ON PROCESS,10000000,10000000
KAB. KAUR,"DINAS KOMUNIKASI, INFORMATIKA, STATISTIK DAN PERSANDIAN - 2.16.2.20.2.21.01.0000",01KJRX55N02RK6GGXGCYTZ5YDG,63111243,2026,E-Katalog 6.0,APBD,KAUR MEDIA BERSAMA,E-Purchasing,Jasa Lainnya,"Belanja Jasa Iklan/Reklame, Film, dan Pemotretan",ON PROCESS,3599730,3599730
KAB. KAUR,DINAS PEKERJAAN UMUM DAN PENATAAN RUANG - 1.03.0.00.0.00.01.0000,10847140000,65340085,2026,Non Tender,APBD,PT. ARCHDECONS GUBAH GEMILANG,Pengadaan Langsung,Jasa Konsultansi Badan Usaha Konstruksi,Pengawasan Rehab Gedung Pangan,BERLANGSUNG,11932500,11932500
KAB. KAUR,DINAS PENDIDIKAN DAN KEBUDAYAAN - 1.01.2.22.0.00.01.0000,01KN45WB39NGE2YT93HJ6B6HTS,65853107,2026,E-Katalog 6.0,APBD,MITRA JASA KONTRAKTOR,E-Purchasing,Barang,Belanja Makanan dan Minuman pada Fasilitas Pelayanan Urusan Pendidikan,ON PROCESS,570960000,570960000
KAB. KAUR,"DINAS PENGENDALIAN PENDUDUK, KELUARGA BERENCANA, PEMBERDAYAAN PEREMPUAN DAN PERLINDUNGAN ANAK - 2.08.2.14.0.00.01.0000",01KQ989VPZABASFEEHGNAC72Q9,64999635,2026,E-Katalog 6.0,APBD,MESI YULIANA,E-Purchasing,Barang,Belanja Makanan dan Minuman Aktivitas Lapangan,ON PROCESS,2655000,2655000
KAB. KAUR,"DINAS KOMUNIKASI, INFORMATIKA, STATISTIK DAN PERSANDIAN - 2.16.2.20.2.21.01.0000",01KJBYY7BTKK52KBYQPW9YZXYJ,63110052,2026,E-Katalog 6.0,APBD,RAJA SEMESTA RADAR KAUR,E-Purchasing,Barang,Belanja Langganan Jurnal/Surat Kabar/Majalah,ON PROCESS,32706000,32706000
KAB. KAUR,"DINAS PERUMAHAN, KAWASAN PERMUKIMAN DAN PERTANAHAN - 1.04.2.10.0.00.01.0000",01KQ91AN43CSVTR47DN75C4FZE,62874764,2026,E-Katalog 6.0,APBD,TAHIRIN,E-Purchasing,Barang,Belanja Alat/Bahan untuk Kegiatan Kantor- Kertas dan Cover,ON PROCESS,1691640,1691640
KAB. KAUR,DINAS PENDIDIKAN DAN KEBUDAYAAN - 1.01.2.22.0.00.01.0000,01KRB1W4NV9FAR3Q7ED43FJMN5,65802861,2026,E-Katalog 6.0,APBD,DONI APRIZAL,E-Purchasing,Barang,Belanja Modal Alat Pendingin,ON PROCESS,8436000,8436000
KAB. KAUR,"DINAS KOMUNIKASI, INFORMATIKA, STATISTIK DAN PERSANDIAN - 2.16.2.20.2.21.01.0000",01KJSD3738NVQVHG4EH9KFQMJD,63111243,2026,E-Katalog 6.0,APBD,HAVIF DAFFA CYBER,E-Purchasing,Jasa Lainnya,"Belanja Jasa Iklan/Reklame, Film, dan Pemotretan",ON PROCESS,3600000,3600000
KAB. KAUR,DINAS PERPUSTAKAAN DAN KEARSIPAN - 2.23.2.24.0.00.01.0000,01KPW6BGS9PVNCQS21HGHEMKBW,63392455,2026,E-Katalog 6.0,APBD,TAHIRIN,E-Purchasing,Barang,Belanja Alat/Bahan untuk Kegiatan Kantor- Bahan Cetak,ON PROCESS,188700,188700
KAB. KAUR,"DINAS PERUMAHAN, KAWASAN PERMUKIMAN DAN PERTANAHAN - 1.04.2.10.0.00.01.0000",01KVCFG83GZRAHR8T4WEFNFHBF,62874764,2026,E-Katalog 6.0,APBD,TAHIRIN,E-Purchasing,Barang,Belanja Alat/Bahan untuk Kegiatan Kantor- Kertas dan Cover,ON PROCESS,1832610,1832610
KAB. KAUR,DINAS KESEHATAN - 1.02.0.00.0.00.01.0000,01KJVPS7VBJ2TPTQ1631B1ATYJ,65849764,2026,E-Katalog 6.0,APBD,FERDIYANSAH,E-Purchasing,Barang,Belanja Alat/Bahan untuk Kegiatan Kantor-Alat Tulis Kantor,ON PROCESS,21448031,21448031
KAB. KAUR,"DINAS PENGENDALIAN PENDUDUK, KELUARGA BERENCANA, PEMBERDAYAAN PEREMPUAN DAN PERLINDUNGAN ANAK - 2.08.2.14.0.00.01.0000",01KT5Q2TT4122GH1VG9AR916PG,64695782,2026,E-Katalog 6.0,APBD,YUNIAR HASTUTI,E-Purchasing,Barang,Belanja Makanan dan Minuman Aktivitas Lapangan,ON PROCESS,2702850,2702850
KAB. KAUR,"DINAS KOMUNIKASI, INFORMATIKA, STATISTIK DAN PERSANDIAN - 2.16.2.20.2.21.01.0000",01KKAQ1AD5P1GPT1T5M9E4PJJB,63111243,2026,E-Katalog 6.0,APBD,PEWARTA GROUP MEDIA NUSANTARA,E-Purchasing,Jasa Lainnya,"Belanja Jasa Iklan/Reklame, Film, dan Pemotretan",ON PROCESS,3600000,3600000
KAB. KAUR,SEKRETARIAT DPRD - 4.02.0.00.0.00.01.0000,01KJF0KW2F8EYXH1PGHE5NF6PC,65712199,2026,E-Katalog 6.0,APBD,MEDIA ONLINE SRIWIJAYA,E-Purchasing,Jasa Lainnya,"Beban Jasa Iklan/Reklame, Film, dan Pemotretan",ON PROCESS,1200000,1200000
KAB. KAUR,BADAN KESATUAN BANGSA DAN POLITIK - 8.01.0.00.0.00.01.0000,01KRZ6HM4MXXJDJ0EJE13FADKW,63280750,2026,E-Katalog 6.0,APBD,DONI APRIZAL,E-Purchasing,Barang,Belanja Alat/Bahan untuk Kegiatan Kantor- Bahan Cetak,ON PROCESS,194250,194250
KAB. KAUR,DINAS PEKERJAAN UMUM DAN PENATAAN RUANG - 1.03.0.00.0.00.01.0000,01KVYTSYWRN9KCAH50SWVKSYTJ,65011336,2026,E-Katalog 6.0,APBD,PENTI SEFSIANTI,E-Purchasing,Barang,Belanja Pakaian Dinas Lapangan (PDL),ON PROCESS,5550000,5550000
KAB. KAUR,"DINAS KOMUNIKASI, INFORMATIKA, STATISTIK DAN PERSANDIAN - 2.16.2.20.2.21.01.0000",01KKAQER3R50CF3HDM3XJCQNRG,63111243,2026,E-Katalog 6.0,APBD,KARYA MUDA CYBER,E-Purchasing,Jasa Lainnya,"Belanja Jasa Iklan/Reklame, Film, dan Pemotretan",ON PROCESS,3600000,3600000
KAB. KAUR,SEKRETARIAT DPRD - 4.02.0.00.0.00.01.0000,01KS47TFRD45R9YEARQ3J2Y7H1,65712199,2026,E-Katalog 6.0,APBD,GLOBAL SANTOSO PERDANA,E-Purchasing,Jasa Lainnya,"Beban Jasa Iklan/Reklame, Film, dan Pemotretan",ON PROCESS,1200000,1200000
KAB. KAUR,RUMAH SAKIT UMUM DAERAH - 1.02.0.00.0.00.01.0001,10136924000,66818360,2026,Tender,APBD,CV. ARA SUKSES MAKMUR,Tender,Pekerjaan Konstruksi,Beban Pemeliharaan Bangunan Gedung-Bangunan Gedung Tempat Kerja-Bangunan Kesehatan (Gedung Rawat Inap Penyakit Dalam RSUD Kaur),SELESAI,568511608,568511608
KAB. KAUR,DINAS PERPUSTAKAAN DAN KEARSIPAN - 2.23.2.24.0.00.01.0000,01KP5GHDAZD0TWF09MBSZ1NZ0J,63392036,2026,E-Katalog 6.0,APBD,TAHIRIN,E-Purchasing,Barang,Belanja Alat/Bahan untuk Kegiatan Kantor-Alat Tulis Kantor,ON PROCESS,1038960,1038960
KAB. KAUR,"DINAS KOMUNIKASI, INFORMATIKA, STATISTIK DAN PERSANDIAN - 2.16.2.20.2.21.01.0000",01KKAQPY8VCFV827F0FP1QYEH2,63111243,2026,E-Katalog 6.0,APBD,MEDIA PATRIOT NASIONAL,E-Purchasing,Jasa Lainnya,"Belanja Jasa Iklan/Reklame, Film, dan Pemotretan",ON PROCESS,2400000,2400000
KAB. KAUR,DINAS PENDIDIKAN DAN KEBUDAYAAN - 1.01.2.22.0.00.01.0000,10850464000,64492403,2026,Non Tender,APBD,CV. AGRATAMA BANGUN CIPTA,Pengadaan Langsung,Jasa Konsultansi Badan Usaha Konstruksi,Belanja Jasa Konsultansi Perencanaan Rekayasa-Jasa Desain Rekayasa untuk Konstruksi Pondasi serta Struktur Bangunan Spesifikasi Belanja Jasa Perencanaan Pembangunan Ruang Guru Beserta Perabot TK Negeri Pembina Tanjung Kemuning dan TK Negeri Pembina Kaur Utara,SELESAI,23799998,23799998
KAB. KAUR,"DINAS PENGENDALIAN PENDUDUK, KELUARGA BERENCANA, PEMBERDAYAAN PEREMPUAN DAN PERLINDUNGAN ANAK - 2.08.2.14.0.00.01.0000",01KNGVPBDPGNXK9JF9SN54KJW3,64692997,2026,E-Katalog 6.0,APBD,DONI APRIZAL,E-Purchasing,Barang,Belanja Alat/Bahan untuk Kegiatan Kantor-Alat Tulis Kantor,ON PROCESS,1249694,1249694
KAB. KAUR,BADAN PENGELOLAAN KEUANGAN DAN ASET DAERAH - 5.02.0.00.0.00.01.0000,01KS4EAD9TCNPRJ5JH9CMNHEWB,63619563,2026,E-Katalog 6.0,APBD,ANISAH,E-Purchasing,Barang,Spanduk - Grade B Flexi (340 Gr + Print High) Gloosy,ON PROCESS,4617600,4617600
KAB. KAUR,BADAN PENGELOLAAN KEUANGAN DAN ASET DAERAH - 5.02.0.00.0.00.01.0000,01KNNNBJFRJF8EXBBRVDZC3REC,66844261,2026,E-Katalog 6.0,APBD,DONI APRIZAL,E-Purchasing,Barang,Belanja Alat/Bahan untuk Kegiatan Kantor-Alat Tulis Kantor,ON PROCESS,2623374,2623374
KAB. KAUR,SEKRETARIAT DPRD - 4.02.0.00.0.00.01.0000,01KJEESTWQC12ZGXA3HX79B3X6,65712197,2026,E-Katalog 6.0,APBD,RAJA SEMESTA RADAR KAUR,E-Purchasing,Jasa Lainnya,"Beban Jasa Iklan/Reklame, Film, dan Pemotretan",ON PROCESS,4500000,4500000
KAB. KAUR,"DINAS PENGENDALIAN PENDUDUK, KELUARGA BERENCANA, PEMBERDAYAAN PEREMPUAN DAN PERLINDUNGAN ANAK - 2.08.2.14.0.00.01.0000",01KQ98H51JZWRBEE9ARRQBGD1N,64999061,2026,E-Katalog 6.0,APBD,MESI YULIANA,E-Purchasing,Barang,Belanja Makanan dan Minuman Aktivitas Lapangan,ON PROCESS,4547500,4547500
KAB. KAUR,"DINAS KOMUNIKASI, INFORMATIKA, STATISTIK DAN PERSANDIAN - 2.16.2.20.2.21.01.0000",01KT38Q6ZXMWSHDART6Z79GA0E,63110052,2026,E-Katalog 6.0,APBD,SEMARAK BENGKULU PERMAI,E-Purchasing,Barang,Belanja Langganan Jurnal/Surat Kabar/Majalah,ON PROCESS,18584000,18584000
KAB. KAUR,"DINAS PENGENDALIAN PENDUDUK, KELUARGA BERENCANA, PEMBERDAYAAN PEREMPUAN DAN PERLINDUNGAN ANAK - 2.08.2.14.0.00.01.0000",01KT5QGRYK992TJHEEVHV3YJCG,64692998,2026,E-Katalog 6.0,APBD,YUNIAR HASTUTI,E-Purchasing,Barang,Belanja Makanan dan Minuman Aktivitas Lapangan,ON PROCESS,9643680,9643680
KAB. KAUR,DINAS PEKERJAAN UMUM DAN PENATAAN RUANG - 1.03.0.00.0.00.01.0000,10134397000,65320028,2026,Tender,APBD,CV. SUMBER AIR BERSAUDARA,Tender,Pekerjaan Konstruksi,Pembangunan Sumur Bor Sekolah Rakyat,SELESAI,782802756,782802756
KAB. KAUR,"DINAS PENGENDALIAN PENDUDUK, KELUARGA BERENCANA, PEMBERDAYAAN PEREMPUAN DAN PERLINDUNGAN ANAK - 2.08.2.14.0.00.01.0000",01KT8RSCF5BY89DYAW89PFA8P6,64993922,2026,E-Katalog 6.0,APBD,NIYKO LISSANDRA ,E-Purchasing,Barang,Belanja Natura dan Pakan-Natura,ON PROCESS,262173750,262173750
KAB. KAUR,BADAN KESATUAN BANGSA DAN POLITIK - 8.01.0.00.0.00.01.0000,01KQEY41NAFTB7Q3E5FQ8B58E5,66961173,2026,E-Katalog 6.0,APBD,ARITA,E-Purchasing,Barang,Belanja Sewa Hotel,ON PROCESS,18900000,18900000
KAB. KAUR,"DINAS KOMUNIKASI, INFORMATIKA, STATISTIK DAN PERSANDIAN - 2.16.2.20.2.21.01.0000",01KKAR2J1E4SNEDFNE05HDCYZK,63111243,2026,E-Katalog 6.0,APBD,RIZKY PRATAMA MANDIRI KAUR,E-Purchasing,Jasa Lainnya,"Belanja Jasa Iklan/Reklame, Film, dan Pemotretan",ON PROCESS,1200000,1200000
KAB. KAUR,DINAS PARIWISATA - 3.26.0.00.0.00.01.0000,01KJY3Z5Q86K8PHQPRK4Z4E6M7,63611378,2026,E-Katalog 6.0,APBD,ANISAH,E-Purchasing,Barang,Belanja Alat/Bahan untuk Kegiatan Kantor-Perlengkapan Dinas,ON PROCESS,4345650,4345650
KAB. KAUR,DINAS KESEHATAN - 1.02.0.00.0.00.01.0000,01KQY36P2YPK8945PEZATT3GFP,66084181,2026,E-Katalog 6.0,APBD,PT ADYA ARTHA ABADI TANGERANG,E-Purchasing,Barang,Belanja Obat-Obatan-Obat,ON PROCESS,76461240,76461240
KAB. KAUR,RUMAH SAKIT UMUM DAERAH - 1.02.0.00.0.00.01.0001,01KFPKREYG97D8H8ZNMZXPH4HY,63313451,2026,E-Katalog 6.0,APBD,PHAPROS,E-Purchasing,Barang,Belanja Obat-Obatan-Obat-Obatan Lainnya (Belanja Obat-Obatan) ,ON PROCESS,6967359,6967359
KAB. KAUR,DINAS LINGKUNGAN HIDUP - 2.11.0.00.0.00.01.0000,01KNP4H7WWMEPDV9HTBK4XVW86,63045426,2026,E-Katalog 6.0,APBD,FERDIYANSAH,E-Purchasing,Barang,Belanja Alat/Bahan untuk Kegiatan Kantor-Alat Tulis Kantor,ON PROCESS,4055940,4055940
KAB. KAUR,SEKRETARIAT DAERAH - 4.01.2.10.5.06.01.0000,01KQ74YSGBJ274M7KNR11SM65E,66983181,2026,E-Katalog 6.0,APBD,THAMRIN BROTHERS,E-Purchasing,Barang,Belanja Modal Kendaraan Dinas Bermotor Perorangan,ON PROCESS,41480000,41480000
KAB. KAUR,"DINAS KOMUNIKASI, INFORMATIKA, STATISTIK DAN PERSANDIAN - 2.16.2.20.2.21.01.0000",01KJSBD55DJMG1V30R75S162P1,63111243,2026,E-Katalog 6.0,APBD,FIGUR ANUGERAH MEDIA,E-Purchasing,Jasa Lainnya,"Belanja Jasa Iklan/Reklame, Film, dan Pemotretan",ON PROCESS,2399820,2399820
KAB. KAUR,SEKRETARIAT DPRD - 4.02.0.00.0.00.01.0000,01KJP3ZCC2XTZ2BXHS74GWYX0X,65712199,2026,E-Katalog 6.0,APBD,SELATAN IBU PERTIWI,E-Purchasing,Jasa Lainnya,"Beban Jasa Iklan/Reklame, Film, dan Pemotretan",ON PROCESS,1199910,1199910
KAB. KAUR,"DINAS KOMUNIKASI, INFORMATIKA, STATISTIK DAN PERSANDIAN - 2.16.2.20.2.21.01.0000",01KJRYYGR2VBK1R4QGJ59HRZ8A,63111243,2026,E-Katalog 6.0,APBD,MEDIA JURNALIS JAYA,E-Purchasing,Jasa Lainnya,"Belanja Jasa Iklan/Reklame, Film, dan Pemotretan",ON PROCESS,3600000,3600000
KAB. KAUR,DINAS PEKERJAAN UMUM DAN PENATAAN RUANG - 1.03.0.00.0.00.01.0000,01KKENAK0WH9A0YQSMMBAZY9MQ,65116974,2026,E-Katalog 6.0,APBD,FERDIYANSAH,E-Purchasing,Barang,Belanja Alat/Bahan untuk Kegiatan Kantor- Bahan Cetak,PAYMENT OUTSIDE SYSTEM,177156,177156
KAB. KAUR,"BADAN PERENCANAAN PEMBANGUNAN, RISET DAN INOVASI DAERAH - 5.01.5.05.0.00.01.0000",01KGEC30VJ5QS7Y6T6HMTFCMY3,63273337,2026,E-Katalog 6.0,APBD,TAHIRIN,E-Purchasing,Barang,Belanja Alat/Bahan untuk Kegiatan Kantor-Perabot Kantor,ON PROCESS,9705840,9705840
KAB. KAUR,"DINAS KOMUNIKASI, INFORMATIKA, STATISTIK DAN PERSANDIAN - 2.16.2.20.2.21.01.0000",01KKG47VR22C335SM71KECZAQW,63111243,2026,E-Katalog 6.0,APBD,INDUKU LESTARI SEPAHAM JAYA,E-Purchasing,Jasa Lainnya,"Belanja Jasa Iklan/Reklame, Film, dan Pemotretan",ON PROCESS,3600000,3600000
KAB. KAUR,SEKRETARIAT DPRD - 4.02.0.00.0.00.01.0000,01KJP9NE8VPZM95ZCHM12JG6CA,65712199,2026,E-Katalog 6.0,APBD,RIZKY PRATAMA MANDIRI KAUR,E-Purchasing,Jasa Lainnya,"Beban Jasa Iklan/Reklame, Film, dan Pemotretan",ON PROCESS,1200000,0
KAB. KAUR,DINAS PEMBERDAYAAN MASYARAKAT DAN DESA - 2.13.0.00.0.00.01.0000,01KSHK9QZ3HKGXYMNZCMJG7DYM,62867141,2026,E-Katalog 6.0,APBD,ANISAH,E-Purchasing,Barang,"Belanja Jasa Iklan/Reklame, Film, dan Pemotretan",ON PROCESS,3296700,3296700
KAB. KAUR,SEKRETARIAT DAERAH - 4.01.2.10.5.06.01.0000,01KH33ZJ0MGT2SGDQZXDEY8N1Y,63531963,2026,E-Katalog 6.0,APBD,ANISAH,E-Purchasing,Barang,Belanja Alat/Bahan untuk Kegiatan Kantor- Kertas dan Cover,ON PROCESS,749999,749999
KAB. KAUR,"DINAS KOMUNIKASI, INFORMATIKA, STATISTIK DAN PERSANDIAN - 2.16.2.20.2.21.01.0000",01KJS2CPTD2ZS03T8EKHMGV0NW,63111243,2026,E-Katalog 6.0,APBD,MEDIA BERSAMA RAKJAT,E-Purchasing,Jasa Lainnya,"Belanja Jasa Iklan/Reklame, Film, dan Pemotretan",ON PROCESS,2400000,2400000
KAB. KAUR,DINAS LINGKUNGAN HIDUP - 2.11.0.00.0.00.01.0000,01KQ900804BJ1NKPGEW0AXH92E,63096199,2026,E-Katalog 6.0,APBD,FERDIYANSAH,E-Purchasing,Barang,Belanja Alat/Bahan untuk Kegiatan Kantor-Alat Tulis Kantor,ON PROCESS,3759614,3759614
KAB. KAUR,"DINAS PERUMAHAN, KAWASAN PERMUKIMAN DAN PERTANAHAN - 1.04.2.10.0.00.01.0000",01KS4QSE3HAS0Y0BTGGX4PH4MM,62874763,2026,E-Katalog 6.0,APBD,TAHIRIN,E-Purchasing,Barang,Belanja Alat/Bahan untuk Kegiatan Kantor-Alat Tulis Kantor,ON PROCESS,868020,868020
KAB. KAUR,DINAS PERPUSTAKAAN DAN KEARSIPAN - 2.23.2.24.0.00.01.0000,01KTNT5ZYKTJSCJ9B13H766XGX,63395836,2026,E-Katalog 6.0,APBD,DONI APRIZAL,E-Purchasing,Barang,Belanja Alat/Bahan untuk Kegiatan Kantor-Bahan Komputer,ON PROCESS,476190,476190
KAB. KAUR,DINAS PARIWISATA - 3.26.0.00.0.00.01.0000,01KN0YZP1WM4FCACVH595BBW88,63611375,2026,E-Katalog 6.0,APBD,FERDIYANSAH,E-Purchasing,Barang,Belanja Alat/Bahan untuk Kegiatan Kantor- Kertas dan Cover,ON PROCESS,162060,162060
KAB. KAUR,RUMAH SAKIT UMUM DAERAH - 1.02.0.00.0.00.01.0001,01KHP49XXJ8343XC69XPDRYBR7,63313451,2026,E-Katalog 6.0,APBD,DEXA MEDICA,E-Purchasing,Barang,Belanja Obat-Obatan-Obat-Obatan Lainnya (Belanja Obat-Obatan) ,ON PROCESS,15394035,15394035
KAB. KAUR,"DINAS KOMUNIKASI, INFORMATIKA, STATISTIK DAN PERSANDIAN - 2.16.2.20.2.21.01.0000",01KRE7MBY1RKT1ZDHPK595RYYH,66980049,2026,E-Katalog 6.0,APBD,RAJA SEMESTA RADAR KAUR,E-Purchasing,Jasa Lainnya,"Belanja Jasa Iklan/Reklame, Film, dan Pemotretan",ON PROCESS,15000000,15000000
KAB. KAUR,"DINAS KOMUNIKASI, INFORMATIKA, STATISTIK DAN PERSANDIAN - 2.16.2.20.2.21.01.0000",01KJCCV0YJYRFDWRCFJEG7EDE5,63111243,2026,E-Katalog 6.0,APBD,BAHARI JAYA PERKASA NEWS,E-Purchasing,Jasa Lainnya,"Belanja Jasa Iklan/Reklame, Film, dan Pemotretan",ON PROCESS,3600000,3600000
KAB. KAUR,"DINAS KOMUNIKASI, INFORMATIKA, STATISTIK DAN PERSANDIAN - 2.16.2.20.2.21.01.0000",01KK0X1REE9FHAGX74349K223S,63111243,2026,E-Katalog 6.0,APBD,PEWARTA GROUP MEDIA,E-Purchasing,Jasa Lainnya,"Belanja Jasa Iklan/Reklame, Film, dan Pemotretan",ON PROCESS,3600000,3600000
KAB. KAUR,DINAS KESEHATAN - 1.02.0.00.0.00.01.0000,01KPZ7WAH527Q0RTF7QCTQB3SC,65869552,2026,E-Katalog 6.0,APBD,EMPAT SAUDARA KAUR,E-Purchasing,Barang,Belanja Modal Mebel,ON PROCESS,305416500,305416500
KAB. KAUR,DINAS PERPUSTAKAAN DAN KEARSIPAN - 2.23.2.24.0.00.01.0000,01KQ9JRG24DQ8AV1VC7P8M44M7,63395125,2026,E-Katalog 6.0,APBD,TAHIRIN,E-Purchasing,Barang,Belanja Alat/Bahan untuk Kegiatan Kantor-Bahan Komputer,ON PROCESS,137640,137640
KAB. KAUR,"DINAS KOMUNIKASI, INFORMATIKA, STATISTIK DAN PERSANDIAN - 2.16.2.20.2.21.01.0000",01KJSAARJ6Y2CRBWANBCF2BF4G,63111243,2026,E-Katalog 6.0,APBD,BERITA MERDEKA MANDIRI,E-Purchasing,Jasa Lainnya,"Belanja Jasa Iklan/Reklame, Film, dan Pemotretan",ON PROCESS,2400000,2400000
KAB. KAUR,SEKRETARIAT DPRD - 4.02.0.00.0.00.01.0000,01KS4S5VDTXGR7K7TZSRTKF9VW,65712197,2026,E-Katalog 6.0,APBD,MEDIA BENGKULU EKSPRESS,E-Purchasing,Jasa Lainnya,"Beban Jasa Iklan/Reklame, Film, dan Pemotretan",ON PROCESS,3000000,3000000
KAB. KAUR,DINAS SOSIAL - 1.06.0.00.0.00.01.0000,01KRWXCWEV0AWA1R27K669X2JE,66164622,2026,E-Katalog 6.0,APBD,TAHIRIN,E-Purchasing,Barang,Belanja Alat/Bahan untuk Kegiatan Kantor- Kertas dan Cover,ON PROCESS,1911420,1911420
KAB. KAUR,DINAS PARIWISATA - 3.26.0.00.0.00.01.0000,01KHWZKXZSH4RHQTVQAZZTGX6P,63627200,2026,E-Katalog 6.0,APBD,FERDIYANSAH,E-Purchasing,Barang,Belanja Alat/Bahan untuk Kegiatan Kantor- Bahan Cetak,ON PROCESS,466200,466200
KAB. KAUR,"DINAS PENGENDALIAN PENDUDUK, KELUARGA BERENCANA, PEMBERDAYAAN PEREMPUAN DAN PERLINDUNGAN ANAK - 2.08.2.14.0.00.01.0000",01KQY58Q89BZKEPPEWSK5NHSK6,64997115,2026,E-Katalog 6.0,APBD,DONI APRIZAL,E-Purchasing,Barang,Belanja Alat/Bahan untuk Kegiatan Kantor- Bahan Cetak,ON PROCESS,86580,86580
KAB. KAUR,"DINAS KOMUNIKASI, INFORMATIKA, STATISTIK DAN PERSANDIAN - 2.16.2.20.2.21.01.0000",01KRWEZVRJ2CWH5AFP2QY71KZX,63111241,2026,E-Katalog 6.0,APBD,AURORA ADVERTISING KAUR,E-Purchasing,Jasa Lainnya,Belanja Alat/Bahan untuk Kegiatan Kantor- Bahan Cetak,ON PROCESS,15664320,15664320
KAB. KAUR,DINAS KESEHATAN - 1.02.0.00.0.00.01.0000,01KJPJZQ2Q969WESYNB4CPNXB2,65849765,2026,E-Katalog 6.0,APBD,FERDIYANSAH,E-Purchasing,Barang,Belanja Alat/Bahan untuk Kegiatan Kantor-Bahan Komputer,ON PROCESS,7242750,7242750
KAB. KAUR,DINAS PERPUSTAKAAN DAN KEARSIPAN - 2.23.2.24.0.00.01.0000,01KQC6792PMBJ9KMVK819Z86KS,63391428,2026,E-Katalog 6.0,APBD,TAHIRIN,E-Purchasing,Barang,Belanja Alat/Bahan untuk Kegiatan Kantor-Alat Tulis Kantor,ON PROCESS,6533460,6533460
KAB. KAUR,"DINAS PENGENDALIAN PENDUDUK, KELUARGA BERENCANA, PEMBERDAYAAN PEREMPUAN DAN PERLINDUNGAN ANAK - 2.08.2.14.0.00.01.0000",01KNGR74HP51X2DMM0BRXK3JZA,64997117,2026,E-Katalog 6.0,APBD,DONI APRIZAL,E-Purchasing,Barang,Belanja Alat/Bahan untuk Kegiatan Kantor-Bahan Komputer,ON PROCESS,1443000,1443000
KAB. KAUR,DINAS LINGKUNGAN HIDUP - 2.11.0.00.0.00.01.0000,01KRFHEND0V48BQ85SQNDP92RP,63029244,2026,E-Katalog 6.0,APBD,DONI APRIZAL,E-Purchasing,Barang,Belanja Alat/Bahan untuk Kegiatan Kantor-Alat Tulis Kantor,ON PROCESS,766766,766766
KAB. KAUR,"DINAS KOMUNIKASI, INFORMATIKA, STATISTIK DAN PERSANDIAN - 2.16.2.20.2.21.01.0000",01KS22ZHEHDZRBHH9KZYFRVQH6,66980049,2026,E-Katalog 6.0,APBD,MEGATAMA JAYA PRESS,E-Purchasing,Jasa Lainnya,"Belanja Jasa Iklan/Reklame, Film, dan Pemotretan",ON PROCESS,2400000,2400000
KAB. KAUR,SEKRETARIAT DAERAH - 4.01.2.10.5.06.01.0000,01KGEJDFX1DGZ5J9QKMZF56V2Y,64714787,2026,E-Katalog 6.0,APBD,SERASI AUTORAYA,E-Purchasing,Jasa Lainnya,BELANJA SEWA KENDARAAN DINAS BERMOTOR PERORANGAN,ON PROCESS,135759997,135759997
KAB. KAUR,"DINAS KOMUNIKASI, INFORMATIKA, STATISTIK DAN PERSANDIAN - 2.16.2.20.2.21.01.0000",01KS28X6XYMNBC925Q3B0SMYJ1,63111242,2026,E-Katalog 6.0,APBD,INEWS NETWORK INDONESIA,E-Purchasing,Jasa Lainnya,Belanja Jasa Tenaga Informasi dan Teknologi,ON PROCESS,14999999,14999999
KAB. KAUR,RUMAH SAKIT UMUM DAERAH - 1.02.0.00.0.00.01.0001,01KFYHF9Q70XM462T20RGMEMRC,63315960,2026,E-Katalog 6.0,APBD,YULBED SELFIRO,E-Purchasing,Barang,Belanja Modal Alat Pendingin,ON PROCESS,204240000,204240000
KAB. KAUR,DINAS KETAHANAN PANGAN - 2.09.0.00.0.00.01.0000,01KJF48XQJZXT0P8HPDEPPRVJQ,63024910,2026,E-Katalog 6.0,APBD,PURNAMA LABORATORY,E-Purchasing,Barang,Belanja Suku Cadang-Suku Cadang Alat Kedokteran,ON PROCESS,293040,293040
KAB. KAUR,"DINAS KOMUNIKASI, INFORMATIKA, STATISTIK DAN PERSANDIAN - 2.16.2.20.2.21.01.0000",01KJVW9BF4TEN096DXGX1A62FW,63111243,2026,E-Katalog 6.0,APBD,LINTAS MEDIA MANDIRI,E-Purchasing,Jasa Lainnya,"Belanja Jasa Iklan/Reklame, Film, dan Pemotretan",ON PROCESS,3600000,3600000
KAB. KAUR,SEKRETARIAT DPRD - 4.02.0.00.0.00.01.0000,01KJEJFS0Y1FN223XQD7H6XFN2,65712199,2026,E-Katalog 6.0,APBD,MEDIA TERNAMA JAYA,E-Purchasing,Jasa Lainnya,"Beban Jasa Iklan/Reklame, Film, dan Pemotretan",ON PROCESS,1200000,1200000
KAB. KAUR,"DINAS KOMUNIKASI, INFORMATIKA, STATISTIK DAN PERSANDIAN - 2.16.2.20.2.21.01.0000",01KHWXN9XXJ0TGXSQR8TVKXVDT,63111243,2026,E-Katalog 6.0,APBD,WAHANA MANNA MEDIA SEJAHTERA,E-Purchasing,Jasa Lainnya,"Belanja Jasa Iklan/Reklame, Film, dan Pemotretan",ON PROCESS,14500000,14500000
KAB. KAUR,DINAS PENDIDIKAN DAN KEBUDAYAAN - 1.01.2.22.0.00.01.0000,01KRB1F4XZVQK6D464T4SQZYSC,65802860,2026,E-Katalog 6.0,APBD,DONI APRIZAL,E-Purchasing,Barang,Belanja Modal Peralatan Personal Computer,ON PROCESS,18870000,18870000
KAB. KAUR,SEKRETARIAT DAERAH - 4.01.2.10.5.06.01.0000,01KG6MKN3WR25QNQKZAX0GB2QB,63266252,2026,E-Katalog 6.0,APBD,TRI HENDRIANI,E-Purchasing,Barang,Belanja Bahan-Bahan/Bibit Tanaman,ON PROCESS,60000000,60000000
KAB. KAUR,DINAS PEMBERDAYAAN MASYARAKAT DAN DESA - 2.13.0.00.0.00.01.0000,01KP5E29BTB7K8NTHAKD67RC34,62866635,2026,E-Katalog 6.0,APBD,FERDIYANSAH,E-Purchasing,Barang,Belanja Alat/Bahan untuk Kegiatan Kantor-Alat Tulis Kantor,ON PROCESS,503385,503385
KAB. KAUR,"DINAS KOMUNIKASI, INFORMATIKA, STATISTIK DAN PERSANDIAN - 2.16.2.20.2.21.01.0000",01KSESHXD1WBCGXMQYKFX3E250,63111241,2026,E-Katalog 6.0,APBD,AURORA ADVERTISING KAUR,E-Purchasing,Jasa Lainnya,Belanja Alat/Bahan untuk Kegiatan Kantor- Bahan Cetak,ON PROCESS,9750240,9750240
KAB. KAUR,SEKRETARIAT DPRD - 4.02.0.00.0.00.01.0000,01KJPDN7271CS7WBS22EYNB586,65712199,2026,E-Katalog 6.0,APBD,SAQEEF DIERRI MEDIA,E-Purchasing,Jasa Lainnya,"Beban Jasa Iklan/Reklame, Film, dan Pemotretan",ON PROCESS,1199910,1199910
KAB. KAUR,DINAS SOSIAL - 1.06.0.00.0.00.01.0000,01KRWW1EFT8PKVWVCQ07345PZV,66165707,2026,E-Katalog 6.0,APBD,TAHIRIN,E-Purchasing,Barang,Belanja Alat/Bahan untuk Kegiatan Kantor-Alat Tulis Kantor,ON PROCESS,654900,654900
KAB. KAUR,SEKRETARIAT DPRD - 4.02.0.00.0.00.01.0000,01KS2A3G8PRG73MJH394KDPXRS,65712199,2026,E-Katalog 6.0,APBD,MEEJA METRO UPDATE,E-Purchasing,Jasa Lainnya,"Beban Jasa Iklan/Reklame, Film, dan Pemotretan",ON PROCESS,2400000,2400000
KAB. KAUR,DINAS LINGKUNGAN HIDUP - 2.11.0.00.0.00.01.0000,01KQ6FBKRX979ZGR6B0ZA2HQTC,63096200,2026,E-Katalog 6.0,APBD,FERDIYANSAH,E-Purchasing,Barang,Belanja Alat/Bahan untuk Kegiatan Kantor- Kertas dan Cover,ON PROCESS,1536240,1536240
KAB. KAUR,SEKRETARIAT DPRD - 4.02.0.00.0.00.01.0000,01KTNP5QTV1J56X0T2TNRCA3C0,65712199,2026,E-Katalog 6.0,APBD,MEDIA SNIPER NUSANTARA,E-Purchasing,Jasa Lainnya,"Beban Jasa Iklan/Reklame, Film, dan Pemotretan",ON PROCESS,1200000,1200000
KAB. KAUR,DINAS KESEHATAN - 1.02.0.00.0.00.01.0000,01KPWSBV54K32FG6PDTJCWNHVX,66184644,2026,E-Katalog 6.0,APBD,FERDIYANSAH,E-Purchasing,Barang,Belanja Alat/Bahan untuk Kegiatan Kantor-Alat Tulis Kantor,ON PROCESS,395715,395715
KAB. KAUR,SEKRETARIAT DPRD - 4.02.0.00.0.00.01.0000,01KKJWM85B3685C0QQR75FTEPA,65712199,2026,E-Katalog 6.0,APBD,SUARA JARINGAN BERSAMA,E-Purchasing,Jasa Lainnya,"Beban Jasa Iklan/Reklame, Film, dan Pemotretan",ON PROCESS,1200000,1200000
KAB. KAUR,DINAS PENDIDIKAN DAN KEBUDAYAAN - 1.01.2.22.0.00.01.0000,01KPSQ1T1NP8S7W74T2V5ST5H8,65680708,2026,E-Katalog 6.0,APBD,DONI APRIZAL,E-Purchasing,Barang,Belanja Alat/Bahan untuk Kegiatan Kantor-Alat Tulis Kantor,ON PROCESS,2447550,2447550
KAB. KAUR,DINAS PENANAMAN MODAL DAN PELAYANAN TERPADU SATU PINTU - 2.18.0.00.0.00.01.0000,01KQ6E2S383G7RAA8Z3KE77P6F,66978780,2026,E-Katalog 6.0,APBD,DONI APRIZAL,E-Purchasing,Barang,Belanja Alat/Bahan untuk Kegiatan Kantor- Kertas dan Cover,ON PROCESS,917970,917970
KAB. KAUR,DINAS PARIWISATA - 3.26.0.00.0.00.01.0000,01KSENBQAHH4YHNEAGYKMRKRG6,63716153,2026,E-Katalog 6.0,APBD,RAKYAT INDEPENDEN MEDIA,E-Purchasing,Jasa Lainnya,"Belanja Jasa Iklan/Reklame, Film, dan Pemotretan",ON PROCESS,1000000,1000000
KAB. KAUR,DINAS PERPUSTAKAAN DAN KEARSIPAN - 2.23.2.24.0.00.01.0000,01KPWD4CJH7M7C8VVRR0K356BZ,63394045,2026,E-Katalog 6.0,APBD,ANISAH,E-Purchasing,Barang,Belanja Alat/Bahan untuk Kegiatan Kantor- Bahan Cetak,ON PROCESS,1221000,1221000
KAB. KAUR,"DINAS KOMUNIKASI, INFORMATIKA, STATISTIK DAN PERSANDIAN - 2.16.2.20.2.21.01.0000",01KHAVTPY5S1D48ERVT6CVVQ77,63111243,2026,E-Katalog 6.0,APBD,MEDIA INSPIRASI BENGKULU,E-Purchasing,Jasa Lainnya,"Belanja Jasa Iklan/Reklame, Film, dan Pemotretan",ON PROCESS,7492500,7492500
KAB. KAUR,BADAN PENGELOLAAN KEUANGAN DAN ASET DAERAH - 5.02.0.00.0.00.01.0000,01KTQVKF5SGW7BG69T4FXNMGM2,63518128,2026,E-Katalog 6.0,APBD,NELLY AFRITA,E-Purchasing,Barang,Beban Makanan dan Minuman Rapat,ON PROCESS,133200,133200
KAB. KAUR,SEKRETARIAT DPRD - 4.02.0.00.0.00.01.0000,01KS4SFEBVH3ZBH4DEZYFNDRG7,64235617,2026,E-Katalog 6.0,APBD,YUNIAR HASTUTI,E-Purchasing,Barang,Belanja Makanan dan Minuman jamuan tamu,ON PROCESS,20250000,20250000
KAB. KAUR,DINAS PENDIDIKAN DAN KEBUDAYAAN - 1.01.2.22.0.00.01.0000,01KS79X066RDKNW085FXN051VG,65666166,2026,E-Katalog 6.0,APBD,Taufik Hidayat ,E-Purchasing,Barang,Belanja Pakaian Olahraga,ON PROCESS,28000000,28000000
KAB. KAUR,"BADAN PERENCANAAN PEMBANGUNAN, RISET DAN INOVASI DAERAH - 5.01.5.05.0.00.01.0000",10753734000,63277821,2026,Non Tender,APBD,Mechtyo Wira Jundarta,Pengadaan Langsung,Jasa Konsultansi Perorangan Konstruksi,Beban Jasa Konsultansi Perencanaan Rekayasa-Jasa Desain Rekayasa untuk Konstruksi Pondasi serta Struktur Bangunan,SELESAI,28860000,28860000
KAB. KAUR,"DINAS KOMUNIKASI, INFORMATIKA, STATISTIK DAN PERSANDIAN - 2.16.2.20.2.21.01.0000",01KK0ZN1YXVKY5CHMGCGD5QV38,63111243,2026,E-Katalog 6.0,APBD,KUROTIDUR MAJU MAKMUR,E-Purchasing,Jasa Lainnya,"Belanja Jasa Iklan/Reklame, Film, dan Pemotretan",ON PROCESS,3600000,3600000
KAB. KAUR,DINAS PEMUDA DAN OLAHRAGA - 2.19.0.00.0.00.01.0000,01KR2PETADVDNJ271G1EN4K8WB,63593727,2026,E-Katalog 6.0,APBD,GINA PURWANTI,E-Purchasing,Barang,Belanja Makanan dan Minuman Aktivitas Lapangan,ON PROCESS,19354959,19354959
KAB. KAUR,"DINAS KOMUNIKASI, INFORMATIKA, STATISTIK DAN PERSANDIAN - 2.16.2.20.2.21.01.0000",01KPQ336ED36WEW9AESTPCGDDP,63111243,2026,E-Katalog 6.0,APBD,MEDIATAMA GURITA JAYA,E-Purchasing,Jasa Lainnya,"Belanja Jasa Iklan/Reklame, Film, dan Pemotretan",ON PROCESS,7199460,7199460
KAB. KAUR,"BADAN PERENCANAAN PEMBANGUNAN, RISET DAN INOVASI DAERAH - 5.01.5.05.0.00.01.0000",10817592000,63277819,2026,Non Tender,APBD,ARTHA DUTA PRATAMA,Pengadaan Langsung,Pekerjaan Konstruksi,Beban Pemeliharaan Bangunan Gedung-Bangunan Gedung Tempat Kerja-Bangunan Gedung Kantor (Pemeliharaan Bangunan Gedung Kantor),SELESAI,149886490,149886490
KAB. KAUR,"DINAS KOMUNIKASI, INFORMATIKA, STATISTIK DAN PERSANDIAN - 2.16.2.20.2.21.01.0000",01KWKCKTT84XD1QNW926V1Y4T6,66980049,2026,E-Katalog 6.0,APBD,MEDIA CYBER BENGKULU,E-Purchasing,Jasa Lainnya,"Belanja Jasa Iklan/Reklame, Film, dan Pemotretan",ON PROCESS,1200000,1200000
KAB. KAUR,"DINAS KOMUNIKASI, INFORMATIKA, STATISTIK DAN PERSANDIAN - 2.16.2.20.2.21.01.0000",01KW944P931M7MEHQGZ2DVA9GQ,66980049,2026,E-Katalog 6.0,APBD,AFIQA JEA INTERMEDIA,E-Purchasing,Jasa Lainnya,"Belanja Jasa Iklan/Reklame, Film, dan Pemotretan",ON PROCESS,15000000,15000000
KAB. KAUR,"DINAS KOMUNIKASI, INFORMATIKA, STATISTIK DAN PERSANDIAN - 2.16.2.20.2.21.01.0000",01KJECWR8WD7ATMGB329D1R6D9,63111243,2026,E-Katalog 6.0,APBD,RAJA SEMESTA RADAR KAUR,E-Purchasing,Jasa Lainnya,"Belanja Jasa Iklan/Reklame, Film, dan Pemotretan",ON PROCESS,11000000,11000000
KAB. KAUR,INSPEKTORAT DAERAH - 6.01.0.00.0.00.01.0000,01KJC24QH466V6HBNY3V6V49TJ,63134039,2026,E-Katalog 6.0,APBD,FERDIYANSAH,E-Purchasing,Barang,Belanja Alat/Bahan untuk Kegiatan Kantor-Alat Tulis Kantor,ON PROCESS,16938600,16938600
KAB. KAUR,DINAS KESEHATAN - 1.02.0.00.0.00.01.0000,01KVS571S1ZFTZBG9W6F91H16Y,66609955,2026,E-Katalog 6.0,APBD,ANISAH,E-Purchasing,Barang,Belanja Alat/Bahan untuk Kegiatan Kantor-Alat Tulis Kantor,ON PROCESS,377790,377790
KAB. KAUR,"DINAS KOMUNIKASI, INFORMATIKA, STATISTIK DAN PERSANDIAN - 2.16.2.20.2.21.01.0000",01KKATBST6Q7578A2W3KM5HT8P,63111243,2026,E-Katalog 6.0,APBD,RAKYAT BENGKULU DIGITAL MEDIA,E-Purchasing,Jasa Lainnya,"Belanja Jasa Iklan/Reklame, Film, dan Pemotretan",ON PROCESS,4800000,4800000
KAB. KAUR,DINAS PEKERJAAN UMUM DAN PENATAAN RUANG - 1.03.0.00.0.00.01.0000,10807666000,65339810,2026,Non Tender,APBD,Sella Oktaviani,Pengadaan Langsung,Jasa Konsultansi Perorangan Konstruksi,Perencanaan Rehab Pagar Rumah Dinas Bupati,SELESAI,4961700,4961700
KAB. KAUR,"DINAS KOMUNIKASI, INFORMATIKA, STATISTIK DAN PERSANDIAN - 2.16.2.20.2.21.01.0000",01KK10Z3K94RFX1JYH5SWHHVTJ,63111243,2026,E-Katalog 6.0,APBD,CAHAYA DUA EMPAT,E-Purchasing,Jasa Lainnya,"Belanja Jasa Iklan/Reklame, Film, dan Pemotretan",ON PROCESS,3599730,3599730
KAB. KAUR,DINAS PEKERJAAN UMUM DAN PENATAAN RUANG - 1.03.0.00.0.00.01.0000,10853358000,65377839,2026,Non Tender,APBD,CV. TRISYA MULTIDESAIN Consultant,Pengadaan Langsung,Jasa Konsultansi Badan Usaha Konstruksi,Belanja Jasa Konsultansi Perencanaan Rekayasa-Jasa Desain Rekayasa untuk Pekerjaan Teknik Sipil Air,SELESAI,47721675,47721675
KAB. KAUR,"DINAS KOMUNIKASI, INFORMATIKA, STATISTIK DAN PERSANDIAN - 2.16.2.20.2.21.01.0000",01KS28CBZRVA0WZBTCF074381M,66980049,2026,E-Katalog 6.0,APBD,BENDERANG MEDIA MENJULANG,E-Purchasing,Jasa Lainnya,"Belanja Jasa Iklan/Reklame, Film, dan Pemotretan",ON PROCESS,4800000,4800000
KAB. KAUR,DINAS PARIWISATA - 3.26.0.00.0.00.01.0000,01KRB2Y388QQMPYEMQWXDA2M8S,63716153,2026,E-Katalog 6.0,APBD,PT. MEDIA KABAR NUSANTARA ONLINE,E-Purchasing,Jasa Lainnya,"Belanja Jasa Iklan/Reklame, Film, dan Pemotretan",ON PROCESS,2397600,2397600
KAB. KAUR,DINAS PEKERJAAN UMUM DAN PENATAAN RUANG - 1.03.0.00.0.00.01.0000,10130764000,66996884,2026,Tender,APBD,CV. MARGA CIPTA PERSADA,Tender,Pekerjaan Konstruksi,Jalan Kasuk Baru - Latihan Kec. Tetap - Kaur Selatan,SELESAI,992709646,992709646
KAB. KAUR,SEKRETARIAT DPRD - 4.02.0.00.0.00.01.0000,01KS45HK24J93TTP4CHZABE2G9,65712199,2026,E-Katalog 6.0,APBD,RAKYAT BENGKULU DIGITAL MEDIA,E-Purchasing,Jasa Lainnya,"Beban Jasa Iklan/Reklame, Film, dan Pemotretan",ON PROCESS,2400000,2400000
KAB. KAUR,SEKRETARIAT DAERAH - 4.01.2.10.5.06.01.0000,01KFARZVHQ4P482HNTRAS4MXP8,63487630,2026,E-Katalog 6.0,APBD,GINA PURWANTI,E-Purchasing,Barang,MAKAN MINUM FASILITAS KUNJUNGAN TAMU,ON PROCESS,81000000,81000000
KAB. KAUR,SEKRETARIAT DPRD - 4.02.0.00.0.00.01.0000,01KS477N2BC4EN5WPVJ5JD3TTP,65712199,2026,E-Katalog 6.0,APBD,LENSA NUSANTARA MULTIMEDIA,E-Purchasing,Jasa Lainnya,"Beban Jasa Iklan/Reklame, Film, dan Pemotretan",ON PROCESS,1200000,1200000
KAB. KAUR,DINAS PEMUDA DAN OLAHRAGA - 2.19.0.00.0.00.01.0000,01KPAQAHQRR0QTNVADMX24SY8E,66930565,2026,E-Katalog 6.0,APBD,TRILOKA CEMPAKA WANGSA,E-Purchasing,Barang,Belanja Hadiah Yang Bersifat Perlombaan,PAYMENT OUTSIDE SYSTEM,74925000,74925000
KAB. KAUR,DINAS KESEHATAN - 1.02.0.00.0.00.01.0000,01KWBM7KBVDHND3DYYW15D8JKR,66143530,2026,E-Katalog 6.0,APBD,FERDIYANSAH,E-Purchasing,Barang,Belanja Alat/Bahan untuk Kegiatan Kantor-Perabot Kantor,ON PROCESS,708180,708180
KAB. KAUR,"DINAS KOMUNIKASI, INFORMATIKA, STATISTIK DAN PERSANDIAN - 2.16.2.20.2.21.01.0000",01KVEW6G2RYXKMX29D8JQGQYWJ,66980049,2026,E-Katalog 6.0,APBD,MEDIA GRUB INDO MERDEKA,E-Purchasing,Jasa Lainnya,"Belanja Jasa Iklan/Reklame, Film, dan Pemotretan",ON PROCESS,3600000,3600000
KAB. KAUR,SEKRETARIAT DPRD - 4.02.0.00.0.00.01.0000,01KS4SMTHE5DARZBKQZH5JK4MS,65712197,2026,E-Katalog 6.0,APBD,RAJA SEMESTA RADAR KAUR,E-Purchasing,Jasa Lainnya,"Beban Jasa Iklan/Reklame, Film, dan Pemotretan",ON PROCESS,3000000,3000000
KAB. KAUR,DINAS KESEHATAN - 1.02.0.00.0.00.01.0000,01KQY1YC8DE55J9EJV0BRE14WY,66084181,2026,E-Katalog 6.0,APBD,BERNOFARM,E-Purchasing,Barang,Belanja Obat-Obatan-Obat,ON PROCESS,104783445,104783445
KAB. KAUR,"DINAS PENGENDALIAN PENDUDUK, KELUARGA BERENCANA, PEMBERDAYAAN PEREMPUAN DAN PERLINDUNGAN ANAK - 2.08.2.14.0.00.01.0000",01KNV4BQ1EEY4WKFS3SMMRWEZ4,64703003,2026,E-Katalog 6.0,APBD,TAHIRIN,E-Purchasing,Barang,Belanja Alat/Bahan untuk Kegiatan Kantor-Alat Tulis Kantor,ON PROCESS,2514505,2514505
KAB. KAUR,DINAS PEMBERDAYAAN MASYARAKAT DAN DESA - 2.13.0.00.0.00.01.0000,01KN69D1KPQ1X7S3B462K091V9,62867143,2026,E-Katalog 6.0,APBD,RONI,E-Purchasing,Barang,Belanja Makanan dan Minuman Aktivitas Lapangan,ON PROCESS,7600000,7600000
KAB. KAUR,BADAN PENGELOLAAN KEUANGAN DAN ASET DAERAH - 5.02.0.00.0.00.01.0000,01KNNHR5RWA7TXH7F52836731D,66844262,2026,E-Katalog 6.0,APBD,NELLY AFRITA,E-Purchasing,Barang,Belanja Makanan dan Minuman Rapat,ON PROCESS,1431900,1431900
KAB. KAUR,"DINAS KOMUNIKASI, INFORMATIKA, STATISTIK DAN PERSANDIAN - 2.16.2.20.2.21.01.0000",01KHATJAKVNGMPWN31M3ASFEDY,63111243,2026,E-Katalog 6.0,APBD,SEMARAK BENGKULU PERMAI,E-Purchasing,Jasa Lainnya,"Belanja Jasa Iklan/Reklame, Film, dan Pemotretan",ON PROCESS,30000000,30000000
KAB. KAUR,SEKRETARIAT DPRD - 4.02.0.00.0.00.01.0000,01KS4RE4SJ4K5621MK6VX7WB21,65712196,2026,E-Katalog 6.0,APBD,MEDIA BENGKULU EKSPRESS,E-Purchasing,Jasa Lainnya,-,ON PROCESS,5000000,5000000
KAB. KAUR,DINAS KESEHATAN - 1.02.0.00.0.00.01.0000,01KR2ST36WAHGX3C2506743R2E,66084181,2026,E-Katalog 6.0,APBD,TRIPUTRA MANDIRI DISTRIBUSI,E-Purchasing,Barang,Belanja Obat-Obatan-Obat,ON PROCESS,478929791,478929791
KAB. KAUR,SEKRETARIAT DPRD - 4.02.0.00.0.00.01.0000,01KKC5RYXSFHPJXJRRQ32PF5R5,65712199,2026,E-Katalog 6.0,APBD,MEDIA RINO PERKASA,E-Purchasing,Jasa Lainnya,"Beban Jasa Iklan/Reklame, Film, dan Pemotretan",ON PROCESS,1200000,1200000
KAB. KAUR,"DINAS KOMUNIKASI, INFORMATIKA, STATISTIK DAN PERSANDIAN - 2.16.2.20.2.21.01.0000",01KWG8PFP3PZZSV62591HE9YC1,66980049,2026,E-Katalog 6.0,APBD,CAHAYA DUA EMPAT,E-Purchasing,Jasa Lainnya,"Belanja Jasa Iklan/Reklame, Film, dan Pemotretan",ON PROCESS,1200000,1200000
KAB. KAUR,SEKRETARIAT DAERAH - 4.01.2.10.5.06.01.0000,01KPQBAZNAWS2ZY1X6P5ACF7CR,66964829,2026,E-Katalog 6.0,APBD,MEDIA JAYA KOMPUTER,E-Purchasing,Barang,BELANJA MODAL  PENYEDIAAN PERALATAN RUMAH TANGGA,ON PROCESS,10323000,10323000
KAB. KAUR,SEKRETARIAT DPRD - 4.02.0.00.0.00.01.0000,01KMMCB3YH6A7RVF8P1YZHXW4X,66179130,2026,E-Katalog 6.0,APBD,ALFA MULTI GROUP,E-Purchasing,Barang,Belanja Modal Peralatan Studio Audio,ON PROCESS,370074000,370074000
KAB. KAUR,SEKRETARIAT DAERAH - 4.01.2.10.5.06.01.0000,01KPCW6FQPTYWQFECFTMFQ0D45,63532096,2026,E-Katalog 6.0,APBD,BIRU TEKNOLOGI MULTIMEDIA,E-Purchasing,Barang,Belanja Modal Alat Rumah Tangga Lainnya (Home Use),PAYMENT OUTSIDE SYSTEM,7437000,7437000
KAB. KAUR,SEKRETARIAT DPRD - 4.02.0.00.0.00.01.0000,01KJPC8594QPZBQ2S3GGCD2CDV,65712199,2026,E-Katalog 6.0,APBD,SATUJUANG JAYA ABADI,E-Purchasing,Jasa Lainnya,"Beban Jasa Iklan/Reklame, Film, dan Pemotretan",ON PROCESS,1200000,1200000
KAB. KAUR,DINAS PARIWISATA - 3.26.0.00.0.00.01.0000,01KTX20FE8ZSGT1W9DJ247X7EM,63716136,2026,E-Katalog 6.0,APBD,TOKO MJ LENI,E-Purchasing,Barang,Belanja Bahan-Bahan Lainnya,ON PROCESS,15540000,15540000
KAB. KAUR,"DINAS KOMUNIKASI, INFORMATIKA, STATISTIK DAN PERSANDIAN - 2.16.2.20.2.21.01.0000",01KWJXKHYSCVGRXSZFXCGYZTBD,66980049,2026,E-Katalog 6.0,APBD,BIOVIO MEDIA INDONESIA,E-Purchasing,Jasa Lainnya,"Belanja Jasa Iklan/Reklame, Film, dan Pemotretan",ON PROCESS,1200000,1200000
KAB. KAUR,DINAS PERPUSTAKAAN DAN KEARSIPAN - 2.23.2.24.0.00.01.0000,01KTR4P4066H0WBRQR0YPVNEPK,63395309,2026,E-Katalog 6.0,APBD,MESI YULIANA,E-Purchasing,Barang,Belanja Makanan dan Minuman Aktivitas Lapangan,ON PROCESS,195360,195360
KAB. KAUR,"BADAN PERENCANAAN PEMBANGUNAN, RISET DAN INOVASI DAERAH - 5.01.5.05.0.00.01.0000",01KGGTH7PDKFZMMGZ5HRRVE074,63273015,2026,E-Katalog 6.0,APBD,TAHIRIN,E-Purchasing,Barang,Belanja Alat/Bahan untuk Kegiatan Kantor-Alat Tulis Kantor,ON PROCESS,19918728,19918728
KAB. KAUR,"DINAS KOMUNIKASI, INFORMATIKA, STATISTIK DAN PERSANDIAN - 2.16.2.20.2.21.01.0000",01KQS060MZ8N7CNZBTWK3Y109H,66980049,2026,E-Katalog 6.0,APBD,MEDIA TEROPONG PUBLIK,E-Purchasing,Jasa Lainnya,"Belanja Jasa Iklan/Reklame, Film, dan Pemotretan",ON PROCESS,3600000,3600000
KAB. KAUR,DINAS PERIKANAN - 3.25.0.00.0.00.01.0000,01KJVH7SDG0KR2RD1Y4QDJQ93W,65713595,2026,E-Katalog 6.0,APBD,FENI FRANSISCA,E-Purchasing,Jasa Lainnya,"Belanja Jasa Tenaga Penyuluhan atau Pendampingan, Spesifikasi : Jasa Penyuluh Perikanan",ON PROCESS,28800000,28800000
KAB. KAUR,"DINAS PENGENDALIAN PENDUDUK, KELUARGA BERENCANA, PEMBERDAYAAN PEREMPUAN DAN PERLINDUNGAN ANAK - 2.08.2.14.0.00.01.0000",01KNGXZR2VBDX0BP44Z60S8X0K,64701382,2026,E-Katalog 6.0,APBD,TAHIRIN,E-Purchasing,Barang,Belanja Alat/Bahan untuk Kegiatan Kantor-Bahan Komputer,ON PROCESS,333000,333000
KAB. KAUR,SEKRETARIAT DPRD - 4.02.0.00.0.00.01.0000,01KJPM8DKSMK9G5B0HDTYQ1D3X,65712199,2026,E-Katalog 6.0,APBD,KUROTIDUR MAJU MAKMUR,E-Purchasing,Jasa Lainnya,"Beban Jasa Iklan/Reklame, Film, dan Pemotretan",ON PROCESS,1200000,1200000
KAB. KAUR,DINAS SATUAN POLISI PAMONG PRAJA - 1.05.0.00.0.00.01.0000,01KJF9HM6DWYTPC7CQS92HPB0F,63538503,2026,E-Katalog 6.0,APBD,AGUNG AUTOMALL,E-Purchasing,Barang,Belanja Modal Kendaraan Bermotor Angkutan Barang,ON PROCESS,297500000,0
KAB. KAUR,DINAS PARIWISATA - 3.26.0.00.0.00.01.0000,01KK86A39BS22P2FST3DVV8K0K,63716150,2026,E-Katalog 6.0,APBD,WAHANA SEMESTA BENGKULU TELEVISI,E-Purchasing,Jasa Lainnya,Belanja Jasa Tenaga Informasi dan Teknologi,ON PROCESS,34900000,34900000
KAB. KAUR,DINAS PERPUSTAKAAN DAN KEARSIPAN - 2.23.2.24.0.00.01.0000,01KQ8X15W0KA51MA4FMY789G81,63394047,2026,E-Katalog 6.0,APBD,DIANA YUSIPA,E-Purchasing,Barang,Belanja Makanan dan Minuman Aktivitas Lapangan,ON PROCESS,850000,850000
KAB. KAUR,DINAS PEKERJAAN UMUM DAN PENATAAN RUANG - 1.03.0.00.0.00.01.0000,10813802000,65781912,2026,Non Tender,APBD,Tri D Max,Pengadaan Langsung,Jasa Konsultansi Badan Usaha Konstruksi,Perencanaan PembangunanJalan Desa Jembatan 2 Kec. Kaur Selatan,SELESAI,12321000,12321000
KAB. KAUR,DINAS PERPUSTAKAAN DAN KEARSIPAN - 2.23.2.24.0.00.01.0000,01KQ97322GXW0NCP54W552526G,63395126,2026,E-Katalog 6.0,APBD,DIANA YUSIPA,E-Purchasing,Barang,Belanja Makanan dan Minuman Aktivitas Lapangan,ON PROCESS,4428000,4428000
KAB. KAUR,"DINAS KOMUNIKASI, INFORMATIKA, STATISTIK DAN PERSANDIAN - 2.16.2.20.2.21.01.0000",01KWJWBQ1VY2P8FE0MFWWTEJ4M,66980049,2026,E-Katalog 6.0,APBD,FIGUR ANUGERAH MEDIA,E-Purchasing,Jasa Lainnya,"Belanja Jasa Iklan/Reklame, Film, dan Pemotretan",ON PROCESS,1200000,1200000
KAB. KAUR,DINAS LINGKUNGAN HIDUP - 2.11.0.00.0.00.01.0000,01KNP1437TXTRVD8KVVW8DMN7V,63058876,2026,E-Katalog 6.0,APBD,FERDIYANSAH,E-Purchasing,Barang,Belanja Alat/Bahan untuk Kegiatan Kantor-Alat Tulis Kantor,ON PROCESS,2761680,2761680
KAB. KAUR,DINAS SOSIAL - 1.06.0.00.0.00.01.0000,01KTWXZTJDDVSKCSCPTEAM4F03,66165660,2026,E-Katalog 6.0,APBD,TAHIRIN,E-Purchasing,Barang,Belanja Alat/Bahan untuk Kegiatan Kantor- Kertas dan Cover,ON PROCESS,377400,377400
KAB. KAUR,SEKRETARIAT DPRD - 4.02.0.00.0.00.01.0000,01KS26R57P554YP8DR233N1VRC,65712199,2026,E-Katalog 6.0,APBD,MENGGALA MEDIA GLOBAL,E-Purchasing,Jasa Lainnya,"Beban Jasa Iklan/Reklame, Film, dan Pemotretan",ON PROCESS,1200000,1200000
KAB. KAUR,"DINAS KOMUNIKASI, INFORMATIKA, STATISTIK DAN PERSANDIAN - 2.16.2.20.2.21.01.0000",01KGEMWR5J3K427V44HBR7XHNS,63111241,2026,E-Katalog 6.0,APBD,AURORA ADVERTISING KAUR,E-Purchasing,Jasa Lainnya,Belanja Alat/Bahan untuk Kegiatan Kantor- Bahan Cetak,ON PROCESS,23176800,23176800
KAB. KAUR,DINAS KESEHATAN - 1.02.0.00.0.00.01.0000,01KVPK68YSBZZZ1Z7NSXX155NS,66084181,2026,E-Katalog 6.0,APBD,TRIFA RAYA LABORATORIES,E-Purchasing,Barang,Belanja Obat-Obatan-Obat,ON PROCESS,14763000,14763000
KAB. KAUR,SEKRETARIAT DPRD - 4.02.0.00.0.00.01.0000,01KJP76FVSG15RFEE2AXHWMPGY,65712199,2026,E-Katalog 6.0,APBD,DIGITAL MEDIA INFORMATIF,E-Purchasing,Jasa Lainnya,"Beban Jasa Iklan/Reklame, Film, dan Pemotretan",ON PROCESS,1098900,1098900
KAB. KAUR,"DINAS KOMUNIKASI, INFORMATIKA, STATISTIK DAN PERSANDIAN - 2.16.2.20.2.21.01.0000",01KJS67PVHKRVWNY4CJ2P8QAEJ,63111243,2026,E-Katalog 6.0,APBD,TRIBUN DIGITAL BENGKULU,E-Purchasing,Jasa Lainnya,"Belanja Jasa Iklan/Reklame, Film, dan Pemotretan",ON PROCESS,3600000,3600000
KAB. KAUR,"DINAS KOMUNIKASI, INFORMATIKA, STATISTIK DAN PERSANDIAN - 2.16.2.20.2.21.01.0000",01KJC51XKJGPKVZV28FQK6X9BH,63111243,2026,E-Katalog 6.0,APBD,RIZKY PRATAMA MANDIRI KAUR,E-Purchasing,Jasa Lainnya,"Belanja Jasa Iklan/Reklame, Film, dan Pemotretan",ON PROCESS,3600000,0
KAB. KAUR,RUMAH SAKIT UMUM DAERAH - 1.02.0.00.0.00.01.0001,01KFPME24MJ65SW6X1656FB5XQ,63313451,2026,E-Katalog 6.0,APBD,NOVAPHARIN,E-Purchasing,Barang,Belanja Obat-Obatan-Obat-Obatan Lainnya (Belanja Obat-Obatan) ,ON PROCESS,18793410,18793410
KAB. KAUR,DINAS KESEHATAN - 1.02.0.00.0.00.01.0000,01KTQWWH65VFQCH31PG7R43P37,66906652,2026,E-Katalog 6.0,APBD,ANISAH,E-Purchasing,Barang,Belanja Alat/Bahan untuk Kegiatan Kantor- Bahan Cetak,ON PROCESS,19766880,19766880
KAB. KAUR,DINAS PERPUSTAKAAN DAN KEARSIPAN - 2.23.2.24.0.00.01.0000,01KTR342BYG13TG7D2N30JAPRT,63395310,2026,E-Katalog 6.0,APBD,ANISAH,E-Purchasing,Barang,Belanja Alat/Bahan untuk Kegiatan Kantor-Alat Tulis Kantor,ON PROCESS,1110000,1110000
KAB. KAUR,"DINAS PENGENDALIAN PENDUDUK, KELUARGA BERENCANA, PEMBERDAYAAN PEREMPUAN DAN PERLINDUNGAN ANAK - 2.08.2.14.0.00.01.0000",01KMQ5TMKTWFW34RCQPT8WT1S6,64792139,2026,E-Katalog 6.0,APBD,ANISAH,E-Purchasing,Barang,Belanja Alat/Bahan untuk Kegiatan Kantor-Alat Tulis Kantor,ON PROCESS,892440,892440
KAB. KAUR,"DINAS KOMUNIKASI, INFORMATIKA, STATISTIK DAN PERSANDIAN - 2.16.2.20.2.21.01.0000",01KS1N99SDAWHDDNMRFDCC2JZH,66980049,2026,E-Katalog 6.0,APBD,WAHANA KAUR MEDIA SEJAHTERA,E-Purchasing,Jasa Lainnya,"Belanja Jasa Iklan/Reklame, Film, dan Pemotretan",ON PROCESS,3600000,3600000
KAB. KAUR,DINAS PEKERJAAN UMUM DAN PENATAAN RUANG - 1.03.0.00.0.00.01.0000,01KKCW5K4N46RQDGQ47734NTK2,65117207,2026,E-Katalog 6.0,APBD,FERDIYANSAH,E-Purchasing,Barang,Belanja Alat/Bahan untuk Kegiatan Kantor- Kertas dan Cover,PAYMENT OUTSIDE SYSTEM,582750,582750
KAB. KAUR,"DINAS KOMUNIKASI, INFORMATIKA, STATISTIK DAN PERSANDIAN - 2.16.2.20.2.21.01.0000",01KMPG7G1JDKXZHNBCJBKYH0D8,63110052,2026,E-Katalog 6.0,APBD,MEDIA BENGKULU EKSPRESS,E-Purchasing,Barang,Belanja Langganan Jurnal/Surat Kabar/Majalah,ON PROCESS,16314669,16314669
KAB. KAUR,"DINAS KOMUNIKASI, INFORMATIKA, STATISTIK DAN PERSANDIAN - 2.16.2.20.2.21.01.0000",01KJC4D3FTGTZZJMFDER5T55MY,63111243,2026,E-Katalog 6.0,APBD,RIZKY GEMILANG JAYA,E-Purchasing,Jasa Lainnya,"Belanja Jasa Iklan/Reklame, Film, dan Pemotretan",ON PROCESS,3600000,3600000
KAB. KAUR,DINAS PEKERJAAN UMUM DAN PENATAAN RUANG - 1.03.0.00.0.00.01.0000,01KKCZ4S46B9ABVZ9KD3PKDDE9,65117009,2026,E-Katalog 6.0,APBD,FERDIYANSAH,E-Purchasing,Barang,Belanja Alat/Bahan untuk Kegiatan Kantor-Alat Tulis Kantor,PAYMENT OUTSIDE SYSTEM,626318,626318
KAB. KAUR,SEKRETARIAT DPRD - 4.02.0.00.0.00.01.0000,01KK6VTYSW0SBTYFECCV1KEXFH,65712199,2026,E-Katalog 6.0,APBD,PRIA SAKTI PERKASA,E-Purchasing,Jasa Lainnya,"Beban Jasa Iklan/Reklame, Film, dan Pemotretan",ON PROCESS,1200000,1200000
KAB. KAUR,"BADAN PERENCANAAN PEMBANGUNAN, RISET DAN INOVASI DAERAH - 5.01.5.05.0.00.01.0000",01KH81HWJ5T1J559XWT8V77F3X,65227884,2026,E-Katalog 6.0,APBD,YENA AGUSTIN,E-Purchasing,Barang,Belanja Makanan dan Minuman Rapat,ON PROCESS,4650900,4650900
KAB. KAUR,SEKRETARIAT DPRD - 4.02.0.00.0.00.01.0000,01KJVT2YYN39TP0P7WB98ZND39,65712199,2026,E-Katalog 6.0,APBD,MENGGALA MEDIA GLOBAL,E-Purchasing,Jasa Lainnya,"Beban Jasa Iklan/Reklame, Film, dan Pemotretan",ON PROCESS,1200000,1200000
KAB. KAUR,DINAS PENANAMAN MODAL DAN PELAYANAN TERPADU SATU PINTU - 2.18.0.00.0.00.01.0000,01KQ6H86YQKHHVX1CJK64RAH33,66978783,2026,E-Katalog 6.0,APBD,DONI APRIZAL,E-Purchasing,Barang,Belanja Alat/Bahan untuk Kegiatan Kantor- Bahan Cetak,ON PROCESS,388500,388500
KAB. KAUR,DINAS LINGKUNGAN HIDUP - 2.11.0.00.0.00.01.0000,01KQ78G32BB089VWA7H2GVG50G,63096204,2026,E-Katalog 6.0,APBD,BUDIANTO,E-Purchasing,Barang,Belanja Makanan dan Minuman Aktivitas Lapangan,ON PROCESS,8491500,8491500
KAB. KAUR,DINAS PERPUSTAKAAN DAN KEARSIPAN - 2.23.2.24.0.00.01.0000,01KR0J1S5FHAPP8HPG0NHB4G05,63391425,2026,E-Katalog 6.0,APBD,TAHIRIN,E-Purchasing,Barang,Belanja Alat/Bahan untuk Kegiatan Kantor- Kertas dan Cover,ON PROCESS,6543450,6543450
KAB. KAUR,DINAS PERPUSTAKAAN DAN KEARSIPAN - 2.23.2.24.0.00.01.0000,01KQ9K6DT50VTH59M0XEKPYM93,63395123,2026,E-Katalog 6.0,APBD,TAHIRIN,E-Purchasing,Barang,Belanja Alat/Bahan untuk Kegiatan Kantor- Kertas dan Cover,ON PROCESS,421800,421800
KAB. KAUR,DINAS PEKERJAAN UMUM DAN PENATAAN RUANG - 1.03.0.00.0.00.01.0000,01KWBQFSS034347N75JREQB0G1,65381655,2026,E-Katalog 6.0,APBD,DONI APRIZAL,E-Purchasing,Barang,Belanja Alat/Bahan untuk Kegiatan Kantor- Kertas dan Cover,ON PROCESS,4069260,4069260
KAB. KAUR,"DINAS PENGENDALIAN PENDUDUK, KELUARGA BERENCANA, PEMBERDAYAAN PEREMPUAN DAN PERLINDUNGAN ANAK - 2.08.2.14.0.00.01.0000",01KW92QD3ZRX1SCQZRWFN6G0GY,67073990,2026,E-Katalog 6.0,APBD,YUNIAR HASTUTI,E-Purchasing,Barang,Belanja Makanan dan Minuman Rapat,ON PROCESS,21328650,21328650
KAB. KAUR,DINAS PARIWISATA - 3.26.0.00.0.00.01.0000,01KSHJ4HV4NPRTWPZFH3NEKYGF,63716153,2026,E-Katalog 6.0,APBD,MEDIA BENGKULU EKSPRESS,E-Purchasing,Jasa Lainnya,"Belanja Jasa Iklan/Reklame, Film, dan Pemotretan",ON PROCESS,3000000,3000000
KAB. KAUR,BADAN KESATUAN BANGSA DAN POLITIK - 8.01.0.00.0.00.01.0000,01KRZ937940WHR2XZ4JEHBHYMK,63281420,2026,E-Katalog 6.0,APBD,KARIANSYAH,E-Purchasing,Barang,Belanja Pakaian Paskibraka,ON PROCESS,155932800,155932800
KAB. KAUR,DINAS PERPUSTAKAAN DAN KEARSIPAN - 2.23.2.24.0.00.01.0000,01KPDAYDMDZZAYWMDCM8DR21B3,63392454,2026,E-Katalog 6.0,APBD,TAHIRIN,E-Purchasing,Barang,Belanja Alat/Bahan untuk Kegiatan Kantor- Kertas dan Cover,ON PROCESS,3143520,3143520
KAB. KAUR,"DINAS KOMUNIKASI, INFORMATIKA, STATISTIK DAN PERSANDIAN - 2.16.2.20.2.21.01.0000",01KKJWTKQV9F7QA0RDEAFZSES4,63111243,2026,E-Katalog 6.0,APBD,MOHAGA RAJAWALI PERS,E-Purchasing,Jasa Lainnya,"Belanja Jasa Iklan/Reklame, Film, dan Pemotretan",ON PROCESS,3600000,3600000
KAB. KAUR,"DINAS KOMUNIKASI, INFORMATIKA, STATISTIK DAN PERSANDIAN - 2.16.2.20.2.21.01.0000",01KW93EXS2J1KWE5CB64XPW5M2,66980049,2026,E-Katalog 6.0,APBD,RIZKY PRATAMA MANDIRI KAUR,E-Purchasing,Jasa Lainnya,"Belanja Jasa Iklan/Reklame, Film, dan Pemotretan",ON PROCESS,3600000,3600000
KAB. KAUR,"DINAS PENGENDALIAN PENDUDUK, KELUARGA BERENCANA, PEMBERDAYAAN PEREMPUAN DAN PERLINDUNGAN ANAK - 2.08.2.14.0.00.01.0000",01KKDT5W4WH4K2CXKHPQWCG3EP,64993919,2026,E-Katalog 6.0,APBD,ANISAH,E-Purchasing,Barang,Belanja Alat/Bahan untuk Kegiatan Kantor- Bahan Cetak,ON PROCESS,765900,765900
KAB. KAUR,"BADAN PERENCANAAN PEMBANGUNAN, RISET DAN INOVASI DAERAH - 5.01.5.05.0.00.01.0000",10813947000,66230996,2026,Non Tender,APBD,PT. CIPTA WAHANA KONSULTAN,Pengadaan Langsung,Jasa Konsultansi Badan Usaha Konstruksi,Beban Jasa Konsultansi Perencanaan Penataan Ruang-Jasa Perencanaan Wilayah (Dokumen Penyusunan Master Plan Pengembangan Kawasan Wisata Pantai Laguna Kabupaten Kaur),SELESAI,94461000,94461000
KAB. KAUR,SEKRETARIAT DPRD - 4.02.0.00.0.00.01.0000,01KJY1CT8VS1GQTQY3TQMJNAGS,64237237,2026,E-Katalog 6.0,APBD,DONI APRIZAL,E-Purchasing,Barang,Belanja Alat/Bahan untuk Kegiatan Kantor- Kertas dan Cover,ON PROCESS,2175600,2175600
KAB. KAUR,RUMAH SAKIT UMUM DAERAH - 1.02.0.00.0.00.01.0001,01KFK34CP0BPJNQJ7Z8WEC2TH0,63313451,2026,E-Katalog 6.0,APBD,HOLI PHARMA,E-Purchasing,Barang,Belanja Obat-Obatan-Obat-Obatan Lainnya (Belanja Obat-Obatan) ,ON PROCESS,6596120,6596120
KAB. KAUR,DINAS PEKERJAAN UMUM DAN PENATAAN RUANG - 1.03.0.00.0.00.01.0000,10858438000,65340260,2026,Non Tender,APBD,CV. USBER MANDIRI JAYA KAUR,Pengadaan Langsung,Pekerjaan Konstruksi,Rehab Pagar Rumah Dinas Bupati,SELESAI,99347135,99347135
KAB. KAUR,"DINAS PERUMAHAN, KAWASAN PERMUKIMAN DAN PERTANAHAN - 1.04.2.10.0.00.01.0000",01KJ6ZY3M0KXNVB624B3T1PXNK,65694187,2026,E-Katalog 6.0,APBD,ROBBY FUTURE MULTI,E-Purchasing,Barang,Belanja Modal Alat Pendingin,ON PROCESS,6549000,6549000
KAB. KAUR,"DINAS KOMUNIKASI, INFORMATIKA, STATISTIK DAN PERSANDIAN - 2.16.2.20.2.21.01.0000",01KPVZTYS13FY91KHNE1VFKJSH,66980049,2026,E-Katalog 6.0,APBD,RAJA SEMESTA RADAR KAUR,E-Purchasing,Jasa Lainnya,"Belanja Jasa Iklan/Reklame, Film, dan Pemotretan",ON PROCESS,11000000,11000000
KAB. KAUR,"DINAS KOMUNIKASI, INFORMATIKA, STATISTIK DAN PERSANDIAN - 2.16.2.20.2.21.01.0000",01KPQ36XQZ2ZQ207H20V77PZG3,63111243,2026,E-Katalog 6.0,APBD,SUARA JARINGAN BERSAMA,E-Purchasing,Jasa Lainnya,"Belanja Jasa Iklan/Reklame, Film, dan Pemotretan",ON PROCESS,7200000,7200000
KAB. KAUR,"DINAS KOMUNIKASI, INFORMATIKA, STATISTIK DAN PERSANDIAN - 2.16.2.20.2.21.01.0000",01KJSEHZJE0RBN74M51YVPZE7Y,63111243,2026,E-Katalog 6.0,APBD,BENGKULU MEDIA SIBER,E-Purchasing,Jasa Lainnya,"Belanja Jasa Iklan/Reklame, Film, dan Pemotretan",ON PROCESS,3599730,3599730
KAB. KAUR,"DINAS KOMUNIKASI, INFORMATIKA, STATISTIK DAN PERSANDIAN - 2.16.2.20.2.21.01.0000",01KK0ZHKG8G2X6DR16GY03R8XA,63111243,2026,E-Katalog 6.0,APBD,IKO BENGKULU MEDIATAMA,E-Purchasing,Jasa Lainnya,"Belanja Jasa Iklan/Reklame, Film, dan Pemotretan",ON PROCESS,3600000,3600000
KAB. KAUR,DINAS KESEHATAN - 1.02.0.00.0.00.01.0000,01KJPF1K349CJM8YYXJK4Y3Z08,65868967,2026,E-Katalog 6.0,APBD,FERDIYANSAH,E-Purchasing,Barang,Belanja Alat/Bahan untuk Kegiatan Kantor- Kertas dan Cover,ON PROCESS,4828500,4828500
KAB. KAUR,DINAS PENANAMAN MODAL DAN PELAYANAN TERPADU SATU PINTU - 2.18.0.00.0.00.01.0000,01KT5JMFKB6QNHVZXG13EH3DR7,67083924,2026,E-Katalog 6.0,APBD,QAYRIS CIPTA KREASINDO,E-Purchasing,Barang,Belanja Jasa Konsultansi Berorientasi Layanan-Jasa Khusus,ON PROCESS,64380000,64380000
KAB. KAUR,RUMAH SAKIT UMUM DAERAH - 1.02.0.00.0.00.01.0001,01KF08X7A7WCCTZM4H2S2DMQK5,63313451,2026,E-Katalog 6.0,APBD,OTSUKA INDONESIA,E-Purchasing,Barang,Belanja Obat-Obatan-Obat-Obatan Lainnya (Belanja Obat-Obatan) ,ON PROCESS,1345126,1345126
KAB. KAUR,SEKRETARIAT DAERAH - 4.01.2.10.5.06.01.0000,01KQ73BDKM5BVR4NEB2B9G04CT,66965132,2026,E-Katalog 6.0,APBD,LEDPEDIA MEDIA UTAMA,E-Purchasing,Barang,BELANJA PENYEDIAAN DAN PERLENGKAPAN KANTOR,ON PROCESS,10101000,10101000
KAB. KAUR,"DINAS KOMUNIKASI, INFORMATIKA, STATISTIK DAN PERSANDIAN - 2.16.2.20.2.21.01.0000",01KS1T0V014VYCNH77XH6YBAPG,66980049,2026,E-Katalog 6.0,APBD,RAKYAT INDEPENDEN MEDIA,E-Purchasing,Jasa Lainnya,"Belanja Jasa Iklan/Reklame, Film, dan Pemotretan",ON PROCESS,7200000,7200000
KAB. KAUR,DINAS SATUAN POLISI PAMONG PRAJA - 1.05.0.00.0.00.01.0000,01KTB2G3QWB98XYX70AABXW9BD,63538198,2026,E-Katalog 6.0,APBD,DONI APRIZAL,E-Purchasing,Barang,Belanja Alat/Bahan untuk Kegiatan Kantor-Alat Tulis Kantor,ON PROCESS,1405482,1405482
KAB. KAUR,"DINAS PERUMAHAN, KAWASAN PERMUKIMAN DAN PERTANAHAN - 1.04.2.10.0.00.01.0000",01KQ92X5C6JWHCRG1KC3Z2VDH3,62874763,2026,E-Katalog 6.0,APBD,TAHIRIN,E-Purchasing,Barang,Belanja Alat/Bahan untuk Kegiatan Kantor-Alat Tulis Kantor,ON PROCESS,2108445,2108445
KAB. KAUR,"DINAS KOMUNIKASI, INFORMATIKA, STATISTIK DAN PERSANDIAN - 2.16.2.20.2.21.01.0000",01KK100FG1SBZ0CGMN3JH6F2X4,63111243,2026,E-Katalog 6.0,APBD,MEDIA DETIK GLOBAL GROUP,E-Purchasing,Jasa Lainnya,"Belanja Jasa Iklan/Reklame, Film, dan Pemotretan",ON PROCESS,3600000,3600000
KAB. KAUR,"DINAS KOMUNIKASI, INFORMATIKA, STATISTIK DAN PERSANDIAN - 2.16.2.20.2.21.01.0000",01KKAPXC0KB18CX1JRC11MPENY,63111243,2026,E-Katalog 6.0,APBD,WAHANA KAUR MEDIA SEJAHTERA,E-Purchasing,Jasa Lainnya,"Belanja Jasa Iklan/Reklame, Film, dan Pemotretan",ON PROCESS,3600000,3600000
KAB. KAUR,SEKRETARIAT DPRD - 4.02.0.00.0.00.01.0000,01KJXYW3CPAK3M94SA2VNJ1DT3,65712199,2026,E-Katalog 6.0,APBD,HAVIF DAFFA CYBER,E-Purchasing,Jasa Lainnya,"Beban Jasa Iklan/Reklame, Film, dan Pemotretan",ON PROCESS,1200000,1200000
KAB. KAUR,SEKRETARIAT DPRD - 4.02.0.00.0.00.01.0000,01KS29MPRFGJS9NNJ6DV30KYFX,65712199,2026,E-Katalog 6.0,APBD,RIZKY PRATAMA MANDIRI KAUR,E-Purchasing,Jasa Lainnya,"Beban Jasa Iklan/Reklame, Film, dan Pemotretan",ON PROCESS,1200000,1200000
KAB. KAUR,SEKRETARIAT DPRD - 4.02.0.00.0.00.01.0000,01KTNTF4YP7S5XFQRA391YX176,65712199,2026,E-Katalog 6.0,APBD,SAQEEF DIERRI MEDIA,E-Purchasing,Jasa Lainnya,"Beban Jasa Iklan/Reklame, Film, dan Pemotretan",ON PROCESS,1200000,1200000
KAB. KAUR,"BADAN PERENCANAAN PEMBANGUNAN, RISET DAN INOVASI DAERAH - 5.01.5.05.0.00.01.0000",01KHAE317QBBM2P9911PWYFP67,63276848,2026,E-Katalog 6.0,APBD,SERASI AUTORAYA,E-Purchasing,Jasa Lainnya,Beban Sewa Kendaraan Dinas Bermotor Perorangan,ON PROCESS,158400001,158400001
KAB. KAUR,DINAS PEKERJAAN UMUM DAN PENATAAN RUANG - 1.03.0.00.0.00.01.0000,10813600000,65765873,2026,Non Tender,APBD,CV. KONTAMA ENJINERING,Pengadaan Langsung,Jasa Konsultansi Badan Usaha Konstruksi,Perencanaan Jalan Linau - Tanjung Aur Kec. Maje,SELESAI,34521000,34521000
KAB. KAUR,"DINAS KOMUNIKASI, INFORMATIKA, STATISTIK DAN PERSANDIAN - 2.16.2.20.2.21.01.0000",01KHAT0QZX3AQGKT91QC9W91WC,63111243,2026,E-Katalog 6.0,APBD,RAJA SEMESTA RADAR KAUR,E-Purchasing,Jasa Lainnya,"Belanja Jasa Iklan/Reklame, Film, dan Pemotretan",ON PROCESS,30000000,30000000
KAB. KAUR,SEKRETARIAT DAERAH - 4.01.2.10.5.06.01.0000,01KTTYWRWQDXHTHMJ0CS2M6BKB,67283967,2026,E-Katalog 6.0,APBD,EDO OKTARIKAH,E-Purchasing,Barang,PENGADAAN PAKAIAN DINAS BESERTA ATRIBUT KELENGKAPAN ,ON PROCESS,69264000,69264000
KAB. KAUR,DINAS PEKERJAAN UMUM DAN PENATAAN RUANG - 1.03.0.00.0.00.01.0000,10800344000,65339865,2026,Non Tender,APBD,CV. KONTAMA ENJINERING,Pengadaan Langsung,Jasa Konsultansi Badan Usaha Konstruksi,Perencanaan Rehab Gedung Pangan,SELESAI,11964531,11964531
KAB. KAUR,"DINAS KOMUNIKASI, INFORMATIKA, STATISTIK DAN PERSANDIAN - 2.16.2.20.2.21.01.0000",01KKAQV30Q6ARDK4BQQRCYR4W4,63111243,2026,E-Katalog 6.0,APBD,LENSA NUSANTARA MULTIMEDIA,E-Purchasing,Jasa Lainnya,"Belanja Jasa Iklan/Reklame, Film, dan Pemotretan",ON PROCESS,2400000,2400000
KAB. KAUR,RUMAH SAKIT UMUM DAERAH - 1.02.0.00.0.00.01.0001,01KEX7ZAKP6S2FWCK121ZSD5H8,63313451,2026,E-Katalog 6.0,APBD,BERNOFARM,E-Purchasing,Barang,Belanja Obat-Obatan-Obat-Obatan Lainnya (Belanja Obat-Obatan) ,ON PROCESS,220585860,220585860
KAB. KAUR,RUMAH SAKIT UMUM DAERAH - 1.02.0.00.0.00.01.0001,01KN134Y5GCKT8E23RFC0F2PEY,63313451,2026,E-Katalog 6.0,APBD,MAHAKAM BETA FARMA,E-Purchasing,Barang,Belanja Obat-Obatan-Obat-Obatan Lainnya (Belanja Obat-Obatan) ,ON PROCESS,8968800,8968800
KAB. KAUR,SEKRETARIAT DAERAH - 4.01.2.10.5.06.01.0000,01KJ7C094T41S6S0BBZZT908JD,63532098,2026,E-Katalog 6.0,APBD,ANDALAS CEMERLANG ABADI,E-Purchasing,Barang,Belanja Modal Peralatan Personal Computer,ON PROCESS,22497480,22497480
KAB. KAUR,SEKRETARIAT DPRD - 4.02.0.00.0.00.01.0000,01KJPJVEZXYQHPD27K206REQC3,65712199,2026,E-Katalog 6.0,APBD,AESEN PUTRA NUGRAHA GROUP,E-Purchasing,Jasa Lainnya,"Beban Jasa Iklan/Reklame, Film, dan Pemotretan",ON PROCESS,1200000,1200000
KAB. KAUR,RUMAH SAKIT UMUM DAERAH - 1.02.0.00.0.00.01.0001,10769549000,64602173,2026,Non Tender,APBD,PT. ARCHDECONS GUBAH GEMILANG,Pengadaan Langsung,Jasa Konsultansi Badan Usaha Konstruksi,Beban Jasa Konsultansi Perencanaan Rekayasa-Jasa Desain Rekayasa untuk Konstruksi Pondasi serta Struktur Bangunan Spesifikasi : Jasa Konsultansi Perencanaan Gedung Rawat Inap VIP RSUD Kaur,SELESAI,11940500,11940500
KAB. KAUR,"DINAS PENGENDALIAN PENDUDUK, KELUARGA BERENCANA, PEMBERDAYAAN PEREMPUAN DAN PERLINDUNGAN ANAK - 2.08.2.14.0.00.01.0000",01KW0ZFSRY96J4YSRM1M2W6VN2,65005483,2026,E-Katalog 6.0,APBD,DONI APRIZAL,E-Purchasing,Barang,Belanja Alat/Bahan untuk Kegiatan Kantor-Alat Tulis Kantor,ON PROCESS,533422,533422
KAB. KAUR,DINAS LINGKUNGAN HIDUP - 2.11.0.00.0.00.01.0000,01KH0EAWQMRKF8JK7JWGRHS16T,63062272,2026,E-Katalog 6.0,APBD,FERDIYANSAH,E-Purchasing,Barang,Belanja Alat/Bahan untuk Kegiatan Kantor-Alat Tulis Kantor,ON PROCESS,5811405,5811405
KAB. KAUR,"DINAS PENGENDALIAN PENDUDUK, KELUARGA BERENCANA, PEMBERDAYAAN PEREMPUAN DAN PERLINDUNGAN ANAK - 2.08.2.14.0.00.01.0000",01KW0YXMS6XS4PYSEH48TEX9E0,65004527,2026,E-Katalog 6.0,APBD,DONI APRIZAL,E-Purchasing,Barang,Belanja Alat/Bahan untuk Kegiatan Kantor-Alat Tulis Kantor,ON PROCESS,698856,698856
KAB. KAUR,RUMAH SAKIT UMUM DAERAH - 1.02.0.00.0.00.01.0001,01KH350NYZ2E7BFCPDVV2NJ5NX,65039371,2026,E-Katalog 6.0,APBD,MEGGI PUTRA APRIANSAH,E-Purchasing,Barang,Belanja Makanan dan Minuman pada Fasilitas Pelayanan Urusan Kesehatan,ON PROCESS,266325690,266325690
KAB. KAUR,SEKRETARIAT DPRD - 4.02.0.00.0.00.01.0000,01KTNSQVASH84A4CK0E2HKFJ4T,65712199,2026,E-Katalog 6.0,APBD,SIBER SINAR MANDIRI,E-Purchasing,Jasa Lainnya,"Beban Jasa Iklan/Reklame, Film, dan Pemotretan",ON PROCESS,1200000,1200000
KAB. KAUR,SEKRETARIAT DPRD - 4.02.0.00.0.00.01.0000,01KS29V2BF5NNNA137119JVNCX,65712199,2026,E-Katalog 6.0,APBD,MEDIA TERNAMA JAYA,E-Purchasing,Jasa Lainnya,"Beban Jasa Iklan/Reklame, Film, dan Pemotretan",ON PROCESS,2400000,2400000
KAB. KAUR,DINAS PEKERJAAN UMUM DAN PENATAAN RUANG - 1.03.0.00.0.00.01.0000,10805680000,65766144,2026,Non Tender,APBD,CV. TRISYA MULTIDESAIN Consultant,Pengadaan Langsung,Jasa Konsultansi Badan Usaha Konstruksi,Perencanaan Jalan Kasuk Baru - Latihan Kec. Tetap - Kaur Selatan,SELESAI,49705800,49705800
KAB. KAUR,DINAS PENDIDIKAN DAN KEBUDAYAAN - 1.01.2.22.0.00.01.0000,01KS1S50F40K8FPVD1NS8XHSXQ,65802863,2026,E-Katalog 6.0,APBD,ANDALAS CEMERLANG ABADI,E-Purchasing,Barang,Belanja Modal Mebel,ON PROCESS,49250700,49250700
KAB. KAUR,DINAS KESEHATAN - 1.02.0.00.0.00.01.0000,01KPQ7BZASHGTJ94CZXHCY7NRE,66891737,2026,E-Katalog 6.0,APBD,FERDIYANSAH,E-Purchasing,Barang,Belanja Alat/Bahan untuk Kegiatan Kantor- Kertas dan Cover,ON PROCESS,7246080,7246080
KAB. KAUR,DINAS PERPUSTAKAAN DAN KEARSIPAN - 2.23.2.24.0.00.01.0000,01KVPQXEKG3NBQ0MDW5N3E2WJZ,63434703,2026,E-Katalog 6.0,APBD,TAHIRIN,E-Purchasing,Barang,Belanja Alat/Bahan untuk Kegiatan Kantor-Alat Tulis Kantor,ON PROCESS,538628,538628
KAB. KAUR,"DINAS KOMUNIKASI, INFORMATIKA, STATISTIK DAN PERSANDIAN - 2.16.2.20.2.21.01.0000",01KW8T5B4EWAH240ZG7TZPVF0P,63110052,2026,E-Katalog 6.0,APBD,SEMARAK BENGKULU PERMAI,E-Purchasing,Barang,Belanja Langganan Jurnal/Surat Kabar/Majalah,ON PROCESS,20200000,20200000
KAB. KAUR,DINAS PEMBERDAYAAN MASYARAKAT DAN DESA - 2.13.0.00.0.00.01.0000,01KVPZMQ6CNN85G9A7F9NFQE8R,62867136,2026,E-Katalog 6.0,APBD,DONI APRIZAL,E-Purchasing,Barang,Belanja Alat/Bahan untuk Kegiatan Kantor-Alat Tulis Kantor,ON PROCESS,1165500,1165500
KAB. KAUR,DINAS PARIWISATA - 3.26.0.00.0.00.01.0000,01KSF4THYX2VTHF3Q3XHFKPJ18,63716153,2026,E-Katalog 6.0,APBD,RAKYAT EMPAT LIMA PERS,E-Purchasing,Jasa Lainnya,"Belanja Jasa Iklan/Reklame, Film, dan Pemotretan",ON PROCESS,1110000,1110000
KAB. KAUR,DINAS PEKERJAAN UMUM DAN PENATAAN RUANG - 1.03.0.00.0.00.01.0000,10121404000,65765735,2026,Tender,APBD,CV. LENTERA BESEMAH CONSULTANT,Seleksi,Jasa Konsultansi Badan Usaha Konstruksi,Perencanaan Jalan Gunung Agung - Cuko Enau Kec. Kaur Utara,SELESAI,177045000,177045000
KAB. KAUR,"DINAS KOMUNIKASI, INFORMATIKA, STATISTIK DAN PERSANDIAN - 2.16.2.20.2.21.01.0000",01KS1TP6W7SEFKE3QZR5519Y0S,66980049,2026,E-Katalog 6.0,APBD,RIZKY GEMILANG JAYA,E-Purchasing,Jasa Lainnya,"Belanja Jasa Iklan/Reklame, Film, dan Pemotretan",ON PROCESS,6600000,6600000
KAB. KAUR,DINAS PERPUSTAKAAN DAN KEARSIPAN - 2.23.2.24.0.00.01.0000,01KQ9MC55WQMNQDATKCWNPN0CC,63395122,2026,E-Katalog 6.0,APBD,TAHIRIN,E-Purchasing,Barang,Belanja Alat/Bahan untuk Kegiatan Kantor-Alat Tulis Kantor,ON PROCESS,557276,557276
KAB. KAUR,DINAS PENDIDIKAN DAN KEBUDAYAAN - 1.01.2.22.0.00.01.0000,01KPDA93ZC9F3HJPRP6GNHS6PQ,65680672,2026,E-Katalog 6.0,APBD,DONI APRIZAL,E-Purchasing,Barang,Belanja Alat/Bahan untuk Kegiatan Kantor-Bahan Komputer,ON PROCESS,7459200,7459200
KAB. KAUR,"DINAS PENGENDALIAN PENDUDUK, KELUARGA BERENCANA, PEMBERDAYAAN PEREMPUAN DAN PERLINDUNGAN ANAK - 2.08.2.14.0.00.01.0000",01KQRY7JR6MGWSXKTTBKYVV6VF,65003854,2026,E-Katalog 6.0,APBD,DONI APRIZAL,E-Purchasing,Barang,Belanja Alat/Bahan untuk Kegiatan Kantor-Alat Tulis Kantor,ON PROCESS,1562192,1562192
KAB. KAUR,SEKRETARIAT DPRD - 4.02.0.00.0.00.01.0000,01KJPKBWJWVDPWZXFW744340G7,65712199,2026,E-Katalog 6.0,APBD,MEDIA SKALA ONLINEKOE,E-Purchasing,Jasa Lainnya,"Beban Jasa Iklan/Reklame, Film, dan Pemotretan",ON PROCESS,1200000,1200000
KAB. KAUR,DINAS PEMBERDAYAAN MASYARAKAT DAN DESA - 2.13.0.00.0.00.01.0000,01KS1QPEB7R1DJ64VXA458ZYG0,62867143,2026,E-Katalog 6.0,APBD,RONI,E-Purchasing,Barang,Belanja Makanan dan Minuman Aktivitas Lapangan,ON PROCESS,7600000,7600000
KAB. KAUR,"DINAS PENGENDALIAN PENDUDUK, KELUARGA BERENCANA, PEMBERDAYAAN PEREMPUAN DAN PERLINDUNGAN ANAK - 2.08.2.14.0.00.01.0000",01KQS0VCGG3PCD1CFFHFKY7S0C,65005484,2026,E-Katalog 6.0,APBD,DONI APRIZAL,E-Purchasing,Barang,Belanja Alat/Bahan untuk Kegiatan Kantor- Kertas dan Cover,ON PROCESS,344100,344100
KAB. KAUR,SEKRETARIAT DPRD - 4.02.0.00.0.00.01.0000,01KJXY0R1FCG1AFA5SAAD301R0,65712199,2026,E-Katalog 6.0,APBD,RIZKY MEDIA GLOBAL SUMATERA,E-Purchasing,Jasa Lainnya,"Beban Jasa Iklan/Reklame, Film, dan Pemotretan",ON PROCESS,1199910,1199910
KAB. KAUR,"DINAS KOMUNIKASI, INFORMATIKA, STATISTIK DAN PERSANDIAN - 2.16.2.20.2.21.01.0000",01KKJX57E0DPS4CZD47NFC09E0,63111243,2026,E-Katalog 6.0,APBD,MEDIA VITA DEEL,E-Purchasing,Jasa Lainnya,"Belanja Jasa Iklan/Reklame, Film, dan Pemotretan",ON PROCESS,3600000,3600000
KAB. KAUR,"DINAS KOMUNIKASI, INFORMATIKA, STATISTIK DAN PERSANDIAN - 2.16.2.20.2.21.01.0000",01KKASZNW9SFYTE4Q8YTVBHMS0,63111243,2026,E-Katalog 6.0,APBD,RIZKY GEMILANG JAYA,E-Purchasing,Jasa Lainnya,"Belanja Jasa Iklan/Reklame, Film, dan Pemotretan",ON PROCESS,2300000,2300000
KAB. KAUR,"DINAS PENGENDALIAN PENDUDUK, KELUARGA BERENCANA, PEMBERDAYAAN PEREMPUAN DAN PERLINDUNGAN ANAK - 2.08.2.14.0.00.01.0000",01KNGT86PW89FP8TY7Z7N157CD,64693000,2026,E-Katalog 6.0,APBD,DONI APRIZAL,E-Purchasing,Barang,Belanja Alat/Bahan untuk Kegiatan Kantor- Kertas dan Cover,ON PROCESS,2930400,2930400
KAB. KAUR,DINAS PEMBERDAYAAN MASYARAKAT DAN DESA - 2.13.0.00.0.00.01.0000,01KJ4K37SNCFJTY9R2YY3XKCB4,65661422,2026,E-Katalog 6.0,APBD,RONI,E-Purchasing,Barang,Belanja makan minum sosialisasi rumah pangan (pokja III),ON PROCESS,99900,99900
KAB. KAUR,DINAS PEKERJAAN UMUM DAN PENATAAN RUANG - 1.03.0.00.0.00.01.0000,10814914000,65775410,2026,Non Tender,APBD,CV. Alpha design consultant,Pengadaan Langsung,Jasa Konsultansi Badan Usaha Konstruksi,Perencanaan Rehabilitasi Jembatan gantung Desa Gunung Megang Kec. Kinal,SELESAI,12454200,12454200
KAB. KAUR,"DINAS PENGENDALIAN PENDUDUK, KELUARGA BERENCANA, PEMBERDAYAAN PEREMPUAN DAN PERLINDUNGAN ANAK - 2.08.2.14.0.00.01.0000",01KQS17XF0E46Q4WWPAWA021DF,65004527,2026,E-Katalog 6.0,APBD,DONI APRIZAL,E-Purchasing,Barang,Belanja Alat/Bahan untuk Kegiatan Kantor-Alat Tulis Kantor,ON PROCESS,704406,704406
KAB. KAUR,"DINAS KOMUNIKASI, INFORMATIKA, STATISTIK DAN PERSANDIAN - 2.16.2.20.2.21.01.0000",01KP5EH4WZF43DAJD9J3H66KG4,63111243,2026,E-Katalog 6.0,APBD,SIGER LAMPUNG INTER MEDIA,E-Purchasing,Jasa Lainnya,"Belanja Jasa Iklan/Reklame, Film, dan Pemotretan",ON PROCESS,7200000,7200000
KAB. KAUR,"DINAS KOMUNIKASI, INFORMATIKA, STATISTIK DAN PERSANDIAN - 2.16.2.20.2.21.01.0000",01KJCD7QCEWXWDJ3V3HTZ4JPH0,63111243,2026,E-Katalog 6.0,APBD,JAYA MEDIA PERKASA ONLINE,E-Purchasing,Jasa Lainnya,"Belanja Jasa Iklan/Reklame, Film, dan Pemotretan",ON PROCESS,3300000,3300000
KAB. KAUR,RUMAH SAKIT UMUM DAERAH - 1.02.0.00.0.00.01.0001,01KFD4PVPSSQMJRKJAZXRNNNJT,63895690,2026,E-Katalog 6.0,BLUD,YULBED SELFIRO,E-Purchasing,Barang,Belanja Barang dan Jasa BLUD,ON PROCESS,23747340,23747340
KAB. KAUR,"DINAS KOMUNIKASI, INFORMATIKA, STATISTIK DAN PERSANDIAN - 2.16.2.20.2.21.01.0000",01KS6XGDHJ48G5V6DRKYMYMJDA,66980049,2026,E-Katalog 6.0,APBD,PORTAL MEDIA DIGITAL,E-Purchasing,Jasa Lainnya,"Belanja Jasa Iklan/Reklame, Film, dan Pemotretan",ON PROCESS,1200000,1200000
KAB. KAUR,SEKRETARIAT DPRD - 4.02.0.00.0.00.01.0000,01KJP59DR23ZNXZNSQ2T3ANY55,65712199,2026,E-Katalog 6.0,APBD,MEDIA TRIBUN CHANNEL,E-Purchasing,Jasa Lainnya,"Beban Jasa Iklan/Reklame, Film, dan Pemotretan",ON PROCESS,1200000,1200000
KAB. KAUR,DINAS KESEHATAN - 1.02.0.00.0.00.01.0000,01KS46580MMRPAJQX82HENK6ED,66184626,2026,E-Katalog 6.0,APBD,MESI YULIANA,E-Purchasing,Barang,Belanja Makanan dan Minuman Rapat,ON PROCESS,1900000,1900000
KAB. KAUR,DINAS SATUAN POLISI PAMONG PRAJA - 1.05.0.00.0.00.01.0000,01KVF07PXNGA2H07TXAMNJ7ED4,63538097,2026,E-Katalog 6.0,APBD,DONI APRIZAL,E-Purchasing,Barang,Belanja Alat/Bahan untuk Kegiatan Kantor- Kertas dan Cover,ON PROCESS,397380,397380
KAB. KAUR,DINAS LINGKUNGAN HIDUP - 2.11.0.00.0.00.01.0000,01KNNZ2HA098RDTN3THR1T3VNH,63058875,2026,E-Katalog 6.0,APBD,FERDIYANSAH,E-Purchasing,Barang,Belanja Alat/Bahan untuk Kegiatan Kantor- Kertas dan Cover,ON PROCESS,1137750,1137750
KAB. KAUR,DINAS KETAHANAN PANGAN - 2.09.0.00.0.00.01.0000,01KNJTX981E54CYH929A2A39HE,63024916,2026,E-Katalog 6.0,APBD,PURNAMA LABORATORY,E-Purchasing,Barang,Belanja Bahan-Bahan Kimia,ON PROCESS,46842000,46842000
KAB. KAUR,"DINAS KOMUNIKASI, INFORMATIKA, STATISTIK DAN PERSANDIAN - 2.16.2.20.2.21.01.0000",01KHWXTEKYA6H9XJBNTKZCY5MD,63111243,2026,E-Katalog 6.0,APBD,MEDIA RINO PRATAMA,E-Purchasing,Jasa Lainnya,"Belanja Jasa Iklan/Reklame, Film, dan Pemotretan",ON PROCESS,7500000,7500000
KAB. KAUR,DINAS KESEHATAN - 1.02.0.00.0.00.01.0000,01KJPPF0EVAB1JPRH3Q7780WZQ,65869554,2026,E-Katalog 6.0,APBD,FERDIYANSAH,E-Purchasing,Barang,Belanja Alat/Bahan untuk Kegiatan Kantor-Perabot Kantor,ON PROCESS,7808850,7808850
KAB. KAUR,DINAS PENANAMAN MODAL DAN PELAYANAN TERPADU SATU PINTU - 2.18.0.00.0.00.01.0000,01KQ6M1X23Y3SA058WGJWF9GZ8,65442427,2026,E-Katalog 6.0,APBD,DONI APRIZAL,E-Purchasing,Barang,belanja bahan komputer,ON PROCESS,4420020,4420020
KAB. KAUR,DINAS PENDIDIKAN DAN KEBUDAYAAN - 1.01.2.22.0.00.01.0000,01KPCZKMB8Q6CZ691HYP3J628Q,65680709,2026,E-Katalog 6.0,APBD,DONI APRIZAL,E-Purchasing,Barang,Belanja Alat/Bahan untuk Kegiatan Kantor- Kertas dan Cover,ON PROCESS,1759350,1759350
KAB. KAUR,DINAS PERPUSTAKAAN DAN KEARSIPAN - 2.23.2.24.0.00.01.0000,01KPN3N0SRHNGFSMQ083D3H6MB,63394044,2026,E-Katalog 6.0,APBD,TAHIRIN,E-Purchasing,Barang,Belanja Alat/Bahan untuk Kegiatan Kantor- Kertas dan Cover,ON PROCESS,421800,421800
KAB. KAUR,SEKRETARIAT DAERAH - 4.01.2.10.5.06.01.0000,01KQ73RFS2N3PHSENHRY7N2MNR,66990320,2026,E-Katalog 6.0,APBD,HARIMAN,E-Purchasing,Barang,Belanja Pakaian Jas/Safari,ON PROCESS,132534000,132534000
KAB. KAUR,DINAS PARIWISATA - 3.26.0.00.0.00.01.0000,01KN0ZMF00CB02PBNFY36MC1HW,63611377,2026,E-Katalog 6.0,APBD,FERDIYANSAH,E-Purchasing,Barang,Belanja Alat/Bahan untuk Kegiatan Kantor-Perabot Kantor,ON PROCESS,222000,222000
KAB. KAUR,DINAS KESEHATAN - 1.02.0.00.0.00.01.0000,01KR2WDT0HW17WE71RV8PFQKWZ,65869557,2026,E-Katalog 6.0,APBD,CAKA SEJAHTERA MEDIKA,E-Purchasing,Barang,Belanja Obat-Obatan-Obat-Obatan Lainnya,ON PROCESS,252030179,252030179
KAB. KAUR,SEKRETARIAT DAERAH - 4.01.2.10.5.06.01.0000,01KGEN2HT968M16BRRE120EV22,63266254,2026,E-Katalog 6.0,APBD,MEDIA JAYA KOMPUTER,E-Purchasing,Barang,Belanja Modal Alat Pembersih,ON PROCESS,13986000,13986000
KAB. KAUR,DINAS PARIWISATA - 3.26.0.00.0.00.01.0000,01KK85MY4CA1Y7BCGJG5HRBH95,63716153,2026,E-Katalog 6.0,APBD,MEDIA BERSAMA RAKJAT,E-Purchasing,Jasa Lainnya,"Belanja Jasa Iklan/Reklame, Film, dan Pemotretan",ON PROCESS,1000000,1000000
KAB. KAUR,DINAS PARIWISATA - 3.26.0.00.0.00.01.0000,01KTB2VE399E6PY4V919X2Q4QS,63716153,2026,E-Katalog 6.0,APBD,MEDIA ONLINE NEWSIKAL,E-Purchasing,Jasa Lainnya,"Belanja Jasa Iklan/Reklame, Film, dan Pemotretan",ON PROCESS,1000000,1000000
KAB. KAUR,DINAS PEKERJAAN UMUM DAN PENATAAN RUANG - 1.03.0.00.0.00.01.0000,01KNQZA982HEENMA32490MVH5X,65381654,2026,E-Katalog 6.0,APBD,DONI APRIZAL,E-Purchasing,Barang,Belanja Alat/Bahan untuk Kegiatan Kantor-Alat Tulis Kantor,PAYMENT OUTSIDE SYSTEM,27750,27750
KAB. KAUR,"DINAS KOMUNIKASI, INFORMATIKA, STATISTIK DAN PERSANDIAN - 2.16.2.20.2.21.01.0000",01KKAPS3DM97WN7TH8AAJYC99C,63111243,2026,E-Katalog 6.0,APBD,SATUJUANG JAYA ABADI,E-Purchasing,Jasa Lainnya,"Belanja Jasa Iklan/Reklame, Film, dan Pemotretan",ON PROCESS,3600000,3600000
KAB. KAUR,"DINAS KOMUNIKASI, INFORMATIKA, STATISTIK DAN PERSANDIAN - 2.16.2.20.2.21.01.0000",01KS28PGTZTJ7TNG28DAAD38SS,63111242,2026,E-Katalog 6.0,APBD,LEMBAGA PENYIARAN PUBLIK TELEVISI REPUBLIK INDONESIA,E-Purchasing,Jasa Lainnya,Belanja Jasa Tenaga Informasi dan Teknologi,ON PROCESS,21000000,21000000
KAB. KAUR,DINAS PARIWISATA - 3.26.0.00.0.00.01.0000,01KNGZXWQZ7W3XQ2Z7Y2CV0XPV,63611379,2026,E-Katalog 6.0,APBD,DESI NOVITA SARI,E-Purchasing,Barang,Belanja Makanan dan Minuman Rapat,ON PROCESS,370000,370000
KAB. KAUR,DINAS PERPUSTAKAAN DAN KEARSIPAN - 2.23.2.24.0.00.01.0000,01KPWKYTSCCWBMDM0W5EJ0KVT8,63394048,2026,E-Katalog 6.0,APBD,ANISAH,E-Purchasing,Barang,Belanja Alat/Bahan untuk Kegiatan Kantor-Alat Tulis Kantor,ON PROCESS,888000,888000
KAB. KAUR,SEKRETARIAT DPRD - 4.02.0.00.0.00.01.0000,01KTNRNXSQZGX42FQGD2BJ90SS,65712199,2026,E-Katalog 6.0,APBD,SUARA AGUNG CAKRA NUSANTARA,E-Purchasing,Jasa Lainnya,"Beban Jasa Iklan/Reklame, Film, dan Pemotretan",ON PROCESS,1200000,1200000
KAB. KAUR,SEKRETARIAT DAERAH - 4.01.2.10.5.06.01.0000,01KH3FCV5RP8HCEZ6HSDJBTP9A,63531962,2026,E-Katalog 6.0,APBD,ANISAH,E-Purchasing,Barang,Belanja Alat/Bahan untuk Kegiatan Kantor-Alat Tulis Kantor,ON PROCESS,10381830,10381830
KAB. KAUR,DINAS PENDIDIKAN DAN KEBUDAYAAN - 1.01.2.22.0.00.01.0000,01KPCJPA5XJ1F7BTBDGDPZ7ZY2,65666164,2026,E-Katalog 6.0,APBD,AURORA ADVERTISING KAUR,E-Purchasing,Barang,Belanja Alat/Bahan untuk Kegiatan Kantor- Bahan Cetak,ON PROCESS,10825830,10825830
KAB. KAUR,"DINAS KOMUNIKASI, INFORMATIKA, STATISTIK DAN PERSANDIAN - 2.16.2.20.2.21.01.0000",01KJS8P3WJSM4J201SZWM3GBEQ,63111243,2026,E-Katalog 6.0,APBD,PRIMA MEDIA WIBAWA,E-Purchasing,Jasa Lainnya,"Belanja Jasa Iklan/Reklame, Film, dan Pemotretan",ON PROCESS,3599730,3599730
KAB. KAUR,DINAS SOSIAL - 1.06.0.00.0.00.01.0000,01KV4NETSN8J5BJCYRJ261ZQHR,66165661,2026,E-Katalog 6.0,APBD,TAHIRIN,E-Purchasing,Barang,Belanja Alat/Bahan untuk Kegiatan Kantor-Alat Tulis Kantor,ON PROCESS,792096,792096
KAB. KAUR,SEKRETARIAT DAERAH - 4.01.2.10.5.06.01.0000,01KTTBNXHJP97790253AJZ0BD5,66983181,2026,E-Katalog 6.0,APBD,ASTRA INTERNATIONAL - Honda Sales Operation,E-Purchasing,Barang,Belanja Modal Kendaraan Dinas Bermotor Perorangan,ON PROCESS,39990000,39990000
KAB. KAUR,DINAS PARIWISATA - 3.26.0.00.0.00.01.0000,01KJP6Q4Y34EXQ15AFR9EEJ1WE,63407079,2026,E-Katalog 6.0,APBD,KARIANSYAH,E-Purchasing,Barang,Belanja Pakaian Sipil Harian (PSH),ON PROCESS,21767100,21767100
KAB. KAUR,"DINAS KOMUNIKASI, INFORMATIKA, STATISTIK DAN PERSANDIAN - 2.16.2.20.2.21.01.0000",01KS6Z9XNC05P74V5KWVY2MHMH,66980049,2026,E-Katalog 6.0,APBD,SRIKANDI PUTREY NUSANTARA,E-Purchasing,Jasa Lainnya,"Belanja Jasa Iklan/Reklame, Film, dan Pemotretan",ON PROCESS,1200000,1200000
KAB. KAUR,BADAN PENGELOLAAN KEUANGAN DAN ASET DAERAH - 5.02.0.00.0.00.01.0000,01KJS2DX8SK9THCKAABMBGDS74,63512669,2026,E-Katalog 6.0,APBD,DONI APRIZAL,E-Purchasing,Barang,Belanja Kertas & Kover,ON PROCESS,220035300,220035300
KAB. KAUR,DINAS PENANAMAN MODAL DAN PELAYANAN TERPADU SATU PINTU - 2.18.0.00.0.00.01.0000,01KQ6DHF2173M2YMMK512WKNQS,65443020,2026,E-Katalog 6.0,APBD,DONI APRIZAL,E-Purchasing,Barang,Belanja Alat/Bahan untuk Kegiatan Kantor- Bahan Cetak,ON PROCESS,194250,194250
KAB. KAUR,DINAS KESEHATAN - 1.02.0.00.0.00.01.0000,01KJPHV28YRHYYEPXQTJMBEJBS,65869148,2026,E-Katalog 6.0,APBD,FERDIYANSAH,E-Purchasing,Barang,Belanja Alat/Bahan untuk Kegiatan Kantor-Bahan Komputer,ON PROCESS,9657000,9657000
KAB. KAUR,DINAS PEKERJAAN UMUM DAN PENATAAN RUANG - 1.03.0.00.0.00.01.0000,01KKCMRE8YQSQRK0XP048XC8E2,65117334,2026,E-Katalog 6.0,APBD,FERDIYANSAH,E-Purchasing,Barang,Belanja Alat/Bahan untuk Kegiatan Kantor- Kertas dan Cover,PAYMENT OUTSIDE SYSTEM,1506270,1506270
KAB. KAUR,"DINAS KOMUNIKASI, INFORMATIKA, STATISTIK DAN PERSANDIAN - 2.16.2.20.2.21.01.0000",01KJS983AYYQZYTNVGZ27RFHZ4,63111243,2026,E-Katalog 6.0,APBD,BUNDARAN AGUNG PERKASA,E-Purchasing,Jasa Lainnya,"Belanja Jasa Iklan/Reklame, Film, dan Pemotretan",ON PROCESS,3600000,3600000
KAB. KAUR,DINAS PEKERJAAN UMUM DAN PENATAAN RUANG - 1.03.0.00.0.00.01.0000,10142586000,67254473,2026,Tender,APBD,CV. ARA SUKSES MAKMUR,Tender,Pekerjaan Konstruksi,Jalan Coko Enau - Guru Agung Kec. Kaur Utara,SELESAI,1110918972,1110918972
KAB. KAUR,"DINAS PENGENDALIAN PENDUDUK, KELUARGA BERENCANA, PEMBERDAYAAN PEREMPUAN DAN PERLINDUNGAN ANAK - 2.08.2.14.0.00.01.0000",01KMQ50DXZ0X6RASWX0SPX405P,64791948,2026,E-Katalog 6.0,APBD,DONI APRIZAL,E-Purchasing,Barang,Belanja Alat/Bahan untuk Kegiatan Kantor- Kertas dan Cover,ON PROCESS,1426350,1426350
KAB. KAUR,DINAS PEMBERDAYAAN MASYARAKAT DAN DESA - 2.13.0.00.0.00.01.0000,01KN3NVPHFWK0YSQR24HV9ZEQ6,62867136,2026,E-Katalog 6.0,APBD,DONI APRIZAL,E-Purchasing,Barang,Belanja Alat/Bahan untuk Kegiatan Kantor-Alat Tulis Kantor,ON PROCESS,1476855,1476855
KAB. KAUR,DINAS KESEHATAN - 1.02.0.00.0.00.01.0000,01KVS70D0S08NVWRZPZZWVNPC9,66609957,2026,E-Katalog 6.0,APBD,YODAN PERMATA BUNGA,E-Purchasing,Barang,Belanja Makanan dan Minuman Rapat,ON PROCESS,4950000,4950000
KAB. KAUR,"DINAS KOMUNIKASI, INFORMATIKA, STATISTIK DAN PERSANDIAN - 2.16.2.20.2.21.01.0000",01KWG9BNH8Z2AP7QRKCWA96XJA,66980049,2026,E-Katalog 6.0,APBD,TOTABUAN PERS INDONESIA,E-Purchasing,Jasa Lainnya,"Belanja Jasa Iklan/Reklame, Film, dan Pemotretan",ON PROCESS,1200000,1200000
KAB. KAUR,DINAS PEKERJAAN UMUM DAN PENATAAN RUANG - 1.03.0.00.0.00.01.0000,10780712000,65338965,2026,Non Tender,APBD,PT. ARCHDECONS GUBAH GEMILANG,Pengadaan Langsung,Jasa Konsultansi Badan Usaha Konstruksi,Perencanaan Pembangunan Grapura Lanjutan Perbatasan Kab. Kaur - Kab. Bengkulu Selatan,SELESAI,99724065,99724065
KAB. KAUR,DINAS PEKERJAAN UMUM DAN PENATAAN RUANG - 1.03.0.00.0.00.01.0000,01KJVX1C32M3VS7TX1D2R0E9B0,65012678,2026,E-Katalog 6.0,APBD,TAHIRIN,E-Purchasing,Barang,Belanja Alat/Bahan untuk Kegiatan Kantor- Kertas dan Cover,ON PROCESS,1037850,1037850
KAB. KAUR,"DINAS PERUMAHAN, KAWASAN PERMUKIMAN DAN PERTANAHAN - 1.04.2.10.0.00.01.0000",01KJ98926M8YAK69C0ZES5HEJE,62858171,2026,E-Katalog 6.0,APBD,TAHIRIN,E-Purchasing,Barang,Belanja Alat/Bahan untuk Kegiatan Kantor-Alat Tulis Kantor,ON PROCESS,1303140,1303140
KAB. KAUR,"DINAS KOMUNIKASI, INFORMATIKA, STATISTIK DAN PERSANDIAN - 2.16.2.20.2.21.01.0000",01KKART1FKR4BYRYDXQT0WFKH4,63111243,2026,E-Katalog 6.0,APBD,FORTIS FORTUNA MEDIA,E-Purchasing,Jasa Lainnya,"Belanja Jasa Iklan/Reklame, Film, dan Pemotretan",ON PROCESS,3600000,3600000
KAB. KAUR,"DINAS KOMUNIKASI, INFORMATIKA, STATISTIK DAN PERSANDIAN - 2.16.2.20.2.21.01.0000",01KS239WF6MH3ARHMTKJVNZ47Y,66980049,2026,E-Katalog 6.0,APBD,TAJAM MENGABARKAN PERS,E-Purchasing,Jasa Lainnya,"Belanja Jasa Iklan/Reklame, Film, dan Pemotretan",ON PROCESS,3600000,3600000
KAB. KAUR,SEKRETARIAT DPRD - 4.02.0.00.0.00.01.0000,01KJVX82CXN21Y13FZ4YFE4G3F,65712199,2026,E-Katalog 6.0,APBD,ZAFRAN GLOBAL MEDIA,E-Purchasing,Jasa Lainnya,"Beban Jasa Iklan/Reklame, Film, dan Pemotretan",ON PROCESS,1200000,1200000
KAB. KAUR,DINAS PEMBERDAYAAN MASYARAKAT DAN DESA - 2.13.0.00.0.00.01.0000,01KPDB1QEFENQPZ6EMGD1YJRES,62866167,2026,E-Katalog 6.0,APBD,FERDIYANSAH,E-Purchasing,Barang,Belanja Alat/Bahan untuk Kegiatan Kantor-Alat Tulis Kantor,ON PROCESS,506604,506604
KAB. KAUR,RUMAH SAKIT UMUM DAERAH - 1.02.0.00.0.00.01.0001,01KFPP5H2807PB3PNWBB1QEWAK,63313451,2026,E-Katalog 6.0,APBD,PERUSAHAAN PERSEROAN (PERSERO) PT KIMIA FARMA,E-Purchasing,Barang,Belanja Obat-Obatan-Obat-Obatan Lainnya (Belanja Obat-Obatan) ,ON PROCESS,38941631,38941631
KAB. KAUR,"BADAN PERENCANAAN PEMBANGUNAN, RISET DAN INOVASI DAERAH - 5.01.5.05.0.00.01.0000",01KGEAXH6R3SS3YFGBACXNYTCS,63273010,2026,E-Katalog 6.0,APBD,TAHIRIN,E-Purchasing,Barang,Belanja Alat/Bahan untuk Kegiatan Kantor-Bahan Komputer,ON PROCESS,2908200,2908200
KAB. KAUR,SEKRETARIAT DPRD - 4.02.0.00.0.00.01.0000,01KJP9ZYQGB0Z4QV3GMC2MWE81,65712199,2026,E-Katalog 6.0,APBD,INFO MEDIA USEL,E-Purchasing,Jasa Lainnya,"Beban Jasa Iklan/Reklame, Film, dan Pemotretan",ON PROCESS,1199910,1199910
KAB. KAUR,"DINAS KOMUNIKASI, INFORMATIKA, STATISTIK DAN PERSANDIAN - 2.16.2.20.2.21.01.0000",01KJC0PAS2CFQG80Z0KBTPSA7S,63111243,2026,E-Katalog 6.0,APBD,SATUJUANG JAYA ABADI,E-Purchasing,Jasa Lainnya,"Belanja Jasa Iklan/Reklame, Film, dan Pemotretan",ON PROCESS,3600000,3600000
KAB. KAUR,"DINAS PENGENDALIAN PENDUDUK, KELUARGA BERENCANA, PEMBERDAYAAN PEREMPUAN DAN PERLINDUNGAN ANAK - 2.08.2.14.0.00.01.0000",01KKG5FHB408N9AJFZAMQRD7RQ,64994934,2026,E-Katalog 6.0,APBD,FERDIYANSAH,E-Purchasing,Barang,Belanja Alat/Bahan untuk Kegiatan Kantor-Bahan Komputer,ON PROCESS,2220000,2220000
KAB. KAUR,DINAS PEKERJAAN UMUM DAN PENATAAN RUANG - 1.03.0.00.0.00.01.0000,10817337000,66498414,2026,Non Tender,APBD,CV. SINAR JAYA ENGINEERING,Pengadaan Langsung,Jasa Konsultansi Badan Usaha Konstruksi,Perencanaan Pembangunan Gedung Pelayanan Satu Pintu Polres Kaur,SELESAI,89834942,89834942
KAB. KAUR,"DINAS PERUMAHAN, KAWASAN PERMUKIMAN DAN PERTANAHAN - 1.04.2.10.0.00.01.0000",01KN1ERXK73EN6S17BRDN8X8JH,62874764,2026,E-Katalog 6.0,APBD,TAHIRIN,E-Purchasing,Barang,Belanja Alat/Bahan untuk Kegiatan Kantor- Kertas dan Cover,ON PROCESS,472860,472860
KAB. KAUR,DINAS PEKERJAAN UMUM DAN PENATAAN RUANG - 1.03.0.00.0.00.01.0000,10139194000,65339089,2026,Tender,APBD,CV. Demak Raya,Tender,Pekerjaan Konstruksi,Mes Pegawai Kejaksaan Negeri Kaur,SELESAI,738506038,738506038
KAB. KAUR,"DINAS KOMUNIKASI, INFORMATIKA, STATISTIK DAN PERSANDIAN - 2.16.2.20.2.21.01.0000",01KWGYZR2XM66R4W4YF8VP9X2J,66980049,2026,E-Katalog 6.0,APBD,BULANGCERVA MEDIA PUBLIK,E-Purchasing,Jasa Lainnya,"Belanja Jasa Iklan/Reklame, Film, dan Pemotretan",ON PROCESS,1200000,1200000
KAB. KAUR,DINAS PENDIDIKAN DAN KEBUDAYAAN - 1.01.2.22.0.00.01.0000,01KR3AHPKHF1VFGRQDN1QYHZ6R,65802850,2026,E-Katalog 6.0,APBD,DONI APRIZAL,E-Purchasing,Barang,Belanja Alat/Bahan untuk Kegiatan Kantor-Alat Tulis Kantor,ON PROCESS,10224210,10224210
KAB. KAUR,"DINAS KOMUNIKASI, INFORMATIKA, STATISTIK DAN PERSANDIAN - 2.16.2.20.2.21.01.0000",01KJS0MM53N11C64ZNGAXP02PY,63111243,2026,E-Katalog 6.0,APBD,SRIKANDI PUTREY NUSANTARA,E-Purchasing,Jasa Lainnya,"Belanja Jasa Iklan/Reklame, Film, dan Pemotretan",ON PROCESS,3600000,3600000
KAB. KAUR,DINAS KESEHATAN - 1.02.0.00.0.00.01.0000,01KWBKRS9NTYTS8TXBDY6ZEZM2,66143535,2026,E-Katalog 6.0,APBD,FERDIYANSAH,E-Purchasing,Barang,Belanja Alat/Bahan untuk Kegiatan Kantor-Alat Listrik,ON PROCESS,3252300,3252300
KAB. KAUR,SEKRETARIAT DAERAH - 4.01.2.10.5.06.01.0000,01KH8F0SCX80V8MBY3JRQHZZAP,63266253,2026,E-Katalog 6.0,APBD,RERUCA ENTERTAIMENT GROUP,E-Purchasing,Barang,Belanja Modal Mebel,ON PROCESS,7000000,7000000
KAB. KAUR,DINAS PENDIDIKAN DAN KEBUDAYAAN - 1.01.2.22.0.00.01.0000,01KPW3565842KATDFT82JYRSW6,66931907,2026,E-Katalog 6.0,APBD,TAHIRIN,E-Purchasing,Barang,Belanja Alat/Bahan untuk Kegiatan Kantor-Alat Tulis Kantor,ON PROCESS,6247080,6247080
KAB. KAUR,"DINAS PENGENDALIAN PENDUDUK, KELUARGA BERENCANA, PEMBERDAYAAN PEREMPUAN DAN PERLINDUNGAN ANAK - 2.08.2.14.0.00.01.0000",01KQS2JV9G6Y6BTM60WVXRCJRB,65004529,2026,E-Katalog 6.0,APBD,DONI APRIZAL,E-Purchasing,Barang,Belanja Alat/Bahan untuk Kegiatan Kantor- Bahan Cetak,ON PROCESS,288600,288600
KAB. KAUR,"DINAS PERUMAHAN, KAWASAN PERMUKIMAN DAN PERTANAHAN - 1.04.2.10.0.00.01.0000",01KHQ79AR63GQNFP1H87MCVYEQ,62841729,2026,E-Katalog 6.0,APBD,TAHIRIN,E-Purchasing,Barang,Belanja Alat/Bahan untuk Kegiatan Kantor- Kertas dan Cover,ON PROCESS,1058940,1058940
KAB. KAUR,"DINAS PENGENDALIAN PENDUDUK, KELUARGA BERENCANA, PEMBERDAYAAN PEREMPUAN DAN PERLINDUNGAN ANAK - 2.08.2.14.0.00.01.0000",01KW0YEECND3ARZ7SKHN37TABY,65005484,2026,E-Katalog 6.0,APBD,DONI APRIZAL,E-Purchasing,Barang,Belanja Alat/Bahan untuk Kegiatan Kantor- Kertas dan Cover,ON PROCESS,344100,344100
KAB. KAUR,SEKRETARIAT DPRD - 4.02.0.00.0.00.01.0000,01KKC5W4NSC6P4GFGP0Z7WZCJV,65712199,2026,E-Katalog 6.0,APBD,MEEJA METRO UPDATE,E-Purchasing,Jasa Lainnya,"Beban Jasa Iklan/Reklame, Film, dan Pemotretan",ON PROCESS,1200000,1200000
KAB. KAUR,SEKRETARIAT DPRD - 4.02.0.00.0.00.01.0000,01KTNTAMY78DPHYTGJRH3TQ6YC,65712199,2026,E-Katalog 6.0,APBD,MEDIA ONLINE NEWSIKAL,E-Purchasing,Jasa Lainnya,"Beban Jasa Iklan/Reklame, Film, dan Pemotretan",ON PROCESS,1200000,1200000
KAB. KAUR,SEKRETARIAT DPRD - 4.02.0.00.0.00.01.0000,01KTN0N1VYHESGY3C00C15P816,65712199,2026,E-Katalog 6.0,APBD,RADAR BENGKULU ONLINE,E-Purchasing,Jasa Lainnya,"Beban Jasa Iklan/Reklame, Film, dan Pemotretan",ON PROCESS,1200000,1200000
KAB. KAUR,DINAS PARIWISATA - 3.26.0.00.0.00.01.0000,01KK870J76X2VY4W00WBFJR1E9,63716153,2026,E-Katalog 6.0,APBD,WAHANA KAUR MEDIA SEJAHTERA,E-Purchasing,Jasa Lainnya,"Belanja Jasa Iklan/Reklame, Film, dan Pemotretan",ON PROCESS,2400000,2400000
KAB. KAUR,RUMAH SAKIT UMUM DAERAH - 1.02.0.00.0.00.01.0001,10895514000,64604229,2026,Non Tender,APBD,CV. REKAYASA CIPTA PRIMA CONSULTAN,Pengadaan Langsung,Jasa Konsultansi Badan Usaha Konstruksi,Beban Jasa Konsultansi Pengawasan Rekayasa-Jasa Pengawas Pekerjaan Konstruksi Bangunan Gedung Spesifikasi : Jasa Konsultansi Pengawasan Gedung Rawat Inap Penyakit Dalam RSUD Kaur,SELESAI,17832150,17832150
KAB. KAUR,DINAS PARIWISATA - 3.26.0.00.0.00.01.0000,01KSHHHY41SRT2XRJNK3QPG77H,67212820,2026,E-Katalog 6.0,APBN,LENSA NUSANTARA MULTIMEDIA,E-Purchasing,Barang,Pengadaan Alkes Habis Pakai CSSD Tahun 2026,ON PROCESS,1110000,1110000
KAB. KAUR,SEKRETARIAT DPRD - 4.02.0.00.0.00.01.0000,01KJY9RFRBX0WWXCFDJ842XMAS,65712199,2026,E-Katalog 6.0,APBD,INFO OMBB SIBER INDONESIA,E-Purchasing,Jasa Lainnya,"Beban Jasa Iklan/Reklame, Film, dan Pemotretan",ON PROCESS,1200000,1200000
KAB. KAUR,"DINAS KOMUNIKASI, INFORMATIKA, STATISTIK DAN PERSANDIAN - 2.16.2.20.2.21.01.0000",01KJRZ8PC289ZYQPN1WDB0MWW0,63111243,2026,E-Katalog 6.0,APBD,RIZKI ARYA MEDIA,E-Purchasing,Jasa Lainnya,"Belanja Jasa Iklan/Reklame, Film, dan Pemotretan",ON PROCESS,3599730,3599730
KAB. KAUR,DINAS PARIWISATA - 3.26.0.00.0.00.01.0000,01KQ9HHYWT0FH1T5Z8VKGGMCEK,63716141,2026,E-Katalog 6.0,APBD,AZRA,E-Purchasing,Barang,Belanja Makanan dan Minuman Rapat,ON PROCESS,2000000,2000000
KAB. KAUR,DINAS PEMBERDAYAAN MASYARAKAT DAN DESA - 2.13.0.00.0.00.01.0000,01KN3J4WBPRMJ52NSFPG7AT5WB,62867143,2026,E-Katalog 6.0,APBD,RONI,E-Purchasing,Barang,Belanja Makanan dan Minuman Aktivitas Lapangan,ON PROCESS,97680,97680
KAB. KAUR,SEKRETARIAT DPRD - 4.02.0.00.0.00.01.0000,01KJY1Q7Q7DEN4VW68P8TSBE4V,64237535,2026,E-Katalog 6.0,APBD,DONI APRIZAL,E-Purchasing,Barang,Belanja Alat/Bahan untuk Kegiatan Kantor- Kertas dan Cover,ON PROCESS,1159950,1159950
KAB. KAUR,"DINAS KOMUNIKASI, INFORMATIKA, STATISTIK DAN PERSANDIAN - 2.16.2.20.2.21.01.0000",01KKAQJR9ZGQRBB3S9W833PJT7,63111243,2026,E-Katalog 6.0,APBD,TITI FIRDA KUSNI,E-Purchasing,Jasa Lainnya,"Belanja Jasa Iklan/Reklame, Film, dan Pemotretan",ON PROCESS,3600000,3600000
KAB. KAUR,DINAS PEMBERDAYAAN MASYARAKAT DAN DESA - 2.13.0.00.0.00.01.0000,01KP5EEDP5DW2YHSQVWYPFNRXQ,62867143,2026,E-Katalog 6.0,APBD,RONI,E-Purchasing,Barang,Belanja Makanan dan Minuman Aktivitas Lapangan,ON PROCESS,99900,99900
KAB. KAUR,SEKRETARIAT DPRD - 4.02.0.00.0.00.01.0000,01KJPF3GB7Z4WZMYP18059KYCP,65712199,2026,E-Katalog 6.0,APBD,HARIAN GLOBAL NUSANTARA,E-Purchasing,Jasa Lainnya,"Beban Jasa Iklan/Reklame, Film, dan Pemotretan",ON PROCESS,1200000,1200000
KAB. KAUR,BADAN KESATUAN BANGSA DAN POLITIK - 8.01.0.00.0.00.01.0000,01KJPMXHDDFHDSREPEJQ3DMK4G,63281647,2026,E-Katalog 6.0,APBD,DONI APRIZAL,E-Purchasing,Barang,Belanja Alat/Bahan untuk Kegiatan Kantor- Bahan Cetak,ON PROCESS,1143300,1143300
KAB. KAUR,DINAS PENANAMAN MODAL DAN PELAYANAN TERPADU SATU PINTU - 2.18.0.00.0.00.01.0000,01KQ6GSYX738HN29WMQVH1XD96,66978782,2026,E-Katalog 6.0,APBD,DONI APRIZAL,E-Purchasing,Barang,Belanja Alat/Bahan untuk Kegiatan Kantor-Bahan Komputer,ON PROCESS,229770,229770
KAB. KAUR,RUMAH SAKIT UMUM DAERAH - 1.02.0.00.0.00.01.0001,10777775000,64601547,2026,Non Tender,APBD,CV. TRISYA MULTIDESAIN Consultant,Pengadaan Langsung,Jasa Konsultansi Badan Usaha Konstruksi,Beban Jasa Konsultansi Perencanaan Rekayasa-Jasa Desain Rekayasa untuk Konstruksi Pondasi serta Struktur Bangunan Spesifikasi : Jasa Konsultansi Perencanaan Gedung Rawat Inap Penyakit Dalam RSUD Kaur,SELESAI,11963025,11963025
KAB. KAUR,"DINAS KOMUNIKASI, INFORMATIKA, STATISTIK DAN PERSANDIAN - 2.16.2.20.2.21.01.0000",01KS70EBQHHXZK8JZBNW4J2HHA,66980049,2026,E-Katalog 6.0,APBD,SUARA AGUNG CAKRA NUSANTARA,E-Purchasing,Jasa Lainnya,"Belanja Jasa Iklan/Reklame, Film, dan Pemotretan",ON PROCESS,2400000,2400000
KAB. KAUR,"DINAS KOMUNIKASI, INFORMATIKA, STATISTIK DAN PERSANDIAN - 2.16.2.20.2.21.01.0000",01KS708G7957FQWWCB7JXG8GZF,66980049,2026,E-Katalog 6.0,APBD,RAKYAT BENGKULU DIGITAL MEDIA,E-Purchasing,Jasa Lainnya,"Belanja Jasa Iklan/Reklame, Film, dan Pemotretan",ON PROCESS,3600000,3600000
KAB. KAUR,"DINAS KOMUNIKASI, INFORMATIKA, STATISTIK DAN PERSANDIAN - 2.16.2.20.2.21.01.0000",01KG6X3NEEV8VX6SXM726XM3NE,63110052,2026,E-Katalog 6.0,APBD,MILPA GUSNIARTI,E-Purchasing,Barang,Belanja Langganan Jurnal/Surat Kabar/Majalah,ON PROCESS,65412000,65412000
KAB. KAUR,"DINAS PENGENDALIAN PENDUDUK, KELUARGA BERENCANA, PEMBERDAYAAN PEREMPUAN DAN PERLINDUNGAN ANAK - 2.08.2.14.0.00.01.0000",01KKDXZG0Y1NSBSYER53MMQ8MS,64993390,2026,E-Katalog 6.0,APBD,FERDIYANSAH,E-Purchasing,Barang,Belanja Alat/Bahan untuk Kegiatan Kantor- Kertas dan Cover,ON PROCESS,1274280,1274280
KAB. KAUR,DINAS PARIWISATA - 3.26.0.00.0.00.01.0000,01KR0TWRG9VW7XYA4W2B8YCYM6,63716150,2026,E-Katalog 6.0,APBD,WAHANA SEMESTA BENGKULU TELEVISI,E-Purchasing,Jasa Lainnya,Belanja Jasa Tenaga Informasi dan Teknologi,ON PROCESS,174900000,174900000
KAB. KAUR,"DINAS KOMUNIKASI, INFORMATIKA, STATISTIK DAN PERSANDIAN - 2.16.2.20.2.21.01.0000",01KKAWQESPD6GNT79WC8D8D7MG,63111243,2026,E-Katalog 6.0,APBD,MEDIA RISKI ANANDA,E-Purchasing,Jasa Lainnya,"Belanja Jasa Iklan/Reklame, Film, dan Pemotretan",ON PROCESS,3600000,3600000
KAB. KAUR,DINAS PEMBERDAYAAN MASYARAKAT DAN DESA - 2.13.0.00.0.00.01.0000,01KT3HJRPJ6T21AQRQNPX8WFCV,62867136,2026,E-Katalog 6.0,APBD,DONI APRIZAL,E-Purchasing,Barang,Belanja Alat/Bahan untuk Kegiatan Kantor-Alat Tulis Kantor,ON PROCESS,1554000,1554000
KAB. KAUR,DINAS KESEHATAN - 1.02.0.00.0.00.01.0000,01KPYVKWCMTDVWGS486259SC3G,65869184,2026,E-Katalog 6.0,APBD,MEGAH KALIBRAMED CENTRE,E-Purchasing,Jasa Lainnya,Belanja Jasa Kalibrasi,ON PROCESS,117648838,117648838
KAB. KAUR,"DINAS KOMUNIKASI, INFORMATIKA, STATISTIK DAN PERSANDIAN - 2.16.2.20.2.21.01.0000",01KWG94D4F2DBWK68DCMXPHZ7C,66980049,2026,E-Katalog 6.0,APBD,MAJALAH SUDUT PANDANG,E-Purchasing,Jasa Lainnya,"Belanja Jasa Iklan/Reklame, Film, dan Pemotretan",ON PROCESS,1200000,1200000
KAB. KAUR,"DINAS KOMUNIKASI, INFORMATIKA, STATISTIK DAN PERSANDIAN - 2.16.2.20.2.21.01.0000",01KS25J02D7QJFJ4SZR9248JEY,66980049,2026,E-Katalog 6.0,APBD,SIBER SINAR MANDIRI,E-Purchasing,Jasa Lainnya,"Belanja Jasa Iklan/Reklame, Film, dan Pemotretan",ON PROCESS,3600000,3600000
KAB. KAUR,DINAS PENANAMAN MODAL DAN PELAYANAN TERPADU SATU PINTU - 2.18.0.00.0.00.01.0000,01KQ6KM65CFNVRM5GWQ2WN38WM,65442426,2026,E-Katalog 6.0,APBD,DONI APRIZAL,E-Purchasing,Barang,Belanja Alat/Bahan untuk Kegiatan Kantor- Kertas dan Cover,ON PROCESS,11655000,11655000
KAB. KAUR,RUMAH SAKIT UMUM DAERAH - 1.02.0.00.0.00.01.0001,01KN3W050Q4GYNAPPEQDS4CTSX,63313451,2026,E-Katalog 6.0,APBD,TRIPUTRA MANDIRI DISTRIBUSI,E-Purchasing,Barang,Belanja Obat-Obatan-Obat-Obatan Lainnya (Belanja Obat-Obatan) ,ON PROCESS,28561410,28561410
KAB. KAUR,DINAS PEKERJAAN UMUM DAN PENATAAN RUANG - 1.03.0.00.0.00.01.0000,01KN0TBW850AHNN6D9N6BVC1QS,65011440,2026,E-Katalog 6.0,APBD,FERDIYANSAH,E-Purchasing,Barang,Belanja Alat/Bahan untuk Kegiatan Kantor-Alat Tulis Kantor,PAYMENT OUTSIDE SYSTEM,2625483,2625483
KAB. KAUR,DINAS PEMBERDAYAAN MASYARAKAT DAN DESA - 2.13.0.00.0.00.01.0000,01KVQ5T9KN4CCX1ZJ7PBM057FZ,62867141,2026,E-Katalog 6.0,APBD,ANISAH,E-Purchasing,Barang,"Belanja Jasa Iklan/Reklame, Film, dan Pemotretan",ON PROCESS,2353200,2353200
KAB. KAUR,"DINAS PENGENDALIAN PENDUDUK, KELUARGA BERENCANA, PEMBERDAYAAN PEREMPUAN DAN PERLINDUNGAN ANAK - 2.08.2.14.0.00.01.0000",01KKDSQCAVKQ4AYB26ZJ5288GY,64993918,2026,E-Katalog 6.0,APBD,FERDIYANSAH,E-Purchasing,Barang,Belanja Alat/Bahan untuk Kegiatan Kantor- Kertas dan Cover,ON PROCESS,754800,754800
KAB. KAUR,DINAS KESEHATAN - 1.02.0.00.0.00.01.0000,01KJPEM80PXK3BYK5131PRZGXM,65868966,2026,E-Katalog 6.0,APBD,FERDIYANSAH,E-Purchasing,Barang,Belanja Alat/Bahan untuk Kegiatan Kantor-Alat Tulis Kantor,ON PROCESS,12831600,12831600
KAB. KAUR,"DINAS KOMUNIKASI, INFORMATIKA, STATISTIK DAN PERSANDIAN - 2.16.2.20.2.21.01.0000",01KHWY3SSH6BKV336QY0CFD4VP,63111243,2026,E-Katalog 6.0,APBD,ADINATA SATRIA PERKASA,E-Purchasing,Jasa Lainnya,"Belanja Jasa Iklan/Reklame, Film, dan Pemotretan",ON PROCESS,18000000,18000000
KAB. KAUR,DINAS PARIWISATA - 3.26.0.00.0.00.01.0000,01KS22CTRK77ZYSFPJDVYYAHZX,63716149,2026,E-Katalog 6.0,APBD,FERDIYANSAH,E-Purchasing,Barang,Belanja Alat/Bahan untuk Kegiatan Kantor-Bahan Komputer,ON PROCESS,1021200,1021200
KAB. KAUR,DINAS PENDIDIKAN DAN KEBUDAYAAN - 1.01.2.22.0.00.01.0000,01KQP3ZSFRFS4HY8DJ1YGSPFR3,64492220,2026,E-Katalog 6.0,APBD,TAHIRIN,E-Purchasing,Barang,Belanja Alat/Bahan untuk Kegiatan Kantor- Kertas dan Cover,ON PROCESS,721500,721500
KAB. KAUR,"DINAS KOMUNIKASI, INFORMATIKA, STATISTIK DAN PERSANDIAN - 2.16.2.20.2.21.01.0000",01KS1KJMKCCAAXX59QV2C8A7PH,66980049,2026,E-Katalog 6.0,APBD,INFO MEDIA USEL,E-Purchasing,Jasa Lainnya,"Belanja Jasa Iklan/Reklame, Film, dan Pemotretan",ON PROCESS,3600000,3600000
KAB. KAUR,DINAS PARIWISATA - 3.26.0.00.0.00.01.0000,01KHQX2KS5HDM98C57Z8TK8MFN,63406590,2026,E-Katalog 6.0,APBD,FERDIYANSAH,E-Purchasing,Barang,Belanja Alat/Bahan untuk Kegiatan Kantor-Alat Tulis Kantor,ON PROCESS,444000,444000
KAB. KAUR,SEKRETARIAT DPRD - 4.02.0.00.0.00.01.0000,01KJP7M5G1RMBGA3QZFED9YMV0,65712199,2026,E-Katalog 6.0,APBD,INTERAKTIF MEDIA SIBER,E-Purchasing,Jasa Lainnya,"Beban Jasa Iklan/Reklame, Film, dan Pemotretan",ON PROCESS,990000,990000
KAB. KAUR,DINAS KESEHATAN - 1.02.0.00.0.00.01.0000,01KJPKWYTBSM5WGGG84YEKEHFN,65865343,2026,E-Katalog 6.0,APBD,FERDIYANSAH,E-Purchasing,Barang,Belanja Alat/Bahan untuk Kegiatan Kantor- Kertas dan Cover,ON PROCESS,2414250,2414250
KAB. KAUR,RUMAH SAKIT UMUM DAERAH - 1.02.0.00.0.00.01.0001,01KJVPY3ACRFDGFAFQV45KAEY0,63313451,2026,E-Katalog 6.0,APBD,GLOBAL DISPOMEDIKA,E-Purchasing,Barang,Belanja Obat-Obatan-Obat-Obatan Lainnya (Belanja Obat-Obatan) ,ON PROCESS,3204570,0
KAB. KAUR,DINAS PEKERJAAN UMUM DAN PENATAAN RUANG - 1.03.0.00.0.00.01.0000,10908214000,67306876,2026,Non Tender,APBD,cv.nugraha consultant,Pengadaan Langsung,Jasa Konsultansi Badan Usaha Konstruksi,Pengawasan Jalan Tanjung Pandan - Padang Damar Kec. Kaur Tengah,BERLANGSUNG,15614925,15614925
KAB. KAUR,SEKRETARIAT DPRD - 4.02.0.00.0.00.01.0000,01KS29CDBSGHHA4T39WZBK33V6,65712199,2026,E-Katalog 6.0,APBD,RIZKY PRATAMA MANDIRI KAUR,E-Purchasing,Jasa Lainnya,"Beban Jasa Iklan/Reklame, Film, dan Pemotretan",ON PROCESS,1200000,0
KAB. KAUR,RUMAH SAKIT UMUM DAERAH - 1.02.0.00.0.00.01.0001,01KNNZSRMJHH9HBXRQNQNTKGQX,63313451,2026,E-Katalog 6.0,APBD,TRIPUTRA MANDIRI DISTRIBUSI,E-Purchasing,Barang,Belanja Obat-Obatan-Obat-Obatan Lainnya (Belanja Obat-Obatan) ,ON PROCESS,28246725,28246725
KAB. KAUR,SEKRETARIAT DPRD - 4.02.0.00.0.00.01.0000,01KJPKQD898BBPJS4ACR1VKC1S,65712199,2026,E-Katalog 6.0,APBD,BUNDARAN AGUNG PERKASA,E-Purchasing,Jasa Lainnya,"Beban Jasa Iklan/Reklame, Film, dan Pemotretan",ON PROCESS,990000,990000
KAB. KAUR,SEKRETARIAT DPRD - 4.02.0.00.0.00.01.0000,01KJP4XXAVZAV0HRV3ZXPXK0E9,65712199,2026,E-Katalog 6.0,APBD,MEDIA JURNALIS JAYA,E-Purchasing,Jasa Lainnya,"Beban Jasa Iklan/Reklame, Film, dan Pemotretan",ON PROCESS,1200000,1200000
KAB. KAUR,"DINAS KOMUNIKASI, INFORMATIKA, STATISTIK DAN PERSANDIAN - 2.16.2.20.2.21.01.0000",01KJSDDQWPPFBCJ3S1C589R0V6,63111243,2026,E-Katalog 6.0,APBD,SWARA DIRGANTARA JAYA,E-Purchasing,Jasa Lainnya,"Belanja Jasa Iklan/Reklame, Film, dan Pemotretan",ON PROCESS,3599730,3599730
KAB. KAUR,"DINAS KOMUNIKASI, INFORMATIKA, STATISTIK DAN PERSANDIAN - 2.16.2.20.2.21.01.0000",01KJS92S47D0AAEDMCFT63CN7Y,63111243,2026,E-Katalog 6.0,APBD,RIZKY MEDIA GLOBAL SUMATERA,E-Purchasing,Jasa Lainnya,"Belanja Jasa Iklan/Reklame, Film, dan Pemotretan",ON PROCESS,7492500,7492500
KAB. KAUR,DINAS PEKERJAAN UMUM DAN PENATAAN RUANG - 1.03.0.00.0.00.01.0000,10857291000,65773366,2026,Non Tender,APBD,"DINAMIKA CONSULTANT, CV",Pengadaan Langsung,Jasa Konsultansi Badan Usaha Konstruksi,Perencanaan Pembangunan Talud Lingkungan Polres Kaur Kec. Kaur Selatan,SELESAI,21889200,21889200
KAB. KAUR,SEKRETARIAT DPRD - 4.02.0.00.0.00.01.0000,01KKJFV8FYX1R61S5Y6YCSA7NQ,64237241,2026,E-Katalog 6.0,APBD,DONI APRIZAL,E-Purchasing,Barang,Belanja Alat/Bahan untuk Kegiatan Kantor-Alat Tulis Kantor,ON PROCESS,5816400,5816400
KAB. KAUR,DINAS PERPUSTAKAAN DAN KEARSIPAN - 2.23.2.24.0.00.01.0000,01KPMH2SNB3TAF4CPQ6XNBZC4R,63392456,2026,E-Katalog 6.0,APBD,TAHIRIN,E-Purchasing,Jasa Konsultansi,Belanja Alat/Bahan untuk Kegiatan Kantor-Bahan Komputer,ON PROCESS,971250,971250
KAB. KAUR,DINAS KESEHATAN - 1.02.0.00.0.00.01.0000,01KS45EJ4EPHPAEP8EY5YMFJN5,66182480,2026,E-Katalog 6.0,APBD,DIANA YUSIPA,E-Purchasing,Barang,Belanja Makanan dan Minuman Rapat,ON PROCESS,13718000,13718000
KAB. KAUR,DINAS PERPUSTAKAAN DAN KEARSIPAN - 2.23.2.24.0.00.01.0000,01KTNSKW23MAYV1TCXRD336ZZG,63395834,2026,E-Katalog 6.0,APBD,DONI APRIZAL,E-Purchasing,Barang,Belanja Alat/Bahan untuk Kegiatan Kantor-Alat Tulis Kantor,ON PROCESS,855366,855366
KAB. KAUR,"DINAS KOMUNIKASI, INFORMATIKA, STATISTIK DAN PERSANDIAN - 2.16.2.20.2.21.01.0000",01KS1X3XS3XFWD7HFWQEBNJSY7,66980049,2026,E-Katalog 6.0,APBD,GLOBAL SANTOSO PERDANA,E-Purchasing,Jasa Lainnya,"Belanja Jasa Iklan/Reklame, Film, dan Pemotretan",ON PROCESS,4800000,4800000
KAB. KAUR,"DINAS PENGENDALIAN PENDUDUK, KELUARGA BERENCANA, PEMBERDAYAAN PEREMPUAN DAN PERLINDUNGAN ANAK - 2.08.2.14.0.00.01.0000",01KQ98VSD55B2YQHPZ68C1NYVX,64990302,2026,E-Katalog 6.0,APBD,MESI YULIANA,E-Purchasing,Barang,Belanja Makanan dan Minuman Aktivitas Lapangan,ON PROCESS,6260000,6260000
KAB. KAUR,DINAS PENDIDIKAN DAN KEBUDAYAAN - 1.01.2.22.0.00.01.0000,01KQP4GA8S7VN09PNEZ346GG7A,64492400,2026,E-Katalog 6.0,APBD,TAHIRIN,E-Purchasing,Barang,Belanja Alat/Bahan untuk Kegiatan Kantor-Bahan Komputer,ON PROCESS,2097900,2097900
KAB. KAUR,RUMAH SAKIT UMUM DAERAH - 1.02.0.00.0.00.01.0001,01KF0BSHZSM4EHWQNWKX67F8T2,63313451,2026,E-Katalog 6.0,APBD,BETA PHARMACON,E-Purchasing,Barang,Belanja Obat-Obatan-Obat-Obatan Lainnya (Belanja Obat-Obatan) ,ON PROCESS,40356992,40356992
KAB. KAUR,DINAS PERTANIAN - 3.27.0.00.0.00.01.0000,01KEEC4PAC4V7X0ZK180VKJNBJ,62880101,2026,E-Katalog 6.0,APBD,IDA MARYANTI,E-Purchasing,Barang,Belanja Barang untuk Dijual/Diserahkan kepada Masyarakat,ON PROCESS,2999664000,2999664000
KAB. KAUR,SEKRETARIAT DPRD - 4.02.0.00.0.00.01.0000,01KJEFHA55N9K9RH204W94117W,65712197,2026,E-Katalog 6.0,APBD,MEDIA BENGKULU EKSPRESS,E-Purchasing,Jasa Lainnya,"Beban Jasa Iklan/Reklame, Film, dan Pemotretan",ON PROCESS,4500000,4500000
KAB. KAUR,SEKRETARIAT DPRD - 4.02.0.00.0.00.01.0000,01KKJYKSQ1FCAJWWBDCC3V3ARQ,65712199,2026,E-Katalog 6.0,APBD,INDONESIA MONITORING NEWS,E-Purchasing,Jasa Lainnya,"Beban Jasa Iklan/Reklame, Film, dan Pemotretan",ON PROCESS,1200000,1200000
KAB. KAUR,DINAS PEKERJAAN UMUM DAN PENATAAN RUANG - 1.03.0.00.0.00.01.0000,01KKHZRV8Y1JPMW85SM2RKEDJH,65564664,2026,E-Katalog 6.0,APBD,FERDIYANSAH,E-Purchasing,Barang,Belanja Alat/Bahan untuk Kegiatan Kantor-Bahan Komputer,ON PROCESS,1193250,1193250
KAB. KAUR,DINAS PEMUDA DAN OLAHRAGA - 2.19.0.00.0.00.01.0000,01KPAJ4WAA84JTEG59QF28W1RE,63593719,2026,E-Katalog 6.0,APBD,TRILOKA CEMPAKA WANGSA,E-Purchasing,Barang,Belanja Alat/Bahan untuk Kegiatan Kantor- Perlengkapan Pendukung Olahraga,PAYMENT OUTSIDE SYSTEM,151581600,151581600
KAB. KAUR,DINAS KESEHATAN - 1.02.0.00.0.00.01.0000,01KJS0TDQ6PVNZSXAE4VMRTFGQ,65869149,2026,E-Katalog 6.0,APBD,PRESISI MANDIRI INDUSTRI,E-Purchasing,Barang,Belanja Modal Alat Kesehatan Umum Lainnya,ON PROCESS,437118000,437118000
KAB. KAUR,DINAS PEMBERDAYAAN MASYARAKAT DAN DESA - 2.13.0.00.0.00.01.0000,01KVPWNGQA3AHAAWTQWDA9019N,62867137,2026,E-Katalog 6.0,APBD,DONI APRIZAL,E-Purchasing,Barang,Belanja Alat/Bahan untuk Kegiatan Kantor- Kertas dan Cover,ON PROCESS,458430,458430
KAB. KAUR,"DINAS KOMUNIKASI, INFORMATIKA, STATISTIK DAN PERSANDIAN - 2.16.2.20.2.21.01.0000",01KS23Q5Z0E1FQ7N8VJNCGE0ZS,66980049,2026,E-Katalog 6.0,APBD,BENGKULU MEDIA SIBER,E-Purchasing,Jasa Lainnya,"Belanja Jasa Iklan/Reklame, Film, dan Pemotretan",ON PROCESS,3600000,3600000
KAB. KAUR,SEKRETARIAT DPRD - 4.02.0.00.0.00.01.0000,01KJPC2SYHRCPKM3EMEX0WJ6XQ,65712199,2026,E-Katalog 6.0,APBD,CAHAYA DUA EMPAT,E-Purchasing,Jasa Lainnya,"Beban Jasa Iklan/Reklame, Film, dan Pemotretan",ON PROCESS,1200000,1200000
KAB. KAUR,RUMAH SAKIT UMUM DAERAH - 1.02.0.00.0.00.01.0001,01KVSEKKX6DYCCPSS5W5PBN0P2,63895690,2026,E-Katalog 6.0,BLUD,GRAND SENTOSA GUMILANG,E-Purchasing,Barang,Belanja Barang dan Jasa BLUD,ON PROCESS,155306760,155306760
KAB. KAUR,SEKRETARIAT DAERAH - 4.01.2.10.5.06.01.0000,01KQVFW7XMRC8KQKQZBSQ1AQGQ,64714787,2026,E-Katalog 6.0,APBD,PUTRA PAGUCI SEJAHTERA,E-Purchasing,Jasa Lainnya,BELANJA SEWA KENDARAAN DINAS BERMOTOR PERORANGAN,ON PROCESS,92000000,92000000
KAB. KAUR,"DINAS KOMUNIKASI, INFORMATIKA, STATISTIK DAN PERSANDIAN - 2.16.2.20.2.21.01.0000",01KJRWWH8092CJHD6R37XN3CCP,63111243,2026,E-Katalog 6.0,APBD,RIZKY PRATAMA MANDIRI KAUR,E-Purchasing,Jasa Lainnya,"Belanja Jasa Iklan/Reklame, Film, dan Pemotretan",ON PROCESS,3600000,0
KAB. KAUR,DINAS PEMBERDAYAAN MASYARAKAT DAN DESA - 2.13.0.00.0.00.01.0000,01KJ4KFK896PTF2Z1FG0WDC11X,65659590,2026,E-Katalog 6.0,APBD,RONI,E-Purchasing,Barang,Belanja Makan Minum Arisan Bulan Februari Kegiatan Fasilitasi Tim Pergerak PKK dalam Penyelenggaraan Gerakan Pemberdayaan Masyarakat dan Kesejahteraan Keluarga ,ON PROCESS,99900,99900
KAB. KAUR,SEKRETARIAT DPRD - 4.02.0.00.0.00.01.0000,01KJPEDMGPAF6RR9N709R997KN,65712199,2026,E-Katalog 6.0,APBD,SWARA DIRGANTARA JAYA,E-Purchasing,Jasa Lainnya,"Beban Jasa Iklan/Reklame, Film, dan Pemotretan",ON PROCESS,1199910,1199910
KAB. KAUR,DINAS SOSIAL - 1.06.0.00.0.00.01.0000,01KRWV8TCYWFCC3VK8E73FWXX6,66165806,2026,E-Katalog 6.0,APBD,TAHIRIN,E-Purchasing,Barang,Belanja Alat/Bahan untuk Kegiatan Kantor-Alat Tulis Kantor,ON PROCESS,654900,654900
KAB. KAUR,SEKRETARIAT DAERAH - 4.01.2.10.5.06.01.0000,01KPA9RDPQAHMKE7BGXXM4KBZ8,66786503,2026,E-Katalog 6.0,APBD,MEDIA JAYA KOMPUTER,E-Purchasing,Barang,BELANJA PENYEDIAAN DAN PERALATAN KANTOR,ON PROCESS,101565000,101565000
KAB. KAUR,"DINAS KOMUNIKASI, INFORMATIKA, STATISTIK DAN PERSANDIAN - 2.16.2.20.2.21.01.0000",01KT39Z40XFQSWNZ4ZKN8VD9XH,66980049,2026,E-Katalog 6.0,APBD,RADAR BENGKULU ONLINE,E-Purchasing,Jasa Lainnya,"Belanja Jasa Iklan/Reklame, Film, dan Pemotretan",ON PROCESS,2400000,2400000
KAB. KAUR,DINAS PERIKANAN - 3.25.0.00.0.00.01.0000,01KW8RRTEG27Z2ZPHDYVCHMGDJ,63430655,2026,E-Katalog 6.0,APBD,Taufik Hidayat ,E-Purchasing,Barang,"Belanja Pakaian Sipil Harian (PSH), Spesifikasi: Pakaian Batik",ON PROCESS,25000000,25000000
KAB. KAUR,"DINAS PENGENDALIAN PENDUDUK, KELUARGA BERENCANA, PEMBERDAYAAN PEREMPUAN DAN PERLINDUNGAN ANAK - 2.08.2.14.0.00.01.0000",01KKGM35M42YZ4SF7E41CH7G9C,64994931,2026,E-Katalog 6.0,APBD,FERDIYANSAH,E-Purchasing,Barang,Belanja Alat/Bahan untuk Kegiatan Kantor-Alat Tulis Kantor,ON PROCESS,12103829,12103829
KAB. KAUR,DINAS KESEHATAN - 1.02.0.00.0.00.01.0000,01KR3335340WWAJYPKQY552AGK,66182476,2026,E-Katalog 6.0,APBD,FERDIYANSAH,E-Purchasing,Barang,Belanja Alat/Bahan untuk Kegiatan Kantor-Bahan Komputer,ON PROCESS,1465200,1465200
KAB. KAUR,DINAS KESEHATAN - 1.02.0.00.0.00.01.0000,01KQXVC6K7FN6QB25FF36PJXW5,66084181,2026,E-Katalog 6.0,APBD,BERNOFARM,E-Purchasing,Barang,Belanja Obat-Obatan-Obat,ON PROCESS,149156805,149156805
KAB. KAUR,"DINAS KOMUNIKASI, INFORMATIKA, STATISTIK DAN PERSANDIAN - 2.16.2.20.2.21.01.0000",01KWKCXY716MXW94372CW3Z390,66980049,2026,E-Katalog 6.0,APBD,SWARA DIRGANTARA JAYA,E-Purchasing,Jasa Lainnya,"Belanja Jasa Iklan/Reklame, Film, dan Pemotretan",ON PROCESS,1200000,1200000
KAB. KAUR,"DINAS KOMUNIKASI, INFORMATIKA, STATISTIK DAN PERSANDIAN - 2.16.2.20.2.21.01.0000",01KJBYBGN56AXR78XFKSBMWJWN,63110052,2026,E-Katalog 6.0,APBD,SEMARAK BENGKULU PERMAI,E-Purchasing,Barang,Belanja Langganan Jurnal/Surat Kabar/Majalah,ON PROCESS,18664000,18664000
KAB. KAUR,SEKRETARIAT DPRD - 4.02.0.00.0.00.01.0000,01KJPQR8NY50FFMCA5VN5V28VH,65712199,2026,E-Katalog 6.0,APBD,WAHANA KAUR MEDIA SEJAHTERA,E-Purchasing,Jasa Lainnya,"Beban Jasa Iklan/Reklame, Film, dan Pemotretan",ON PROCESS,1200000,1200000
KAB. KAUR,RUMAH SAKIT UMUM DAERAH - 1.02.0.00.0.00.01.0001,01KEY7CYA3FMNB8D5VHMPJ26FT,63313451,2026,E-Katalog 6.0,APBD,DEXA MEDICA,E-Purchasing,Barang,Belanja Obat-Obatan-Obat-Obatan Lainnya (Belanja Obat-Obatan) ,ON PROCESS,169295575,169295575
KAB. KAUR,"DINAS KOMUNIKASI, INFORMATIKA, STATISTIK DAN PERSANDIAN - 2.16.2.20.2.21.01.0000",01KKDGCEFV4ZQBBJG9P7D90QMR,63111243,2026,E-Katalog 6.0,APBD,INDONESIA MONITORING NEWS,E-Purchasing,Jasa Lainnya,"Belanja Jasa Iklan/Reklame, Film, dan Pemotretan",ON PROCESS,3600000,3600000
KAB. KAUR,"DINAS PENGENDALIAN PENDUDUK, KELUARGA BERENCANA, PEMBERDAYAAN PEREMPUAN DAN PERLINDUNGAN ANAK - 2.08.2.14.0.00.01.0000",01KNGSAGNNVS73XYFFT7A1J0DF,64997110,2026,E-Katalog 6.0,APBD,DONI APRIZAL,E-Purchasing,Barang,Belanja Alat/Bahan untuk Kegiatan Kantor-Alat Tulis Kantor,ON PROCESS,599400,599400
KAB. KAUR,"DINAS PERUMAHAN, KAWASAN PERMUKIMAN DAN PERTANAHAN - 1.04.2.10.0.00.01.0000",01KQ91G5H596CNEJHPBNDQ8MTH,62874762,2026,E-Katalog 6.0,APBD,TAHIRIN,E-Purchasing,Barang,Belanja Alat/Bahan untuk Kegiatan Kantor-Bahan Komputer,ON PROCESS,497280,497280
KAB. KAUR,DINAS PEKERJAAN UMUM DAN PENATAAN RUANG - 1.03.0.00.0.00.01.0000,01KKEY4J486NGN5WNAHH3XSF2M,65059759,2026,E-Katalog 6.0,APBD,FERDIYANSAH,E-Purchasing,Barang,Belanja Alat/Bahan untuk Kegiatan Kantor-Bahan Komputer,ON PROCESS,926850,926850
KAB. KAUR,DINAS PENDIDIKAN DAN KEBUDAYAAN - 1.01.2.22.0.00.01.0000,01KQP4TAE136SWJK7XEP2CH29C,64492219,2026,E-Katalog 6.0,APBD,TAHIRIN,E-Purchasing,Barang,Belanja Alat/Bahan untuk Kegiatan Kantor-Bahan Komputer,ON PROCESS,388500,388500
KAB. KAUR,"DINAS KOMUNIKASI, INFORMATIKA, STATISTIK DAN PERSANDIAN - 2.16.2.20.2.21.01.0000",01KQ94DXXW508VYQ1JV3D2DZ6Z,63110052,2026,E-Katalog 6.0,APBD,RAJA SEMESTA RADAR KAUR,E-Purchasing,Barang,Belanja Langganan Jurnal/Surat Kabar/Majalah,ON PROCESS,32706000,32706000
KAB. KAUR,RUMAH SAKIT UMUM DAERAH - 1.02.0.00.0.00.01.0001,01KG4GB0VCRGQ4TFJPTRKW66N5,64064399,2026,E-Katalog 6.0,APBD,BUMI INDAH PUTRA,E-Purchasing,Barang,Belanja Modal Alat Kedokteran Lainnya (Rawat Inap VIP dan KRIS),ON PROCESS,37495800,37495800
KAB. KAUR,DINAS PEKERJAAN UMUM DAN PENATAAN RUANG - 1.03.0.00.0.00.01.0000,10795981000,65339543,2026,Non Tender,APBD,CV. KONTAMA ENJINERING,Pengadaan Langsung,Jasa Konsultansi Badan Usaha Konstruksi,Perencanaan Rehab Rumah Dinas Bupati,SELESAI,47400000,47400000
KAB. KAUR,"DINAS KOMUNIKASI, INFORMATIKA, STATISTIK DAN PERSANDIAN - 2.16.2.20.2.21.01.0000",01KJVV0MXDHA9YQBM4FNFAXJ4M,63111243,2026,E-Katalog 6.0,APBD,JURNALIS INDONESIA KOMPETEN,E-Purchasing,Jasa Lainnya,"Belanja Jasa Iklan/Reklame, Film, dan Pemotretan",ON PROCESS,3599730,3599730
KAB. KAUR,RUMAH SAKIT UMUM DAERAH - 1.02.0.00.0.00.01.0001,01KG6M1Q4D9QD28W6TPAYT2QNT,63314485,2026,E-Katalog 6.0,APBD,PRIMANRU JAYA,E-Purchasing,Jasa Lainnya,Belanja Jasa Pengolahan Sampah (Pengangkutan Limbah B3),ON PROCESS,154345500,154345500
KAB. KAUR,SEKRETARIAT DPRD - 4.02.0.00.0.00.01.0000,01KJP8RF8XTRHFW78BCSQA2HW0,65712199,2026,E-Katalog 6.0,APBD,RIZKY PRATAMA MANDIRI KAUR,E-Purchasing,Jasa Lainnya,"Beban Jasa Iklan/Reklame, Film, dan Pemotretan",ON PROCESS,1200000,0
KAB. KAUR,DINAS LINGKUNGAN HIDUP - 2.11.0.00.0.00.01.0000,01KNR5MDTJTQCV4992ACBCTVRP,63073601,2026,E-Katalog 6.0,APBD,FERDIYANSAH,E-Purchasing,Barang,Belanja Alat/Bahan untuk Kegiatan Kantor-Alat Tulis Kantor,ON PROCESS,4033740,4033740
KAB. KAUR,DINAS KETAHANAN PANGAN - 2.09.0.00.0.00.01.0000,01KN41Y2TSCHN9PS90MS5XKF44,62930878,2026,E-Katalog 6.0,APBD,TAHIRIN,E-Purchasing,Barang,Belanja Alat/Bahan untuk Kegiatan Kantor- Kertas dan Cover,ON PROCESS,1332000,1332000
KAB. KAUR,DINAS SATUAN POLISI PAMONG PRAJA - 1.05.0.00.0.00.01.0000,01KVEYNQ18G9P5QB6MBD55A0SK,63538265,2026,E-Katalog 6.0,APBD,DONI APRIZAL,E-Purchasing,Barang,Belanja Alat/Bahan untuk Kegiatan Kantor-Bahan Komputer,ON PROCESS,547785,547785
KAB. KAUR,RUMAH SAKIT UMUM DAERAH - 1.02.0.00.0.00.01.0001,01KP301ZE4QQWP37HD4DTYS0FZ,66883814,2026,E-Katalog 6.0,BLUD,ASNAWI REZA,E-Purchasing,Barang,Belanja Modal Peralatan dan Mesin BLUD,ON PROCESS,200060850,200060850
KAB. KAUR,"DINAS KOMUNIKASI, INFORMATIKA, STATISTIK DAN PERSANDIAN - 2.16.2.20.2.21.01.0000",01KJC1PY6DAWDGQ4MNTNT8AJMT,63111243,2026,E-Katalog 6.0,APBD,RIZKY PRATAMA MANDIRI KAUR,E-Purchasing,Jasa Lainnya,"Belanja Jasa Iklan/Reklame, Film, dan Pemotretan",ON PROCESS,3600000,3600000
KAB. KAUR,DINAS PENDIDIKAN DAN KEBUDAYAAN - 1.01.2.22.0.00.01.0000,01KQ9N6YV2KM36D1Z4MVFNSB28,65666569,2026,E-Katalog 6.0,APBD,DONI APRIZAL,E-Purchasing,Barang,Belanja Alat/Bahan untuk Kegiatan Kantor- Bahan Cetak,ON PROCESS,749250,749250
KAB. KAUR,BADAN PENGELOLAAN KEUANGAN DAN ASET DAERAH - 5.02.0.00.0.00.01.0000,01KQP1G8MFNRKYHHHE5DZBPPJG,63620088,2026,E-Katalog 6.0,APBD,PERCETAKAN NEGARA RI,E-Purchasing,Barang,Bahan Cetak,ON PROCESS,67914185,67914185
KAB. KAUR,DINAS PERPUSTAKAAN DAN KEARSIPAN - 2.23.2.24.0.00.01.0000,01KQ97C5S8R4EPFP70RRNQVRAH,63395126,2026,E-Katalog 6.0,APBD,DIANA YUSIPA,E-Purchasing,Barang,Belanja Makanan dan Minuman Aktivitas Lapangan,ON PROCESS,2471000,2471000
KAB. KAUR,DINAS PARIWISATA - 3.26.0.00.0.00.01.0000,01KHX0VZBPP6EYZQTQCB3KRD6C,63407483,2026,E-Katalog 6.0,APBD,FERDIYANSAH,E-Purchasing,Barang,Belanja Alat/Bahan untuk Kegiatan Kantor-Perabot Kantor,ON PROCESS,2271060,2271060
KAB. KAUR,"DINAS KOMUNIKASI, INFORMATIKA, STATISTIK DAN PERSANDIAN - 2.16.2.20.2.21.01.0000",01KW93YY0295ESYFT4B915RA74,66980049,2026,E-Katalog 6.0,APBD,KAUR MEDIA BERSAMA,E-Purchasing,Jasa Lainnya,"Belanja Jasa Iklan/Reklame, Film, dan Pemotretan",ON PROCESS,3600000,3600000
KAB. KAUR,SEKRETARIAT DAERAH - 4.01.2.10.5.06.01.0000,01KGR9P0Z5D53CJCY1YG2KZ6XJ,64529679,2026,E-Katalog 6.0,APBD,MEDIA JAYA KOMPUTER,E-Purchasing,Barang,BELANJA MODAL PERALATAN DAN MESIN,ON PROCESS,14652000,14652000
KAB. KAUR,DINAS PEKERJAAN UMUM DAN PENATAAN RUANG - 1.03.0.00.0.00.01.0000,01KKNW6PHJ17WR0F0C9H8B6Y2A,65528687,2026,E-Katalog 6.0,APBD,FERDIYANSAH,E-Purchasing,Barang,Belanja Alat/Bahan untuk Kegiatan Kantor- Kertas dan Cover,ON PROCESS,1565100,1565100
KAB. KAUR,DINAS KESEHATAN - 1.02.0.00.0.00.01.0000,01KPW9PJ256A3EEBKCFZ1W478C,66184644,2026,E-Katalog 6.0,APBD,ANISAH,E-Purchasing,Barang,Belanja Alat/Bahan untuk Kegiatan Kantor-Alat Tulis Kantor,ON PROCESS,14435550,14435550
KAB. KAUR,SEKRETARIAT DAERAH - 4.01.2.10.5.06.01.0000,01KF0H4RA06SMDHWTM96RZYFF9,63493727,2026,E-Katalog 6.0,APBD,RONI,E-Purchasing,Barang,MAKAN MINUM JAMUAN TAMU RUMA TANGGA WAKIL KEPALA DAERAH,ON PROCESS,99900000,99900000
KAB. KAUR,"DINAS KOMUNIKASI, INFORMATIKA, STATISTIK DAN PERSANDIAN - 2.16.2.20.2.21.01.0000",01KKAPP4VFDGWHHNREW12YX2JG,63111243,2026,E-Katalog 6.0,APBD,KAUR MEDIA BERSAMA,E-Purchasing,Jasa Lainnya,"Belanja Jasa Iklan/Reklame, Film, dan Pemotretan",ON PROCESS,4800000,4800000
KAB. KAUR,DINAS PEMUDA DAN OLAHRAGA - 2.19.0.00.0.00.01.0000,01KQVAGMMPCPCSKT5JN5RDYVRW,63593720,2026,E-Katalog 6.0,APBD,ANISAH,E-Purchasing,Barang,Belanja Alat/Bahan untuk Kegiatan Kantor- Bahan Cetak,ON PROCESS,10029960,10029960
KAB. KAUR,RUMAH SAKIT UMUM DAERAH - 1.02.0.00.0.00.01.0001,10127198000,66818358,2026,Tender,APBD,CV. Kinal Wijaya Sakti,Tender,Pekerjaan Konstruksi,Beban Pemeliharaan Bangunan Gedung-Bangunan Gedung Tempat Kerja-Bangunan Kesehatan (Gedung Rawat Inap Bedah RSUD Kaur),SELESAI,568760248,568760248
KAB. KAUR,SEKRETARIAT DPRD - 4.02.0.00.0.00.01.0000,01KJY2R55BMRPB71TKN2MA5SE1,64237289,2026,E-Katalog 6.0,APBD,DONI APRIZAL,E-Purchasing,Barang,Belanja Alat/Bahan untuk Kegiatan Kantor-Bahan Komputer,ON PROCESS,7326000,7326000
KAB. KAUR,RUMAH SAKIT UMUM DAERAH - 1.02.0.00.0.00.01.0001,01KJVQX4XEDT4WQM96M95J2J2D,63313451,2026,E-Katalog 6.0,APBD,TRIPUTRA MANDIRI DISTRIBUSI,E-Purchasing,Barang,Belanja Obat-Obatan-Obat-Obatan Lainnya (Belanja Obat-Obatan) ,ON PROCESS,12826816,12826816
KAB. KAUR,DINAS PENANAMAN MODAL DAN PELAYANAN TERPADU SATU PINTU - 2.18.0.00.0.00.01.0000,01KQ96AB3C01B05C6PKYJWYQMB,65442425,2026,E-Katalog 6.0,APBD,DONI APRIZAL,E-Purchasing,Barang,Belanja Alat/Bahan untuk Kegiatan Kantor-Alat Tulis Kantor,ON PROCESS,5036070,5036070
KAB. KAUR,"DINAS KOMUNIKASI, INFORMATIKA, STATISTIK DAN PERSANDIAN - 2.16.2.20.2.21.01.0000",01KKAT56C7DF1CC8YV83MP9AGZ,63111243,2026,E-Katalog 6.0,APBD,MEDIA ONLINE SRIWIJAYA,E-Purchasing,Jasa Lainnya,"Belanja Jasa Iklan/Reklame, Film, dan Pemotretan",ON PROCESS,2400000,2400000
KAB. KAUR,DINAS PERPUSTAKAAN DAN KEARSIPAN - 2.23.2.24.0.00.01.0000,01KP549Y24CWHNJVBHP2BEX505,63392099,2026,E-Katalog 6.0,APBD,TAHIRIN,E-Purchasing,Barang,Belanja Alat/Bahan untuk Kegiatan Kantor-Bahan Komputer,ON PROCESS,301920,301920
KAB. KAUR,"DINAS KOMUNIKASI, INFORMATIKA, STATISTIK DAN PERSANDIAN - 2.16.2.20.2.21.01.0000",01KJS78W28MFRBR1DQCY5KZNSJ,63111243,2026,E-Katalog 6.0,APBD,MEDIA SNIPER NUSANTARA,E-Purchasing,Jasa Lainnya,"Belanja Jasa Iklan/Reklame, Film, dan Pemotretan",ON PROCESS,3600000,3600000
KAB. KAUR,"DINAS KOMUNIKASI, INFORMATIKA, STATISTIK DAN PERSANDIAN - 2.16.2.20.2.21.01.0000",01KQE2C6614G344B6CFPD4KXC5,66980049,2026,E-Katalog 6.0,APBD,SEMARAK BENGKULU PERMAI,E-Purchasing,Jasa Lainnya,"Belanja Jasa Iklan/Reklame, Film, dan Pemotretan",ON PROCESS,12000000,12000000
KAB. KAUR,DINAS KESEHATAN - 1.02.0.00.0.00.01.0000,01KJPHNTZXEE3WH63XSNVPEARQ,65869147,2026,E-Katalog 6.0,APBD,FERDIYANSAH,E-Purchasing,Barang,Belanja Alat/Bahan untuk Kegiatan Kantor- Kertas dan Cover,ON PROCESS,6854250,6854250
KAB. KAUR,"DINAS KOMUNIKASI, INFORMATIKA, STATISTIK DAN PERSANDIAN - 2.16.2.20.2.21.01.0000",01KJSE6BX5XJZDD1C85AEHEAVN,63111243,2026,E-Katalog 6.0,APBD,MEDIA PATRIOT NASIONAL,E-Purchasing,Jasa Lainnya,"Belanja Jasa Iklan/Reklame, Film, dan Pemotretan",ON PROCESS,3600000,3600000
KAB. KAUR,DINAS KESEHATAN - 1.02.0.00.0.00.01.0000,01KPQ9BC48CXGQ1SGPTMSRBY1Q,66896413,2026,E-Katalog 6.0,APBD,YUNIAR HASTUTI,E-Purchasing,Barang," Belanja Makanan dan Minuman pada Fasilitas Pelayanan Urusan Kesehatan",ON PROCESS,9476736,9476736
KAB. KAUR,DINAS PARIWISATA - 3.26.0.00.0.00.01.0000,01KS7HNNWRQ748Y3DGNVZ4WNV3,63716153,2026,E-Katalog 6.0,APBD,PORTAL MEDIA DIGITAL,E-Purchasing,Jasa Lainnya,"Belanja Jasa Iklan/Reklame, Film, dan Pemotretan",ON PROCESS,1110000,1110000
KAB. KAUR,SEKRETARIAT DAERAH - 4.01.2.10.5.06.01.0000,01KNVFEX4VCJ8SG5D0NYGYP0RS,63532094,2026,E-Katalog 6.0,APBD,BIRU TEKNOLOGI MULTIMEDIA,E-Purchasing,Barang,Belanja Modal Alat Kantor Lainnya,PAYMENT OUTSIDE SYSTEM,7714500,7714500
KAB. KAUR,"BADAN PERENCANAAN PEMBANGUNAN, RISET DAN INOVASI DAERAH - 5.01.5.05.0.00.01.0000",01KKC5MER2KXXJHR36H9D4RFKB,63273193,2026,E-Katalog 6.0,APBD,TAHIRIN,E-Purchasing,Barang,Belanja Alat/Bahan untuk Kegiatan Kantor- Bahan Cetak,ON PROCESS,1048950,1048950
KAB. KAUR,SEKRETARIAT DPRD - 4.02.0.00.0.00.01.0000,01KTN1KM23V7TR772C0PTX8WNG,65712199,2026,E-Katalog 6.0,APBD,RIZKY GEMILANG JAYA,E-Purchasing,Jasa Lainnya,"Beban Jasa Iklan/Reklame, Film, dan Pemotretan",ON PROCESS,1200000,1200000
KAB. KAUR,BADAN PENGELOLAAN KEUANGAN DAN ASET DAERAH - 5.02.0.00.0.00.01.0000,01KHST3YD09NQFQBJ6R15AHDEH,63507291,2026,E-Katalog 6.0,APBD,MEDIA JAYA KOMPUTER,E-Purchasing,Barang,Kursi,ON PROCESS,13999320,13999320
KAB. KAUR,DINAS PERPUSTAKAAN DAN KEARSIPAN - 2.23.2.24.0.00.01.0000,01KR0RRMJCV3ZND8BTNM36A4CE,63392457,2026,E-Katalog 6.0,APBD,TAHIRIN,E-Purchasing,Barang,Belanja Alat/Bahan untuk Kegiatan Kantor-Alat Tulis Kantor,ON PROCESS,1429680,1429680
KAB. KAUR,DINAS KESEHATAN - 1.02.0.00.0.00.01.0000,01KVYSZ0TKXKMMP9M6WFM2G6CD,66084181,2026,E-Katalog 6.0,APBD,PERUSAHAAN PERSEROAN (PERSERO) PT. BIO FARMA DISINGKAT PT. BIO FARMA (PERSERO),E-Purchasing,Barang,Belanja Obat-Obatan-Obat,ON PROCESS,13736250,13736250
KAB. KAUR,"DINAS PENGENDALIAN PENDUDUK, KELUARGA BERENCANA, PEMBERDAYAAN PEREMPUAN DAN PERLINDUNGAN ANAK - 2.08.2.14.0.00.01.0000",01KMQ32WXFYH7MMYSY97BMVF1H,64791541,2026,E-Katalog 6.0,APBD,ANISAH,E-Purchasing,Barang,Belanja Alat/Bahan untuk Kegiatan Kantor-Alat Tulis Kantor,ON PROCESS,892440,892440
KAB. KAUR,"DINAS KOMUNIKASI, INFORMATIKA, STATISTIK DAN PERSANDIAN - 2.16.2.20.2.21.01.0000",01KJRYBAE47RCRVQRZQSG1CQEE,63111243,2026,E-Katalog 6.0,APBD,RADAR BENGKULU ONLINE,E-Purchasing,Jasa Lainnya,"Belanja Jasa Iklan/Reklame, Film, dan Pemotretan",ON PROCESS,3600000,3600000
KAB. KAUR,"DINAS KOMUNIKASI, INFORMATIKA, STATISTIK DAN PERSANDIAN - 2.16.2.20.2.21.01.0000",01KNGP9CG319RK713QYYCJ1CYA,63111243,2026,E-Katalog 6.0,APBD,WANTARA JABAT PERKASA MEDIA,E-Purchasing,Jasa Lainnya,"Belanja Jasa Iklan/Reklame, Film, dan Pemotretan",ON PROCESS,3600000,3600000
KAB. KAUR,SEKRETARIAT DPRD - 4.02.0.00.0.00.01.0000,01KJPK5CEMMYZ9RBZCSG2HTNS5,65712199,2026,E-Katalog 6.0,APBD,CAKRAWALA MEDIA INFORMASI,E-Purchasing,Jasa Lainnya,"Beban Jasa Iklan/Reklame, Film, dan Pemotretan",ON PROCESS,1200000,1200000
KAB. KAUR,"DINAS KOMUNIKASI, INFORMATIKA, STATISTIK DAN PERSANDIAN - 2.16.2.20.2.21.01.0000",01KWGX4GWBDSB7XPK0K2GDSYT6,66980049,2026,E-Katalog 6.0,APBD,TRIBUN DIGITAL BENGKULU,E-Purchasing,Jasa Lainnya,"Belanja Jasa Iklan/Reklame, Film, dan Pemotretan",ON PROCESS,1200000,1200000
KAB. KAUR,DINAS PENDIDIKAN DAN KEBUDAYAAN - 1.01.2.22.0.00.01.0000,01KV52RAS8QT6BX5914HMBG68H,67239483,2026,E-Katalog 6.0,APBD,TAHIRIN,E-Purchasing,Barang,Belanja Alat/Bahan untuk Kegiatan Kantor- Kertas dan Cover,ON PROCESS,3718500,3718500
KAB. KAUR,SEKRETARIAT DAERAH - 4.01.2.10.5.06.01.0000,01KPQAPD73556C7SASZ889HDHX,66963950,2026,E-Katalog 6.0,APBD,RERUCA ENTERTAIMENT GROUP,E-Purchasing,Barang,BELANJA MODAL MEBEL,ON PROCESS,2200000,2200000
KAB. KAUR,SEKRETARIAT DAERAH - 4.01.2.10.5.06.01.0000,01KF158DKS1H5ME055PH158ZAB,63487630,2026,E-Katalog 6.0,APBD,BUDIANTO,E-Purchasing,Barang,MAKAN MINUM FASILITAS KUNJUNGAN TAMU,ON PROCESS,300000000,300000000
KAB. KAUR,"DINAS KOMUNIKASI, INFORMATIKA, STATISTIK DAN PERSANDIAN - 2.16.2.20.2.21.01.0000",01KKATHQSEAK47R8081EM9NXS0,63111243,2026,E-Katalog 6.0,APBD,YUSMAN,E-Purchasing,Jasa Lainnya,"Belanja Jasa Iklan/Reklame, Film, dan Pemotretan",ON PROCESS,3600000,3600000
KAB. KAUR,SEKRETARIAT DPRD - 4.02.0.00.0.00.01.0000,01KS44Z06AZB1P7DJ4HWJTCQ1D,65712199,2026,E-Katalog 6.0,APBD,MARIO CYBER MEDIA,E-Purchasing,Jasa Lainnya,"Beban Jasa Iklan/Reklame, Film, dan Pemotretan",ON PROCESS,1200000,1200000
KAB. KAUR,"DINAS PENGENDALIAN PENDUDUK, KELUARGA BERENCANA, PEMBERDAYAAN PEREMPUAN DAN PERLINDUNGAN ANAK - 2.08.2.14.0.00.01.0000",01KMQ0B7TBETVVXDBG9K74M7AT,64792137,2026,E-Katalog 6.0,APBD,YUNIAR HASTUTI,E-Purchasing,Barang,Belanja Makanan dan Minuman Aktivitas Lapangan,ON PROCESS,6815400,6815400
KAB. KAUR,DINAS PEMBERDAYAAN MASYARAKAT DAN DESA - 2.13.0.00.0.00.01.0000,01KJ4KX6ZXBFYKDQGM9T06ZJXG,65659590,2026,E-Katalog 6.0,APBD,RONI,E-Purchasing,Barang,Belanja Makan Minum Arisan Bulan Februari Kegiatan Fasilitasi Tim Pergerak PKK dalam Penyelenggaraan Gerakan Pemberdayaan Masyarakat dan Kesejahteraan Keluarga ,ON PROCESS,7500000,7500000
KAB. KAUR,"DINAS PENGENDALIAN PENDUDUK, KELUARGA BERENCANA, PEMBERDAYAAN PEREMPUAN DAN PERLINDUNGAN ANAK - 2.08.2.14.0.00.01.0000",01KKDN12NN6E2JMJB2TJV6XE9C,64997670,2026,E-Katalog 6.0,APBD,DONI APRIZAL,E-Purchasing,Barang,Belanja Alat/Bahan untuk Kegiatan Kantor- Kertas dan Cover,ON PROCESS,2264400,2264400
KAB. KAUR,SEKRETARIAT DPRD - 4.02.0.00.0.00.01.0000,01KS26BDQD4NS8WWPYVDF0RTPT,65712199,2026,E-Katalog 6.0,APBD,SUARA MASSA MEDIA,E-Purchasing,Jasa Lainnya,"Beban Jasa Iklan/Reklame, Film, dan Pemotretan",ON PROCESS,1200000,1200000
KAB. KAUR,DINAS PENDIDIKAN DAN KEBUDAYAAN - 1.01.2.22.0.00.01.0000,01KPDB6W7KCMEMSR771XDM64Q6,65680670,2026,E-Katalog 6.0,APBD,DONI APRIZAL,E-Purchasing,Barang,Belanja Alat/Bahan untuk Kegiatan Kantor-Alat Tulis Kantor,ON PROCESS,30047922,30047922
KAB. KAUR,BADAN PENGELOLAAN KEUANGAN DAN ASET DAERAH - 5.02.0.00.0.00.01.0000,01KS4EM5G7249B5VW1KH8K60Y8,63620085,2026,E-Katalog 6.0,APBD,DONI APRIZAL,E-Purchasing,Barang,Jilid,ON PROCESS,2890440,2890440
KAB. KAUR,"DINAS PERUMAHAN, KAWASAN PERMUKIMAN DAN PERTANAHAN - 1.04.2.10.0.00.01.0000",01KVCFZ878TBWVP1Z9NKDSHWYJ,62843425,2026,E-Katalog 6.0,APBD,TAHIRIN,E-Purchasing,Barang,Belanja Alat/Bahan untuk Kegiatan Kantor-Alat Tulis Kantor,ON PROCESS,1822620,1822620
KAB. KAUR,SEKRETARIAT DPRD - 4.02.0.00.0.00.01.0000,01KKC5FGYR8BSX6D3AGHXT8XV7,65712199,2026,E-Katalog 6.0,APBD,MEDIA LOREN BERSINAR,E-Purchasing,Jasa Lainnya,"Beban Jasa Iklan/Reklame, Film, dan Pemotretan",ON PROCESS,1200000,1200000
KAB. KAUR,"DINAS PERUMAHAN, KAWASAN PERMUKIMAN DAN PERTANAHAN - 1.04.2.10.0.00.01.0000",01KJ4DERSS9G58TCFJBBYDE053,62858172,2026,E-Katalog 6.0,APBD,TAHIRIN,E-Purchasing,Barang,Belanja Alat/Bahan untuk Kegiatan Kantor- Kertas dan Cover,ON PROCESS,704850,704850
KAB. KAUR,"DINAS PENGENDALIAN PENDUDUK, KELUARGA BERENCANA, PEMBERDAYAAN PEREMPUAN DAN PERLINDUNGAN ANAK - 2.08.2.14.0.00.01.0000",01KQS1B9YY8Z9J6KY836MGZ725,65004529,2026,E-Katalog 6.0,APBD,DONI APRIZAL,E-Purchasing,Barang,Belanja Alat/Bahan untuk Kegiatan Kantor- Bahan Cetak,ON PROCESS,288600,288600
KAB. KAUR,DINAS PENDIDIKAN DAN KEBUDAYAAN - 1.01.2.22.0.00.01.0000,01KQRKDWXHQXQ7S4CTMKQWEAYF,67048465,2026,E-Katalog 6.0,APBD,TAHIRIN,E-Purchasing,Barang,Belanja Alat/Bahan untuk Kegiatan Kantor-Alat Tulis Kantor,ON PROCESS,949050,949050
KAB. KAUR,"DINAS KOMUNIKASI, INFORMATIKA, STATISTIK DAN PERSANDIAN - 2.16.2.20.2.21.01.0000",01KHATRYD3G6PDMY37H0VW77YM,63111243,2026,E-Katalog 6.0,APBD,WAHANA SEMESTA RADAR KOTA,E-Purchasing,Jasa Lainnya,"Belanja Jasa Iklan/Reklame, Film, dan Pemotretan",ON PROCESS,15000000,15000000
KAB. KAUR,DINAS PARIWISATA - 3.26.0.00.0.00.01.0000,01KPCV2PAZKB3904W5CNHY1W5Q,63410538,2026,E-Katalog 6.0,APBD,ANISAH,E-Purchasing,Barang,Belanja Alat/Bahan untuk Kegiatan Kantor-Alat Tulis Kantor,ON PROCESS,384000,384000
KAB. KAUR,DINAS PERPUSTAKAAN DAN KEARSIPAN - 2.23.2.24.0.00.01.0000,01KP52RPQXVVAJYTKPHWWRCA7Z,63394046,2026,E-Katalog 6.0,APBD,TAHIRIN,E-Purchasing,Barang,Belanja Alat/Bahan untuk Kegiatan Kantor-Bahan Komputer,ON PROCESS,150960,150960
KAB. KAUR,"DINAS KOMUNIKASI, INFORMATIKA, STATISTIK DAN PERSANDIAN - 2.16.2.20.2.21.01.0000",01KK0YE40N8M1A61C7FT20T2P3,63111243,2026,E-Katalog 6.0,APBD,SAHABAT NUKILA MULTIMEDIA,E-Purchasing,Jasa Lainnya,"Belanja Jasa Iklan/Reklame, Film, dan Pemotretan",ON PROCESS,3599730,3599730
KAB. KAUR,DINAS PEMBERDAYAAN MASYARAKAT DAN DESA - 2.13.0.00.0.00.01.0000,01KT9H2TMXD3AP1QH83YQW779D,62867143,2026,E-Katalog 6.0,APBD,RONI,E-Purchasing,Barang,Belanja Makanan dan Minuman Aktivitas Lapangan,ON PROCESS,99900,99900
KAB. KAUR,DINAS PERPUSTAKAAN DAN KEARSIPAN - 2.23.2.24.0.00.01.0000,01KT6EJPB13XJSN7VJ2218KBTV,63434702,2026,E-Katalog 6.0,APBD,MESI YULIANA,E-Purchasing,Barang,Belanja Makanan dan Minuman Aktivitas Lapangan,ON PROCESS,5376000,5376000
KAB. KAUR,RUMAH SAKIT UMUM DAERAH - 1.02.0.00.0.00.01.0001,01KGEQW2534JQB1HR4MKP8CR1Q,64818763,2026,E-Katalog 6.0,APBD,AREO TEKNIK SEJAHTERA,E-Purchasing,Barang,Penyediaan Komponen Instalasi Listrik/Penerangan Bangunan Kantor,ON PROCESS,994504500,994504500
KAB. KAUR,DINAS PENANAMAN MODAL DAN PELAYANAN TERPADU SATU PINTU - 2.18.0.00.0.00.01.0000,01KQ96TA8YJZ7YC5X5E93T4XXF,65441960,2026,E-Katalog 6.0,APBD,DONI APRIZAL,E-Purchasing,Barang,Belanja Alat/Bahan untuk Kegiatan Kantor-Perabot Kantor,ON PROCESS,2398710,2398710
KAB. KAUR,DINAS PEKERJAAN UMUM DAN PENATAAN RUANG - 1.03.0.00.0.00.01.0000,10899351000,65319295,2026,Non Tender,APBD,PT. CIPTA WAHANA KONSULTAN,Pengadaan Langsung,Jasa Konsultansi Badan Usaha Konstruksi,Pengawasan Pembangunan Sumur Bor Sekolah Rakyat,BERLANGSUNG,39724070,39724070
KAB. KAUR,"DINAS KOMUNIKASI, INFORMATIKA, STATISTIK DAN PERSANDIAN - 2.16.2.20.2.21.01.0000",01KS1TGT73T68M368YB4KNFSA9,66980049,2026,E-Katalog 6.0,APBD,MEDIA ONLINE NEWSIKAL,E-Purchasing,Jasa Lainnya,"Belanja Jasa Iklan/Reklame, Film, dan Pemotretan",ON PROCESS,4800000,4800000
KAB. KAUR,DINAS SOSIAL - 1.06.0.00.0.00.01.0000,01KTXB8RMTAHCRCRE6AC83F88R,66166605,2026,E-Katalog 6.0,APBD,TAHIRIN,E-Purchasing,Barang,Belanja Alat/Bahan untuk Kegiatan Kantor- Kertas dan Cover,ON PROCESS,3108000,3108000
KAB. KAUR,SEKRETARIAT DPRD - 4.02.0.00.0.00.01.0000,01KS43T933HRFCMCWPFQ1DC9QJ,65712199,2026,E-Katalog 6.0,APBD,KONTRAS MEDIA GRUP,E-Purchasing,Jasa Lainnya,"Beban Jasa Iklan/Reklame, Film, dan Pemotretan",ON PROCESS,1200000,1200000
KAB. KAUR,"DINAS KOMUNIKASI, INFORMATIKA, STATISTIK DAN PERSANDIAN - 2.16.2.20.2.21.01.0000",01KJCCJNW8DH4Y22PD2PMJX8N9,63111243,2026,E-Katalog 6.0,APBD,MEDIA TRIBUN CHANNEL,E-Purchasing,Jasa Lainnya,"Belanja Jasa Iklan/Reklame, Film, dan Pemotretan",ON PROCESS,3600000,3600000
KAB. KAUR,SEKRETARIAT DPRD - 4.02.0.00.0.00.01.0000,01KJXY694ECQYK1XED72REF0FG,65712199,2026,E-Katalog 6.0,APBD,RIZKY PRATAMA MANDIRI KAUR,E-Purchasing,Jasa Lainnya,"Beban Jasa Iklan/Reklame, Film, dan Pemotretan",ON PROCESS,1200000,1200000
KAB. KAUR,"DINAS KOMUNIKASI, INFORMATIKA, STATISTIK DAN PERSANDIAN - 2.16.2.20.2.21.01.0000",01KJED3S3SGFZP1CCRW0X4MNP5,63111243,2026,E-Katalog 6.0,APBD,SEMARAK BENGKULU PERMAI,E-Purchasing,Jasa Lainnya,"Belanja Jasa Iklan/Reklame, Film, dan Pemotretan",ON PROCESS,11000000,11000000
KAB. KAUR,"DINAS KOMUNIKASI, INFORMATIKA, STATISTIK DAN PERSANDIAN - 2.16.2.20.2.21.01.0000",01KJVM1CJPBK73VNGANEGGHK1J,63111243,2026,E-Katalog 6.0,APBD,MEDIA ONLINE SRIWIJAYA,E-Purchasing,Jasa Lainnya,"Belanja Jasa Iklan/Reklame, Film, dan Pemotretan",ON PROCESS,3600000,3600000
KAB. KAUR,"DINAS KOMUNIKASI, INFORMATIKA, STATISTIK DAN PERSANDIAN - 2.16.2.20.2.21.01.0000",01KKATET4QEK5WWHZSZ7477R4W,63111243,2026,E-Katalog 6.0,APBD,BENGKULU NETWORK MEDIATAMA,E-Purchasing,Jasa Lainnya,"Belanja Jasa Iklan/Reklame, Film, dan Pemotretan",ON PROCESS,3600000,3600000
KAB. KAUR,DINAS PENDIDIKAN DAN KEBUDAYAAN - 1.01.2.22.0.00.01.0000,01KPD7E7PHC3502XZE4392P9B0,65679803,2026,E-Katalog 6.0,APBD,DONI APRIZAL,E-Purchasing,Barang,Belanja Alat/Bahan untuk Kegiatan Kantor-Bahan Komputer,ON PROCESS,2719500,2719500
KAB. KAUR,DINAS KESEHATAN - 1.02.0.00.0.00.01.0000,01KJPCDRT89HS6C7FP9960NSKR,65869185,2026,E-Katalog 6.0,APBD,FERDIYANSAH,E-Purchasing,Barang,Belanja Alat/Bahan untuk Kegiatan Kantor-Alat Tulis Kantor,ON PROCESS,16485776,16485776
KAB. KAUR,SEKRETARIAT DPRD - 4.02.0.00.0.00.01.0000,01KVEV53EWT2KFYVE45ANSFCPE,65712199,2026,E-Katalog 6.0,APBD,SATUJUANG JAYA ABADI,E-Purchasing,Jasa Lainnya,"Beban Jasa Iklan/Reklame, Film, dan Pemotretan",ON PROCESS,1200000,1200000
KAB. KAUR,"DINAS PENGENDALIAN PENDUDUK, KELUARGA BERENCANA, PEMBERDAYAAN PEREMPUAN DAN PERLINDUNGAN ANAK - 2.08.2.14.0.00.01.0000",01KKDVQB7DDSKSDKJ8GYA07QYF,64993925,2026,E-Katalog 6.0,APBD,YUNIAR HASTUTI,E-Purchasing,Barang,Belanja Makanan dan Minuman Aktivitas Lapangan,ON PROCESS,15621030,15621030
KAB. KAUR,"DINAS KOMUNIKASI, INFORMATIKA, STATISTIK DAN PERSANDIAN - 2.16.2.20.2.21.01.0000",01KS6VAYP91YGPAJMPJARYCWQG,66980049,2026,E-Katalog 6.0,APBD,INDONESIA MONITORING NEWS,E-Purchasing,Jasa Lainnya,"Belanja Jasa Iklan/Reklame, Film, dan Pemotretan",ON PROCESS,2400000,2400000
KAB. KAUR,"DINAS PENGENDALIAN PENDUDUK, KELUARGA BERENCANA, PEMBERDAYAAN PEREMPUAN DAN PERLINDUNGAN ANAK - 2.08.2.14.0.00.01.0000",01KNGYERP1BTBNHPHDTS5WAAN4,64703006,2026,E-Katalog 6.0,APBD,TAHIRIN,E-Purchasing,Barang,Belanja Alat/Bahan untuk Kegiatan Kantor- Bahan Cetak,ON PROCESS,155400,155400
KAB. KAUR,"DINAS KOMUNIKASI, INFORMATIKA, STATISTIK DAN PERSANDIAN - 2.16.2.20.2.21.01.0000",01KJVWJJ2BBB7NCWBGAR8JXCKQ,63111243,2026,E-Katalog 6.0,APBD,SUARA TEGO TONAS,E-Purchasing,Jasa Lainnya,"Belanja Jasa Iklan/Reklame, Film, dan Pemotretan",ON PROCESS,3600000,3600000
KAB. KAUR,DINAS KESEHATAN - 1.02.0.00.0.00.01.0000,01KQY2SQJXFNQY68B862H0FTMQ,66084181,2026,E-Katalog 6.0,APBD,OTSUKA INDONESIA,E-Purchasing,Barang,Belanja Obat-Obatan-Obat,ON PROCESS,55256444,55256444
KAB. KAUR,DINAS PEKERJAAN UMUM DAN PENATAAN RUANG - 1.03.0.00.0.00.01.0000,10810828000,65765498,2026,Non Tender,APBD,CV. SINAR JAYA ENGINEERING,Pengadaan Langsung,Jasa Konsultansi Badan Usaha Konstruksi,Perencanaan Jalan Tanjung Bulan Sentra Produksi Tanjung Bulan ( Bahu Jalan ) Kec. Tanjung Kemuning,SELESAI,30583136,30583136
KAB. KAUR,DINAS PERPUSTAKAAN DAN KEARSIPAN - 2.23.2.24.0.00.01.0000,01KTNKQ1NS1AJYREVAG5D0SVFW,63395595,2026,E-Katalog 6.0,APBD,ANISAH,E-Purchasing,Barang,Belanja Alat/Bahan untuk Kegiatan Kantor-Alat Tulis Kantor,ON PROCESS,1110000,1110000
KAB. KAUR,DINAS PEKERJAAN UMUM DAN PENATAAN RUANG - 1.03.0.00.0.00.01.0000,01KKEHBAPDM9ENB07N3NF2NZTG,65116976,2026,E-Katalog 6.0,APBD,FERDIYANSAH,E-Purchasing,Barang,Belanja Alat/Bahan untuk Kegiatan Kantor-Bahan Komputer,PAYMENT OUTSIDE SYSTEM,294150,294150
KAB. KAUR,"DINAS KOMUNIKASI, INFORMATIKA, STATISTIK DAN PERSANDIAN - 2.16.2.20.2.21.01.0000",01KP5EPA2QAAJEEEF7MG4FWTAN,63111243,2026,E-Katalog 6.0,APBD,BANYU WULU INTERMEDIA,E-Purchasing,Jasa Lainnya,"Belanja Jasa Iklan/Reklame, Film, dan Pemotretan",ON PROCESS,7200000,7200000
KAB. KAUR,SEKRETARIAT DAERAH - 4.01.2.10.5.06.01.0000,01KH3E8CD5609SXDEBYQJCDD4Y,63531965,2026,E-Katalog 6.0,APBD,ANISAH,E-Purchasing,Barang,Belanja Alat/Bahan untuk Kegiatan Kantor- Bahan Cetak,ON PROCESS,750000,750000
KAB. KAUR,DINAS PEMBERDAYAAN MASYARAKAT DAN DESA - 2.13.0.00.0.00.01.0000,01KN3Q0ZHYCCRNFK8CCDN02FKJ,62867138,2026,E-Katalog 6.0,APBD,DONI APRIZAL,E-Purchasing,Barang,Belanja Alat/Bahan untuk Kegiatan Kantor-Bahan Komputer,ON PROCESS,721500,721500
KAB. KAUR,SEKRETARIAT DPRD - 4.02.0.00.0.00.01.0000,01KKC6NDA7EAC2QD2HWNY7YACA,65712196,2026,E-Katalog 6.0,APBD,MEDIA BENGKULU EKSPRESS,E-Purchasing,Jasa Lainnya,-,ON PROCESS,10000000,10000000
KAB. KAUR,"DINAS KOMUNIKASI, INFORMATIKA, STATISTIK DAN PERSANDIAN - 2.16.2.20.2.21.01.0000",01KW94AHGFVZDQQE06EYR4ABGF,66980049,2026,E-Katalog 6.0,APBD,ARSIL CIPTA INTERMEDIA,E-Purchasing,Jasa Lainnya,"Belanja Jasa Iklan/Reklame, Film, dan Pemotretan",ON PROCESS,15000000,15000000
KAB. KAUR,DINAS PENDIDIKAN DAN KEBUDAYAAN - 1.01.2.22.0.00.01.0000,01KRDA3KN0S58MGQJMTNA6REWJ,66012279,2026,E-Katalog 6.0,APBD,GINA PURWANTI,E-Purchasing,Barang,Belanja Makanan dan Minuman Aktivitas Lapangan,ON PROCESS,6840000,6840000
KAB. KAUR,DINAS KESEHATAN - 1.02.0.00.0.00.01.0000,01KWBHYRM22RNEWYSY5FEDNF3H,65922477,2026,E-Katalog 6.0,APBD,FERDIYANSAH,E-Purchasing,Barang,Belanja Alat/Bahan untuk Kegiatan Kantor-Alat Tulis Kantor,ON PROCESS,9507416,9507416
KAB. KAUR,RUMAH SAKIT UMUM DAERAH - 1.02.0.00.0.00.01.0001,01KRDA83RW3X0EAFFE87913M4T,63895690,2026,E-Katalog 6.0,BLUD,MEDI KHARISMA INTERNATIONAL,E-Purchasing,Barang,Belanja Barang dan Jasa BLUD,ON PROCESS,29526000,29526000
KAB. KAUR,SEKRETARIAT DPRD - 4.02.0.00.0.00.01.0000,01KJP7C9FP6BFR0V0JT43WVQGY,65712199,2026,E-Katalog 6.0,APBD,RIZKY GEMILANG JAYA,E-Purchasing,Jasa Lainnya,"Beban Jasa Iklan/Reklame, Film, dan Pemotretan",ON PROCESS,1199910,1199910
KAB. KAUR,"BADAN PERENCANAAN PEMBANGUNAN, RISET DAN INOVASI DAERAH - 5.01.5.05.0.00.01.0000",10116853000,63282307,2026,Tender,APBD,PT. Munasa Kreasi Nusantara,Seleksi,Jasa Konsultansi Badan Usaha Konstruksi,Beban Jasa Konsultansi Perencanaan Penataan Ruang-Jasa Perencanaan Wilayah (Penyusunan Dokumen Rencana Induk Sistem Pengelolaan Air Limbah Kabupaten Kaur),SELESAI,464002200,464002200
KAB. KAUR,DINAS PARIWISATA - 3.26.0.00.0.00.01.0000,01KJ4681TSE437W38ASEEGYK92,63407493,2026,E-Katalog 6.0,APBD,FERDIYANSAH,E-Purchasing,Barang,Belanja Alat/Bahan untuk Kegiatan Kantor- Kertas dan Cover,ON PROCESS,8152950,8152950
KAB. KAUR,SEKRETARIAT DPRD - 4.02.0.00.0.00.01.0000,01KJPH0GW35D0EBM2YGV0VK5VH,65712199,2026,E-Katalog 6.0,APBD,MEDIA SNIPER NUSANTARA,E-Purchasing,Jasa Lainnya,"Beban Jasa Iklan/Reklame, Film, dan Pemotretan",ON PROCESS,1200000,1200000
KAB. KAUR,DINAS PENDIDIKAN DAN KEBUDAYAAN - 1.01.2.22.0.00.01.0000,01KQECSVJZC1JK82F8EKB9EM84,65666570,2026,E-Katalog 6.0,APBD,DONI APRIZAL,E-Purchasing,Barang,Belanja Alat/Bahan untuk Kegiatan Kantor-Bahan Komputer,ON PROCESS,888000,888000
KAB. KAUR,"DINAS KOMUNIKASI, INFORMATIKA, STATISTIK DAN PERSANDIAN - 2.16.2.20.2.21.01.0000",01KJVN5A6F5Q2A6AV6E84FWMTY,63111243,2026,E-Katalog 6.0,APBD,PORTAL MEDIA DIGITAL,E-Purchasing,Jasa Lainnya,"Belanja Jasa Iklan/Reklame, Film, dan Pemotretan",ON PROCESS,3599730,3599730
KAB. KAUR,DINAS PARIWISATA - 3.26.0.00.0.00.01.0000,01KT3NY8Y8308C2C724MPJJ6CS,63716153,2026,E-Katalog 6.0,APBD,RIZKY PRATAMA MANDIRI KAUR,E-Purchasing,Jasa Lainnya,"Belanja Jasa Iklan/Reklame, Film, dan Pemotretan",ON PROCESS,1000000,0
KAB. KAUR,"DINAS KOMUNIKASI, INFORMATIKA, STATISTIK DAN PERSANDIAN - 2.16.2.20.2.21.01.0000",01KS6TVR31EM00SW6XTV65VXET,66980049,2026,E-Katalog 6.0,APBD,YAGA YINGDE JAMBI,E-Purchasing,Jasa Lainnya,"Belanja Jasa Iklan/Reklame, Film, dan Pemotretan",ON PROCESS,7492500,7492500
KAB. KAUR,SEKRETARIAT DPRD - 4.02.0.00.0.00.01.0000,01KTN1C4FAYPZHQ39FX4TSGB0T,65712199,2026,E-Katalog 6.0,APBD,RAKYAT INDEPENDEN MEDIA,E-Purchasing,Jasa Lainnya,"Beban Jasa Iklan/Reklame, Film, dan Pemotretan",ON PROCESS,1000000,1000000
KAB. KAUR,SEKRETARIAT DAERAH - 4.01.2.10.5.06.01.0000,01KF13KQKNT2SB0BR2WXGK8PZ3,63495055,2026,E-Katalog 6.0,APBD,TITIN MARLENA,E-Purchasing,Barang,Makan Minum Jamuan Tamu Oprasional Kepala Daerah dan Wakil Kepala Daerah,ON PROCESS,224775000,224775000
KAB. KAUR,DINAS KESEHATAN - 1.02.0.00.0.00.01.0000,01KVS5KNKNWFJRB96HKS5FFPDC,66609952,2026,E-Katalog 6.0,APBD,YODAN PERMATA BUNGA,E-Purchasing,Barang,Belanja Makanan dan Minuman pada Fasilitas Pelayanan Urusan Kesehatan,ON PROCESS,21700000,21700000
KAB. KAUR,"DINAS KOMUNIKASI, INFORMATIKA, STATISTIK DAN PERSANDIAN - 2.16.2.20.2.21.01.0000",01KKASGF3SCEQ42QW54Z0W8AAQ,63111243,2026,E-Katalog 6.0,APBD,WAHANA BINTANG MEDIA,E-Purchasing,Jasa Lainnya,"Belanja Jasa Iklan/Reklame, Film, dan Pemotretan",ON PROCESS,2400000,2400000
KAB. KAUR,RUMAH SAKIT UMUM DAERAH - 1.02.0.00.0.00.01.0001,01KGH708EWVQRTA4Y4PFBJWYD5,64064399,2026,E-Katalog 6.0,APBD,BUMI INDAH PUTRA,E-Purchasing,Barang,Belanja Modal Alat Kedokteran Lainnya (Rawat Inap VIP dan KRIS),ON PROCESS,59940000,59940000
KAB. KAUR,DINAS PENDIDIKAN DAN KEBUDAYAAN - 1.01.2.22.0.00.01.0000,01KQRKWM4MXH254DWTZ185VVQX,67048490,2026,E-Katalog 6.0,APBD,TAHIRIN,E-Purchasing,Barang,Belanja Alat/Bahan untuk Kegiatan Kantor-Bahan Komputer,ON PROCESS,512820,512820
KAB. KAUR,DINAS PEKERJAAN UMUM DAN PENATAAN RUANG - 1.03.0.00.0.00.01.0000,01KKH8HQ5B8ZK72NCSJ637YRG4,65117206,2026,E-Katalog 6.0,APBD,FERDIYANSAH,E-Purchasing,Barang,Belanja Alat/Bahan untuk Kegiatan Kantor-Alat Tulis Kantor,PAYMENT OUTSIDE SYSTEM,982350,982350
KAB. KAUR,"BADAN PERENCANAAN PEMBANGUNAN, RISET DAN INOVASI DAERAH - 5.01.5.05.0.00.01.0000",10813946000,66230939,2026,Non Tender,APBD,PT. REKAPRIMA SELANTIGA,Pengadaan Langsung,Jasa Konsultansi Badan Usaha Konstruksi,Beban Jasa Konsultansi Perencanaan Penataan Ruang-Jasa Perencanaan Wilayah (Dokumen Kajian Perencanaan Layanan Lumpur Tinja Terjadwal),SELESAI,94660356,94660356
KAB. KAUR,BADAN PENGELOLAAN KEUANGAN DAN ASET DAERAH - 5.02.0.00.0.00.01.0000,01KPQ507R1JZ85ME98M7QBKP38,66638505,2026,E-Katalog 6.0,APBD,BUDIANTO,E-Purchasing,Barang,Belanja Natura dan Pakan-Natura,ON PROCESS,4995000,4995000
KAB. KAUR,SEKRETARIAT DPRD - 4.02.0.00.0.00.01.0000,01KVEVK95FW879BXAGD6DXCQ9C,65712199,2026,E-Katalog 6.0,APBD,LINTAS MEDIA MANDIRI,E-Purchasing,Jasa Lainnya,"Beban Jasa Iklan/Reklame, Film, dan Pemotretan",ON PROCESS,1200000,1200000
KAB. KAUR,DINAS PARIWISATA - 3.26.0.00.0.00.01.0000,01KN1C6VH27ZAE93AE9H9GDRYN,63611382,2026,E-Katalog 6.0,APBD,FERDIYANSAH,E-Purchasing,Barang,Belanja Alat/Bahan untuk Kegiatan Kantor-Alat Tulis Kantor,ON PROCESS,519369,519369
KAB. KAUR,"DINAS KOMUNIKASI, INFORMATIKA, STATISTIK DAN PERSANDIAN - 2.16.2.20.2.21.01.0000",01KJVS0JR3WVHSE3M581PW0MKJ,63111243,2026,E-Katalog 6.0,APBD,INSPIRASI KARYA MEDIA,E-Purchasing,Jasa Lainnya,"Belanja Jasa Iklan/Reklame, Film, dan Pemotretan",ON PROCESS,3599730,3599730
KAB. KAUR,"DINAS PENGENDALIAN PENDUDUK, KELUARGA BERENCANA, PEMBERDAYAAN PEREMPUAN DAN PERLINDUNGAN ANAK - 2.08.2.14.0.00.01.0000",01KQS1PN96YYW1JJPY7W76QRG9,65003857,2026,E-Katalog 6.0,APBD,DONI APRIZAL,E-Purchasing,Barang,Belanja Alat/Bahan untuk Kegiatan Kantor-Bahan Komputer,ON PROCESS,1235430,1235430
KAB. KAUR,DINAS KESEHATAN - 1.02.0.00.0.00.01.0000,01KQXREHXCW0P74NQNFZZABBTQ,64596293,2026,E-Katalog 6.0,APBD,FERDIYANSAH,E-Purchasing,Barang,Belanja Alat/Bahan untuk Kegiatan Kantor-Bahan Komputer,ON PROCESS,4878450,4878450
KAB. KAUR,"DINAS KOMUNIKASI, INFORMATIKA, STATISTIK DAN PERSANDIAN - 2.16.2.20.2.21.01.0000",01KS6ZS2XSP4SJME4BDM98TQ89,66980049,2026,E-Katalog 6.0,APBD,DIGITAL MEDIA INFORMATIF,E-Purchasing,Jasa Lainnya,"Belanja Jasa Iklan/Reklame, Film, dan Pemotretan",ON PROCESS,1200000,1200000
KAB. KAUR,DINAS PARIWISATA - 3.26.0.00.0.00.01.0000,01KRFMAV3FHPQAFKXV92741DD3,63716142,2026,E-Katalog 6.0,APBD,AZRA,E-Purchasing,Barang,Belanja Makanan dan Minuman Aktivitas Lapangan,ON PROCESS,75474450,75474450
KAB. KAUR,"DINAS PENGENDALIAN PENDUDUK, KELUARGA BERENCANA, PEMBERDAYAAN PEREMPUAN DAN PERLINDUNGAN ANAK - 2.08.2.14.0.00.01.0000",01KW14TCC1JHDN2NC8F8ZKGTYS,65003854,2026,E-Katalog 6.0,APBD,DONI APRIZAL,E-Purchasing,Barang,Belanja Alat/Bahan untuk Kegiatan Kantor-Alat Tulis Kantor,ON PROCESS,1530002,1530002
KAB. KAUR,"DINAS KOMUNIKASI, INFORMATIKA, STATISTIK DAN PERSANDIAN - 2.16.2.20.2.21.01.0000",01KJEC990E24BYZAH41TAKZAND,63111243,2026,E-Katalog 6.0,APBD,BANYU WULU INTERMEDIA,E-Purchasing,Jasa Lainnya,"Belanja Jasa Iklan/Reklame, Film, dan Pemotretan",ON PROCESS,12000000,12000000
KAB. KAUR,DINAS PEKERJAAN UMUM DAN PENATAAN RUANG - 1.03.0.00.0.00.01.0000,10139737000,65339228,2026,Tender,APBD,CV. HIDAYAH DUA SATU,Tender,Pekerjaan Konstruksi,Pembangunan Gedung Pelayanan Satu Pintu Polres Kaur,SELESAI,1315518966,1315518966
KAB. KAUR,DINAS PEKERJAAN UMUM DAN PENATAAN RUANG - 1.03.0.00.0.00.01.0000,01KK8AC8Q0DG8S6HPPBYHSJ0CA,65012856,2026,E-Katalog 6.0,APBD,FERDIYANSAH,E-Purchasing,Barang,Belanja Alat/Bahan untuk Kegiatan Kantor-Alat Tulis Kantor,ON PROCESS,1781550,1781550
KAB. KAUR,DINAS PEKERJAAN UMUM DAN PENATAAN RUANG - 1.03.0.00.0.00.01.0000,01KKHXCDJ8B06VDQ6V0S978D1G,65528464,2026,E-Katalog 6.0,APBD,FERDIYANSAH,E-Purchasing,Barang,Belanja Alat/Bahan untuk Kegiatan Kantor-Bahan Komputer,ON PROCESS,555000,555000
KAB. KAUR,SEKRETARIAT DAERAH - 4.01.2.10.5.06.01.0000,01KPAKF5S0MW0972K7ZPEN6X4Z,63532095,2026,E-Katalog 6.0,APBD,BIRU TEKNOLOGI MULTIMEDIA,E-Purchasing,Barang,Belanja Modal Alat Pendingin,PAYMENT OUTSIDE SYSTEM,6537900,6537900
KAB. KAUR,DINAS PENDIDIKAN DAN KEBUDAYAAN - 1.01.2.22.0.00.01.0000,01KV4T03MRVKS5DSN5F1ZH4N69,67239486,2026,E-Katalog 6.0,APBD,GINA PURWANTI,E-Purchasing,Barang,Belanja Makanan dan Minuman Aktivitas Lapangan,ON PROCESS,249750,249750
KAB. KAUR,"BADAN PERENCANAAN PEMBANGUNAN, RISET DAN INOVASI DAERAH - 5.01.5.05.0.00.01.0000",01KKCYTD60VYYPNDVJAPZ0CP0C,63273015,2026,E-Katalog 6.0,APBD,ANISAH,E-Purchasing,Barang,Belanja Alat/Bahan untuk Kegiatan Kantor-Alat Tulis Kantor,ON PROCESS,721500,721500
KAB. KAUR,DINAS PARIWISATA - 3.26.0.00.0.00.01.0000,01KN10EG24PAF1509TE6C10KRR,63611382,2026,E-Katalog 6.0,APBD,ANISAH,E-Purchasing,Barang,Belanja Alat/Bahan untuk Kegiatan Kantor-Alat Tulis Kantor,ON PROCESS,1731600,1731600
KAB. KAUR,SEKRETARIAT DAERAH - 4.01.2.10.5.06.01.0000,01KPAED9VV4AXDHDYSKVJT57JJ,66779432,2026,E-Katalog 6.0,APBD,RERUCA ENTERTAIMENT GROUP,E-Purchasing,Barang,BELANJA MODAL MEBEL,ON PROCESS,181029500,181029500
KAB. KAUR,"DINAS KOMUNIKASI, INFORMATIKA, STATISTIK DAN PERSANDIAN - 2.16.2.20.2.21.01.0000",01KWGYENYCB7J7MSNK96KPFTVW,66980049,2026,E-Katalog 6.0,APBD,BUNDARAN AGUNG PERKASA,E-Purchasing,Jasa Lainnya,"Belanja Jasa Iklan/Reklame, Film, dan Pemotretan",ON PROCESS,950000,950000
KAB. KAUR,"DINAS KOMUNIKASI, INFORMATIKA, STATISTIK DAN PERSANDIAN - 2.16.2.20.2.21.01.0000",01KHATB53J548DTX97SDABPN72,63111243,2026,E-Katalog 6.0,APBD,MEDIA BENGKULU EKSPRESS,E-Purchasing,Jasa Lainnya,"Belanja Jasa Iklan/Reklame, Film, dan Pemotretan",ON PROCESS,22500000,22500000
KAB. KAUR,DINAS PEKERJAAN UMUM DAN PENATAAN RUANG - 1.03.0.00.0.00.01.0000,10840952000,65765908,2026,Non Tender,APBD,CV. TRISYA MULTIDESAIN Consultant,Pengadaan Langsung,Jasa Konsultansi Badan Usaha Konstruksi,Perencanaan Jalan Desa Tanjung Agung - Genting Kec. Tetap,SELESAI,34754100,34754100
KAB. KAUR,DINAS PARIWISATA - 3.26.0.00.0.00.01.0000,01KN1041DYE1HHHD33EH37SP6B,63611376,2026,E-Katalog 6.0,APBD,ANISAH,E-Purchasing,Barang,Belanja Alat/Bahan untuk Kegiatan Kantor- Bahan Cetak,ON PROCESS,999000,999000
KAB. KAUR,SEKRETARIAT DPRD - 4.02.0.00.0.00.01.0000,01KS45V65BEPBRKP2AGT4B81CW,65712199,2026,E-Katalog 6.0,APBD,WAHANA BINTANG MEDIA,E-Purchasing,Jasa Lainnya,"Beban Jasa Iklan/Reklame, Film, dan Pemotretan",ON PROCESS,2400000,2400000
KAB. KAUR,DINAS PEKERJAAN UMUM DAN PENATAAN RUANG - 1.03.0.00.0.00.01.0000,10121862000,65776615,2026,Tender,APBD,CV. TRISYA MULTIDESAIN Consultant,Seleksi,Jasa Konsultansi Badan Usaha Konstruksi,DED Jembatan Gantung Desa Benua Ratu Kec. Luas,SELESAI,198956400,198956400
KAB. KAUR,DINAS PEMUDA DAN OLAHRAGA - 2.19.0.00.0.00.01.0000,01KQVP3V880KE0EMZSNP9P3Z18,63593722,2026,E-Katalog 6.0,APBD,ANISAH,E-Purchasing,Barang,Belanja Alat/Bahan untuk Kegiatan Kantor-Alat Tulis Kantor,ON PROCESS,59940,59940
KAB. KAUR,RUMAH SAKIT UMUM DAERAH - 1.02.0.00.0.00.01.0001,01KP508QBQNJ17A3ZCH4SJ1Z2K,66883814,2026,E-Katalog 6.0,BLUD,ASNAWI REZA,E-Purchasing,Barang,Belanja Modal Peralatan dan Mesin BLUD,ON PROCESS,31080000,31080000
KAB. KAUR,SEKRETARIAT DPRD - 4.02.0.00.0.00.01.0000,01KS4906VGEX0YT72CR9AT2PRM,65712199,2026,E-Katalog 6.0,APBD,MEDIA LOREN BERSINAR,E-Purchasing,Jasa Lainnya,"Beban Jasa Iklan/Reklame, Film, dan Pemotretan",ON PROCESS,2400000,2400000
KAB. KAUR,BADAN PENGELOLAAN KEUANGAN DAN ASET DAERAH - 5.02.0.00.0.00.01.0000,01KHSTNB5D4CSHPNJ04JTMSE42,63507371,2026,E-Katalog 6.0,APBD,MEDIA JAYA KOMPUTER,E-Purchasing,Barang,Printer,ON PROCESS,14940600,14940600
KAB. KAUR,"DINAS KOMUNIKASI, INFORMATIKA, STATISTIK DAN PERSANDIAN - 2.16.2.20.2.21.01.0000",01KKASQK20Q5XNRCXJRBR9PX1B,63111243,2026,E-Katalog 6.0,APBD,MEDIA ONLINE NEWSIKAL,E-Purchasing,Jasa Lainnya,"Belanja Jasa Iklan/Reklame, Film, dan Pemotretan",ON PROCESS,2400000,2400000
KAB. KAUR,"DINAS PENGENDALIAN PENDUDUK, KELUARGA BERENCANA, PEMBERDAYAAN PEREMPUAN DAN PERLINDUNGAN ANAK - 2.08.2.14.0.00.01.0000",01KNGVDH2VGTR9ZS0FM96SBEMF,64692997,2026,E-Katalog 6.0,APBD,ANISAH,E-Purchasing,Barang,Belanja Alat/Bahan untuk Kegiatan Kantor-Alat Tulis Kantor,ON PROCESS,446220,446220
KAB. KAUR,DINAS PARIWISATA - 3.26.0.00.0.00.01.0000,01KVA15W5WX4GRG4SS1V9CW9HB,63716153,2026,E-Katalog 6.0,APBD,INDUKU LESTARI SEPAHAM JAYA,E-Purchasing,Jasa Lainnya,"Belanja Jasa Iklan/Reklame, Film, dan Pemotretan",ON PROCESS,1200000,1200000
KAB. KAUR,"DINAS KOMUNIKASI, INFORMATIKA, STATISTIK DAN PERSANDIAN - 2.16.2.20.2.21.01.0000",01KJEC42CBA56V6QEGKMQZCRTP,63111243,2026,E-Katalog 6.0,APBD,SIGER LAMPUNG INTER MEDIA,E-Purchasing,Jasa Lainnya,"Belanja Jasa Iklan/Reklame, Film, dan Pemotretan",ON PROCESS,12000000,12000000
KAB. KAUR,DINAS PEKERJAAN UMUM DAN PENATAAN RUANG - 1.03.0.00.0.00.01.0000,10775834000,65318450,2026,Non Tender,APBD,SALSABILLAH ANISA PUTRI,Pengadaan Langsung,Jasa Konsultansi Perorangan Konstruksi,Perencanaan Pembangunan Sumur Bor Sekolah Rakyat,SELESAI,49844550,49844550
KAB. KAUR,DINAS PERPUSTAKAAN DAN KEARSIPAN - 2.23.2.24.0.00.01.0000,01KVYT8EZ0H26XN13Z65QEFZ2X,63392261,2026,E-Katalog 6.0,APBD,TAHIRIN,E-Purchasing,Barang,Belanja Alat/Bahan untuk Kegiatan Kantor-Alat Tulis Kantor,ON PROCESS,1105560,1105560
KAB. KAUR,DINAS KESEHATAN - 1.02.0.00.0.00.01.0000,01KJPDMQGBTAE2CJAGWS9KSHQM,65869182,2026,E-Katalog 6.0,APBD,FERDIYANSAH,E-Purchasing,Barang,Belanja Alat/Bahan untuk Kegiatan Kantor- Kertas dan Cover,ON PROCESS,4828500,4828500
KAB. KAUR,"DINAS PERUMAHAN, KAWASAN PERMUKIMAN DAN PERTANAHAN - 1.04.2.10.0.00.01.0000",01KKK4YDAG8RFVYZ4V40WBVF08,62874764,2026,E-Katalog 6.0,APBD,TAHIRIN,E-Purchasing,Barang,Belanja Alat/Bahan untuk Kegiatan Kantor- Kertas dan Cover,ON PROCESS,3230100,3230100
KAB. KAUR,"BADAN PERENCANAAN PEMBANGUNAN, RISET DAN INOVASI DAERAH - 5.01.5.05.0.00.01.0000",01KKC5ZN3HMFHM0GMMBFZNKFFH,63273192,2026,E-Katalog 6.0,APBD,TAHIRIN,E-Purchasing,Barang,Belanja Alat/Bahan untuk Kegiatan Kantor-Alat Tulis Kantor,ON PROCESS,3957150,3957150
KAB. KAUR,BADAN PENGELOLAAN KEUANGAN DAN ASET DAERAH - 5.02.0.00.0.00.01.0000,01KTX39SXN8AS35VDHAPX6KMS9,63819276,2026,E-Katalog 6.0,APBD,ERA BARU,E-Purchasing,Barang,Belanja Cetak Buku,ON PROCESS,49950000,49950000
KAB. KAUR,"DINAS PENGENDALIAN PENDUDUK, KELUARGA BERENCANA, PEMBERDAYAAN PEREMPUAN DAN PERLINDUNGAN ANAK - 2.08.2.14.0.00.01.0000",01KQ980F6HNV14182WZW5HTCMF,64998218,2026,E-Katalog 6.0,APBD,MESI YULIANA,E-Purchasing,Barang,Belanja Makanan dan Minuman Aktivitas Lapangan,ON PROCESS,5576000,5576000
KAB. KAUR,SEKRETARIAT DPRD - 4.02.0.00.0.00.01.0000,01KJY0D1B9H9YGN9N7YNR77J0S,64237239,2026,E-Katalog 6.0,APBD,DONI APRIZAL,E-Purchasing,Barang,Belanja Alat/Bahan untuk Kegiatan Kantor-Bahan Komputer,ON PROCESS,577200,577200
KAB. KAUR,"DINAS KOMUNIKASI, INFORMATIKA, STATISTIK DAN PERSANDIAN - 2.16.2.20.2.21.01.0000",01KS23F6RPZD11M3MCKBNFFP6B,66980049,2026,E-Katalog 6.0,APBD,TITI FIRDA KUSNI,E-Purchasing,Jasa Lainnya,"Belanja Jasa Iklan/Reklame, Film, dan Pemotretan",ON PROCESS,4800000,4800000
KAB. KAUR,BADAN KESATUAN BANGSA DAN POLITIK - 8.01.0.00.0.00.01.0000,01KJFPD121FGQ2J83GEH90NNW4,63281942,2026,E-Katalog 6.0,APBD,DONI APRIZAL,E-Purchasing,Barang,Belanja Alat/Bahan untuk Kegiatan Kantor-Alat Tulis Kantor,ON PROCESS,8788449,8788449
KAB. KAUR,DINAS KESEHATAN - 1.02.0.00.0.00.01.0000,01KPQ8Z2D1AANS8DBS5ECA4DED,66896009,2026,E-Katalog 6.0,APBD,YUNIAR HASTUTI,E-Purchasing,Barang,Belanja Makanan dan Minuman Rapat,ON PROCESS,3186810,3186810
KAB. KAUR,DINAS PARIWISATA - 3.26.0.00.0.00.01.0000,01KQ9MESC9M51D3TJEF27HF11E,63611380,2026,E-Katalog 6.0,APBD,DESI NOVITA SARI,E-Purchasing,Barang,Belanja Makanan dan Minuman Aktivitas Lapangan,ON PROCESS,7600000,7600000
KAB. KAUR,DINAS PEKERJAAN UMUM DAN PENATAAN RUANG - 1.03.0.00.0.00.01.0000,01KQYB3PRNYPHA5BRN4AXD2G9V,65377836,2026,E-Katalog 6.0,APBD,FERDIYANSAH,E-Purchasing,Barang,Belanja Alat/Bahan untuk Kegiatan Kantor- Kertas dan Cover,PAYMENT OUTSIDE SYSTEM,6510150,6510150
KAB. KAUR,SEKRETARIAT DPRD - 4.02.0.00.0.00.01.0000,01KJP8XAJV0JZ3QT4M5DS427VA,65712199,2026,E-Katalog 6.0,APBD,LENSA NUSANTARA MULTIMEDIA,E-Purchasing,Jasa Lainnya,"Beban Jasa Iklan/Reklame, Film, dan Pemotretan",ON PROCESS,1199910,1199910
KAB. KAUR,DINAS PARIWISATA - 3.26.0.00.0.00.01.0000,01KPQ0GZTY16AXJ4ZK7GPRRB5X,63410539,2026,E-Katalog 6.0,APBD,ANISAH,E-Purchasing,Barang,Belanja Alat/Bahan untuk Kegiatan Kantor- Bahan Cetak,ON PROCESS,2886000,2886000
KAB. KAUR,RUMAH SAKIT UMUM DAERAH - 1.02.0.00.0.00.01.0001,01KRB3M69AX2JEXDE840QVFSVF,63313451,2026,E-Katalog 6.0,APBD,FERRON PAR PHARMACEUTICALS,E-Purchasing,Barang,Belanja Obat-Obatan-Obat-Obatan Lainnya (Belanja Obat-Obatan) ,ON PROCESS,2886000,2886000
KAB. KAUR,RUMAH SAKIT UMUM DAERAH - 1.02.0.00.0.00.01.0001,01KRZGBV9MJ8P2TNRHSKSJ87C2,63313451,2026,E-Katalog 6.0,APBD,BETA PHARMACON,E-Purchasing,Barang,Belanja Obat-Obatan-Obat-Obatan Lainnya (Belanja Obat-Obatan) ,ON PROCESS,5650899,0
KAB. KAUR,"DINAS KOMUNIKASI, INFORMATIKA, STATISTIK DAN PERSANDIAN - 2.16.2.20.2.21.01.0000",01KKAS6HH3PTSEB5ZKB3EZVN0J,63111243,2026,E-Katalog 6.0,APBD,GLOBAL SANTOSO PERDANA,E-Purchasing,Jasa Lainnya,"Belanja Jasa Iklan/Reklame, Film, dan Pemotretan",ON PROCESS,3600000,3600000
KAB. KAUR,BADAN KESATUAN BANGSA DAN POLITIK - 8.01.0.00.0.00.01.0000,01KJEP364MMCJE7MQP7M72JJYJ,63281945,2026,E-Katalog 6.0,APBD,DONI APRIZAL,E-Purchasing,Barang,Belanja Alat/Bahan untuk Kegiatan Kantor-Bahan Komputer,ON PROCESS,6620040,6620040
KAB. KAUR,DINAS PEMUDA DAN OLAHRAGA - 2.19.0.00.0.00.01.0000,01KR2PJ5X7B1WR7NSQJPX77053,63593727,2026,E-Katalog 6.0,APBD,GINA PURWANTI,E-Purchasing,Barang,Belanja Makanan dan Minuman Aktivitas Lapangan,ON PROCESS,27000000,27000000
KAB. KAUR,DINAS PEKERJAAN UMUM DAN PENATAAN RUANG - 1.03.0.00.0.00.01.0000,01KJYPV32D24GFA0GZRD8GCVRS,65012450,2026,E-Katalog 6.0,APBD,FERDIYANSAH,E-Purchasing,Barang,Belanja Alat/Bahan untuk Kegiatan Kantor-Alat Tulis Kantor,PAYMENT OUTSIDE SYSTEM,1609500,1609500
KAB. KAUR,"DINAS KOMUNIKASI, INFORMATIKA, STATISTIK DAN PERSANDIAN - 2.16.2.20.2.21.01.0000",01KS1NX35J1F9FJCK497AGBN1M,66980049,2026,E-Katalog 6.0,APBD,RIZKI ARYA MEDIA,E-Purchasing,Jasa Lainnya,"Belanja Jasa Iklan/Reklame, Film, dan Pemotretan",ON PROCESS,3600000,3600000
KAB. KAUR,"DINAS PENGENDALIAN PENDUDUK, KELUARGA BERENCANA, PEMBERDAYAAN PEREMPUAN DAN PERLINDUNGAN ANAK - 2.08.2.14.0.00.01.0000",01KMQ3DHKAK5XDYGTMPFRMPDZK,64791535,2026,E-Katalog 6.0,APBD,DONI APRIZAL,E-Purchasing,Barang,Belanja Alat/Bahan untuk Kegiatan Kantor- Kertas dan Cover,ON PROCESS,7411470,7411470
KAB. KAUR,DINAS LINGKUNGAN HIDUP - 2.11.0.00.0.00.01.0000,01KK8SC576CH42TNC9CHKWEFBR,63062273,2026,E-Katalog 6.0,APBD,FERDIYANSAH,E-Purchasing,Barang,Belanja Alat/Bahan untuk Kegiatan Kantor- Kertas dan Cover,ON PROCESS,15295800,15295800
KAB. KAUR,"DINAS KOMUNIKASI, INFORMATIKA, STATISTIK DAN PERSANDIAN - 2.16.2.20.2.21.01.0000",01KKAQ5543BHR3VEPNJCZP79JR,63111243,2026,E-Katalog 6.0,APBD,HAVIF DAFFA CYBER,E-Purchasing,Jasa Lainnya,"Belanja Jasa Iklan/Reklame, Film, dan Pemotretan",ON PROCESS,3600000,3600000
KAB. KAUR,DINAS KESEHATAN - 1.02.0.00.0.00.01.0000,01KJVQ2BNVWT2M94AXZB38PN3J,65869150,2026,E-Katalog 6.0,APBD,FERDIYANSAH,E-Purchasing,Barang,Belanja Alat/Bahan untuk Kegiatan Kantor-Alat Tulis Kantor,ON PROCESS,12964800,12964800
KAB. KAUR,SEKRETARIAT DPRD - 4.02.0.00.0.00.01.0000,01KKC5K8E8GGPFV6N4DPVJ5PV7,65712199,2026,E-Katalog 6.0,APBD,RIZKY PRATAMA MANDIRI KAUR,E-Purchasing,Jasa Lainnya,"Beban Jasa Iklan/Reklame, Film, dan Pemotretan",ON PROCESS,1200000,1200000
KAB. KAUR,"DINAS KOMUNIKASI, INFORMATIKA, STATISTIK DAN PERSANDIAN - 2.16.2.20.2.21.01.0000",01KS27NQ80XMAHTJJZ6YPPEPBF,66980049,2026,E-Katalog 6.0,APBD,SAQEEF DIERRI MEDIA,E-Purchasing,Jasa Lainnya,"Belanja Jasa Iklan/Reklame, Film, dan Pemotretan",ON PROCESS,2400000,2400000
KAB. KAUR,RUMAH SAKIT UMUM DAERAH - 1.02.0.00.0.00.01.0001,10861135000,64604603,2026,Non Tender,APBD,CV. KONTAMA ENJINERING,Pengadaan Langsung,Jasa Konsultansi Badan Usaha Konstruksi,Beban Jasa Konsultansi Pengawasan Rekayasa-Jasa Pengawas Pekerjaan Konstruksi Bangunan Gedung Spesifikasi : Jasa Konsultansi Pengawasan Gedung Rawat Inap VIP RSUD Kaur,SELESAI,17982000,17982000
KAB. KAUR,DINAS PARIWISATA - 3.26.0.00.0.00.01.0000,01KKAQ47HXZJX94AHD8R66ETJP,63716153,2026,E-Katalog 6.0,APBD,SEMESTA MEDIA KAUR,E-Purchasing,Jasa Lainnya,"Belanja Jasa Iklan/Reklame, Film, dan Pemotretan",ON PROCESS,2300000,2300000
KAB. KAUR,"DINAS PENGENDALIAN PENDUDUK, KELUARGA BERENCANA, PEMBERDAYAAN PEREMPUAN DAN PERLINDUNGAN ANAK - 2.08.2.14.0.00.01.0000",01KKGJ3JAGJ20W3WQ971WXGHBQ,64993387,2026,E-Katalog 6.0,APBD,FERDIYANSAH,E-Purchasing,Barang,Belanja Alat/Bahan untuk Kegiatan Kantor-Alat Tulis Kantor,ON PROCESS,2572037,2572037
KAB. KAUR,DINAS KESEHATAN - 1.02.0.00.0.00.01.0000,01KWBNJ2WXGC1AH9D5GD76207K,65934202,2026,E-Katalog 6.0,APBD,FERDIYANSAH,E-Purchasing,Barang,Belanja Alat/Bahan untuk Kegiatan Kantor- Kertas dan Cover,ON PROCESS,3263400,3263400
KAB. KAUR,"DINAS PENGENDALIAN PENDUDUK, KELUARGA BERENCANA, PEMBERDAYAAN PEREMPUAN DAN PERLINDUNGAN ANAK - 2.08.2.14.0.00.01.0000",01KNKD0P8SF6F3X4279SPQCWZ5,64703005,2026,E-Katalog 6.0,APBD,TAHIRIN,E-Purchasing,Barang,Belanja Alat/Bahan untuk Kegiatan Kantor- Kertas dan Cover,ON PROCESS,3133530,3133530
KAB. KAUR,DINAS PEMBERDAYAAN MASYARAKAT DAN DESA - 2.13.0.00.0.00.01.0000,01KP5ENWZER7VR2PR4G7KJSQ6N,62867143,2026,E-Katalog 6.0,APBD,RONI,E-Purchasing,Barang,Belanja Makanan dan Minuman Aktivitas Lapangan,ON PROCESS,7600000,7600000
KAB. KAUR,DINAS KETAHANAN PANGAN - 2.09.0.00.0.00.01.0000,01KN413R4PSFAR7B1ZG1Z8KY39,62930877,2026,E-Katalog 6.0,APBD,TAHIRIN,E-Purchasing,Barang,Belanja Alat/Bahan untuk Kegiatan Kantor- Bahan Cetak,ON PROCESS,66600,66600
KAB. KAUR,DINAS PARIWISATA - 3.26.0.00.0.00.01.0000,01KSEMWFKZXVHJEHZ4YX9RCFKC,63716153,2026,E-Katalog 6.0,APBD,SELATAN IBU PERTIWI,E-Purchasing,Jasa Lainnya,"Belanja Jasa Iklan/Reklame, Film, dan Pemotretan",ON PROCESS,1110000,1110000
KAB. KAUR,"DINAS KOMUNIKASI, INFORMATIKA, STATISTIK DAN PERSANDIAN - 2.16.2.20.2.21.01.0000",01KHWV52QB66937G5HC5WK9T4Q,63111242,2026,E-Katalog 6.0,APBD,WAHANA SEMESTA BENGKULU TELEVISI,E-Purchasing,Jasa Lainnya,Belanja Jasa Tenaga Informasi dan Teknologi,ON PROCESS,249950000,249950000
KAB. KAUR,BADAN PENGELOLAAN KEUANGAN DAN ASET DAERAH - 5.02.0.00.0.00.01.0000,01KHSTC993PVA9JSMTRD8CCBB6,63507370,2026,E-Katalog 6.0,APBD,MEDIA JAYA KOMPUTER,E-Purchasing,Barang,Printer,ON PROCESS,6169380,6169380
KAB. KAUR,DINAS KESEHATAN - 1.02.0.00.0.00.01.0000,01KVSBS4NYJ03YZFJ82Y6FWKR6,66084183,2026,E-Katalog 6.0,APBD,TAKASIMA MEDIKA ANUGRAH,E-Purchasing,Barang,Belanja Obat-Obatan-Obat-Obatan Lainnya,ON PROCESS,130203000,130203000
KAB. KAUR,INSPEKTORAT DAERAH - 6.01.0.00.0.00.01.0000,01KJXVK3DK4XR2AXZE0KY7JWN6,66029947,2026,E-Katalog 6.0,APBD,SERASI AUTORAYA,E-Purchasing,Jasa Lainnya,Belanja Sewa Kendaraan Dinas Bermotor Perorangan,ON PROCESS,158399988,158399988
KAB. KAUR,"DINAS KOMUNIKASI, INFORMATIKA, STATISTIK DAN PERSANDIAN - 2.16.2.20.2.21.01.0000",01KK0XAE2F88CKQY2R6J8WRV4F,63111243,2026,E-Katalog 6.0,APBD,VIRZHA NUSANTARA INFORMASI,E-Purchasing,Jasa Lainnya,"Belanja Jasa Iklan/Reklame, Film, dan Pemotretan",ON PROCESS,3600000,3600000
KAB. KAUR,DINAS PEKERJAAN UMUM DAN PENATAAN RUANG - 1.03.0.00.0.00.01.0000,10850510000,65766002,2026,Non Tender,APBD,CV. KONTAMA ENJINERING,Pengadaan Langsung,Jasa Konsultansi Badan Usaha Konstruksi,Perencanaan Jalan Ulak Pandan - Bukit Indah - Pasar Jum'at Kec. Nasal,SELESAI,24642000,24642000
KAB. KAUR,DINAS PARIWISATA - 3.26.0.00.0.00.01.0000,01KRAQCZXNWWKCXJJ4E1EV8E0Q,63716153,2026,E-Katalog 6.0,APBD,RAJA SEMESTA RADAR KAUR,E-Purchasing,Jasa Lainnya,"Belanja Jasa Iklan/Reklame, Film, dan Pemotretan",ON PROCESS,6000000,6000000
KAB. KAUR,"DINAS KOMUNIKASI, INFORMATIKA, STATISTIK DAN PERSANDIAN - 2.16.2.20.2.21.01.0000",01KW93JJYFW3Z2XBSG6JBT35RR,66980049,2026,E-Katalog 6.0,APBD,KARYA DARAH JUANG,E-Purchasing,Jasa Lainnya,"Belanja Jasa Iklan/Reklame, Film, dan Pemotretan",ON PROCESS,2400000,2400000
KAB. KAUR,DINAS PEMUDA DAN OLAHRAGA - 2.19.0.00.0.00.01.0000,01KPANG9AR6DNQA8PWS7FSDWQP,63593721,2026,E-Katalog 6.0,APBD,TRILOKA CEMPAKA WANGSA,E-Purchasing,Barang,Belanja Alat/Bahan untuk Kegiatan Kantor-Perlengkapan Dinas,PAYMENT OUTSIDE SYSTEM,1198800,1198800
KAB. KAUR,RUMAH SAKIT UMUM DAERAH - 1.02.0.00.0.00.01.0001,01KFWN0ZMZ2AGZ4N6664VGE9VN,63313451,2026,E-Katalog 6.0,APBD,DEXA MEDICA,E-Purchasing,Barang,Belanja Obat-Obatan-Obat-Obatan Lainnya (Belanja Obat-Obatan) ,ON PROCESS,15159492,15159492
KAB. KAUR,SEKRETARIAT DAERAH - 4.01.2.10.5.06.01.0000,01KHR12KFAK077DCQ0PPS0SMPJ,63482547,2026,E-Katalog 6.0,APBD,YUNIAR HASTUTI,E-Purchasing,Barang,Belanja Makanan dan Minuman Aktivitas Lapangan,ON PROCESS,148092870,148092870
KAB. KAUR,DINAS PEKERJAAN UMUM DAN PENATAAN RUANG - 1.03.0.00.0.00.01.0000,01KKNV2S35B9DW28PE71Y0MVD9,65528463,2026,E-Katalog 6.0,APBD,FERDIYANSAH,E-Purchasing,Barang,Belanja Alat/Bahan untuk Kegiatan Kantor- Kertas dan Cover,ON PROCESS,4107000,4107000
KAB. KAUR,DINAS PARIWISATA - 3.26.0.00.0.00.01.0000,01KHTBSSRPYWT9RRP60RQWQJB4,63716137,2026,E-Katalog 6.0,APBD,ANISAH,E-Purchasing,Barang,Belanja Alat/Bahan untuk Kegiatan Kantor-Alat Tulis Kantor,ON PROCESS,15000000,15000000
KAB. KAUR,DINAS PENDIDIKAN DAN KEBUDAYAAN - 1.01.2.22.0.00.01.0000,01KPSSXN9S4KFSD6F5J72HFZ4P,66012276,2026,E-Katalog 6.0,APBD,TAHIRIN,E-Purchasing,Barang,Belanja Alat/Bahan untuk Kegiatan Kantor-Alat Tulis Kantor,ON PROCESS,2063795,2063795
KAB. KAUR,SEKRETARIAT DPRD - 4.02.0.00.0.00.01.0000,01KKK1X1NSVHJCS5NDQBBW07QD,64237538,2026,E-Katalog 6.0,APBD,DONI APRIZAL,E-Purchasing,Barang,Belanja Alat/Bahan untuk Kegiatan Kantor-Alat Tulis Kantor,ON PROCESS,20918505,20918505
KAB. KAUR,SEKRETARIAT DAERAH - 4.01.2.10.5.06.01.0000,01KPA5V2RN9YJ51Y3NZ4GVXWN6,66785711,2026,E-Katalog 6.0,APBD,RERUCA ENTERTAIMENT GROUP,E-Purchasing,Barang,BELANJA MODAL PENYEDIAAN ALAT RUMAH TANGGA ,ON PROCESS,86100000,86100000
KAB. KAUR,DINAS PEKERJAAN UMUM DAN PENATAAN RUANG - 1.03.0.00.0.00.01.0000,10847138000,65339412,2026,Non Tender,APBD,CV. JORIS UTAMA LAKSANA,Pengadaan Langsung,Pekerjaan Konstruksi,Rehab Gedung Pangan,BERLANGSUNG,299901973,299901973
KAB. KAUR,DINAS PARIWISATA - 3.26.0.00.0.00.01.0000,01KRX4WJZJ53T7PSJ5EJ60C3JR,63716154,2026,E-Katalog 6.0,APBD,PUTRI HANUM SAFITRI,E-Purchasing,Barang,Belanja Natura dan Pakan-Natura,ON PROCESS,27150000,27150000
KAB. KAUR,DINAS PEMUDA DAN OLAHRAGA - 2.19.0.00.0.00.01.0000,01KQVNBXW093G0Y92MN2GHA1JH,63593722,2026,E-Katalog 6.0,APBD,ANISAH,E-Purchasing,Barang,Belanja Alat/Bahan untuk Kegiatan Kantor-Alat Tulis Kantor,ON PROCESS,6893100,6893100
KAB. KAUR,"DINAS KOMUNIKASI, INFORMATIKA, STATISTIK DAN PERSANDIAN - 2.16.2.20.2.21.01.0000",01KS22F0ZFPRJCGCQ7R7RR95PF,66980049,2026,E-Katalog 6.0,APBD,BAHARI JAYA PERKASA NEWS,E-Purchasing,Jasa Lainnya,"Belanja Jasa Iklan/Reklame, Film, dan Pemotretan",ON PROCESS,3600000,3600000
KAB. KAUR,"DINAS KOMUNIKASI, INFORMATIKA, STATISTIK DAN PERSANDIAN - 2.16.2.20.2.21.01.0000",01KJVWEAJSB9CMMEX4RKSP7RAK,63111243,2026,E-Katalog 6.0,APBD,ZAFRAN GLOBAL MEDIA,E-Purchasing,Jasa Lainnya,"Belanja Jasa Iklan/Reklame, Film, dan Pemotretan",ON PROCESS,3600000,3600000
KAB. KAUR,"DINAS KOMUNIKASI, INFORMATIKA, STATISTIK DAN PERSANDIAN - 2.16.2.20.2.21.01.0000",01KS25C5R00EXTJS5GJ5AQJNVN,66980049,2026,E-Katalog 6.0,APBD,RAKYAT EMPAT LIMA PERS,E-Purchasing,Jasa Lainnya,"Belanja Jasa Iklan/Reklame, Film, dan Pemotretan",ON PROCESS,3600000,3600000
KAB. KAUR,"DINAS PENGENDALIAN PENDUDUK, KELUARGA BERENCANA, PEMBERDAYAAN PEREMPUAN DAN PERLINDUNGAN ANAK - 2.08.2.14.0.00.01.0000",01KQS2BB107TAP5TPYZ5D1Q8E5,65004528,2026,E-Katalog 6.0,APBD,DONI APRIZAL,E-Purchasing,Barang,Belanja Alat/Bahan untuk Kegiatan Kantor- Kertas dan Cover,ON PROCESS,344100,344100
KAB. KAUR,"DINAS PENGENDALIAN PENDUDUK, KELUARGA BERENCANA, PEMBERDAYAAN PEREMPUAN DAN PERLINDUNGAN ANAK - 2.08.2.14.0.00.01.0000",01KQRXPTGTM964JEB3A3R8AAV6,65003856,2026,E-Katalog 6.0,APBD,DONI APRIZAL,E-Purchasing,Barang,Belanja Alat/Bahan untuk Kegiatan Kantor- Bahan Cetak,ON PROCESS,750360,750360
KAB. KAUR,DINAS PARIWISATA - 3.26.0.00.0.00.01.0000,01KT3R2G2NWK9ZR81HPXSF96EV,63716153,2026,E-Katalog 6.0,APBD,JARI FANAMAS LAMPUNG,E-Purchasing,Jasa Lainnya,"Belanja Jasa Iklan/Reklame, Film, dan Pemotretan",ON PROCESS,1000000,1000000
KAB. KAUR,RUMAH SAKIT UMUM DAERAH - 1.02.0.00.0.00.01.0001,01KJ6X6BATHJF0V9DK1AJ2W4VS,63313451,2026,E-Katalog 6.0,APBD,OTSUKA INDONESIA,E-Purchasing,Barang,Belanja Obat-Obatan-Obat-Obatan Lainnya (Belanja Obat-Obatan) ,ON PROCESS,4707510,4707510
KAB. KAUR,DINAS PERPUSTAKAAN DAN KEARSIPAN - 2.23.2.24.0.00.01.0000,01KQ934E66MM9P8XZ2E1PQ6KF3,63395738,2026,E-Katalog 6.0,APBD,TAHIRIN,E-Purchasing,Barang,Belanja Alat/Bahan untuk Kegiatan Kantor- Kertas dan Cover,ON PROCESS,677100,677100
KAB. KAUR,SEKRETARIAT DPRD - 4.02.0.00.0.00.01.0000,01KJY4F86BKJP4QK90ASBPQBT6,64237285,2026,E-Katalog 6.0,APBD,DONI APRIZAL,E-Purchasing,Barang,Belanja Alat/Bahan untuk Kegiatan Kantor- Kertas dan Cover,ON PROCESS,2824950,2824950
KAB. KAUR,DINAS PERPUSTAKAAN DAN KEARSIPAN - 2.23.2.24.0.00.01.0000,01KQY7J8VZARSB7FKN9SQSMXAR,63395128,2026,E-Katalog 6.0,APBD,ANISAH,E-Purchasing,Barang,Beban Hadiah yang Bersifat Perlombaan,ON PROCESS,1776000,1776000
KAB. KAUR,DINAS PERPUSTAKAAN DAN KEARSIPAN - 2.23.2.24.0.00.01.0000,01KS4SEX4B3JK06HEGS0XY3960,63392235,2026,E-Katalog 6.0,APBD,TAHIRIN,E-Purchasing,Barang,Belanja Alat/Bahan untuk Kegiatan Kantor-Alat Tulis Kantor,ON PROCESS,6182700,6182700
KAB. KAUR,DINAS PERPUSTAKAAN DAN KEARSIPAN - 2.23.2.24.0.00.01.0000,01KTNAG90F6WS7B0JATZWRVSK5,63395596,2026,E-Katalog 6.0,APBD,DONI APRIZAL,E-Purchasing,Barang,Belanja Alat/Bahan untuk Kegiatan Kantor- Kertas dan Cover,ON PROCESS,865800,865800
KAB. KAUR,DINAS PARIWISATA - 3.26.0.00.0.00.01.0000,01KN0ZC4JQHNDZ3RZ2TXY16JMX,63611386,2026,E-Katalog 6.0,APBD,FERDIYANSAH,E-Purchasing,Barang,Belanja Alat/Bahan untuk Kegiatan Kantor-Bahan Komputer,ON PROCESS,310800,310800
KAB. KAUR,DINAS PARIWISATA - 3.26.0.00.0.00.01.0000,01KR0NP4JZM208WCFGZTQQVR4E,67031692,2026,E-Katalog 6.0,APBD,WAHANA SEMESTA BENGKULU TELEVISI,E-Purchasing,Jasa Lainnya,Belanja Jasa Penyelenggaraan Acara,ON PROCESS,363000000,363000000
KAB. KAUR,DINAS PEKERJAAN UMUM DAN PENATAAN RUANG - 1.03.0.00.0.00.01.0000,01KNR125RP4PD1FDDXSX6ZP449,65381656,2026,E-Katalog 6.0,APBD,DONI APRIZAL,E-Purchasing,Barang,Belanja Alat/Bahan untuk Kegiatan Kantor-Bahan Komputer,PAYMENT OUTSIDE SYSTEM,1248750,1248750
KAB. KAUR,"DINAS KOMUNIKASI, INFORMATIKA, STATISTIK DAN PERSANDIAN - 2.16.2.20.2.21.01.0000",01KJS5824DWZ8Q22YWZCKMTA8V,63111243,2026,E-Katalog 6.0,APBD,BENGKULU NEWS ONLINE,E-Purchasing,Jasa Lainnya,"Belanja Jasa Iklan/Reklame, Film, dan Pemotretan",ON PROCESS,3600000,3600000
KAB. KAUR,DINAS SOSIAL - 1.06.0.00.0.00.01.0000,01KRWVSERAKZYDFK3DGBE19NGE,67151573,2026,E-Katalog 6.0,APBD,TAHIRIN,E-Purchasing,Barang,Belanja Kertas dan Cover,ON PROCESS,382950,382950
KAB. KAUR,"DINAS PENGENDALIAN PENDUDUK, KELUARGA BERENCANA, PEMBERDAYAAN PEREMPUAN DAN PERLINDUNGAN ANAK - 2.08.2.14.0.00.01.0000",01KW15250D7JASJ65PYVY4QD5T,65003857,2026,E-Katalog 6.0,APBD,DONI APRIZAL,E-Purchasing,Barang,Belanja Alat/Bahan untuk Kegiatan Kantor-Bahan Komputer,ON PROCESS,1224330,1224330
KAB. KAUR,"DINAS KOMUNIKASI, INFORMATIKA, STATISTIK DAN PERSANDIAN - 2.16.2.20.2.21.01.0000",01KJC24RVX2CAF97PA38CZNCS3,63111243,2026,E-Katalog 6.0,APBD,PRIA SAKTI PERKASA,E-Purchasing,Jasa Lainnya,"Belanja Jasa Iklan/Reklame, Film, dan Pemotretan",ON PROCESS,3599730,3599730
KAB. KAUR,DINAS PARIWISATA - 3.26.0.00.0.00.01.0000,01KJY5AFD15BY5G15W1HGT592Q,63716146,2026,E-Katalog 6.0,APBD,ANISAH,E-Purchasing,Barang,Belanja Alat/Bahan untuk Kegiatan Kantor- Bahan Cetak,ON PROCESS,18756780,18756780
KAB. KAUR,DINAS KESEHATAN - 1.02.0.00.0.00.01.0000,01KR0CXVCF3EKKK5884HRC50Q8,66084181,2026,E-Katalog 6.0,APBD,GRAHA FARMA,E-Purchasing,Barang,Belanja Obat-Obatan-Obat,ON PROCESS,61716000,61716000
KAB. KAUR,"DINAS KOMUNIKASI, INFORMATIKA, STATISTIK DAN PERSANDIAN - 2.16.2.20.2.21.01.0000",01KRE88D3MQ0PGD9ND5194SWQE,66980049,2026,E-Katalog 6.0,APBD,SEMARAK BENGKULU PERMAI,E-Purchasing,Jasa Lainnya,"Belanja Jasa Iklan/Reklame, Film, dan Pemotretan",ON PROCESS,15000000,15000000
KAB. KAUR,"DINAS KOMUNIKASI, INFORMATIKA, STATISTIK DAN PERSANDIAN - 2.16.2.20.2.21.01.0000",01KT6BH9VRJ2RZ3C7WQ7H2CRRB,66980049,2026,E-Katalog 6.0,APBD,MEDIA SNIPER NUSANTARA,E-Purchasing,Jasa Lainnya,"Belanja Jasa Iklan/Reklame, Film, dan Pemotretan",ON PROCESS,1200000,1200000
KAB. KAUR,"DINAS KOMUNIKASI, INFORMATIKA, STATISTIK DAN PERSANDIAN - 2.16.2.20.2.21.01.0000",01KG3YQ869NN6EEHCNENFWCB6N,63110052,2026,E-Katalog 6.0,APBD,WAHANA MANNA MEDIA SEJAHTERA,E-Purchasing,Barang,Belanja Langganan Jurnal/Surat Kabar/Majalah,ON PROCESS,25200000,25200000
KAB. KAUR,SEKRETARIAT DAERAH - 4.01.2.10.5.06.01.0000,01KH2VFH0FFWZ920FBJD4D47MQ,63531964,2026,E-Katalog 6.0,APBD,YUNIAR HASTUTI,E-Purchasing,Barang,Belanja Makanan dan Minuman Rapat,ON PROCESS,5000106,5000106
KAB. KAUR,DINAS KESEHATAN - 1.02.0.00.0.00.01.0000,01KPQ754YVPC44YD5HH2DD205S,66890929,2026,E-Katalog 6.0,APBD,FERDIYANSAH,E-Purchasing,Barang,Belanja Alat/Bahan untuk Kegiatan Kantor-Alat Tulis Kantor,ON PROCESS,3352200,3352200
KAB. KAUR,DINAS PENDIDIKAN DAN KEBUDAYAAN - 1.01.2.22.0.00.01.0000,01KPCMYWX4KDPY5J9P0T2SQ36E,65666160,2026,E-Katalog 6.0,APBD,DONI APRIZAL,E-Purchasing,Barang,Belanja Alat/Bahan untuk Kegiatan Kantor-Bahan Komputer,ON PROCESS,3330000,3330000
KAB. KAUR,DINAS SOSIAL - 1.06.0.00.0.00.01.0000,01KS1NHNRNM7SSMA2QDX2D2ZYP,66164623,2026,E-Katalog 6.0,APBD,TAHIRIN,E-Purchasing,Barang,Belanja Alat/Bahan untuk Kegiatan Kantor-Alat Tulis Kantor,ON PROCESS,1099455,1099455
KAB. KAUR,DINAS KESEHATAN - 1.02.0.00.0.00.01.0000,01KWBNE69BNRH87AEVDYPAWZ1H,65934203,2026,E-Katalog 6.0,APBD,FERDIYANSAH,E-Purchasing,Barang,Belanja Alat/Bahan untuk Kegiatan Kantor- Bahan Cetak,ON PROCESS,732600,732600
KAB. KAUR,DINAS PENDIDIKAN DAN KEBUDAYAAN - 1.01.2.22.0.00.01.0000,01KR2Z51QRG19NGFTS43MAD5KQ,65802852,2026,E-Katalog 6.0,APBD,DONI APRIZAL,E-Purchasing,Barang,Belanja Alat/Bahan untuk Kegiatan Kantor-Bahan Komputer,ON PROCESS,9990000,9990000
KAB. KAUR,"DINAS KOMUNIKASI, INFORMATIKA, STATISTIK DAN PERSANDIAN - 2.16.2.20.2.21.01.0000",01KKASKZCFXWW5H3H60N163SDK,63111243,2026,E-Katalog 6.0,APBD,PRIA SAKTI PERKASA,E-Purchasing,Jasa Lainnya,"Belanja Jasa Iklan/Reklame, Film, dan Pemotretan",ON PROCESS,2400000,2400000
KAB. KAUR,SEKRETARIAT DPRD - 4.02.0.00.0.00.01.0000,01KJPF8HDGW6ZXRF4V14QV7JBJ,65712199,2026,E-Katalog 6.0,APBD,ZAFRAN GLOBAL MEDIA,E-Purchasing,Jasa Lainnya,"Beban Jasa Iklan/Reklame, Film, dan Pemotretan",ON PROCESS,1200000,1200000
KAB. KAUR,BADAN KESATUAN BANGSA DAN POLITIK - 8.01.0.00.0.00.01.0000,01KRZ75F1DNV6EXKJ40XVQGE11,63280751,2026,E-Katalog 6.0,APBD,DONI APRIZAL,E-Purchasing,Barang,Belanja Alat/Bahan untuk Kegiatan Kantor-Bahan Komputer,ON PROCESS,499500,499500
KAB. KAUR,SEKRETARIAT DPRD - 4.02.0.00.0.00.01.0000,01KJXZ24MA6ZAD3XAEKP5H0MW0,65712199,2026,E-Katalog 6.0,APBD,RAKYAT BENGKULU DIGITAL MEDIA,E-Purchasing,Jasa Lainnya,"Beban Jasa Iklan/Reklame, Film, dan Pemotretan",ON PROCESS,1200000,1200000
KAB. KAUR,DINAS KESEHATAN - 1.02.0.00.0.00.01.0000,01KR095ZD4CNT0DCFVSYB9S4YE,66084181,2026,E-Katalog 6.0,APBD,DUTA KAISAR PHARMACY,E-Purchasing,Barang,Belanja Obat-Obatan-Obat,ON PROCESS,6923259,6923259
KAB. KAUR,DINAS PEKERJAAN UMUM DAN PENATAAN RUANG - 1.03.0.00.0.00.01.0000,10841331000,65772762,2026,Non Tender,APBD,CV. LENTERA BESEMAH CONSULTANT,Pengadaan Langsung,Jasa Konsultansi Badan Usaha Konstruksi,Perencanaan Jalan Sinar Mulya Kec. Maje,SELESAI,24642000,24642000
KAB. KAUR,SEKRETARIAT DAERAH - 4.01.2.10.5.06.01.0000,01KPA99EXF69H1N82RNTS5ZNWP,66786560,2026,E-Katalog 6.0,APBD,MEDIA JAYA KOMPUTER,E-Purchasing,Barang,BELANJA PENYEDIAAN DAN PERALATAN KANTOR,ON PROCESS,31968000,31968000
KAB. KAUR,SEKRETARIAT DPRD - 4.02.0.00.0.00.01.0000,01KS44NN227HTSC1WAYRFVF4ZP,65712199,2026,E-Katalog 6.0,APBD,MEDIA ONLINE SRIWIJAYA,E-Purchasing,Jasa Lainnya,"Beban Jasa Iklan/Reklame, Film, dan Pemotretan",ON PROCESS,1200000,1200000
KAB. KAUR,SEKRETARIAT DPRD - 4.02.0.00.0.00.01.0000,01KTNRW6BY5E8ZH81CRK50VEZG,65712199,2026,E-Katalog 6.0,APBD,CAKRA CYBER INDONESIA,E-Purchasing,Jasa Lainnya,"Beban Jasa Iklan/Reklame, Film, dan Pemotretan",ON PROCESS,1200000,1200000
KAB. KAUR,"DINAS KOMUNIKASI, INFORMATIKA, STATISTIK DAN PERSANDIAN - 2.16.2.20.2.21.01.0000",01KJRZS7W4NJ60FYNDS2XF9H9Y,63111243,2026,E-Katalog 6.0,APBD,SUARA WARTA NUSANTARA,E-Purchasing,Jasa Lainnya,"Belanja Jasa Iklan/Reklame, Film, dan Pemotretan",ON PROCESS,3599730,3599730
KAB. KAUR,DINAS PERPUSTAKAAN DAN KEARSIPAN - 2.23.2.24.0.00.01.0000,01KPWQ7F3J2PKDMWHHKP62YVSZ,63394048,2026,E-Katalog 6.0,APBD,TAHIRIN,E-Purchasing,Barang,Belanja Alat/Bahan untuk Kegiatan Kantor-Alat Tulis Kantor,ON PROCESS,557276,557276
KAB. KAUR,SEKRETARIAT DPRD - 4.02.0.00.0.00.01.0000,01KJXYA49VHFKXM6TWEVFMNCBM,65712199,2026,E-Katalog 6.0,APBD,MEDIA PUTRA JABUNG,E-Purchasing,Jasa Lainnya,"Beban Jasa Iklan/Reklame, Film, dan Pemotretan",ON PROCESS,1199910,1199910
KAB. KAUR,BADAN PENGELOLAAN KEUANGAN DAN ASET DAERAH - 5.02.0.00.0.00.01.0000,01KT3SCNM78P1Z4EKW42482XS4,67226919,2026,E-Katalog 6.0,APBD,DONI APRIZAL,E-Purchasing,Barang,Belanja Alat/Bahan untuk Kegiatan Kantor-Alat Tulis Kantor,ON PROCESS,467199,467199
KAB. KAUR,"DINAS KOMUNIKASI, INFORMATIKA, STATISTIK DAN PERSANDIAN - 2.16.2.20.2.21.01.0000",01KJS881774PVP95QRS60FCETZ,63111243,2026,E-Katalog 6.0,APBD,VIOLA ANUGRAH LINES SMART,E-Purchasing,Jasa Lainnya,"Belanja Jasa Iklan/Reklame, Film, dan Pemotretan",ON PROCESS,3600000,3600000
KAB. KAUR,SEKRETARIAT DPRD - 4.02.0.00.0.00.01.0000,01KJEFTNTRVYW48MK874CNWE7M,65712197,2026,E-Katalog 6.0,APBD,WAHANA MANNA MEDIA SEJAHTERA,E-Purchasing,Jasa Lainnya,"Beban Jasa Iklan/Reklame, Film, dan Pemotretan",ON PROCESS,4500000,4500000
KAB. KAUR,BADAN KESATUAN BANGSA DAN POLITIK - 8.01.0.00.0.00.01.0000,01KKDMFR4C4VJD64AJN1R3MV92,63282468,2026,E-Katalog 6.0,APBD,DONI APRIZAL,E-Purchasing,Barang,Belanja Alat/Bahan untuk Kegiatan Kantor- Kertas dan Cover,ON PROCESS,798090,798090
KAB. KAUR,"DINAS KOMUNIKASI, INFORMATIKA, STATISTIK DAN PERSANDIAN - 2.16.2.20.2.21.01.0000",01KT6AYA29TZKAE45GS4J4GP4E,66980049,2026,E-Katalog 6.0,APBD,MEDIA TERNAMA JAYA,E-Purchasing,Jasa Lainnya,"Belanja Jasa Iklan/Reklame, Film, dan Pemotretan",ON PROCESS,3600000,3600000
KAB. KAUR,DINAS SOSIAL - 1.06.0.00.0.00.01.0000,01KTWYC80G61E67RQ1M2GHDMJZ,66165684,2026,E-Katalog 6.0,APBD,TAHIRIN,E-Purchasing,Barang,Belanja Alat/Bahan untuk Kegiatan Kantor- Kertas dan Cover,ON PROCESS,377400,377400
KAB. KAUR,SEKRETARIAT DPRD - 4.02.0.00.0.00.01.0000,01KKC596H1JF1BY1HR4PXKTZ87,65712199,2026,E-Katalog 6.0,APBD,PORTAL MEDIA DIGITAL,E-Purchasing,Jasa Lainnya,"Beban Jasa Iklan/Reklame, Film, dan Pemotretan",ON PROCESS,1200000,1200000
KAB. KAUR,SEKRETARIAT DPRD - 4.02.0.00.0.00.01.0000,01KJXWXBS4PPYPEQZXWXWV6FDY,65712199,2026,E-Katalog 6.0,APBD,JARI FANAMAS LAMPUNG,E-Purchasing,Jasa Lainnya,"Beban Jasa Iklan/Reklame, Film, dan Pemotretan",ON PROCESS,1200000,1200000
KAB. KAUR,SEKRETARIAT DPRD - 4.02.0.00.0.00.01.0000,01KTN11WG7X0P4223T3G8CYAHH,65712199,2026,E-Katalog 6.0,APBD,DIGITAL MEDIA INFORMATIF,E-Purchasing,Jasa Lainnya,"Beban Jasa Iklan/Reklame, Film, dan Pemotretan",ON PROCESS,1200000,1200000
KAB. KAUR,DINAS KETAHANAN PANGAN - 2.09.0.00.0.00.01.0000,01KJPAXKWP97N7QGCR5ZGQCNS6,63024914,2026,E-Katalog 6.0,APBD,PURNAMA LABORATORY,E-Purchasing,Barang,Belanja Modal Alat Pelindung Lainnya,ON PROCESS,2985900,2985900
KAB. KAUR,DINAS PERPUSTAKAAN DAN KEARSIPAN - 2.23.2.24.0.00.01.0000,01KQ95PF67E1176022G8AMRTV3,63395737,2026,E-Katalog 6.0,APBD,TAHIRIN,E-Purchasing,Barang,Belanja Alat/Bahan untuk Kegiatan Kantor-Alat Tulis Kantor,ON PROCESS,3092516,3092516
KAB. KAUR,DINAS PENDIDIKAN DAN KEBUDAYAAN - 1.01.2.22.0.00.01.0000,01KQRT7R3938JEJPT5X9QDY3NS,67048490,2026,E-Katalog 6.0,APBD,TAHIRIN,E-Purchasing,Barang,Belanja Alat/Bahan untuk Kegiatan Kantor-Bahan Komputer,ON PROCESS,6660000,6660000
KAB. KAUR,"DINAS KOMUNIKASI, INFORMATIKA, STATISTIK DAN PERSANDIAN - 2.16.2.20.2.21.01.0000",01KWGB2ENGP9122JWK2HEV1Y1Y,66980049,2026,E-Katalog 6.0,APBD,MEDIA JURNALIS JAYA,E-Purchasing,Jasa Lainnya,"Belanja Jasa Iklan/Reklame, Film, dan Pemotretan",ON PROCESS,1200000,1200000
KAB. KAUR,DINAS PEKERJAAN UMUM DAN PENATAAN RUANG - 1.03.0.00.0.00.01.0000,10878199000,67178106,2026,Non Tender,APBD,CV. Demak Raya,Pengadaan Langsung,Pekerjaan Konstruksi,Hibah Pekerjaan Rehab Pelapis Tebing dan Pagar Kantor Kejaksaan Negeri Kaur,SELESAI,298505791,298505791
KAB. KAUR,SEKRETARIAT DPRD - 4.02.0.00.0.00.01.0000,01KJEJACV48ZY26R2NE2JR101P,65712199,2026,E-Katalog 6.0,APBD,SUARA WARTA NUSANTARA,E-Purchasing,Jasa Lainnya,"Beban Jasa Iklan/Reklame, Film, dan Pemotretan",ON PROCESS,1199910,1199910
KAB. KAUR,"DINAS KOMUNIKASI, INFORMATIKA, STATISTIK DAN PERSANDIAN - 2.16.2.20.2.21.01.0000",01KJC5BVNGN96PQE7QZ12HVVZW,63111243,2026,E-Katalog 6.0,APBD,MEEJA METRO UPDATE,E-Purchasing,Jasa Lainnya,"Belanja Jasa Iklan/Reklame, Film, dan Pemotretan",ON PROCESS,4800000,4800000
KAB. KAUR,DINAS KETAHANAN PANGAN - 2.09.0.00.0.00.01.0000,01KJPEB863KK2Y5HPK6CREXYZE,63024913,2026,E-Katalog 6.0,APBD,ANISAH,E-Purchasing,Barang,Belanja Alat/Bahan untuk Kegiatan Kantor- Bahan Cetak,ON PROCESS,832500,832500
KAB. KAUR,"DINAS KOMUNIKASI, INFORMATIKA, STATISTIK DAN PERSANDIAN - 2.16.2.20.2.21.01.0000",01KNTWZD28Q7Y7EGBGTYDCVCBN,63111243,2026,E-Katalog 6.0,APBD,TITI FIRDA KUSNI,E-Purchasing,Jasa Lainnya,"Belanja Jasa Iklan/Reklame, Film, dan Pemotretan",ON PROCESS,3600000,3600000
KAB. KAUR,"DINAS KOMUNIKASI, INFORMATIKA, STATISTIK DAN PERSANDIAN - 2.16.2.20.2.21.01.0000",01KS75CZCA5SC3TQ45MRTWE0NW,66980049,2026,E-Katalog 6.0,APBD,MEDIA PATRIOT NASIONAL,E-Purchasing,Jasa Lainnya,"Belanja Jasa Iklan/Reklame, Film, dan Pemotretan",ON PROCESS,2400000,2400000
KAB. KAUR,"DINAS KOMUNIKASI, INFORMATIKA, STATISTIK DAN PERSANDIAN - 2.16.2.20.2.21.01.0000",01KS6XBECA0FWVJBDRSRR37X55,66980049,2026,E-Katalog 6.0,APBD,MEDIA ONLINE BENGKULU,E-Purchasing,Jasa Lainnya,"Belanja Jasa Iklan/Reklame, Film, dan Pemotretan",ON PROCESS,2400000,2400000
KAB. KAUR,SEKRETARIAT DPRD - 4.02.0.00.0.00.01.0000,01KJP9V1JQD23EN7R9CQ9DZVFF,65712199,2026,E-Katalog 6.0,APBD,TITI FIRDA KUSNI,E-Purchasing,Jasa Lainnya,"Beban Jasa Iklan/Reklame, Film, dan Pemotretan",ON PROCESS,1199910,1199910
KAB. KAUR,"DINAS KOMUNIKASI, INFORMATIKA, STATISTIK DAN PERSANDIAN - 2.16.2.20.2.21.01.0000",01KT6BC60W32996C6TEJ52EGEN,66980049,2026,E-Katalog 6.0,APBD,SUARA WARTA NUSANTARA,E-Purchasing,Jasa Lainnya,"Belanja Jasa Iklan/Reklame, Film, dan Pemotretan",ON PROCESS,1200000,1200000
KAB. KAUR,RUMAH SAKIT UMUM DAERAH - 1.02.0.00.0.00.01.0001,01KFK47DMV72SNN71AKN1QDWHZ,63313451,2026,E-Katalog 6.0,APBD,PERUSAHAAN PERSEROAN (PERSERO) PT. BIO FARMA DISINGKAT PT. BIO FARMA (PERSERO),E-Purchasing,Barang,Belanja Obat-Obatan-Obat-Obatan Lainnya (Belanja Obat-Obatan) ,ON PROCESS,8713567,8713567
KAB. KAUR,DINAS PERPUSTAKAAN DAN KEARSIPAN - 2.23.2.24.0.00.01.0000,01KR0GEC7WGQM8T347KX634051,63391709,2026,E-Katalog 6.0,APBD,TAHIRIN,E-Purchasing,Barang,Belanja Alat/Bahan untuk Kegiatan Kantor-Perabot Kantor,ON PROCESS,2687310,2687310
KAB. KAUR,SEKRETARIAT DAERAH - 4.01.2.10.5.06.01.0000,01KRFF4R8HCYNVMSSW26Q5ZG9P,64714787,2026,E-Katalog 6.0,APBD,PUTRA PAGUCI SEJAHTERA,E-Purchasing,Jasa Lainnya,BELANJA SEWA KENDARAAN DINAS BERMOTOR PERORANGAN,ON PROCESS,160200000,160200000
KAB. KAUR,RUMAH SAKIT UMUM DAERAH - 1.02.0.00.0.00.01.0001,01KHQPZ2Q695QDMH3T9EJ8YPK3,63313451,2026,E-Katalog 6.0,APBD,ADYA ARTHA ABADI,E-Purchasing,Barang,Belanja Obat-Obatan-Obat-Obatan Lainnya (Belanja Obat-Obatan) ,ON PROCESS,49980248,49980248
KAB. KAUR,BADAN KESATUAN BANGSA DAN POLITIK - 8.01.0.00.0.00.01.0000,01KJF77CNZF96EGFKC4HQRR6R7,63281943,2026,E-Katalog 6.0,APBD,DONI APRIZAL,E-Purchasing,Barang,Belanja Alat/Bahan untuk Kegiatan Kantor- Kertas dan Cover,ON PROCESS,9064260,9064260
KAB. KAUR,DINAS KESEHATAN - 1.02.0.00.0.00.01.0000,01KWBJDZNK01GFGYDKMKTBKK7Q,65922475,2026,E-Katalog 6.0,APBD,FERDIYANSAH,E-Purchasing,Barang,Belanja Alat/Bahan untuk Kegiatan Kantor- Kertas dan Cover,ON PROCESS,2447550,2447550
KAB. KAUR,"DINAS KOMUNIKASI, INFORMATIKA, STATISTIK DAN PERSANDIAN - 2.16.2.20.2.21.01.0000",01KS1T734ES8047Z3VZVHHWANY,66980049,2026,E-Katalog 6.0,APBD,WAHANA BINTANG MEDIA,E-Purchasing,Jasa Lainnya,"Belanja Jasa Iklan/Reklame, Film, dan Pemotretan",ON PROCESS,3600000,3600000
KAB. KAUR,DINAS PENDIDIKAN DAN KEBUDAYAAN - 1.01.2.22.0.00.01.0000,01KQRRKJTAN0YT7V6AX4DW9DGX,67048466,2026,E-Katalog 6.0,APBD,TAHIRIN,E-Purchasing,Barang,Belanja Alat/Bahan untuk Kegiatan Kantor- Kertas dan Cover,ON PROCESS,1820400,1820400
KAB. KAUR,SEKRETARIAT DPRD - 4.02.0.00.0.00.01.0000,01KJEZT0TN1YK1YHBY5XB8MWDW,65712199,2026,E-Katalog 6.0,APBD,RIZKY PRATAMA MANDIRI KAUR,E-Purchasing,Jasa Lainnya,"Beban Jasa Iklan/Reklame, Film, dan Pemotretan",ON PROCESS,1200000,1200000
KAB. KAUR,DINAS PEKERJAAN UMUM DAN PENATAAN RUANG - 1.03.0.00.0.00.01.0000,01KKNY2FMW2ZE0P2CM90999BNB,65564663,2026,E-Katalog 6.0,APBD,FERDIYANSAH,E-Purchasing,Barang,Belanja Alat/Bahan untuk Kegiatan Kantor- Kertas dan Cover,ON PROCESS,5605500,5605500
KAB. KAUR,"DINAS KOMUNIKASI, INFORMATIKA, STATISTIK DAN PERSANDIAN - 2.16.2.20.2.21.01.0000",01KKAPB872PN4P7NE836VZ9TE1,63111243,2026,E-Katalog 6.0,APBD,INFO MEDIA USEL,E-Purchasing,Jasa Lainnya,"Belanja Jasa Iklan/Reklame, Film, dan Pemotretan",ON PROCESS,2400000,2400000
KAB. KAUR,"DINAS KOMUNIKASI, INFORMATIKA, STATISTIK DAN PERSANDIAN - 2.16.2.20.2.21.01.0000",01KKAR7GHN83JNTZD9WQ18F1X8,63111243,2026,E-Katalog 6.0,APBD,SUARA MASSA MEDIA,E-Purchasing,Jasa Lainnya,"Belanja Jasa Iklan/Reklame, Film, dan Pemotretan",ON PROCESS,3450000,3450000
KAB. KAUR,DINAS KESEHATAN - 1.02.0.00.0.00.01.0000,01KQXS5ZXQZ6DZTFDKVQ9B94B6,66084181,2026,E-Katalog 6.0,APBD,HEXPHARM JAYA LABORATORIES,E-Purchasing,Barang,Belanja Obat-Obatan-Obat,ON PROCESS,63936000,63936000
KAB. KAUR,"DINAS KOMUNIKASI, INFORMATIKA, STATISTIK DAN PERSANDIAN - 2.16.2.20.2.21.01.0000",01KW8SKAN25GJKA5KR6FPMF6HK,63110052,2026,E-Katalog 6.0,APBD,RAJA SEMESTA RADAR KAUR,E-Purchasing,Barang,Belanja Langganan Jurnal/Surat Kabar/Majalah,ON PROCESS,35550000,35550000
KAB. KAUR,DINAS PENDIDIKAN DAN KEBUDAYAAN - 1.01.2.22.0.00.01.0000,01KQ9KWJDSETBCN4DDD19WKVP2,65666254,2026,E-Katalog 6.0,APBD,DONI APRIZAL,E-Purchasing,Barang,Belanja Alat/Bahan untuk Kegiatan Kantor- Bahan Cetak,ON PROCESS,999000,999000
KAB. KAUR,DINAS PENDIDIKAN DAN KEBUDAYAAN - 1.01.2.22.0.00.01.0000,01KPCS4TD8PKJKRHN57K16R6C5,65679891,2026,E-Katalog 6.0,APBD,DONI APRIZAL,E-Purchasing,Barang,Belanja Alat/Bahan untuk Kegiatan Kantor- Kertas dan Cover,ON PROCESS,1065600,1065600
KAB. KAUR,BADAN PENGELOLAAN KEUANGAN DAN ASET DAERAH - 5.02.0.00.0.00.01.0000,01KV9VH0ZRWTWYS0PP7M8CSXFB,67308571,2026,E-Katalog 6.0,APBD,MITRA PRIMA UTAMA,E-Purchasing,Barang,Belanja Modal Aset Tidak Berwujud-Aset Tidak Berwujud Lainnya,ON PROCESS,124000000,124000000
KAB. KAUR,DINAS PEKERJAAN UMUM DAN PENATAAN RUANG - 1.03.0.00.0.00.01.0000,01KKJ0FQQWMCDK4GD98FEXK2Q7,65567504,2026,E-Katalog 6.0,APBD,FERDIYANSAH,E-Purchasing,Barang,Belanja Alat/Bahan untuk Kegiatan Kantor-Bahan Komputer,ON PROCESS,1193250,1193250
KAB. KAUR,SEKRETARIAT DPRD - 4.02.0.00.0.00.01.0000,01KJPD2N6N6FX7DVM1JGWTHHV6,65712199,2026,E-Katalog 6.0,APBD,MEDIA ONLINE NEWSIKAL,E-Purchasing,Jasa Lainnya,"Beban Jasa Iklan/Reklame, Film, dan Pemotretan",ON PROCESS,1199910,1199910
