nama_instansi,nama_satuan_kerja,kode_paket,kode_rup,tahun_anggaran,sumber_transaksi,sumber_dana,nama_penyedia,metode_pengadaan,jenis_pengadaan,nama_paket,status_paket,total_nilai,nilai_pdn
KAB. SUKABUMI,DINAS PERTANIAN - 3.27.2.09.0.00.01.0000,10775253000,63916851,2026,Non Tender,APBD,PT. CAHAYA ABADI KONSULTINDO,Pengadaan Langsung,Jasa Konsultansi Badan Usaha Konstruksi,Belanja Modal Bangunan Pengaman Sungai/Pantai dan Penanggulangan Bencana Alam (Jasa Konsultan Perencanaan Pemb. Talud (Dinas Pertanian),SELESAI,6826500,6826500
KAB. SUKABUMI,UOBK RSUD SEKARWANGI - 1.02.0.00.0.00.01.0002,01KF15C8E4X7NAQXWAQ5GT99N6,63077986,2026,E-Katalog 6.0,BLUD,MEDIHOP,E-Purchasing,Barang,Belanja Bahan - Bahan Lainnya (BMHP Farmasi),ON PROCESS,91356827,91356827
KAB. SUKABUMI,DINAS PENDIDIKAN - 1.01.0.00.0.00.01.0000,10868264000,66141879,2026,Non Tender,APBD,CV. CIPTA BINA PUTRA,Pengadaan Langsung,Pekerjaan Konstruksi,Pembanguna Talud SDN Sukatani Kec. surade,SELESAI,89333717,89333717
KAB. SUKABUMI,UPTD PUSKESMAS CIKEMBAR - 1.02.0.00.0.00.01.0060,01KPTXHNRKZ8PQPF10T7E1DKFB,67057786,2026,E-Katalog 6.0,BLUD,INDO PRIANGAN KATULISTIWA,E-Purchasing,Barang,Belanja Obat-Obatan-Obat Puskesmas Cikembar Tahun 2026,COMPLETED,24786300,24786300
KAB. SUKABUMI,DINAS PENDIDIKAN - 1.01.0.00.0.00.01.0000,01KJWK6CB32RVWB53AV64Y63T7,66036439,2026,E-Katalog 6.0,APBD,RESTU IBU BERKAH,E-Purchasing,Barang,Pengadaan Mebel SD Wilayah Selatan,ON PROCESS,991999175,991999175
KAB. SUKABUMI,"DINAS KOPERASI, USAHA KECIL DAN MENENGAH - 2.17.0.00.0.00.01.0000",01KG4EAG5EJDW9DTQACYDJB3WK,63851522,2026,E-Katalog 6.0,APBD,INSAN CIPTA GRAFIKA,E-Purchasing,Barang,Penyediaan Barang Cetakan ,PAYMENT OUTSIDE SYSTEM,20242515,20242515
KAB. SUKABUMI,DINAS PERUMAHAN DAN KAWASAN PERMUKIMAN - 1.03.1.04.2.11.01.0000,10875265000,65763034,2026,Non Tender,APBD,CV TIARA ABADI,Pengadaan Langsung,Pekerjaan Konstruksi,"Drainase Ruas Jalan Haurmekar - Bolenglang Desa Tanjung Kecamatan Jampangkulon, Kab. Sukabumi",SELESAI,95663810,95663810
KAB. SUKABUMI,DINAS PEKERJAAN UMUM - 1.03.0.00.0.00.01.0000,10863736000,66620596,2026,Non Tender,APBD,CV. DOUBLE EL,Pengadaan Langsung,Pekerjaan Konstruksi,Daerah Irigasi Cicatih Desa Cimanggu Kecamatan Cikembar,SELESAI,281043719,281043719
KAB. SUKABUMI,DINAS PEKERJAAN UMUM - 1.03.0.00.0.00.01.0000,10928697000,66755524,2026,Non Tender,APBD,CV TIARA ABADI,Pengadaan Langsung,Pekerjaan Konstruksi,Ruas Jalan Cikiray - Gunung Jaya Kecamatan Cisaat,SELESAI,373959814,373959814
KAB. SUKABUMI,DINAS LINGKUNGAN HIDUP - 2.11.1.03.0.00.01.0000,01KN0SQKZ198K4VJ2161BVBDH9,64443226,2026,E-Katalog 6.0,APBD,FADHILLAH,E-Purchasing,Barang,Belanja Suku Cadang-Suku Cadang Alat Angkutan - Pengadaan Ban Truk ,PAYMENT OUTSIDE SYSTEM,597690600,597690600
KAB. SUKABUMI,DINAS PERDAGANGAN DAN PERINDUSTRIAN - 3.31.3.29.3.30.01.0000,10925248000,63905354,2026,Non Tender,APBD,BONNY CIPTA PRIMA,Pengadaan Langsung,Pekerjaan Konstruksi,Pembangunan Toilet Pasar Wisata Kadudampit,SELESAI,99452146,99452146
KAB. SUKABUMI,DINAS KEPENDUDUKAN DAN PENCATATAN SIPIL - 2.12.0.00.0.00.01.0000,01KH3BNPJCWNCHJ3VR6C3394TY,64090620,2026,E-Katalog 6.0,APBD,RUSYDA,E-Purchasing,Jasa Lainnya,Belanja Cetak Formulir Pelayanan F-1.03,PAYMENT OUTSIDE SYSTEM,24575720,24575720
KAB. SUKABUMI,UOBK RSUD SEKARWANGI - 1.02.0.00.0.00.01.0002,01KRX4DJZN0R4419EN61Q03JNA,63079700,2026,E-Katalog 6.0,BLUD,FINUSOLPRIMA FARMA INTERNASIONAL,E-Purchasing,Barang,Belanja Obat-obatan-Obat,ON PROCESS,4503425,4503425
KAB. SUKABUMI,SEKRETARIAT DAERAH - 4.01.0.00.0.00.01.0000,10809686000,66075354,2026,Non Tender,APBD,"Mulya Abadi, CV",Pengadaan Langsung,Pekerjaan Konstruksi,Belanja Modal Pagar lingkup Pendopo Palabuhanratu,SELESAI,397766142,397766142
KAB. SUKABUMI,UOBK RSUD SEKARWANGI - 1.02.0.00.0.00.01.0002,01KRAMWTKSARX1Q2D8DD283V96,63079700,2026,E-Katalog 6.0,BLUD,DEXA MEDICA,E-Purchasing,Barang,Belanja Obat-obatan-Obat,ON PROCESS,39749994,0
KAB. SUKABUMI,DINAS PERTANIAN - 3.27.2.09.0.00.01.0000,10869528000,63468828,2026,Non Tender,APBD,SAFIR RAYA UTAMA,Pengadaan Langsung,Pekerjaan Konstruksi,Persediaan Untuk Dijual/Diserahkan Lainnya - Jaringan Irigasi Pertanian Kec. Ciemas Desa Cibenda Poktan Bina tani,SELESAI,74560175,74560175
KAB. SUKABUMI,DINAS LINGKUNGAN HIDUP - 2.11.1.03.0.00.01.0000,10804851000,64486400,2026,Non Tender,APBD,CV. WAHANA INOVASI CONSULTANT,Pengadaan Langsung,Jasa Konsultansi Badan Usaha Konstruksi,Penyusunan DED Drainase Air Hujan TPA Kadaleman,SELESAI,99678000,99678000
KAB. SUKABUMI,DINAS PENDIDIKAN - 1.01.0.00.0.00.01.0000,10898738000,66269028,2026,Non Tender,APBD,CV. CIPTA KARYA,Pengadaan Langsung,Pekerjaan Konstruksi,Rehabilitasi Sedang / Berat Ruang Kelas SDN 2 Cimahpar  Kec. Kalibunder,SELESAI,278640000,278640000
KAB. SUKABUMI,DINAS PERTANIAN - 3.27.2.09.0.00.01.0000,10801644000,63468854,2026,Non Tender,APBD,GUMELAR PRATAMA,Pengadaan Langsung,Pekerjaan Konstruksi,Persediaan Untuk Dijual/Diserahkan Lainnya - Jaringan Irigasi Pertanian Kec. Ciracap Desa Mekarsari Poktan Sabar Subur,SELESAI,199196131,199196131
KAB. SUKABUMI,UPTD PUSKESMAS GEGERBITUNG - 1.02.0.00.0.00.01.0009,01KKDEG21KXRTW3HT7YAD6CHJR,66383204,2026,E-Katalog 6.0,APBD,INDO PRIANGAN KATULISTIWA,E-Purchasing,Barang,Belanja Bahan Medis Habis Pakai Puskesmas Gegerbitung,ON PROCESS,18320550,18320550
KAB. SUKABUMI,UPTD PUSKESMAS PURABAYA - 1.02.0.00.0.00.01.0012,01KH824A7XDNDNVSXB974G54X9,65223405,2026,E-Katalog 6.0,BLUD,RAJA ALKES MEDIKA,E-Purchasing,Barang,Belanja Pengadaan Obat-obatan Lainnya (BMHP) UPTD Puskesmas Purabaya ,PAYMENT OUTSIDE SYSTEM,4650617,4650617
KAB. SUKABUMI,"BADAN PERENCANAAN PEMBANGUNAN, RISET DAN INOVASI DAERAH - 5.01.5.05.0.00.01.0000",01KPA6E6V5FZWZVM3JBFWEJP4P,64608438,2026,E-Katalog 6.0,APBD,DERMA UTAMA ABADI,E-Purchasing,Jasa Lainnya,Belanja Makanan dan Minuman Rapat-Koordinasi Pengendalian Perencanaan,ON PROCESS,6300000,6300000
KAB. SUKABUMI,UPTD PUSKESMAS WARUNGKIARA - 1.02.0.00.0.00.01.0030,01KTN28F2W7D384G1BSQX9708F,66149364,2026,E-Katalog 6.0,BLUD,INDO PRIANGAN KATULISTIWA,E-Purchasing,Barang,Belanja Bahan Medis Habis Pakai Puskesmas Warungkiara,ON PROCESS,9906750,9906750
KAB. SUKABUMI,DINAS PEKERJAAN UMUM - 1.03.0.00.0.00.01.0000,10832466000,66761578,2026,Non Tender,APBD,CV. Putra Satria Family,Pengadaan Langsung,Pekerjaan Konstruksi,Pembuatan Bronjong Kawat Ruas Jalan Batas Kota - Palasari Kecamatan Sukabumi,SELESAI,369291378,369291378
KAB. SUKABUMI,DINAS PERHUBUNGAN - 2.15.0.00.0.00.01.0000,01KHRND85P9NPPT9ZT41RSZG8J,64706836,2026,E-Katalog 6.0,APBD,ARKASA PUTRA PRATAMA,E-Purchasing,Jasa Lainnya," Pembangunan PJU di Wilayah Kec. Parungkuda (12 Titik)",ON PROCESS,190875600,190875600
KAB. SUKABUMI,UPTD PUSKESMAS CIJANGKAR - 1.02.0.00.0.00.01.0011,01KMTDVSSRAF22W1F5AY1KMD5Z,65515296,2026,E-Katalog 6.0,BLUD,BERNOFARM,E-Purchasing,Barang,Belanja Obat-Obatan-Obat Puskesmas Cijangkar,COMPLETED,4526414,4526414
KAB. SUKABUMI,UOBK RSUD PALABUHANRATU - 1.02.0.00.0.00.01.0001,01KJSCVZDD95KDWY9Q30PCKCD3,64613160,2026,E-Katalog 6.0,BLUD,KENANGA UTAMA PERMAI,E-Purchasing,Barang,Belanja Bahan/Alat Medis Pakai Habis (BMHP) Farmasi,ON PROCESS,36186000,36186000
KAB. SUKABUMI,UOBK RSUD SEKARWANGI - 1.02.0.00.0.00.01.0002,01KTB71P64BG0BQJPFJK6EMHFV,63079700,2026,E-Katalog 6.0,BLUD,SATORIA ANEKA INDUSTRI,E-Purchasing,Barang,Belanja Obat-obatan-Obat,ON PROCESS,106047735,106047735
KAB. SUKABUMI,DINAS PERHUBUNGAN - 2.15.0.00.0.00.01.0000,01KMY7CCR02XHKZN9MKM9F9TRJ,64706805,2026,E-Katalog 6.0,APBD,TIGA DUA AMANAH,E-Purchasing,Jasa Lainnya," Pembangunan PJU di Wilayah Kec. Sagaranten (43 Titik)",ON PROCESS,684448200,684448200
KAB. SUKABUMI,BADAN KEPEGAWAIAN DAN PENGEMBANGAN SUMBER DAYA MANUSIA - 5.03.5.04.0.00.01.0000,01KG6W05JSHQ093NEGFBCBVA5R,64332909,2026,E-Katalog 6.0,APBD,SAKTI PERKASA,E-Purchasing,Barang,Belanja KIT Kegiatan Desk Penerima Penghargaan Lingkup Perangkat Daerah dan Kecamatan,PAYMENT OUTSIDE SYSTEM,17296020,17296020
KAB. SUKABUMI,UPTD KLINIK KESEHATAN DAERAH DAN LABORATORIUM KESEHATAN DAERAH - 1.02.0.00.0.00.01.0062,01KJVZ9GAD63QE76WYPC5J2YWP,65526676,2026,E-Katalog 6.0,BLUD,ZAYIN ZAHIRA,E-Purchasing,Barang,Belanja bahan Kegiatan Kantor ATK ,COMPLETED,29720916,29720916
KAB. SUKABUMI,DINAS KESEHATAN - 1.02.0.00.0.00.01.0000,01KS4T67CGVNDXS67YPC7J6JHP,65613325,2026,E-Katalog 6.0,APBD,HEXPHARM JAYA LABORATORIES,E-Purchasing,Barang,Pengadaan Obat Pelayanan Kesehatan Dasar PKD (DAK NF),ON PROCESS,5544450,5544450
KAB. SUKABUMI,DINAS KETAHANAN PANGAN - 2.09.2.09.2.09.01.0000,01KTNRE7MMGZ94R1HP918CSAK9,67275584,2026,E-Katalog 6.0,APBD,AKASIA,E-Purchasing,Barang,Belanja Alat/Bahan untuk Kegiatan Kantor-Perlengkapan Dinas,ON PROCESS,12842700,12842700
KAB. SUKABUMI,UPTD PUSKESMAS SIMPENAN - 1.02.0.00.0.00.01.0033,01KKDGQS6FT18DWXPA53EAHPCG,65189555,2026,E-Katalog 6.0,BLUD,TRIMAN,E-Purchasing,Barang,Belanja Obat - Obatan - Obat di Puskesmas Simpenan,COMPLETED,6576750,6576750
KAB. SUKABUMI,UOBK RSUD SEKARWANGI - 1.02.0.00.0.00.01.0002,01KVQ2YRKVGQ3NN7XNPHHJEG2Q,63077986,2026,E-Katalog 6.0,BLUD,TERUMO INDONESIA,E-Purchasing,Barang,Belanja Bahan - Bahan Lainnya (BMHP Farmasi),ON PROCESS,28485930,0
KAB. SUKABUMI,DINAS PERTANIAN - 3.27.2.09.0.00.01.0000,10800083000,63918822,2026,Non Tender,APBD,Tri Putra Mandiri Consultant,Pengadaan Langsung,Jasa Konsultansi Badan Usaha Konstruksi,Belanja Modal Bangunan Pengaman Sungai/Pantai dan Penanggulangan Bencana Alam (Jasa Konsultan Pengawasan Pemb. Talud (Dinas Pertanian),SELESAI,4484400,4484400
KAB. SUKABUMI,DINAS PERDAGANGAN DAN PERINDUSTRIAN - 3.31.3.29.3.30.01.0000,10926102000,63905342,2026,Non Tender,APBD,CV. BUANA SURYA PERKASA,Pengadaan Langsung,Pekerjaan Konstruksi,Pekerjaan Pembangunan Kantor Unit Pasar Parungkuda,SELESAI,261283967,261283967
KAB. SUKABUMI,DINAS PERUMAHAN DAN KAWASAN PERMUKIMAN - 1.03.1.04.2.11.01.0000,10885566000,67211778,2026,Non Tender,APBD,CV. ALADIN GAYA SEJAHTERA,Pengadaan Langsung,Pekerjaan Konstruksi,Japak Kp Salagombong RT03 RT04 RW03 Desa Sukadamai Kec Cicantayan,SELESAI,191900330,191900330
KAB. SUKABUMI,UPTD KLINIK KESEHATAN DAERAH DAN LABORATORIUM KESEHATAN DAERAH - 1.02.0.00.0.00.01.0062,01KKG7RBF3MGPF140A1TVD2GH3,65527153,2026,E-Katalog 6.0,BLUD,ZAYIN ZAHIRA,E-Purchasing,Barang,Belanja Bahan Cetakan,COMPLETED,7770000,7770000
KAB. SUKABUMI,UPTD PUSKESMAS CIDAHU - 1.02.0.00.0.00.01.0043,01KS1NAZHFEH149ZSFTHA790EX,66272931,2026,E-Katalog 6.0,BLUD,MERSIFARMA TIRMAKU MERCUSANA,E-Purchasing,Barang,Belanja Bahan Obat-obatan puskesmas cidahu,COMPLETED,9704231,9704231
KAB. SUKABUMI,UPTD RSUD SAGARANTEN - 1.02.0.00.0.00.01.0063,01KHYYGZ5SKA72NJAZ9CCZ01V8,65737073,2026,E-Katalog 6.0,BLUD,AYOOKLIK PARAHYANGAN PERKASA,E-Purchasing,Barang,Belanja Printer BLUD RSUD Sagaranten,ON PROCESS,11749999,0
KAB. SUKABUMI,"DINAS KOMUNIKASI, INFORMATIKA DAN PERSANDIAN - 2.16.2.21.2.20.01.0000",01KGYWG145A55ZNDGZZP8A6QAN,63756664,2026,E-Katalog 6.0,APBD,AFKARA PUTRA MULTIMEDIA,E-Purchasing,Barang,Belanja Modal Peralatan Jaringan - SSD Server - Koordinasi Pemanfaatan Pusat Data Nasional,ON PROCESS,39800160,39800160
KAB. SUKABUMI,UOBK RSUD SEKARWANGI - 1.02.0.00.0.00.01.0002,01KKJTQVPQ7EG6P8E3R4NE0CF2,63079700,2026,E-Katalog 6.0,BLUD,DAEWOONG INFION,E-Purchasing,Barang,Belanja Obat-obatan-Obat,ON PROCESS,8159992,8159992
KAB. SUKABUMI,DINAS PEKERJAAN UMUM - 1.03.0.00.0.00.01.0000,10928810000,66743827,2026,Non Tender,APBD,CV. MAKMUR JAYA,Pengadaan Langsung,Pekerjaan Konstruksi,Jembatan Cibago Ruas Jalan Cijangkar - Kibitey Kecamatan Nyalindung,SELESAI,46650357,46650357
KAB. SUKABUMI,DINAS PENDIDIKAN - 1.01.0.00.0.00.01.0000,10868630000,66141281,2026,Non Tender,APBD,CV. SUHEBAR KARYA,Pengadaan Langsung,Pekerjaan Konstruksi,Pembangunan Ruang Kelas Baru SDN Cibalanak  Kec. Bantargadung,SELESAI,179408730,179408730
KAB. SUKABUMI,BADAN PENDAPATAN DAERAH - 5.02.0.00.0.00.02.0000,01KRWKJ1GCZF6TVZJA02EKVBNR,67119537,2026,E-Katalog 6.0,APBD,ARKASA PUTRA PRATAMA,E-Purchasing,Barang,Belanja Modal Peralatan Komputer Lainnya - Scanner,ON PROCESS,27972000,27972000
KAB. SUKABUMI,UPTD RSUD SAGARANTEN - 1.02.0.00.0.00.01.0063,01KRZ95Q4S2TMAMW3B7KD06FZS,66641747,2026,E-Katalog 6.0,APBD,KLARA SANTOSA MANDIRI,E-Purchasing,Barang,Belanja Obat-Obatan DAU SG RSUD Sagaranten,ON PROCESS,294622416,294622416
KAB. SUKABUMI,UPTD PUSKESMAS SAGARANTEN - 1.02.0.00.0.00.01.0013,01KRZATA051BGEBFHXK71AW1BB,64486757,2026,E-Katalog 6.0,BLUD,ETERNITY RAMA MEDIKA,E-Purchasing,Barang,Belanja Bahan Medis Habis Pakai (BMHP) UPTD Puskesmas Sagaranten,PAYMENT OUTSIDE SYSTEM,13875888,13875888
KAB. SUKABUMI,UPTD PUSKESMAS CICURUG - 1.02.0.00.0.00.01.0044,01KKAWNYMBXAGZ7HV19VQ1WYHA,65369032,2026,E-Katalog 6.0,BLUD,MARIN LIZA FARMASI,E-Purchasing,Barang,Belanja Persediaan Bahan Obat - Obatan ,ON PROCESS,5763120,5763120
KAB. SUKABUMI,DINAS KESEHATAN - 1.02.0.00.0.00.01.0000,01KKC0TZJY2YD36WZSGVS92V24,67148229,2026,E-Katalog 6.0,APBD,LIKUID PHARMALAB INDONESIA,E-Purchasing,Barang,Pengadaan BMHP Penunjang Pelayanan Kesehatan Gratis (SILPA DAU SG),ON PROCESS,102937887,102937887
KAB. SUKABUMI,DINAS PENDIDIKAN - 1.01.0.00.0.00.01.0000,10876550000,66141656,2026,Non Tender,APBD,CV. Pelangi Group,Pengadaan Langsung,Pekerjaan Konstruksi,Pembangunan Mushola SDN Bangbayang  Kec. cisolok,SELESAI,92506668,92506668
KAB. SUKABUMI,UOBK RSUD SEKARWANGI - 1.02.0.00.0.00.01.0002,01KFFQ3A8DMQVW22KTM1XYDWV0,63079700,2026,E-Katalog 6.0,BLUD,MERSIFARMA TIRMAKU MERCUSANA,E-Purchasing,Barang,Belanja Obat-obatan-Obat,ON PROCESS,2969250,2969250
KAB. SUKABUMI,UPTD PUSKESMAS NAGRAK - 1.02.0.00.0.00.01.0048,01KQ9NPT6P373C7HX3MRBD5EG5,65483432,2026,E-Katalog 6.0,BLUD,KENCANA INSAN MANDIRI,E-Purchasing,Barang,Belanja Alat/Bahan untuk Kegiatan Kantor-Alat Listrik,COMPLETED,2025750,2025750
KAB. SUKABUMI,DINAS PERDAGANGAN DAN PERINDUSTRIAN - 3.31.3.29.3.30.01.0000,10925774000,63905372,2026,Non Tender,APBD,CV. BERKAH BERSINAR ABADI,Pengadaan Langsung,Pekerjaan Konstruksi,Pekerjaan Pembuatan Kanopi/Auning Kantor Pasar Cisaat,BERLANGSUNG,74836524,74836524
KAB. SUKABUMI,UPTD PUSKESMAS CIDAHU - 1.02.0.00.0.00.01.0043,01KVWCC9MNX9V70FPYERA5BRQ6,66272931,2026,E-Katalog 6.0,BLUD,SATU MEDIKA PRATAMA,E-Purchasing,Barang,Belanja Bahan Obat-obatan puskesmas cidahu,ON PROCESS,5705400,5705400
KAB. SUKABUMI,UOBK RSUD SEKARWANGI - 1.02.0.00.0.00.01.0002,01KNP2TP24D8D2CW9035XNZTZV,63079700,2026,E-Katalog 6.0,BLUD,DEXA MEDICA,E-Purchasing,Barang,Belanja Obat-obatan-Obat,ON PROCESS,45149956,45149956
KAB. SUKABUMI,DINAS KESEHATAN - 1.02.0.00.0.00.01.0000,01KK13B4ERB4329CEBNV9A6EVX,66233491,2026,E-Katalog 6.0,APBD,COPYPASTE,E-Purchasing,Jasa Lainnya,Pengadaan Media KIE Pengelolaan Pelayanan Kesehatan Penderita Hipertensi,PAYMENT OUTSIDE SYSTEM,127317000,127317000
KAB. SUKABUMI,DINAS KETAHANAN PANGAN - 2.09.2.09.2.09.01.0000,10793085000,64954828,2026,Non Tender,APBD,PT. ARAZAAK JAYA KONTRUKSINDO,Pengadaan Langsung,Pekerjaan Konstruksi,Belanja Modal Pagar,SELESAI,43030815,43030815
KAB. SUKABUMI,UPTD PUSKESMAS BOJONGGENTENG - 1.02.0.00.0.00.01.0040,01KKC2WW0H6B6NWFSWP1F2H3C5,65549461,2026,E-Katalog 6.0,BLUD,IMFARMIND FARMASI INDUSTRI,E-Purchasing,Barang,Belanja Bahan Obat - Obatan,COMPLETED,1324008,1324008
KAB. SUKABUMI,UPTD PUSKESMAS KARAWANG - 1.02.0.00.0.00.01.0003,01KVCDYF4R4DMMJF4VF84695WR,66056530,2026,E-Katalog 6.0,BLUD,INDO PRIANGAN KATULISTIWA,E-Purchasing,Barang,Belanja Bahan Habis Pakai Medis PPK BLUD UPT Puskesmas Karawang Tahun 2026,ON PROCESS,5727600,5727600
KAB. SUKABUMI,DINAS PEKERJAAN UMUM - 1.03.0.00.0.00.01.0000,10892724000,66613860,2026,Non Tender,APBD,CV. LAKSANA ABADI,Pengadaan Langsung,Pekerjaan Konstruksi,Daerah Irigasi Cigembong Desa Sindangraja Kecamatan Curugkembar,SELESAI,140763294,140763294
KAB. SUKABUMI,DINAS PERUMAHAN DAN KAWASAN PERMUKIMAN - 1.03.1.04.2.11.01.0000,10905888000,67281713,2026,Non Tender,APBD,CV. RANGGA BUANA,Pengadaan Langsung,Pekerjaan Konstruksi,TPT Ponpes Annidzom Kp Panjalu Desa Parungseah Kec Sukabumi,SELESAI,190758759,190758759
KAB. SUKABUMI,DINAS PERTANIAN - 3.27.2.09.0.00.01.0000,10866116000,63468804,2026,Non Tender,APBD,CV KARYA PALABUAN SAMUDRA,Pengadaan Langsung,Pekerjaan Konstruksi,Persediaan Untuk Dijual/Diserahkan Lainnya - Jaringan Irigasi Pertanian Kec. Cikidang Desa Cikiray Poktan Pangkalan,SELESAI,138495489,138495489
KAB. SUKABUMI,UPTD PUSKESMAS NYALINDUNG - 1.02.0.00.0.00.01.0010,01KKG9V7P84YYEZ4PXJ8NR1M4N,66077599,2026,E-Katalog 6.0,BLUD,RAJA ALKES MEDIKA,E-Purchasing,Barang,Belanja Bahan-Bahan Lainnya  BMHP (Bahan Medis Habis Pakai) - Puskesmas Nyalindung,PAYMENT OUTSIDE SYSTEM,2216670,2216670
KAB. SUKABUMI,DINAS PERHUBUNGAN - 2.15.0.00.0.00.01.0000,10819545000,64749101,2026,Non Tender,APBD,PUTRA RAJA BANGUN USAHA,Pengadaan Langsung,Jasa Konsultansi Badan Usaha Konstruksi,Jasa Konsultan Pengawasan Pagar Kantor,SELESAI,6271500,6271500
KAB. SUKABUMI,UPTD PUSKESMAS NAGRAK - 1.02.0.00.0.00.01.0048,01KS90KQVKEPAWZYNGW3KEQE6F,65361864,2026,E-Katalog 6.0,BLUD,TRIMAN,E-Purchasing,Barang,belanja barang pakai habis- belanja obat-obatan,COMPLETED,6574530,6574530
KAB. SUKABUMI,DINAS PEKERJAAN UMUM - 1.03.0.00.0.00.01.0000,01KSCHW55N4VR4V6CAD77TVRCQ,67132217,2026,E-Katalog 6.0,APBD,DEWA RIZKI YUDISTIRA,E-Purchasing,Pekerjaan Konstruksi,Ruas jalan Parungkuda - Bojongpari Kecamatan Parungkuda,ON PROCESS,1330819837,1330819837
KAB. SUKABUMI,DINAS PENDIDIKAN - 1.01.0.00.0.00.01.0000,10884657000,66052218,2026,Non Tender,APBD,CV. RIZKI SARANA,Pengadaan Langsung,Pekerjaan Konstruksi,Rehabilitasi Sedang / Berat Ruang Kelas SDN Cikaso  Kec. lengkong,SELESAI,135922596,135922596
KAB. SUKABUMI,UOBK RSUD SEKARWANGI - 1.02.0.00.0.00.01.0002,01KKJXB26PT79J52ZBTCTW3KZ6,63077986,2026,E-Katalog 6.0,BLUD,ESSITY HYGIENE AND HEALTH INDONESIA,E-Purchasing,Barang,Belanja Bahan - Bahan Lainnya (BMHP Farmasi),ON PROCESS,11957829,0
KAB. SUKABUMI,DINAS PEKERJAAN UMUM - 1.03.0.00.0.00.01.0000,01KWHFQW7YD60GC3D1H938ZV06,67111329,2026,E-Katalog 6.0,APBD,SAKTI PERKASA,E-Purchasing,Barang,Pengadaan Peralatan dan Mesin Lainnya (Pengadaan Alat Perlengkapan Kantor),ON PROCESS,174383220,174383220
KAB. SUKABUMI,BADAN KEPEGAWAIAN DAN PENGEMBANGAN SUMBER DAYA MANUSIA - 5.03.5.04.0.00.01.0000,01KSRRWMCMN5SAK4TPX78JH2QP,67149653,2026,E-Katalog 6.0,APBD,BERKAH DWI RASA,E-Purchasing,Jasa Lainnya,Belanja Makanan dan Minuman Webinar,ON PROCESS,16680000,16680000
KAB. SUKABUMI,UPTD PUSKESMAS SURADE - 1.02.0.00.0.00.01.0021,01KVHRWBG5GWE8GD4RBPBA4GSR,65736776,2026,E-Katalog 6.0,BLUD,ZAYIN ZAHIRA,E-Purchasing,Barang,Belanja Modal Personal Computer PKM Surade 2026,COMPLETED,7603500,7603500
KAB. SUKABUMI,DINAS PENDIDIKAN - 1.01.0.00.0.00.01.0000,10878386000,66268894,2026,Non Tender,APBD,CV. AR. ALGHIFARI,Pengadaan Langsung,Pekerjaan Konstruksi,Rehabilitasi Sedang / Berat Ruang Kelas SDN Gentong  Kec. Cisaat,SELESAI,148143242,148143242
KAB. SUKABUMI,DINAS TENAGA KERJA DAN TRANSMIGRASI - 2.07.3.32.0.00.01.0000,10789477000,64620976,2026,Non Tender,APBD,CV DWINA BERKAH,Pengadaan Langsung,Pengadaan Barang,Persediaan untuk Dijual/Diserahkan Kepada Masyarakat (Material Padat Karya Infrastruktur Rabat Beton Kp. Gunungjaya Desa Gunungjaya Kec. Cisaat),SELESAI,111076000,111076000
KAB. SUKABUMI,DINAS PENDIDIKAN - 1.01.0.00.0.00.01.0000,10900263000,66052843,2026,Non Tender,APBD,CV. Pondasi Alam Prima,Pengadaan Langsung,Pekerjaan Konstruksi,Rehabilitasi Sedang / Berat Ruang Kelas SDN Model Kec. Cikembar,SELESAI,136550000,136550000
KAB. SUKABUMI,"BADAN PERENCANAAN PEMBANGUNAN, RISET DAN INOVASI DAERAH - 5.01.5.05.0.00.01.0000",01KJ9ZF769FDVX2S9A92AP0AQK,64614624,2026,E-Katalog 6.0,APBD,VIANIE,E-Purchasing,Jasa Lainnya,Belanja Makanan dan Minuman Rapat-Koordinasi Bidang Sumber Daya Alam,PAYMENT OUTSIDE SYSTEM,3500000,3500000
KAB. SUKABUMI,DINAS PERHUBUNGAN - 2.15.0.00.0.00.01.0000,01KH979Y3FSBEJRQ2P71KCAAYC,64706844,2026,E-Katalog 6.0,APBD,BINA JASA,E-Purchasing,Jasa Lainnya,Pembangunan PJU di Wilayah Desa Sukamulya Kecamatan Cikembar (10 Titik),ON PROCESS,159250000,159250000
KAB. SUKABUMI,DINAS PENDIDIKAN - 1.01.0.00.0.00.01.0000,10865664000,66052075,2026,Non Tender,APBD,CV. RILEQ KONSTRUKSI,Pengadaan Langsung,Pekerjaan Konstruksi,Rehabilitasi Sedang / Berat Ruang Kelas SDN Sukalaksana  Kec. Curugkembar,SELESAI,275890531,275890531
KAB. SUKABUMI,SATUAN POLISI PAMONG PRAJA - 1.05.0.00.0.00.03.0000,10889551000,67237222,2026,Non Tender,APBD,PT SANG HYANG MANGGALA,Pengadaan Langsung,Jasa Konsultansi Badan Usaha Konstruksi,Belanja Jasa Konsultansi Perencanaan Arsitektur-Jasa Desain Arsitektural,SELESAI,12154500,12154500
KAB. SUKABUMI,DINAS KESEHATAN - 1.02.0.00.0.00.01.0000,01KK13JQ5Y9S4HNR69TWFXZ1ZQ,66232418,2026,E-Katalog 6.0,APBD,COPYPASTE,E-Purchasing,Jasa Lainnya,Pengadaan Media KIE Pelayanan Kesehatan Usia Produktif,PAYMENT OUTSIDE SYSTEM,86868600,86868600
KAB. SUKABUMI,DINAS KESEHATAN - 1.02.0.00.0.00.01.0000,01KR2PN25ZRZRT456N6D3ZE94S,65613325,2026,E-Katalog 6.0,APBD,PHAPROS,E-Purchasing,Barang,Pengadaan Obat Pelayanan Kesehatan Dasar PKD (DAK NF),ON PROCESS,98876025,98876025
KAB. SUKABUMI,UOBK RSUD SEKARWANGI - 1.02.0.00.0.00.01.0002,01KES1KEVC48GRCP4ESBCRAMM6,63077986,2026,E-Katalog 6.0,BLUD,INTI PURNABAKTI GLOBAL,E-Purchasing,Barang,Belanja Bahan - Bahan Lainnya (BMHP Farmasi),ON PROCESS,99102785,99102785
KAB. SUKABUMI,DINAS PEKERJAAN UMUM - 1.03.0.00.0.00.01.0000,10916101000,66752030,2026,Non Tender,APBD,CV. NAYRA CAHAYA KONSTRUKSI,Pengadaan Langsung,Pekerjaan Konstruksi,Ruas Jalan Ganesha - Cipanas Kecamatan Cisolok,SELESAI,187192667,187192667
KAB. SUKABUMI,DINAS PENDIDIKAN - 1.01.0.00.0.00.01.0000,10868250000,66141706,2026,Non Tender,APBD,CV. BELHARCO IDR,Pengadaan Langsung,Pekerjaan Konstruksi,Pembanguna Toilet Beserta Sanitasinya SDN 3 Caringin Kec. Caringin,SELESAI,89366321,89366321
KAB. SUKABUMI,DINAS PERUMAHAN DAN KAWASAN PERMUKIMAN - 1.03.1.04.2.11.01.0000,10912648000,67311148,2026,Non Tender,APBD,CV. ANGGELL GEMILANG,Pengadaan Langsung,Pekerjaan Konstruksi,Jalan Lingkungan Kecamatan Cibadak Desa Sukasirna Rt002-Rw016,SELESAI,191916906,191916906
KAB. SUKABUMI,UPTD PUSKESMAS KALIBUNDER - 1.02.0.00.0.00.01.0028,01KMQZGX2Z0X8KTMJFAWNT087V,65601628,2026,E-Katalog 6.0,BLUD,TRIMAN,E-Purchasing,Barang,Belanja Obat-Obatan-Obat Puskesmas Kalibunder Tahun 2026,COMPLETED,188700,188700
KAB. SUKABUMI,UPTD PUSKESMAS LENGKONG - 1.02.0.00.0.00.01.0057,01KS1RWR6135PYY6EE9YD3VJ8B,65749904,2026,E-Katalog 6.0,APBD,NOVAPHARIN,E-Purchasing,Barang,Belanja Obat Pelayanan Kesehatan Dasar UPTD Puskesmas Lengkong,ON PROCESS,4310130,4310130
KAB. SUKABUMI,DINAS PERDAGANGAN DAN PERINDUSTRIAN - 3.31.3.29.3.30.01.0000,10928666000,63905349,2026,Non Tender,APBD,CV. TIRTA MENTARI,Pengadaan Langsung,Jasa Konsultansi Badan Usaha Konstruksi,Jasa Konsultansi Pengawasan Pembuatan tangga Akses dan Perbaikan Atap pasar Sagaranten,SELESAI,4218000,4218000
KAB. SUKABUMI,DINAS PERHUBUNGAN - 2.15.0.00.0.00.01.0000,01KJYQAQSG2J6MZ25J1WMRF9WX,66231732,2026,E-Katalog 6.0,APBD,SADULUR SAJATI,E-Purchasing,Jasa Lainnya,Belanja Alat/Bahan untuk Kegiatan Kantor- Bahan Cetak,PAYMENT OUTSIDE SYSTEM,20607150,20607150
KAB. SUKABUMI,DINAS PERUMAHAN DAN KAWASAN PERMUKIMAN - 1.03.1.04.2.11.01.0000,10885532000,67212386,2026,Non Tender,APBD,CV. INAYA MULYA SELARAS,Pengadaan Langsung,Pekerjaan Konstruksi,Jaling RT12 RT14 RW04 Desa Cijalingan Kec Cicantayan,SELESAI,191841391,191841391
KAB. SUKABUMI,DINAS KESEHATAN - 1.02.0.00.0.00.01.0000,01KJ9FJ251K8KVPH3YTCYM1JA7,65758411,2026,E-Katalog 6.0,APBD,ATHALLA KAWAN MEDIKAL,E-Purchasing,Barang,Pengadaan Reagen Sanitarian KIT (DAK Non Fisik),PAYMENT OUTSIDE SYSTEM,1542264006,1542264006
KAB. SUKABUMI,DINAS PERHUBUNGAN - 2.15.0.00.0.00.01.0000,01KJC1D1KFWYXT7T52VGWT4HNW,64754993,2026,E-Katalog 6.0,APBD,JAYAMANDIRI GEMASEJATI,E-Purchasing,Barang,Belanja Modal Kendaraan Bermotor Beroda Dua,PAYMENT OUTSIDE SYSTEM,330404000,330404000
KAB. SUKABUMI,UOBK RSUD SEKARWANGI - 1.02.0.00.0.00.01.0002,01KTX1FSDV5RBX3DD1KZ6KGTBN,63079700,2026,E-Katalog 6.0,BLUD,ETERCON PHARMA,E-Purchasing,Barang,Belanja Obat-obatan-Obat,ON PROCESS,521367,521367
KAB. SUKABUMI,DINAS PERUMAHAN DAN KAWASAN PERMUKIMAN - 1.03.1.04.2.11.01.0000,10930686000,67376523,2026,Non Tender,APBD,KAFADA KARYA,Pengadaan Langsung,Pekerjaan Konstruksi,Jalan Lingkungan Kecamatan Cisaat Desa Kutasirna Rt004-Rw001,BERLANGSUNG,192214569,192214569
KAB. SUKABUMI,DINAS PEKERJAAN UMUM - 1.03.0.00.0.00.01.0000,10828832000,66743553,2026,Non Tender,APBD,CV.KARUNIA PUTRA,Pengadaan Langsung,Pekerjaan Konstruksi,Pembuatan Bangunan Pelengkap dan Pengamanan Jalan Ruas Jalan Bagbagan - Warungkiara Kecamatan Warungkiara,SELESAI,93117171,93117171
KAB. SUKABUMI,UOBK RSUD SEKARWANGI - 1.02.0.00.0.00.01.0002,01KRDMFJRTR074Q7X2WS6CNY43,63079700,2026,E-Katalog 6.0,BLUD,GLAXO WELLCOME INDONESIA,E-Purchasing,Barang,Belanja Obat-obatan-Obat,ON PROCESS,7961564,0
KAB. SUKABUMI,DINAS ARSIP DAN PERPUSTAKAAN - 2.24.2.23.0.00.01.0000,01KPAS6DDFPSCBGC6QPBSF6C9P,65690356,2026,E-Katalog 6.0,APBD,SADULUR SAJATI,E-Purchasing,Barang,Persediaan Dokumen/Administrasi Tender,PAYMENT OUTSIDE SYSTEM,15517800,15517800
KAB. SUKABUMI,UPTD PUSKESMAS KADUDAMPIT - 1.02.0.00.0.00.01.0056,01KVSGZR0JHSB2WBGMXA4Y9X89,66645895,2026,E-Katalog 6.0,BLUD,INDO PRIANGAN KATULISTIWA,E-Purchasing,Barang,Belanja Bahan Obat-obatan puskesmas kadudampit,ON PROCESS,1798200,1798200
KAB. SUKABUMI,UOBK RSUD SEKARWANGI - 1.02.0.00.0.00.01.0002,01KT5M7CXFAYF6ASY692GYPN6A,63079700,2026,E-Katalog 6.0,BLUD,PERUSAHAAN PERSEROAN (PERSERO) PT KIMIA FARMA,E-Purchasing,Barang,Belanja Obat-obatan-Obat,ON PROCESS,1533299,1533299
KAB. SUKABUMI,UOBK RSUD SEKARWANGI - 1.02.0.00.0.00.01.0002,01KSHKC5FDJA61EYHFKKAMYZXJ,63079700,2026,E-Katalog 6.0,BLUD,PJ. HERBAL NUSANTARA,E-Purchasing,Barang,Belanja Obat-obatan-Obat,ON PROCESS,9614316,9614316
KAB. SUKABUMI,UPTD PUSKESMAS NAGRAK - 1.02.0.00.0.00.01.0048,01KV9N2BR8AMPCWMM0WAPVQTYG,67329365,2026,E-Katalog 6.0,BLUD,KENCANA INSAN MANDIRI,E-Purchasing,Barang,Belanja Alat/Bahan untuk Kegiatan Kantor-Alat Listrik,COMPLETED,525030,525030
KAB. SUKABUMI,DINAS KESEHATAN - 1.02.0.00.0.00.01.0000,01KJYGF2BNHNX3DH4DM06JC30F,65555028,2026,E-Katalog 6.0,APBD,INDO ALTON PERKASA,E-Purchasing,Barang,Pengadaan Bahan Pengepakan Spesimen HPV DNA (DAK Non Fisik),ON PROCESS,451123425,451123425
KAB. SUKABUMI,UPTD PUSKESMAS CISAAT - 1.02.0.00.0.00.01.0053,01KNK7GGDMG6ND9DJY1P9B953V,64691552,2026,E-Katalog 6.0,BLUD,INDO PRIANGAN KATULISTIWA,E-Purchasing,Barang,Belanja Belanja Obat-Obatan-Obat Puskesmas Cisaat TA. 2026,COMPLETED,7536900,7536900
KAB. SUKABUMI,DINAS PETERNAKAN - 3.27.0.00.0.00.01.0000,01KP4VMB5C3106SXAG6S68V0N4,64736943,2026,E-Katalog 6.0,APBD,BALAI INSEMINASI BUATAN LEMBANG DITJEN PETERNAKAN DAN KESEHATAN HEWAN KEMENTERIAN PERTANIAN,E-Purchasing,Barang,Belanja Semen Beku (Straw),PAYMENT OUTSIDE SYSTEM,33600000,33600000
KAB. SUKABUMI,DINAS PENDIDIKAN - 1.01.0.00.0.00.01.0000,10884783000,66269182,2026,Non Tender,APBD,CV. PUKA SATU DUA TIGA,Pengadaan Langsung,Pekerjaan Konstruksi,Rehabilitasi Sedang / Berat Ruang Kelas SDN Ciseureuh  Kec. Sagaranten,SELESAI,185326531,185326531
KAB. SUKABUMI,DINAS PERHUBUNGAN - 2.15.0.00.0.00.01.0000,10877612000,64714200,2026,Non Tender,APBD,PT. LANDKAART,Pengadaan Langsung,Jasa Konsultansi Badan Usaha Non Konstruksi,Belanja Jasa Konsultansi Penyusunan Kajian Trayek Angkutan Sungai,SELESAI,59518200,59518200
KAB. SUKABUMI,UPTD PUSKESMAS KALIBUNDER - 1.02.0.00.0.00.01.0028,01KKDQPFYB57FJ8TM0K44YTE9J,65601628,2026,E-Katalog 6.0,BLUD,NOVAPHARIN,E-Purchasing,Barang,Belanja Obat-Obatan-Obat Puskesmas Kalibunder Tahun 2026,COMPLETED,2647350,2647350
KAB. SUKABUMI,UPTD PUSKESMAS BANTARGADUNG - 1.02.0.00.0.00.01.0031,01KNGFV7Z39BZR203DBWPGWQ27,66286510,2026,E-Katalog 6.0,BLUD,INDO PRIANGAN KATULISTIWA,E-Purchasing,Barang,Belanja bahan obat-obatan (Puskesmas Bantargadung),ON PROCESS,666000,666000
KAB. SUKABUMI,DINAS PERDAGANGAN DAN PERINDUSTRIAN - 3.31.3.29.3.30.01.0000,10926178000,63905388,2026,Non Tender,APBD,CV. NAYRA CAHAYA KONSTRUKSI,Pengadaan Langsung,Pekerjaan Konstruksi,Pekerjaan Pembangunan TPS Pasar Parungkuda,SELESAI,92007000,92007000
KAB. SUKABUMI,UPTD PUSKESMAS CIAMBAR - 1.02.0.00.0.00.01.0046,01KT3C51KC6X2QNTP1FV9CTRAK,65772509,2026,E-Katalog 6.0,BLUD,ETERNITY RAMA MEDIKA,E-Purchasing,Barang,Belanja Modal Alat Kedokteran Umum,COMPLETED,2941500,0
KAB. SUKABUMI,UOBK RSUD SEKARWANGI - 1.02.0.00.0.00.01.0002,01KNS347A2M5E8KWV2G8TQSQYX,63079700,2026,E-Katalog 6.0,BLUD,SYDNA FARMA,E-Purchasing,Barang,Belanja Obat-obatan-Obat,ON PROCESS,29304000,0
KAB. SUKABUMI,DINAS PERTANIAN - 3.27.2.09.0.00.01.0000,10801844000,66360793,2026,Non Tender,APBD,CV. DEMI KARYA,Pengadaan Langsung,Pekerjaan Konstruksi,Persediaan Untuk Dijual/Diserahkan Lainnya - Jaringan Irigasi Pertanian Kec. Sukabumi Desa Parungseah Poktan Sugih Tani VII,SELESAI,199375842,199375842
KAB. SUKABUMI,UPTD PUSKESMAS CIKAKAK - 1.02.0.00.0.00.01.0035,01KQ8Z7Y1MR3D3QP2AA4AQ2TGA,65505795,2026,E-Katalog 6.0,BLUD,HEXPHARM JAYA LABORATORIES,E-Purchasing,Barang,Belanja Obat-obatan- Obat UPTD Puskesmas Cikakak Tahun 2026,ON PROCESS,10804074,10804074
KAB. SUKABUMI,UPTD PUSKESMAS CICANTAYAN - 1.02.0.00.0.00.01.0051,01KHQED1EJ7TKW8WR2ZB8AP3GR,65438298,2026,E-Katalog 6.0,BLUD,NOVAPHARIN,E-Purchasing,Barang,Belanja Obat-Obatan Puskesmas Cicantayan Tahun 2026,COMPLETED,4662000,4662000
KAB. SUKABUMI,DINAS PERTANIAN - 3.27.2.09.0.00.01.0000,10818174000,63468758,2026,Non Tender,APBD,CV. AR. ALGHIFARI,Pengadaan Langsung,Pekerjaan Konstruksi,Persediaan Untuk Dijual/Diserahkan Lainnya - Jaringan Irigasi Pertanian Kec. Surade Kel. Surade Poktan Ciugung,SELESAI,96997350,96997350
KAB. SUKABUMI,DINAS PERUMAHAN DAN KAWASAN PERMUKIMAN - 1.03.1.04.2.11.01.0000,10896594000,67224111,2026,Non Tender,APBD,CV. Adhinata Utama,Pengadaan Langsung,Pekerjaan Konstruksi,Drainase Kecamatan Cisaat Desa Kutasirna Rt010-Rw004,SELESAI,76201647,76201647
KAB. SUKABUMI,DINAS PERHUBUNGAN - 2.15.0.00.0.00.01.0000,01KPRC11BK5N92F202KN2NM0DF,64750521,2026,E-Katalog 6.0,APBD,HADIL MAHASIN,E-Purchasing,Barang,Belanja Modal Personal Computer,PAYMENT OUTSIDE SYSTEM,19980000,0
KAB. SUKABUMI,DINAS PEKERJAAN UMUM - 1.03.0.00.0.00.01.0000,10832521000,66694502,2026,Non Tender,APBD,CV. AGUNG JAYA ABADI,Pengadaan Langsung,Pekerjaan Konstruksi,Pembuatan Tembok Penahan Tanah Ruas Jalan Sukaraja - Nyalindung Kecamatan Sukaraja,SELESAI,116955780,116955780
KAB. SUKABUMI,UPTD PUSKESMAS CIJANGKAR - 1.02.0.00.0.00.01.0011,01KSH657QRMV5CGAMR27NWBB46,67208239,2026,E-Katalog 6.0,BLUD,CIPTA BUMI PERSADA,E-Purchasing,Barang,Belanja Alat dan Mesin Pendingin /AC Puskesmas Cijangkar,COMPLETED,5883000,5883000
KAB. SUKABUMI,DINAS PENDIDIKAN - 1.01.0.00.0.00.01.0000,10868639000,66141332,2026,Non Tender,APBD,SHAKIR JANUAR,Pengadaan Langsung,Pekerjaan Konstruksi,Pembangunan Ruang Kelas Baru SDN Ciambar 2  Kec. Ciambar,SELESAI,179092504,179092504
KAB. SUKABUMI,DINAS PERUMAHAN DAN KAWASAN PERMUKIMAN - 1.03.1.04.2.11.01.0000,10894254000,67216128,2026,Non Tender,APBD,CV. TIGA DUA AMANAH,Pengadaan Langsung,Pekerjaan Konstruksi,Pembangunan Sarana Air Bersih Kp Negla Rw 01 Desa Cimahpar Kec Kalibunder,SELESAI,144153523,144153523
KAB. SUKABUMI,DINAS PENDIDIKAN - 1.01.0.00.0.00.01.0000,01KKD9DG0Z1D3585G2D2BC5ACR,66274107,2026,E-Katalog 6.0,APBD,INTAN NOPIANTI,E-Purchasing,Barang,Pengadaan Pigura Bupati dan Wakil Bupati,ON PROCESS,199324088,199324088
KAB. SUKABUMI,UPTD PUSKESMAS CIAMBAR - 1.02.0.00.0.00.01.0046,01KPQ1X822ZPC75VZSXVDGD7AQ,65715590,2026,E-Katalog 6.0,BLUD,PERUSAHAAN PERSEROAN (PERSERO) PT KIMIA FARMA,E-Purchasing,Barang,Belanja Obat-obatan,COMPLETED,2993270,2993270
KAB. SUKABUMI,UOBK RSUD SEKARWANGI - 1.02.0.00.0.00.01.0002,01KP4XD5CAF92A192EWP392NGH,63079700,2026,E-Katalog 6.0,BLUD,KALBE FARMA,E-Purchasing,Barang,Belanja Obat-obatan-Obat,ON PROCESS,17760000,17760000
KAB. SUKABUMI,DINAS PERDAGANGAN DAN PERINDUSTRIAN - 3.31.3.29.3.30.01.0000,10857354000,63905351,2026,Non Tender,APBD,CV. TIGA DUA AMANAH,Pengadaan Langsung,Pekerjaan Konstruksi,Pekerjaan Pembuatan TPS Pasar Jampangtengah,SELESAI,74475275,74475275
KAB. SUKABUMI,DINAS SOSIAL - 1.06.0.00.0.00.01.0000,01KH6CM8GXNAVDJYH2CK5E03CW,64948509,2026,E-Katalog 6.0,APBD,PUTERA CIBOLANG,E-Purchasing,Barang,"Pengadaan Sandang bagi Anak Terlantar, Disabilitas Terlantar, Lanjut Usia Terlantar, Gelandangan dan Pengemis",ON PROCESS,592917600,592917600
KAB. SUKABUMI,BADAN KEPEGAWAIAN DAN PENGEMBANGAN SUMBER DAYA MANUSIA - 5.03.5.04.0.00.01.0000,01KGH2EG7YHVM0504E17KB2HG8,64492021,2026,E-Katalog 6.0,APBD,SADULUR SAJATI,E-Purchasing,Jasa Lainnya,Belanja Bahan Cetakan,PAYMENT OUTSIDE SYSTEM,51445170,51445170
KAB. SUKABUMI,UPTD PUSKESMAS GEGERBITUNG - 1.02.0.00.0.00.01.0009,01KPVZJFBM2Y1HN5G84171H8C4,66628986,2026,E-Katalog 6.0,BLUD,PHAPROS,E-Purchasing,Barang,Belanja Bahan Obat-obatan UPTD Puskesmas Cireunghas,ON PROCESS,1853700,1853700
KAB. SUKABUMI,DINAS PERHUBUNGAN - 2.15.0.00.0.00.01.0000,01KMYWAVWCWXR36BNC5ZWMMKQP,64706885,2026,E-Katalog 6.0,APBD,TIGA DUA AMANAH,E-Purchasing,Jasa Lainnya,Pembangunan PJU di Wilayah Kec. Cidahu (3 Titik),ON PROCESS,47752200,47752200
KAB. SUKABUMI,DINAS KEPENDUDUKAN DAN PENCATATAN SIPIL - 2.12.0.00.0.00.01.0000,01KMT59EH5980B2QSA5RD9KBRB,64091407,2026,E-Katalog 6.0,APBD,SADULUR SAJATI,E-Purchasing,Jasa Lainnya,Belanja Map Disposisi,PAYMENT OUTSIDE SYSTEM,13551491,13551491
KAB. SUKABUMI,DINAS PERHUBUNGAN - 2.15.0.00.0.00.01.0000,10791913000,64733266,2026,Non Tender,APBD,CV ADHIGUNA BINTANG SELATAN,Pengadaan Langsung,Pekerjaan Konstruksi,Rehabilitasi dan Pemeliharaan Terminal Jampang Kulon,SELESAI,65248814,65248814
KAB. SUKABUMI,UOBK RSUD SEKARWANGI - 1.02.0.00.0.00.01.0002,01KS6YRMZM6BABSRD4VZY676QH,63077986,2026,E-Katalog 6.0,BLUD,ESSITY HYGIENE AND HEALTH INDONESIA,E-Purchasing,Barang,Belanja Bahan - Bahan Lainnya (BMHP Farmasi),ON PROCESS,48717454,48717454
KAB. SUKABUMI,UPTD PUSKESMAS BANTARGADUNG - 1.02.0.00.0.00.01.0031,01KPMG5QGK0JF7PDBZPD5219CH,66286526,2026,E-Katalog 6.0,BLUD,TRISA LIKUID FARMA,E-Purchasing,Barang,Belanja habis pakai alat kesehatan (BHP medis) Puskesmas Bantargadung,ON PROCESS,1165500,1165500
KAB. SUKABUMI,UOBK RSUD SEKARWANGI - 1.02.0.00.0.00.01.0002,01KN0XEQZJ7WJJRTXSQ0676VZW,66356539,2026,E-Katalog 6.0,BLUD,MITRA GARUDA PALAPA,E-Purchasing,Jasa Lainnya,Belanja Jasa Pengelolaan Limbah Cair  Sludge IPAL,PAYMENT OUTSIDE SYSTEM,90995580,90995580
KAB. SUKABUMI,DINAS PERHUBUNGAN - 2.15.0.00.0.00.01.0000,01KHAVKSGR4Q5426G7Z1QDFED9,64706865,2026,E-Katalog 6.0,APBD,MARGATAMA,E-Purchasing,Jasa Lainnya,Pembangunan PJU di Wilayah Kec. Caringin dan Cicantayan (31 Titik),ON PROCESS,493783500,493783500
KAB. SUKABUMI,DINAS PENDIDIKAN - 1.01.0.00.0.00.01.0000,10875232000,66142710,2026,Non Tender,APBD,CV. MAULANA SINERGI KREATIF,Pengadaan Langsung,Pekerjaan Konstruksi,Pembanguna Talud SDN Bantarkalong  Kec. Warungkiara,SELESAI,64546561,64546561
KAB. SUKABUMI,SEKRETARIAT DAERAH - 4.01.0.00.0.00.01.0000,10872952000,66085411,2026,Non Tender,APBD,CV. BINTANG ZENIX,Pengadaan Langsung,Pekerjaan Konstruksi,Pemeliharaan Bangunan Pendopo Sukabumi,SELESAI,139711447,139711447
KAB. SUKABUMI,DINAS PEKERJAAN UMUM - 1.03.0.00.0.00.01.0000,10832539000,66717193,2026,Non Tender,APBD,CV.KARUNIA PUTRA,Pengadaan Langsung,Pekerjaan Konstruksi,Pembuatan Drainase Ruas Jalan Batas Kota - Selabintana Kecamatan Sukabumi,SELESAI,72627809,72627809
KAB. SUKABUMI,DINAS PERTANIAN - 3.27.2.09.0.00.01.0000,10902475000,63468743,2026,Non Tender,APBD,CV. Al - Fharizky,Pengadaan Langsung,Pekerjaan Konstruksi,Persediaan Untuk Dijual/Diserahkan Lainnya - Jaringan Irigasi Pertanian Kec. Tegalbuleud Desa Rambay Poktan Cipari,SELESAI,99408673,99408673
KAB. SUKABUMI,UOBK RSUD SEKARWANGI - 1.02.0.00.0.00.01.0002,01KPMKJRJSDMXFGC1HANH4378B,63077986,2026,E-Katalog 6.0,BLUD,ENSEVAL MEDIKA PRIMA,E-Purchasing,Barang,Belanja Bahan - Bahan Lainnya (BMHP Farmasi),ON PROCESS,25499808,25499808
KAB. SUKABUMI,UPTD PUSKESMAS BOJONGGENTENG - 1.02.0.00.0.00.01.0040,01KS71SXFENAHD06E5B3PYCP3S,65549575,2026,E-Katalog 6.0,BLUD,INDO PRIANGAN KATULISTIWA,E-Purchasing,Barang,Belanja Bahan Bahan Habis Pakai,ON PROCESS,1665000,1665000
KAB. SUKABUMI,UOBK RSUD PALABUHANRATU - 1.02.0.00.0.00.01.0001,01KJFBJ3DK5R6DEN11SRVCAQAN,64613160,2026,E-Katalog 6.0,BLUD,KENANGA UTAMA PERMAI,E-Purchasing,Barang,Belanja Bahan/Alat Medis Pakai Habis (BMHP) Farmasi,ON PROCESS,40665960,40665960
KAB. SUKABUMI,UOBK RSUD SEKARWANGI - 1.02.0.00.0.00.01.0002,01KS74Y6W4YDJK8WARGKG70EF0,63077986,2026,E-Katalog 6.0,BLUD,SINAR RODA UTAMA,E-Purchasing,Barang,Belanja Bahan - Bahan Lainnya (BMHP Farmasi),ON PROCESS,6526800,0
KAB. SUKABUMI,UPTD PUSKESMAS BUNIWANGI - 1.02.0.00.0.00.01.0022,01KR2TRJ8QR6NN9EF939FZQX3M,66272645,2026,E-Katalog 6.0,BLUD,KHALISH BRILLIANT PERSADA,E-Purchasing,Barang,Belanja Alat Kantor Lainnya Puskesmas Buniwangi 2026,COMPLETED,5950710,5950710
KAB. SUKABUMI,UPTD PUSKESMAS SELAJAMBE - 1.02.0.00.0.00.01.0054,01KQ182M0A9K6DVXJETE2HAD16,65998350,2026,E-Katalog 6.0,BLUD,HEXPHARM JAYA LABORATORIES,E-Purchasing,Barang,Belanja Bahan Obat-obatan ( BLUD ),COMPLETED,2380706,2380706
KAB. SUKABUMI,UPTD PUSKESMAS CARINGIN - 1.02.0.00.0.00.01.0052,01KS41XATJE7ME08ZQ2SAA46NF,65660077,2026,E-Katalog 6.0,BLUD,MERSIFARMA TIRMAKU MERCUSANA,E-Purchasing,Barang,Belanja Obat-Obatan Puskesmas Caringin,ON PROCESS,2597400,2597400
KAB. SUKABUMI,UPTD PUSKESMAS LENGKONG - 1.02.0.00.0.00.01.0057,01KS1TWA2BA9H9SFBWAXCM3J6A,65749904,2026,E-Katalog 6.0,APBD,MARIN LIZA FARMASI,E-Purchasing,Barang,Belanja Obat Pelayanan Kesehatan Dasar UPTD Puskesmas Lengkong,ON PROCESS,426795,426795
KAB. SUKABUMI,DINAS PERUMAHAN DAN KAWASAN PERMUKIMAN - 1.03.1.04.2.11.01.0000,10821276000,65761419,2026,Non Tender,APBD,CV ALTHAF JAYA,Pengadaan Langsung,Pekerjaan Konstruksi,Drainase Lingkungan Rt001-Rw006 Desa Citarik Kecamatan Pelabuhanratu,SELESAI,95013511,95013511
KAB. SUKABUMI,UPTD PUSKESMAS CICANTAYAN - 1.02.0.00.0.00.01.0051,01KNR1RFY4GX1CZK5GEA1D59QP,65438298,2026,E-Katalog 6.0,BLUD,HOLI PHARMA,E-Purchasing,Barang,Belanja Obat-Obatan Puskesmas Cicantayan Tahun 2026,ON PROCESS,14549880,14549880
KAB. SUKABUMI,UOBK RSUD SEKARWANGI - 1.02.0.00.0.00.01.0002,01KFYS52H140JG1BSWHTEQ5KJ9,63079700,2026,E-Katalog 6.0,BLUD,FERRON PAR PHARMACEUTICALS,E-Purchasing,Barang,Belanja Obat-obatan-Obat,ON PROCESS,54000013,0
KAB. SUKABUMI,DINAS PERTANIAN - 3.27.2.09.0.00.01.0000,10800050000,63468823,2026,Non Tender,APBD,CV ALTHAF JAYA,Pengadaan Langsung,Pekerjaan Konstruksi,Persediaan Untuk Dijual/Diserahkan Lainnya - Jaringan Irigasi Pertanian Kec. Ciemas Desa Sidamulya Poktan Sinar Abadi,SELESAI,184092805,184092805
KAB. SUKABUMI,DINAS PEKERJAAN UMUM - 1.03.0.00.0.00.01.0000,10825007000,64822358,2026,Non Tender,APBD,PT. CAHAYA ABADI KONSULTINDO,Pengadaan Langsung,Jasa Konsultansi Badan Usaha Non Konstruksi,DED Daerah Irigasi Sukarame Desa Parakansalak Kecamatan Parakansalak,SELESAI,99303375,99303375
KAB. SUKABUMI,DINAS PERUMAHAN DAN KAWASAN PERMUKIMAN - 1.03.1.04.2.11.01.0000,10931260000,67163660,2026,Non Tender,APBD,CV. TRIO MUDA BERKARYA,Pengadaan Langsung,Pekerjaan Konstruksi,Pembangunan Sarana Air Bersih Kp Ciwaru Girang RT 2 RW 3 Desa Loji Kecamatan Simpenan,BERLANGSUNG,97467601,97467601
KAB. SUKABUMI,UPTD RSUD SAGARANTEN - 1.02.0.00.0.00.01.0063,01KS4VFTFMT237ZQE40CF0TNAQ,66641411,2026,E-Katalog 6.0,APBD,RYAN NIMAS JAYA MAKMUR,E-Purchasing,Barang,Belanja Obat-Obatan DAU RSUD Sagaranten,ON PROCESS,104587564,104587564
KAB. SUKABUMI,"BADAN PERENCANAAN PEMBANGUNAN, RISET DAN INOVASI DAERAH - 5.01.5.05.0.00.01.0000",10850273000,64919302,2026,Non Tender,APBD,SUBANGRAYA KONSULTAN,Pengadaan Langsung,Jasa Konsultansi Badan Usaha Konstruksi,Belanja Jasa Konsultansi Pengawasan,SELESAI,4473300,4473300
KAB. SUKABUMI,UPTD PUSKESMAS KALAPANUNGGAL - 1.02.0.00.0.00.01.0039,01KSH62T8E9MCAT1K7BKKWNH13,66278198,2026,E-Katalog 6.0,BLUD,IMFARMIND FARMASI INDUSTRI,E-Purchasing,Barang,Belanja Obat-Obatan-Obat,ON PROCESS,8161830,8161830
KAB. SUKABUMI,UOBK RSUD SEKARWANGI - 1.02.0.00.0.00.01.0002,01KPSTFA3B8MS7KFC8KEF6K1JK,66152720,2026,E-Katalog 6.0,BLUD,AMANAH SUKSES MAKMUR,E-Purchasing,Barang,Belanja Bahan-Bahan Lainnya: Belanja bahan jaringan air,ON PROCESS,14993889,14993889
KAB. SUKABUMI,DINAS PEKERJAAN UMUM - 1.03.0.00.0.00.01.0000,10894772000,67254436,2026,Non Tender,APBD,cv. kersana creative,Pengadaan Langsung,Pekerjaan Konstruksi,Daerah Irigasi Cibalung Desa Talaga Kecamatan Caringin,SELESAI,187605832,187605832
KAB. SUKABUMI,DINAS KETAHANAN PANGAN - 2.09.2.09.2.09.01.0000,01KP2YYWZNN7Z1FACNWXF707J5,66895502,2026,E-Katalog 6.0,APBD,SAKTI PERKASA,E-Purchasing,Barang,Belanja Alat/Bahan untuk Kegiatan Kantor-Alat Tulis Kantor,PAYMENT OUTSIDE SYSTEM,9501600,9501600
KAB. SUKABUMI,UPTD PUSKESMAS CIAMBAR - 1.02.0.00.0.00.01.0046,01KNS1C33TCKKN1EV9QYG1FYB0,65715590,2026,E-Katalog 6.0,BLUD,TRIFA RAYA LABORATORIES,E-Purchasing,Barang,Belanja Obat-obatan,COMPLETED,1798200,1798200
KAB. SUKABUMI,BADAN KEPEGAWAIAN DAN PENGEMBANGAN SUMBER DAYA MANUSIA - 5.03.5.04.0.00.01.0000,01KGGYYBZS5XMYFNZVZZDASDQ0,64491196,2026,E-Katalog 6.0,APBD,ARRAHMAN BERKAH ABADI,E-Purchasing,Barang," Belanja Alat Tulis Kantor (ATK)",PAYMENT OUTSIDE SYSTEM,143627784,143627784
KAB. SUKABUMI,DINAS PENGENDALIAN PENDUDUK DAN KELUARGA BERENCANA - 2.14.0.00.0.00.01.0000,10809820000,65925932,2026,Non Tender,APBD,CV AURA BANGUN PERSADA,Pengadaan Langsung,Pekerjaan Konstruksi,Rehabilitasi Gedung Kantor UPT Dalduk Kecamatan Cidolog,SELESAI,398056000,398056000
KAB. SUKABUMI,UOBK RSUD SEKARWANGI - 1.02.0.00.0.00.01.0002,01KKJRWH1E9D6NDJHH8HNVH88K,63077986,2026,E-Katalog 6.0,BLUD,KASTARA TEKNOLOGI INTERNASIONAL,E-Purchasing,Barang,Belanja Bahan - Bahan Lainnya (BMHP Farmasi),ON PROCESS,46925028,0
KAB. SUKABUMI,DINAS ARSIP DAN PERPUSTAKAAN - 2.24.2.23.0.00.01.0000,01KP2Q5EV0WSFX88W5M28090PC,66119973,2026,E-Katalog 6.0,APBD,AKASIA,E-Purchasing,Jasa Lainnya,Belanja Makanan dan Minuman Rapat,PAYMENT OUTSIDE SYSTEM,19920000,19920000
KAB. SUKABUMI,DINAS PEKERJAAN UMUM - 1.03.0.00.0.00.01.0000,10127431000,66775974,2026,Tender,APBD,cv.maya persada,Seleksi,Jasa Konsultansi Badan Usaha Konstruksi,Konsultan Leger Jalan,SELESAI,360250500,360250500
KAB. SUKABUMI,UOBK RSUD SEKARWANGI - 1.02.0.00.0.00.01.0002,01KKJRAF0943C1P75BAWDRQDHY,63077986,2026,E-Katalog 6.0,BLUD,INFION,E-Purchasing,Barang,Belanja Bahan - Bahan Lainnya (BMHP Farmasi),ON PROCESS,6209784,6209784
KAB. SUKABUMI,DINAS PERTANIAN - 3.27.2.09.0.00.01.0000,10800709000,66320590,2026,Non Tender,APBD,CV. KARUNIA ABADI KONSULTAN,Pengadaan Langsung,Jasa Konsultansi Badan Usaha Konstruksi,Persediaan Untuk Dijual/Diserahkan Lainnya - Konsultan pengawasan irigasi pertanian tahap 2,SELESAI,74564250,74564250
KAB. SUKABUMI,DINAS SOSIAL - 1.06.0.00.0.00.01.0000,01KTQAZZT6TQMGWA06M7BJ5EWD,65017181,2026,E-Katalog 6.0,APBD,TIGA PERKASA,E-Purchasing,Barang,"Pengadaan Paket Sembako dalam rangka kegiatan bulan bakti Lembaga LLI Tingkat Kecamatan, LLI Kabupaten dan Posyandu Lansia",ON PROCESS,32441175,32441175
KAB. SUKABUMI,"DINAS KOMUNIKASI, INFORMATIKA DAN PERSANDIAN - 2.16.2.21.2.20.01.0000",10796528000,66236195,2026,Non Tender,APBD,THREE SI Consultant,Pengadaan Langsung,Jasa Konsultansi Badan Usaha Konstruksi,Jasa Konsultan Perencanaan Rehab Gedung Diskominfosan,SELESAI,11710500,11710500
KAB. SUKABUMI,DINAS PERDAGANGAN DAN PERINDUSTRIAN - 3.31.3.29.3.30.01.0000,10858148000,63905385,2026,Non Tender,APBD,CV. TIRTA MENTARI,Pengadaan Langsung,Jasa Konsultansi Badan Usaha Konstruksi,Jasa Konsultansi Perencanaan Perkerasan Jalan Lingkar Pasar Surade,SELESAI,16577850,16577850
KAB. SUKABUMI,DINAS PENDIDIKAN - 1.01.0.00.0.00.01.0000,10873429000,66141636,2026,Non Tender,APBD,CV. AZKHARA CIPTA KONSTRUKSI,Pengadaan Langsung,Pekerjaan Konstruksi,Pemagaran SDN Cibalanak  Kec. Bantargadung,SELESAI,98557769,98557769
KAB. SUKABUMI,UOBK RSUD PALABUHANRATU - 1.02.0.00.0.00.01.0001,01KJ5P24X6CAPQ7ADHED7F7WM0,64613160,2026,E-Katalog 6.0,BLUD,DAYA MUDA AGUNG,E-Purchasing,Barang,Belanja Bahan/Alat Medis Pakai Habis (BMHP) Farmasi,ON PROCESS,7187250,7187250
KAB. SUKABUMI,UOBK RSUD SEKARWANGI - 1.02.0.00.0.00.01.0002,10778451000,65517926,2026,Non Tender,BLUD,CV ADHIGUNA BINTANG SELATAN,Pengadaan Langsung,Pekerjaan Konstruksi,Belanja Modal Bangunan Kesehatan: Jembatan Penghubung Gedung Ponek dan IGD,SELESAI,49787000,49787000
KAB. SUKABUMI,DINAS PERIKANAN - 3.25.0.00.0.00.01.0000,10822496000,66234702,2026,Non Tender,APBD,CV. UNGGUL BANGUN PERKASA,Pengadaan Langsung,Pekerjaan Konstruksi,"Pemeliharaan Gudang Pakan, Gudang Peralatan dan Gudang Pupuk BBI Talaga",SELESAI,149400244,149400244
KAB. SUKABUMI,DINAS PERHUBUNGAN - 2.15.0.00.0.00.01.0000,01KPMQBCBJDN6WYHYRMV20CD0R,64706849,2026,E-Katalog 6.0,APBD,BINA JASA,E-Purchasing,Jasa Lainnya,Pembangunan PJU di Wilayah Desa Cikadu Kecamatan Palabuhanratu (9 Titik),ON PROCESS,143356500,143356500
KAB. SUKABUMI,UPTD KLINIK KESEHATAN DAERAH DAN LABORATORIUM KESEHATAN DAERAH - 1.02.0.00.0.00.01.0062,01KT658KF4NV9EPMWQZY07175W,67228155,2026,E-Katalog 6.0,BLUD,DUTA MITRA USAHA,E-Purchasing,Barang,Belanja Pemeliharaan alat Angkutan Darat,COMPLETED,14430000,14430000
KAB. SUKABUMI,SEKRETARIAT DAERAH - 4.01.0.00.0.00.01.0000,10828885000,66080735,2026,Non Tender,APBD,CV BINTANG MAS,Pengadaan Langsung,Pekerjaan Konstruksi,Pemeliharaan Rumah Dinas Sekretaris Daerah,SELESAI,39517579,39517579
KAB. SUKABUMI,DINAS PEKERJAAN UMUM - 1.03.0.00.0.00.01.0000,10840245000,66754144,2026,Non Tender,APBD,CV. Rakyat Merdeka,Pengadaan Langsung,Pekerjaan Konstruksi,Pembuatan TPT Ruas Jalan Kadaleman - Mareleng Kecamatan Surade,SELESAI,147388078,147388078
KAB. SUKABUMI,DINAS PERUMAHAN DAN KAWASAN PERMUKIMAN - 1.03.1.04.2.11.01.0000,10894343000,67216172,2026,Non Tender,APBD,CV. Rizki Kurnia,Pengadaan Langsung,Pekerjaan Konstruksi,Pembangunan Drainase Kp Cidahon Rt 004/007 Desa Citepus Kec Palabuhanratu,SELESAI,189128777,189128777
KAB. SUKABUMI,UPTD PUSKESMAS GIRIJAYA - 1.02.0.00.0.00.01.0047,01KJVGWAGKCRPBJBY2EDR8PFVV,65623807,2026,E-Katalog 6.0,BLUD,HEXPHARM JAYA LABORATORIES,E-Purchasing,Barang," Belanja Obat-Obatan-Obat ",COMPLETED,1388055,1388055
KAB. SUKABUMI,UPTD PUSKESMAS PALABUHANRATU - 1.02.0.00.0.00.01.0034,01KTJSDVH19MF2QEA63E6VMBPP,66292815,2026,E-Katalog 6.0,BLUD,INDO PRIANGAN KATULISTIWA,E-Purchasing,Barang,Belanja Obat-Obatan-Obat Puskesmas Palabuhanratu,ON PROCESS,34632000,34632000
KAB. SUKABUMI,UOBK RSUD SEKARWANGI - 1.02.0.00.0.00.01.0002,01KV9KCKCA1N8AFY8QSTXVJ9NT,63079700,2026,E-Katalog 6.0,BLUD,YARINDO FARMATAMA,E-Purchasing,Barang,Belanja Obat-obatan-Obat,ON PROCESS,1862469,1862469
KAB. SUKABUMI,UOBK RSUD PALABUHANRATU - 1.02.0.00.0.00.01.0001,10930547000,66126725,2026,Non Tender,APBD,planaconspratama,Pengadaan Langsung,Jasa Konsultansi Badan Usaha Konstruksi,Konsultan Perencanaan Rehabilitas Gedung ICU,SELESAI,95100000,95100000
KAB. SUKABUMI,UPTD PUSKESMAS KALIBUNDER - 1.02.0.00.0.00.01.0028,01KKDQDTKN0F35MD0M3JDMME5W,65601628,2026,E-Katalog 6.0,BLUD,PIM PHARMACEUTICALS,E-Purchasing,Barang,Belanja Obat-Obatan-Obat Puskesmas Kalibunder Tahun 2026,COMPLETED,1712597,1712597
KAB. SUKABUMI,"BADAN PERENCANAAN PEMBANGUNAN, RISET DAN INOVASI DAERAH - 5.01.5.05.0.00.01.0000",01KGE7V6CEKS3JXRETTWEXQHNB,64567417,2026,E-Katalog 6.0,APBD,VIANIE,E-Purchasing,Jasa Lainnya,Belanja Makanan dan Minuman Rapat-Koordinasi Bidang Perekonomian,PAYMENT OUTSIDE SYSTEM,2100000,2100000
KAB. SUKABUMI,DINAS PERDAGANGAN DAN PERINDUSTRIAN - 3.31.3.29.3.30.01.0000,10820265000,63905383,2026,Non Tender,APBD,PT. SPECTRA ARZA INTERPLAN,Pengadaan Langsung,Jasa Konsultansi Badan Usaha Konstruksi,Jasa Konsultansi Perencanaan Pembangunan Drainase Pasar Jampangtengah,SELESAI,6438000,6438000
KAB. SUKABUMI,DINAS KEPENDUDUKAN DAN PENCATATAN SIPIL - 2.12.0.00.0.00.01.0000,01KJSAGAFECG97H7GY5RXEJEKY,64090575,2026,E-Katalog 6.0,APBD,RUSYDA,E-Purchasing,Jasa Lainnya,Belanja Cetak Formulir Pelayanan F-1.01,ON PROCESS,38227734,38227734
KAB. SUKABUMI,UPTD PUSKESMAS CICANTAYAN - 1.02.0.00.0.00.01.0051,01KQXK694K723G3EWVPNE4KTPQ,65438298,2026,E-Katalog 6.0,BLUD,ERLANGGA EDI LABORATORIES,E-Purchasing,Barang,Belanja Obat-Obatan Puskesmas Cicantayan Tahun 2026,ON PROCESS,11050583,11050583
KAB. SUKABUMI,UPTD RSUD SAGARANTEN - 1.02.0.00.0.00.01.0063,01KMYW8ZYT1MM7GWPMJQFK4DER,66214509,2026,E-Katalog 6.0,APBD,TIARA AGUNG PRATAMA,E-Purchasing,Barang,Belanja BHP Laboratorium RSUD Sagaranten,ON PROCESS,60274971,60274971
KAB. SUKABUMI,DINAS PERHUBUNGAN - 2.15.0.00.0.00.01.0000,01KGGGTXRMG04Z1QVWJ6E9F1Y3,64711027,2026,E-Katalog 6.0,APBD,KHARISMA SINARLINDO PERSADA,E-Purchasing,Barang,Belanja Lampu LED 40 Watt,ON PROCESS,279720000,279720000
KAB. SUKABUMI,UPTD PUSKESMAS NAGRAK - 1.02.0.00.0.00.01.0048,01KPW8C26A1D8NMG7R3633AA2D,65370080,2026,E-Katalog 6.0,BLUD,MITRA KEKAL SANJAYA,E-Purchasing,Jasa Lainnya,belanja jasa kalibrasi alat kesehatan,COMPLETED,575000,575000
KAB. SUKABUMI,DINAS PERUMAHAN DAN KAWASAN PERMUKIMAN - 1.03.1.04.2.11.01.0000,10894250000,67216125,2026,Non Tender,APBD,CV. Bintang Maha Putra,Pengadaan Langsung,Pekerjaan Konstruksi,Pembangunan Sarana Air Bersih Kp nangela RT 01/02 Desa Hegarmanah Kec Cicantayan,SELESAI,188705779,188705779
KAB. SUKABUMI,DINAS PERHUBUNGAN - 2.15.0.00.0.00.01.0000,01KS6TGJ8K9GV9GWNKHWZ6BA0W,67041966,2026,E-Katalog 6.0,APBD,KAFADA KARYA,E-Purchasing,Pekerjaan Konstruksi,Pembangunan PJU di Wilayah Kec. Palabuhanratu dan Warungkiara (18 Titik),ON PROCESS,286912800,286912800
KAB. SUKABUMI,UPTD PUSKESMAS PURABAYA - 1.02.0.00.0.00.01.0012,01KS6TWENRJMEEEVT3P2SAKNDV,66326199,2026,E-Katalog 6.0,BLUD,KENANGA UTAMA PERMAI,E-Purchasing,Barang,Belanja Pengadaan Obat-obatan Lainnya (BMHP) UPTD Puskesmas Purabaya ,PAYMENT OUTSIDE SYSTEM,17316000,17316000
KAB. SUKABUMI,DINAS PERUMAHAN DAN KAWASAN PERMUKIMAN - 1.03.1.04.2.11.01.0000,10886532000,65761346,2026,Non Tender,APBD,CV. SOCA INTEN,Pengadaan Langsung,Pekerjaan Konstruksi,"Jalan Lingkungan Kp. Panyairan Rt 001 Rw 031 Kelurahan Palabuhanratu Kecamatan Palabuhanratu, Kab. Sukabumi",SELESAI,95352335,95352335
KAB. SUKABUMI,UOBK RSUD SEKARWANGI - 1.02.0.00.0.00.01.0002,01KQWD10NBXXA3NFFDF7Y395DC,63077986,2026,E-Katalog 6.0,BLUD,MEDIHOP,E-Purchasing,Barang,Belanja Bahan - Bahan Lainnya (BMHP Farmasi),ON PROCESS,71509752,71509752
KAB. SUKABUMI,UPTD PUSKESMAS CIDAHU - 1.02.0.00.0.00.01.0043,01KQRQZVM9JVHFPTBN4QMBXPWM,66272931,2026,E-Katalog 6.0,BLUD,GLOBAL MULTI PHARMALAB,E-Purchasing,Barang,Belanja Bahan Obat-obatan puskesmas cidahu,ON PROCESS,1137750,1137750
KAB. SUKABUMI,UPTD PUSKESMAS CICANTAYAN - 1.02.0.00.0.00.01.0051,01KTQXZWQ8Y0VHKF551J4VZR2H,65438298,2026,E-Katalog 6.0,BLUD,BERNOFARM,E-Purchasing,Barang,Belanja Obat-Obatan Puskesmas Cicantayan Tahun 2026,COMPLETED,12709500,12709500
KAB. SUKABUMI,UPTD PUSKESMAS GIRIJAYA - 1.02.0.00.0.00.01.0047,01KHSYQVEZ4S7270JKC2M9NE49,65623807,2026,E-Katalog 6.0,BLUD,PHAPROS,E-Purchasing,Barang," Belanja Obat-Obatan-Obat ",COMPLETED,184815,184815
KAB. SUKABUMI,DINAS PERDAGANGAN DAN PERINDUSTRIAN - 3.31.3.29.3.30.01.0000,10847989000,67033072,2026,Non Tender,APBD,PT. CAHAYA ABADI KONSULTINDO,Pengadaan Langsung,Jasa Konsultansi Badan Usaha Non Konstruksi,Kajian fleksibilitas pengeloaan keuangan Badan Layanan Umum Daerah (BLUD) UPTD Pasar,SELESAI,48312750,48312750
KAB. SUKABUMI,BADAN KEPEGAWAIAN DAN PENGEMBANGAN SUMBER DAYA MANUSIA - 5.03.5.04.0.00.01.0000,01KNGJD7TGE67H4X16699E7RT0,63973658,2026,E-Katalog 6.0,APBD,SADULUR SAJATI,E-Purchasing,Barang,Belanja KIT Evaluasi Pasca Pelatihan Kepeminpinan Pengawas,PAYMENT OUTSIDE SYSTEM,3885000,3885000
KAB. SUKABUMI,UPTD PUSKESMAS LIMBANGAN - 1.02.0.00.0.00.01.0005,01KRD4DAWRVYXC6QQ2Y8D4PNQX,66118285,2026,E-Katalog 6.0,BLUD,INDO PRIANGAN KATULISTIWA,E-Purchasing,Barang,Belanja Obat obatan,COMPLETED,6914190,6914190
KAB. SUKABUMI,UPTD PUSKESMAS JAMPANGKULON - 1.02.0.00.0.00.01.0027,01KR55P73Y4VSX0G9KPYT6QQ7F,65603873,2026,E-Katalog 6.0,BLUD,ATHA ARUTALA INDONESIA,E-Purchasing,Barang,Belanja Obat - Obatan Lainnya - BLUD Puskesmas Jampangkulon,PAYMENT OUTSIDE SYSTEM,5067561,5067561
KAB. SUKABUMI,DINAS PEKERJAAN UMUM - 1.03.0.00.0.00.01.0000,10832470000,66762209,2026,Non Tender,APBD,CV. BUNDA MANDIRI BERKARYA,Pengadaan Langsung,Pekerjaan Konstruksi,Pembuatan Bahu Beton Ruas Jalan Cimuncang - Batas Kota Kecamatan Kebonpedes,SELESAI,371037715,371037715
KAB. SUKABUMI,DINAS PERDAGANGAN DAN PERINDUSTRIAN - 3.31.3.29.3.30.01.0000,10788971000,65983588,2026,Non Tender,APBD,CV. BUDI JAYA,Pengadaan Langsung,Jasa Lainnya,"Belanja Spanduk, X Banner dan Stiker Edukasi dan Informasi Layanan Aduan Bidang Metrologi Legal",SELESAI,26398020,26398020
KAB. SUKABUMI,UOBK RSUD SEKARWANGI - 1.02.0.00.0.00.01.0002,01KNP4FYETN9MVSJ96VF9ED9Q0,63079700,2026,E-Katalog 6.0,BLUD,DEXA MEDICA,E-Purchasing,Barang,Belanja Obat-obatan-Obat,ON PROCESS,51155682,51155682
KAB. SUKABUMI,UPTD PUSKESMAS GEGERBITUNG - 1.02.0.00.0.00.01.0009,01KPW0C1RQWFBR61YCRZGM466S,66628986,2026,E-Katalog 6.0,BLUD,ASIA MEDIKA NUSANTARA,E-Purchasing,Barang,Belanja Bahan Obat-obatan UPTD Puskesmas Cireunghas,COMPLETED,1098900,1098900
KAB. SUKABUMI,UOBK RSUD SEKARWANGI - 1.02.0.00.0.00.01.0002,01KTTV71B0Y0QFCGPKHAMCD9EY,65947038,2026,E-Katalog 6.0,BLUD,AMANAH SUKSES MAKMUR,E-Purchasing,Barang,Belanja Alat/Bahan untuk Kegiatan Kantor-Alat Listrik,ON PROCESS,23656320,23656320
KAB. SUKABUMI,KECAMATAN PARUNGKUDA - 7.01.0.00.0.00.36.0000,01KVSD9XNGAWK1JRHYRMVMRQXX,67149269,2026,E-Katalog 6.0,APBD,CIPTA BUMI PERSADA,E-Purchasing,Barang,Belanja Modal Mebel,ON PROCESS,9900000,9900000
KAB. SUKABUMI,UOBK RSUD SEKARWANGI - 1.02.0.00.0.00.01.0002,01KVB38CWVD0WW6WES4RZ1TXAS,63079700,2026,E-Katalog 6.0,BLUD,BETA PHARMACON,E-Purchasing,Barang,Belanja Obat-obatan-Obat,ON PROCESS,31609914,0
KAB. SUKABUMI,BADAN KEPEGAWAIAN DAN PENGEMBANGAN SUMBER DAYA MANUSIA - 5.03.5.04.0.00.01.0000,01KHTBZ8SJDQR56ZARKB8Z0FJ2,65638161,2026,E-Katalog 6.0,APBD,AYOOKLIK PARAHYANGAN PERKASA,E-Purchasing,Barang,Belanja Modal Personal Computer dan Peralatan Computer,PAYMENT OUTSIDE SYSTEM,113386500,113386500
KAB. SUKABUMI,UPTD PUSKESMAS SIMPENAN - 1.02.0.00.0.00.01.0033,01KK0HRE7R906HFPSJ3VFZ3AKZ,65189555,2026,E-Katalog 6.0,BLUD,MARIN LIZA FARMASI,E-Purchasing,Barang,Belanja Obat - Obatan - Obat di Puskesmas Simpenan,COMPLETED,5818886,5818886
KAB. SUKABUMI,DINAS PEKERJAAN UMUM - 1.03.0.00.0.00.01.0000,10832667000,66691248,2026,Non Tender,APBD,WAHYUDI KARYA MANDIRI,Pengadaan Langsung,Pekerjaan Konstruksi,Pembuatan Bahu Beton Ruas Jalan Sukakersa - Gunung Endut Kecamatan Parakansalak,SELESAI,185456136,185456136
KAB. SUKABUMI,DINAS PERHUBUNGAN - 2.15.0.00.0.00.01.0000,01KH97GVWGF84JMCFD7B69C71R,64706868,2026,E-Katalog 6.0,APBD,BINA JASA,E-Purchasing,Jasa Lainnya,Pembangunan PJU di Wilayah Desa Sukalarang Kecamatan Sukalarang (12 Titik),ON PROCESS,191100000,191100000
KAB. SUKABUMI,UPTD PUSKESMAS CIJANGKAR - 1.02.0.00.0.00.01.0011,01KW8VP0R8ACZBRM9JST1401GY,65515296,2026,E-Katalog 6.0,BLUD,INDO PRIANGAN KATULISTIWA,E-Purchasing,Barang,Belanja Obat-Obatan-Obat Puskesmas Cijangkar,ON PROCESS,3516730,3516730
KAB. SUKABUMI,UPTD PUSKESMAS CIDOLOG - 1.02.0.00.0.00.01.0014,01KNS2JSVQ7P2NMJCFKD68DEX2,66336501,2026,E-Katalog 6.0,BLUD,BERNOFARM,E-Purchasing,Barang,Belanja Obat-Obatan-Obat Puskesmas Cidolog,PAYMENT OUTSIDE SYSTEM,5705234,5705234
KAB. SUKABUMI,DINAS KESEHATAN - 1.02.0.00.0.00.01.0000,01KS4RX7EDJHRQ55AKY44JPMX5,67148812,2026,E-Katalog 6.0,APBD,MERSIFARMA TIRMAKU MERCUSANA,E-Purchasing,Barang,Pengadaan Obat Jiwa (SILPA DAU SG),ON PROCESS,65050440,65050440
KAB. SUKABUMI,SEKRETARIAT DPRD - 4.02.0.00.0.00.01.0000,01KG4N64HWM3RT918CGSA2J60R,63440828,2026,E-Katalog 6.0,APBD,GLOBAL MITRA SUKSES,E-Purchasing,Jasa Lainnya,Sewa Kendaraan Dinas Bermotor Perorangan,ON PROCESS,480000000,480000000
KAB. SUKABUMI,"DINAS KOPERASI, USAHA KECIL DAN MENENGAH - 2.17.0.00.0.00.01.0000",10826217000,66881985,2026,Non Tender,APBD,pt.potensi pola augusta,Pengadaan Langsung,Jasa Lainnya,Belanja Akomodasi dan Konsumsi Diklat Penyusunan Laporan Keuangan Koperasi Menggunakan Standar Akuntansi Koperasi Entitas Privat (SAK EP),SELESAI,56700000,56700000
KAB. SUKABUMI,DINAS PERTANAHAN DAN TATA RUANG - 2.10.1.03.0.00.01.0000,10894774000,66110889,2026,Non Tender,APBD,KJPP KAMPIANUS & REKAN,Pengadaan Langsung,Jasa Konsultansi Badan Usaha Non Konstruksi,Belanja Jasa Apraisal (Pengadaan Tanah Hunian Tetap Relokasi Bencana di Desa Ciengang Kecamatan Gegerbitung),SELESAI,94166850,94166850
KAB. SUKABUMI,DINAS PERUMAHAN DAN KAWASAN PERMUKIMAN - 1.03.1.04.2.11.01.0000,10844908000,65763157,2026,Non Tender,APBD,CV. Bintang Maha Putra,Pengadaan Langsung,Pekerjaan Konstruksi,"Pembangunan Sarana Air Bersih Kp.Cihingkik Rt 015 Rw 006 Desa Sukasari Kec Cisaat, Kab. Sukabumi",SELESAI,195082723,195082723
KAB. SUKABUMI,UOBK RSUD SEKARWANGI - 1.02.0.00.0.00.01.0002,01KRWZ4801TJPNE3YVQR0474CP,63077986,2026,E-Katalog 6.0,BLUD,INDOMEDIKA SOLUSINDO,E-Purchasing,Barang,Belanja Bahan - Bahan Lainnya (BMHP Farmasi),ON PROCESS,3799996,0
KAB. SUKABUMI,DINAS PERHUBUNGAN - 2.15.0.00.0.00.01.0000,01KHT387B61DX8FWRJ7ZDMAR96,65698073,2026,E-Katalog 6.0,APBD,SAKTI PERKASA,E-Purchasing,Jasa Lainnya," Belanja Kaos Pembinaan Keselamatan dan Belanja Rompi Pembinaan Keselamatan",PAYMENT OUTSIDE SYSTEM,13042500,13042500
KAB. SUKABUMI,DINAS PERDAGANGAN DAN PERINDUSTRIAN - 3.31.3.29.3.30.01.0000,10898066000,65005878,2026,Non Tender,APBD,NEW ACITYA CONSULTANT,Pengadaan Langsung,Jasa Lainnya,Belanja Jasa Pendataan Potensi Alat UTTP Termin I,SELESAI,74098050,74098050
KAB. SUKABUMI,UOBK RSUD SEKARWANGI - 1.02.0.00.0.00.01.0002,01KK8BY31HPZ5NZDN070NXBR6P,63079700,2026,E-Katalog 6.0,BLUD,MEPROFARM,E-Purchasing,Barang,Belanja Obat-obatan-Obat,ON PROCESS,3989340,3989340
KAB. SUKABUMI,UPTD PUSKESMAS BOJONGGENTENG - 1.02.0.00.0.00.01.0040,01KS6XVCRTHTQAZKE29KH3Q3MX,65549461,2026,E-Katalog 6.0,BLUD,GLOBAL MULTI PHARMALAB,E-Purchasing,Barang,Belanja Bahan Obat - Obatan,ON PROCESS,1332000,1332000
KAB. SUKABUMI,DINAS KESEHATAN - 1.02.0.00.0.00.01.0000,01KVCXMEQPTKP3C2X534HXQX8W,65613325,2026,E-Katalog 6.0,APBD,MERSIFARMA TIRMAKU MERCUSANA,E-Purchasing,Barang,Pengadaan Obat Pelayanan Kesehatan Dasar PKD (DAK NF),ON PROCESS,40431750,40431750
KAB. SUKABUMI,DINAS PEKERJAAN UMUM - 1.03.0.00.0.00.01.0000,10833034000,66691538,2026,Non Tender,APBD,KAFADA KARYA,Pengadaan Langsung,Pekerjaan Konstruksi,Pembuatan Plat Beton Ruas Jalan Sukaraja - Paldua Kecamatan Gegerbitung,SELESAI,88341473,88341473
KAB. SUKABUMI,DINAS PERUMAHAN DAN KAWASAN PERMUKIMAN - 1.03.1.04.2.11.01.0000,10849764000,65763209,2026,Non Tender,APBD,GUMELAR PRATAMA,Pengadaan Langsung,Pekerjaan Konstruksi,Pembangunan Sarana Air Bersih Sarana Air Bersih Mesjid Jami At-Taqwa Kp. Sukatani Desa. Padasenang Kecamatan Cidadap,SELESAI,195103066,195103066
KAB. SUKABUMI,UOBK RSUD SEKARWANGI - 1.02.0.00.0.00.01.0002,01KMZE4PX7AE7E1YD4X93FAX0G,63079700,2026,E-Katalog 6.0,BLUD,NOVELL PHARMACEUTICAL LABORATORIES,E-Purchasing,Barang,Belanja Obat-obatan-Obat,ON PROCESS,3303360,3303360
KAB. SUKABUMI,BADAN KEPEGAWAIAN DAN PENGEMBANGAN SUMBER DAYA MANUSIA - 5.03.5.04.0.00.01.0000,01KNTRXCZN32J7FW6JY1RPBT4M,63923238,2026,E-Katalog 6.0,APBD,BERKAH DWI RASA,E-Purchasing,Jasa Lainnya,Belanja Makanan dan Minuman Kegiatan Peningkatan Kapasitas Kinerja ASN (webinar),PAYMENT OUTSIDE SYSTEM,4027500,4027500
KAB. SUKABUMI,DINAS KESEHATAN - 1.02.0.00.0.00.01.0000,10877182000,66862563,2026,Non Tender,APBD,ANUGRAH CIPTA CONSULTANT,Pengadaan Langsung,Jasa Konsultansi Badan Usaha Konstruksi,Belanja Jasa Konsultansi Perencanaan Pemagaran Puskesmas Pembantu [PUSTU],SELESAI,11900000,11900000
KAB. SUKABUMI,DINAS PERUMAHAN DAN KAWASAN PERMUKIMAN - 1.03.1.04.2.11.01.0000,10881797000,67184323,2026,Non Tender,APBD,CV. Dian Karya Cipta,Pengadaan Langsung,Pekerjaan Konstruksi,"Pembangunan Sarana Air Bersih Kp. Ci Gombong Desa Warungkira Kec. Warungkiara, Kab. Sukabumi",SELESAI,195026178,195026178
KAB. SUKABUMI,"BADAN PERENCANAAN PEMBANGUNAN, RISET DAN INOVASI DAERAH - 5.01.5.05.0.00.01.0000",01KH56H56C9642B27A5RP5KYK1,64567853,2026,E-Katalog 6.0,APBD,DERMA UTAMA ABADI,E-Purchasing,Jasa Lainnya,Belanja Makanan dan Minuman Rapat-Harmonisasi Bidang Perekonomian,PAYMENT OUTSIDE SYSTEM,2100000,2100000
KAB. SUKABUMI,SEKRETARIAT DAERAH - 4.01.0.00.0.00.01.0000,10797551000,66244882,2026,Non Tender,APBD,cv. sadulur sajati,Pengadaan Langsung,Pengadaan Barang,Cetak Buku Himpunan Peraturan Daerah,SELESAI,36260000,0
KAB. SUKABUMI,DINAS PERTANIAN - 3.27.2.09.0.00.01.0000,10819528000,63468860,2026,Non Tender,APBD,CV INDOTAMA JAYA,Pengadaan Langsung,Pekerjaan Konstruksi,Persediaan Untuk Dijual/Diserahkan Lainnya - Jaringan Irigasi Pertanian Kec. Cikembar Desa Parakanlima Poktan Sumber Tani,SELESAI,199514394,199514394
KAB. SUKABUMI,SATUAN POLISI PAMONG PRAJA - 1.05.0.00.0.00.03.0000,01KN1520VG9W8HXFK9AHYGPQ9Y,64955791,2026,E-Katalog 6.0,APBD,SODARA BERSAMA,E-Purchasing,Barang,Belanja Alat/Bahan untuk Kegiatan Kantor Lainnya (Pita Pol PP Line),ON PROCESS,4455540,4455540
KAB. SUKABUMI,DINAS PARIWISATA - 3.26.3.26.3.26.01.0000,01KJA44M04ZSK4HA9Y8BAEG4ZV,65280170,2026,E-Katalog 6.0,APBD,ARRAHMAN BERKAH ABADI,E-Purchasing,Barang,Belanja Alat/Bahan untuk Kegiatan Kantor- Kertas dan Cover,PAYMENT OUTSIDE SYSTEM,17304065,17304065
KAB. SUKABUMI,UPTD PUSKESMAS NAGRAK - 1.02.0.00.0.00.01.0048,01KP7TMXRV73JXK7J5ANECVJ84,65314538,2026,E-Katalog 6.0,BLUD,ETERNITY RAMA MEDIKA,E-Purchasing,Barang,Belanja Modal alat kedokteran lainnya,COMPLETED,4374344,4374344
KAB. SUKABUMI,UPTD PUSKESMAS CARINGIN - 1.02.0.00.0.00.01.0052,01KN1C0RCJJMBDXJHSA8YR040P,65660077,2026,E-Katalog 6.0,BLUD,HEXPHARM JAYA LABORATORIES,E-Purchasing,Barang,Belanja Obat-Obatan Puskesmas Caringin,COMPLETED,3829500,3829500
KAB. SUKABUMI,UOBK RSUD SEKARWANGI - 1.02.0.00.0.00.01.0002,01KRAXJTA8SPKGFNE9MX5J9X4E,66930128,2026,E-Katalog 6.0,BLUD,KENANGA UTAMA PERMAI,E-Purchasing,Barang,Belanja Bahan-Bahan Lainnya (BHP Alat Kesehatan dan Alat Kedokteran),ON PROCESS,20962128,20962128
KAB. SUKABUMI,DINAS PERUMAHAN DAN KAWASAN PERMUKIMAN - 1.03.1.04.2.11.01.0000,10917963000,67326375,2026,Non Tender,APBD,CV. GUNUNG CIPADUNG PERKASA,Pengadaan Langsung,Pekerjaan Konstruksi,Pembangunan Drainase Kp Cimandala Rt17 Rw06 Desa cipeundeuy Kecamatan Surade Kabupaten Sukabumi,SELESAI,138900468,138900468
KAB. SUKABUMI,DINAS LINGKUNGAN HIDUP - 2.11.1.03.0.00.01.0000,10884982000,64489518,2026,Non Tender,APBD,CV. WAHANA INOVASI CONSULTANT,Pengadaan Langsung,Jasa Konsultansi Badan Usaha Konstruksi,Belanja Modal Bangunan Gedung Kantor - Jasa Konsultansi Perencana Pembangunan Gedung Kantor TPA Kadaleman,SELESAI,19314000,19314000
KAB. SUKABUMI,UPTD PUSKESMAS WARUNGKIARA - 1.02.0.00.0.00.01.0030,01KNG87PA2M8YFRWF2KS1M2NNT,66149129,2026,E-Katalog 6.0,BLUD,NOVAPHARIN,E-Purchasing,Barang,Belanja Obat-Obatan Puskesmas Warungkiara,COMPLETED,16428000,16428000
KAB. SUKABUMI,UOBK RSUD SEKARWANGI - 1.02.0.00.0.00.01.0002,01KEGT2Q8MCAMXV3CJDPSQFPGP,63077986,2026,E-Katalog 6.0,BLUD,KASTARA TEKNOLOGI INTERNASIONAL,E-Purchasing,Barang,Belanja Bahan - Bahan Lainnya (BMHP Farmasi),ON PROCESS,56310034,0
KAB. SUKABUMI,UPTD PUSKESMAS WARUNGKIARA - 1.02.0.00.0.00.01.0030,01KNGE3Z69Y5Y7YS4Y9MZ8488H,66149129,2026,E-Katalog 6.0,BLUD,SATORIA ANEKA INDUSTRI,E-Purchasing,Barang,Belanja Obat-Obatan Puskesmas Warungkiara,COMPLETED,5395333,5395333
KAB. SUKABUMI,BADAN PENDAPATAN DAERAH - 5.02.0.00.0.00.02.0000,01KNNQZW4RZYPC3MJAM1SQ3SZ2,66857746,2026,E-Katalog 6.0,APBD,BINTANG ZENIX,E-Purchasing,Jasa Lainnya,"Belanja Makanan dan Minuman Rapat Sub Kegiatan Analisa dan Pengembangan Pajak Daerah, serta Penyusunan Kebijakan Pajak Daerah",ON PROCESS,175000000,175000000
KAB. SUKABUMI,DINAS PERTANIAN - 3.27.2.09.0.00.01.0000,10769985000,63841719,2026,Non Tender,APBD,CV. KARUNIA ABADI KONSULTAN,Pengadaan Langsung,Jasa Konsultansi Badan Usaha Konstruksi,Belanja Modal Pagar (Jasa Konsultan Perencanaan Pagar Kantor Dinas Pertanian),SELESAI,2215005,2215005
KAB. SUKABUMI,DINAS PERUMAHAN DAN KAWASAN PERMUKIMAN - 1.03.1.04.2.11.01.0000,10905243000,67268012,2026,Non Tender,APBD,CV. INAYA MULYA SELARAS,Pengadaan Langsung,Pekerjaan Konstruksi,Jalan Lingkungan  RT3 Rw 01 Desa Batununggal Kecamatan Cibadak,SELESAI,192117640,192117640
KAB. SUKABUMI,DINAS PEKERJAAN UMUM - 1.03.0.00.0.00.01.0000,10828947000,66691256,2026,Non Tender,APBD,SELARAS RAHAYU KONSTRUKSI,Pengadaan Langsung,Pekerjaan Konstruksi,Pembuatan Bahu Beton Ruas Jalan Cipamatutan - Sukatani Kecamatan Parakansalak,SELESAI,185510204,185510204
KAB. SUKABUMI,"BADAN PERENCANAAN PEMBANGUNAN, RISET DAN INOVASI DAERAH - 5.01.5.05.0.00.01.0000",01KMNAV9G5XK09AQS2J9Y1TP63,64600973,2026,E-Katalog 6.0,APBD,RIZKI KURNIA,E-Purchasing,Jasa Lainnya,Belanja Jasa Penyelenggaraan Acara- Musrenbang RKPD,ON PROCESS,74000000,74000000
KAB. SUKABUMI,DINAS PERUMAHAN DAN KAWASAN PERMUKIMAN - 1.03.1.04.2.11.01.0000,10875672000,65763030,2026,Non Tender,APBD,CV JAYANTI BERKARYA,Pengadaan Langsung,Pekerjaan Konstruksi,Drainase Kp. Caringin Jami Rw 03 Desa Purwasari Kecamatan Cicurug Kab. Sukabumi,SELESAI,95492129,95492129
KAB. SUKABUMI,UOBK RSUD SEKARWANGI - 1.02.0.00.0.00.01.0002,01KHN8NWMSMF705241THQSR62M,63079700,2026,E-Katalog 6.0,BLUD,FINUSOLPRIMA FARMA INTERNASIONAL,E-Purchasing,Barang,Belanja Obat-obatan-Obat,ON PROCESS,2804992,2804992
KAB. SUKABUMI,UPTD PUSKESMAS PALABUHANRATU - 1.02.0.00.0.00.01.0034,01KVS7YVY215HKMSZF3TPP5PVG,66293070,2026,E-Katalog 6.0,BLUD,ZETESINDO KARYA MANDIRI,E-Purchasing,Barang,Belanja Obat-Obatan-Obat-Obatan Lainnya (BHP) Puskesmas Palabuhanratu,ON PROCESS,11578219,0
KAB. SUKABUMI,UPTD PUSKESMAS BOJONGGENTENG - 1.02.0.00.0.00.01.0040,01KPSD79RZRKPGYVWNC8RW532Y,65600402,2026,E-Katalog 6.0,BLUD,ETERNITY RAMA MEDIKA,E-Purchasing,Barang,Belanja Modal Alat Kantor Lainnya,COMPLETED,1665000,1665000
KAB. SUKABUMI,UPTD PUSKESMAS KADUDAMPIT - 1.02.0.00.0.00.01.0056,01KRFV0HKY5FP09B0Z2B3QVAX7,66645895,2026,E-Katalog 6.0,BLUD,MEPROFARM,E-Purchasing,Barang,Belanja Bahan Obat-obatan puskesmas kadudampit,ON PROCESS,8749575,8749575
KAB. SUKABUMI,UOBK RSUD SEKARWANGI - 1.02.0.00.0.00.01.0002,01KQWBJDVCHR1P0EDPPMM6M3F1,63079700,2026,E-Katalog 6.0,BLUD,DEXA MEDICA,E-Purchasing,Barang,Belanja Obat-obatan-Obat,ON PROCESS,6393600,6393600
KAB. SUKABUMI,DINAS PEKERJAAN UMUM - 1.03.0.00.0.00.01.0000,10886432000,66620512,2026,Non Tender,APBD,CV. PURNAMA KARYATAMA,Pengadaan Langsung,Pekerjaan Konstruksi,Daerah Irigasi Cibojong Girang Desa Jayabakti Kecamatan Cidahu,SELESAI,281512351,281512351
KAB. SUKABUMI,UPTD PUSKESMAS NAGRAK - 1.02.0.00.0.00.01.0048,01KS91377W7K5THA6PCBS5PESY,65361864,2026,E-Katalog 6.0,BLUD,BERNOFARM,E-Purchasing,Barang,belanja barang pakai habis- belanja obat-obatan,COMPLETED,2497500,2497500
KAB. SUKABUMI,UPTD PUSKESMAS CICURUG - 1.02.0.00.0.00.01.0044,01KRFJBK35MD6CCX2TSXJ1E00R,65369828,2026,E-Katalog 6.0,BLUD,ARKANINDOPLAST UTAMA,E-Purchasing,Barang,Belanja Persediaan Bahan/Material Alat Kesehatan,PAYMENT OUTSIDE SYSTEM,232398,232398
KAB. SUKABUMI,DINAS PEMADAM KEBAKARAN DAN PENYELAMATAN - 1.05.0.00.0.00.01.0000,01KJ6ZV4ZH1K0FFGH76SHZX898,63691481,2026,E-Katalog 6.0,APBD,BUDI JAYA,E-Purchasing,Barang,Belanja Modal Alat Pemadam Kebakaran,ON PROCESS,65934000,65934000
KAB. SUKABUMI,"DINAS KOMUNIKASI, INFORMATIKA DAN PERSANDIAN - 2.16.2.21.2.20.01.0000",01KS4A9C72GDZWKW8X18DMTRHM,65304523,2026,E-Katalog 6.0,APBD,BUDI JAYA,E-Purchasing,Jasa Lainnya,Belanja Alat/Bahan untuk Kegiatan Kantor-Alat Tulis Kantor - Spanduk - Sub Kegiatan Pengelolaan Media Komunikasi Publik,PAYMENT OUTSIDE SYSTEM,20251728,20251728
KAB. SUKABUMI,DINAS PERTANIAN - 3.27.2.09.0.00.01.0000,10801647000,63468856,2026,Non Tender,APBD,CV INDOTAMA JAYA,Pengadaan Langsung,Pekerjaan Konstruksi,Persediaan Untuk Dijual/Diserahkan Lainnya - Jaringan Irigasi Pertanian Kec. Ciracap Desa Ciracap Poktan Cijambe Maju,SELESAI,199440570,199440570
KAB. SUKABUMI,UPTD RSUD SAGARANTEN - 1.02.0.00.0.00.01.0063,01KMQY9HJ6AGX0RRRWM2TC4NB5,66214509,2026,E-Katalog 6.0,APBD,TIARA AGUNG PRATAMA,E-Purchasing,Barang,Belanja BHP Laboratorium RSUD Sagaranten,ON PROCESS,9370647,0
KAB. SUKABUMI,UPTD PUSKESMAS BOJONGGENTENG - 1.02.0.00.0.00.01.0040,01KKC1Q4BAAG4WKT965PQVH24K,65549461,2026,E-Katalog 6.0,BLUD,TRIMAN,E-Purchasing,Barang,Belanja Bahan Obat - Obatan,COMPLETED,3385500,3385500
KAB. SUKABUMI,UPTD PUSKESMAS CARINGIN - 1.02.0.00.0.00.01.0052,01KPWK8HVJZTMHR63MDAF7WN6D,65660077,2026,E-Katalog 6.0,BLUD,GLOBAL MULTI PHARMALAB,E-Purchasing,Barang,Belanja Obat-Obatan Puskesmas Caringin,COMPLETED,7226100,7226100
KAB. SUKABUMI,UPTD PUSKESMAS BOJONGGENTENG - 1.02.0.00.0.00.01.0040,01KKPBMW42TWDC8N659071VS50,65550736,2026,E-Katalog 6.0,BLUD,ZAYIN ZAHIRA,E-Purchasing,Barang,Belanja Alat/Bahan untuk Kegiatan Kantor-Perlengkapan Dinas (Belanja Pakaian Dinas Khusus),PAYMENT OUTSIDE SYSTEM,12432000,12432000
KAB. SUKABUMI,UPTD PUSKESMAS JAMPANGKULON - 1.02.0.00.0.00.01.0027,01KRQ69NVY48CAS27ARJ7H6824,65603873,2026,E-Katalog 6.0,BLUD,INDO PRIANGAN KATULISTIWA,E-Purchasing,Barang,Belanja Obat - Obatan Lainnya - BLUD Puskesmas Jampangkulon,ON PROCESS,9879000,9879000
KAB. SUKABUMI,DINAS PERDAGANGAN DAN PERINDUSTRIAN - 3.31.3.29.3.30.01.0000,10767701000,63914871,2026,Non Tender,APBD,PT. Nusa Graha Konsultan,Pengadaan Langsung,Jasa Konsultansi Badan Usaha Non Konstruksi,Belanja Jasa Konsultansi Pemeliharaan dan Pengembangan Aplikasi SIMPING,SELESAI,49755750,49755750
KAB. SUKABUMI,DINAS KESEHATAN - 1.02.0.00.0.00.01.0000,01KQ9E84V514P5VE7C19ST7W0Y,66253065,2026,E-Katalog 6.0,APBD,LUCAS TRANSMAMIN PERKASA,E-Purchasing,Barang,Pengadaan Bahan Pangan Olahan Keperluan Medis Khusus (PKMK) untuk Penanganan Stunting dan Gizi Buruk,ON PROCESS,101921533,101921533
KAB. SUKABUMI,UPTD PUSKESMAS NAGRAK - 1.02.0.00.0.00.01.0048,01KPCSA4Y7QWRHGXJ860WZ8GYT,65361864,2026,E-Katalog 6.0,BLUD,ERLANGGA EDI LABORATORIES,E-Purchasing,Barang,belanja barang pakai habis- belanja obat-obatan,ON PROCESS,9850833,9850833
KAB. SUKABUMI,UPTD PUSKESMAS TAMANJAYA - 1.02.0.00.0.00.01.0025,01KS1ZDPFYQKTS9PK9K8NQSRNB,65746259,2026,E-Katalog 6.0,BLUD,TRIMAN,E-Purchasing,Barang,Belanja Obat-Obatan-Obat e-Purchasing ,COMPLETED,3811740,3811740
KAB. SUKABUMI,BADAN KESATUAN BANGSA DAN POLITIK - 8.01.0.00.0.00.04.0000,01KP797NGYRYSX8W38WGYNYFY2,66908105,2026,E-Katalog 6.0,APBD,ROUTE AUTO,E-Purchasing,Barang,Belanja Alat/Bahan untuk Kegiatan Kantor-Alat Tulis Kantor Penyediaan Peralatan dan Perlengkapan Kantor,ON PROCESS,113353311,113353311
KAB. SUKABUMI,DINAS PENDIDIKAN - 1.01.0.00.0.00.01.0000,10815512000,66681756,2026,Non Tender,APBD,Cv. Harmoni karya,Pengadaan Langsung,Jasa Konsultansi Badan Usaha Non Konstruksi,Jasa Konsultansi Perencanaan Gedung Bidang,SELESAI,11400000,11400000
KAB. SUKABUMI,UPTD PUSKESMAS CISAAT - 1.02.0.00.0.00.01.0053,01KNKAMYBEW50KR6P47E4DDWSY,64691552,2026,E-Katalog 6.0,BLUD,MOLEX AYUS,E-Purchasing,Barang,Belanja Belanja Obat-Obatan-Obat Puskesmas Cisaat TA. 2026,COMPLETED,2197800,2197800
KAB. SUKABUMI,DINAS PERUMAHAN DAN KAWASAN PERMUKIMAN - 1.03.1.04.2.11.01.0000,10912568000,65761257,2026,Non Tender,APBD,CITRA BUANA,Pengadaan Langsung,Pekerjaan Konstruksi,Tpt Kp.Panjalu Wetan Rt.04 Rw.11 Desa Parungseah Kecamatan Sukabumi,SELESAI,120977902,120977902
KAB. SUKABUMI,DINAS PEKERJAAN UMUM - 1.03.0.00.0.00.01.0000,10868829000,67142599,2026,Non Tender,APBD,CV HRZ MULTI UTAMA,Pengadaan Langsung,Pekerjaan Konstruksi,Daerah Irigasi Cikahuripan Desa Girijaya Kecamatan Nagrak,SELESAI,327681737,327681737
KAB. SUKABUMI,UPTD RSUD SAGARANTEN - 1.02.0.00.0.00.01.0063,01KNNXCJTMGVSHFNAYBJ2PJ41R,66214509,2026,E-Katalog 6.0,APBD,TIARA AGUNG PRATAMA,E-Purchasing,Barang,Belanja BHP Laboratorium RSUD Sagaranten,ON PROCESS,44062449,44062449
KAB. SUKABUMI,DINAS ARSIP DAN PERPUSTAKAAN - 2.24.2.23.0.00.01.0000,01KTRCGQ6G5BVZ8AJFP475STS3,66066342,2026,E-Katalog 6.0,APBD,VIANIE,E-Purchasing,Jasa Lainnya,Belanja Makanan dan Minuman Rapat,ON PROCESS,12600000,12600000
KAB. SUKABUMI,DINAS PENDIDIKAN - 1.01.0.00.0.00.01.0000,10868394000,67141905,2026,Non Tender,APBD,CKC,Pengadaan Langsung,Pekerjaan Konstruksi,Penataan Halaman SDI Mutmainah Kec.Cidahu,SELESAI,91785514,91785514
KAB. SUKABUMI,UPTD PUSKESMAS SELAJAMBE - 1.02.0.00.0.00.01.0054,01KW93E7NPDN7HEC4KMBCJF0XY,65998989,2026,E-Katalog 6.0,BLUD,INDO PRIANGAN KATULISTIWA,E-Purchasing,Barang,Bahan Habis Pakai Medis ( BLUD ),ON PROCESS,2164500,2164500
KAB. SUKABUMI,DINAS PENDIDIKAN - 1.01.0.00.0.00.01.0000,10898769000,66270877,2026,Non Tender,APBD,CV.KARUNIA PUTRA,Pengadaan Langsung,Pekerjaan Konstruksi,Rehabilitasi Sedang / Berat Ruang Kelas SDN Citanglar 1  Kec. Surade,SELESAI,278500000,278500000
KAB. SUKABUMI,UPTD PUSKESMAS CISAAT - 1.02.0.00.0.00.01.0053,01KSEGXBHDDXSVWDYJ18ZR6B8E,64707688,2026,E-Katalog 6.0,BLUD,RUSYDA,E-Purchasing,Barang,Belanja Modal Peralatan dan Mesin - Pengadaan Peralatan Personal Komputer Puskesmas Cisaat TA. 2026,COMPLETED,93700000,93700000
KAB. SUKABUMI,UPTD PUSKESMAS WARUNGKIARA - 1.02.0.00.0.00.01.0030,01KPCHZ0R64QXEC6GAYY5HF336,66149129,2026,E-Katalog 6.0,BLUD,MEPROFARM,E-Purchasing,Barang,Belanja Obat-Obatan Puskesmas Warungkiara,ON PROCESS,27905400,27905400
KAB. SUKABUMI,UPTD PUSKESMAS CIBADAK - 1.02.0.00.0.00.01.0050,01KT4NBK7BKNVCZK4TEYYM5MJC,65788852,2026,E-Katalog 6.0,BLUD,NOVAPHARIN,E-Purchasing,Barang,Belanja Bahan Obat-Obatan-Obat Puskesmas Cibadak 2026,ON PROCESS,2717280,2717280
KAB. SUKABUMI,DINAS KEPENDUDUKAN DAN PENCATATAN SIPIL - 2.12.0.00.0.00.01.0000,01KHXRWF6Z0850D93JETCYYBGK,65713547,2026,E-Katalog 6.0,APBD,RUSYDA,E-Purchasing,Jasa Lainnya,Belanja Cetak Map Dinas ,PAYMENT OUTSIDE SYSTEM,36785400,36785400
KAB. SUKABUMI,"BADAN PERENCANAAN PEMBANGUNAN, RISET DAN INOVASI DAERAH - 5.01.5.05.0.00.01.0000",01KJA032H3MXJYHNBP8G9YHBA0,64567417,2026,E-Katalog 6.0,APBD,VIANIE,E-Purchasing,Jasa Lainnya,Belanja Makanan dan Minuman Rapat-Koordinasi Bidang Perekonomian,PAYMENT OUTSIDE SYSTEM,3500000,3500000
KAB. SUKABUMI,DINAS PERHUBUNGAN - 2.15.0.00.0.00.01.0000,01KH996ZMDFTBHYNT4HMMD0R9T,64706835,2026,E-Katalog 6.0,APBD,TRAMAK KARYA JAYA,E-Purchasing,Jasa Lainnya,Pembangunan PJU di Wilayah Desa Cikururtug Kecamatan Cireunghas (6 Titik),ON PROCESS,95371200,95371200
KAB. SUKABUMI,DINAS PEKERJAAN UMUM - 1.03.0.00.0.00.01.0000,10851551000,67056865,2026,Non Tender,APBD,CV. Eka Mandiri,Pengadaan Langsung,Pekerjaan Konstruksi,Daerah Irigasi Cibeber Desa Tanjungsari Kecamatan Curugkembar,SELESAI,48636233,48636233
KAB. SUKABUMI,DINAS PERHUBUNGAN - 2.15.0.00.0.00.01.0000,01KSFNVQ5RFA4KY5FVW139Q8XN,64706802,2026,E-Katalog 6.0,APBD,MARGATAMA,E-Purchasing,Jasa Lainnya,Pembangunan PJU di Wilayah Kelurahan Surade Kecamatan Surade (5 Titik),ON PROCESS,79750000,79750000
KAB. SUKABUMI,DINAS PERUMAHAN DAN KAWASAN PERMUKIMAN - 1.03.1.04.2.11.01.0000,10849646000,67043757,2026,Non Tender,APBD,CV. Bintang Jaya Perkasa,Pengadaan Langsung,Pekerjaan Konstruksi,"Pembangunan Sarana Air Bersih Kp Nagrak, Rt 06 Rw 06, Kelurahan Surade, Kecamatan Surade, Kabupaten Sukabumi",SELESAI,390702163,390702163
KAB. SUKABUMI,BADAN KEPEGAWAIAN DAN PENGEMBANGAN SUMBER DAYA MANUSIA - 5.03.5.04.0.00.01.0000,01KPSTB1XMG6ZY7VW4KWPM1W5C,63544369,2026,E-Katalog 6.0,APBD,VIANIE,E-Purchasing,Jasa Lainnya,Belanja Jamuan Peserta/Panitia Pemberkasan Persyaratan Pengangkatan CPNS ke PNS,PAYMENT OUTSIDE SYSTEM,1947500,1947500
KAB. SUKABUMI,UOBK RSUD SEKARWANGI - 1.02.0.00.0.00.01.0002,01KVQKK6K2R0369CXFMNSV9GQD,63079700,2026,E-Katalog 6.0,BLUD,DEXA MEDICA,E-Purchasing,Barang,Belanja Obat-obatan-Obat,ON PROCESS,56799991,0
KAB. SUKABUMI,UOBK RSUD SEKARWANGI - 1.02.0.00.0.00.01.0002,01KH972DRBX23S4KWX28RZ85BZ,63079700,2026,E-Katalog 6.0,BLUD,MERCK,E-Purchasing,Barang,Belanja Obat-obatan-Obat,ON PROCESS,5405700,5405700
KAB. SUKABUMI,UOBK RSUD SEKARWANGI - 1.02.0.00.0.00.01.0002,01KP2QWJCTP85ZE6RVEV43YBB1,63079700,2026,E-Katalog 6.0,BLUD,TUNGGAL IDAMAN ABDI,E-Purchasing,Barang,Belanja Obat-obatan-Obat,ON PROCESS,16988994,0
KAB. SUKABUMI,UOBK RSUD SEKARWANGI - 1.02.0.00.0.00.01.0002,01KNP3STEBJH568F9VPT9AD03E,63079700,2026,E-Katalog 6.0,BLUD,NOVARTIS INDONESIA,E-Purchasing,Barang,Belanja Obat-obatan-Obat,ON PROCESS,16129277,0
KAB. SUKABUMI,UOBK RSUD SEKARWANGI - 1.02.0.00.0.00.01.0002,01KW0HYS478WC7W4DR9KNM5V5J,63079700,2026,E-Katalog 6.0,BLUD,DEXA MEDICA,E-Purchasing,Barang,Belanja Obat-obatan-Obat,ON PROCESS,6145848,6145848
KAB. SUKABUMI,DINAS PERUMAHAN DAN KAWASAN PERMUKIMAN - 1.03.1.04.2.11.01.0000,10897253000,65761421,2026,Non Tender,APBD,CV BARAYA ACI,Pengadaan Langsung,Pekerjaan Konstruksi,Pembangunan Sarana Air Bersih Rt015-Rw005 Desa Cisande Kecamatan Cicantayan,SELESAI,195353125,195353125
KAB. SUKABUMI,UPTD PUSKESMAS BOJONGGENTENG - 1.02.0.00.0.00.01.0040,01KS6WZ9MN4G22P6F1VZ668M1D,65549461,2026,E-Katalog 6.0,BLUD,TRIMAN,E-Purchasing,Barang,Belanja Bahan Obat - Obatan,ON PROCESS,1763790,1763790
KAB. SUKABUMI,UPTD PUSKESMAS GEGERBITUNG - 1.02.0.00.0.00.01.0009,01KQV8S44W0XVB5WHHMYWKCT8A,66273716,2026,E-Katalog 6.0,BLUD,ZAYN REYCHI ETERNAL,E-Purchasing,Barang,Belanja Obat-Obatan-Obat - BLUD UPTD Puskesmas Kebonpedes,ON PROCESS,39240000,39240000
KAB. SUKABUMI,UOBK RSUD SEKARWANGI - 1.02.0.00.0.00.01.0002,01KRWN3FY66N3K5R2ESKT40470,63079700,2026,E-Katalog 6.0,BLUD,SANBE FARMA,E-Purchasing,Barang,Belanja Obat-obatan-Obat,ON PROCESS,49025370,49025370
KAB. SUKABUMI,UPTD PUSKESMAS JAMPANGTENGAH - 1.02.0.00.0.00.01.0058,01KJEDR3FM06D6590D04GGN0DQ,65564675,2026,E-Katalog 6.0,BLUD,HEXPHARM JAYA LABORATORIES,E-Purchasing,Barang,Belanja Obat-obatan,COMPLETED,12227760,12227760
KAB. SUKABUMI,DINAS PEKERJAAN UMUM - 1.03.0.00.0.00.01.0000,10916319000,66767941,2026,Non Tender,APBD,CV. BERKAH BERSINAR ABADI,Pengadaan Langsung,Pekerjaan Konstruksi,Ruas Jalan Cikakak - Ciputat Kecamatan Palabuhanratu,SELESAI,186519443,186519443
KAB. SUKABUMI,UPTD PUSKESMAS KARAWANG - 1.02.0.00.0.00.01.0003,01KKWZBYKJR310R5VBJFHMDJB3,66903877,2026,E-Katalog 6.0,BLUD,IMFARMIND FARMASI INDUSTRI,E-Purchasing,Barang,Belanja Obat-Obatan PPK BLUD UPT Puskesmas Karawang Tahun 2026,PAYMENT OUTSIDE SYSTEM,11732922,11732922
KAB. SUKABUMI,UOBK RSUD SEKARWANGI - 1.02.0.00.0.00.01.0002,01KRX4XSMCZNZCMBTST2QCBBH9,63079700,2026,E-Katalog 6.0,BLUD,HARBAT FARMA,E-Purchasing,Barang,Belanja Obat-obatan-Obat,ON PROCESS,5106000,5106000
KAB. SUKABUMI,DINAS PERTANIAN - 3.27.2.09.0.00.01.0000,10869602000,64123384,2026,Non Tender,APBD,CV. TIGA DUA AMANAH,Pengadaan Langsung,Pekerjaan Konstruksi,Persediaan Untuk Dijual/Diserahkan Lainnya - Pipanisasi Kec. Sagaranten Desa Sinarbentang Poktan Mekarsari,SELESAI,184456741,184456741
KAB. SUKABUMI,UOBK RSUD SEKARWANGI - 1.02.0.00.0.00.01.0002,01KHN03NJM5XQ3XTWYQH6K4GAG,63079700,2026,E-Katalog 6.0,BLUD,CENDO,E-Purchasing,Barang,Belanja Obat-obatan-Obat,ON PROCESS,13957362,13957362
KAB. SUKABUMI,UPTD PUSKESMAS CARINGIN - 1.02.0.00.0.00.01.0052,01KTXBHZ2DFRWT58YMYT0PX1E8,65660077,2026,E-Katalog 6.0,BLUD,BERNOFARM,E-Purchasing,Barang,Belanja Obat-Obatan Puskesmas Caringin,ON PROCESS,10777323,10777323
KAB. SUKABUMI,DINAS PERHUBUNGAN - 2.15.0.00.0.00.01.0000,10791001000,64733265,2026,Non Tender,APBD,CV.KARUNIA PUTRA,Pengadaan Langsung,Pekerjaan Konstruksi,Rehabilitas dan Pemeliharaan Terminal Kadudampit,SELESAI,29559431,29559431
KAB. SUKABUMI,UPTD PUSKESMAS PURABAYA - 1.02.0.00.0.00.01.0012,01KVCBCS53G5ZH333CW6N7FN41,67062414,2026,E-Katalog 6.0,BLUD,ZAYIN ZAHIRA,E-Purchasing,Barang,Belanja Barang Habis Pakai (ATK),ON PROCESS,5413359,5413359
KAB. SUKABUMI,DINAS PERDAGANGAN DAN PERINDUSTRIAN - 3.31.3.29.3.30.01.0000,10767650000,64632199,2026,Non Tender,APBD,cv. sadulur sajati,Pengadaan Langsung,Jasa Lainnya,Belanja Stiker Tanda Tera,SELESAI,64457700,64457700
KAB. SUKABUMI,DINAS PERTANIAN - 3.27.2.09.0.00.01.0000,10866613000,63468810,2026,Non Tender,APBD,CV. NAYRA CAHAYA KONSTRUKSI,Pengadaan Langsung,Pekerjaan Konstruksi,Persediaan Untuk Dijual/Diserahkan Lainnya - Jaringan Irigasi Pertanian Kec. Surade Desa Cipeundeuy Poktan Ciharashas,SELESAI,64660444,64660444
KAB. SUKABUMI,"BADAN PERENCANAAN PEMBANGUNAN, RISET DAN INOVASI DAERAH - 5.01.5.05.0.00.01.0000",01KMNB8QGVYQ531P00X8JWMGEJ,66578313,2026,E-Katalog 6.0,APBD,DERMA UTAMA ABADI,E-Purchasing,Jasa Lainnya,Belanja Makanan dan Minuman Jamuan Tamu Musrenbang RKPD,ON PROCESS,21542500,21542500
KAB. SUKABUMI,UOBK RSUD SEKARWANGI - 1.02.0.00.0.00.01.0002,01KTXE33ZGBZBKJZTVB54XFXXW,63079700,2026,E-Katalog 6.0,BLUD,PERUSAHAAN PERSEROAN (PERSERO) PT. BIO FARMA DISINGKAT PT. BIO FARMA (PERSERO),E-Purchasing,Barang,Belanja Obat-obatan-Obat,ON PROCESS,30636000,30636000
KAB. SUKABUMI,SATUAN POLISI PAMONG PRAJA - 1.05.0.00.0.00.03.0000,01KNG5W7N2N3VGV0PHV8G2DXRN,66804258,2026,E-Katalog 6.0,APBD,FAJAR ADI LESTARI,E-Purchasing,Jasa Lainnya,Belanja Alat / bahan kantor Pada Kegiatan Sosialisasi Penegakan Perda dan Perkada #1,ON PROCESS,83277750,83277750
KAB. SUKABUMI,UOBK RSUD SEKARWANGI - 1.02.0.00.0.00.01.0002,01KER006YZ728T6KW8FGQ7YD1R,63079700,2026,E-Katalog 6.0,BLUD,DEXA MEDICA,E-Purchasing,Barang,Belanja Obat-obatan-Obat,ON PROCESS,114092083,114092083
KAB. SUKABUMI,DINAS KESEHATAN - 1.02.0.00.0.00.01.0000,01KNVW956RKX94QWYZF06P51VA,66879910,2026,E-Katalog 6.0,APBD,ZAYIN ZAHIRA,E-Purchasing,Barang,Belanja Alat/Bahan Alat Tulis Kantor dan Logistik Kantor - Penyediaan Bahan Logistik Kantor (Pajak Air Tanah),PAYMENT OUTSIDE SYSTEM,22899300,22899300
KAB. SUKABUMI,UPTD PUSKESMAS CITARIK - 1.02.0.00.0.00.01.0032,01KWG8JGJAKC99N54FC6BEN9WH,65505780,2026,E-Katalog 6.0,BLUD,TRIMAN,E-Purchasing,Barang,Belanja Obat Puskesmas Citarik (e-Catalog),ON PROCESS,2697300,2697300
KAB. SUKABUMI,"BADAN PERENCANAAN PEMBANGUNAN, RISET DAN INOVASI DAERAH - 5.01.5.05.0.00.01.0000",01KMYBR7DYEZRJ9631WXGD1193,64764733,2026,E-Katalog 6.0,APBD,DERMA UTAMA ABADI,E-Purchasing,Jasa Lainnya,Belanja Makanan dan Minuman Jamuan Tamu - Fasilitasi Kunjungan Tamu,PAYMENT OUTSIDE SYSTEM,7000000,7000000
KAB. SUKABUMI,DINAS PERTANIAN - 3.27.2.09.0.00.01.0000,10866135000,63468812,2026,Non Tender,APBD,CV. LAKSANA ABADI,Pengadaan Langsung,Pekerjaan Konstruksi,Persediaan Untuk Dijual/Diserahkan Lainnya - Jaringan Irigasi Pertanian Kec. Jampang Tengah Desa Padabeunghar Poktan Medalwargi IIB,SELESAI,74677704,74677704
KAB. SUKABUMI,DINAS PERTANIAN - 3.27.2.09.0.00.01.0000,10758820000,64123387,2026,Non Tender,APBD,CV. TIRTA MENTARI,Pengadaan Langsung,Jasa Konsultansi Badan Usaha Konstruksi,Persediaan Untuk Dijual/Diserahkan Lainnya - Konsultan perencanaan screenhouse,SELESAI,1931400,1931400
KAB. SUKABUMI,DINAS PEKERJAAN UMUM - 1.03.0.00.0.00.01.0000,10832506000,66694885,2026,Non Tender,APBD,CV. TIGA PERKASA,Pengadaan Langsung,Pekerjaan Konstruksi,Pembuatan Selokan Tembok Ruas Jalan Bataskota - Selabintana Kecamatan Sukabumi,SELESAI,97687672,97687672
KAB. SUKABUMI,UPTD PUSKESMAS CICURUG - 1.02.0.00.0.00.01.0044,01KH3013S1K2ZJHSTY4A49H5QF,65368153,2026,E-Katalog 6.0,BLUD,KHALISH BRILLIANT PERSADA,E-Purchasing,Barang,Belanja Barang Persediaan Perabot Kantor Puskesmas Cicurug,PAYMENT OUTSIDE SYSTEM,4317123,4317123
KAB. SUKABUMI,UOBK RSUD SEKARWANGI - 1.02.0.00.0.00.01.0002,01KFCNNR8Q52PXP41T0Y4XTRJ4,63077986,2026,E-Katalog 6.0,BLUD,MEDTRONIC INDONESIA,E-Purchasing,Barang,Belanja Bahan - Bahan Lainnya (BMHP Farmasi),ON PROCESS,99900000,0
KAB. SUKABUMI,DINAS PEKERJAAN UMUM - 1.03.0.00.0.00.01.0000,10905290000,67285253,2026,Non Tender,APBD,ABINESIA,Pengadaan Langsung,Pekerjaan Konstruksi,Daerah Irigasi Cimuncang Desa Kebonpedes Kecamatan Kebonpedes,SELESAI,295705279,295705279
KAB. SUKABUMI,UPTD PUSKESMAS CICURUG - 1.02.0.00.0.00.01.0044,01KQ20WSMVPFKS2BH7VJGRYRPX,66671862,2026,E-Katalog 6.0,BLUD,MENARA GRAFIKA,E-Purchasing,Barang,Belanja Cetak,PAYMENT OUTSIDE SYSTEM,10539450,10539450
KAB. SUKABUMI,BADAN KEPEGAWAIAN DAN PENGEMBANGAN SUMBER DAYA MANUSIA - 5.03.5.04.0.00.01.0000,01KRWQ5RAHQGKKRJPP4M2DJ4HK,63543945,2026,E-Katalog 6.0,APBD,EDRA AUSI AKBAR,E-Purchasing,Jasa Lainnya,Belanja Jamuan Peserta/Panitia Desk Rekonsiliasi/Evaluasi Penggunaan Aplikasi DMS (Document Management System) BKN ,ON PROCESS,12740000,12740000
KAB. SUKABUMI,UPTD PUSKESMAS CIDOLOG - 1.02.0.00.0.00.01.0014,01KPD47HE4C0516H9GWBMWCMPY,66942415,2026,E-Katalog 6.0,BLUD,INDOCOMTECH,E-Purchasing,Barang,Belanja Modal Peralatan dan Mesin Puskesmas Cidolog,PAYMENT OUTSIDE SYSTEM,13098000,13098000
KAB. SUKABUMI,UOBK RSUD SEKARWANGI - 1.02.0.00.0.00.01.0002,01KW87FB97YD8YTSM4PP1JYJZ2,63077986,2026,E-Katalog 6.0,BLUD,DJEMBATAN DUA,E-Purchasing,Barang,Belanja Bahan - Bahan Lainnya (BMHP Farmasi),ON PROCESS,12830854,12830854
KAB. SUKABUMI,BADAN PENDAPATAN DAERAH - 5.02.0.00.0.00.02.0000,01KRWM5Q8PDM81CHXW06684KRT,64039394,2026,E-Katalog 6.0,APBD,ARKASA PUTRA PRATAMA,E-Purchasing,Barang,Belanja Modal Lemari dan Arsip Pejabat,ON PROCESS,13000000,13000000
KAB. SUKABUMI,UPTD PUSKESMAS BOJONGGENTENG - 1.02.0.00.0.00.01.0040,01KVSHVFCSH5VYYP0G00G6K1HF,65549461,2026,E-Katalog 6.0,BLUD,NOVAPHARIN,E-Purchasing,Barang,Belanja Bahan Obat - Obatan,ON PROCESS,2675100,2675100
KAB. SUKABUMI,UPTD PUSKESMAS GEGERBITUNG - 1.02.0.00.0.00.01.0009,01KQEVPJNWCEZXCKM1VY8AZE0T,66628986,2026,E-Katalog 6.0,BLUD,INDO PRIANGAN KATULISTIWA,E-Purchasing,Barang,Belanja Bahan Obat-obatan UPTD Puskesmas Cireunghas,ON PROCESS,15032175,15032175
KAB. SUKABUMI,UPTD PUSKESMAS CISAAT - 1.02.0.00.0.00.01.0053,01KQRQ34XBJEJN9Y5KFP02W146,64684476,2026,E-Katalog 6.0,BLUD,ARRAHMAN BERKAH ABADI,E-Purchasing,Barang,Belanja Alat Tulis Kantor Puskesmas Cisaat TA. 2026,COMPLETED,7659222,7659222
KAB. SUKABUMI,DINAS TENAGA KERJA DAN TRANSMIGRASI - 2.07.3.32.0.00.01.0000,10845885000,63890238,2026,Non Tender,APBD,Tri Putra Mandiri Consultant,Pengadaan Langsung,Jasa Konsultansi Badan Usaha Konstruksi,bangunan gedung kantor (Jasa Konsultan Perencanaan Konstruksi Pemeliharaan Gedung Dinas),SELESAI,4946160,4946160
KAB. SUKABUMI,UPTD PUSKESMAS PURABAYA - 1.02.0.00.0.00.01.0012,01KVC9HXANJ58Q83DHGQKFBWZN,66326199,2026,E-Katalog 6.0,BLUD,KENANGA UTAMA PERMAI,E-Purchasing,Barang,Belanja Pengadaan Obat-obatan Lainnya (BMHP) UPTD Puskesmas Purabaya ,ON PROCESS,299700,299700
KAB. SUKABUMI,UPTD RSUD SAGARANTEN - 1.02.0.00.0.00.01.0063,01KS4S6R8YK537NJMZKYJQ7K4W,66641411,2026,E-Katalog 6.0,APBD,RYAN NIMAS JAYA MAKMUR,E-Purchasing,Barang,Belanja Obat-Obatan DAU RSUD Sagaranten,ON PROCESS,69827440,69827440
KAB. SUKABUMI,UPTD PUSKESMAS CIDAHU - 1.02.0.00.0.00.01.0043,01KQRQPDRH79A9JQEW722ZTJ5E,66272931,2026,E-Katalog 6.0,BLUD,TRIMAN,E-Purchasing,Barang,Belanja Bahan Obat-obatan puskesmas cidahu,ON PROCESS,1294260,1294260
KAB. SUKABUMI,DINAS PERTANIAN - 3.27.2.09.0.00.01.0000,10903763000,64122682,2026,Non Tender,APBD,CV CITARIK MUARA PERKASA,Pengadaan Langsung,Pekerjaan Konstruksi,Persediaan Untuk Dijual/Diserahkan Lainnya - DAM Parit Kec. Bantargadung Desa Limusnunggal Poktan Cijeruk,SELESAI,184110018,184110018
KAB. SUKABUMI,"DINAS KOMUNIKASI, INFORMATIKA DAN PERSANDIAN - 2.16.2.21.2.20.01.0000",10762593000,64396840,2026,Non Tender,APBD,PT Metra-Net,Pengadaan Langsung,Jasa Lainnya,Sewa Whatapps Bot Lite,SELESAI,71880000,71880000
KAB. SUKABUMI,"BADAN PERENCANAAN PEMBANGUNAN, RISET DAN INOVASI DAERAH - 5.01.5.05.0.00.01.0000",01KHXHC99HHCRQSAS0KAG9PGSK,64771529,2026,E-Katalog 6.0,APBD,BUDI JAYA,E-Purchasing,Barang,Penyediaan Barang Cetakan,PAYMENT OUTSIDE SYSTEM,83403957,83403957
KAB. SUKABUMI,DINAS PERUMAHAN DAN KAWASAN PERMUKIMAN - 1.03.1.04.2.11.01.0000,10905847000,67163627,2026,Non Tender,APBD,Arrahmah,Pengadaan Langsung,Pekerjaan Konstruksi,"Pembangunan Sarana Air Bersih Kp Gang Metro Rt 002/003 Desa Parungkuda, Kecamatan Parungkuda , Kab Sukabumi",SELESAI,194935297,194935297
KAB. SUKABUMI,DINAS LINGKUNGAN HIDUP - 2.11.1.03.0.00.01.0000,10909587000,67285618,2026,Non Tender,APBD,CV. Pondasi Alam Prima,Pengadaan Langsung,Jasa Lainnya,Pengecatan Exterior Tembok,SELESAI,48223350,48223350
KAB. SUKABUMI,DINAS PERHUBUNGAN - 2.15.0.00.0.00.01.0000,01KHWKD1VKBYBSTPW01S4TEE7J,64706803,2026,E-Katalog 6.0,APBD,SADDAM ESTU MULIA,E-Purchasing,Jasa Lainnya,Pembangunan PJU di Wilayah Kec. Jampangkulon dan Surade (18 Titik),ON PROCESS,287801910,287801910
KAB. SUKABUMI,UPTD PUSKESMAS WARUNGKIARA - 1.02.0.00.0.00.01.0030,01KTN3WY3E20G7EAHPNM8MY1CZ,66149564,2026,E-Katalog 6.0,BLUD,AYOOKLIK PARAHYANGAN PERKASA,E-Purchasing,Barang,Belanja Modal Peralatan dan Mesin-Pengadaan Personal Komputer Puskesmas Warungkiara,COMPLETED,63307005,63307005
KAB. SUKABUMI,UOBK RSUD SEKARWANGI - 1.02.0.00.0.00.01.0002,01KVXN6PDERNR7027E8BH69K59,63079700,2026,E-Katalog 6.0,BLUD,PRATAPA NIRMALA,E-Purchasing,Barang,Belanja Obat-obatan-Obat,ON PROCESS,56943000,56943000
KAB. SUKABUMI,UPTD RSUD SAGARANTEN - 1.02.0.00.0.00.01.0063,10854658000,66973005,2026,Non Tender,APBD,PT WAHANA RIZKY GUMILANG,Pengadaan Langsung,Pengadaan Barang,Belanja Obat-Obatan Paket 2 RSUD Sagaranten,SELESAI,113005540,0
KAB. SUKABUMI,UPTD PUSKESMAS CURUGKEMBAR - 1.02.0.00.0.00.01.0016,01KQRVRC4FZG41B32K7GR0THQM,66467169,2026,E-Katalog 6.0,BLUD,NOVAPHARIN,E-Purchasing,Barang,Belanja Obat-Obatan-Obat UPTD Puskesmas Curugkembar,ON PROCESS,4639800,4639800
KAB. SUKABUMI,DINAS PERUMAHAN DAN KAWASAN PERMUKIMAN - 1.03.1.04.2.11.01.0000,10927825000,67375535,2026,Non Tender,APBD,CV. AGUNG JAYA ABADI,Pengadaan Langsung,Pekerjaan Konstruksi,Jalan Lingkungan Perumahan Griya Karang Asri 2 Desa Karang Tengah Kec. Cibadak,BERLANGSUNG,189081901,189081901
KAB. SUKABUMI,"DINAS KEBUDAYAAN, PEMUDA DAN OLAHRAGA - 2.22.2.19.0.00.01.0000",10809352000,65839984,2026,Non Tender,APBD,cv. cipta grha hafara,Pengadaan Langsung,Jasa Konsultansi Badan Usaha Konstruksi,Jasa Konsultan Perencanaan Rehabilitasi Kamar Mandi (Toilet) Gedung Kantor,SELESAI,1441335,1441335
KAB. SUKABUMI,UOBK RSUD SEKARWANGI - 1.02.0.00.0.00.01.0002,01KTEC5S5MFERHPTH77Y366YXY,63079700,2026,E-Katalog 6.0,BLUD,INFION,E-Purchasing,Barang,Belanja Obat-obatan-Obat,ON PROCESS,45339315,45339315
KAB. SUKABUMI,"BADAN PERENCANAAN PEMBANGUNAN, RISET DAN INOVASI DAERAH - 5.01.5.05.0.00.01.0000",01KJ9ZSZQS7NMBKXHH1Q6JBT84,64726606,2026,E-Katalog 6.0,APBD,AKASIA,E-Purchasing,Jasa Lainnya,Belanja Makanan dan Minuman Rapat-Harmonisasi Bidang Infrastruktur,PAYMENT OUTSIDE SYSTEM,2450000,2450000
KAB. SUKABUMI,DINAS PEKERJAAN UMUM - 1.03.0.00.0.00.01.0000,10900048000,67251599,2026,Non Tender,APBD,pt. studio aero bentala,Pengadaan Langsung,Jasa Konsultansi Badan Usaha Non Konstruksi,Konsultan Pengawasan Jembatan Linggamanik Ruas Jalan Miramontana - Bojongjengkol Kecamatan Jampangtengah,SELESAI,49122995,49122995
KAB. SUKABUMI,DINAS PERHUBUNGAN - 2.15.0.00.0.00.01.0000,01KKG9YQ3RX6PS6ZS1Q9WREK0F,66371035,2026,E-Katalog 6.0,APBD,AKASIA,E-Purchasing,Barang,Belanja Kaos Pembinaan bagi Panitia dan Peserta Kegiatan Pembinaan Keselamatan Angkutan Perairan,PAYMENT OUTSIDE SYSTEM,23310000,23310000
KAB. SUKABUMI,UPTD PUSKESMAS GEGERBITUNG - 1.02.0.00.0.00.01.0009,01KQC2BS039V8AA9P9V0GPK8X1,66628986,2026,E-Katalog 6.0,BLUD,BERNOFARM,E-Purchasing,Barang,Belanja Bahan Obat-obatan UPTD Puskesmas Cireunghas,COMPLETED,4244363,4244363
KAB. SUKABUMI,DINAS PERUMAHAN DAN KAWASAN PERMUKIMAN - 1.03.1.04.2.11.01.0000,10849860000,65763072,2026,Non Tender,APBD,CKC,Pengadaan Langsung,Pekerjaan Konstruksi,Drainase Kp. Pamungguan Rt 009 Rw 003 Desa Gunungendut Kecamatan Kalapanunggal Kab. Sukabumi,SELESAI,95717901,95717901
KAB. SUKABUMI,DINAS PEKERJAAN UMUM - 1.03.0.00.0.00.01.0000,10868520000,66622339,2026,Non Tender,APBD,CV. CIPTA BINA PUTRA,Pengadaan Langsung,Pekerjaan Konstruksi,Daerah Irigasi Cikamunding I Desa Pasiripis Kecamatan Surade,SELESAI,246958260,246958260
KAB. SUKABUMI,UPTD PUSKESMAS PARUNGKUDA - 1.02.0.00.0.00.01.0042,01KVSMP3A8HP5KSKPG40FTKVRW,66288754,2026,E-Katalog 6.0,BLUD,KENANGA UTAMA PERMAI,E-Purchasing,Barang,Belanja obat-obatan lainnya (habis pakai alat kesehatan/BHP medis) Parungkuda Parungkuda ,ON PROCESS,51866970,51866970
KAB. SUKABUMI,DINAS PERUMAHAN DAN KAWASAN PERMUKIMAN - 1.03.1.04.2.11.01.0000,10875803000,65763169,2026,Non Tender,APBD,CV. RADESA,Pengadaan Langsung,Pekerjaan Konstruksi,Pembangunan Sarana Air Bersih Kp. Cikokosan RT.006 RW.005 Desa Pasirpanjang Kecamatan Ciracap,SELESAI,390888671,390888671
KAB. SUKABUMI,UPTD PUSKESMAS BOJONGGENTENG - 1.02.0.00.0.00.01.0040,01KR5F3R0V7BMGF2NSAHN1ATVD,65549461,2026,E-Katalog 6.0,BLUD,SATU MEDIKA PRATAMA,E-Purchasing,Barang,Belanja Bahan Obat - Obatan,ON PROCESS,6989293,6989293
KAB. SUKABUMI,DINAS PERTANIAN - 3.27.2.09.0.00.01.0000,01KH8GNXFE3JAYX5K3DH1C4074,64002026,2026,E-Katalog 6.0,APBD,ADE GUNA RAYA,E-Purchasing,Barang,Belanja Alat/Bahan untuk Kegiatan Kantor-Alat Tulis Kantor,ON PROCESS,129985218,129985218
KAB. SUKABUMI,DINAS PERHUBUNGAN - 2.15.0.00.0.00.01.0000,01KH98Z35M2SS9TA4S66SAG61S,64706891,2026,E-Katalog 6.0,APBD,TRAMAK KARYA JAYA,E-Purchasing,Jasa Lainnya,Pembangunan PJU di Wilayah Desa Priangan Jaya Kecamatan Sukalarang (6 Titik),ON PROCESS,95371200,95371200
KAB. SUKABUMI,UPTD PUSKESMAS SELAJAMBE - 1.02.0.00.0.00.01.0054,01KW92PBE8N1V755NBC1TA3H1Q,65998350,2026,E-Katalog 6.0,BLUD,INDO PRIANGAN KATULISTIWA,E-Purchasing,Barang,Belanja Bahan Obat-obatan ( BLUD ),ON PROCESS,2909310,2909310
KAB. SUKABUMI,DINAS PEKERJAAN UMUM - 1.03.0.00.0.00.01.0000,01KKB6QFFBYYJ8X8BEMEB1W491,66275215,2026,E-Katalog 6.0,APBD,KREASI KONSTRUKSI,E-Purchasing,Jasa Lainnya,Pemeliharaan Peralatan dan Mesin Lainnya (Pemeliharaan Alat Berat),ON PROCESS,295815000,295815000
KAB. SUKABUMI,UOBK RSUD SEKARWANGI - 1.02.0.00.0.00.01.0002,01KK39F1RFQ10CQJTZCKH9VAG4,63079700,2026,E-Katalog 6.0,BLUD,SYDNA FARMA,E-Purchasing,Barang,Belanja Obat-obatan-Obat,ON PROCESS,42624000,0
KAB. SUKABUMI,UPTD PUSKESMAS GEGERBITUNG - 1.02.0.00.0.00.01.0009,01KT86CWBZ43CENTWW17Y2YMSK,66546216,2026,E-Katalog 6.0,BLUD,INDO ALTON PERKASA,E-Purchasing,Barang,Belanja Bahan-Bahan Lainnya (BHP Medis),ON PROCESS,1227000,1227000
KAB. SUKABUMI,UPTD PUSKESMAS CIJANGKAR - 1.02.0.00.0.00.01.0011,01KJ49B800MKVAXRXJYR36CT3B,65515296,2026,E-Katalog 6.0,BLUD,BERNOFARM,E-Purchasing,Barang,Belanja Obat-Obatan-Obat Puskesmas Cijangkar,COMPLETED,2005493,2005493
KAB. SUKABUMI,UOBK RSUD SEKARWANGI - 1.02.0.00.0.00.01.0002,01KTRHZQQZ81V87M1KQH54H8M3,63077986,2026,E-Katalog 6.0,BLUD,RAKHA NUSANTARA MEDIKA,E-Purchasing,Barang,Belanja Bahan - Bahan Lainnya (BMHP Farmasi),ON PROCESS,28346015,28346015
KAB. SUKABUMI,UPTD PUSKESMAS GIRIJAYA - 1.02.0.00.0.00.01.0047,01KR2SSSFP2YMS7ZQ32BVZ38CR,65623829,2026,E-Katalog 6.0,BLUD,DUALIMA INDUSTRIES,E-Purchasing,Barang," Belanja Persediaan Proses-Persediaan Dalam Proses ",ON PROCESS,3101340,3101340
KAB. SUKABUMI,UOBK RSUD SEKARWANGI - 1.02.0.00.0.00.01.0002,01KFJCBKXVM0QS5DNAFJN5YCAN,63373275,2026,E-Katalog 6.0,BLUD,MINDRAY MEDICAL INDONESIA,E-Purchasing,Barang,Belanja Modal Alat Laboratorium Umum,ON PROCESS,871481181,0
KAB. SUKABUMI,UPTD PUSKESMAS CIBADAK - 1.02.0.00.0.00.01.0050,01KSD89YD4G3ANXTGBCHXRCBAS,65788852,2026,E-Katalog 6.0,BLUD,INDO PRIANGAN KATULISTIWA,E-Purchasing,Barang,Belanja Bahan Obat-Obatan-Obat Puskesmas Cibadak 2026,ON PROCESS,10306794,10306794
KAB. SUKABUMI,DINAS PERTANIAN - 3.27.2.09.0.00.01.0000,10902490000,64123390,2026,Non Tender,APBD,CV. AGUNG JAYA ABADI,Pengadaan Langsung,Pekerjaan Konstruksi,Persediaan Untuk Dijual/Diserahkan Lainnya -  (Solar Dome Dryer) Kec. Gegerbitung Desa Sukamanah Poktan Rimba Jaya,SELESAI,91923460,91923460
KAB. SUKABUMI,UPTD PUSKESMAS CISAAT - 1.02.0.00.0.00.01.0053,01KQV68H615NV95Y3D3WRP63QN,64684971,2026,E-Katalog 6.0,BLUD,CIPTA BUMI PERSADA,E-Purchasing,Barang,Belanja Alat Listrik dan Elektronik Puskesmas Cisaat TA. 2026,COMPLETED,1116327,1116327
KAB. SUKABUMI,UOBK RSUD PALABUHANRATU - 1.02.0.00.0.00.01.0001,01KK79P6M0WXTE835TCYHK642Q,65313201,2026,E-Katalog 6.0,BLUD,DZIFNA,E-Purchasing,Barang,Belanja Bahan/Alat Bahan Pakai Habis Non Medis,ON PROCESS,22477500,22477500
KAB. SUKABUMI,DINAS PERTANIAN - 3.27.2.09.0.00.01.0000,10873542000,64122681,2026,Non Tender,APBD,CV. TIRTA MENTARI,Pengadaan Langsung,Jasa Konsultansi Badan Usaha Konstruksi,Persediaan Untuk Dijual/Diserahkan Lainnya - Konsultan pengawasan dam parit,SELESAI,9879000,9879000
KAB. SUKABUMI,UPTD PUSKESMAS CIKAKAK - 1.02.0.00.0.00.01.0035,01KSH5W1BT9H8DEH0VJ0WAHB68,65506343,2026,E-Katalog 6.0,BLUD,INDO PRIANGAN KATULISTIWA,E-Purchasing,Barang,Belanja Obat-obatan- Obat-Obatan Lainnya (BMHP Medis) UPTD Puskesmas CIkakak Tahun 2026,ON PROCESS,12221100,12221100
KAB. SUKABUMI,BADAN PENDAPATAN DAERAH - 5.02.0.00.0.00.02.0000,01KVCX5X3X75EECPM5T9QKJBCS,66549470,2026,E-Katalog 6.0,APBD,KARYA DARMAWAN,E-Purchasing,Jasa Lainnya,Penataan Jaringan,ON PROCESS,249700000,249700000
KAB. SUKABUMI,UOBK RSUD SEKARWANGI - 1.02.0.00.0.00.01.0002,01KJ56T9JCYSG17ZW7D2J8MC4K,63077986,2026,E-Katalog 6.0,BLUD,KENANGA UTAMA PERMAI,E-Purchasing,Barang,Belanja Bahan - Bahan Lainnya (BMHP Farmasi),ON PROCESS,18603323,18603323
KAB. SUKABUMI,UOBK RSUD SEKARWANGI - 1.02.0.00.0.00.01.0002,01KREGTE2C1HSTD08ZYD2NNYQ9,63079700,2026,E-Katalog 6.0,BLUD,DEXA MEDICA,E-Purchasing,Barang,Belanja Obat-obatan-Obat,ON PROCESS,11197680,11197680
KAB. SUKABUMI,DINAS PERTANIAN - 3.27.2.09.0.00.01.0000,10819630000,63468774,2026,Non Tender,APBD,CV. LAKSANA ABADI,Pengadaan Langsung,Pekerjaan Konstruksi,Persediaan Untuk Dijual/Diserahkan Lainnya - Jaringan Irigasi Pertanian Kec. Curugkembar Desa Mekartanjung Poktan Sumur Duri,SELESAI,184492245,184492245
KAB. SUKABUMI,DINAS PERUMAHAN DAN KAWASAN PERMUKIMAN - 1.03.1.04.2.11.01.0000,10844885000,65763146,2026,Non Tender,APBD,CV. DIAN KARTA,Pengadaan Langsung,Pekerjaan Konstruksi,Pembangunan Sarana Air Bersih Kp. Cikawung Rt.01 Rw.04 Desa Sukatani Kec. Parakansalak,SELESAI,146176234,146176234
KAB. SUKABUMI,UOBK RSUD SEKARWANGI - 1.02.0.00.0.00.01.0002,01KW8932TEW2D5JZ92CAKNTTQQ,63077986,2026,E-Katalog 6.0,BLUD,ENSEVAL MEDIKA PRIMA,E-Purchasing,Barang,Belanja Bahan - Bahan Lainnya (BMHP Farmasi),ON PROCESS,8099892,8099892
KAB. SUKABUMI,DINAS PERTANIAN - 3.27.2.09.0.00.01.0000,10769996000,63921354,2026,Non Tender,APBD,Tri Putra Mandiri Consultant,Pengadaan Langsung,Jasa Konsultansi Badan Usaha Konstruksi,Belanja Modal Bangunan Pembuang Pengaman Sungai (Jasa Konsultan Perencanaan Pembangunan Drainase Kantor Dinas Pertanian),SELESAI,4440000,4440000
KAB. SUKABUMI,UOBK RSUD SEKARWANGI - 1.02.0.00.0.00.01.0002,01KFDA9F26B6SNWV1RF2Q7E4KV,63077986,2026,E-Katalog 6.0,BLUD,NUGRA KARSERA,E-Purchasing,Barang,Belanja Bahan - Bahan Lainnya (BMHP Farmasi),ON PROCESS,4107000,0
KAB. SUKABUMI,"BADAN PERENCANAAN PEMBANGUNAN, RISET DAN INOVASI DAERAH - 5.01.5.05.0.00.01.0000",01KRFTK7AA5WG9NHV2GGP49AB6,64780223,2026,E-Katalog 6.0,APBD,SAKTI PERKASA,E-Purchasing,Barang,Pengadaan Pakaian Adat,PAYMENT OUTSIDE SYSTEM,33199967,33199967
KAB. SUKABUMI,BADAN KEPEGAWAIAN DAN PENGEMBANGAN SUMBER DAYA MANUSIA - 5.03.5.04.0.00.01.0000,01KTNJABRT6J7CPJZST9RBK3HE,63971941,2026,E-Katalog 6.0,APBD,BERKAH DWI RASA,E-Purchasing,Jasa Lainnya,"Belanja Makanan dan Minuman Penguji, Coach dan Mentor PKP Angkatan V",ON PROCESS,6672000,6672000
KAB. SUKABUMI,BADAN PENDAPATAN DAERAH - 5.02.0.00.0.00.02.0000,01KNNS3S8PMFS5A1JHP6VZV53V,66857786,2026,E-Katalog 6.0,APBD,BINTANG ZENIX,E-Purchasing,Jasa Lainnya,"Belanja Makanan dan Minuman Rapat Sub Kegiatan Pengolahan, Pemeliharaan, dan Pelaporan Basis Data Pajak Daerah",ON PROCESS,14000000,14000000
KAB. SUKABUMI,"DINAS KOMUNIKASI, INFORMATIKA DAN PERSANDIAN - 2.16.2.21.2.20.01.0000",01KWK2568TF5KXJWWR57WXDGCC,67328010,2026,E-Katalog 6.0,APBD,DOA ANAK INDONESIA,E-Purchasing,Jasa Lainnya,Belanja Modal Alat Studio Lainnya - Gateway HT POC - Sub Kegiatan Operasionalisasi Layanan Keamanan Informasi dan Persandian Pemerintah Daerah,ON PROCESS,44955000,0
KAB. SUKABUMI,UPTD PUSKESMAS BOJONGGENTENG - 1.02.0.00.0.00.01.0040,01KQBQ1TRWQ4AQ4MVJ7HPKFNRV,65549461,2026,E-Katalog 6.0,BLUD,MARIN LIZA FARMASI,E-Purchasing,Barang,Belanja Bahan Obat - Obatan,ON PROCESS,799200,799200
KAB. SUKABUMI,"DINAS KEBUDAYAAN, PEMUDA DAN OLAHRAGA - 2.22.2.19.0.00.01.0000",10896831000,63808242,2026,Non Tender,APBD,CV. DOUBLE EL,Pengadaan Langsung,Pekerjaan Konstruksi,Belanja Pemeliharaan Bangunan Gedung Bangunan Gedung Tempat Kerja-Bangunan Gedung Kantor,SELESAI,114840648,114840648
KAB. SUKABUMI,UPTD PUSKESMAS BUNIWANGI - 1.02.0.00.0.00.01.0022,01KRAA7FDVSYP5X9DV1YSD3HM3,66272645,2026,E-Katalog 6.0,BLUD,KHALISH BRILLIANT PERSADA,E-Purchasing,Barang,Belanja Alat Kantor Lainnya Puskesmas Buniwangi 2026,COMPLETED,7770000,7770000
KAB. SUKABUMI,UOBK RSUD SEKARWANGI - 1.02.0.00.0.00.01.0002,01KFZ3YBMWEW0Y1FSW4Y3FVK67,63357286,2026,E-Katalog 6.0,BLUD,SODARA BERSAMA,E-Purchasing,Barang,Belanja Bahan-Bahan Lainnya (BHP Sanitasi dan APD),ON PROCESS,178313150,178313150
KAB. SUKABUMI,DINAS PERHUBUNGAN - 2.15.0.00.0.00.01.0000,01KN41HWYDV0Q5Z3M8G3AVZPDR,64706824,2026,E-Katalog 6.0,APBD,CITRA UTAMA,E-Purchasing,Jasa Lainnya,Pembangunan PJU di Wilayah Desa Mekarsari Kecamatan Ciracap (4 Titik),ON PROCESS,63714000,63714000
KAB. SUKABUMI,"BADAN PERENCANAAN PEMBANGUNAN, RISET DAN INOVASI DAERAH - 5.01.5.05.0.00.01.0000",01KGR80VDWY4QMYGH9XFGHCJWG,64728191,2026,E-Katalog 6.0,APBD,AKASIA,E-Purchasing,Jasa Lainnya,Belanja Makanan dan Minuman Rapat-Harmonisasi Bidang Kewilayahan,PAYMENT OUTSIDE SYSTEM,2100000,2100000
KAB. SUKABUMI,DINAS PERHUBUNGAN - 2.15.0.00.0.00.01.0000,01KGKFQGQ22X2W60ZJGKJY7FH8,65089007,2026,E-Katalog 6.0,APBD,DUTZ HYDRAULIK INDONESIA,E-Purchasing,Barang,Belanja Modal Kendaraan Bermotor Khusus - Kendaraan Skylift,PAYMENT OUTSIDE SYSTEM,1195000000,1195000000
KAB. SUKABUMI,UOBK RSUD SEKARWANGI - 1.02.0.00.0.00.01.0002,01KGPFP2DZQPCWD3ZZ8H5Y3X0D,63079700,2026,E-Katalog 6.0,BLUD,DEXA MEDICA,E-Purchasing,Barang,Belanja Obat-obatan-Obat,ON PROCESS,46518346,46518346
KAB. SUKABUMI,DINAS PENDIDIKAN - 1.01.0.00.0.00.01.0000,10881951000,66268951,2026,Non Tender,APBD,CV. NAYRA CAHAYA KONSTRUKSI,Pengadaan Langsung,Pekerjaan Konstruksi,Rehabilitasi Sedang / Berat Ruang Kelas SDN Mangkalaya 2  Kec. Cisaat,SELESAI,185118515,185118515
KAB. SUKABUMI,DINAS PERTANIAN - 3.27.2.09.0.00.01.0000,10874570000,63468798,2026,Non Tender,APBD,KAFADA KARYA,Pengadaan Langsung,Pekerjaan Konstruksi,Persediaan Untuk Dijual/Diserahkan Lainnya - Jaringan Irigasi Pertanian Kec. Cikakak Desa Ridogalih Poktan Mekar Harapan,SELESAI,184828442,184828442
KAB. SUKABUMI,DINAS SOSIAL - 1.06.0.00.0.00.01.0000,01KGP0ZNCAVPCNVP55GPANX6Y9,64967880,2026,E-Katalog 6.0,APBD,PUTERA CIBOLANG,E-Purchasing,Barang,Pengadaan Sandang Tanggap Darurat Bencana,ON PROCESS,205350000,205350000
KAB. SUKABUMI,BADAN PENDAPATAN DAERAH - 5.02.0.00.0.00.02.0000,01KPD781PZ4JP1DXVRJYC7QTXW,66932828,2026,E-Katalog 6.0,APBD,FAJAR ADI LESTARI,E-Purchasing,Jasa Lainnya,Belanja Makanan dan Minuman Rapat  Kegiatan OPSEN PKB & BBNKB ,ON PROCESS,231568000,231568000
KAB. SUKABUMI,DINAS PERTANIAN - 3.27.2.09.0.00.01.0000,10902473000,63468853,2026,Non Tender,APBD,CV. RAYA BERLIANS,Pengadaan Langsung,Pekerjaan Konstruksi,Persediaan Untuk Dijual/Diserahkan Lainnya - Jaringan Irigasi Pertanian Kec. Curugkembar Desa Cimenteng Poktan Harapan Mukti,SELESAI,184497011,184497011
KAB. SUKABUMI,DINAS ARSIP DAN PERPUSTAKAAN - 2.24.2.23.0.00.01.0000,01KP2NHKP4JN5VQX74673AGE21,66120911,2026,E-Katalog 6.0,APBD,SAKTI PERKASA,E-Purchasing,Barang,Belanja Alat/Bahan untuk Kegiatan Kantor-Alat Tulis Kantor,PAYMENT OUTSIDE SYSTEM,6382500,6382500
KAB. SUKABUMI,DINAS PERUMAHAN DAN KAWASAN PERMUKIMAN - 1.03.1.04.2.11.01.0000,10849724000,65763208,2026,Non Tender,APBD,GUMELAR PRATAMA,Pengadaan Langsung,Pekerjaan Konstruksi,Pembangunan Sarana Air Bersih Puncak Jati - Cilumping Desa. Banjarsari Kecamatan. Cidadap Kabupaten. Sukabumi,SELESAI,195354407,195354407
KAB. SUKABUMI,DINAS PEKERJAAN UMUM - 1.03.0.00.0.00.01.0000,10849144000,66738083,2026,Non Tender,APBD,PT SANG HYANG MANGGALA,Pengadaan Langsung,Jasa Konsultansi Badan Usaha Non Konstruksi,Konsultan Pengawasan Pembuatan Beton Badan jalan Ruas Jalan Sukaraja - Paldua (Mahoni) Kecamatan Sukaraja,SELESAI,49728000,49728000
KAB. SUKABUMI,BADAN PENDAPATAN DAERAH - 5.02.0.00.0.00.02.0000,01KHKPGGYE1P53HDR1ZD514Z6C,62960102,2026,E-Katalog 6.0,APBD,ARKASA PUTRA PRATAMA,E-Purchasing,Jasa Lainnya,Belanja Sewa Kendaraan Minibus 1500 cc Pejabat Esselon III.b /yang disetarakan,ON PROCESS,96000000,96000000
KAB. SUKABUMI,UOBK RSUD SEKARWANGI - 1.02.0.00.0.00.01.0002,01KSEC9N1WH67XVK555GD9NTFF,63079700,2026,E-Katalog 6.0,BLUD,PRATAPA NIRMALA,E-Purchasing,Barang,Belanja Obat-obatan-Obat,ON PROCESS,59094913,59094913
KAB. SUKABUMI,UPTD PUSKESMAS GEGERBITUNG - 1.02.0.00.0.00.01.0009,01KPQ2XR8CF43HH5ADEBHZZR3N,66544716,2026,E-Katalog 6.0,BLUD,TRIMAN,E-Purchasing,Barang,Belanja Obat-Obatan-Obat,ON PROCESS,1498500,1498500
KAB. SUKABUMI,UOBK RSUD PALABUHANRATU - 1.02.0.00.0.00.01.0001,01KJHAKFHW0EQZ9VV0SR3CEPS6,64613160,2026,E-Katalog 6.0,BLUD,MENARA MEDIKA PRATAMA,E-Purchasing,Barang,Belanja Bahan/Alat Medis Pakai Habis (BMHP) Farmasi,ON PROCESS,1332000,1332000
KAB. SUKABUMI,DINAS PERDAGANGAN DAN PERINDUSTRIAN - 3.31.3.29.3.30.01.0000,10767899000,64878674,2026,Non Tender,APBD,PT INSTRUMEN INDO UTAMA,Pengadaan Langsung,Pengadaan Barang,Belanja Modal Alat Ukur Sarana Prasarana Pengawasan Manifestasi Panas Bumi,SELESAI,22200000,22200000
KAB. SUKABUMI,UPTD PUSKESMAS KABANDUNGAN - 1.02.0.00.0.00.01.0038,01KTTKJXQDE6CTZTJ6HGYG6WA5,66233931,2026,E-Katalog 6.0,BLUD,WIZAR JAYA ABADI,E-Purchasing,Barang,Belanja Modal Peralatan Studio Audio UPTD Puskesmas Kabandungan,COMPLETED,6400000,6400000
KAB. SUKABUMI,UPTD PUSKESMAS KARAWANG - 1.02.0.00.0.00.01.0003,01KKB2ZCQPZ7TKVNTNP4TQ2DC4,66903877,2026,E-Katalog 6.0,BLUD,TRIMAN,E-Purchasing,Barang,Belanja Obat-Obatan PPK BLUD UPT Puskesmas Karawang Tahun 2026,COMPLETED,8835600,8835600
KAB. SUKABUMI,DINAS PERHUBUNGAN - 2.15.0.00.0.00.01.0000,10781585000,64749100,2026,Non Tender,APBD,CV.CIPTA BANGUN LESTARI,Pengadaan Langsung,Jasa Konsultansi Badan Usaha Konstruksi,Jasa Konsultan Perencanaan Pagar Kantor,SELESAI,8214000,8214000
KAB. SUKABUMI,DINAS PERUMAHAN DAN KAWASAN PERMUKIMAN - 1.03.1.04.2.11.01.0000,10912541000,65761433,2026,Non Tender,APBD,CITRA BUANA,Pengadaan Langsung,Pekerjaan Konstruksi,Jalan Lingkungan Rw 004 Desa Kutasirna Kecamatan Cisaat,SELESAI,121821592,121821592
KAB. SUKABUMI,UPTD PUSKESMAS SIMPENAN - 1.02.0.00.0.00.01.0033,01KKDF9QNEVP08HMNVPKW00CPP,65189555,2026,E-Katalog 6.0,BLUD,PERUSAHAAN PERSEROAN (PERSERO) PT KIMIA FARMA,E-Purchasing,Barang,Belanja Obat - Obatan - Obat di Puskesmas Simpenan,ON PROCESS,4759969,4759969
KAB. SUKABUMI,UPTD PUSKESMAS BOJONGGENTENG - 1.02.0.00.0.00.01.0040,01KQBQN4E7V6F3ZASZSXTSHT7V,65549461,2026,E-Katalog 6.0,BLUD,PIM PHARMACEUTICALS,E-Purchasing,Barang,Belanja Bahan Obat - Obatan,COMPLETED,1847040,1847040
KAB. SUKABUMI,DINAS PERIKANAN - 3.25.0.00.0.00.01.0000,10904933000,66235819,2026,Non Tender,APBD,CV. CAHAYA ABADI,Pengadaan Langsung,Pengadaan Barang,"Bantuan pengadaan kapal, mesin dan Genset untuk nelayan perikanan",SELESAI,174950000,0
KAB. SUKABUMI,DINAS PERIKANAN - 3.25.0.00.0.00.01.0000,10918837000,66235965,2026,Non Tender,APBD,CV. Mandala Putri,Pengadaan Langsung,Pengadaan Barang,Bantuan pengadaan Kapal Berserta Kelengkapan Lainnya untuk nelayan Ciwaru,SELESAI,174950000,0
KAB. SUKABUMI,UPTD PUSKESMAS JAMPANGTENGAH - 1.02.0.00.0.00.01.0058,01KK0HPEBGAPH8S2DFP4MVWSJC,65564375,2026,E-Katalog 6.0,BLUD,ZAYIN ZAHIRA,E-Purchasing,Barang,Belanja Alat / Bahan Untuk Kegiatan Kantor - Perabot Kantor,COMPLETED,9229650,9229650
KAB. SUKABUMI,UPTD PUSKESMAS CICURUG - 1.02.0.00.0.00.01.0044,01KRFH3WKZ5KSHJ9DDT9Y97Q8C,65369828,2026,E-Katalog 6.0,BLUD,INDO PRIANGAN KATULISTIWA,E-Purchasing,Barang,Belanja Persediaan Bahan/Material Alat Kesehatan,ON PROCESS,2874900,2874900
KAB. SUKABUMI,DINAS PEKERJAAN UMUM - 1.03.0.00.0.00.01.0000,10793507000,65073991,2026,Non Tender,APBD,Cv Karya Darmawan,Pengadaan Langsung,Pengadaan Barang,Penyediaan Bahan Logistik Kantor (Alat Tulis Kantor/ATK),SELESAI,147627000,0
KAB. SUKABUMI,UOBK RSUD PALABUHANRATU - 1.02.0.00.0.00.01.0001,01KATWAGTYPGWSFVS072972KAH,64622587,2026,E-Katalog 6.0,BLUD,INDO PRIANGAN KATULISTIWA,E-Purchasing,Barang,Belanja Obat - Obatan,PAYMENT OUTSIDE SYSTEM,55500000,55500000
KAB. SUKABUMI,UPTD PUSKESMAS NYALINDUNG - 1.02.0.00.0.00.01.0010,01KSHCD9367XE29WF398R4W7A8,66077599,2026,E-Katalog 6.0,BLUD,INDO PRIANGAN KATULISTIWA,E-Purchasing,Barang,Belanja Bahan-Bahan Lainnya  BMHP (Bahan Medis Habis Pakai) - Puskesmas Nyalindung,ON PROCESS,6012837,6012837
KAB. SUKABUMI,DINAS PEKERJAAN UMUM - 1.03.0.00.0.00.01.0000,10892740000,66614420,2026,Non Tender,APBD,PT MITRA SUKSES ROTAMA,Pengadaan Langsung,Pekerjaan Konstruksi,Daerah Irigasi Sukarame Desa Parakansalak Kecamatan Parakansalak,SELESAI,93782638,93782638
KAB. SUKABUMI,DINAS PENGENDALIAN PENDUDUK DAN KELUARGA BERENCANA - 2.14.0.00.0.00.01.0000,01KK87HPFG52KDCCJMK906P8P4,64725565,2026,E-Katalog 6.0,APBD,TRADA TELEKOM INDONESIA,E-Purchasing,Jasa Lainnya,Paket Data Pendampingan Keluarga Berisiko Stunting,ON PROCESS,3146850000,3146850000
KAB. SUKABUMI,UOBK RSUD PALABUHANRATU - 1.02.0.00.0.00.01.0001,01KT6KKM71KD5TY3ZDQXN3HWM5,64619840,2026,E-Katalog 6.0,BLUD,FRESENIUS MEDICAL CARE INDONESIA,E-Purchasing,Barang,Belanja Bahan/Alat Pakai Habis Hemodialisa,ON PROCESS,130952250,0
KAB. SUKABUMI,DINAS PENDIDIKAN - 1.01.0.00.0.00.01.0000,10884867000,66270940,2026,Non Tender,APBD,Cv Sayaka Berkah Utama,Pengadaan Langsung,Pekerjaan Konstruksi,Rehabilitasi Sedang / Berat Ruang Kelas SDN Cikontrang Kec. Purabaya,SELESAI,99499463,99499463
KAB. SUKABUMI,UPTD PUSKESMAS CIBADAK - 1.02.0.00.0.00.01.0050,01KV8FMGDFXFWAZZGJ2TQ133P2,65788852,2026,E-Katalog 6.0,BLUD,TRIMAN,E-Purchasing,Barang,Belanja Bahan Obat-Obatan-Obat Puskesmas Cibadak 2026,ON PROCESS,13986000,13986000
KAB. SUKABUMI,BADAN PENDAPATAN DAERAH - 5.02.0.00.0.00.02.0000,01KG9RA3K3S3CG7PQWX249NACG,62960103,2026,E-Katalog 6.0,APBD,PUTERA CIBOLANG,E-Purchasing,Jasa Lainnya,Belanja Sewa Kendaraan Minibus 1800 cc Pejabat Esselon III.a /yang disetarakan,ON PROCESS,119880000,119880000
KAB. SUKABUMI,UPTD PUSKESMAS CICURUG - 1.02.0.00.0.00.01.0044,01KRFP32DD9K0MH6HDFN06X6X9,65369032,2026,E-Katalog 6.0,BLUD,INDO PRIANGAN KATULISTIWA,E-Purchasing,Barang,Belanja Persediaan Bahan Obat - Obatan ,ON PROCESS,4495500,4495500
KAB. SUKABUMI,DINAS KEPENDUDUKAN DAN PENCATATAN SIPIL - 2.12.0.00.0.00.01.0000,01KP4MG9JJ7TNJD0DY79KK1PKP,64091201,2026,E-Katalog 6.0,APBD,SADULUR SAJATI,E-Purchasing,Jasa Lainnya,Belanja Cetak Map Dinas ,ON PROCESS,38239500,38239500
KAB. SUKABUMI,DINAS PERUMAHAN DAN KAWASAN PERMUKIMAN - 1.03.1.04.2.11.01.0000,10931137000,67376864,2026,Non Tender,APBD,CV. DIAN KARTA,Pengadaan Langsung,Pekerjaan Konstruksi,Drainase Rt 04/10 Desa Citepus Kec Palabuhanratu,BERLANGSUNG,71440345,71440345
KAB. SUKABUMI,DINAS PERIKANAN - 3.25.0.00.0.00.01.0000,10918807000,66235880,2026,Non Tender,APBD,Kurawa Peduli,Pengadaan Langsung,Pengadaan Barang,"Bantuan Pengadaan Kapal,Mesin dan Genset untuk KUB. Mandiri Sejahtera dan Berkah Jaya",SELESAI,183800000,0
KAB. SUKABUMI,BADAN PENDAPATAN DAERAH - 5.02.0.00.0.00.02.0000,01KG9NZTGR03WVA0M6F3Q6SJ4G,62960102,2026,E-Katalog 6.0,APBD,PUTERA CIBOLANG,E-Purchasing,Jasa Lainnya,Belanja Sewa Kendaraan Minibus 1500 cc Pejabat Esselon III.b /yang disetarakan,ON PROCESS,186480000,186480000
KAB. SUKABUMI,KECAMATAN PARUNGKUDA - 7.01.0.00.0.00.36.0000,01KSEAAPHW85CCD228FMQ0WQ82,67148904,2026,E-Katalog 6.0,APBD,CIPTA BUMI PERSADA,E-Purchasing,Barang,Belanja Modal Alat Rumah Tangga,PAYMENT OUTSIDE SYSTEM,7181700,7181700
KAB. SUKABUMI,DINAS PEKERJAAN UMUM - 1.03.0.00.0.00.01.0000,10897070000,66612890,2026,Non Tender,APBD,cv ikhsan putra,Pengadaan Langsung,Pekerjaan Konstruksi,Daerah Irigasi Cingenca Desa Walangsari Kecamatan Kalapanunggal,SELESAI,234365058,234365058
KAB. SUKABUMI,DINAS PERHUBUNGAN - 2.15.0.00.0.00.01.0000,01KHT3532YBF29FAA3J7CR4N06,64706823,2026,E-Katalog 6.0,APBD,HRZ MULTI UTAMA,E-Purchasing,Jasa Lainnya,"Pembangunan PJU di Wilayah Kec. Jampangkulon, Cimanggu dan Surade (37 Titik)",PAYMENT OUTSIDE SYSTEM,589929480,589929480
KAB. SUKABUMI,UPTD PUSKESMAS WARUNGKIARA - 1.02.0.00.0.00.01.0030,01KPSG51H0H40RQ0NFVVPSJS93,66149129,2026,E-Katalog 6.0,BLUD,PERUSAHAAN PERSEROAN (PERSERO) PT KIMIA FARMA,E-Purchasing,Barang,Belanja Obat-Obatan Puskesmas Warungkiara,ON PROCESS,1651958,1651958
KAB. SUKABUMI,DINAS PEKERJAAN UMUM - 1.03.0.00.0.00.01.0000,10916499000,66758218,2026,Non Tender,APBD,CV. ANGGELL GEMILANG,Pengadaan Langsung,Pekerjaan Konstruksi,Ruas Jalan Purwasedar - Cibodas Kecamatan Jampangkulon,SELESAI,368906855,368906855
KAB. SUKABUMI,UOBK RSUD SEKARWANGI - 1.02.0.00.0.00.01.0002,01KEQZ5QBAPDXGXSXCTF77W0S4,63079700,2026,E-Katalog 6.0,BLUD,HEXPHARM JAYA LABORATORIES,E-Purchasing,Barang,Belanja Obat-obatan-Obat,ON PROCESS,17660100,17660100
KAB. SUKABUMI,DINAS PEMBERDAYAAN MASYARAKAT DAN DESA - 2.13.0.00.0.00.01.0000,01KKEKPKBF16AANWHD875Z7M1X,64446908,2026,E-Katalog 6.0,APBD,HADIL MAHASIN,E-Purchasing,Barang,Penyediaan Peralatan dan Perlengkapan Kantor,ON PROCESS,73803900,73803900
KAB. SUKABUMI,DINAS KESEHATAN - 1.02.0.00.0.00.01.0000,01KR2PFX48Z39PYHDHZM07MK15,65613325,2026,E-Katalog 6.0,APBD,NOVAPHARIN,E-Purchasing,Barang,Pengadaan Obat Pelayanan Kesehatan Dasar PKD (DAK NF),ON PROCESS,60345150,60345150
KAB. SUKABUMI,UOBK RSUD PALABUHANRATU - 1.02.0.00.0.00.01.0001,01KH91Z54N6Q6VCY1QRZPVNH7S,64622587,2026,E-Katalog 6.0,BLUD,ASA MULIA,E-Purchasing,Barang,Belanja Obat - Obatan,ON PROCESS,36411774,36411774
KAB. SUKABUMI,SEKRETARIAT DPRD - 4.02.0.00.0.00.01.0000,01KH5BKCG9H016RG0WD8W5DMKS,63536893,2026,E-Katalog 6.0,APBD,RESTU SUBAGYA,E-Purchasing,Barang,Pengadaan Mebel,PAYMENT OUTSIDE SYSTEM,42457500,42457500
KAB. SUKABUMI,BADAN KEPEGAWAIAN DAN PENGEMBANGAN SUMBER DAYA MANUSIA - 5.03.5.04.0.00.01.0000,01KG1Q2JNZ70ZE2GDVZ8F6DXC6,63470270,2026,E-Katalog 6.0,APBD,VIANIE,E-Purchasing,Jasa Lainnya,Belanja Jamuan Rapat Tim Sekretariat Penyusunan Usulan Kebutuhan,PAYMENT OUTSIDE SYSTEM,1050000,1050000
KAB. SUKABUMI,UPTD PUSKESMAS BOJONGGENTENG - 1.02.0.00.0.00.01.0040,01KTDXHH07KP5JA6920DT7E6C9,66872527,2026,E-Katalog 6.0,BLUD,ETERNITY RAMA MEDIKA,E-Purchasing,Barang,Belanja Modal Alat Kedokteran Umum,COMPLETED,7592400,7592400
KAB. SUKABUMI,UPTD PUSKESMAS PARUNGKUDA - 1.02.0.00.0.00.01.0042,01KVASY130C2QV0QBPT9C8FMF4,66289012,2026,E-Katalog 6.0,BLUD,MERSIFARMA TIRMAKU MERCUSANA,E-Purchasing,Barang,Belanja obat-obatan (obat) Parungkuda Parungkuda ,ON PROCESS,3465420,3465420
KAB. SUKABUMI,DINAS PEKERJAAN UMUM - 1.03.0.00.0.00.01.0000,10892728000,66614097,2026,Non Tender,APBD,CV. LAKSANA ABADI,Pengadaan Langsung,Pekerjaan Konstruksi,Daerah Irigasi Binongsari Desa Tanjungsari Kecamatan Curugkembar,SELESAI,234596191,234596191
KAB. SUKABUMI,"DINAS KEBUDAYAAN, PEMUDA DAN OLAHRAGA - 2.22.2.19.0.00.01.0000",01KFB9VYZK6CD3ZZN3J78JGZHB,63797750,2026,E-Katalog 6.0,APBD,ARKASA PUTRA PRATAMA,E-Purchasing,Barang,Pengadaan Bola Futsal,PAYMENT OUTSIDE SYSTEM,198001800,198001800
KAB. SUKABUMI,DINAS ARSIP DAN PERPUSTAKAAN - 2.24.2.23.0.00.01.0000,01KHTQD3ZH1FA5G1K25MGSGGEQ,63923193,2026,E-Katalog 6.0,APBD,ARRAHMAN BERKAH ABADI,E-Purchasing,Barang,Belanja Alat/Bahan untuk Kegiatan Kantor-Alat Tulis Kantor,PAYMENT OUTSIDE SYSTEM,91623263,91623263
KAB. SUKABUMI,UOBK RSUD SEKARWANGI - 1.02.0.00.0.00.01.0002,01KW8WA456ZRHJFY6C1W6X81Q8,63077986,2026,E-Katalog 6.0,BLUD,INTI PURNABAKTI GLOBAL,E-Purchasing,Barang,Belanja Bahan - Bahan Lainnya (BMHP Farmasi),ON PROCESS,6342540,6342540
KAB. SUKABUMI,DINAS PERUMAHAN DAN KAWASAN PERMUKIMAN - 1.03.1.04.2.11.01.0000,10914714000,67328687,2026,Non Tender,APBD,SELARAS RAHAYU KONSTRUKSI,Pengadaan Langsung,Pekerjaan Konstruksi,Drainase Kecamatan Cibadak Desa Sukasirna Rt003-Rw006,SELESAI,192015770,192015770
KAB. SUKABUMI,DINAS PERUMAHAN DAN KAWASAN PERMUKIMAN - 1.03.1.04.2.11.01.0000,10817074000,66475194,2026,Non Tender,APBD,CV.CIPTA BANGUN LESTARI,Pengadaan Langsung,Jasa Konsultansi Badan Usaha Konstruksi,Konsultan Perencanaan kantor Kejaksaan,SELESAI,99012000,99012000
KAB. SUKABUMI,DINAS PERHUBUNGAN - 2.15.0.00.0.00.01.0000,01KHAWCF2T5YTDQADJRYCCM0ZE,64706826,2026,E-Katalog 6.0,APBD,MARGATAMA,E-Purchasing,Jasa Lainnya,Pembangunan PJU di Wilayah Kec. Bojonggenteng dan Cicurug (13 Titik),ON PROCESS,207070500,207070500
KAB. SUKABUMI,UPTD PUSKESMAS KARAWANG - 1.02.0.00.0.00.01.0003,01KS6XJBPTNQ3PFK5RFGMJZVYQ,66903877,2026,E-Katalog 6.0,BLUD,MARIN LIZA FARMASI,E-Purchasing,Barang,Belanja Obat-Obatan PPK BLUD UPT Puskesmas Karawang Tahun 2026,ON PROCESS,2806080,2806080
KAB. SUKABUMI,BADAN PENDAPATAN DAERAH - 5.02.0.00.0.00.02.0000,01KQXVAM32RMV3ND5EYKHV7NQS,66129166,2026,E-Katalog 6.0,APBD,CARTENZ TECHNOLOGY INDONESIA,E-Purchasing,Jasa Lainnya,Beban Jasa Konversi Aplikasi/Sistem Informasi - host 2 host Badan pendapatan Daerah ,ON PROCESS,143056800,143056800
KAB. SUKABUMI,DINAS PEKERJAAN UMUM - 1.03.0.00.0.00.01.0000,10928711000,66757330,2026,Non Tender,APBD,CV. SEMERU PRIMA ABADI,Pengadaan Langsung,Pekerjaan Konstruksi,Ruas Jalan Kadudampit - Sukalarang (Jalan Cinumpang) Kecamatan Kadudampit,SELESAI,373845459,373845459
KAB. SUKABUMI,DINAS KESEHATAN - 1.02.0.00.0.00.01.0000,10841897000,66992828,2026,Non Tender,APBD,ANUGRAH CIPTA CONSULTANT,Pengadaan Langsung,Jasa Konsultansi Badan Usaha Konstruksi,Belanja Jasa Konsultansi Perencanaan Rehabilitasi Puskesmas Pembantu [PUSTU],SELESAI,99417150,99417150
KAB. SUKABUMI,UOBK RSUD SEKARWANGI - 1.02.0.00.0.00.01.0002,01KNV5RFC58QBXBQNEX7GWPVR0,63079700,2026,E-Katalog 6.0,BLUD,PHAPROS,E-Purchasing,Barang,Belanja Obat-obatan-Obat,ON PROCESS,326340,326340
KAB. SUKABUMI,UPTD PUSKESMAS NAGRAK - 1.02.0.00.0.00.01.0048,01KPQ57THY3CGG10HZGK7W9CD1,65361864,2026,E-Katalog 6.0,BLUD,TRIMAN,E-Purchasing,Barang,belanja barang pakai habis- belanja obat-obatan,COMPLETED,3681870,3681870
KAB. SUKABUMI,UPTD PUSKESMAS JAMPANGTENGAH - 1.02.0.00.0.00.01.0058,01KPW0081H8RXZQHWWQY401WWD,65562632,2026,E-Katalog 6.0,BLUD,INDO ALTON PERKASA,E-Purchasing,Barang,Belanja Habis Pakai Alat Kesehatan (BHP Medis),ON PROCESS,5162388,5162388
KAB. SUKABUMI,BADAN PENDAPATAN DAERAH - 5.02.0.00.0.00.02.0000,01KNNRMMGW98DEXCVNE5XCMXEJ,66857781,2026,E-Katalog 6.0,APBD,BINTANG ZENIX,E-Purchasing,Jasa Lainnya,Belanja Makanan dan Minuman Rapat Sub Kegiatan Penyuluhan dan Penyebarluasan Kebijakan Pajak Daerah,ON PROCESS,45500000,45500000
KAB. SUKABUMI,UPTD PUSKESMAS CIAMBAR - 1.02.0.00.0.00.01.0046,01KNRDQDSA9PRYMS7MFF06VTYB,65737713,2026,E-Katalog 6.0,BLUD,KENCANA INSAN MANDIRI,E-Purchasing,Barang,Belanja ATK,COMPLETED,14842920,14842920
KAB. SUKABUMI,UPTD PUSKESMAS WARUNGKIARA - 1.02.0.00.0.00.01.0030,01KS1M48W0DT60VPHJF9FGTFTE,66149364,2026,E-Katalog 6.0,BLUD,INDO PRIANGAN KATULISTIWA,E-Purchasing,Barang,Belanja Bahan Medis Habis Pakai Puskesmas Warungkiara,ON PROCESS,9745800,9745800
KAB. SUKABUMI,UOBK RSUD PALABUHANRATU - 1.02.0.00.0.00.01.0001,01KKARFMVS6DCX8ZA4NM4N2BQC,64622587,2026,E-Katalog 6.0,BLUD,DANKOS FARMA,E-Purchasing,Barang,Belanja Obat - Obatan,ON PROCESS,43257899,43257899
KAB. SUKABUMI,DINAS PEKERJAAN UMUM - 1.03.0.00.0.00.01.0000,10828957000,66694396,2026,Non Tender,APBD,CV. Rizki Kurnia,Pengadaan Langsung,Pekerjaan Konstruksi,Pembuatan Plat Beton Ruas Jalan Cisolok - Gunungkaramat Kecamatan Cisolok,SELESAI,97719835,97719835
KAB. SUKABUMI,UPTD PUSKESMAS BOJONGGENTENG - 1.02.0.00.0.00.01.0040,01KK0J7NW4BSWS09ZWACW4THXJ,65549575,2026,E-Katalog 6.0,BLUD,KENANGA UTAMA PERMAI,E-Purchasing,Barang,Belanja Bahan Bahan Habis Pakai,PAYMENT OUTSIDE SYSTEM,14714160,14714160
KAB. SUKABUMI,DINAS PENGENDALIAN PENDUDUK DAN KELUARGA BERENCANA - 2.14.0.00.0.00.01.0000,10786556000,65923794,2026,Non Tender,APBD,cv. cipta grha hafara,Pengadaan Langsung,Jasa Konsultansi Badan Usaha Konstruksi,Jasa Konsultan Perencanaan Rehabilitasi Gedung Kantor DPPKB Kabupaten Sukabumi,SELESAI,24597000,24597000
KAB. SUKABUMI,DINAS PEKERJAAN UMUM - 1.03.0.00.0.00.01.0000,10840207000,66751414,2026,Non Tender,APBD,CV. CAHAYA CIBATU MANDIRI,Pengadaan Langsung,Pekerjaan Konstruksi,Pembuatan Drainase Ruas Jalan Jampangkulon - Cikaso Kecamatan Jampangkulon,SELESAI,196657029,196657029
KAB. SUKABUMI,UPTD PUSKESMAS SELAJAMBE - 1.02.0.00.0.00.01.0054,01KPXA73NRVWVERC7TTVY2FY3D,65998350,2026,E-Katalog 6.0,BLUD,TRIMAN,E-Purchasing,Barang,Belanja Bahan Obat-obatan ( BLUD ),COMPLETED,1995645,1995645
KAB. SUKABUMI,BADAN KEPEGAWAIAN DAN PENGEMBANGAN SUMBER DAYA MANUSIA - 5.03.5.04.0.00.01.0000,01KP4THG0P8NENHEB51K21N7HZ,63472653,2026,E-Katalog 6.0,APBD,EDRA AUSI AKBAR,E-Purchasing,Jasa Lainnya,Belanja Jamuan Peserta/Panitia Desk Rincian Usulan Kebutuhan ASN Tahun 2025 ,PAYMENT OUTSIDE SYSTEM,19005000,19005000
KAB. SUKABUMI,DINAS PEKERJAAN UMUM - 1.03.0.00.0.00.01.0000,10868827000,67136481,2026,Non Tender,APBD,CV HRZ MULTI UTAMA,Pengadaan Langsung,Pekerjaan Konstruksi,Daerah Irigasi Ciereng Desa Seuseupan Kecamatan Caringin,SELESAI,374605459,374605459
KAB. SUKABUMI,UPTD PUSKESMAS SURADE - 1.02.0.00.0.00.01.0021,01KVCDY3RWE3T1MNTARCZ6G7T2,65709862,2026,E-Katalog 6.0,BLUD,ETERNITY RAMA MEDIKA,E-Purchasing,Barang,Belanja Obat-Obatan-Obat-Obatan Lainnya PKM Surade 2026,ON PROCESS,11273160,11273160
KAB. SUKABUMI,UOBK RSUD SEKARWANGI - 1.02.0.00.0.00.01.0002,01KVXND32PQ5PF7WMX83FV9E3Q,63079700,2026,E-Katalog 6.0,BLUD,NOVELL PHARMACEUTICAL LABORATORIES,E-Purchasing,Barang,Belanja Obat-obatan-Obat,ON PROCESS,4495500,4495500
KAB. SUKABUMI,DINAS PENGENDALIAN PENDUDUK DAN KELUARGA BERENCANA - 2.14.0.00.0.00.01.0000,10122673000,65926639,2026,Tender,APBD,CV KARYA PALABUAN SAMUDRA,Tender,Pekerjaan Konstruksi,Rehabilitasi Gedung Kantor UPT Dalduk Kecamatan Kalapanunggal,SELESAI,676994000,676994000
KAB. SUKABUMI,DINAS PEKERJAAN UMUM - 1.03.0.00.0.00.01.0000,10928825000,66752471,2026,Non Tender,APBD,CV JAYANTI BERKARYA,Pengadaan Langsung,Pekerjaan Konstruksi,Pembuatan TPT Ruas Jalan Sukawayana - Sirnarasa Kecamatan Cikakak,SELESAI,196515865,196515865
KAB. SUKABUMI,UOBK RSUD SEKARWANGI - 1.02.0.00.0.00.01.0002,01KK88KSEHX36KZB1STNH84B3Q,63079700,2026,E-Katalog 6.0,BLUD,BERNOFARM,E-Purchasing,Barang,Belanja Obat-obatan-Obat,ON PROCESS,13273658,13273658
KAB. SUKABUMI,UPTD PUSKESMAS KALIBUNDER - 1.02.0.00.0.00.01.0028,01KP7YCVCF6CQ4DQ8DTVTPGGV3,66280235,2026,E-Katalog 6.0,BLUD,ZAYIN ZAHIRA,E-Purchasing,Barang,Belanja Modal Alat Rumah Tangga Lainnya (Home Use) Puskesmas Kalibunder,COMPLETED,9985560,9985560
KAB. SUKABUMI,UPTD PUSKESMAS WARUNGKIARA - 1.02.0.00.0.00.01.0030,01KNS27AHZDSSBV2T8GM67T1ZX,66149129,2026,E-Katalog 6.0,BLUD,BERNOFARM,E-Purchasing,Barang,Belanja Obat-Obatan Puskesmas Warungkiara,COMPLETED,6704400,6704400
KAB. SUKABUMI,UOBK RSUD SEKARWANGI - 1.02.0.00.0.00.01.0002,01KK8A9WD3MRFM4K9BK60QQ75G,63079700,2026,E-Katalog 6.0,BLUD,ASIA MEDIKA NUSANTARA,E-Purchasing,Barang,Belanja Obat-obatan-Obat,ON PROCESS,1831500,1831500
KAB. SUKABUMI,UOBK RSUD SEKARWANGI - 1.02.0.00.0.00.01.0002,01KQWBNJXP8K1KFTRB3YJGHXRF,63079700,2026,E-Katalog 6.0,BLUD,PERUSAHAAN PERSEROAN (PERSERO) PT KIMIA FARMA,E-Purchasing,Barang,Belanja Obat-obatan-Obat,ON PROCESS,1133865,1133865
KAB. SUKABUMI,DINAS SOSIAL - 1.06.0.00.0.00.01.0000,01KHX3SMNVQ68F2253401Q21TT,65344611,2026,E-Katalog 6.0,APBD,CIPTA BUMI PERSADA,E-Purchasing,Barang,Belanja Alat/Bahan untuk Kegiatan Kantor-Alat Listrik,ON PROCESS,14977230,14977230
KAB. SUKABUMI,UOBK RSUD SEKARWANGI - 1.02.0.00.0.00.01.0002,01KS6ZP543MM3TC0ZDSX6818M9,63077986,2026,E-Katalog 6.0,BLUD,DJEMBATAN DUA,E-Purchasing,Barang,Belanja Bahan - Bahan Lainnya (BMHP Farmasi),ON PROCESS,5525489,5525489
KAB. SUKABUMI,DINAS PERUMAHAN DAN KAWASAN PERMUKIMAN - 1.03.1.04.2.11.01.0000,10879315000,65761410,2026,Non Tender,APBD,cv ikhsan putra,Pengadaan Langsung,Pekerjaan Konstruksi,Pembangunan Sarana Air Bersih Rt003-Rw005 Desa Citarik Kecamatan Pelabuhanratu,SELESAI,243627152,243627152
KAB. SUKABUMI,UPTD PUSKESMAS PARAKANSALAK - 1.02.0.00.0.00.01.0041,01KPMFQHHVMCK03P9V5VQFV639,65505103,2026,E-Katalog 6.0,BLUD,ZETESINDO KARYA MANDIRI,E-Purchasing,Barang,Belanja Modal Alat Kantor Lainnya  PPK BLUD Puskesmas Parakansalak 2026,ON PROCESS,16000000,0
KAB. SUKABUMI,KECAMATAN CIBADAK - 7.01.0.00.0.00.05.0000,01KSHAMPGZMN08R7VQDG7GG2GK,67207986,2026,E-Katalog 6.0,APBD,MAJU JAYA,E-Purchasing,Barang,Belanja Modal Personal Computer dan Peralatan Lainnya,ON PROCESS,23124630,23124630
KAB. SUKABUMI,UOBK RSUD SEKARWANGI - 1.02.0.00.0.00.01.0002,01KPMG9K3WQZW8HKV6RJ3Y5V9J,66665883,2026,E-Katalog 6.0,BLUD,AMANAH SUKSES MAKMUR,E-Purchasing,Barang," Belanja Alat/Bahan untuk Kegiatan Kantor-Perabot Kantor",PAYMENT OUTSIDE SYSTEM,28259814,28259814
KAB. SUKABUMI,UOBK RSUD SEKARWANGI - 1.02.0.00.0.00.01.0002,01KP4WYJN0PPTDGCXCKGSMFZZC,63079700,2026,E-Katalog 6.0,BLUD,MEGA LIFESCIENCES INDONESIA,E-Purchasing,Barang,Belanja Obat-obatan-Obat,ON PROCESS,10489500,10489500
KAB. SUKABUMI,DINAS PEKERJAAN UMUM - 1.03.0.00.0.00.01.0000,10801097000,66247452,2026,Non Tender,APBD,CV. PURNAMA KARYATAMA,Pengadaan Langsung,Pekerjaan Konstruksi,Ruas jalan Babakanjaya - Bojonglongok Kecamatan Parungkuda,SELESAI,372428932,372428932
KAB. SUKABUMI,DINAS KESEHATAN - 1.02.0.00.0.00.01.0000,01KNVY1ZJGH86Q6PC6TEQ760JG,66879939,2026,E-Katalog 6.0,APBD,ZAYIN ZAHIRA,E-Purchasing,Barang,Belanja Alat/Bahan Alat Tulis Kantor dan Logistik Kantor- Penyediaan Bahan Logistik Kantor (PBJT),ON PROCESS,46417194,46417194
KAB. SUKABUMI,UOBK RSUD SEKARWANGI - 1.02.0.00.0.00.01.0002,01KPYYG4G7B7ZKAZT4TJNQ87E1,66510965,2026,E-Katalog 6.0,BLUD,TIARA AGUNG PRATAMA,E-Purchasing,Barang,Belanja Bahan-Bahan Kimia,ON PROCESS,34696332,34696332
KAB. SUKABUMI,UOBK RSUD SEKARWANGI - 1.02.0.00.0.00.01.0002,01KKJE0SFF091FEBJB3E93FBJA,63077986,2026,E-Katalog 6.0,BLUD,TERUMO INDONESIA,E-Purchasing,Barang,Belanja Bahan - Bahan Lainnya (BMHP Farmasi),ON PROCESS,3486732,0
KAB. SUKABUMI,DINAS PEKERJAAN UMUM - 1.03.0.00.0.00.01.0000,10863726000,66620357,2026,Non Tender,APBD,CV. KREASI KONSTRUKSI,Pengadaan Langsung,Pekerjaan Konstruksi,Daerah Irigasi Cibojong Desa Bojong Kecamatan Cikembar,SELESAI,280891809,280891809
KAB. SUKABUMI,KECAMATAN CIBADAK - 7.01.0.00.0.00.05.0000,01KSH1CKAP7RKZ3AS3E1M9W9M8,67200347,2026,E-Katalog 6.0,APBD,MAJU JAYA,E-Purchasing,Barang,Belanja Modal Mebel,ON PROCESS,13862790,13862790
KAB. SUKABUMI,UOBK RSUD SEKARWANGI - 1.02.0.00.0.00.01.0002,01KGXPZBRHNP8PSAB5D25A1K2M,64454066,2026,E-Katalog 6.0,BLUD,BAHAGIA,E-Purchasing,Barang,Belanja Modal Mebel,ON PROCESS,147503651,147503651
KAB. SUKABUMI,UPTD PUSKESMAS CICURUG - 1.02.0.00.0.00.01.0044,01KRFHSH56XSRX4YG26VVRPZ6Z,65369828,2026,E-Katalog 6.0,BLUD,BIO AXION HEALTHINDO,E-Purchasing,Barang,Belanja Persediaan Bahan/Material Alat Kesehatan,PAYMENT OUTSIDE SYSTEM,2951956,2951956
KAB. SUKABUMI,DINAS SOSIAL - 1.06.0.00.0.00.01.0000,10784475000,65041274,2026,Non Tender,APBD,PT. CAHAYA ABADI KONSULTINDO,Pengadaan Langsung,Jasa Konsultansi Badan Usaha Konstruksi,Konsultansi Perencanaan Rehabilitasi Gedung Kantor,SELESAI,12026850,12026850
KAB. SUKABUMI,DINAS PEKERJAAN UMUM - 1.03.0.00.0.00.01.0000,10928787000,66764867,2026,Non Tender,APBD,CV. Binjay Selatan,Pengadaan Langsung,Pekerjaan Konstruksi,Ruas Jalan Citanglar - Surade Kecamatan Surade,SELESAI,344097116,344097116
KAB. SUKABUMI,UOBK RSUD SEKARWANGI - 1.02.0.00.0.00.01.0002,01KSH34KE3YE5QWNMGD4NRD72T,63077986,2026,E-Katalog 6.0,BLUD,INFION,E-Purchasing,Barang,Belanja Bahan - Bahan Lainnya (BMHP Farmasi),ON PROCESS,6209784,6209784
KAB. SUKABUMI,DINAS LINGKUNGAN HIDUP - 2.11.1.03.0.00.01.0000,10884980000,64490741,2026,Non Tender,APBD,CV. WAHANA INOVASI CONSULTANT,Pengadaan Langsung,Jasa Konsultansi Badan Usaha Konstruksi,Belanja Modal Bangunan Terbuka - Jasa Konsultansi Perencanaan Pembangunan TPT Bronjong TPA Kadaleman,SELESAI,17887650,17887650
KAB. SUKABUMI,UOBK RSUD SEKARWANGI - 1.02.0.00.0.00.01.0002,01KTBSGZXDXCQJNNM86AF0DSFA,63079700,2026,E-Katalog 6.0,BLUD,FERRON PAR PHARMACEUTICALS,E-Purchasing,Barang,Belanja Obat-obatan-Obat,ON PROCESS,45624996,0
KAB. SUKABUMI,UOBK RSUD SEKARWANGI - 1.02.0.00.0.00.01.0002,01KW0K3A4TNZGXZGWHHB3C8X3T,63077986,2026,E-Katalog 6.0,BLUD,INTISUMBER HASIL SEMPURNA GLOBAL,E-Purchasing,Barang,Belanja Bahan - Bahan Lainnya (BMHP Farmasi),ON PROCESS,498401,0
KAB. SUKABUMI,BADAN KEPEGAWAIAN DAN PENGEMBANGAN SUMBER DAYA MANUSIA - 5.03.5.04.0.00.01.0000,01KNK9XTZW5NRGBVT0FGAFWT60,63470270,2026,E-Katalog 6.0,APBD,VIANIE,E-Purchasing,Jasa Lainnya,Belanja Jamuan Rapat Tim Sekretariat Penyusunan Usulan Kebutuhan,PAYMENT OUTSIDE SYSTEM,1050000,1050000
KAB. SUKABUMI,UPTD PUSKESMAS CURUGKEMBAR - 1.02.0.00.0.00.01.0016,01KVCGPRVEW507B1D0W504630C,66477840,2026,E-Katalog 6.0,BLUD,ZAYIN ZAHIRA,E-Purchasing,Barang,Belanja Modal Komputer Unit UPTD Puskesmas Curugkembar,PAYMENT OUTSIDE SYSTEM,76812000,76812000
KAB. SUKABUMI,DINAS PERDAGANGAN DAN PERINDUSTRIAN - 3.31.3.29.3.30.01.0000,10925710000,63905338,2026,Non Tender,APBD,CV. DEWIN MAJU JAYA,Pengadaan Langsung,Pekerjaan Konstruksi,Pekerjaan Perbaikan Atap dan Talang Pasar Cicurug,SELESAI,119557367,119557367
KAB. SUKABUMI,DINAS LINGKUNGAN HIDUP - 2.11.1.03.0.00.01.0000,10769455000,63405626,2026,Non Tender,APBD,PT. Munasa Kreasi Nusantara,Pengadaan Langsung,Jasa Konsultansi Badan Usaha Non Konstruksi,Belanja Jasa Konsultansi Berorientasi Layanan-Jasa Studi Penelitian dan Bantuan Teknik,SELESAI,31745000,31745000
KAB. SUKABUMI,DINAS PERTANIAN - 3.27.2.09.0.00.01.0000,10818144000,63468797,2026,Non Tender,APBD,WAHYUDI KARYA MANDIRI,Pengadaan Langsung,Pekerjaan Konstruksi,Persediaan Untuk Dijual/Diserahkan Lainnya - Jaringan Irigasi Pertanian Kec. Bantargadung Desa Limusnunggal Poktan Harapan Maju,SELESAI,184815617,184815617
KAB. SUKABUMI,DINAS KESEHATAN - 1.02.0.00.0.00.01.0000,01KK13W23BE5G289J3HRY5AAV1,66233716,2026,E-Katalog 6.0,APBD,COPYPASTE,E-Purchasing,Jasa Lainnya,Penyediaan Media KIE Pengelolaan Pelayanan Kesehatan Pada Penderita Diabetes Melitus,PAYMENT OUTSIDE SYSTEM,62548500,62548500
KAB. SUKABUMI,DINAS PEKERJAAN UMUM - 1.03.0.00.0.00.01.0000,10136528000,66690515,2026,Tender,APBD,CV. TRIO MUDA BERKARYA,Tender,Pekerjaan Konstruksi,Ruas Jalan Warungceuri - Purwasari Kecamatan Cicurug,SELESAI,697857465,697857465
KAB. SUKABUMI,UPTD RSUD SAGARANTEN - 1.02.0.00.0.00.01.0063,01KQC2JN7KRHJB6HQS4PB368MQ,66641747,2026,E-Katalog 6.0,APBD,PUTRA KARYA SENTOSA,E-Purchasing,Barang,Belanja Obat-Obatan DAU SG RSUD Sagaranten,ON PROCESS,519676417,519676417
KAB. SUKABUMI,DINAS PEKERJAAN UMUM - 1.03.0.00.0.00.01.0000,10916437000,66769439,2026,Non Tender,APBD,CV. RATU TANJUNG BERKAH,Pengadaan Langsung,Pekerjaan Konstruksi,Ruas Jalan Cisolok - Cipanas Kecamatan Cisolok,SELESAI,393941468,393941468
KAB. SUKABUMI,UOBK RSUD SEKARWANGI - 1.02.0.00.0.00.01.0002,01KP4WRKV5SV30M70PYGEVH3WC,63077986,2026,E-Katalog 6.0,BLUD,MUARA SAKTI,E-Purchasing,Barang,Belanja Bahan - Bahan Lainnya (BMHP Farmasi),ON PROCESS,17499150,17499150
KAB. SUKABUMI,DINAS PERIKANAN - 3.25.0.00.0.00.01.0000,10844179000,66231774,2026,Non Tender,APBD,CV. TIGA DUA AMANAH,Pengadaan Langsung,Pengadaan Barang,Pengadaan peralatan pengolahan ikan pindang (Badeng),SELESAI,99351000,0
KAB. SUKABUMI,DINAS KESEHATAN - 1.02.0.00.0.00.01.0000,01KKC0MS1D67KQ9D87Y7HMZCTZ,67148229,2026,E-Katalog 6.0,APBD,JAYAMAS MEDICA INDUSTRI,E-Purchasing,Barang,Pengadaan BMHP Penunjang Pelayanan Kesehatan Gratis (SILPA DAU SG),ON PROCESS,42093864,42093864
KAB. SUKABUMI,UPTD PUSKESMAS BOJONGGENTENG - 1.02.0.00.0.00.01.0040,01KKC5CEA7XBP7S10AGR01QZZ8,65549461,2026,E-Katalog 6.0,BLUD,NOVAPHARIN,E-Purchasing,Barang,Belanja Bahan Obat - Obatan,COMPLETED,11086569,11086569
KAB. SUKABUMI,DINAS KESEHATAN - 1.02.0.00.0.00.01.0000,01KNNJ6XPJS7Y4SBAWZHW4W0PS,65613325,2026,E-Katalog 6.0,APBD,INTIJAYA META RATNA PHARMINDO,E-Purchasing,Barang,Pengadaan Obat Pelayanan Kesehatan Dasar PKD (DAK NF),ON PROCESS,69930000,69930000
KAB. SUKABUMI,UPTD PUSKESMAS CITARIK - 1.02.0.00.0.00.01.0032,01KJPEM4Z6SDATXHYQJK7J76C5,65505780,2026,E-Katalog 6.0,BLUD,NOVAPHARIN,E-Purchasing,Barang,Belanja Obat Puskesmas Citarik (e-Catalog),ON PROCESS,15773100,15773100
KAB. SUKABUMI,DINAS PERTANIAN - 3.27.2.09.0.00.01.0000,10843686000,63468852,2026,Non Tender,APBD,CV JAYANTI BERKARYA,Pengadaan Langsung,Pekerjaan Konstruksi,Persediaan Untuk Dijual/Diserahkan Lainnya - Jaringan Irigasi Pertanian Kec. Cikidang Desa Cikiray Poktan Tegal Lega,SELESAI,138610573,138610573
KAB. SUKABUMI,UOBK RSUD SEKARWANGI - 1.02.0.00.0.00.01.0002,01KJRZVBG8HJMJ9KGVGRNJRM82,63079700,2026,E-Katalog 6.0,BLUD,PERUSAHAAN PERSEROAN (PERSERO) PT. BIO FARMA DISINGKAT PT. BIO FARMA (PERSERO),E-Purchasing,Barang,Belanja Obat-obatan-Obat,ON PROCESS,20612700,0
KAB. SUKABUMI,DINAS ARSIP DAN PERPUSTAKAAN - 2.24.2.23.0.00.01.0000,10927444000,63949419,2026,Non Tender,APBD,CV KARYA PALABUAN SAMUDRA,Pengadaan Langsung,Pekerjaan Konstruksi,Belanja Modal Taman,SELESAI,359803586,359803586
KAB. SUKABUMI,DINAS LINGKUNGAN HIDUP - 2.11.1.03.0.00.01.0000,01KJPJQKJWB1ZHJZTTJCQD1CJB,65825800,2026,E-Katalog 6.0,APBD,HUDAYA MAJU MANDIRI,E-Purchasing,Jasa Lainnya,Belanja Pemeliharaan Alat Besar-Alat Besar Darat-Alat Besar Darat Lainnya - Pemeliharaan Truk Angkutan Sampah,ON PROCESS,1998000000,1998000000
KAB. SUKABUMI,UPTD PUSKESMAS NAGRAK - 1.02.0.00.0.00.01.0048,01KNBR064A6YSRJEBQVWSY1SK4,65362722,2026,E-Katalog 6.0,BLUD,KENANGA UTAMA PERMAI,E-Purchasing,Barang,belanja barang pakai habis- belanja obat-obatan-obat lainnya,COMPLETED,12006981,12006981
KAB. SUKABUMI,UOBK RSUD SEKARWANGI - 1.02.0.00.0.00.01.0002,01KPMK0XQPBV31Q9D1WTZGVRHV,63077986,2026,E-Katalog 6.0,BLUD,KASTARA TEKNOLOGI INTERNASIONAL,E-Purchasing,Barang,Belanja Bahan - Bahan Lainnya (BMHP Farmasi),ON PROCESS,72191336,72191336
KAB. SUKABUMI,DINAS PERUMAHAN DAN KAWASAN PERMUKIMAN - 1.03.1.04.2.11.01.0000,10867815000,67138886,2026,Non Tender,APBD,Arrahmah,Pengadaan Langsung,Pekerjaan Konstruksi,Pembangunan Sarana Air Bersih Kp Ciherang RT 23 RW 08 Desa Sukakersa Kec Parakansalak,SELESAI,146321687,146321687
KAB. SUKABUMI,DINAS PEKERJAAN UMUM - 1.03.0.00.0.00.01.0000,10916287000,67311957,2026,Non Tender,APBD,CV. KUJANG KEMBAR,Pengadaan Langsung,Pekerjaan Konstruksi,Ruas Jalan Cisaat - Cibencoy Kecamatan Cisaat,SELESAI,187114791,187114791
KAB. SUKABUMI,UOBK RSUD SEKARWANGI - 1.02.0.00.0.00.01.0002,01KKJN8C1JA0AX3JFXRG8HS3WA,63077986,2026,E-Katalog 6.0,BLUD,TOP-POINT MEDICAL,E-Purchasing,Barang,Belanja Bahan - Bahan Lainnya (BMHP Farmasi),ON PROCESS,82633950,82633950
KAB. SUKABUMI,DINAS PEKERJAAN UMUM - 1.03.0.00.0.00.01.0000,10889722000,66744244,2026,Non Tender,APBD,CV. PURNAMA KARYATAMA,Pengadaan Langsung,Pekerjaan Konstruksi,Bangunan Pelengkap dan Pengamanan Jalan Cimuncang - Batas kota Kecamatan Kebonpedes,SELESAI,116176508,116176508
KAB. SUKABUMI,UPTD PUSKESMAS NAGRAK - 1.02.0.00.0.00.01.0048,01KRFSCNFSN642M55NFCFH2VAQ,65361864,2026,E-Katalog 6.0,BLUD,PT ADYA ARTHA ABADI TANGERANG,E-Purchasing,Barang,belanja barang pakai habis- belanja obat-obatan,COMPLETED,3324450,3324450
KAB. SUKABUMI,UPTD PUSKESMAS CARINGIN - 1.02.0.00.0.00.01.0052,01KR33W0MH04PQ3Q62B60RDY6B,65660215,2026,E-Katalog 6.0,BLUD,MULAWARMAN KESADA MEDICALINDO,E-Purchasing,Barang,Belanja Obat-Obatan-Obat-Obatan Lainnya Puskesmas Caringin,ON PROCESS,6282600,6282600
KAB. SUKABUMI,UOBK RSUD SEKARWANGI - 1.02.0.00.0.00.01.0002,01KEYCRN5CE3GNS6YGYK438Z2V,63077986,2026,E-Katalog 6.0,BLUD,SURGIKA ALKESINDO,E-Purchasing,Barang,Belanja Bahan - Bahan Lainnya (BMHP Farmasi),ON PROCESS,14652000,0
KAB. SUKABUMI,BADAN PENGELOLA KEUANGAN DAN ASET DAERAH - 5.02.0.00.0.00.01.0000,10788196000,65142479,2026,Non Tender,APBD,CV. GLOBAL PUTRA SEMBILAN,Pengadaan Langsung,Pengadaan Barang,Belanja Patok Tanah Pengamanan Aset,SELESAI,29880000,29880000
KAB. SUKABUMI,DINAS PERDAGANGAN DAN PERINDUSTRIAN - 3.31.3.29.3.30.01.0000,10928062000,63905375;63905382,2026,Non Tender,APBD,CV. Restu Karya,Pengadaan Langsung,Jasa Konsultansi Badan Usaha Konstruksi,Jasa Konsultansi Pengawasan Pembangunan Toilet dan  Perbaikan Gazebo Pasar Wisata Kadudampit,SELESAI,6357130,6357130
KAB. SUKABUMI,UPTD PUSKESMAS NAGRAK - 1.02.0.00.0.00.01.0048,01KJA56BQ3KH5V94EJAJGQSB2Y,65361864,2026,E-Katalog 6.0,BLUD,MARIN LIZA FARMASI,E-Purchasing,Barang,belanja barang pakai habis- belanja obat-obatan,COMPLETED,11148840,11148840
KAB. SUKABUMI,DINAS PENDIDIKAN - 1.01.0.00.0.00.01.0000,10890493000,66141583,2026,Non Tender,APBD,CV. BERKAH BERSINAR ABADI,Pengadaan Langsung,Pekerjaan Konstruksi,Pemagaran SDN Karikil  Kec. Cireunghas,SELESAI,49692067,49692067
KAB. SUKABUMI,UPTD PUSKESMAS SELAJAMBE - 1.02.0.00.0.00.01.0054,01KP2DHXNVZPCZHF4PJEV1J7T3,65997471,2026,E-Katalog 6.0,BLUD,SAKTI PERKASA,E-Purchasing,Barang,Belanja Alat / Bahan untuk Kegiatan Kantor-Perabot Kantor ( BLUD ),COMPLETED,1973580,1973580
KAB. SUKABUMI,DINAS TENAGA KERJA DAN TRANSMIGRASI - 2.07.3.32.0.00.01.0000,10779254000,63890234,2026,Non Tender,APBD,CV. RANGGA BUANA,Pengadaan Langsung,Pekerjaan Konstruksi,Pagar (Pemeliharaan Tembok Pagar Geudng UPTD BLK),SELESAI,133246371,133246371
KAB. SUKABUMI,DINAS PERUMAHAN DAN KAWASAN PERMUKIMAN - 1.03.1.04.2.11.01.0000,10894448000,67216134,2026,Non Tender,APBD,CV. Bintang Maha Putra,Pengadaan Langsung,Pekerjaan Konstruksi,Pembangunan Sarana Air Bersih Kp Caringin Rt 04 Rw 05 Desa Jayanti Kec Palabuhanratu,SELESAI,144011522,144011522
KAB. SUKABUMI,DINAS PERUMAHAN DAN KAWASAN PERMUKIMAN - 1.03.1.04.2.11.01.0000,10905207000,67282137,2026,Non Tender,APBD,CV. GELAURA,Pengadaan Langsung,Pekerjaan Konstruksi,Jalan Lingkungan Kp Cisarua Girang Rw 02 Desa Warnasari Kecamatan Sukabumi,SELESAI,108560100,108560100
KAB. SUKABUMI,DINAS PEKERJAAN UMUM - 1.03.0.00.0.00.01.0000,10828936000,66743064,2026,Non Tender,APBD,CV JAYANTI BERKARYA,Pengadaan Langsung,Pekerjaan Konstruksi,Pembuatan Plat Beton Ruas Jalan Pakuwon - Cipeuteuy Kecamatan Bojonggenteng,SELESAI,78210239,78210239
KAB. SUKABUMI,DINAS KETAHANAN PANGAN - 2.09.2.09.2.09.01.0000,01KQ9MJQ8FS42141EGENNFTJMD,66276221,2026,E-Katalog 6.0,APBD,INTAN MULTI PRIMA,E-Purchasing,Barang,Belanja Bahan-Bahan Baku,PAYMENT OUTSIDE SYSTEM,135000000,135000000
KAB. SUKABUMI,"BADAN PERENCANAAN PEMBANGUNAN, RISET DAN INOVASI DAERAH - 5.01.5.05.0.00.01.0000",01KMJ3BZGQTG8G0DGVTZ74EVJ7,64615215,2026,E-Katalog 6.0,APBD,DERMA UTAMA ABADI,E-Purchasing,Jasa Lainnya,Belanja Makanan dan Minuman Rapat-Harmonisasi Bidang Sumber Daya Alam,PAYMENT OUTSIDE SYSTEM,3500000,3500000
KAB. SUKABUMI,"DINAS KOMUNIKASI, INFORMATIKA DAN PERSANDIAN - 2.16.2.21.2.20.01.0000",01KNTKMYYHGCW7X543JBZJ1GRV,66875864,2026,E-Katalog 6.0,APBD,SADULUR SAJATI,E-Purchasing,Barang,Belanja Alat/Bahan untuk Kegiatan Kantor-Alat Tulis Kantor - Penyediaan Barang Cetakan dan Penggandaan,PAYMENT OUTSIDE SYSTEM,31394352,31394352
KAB. SUKABUMI,UOBK RSUD SEKARWANGI - 1.02.0.00.0.00.01.0002,01KSF4R2DPB66VQCCFG5C7RWPB,63077986,2026,E-Katalog 6.0,BLUD,IDS MEDICAL SYSTEMS INDONESIA,E-Purchasing,Barang,Belanja Bahan - Bahan Lainnya (BMHP Farmasi),ON PROCESS,1098900,0
KAB. SUKABUMI,UOBK RSUD SEKARWANGI - 1.02.0.00.0.00.01.0002,01KP2RM7BJMPYERTGVRRH9069F,63079700,2026,E-Katalog 6.0,BLUD,EISAI INDONESIA,E-Purchasing,Barang,Belanja Obat-obatan-Obat,ON PROCESS,3712950,3712950
KAB. SUKABUMI,DINAS PEKERJAAN UMUM - 1.03.0.00.0.00.01.0000,01KW1MPGQ1PM1DRZ3M187ZYPK7,67297795,2026,E-Katalog 6.0,APBD,SINTA ROMLI MANDIRI,E-Purchasing,Pekerjaan Konstruksi,Ruas Jalan Cicurug - Cidahu Kecamatan Cicurug,ON PROCESS,925828377,925828377
KAB. SUKABUMI,DINAS PERIKANAN - 3.25.0.00.0.00.01.0000,10888220000,67206485,2026,Non Tender,APBD,CV. RAKSA AULIA PRATAMA,Pengadaan Langsung,Pengadaan Barang,"Pengadaan Bantuan Sarana, Benih dan Pakan Ikan",SELESAI,177425000,0
KAB. SUKABUMI,UOBK RSUD SEKARWANGI - 1.02.0.00.0.00.01.0002,01KJYRK2T28B8JQP8HYK8SR2PF,63079700,2026,E-Katalog 6.0,BLUD,SATORIA ANEKA INDUSTRI,E-Purchasing,Barang,Belanja Obat-obatan-Obat,ON PROCESS,99755700,99755700
KAB. SUKABUMI,DINAS PEKERJAAN UMUM - 1.03.0.00.0.00.01.0000,10136521000,66735989,2026,Tender,APBD,CV. CAHAYA ABADI,Tender,Pekerjaan Konstruksi,Ruas Jalan Tenjoayu - Purwasari Kecamatan Cicurug,SELESAI,459837086,459837086
KAB. SUKABUMI,UOBK RSUD SEKARWANGI - 1.02.0.00.0.00.01.0002,01KTBW2AMFPD15D2G4HWE8XRVC,63079700,2026,E-Katalog 6.0,BLUD,ASIA MEDIKA NUSANTARA,E-Purchasing,Barang,Belanja Obat-obatan-Obat,ON PROCESS,2747250,2747250
KAB. SUKABUMI,DINAS PENANAMAN MODAL DAN PELAYANAN TERPADU SATU PINTU - 2.18.0.00.0.00.01.0000,01KTB50VWZBK2YE1Q0FR19GJXT,67202645,2026,E-Katalog 6.0,APBD,BELA JAYA RASA,E-Purchasing,Barang,Pengadaan Peralatan dan Mesin Lainnya,ON PROCESS,20979000,20979000
KAB. SUKABUMI,DINAS PERDAGANGAN DAN PERINDUSTRIAN - 3.31.3.29.3.30.01.0000,10928655000,63905373,2026,Non Tender,APBD,PT.BINA MUDA KONSULTAN,Pengadaan Langsung,Jasa Konsultansi Badan Usaha Konstruksi,Jasa Konsultansi Pengawasan Pengaspalan Jalan Lingkar pasar Jampangtengah,SELESAI,7375950,7375950
KAB. SUKABUMI,DINAS PERUMAHAN DAN KAWASAN PERMUKIMAN - 1.03.1.04.2.11.01.0000,10816056000,65761395,2026,Non Tender,APBD,CV. Mahardika Adikarya,Pengadaan Langsung,Pekerjaan Konstruksi,Jalan Lingkungan Kp. Selabintana Wetan Rt.10.Rw.03 Desa Sudajayagirang Kecamatan Sukabumi,SELESAI,191717987,191717987
KAB. SUKABUMI,UOBK RSUD PALABUHANRATU - 1.02.0.00.0.00.01.0001,01KK9Q0S7F5D2BMSVWVEF3H35X,64610114,2026,E-Katalog 6.0,BLUD,TIARA AGUNG PRATAMA,E-Purchasing,Barang,Belanja Bahan/Alat Pakai Habis Laboratorium,ON PROCESS,39690070,0
KAB. SUKABUMI,DINAS PEKERJAAN UMUM - 1.03.0.00.0.00.01.0000,10828945000,66714064,2026,Non Tender,APBD,DIKA SEJAHTERA ABADI,Pengadaan Langsung,Pekerjaan Konstruksi,Pembuatan Plat Beton Ruas Jalan Karanghawu - Simpang Kecamatan Cisolok,SELESAI,97798585,97798585
KAB. SUKABUMI,DINAS PENDIDIKAN - 1.01.0.00.0.00.01.0000,10801802000,66251501,2026,Non Tender,APBD,CV.  Bumi Desain Mandiri,Pengadaan Langsung,Jasa Konsultansi Badan Usaha Konstruksi,Jasa Konsultan Perencanaan Rehabilitasi Sedang / Berat Ruang Guru SD,SELESAI,2947690,2947690
KAB. SUKABUMI,UPTD PUSKESMAS CICURUG - 1.02.0.00.0.00.01.0044,01KKB039AHCP89TKBXBGYMBP25,65369032,2026,E-Katalog 6.0,BLUD,MERSIFARMA TIRMAKU MERCUSANA,E-Purchasing,Barang,Belanja Persediaan Bahan Obat - Obatan ,PAYMENT OUTSIDE SYSTEM,6725046,6725046
KAB. SUKABUMI,DINAS PERDAGANGAN DAN PERINDUSTRIAN - 3.31.3.29.3.30.01.0000,10809723000,66033033,2026,Non Tender,APBD,DEVI BHAKTI,Pengadaan Langsung,Pengadaan Barang,Belanja Modal Alat Kantor Lainnya,SELESAI,71200000,0
KAB. SUKABUMI,UPTD PUSKESMAS SAGARANTEN - 1.02.0.00.0.00.01.0013,01KHXTW18K0NCJ54XFWPV3P6S5,65564833,2026,E-Katalog 6.0,BLUD,LINDUNG INTI FARMA,E-Purchasing,Barang,Belanja Obat-Obatan UPTD Puskesmas Sagaranten,PAYMENT OUTSIDE SYSTEM,10927129,10927129
KAB. SUKABUMI,SATUAN POLISI PAMONG PRAJA - 1.05.0.00.0.00.03.0000,01KNG612CD78RFMFN57S5VMG62,66804258,2026,E-Katalog 6.0,APBD,FAJAR ADI LESTARI,E-Purchasing,Jasa Lainnya,Belanja Alat / bahan kantor Pada Kegiatan Sosialisasi Penegakan Perda dan Perkada #1,ON PROCESS,16463520,16463520
KAB. SUKABUMI,DINAS KETAHANAN PANGAN - 2.09.2.09.2.09.01.0000,01KPS6NM76GTJ1FPGY770CVM98,66911120,2026,E-Katalog 6.0,APBD,PURNAMA LABORATORY,E-Purchasing,Barang,Belanja Bahan-Bahan Lainnya,ON PROCESS,10011964,10011964
KAB. SUKABUMI,UOBK RSUD SEKARWANGI - 1.02.0.00.0.00.01.0002,01KERRP7HY535BT09DWW3PNNPA,63079700,2026,E-Katalog 6.0,BLUD,NOVELL PHARMACEUTICAL LABORATORIES,E-Purchasing,Barang,Belanja Obat-obatan-Obat,ON PROCESS,6758213,6758213
KAB. SUKABUMI,"DINAS KOMUNIKASI, INFORMATIKA DAN PERSANDIAN - 2.16.2.21.2.20.01.0000",01KGYX2HGFCSA252F38TB5K3BP,63431207,2026,E-Katalog 6.0,APBD,AFKARA PUTRA MULTIMEDIA,E-Purchasing,Jasa Lainnya,Belanja Sewa Aset Tidak Berwujud-Lisensi dan Franchise - Lisensi Aplikasi - Koordinasi dan Fasilitasi Promosi Literasi SPBE dan/atau kolaborasi penyelenggaraan SPBE,ON PROCESS,26150490,26150490
KAB. SUKABUMI,UPTD PUSKESMAS BOJONGGENTENG - 1.02.0.00.0.00.01.0040,01KMN580206SN81DE84RGQGPBG,66283553,2026,E-Katalog 6.0,BLUD,KENCANA INSAN MANDIRI,E-Purchasing,Jasa Lainnya,Belanja Alat/Bahan untuk Kegiatan Kantor - Kertas dan Cover,COMPLETED,1498500,1498500
KAB. SUKABUMI,DINAS PEKERJAAN UMUM - 1.03.0.00.0.00.01.0000,10825009000,64822696,2026,Non Tender,APBD,PT SANG HYANG MANGGALA,Pengadaan Langsung,Jasa Konsultansi Badan Usaha Non Konstruksi,DED Daerah Irigasi Tarisi Desa Sirnajaya Kecamatan Warungkiara,SELESAI,98845500,98845500
KAB. SUKABUMI,DINAS PEKERJAAN UMUM - 1.03.0.00.0.00.01.0000,10916099000,66744555,2026,Non Tender,APBD,CV. SANDRA BUANA,Pengadaan Langsung,Pekerjaan Konstruksi,Ruas Jalan Jaksa Agung R. Soeprapto Kecamatan Palabuhanratu,SELESAI,186792000,186792000
KAB. SUKABUMI,UPTD PUSKESMAS NAGRAK - 1.02.0.00.0.00.01.0048,01KPCSKKFZ6PM3CSXFDW7YJ7AX,65361864,2026,E-Katalog 6.0,BLUD,NOVAPHARIN,E-Purchasing,Barang,belanja barang pakai habis- belanja obat-obatan,COMPLETED,12265500,12265500
KAB. SUKABUMI,UOBK RSUD PALABUHANRATU - 1.02.0.00.0.00.01.0001,01KBW2GZ6QVRRKPQD3XXY95WGC,65313201,2026,E-Katalog 6.0,BLUD,DZIFNA,E-Purchasing,Barang,Belanja Bahan/Alat Bahan Pakai Habis Non Medis,PAYMENT OUTSIDE SYSTEM,40737000,40737000
KAB. SUKABUMI,UPTD PUSKESMAS CIAMBAR - 1.02.0.00.0.00.01.0046,01KW9Q1V4VPY0T6T3JPZ2KYXTD,65715590,2026,E-Katalog 6.0,BLUD,FARMA BANGUN BERSAMA,E-Purchasing,Barang,Belanja Obat-obatan,ON PROCESS,555000,555000
KAB. SUKABUMI,UOBK RSUD SEKARWANGI - 1.02.0.00.0.00.01.0002,01KGH9JFCAGPKY8NZGWRP7ERVH,64167098,2026,E-Katalog 6.0,BLUD,ANUGERAH KARYA LAUTAN BERKAH,E-Purchasing,Barang,Belanja Modal Alat Komunikasi Khusus,ON PROCESS,248499999,248499999
KAB. SUKABUMI,UPTD PUSKESMAS SELAJAMBE - 1.02.0.00.0.00.01.0054,01KJH5TXGFDKG0E3Y8M14KTRQF,65941537,2026,E-Katalog 6.0,BLUD,ARRAHMAN BERKAH ABADI,E-Purchasing,Barang,Belanja Alat / Bahan untuk Kegiatan Kantor-Alat Tulis Kantor ( BLUD ),COMPLETED,2991450,2991450
KAB. SUKABUMI,DINAS PERIKANAN - 3.25.0.00.0.00.01.0000,10834565000,65265380,2026,Non Tender,APBD,cv. cipta grha hafara,Pengadaan Langsung,Jasa Konsultansi Badan Usaha Konstruksi,Pengadaan Konsultan Pengawas Rehab Balai Benih Ikan,SELESAI,24531000,24531000
KAB. SUKABUMI,DINAS PERUMAHAN DAN KAWASAN PERMUKIMAN - 1.03.1.04.2.11.01.0000,10832778000,66931641,2026,Non Tender,APBD,cv ikhsan putra,Pengadaan Langsung,Pekerjaan Konstruksi,"Jalan Lingkungan Kp. Bintang Rt. 01 – 02 Rw. 07 Desa Neglasari Kec Cibadak, Kab. Sukabumi",SELESAI,192153275,192153275
KAB. SUKABUMI,UOBK RSUD SEKARWANGI - 1.02.0.00.0.00.01.0002,01KQWBSJG0RKYKGKFXBX7QP89A,63079700,2026,E-Katalog 6.0,BLUD,MAHAKAM BETA FARMA,E-Purchasing,Barang,Belanja Obat-obatan-Obat,ON PROCESS,1891440,1891440
KAB. SUKABUMI,UOBK RSUD SEKARWANGI - 1.02.0.00.0.00.01.0002,01KS6P4V6PWWJJFM903X3NEQD8,63077986,2026,E-Katalog 6.0,BLUD,JAYAMAS MEDICA INDUSTRI,E-Purchasing,Barang,Belanja Bahan - Bahan Lainnya (BMHP Farmasi),ON PROCESS,5380170,5380170
KAB. SUKABUMI,UPTD RSUD SAGARANTEN - 1.02.0.00.0.00.01.0063,01KNEVFTJRCSDRB19G1Y5ZVDGZ,66214509,2026,E-Katalog 6.0,APBD,TIARA AGUNG PRATAMA,E-Purchasing,Barang,Belanja BHP Laboratorium RSUD Sagaranten,ON PROCESS,3460980,0
KAB. SUKABUMI,UOBK RSUD SEKARWANGI - 1.02.0.00.0.00.01.0002,10812575000,66670299,2026,Non Tender,BLUD,PT. Nusa Graha Konsultan,Pengadaan Langsung,Jasa Konsultansi Badan Usaha Non Konstruksi,"Belanja Pembayaran Pajak, Bea, dan Perizinan: Izin Perizinan teknik",SELESAI,79698000,79698000
KAB. SUKABUMI,UPTD PUSKESMAS KADUDAMPIT - 1.02.0.00.0.00.01.0056,01KVSFP2JX0ZZREQ3A1ZZJ22X4,66645895,2026,E-Katalog 6.0,BLUD,MERSIFARMA TIRMAKU MERCUSANA,E-Purchasing,Barang,Belanja Bahan Obat-obatan puskesmas kadudampit,ON PROCESS,1914750,1914750
KAB. SUKABUMI,UOBK RSUD SEKARWANGI - 1.02.0.00.0.00.01.0002,01KFD43V4BN6R4EV2RW951J8S4,63077986,2026,E-Katalog 6.0,BLUD,SAFIRA DWI PHARMA,E-Purchasing,Barang,Belanja Bahan - Bahan Lainnya (BMHP Farmasi),ON PROCESS,16000872,16000872
KAB. SUKABUMI,DINAS PERIKANAN - 3.25.0.00.0.00.01.0000,10822643000,66234458,2026,Non Tender,APBD,CV. FADHILLAH,Pengadaan Langsung,Pengadaan Barang,Pengadaan Microbuble dan Kincir Air,SELESAI,57700000,0
KAB. SUKABUMI,UOBK RSUD SEKARWANGI - 1.02.0.00.0.00.01.0002,01KP2J9E99N0MWRM76YMP9QVFJ,63079700,2026,E-Katalog 6.0,BLUD,HEXPHARM JAYA LABORATORIES,E-Purchasing,Barang,Belanja Obat-obatan-Obat,ON PROCESS,1131545,1131545
KAB. SUKABUMI,DINAS PERUMAHAN DAN KAWASAN PERMUKIMAN - 1.03.1.04.2.11.01.0000,10848930000,65763154,2026,Non Tender,APBD,CV. Bintang Maha Putra,Pengadaan Langsung,Pekerjaan Konstruksi,"Pembangunan Sarana Air Bersih Kp Cijambu Babakan Rt.02 Rw.01 Desa Sukasari Kec Cisaat, Kab. Sukabumi",SELESAI,195224622,195224622
KAB. SUKABUMI,UOBK RSUD SEKARWANGI - 1.02.0.00.0.00.01.0002,01KPZMY2CCRQ7Z3B8HT7BGVSMN,63079700,2026,E-Katalog 6.0,BLUD,PRATAPA NIRMALA,E-Purchasing,Barang,Belanja Obat-obatan-Obat,ON PROCESS,2997000,2997000
KAB. SUKABUMI,DINAS PERUMAHAN DAN KAWASAN PERMUKIMAN - 1.03.1.04.2.11.01.0000,10834259000,65763199,2026,Non Tender,APBD,CV. Bintang Jaya Perkasa,Pengadaan Langsung,Pekerjaan Konstruksi,"Pembangunan Sarana Air Bersih Kp Tanjung Sari Rt 001/Rw 008 Desa Caringin Nunggal Kec Waluran, Kab. Sukabumi",SELESAI,390158798,390158798
KAB. SUKABUMI,DINAS LINGKUNGAN HIDUP - 2.11.1.03.0.00.01.0000,10789859000,65821149,2026,Non Tender,APBD,CV. BUDI JAYA,Pengadaan Langsung,Pengadaan Barang,Belanja Alat/Bahan untuk Kegiatan Kantor-Alat Tulis Kantor,SELESAI,55855089,55855089
KAB. SUKABUMI,UPTD PUSKESMAS CICURUG - 1.02.0.00.0.00.01.0044,01KV4G119TEWVMJE71EFBKBPA7,65369828,2026,E-Katalog 6.0,BLUD,ETERNITY RAMA MEDIKA,E-Purchasing,Barang,Belanja Persediaan Bahan/Material Alat Kesehatan,ON PROCESS,3653010,0
KAB. SUKABUMI,DINAS PEKERJAAN UMUM - 1.03.0.00.0.00.01.0000,10925603000,66775600,2026,Non Tender,APBD,CV. KARUNIA ABADI KONSULTAN,Pengadaan Langsung,Jasa Konsultansi Badan Usaha Non Konstruksi,DED Ruas Jalan Parungkuda Langbow,SELESAI,99483750,99483750
KAB. SUKABUMI,DINAS PERUMAHAN DAN KAWASAN PERMUKIMAN - 1.03.1.04.2.11.01.0000,10894456000,67216144,2026,Non Tender,APBD,CV. TIGA DUA AMANAH,Pengadaan Langsung,Pekerjaan Konstruksi,Pembangunan Sarana Air Bersih Kp. Datarnangka Rt 003/002 Ds. Datarnangka Kec. Sagaranten Kab. Sukabumi,SELESAI,160639323,160639323
KAB. SUKABUMI,UOBK RSUD SEKARWANGI - 1.02.0.00.0.00.01.0002,01KHX06F1P0KS0MNXTTKVQTA6J,63077986,2026,E-Katalog 6.0,BLUD,DWIASRI GRAHA,E-Purchasing,Barang,Belanja Bahan - Bahan Lainnya (BMHP Farmasi),ON PROCESS,2691127,2691127
KAB. SUKABUMI,DINAS PETERNAKAN - 3.27.0.00.0.00.01.0000,01KVC283W7QAW9CHMWHV3N8WAX,64735889,2026,E-Katalog 6.0,APBD,HADIL MAHASIN,E-Purchasing,Barang,Belanja wearpack untuk petugas,ON PROCESS,8746800,8746800
KAB. SUKABUMI,UPTD PUSKESMAS KALAPANUNGGAL - 1.02.0.00.0.00.01.0039,01KKFDHGDB17QVQ3NT2Q55MV2E,66279403,2026,E-Katalog 6.0,BLUD,MASAGI,E-Purchasing,Barang,Belanja Modal Personal Computer 2,PAYMENT OUTSIDE SYSTEM,53613000,0
KAB. SUKABUMI,UPTD PUSKESMAS CIJANGKAR - 1.02.0.00.0.00.01.0011,01KJ4DC5EGRG1NAGKYK37R9E39,65521985,2026,E-Katalog 6.0,BLUD,HOLIPAH,E-Purchasing,Jasa Lainnya,Belanja Pemeliharaan Alat Kantor dan Rumah Tangga-Alat rumah Tangga-Pendingin/AC Puskesmas Cijangkar,COMPLETED,1239737,1239737
KAB. SUKABUMI,UOBK RSUD SEKARWANGI - 1.02.0.00.0.00.01.0002,01KHN6K3M2VTM6B3SA5GR2B96R,63079700,2026,E-Katalog 6.0,BLUD,AMAROX PHARMA GLOBAL,E-Purchasing,Barang,Belanja Obat-obatan-Obat,ON PROCESS,1880895,1880895
KAB. SUKABUMI,UPTD PUSKESMAS PURABAYA - 1.02.0.00.0.00.01.0012,01KJPE6XPTM1A6DXJZ49RM9QHV,66079583,2026,E-Katalog 6.0,BLUD,ZAYIN ZAHIRA,E-Purchasing,Barang,Pengadaan Cetak Puskesmas Purabaya,PAYMENT OUTSIDE SYSTEM,4273500,4273500
KAB. SUKABUMI,UOBK RSUD PALABUHANRATU - 1.02.0.00.0.00.01.0001,01K9F1J7FCBGEV1AM618B8DAGV,64613160,2026,E-Katalog 6.0,BLUD,ANATA WATASHI WHA,E-Purchasing,Barang,Belanja Bahan/Alat Medis Pakai Habis (BMHP) Farmasi,ON PROCESS,54600900,54600900
KAB. SUKABUMI,UPTD PUSKESMAS JAMPANGKULON - 1.02.0.00.0.00.01.0027,01KMSBKXCJKYQGJY9Z6SN22QGF,65602152,2026,E-Katalog 6.0,BLUD,BERNOFARM,E-Purchasing,Barang,Belanja Bahan Obat-obatan - BLUD Puskesmas Jampangkulon ,PAYMENT OUTSIDE SYSTEM,17518797,17518797
KAB. SUKABUMI,UPTD PUSKESMAS GEGERBITUNG - 1.02.0.00.0.00.01.0009,01KQBKQQW9VDT2JXWDMAHFM7GF,66628986,2026,E-Katalog 6.0,BLUD,GLOBAL MULTI PHARMALAB,E-Purchasing,Barang,Belanja Bahan Obat-obatan UPTD Puskesmas Cireunghas,COMPLETED,3654675,3654675
KAB. SUKABUMI,DINAS KESEHATAN - 1.02.0.00.0.00.01.0000,10916035000,66862586,2026,Non Tender,APBD,CV. A-TIGA,Pengadaan Langsung,Pekerjaan Konstruksi,Pemagaran Puskesmas Pembantu [Pustu] Cijalingan Puskesmas Cicantayan,SELESAI,97900000,97900000
KAB. SUKABUMI,DINAS PENDIDIKAN - 1.01.0.00.0.00.01.0000,10868262000,66141855,2026,Non Tender,APBD,CV. Adhinata Utama,Pengadaan Langsung,Pekerjaan Konstruksi,Pembanguna Talud SDN Langensari Kec. sukaraja,SELESAI,69643778,69643778
KAB. SUKABUMI,UPTD PUSKESMAS CIDAHU - 1.02.0.00.0.00.01.0043,01KHJ9W83Z3M9W4T52N7P92RTY,65440583,2026,E-Katalog 6.0,BLUD,WIZAR JAYA ABADI,E-Purchasing,Barang,Belanja Modal Personal Komputer puskesmas cidahu,PAYMENT OUTSIDE SYSTEM,11766000,11766000
KAB. SUKABUMI,UPTD PUSKESMAS BOJONGGENTENG - 1.02.0.00.0.00.01.0040,01KJZ9CKJZJ8QWKGQ8XBWTQKRC,65549667,2026,E-Katalog 6.0,BLUD,MADANI PRINTING SUKABUMI,E-Purchasing,Jasa Lainnya,Belanja Alat/Bahan untuk Kegiatan Kantor- Bahan Cetak,PAYMENT OUTSIDE SYSTEM,4713060,4713060
KAB. SUKABUMI,SEKRETARIAT DAERAH - 4.01.0.00.0.00.01.0000,01KNPG3YP61BZ20DM7Y99RAQ4F,66275669,2026,E-Katalog 6.0,APBD,HADIL MAHASIN,E-Purchasing,Barang,Belanja Alat/Bahan untuk Kegiatan Kantor- Kertas dan Cover,PAYMENT OUTSIDE SYSTEM,94083600,94083600
KAB. SUKABUMI,DINAS PERTANIAN - 3.27.2.09.0.00.01.0000,10843673000,63468813,2026,Non Tender,APBD,CV. MUDA TANGGUH,Pengadaan Langsung,Pekerjaan Konstruksi,Persediaan Untuk Dijual/Diserahkan Lainnya - Jaringan Irigasi Pertanian Kec. Lengkong Desa Tegallega Poktan Pasir Rahayu,SELESAI,74895989,74895989
KAB. SUKABUMI,"BADAN PERENCANAAN PEMBANGUNAN, RISET DAN INOVASI DAERAH - 5.01.5.05.0.00.01.0000",01KGHZS458KQ0QMHBEG1EWZ084,64567417,2026,E-Katalog 6.0,APBD,VIANIE,E-Purchasing,Jasa Lainnya,Belanja Makanan dan Minuman Rapat-Koordinasi Bidang Perekonomian,PAYMENT OUTSIDE SYSTEM,2100000,2100000
KAB. SUKABUMI,DINAS PERTANIAN - 3.27.2.09.0.00.01.0000,10800711000,66320648,2026,Non Tender,APBD,Tri Putra Mandiri Consultant,Pengadaan Langsung,Jasa Konsultansi Badan Usaha Konstruksi,Persediaan Untuk Dijual/Diserahkan Lainnya - Konsultan pengawasan irigasi pertanian tahap 3,SELESAI,89474880,89474880
KAB. SUKABUMI,UOBK RSUD PALABUHANRATU - 1.02.0.00.0.00.01.0001,01KKARMFG0KP4XPGV02X1H8D4D,64622587,2026,E-Katalog 6.0,BLUD,DANKOS FARMA,E-Purchasing,Barang,Belanja Obat - Obatan,ON PROCESS,43257899,43257899
KAB. SUKABUMI,UPTD PUSKESMAS BANTARGADUNG - 1.02.0.00.0.00.01.0031,01KS1NW94HBNT7XA9GENNXF8YT,66286510,2026,E-Katalog 6.0,BLUD,ERLANGGA EDI LABORATORIES,E-Purchasing,Barang,Belanja bahan obat-obatan (Puskesmas Bantargadung),ON PROCESS,1798200,1798200
KAB. SUKABUMI,DINAS KESEHATAN - 1.02.0.00.0.00.01.0000,01KS4TGYN6XFDSNQ3HSJMPYA80,65613325,2026,E-Katalog 6.0,APBD,ETHICA INDUSTRI FARMASI,E-Purchasing,Barang,Pengadaan Obat Pelayanan Kesehatan Dasar PKD (DAK NF),ON PROCESS,84817320,84817320
KAB. SUKABUMI,UPTD PUSKESMAS CISAAT - 1.02.0.00.0.00.01.0053,01KJVK539R8V8DMFEY2TD1PKW2,64686932,2026,E-Katalog 6.0,BLUD,SAKTI PERKASA,E-Purchasing,Barang,Belanja Belanja Alat/Bahan untuk Kegiatan Kantor - Perabot Kantor Puskesmas Cisaat TA. 2026,COMPLETED,6949821,6949821
KAB. SUKABUMI,UPTD PUSKESMAS CIDAHU - 1.02.0.00.0.00.01.0043,01KPTCX4V74CQQJN993973NQ63,66270867,2026,E-Katalog 6.0,BLUD,TIARA AGUNG PRATAMA,E-Purchasing,Barang,Belanja Bahan obat-obtan lainnya/material alat kesehatan puskesmas cidahu,COMPLETED,3896414,0
KAB. SUKABUMI,UPTD PUSKESMAS CICURUG - 1.02.0.00.0.00.01.0044,01KKAW6D9SM9EZP99626W8Q032,65369032,2026,E-Katalog 6.0,BLUD,LUCAS DJAJA,E-Purchasing,Barang,Belanja Persediaan Bahan Obat - Obatan ,PAYMENT OUTSIDE SYSTEM,887112,887112
KAB. SUKABUMI,UPTD PUSKESMAS KALIBUNDER - 1.02.0.00.0.00.01.0028,01KKDQJ6DV0ZKA1G9XG950Q84M,65601628,2026,E-Katalog 6.0,BLUD,TRIMAN,E-Purchasing,Barang,Belanja Obat-Obatan-Obat Puskesmas Kalibunder Tahun 2026,COMPLETED,7081134,7081134
KAB. SUKABUMI,DINAS PEMADAM KEBAKARAN DAN PENYELAMATAN - 1.05.0.00.0.00.01.0000,01KSH3HP2ME13SV3GB0K3KFEJE,63800617,2026,E-Katalog 6.0,APBD,SAKTI PERKASA,E-Purchasing,Barang,Belanja Perabot Kantor,ON PROCESS,18019660,18019660
KAB. SUKABUMI,"BADAN PERENCANAAN PEMBANGUNAN, RISET DAN INOVASI DAERAH - 5.01.5.05.0.00.01.0000",10850177000,64919300,2026,Non Tender,APBD,CV CHEPAN ABADI,Pengadaan Langsung,Pekerjaan Konstruksi,Belanja Rehabilitasi Gedung Kantor,SELESAI,139445700,139445700
KAB. SUKABUMI,UOBK RSUD SEKARWANGI - 1.02.0.00.0.00.01.0002,01KP2Q9J2M2R95R23K2KYDC9DK,63079700,2026,E-Katalog 6.0,BLUD,GLAXO WELLCOME INDONESIA,E-Purchasing,Barang,Belanja Obat-obatan-Obat,ON PROCESS,6576706,0
KAB. SUKABUMI,UOBK RSUD SEKARWANGI - 1.02.0.00.0.00.01.0002,01KF2XWFME89SFA785TG12N9KS,63077986,2026,E-Katalog 6.0,BLUD,IDS MEDICAL SYSTEMS INDONESIA,E-Purchasing,Barang,Belanja Bahan - Bahan Lainnya (BMHP Farmasi),ON PROCESS,9963305,0
KAB. SUKABUMI,DINAS PEKERJAAN UMUM - 1.03.0.00.0.00.01.0000,10905532000,66743355,2026,Non Tender,APBD,CV.KARUNIA PUTRA,Pengadaan Langsung,Pekerjaan Konstruksi,Pembuatan Plat Beton Ruas Jalan Cicareuh - Bumisari Kecamatan Bantargadung,SELESAI,140159879,140159879
KAB. SUKABUMI,DINAS TENAGA KERJA DAN TRANSMIGRASI - 2.07.3.32.0.00.01.0000,10931087000,67327623,2026,Non Tender,APBD,panca bumi inovasi konsultan,Pengadaan Langsung,Jasa Konsultansi Badan Usaha Non Konstruksi,Belanja Jasa Konversi Aplikasi/Sistem Informasi (Pemeliharaan dan Pengembangan Aplikasi Silent Center),BERLANGSUNG,24750000,24750000
KAB. SUKABUMI,UOBK RSUD PALABUHANRATU - 1.02.0.00.0.00.01.0001,01KJFC0VEGV5FEVM3JRFKBXS0S,64613160,2026,E-Katalog 6.0,BLUD,KENANGA UTAMA PERMAI,E-Purchasing,Barang,Belanja Bahan/Alat Medis Pakai Habis (BMHP) Farmasi,ON PROCESS,33466500,33466500
KAB. SUKABUMI,SEKRETARIAT DPRD - 4.02.0.00.0.00.01.0000,10770473000,65118093,2026,Non Tender,APBD,CV. GREDDY N FRIENDS,Pengadaan Langsung,Jasa Konsultansi Badan Usaha Non Konstruksi,Pengadaan Jasa Konsultansi Perencanaan Pemeliharaan Bangunan Gedung Kantor Sekretariat DPRD,SELESAI,25881870,25881870
KAB. SUKABUMI,SEKRETARIAT DAERAH - 4.01.0.00.0.00.01.0000,01KPWBF42K7ZFBZ54MHDBVPXSB,66434640,2026,E-Katalog 6.0,APBD,RESTU SUBAGYA,E-Purchasing,Barang,Pengadaan Gorden,PAYMENT OUTSIDE SYSTEM,43867200,43867200
KAB. SUKABUMI,DINAS PERTANIAN - 3.27.2.09.0.00.01.0000,10818148000,63468808,2026,Non Tender,APBD,WAHYUDI KARYA MANDIRI,Pengadaan Langsung,Pekerjaan Konstruksi,Persediaan Untuk Dijual/Diserahkan Lainnya - Jaringan Irigasi Pertanian Kec. Palabuhanratu Kel. Palabuhanratu Poktan Sinar Tani,SELESAI,184856720,184856720
KAB. SUKABUMI,UPTD PUSKESMAS CISAAT - 1.02.0.00.0.00.01.0053,01KJ6NQRW75Q13E7CJZ0A6W6HW,64686932,2026,E-Katalog 6.0,BLUD,SAKTI PERKASA,E-Purchasing,Barang,Belanja Belanja Alat/Bahan untuk Kegiatan Kantor - Perabot Kantor Puskesmas Cisaat TA. 2026,COMPLETED,4476630,4476630
KAB. SUKABUMI,DINAS PEKERJAAN UMUM - 1.03.0.00.0.00.01.0000,10801032000,66283640,2026,Non Tender,APBD,CV. Mandiri Putera,Pengadaan Langsung,Pekerjaan Konstruksi,Ruas Jalan KH. Zejen Z.A Kecamatan Sukabumi,SELESAI,372971177,372971177
KAB. SUKABUMI,DINAS PENDIDIKAN - 1.01.0.00.0.00.01.0000,10815513000,66681809,2026,Non Tender,APBD,Cv. Harmoni karya,Pengadaan Langsung,Jasa Konsultansi Badan Usaha Non Konstruksi,Jasa Konsultansi Perencanaan Ruang Pengawas,SELESAI,9900000,9900000
KAB. SUKABUMI,UPTD PUSKESMAS PABUARAN - 1.02.0.00.0.00.01.0017,01KR5VAMKHFDP26QZEV8HDAW8Q,67105999,2026,E-Katalog 6.0,BLUD,ZAYIN ZAHIRA,E-Purchasing,Barang,Belanja Modal Peralatan dan Mesin-Pengadaan Peralatan Personal Komputer UPTD Puskesmas Pabuaran,PAYMENT OUTSIDE SYSTEM,12711700,12711700
KAB. SUKABUMI,UOBK RSUD SEKARWANGI - 1.02.0.00.0.00.01.0002,01KNNZKWZBK3Y35R84ZTTS2GA9,63079700,2026,E-Katalog 6.0,BLUD,DANKOS FARMA,E-Purchasing,Barang,Belanja Obat-obatan-Obat,ON PROCESS,24864493,24864493
KAB. SUKABUMI,DINAS PERUMAHAN DAN KAWASAN PERMUKIMAN - 1.03.1.04.2.11.01.0000,10902210000,67241003,2026,Non Tender,APBD,CV. DEWA RIZKI YUDISTIRA,Pengadaan Langsung,Pekerjaan Konstruksi,Pembangunan Sarana Air Bersih Kecamatan Cicurug Desa Kutajaya Rt005-Rw003,SELESAI,195421364,195421364
KAB. SUKABUMI,"DINAS KEBUDAYAAN, PEMUDA DAN OLAHRAGA - 2.22.2.19.0.00.01.0000",01KJFWSRWEEGZSRJ7HKNGDW4NH,66032654,2026,E-Katalog 6.0,APBD,JAYA MITRA,E-Purchasing,Barang,Pengadaan Peralatan Olahraga Futsal ,PAYMENT OUTSIDE SYSTEM,159190650,159190650
KAB. SUKABUMI,DINAS PERHUBUNGAN - 2.15.0.00.0.00.01.0000,01KJY9MSANV9Q05J0V3QRQYNG5,64750066,2026,E-Katalog 6.0,APBD,ARRAHMAN BERKAH ABADI,E-Purchasing,Barang,Belanja Alat/Bahan untuk Kegiatan Kantor-Bahan Komputer,PAYMENT OUTSIDE SYSTEM,47452500,47452500
KAB. SUKABUMI,UOBK RSUD SEKARWANGI - 1.02.0.00.0.00.01.0002,01KJ5BVQMPMHQHWJ5RNBN835EH,63077986,2026,E-Katalog 6.0,BLUD,JAYAMAS MEDICA INDUSTRI,E-Purchasing,Barang,Belanja Bahan - Bahan Lainnya (BMHP Farmasi),ON PROCESS,1377510,1377510
KAB. SUKABUMI,UPTD PUSKESMAS PARUNGKUDA - 1.02.0.00.0.00.01.0042,01KS166R0G05NXAMCVTMQ0KQ32,66287893,2026,E-Katalog 6.0,BLUD,KHALISH BRILLIANT PERSADA,E-Purchasing,Barang,Belanja alat tulis kantor Puskesmas Parungkuda,COMPLETED,48197210,48197210
KAB. SUKABUMI,UPTD PUSKESMAS CIPARI - 1.02.0.00.0.00.01.0045,01KV4YP0X5E01J8YMVNT51TQQR,67142198,2026,E-Katalog 6.0,BLUD,HOLI PHARMA,E-Purchasing,Barang,Belanja Persediaan Bahan Obat-obatan,ON PROCESS,3239189,3239189
KAB. SUKABUMI,UPTD PUSKESMAS BOJONGGENTENG - 1.02.0.00.0.00.01.0040,01KQBSPSC70YA76FHGN38KAC9N,65549461,2026,E-Katalog 6.0,BLUD,BERNOFARM,E-Purchasing,Barang,Belanja Bahan Obat - Obatan,ON PROCESS,3346650,3346650
KAB. SUKABUMI,DINAS PEKERJAAN UMUM - 1.03.0.00.0.00.01.0000,10916436000,66769378,2026,Non Tender,APBD,CITRA BUANA,Pengadaan Langsung,Pekerjaan Konstruksi,Ruas Jalan Bojonggaling - Bantargebang Kecamatan Bantargadung,SELESAI,186347291,186347291
KAB. SUKABUMI,DINAS SOSIAL - 1.06.0.00.0.00.01.0000,01KNS621WCV0ZMBB9YKEBT5AEF,65220282,2026,E-Katalog 6.0,APBD,SAKTI PERKASA,E-Purchasing,Barang,Belanja Alat/Bahan untuk Kegiatan Kantor-Perabot Kantor,ON PROCESS,29090880,29090880
KAB. SUKABUMI,UOBK RSUD SEKARWANGI - 1.02.0.00.0.00.01.0002,01KPPYAQ1STQXXMWQPEVQQF524,63077986,2026,E-Katalog 6.0,BLUD,ESSITY HYGIENE AND HEALTH INDONESIA,E-Purchasing,Barang,Belanja Bahan - Bahan Lainnya (BMHP Farmasi),ON PROCESS,27543166,27543166
KAB. SUKABUMI,UOBK RSUD SEKARWANGI - 1.02.0.00.0.00.01.0002,01KKK8MTZ7KNAFS6NQQC1HJGED,63077986,2026,E-Katalog 6.0,BLUD,KENANGA UTAMA PERMAI,E-Purchasing,Barang,Belanja Bahan - Bahan Lainnya (BMHP Farmasi),ON PROCESS,12487500,12487500
KAB. SUKABUMI,UOBK RSUD SEKARWANGI - 1.02.0.00.0.00.01.0002,01KGPGDF4DRWJ5WY415YN666QN,63079700,2026,E-Katalog 6.0,BLUD,KALBE FARMA,E-Purchasing,Barang,Belanja Obat-obatan-Obat,ON PROCESS,7499993,0
KAB. SUKABUMI,UOBK RSUD PALABUHANRATU - 1.02.0.00.0.00.01.0001,01KJSD2NCA21YF5DPWRFANHQ2F,64613160,2026,E-Katalog 6.0,BLUD,KENANGA UTAMA PERMAI,E-Purchasing,Barang,Belanja Bahan/Alat Medis Pakai Habis (BMHP) Farmasi,ON PROCESS,11028960,11028960
KAB. SUKABUMI,UOBK RSUD SEKARWANGI - 1.02.0.00.0.00.01.0002,01KJYTTQF5YAG7PA4R5ABZ4XA6,63079700,2026,E-Katalog 6.0,BLUD,FERRON PAR PHARMACEUTICALS,E-Purchasing,Barang,Belanja Obat-obatan-Obat,ON PROCESS,43799996,0
KAB. SUKABUMI,UOBK RSUD SEKARWANGI - 1.02.0.00.0.00.01.0002,01KRX45EKBERQ5503D95A81KZS,63079700,2026,E-Katalog 6.0,BLUD,COMBIPHAR,E-Purchasing,Barang,Belanja Obat-obatan-Obat,ON PROCESS,881673,881673
KAB. SUKABUMI,BADAN KEPEGAWAIAN DAN PENGEMBANGAN SUMBER DAYA MANUSIA - 5.03.5.04.0.00.01.0000,01KV4G81Q1Z0SBZMZYWF15AGWE,64194356,2026,E-Katalog 6.0,APBD,WIRA SARANA WISATA,E-Purchasing,Jasa Lainnya,Belanja Sewa Kendaraan Bermotor Penumpang Kegiatan  Ujian Dinas dan Ujian Penyesuaian Kenaikan Pangkat,ON PROCESS,9900000,9900000
KAB. SUKABUMI,UOBK RSUD SEKARWANGI - 1.02.0.00.0.00.01.0002,01KJ6RA93KSY147EBQPETFAKJR,63077986,2026,E-Katalog 6.0,BLUD,KENANGA UTAMA PERMAI,E-Purchasing,Barang,Belanja Bahan - Bahan Lainnya (BMHP Farmasi),ON PROCESS,15284700,15284700
KAB. SUKABUMI,UOBK RSUD SEKARWANGI - 1.02.0.00.0.00.01.0002,01KNP3HB8K1JMR035581GFKXDS,63079700,2026,E-Katalog 6.0,BLUD,FERRON PAR PHARMACEUTICALS,E-Purchasing,Barang,Belanja Obat-obatan-Obat,ON PROCESS,11942379,11942379
KAB. SUKABUMI,UOBK RSUD PALABUHANRATU - 1.02.0.00.0.00.01.0001,01KA0E5VEQ8E9DXEMPGF21B43W,64624529,2026,E-Katalog 6.0,BLUD,MEDTEK,E-Purchasing,Barang,Belanja Modal Alat Kedokteran Umum ,COMPLETED,1697745000,0
KAB. SUKABUMI,DINAS PERHUBUNGAN - 2.15.0.00.0.00.01.0000,01KHT7WFZJWJ9S826E7XKDEB5W,64706792,2026,E-Katalog 6.0,APBD,KAFADA KARYA,E-Purchasing,Jasa Lainnya,Pembangunan PJU di Wilayah Desa Cipeundey Kec. Surade dan Wilayah Kec. Ciracap (31 Titik),PAYMENT OUTSIDE SYSTEM,494454495,494454495
KAB. SUKABUMI,UPTD PUSKESMAS CIAMBAR - 1.02.0.00.0.00.01.0046,01KKJRBJQNGGYCBWMD12AXGWMS,65741360,2026,E-Katalog 6.0,BLUD,RAJA ALKES MEDIKA,E-Purchasing,Barang,Belanja BHP Medis,COMPLETED,11909190,11909190
KAB. SUKABUMI,DINAS PEKERJAAN UMUM - 1.03.0.00.0.00.01.0000,10916106000,66350100,2026,Non Tender,APBD,Leo Ferdinand,Pengadaan Langsung,Pekerjaan Konstruksi,Ruas Jalan Cimuncang - Batas Kota Kecamatan Kebonpedes,SELESAI,373960769,373960769
KAB. SUKABUMI,UOBK RSUD SEKARWANGI - 1.02.0.00.0.00.01.0002,10926217000,67324686,2026,Non Tender,BLUD,Graha Tirta Engineering,Pengadaan Langsung,Jasa Konsultansi Badan Usaha Konstruksi,Belanja Jasa Konsultansi Perencanaan Rekayasa-Jasa Desain Rekayasa untuk Konstruksi Pondasi serta Struktur Bangunan: REVISI DED,BERLANGSUNG,99650250,99650250
KAB. SUKABUMI,DINAS KESEHATAN - 1.02.0.00.0.00.01.0000,01KQE5QFZ9HMN90TZ80R47HKRJ,65613325,2026,E-Katalog 6.0,APBD,LAWSIM ZECHA,E-Purchasing,Barang,Pengadaan Obat Pelayanan Kesehatan Dasar PKD (DAK NF),ON PROCESS,159840000,159840000
KAB. SUKABUMI,DINAS KESEHATAN - 1.02.0.00.0.00.01.0000,10891819000,66862161,2026,Non Tender,APBD,BONNY CIPTA PRIMA,Pengadaan Langsung,Pekerjaan Konstruksi,Rehabilitasi Puskesmas Pembantu [Pustu]  Kalaparea Puskesmas Girijaya Kecamatan Nagrak,SELESAI,134487000,134487000
KAB. SUKABUMI,UPTD PUSKESMAS CIAMBAR - 1.02.0.00.0.00.01.0046,01KRPBGK213VPE16X7WPZD7E0Y,65715590,2026,E-Katalog 6.0,BLUD,BERNOFARM,E-Purchasing,Barang,Belanja Obat-obatan,COMPLETED,1349538,1349538
KAB. SUKABUMI,DINAS PERHUBUNGAN - 2.15.0.00.0.00.01.0000,01KN41VASFWRJ2QDYW16E2335Q,64706817,2026,E-Katalog 6.0,APBD,CITRA UTAMA,E-Purchasing,Jasa Lainnya,Pembangunan PJU di Wilayah Desa Pasiripis Kecamatan Surade (4 Titik),ON PROCESS,63714000,63714000
KAB. SUKABUMI,UPTD PUSKESMAS BANTARGADUNG - 1.02.0.00.0.00.01.0031,01KT34VX082FZHK04SPBH1C4R2,66286510,2026,E-Katalog 6.0,BLUD,NOVAPHARIN,E-Purchasing,Barang,Belanja bahan obat-obatan (Puskesmas Bantargadung),ON PROCESS,2238204,2238204
KAB. SUKABUMI,UPTD PUSKESMAS KALIBUNDER - 1.02.0.00.0.00.01.0028,01KMT2R1AWY6961YC273KB8HD7,65601464,2026,E-Katalog 6.0,BLUD,ZAYIN ZAHIRA,E-Purchasing,Barang,Belanja Alat/Bahan untuk Kegiatan Kantor-Alat Tulis Kantor Puskesmas Kalibunder Tahun 2026,COMPLETED,12456531,12456531
KAB. SUKABUMI,DINAS SOSIAL - 1.06.0.00.0.00.01.0000,01KHXB48ZFA5MPBCYVWY60X0Y9,65763640,2026,E-Katalog 6.0,APBD,SADULUR SAJATI,E-Purchasing,Barang,Pengadaan Barang Cetak,ON PROCESS,14652000,14652000
KAB. SUKABUMI,SEKRETARIAT DPRD - 4.02.0.00.0.00.01.0000,01KQCS0ZCTWHC6GR07CC2TW5K0,66778826,2026,E-Katalog 6.0,APBD,ARRAHMAN BERKAH ABADI,E-Purchasing,Barang," Pengadaan Alat Tulis Kantor, Kertas dan Tinta Komputer ",ON PROCESS,138770091,138770091
KAB. SUKABUMI,UPTD PUSKESMAS CIAMBAR - 1.02.0.00.0.00.01.0046,01KRAEJFC6NZ2NXXBS6714FHPR,65715590,2026,E-Katalog 6.0,BLUD,IMFARMIND FARMASI INDUSTRI,E-Purchasing,Barang,Belanja Obat-obatan,COMPLETED,2175600,2175600
KAB. SUKABUMI,UPTD PUSKESMAS GIRIJAYA - 1.02.0.00.0.00.01.0047,01KVPQMQ8KKZXFBJ2X3RGGACKC,65623829,2026,E-Katalog 6.0,BLUD,INTI ANDALAN NUSANTARA,E-Purchasing,Barang," Belanja Persediaan Proses-Persediaan Dalam Proses ",ON PROCESS,3242310,3242310
KAB. SUKABUMI,DINAS PERUMAHAN DAN KAWASAN PERMUKIMAN - 1.03.1.04.2.11.01.0000,10845346000,65763150,2026,Non Tender,APBD,CV SULTAN ALZENA,Pengadaan Langsung,Pekerjaan Konstruksi,Pembangunan Sarana Air Bersih Kp. Ranji Rt. 19/04 Desa Berekah Kec. Bojonggenteng Kab. Sukabumi,SELESAI,97397553,97397553
KAB. SUKABUMI,UOBK RSUD SEKARWANGI - 1.02.0.00.0.00.01.0002,01KRZNVYZK13AVK4ZS8SBA96T7,63079700,2026,E-Katalog 6.0,BLUD,MEGA LIFESCIENCES INDONESIA,E-Purchasing,Barang,Belanja Obat-obatan-Obat,ON PROCESS,14978340,14978340
KAB. SUKABUMI,UOBK RSUD SEKARWANGI - 1.02.0.00.0.00.01.0002,01KNV63SBNAQ0E17ZKS7J13CHA,63079700,2026,E-Katalog 6.0,BLUD,DARYA-VARIA LABORATORIA,E-Purchasing,Barang,Belanja Obat-obatan-Obat,ON PROCESS,5130908,5130908
KAB. SUKABUMI,DINAS PEMBERDAYAAN PEREMPUAN DAN PERLINDUNGAN ANAK - 2.08.0.00.0.00.01.0000,01KJBV746338P0S09B2FBKBTDF,65557280,2026,E-Katalog 6.0,APBD,SADULUR SAJATI,E-Purchasing,Jasa Lainnya,Belanja Cetak Leaflet Penyediaan Barang Cetakan dan Penggandaan,PAYMENT OUTSIDE SYSTEM,19147500,19147500
KAB. SUKABUMI,UOBK RSUD SEKARWANGI - 1.02.0.00.0.00.01.0002,01KKNEEGX85M5984WNS0BXYMHJ,63077986,2026,E-Katalog 6.0,BLUD,MEDI KHARISMA INTERNATIONAL,E-Purchasing,Barang,Belanja Bahan - Bahan Lainnya (BMHP Farmasi),ON PROCESS,10110679,10110679
KAB. SUKABUMI,UPTD PUSKESMAS CISAAT - 1.02.0.00.0.00.01.0053,01KSEH8Y39QBH18NEKMTGTE9BK,64707688,2026,E-Katalog 6.0,BLUD,RUSYDA,E-Purchasing,Barang,Belanja Modal Peralatan dan Mesin - Pengadaan Peralatan Personal Komputer Puskesmas Cisaat TA. 2026,COMPLETED,41099999,41099999
KAB. SUKABUMI,UPTD PUSKESMAS NAGRAK - 1.02.0.00.0.00.01.0048,01KQ9NGQZ92D2W731HW1JEAG07,65355677,2026,E-Katalog 6.0,BLUD,KENCANA INSAN MANDIRI,E-Purchasing,Barang,belanja barang habis pakai - belanja alat/bahan untuk kegiatan kantor -alat tulis kantor,COMPLETED,5375175,5375175
KAB. SUKABUMI,DINAS PERTANIAN - 3.27.2.09.0.00.01.0000,10786477000,65032261,2026,Non Tender,APBD,PT. Palabuhan Agro Makmur,Pengadaan Langsung,Pengadaan Barang,Belanja Bahan-Bahan/Bibit Tanaman : Pengadaan Benih Cabai Keriting dan Cabai Rawit Kegiatan Pengembangan Kawasan Cabai,SELESAI,42100000,0
KAB. SUKABUMI,DINAS PENDIDIKAN - 1.01.0.00.0.00.01.0000,10868255000,66141728,2026,Non Tender,APBD,"Tirta Wekal, CV",Pengadaan Langsung,Pekerjaan Konstruksi,Pembanguna Toilet Beserta Sanitasinya SDN Neglasari Kec. jampangtengah,SELESAI,59576516,59576516
KAB. SUKABUMI,DINAS PERUMAHAN DAN KAWASAN PERMUKIMAN - 1.03.1.04.2.11.01.0000,10878528000,67163193,2026,Non Tender,APBD,cv.zakaria,Pengadaan Langsung,Pekerjaan Konstruksi,"Pembangunan Drainase kp. Sukamaju rt. 01/01 Desa Mandrajaya Kec Ciemas Kab Sukabumi, Kab Sukabumi",SELESAI,95900410,95900410
KAB. SUKABUMI,DINAS PERUMAHAN DAN KAWASAN PERMUKIMAN - 1.03.1.04.2.11.01.0000,10905328000,67216136,2026,Non Tender,APBD,KARYA MANDIRI,Pengadaan Langsung,Pekerjaan Konstruksi,Pembangunan Sarana Air Bersih Kp Babakan Manggah Rt 03 Rw 10 Desa Cidadap Kec Simpenan,SELESAI,144247612,144247612
KAB. SUKABUMI,UPTD PUSKESMAS CIKIDANG - 1.02.0.00.0.00.01.0037,01KQBYH28XEBTCNQY5FRT86X7C,65984533,2026,E-Katalog 6.0,BLUD,TRIMAN,E-Purchasing,Barang,Belanja Obat-Obatan-Obatan UPTD Puskesmas Cikidang,COMPLETED,5594400,5594400
KAB. SUKABUMI,DINAS PERUMAHAN DAN KAWASAN PERMUKIMAN - 1.03.1.04.2.11.01.0000,10800295000,65761867,2026,Non Tender,APBD,PT. Tumaritis Bentang Khatulistiwa,Pengadaan Langsung,Jasa Konsultansi Badan Usaha Konstruksi,Dokumen FS Alun Alun Cibadak,SELESAI,99372750,99372750
KAB. SUKABUMI,DINAS PERTANIAN - 3.27.2.09.0.00.01.0000,10819644000,63468739,2026,Non Tender,APBD,cv.zakaria,Pengadaan Langsung,Pekerjaan Konstruksi,Persediaan Untuk Dijual/Diserahkan Lainnya - Jaringan Irigasi Pertanian Kec. Sagaranten Desa Datarnangka Poktan Parungkadu,SELESAI,184600937,184600937
KAB. SUKABUMI,DINAS PERUMAHAN DAN KAWASAN PERMUKIMAN - 1.03.1.04.2.11.01.0000,10908147000,65761236,2026,Non Tender,APBD,CV. ADEN RIZA KARYA,Pengadaan Langsung,Pekerjaan Konstruksi,Jalan Lingkungan Kp. Babakan Rt 03 Rw 03 Desa Nanggerang Kecamatan Cicurug Kab. Sukabumi,SELESAI,192089888,192089888
KAB. SUKABUMI,DINAS PENDIDIKAN - 1.01.0.00.0.00.01.0000,10876346000,66141683,2026,Non Tender,APBD,CV. VAHRACONS,Pengadaan Langsung,Pekerjaan Konstruksi,Pembanguna Toilet Beserta Sanitasinya SDN Pasirtalaga Kec. cisolok,SELESAI,116201909,116201909
KAB. SUKABUMI,DINAS KESEHATAN - 1.02.0.00.0.00.01.0000,01KP2VCWHW01ZDTYTQXQ1Q695F,65523647,2026,E-Katalog 6.0,APBDP,LAM PINTAR PARIPURNA,E-Purchasing,Jasa Lainnya,Belanja Kursus Singkat/Pelatihan,ON PROCESS,279000000,279000000
KAB. SUKABUMI,DINAS PENDIDIKAN - 1.01.0.00.0.00.01.0000,10883635000,66269128,2026,Non Tender,APBD,CV JAYANTI BERKARYA,Pengadaan Langsung,Pekerjaan Konstruksi,Rehabilitasi Sedang / Berat Ruang Kelas SDN Buniwangi  Kec. Palabuhanratu,SELESAI,138800969,138800969
KAB. SUKABUMI,DINAS PEKERJAAN UMUM - 1.03.0.00.0.00.01.0000,10916680000,66752759,2026,Non Tender,APBD,CV. BAEHAQIE,Pengadaan Langsung,Pekerjaan Konstruksi,Pembuatan Pelengkap Jalan Ruas Jalan Sudirman Kecamatan Palabuhanratu,SELESAI,181400176,181400176
KAB. SUKABUMI,UOBK RSUD SEKARWANGI - 1.02.0.00.0.00.01.0002,01KF14A8JN2EYMAA9ARGEZYR2X,63079700,2026,E-Katalog 6.0,BLUD,PERUSAHAAN PERSEROAN (PERSERO) PT. BIO FARMA DISINGKAT PT. BIO FARMA (PERSERO),E-Purchasing,Barang,Belanja Obat-obatan-Obat,ON PROCESS,17427133,17427133
KAB. SUKABUMI,DINAS PEKERJAAN UMUM - 1.03.0.00.0.00.01.0000,01KKGSX9GXJN4P6HD086D3N1TS,66274979,2026,E-Katalog 6.0,APBD,MULTICRANE PERKASA,E-Purchasing,Barang,Pengadaan Kendaraan Dinas Operasional/Lapangan dan Pengadaan Alat Berat,PAYMENT OUTSIDE SYSTEM,1798533000,0
KAB. SUKABUMI,DINAS PERTANIAN - 3.27.2.09.0.00.01.0000,10819638000,63468738,2026,Non Tender,APBD,CV. TIGA PERKASA,Pengadaan Langsung,Pekerjaan Konstruksi,Persediaan Untuk Dijual/Diserahkan Lainnya - Jaringan Irigasi Pertanian Kec. Pabuaran Desa Lembursawah Poktan Karya Usaha,SELESAI,184436679,184436679
KAB. SUKABUMI,UOBK RSUD PALABUHANRATU - 1.02.0.00.0.00.01.0001,01KH0KRFNV5ER42SHHCC22YQKS,64811203,2026,E-Katalog 6.0,BLUD,BINTANG MUDA PERSADA GROUP,E-Purchasing,Jasa Lainnya,Belanja Jasa Tenaga Kebersihan,ON PROCESS,2083468002,2083468002
KAB. SUKABUMI,UPTD PUSKESMAS CISAAT - 1.02.0.00.0.00.01.0053,01KT8DQBPDXDA3KB6YPM16B2KC,64692007,2026,E-Katalog 6.0,BLUD,TOP-POINT MEDICAL,E-Purchasing,Barang,Belanja Bahan Habis Pakai Alat Kesehatan (BHP Medis) Puskesmas Cisaat TA. 2026,ON PROCESS,1658673,1658673
KAB. SUKABUMI,DINAS PERUMAHAN DAN KAWASAN PERMUKIMAN - 1.03.1.04.2.11.01.0000,10844448000,65763194,2026,Non Tender,APBD,CV GANJIL MANDIRI,Pengadaan Langsung,Pekerjaan Konstruksi,Pembangunan Sarana Air Bersih Kp. Pasirhaur Rt. 23/06 Desa Bojonggaling Kec. Bojonggenten Kab. Sukabumi,SELESAI,194861663,194861663
KAB. SUKABUMI,UPTD PUSKESMAS CARINGIN - 1.02.0.00.0.00.01.0052,01KPWMAAST9WQNT2SDKT8C0J2V,65660077,2026,E-Katalog 6.0,BLUD,INDO PRIANGAN KATULISTIWA,E-Purchasing,Barang,Belanja Obat-Obatan Puskesmas Caringin,ON PROCESS,5350200,5350200
KAB. SUKABUMI,UOBK RSUD SEKARWANGI - 1.02.0.00.0.00.01.0002,01KTRGBETGDKVQ6014MWQJ9KK2,63077986,2026,E-Katalog 6.0,BLUD,RAKHA NUSANTARA MEDIKA,E-Purchasing,Barang,Belanja Bahan - Bahan Lainnya (BMHP Farmasi),ON PROCESS,22677300,22677300
KAB. SUKABUMI,DINAS KESEHATAN - 1.02.0.00.0.00.01.0000,01KJ7CDFA647CJ2SH3YDPWTZ5T,65768507,2026,E-Katalog 6.0,APBD,STANDARD BIOSENSOR HEALTHCARE,E-Purchasing,Barang,Pengadaan Rapid HIV Sifilis Combo (DAK Non Fisik),PAYMENT OUTSIDE SYSTEM,637428600,637428600
KAB. SUKABUMI,UPTD PUSKESMAS CARINGIN - 1.02.0.00.0.00.01.0052,01KTXCM20N06YYX68DP6KQGF26,65660077,2026,E-Katalog 6.0,BLUD,HOLI PHARMA,E-Purchasing,Barang,Belanja Obat-Obatan Puskesmas Caringin,ON PROCESS,1076700,1076700
KAB. SUKABUMI,DINAS PERDAGANGAN DAN PERINDUSTRIAN - 3.31.3.29.3.30.01.0000,10828956000,63905344,2026,Non Tender,APBD,ANUGRAH CIPTA CONSULTANT,Pengadaan Langsung,Jasa Konsultansi Badan Usaha Non Konstruksi,Jasa Konsultansi Perencanaan Pembuatan tangga Akses dan Perbaikan Atap pasar Sagaranten,SELESAI,7187250,7187250
KAB. SUKABUMI,UPTD PUSKESMAS CARINGIN - 1.02.0.00.0.00.01.0052,01KQV3M32QKDF7G5XJW73MS4FM,65659849,2026,E-Katalog 6.0,BLUD,KENCANA INSAN MANDIRI,E-Purchasing,Barang,Belanja Alat / Bahan untuk Kegiatan Kantor-Alat / Bahan untuk Kegiatan Kantor Lainnya Puskesmas Caringin,COMPLETED,7884330,7884330
KAB. SUKABUMI,"DINAS KEBUDAYAAN, PEMUDA DAN OLAHRAGA - 2.22.2.19.0.00.01.0000",01KFXBJ025VGYB80BMMR310Q0A,64430035,2026,E-Katalog 6.0,APBD,ARKASA PUTRA PRATAMA,E-Purchasing,Barang,Belanja Modal Alat Kantor dan Rumah Tangga ,PAYMENT OUTSIDE SYSTEM,151959000,151959000
KAB. SUKABUMI,UPTD PUSKESMAS CISAAT - 1.02.0.00.0.00.01.0053,01KJ6WA5C7BY33YGCT6K8HXJJ0,64684971,2026,E-Katalog 6.0,BLUD,CIPTA BUMI PERSADA,E-Purchasing,Barang,Belanja Alat Listrik dan Elektronik Puskesmas Cisaat TA. 2026,COMPLETED,2635140,2635140
KAB. SUKABUMI,DINAS PENDIDIKAN - 1.01.0.00.0.00.01.0000,10867864000,66269161,2026,Non Tender,APBD,CV BINTANG MAS,Pengadaan Langsung,Pekerjaan Konstruksi,Rehabilitasi Sedang / Berat Ruang Kelas SDN Parungkuda 1  Kec. Parungkuda,SELESAI,184685421,184685421
KAB. SUKABUMI,UPTD PUSKESMAS CIKAKAK - 1.02.0.00.0.00.01.0035,01KQ90ZY3K2JVYD0RRS9N1PJVT,65505795,2026,E-Katalog 6.0,BLUD,NOVAPHARIN,E-Purchasing,Barang,Belanja Obat-obatan- Obat UPTD Puskesmas Cikakak Tahun 2026,ON PROCESS,36763200,36763200
KAB. SUKABUMI,DINAS PENDIDIKAN - 1.01.0.00.0.00.01.0000,10865662000,66270948,2026,Non Tender,APBD,CV. KARYA ABADI,Pengadaan Langsung,Pekerjaan Konstruksi,Rehabilitasi Sedang / Berat Ruang Kelas SDN Selabintana 1 Kec. sukabumi,SELESAI,119249752,119249752
KAB. SUKABUMI,DINAS PERUMAHAN DAN KAWASAN PERMUKIMAN - 1.03.1.04.2.11.01.0000,10850046000,65763044,2026,Non Tender,APBD,CV. FAUZIA AULIA SAKTI,Pengadaan Langsung,Pekerjaan Konstruksi,"Drainase Kp. Cibeureum Rt 2 Rw 8 Desa Selawangi, Kab. Sukabumi",SELESAI,95641167,95641167
KAB. SUKABUMI,UOBK RSUD SEKARWANGI - 1.02.0.00.0.00.01.0002,01KJVEH88QVF7XBZK0N4WVN58E,65089127,2026,E-Katalog 6.0,BLUD,AMANAH SUKSES MAKMUR,E-Purchasing,Barang,Belanja Bahan-bahan Lainnya: Belanja BHP Pemulasaraan Jenazah,ON PROCESS,39247328,39247328
KAB. SUKABUMI,UOBK RSUD SEKARWANGI - 1.02.0.00.0.00.01.0002,01KFX4C4EF22TQCP0H2TK161Q6,63079700,2026,E-Katalog 6.0,BLUD,HEXPHARM JAYA LABORATORIES,E-Purchasing,Barang,Belanja Obat-obatan-Obat,ON PROCESS,892440,892440
KAB. SUKABUMI,DINAS KESEHATAN - 1.02.0.00.0.00.01.0000,01KR2P40QQ70DSG86B84MGYCGR,65613325,2026,E-Katalog 6.0,APBD,TRIMAN,E-Purchasing,Barang,Pengadaan Obat Pelayanan Kesehatan Dasar PKD (DAK NF),ON PROCESS,41458500,41458500
KAB. SUKABUMI,UPTD PUSKESMAS CISAAT - 1.02.0.00.0.00.01.0053,01KT8D56T3ATZXGJ59XFAK4RG4,65843835,2026,E-Katalog 6.0,BLUD,INDO PRIANGAN KATULISTIWA,E-Purchasing,Barang,Belanja Modal Pengadaan Peralatan dan Mesin - Pengadaan Alat Kedokteran Umum Puskesmas Cisaat TA. 2026,ON PROCESS,705960,705960
KAB. SUKABUMI,DINAS PERHUBUNGAN - 2.15.0.00.0.00.01.0000,10817524000,64749102,2026,Non Tender,APBD,CV. Nadlyne Putri Pertama,Pengadaan Langsung,Pekerjaan Konstruksi,Pemeliharaan Gedung Kantor - Partisi,SELESAI,26975445,26975445
KAB. SUKABUMI,DINAS PERIKANAN - 3.25.0.00.0.00.01.0000,10838181000,66235833,2026,Non Tender,APBD,BAGJA PUTRA KONSTRUKSI,Pengadaan Langsung,Pengadaan Barang,"Pengadaan Bantuan Pengadaan Kapal,Mesin dan Genset untuk KUB. Kurawa Peduli dan KUB. Arwana",SELESAI,183800000,0
KAB. SUKABUMI,UPTD PUSKESMAS CIDAHU - 1.02.0.00.0.00.01.0043,01KT7T1T9DH5T4X7M3EJZBC7ES,66270867,2026,E-Katalog 6.0,BLUD,TIARA AGUNG PRATAMA,E-Purchasing,Barang,Belanja Bahan obat-obtan lainnya/material alat kesehatan puskesmas cidahu,ON PROCESS,1157419,0
KAB. SUKABUMI,UPTD PUSKESMAS GEGERBITUNG - 1.02.0.00.0.00.01.0009,01KKT7MJNCQPSW6NB458S1V6MR,66377843,2026,E-Katalog 6.0,APBD,IMFARMIND FARMASI INDUSTRI,E-Purchasing,Barang,Belanja Obat Obatan Puskesmas Gegerbitung Tahun Anggaran 2026,COMPLETED,3881115,3881115
KAB. SUKABUMI,UPTD PUSKESMAS CICURUG - 1.02.0.00.0.00.01.0044,01KKAV8P5GV9085W5MZ381ZW5W,65369032,2026,E-Katalog 6.0,BLUD,PHAPROS,E-Purchasing,Barang,Belanja Persediaan Bahan Obat - Obatan ,PAYMENT OUTSIDE SYSTEM,549450,549450
KAB. SUKABUMI,"BADAN PERENCANAAN PEMBANGUNAN, RISET DAN INOVASI DAERAH - 5.01.5.05.0.00.01.0000",01KKAHN2FN3AHFB1FPTYZ2FETW,64614693,2026,E-Katalog 6.0,APBD,VIANIE,E-Purchasing,Jasa Lainnya,Belanja Makanan dan Minuman Rapat-Asistensi Bidang Sumber Daya Alam,PAYMENT OUTSIDE SYSTEM,2100000,2100000
KAB. SUKABUMI,DINAS PEKERJAAN UMUM - 1.03.0.00.0.00.01.0000,10828937000,66743199,2026,Non Tender,APBD,CV JAYANTI BERKARYA,Pengadaan Langsung,Pekerjaan Konstruksi,Pembuatan TPT Gendong Ruas Jalan Cipeuteuy - Cianten Kecamatan Kabandungan,SELESAI,146479072,146479072
KAB. SUKABUMI,DINAS PEKERJAAN UMUM - 1.03.0.00.0.00.01.0000,10886412000,66619063,2026,Non Tender,APBD,Buana Perkasa,Pengadaan Langsung,Pekerjaan Konstruksi,Daerah Irigasi Batu Karut Desa Selawangi Kecamatan Sukaraja,SELESAI,281124966,281124966
KAB. SUKABUMI,UOBK RSUD SEKARWANGI - 1.02.0.00.0.00.01.0002,01KEYHF8P04ZVMJGSJRPBMN4WV,63077986,2026,E-Katalog 6.0,BLUD,INTI PURNABAKTI GLOBAL,E-Purchasing,Barang,Belanja Bahan - Bahan Lainnya (BMHP Farmasi),ON PROCESS,9898980,9898980
KAB. SUKABUMI,DINAS PERTANIAN - 3.27.2.09.0.00.01.0000,10819529000,63468769,2026,Non Tender,APBD,CV BINTANG MAS,Pengadaan Langsung,Pekerjaan Konstruksi,Persediaan Untuk Dijual/Diserahkan Lainnya - Jaringan Irigasi Pertanian Kec. Pabuaran Desa Bantarsari Poktan Harapan Bangsa,SELESAI,184484251,184484251
KAB. SUKABUMI,UPTD PUSKESMAS NAGRAK - 1.02.0.00.0.00.01.0048,01KVSKTX1RJ7BW4NBHJJ9WY25F,65326955,2026,E-Katalog 6.0,BLUD,KENCANA INSAN MANDIRI,E-Purchasing,Barang,belanja modal peralatan dan mesin-personal komputer,COMPLETED,21978000,21978000
KAB. SUKABUMI,UOBK RSUD SEKARWANGI - 1.02.0.00.0.00.01.0002,01KJ581QCWPKJ5RRE3DR81N3JS,63077986,2026,E-Katalog 6.0,BLUD,DRAEGER MEDICAL INDONESIA,E-Purchasing,Barang,Belanja Bahan - Bahan Lainnya (BMHP Farmasi),ON PROCESS,2337647,0
KAB. SUKABUMI,DINAS PERTANIAN - 3.27.2.09.0.00.01.0000,10874573000,63468806,2026,Non Tender,APBD,CV. BERKAH KONSTRUKSI,Pengadaan Langsung,Pekerjaan Konstruksi,Persediaan Untuk Dijual/Diserahkan Lainnya - Jaringan Irigasi Pertanian Kec. Palabuhanratu Desa Cibodas Poktan Sumber Rejeki,SELESAI,184803341,184803341
KAB. SUKABUMI,DINAS PERIKANAN - 3.25.0.00.0.00.01.0000,10822588000,66234687,2026,Non Tender,APBD,CV. Pondasi Alam Prima,Pengadaan Langsung,Pekerjaan Konstruksi,Pemeliharaan Mess BBI Cimaja,SELESAI,99334294,99334294
KAB. SUKABUMI,INSPEKTORAT - 6.01.0.00.0.00.01.0000,01KQXJEBYDAFPG132T8DKDZ3R1,64783879,2026,E-Katalog 6.0,APBD,CARELL MITRA SEJUK,E-Purchasing,Barang,Pengadaan Alat Listrik dan Elektronik,PAYMENT OUTSIDE SYSTEM,35603750,35603750
KAB. SUKABUMI,DINAS PERDAGANGAN DAN PERINDUSTRIAN - 3.31.3.29.3.30.01.0000,10902452000,67056555,2026,Non Tender,APBD,CV. RIZKI SARANA,Pengadaan Langsung,Pekerjaan Konstruksi,Pekerjaan Rehabilitasi Toilet Kantor Dinas Perdagangan dan Perindustrian Kab. Sukabumi,SELESAI,67361523,67361523
KAB. SUKABUMI,UOBK RSUD SEKARWANGI - 1.02.0.00.0.00.01.0002,01KH2YGWVYKAJ39KRN31P1Y8D1,63460557,2026,E-Katalog 6.0,BLUD,GALUH PUTRA UTAMA,E-Purchasing,Barang,Belanja Bahan-Bahan Lainnya (Pengolahan Makanan/gizi),ON PROCESS,143271341,143271341
KAB. SUKABUMI,DINAS PERHUBUNGAN - 2.15.0.00.0.00.01.0000,01KPAAAHBV322K5MSFDF8PHY9T,64706854,2026,E-Katalog 6.0,APBD,TRAMAK KARYA JAYA,E-Purchasing,Jasa Lainnya,Pembangunan PJU di Wilayah Desa Cireunghas Kecamatan Cireunghas (3 Titik),ON PROCESS,47685600,47685600
KAB. SUKABUMI,DINAS PERUMAHAN DAN KAWASAN PERMUKIMAN - 1.03.1.04.2.11.01.0000,10931259000,65763071,2026,Non Tender,APBD,CV. BERKAH BERSINAR ABADI,Pengadaan Langsung,Pekerjaan Konstruksi,"Drainase Kp. Nyalindung Ii Rt. 004/001 S/D Drainase Kp. Gunung Batu Rt. 005/001, Desa Mandrajaya Kec Ciemas Kab. Sukabumi",BERLANGSUNG,95921373,95921373
KAB. SUKABUMI,UOBK RSUD SEKARWANGI - 1.02.0.00.0.00.01.0002,01KJ5AS18ZTNGPE9TRGPDCCZAY,65835913,2026,E-Katalog 6.0,APBN,NUGRA KARSERA,E-Purchasing,Barang,Makan Pasien,ON PROCESS,8214000,0
KAB. SUKABUMI,DINAS PERIKANAN - 3.25.0.00.0.00.01.0000,10918820000,66236016,2026,Non Tender,APBD,cv. putra mandiri,Pengadaan Langsung,Pengadaan Barang,Bantuan Pengadaan Sarana Usaha Perikanan Tangkap,SELESAI,174950000,0
KAB. SUKABUMI,UPTD PUSKESMAS CIJANGKAR - 1.02.0.00.0.00.01.0011,01KQC6P4Z05KSK2AR9KCAMV4NR,65517345,2026,E-Katalog 6.0,BLUD,HOLIPAH,E-Purchasing,Barang,Belanja Makanan dan minuman pada Fasilitas Pelayanan Urusan Kesehatan -Kudapan (Extra Fooding) harian Petugas PSC/Layad Rawat/Siratu Emas Emas Puskesmas Cijangkar,COMPLETED,1332622,1332622
KAB. SUKABUMI,UOBK RSUD PALABUHANRATU - 1.02.0.00.0.00.01.0001,01KJZ6ETY6XC0803T68MSYC4TG,64622587,2026,E-Katalog 6.0,BLUD,MAHAKAM BETA FARMA,E-Purchasing,Barang,Belanja Obat - Obatan,ON PROCESS,14385600,14385600
KAB. SUKABUMI,DINAS PERUMAHAN DAN KAWASAN PERMUKIMAN - 1.03.1.04.2.11.01.0000,10905329000,67216137,2026,Non Tender,APBD,KARYA MANDIRI,Pengadaan Langsung,Pekerjaan Konstruksi,Pembangunan Sarana Air Bersih Kp Citamiang Rt 002 Rw 010 Desa Cidadap Kec Simpenan,SELESAI,144327404,144327404
KAB. SUKABUMI,DINAS KESEHATAN - 1.02.0.00.0.00.01.0000,01KPSFY4CQ3J1EP1WGRSD0PETF,65758412,2026,E-Katalog 6.0,APBD,DOLOK MATITI LESTARI,E-Purchasing,Jasa Lainnya,Belanja Jasa Pengangkutan dan Pengolahan Limbah Medis dan B3 Fasyankes (DAK Non Fisik),ON PROCESS,564936720,564936720
KAB. SUKABUMI,DINAS KESEHATAN - 1.02.0.00.0.00.01.0000,01KR2PRHW1YCWGVNEWV89AAEDY,65613325,2026,E-Katalog 6.0,APBD,MEPROFARM,E-Purchasing,Barang,Pengadaan Obat Pelayanan Kesehatan Dasar PKD (DAK NF),ON PROCESS,34965000,34965000
KAB. SUKABUMI,UPTD PUSKESMAS NYALINDUNG - 1.02.0.00.0.00.01.0010,01KQ6TM7MD0SQ84Q8GH30TSGPJ,66077337,2026,E-Katalog 6.0,BLUD,HEXPHARM JAYA LABORATORIES,E-Purchasing,Barang,Belanja Obat-Obatan-Obat - Puskesmas Nyalindung,COMPLETED,3817290,3817290
KAB. SUKABUMI,DINAS PERUMAHAN DAN KAWASAN PERMUKIMAN - 1.03.1.04.2.11.01.0000,10886523000,67224157,2026,Non Tender,APBD,CV.RANIA PUTRI LAUT,Pengadaan Langsung,Pekerjaan Konstruksi,Jalan Lingkungan Kp Babadan RT 02/RW 30 Palabuhanratu Kec. Palabuhanratu,SELESAI,191476411,191476411
KAB. SUKABUMI,DINAS PENDIDIKAN - 1.01.0.00.0.00.01.0000,10886979000,67218144,2026,Non Tender,APBD,CV.KARUNIA PUTRA,Pengadaan Langsung,Pekerjaan Konstruksi,Rehabilitasi Sedang / Berat Ruang Kelas SDN Legokloa Kecamatan Palabuhanratu,SELESAI,136430467,136430467
KAB. SUKABUMI,DINAS PERUMAHAN DAN KAWASAN PERMUKIMAN - 1.03.1.04.2.11.01.0000,10908578000,67216168,2026,Non Tender,APBD,CV. NAYRA CAHAYA KONSTRUKSI,Pengadaan Langsung,Pekerjaan Konstruksi,Pembangunan Drainase Kp Manglad Rw 04 Desa Kalapanunggal Kec Kalapanunggal,SELESAI,244087225,244087225
KAB. SUKABUMI,UOBK RSUD SEKARWANGI - 1.02.0.00.0.00.01.0002,01KGPGP2WE4BCJ9AWPXZQHZ5BF,63079700,2026,E-Katalog 6.0,BLUD,FRESENIUS KABI COMBIPHAR,E-Purchasing,Barang,Belanja Obat-obatan-Obat,ON PROCESS,3164832,0
KAB. SUKABUMI,UOBK RSUD PALABUHANRATU - 1.02.0.00.0.00.01.0001,01KJZ7XB4VS0A6VCET8H321VHQ,64613160,2026,E-Katalog 6.0,BLUD,MEDIHOP,E-Purchasing,Barang,Belanja Bahan/Alat Medis Pakai Habis (BMHP) Farmasi,ON PROCESS,49295988,49295988
KAB. SUKABUMI,DINAS PERHUBUNGAN - 2.15.0.00.0.00.01.0000,01KJYDER9XJN3YXRXCQNT3RRNJ,64750067,2026,E-Katalog 6.0,APBD,SAKTI PERKASA,E-Purchasing,Barang,Belanja Alat/Bahan untuk Kegiatan Kantor-Perabot Kantor,PAYMENT OUTSIDE SYSTEM,12002430,12002430
KAB. SUKABUMI,DINAS PERIKANAN - 3.25.0.00.0.00.01.0000,10834544000,64546090,2026,Non Tender,APBD,cv. cipta grha hafara,Pengadaan Langsung,Jasa Konsultansi Badan Usaha Konstruksi,Konsultan Pengawas Pemeliharaan Bangunan Kantor Dinas Perikanan,SELESAI,11655000,11655000
KAB. SUKABUMI,DINAS TENAGA KERJA DAN TRANSMIGRASI - 2.07.3.32.0.00.01.0000,01KH2YXENNJJQ7DG25W9GTHFSA,64196397,2026,E-Katalog 6.0,APBD,SADULUR SAJATI,E-Purchasing,Barang,Belanja Alat/Bahan untuk Kegiatan Kantor-Alat Tulis Kantor,PAYMENT OUTSIDE SYSTEM,11997879,11997879
KAB. SUKABUMI,UOBK RSUD SEKARWANGI - 1.02.0.00.0.00.01.0002,01KNS2VS29C9AA93W79FNCSR9F,63079700,2026,E-Katalog 6.0,BLUD,INFION,E-Purchasing,Barang,Belanja Obat-obatan-Obat,ON PROCESS,52958400,52958400
KAB. SUKABUMI,DINAS PENDIDIKAN - 1.01.0.00.0.00.01.0000,10872657000,67148306,2026,Non Tender,APBD,cv. bumi padjajaran,Pengadaan Langsung,Pekerjaan Konstruksi,Pembangunan Ruang Kelas Baru SDI Masagi Kec. Gunungguruh,SELESAI,179083635,179083635
KAB. SUKABUMI,DINAS TENAGA KERJA DAN TRANSMIGRASI - 2.07.3.32.0.00.01.0000,01KHTCFJW1REPGSNQ0KNR4MEKX,65352961,2026,E-Katalog 6.0,APBD,ARRAHMAN BERKAH ABADI,E-Purchasing,Barang,Belanja Alat/Bahan untuk Kegiatan Kantor- Kertas dan Cover,PAYMENT OUTSIDE SYSTEM,83461677,83461677
KAB. SUKABUMI,DINAS TENAGA KERJA DAN TRANSMIGRASI - 2.07.3.32.0.00.01.0000,01KH36J7NQSMX47JMEYMDZPRVX,65383450,2026,E-Katalog 6.0,APBD,PUTERA CIBOLANG,E-Purchasing,Barang,Alat/Bahan untuk Kegiatan Kantor Lainnya (Pakaian Olahraga Untuk Pegawai),ON PROCESS,8291700,8291700
KAB. SUKABUMI,UPTD PUSKESMAS LIMBANGAN - 1.02.0.00.0.00.01.0005,01KMNB81C8Z0WX0P9166PWFGKQ,66118285,2026,E-Katalog 6.0,BLUD,INDO PRIANGAN KATULISTIWA,E-Purchasing,Barang,Belanja Obat obatan,COMPLETED,5266950,5266950
KAB. SUKABUMI,DINAS PEKERJAAN UMUM - 1.03.0.00.0.00.01.0000,10916328000,66768175,2026,Non Tender,APBD,CV SULTAN ALZENA,Pengadaan Langsung,Pekerjaan Konstruksi,Ruas Jalan Sukaraja - Nyalindung Kecamatan Sukaraja,SELESAI,326588323,326588323
KAB. SUKABUMI,DINAS PEKERJAAN UMUM - 1.03.0.00.0.00.01.0000,10873439000,66741687,2026,Non Tender,APBD,Cv. Harmoni karya,Pengadaan Langsung,Jasa Konsultansi Badan Usaha Non Konstruksi,Konsultan Pengawasan Ruas Jalan Parungkuda - Bojongpari Kecamatan Parungkuda,SELESAI,49728000,49728000
KAB. SUKABUMI,DINAS LINGKUNGAN HIDUP - 2.11.1.03.0.00.01.0000,10907637000,67285648,2026,Non Tender,APBD,CV. WAHANA INOVASI CONSULTANT,Pengadaan Langsung,Jasa Konsultansi Badan Usaha Konstruksi,Jasa konsultansi perencanaan pemeliharaan parkir,SELESAI,9679200,9679200
KAB. SUKABUMI,UPTD PUSKESMAS CIJANGKAR - 1.02.0.00.0.00.01.0011,01KPCJS6SZVQW1ZQ4GG219MVDH,65515296,2026,E-Katalog 6.0,BLUD,BERNOFARM,E-Purchasing,Barang,Belanja Obat-Obatan-Obat Puskesmas Cijangkar,ON PROCESS,1012320,1012320
KAB. SUKABUMI,"BADAN PERENCANAAN PEMBANGUNAN, RISET DAN INOVASI DAERAH - 5.01.5.05.0.00.01.0000",01KGHZK3ZBF63ZR9HYEJMQYA51,64599596,2026,E-Katalog 6.0,APBD,DERMA UTAMA ABADI,E-Purchasing,Jasa Lainnya,Belanja Makanan dan Minuman Rapat-Musrenbang Kecamatan,PAYMENT OUTSIDE SYSTEM,8050000,8050000
KAB. SUKABUMI,UPTD RSUD SAGARANTEN - 1.02.0.00.0.00.01.0063,01KN67YWMK5ZRJ8PPZTGS6M0BH,66214509,2026,E-Katalog 6.0,APBD,TIARA AGUNG PRATAMA,E-Purchasing,Barang,Belanja BHP Laboratorium RSUD Sagaranten,ON PROCESS,45051402,45051402
KAB. SUKABUMI,UOBK RSUD SEKARWANGI - 1.02.0.00.0.00.01.0002,01KHMZFKM7FX226PM93F07D55Q,63079700,2026,E-Katalog 6.0,BLUD,MAHAKAM BETA FARMA,E-Purchasing,Barang,Belanja Obat-obatan-Obat,ON PROCESS,3775110,3775110
KAB. SUKABUMI,DINAS SOSIAL - 1.06.0.00.0.00.01.0000,01KRWP714WDRWFSHAG844X5TH0,66920005,2026,E-Katalog 6.0,APBD,RAJA ALKES MEDIKA,E-Purchasing,Barang,Pengadaan Alat Bantu Fisik Berdasarkan Pengajuan/Penanganan Kasus,ON PROCESS,11064480,11064480
KAB. SUKABUMI,UPTD PUSKESMAS CIDAHU - 1.02.0.00.0.00.01.0043,01KPMX7YPGFJYT9YZMATWR2QWA,66272931,2026,E-Katalog 6.0,BLUD,PERUSAHAAN PERSEROAN (PERSERO) PT KIMIA FARMA,E-Purchasing,Barang,Belanja Bahan Obat-obatan puskesmas cidahu,ON PROCESS,3980180,3980180
KAB. SUKABUMI,DINAS PEMADAM KEBAKARAN DAN PENYELAMATAN - 1.05.0.00.0.00.01.0000,01KRWSZCKT92BCDMMW4Z1P3FRB,66010519,2026,E-Katalog 6.0,APBD,KARYA PUTRA SUBANGJAYA,E-Purchasing,Jasa Lainnya,Belanja Pemeliharaan Kendaraan Bermotor Khusus (Mobil Pemadam Kebakaran),ON PROCESS,29605920,29605920
KAB. SUKABUMI,DINAS PENDIDIKAN - 1.01.0.00.0.00.01.0000,01KJ46AD8JX4DGD7BVCE1EGPZK,65055054,2026,E-Katalog 6.0,APBD,ARKASA PUTRA PRATAMA,E-Purchasing,Barang,Belanja Modal Alat Kantor Lainnya,ON PROCESS,266666400,266666400
KAB. SUKABUMI,UOBK RSUD SEKARWANGI - 1.02.0.00.0.00.01.0002,01KSS0E7T6J2N1VSK7P1RSQ9S1,63357286,2026,E-Katalog 6.0,BLUD,DOCARE LARAS INDONESIA,E-Purchasing,Barang,Belanja Bahan-Bahan Lainnya (BHP Sanitasi dan APD),ON PROCESS,14799408,14799408
KAB. SUKABUMI,DINAS PERDAGANGAN DAN PERINDUSTRIAN - 3.31.3.29.3.30.01.0000,10770358000,65118913,2026,Non Tender,APBD,CV. RIZKI SARANA,Pengadaan Langsung,Jasa Lainnya,Belanja Alat/Bahan untuk Kegiatan Kantor-Alat Tulis Kantor,SELESAI,101270330,101270330
KAB. SUKABUMI,DINAS PEKERJAAN UMUM - 1.03.0.00.0.00.01.0000,10863761000,66620765,2026,Non Tender,APBD,CV. PUKA SATU DUA TIGA,Pengadaan Langsung,Pekerjaan Konstruksi,Daerah Irigasi Ciengang Cipatat Desa Sukamanah Kecamatan Cimanggu,SELESAI,281440082,281440082
KAB. SUKABUMI,UPTD PUSKESMAS CITARIK - 1.02.0.00.0.00.01.0032,01KJPCFY5X6WTAC80WR9PM7GTR,65505780,2026,E-Katalog 6.0,BLUD,HEXPHARM JAYA LABORATORIES,E-Purchasing,Barang,Belanja Obat Puskesmas Citarik (e-Catalog),PAYMENT OUTSIDE SYSTEM,102630600,102630600
KAB. SUKABUMI,INSPEKTORAT - 6.01.0.00.0.00.01.0000,10920240000,67347746,2026,Non Tender,APBD,CV.CIPTA BANGUN LESTARI,Pengadaan Langsung,Jasa Konsultansi Badan Usaha Konstruksi,Jasa Konsultansi Perencanaan Pembuatan Partisi dan Backdrop Ruang Kerja,SELESAI,6038150,6038150
KAB. SUKABUMI,"DINAS KOMUNIKASI, INFORMATIKA DAN PERSANDIAN - 2.16.2.21.2.20.01.0000",01KNTHC8J2WJ3RFDN4SXWW5P04,66875845,2026,E-Katalog 6.0,APBD,ARRAHMAN BERKAH ABADI,E-Purchasing,Barang,Belanja Alat/Bahan untuk Kegiatan Kantor-Alat Tulis Kantor - Sub Kegiatan Penyediaan Bahan Logistik Kantor,PAYMENT OUTSIDE SYSTEM,27759657,27759657
KAB. SUKABUMI,UPTD PUSKESMAS CIKIDANG - 1.02.0.00.0.00.01.0037,01KWBRJ44QP1HZV8HZSXZYKHR5,65984599,2026,E-Katalog 6.0,BLUD,KASTARA TEKNOLOGI INTERNASIONAL,E-Purchasing,Barang,Belanja Obat-Obatan-Obatan Lainnya ( BMHP ) UPTD Puskesmas Cikidang,ON PROCESS,8548621,0
KAB. SUKABUMI,DINAS PERUMAHAN DAN KAWASAN PERMUKIMAN - 1.03.1.04.2.11.01.0000,10879159000,66094322,2026,Non Tender,APBD,CV. Jaya Mitra,Pengadaan Langsung,Pekerjaan Konstruksi,Penataan Gadobangkong,SELESAI,244444280,244444280
KAB. SUKABUMI,DINAS PERTANIAN - 3.27.2.09.0.00.01.0000,01KRAYY5WH6TBN2NZE13J9XBYZ,65032258,2026,E-Katalog 6.0,APBD,PRAMUDITA DARYA PARMA,E-Purchasing,Barang,Belanja Bahan-Bahan Kimia : Pengadaan Pupuk Hayati Cair (PHC) Kegiatan Dukungan Sarana dan Prasarana Usaha Tani Tembakau,ON PROCESS,12223098,12223098
KAB. SUKABUMI,UOBK RSUD SEKARWANGI - 1.02.0.00.0.00.01.0002,01KJ44HD6821ANPTJASH7TV9P9,63079700,2026,E-Katalog 6.0,BLUD,SYDNA FARMA,E-Purchasing,Barang,Belanja Obat-obatan-Obat,ON PROCESS,21645000,0
KAB. SUKABUMI,UOBK RSUD SEKARWANGI - 1.02.0.00.0.00.01.0002,01KEXTDV1RP22AST5J7T41B6HR,63077986,2026,E-Katalog 6.0,BLUD,SINAR RODA UTAMA,E-Purchasing,Barang,Belanja Bahan - Bahan Lainnya (BMHP Farmasi),ON PROCESS,23643000,23643000
KAB. SUKABUMI,DINAS PERIKANAN - 3.25.0.00.0.00.01.0000,10918774000,66235840,2026,Non Tender,APBD,BAGJA PUTRA KONSTRUKSI,Pengadaan Langsung,Pengadaan Barang,"Pengadaan Bantuan Pengadaan Kapal,Mesin dan Genset untuk KUB.Berkah Karya Bersama dan KUB. Kersa",SELESAI,183800000,0
KAB. SUKABUMI,UPTD PUSKESMAS NYALINDUNG - 1.02.0.00.0.00.01.0010,01KQY1BQ9X4PTHRC9GR2HG7638,66077337,2026,E-Katalog 6.0,BLUD,BERNOFARM,E-Purchasing,Barang,Belanja Obat-Obatan-Obat - Puskesmas Nyalindung,COMPLETED,1776333,1776333
KAB. SUKABUMI,DINAS PERDAGANGAN DAN PERINDUSTRIAN - 3.31.3.29.3.30.01.0000,10928661000,63905368;63905371,2026,Non Tender,APBD,PT.BINA MUDA KONSULTAN,Pengadaan Langsung,Jasa Konsultansi Badan Usaha Konstruksi,Jasa Konsultansi Pengawasan Rehabilitasi Pasar Parungkuda,BERLANGSUNG,10461750,10461750
KAB. SUKABUMI,DINAS KEPENDUDUKAN DAN PENCATATAN SIPIL - 2.12.0.00.0.00.01.0000,01KJ1VKDDMX6JYHSRMC9R124SF,64093757,2026,E-Katalog 6.0,APBD,AFKARA PUTRA MULTIMEDIA,E-Purchasing,Jasa Lainnya,Belanja Transfer Film ( E Entrust ),PAYMENT OUTSIDE SYSTEM,97358987,0
KAB. SUKABUMI,DINAS PERUMAHAN DAN KAWASAN PERMUKIMAN - 1.03.1.04.2.11.01.0000,10881788000,67182136,2026,Non Tender,APBD,Arrahmah,Pengadaan Langsung,Pekerjaan Konstruksi,Pembangunan Sarana Air Bersih Kp. Bumi Indah Rw 05 Desa Mangunjaya Kecamatan Bantargadung Kab. Sukabumi,SELESAI,194930379,194930379
KAB. SUKABUMI,DINAS SOSIAL - 1.06.0.00.0.00.01.0000,01KPQ63EVBA79T1YR51JXGGEM2,64999009,2026,E-Katalog 6.0,APBD,PUTERA CIBOLANG,E-Purchasing,Barang,Pengadaan Sandang bagi PPKS Lainnya bukan Korban HIV/AIDS dan NAPZA,ON PROCESS,7326000,7326000
KAB. SUKABUMI,BADAN PENDAPATAN DAERAH - 5.02.0.00.0.00.02.0000,01KPWA327XFWBW4A1HT4PP15KN,66413422,2026,E-Katalog 6.0,APBD,HADIL MAHASIN,E-Purchasing,Barang,Belanja Modal Peralatan Personal Computer - Printer Dot Matrix ,PAYMENT OUTSIDE SYSTEM,13486500,13486500
KAB. SUKABUMI,UPTD PUSKESMAS NAGRAK - 1.02.0.00.0.00.01.0048,01KV9PC12S4VBVYGK4V75VHKWD,67331418,2026,E-Katalog 6.0,BLUD,KENCANA INSAN MANDIRI,E-Purchasing,Barang,belanja barang pakai habis- belanja alat/bahan untuk kegiatan kantor-bahan komputer,COMPLETED,3170105,3170105
KAB. SUKABUMI,"DINAS KOMUNIKASI, INFORMATIKA DAN PERSANDIAN - 2.16.2.21.2.20.01.0000",01KNTBZ97FJPJ4610QTSVXHC42,66875739,2026,E-Katalog 6.0,APBD,ARRAHMAN BERKAH ABADI,E-Purchasing,Barang,Belanja Alat/Bahan untuk Kegiatan Kantor- Kertas dan Cover - Sub Kegiatan Penyediaan Bahan Logistik Kantor,PAYMENT OUTSIDE SYSTEM,26333085,26333085
KAB. SUKABUMI,DINAS PEKERJAAN UMUM - 1.03.0.00.0.00.01.0000,10868468000,67142205,2026,Non Tender,APBD,CV. DIAN MANDIRI,Pengadaan Langsung,Pekerjaan Konstruksi,Daerah Irigasi Cigulingan Desa Gunungsungging Kecamatan Surade,SELESAI,281524514,281524514
KAB. SUKABUMI,UPTD PUSKESMAS CICURUG - 1.02.0.00.0.00.01.0044,01KPA4BY6T03V26PWB0EYS9PHX,65369828,2026,E-Katalog 6.0,BLUD,ETERNITY RAMA MEDIKA,E-Purchasing,Barang,Belanja Persediaan Bahan/Material Alat Kesehatan,PAYMENT OUTSIDE SYSTEM,6943050,0
KAB. SUKABUMI,UOBK RSUD SEKARWANGI - 1.02.0.00.0.00.01.0002,01KVB94G3G9HJA2WFC4T8SAYG3,63079700,2026,E-Katalog 6.0,BLUD,MEPROFARM,E-Purchasing,Barang,Belanja Obat-obatan-Obat,ON PROCESS,2659560,2659560
KAB. SUKABUMI,DINAS PEKERJAAN UMUM - 1.03.0.00.0.00.01.0000,10793588000,65073602,2026,Non Tender,APBD,CV. SANDRA BUANA,Pengadaan Langsung,Pengadaan Barang,Penyediaan Peralatan Rumah Tangga,SELESAI,104123000,0
KAB. SUKABUMI,DINAS PERUMAHAN DAN KAWASAN PERMUKIMAN - 1.03.1.04.2.11.01.0000,10905882000,67282038,2026,Non Tender,APBD,CV. Sumber Kuat,Pengadaan Langsung,Pekerjaan Konstruksi,Pembangunan Sarana air Bersih Kecamatan Cisaat Desa Padaasih Rt005-Rw002,SELESAI,194937795,194937795
KAB. SUKABUMI,UOBK RSUD SEKARWANGI - 1.02.0.00.0.00.01.0002,01KP2BP2KZYZPEZ3REEWTJHN6Y,63079700,2026,E-Katalog 6.0,BLUD,YARINDO FARMATAMA,E-Purchasing,Barang,Belanja Obat-obatan-Obat,ON PROCESS,9647276,9647276
KAB. SUKABUMI,UPTD PUSKESMAS CISAAT - 1.02.0.00.0.00.01.0053,01KJXSVFRQM1DMY3PHJ0QJTAQG,64692007,2026,E-Katalog 6.0,BLUD,KENANGA UTAMA PERMAI,E-Purchasing,Barang,Belanja Bahan Habis Pakai Alat Kesehatan (BHP Medis) Puskesmas Cisaat TA. 2026,COMPLETED,5054940,5054940
KAB. SUKABUMI,DINAS LINGKUNGAN HIDUP - 2.11.1.03.0.00.01.0000,01KN0ZYM89ENWDTCTSBK0XZT1M,66612938,2026,E-Katalog 6.0,APBD,PUSAKA MOTOR UTAMA,E-Purchasing,Jasa Lainnya,Belanja Pemeliharaan Alat Angkutan-Alat Angkutan Darat Bermotor-Kendaraan Bermotor Khusus - Pemeliharaan Pickup Angkutan Sampah ,ON PROCESS,149716800,149716800
KAB. SUKABUMI,UOBK RSUD SEKARWANGI - 1.02.0.00.0.00.01.0002,01KH8T2MZPTZD0MZ025HH05DEE,63079700,2026,E-Katalog 6.0,BLUD,YARINDO FARMATAMA,E-Purchasing,Barang,Belanja Obat-obatan-Obat,ON PROCESS,949050,949050
KAB. SUKABUMI,BADAN KEPEGAWAIAN DAN PENGEMBANGAN SUMBER DAYA MANUSIA - 5.03.5.04.0.00.01.0000,01KP7NP5CG1VJNRGEPX71GCX65,63972801,2026,E-Katalog 6.0,APBD,BERKAH DWI RASA,E-Purchasing,Jasa Lainnya,Belanja Makanan dan Minuman Panitia/Peserta PKP Angkatan V,ON PROCESS,162530000,162530000
KAB. SUKABUMI,BADAN PENANGGULANGAN BENCANA DAERAH - 1.05.0.00.0.00.02.0000,10786410000,64431444,2026,Non Tender,APBD,CV DIANA,Pengadaan Langsung,Pengadaan Barang,Belanja Alat/Bahan untuk Kegiatan Kantor-Perlengkapan Dinas,SELESAI,24300000,24300000
KAB. SUKABUMI,KECAMATAN CARINGIN - 7.01.0.00.0.00.03.0000,01KKG7XNNXA4E9DAA0BTNFJEHS,65886825,2026,E-Katalog 6.0,APBD,HADIL MAHASIN,E-Purchasing,Barang,Belanja Modal Personal Computer dan Peralatan computer,PAYMENT OUTSIDE SYSTEM,21989100,21989100
KAB. SUKABUMI,"BADAN PERENCANAAN PEMBANGUNAN, RISET DAN INOVASI DAERAH - 5.01.5.05.0.00.01.0000",01KJXN9K0542YW7NPAX4GRACE4,64727941,2026,E-Katalog 6.0,APBD,DERMA UTAMA ABADI,E-Purchasing,Jasa Lainnya,Belanja Makanan dan Minuman Rapat-Koordinasi Bidang Kewilayahan,ON PROCESS,2100000,2100000
KAB. SUKABUMI,DINAS PERUMAHAN DAN KAWASAN PERMUKIMAN - 1.03.1.04.2.11.01.0000,10884977000,67214402,2026,Non Tender,APBD,CV. CIPTA BINA PUTRA,Pengadaan Langsung,Pekerjaan Konstruksi,Pembangunan Sarana Air Bersih Kp. Babakan Baru Rt.003 Rw.005 Desa Pasirpanjang Kecamatan Ciracap,SELESAI,390035149,390035149
KAB. SUKABUMI,UPTD PUSKESMAS CIKAKAK - 1.02.0.00.0.00.01.0035,01KSH5PWAQ1X80K0XXJ9019PEC,65506343,2026,E-Katalog 6.0,BLUD,TOP-POINT MEDICAL,E-Purchasing,Barang,Belanja Obat-obatan- Obat-Obatan Lainnya (BMHP Medis) UPTD Puskesmas CIkakak Tahun 2026,ON PROCESS,6266727,6266727
KAB. SUKABUMI,UOBK RSUD SEKARWANGI - 1.02.0.00.0.00.01.0002,01KJ5AB1139X0M18A92DKZH2ZN,63079700,2026,E-Katalog 6.0,BLUD,AMAROX PHARMA GLOBAL,E-Purchasing,Barang,Belanja Obat-obatan-Obat,ON PROCESS,6899760,6899760
KAB. SUKABUMI,KECAMATAN CIBADAK - 7.01.0.00.0.00.05.0000,01KSS5YFQC0677104TYFRJQC8C,67200348,2026,E-Katalog 6.0,APBD,MAJU JAYA,E-Purchasing,Barang,Belanja Modal Alat Pendingin,ON PROCESS,1663890,1663890
KAB. SUKABUMI,DINAS PEKERJAAN UMUM - 1.03.0.00.0.00.01.0000,10928760000,66758100,2026,Non Tender,APBD,cv putra pakidulan,Pengadaan Langsung,Pekerjaan Konstruksi,Ruas Jalan Ciheulang Tonggoh - Caringin Kecamatan Caringin,SELESAI,373836381,373836381
KAB. SUKABUMI,UPTD PUSKESMAS CICURUG - 1.02.0.00.0.00.01.0044,01KNGBN7DZ8ZFTBR5S0D41BJTK,65369032,2026,E-Katalog 6.0,BLUD,BERNOFARM,E-Purchasing,Barang,Belanja Persediaan Bahan Obat - Obatan ,PAYMENT OUTSIDE SYSTEM,31105308,31105308
KAB. SUKABUMI,"DINAS KOMUNIKASI, INFORMATIKA DAN PERSANDIAN - 2.16.2.21.2.20.01.0000",10756182000,63431210,2026,Non Tender,APBD,CV. Afkara Putra Multimedia,Pengadaan Langsung,Jasa Lainnya,Pembuatan Video Animasi Literasi Digital,SELESAI,83640000,83640000
KAB. SUKABUMI,UPTD PUSKESMAS JAMPANGTENGAH - 1.02.0.00.0.00.01.0058,01KJ497C7NT53Q2PE9BK47AAEZ,65564675,2026,E-Katalog 6.0,BLUD,IMFARMIND FARMASI INDUSTRI,E-Purchasing,Barang,Belanja Obat-obatan,COMPLETED,4013205,4013205
KAB. SUKABUMI,UPTD PUSKESMAS GEGERBITUNG - 1.02.0.00.0.00.01.0009,01KQ1AVQFV7JBW1XSWZV04RT5X,66544716,2026,E-Katalog 6.0,BLUD,PHAPROS,E-Purchasing,Barang,Belanja Obat-Obatan-Obat,ON PROCESS,4662000,4662000
KAB. SUKABUMI,DINAS PERTANIAN - 3.27.2.09.0.00.01.0000,10866630000,63468819,2026,Non Tender,APBD,CV. AGUNG JAYA ABADI,Pengadaan Langsung,Pekerjaan Konstruksi,Persediaan Untuk Dijual/Diserahkan Lainnya - Jaringan Irigasi Pertanian Kec. Nyalindung Desa Cijangkar Poktan Cibodas,SELESAI,74776270,74776270
KAB. SUKABUMI,UPTD PUSKESMAS WARUNGKIARA - 1.02.0.00.0.00.01.0030,01KP2JWVSH3C7Y1E063BC9106E,66149129,2026,E-Katalog 6.0,BLUD,INDO PRIANGAN KATULISTIWA,E-Purchasing,Barang,Belanja Obat-Obatan Puskesmas Warungkiara,ON PROCESS,35833020,35833020
KAB. SUKABUMI,DINAS KEPENDUDUKAN DAN PENCATATAN SIPIL - 2.12.0.00.0.00.01.0000,01KHWM0PSMC0T37R6D9XW6EG5Y,65674948,2026,E-Katalog 6.0,APBD,RUSYDA,E-Purchasing,Jasa Lainnya,Belanja Pengadaan Blanko Kartu Identitas Anak (KIA),ON PROCESS,97694208,97694208
KAB. SUKABUMI,DINAS PEKERJAAN UMUM - 1.03.0.00.0.00.01.0000,10886416000,66619151,2026,Non Tender,APBD,CV. DIAN MANDIRI,Pengadaan Langsung,Pekerjaan Konstruksi,Daerah Irigasi Bojong Sawah Desa Cibaregbeg Kecamatan Sagaranten,SELESAI,281630780,281630780
KAB. SUKABUMI,UOBK RSUD SEKARWANGI - 1.02.0.00.0.00.01.0002,01KTECKMN6CM9HP390P1JAHVG9,63079700,2026,E-Katalog 6.0,BLUD,DAEWOONG INFION,E-Purchasing,Barang,Belanja Obat-obatan-Obat,ON PROCESS,8159992,8159992
KAB. SUKABUMI,DINAS LINGKUNGAN HIDUP - 2.11.1.03.0.00.01.0000,10757195000,63397484,2026,Non Tender,APBD,CV. ALUN UTAMA,Pengadaan Langsung,Jasa Lainnya,Belanja Jasa Kalibrasi,SELESAI,49506000,49506000
KAB. SUKABUMI,DINAS PERUMAHAN DAN KAWASAN PERMUKIMAN - 1.03.1.04.2.11.01.0000,10844621000,66952524,2026,Non Tender,APBD,CV. Sumber Kuat,Pengadaan Langsung,Pekerjaan Konstruksi,"Pembangunan Sarana Air Bersih Kp Babakan Rt 08 Rw 01 Desa Palasari Hilir Kecamatan Parungkuda, Kab Sukabumi",SELESAI,194949395,194949395
KAB. SUKABUMI,DINAS PERDAGANGAN DAN PERINDUSTRIAN - 3.31.3.29.3.30.01.0000,10925115000,63905376,2026,Non Tender,APBD,CV. TIGA DUA AMANAH,Pengadaan Langsung,Pekerjaan Konstruksi,Pekerjaan Pembuatan Drainase Pasar Surade,SELESAI,109477684,109477684
KAB. SUKABUMI,UPTD PUSKESMAS PALABUHANRATU - 1.02.0.00.0.00.01.0034,01KRQW2RN51AYZG1JWY7PKHPYM,67099317,2026,E-Katalog 6.0,BLUD,RESTU SUBAGYA,E-Purchasing,Barang,Belanja Modal Alat Rumah Tangga Lainnya (Home Use) Puskesmas Palabuhanratu,ON PROCESS,9601500,9601500
KAB. SUKABUMI,DINAS PERUMAHAN DAN KAWASAN PERMUKIMAN - 1.03.1.04.2.11.01.0000,10893544000,67240945,2026,Non Tender,APBD,CV BINTANG MAS,Pengadaan Langsung,Pekerjaan Konstruksi,Pembangunan Sarana Air Bersih Kecamatan Cibadak Desa Sukasirna Rt003-Rw006,SELESAI,195362097,195362097
KAB. SUKABUMI,DINAS PEKERJAAN UMUM - 1.03.0.00.0.00.01.0000,01KRCZA85S55GMV3W2ACQEMCGS,67113147,2026,E-Katalog 6.0,APBD,DENICONT ANUGERAH PRATAMA,E-Purchasing,Jasa Lainnya,Fasilitasi Sertifikasi Tenaga Kerja Konstruksi Kualifikasi Jabatan Operator dan Teknisi atau Analis Jenjang 5,PAYMENT OUTSIDE SYSTEM,69440000,69440000
KAB. SUKABUMI,UPTD PUSKESMAS SURADE - 1.02.0.00.0.00.01.0021,01KRFJRTN7VE8RZX03VPZCP3X7,65743561,2026,E-Katalog 6.0,BLUD,ZAYIN ZAHIRA,E-Purchasing,Barang,Belanja Pakaian Olahraga PKM Surade 2026,COMPLETED,17178360,17178360
KAB. SUKABUMI,UOBK RSUD SEKARWANGI - 1.02.0.00.0.00.01.0002,01KP2J0BQ30FPR7E0CBJA3QFRN,63079700,2026,E-Katalog 6.0,BLUD,BERNOFARM,E-Purchasing,Barang,Belanja Obat-obatan-Obat,ON PROCESS,12505260,12505260
KAB. SUKABUMI,DINAS PERUMAHAN DAN KAWASAN PERMUKIMAN - 1.03.1.04.2.11.01.0000,10878527000,65763036,2026,Non Tender,APBD,CV. GUNUNG CIPADUNG PERKASA,Pengadaan Langsung,Pekerjaan Konstruksi,Drainase kp cigaru inpres Rt 001/Rw 007 Desa Pasirpanjang Kecamatan Ciracap,SELESAI,95770552,95770552
KAB. SUKABUMI,DINAS PERDAGANGAN DAN PERINDUSTRIAN - 3.31.3.29.3.30.01.0000,10769200000,64943329,2026,Non Tender,APBD,CV ADHIGUNA BINTANG SELATAN,Pengadaan Langsung,Pengadaan Barang,Alat Tulis Kantor Dinas Perdagangan dan Perindustrian,SELESAI,70681200,70681200
KAB. SUKABUMI,DINAS PERUMAHAN DAN KAWASAN PERMUKIMAN - 1.03.1.04.2.11.01.0000,10834229000,65763139,2026,Non Tender,APBD,CV. CIPTA BINA PUTRA,Pengadaan Langsung,Pekerjaan Konstruksi,Pembangunan Sarana Air Bersih Jalan Tamajaya Desa Tamanjaya Kecamatan Ciemas Kabupaten Sukabumi,SELESAI,391025383,391025383
KAB. SUKABUMI,DINAS PERUMAHAN DAN KAWASAN PERMUKIMAN - 1.03.1.04.2.11.01.0000,10139824000,66476971,2026,Tender,APBD,,Seleksi,Jasa Konsultansi Badan Usaha Konstruksi,reviu gedung pemda,SELESAI,899100000,899100000
KAB. SUKABUMI,DINAS KESEHATAN - 1.02.0.00.0.00.01.0000,01KQ9EZ1C8XQ1G41A68KCMSBGA,65613325,2026,E-Katalog 6.0,APBD,HEXPHARM JAYA LABORATORIES,E-Purchasing,Barang,Pengadaan Obat Pelayanan Kesehatan Dasar PKD (DAK NF),ON PROCESS,41331960,41331960
KAB. SUKABUMI,DINAS PERHUBUNGAN - 2.15.0.00.0.00.01.0000,01KNPB9YJ7GP9QR6160TG88RZS,66861708,2026,E-Katalog 6.0,APBD,HADIL MAHASIN,E-Purchasing,Jasa Lainnya,Pemeliharaan pendingin/penyejuk ruangan (AC),PAYMENT OUTSIDE SYSTEM,13989330,13989330
KAB. SUKABUMI,"BADAN PERENCANAAN PEMBANGUNAN, RISET DAN INOVASI DAERAH - 5.01.5.05.0.00.01.0000",01KG6VHWVTS9EQ6FMDTETMPX4X,64614624,2026,E-Katalog 6.0,APBD,VIANIE,E-Purchasing,Jasa Lainnya,Belanja Makanan dan Minuman Rapat-Koordinasi Bidang Sumber Daya Alam,PAYMENT OUTSIDE SYSTEM,2800000,2800000
KAB. SUKABUMI,DINAS PEKERJAAN UMUM - 1.03.0.00.0.00.01.0000,10857109000,66614523,2026,Non Tender,APBD,CV.DELOK MAS,Pengadaan Langsung,Pekerjaan Konstruksi,Daerah Irigasi Rendra Desa Tegal Panjang Kecamatan Cireunghas,SELESAI,281197085,281197085
KAB. SUKABUMI,UPTD PUSKESMAS JAMPANGKULON - 1.02.0.00.0.00.01.0027,01KRAPK33J3D1MS95MBNGEB5WX,65602152,2026,E-Katalog 6.0,BLUD,BERNOFARM,E-Purchasing,Barang,Belanja Bahan Obat-obatan - BLUD Puskesmas Jampangkulon ,ON PROCESS,8235923,8235923
KAB. SUKABUMI,UOBK RSUD SEKARWANGI - 1.02.0.00.0.00.01.0002,01KNNCPXFN78Y641NRXHERTZN4,66510965,2026,E-Katalog 6.0,BLUD,TIARA AGUNG PRATAMA,E-Purchasing,Barang,Belanja Bahan-Bahan Kimia,ON PROCESS,95404500,95404500
KAB. SUKABUMI,DINAS PERUMAHAN DAN KAWASAN PERMUKIMAN - 1.03.1.04.2.11.01.0000,10905325000,67216140,2026,Non Tender,APBD,KARYA MANDIRI,Pengadaan Langsung,Pekerjaan Konstruksi,Pembangunan Sarana Air Bersih Kp Babakan Astana Rt 16 Rw 06 Desa Loji Kec Simpenan,SELESAI,144100897,144100897
KAB. SUKABUMI,DINAS PARIWISATA - 3.26.3.26.3.26.01.0000,01KHQWM5E1A0GH090H6ZV0T6QR,64620618,2026,E-Katalog 6.0,APBD,CIPTA BUMI PERSADA,E-Purchasing,Barang,Belanja Modal Mebel,ON PROCESS,45850003,45850003
KAB. SUKABUMI,UOBK RSUD SEKARWANGI - 1.02.0.00.0.00.01.0002,01KNRPPF3M4RSJ7T4RQWQ3H933,65511489,2026,E-Katalog 6.0,BLUD,BINTANG MEGAH PERSADA,E-Purchasing,Barang,Belanja Modal Alat Peraga Percontohan,ON PROCESS,400000,400000
KAB. SUKABUMI,UPTD PUSKESMAS CIDAHU - 1.02.0.00.0.00.01.0043,01KPMXHK5AAKJB7TD94KCHEBK2,66272931,2026,E-Katalog 6.0,BLUD,SATORIA ANEKA INDUSTRI,E-Purchasing,Barang,Belanja Bahan Obat-obatan puskesmas cidahu,ON PROCESS,1141291,1141291
KAB. SUKABUMI,UOBK RSUD SEKARWANGI - 1.02.0.00.0.00.01.0002,01KTWXFKT8FSVQZ71AD8MXQA7Q,63079700,2026,E-Katalog 6.0,BLUD,EISAI INDONESIA,E-Purchasing,Barang,Belanja Obat-obatan-Obat,ON PROCESS,1655843,1655843
KAB. SUKABUMI,UOBK RSUD SEKARWANGI - 1.02.0.00.0.00.01.0002,01KQPXADPPM7XNFH94Y7MEV5TR,66677124,2026,E-Katalog 6.0,BLUD,BINTANG MEGAH PERSADA,E-Purchasing,Jasa Lainnya," Belanja Jasa Penyelenggaraan Acara",ON PROCESS,4995000,4995000
KAB. SUKABUMI,UOBK RSUD SEKARWANGI - 1.02.0.00.0.00.01.0002,01KSF1A2APYJSDRGZS48QCNDBF,63077986,2026,E-Katalog 6.0,BLUD,KALBE FARMA,E-Purchasing,Barang,Belanja Bahan - Bahan Lainnya (BMHP Farmasi),ON PROCESS,46800000,0
KAB. SUKABUMI,UPTD PUSKESMAS CICANTAYAN - 1.02.0.00.0.00.01.0051,01KTQXCXVW8GHYH5ZZXSBA29PH,65438298,2026,E-Katalog 6.0,BLUD,MERSIFARMA TIRMAKU MERCUSANA,E-Purchasing,Barang,Belanja Obat-Obatan Puskesmas Cicantayan Tahun 2026,ON PROCESS,7499160,7499160
KAB. SUKABUMI,SATUAN POLISI PAMONG PRAJA - 1.05.0.00.0.00.03.0000,01KTVKQH4K0KFTPGS9R0KF5WWY,65544271,2026,E-Katalog 6.0,APBD,SAKTI PERKASA,E-Purchasing,Jasa Lainnya,Pengadaan Pakaian Taktikal Pol PP Beserta Atribut Kelengkapannya,ON PROCESS,50799150,50799150
KAB. SUKABUMI,UPTD PUSKESMAS PARAKANSALAK - 1.02.0.00.0.00.01.0041,01KW90GVWXQZFJ478FG5QF5HNF,67330077,2026,E-Katalog 6.0,BLUD,KENCANA INSAN MANDIRI,E-Purchasing,Barang,Belanja Pemeliharaan Alat Kantor dan Rumah Tangga-Alat Rumah Tangga-Alat Pembersih PPK BLUD Puskesmas Parakansalak 2026,ON PROCESS,34973365,34973365
KAB. SUKABUMI,UPTD PUSKESMAS CIJANGKAR - 1.02.0.00.0.00.01.0011,01KQC7110DZWRBKZ2HX96WCTZQ,65514944,2026,E-Katalog 6.0,BLUD,HOLIPAH,E-Purchasing,Barang,Belanja alat/Bahan untuk kegiatan perabot kantor Puskesmas Cijangkar,COMPLETED,520692,520692
KAB. SUKABUMI,DINAS PERHUBUNGAN - 2.15.0.00.0.00.01.0000,01KMQD5H9C56B6F6MG7WNCKVM0,64706833,2026,E-Katalog 6.0,APBD,TIGA DUA AMANAH,E-Purchasing,Jasa Lainnya,Pembangunan PJU di Wilayah Kec. Palabuhanratu (18 Titik),ON PROCESS,286513200,286513200
KAB. SUKABUMI,SEKRETARIAT DPRD - 4.02.0.00.0.00.01.0000,01KQEH24Q0W4RS6KXZ94PHN9MM,66780162,2026,E-Katalog 6.0,APBD,SAKTI PERKASA,E-Purchasing,Barang," Pengadaan Perabot Kantor, Perlengkapan Dinas Dan Alat/Bahan Untuk Kegiatan Kantor Lainnya ",ON PROCESS,160349712,160349712
KAB. SUKABUMI,UPTD PUSKESMAS LENGKONG - 1.02.0.00.0.00.01.0057,01KJVMFKHTV6TTX0KJ8S2K5FMV,65941512,2026,E-Katalog 6.0,APBD,INDO PRIANGAN KATULISTIWA,E-Purchasing,Barang,Belanja Bahan Medis Habis Pakai (BMHP),PAYMENT OUTSIDE SYSTEM,14618700,14618700
KAB. SUKABUMI,UOBK RSUD SEKARWANGI - 1.02.0.00.0.00.01.0002,01KTXEHF5SXSY1082TG0YCHP57,66273609,2026,E-Katalog 6.0,BLUD,COPYPASTE,E-Purchasing,Barang," Belanja Pakaian Dinas Harian (PDH)",ON PROCESS,20791989,20791989
KAB. SUKABUMI,DINAS PEKERJAAN UMUM - 1.03.0.00.0.00.01.0000,10928822000,66761459,2026,Non Tender,APBD,cv muhazzab fauzi mandiri,Pengadaan Langsung,Pekerjaan Konstruksi,Ruas Jalan Batas Kota - Nangewer Kecamatan Sukabumi,SELESAI,374117708,374117708
KAB. SUKABUMI,UPTD PUSKESMAS KALAPANUNGGAL - 1.02.0.00.0.00.01.0039,01KSH6MK1F3VMZAKSKMV0BSNVK,66278198,2026,E-Katalog 6.0,BLUD,MARIN LIZA FARMASI,E-Purchasing,Barang,Belanja Obat-Obatan-Obat,ON PROCESS,2592960,2592960
KAB. SUKABUMI,UPTD PUSKESMAS CIKIDANG - 1.02.0.00.0.00.01.0037,01KTWQP260CBSD5K19EE0CV378,65984533,2026,E-Katalog 6.0,BLUD,TRIMAN,E-Purchasing,Barang,Belanja Obat-Obatan-Obatan UPTD Puskesmas Cikidang,COMPLETED,19518624,19518624
KAB. SUKABUMI,DINAS PERUMAHAN DAN KAWASAN PERMUKIMAN - 1.03.1.04.2.11.01.0000,10904136000,65761416,2026,Non Tender,APBD,CV ALTHAF JAYA,Pengadaan Langsung,Pekerjaan Konstruksi,Jalan Lingkungan Rt001-Rw006 Desa Citarik Kecamatan Palabuhanratu,BERLANGSUNG,191351511,191351511
KAB. SUKABUMI,DINAS PERDAGANGAN DAN PERINDUSTRIAN - 3.31.3.29.3.30.01.0000,10860557000,63905397,2026,Non Tender,APBD,PT. Metrik Arsiplan Indonesia,Pengadaan Langsung,Jasa Konsultansi Badan Usaha Konstruksi,Jasa Konsultansi Pengawasan Pembangunan Drainase Pasar Jampangtengah,SELESAI,4020975,4020975
KAB. SUKABUMI,UPTD PUSKESMAS CISAAT - 1.02.0.00.0.00.01.0053,01KQV54Z7JFHS89VHPCNVA1FQD,64686932,2026,E-Katalog 6.0,BLUD,SAKTI PERKASA,E-Purchasing,Barang,Belanja Belanja Alat/Bahan untuk Kegiatan Kantor - Perabot Kantor Puskesmas Cisaat TA. 2026,COMPLETED,6354173,6354173
KAB. SUKABUMI,UPTD PUSKESMAS LENGKONG - 1.02.0.00.0.00.01.0057,01KS1RNDKK12RQ389RWTG74C8S,65749904,2026,E-Katalog 6.0,APBD,TRIMAN,E-Purchasing,Barang,Belanja Obat Pelayanan Kesehatan Dasar UPTD Puskesmas Lengkong,ON PROCESS,1887000,1887000
KAB. SUKABUMI,UOBK RSUD SEKARWANGI - 1.02.0.00.0.00.01.0002,01KW931WVNZYCGCQG71WDMHZC0,63077986,2026,E-Katalog 6.0,BLUD,SINAR RODA UTAMA,E-Purchasing,Barang,Belanja Bahan - Bahan Lainnya (BMHP Farmasi),ON PROCESS,5594400,0
KAB. SUKABUMI,DINAS PEKERJAAN UMUM - 1.03.0.00.0.00.01.0000,10916280000,66675734,2026,Non Tender,APBD,CV. ALKA PRATAMA MANDIRI,Pengadaan Langsung,Pekerjaan Konstruksi,Ruas Jalan Drs. Djaenudin Kecamatan Palabuhanratu,SELESAI,344157583,344157583
KAB. SUKABUMI,UPTD PUSKESMAS TAMANJAYA - 1.02.0.00.0.00.01.0025,01KRX1EX6SB6Q5JNDA72WD84BF,65746259,2026,E-Katalog 6.0,BLUD,BERNOFARM,E-Purchasing,Barang,Belanja Obat-Obatan-Obat e-Purchasing ,ON PROCESS,7011759,7011759
KAB. SUKABUMI,"DINAS KOMUNIKASI, INFORMATIKA DAN PERSANDIAN - 2.16.2.21.2.20.01.0000",01KH56TFNF85J5QHE94DZCV1TW,65304523,2026,E-Katalog 6.0,APBD,BUDI JAYA,E-Purchasing,Jasa Lainnya,Belanja Alat/Bahan untuk Kegiatan Kantor-Alat Tulis Kantor - Spanduk - Sub Kegiatan Pengelolaan Media Komunikasi Publik,PAYMENT OUTSIDE SYSTEM,30377592,30377592
KAB. SUKABUMI,UPTD PUSKESMAS GEGERBITUNG - 1.02.0.00.0.00.01.0009,01KKDF6AP4KSP543D3JQ6KVCDF,66383204,2026,E-Katalog 6.0,APBD,INDO ALTON PERKASA,E-Purchasing,Barang,Belanja Bahan Medis Habis Pakai Puskesmas Gegerbitung,ON PROCESS,5439000,5439000
KAB. SUKABUMI,DINAS PEKERJAAN UMUM - 1.03.0.00.0.00.01.0000,10861399000,66619787,2026,Non Tender,APBD,CV. KARYA TILU SOBAT,Pengadaan Langsung,Pekerjaan Konstruksi,Daerah Irigasi Cigobang Desa Pasir Suren Kecamatan Palabuhanratu,SELESAI,280976600,280976600
KAB. SUKABUMI,UPTD PUSKESMAS CISAAT - 1.02.0.00.0.00.01.0053,01KT5KDYYF6JDZW3CH9WSQ7TNX,64691552,2026,E-Katalog 6.0,BLUD,TRIMAN,E-Purchasing,Barang,Belanja Belanja Obat-Obatan-Obat Puskesmas Cisaat TA. 2026,ON PROCESS,1842600,1842600
KAB. SUKABUMI,DINAS PERUMAHAN DAN KAWASAN PERMUKIMAN - 1.03.1.04.2.11.01.0000,10867814000,67138877,2026,Non Tender,APBD,CV JASMINE FARM CIVIELBOUW,Pengadaan Langsung,Pekerjaan Konstruksi,Pembangunan Sarana Air Bersih Kp. Bojong kerta RT 02/02 Desa Cikarang Kec Jampangkulon,SELESAI,194961059,194961059
KAB. SUKABUMI,DINAS PERDAGANGAN DAN PERINDUSTRIAN - 3.31.3.29.3.30.01.0000,10788053000,65933947,2026,Non Tender,APBD,cv. ben's tour agency,Pengadaan Langsung,Pengadaan Barang,Belanja Alat/Bahan Logistik dan Perabot Kantor,SELESAI,78132800,78132800
KAB. SUKABUMI,UOBK RSUD SEKARWANGI - 1.02.0.00.0.00.01.0002,01KHTD2Y54ENS31VEMFEKHBJ05,65678329,2026,E-Katalog 6.0,BLUD,BAHAGIA,E-Purchasing,Barang,Belanja Alat/Bahan untuk Kegiatan Kantor-Suvenir/Cendera Mata,ON PROCESS,19850951,19850951
KAB. SUKABUMI,BADAN PENANGGULANGAN BENCANA DAERAH - 1.05.0.00.0.00.02.0000,01KJ5BGWMPY10GXTQCSJ3Y245Q,65599777,2026,E-Katalog 6.0,APBD,SAKTI PERKASA,E-Purchasing,Barang,Bufferstock Material Bangunan untuk Rumahan,ON PROCESS,382115280,382115280
KAB. SUKABUMI,DINAS PEKERJAAN UMUM - 1.03.0.00.0.00.01.0000,10886419000,66619598,2026,Non Tender,APBD,CV ALTHAF JAYA,Pengadaan Langsung,Pekerjaan Konstruksi,Daerah irigasi Ciasih II Desa Ciwalat Kecamatan Pabuaran,SELESAI,281552822,281552822
KAB. SUKABUMI,DINAS PERTANIAN - 3.27.2.09.0.00.01.0000,10801639000,63468868,2026,Non Tender,APBD,GUMELAR PRATAMA,Pengadaan Langsung,Pekerjaan Konstruksi,Persediaan Untuk Dijual/Diserahkan Lainnya - Jaringan Irigasi Pertanian Kec. Ciracap Desa Pasirpanjang Poktan Lestari Alam,SELESAI,199544324,199544324
KAB. SUKABUMI,DINAS PENDIDIKAN - 1.01.0.00.0.00.01.0000,10867854000,66235630,2026,Non Tender,APBD,CV. Cibatu Kontraktor,Pengadaan Langsung,Pekerjaan Konstruksi,Rehabilitasi Sedang / Berat Ruang Kelas SDN Cidadap 2  Kec. Cidahu,SELESAI,175846448,175846448
KAB. SUKABUMI,DINAS PEKERJAAN UMUM - 1.03.0.00.0.00.01.0000,10916481000,66349872,2026,Non Tender,APBD,CV DWINA BERKAH,Pengadaan Langsung,Pekerjaan Konstruksi,Ruas Jalan Cibeureum - Goalpara Kecamatan Sukaraja,SELESAI,373870850,373870850
KAB. SUKABUMI,DINAS PEKERJAAN UMUM - 1.03.0.00.0.00.01.0000,10916301000,66766402,2026,Non Tender,APBD,CITRA BUANA,Pengadaan Langsung,Pekerjaan Konstruksi,Ruas Jalan Ubrug - Sirnajaya Kecamatan Warungkiara,SELESAI,186571948,186571948
KAB. SUKABUMI,UPTD PUSKESMAS BOJONGGENTENG - 1.02.0.00.0.00.01.0040,01KPSCJW5FZBCEGVBZ1H8QERH2,66872527,2026,E-Katalog 6.0,BLUD,ETERNITY RAMA MEDIKA,E-Purchasing,Barang,Belanja Modal Alat Kedokteran Umum,COMPLETED,1975800,1975800
KAB. SUKABUMI,DINAS KESEHATAN - 1.02.0.00.0.00.01.0000,10891565000,66862171,2026,Non Tender,APBD,CV.FITRAH JAYA ABADI,Pengadaan Langsung,Pekerjaan Konstruksi,Rehabilitasi Puskesmas Pembantu [Pustu]  Babakan Desa Parakanlima Puskesmas Cikembar,SELESAI,156961000,156961000
KAB. SUKABUMI,UPTD PUSKESMAS PARUNGKUDA - 1.02.0.00.0.00.01.0042,01KVAT2CCHJJW80XBGCG3E6YHQ,66289012,2026,E-Katalog 6.0,BLUD,IMFARMIND FARMASI INDUSTRI,E-Purchasing,Barang,Belanja obat-obatan (obat) Parungkuda Parungkuda ,ON PROCESS,3254298,3254298
KAB. SUKABUMI,DINAS KEPENDUDUKAN DAN PENCATATAN SIPIL - 2.12.0.00.0.00.01.0000,01KG6EZ23Z7S2Z8WFYE3HBXN5B,64498821,2026,E-Katalog 6.0,APBD,AKASIA,E-Purchasing,Jasa Lainnya,Belanja Beban Jasa Konversi Aplikasi/Sistem Informasi,PAYMENT OUTSIDE SYSTEM,82017927,82017927
KAB. SUKABUMI,DINAS PEMADAM KEBAKARAN DAN PENYELAMATAN - 1.05.0.00.0.00.01.0000,01KK21E5QEYA7SDXTTCHR5T1D3,66010519,2026,E-Katalog 6.0,APBD,KARYA PUTRA SUBANGJAYA,E-Purchasing,Jasa Lainnya,Belanja Pemeliharaan Kendaraan Bermotor Khusus (Mobil Pemadam Kebakaran),ON PROCESS,29509350,29509350
KAB. SUKABUMI,DINAS PETERNAKAN - 3.27.0.00.0.00.01.0000,01KHSVKY292ZY5VBQTHDSVAFQV,64545921,2026,E-Katalog 6.0,APBD,BINA SENTOSA MANDIRI,E-Purchasing,Barang,Belanja Perlengkapan Pendukung Pengobatan,ON PROCESS,12129414,12129414
KAB. SUKABUMI,UOBK RSUD SEKARWANGI - 1.02.0.00.0.00.01.0002,01KV9JRT7HD2XGZV4K03G134QC,63079700,2026,E-Katalog 6.0,BLUD,SYDNA FARMA,E-Purchasing,Barang,Belanja Obat-obatan-Obat,ON PROCESS,14430555,0
KAB. SUKABUMI,KECAMATAN PARUNGKUDA - 7.01.0.00.0.00.36.0000,01KVSDY14ASNNK6NTQJJX4E1J9,67149269,2026,E-Katalog 6.0,APBD,CIPTA BUMI PERSADA,E-Purchasing,Barang,Belanja Modal Mebel,ON PROCESS,12300000,12300000
KAB. SUKABUMI,"DINAS KEBUDAYAAN, PEMUDA DAN OLAHRAGA - 2.22.2.19.0.00.01.0000",10846915000,66542126,2026,Non Tender,APBD,CV. FARRAS MAKMUR JAYA,Pengadaan Langsung,Jasa Lainnya,Festival Pasanggiri Silat,SELESAI,99025000,99025000
KAB. SUKABUMI,UPTD PUSKESMAS BOJONGGENTENG - 1.02.0.00.0.00.01.0040,01KKDE7WDTGE9ZNAMZE0FD8B34,65549461,2026,E-Katalog 6.0,BLUD,MARIN LIZA FARMASI,E-Purchasing,Barang,Belanja Bahan Obat - Obatan,COMPLETED,745920,745920
KAB. SUKABUMI,UPTD PUSKESMAS CIRACAP - 1.02.0.00.0.00.01.0023,01KJ717KBSN21XAW55G6Y3704G,65631591,2026,E-Katalog 6.0,BLUD,AFIFARMA,E-Purchasing,Barang," Beban Obat-Obatan-Obat ",COMPLETED,722066,722066
KAB. SUKABUMI,BADAN KEPEGAWAIAN DAN PENGEMBANGAN SUMBER DAYA MANUSIA - 5.03.5.04.0.00.01.0000,01KGGPA57F1PGKW7WE0WMQ7H3Q,64150743,2026,E-Katalog 6.0,APBD,SADULUR SAJATI,E-Purchasing,Jasa Lainnya,Belanja Alat/Bahan untuk Kegiatan Kantor-Alat Tulis Kantor,PAYMENT OUTSIDE SYSTEM,12953700,12953700
KAB. SUKABUMI,DINAS PENDIDIKAN - 1.01.0.00.0.00.01.0000,10884815000,66269175,2026,Non Tender,APBD,CV. AULIA MECCA,Pengadaan Langsung,Pekerjaan Konstruksi,Rehabilitasi Sedang / Berat Ruang Kelas SDN Cikopeng  Kec. Sagaranten,SELESAI,278218514,278218514
KAB. SUKABUMI,DINAS PEKERJAAN UMUM - 1.03.0.00.0.00.01.0000,10863918000,66621718,2026,Non Tender,APBD,CV. JAYA LAKSANA,Pengadaan Langsung,Pekerjaan Konstruksi,Daerah Irigasi Cipanumbangan Desa Panumbangan Kecamatan Jampang Tengah,SELESAI,281473927,281473927
KAB. SUKABUMI,DINAS PENDIDIKAN - 1.01.0.00.0.00.01.0000,10865667000,66235616,2026,Non Tender,APBD,CV. RAYA BERLIANS,Pengadaan Langsung,Pekerjaan Konstruksi,Rehabilitasi Sedang / Berat Ruang Kelas SDN Kalapa indah  Kec. Cidadap,SELESAI,277938618,277938618
KAB. SUKABUMI,DINAS ARSIP DAN PERPUSTAKAAN - 2.24.2.23.0.00.01.0000,01KHBA2AA1SVMC0KY81K12R76J,63948752,2026,E-Katalog 6.0,APBD,SAKTI PERKASA,E-Purchasing,Barang,Belanja Alat/Bahan untuk Kegiatan Kantor-Perabot Kantor,PAYMENT OUTSIDE SYSTEM,29643507,29643507
KAB. SUKABUMI,UPTD PUSKESMAS SELAJAMBE - 1.02.0.00.0.00.01.0054,01KVSX73JRAS4AGAWXG8ZB3H2S,65941537,2026,E-Katalog 6.0,BLUD,ARRAHMAN BERKAH ABADI,E-Purchasing,Barang,Belanja Alat / Bahan untuk Kegiatan Kantor-Alat Tulis Kantor ( BLUD ),COMPLETED,2986733,2986733
KAB. SUKABUMI,DINAS PEKERJAAN UMUM - 1.03.0.00.0.00.01.0000,10851555000,66619977,2026,Non Tender,APBD,CV. Eka Mandiri,Pengadaan Langsung,Pekerjaan Konstruksi,Daerah Irigasi Cipinang Ciletuh Desa Mekarmukti Kecamatan Waluran,SELESAI,48640673,48640673
KAB. SUKABUMI,DINAS PEKERJAAN UMUM - 1.03.0.00.0.00.01.0000,10132078000,66986567,2026,Tender,APBD,PT. Sisarti Baksya Asasta,Seleksi,Jasa Konsultansi Badan Usaha Konstruksi,DED Daerah Irigasi Citampian,SELESAI,198678900,198678900
KAB. SUKABUMI,DINAS PEKERJAAN UMUM - 1.03.0.00.0.00.01.0000,10855643000,66752712,2026,Non Tender,APBD,CV. Rakyat Merdeka,Pengadaan Langsung,Pekerjaan Konstruksi,Ruas Jalan Kopeng - Cipetir Kecamatan Sukabumi,SELESAI,374127838,374127838
KAB. SUKABUMI,UOBK RSUD SEKARWANGI - 1.02.0.00.0.00.01.0002,01KF9YY434CTQESW5MQ6PWZHS3,63077986,2026,E-Katalog 6.0,BLUD,KASTARA TEKNOLOGI INTERNASIONAL,E-Purchasing,Barang,Belanja Bahan - Bahan Lainnya (BMHP Farmasi),ON PROCESS,37540022,0
KAB. SUKABUMI,DINAS LINGKUNGAN HIDUP - 2.11.1.03.0.00.01.0000,10928212000,67285652,2026,Non Tender,APBD,CV. Pondasi Alam Prima,Pengadaan Langsung,Pekerjaan Konstruksi,Pemeliharaan lahan parkir,SELESAI,194499446,194499446
KAB. SUKABUMI,DINAS PERUMAHAN DAN KAWASAN PERMUKIMAN - 1.03.1.04.2.11.01.0000,10908117000,65761426,2026,Non Tender,APBD,CV. MAHA DEWA CONTRACTOR,Pengadaan Langsung,Pekerjaan Konstruksi,Jalan Lingkungan Rt003-Rw001 Desa Kutasirna Kecamatan Cisaat,SELESAI,191368378,191368378
KAB. SUKABUMI,DINAS PEMBERDAYAAN MASYARAKAT DAN DESA - 2.13.0.00.0.00.01.0000,01KKEQD63KE5HVX8R8ZC4D8YJN,64630979,2026,E-Katalog 6.0,APBD,ARRAHMAN BERKAH ABADI,E-Purchasing,Barang,Alat Tulis Kantor,ON PROCESS,39323526,39323526
KAB. SUKABUMI,DINAS SOSIAL - 1.06.0.00.0.00.01.0000,01KQRNRY56EYWZ308913CVBFJ0,65017178,2026,E-Katalog 6.0,APBD,BIMO PUTRA,E-Purchasing,Barang,Pengadaan Pakaian batik untuk pengurus LLI Tingkat Kecamatan,PAYMENT OUTSIDE SYSTEM,12155610,12155610
KAB. SUKABUMI,DINAS PENDIDIKAN - 1.01.0.00.0.00.01.0000,10885029000,66269066,2026,Non Tender,APBD,CV. RAKSA DIVA JAGARAKSA WWA,Pengadaan Langsung,Pekerjaan Konstruksi,Rehabilitasi Sedang / Berat Ruang Kelas SDN Pabuaran Kec. Pabuaran,SELESAI,92364722,92364722
KAB. SUKABUMI,DINAS LINGKUNGAN HIDUP - 2.11.1.03.0.00.01.0000,10909578000,67285622,2026,Non Tender,APBD,CV. Pondasi Alam Prima,Pengadaan Langsung,Jasa Lainnya,Pengecatan Interior Tembok,SELESAI,12470649,12470649
KAB. SUKABUMI,DINAS PERUMAHAN DAN KAWASAN PERMUKIMAN - 1.03.1.04.2.11.01.0000,10899541000,67096372,2026,Non Tender,APBD,CV. PURNAMA KARYATAMA,Pengadaan Langsung,Pekerjaan Konstruksi,Pembangunan/Rehabilitasi Sarana/Prasarana/Fasilitas Kantor Polres Sukabumi - Palabuhanratu,SELESAI,393665272,393665272
KAB. SUKABUMI,UOBK RSUD SEKARWANGI - 1.02.0.00.0.00.01.0002,01KHMZ5PSTCK9JTDMVPRX9DN0V,63079700,2026,E-Katalog 6.0,BLUD,BERNOFARM,E-Purchasing,Barang,Belanja Obat-obatan-Obat,ON PROCESS,10678200,10678200
KAB. SUKABUMI,UPTD PUSKESMAS CIDAHU - 1.02.0.00.0.00.01.0043,01KKGQV3D1ZGR3FCMESHW78PX7,66270867,2026,E-Katalog 6.0,BLUD,TIARA AGUNG PRATAMA,E-Purchasing,Barang,Belanja Bahan obat-obtan lainnya/material alat kesehatan puskesmas cidahu,PAYMENT OUTSIDE SYSTEM,611027,0
KAB. SUKABUMI,DINAS PERTANIAN - 3.27.2.09.0.00.01.0000,10800525000,63468799,2026,Non Tender,APBD,CV AD KARYA,Pengadaan Langsung,Pekerjaan Konstruksi,Persediaan Untuk Dijual/Diserahkan Lainnya - Jaringan Irigasi Pertanian Kec. Surade Desa Pasiripis Poktan Cilumayan,SELESAI,199928332,199928332
KAB. SUKABUMI,DINAS PERIKANAN - 3.25.0.00.0.00.01.0000,10786078000,65376458,2026,Non Tender,APBD,CV.MURNI JAYA,Pengadaan Langsung,Pengadaan Barang,Fasilitasi Restocking yang Bernilai Konservasi Tinggi,SELESAI,89625000,0
KAB. SUKABUMI,DINAS PENGENDALIAN PENDUDUK DAN KELUARGA BERENCANA - 2.14.0.00.0.00.01.0000,10809825000,65927431,2026,Non Tender,APBD,BUANA ADEN PERKASA,Pengadaan Langsung,Pekerjaan Konstruksi,Rehabilitasi Gedung Kantor UPT Dalduk Kecamatan Waluran,SELESAI,348611000,348611000
KAB. SUKABUMI,DINAS PEMBERDAYAAN MASYARAKAT DAN DESA - 2.13.0.00.0.00.01.0000,01KVD0XCEZFEX6DXNNNSHBDF9T,64451450,2026,E-Katalog 6.0,APBD,HADIL MAHASIN,E-Purchasing,Barang,Perlengkapan Dinas,ON PROCESS,12498600,12498600
KAB. SUKABUMI,DINAS PEKERJAAN UMUM - 1.03.0.00.0.00.01.0000,10803043000,66368101,2026,Non Tender,APBD,CV. Adhinata Utama,Pengadaan Langsung,Pekerjaan Konstruksi,Ruas Jalan Parungkuda - Langbow Kecamatan Ciambar,SELESAI,372702416,372702416
KAB. SUKABUMI,"BADAN PERENCANAAN PEMBANGUNAN, RISET DAN INOVASI DAERAH - 5.01.5.05.0.00.01.0000",01KJBZS3E4PWZF0NQTHX5MPS50,64567853,2026,E-Katalog 6.0,APBD,VIANIE,E-Purchasing,Jasa Lainnya,Belanja Makanan dan Minuman Rapat-Harmonisasi Bidang Perekonomian,PAYMENT OUTSIDE SYSTEM,2100000,2100000
KAB. SUKABUMI,DINAS PEKERJAAN UMUM - 1.03.0.00.0.00.01.0000,10840241000,66694716,2026,Non Tender,APBD,CV BINTANG MAS,Pengadaan Langsung,Pekerjaan Konstruksi,Pembuatan TPT Ruas Jalan Pasir Kasongket - Pasidikan Kecamatan Cibitung,SELESAI,98135226,98135226
KAB. SUKABUMI,UPTD PUSKESMAS JAMPANGTENGAH - 1.02.0.00.0.00.01.0058,01KKFYRK15DQD07DYRXFXCKK4Q,65564675,2026,E-Katalog 6.0,BLUD,BERNOFARM,E-Purchasing,Barang,Belanja Obat-obatan,ON PROCESS,2648349,2648349
KAB. SUKABUMI,SEKRETARIAT DAERAH - 4.01.0.00.0.00.01.0000,10768247000,64654694,2026,Non Tender,APBD,PT.PARAHYANG MEGATAMA KONSULTAN,Pengadaan Langsung,Jasa Konsultansi Badan Usaha Non Konstruksi,Belanja Jasa Konsultan Penyusunan Kajian Analisis Kelayakan Pendirian BUMD Aneka Usaha,SELESAI,99680000,99680000
KAB. SUKABUMI,UPTD PUSKESMAS CIJANGKAR - 1.02.0.00.0.00.01.0011,01KJEFEN7J8FS0XTYA769EBBGW,65513588,2026,E-Katalog 6.0,BLUD,HOLIPAH,E-Purchasing,Barang,Beban Alat/Bahan untuk Kegiatan Kantor - Kertas dan Cover (Fotokopi) Puskesmas Cijangkar,COMPLETED,316478,316478
KAB. SUKABUMI,DINAS PERTANIAN - 3.27.2.09.0.00.01.0000,10799965000,63468859,2026,Non Tender,APBD,CV. CAHAYA CIBATU MANDIRI,Pengadaan Langsung,Pekerjaan Konstruksi,Persediaan Untuk Dijual/Diserahkan Lainnya - Jaringan Irigasi Pertanian Kec. Surade Desa Kadaleman Poktan Cikupa,SELESAI,184877900,184877900
KAB. SUKABUMI,"DINAS KOMUNIKASI, INFORMATIKA DAN PERSANDIAN - 2.16.2.21.2.20.01.0000",01KK14A6KFXGPDS1SGK1X7188H,65304523,2026,E-Katalog 6.0,APBD,BUDI JAYA,E-Purchasing,Jasa Lainnya,Belanja Alat/Bahan untuk Kegiatan Kantor-Alat Tulis Kantor - Spanduk - Sub Kegiatan Pengelolaan Media Komunikasi Publik,PAYMENT OUTSIDE SYSTEM,20251728,20251728
KAB. SUKABUMI,DINAS PERHUBUNGAN - 2.15.0.00.0.00.01.0000,01KH9BQF4GZRG2KPM7NW3CDZHZ,64706806,2026,E-Katalog 6.0,APBD,ARKASA PUTRA PRATAMA,E-Purchasing,Jasa Lainnya,Pembangunan PJU di Wilayah Kec. Kalibunder (9 Titik),ON PROCESS,143156700,143156700
KAB. SUKABUMI,DINAS PENGENDALIAN PENDUDUK DAN KELUARGA BERENCANA - 2.14.0.00.0.00.01.0000,10811592000,66737844,2026,Non Tender,APBD,cv. cipta grha hafara,Pengadaan Langsung,Jasa Konsultansi Badan Usaha Konstruksi,Jasa Konsultan Pengawasan Rehabilitasi Gedung Kantor UPT Dalduk Kecamatan Cidolog,SELESAI,18759000,18759000
KAB. SUKABUMI,UOBK RSUD SEKARWANGI - 1.02.0.00.0.00.01.0002,01KS43SR95FJ7E9CZQ01MP4788,63077986,2026,E-Katalog 6.0,BLUD,TERUMO INDONESIA,E-Purchasing,Barang,Belanja Bahan - Bahan Lainnya (BMHP Farmasi),ON PROCESS,25305669,0
KAB. SUKABUMI,UPTD PUSKESMAS SELAJAMBE - 1.02.0.00.0.00.01.0054,01KS7CMQ2ZMEQ6BJD47JG433VV,65942316,2026,E-Katalog 6.0,BLUD,SADULUR SAJATI,E-Purchasing,Barang,Belanja Cetak dan Penggandaan ( BLUD ),COMPLETED,1805992,1805992
KAB. SUKABUMI,UPTD PUSKESMAS SIMPENAN - 1.02.0.00.0.00.01.0033,01KK32MNXWHS70ZWCDQY6WXRG6,65189555,2026,E-Katalog 6.0,BLUD,IMFARMIND FARMASI INDUSTRI,E-Purchasing,Barang,Belanja Obat - Obatan - Obat di Puskesmas Simpenan,COMPLETED,4584300,4584300
KAB. SUKABUMI,UPTD PUSKESMAS BANTARGADUNG - 1.02.0.00.0.00.01.0031,01KPYTWW4XF9ZK49W0AD8RPAC9,66286510,2026,E-Katalog 6.0,BLUD,HEXPHARM JAYA LABORATORIES,E-Purchasing,Barang,Belanja bahan obat-obatan (Puskesmas Bantargadung),ON PROCESS,2071815,2071815
KAB. SUKABUMI,DINAS KESEHATAN - 1.02.0.00.0.00.01.0000,01KK140HHBRE80NK68W2TKYN2P,66180421,2026,E-Katalog 6.0,APBD,COPYPASTE,E-Purchasing,Jasa Lainnya,Pengadaan Stiker Kawasan Tanpa Rokok,PAYMENT OUTSIDE SYSTEM,77056200,77056200
KAB. SUKABUMI,DINAS PEMADAM KEBAKARAN DAN PENYELAMATAN - 1.05.0.00.0.00.01.0000,10819024000,63795163,2026,Non Tender,APBD,SATRIA MUDA,Pengadaan Langsung,Pekerjaan Konstruksi,Pembuatan Sumur Bor,SELESAI,41769311,41769311
KAB. SUKABUMI,DINAS KESEHATAN - 1.02.0.00.0.00.01.0000,01KS4T3560BPEQRG3WZ81KW1GF,65613325,2026,E-Katalog 6.0,APBD,YARINDO FARMATAMA,E-Purchasing,Barang,Pengadaan Obat Pelayanan Kesehatan Dasar PKD (DAK NF),ON PROCESS,21466512,21466512
KAB. SUKABUMI,UOBK RSUD SEKARWANGI - 1.02.0.00.0.00.01.0002,01KFWSP77NZCH7R65DP84VK4JG,63079700,2026,E-Katalog 6.0,BLUD,DEXA MEDICA,E-Purchasing,Barang,Belanja Obat-obatan-Obat,ON PROCESS,27290948,27290948
KAB. SUKABUMI,DINAS PERUMAHAN DAN KAWASAN PERMUKIMAN - 1.03.1.04.2.11.01.0000,10147977000,66553130,2026,Tender,APBD,,Tender,Pekerjaan Konstruksi,PSU Perum Benteng Royal Residence desa Benda Kec. Cicurug,BERLANGSUNG,789835824,789835824
KAB. SUKABUMI,DINAS PERHUBUNGAN - 2.15.0.00.0.00.01.0000,01KK0EG5NBDQQ13CYA7VE0206X,64750064,2026,E-Katalog 6.0,APBD,ARRAHMAN BERKAH ABADI,E-Purchasing,Barang,Belanja Alat/Bahan untuk Kegiatan Kantor- Kertas dan Cover,PAYMENT OUTSIDE SYSTEM,26257050,26257050
KAB. SUKABUMI,DINAS PENDIDIKAN - 1.01.0.00.0.00.01.0000,10867850000,66235596,2026,Non Tender,APBD,CV TIARA ABADI,Pengadaan Langsung,Pekerjaan Konstruksi,Rehabilitasi Sedang / Berat Ruang Kelas SDN Lembursawah 1  Kec. Cicantayan,BERLANGSUNG,166657266,166657266
KAB. SUKABUMI,DINAS SOSIAL - 1.06.0.00.0.00.01.0000,01KP7SMCT7WB2W6DEZF92R8S00,66920005,2026,E-Katalog 6.0,APBD,RAJA ALKES MEDIKA,E-Purchasing,Barang,Pengadaan Alat Bantu Fisik Berdasarkan Pengajuan/Penanganan Kasus,ON PROCESS,11398590,11398590
KAB. SUKABUMI,DINAS PERTANIAN - 3.27.2.09.0.00.01.0000,10866119000,63468783,2026,Non Tender,APBD,CV AURA BANGUN PERSADA,Pengadaan Langsung,Pekerjaan Konstruksi,Persediaan Untuk Dijual/Diserahkan Lainnya - Jaringan Irigasi Pertanian Kec. Surade Desa Cipeundeuy Poktan Sukarama,SELESAI,184760509,184760509
KAB. SUKABUMI,DINAS PERDAGANGAN DAN PERINDUSTRIAN - 3.31.3.29.3.30.01.0000,10858107000,63905345;63905374,2026,Non Tender,APBD,CV. Restu Karya,Pengadaan Langsung,Jasa Konsultansi Badan Usaha Konstruksi,Jasa Konsultansi Perencanaan Pembangunan Toilet dan Perbaikan Gazebo Pasar Wisata Kadudampit,SELESAI,10548680,10548680
KAB. SUKABUMI,DINAS PENGENDALIAN PENDUDUK DAN KELUARGA BERENCANA - 2.14.0.00.0.00.01.0000,10122685000,66292004,2026,Tender,APBD,CV. Bintang Jaya Perkasa,Tender,Pekerjaan Konstruksi,Pembangunan Gedung Kantor UPT Dalduk Kecamatan Cibitung,SELESAI,719526000,719526000
KAB. SUKABUMI,DINAS PERUMAHAN DAN KAWASAN PERMUKIMAN - 1.03.1.04.2.11.01.0000,10915890000,67216177,2026,Non Tender,APBD,cv. putra mandiri,Pengadaan Langsung,Pekerjaan Konstruksi,Pembangunan Drainase Rt 006 Rw 002 Desa Kalibunder Kec Kalibunder,SELESAI,91368296,91368296
KAB. SUKABUMI,UPTD PUSKESMAS CIBADAK - 1.02.0.00.0.00.01.0050,01KVZRNM4H3T9XH9DRS7KHWXXV,65788852,2026,E-Katalog 6.0,BLUD,GLOBAL MULTI PHARMALAB,E-Purchasing,Barang,Belanja Bahan Obat-Obatan-Obat Puskesmas Cibadak 2026,ON PROCESS,6549000,6549000
KAB. SUKABUMI,DINAS KESEHATAN - 1.02.0.00.0.00.01.0000,10889360000,66862147,2026,Non Tender,APBD,CV. MAHA DEWA CONTRACTOR,Pengadaan Langsung,Pekerjaan Konstruksi,Rehabilitasi Puskesmas Pembantu [Pustu]  Cibuntu  Puskesmas Simpenan,SELESAI,163710000,163710000
KAB. SUKABUMI,UOBK RSUD SEKARWANGI - 1.02.0.00.0.00.01.0002,01KFMNDNE2KEBXDP7H76VAEKDY,63079700,2026,E-Katalog 6.0,BLUD,SATORIA ANEKA INDUSTRI,E-Purchasing,Barang,Belanja Obat-obatan-Obat,ON PROCESS,246697500,246697500
KAB. SUKABUMI,KECAMATAN JAMPANG KULON - 7.01.0.00.0.00.24.0000,01KJGG1FMMYDAQM50HDFABDB4M,66033681,2026,E-Katalog 6.0,APBD,KARYA ABADI PUTRA,E-Purchasing,Barang,Belanja Modal Peralatan dan Mesin,ON PROCESS,110278500,110278500
KAB. SUKABUMI,DINAS PERIKANAN - 3.25.0.00.0.00.01.0000,10821406000,65389999,2026,Non Tender,APBD,CV. Putra Kembar Perkasa,Pengadaan Langsung,Pengadaan Barang,Pengadaan Sarana Usaha Perikanan Tangkap KUB. KOREKMAS,SELESAI,174950000,0
KAB. SUKABUMI,UPTD PUSKESMAS NAGRAK - 1.02.0.00.0.00.01.0048,01KH8CJGKC9RQ7GM08W6V6QV7C,65327385,2026,E-Katalog 6.0,BLUD,KENCANA INSAN MANDIRI,E-Purchasing,Barang,belanja modal peralatan dan mesin-peralatan personal komputer,COMPLETED,6999660,6999660
KAB. SUKABUMI,UOBK RSUD SEKARWANGI - 1.02.0.00.0.00.01.0002,01KHMX2ZYJM6JBHCV9JCYVB065,63079700,2026,E-Katalog 6.0,BLUD,GLAXO WELLCOME INDONESIA,E-Purchasing,Barang,Belanja Obat-obatan-Obat,ON PROCESS,7961564,0
KAB. SUKABUMI,UOBK RSUD SEKARWANGI - 1.02.0.00.0.00.01.0002,01KT3H7E5PMBQKH37YP74ZPGA0,63077986,2026,E-Katalog 6.0,BLUD,EUFRAT MED,E-Purchasing,Barang,Belanja Bahan - Bahan Lainnya (BMHP Farmasi),ON PROCESS,6149400,0
KAB. SUKABUMI,DINAS PERUMAHAN DAN KAWASAN PERMUKIMAN - 1.03.1.04.2.11.01.0000,10827788000,65761432,2026,Non Tender,APBD,CV. MAHA DEWA CONTRACTOR,Pengadaan Langsung,Pekerjaan Konstruksi,Jalan Lingkungan Rt004-Rw013 Desa Langensari Kecamatan Sukaraja,SELESAI,191366357,191366357
KAB. SUKABUMI,DINAS PERTANIAN - 3.27.2.09.0.00.01.0000,10861906000,65032262,2026,Non Tender,APBD,PT. Palabuhan Agro Makmur,Pengadaan Langsung,Pengadaan Barang,"Belanja Bahan-Bahan Kimia : Pengadaan Insektisida, Fungisida dan Herbisida Kegiatan Dukungan Sarana dan Prasarana Usaha Tani Tembakau",SELESAI,36000000,0
KAB. SUKABUMI,DINAS KESEHATAN - 1.02.0.00.0.00.01.0000,10894116000,65538000,2026,Non Tender,APBD,ANUGRAH CIPTA CONSULTANT,Pengadaan Langsung,Jasa Konsultansi Badan Usaha Konstruksi,Belanja Jasa Konsultansi Pengawasan Rehabilitasi Puskesmas,SELESAI,16905000,16905000
KAB. SUKABUMI,"BADAN PERENCANAAN PEMBANGUNAN, RISET DAN INOVASI DAERAH - 5.01.5.05.0.00.01.0000",01KKJW6KY41Z9SMCP1D5JQSKC4,64614693,2026,E-Katalog 6.0,APBD,VIANIE,E-Purchasing,Jasa Lainnya,Belanja Makanan dan Minuman Rapat-Asistensi Bidang Sumber Daya Alam,PAYMENT OUTSIDE SYSTEM,2100000,2100000
KAB. SUKABUMI,UPTD KLINIK KESEHATAN DAERAH DAN LABORATORIUM KESEHATAN DAERAH - 1.02.0.00.0.00.01.0062,01KR3AECWEZQXG0G3E2TWZJGHA,65525399,2026,E-Katalog 6.0,BLUD,STANDARD BIOSENSOR HEALTHCARE,E-Purchasing,Barang,Belanja Bahan Bahan Kimia Laboratorium Medis ,COMPLETED,21716496,21716496
KAB. SUKABUMI,UPTD PUSKESMAS CIKAKAK - 1.02.0.00.0.00.01.0035,01KPPZYBWZ1W7XTN5T3KH2RSCW,65505795,2026,E-Katalog 6.0,BLUD,INDO PRIANGAN KATULISTIWA,E-Purchasing,Barang,Belanja Obat-obatan- Obat UPTD Puskesmas Cikakak Tahun 2026,ON PROCESS,88433700,88433700
KAB. SUKABUMI,UPTD PUSKESMAS WARUNGKIARA - 1.02.0.00.0.00.01.0030,01KV4FGSGNDM25FHQ1W9PFKRCD,66149364,2026,E-Katalog 6.0,BLUD,INDO PRIANGAN KATULISTIWA,E-Purchasing,Barang,Belanja Bahan Medis Habis Pakai Puskesmas Warungkiara,ON PROCESS,2131200,2131200
KAB. SUKABUMI,DINAS PENDIDIKAN - 1.01.0.00.0.00.01.0000,01KWC2SJYWGF2F91JDH5G3194Y,67313312,2026,E-Katalog 6.0,APBD,ZAURA JAYA KONSTRUKSI,E-Purchasing,Barang,Pengadaan Peralatan Olahraga Anak ( POA ) SD,ON PROCESS,198556800,198556800
KAB. SUKABUMI,UPTD PUSKESMAS CITARIK - 1.02.0.00.0.00.01.0032,01KJPEV21HZ7V0JWC2HTF0PCHN,65505780,2026,E-Katalog 6.0,BLUD,NOVAPHARIN,E-Purchasing,Barang,Belanja Obat Puskesmas Citarik (e-Catalog),PAYMENT OUTSIDE SYSTEM,15384600,15384600
KAB. SUKABUMI,DINAS KETAHANAN PANGAN - 2.09.2.09.2.09.01.0000,01KP2N1M87PC1G1Y8W6CMNDCS5,66897165,2026,E-Katalog 6.0,APBD,ARRAHMAN BERKAH ABADI,E-Purchasing,Barang,Penyediaan Bahan Logistik,PAYMENT OUTSIDE SYSTEM,9855734,9855734
KAB. SUKABUMI,DINAS KEPENDUDUKAN DAN PENCATATAN SIPIL - 2.12.0.00.0.00.01.0000,01KG6EH12H3PQRG3H3Z13MK8FX,64094537,2026,E-Katalog 6.0,APBD,SAKTI PERKASA,E-Purchasing,Jasa Lainnya,Belanja Bahan/Peralatan Kebersihan Lingkup Dinas,PAYMENT OUTSIDE SYSTEM,9149175,9149175
KAB. SUKABUMI,UOBK RSUD SEKARWANGI - 1.02.0.00.0.00.01.0002,01KVQ20S6ZA668N1A3PNXH8YFG,63077986,2026,E-Katalog 6.0,BLUD,INDOMEDIKA SOLUSINDO,E-Purchasing,Barang,Belanja Bahan - Bahan Lainnya (BMHP Farmasi),ON PROCESS,5699994,0
KAB. SUKABUMI,UPTD PUSKESMAS CIBADAK - 1.02.0.00.0.00.01.0050,01KT9E4XENFM01N2KTXHWY77C2,65788863,2026,E-Katalog 6.0,BLUD,PHAPROS,E-Purchasing,Barang,Belanja Habis Pakai Alat Kesehatan (BHP Medis) Puskesmas Cibadak 2026,ON PROCESS,2214450,2214450
KAB. SUKABUMI,UOBK RSUD SEKARWANGI - 1.02.0.00.0.00.01.0002,01KPMJTH88GEQDY54A49HNNNKW,63077986,2026,E-Katalog 6.0,BLUD,GLOBAL DISPOMEDIKA,E-Purchasing,Barang,Belanja Bahan - Bahan Lainnya (BMHP Farmasi),ON PROCESS,64508649,0
KAB. SUKABUMI,UPTD PUSKESMAS KARAWANG - 1.02.0.00.0.00.01.0003,01KKWVJNQMQV511SJQPVGMCBG6,66903877,2026,E-Katalog 6.0,BLUD,GRAHA FARMA,E-Purchasing,Barang,Belanja Obat-Obatan PPK BLUD UPT Puskesmas Karawang Tahun 2026,COMPLETED,2442000,2442000
KAB. SUKABUMI,"BADAN PERENCANAAN PEMBANGUNAN, RISET DAN INOVASI DAERAH - 5.01.5.05.0.00.01.0000",01KHFSDMEGPRGCX0W2HR3M2W4H,64780217,2026,E-Katalog 6.0,APBD,RIZKI KURNIA,E-Purchasing,Barang,Belanja Alat Tulis Kantor,PAYMENT OUTSIDE SYSTEM,151785329,151785329
KAB. SUKABUMI,UOBK RSUD SEKARWANGI - 1.02.0.00.0.00.01.0002,01KK0SRC19KPDADGH96CV65Y1Y,63079700,2026,E-Katalog 6.0,BLUD,BERNOFARM,E-Purchasing,Barang,Belanja Obat-obatan-Obat,ON PROCESS,77430603,77430603
KAB. SUKABUMI,UPTD PUSKESMAS CARINGIN - 1.02.0.00.0.00.01.0052,01KVFBETJZQYBBGG2HXSP8YGTT,65660215,2026,E-Katalog 6.0,BLUD,INDO PRIANGAN KATULISTIWA,E-Purchasing,Barang,Belanja Obat-Obatan-Obat-Obatan Lainnya Puskesmas Caringin,ON PROCESS,2109000,2109000
KAB. SUKABUMI,UOBK RSUD SEKARWANGI - 1.02.0.00.0.00.01.0002,01KVCWJ00WJHT0QV7M01XB1Y28,66275153,2026,E-Katalog 6.0,BLUD,COPYPASTE,E-Purchasing,Barang," Belanja Alat/Bahan untuk Kegiatan Kantor-Bahan Cetak",ON PROCESS,36421189,36421189
KAB. SUKABUMI,DINAS PENDIDIKAN - 1.01.0.00.0.00.01.0000,10869992000,66141500,2026,Non Tender,APBD,CV. BERKAH BERSINAR ABADI,Pengadaan Langsung,Pekerjaan Konstruksi,Pembangunan Ruang Kelas Baru SDN Tarisi  Kec. Simpenan,SELESAI,179608730,179608730
KAB. SUKABUMI,UOBK RSUD SEKARWANGI - 1.02.0.00.0.00.01.0002,01KVPV1YJC7T7EP9KJA20FCGPK,63079700,2026,E-Katalog 6.0,BLUD,SIMEX PHARMACEUTICAL INDONESIA,E-Purchasing,Barang,Belanja Obat-obatan-Obat,ON PROCESS,11988000,11988000
KAB. SUKABUMI,UPTD PUSKESMAS KADUDAMPIT - 1.02.0.00.0.00.01.0056,01KVS9GEJ7F8XAE5SYQJQ7AJ0N,66460082,2026,E-Katalog 6.0,BLUD,ZAYIN ZAHIRA,E-Purchasing,Barang,Belanja Pengadaan Peralatan dan Mesin - Printer + scaner Puskesmas Kadudampit,COMPLETED,4440000,4440000
KAB. SUKABUMI,DINAS KESEHATAN - 1.02.0.00.0.00.01.0000,01KKC0R6E3X0DHXVBJP3F2C50H,67148229,2026,E-Katalog 6.0,APBD,MUARA SAKTI,E-Purchasing,Barang,Pengadaan BMHP Penunjang Pelayanan Kesehatan Gratis (SILPA DAU SG),PAYMENT OUTSIDE SYSTEM,143547873,143547873
KAB. SUKABUMI,UOBK RSUD SEKARWANGI - 1.02.0.00.0.00.01.0002,01KMMHE7PCNHYJZ94PDZZBKWWA,63079700,2026,E-Katalog 6.0,BLUD,NOVELL PHARMACEUTICAL LABORATORIES,E-Purchasing,Barang,Belanja Obat-obatan-Obat,ON PROCESS,6510150,6510150
KAB. SUKABUMI,UPTD PUSKESMAS CICURUG - 1.02.0.00.0.00.01.0044,01KNGBW14FFM532WNCFKDEJYDR,65369032,2026,E-Katalog 6.0,BLUD,OTSUKA INDONESIA,E-Purchasing,Barang,Belanja Persediaan Bahan Obat - Obatan ,PAYMENT OUTSIDE SYSTEM,2374068,2374068
KAB. SUKABUMI,DINAS KEPENDUDUKAN DAN PENCATATAN SIPIL - 2.12.0.00.0.00.01.0000,01KJAQCNEM1RDPGRGDQRD76QXC,64090789,2026,E-Katalog 6.0,APBD,RUSYDA,E-Purchasing,Jasa Lainnya,Belanja Cetak Formulir Pelayanan F-2.03,ON PROCESS,24465750,24465750
KAB. SUKABUMI,DINAS KESEHATAN - 1.02.0.00.0.00.01.0000,01KNJP1DGFX61JNE622D8DN40X,66830585,2026,E-Katalog 6.0,APBD,ZAYIN ZAHIRA,E-Purchasing,Barang,Belanja Alat/Bahan untuk Kegiatan Kantor-Alat Listrik - Penyediaan Komponen Instalasi Listrik/Penerangan Bangunan Kantor,PAYMENT OUTSIDE SYSTEM,25922496,25922496
KAB. SUKABUMI,DINAS KESEHATAN - 1.02.0.00.0.00.01.0000,01KN43JPNEEXKHAS1S8VMW6E7H,65523643,2026,E-Katalog 6.0,APBDP,LAM PINTAR PARIPURNA,E-Purchasing,Jasa Lainnya,Belanja Kursus Singkat/Pelatihan,ON PROCESS,702000000,702000000
KAB. SUKABUMI,UOBK RSUD SEKARWANGI - 1.02.0.00.0.00.01.0002,01KTBVE28DNJRFKFHMRYYD37ET,63079700,2026,E-Katalog 6.0,BLUD,DEXA MEDICA,E-Purchasing,Barang,Belanja Obat-obatan-Obat,ON PROCESS,18461520,18461520
KAB. SUKABUMI,UOBK RSUD SEKARWANGI - 1.02.0.00.0.00.01.0002,01KH0AK45MMDN1HXN54XEF2Y0E,63367589,2026,E-Katalog 6.0,BLUD,BINTANG MEGAH PERSADA,E-Purchasing,Barang,Belanja Modal Alat Pendingin,ON PROCESS,169989978,169989978
KAB. SUKABUMI,DINAS PERIKANAN - 3.25.0.00.0.00.01.0000,10812467000,66235550,2026,Non Tender,APBD,CV BINTANG MAS,Pengadaan Langsung,Pengadaan Barang,Pengadaan Bantuan ABPI KUB Lembayung,SELESAI,184800000,0
KAB. SUKABUMI,"BADAN PERENCANAAN PEMBANGUNAN, RISET DAN INOVASI DAERAH - 5.01.5.05.0.00.01.0000",01KKAHSWND8GGZ4Z94ACAJ1TD4,64567689,2026,E-Katalog 6.0,APBD,VIANIE,E-Purchasing,Jasa Lainnya,Belanja Makanan dan Minuman Rapat-Asistensi Bidang Perekonomian,PAYMENT OUTSIDE SYSTEM,2100000,2100000
KAB. SUKABUMI,UPTD PUSKESMAS NAGRAK - 1.02.0.00.0.00.01.0048,01KNJVHCG5NEF9F2QFY1SDGGZ2,65314538,2026,E-Katalog 6.0,BLUD,ETERNITY RAMA MEDIKA,E-Purchasing,Barang,Belanja Modal alat kedokteran lainnya,ON PROCESS,3036960,3036960
KAB. SUKABUMI,DINAS PEKERJAAN UMUM - 1.03.0.00.0.00.01.0000,10135893000,66695854,2026,Tender,APBD,CV Bungsu Putra Kontruksi,Tender,Pekerjaan Konstruksi,Ruas Jalan Parungkuda - Langbow Kecamatan Ciambar,SELESAI,916808562,916808562
KAB. SUKABUMI,DINAS PERUMAHAN DAN KAWASAN PERMUKIMAN - 1.03.1.04.2.11.01.0000,10872884000,67163148,2026,Non Tender,APBD,CV. BERKAH BERSINAR ABADI,Pengadaan Langsung,Pekerjaan Konstruksi,"Pembangunan Drainase Kp Tegaljoho RT 01 RW 04 Desa Mandrajaya Kec Ciemas Kab Sukabumi, Kab Sukabumi",SELESAI,95802132,95802132
KAB. SUKABUMI,UOBK RSUD SEKARWANGI - 1.02.0.00.0.00.01.0002,01KTBTBPYE3KX0ADZRGM5MABTB,63077986,2026,E-Katalog 6.0,BLUD,BINA ARTHA SEMESTA,E-Purchasing,Barang,Belanja Bahan - Bahan Lainnya (BMHP Farmasi),ON PROCESS,49467150,0
KAB. SUKABUMI,DINAS PENDIDIKAN - 1.01.0.00.0.00.01.0000,10796884000,66036897,2026,Non Tender,APBD,CV. TIRTA MENTARI,Pengadaan Langsung,Jasa Konsultansi Badan Usaha Konstruksi,Jasa Konsultan Perencanaan Rehabilitasi Sedang / Berat Ruang Kelas SD Wilayah 2,SELESAI,35495000,35495000
KAB. SUKABUMI,UOBK RSUD SEKARWANGI - 1.02.0.00.0.00.01.0002,01KK8AMEHCAA23JY8DF51BVRW6,63079700,2026,E-Katalog 6.0,BLUD,ASTRAZENECA INDONESIA,E-Purchasing,Barang,Belanja Obat-obatan-Obat,ON PROCESS,15083479,0
KAB. SUKABUMI,DINAS KESEHATAN - 1.02.0.00.0.00.01.0000,01KQBYSKEVCD3RC5WS7TWERB4B,66751067,2026,E-Katalog 6.0,APBD,COPYPASTE,E-Purchasing,Jasa Lainnya,Belanja Alat/Bahan untuk Kegiatan Kantor - Penyediaan Media KIE Tuberkulosis,ON PROCESS,78810000,78810000
KAB. SUKABUMI,UPTD PUSKESMAS PARUNGKUDA - 1.02.0.00.0.00.01.0042,01KVSFFB517MSM6RMMYAEGGF0S,66288754,2026,E-Katalog 6.0,BLUD,SOLA INTI BERSAMA,E-Purchasing,Barang,Belanja obat-obatan lainnya (habis pakai alat kesehatan/BHP medis) Parungkuda Parungkuda ,ON PROCESS,35714250,35714250
KAB. SUKABUMI,DINAS KESEHATAN - 1.02.0.00.0.00.01.0000,01KSTR6846JS2A8QCHXV3388HQ,66232416,2026,E-Katalog 6.0,APBD,TRI PUTRA ALKESINDO,E-Purchasing,Barang,Pengadaan BMHP Deteksi Dini IVA Tes dan HPV DNA,ON PROCESS,195939975,0
KAB. SUKABUMI,UOBK RSUD SEKARWANGI - 1.02.0.00.0.00.01.0002,10774894000,64923930,2026,Non Tender,BLUD,PT. Alamgir Hakli Indonesia,Pengadaan Langsung,Pekerjaan Konstruksi,Belanja Modal Bangunan - Pemasangan Biotank,SELESAI,99454500,99454500
KAB. SUKABUMI,UPTD PUSKESMAS CARINGIN - 1.02.0.00.0.00.01.0052,01KVSAF41A44TWV8E6M22T2WTP,65660215,2026,E-Katalog 6.0,BLUD,MULAWARMAN KESADA MEDICALINDO,E-Purchasing,Barang,Belanja Obat-Obatan-Obat-Obatan Lainnya Puskesmas Caringin,ON PROCESS,6282600,6282600
KAB. SUKABUMI,UPTD PUSKESMAS CIKIDANG - 1.02.0.00.0.00.01.0037,01KKGBR7CF88QT5MXRHJKF5AXT,65984533,2026,E-Katalog 6.0,BLUD,HEXPHARM JAYA LABORATORIES,E-Purchasing,Barang,Belanja Obat-Obatan-Obatan UPTD Puskesmas Cikidang,COMPLETED,3532020,3532020
KAB. SUKABUMI,UPTD PUSKESMAS CIKEMBAR - 1.02.0.00.0.00.01.0060,01KJCANN3PEWRN1Q637BCAVTX4,65500161,2026,E-Katalog 6.0,BLUD,ZAYIN ZAHIRA,E-Purchasing,Barang,Belanja Alat/Bahan untuk Kegiatan Kantor-Bahan Cetak-Penggandaan Puskesmas Cikembar Tahun 2026,PAYMENT OUTSIDE SYSTEM,5854362,5854362
KAB. SUKABUMI,DINAS PERUMAHAN DAN KAWASAN PERMUKIMAN - 1.03.1.04.2.11.01.0000,10862919000,65763043,2026,Non Tender,APBD,CV. LAKSANA ABADI,Pengadaan Langsung,Pekerjaan Konstruksi,"Drainase Kp. Ciagra Rt. 003/002,Desa Mandrajaya Kec Ciemas Kab. Sukabumi, Kab. Sukabumi",SELESAI,95792445,95792445
KAB. SUKABUMI,DINAS PERHUBUNGAN - 2.15.0.00.0.00.01.0000,01KH944M3JQHP4SG5HAX5EHKEN,64706884,2026,E-Katalog 6.0,APBD,D'BEST KREASINDO UTAMA,E-Purchasing,Jasa Lainnya,Pembangunan PJU di Wilayah Desa Cibatu Kecamatan Cikembar (10 Titik),ON PROCESS,159285000,159285000
KAB. SUKABUMI,DINAS PERTANIAN - 3.27.2.09.0.00.01.0000,10843682000,63468762,2026,Non Tender,APBD,CV HRZ MULTI UTAMA,Pengadaan Langsung,Pekerjaan Konstruksi,Persediaan Untuk Dijual/Diserahkan Lainnya - Jaringan Irigasi Pertanian Kec. Surade Desa Buniwangi Poktan Ciherang,SELESAI,230952396,230952396
KAB. SUKABUMI,DINAS PENDIDIKAN - 1.01.0.00.0.00.01.0000,10898782000,66270899,2026,Non Tender,APBD,"Amira Putri, CV",Pengadaan Langsung,Pekerjaan Konstruksi,Rehabilitasi Sedang / Berat Ruang Kelas SDN Cikaso  Kec. Tegalbuleud,SELESAI,278500000,278500000
KAB. SUKABUMI,UPTD PUSKESMAS CIKAKAK - 1.02.0.00.0.00.01.0035,01KQ8YC31DY5S6CZPHTAPPGRMM,65505795,2026,E-Katalog 6.0,BLUD,PHAPROS,E-Purchasing,Barang,Belanja Obat-obatan- Obat UPTD Puskesmas Cikakak Tahun 2026,ON PROCESS,2390385,2390385
KAB. SUKABUMI,DINAS ARSIP DAN PERPUSTAKAAN - 2.24.2.23.0.00.01.0000,01KSEK28SB71RDH3PW4YHBDH85,66117217,2026,E-Katalog 6.0,APBD,SAKTI PERKASA,E-Purchasing,Barang,Belanja Alat/Bahan untuk Kegiatan Kantor-Alat Tulis Kantor,ON PROCESS,6382500,6382500
KAB. SUKABUMI,UOBK RSUD SEKARWANGI - 1.02.0.00.0.00.01.0002,01KP2BCM6D6KJ9QDTK2GJKRCH5,63079700,2026,E-Katalog 6.0,BLUD,DEXA MEDICA,E-Purchasing,Barang,Belanja Obat-obatan-Obat,ON PROCESS,14430000,14430000
KAB. SUKABUMI,UOBK RSUD SEKARWANGI - 1.02.0.00.0.00.01.0002,01KS70EW9KT7A1J3BHYP62TTHW,63077986,2026,E-Katalog 6.0,BLUD,KASTARA TEKNOLOGI INTERNASIONAL,E-Purchasing,Barang,Belanja Bahan - Bahan Lainnya (BMHP Farmasi),ON PROCESS,55795029,55795029
KAB. SUKABUMI,DINAS PERTANIAN - 3.27.2.09.0.00.01.0000,10891274000,63468755,2026,Non Tender,APBD,Cv Sayaka Berkah Utama,Pengadaan Langsung,Pekerjaan Konstruksi,Persediaan Untuk Dijual/Diserahkan Lainnya - Jaringan Irigasi Pertanian Kec. Waluran Desa Mekarmukti Poktan Harapan Jaya,SELESAI,57146135,57146135
KAB. SUKABUMI,DINAS PERTANIAN - 3.27.2.09.0.00.01.0000,10799047000,63468790,2026,Non Tender,APBD,CV MARISA,Pengadaan Langsung,Pekerjaan Konstruksi,Persediaan Untuk Dijual/Diserahkan Lainnya - Jaringan Irigasi Pertanian Kec. Surade Desa Pasiripis Poktan Cinursan,SELESAI,199872822,199872822
KAB. SUKABUMI,UPTD PUSKESMAS CIAMBAR - 1.02.0.00.0.00.01.0046,01KMXVBNEJQM0CGDHSGD067PD2,65715590,2026,E-Katalog 6.0,BLUD,HOLI PHARMA,E-Purchasing,Barang,Belanja Obat-obatan,ON PROCESS,3643020,3643020
KAB. SUKABUMI,UPTD PUSKESMAS CICURUG - 1.02.0.00.0.00.01.0044,01KKAV2KNRD20DJDB2HEAH18XE,65369032,2026,E-Katalog 6.0,BLUD,INDO PRIANGAN KATULISTIWA,E-Purchasing,Barang,Belanja Persediaan Bahan Obat - Obatan ,PAYMENT OUTSIDE SYSTEM,7115100,7115100
KAB. SUKABUMI,DINAS KEPENDUDUKAN DAN PENCATATAN SIPIL - 2.12.0.00.0.00.01.0000,01KMT5DV4YH0TXCGXW7BHEWWT4,64093288,2026,E-Katalog 6.0,APBD,SADULUR SAJATI,E-Purchasing,Jasa Lainnya,Belanja Cetak Resi Pengambilan,PAYMENT OUTSIDE SYSTEM,19648166,19648166
KAB. SUKABUMI,INSPEKTORAT - 6.01.0.00.0.00.01.0000,01KPQFBWTVBWGAGCCEHYXT24WR,65002903,2026,E-Katalog 6.0,APBD,NADIA CIPTA MANDIRI,E-Purchasing,Jasa Lainnya,Pengadaan Barang Cetakan,PAYMENT OUTSIDE SYSTEM,32910390,32910390
KAB. SUKABUMI,DINAS PERHUBUNGAN - 2.15.0.00.0.00.01.0000,10819544000,64749104,2026,Non Tender,APBD,PUTRA RAJA BANGUN USAHA,Pengadaan Langsung,Jasa Konsultansi Badan Usaha Konstruksi,Jasa Konsultansi Pengawasan Pemeliharaan Gedung Kantor,SELESAI,5661000,5661000
KAB. SUKABUMI,DINAS KESEHATAN - 1.02.0.00.0.00.01.0000,01KSW6Y87NDTZFYR0W6D1JE3B0,65523642,2026,E-Katalog 6.0,APBDP,TEKNOLOGI SATU NUSANTARA,E-Purchasing,Jasa Lainnya,Belanja Kursus Singkat/Pelatihan,ON PROCESS,298800000,298800000
KAB. SUKABUMI,UOBK RSUD SEKARWANGI - 1.02.0.00.0.00.01.0002,01KPT418XHK488T7H1J0M6W1C7,63077986,2026,E-Katalog 6.0,BLUD,SINAR RODA UTAMA,E-Purchasing,Barang,Belanja Bahan - Bahan Lainnya (BMHP Farmasi),ON PROCESS,8391600,0
KAB. SUKABUMI,UPTD RSUD SAGARANTEN - 1.02.0.00.0.00.01.0063,01KNH01G2GGT49A0JKYJWXRS36,65737969,2026,E-Katalog 6.0,BLUD,TESSA MEISA RAHAYU,E-Purchasing,Barang,Belanja Cetak BLUD RSUD Sagaranten,ON PROCESS,14645784,14645784
KAB. SUKABUMI,UOBK RSUD SEKARWANGI - 1.02.0.00.0.00.01.0002,01KTR97BZS91ZVZP8RGYGGF9EE,63079700,2026,E-Katalog 6.0,BLUD,FERRON PAR PHARMACEUTICALS,E-Purchasing,Barang,Belanja Obat-obatan-Obat,ON PROCESS,36950479,36950479
KAB. SUKABUMI,UOBK RSUD SEKARWANGI - 1.02.0.00.0.00.01.0002,01KV4GWABGR74FJ8V94A0369TC,63079700,2026,E-Katalog 6.0,BLUD,BERNOFARM,E-Purchasing,Barang,Belanja Obat-obatan-Obat,ON PROCESS,33393351,33393351
KAB. SUKABUMI,DINAS PERIKANAN - 3.25.0.00.0.00.01.0000,10780429000,65379359,2026,Non Tender,APBD,Cv. Harmoni karya,Pengadaan Langsung,Jasa Konsultansi Badan Usaha Konstruksi,Jasa konsultan perencanaan review design TPI lokasi KNMP Cisolok,SELESAI,99678000,99678000
KAB. SUKABUMI,UPTD PUSKESMAS CIBADAK - 1.02.0.00.0.00.01.0050,01KJXWVBHJ0FD38G0F3B7KXHWA,65788242,2026,E-Katalog 6.0,BLUD,FURNAMA FURNITURE,E-Purchasing,Barang,Belanja Modal Peralatan Personal Computer Puskesmas Cibadak 2026,ON PROCESS,25752000,25752000
KAB. SUKABUMI,DINAS PEKERJAAN UMUM - 1.03.0.00.0.00.01.0000,10801120000,66248085,2026,Non Tender,APBD,CV. TIGA PERKASA,Pengadaan Langsung,Pekerjaan Konstruksi,Ruas Jalan Cicurug  - Pasirpacar Kecamatan Cicurug,SELESAI,372246915,372246915
KAB. SUKABUMI,BADAN KEPEGAWAIAN DAN PENGEMBANGAN SUMBER DAYA MANUSIA - 5.03.5.04.0.00.01.0000,01KH83SACQWTG75GS8TE5TA1WJ,64977122,2026,E-Katalog 6.0,APBD,ARRAHMAN BERKAH ABADI,E-Purchasing,Barang,Belanja Alat Komputer Lainya dan Alat Kantor Lainnya,PAYMENT OUTSIDE SYSTEM,11374725,11374725
KAB. SUKABUMI,UPTD PUSKESMAS BANTARGADUNG - 1.02.0.00.0.00.01.0031,01KRWCSWJDMFV7NVT6EZE6XDXS,66286510,2026,E-Katalog 6.0,BLUD,HEXPHARM JAYA LABORATORIES,E-Purchasing,Barang,Belanja bahan obat-obatan (Puskesmas Bantargadung),ON PROCESS,3219000,3219000
KAB. SUKABUMI,UOBK RSUD SEKARWANGI - 1.02.0.00.0.00.01.0002,01KH0RKP08MSZD8G3D39KKFWT5,65007706,2026,E-Katalog 6.0,BLUD,SUGIHARTO TECHNOLOGY SOLUSINDO,E-Purchasing,Jasa Lainnya,Belanja Jasa Konversi Aplikasi/Sistem Informasi,ON PROCESS,94500000,94500000
KAB. SUKABUMI,DINAS TENAGA KERJA DAN TRANSMIGRASI - 2.07.3.32.0.00.01.0000,01KJEKC0N3XXVBZ3VRR0WK246Y,64197214,2026,E-Katalog 6.0,APBD,CIPTA BUMI PERSADA,E-Purchasing,Barang,Belanja Alat/Bahan untuk Kegiatan Kantor-Alat Listrik,PAYMENT OUTSIDE SYSTEM,17298795,17298795
KAB. SUKABUMI,UPTD PUSKESMAS PURABAYA - 1.02.0.00.0.00.01.0012,01KKDM00YJKK6RVC3RK2JPK62Z,66326199,2026,E-Katalog 6.0,BLUD,INDO PRIANGAN KATULISTIWA,E-Purchasing,Barang,Belanja Pengadaan Obat-obatan Lainnya (BMHP) UPTD Puskesmas Purabaya ,ON PROCESS,14426670,14426670
KAB. SUKABUMI,UPTD PUSKESMAS BOJONGGENTENG - 1.02.0.00.0.00.01.0040,01KMN8MY3N1MBG653CSSRQE4WQ,65549575,2026,E-Katalog 6.0,BLUD,KENCANA INSAN MANDIRI,E-Purchasing,Barang,Belanja Bahan Bahan Habis Pakai,COMPLETED,1346014,1346014
KAB. SUKABUMI,DINAS PEKERJAAN UMUM - 1.03.0.00.0.00.01.0000,10828803000,66743436,2026,Non Tender,APBD,CV. ARRAYYAN JAYA MANDIRI,Pengadaan Langsung,Pekerjaan Konstruksi,Pembuatanan TPT Ruas Jalan Mangkalaya - Cibentang Kecamatan Gunungguruh,SELESAI,185355757,185355757
KAB. SUKABUMI,DINAS PERUMAHAN DAN KAWASAN PERMUKIMAN - 1.03.1.04.2.11.01.0000,10894260000,67216163,2026,Non Tender,APBD,CV. NAYRA CAHAYA KONSTRUKSI,Pengadaan Langsung,Pekerjaan Konstruksi,Pembangunan Drainase Kp Sembah Dalem Dan Kp Karadenan Desa Cimahi Kec Cicantayan,SELESAI,243930489,243930489
KAB. SUKABUMI,BADAN PENDAPATAN DAERAH - 5.02.0.00.0.00.02.0000,01KVS8CSJVGKKZMM9JVXEZHWB9,67349111,2026,E-Katalog 6.0,APBD,CARTENZ TECHNOLOGY INDONESIA,E-Purchasing,Jasa Lainnya,Pembuatan/Pengembangan Sistem Web atau Aplikasi,ON PROCESS,299900000,299900000
KAB. SUKABUMI,UOBK RSUD SEKARWANGI - 1.02.0.00.0.00.01.0002,10818340000,66649348,2026,Non Tender,BLUD,PUTRA RAJA BANGUN USAHA,Pengadaan Langsung,Jasa Konsultansi Badan Usaha Konstruksi,Jasa konsultansi pengawasan Renovasi ruang PONEK,SELESAI,8769000,8769000
KAB. SUKABUMI,DINAS PERTANIAN - 3.27.2.09.0.00.01.0000,10843680000,63468822,2026,Non Tender,APBD,CV. MEKAR RAYA SEJATI,Pengadaan Langsung,Pekerjaan Konstruksi,Persediaan Untuk Dijual/Diserahkan Lainnya - Jaringan Irigasi Pertanian Kec. Cibitung Desa Cibodas Poktan Karya Bakti,SELESAI,74761150,74761150
KAB. SUKABUMI,DINAS PEKERJAAN UMUM - 1.03.0.00.0.00.01.0000,10928761000,66758194,2026,Non Tender,APBD,CV. PILAR NUSANTARA ABADI,Pengadaan Langsung,Pekerjaan Konstruksi,Ruas Jalan Gudang - Caringin Kulon Kecamatan Caringin,SELESAI,373925937,373925937
KAB. SUKABUMI,UPTD PUSKESMAS CARINGIN - 1.02.0.00.0.00.01.0052,01KKB14NN7NT0DT98D5Q6VAHND,65660215,2026,E-Katalog 6.0,BLUD,KENANGA UTAMA PERMAI,E-Purchasing,Barang,Belanja Obat-Obatan-Obat-Obatan Lainnya Puskesmas Caringin,COMPLETED,13508700,13508700
KAB. SUKABUMI,DINAS PEKERJAAN UMUM - 1.03.0.00.0.00.01.0000,10136527000,66701417,2026,Tender,APBD,CV. AGUNG JAYA ABADI,Tender,Pekerjaan Konstruksi,Ruas Jalan Sukakersa - Gunung Endut Kecamatan Parakansalak,SELESAI,463568783,463568783
KAB. SUKABUMI,DINAS PERHUBUNGAN - 2.15.0.00.0.00.01.0000,01KJEP9ZAFWYECHRW0HQJYQWHH,64706821,2026,E-Katalog 6.0,APBD,TRISOLAH SUVARNA INDONESIA,E-Purchasing,Jasa Lainnya,Pembangunan PJU di Wilayah Kec. Gunungguruh (24 Titik),ON PROCESS,383039990,383039990
KAB. SUKABUMI,UPTD RSUD SAGARANTEN - 1.02.0.00.0.00.01.0063,01KNJYAEKQC550JBYJ01WHQ5QK,66214509,2026,E-Katalog 6.0,APBD,TIARA AGUNG PRATAMA,E-Purchasing,Barang,Belanja BHP Laboratorium RSUD Sagaranten,ON PROCESS,36590649,36590649
KAB. SUKABUMI,DINAS KESEHATAN - 1.02.0.00.0.00.01.0000,01KQENF4A5CEDHTQJJ8YP5DXAQ,67049753,2026,E-Katalog 6.0,APBD,COPYPASTE,E-Purchasing,Barang,Belanja Map Dinas  - Penyediaan Bahan Logistik Kantor,ON PROCESS,98859375,98859375
KAB. SUKABUMI,BADAN KEPEGAWAIAN DAN PENGEMBANGAN SUMBER DAYA MANUSIA - 5.03.5.04.0.00.01.0000,01KVSN8CZ8YXHNVQQPW5HP1A5C,64215792,2026,E-Katalog 6.0,APBD,EDRA AUSI AKBAR,E-Purchasing,Jasa Lainnya,Belanja Makanan dan Minuman Panitia/Peserta Pembinaan Jabatan Fungsional,ON PROCESS,10407500,10407500
KAB. SUKABUMI,UOBK RSUD PALABUHANRATU - 1.02.0.00.0.00.01.0001,01KJFC4HP6BYTJS2G1J8TZDPJW,64613160,2026,E-Katalog 6.0,BLUD,KENANGA UTAMA PERMAI,E-Purchasing,Barang,Belanja Bahan/Alat Medis Pakai Habis (BMHP) Farmasi,ON PROCESS,33466500,33466500
KAB. SUKABUMI,UPTD PUSKESMAS NAGRAK - 1.02.0.00.0.00.01.0048,01KVCR2M7SVGTJHXFMZHHSE6ZM,65361864,2026,E-Katalog 6.0,BLUD,BERNOFARM,E-Purchasing,Barang,belanja barang pakai habis- belanja obat-obatan,ON PROCESS,2647350,2647350
KAB. SUKABUMI,DINAS PEKERJAAN UMUM - 1.03.0.00.0.00.01.0000,01KNGQYSQ7S7F8N9HRTQQM37FT,66381703,2026,E-Katalog 6.0,APBD,DENICONT ANUGERAH PRATAMA,E-Purchasing,Jasa Lainnya,Pembinaan dan Peningkatan Kapasitas Kelembagaan Jasa Konstruksi,PAYMENT OUTSIDE SYSTEM,29375000,29375000
KAB. SUKABUMI,UPTD PUSKESMAS NAGRAK - 1.02.0.00.0.00.01.0048,01KPCTFVBQ2EQXAK5ZB1KJDCYS,65361864,2026,E-Katalog 6.0,BLUD,PERUSAHAAN PERSEROAN (PERSERO) PT KIMIA FARMA,E-Purchasing,Barang,belanja barang pakai habis- belanja obat-obatan,ON PROCESS,7722661,7722661
KAB. SUKABUMI,UOBK RSUD SEKARWANGI - 1.02.0.00.0.00.01.0002,01KTBTXBB7CMW8P82Z33NF4JCV,63079700,2026,E-Katalog 6.0,BLUD,DEXA MEDICA,E-Purchasing,Barang,Belanja Obat-obatan-Obat,ON PROCESS,79929953,79929953
KAB. SUKABUMI,DINAS PERUMAHAN DAN KAWASAN PERMUKIMAN - 1.03.1.04.2.11.01.0000,10894252000,67184456,2026,Non Tender,APBD,CV. Nadlyne Putri Pertama,Pengadaan Langsung,Pekerjaan Konstruksi,Pembangunan Sarana Air Bersih Kp. Purwasedar IV RT. 21 RW. 01 Desa Padajaya Kecamatan Jampangkulon,SELESAI,144285220,144285220
KAB. SUKABUMI,UPTD PUSKESMAS CISAAT - 1.02.0.00.0.00.01.0053,01KQV3CMJ3V3ADA4EWPV5GP2D2,64686932,2026,E-Katalog 6.0,BLUD,SAKTI PERKASA,E-Purchasing,Barang,Belanja Belanja Alat/Bahan untuk Kegiatan Kantor - Perabot Kantor Puskesmas Cisaat TA. 2026,COMPLETED,6624480,6624480
KAB. SUKABUMI,DINAS PERUMAHAN DAN KAWASAN PERMUKIMAN - 1.03.1.04.2.11.01.0000,10925340000,67311160,2026,Non Tender,APBD,CKC,Pengadaan Langsung,Pekerjaan Konstruksi,Jalan Lingkungan Perumahan Bukit Cimalati,BERLANGSUNG,192083711,192083711
KAB. SUKABUMI,UOBK RSUD SEKARWANGI - 1.02.0.00.0.00.01.0002,01KVYY6WH1TFGY2Q81ZY84R9S0,63079700,2026,E-Katalog 6.0,BLUD,YARINDO FARMATAMA,E-Purchasing,Barang,Belanja Obat-obatan-Obat,ON PROCESS,9647276,9647276
KAB. SUKABUMI,DINAS LINGKUNGAN HIDUP - 2.11.1.03.0.00.01.0000,01KT13WG9133RSX0XXG5Z1RE4A,67146839,2026,E-Katalog 6.0,APBD,MUTUAGUNG LESTARI,E-Purchasing,Jasa Lainnya,Pengujian kualitas air dan udara Kabupaten Sukabumi ,ON PROCESS,83679996,83679996
KAB. SUKABUMI,UOBK RSUD SEKARWANGI - 1.02.0.00.0.00.01.0002,01KREDFRA2Z5QGRGGK7ACPYF4Y,63079700,2026,E-Katalog 6.0,BLUD,PRATAPA NIRMALA,E-Purchasing,Barang,Belanja Obat-obatan-Obat,ON PROCESS,76139806,76139806
KAB. SUKABUMI,DINAS PERDAGANGAN DAN PERINDUSTRIAN - 3.31.3.29.3.30.01.0000,10830949000,66853598,2026,Non Tender,APBD,CV. Satria Putra,Pengadaan Langsung,Pengadaan Barang,Pengadaan Mesin / Peralatan Produksi IKM Pengrajin Bambu TA. 2026,SELESAI,49500000,49500000
KAB. SUKABUMI,DINAS PERTANIAN - 3.27.2.09.0.00.01.0000,10858510000,63468842,2026,Non Tender,APBD,CV. BERKAH BERSINAR ABADI,Pengadaan Langsung,Pekerjaan Konstruksi,Persediaan Untuk Dijual/Diserahkan Lainnya - Jaringan Irigasi Pertanian Kec. Waluran Desa Waluran Mandiri Poktan Ciondo,SELESAI,57189531,57189531
KAB. SUKABUMI,UPTD PUSKESMAS KALIBUNDER - 1.02.0.00.0.00.01.0028,01KK0JBESBYJ9DV4GFCZ5F4YWV,65601648,2026,E-Katalog 6.0,BLUD,KENANGA UTAMA PERMAI,E-Purchasing,Barang,Belanja Obat-Obatan-Obat-Obatan Lainnya Puskesmas Kalibunder Tahun 2026,COMPLETED,29708151,29708151
KAB. SUKABUMI,DINAS KEPENDUDUKAN DAN PENCATATAN SIPIL - 2.12.0.00.0.00.01.0000,01KJAQVZFQ8PY6NC9X1NJB6733,64090993,2026,E-Katalog 6.0,APBD,RUSYDA,E-Purchasing,Jasa Lainnya,Belanja Cetak Formulir Pelayanan F-2.04,ON PROCESS,24576004,24576004
KAB. SUKABUMI,DINAS PERUMAHAN DAN KAWASAN PERMUKIMAN - 1.03.1.04.2.11.01.0000,10855004000,66094328,2026,Non Tender,APBD,CV. Pelangi Group,Pengadaan Langsung,Pekerjaan Konstruksi,"Jalan Lingkungan Perumahan Mekarsari Permai Rw 8, Desa Mekar Sari, Kec.Cicurug",SELESAI,192261915,192261915
KAB. SUKABUMI,UPTD PUSKESMAS PARAKANSALAK - 1.02.0.00.0.00.01.0041,01KJP4541SD4YNDF0CRZQVA0SM,65431365,2026,E-Katalog 6.0,BLUD,BERNOFARM,E-Purchasing,Barang,Belanja Bahan Obat-obatan PPK BLUD Puskesmas Parakansalak 2026,ON PROCESS,23802507,23802507
KAB. SUKABUMI,DINAS PERDAGANGAN DAN PERINDUSTRIAN - 3.31.3.29.3.30.01.0000,10926955000,63905359,2026,Non Tender,APBD,CV. MAHA DEWA CONTRACTOR,Pengadaan Langsung,Pekerjaan Konstruksi,Pekerjaan Pembuatan Tangga Akses dan Perbaikan Atap Pasar Sagaranten,SELESAI,152452726,152452726
KAB. SUKABUMI,UPTD PUSKESMAS NAGRAK - 1.02.0.00.0.00.01.0048,01KSENFRAN3GCSPTDNA5T8Q65R,65361864,2026,E-Katalog 6.0,BLUD,ASIA MEDIKA NUSANTARA,E-Purchasing,Barang,belanja barang pakai habis- belanja obat-obatan,COMPLETED,1831500,1831500
KAB. SUKABUMI,UPTD PUSKESMAS CIRACAP - 1.02.0.00.0.00.01.0023,01KRWKN15AS4X8NBP1FYEAWEWQ,65631591,2026,E-Katalog 6.0,BLUD,MARIN LIZA FARMASI,E-Purchasing,Barang," Beban Obat-Obatan-Obat ",ON PROCESS,1513170,1513170
KAB. SUKABUMI,DINAS PENDIDIKAN - 1.01.0.00.0.00.01.0000,10867861000,66052253,2026,Non Tender,APBD,CV ALTHAF JAYA,Pengadaan Langsung,Pekerjaan Konstruksi,Rehabilitasi Sedang / Berat Ruang Kelas SDN Cijulang  Kec. Nagrak,SELESAI,136471469,136471469
KAB. SUKABUMI,DINAS PERUMAHAN DAN KAWASAN PERMUKIMAN - 1.03.1.04.2.11.01.0000,10905844000,65763192,2026,Non Tender,APBD,CV. Dian Karya Cipta,Pengadaan Langsung,Pekerjaan Konstruksi,"Pembangunan Sarana Air Bersih Kp Pasir Angin Rt 014/002 Desa Palasari Hilir Kecamatan Parungkuda , Kab. Sukabumi",SELESAI,194756038,194756038
KAB. SUKABUMI,SEKRETARIAT DAERAH - 4.01.0.00.0.00.01.0000,01KPQ996AYXJBGCQ867HBQBD4Z,66327009,2026,E-Katalog 6.0,APBD,DT COMPUTER SUKABUMI,E-Purchasing,Barang,Belanja Modal Komputer,PAYMENT OUTSIDE SYSTEM,144133500,0
KAB. SUKABUMI,UPTD PUSKESMAS CISAAT - 1.02.0.00.0.00.01.0053,01KH57SZFYEBYE6K3JMDN174GT,64692496,2026,E-Katalog 6.0,BLUD,SADULUR SAJATI,E-Purchasing,Barang,Belanja Belanja Cetak dan Penggandaan Puskesmas Cisaat TA. 2026,COMPLETED,14014860,14014860
KAB. SUKABUMI,UOBK RSUD SEKARWANGI - 1.02.0.00.0.00.01.0002,01KS73C6MDPMVMV3E20RR4WMXS,63077986,2026,E-Katalog 6.0,BLUD,GLOBAL DISPOMEDIKA,E-Purchasing,Barang,Belanja Bahan - Bahan Lainnya (BMHP Farmasi),ON PROCESS,52307640,0
KAB. SUKABUMI,UOBK RSUD PALABUHANRATU - 1.02.0.00.0.00.01.0001,01K8WNB2H8X50VP68GZEP1AA4V,64613160,2026,E-Katalog 6.0,BLUD,LIKUID PHARMALAB INDONESIA,E-Purchasing,Barang,Belanja Bahan/Alat Medis Pakai Habis (BMHP) Farmasi,ON PROCESS,22767030,22767030
KAB. SUKABUMI,UPTD PUSKESMAS NAGRAK - 1.02.0.00.0.00.01.0048,01KNBRWPM4XX0WC6RG94AF5MAS,65362722,2026,E-Katalog 6.0,BLUD,LIKUID PHARMALAB INDONESIA,E-Purchasing,Barang,belanja barang pakai habis- belanja obat-obatan-obat lainnya,COMPLETED,9261953,9261953
KAB. SUKABUMI,DINAS PERUMAHAN DAN KAWASAN PERMUKIMAN - 1.03.1.04.2.11.01.0000,10125753000,65762917,2026,Tender,APBD,PT. ITERGO BUANA UTAMA,Seleksi,Jasa Konsultansi Badan Usaha Konstruksi,FS Sekolah Rakyat,SELESAI,191641500,191641500
KAB. SUKABUMI,UPTD PUSKESMAS CIJANGKAR - 1.02.0.00.0.00.01.0011,01KJEHZBBPP4HXJE7Q9J5VMZ4J,65514944,2026,E-Katalog 6.0,BLUD,HOLIPAH,E-Purchasing,Barang,Belanja alat/Bahan untuk kegiatan perabot kantor Puskesmas Cijangkar,COMPLETED,418907,418907
KAB. SUKABUMI,DINAS PERHUBUNGAN - 2.15.0.00.0.00.01.0000,01KMYX9PN5K4W8VNRBCFA08A5T,64706856,2026,E-Katalog 6.0,APBD,SANDRA BUANA,E-Purchasing,Jasa Lainnya,Pembangunan PJU di Wilayah Kec. Bantargadung (12 Titik),ON PROCESS,190809000,190809000
KAB. SUKABUMI,DINAS PERTANIAN - 3.27.2.09.0.00.01.0000,10811304000,63841469,2026,Non Tender,APBD,Tri Putra Mandiri Consultant,Pengadaan Langsung,Jasa Konsultansi Badan Usaha Konstruksi,Konsultan Jasa Pengawasan Gedung Alsin,SELESAI,2968140,2968140
KAB. SUKABUMI,UOBK RSUD SEKARWANGI - 1.02.0.00.0.00.01.0002,01KHX19XC927Q86T8T43Y9Y1XD,63077986,2026,E-Katalog 6.0,BLUD,GLOBAL DISPOMEDIKA,E-Purchasing,Barang,Belanja Bahan - Bahan Lainnya (BMHP Farmasi),ON PROCESS,61021695,0
KAB. SUKABUMI,"BADAN PERENCANAAN PEMBANGUNAN, RISET DAN INOVASI DAERAH - 5.01.5.05.0.00.01.0000",01KHT5FREVX9KXKFJCG04C0X27,64599596,2026,E-Katalog 6.0,APBD,DERMA UTAMA ABADI,E-Purchasing,Jasa Lainnya,Belanja Makanan dan Minuman Rapat-Musrenbang Kecamatan,PAYMENT OUTSIDE SYSTEM,2800000,2800000
KAB. SUKABUMI,DINAS KETAHANAN PANGAN - 2.09.2.09.2.09.01.0000,01KNTG1DETV466M7MJGQPN25MR,66867608,2026,E-Katalog 6.0,APBD,ARRAHMAN BERKAH ABADI,E-Purchasing,Jasa Konsultansi,Belanja Alat/Bahan untuk Kegiatan Kantor-Alat Tulis Kantor,PAYMENT OUTSIDE SYSTEM,12486137,12486137
KAB. SUKABUMI,DINAS PENDIDIKAN - 1.01.0.00.0.00.01.0000,10867858000,66052235,2026,Non Tender,APBD,CV. PUKA SATU DUA TIGA,Pengadaan Langsung,Pekerjaan Konstruksi,Rehabilitasi Sedang / Berat Ruang Kelas SDN 1 Pawenang  Kec. Nagrak,SELESAI,136341014,136341014
KAB. SUKABUMI,DINAS PEKERJAAN UMUM - 1.03.0.00.0.00.01.0000,10114281000,64898286,2026,Tender,APBD,Arrahmah,Tender,Pekerjaan Konstruksi,Beton Badan Jalan Ruas Jalan Ahmad Yani Kecamatan Palabuhanratu,SELESAI,3513298481,3513298481
KAB. SUKABUMI,DINAS PENDIDIKAN - 1.01.0.00.0.00.01.0000,10811291000,66303003,2026,Non Tender,APBD,CV. Arkasa Putra Pratama,Pengadaan Langsung,Jasa Konsultansi Badan Usaha Non Konstruksi,",Beban Jasa Konversi Aplikasi/Sistem Informasi",SELESAI,72670000,72670000
KAB. SUKABUMI,DINAS ARSIP DAN PERPUSTAKAAN - 2.24.2.23.0.00.01.0000,01KHB4EEH4VY8T22K228KCJYC1,63948543,2026,E-Katalog 6.0,APBD,CIPTA BUMI PERSADA,E-Purchasing,Barang,Belanja Alat/Bahan untuk Kegiatan Kantor-Alat Listrik,PAYMENT OUTSIDE SYSTEM,24340635,24340635
KAB. SUKABUMI,UOBK RSUD SEKARWANGI - 1.02.0.00.0.00.01.0002,01KERYA2QESE9CFCDHNEH3686M,63077986,2026,E-Katalog 6.0,BLUD,ISA MEDIKA PERSADA,E-Purchasing,Barang,Belanja Bahan - Bahan Lainnya (BMHP Farmasi),ON PROCESS,69999930,69999930
KAB. SUKABUMI,DINAS PERDAGANGAN DAN PERINDUSTRIAN - 3.31.3.29.3.30.01.0000,10902449000,67056567,2026,Non Tender,APBD,CV. KARUNIA ABADI KONSULTAN,Pengadaan Langsung,Jasa Konsultansi Badan Usaha Konstruksi,Pengawasan Pekerjaan Rehabilitasi Toilet Kantor Dinas Perdagangan dan Perindustrian Kab. Sukabumi,SELESAI,2176155,2176155
KAB. SUKABUMI,DINAS PERTANIAN - 3.27.2.09.0.00.01.0000,10799424000,63468736,2026,Non Tender,APBD,CV. CAHAYA CIBATU MANDIRI,Pengadaan Langsung,Pekerjaan Konstruksi,Persediaan Untuk Dijual/Diserahkan Lainnya -  Jaringan Irigasi Pertanian Kec. Surade Desa Cipeundeuy Poktan Sukarama,SELESAI,184834009,184834009
KAB. SUKABUMI,UPTD PUSKESMAS CICANTAYAN - 1.02.0.00.0.00.01.0051,01KKD9YWH2NAFYKS0Q8W0KBBGM,65438298,2026,E-Katalog 6.0,BLUD,NOVAPHARIN,E-Purchasing,Barang,Belanja Obat-Obatan Puskesmas Cicantayan Tahun 2026,ON PROCESS,6660000,6660000
KAB. SUKABUMI,UOBK RSUD SEKARWANGI - 1.02.0.00.0.00.01.0002,01KH7YBYJQ24SYNDEJYJ802ME0,64985408,2026,E-Katalog 6.0,BLUD,ANUGRAH YADEN UTAMA,E-Purchasing,Barang,Belanja Modal Alat Kedokteran Umum,ON PROCESS,637999992,637999992
KAB. SUKABUMI,DINAS PERUMAHAN DAN KAWASAN PERMUKIMAN - 1.03.1.04.2.11.01.0000,10908115000,65761215,2026,Non Tender,APBD,CV. RAKSA DIVA JAGARAKSA WWA,Pengadaan Langsung,Pekerjaan Konstruksi,Jalan Lingkungan Desa Cibatu Kec Cisaat,BERLANGSUNG,143491096,143491096
KAB. SUKABUMI,UPTD PUSKESMAS CIAMBAR - 1.02.0.00.0.00.01.0046,01KNS2K9C5W0HXADGB9MV39MB3,65715590,2026,E-Katalog 6.0,BLUD,BERNOFARM,E-Purchasing,Barang,Belanja Obat-obatan,ON PROCESS,17031840,17031840
KAB. SUKABUMI,UPTD PUSKESMAS BANTARGADUNG - 1.02.0.00.0.00.01.0031,01KQR9K06QRCZ82VWTR5BW1S8Z,66286510,2026,E-Katalog 6.0,BLUD,INDO PRIANGAN KATULISTIWA,E-Purchasing,Barang,Belanja bahan obat-obatan (Puskesmas Bantargadung),ON PROCESS,24252390,24252390
KAB. SUKABUMI,"BADAN PERENCANAAN PEMBANGUNAN, RISET DAN INOVASI DAERAH - 5.01.5.05.0.00.01.0000",01KGR7W5A2QYS22F5SYADDRDM5,64726606,2026,E-Katalog 6.0,APBD,AKASIA,E-Purchasing,Jasa Lainnya,Belanja Makanan dan Minuman Rapat-Harmonisasi Bidang Infrastruktur,PAYMENT OUTSIDE SYSTEM,2100000,2100000
KAB. SUKABUMI,DINAS KESEHATAN - 1.02.0.00.0.00.01.0000,10891744000,66862177,2026,Non Tender,APBD,CV. TIGA PERKASA,Pengadaan Langsung,Pekerjaan Konstruksi,Rehabilitasi Puskesmas Pembantu [Pustu]  Desa Benda Puskesmas Tamanjaya,SELESAI,150217000,150217000
KAB. SUKABUMI,DINAS PEKERJAAN UMUM - 1.03.0.00.0.00.01.0000,10828859000,66742796,2026,Non Tender,APBD,CV. DIAN MANDIRI,Pengadaan Langsung,Pekerjaan Konstruksi,Pembuatan Bahu Beton Ruas Jalan Caringin - Cidahu Kecamatan Cidahu,SELESAI,139074280,139074280
KAB. SUKABUMI,DINAS PERTANIAN - 3.27.2.09.0.00.01.0000,10902474000,63468805,2026,Non Tender,APBD,CV. KARYA TILU SOBAT,Pengadaan Langsung,Pekerjaan Konstruksi,Persediaan Untuk Dijual/Diserahkan Lainnya - Jaringan Irigasi Pertanian Kec. Waluran Desa Sukamukti Poktan Mangkalaya Jaya,SELESAI,57716931,57716931
KAB. SUKABUMI,UPTD PUSKESMAS CARINGIN - 1.02.0.00.0.00.01.0052,01KR33CT4Q13CM3W7FQ0ZTFRQM,65660215,2026,E-Katalog 6.0,BLUD,INDO PRIANGAN KATULISTIWA,E-Purchasing,Barang,Belanja Obat-Obatan-Obat-Obatan Lainnya Puskesmas Caringin,ON PROCESS,5178150,5178150
KAB. SUKABUMI,UPTD PUSKESMAS WARUNGKIARA - 1.02.0.00.0.00.01.0030,01KNG7PVMF0363ZV83G6KZ4HSV,66149129,2026,E-Katalog 6.0,BLUD,IMFARMIND FARMASI INDUSTRI,E-Purchasing,Barang,Belanja Obat-Obatan Puskesmas Warungkiara,COMPLETED,5377950,5377950
KAB. SUKABUMI,UPTD PUSKESMAS SIMPENAN - 1.02.0.00.0.00.01.0033,01KQXMYDCQ8FSS5K6CJ82CBZ4Y,65189555,2026,E-Katalog 6.0,BLUD,PHAPROS,E-Purchasing,Barang,Belanja Obat - Obatan - Obat di Puskesmas Simpenan,ON PROCESS,4701405,4701405
KAB. SUKABUMI,UPTD PUSKESMAS CIKAKAK - 1.02.0.00.0.00.01.0035,01KSH9VDMMNNJGXRHVS5DDAN1N,65506343,2026,E-Katalog 6.0,BLUD,INDO PRIANGAN KATULISTIWA,E-Purchasing,Barang,Belanja Obat-obatan- Obat-Obatan Lainnya (BMHP Medis) UPTD Puskesmas CIkakak Tahun 2026,ON PROCESS,1387500,1387500
KAB. SUKABUMI,UPTD PUSKESMAS SELAJAMBE - 1.02.0.00.0.00.01.0054,01KW8QZZ97C4P2QRD1MW42TF6P,65998350,2026,E-Katalog 6.0,BLUD,NOVAPHARIN,E-Purchasing,Barang,Belanja Bahan Obat-obatan ( BLUD ),ON PROCESS,5278938,5278938
KAB. SUKABUMI,UPTD PUSKESMAS CIAMBAR - 1.02.0.00.0.00.01.0046,01KKTGEW7DE7900260HGTT25AV,65741360,2026,E-Katalog 6.0,BLUD,ETERNITY RAMA MEDIKA,E-Purchasing,Barang,Belanja BHP Medis,COMPLETED,2597400,2597400
KAB. SUKABUMI,UOBK RSUD SEKARWANGI - 1.02.0.00.0.00.01.0002,01KSEVWN7WNSR7HA1Q8VN069NF,63077986,2026,E-Katalog 6.0,BLUD,KENANGA UTAMA PERMAI,E-Purchasing,Barang,Belanja Bahan - Bahan Lainnya (BMHP Farmasi),ON PROCESS,22145000,22145000
KAB. SUKABUMI,DINAS PERUMAHAN DAN KAWASAN PERMUKIMAN - 1.03.1.04.2.11.01.0000,10931263000,67216166,2026,Non Tender,APBD,CV. SANDRA BUANA,Pengadaan Langsung,Pekerjaan Konstruksi,Pembangunan Drainase RT 03/07 kp Cipawenang Desa Cisolok Kec Cisolok,BERLANGSUNG,278222985,278222985
KAB. SUKABUMI,DINAS PENDIDIKAN - 1.01.0.00.0.00.01.0000,10873347000,66141958,2026,Non Tender,APBD,CV. PURNAMA KARYATAMA,Pengadaan Langsung,Pekerjaan Konstruksi,Pembanguna Talud SDN 2 Cidadap  Kec. Cidadap,SELESAI,144251739,144251739
KAB. SUKABUMI,UPTD PUSKESMAS NAGRAK - 1.02.0.00.0.00.01.0048,01KVS61JDZGYTHJCT9RFFZSJYE,67331445,2026,E-Katalog 6.0,BLUD,KENCANA INSAN MANDIRI,E-Purchasing,Barang,Belanja Alat/Bahan untuk kegaiatan Kantor-Kertas dan Cover,COMPLETED,2561325,2561325
KAB. SUKABUMI,DINAS PEKERJAAN UMUM - 1.03.0.00.0.00.01.0000,10825005000,64822171,2026,Non Tender,APBD,PT. CAHAYA ABADI KONSULTINDO,Pengadaan Langsung,Jasa Konsultansi Badan Usaha Non Konstruksi,DED Daerah Irigasi Jayamekar Desa Tugubandung Kecamatan Kabandungan,SELESAI,99289500,99289500
KAB. SUKABUMI,UPTD PUSKESMAS KALAPANUNGGAL - 1.02.0.00.0.00.01.0039,01KTQV2GX40B5DZ6ACNV48Y4AK,66927203,2026,E-Katalog 6.0,BLUD,MASAGI,E-Purchasing,Barang,Belanja Modal Personal Computer,ON PROCESS,26999999,0
KAB. SUKABUMI,DINAS PERTANIAN - 3.27.2.09.0.00.01.0000,10801642000,63468785,2026,Non Tender,APBD,CV. PILAR TEGAR UTAMA,Pengadaan Langsung,Pekerjaan Konstruksi,Persediaan Untuk Dijual/Diserahkan Lainnya - Jaringan Irigasi Pertanian Kec. Ciracap Desa Pangumbahan Poktan Cikabuyutan,SELESAI,149552210,149552210
KAB. SUKABUMI,DINAS PENGENDALIAN PENDUDUK DAN KELUARGA BERENCANA - 2.14.0.00.0.00.01.0000,10826875000,65928788,2026,Non Tender,APBD,cv. cipta grha hafara,Pengadaan Langsung,Jasa Konsultansi Badan Usaha Konstruksi,Jasa Konsultan Pengawasan Rehabilitasi Gedung Kantor UPT Dalduk Kecamatan Kebonpedes,SELESAI,30747000,30747000
KAB. SUKABUMI,BADAN KEPEGAWAIAN DAN PENGEMBANGAN SUMBER DAYA MANUSIA - 5.03.5.04.0.00.01.0000,01KP54BBSW1Z8SXGZ5TV7W8GFC,63972295,2026,E-Katalog 6.0,APBD,SAKTI PERKASA,E-Purchasing,Barang,Belanja Pakaian Olah Raga Panitia dan Peserta PKP Angkatan V,ON PROCESS,10989000,10989000
KAB. SUKABUMI,UOBK RSUD SEKARWANGI - 1.02.0.00.0.00.01.0002,01KK196R5X0104ZY1K7FDPSCE9,63079700,2026,E-Katalog 6.0,BLUD,OTSUKA INDONESIA,E-Purchasing,Barang,Belanja Obat-obatan-Obat,ON PROCESS,40095131,40095131
KAB. SUKABUMI,UOBK RSUD SEKARWANGI - 1.02.0.00.0.00.01.0002,01KFA3ZCJC6XG4A57WFST23DPH,63079700,2026,E-Katalog 6.0,BLUD,POHON BIDARA MEDIKA,E-Purchasing,Barang,Belanja Obat-obatan-Obat,ON PROCESS,699300,699300
KAB. SUKABUMI,UOBK RSUD SEKARWANGI - 1.02.0.00.0.00.01.0002,01KVQMR19K98FPB11A2VTB4SNQ,63077986,2026,E-Katalog 6.0,BLUD,KASTARA TEKNOLOGI INTERNASIONAL,E-Purchasing,Barang,Belanja Bahan - Bahan Lainnya (BMHP Farmasi),ON PROCESS,28155017,0
KAB. SUKABUMI,DINAS PEKERJAAN UMUM - 1.03.0.00.0.00.01.0000,10840229000,66751552,2026,Non Tender,APBD,CV HRZ MULTI UTAMA,Pengadaan Langsung,Pekerjaan Konstruksi,Pembuatan Drainase Ruas Jalan Jampangkulon - Cikaso Kecamatan Cimanggu,SELESAI,196657029,196657029
KAB. SUKABUMI,UPTD PUSKESMAS CIRACAP - 1.02.0.00.0.00.01.0023,01KT5G3TRN0EY3QA31Z7ZFR8N2,65631591,2026,E-Katalog 6.0,BLUD,NOVAPHARIN,E-Purchasing,Barang," Beban Obat-Obatan-Obat ",ON PROCESS,2061270,2061270
KAB. SUKABUMI,UOBK RSUD SEKARWANGI - 1.02.0.00.0.00.01.0002,01KH69T5HZPFB39VZYWS66ZWBB,63079700,2026,E-Katalog 6.0,BLUD,INFION,E-Purchasing,Barang,Belanja Obat-obatan-Obat,ON PROCESS,34632000,34632000
KAB. SUKABUMI,DINAS PEKERJAAN UMUM - 1.03.0.00.0.00.01.0000,10793715000,65080442,2026,Non Tender,APBD,CV Cakra mulya,Pengadaan Langsung,Jasa Lainnya,Pemeliharaan Peralatan dan Mesin Lainnya (Pemeliharaan Alat Laboratorium),SELESAI,111883560,111883560
KAB. SUKABUMI,DINAS PERTANIAN - 3.27.2.09.0.00.01.0000,10819635000,63468767,2026,Non Tender,APBD,CV. TIGA PERKASA,Pengadaan Langsung,Pekerjaan Konstruksi,Persediaan Untuk Dijual/Diserahkan Lainnya - Jaringan Irigasi Pertanian Kec. Pabuaran Desa Lembursawah Poktan Karya Muda,SELESAI,184530412,184530412
KAB. SUKABUMI,DINAS KESEHATAN - 1.02.0.00.0.00.01.0000,01KJF1VZZRA79GA5KCYWG5SGC8,66023797,2026,E-Katalog 6.0,APBD,STANDARD BIOSENSOR HEALTHCARE,E-Purchasing,Barang,Pengadaan BMHP Pemenuhan Mutu Barang SPM Diabetes Melitus,PAYMENT OUTSIDE SYSTEM,3055998720,3055998720
KAB. SUKABUMI,DINAS PERIKANAN - 3.25.0.00.0.00.01.0000,10822695000,64726149,2026,Non Tender,APBD,CV BINTANG GROUP,Pengadaan Langsung,Pengadaan Barang,Pengadaan Freezer 500 Liter,SELESAI,189525000,0
KAB. SUKABUMI,UPTD PUSKESMAS SELAJAMBE - 1.02.0.00.0.00.01.0054,01KR1E41GHK49SJ5H32V9TV2RY,65998350,2026,E-Katalog 6.0,BLUD,PERUSAHAAN PERSEROAN (PERSERO) PT KIMIA FARMA,E-Purchasing,Barang,Belanja Bahan Obat-obatan ( BLUD ),ON PROCESS,3205680,3205680
KAB. SUKABUMI,DINAS PERUMAHAN DAN KAWASAN PERMUKIMAN - 1.03.1.04.2.11.01.0000,10832766000,66933041,2026,Non Tender,APBD,cv.zakaria,Pengadaan Langsung,Pekerjaan Konstruksi,Jalan Lingkungan Rt002-Rw009 Desa Karawang Kecamatan Sukabumi,SELESAI,191636908,191636908
KAB. SUKABUMI,UOBK RSUD SEKARWANGI - 1.02.0.00.0.00.01.0002,01KKK8Y930GT33E7KSNMY1VKX4,63077986,2026,E-Katalog 6.0,BLUD,DJEMBATAN DUA,E-Purchasing,Barang,Belanja Bahan - Bahan Lainnya (BMHP Farmasi),ON PROCESS,6382389,6382389
KAB. SUKABUMI,UPTD PUSKESMAS CISAAT - 1.02.0.00.0.00.01.0053,01KGPEPT9XGWBJ5FHX8KH7GKQT,64691552,2026,E-Katalog 6.0,BLUD,TRIMAN,E-Purchasing,Barang,Belanja Belanja Obat-Obatan-Obat Puskesmas Cisaat TA. 2026,COMPLETED,8885550,8885550
KAB. SUKABUMI,DINAS PERHUBUNGAN - 2.15.0.00.0.00.01.0000,01KJ565HTBDPWD8619PFKZGAXS,64706816,2026,E-Katalog 6.0,APBD,TIGA DUA AMANAH,E-Purchasing,Jasa Lainnya," Pembangunan PJU di Wilayah Desa Cisande Kecamatan Cicantayan (10 Titik)",ON PROCESS,159174000,159174000
KAB. SUKABUMI,UPTD PUSKESMAS NAGRAK - 1.02.0.00.0.00.01.0048,01KRFRZC8VETTSPC5DPHAD3CF4,65361864,2026,E-Katalog 6.0,BLUD,NOVAPHARIN,E-Purchasing,Barang,belanja barang pakai habis- belanja obat-obatan,ON PROCESS,7928730,7928730
KAB. SUKABUMI,DINAS PERHUBUNGAN - 2.15.0.00.0.00.01.0000,10806728000,64711034,2026,Non Tender,APBD,BINAJASA,Pengadaan Langsung,Jasa Lainnya,Pemeliharaan APILL,SELESAI,49428300,49428300
KAB. SUKABUMI,UOBK RSUD SEKARWANGI - 1.02.0.00.0.00.01.0002,01KJ4D8YXSJKT9WTMVZAXPVQ8Q,63720462,2026,E-Katalog 6.0,BLUD,AMANAH SUKSES MAKMUR,E-Purchasing,Barang,Belanja Makanan dan Minuman Jamuan Tamu,ON PROCESS,23190000,23190000
KAB. SUKABUMI,UPTD PUSKESMAS CICANTAYAN - 1.02.0.00.0.00.01.0051,01KTWTHB9EM9RZBC2SJQF10GYZ,65439963,2026,E-Katalog 6.0,BLUD,MULAWARMAN KESADA MEDICALINDO,E-Purchasing,Barang,Belanja Bahan Medis Habis Pakai Puskesmas Cicantayan Tahun 2026,ON PROCESS,9090900,9090900
KAB. SUKABUMI,DINAS KESEHATAN - 1.02.0.00.0.00.01.0000,01KK8KK2XQEXTRTGNAQKHX2VBY,66310029,2026,E-Katalog 6.0,APBD,DUTA MITRA USAHA,E-Purchasing,Jasa Lainnya,Belanja Pemeliharaan Alat Angkutan-Alat Angkutan Darat Bermotor-Kendaraan Bermotor Penumpang - Kendaraan Operasional,ON PROCESS,19980000,19980000
KAB. SUKABUMI,BADAN KEPEGAWAIAN DAN PENGEMBANGAN SUMBER DAYA MANUSIA - 5.03.5.04.0.00.01.0000,10929442000,67160375,2026,Non Tender,APBD,Cv. Harmoni karya,Pengadaan Langsung,Jasa Konsultansi Badan Usaha Konstruksi,Belanja Jasa Konsultansi Pengawasan Rehab Gedung Kantor KORPRI,BERLANGSUNG,28971000,28971000
KAB. SUKABUMI,UOBK RSUD SEKARWANGI - 1.02.0.00.0.00.01.0002,01KRXF9K00JE255WB6KCJWSW16,63079700,2026,E-Katalog 6.0,BLUD,NOVARTIS INDONESIA,E-Purchasing,Barang,Belanja Obat-obatan-Obat,ON PROCESS,26008459,0
KAB. SUKABUMI,UOBK RSUD SEKARWANGI - 1.02.0.00.0.00.01.0002,01KPMPW99M5QG0BXFV4RBZW2K2,63077986,2026,E-Katalog 6.0,BLUD,DJEMBATAN DUA,E-Purchasing,Barang,Belanja Bahan - Bahan Lainnya (BMHP Farmasi),ON PROCESS,7418594,7418594
KAB. SUKABUMI,BADAN PENDAPATAN DAERAH - 5.02.0.00.0.00.02.0000,01KG9K6QH23S84MDXPRW86C8EK,64546582,2026,E-Katalog 6.0,APBD,ARKASA PUTRA PRATAMA,E-Purchasing,Barang,Belanja Modal Peralatan Jaringan,PAYMENT OUTSIDE SYSTEM,17982000,17982000
KAB. SUKABUMI,DINAS PERUMAHAN DAN KAWASAN PERMUKIMAN - 1.03.1.04.2.11.01.0000,10875246000,65763057,2026,Non Tender,APBD,CV. LAKSANA ABADI,Pengadaan Langsung,Pekerjaan Konstruksi,Drainase Kp Ciputat Rt.004 Rw.003 Desa Pasirpanjang Kecamatan Ciracap,SELESAI,95524194,95524194
KAB. SUKABUMI,DINAS PERTANIAN - 3.27.2.09.0.00.01.0000,10800607000,63468779,2026,Non Tender,APBD,CV AD KARYA,Pengadaan Langsung,Pekerjaan Konstruksi,Persediaan Untuk Dijual/Diserahkan Lainnya - Jaringan Irigasi Pertanian Kec. Ciracap Desa Pasirpanjang Poktan Pasirtengah,SELESAI,199774983,199774983
KAB. SUKABUMI,UOBK RSUD SEKARWANGI - 1.02.0.00.0.00.01.0002,01KHAR2ZSD3SETKGT9R42T1M37,63079700,2026,E-Katalog 6.0,BLUD,TUNGGAL IDAMAN ABDI,E-Purchasing,Barang,Belanja Obat-obatan-Obat,ON PROCESS,9019549,0
KAB. SUKABUMI,UPTD PUSKESMAS PALABUHANRATU - 1.02.0.00.0.00.01.0034,01KPSP0XCHNK0T1RQJQ5RFR1Q7,66292815,2026,E-Katalog 6.0,BLUD,BERNOFARM,E-Purchasing,Barang,Belanja Obat-Obatan-Obat Puskesmas Palabuhanratu,ON PROCESS,1853378,1853378
KAB. SUKABUMI,DINAS PEKERJAAN UMUM - 1.03.0.00.0.00.01.0000,10135823000,66690427,2026,Tender,APBD,CV CITARIK MUARA PERKASA,Tender,Pekerjaan Konstruksi,Ruas Jalan Pelita Kecamatan Palabuhanratu,SELESAI,727081968,727081968
KAB. SUKABUMI,SEKRETARIAT DAERAH - 4.01.0.00.0.00.01.0000,01KFWB46RKEGP5PKSWMF3T5RV8,63520259,2026,E-Katalog 6.0,APBD,ASUMI XXVI,E-Purchasing,Jasa Lainnya,Belanja Sewa Kendaraan Dinas Bermotor Perorangan,ON PROCESS,2518412400,2518412400
KAB. SUKABUMI,DINAS PEKERJAAN UMUM - 1.03.0.00.0.00.01.0000,10916662000,66769022,2026,Non Tender,APBD,CV. MAHA DEWA CONTRACTOR,Pengadaan Langsung,Pekerjaan Konstruksi,Pembuatan Beton Badan Ruas Jalan Cibeureum - Goalpara Kecamatan Sukaraja,SELESAI,371683015,371683015
KAB. SUKABUMI,DINAS PERUMAHAN DAN KAWASAN PERMUKIMAN - 1.03.1.04.2.11.01.0000,10862878000,65763068,2026,Non Tender,APBD,CKC,Pengadaan Langsung,Pekerjaan Konstruksi,Drainase Kp. Cikubang Rt. 022 Rw. 004 Desa Berekah Kecamatan Bojonggenteng,SELESAI,144436568,144436568
KAB. SUKABUMI,DINAS PERTANIAN - 3.27.2.09.0.00.01.0000,10866138000,63468741,2026,Non Tender,APBD,CV. Berebet Jaya,Pengadaan Langsung,Pekerjaan Konstruksi,Persediaan Untuk Dijual/Diserahkan Lainnya - Jaringan Irigasi Pertanian Kec. Jampang Kulon Desa Cikarang Poktan Tani Mekar,SELESAI,74716162,74716162
KAB. SUKABUMI,DINAS PERUMAHAN DAN KAWASAN PERMUKIMAN - 1.03.1.04.2.11.01.0000,10850025000,65763035,2026,Non Tender,APBD,cv.indomeida,Pengadaan Langsung,Pekerjaan Konstruksi,"Drainase Perum Jayanti Asri Rt. 005 Rw. 003 Desa Jayanti Kecamatan Palabuhanratu, Kab. Sukabumi",SELESAI,95761811,95761811
KAB. SUKABUMI,UOBK RSUD SEKARWANGI - 1.02.0.00.0.00.01.0002,01KH5WABFM9DSVTYGCE5B46C5S,63079700,2026,E-Katalog 6.0,BLUD,KALVENTIS SINERGI FARMA,E-Purchasing,Barang,Belanja Obat-obatan-Obat,ON PROCESS,53862972,0
KAB. SUKABUMI,UPTD PUSKESMAS GEGERBITUNG - 1.02.0.00.0.00.01.0009,01KVHR4P3V10KY5SX1Z19R8H64,66544716,2026,E-Katalog 6.0,BLUD,PERUSAHAAN PERSEROAN (PERSERO) PT KIMIA FARMA,E-Purchasing,Barang,Belanja Obat-Obatan-Obat,ON PROCESS,599400,599400
KAB. SUKABUMI,BADAN PENDAPATAN DAERAH - 5.02.0.00.0.00.02.0000,01KQRK3BQXD0MNBZRXEZ3R9HCM,66128601,2026,E-Katalog 6.0,APBD,FAJAR ADI LESTARI,E-Purchasing,Jasa Lainnya,Aplikasi Sistem Informasi ,ON PROCESS,98790000,98790000
KAB. SUKABUMI,DINAS PENDIDIKAN - 1.01.0.00.0.00.01.0000,10865668000,66052906,2026,Non Tender,APBD,CV. A CONSULTAN,Pengadaan Langsung,Jasa Konsultansi Badan Usaha Konstruksi,Jasa Konsultan Pengawasan Rehabilitasi Sedang / Berat Ruang Kelas SD Wilayah 5,SELESAI,24358020,24358020
KAB. SUKABUMI,UOBK RSUD SEKARWANGI - 1.02.0.00.0.00.01.0002,01KHANSJHQRXFHQ925KNP16ETM,63467974,2026,E-Katalog 6.0,BLUD,AMANAH SUKSES MAKMUR,E-Purchasing,Barang,Belanja Makanan dan Minuman Rapat,ON PROCESS,412965000,412965000
KAB. SUKABUMI,SEKRETARIAT DAERAH - 4.01.0.00.0.00.01.0000,10803059000,66332850,2026,Non Tender,APBD,cv. sadulur sajati,Pengadaan Langsung,Pengadaan Barang,Belanja untuk Kegiatan Kantor-Kegiatan Penataan Administrasi Pemerintahan (Cetak Buku LKPJ Bupati),SELESAI,64740000,0
KAB. SUKABUMI,KECAMATAN KALAPANUNGGAL - 7.01.0.00.0.00.28.0000,01KP2FE4TQDRFZ8ZGJDVXNHVW5,64822417,2026,E-Katalog 6.0,APBD,AZONE TECH SUKABUMI,E-Purchasing,Barang,Pengadaan Mebel,PAYMENT OUTSIDE SYSTEM,17649000,0
KAB. SUKABUMI,UOBK RSUD SEKARWANGI - 1.02.0.00.0.00.01.0002,01KNP52G8BQDTCMTCZK4DNCVW9,63079700,2026,E-Katalog 6.0,BLUD,FERRON PAR PHARMACEUTICALS,E-Purchasing,Barang,Belanja Obat-obatan-Obat,ON PROCESS,12215994,0
KAB. SUKABUMI,UPTD PUSKESMAS CICURUG - 1.02.0.00.0.00.01.0044,01KHJJ00BCBWSP6A6YB0NCJRWC,65368153,2026,E-Katalog 6.0,BLUD,PILAR CITRA SEJATI,E-Purchasing,Barang,Belanja Barang Persediaan Perabot Kantor Puskesmas Cicurug,ON PROCESS,144855,144855
KAB. SUKABUMI,UPTD PUSKESMAS PARAKANSALAK - 1.02.0.00.0.00.01.0041,01KPSGMPEVAJK35JGSDFR3DD5B,66104532,2026,E-Katalog 6.0,BLUD,AYOOKLIK PARAHYANGAN PERKASA,E-Purchasing,Barang,Belanja Peralatan Studio Audio PPK BLUD Puskesmas Parakansalak 2026,ON PROCESS,9701108,0
KAB. SUKABUMI,UPTD RSUD SAGARANTEN - 1.02.0.00.0.00.01.0063,01KQBMN3A00H0NDSRAPFWA8T7C,66640695,2026,E-Katalog 6.0,APBD,LANCAR LANGGENG UTAMA,E-Purchasing,Barang,Belanja BMHP Farmasi DAU SG RSUD Sagaranten,ON PROCESS,142372585,142372585
KAB. SUKABUMI,UPTD PUSKESMAS CIRACAP - 1.02.0.00.0.00.01.0023,01KT5FYKN0GT1TNAF7TJ9HGBGH,65631591,2026,E-Katalog 6.0,BLUD,TRIMAN,E-Purchasing,Barang," Beban Obat-Obatan-Obat ",ON PROCESS,7481400,7481400
KAB. SUKABUMI,DINAS PEKERJAAN UMUM - 1.03.0.00.0.00.01.0000,10832441000,66761241,2026,Non Tender,APBD,CV TIGA PERKASA KONSTRUKSI,Pengadaan Langsung,Pekerjaan Konstruksi,Pembuatan Bahu Beton Ruas Jalan Cibeureum - Goalpara Kecamatan Sukaraja,SELESAI,370770623,370770623
KAB. SUKABUMI,UOBK RSUD SEKARWANGI - 1.02.0.00.0.00.01.0002,01KJ6PYVFM9TTS4H0S3GEH7M2Y,63077986,2026,E-Katalog 6.0,BLUD,SINAR RODA UTAMA,E-Purchasing,Barang,Belanja Bahan - Bahan Lainnya (BMHP Farmasi),ON PROCESS,16783200,0
KAB. SUKABUMI,DINAS PENDIDIKAN - 1.01.0.00.0.00.01.0000,10865659000,66270871,2026,Non Tender,APBD,CV.KARUNIA PUTRA,Pengadaan Langsung,Pekerjaan Konstruksi,Rehabilitasi Sedang / Berat Ruang Kelas SDN Semplak  Kec. Sukalarang,SELESAI,277873837,277873837
KAB. SUKABUMI,DINAS PERUMAHAN DAN KAWASAN PERMUKIMAN - 1.03.1.04.2.11.01.0000,10902161000,67108561,2026,Non Tender,APBD,CV. Adhinata Utama,Pengadaan Langsung,Pekerjaan Konstruksi,Jalan Masuk Yayasan Al Mas'udiyah Rindu Alam kec. Nyalindung,SELESAI,191592762,191592762
KAB. SUKABUMI,DINAS PERHUBUNGAN - 2.15.0.00.0.00.01.0000,01KHT44M8DZVQSJNTCKFP2T5BC,64706791,2026,E-Katalog 6.0,APBD,HRZ MULTI UTAMA,E-Purchasing,Jasa Lainnya,"Pembangunan PJU di Wilayah Kec. Cikembar, Cibadak dan Desa Cikiray Kec. Cikidang (37 Titik)",PAYMENT OUTSIDE SYSTEM,589929480,589929480
KAB. SUKABUMI,DINAS PENDIDIKAN - 1.01.0.00.0.00.01.0000,10873385000,66269012,2026,Non Tender,APBD,CV. Darma Kontruksindo,Pengadaan Langsung,Pekerjaan Konstruksi,Rehabilitasi Sedang / Berat Ruang Kelas SDN Cibogo  Kec. Gegerbitung,SELESAI,138903043,138903043
KAB. SUKABUMI,KECAMATAN KEBONPEDES - 7.01.0.00.0.00.30.0000,01KJ9SG538HZPY5Z1YN4D39T8H,65449538,2026,E-Katalog 6.0,APBD,RUSYDA,E-Purchasing,Barang,Belanja Modal Peralatan Komputer Lainnya,ON PROCESS,11266500,11266500
KAB. SUKABUMI,UOBK RSUD SEKARWANGI - 1.02.0.00.0.00.01.0002,01KFWV6WW290FJBZDZHVJNRP8X,63079700,2026,E-Katalog 6.0,BLUD,TUNGGAL IDAMAN ABDI,E-Purchasing,Barang,Belanja Obat-obatan-Obat,ON PROCESS,22652558,0
KAB. SUKABUMI,DINAS PERUMAHAN DAN KAWASAN PERMUKIMAN - 1.03.1.04.2.11.01.0000,01KT71PN55MW5PK99TQWKXDDJX,66589511,2026,E-Katalog 6.0,APBD,CIPTA BUMI PERSADA,E-Purchasing,Barang,Pengadaan Alat Listrik,ON PROCESS,28449300,28449300
KAB. SUKABUMI,DINAS KESEHATAN - 1.02.0.00.0.00.01.0000,01KPST763BK6RKYNJACCA3B2V6,66879939,2026,E-Katalog 6.0,APBD,ZAYIN ZAHIRA,E-Purchasing,Barang,Belanja Alat/Bahan Alat Tulis Kantor dan Logistik Kantor- Penyediaan Bahan Logistik Kantor (PBJT),PAYMENT OUTSIDE SYSTEM,45809014,45809014
KAB. SUKABUMI,UOBK RSUD SEKARWANGI - 1.02.0.00.0.00.01.0002,01KF17ERXVHMAGJ9R029B1ZQVT,63077986,2026,E-Katalog 6.0,BLUD,TRISA LIKUID FARMA,E-Purchasing,Barang,Belanja Bahan - Bahan Lainnya (BMHP Farmasi),ON PROCESS,4353575,4353575
KAB. SUKABUMI,"DINAS KEBUDAYAAN, PEMUDA DAN OLAHRAGA - 2.22.2.19.0.00.01.0000",01KFDT5QBAB64WHDXS7EKCP7ZD,63797749,2026,E-Katalog 6.0,APBD,ARKASA PUTRA PRATAMA,E-Purchasing,Barang,Pengadaan Bola Sepak,PAYMENT OUTSIDE SYSTEM,407343249,407343249
KAB. SUKABUMI,DINAS PERUMAHAN DAN KAWASAN PERMUKIMAN - 1.03.1.04.2.11.01.0000,10847146000,66952559,2026,Non Tender,APBD,CV. Dian Karya Cipta,Pengadaan Langsung,Pekerjaan Konstruksi,Pembangunan Sarana Air Bersih Kp Babakan Rt11 Rw07 Desa Tonjong Kecamatan Palabuhanratu Kabupaten Sukabumi,SELESAI,194925740,194925740
KAB. SUKABUMI,"DINAS KOMUNIKASI, INFORMATIKA DAN PERSANDIAN - 2.16.2.21.2.20.01.0000",10756185000,63425060,2026,Non Tender,APBD,PT Victory Network Indonesia,Pengadaan Langsung,Jasa Lainnya,Sewa Colocation Server,SELESAI,159174000,159174000
KAB. SUKABUMI,DINAS PERUMAHAN DAN KAWASAN PERMUKIMAN - 1.03.1.04.2.11.01.0000,10862967000,65763061,2026,Non Tender,APBD,CV. LAKSANA ABADI,Pengadaan Langsung,Pekerjaan Konstruksi,Drainase Kp Loji Rt 027/Rw 02 Desa Ciracap Kecamatan Ciracap,SELESAI,95853091,95853091
KAB. SUKABUMI,SATUAN POLISI PAMONG PRAJA - 1.05.0.00.0.00.03.0000,01KKC71FCHD25P6MR06MBY96ZB,64317555,2026,E-Katalog 6.0,APBD,FAJAR ADI LESTARI,E-Purchasing,Barang,Belanja Alat/Bahan untuk Kegiatan Kantor- Kertas dan Cover,ON PROCESS,8605053,8605053
KAB. SUKABUMI,UPTD PUSKESMAS CARINGIN - 1.02.0.00.0.00.01.0052,01KTX9SRXD8DKPW1THMNKJTFZR,65660077,2026,E-Katalog 6.0,BLUD,TRIMAN,E-Purchasing,Barang,Belanja Obat-Obatan Puskesmas Caringin,ON PROCESS,3447016,3447016
KAB. SUKABUMI,DINAS PEMADAM KEBAKARAN DAN PENYELAMATAN - 1.05.0.00.0.00.01.0000,01KK1Z3HX6QR7PZ1RE667TEECR,66010519,2026,E-Katalog 6.0,APBD,KARYA PUTRA SUBANGJAYA,E-Purchasing,Jasa Lainnya,Belanja Pemeliharaan Kendaraan Bermotor Khusus (Mobil Pemadam Kebakaran),PAYMENT OUTSIDE SYSTEM,29608140,29608140
KAB. SUKABUMI,DINAS PEKERJAAN UMUM - 1.03.0.00.0.00.01.0000,10920701000,66768489,2026,Non Tender,APBD,cv.zakaria,Pengadaan Langsung,Pekerjaan Konstruksi,Ruas Jalan Cijaksa - Mataram Kecamatan Jampangkulon,SELESAI,373161276,373161276
KAB. SUKABUMI,BADAN PENDAPATAN DAERAH - 5.02.0.00.0.00.02.0000,10761618000,64432519,2026,Non Tender,APBD,CV. Sakti Perkasa,Pengadaan Langsung,Jasa Lainnya,Penyediaan Barang Cetakan dan Penggandaan,SELESAI,176930100,176930100
KAB. SUKABUMI,UPTD PUSKESMAS CARINGIN - 1.02.0.00.0.00.01.0052,01KPWM6SZXVRYXW79NSBQ0N313,65660077,2026,E-Katalog 6.0,BLUD,BERNOFARM,E-Purchasing,Barang,Belanja Obat-Obatan Puskesmas Caringin,ON PROCESS,12584070,12584070
KAB. SUKABUMI,UPTD PUSKESMAS CIJANGKAR - 1.02.0.00.0.00.01.0011,01KSH3PMJ5Y9TV908SKTSH8AZK,67208265,2026,E-Katalog 6.0,BLUD,HOLIPAH,E-Purchasing,Barang,Belanja Alat / Bahan untuk Kegiatan Kantor-ATK Puskesmas Cijangkar,COMPLETED,3529460,3529460
KAB. SUKABUMI,UOBK RSUD SEKARWANGI - 1.02.0.00.0.00.01.0002,01KVCX30XN24GE8PYB4F13Q0JZ,66275153,2026,E-Katalog 6.0,BLUD,COPYPASTE,E-Purchasing,Barang," Belanja Alat/Bahan untuk Kegiatan Kantor-Bahan Cetak",ON PROCESS,1669995,1669995
KAB. SUKABUMI,UPTD PUSKESMAS CIKIDANG - 1.02.0.00.0.00.01.0037,01KPMNWK8VQ709CX70ANZ53XMA,65984533,2026,E-Katalog 6.0,BLUD,INDO PRIANGAN KATULISTIWA,E-Purchasing,Barang,Belanja Obat-Obatan-Obatan UPTD Puskesmas Cikidang,COMPLETED,14607600,14607600
KAB. SUKABUMI,UPTD PUSKESMAS CARINGIN - 1.02.0.00.0.00.01.0052,01KJFD2YKR07TPHB54N2GNPC4X,65660077,2026,E-Katalog 6.0,BLUD,BERNOFARM,E-Purchasing,Barang,Belanja Obat-Obatan Puskesmas Caringin,COMPLETED,15389040,15389040
KAB. SUKABUMI,DINAS PERIKANAN - 3.25.0.00.0.00.01.0000,10794125000,65393976,2026,Non Tender,APBD,CV. Sumber Kuat,Pengadaan Langsung,Pengadaan Barang,Pengadaan Bantuan sarana usaha perikanan tangkap KUB. MUNAJAT Kp. Panyairan,SELESAI,90000000,0
KAB. SUKABUMI,UOBK RSUD SEKARWANGI - 1.02.0.00.0.00.01.0002,01KVSRTJS2AY26TRTP4YHKMYSB,63077986,2026,E-Katalog 6.0,BLUD,ATHA ARUTALA INDONESIA,E-Purchasing,Barang,Belanja Bahan - Bahan Lainnya (BMHP Farmasi),ON PROCESS,49961988,49961988
KAB. SUKABUMI,DINAS PERTANIAN - 3.27.2.09.0.00.01.0000,10874576000,63468809,2026,Non Tender,APBD,CV. BERKAH KONSTRUKSI,Pengadaan Langsung,Pekerjaan Konstruksi,Persediaan Untuk Dijual/Diserahkan Lainnya - Jaringan Irigasi Pertanian Kec. Simpenan Desa Cibuntu Poktan Cibuntu,SELESAI,184856492,184856492
KAB. SUKABUMI,DINAS PERTANIAN - 3.27.2.09.0.00.01.0000,01KJVF6JTV1WXBQ3XNG66YK6QA,65123543,2026,E-Katalog 6.0,APBD,PUTRA BUNGSU RAMDHANI,E-Purchasing,Barang,Belanja Modal Mebel,ON PROCESS,68747850,68747850
KAB. SUKABUMI,DINAS KESEHATAN - 1.02.0.00.0.00.01.0000,01KJVJFEQV2YWVG0W67THEXXZT,65537462,2026,E-Katalog 6.0,APBD,ZAYIN ZAHIRA,E-Purchasing,Barang," Belanja Alat/Bahan untuk Kegiatan Kantor-Alat Tulis Kantor",ON PROCESS,32994750,32994750
KAB. SUKABUMI,UPTD PUSKESMAS CIDOLOG - 1.02.0.00.0.00.01.0014,01KR2QQ8CQPM8GDDS9F5WCSFZ2,66336501,2026,E-Katalog 6.0,BLUD,NOVAPHARIN,E-Purchasing,Barang,Belanja Obat-Obatan-Obat Puskesmas Cidolog,PAYMENT OUTSIDE SYSTEM,1398600,1398600
KAB. SUKABUMI,DINAS PERTANIAN - 3.27.2.09.0.00.01.0000,10866615000,63468840,2026,Non Tender,APBD,CV. ACI,Pengadaan Langsung,Pekerjaan Konstruksi,Persediaan Untuk Dijual/Diserahkan Lainnya - Jaringan Irigasi Pertanian Kec. Jampang Kulon Desa Cikarang Poktan Cahaya Tani,SELESAI,74872163,74872163
KAB. SUKABUMI,DINAS PERTANIAN - 3.27.2.09.0.00.01.0000,10843685000,63468757,2026,Non Tender,APBD,CV. KARYA TILU SOBAT,Pengadaan Langsung,Pekerjaan Konstruksi,Persediaan Untuk Dijual/Diserahkan Lainnya - Jaringan Irigasi Pertanian Kec. Surade Desa Cipeundeuy Poktan Cipeundeuy,SELESAI,230869221,230869221
KAB. SUKABUMI,DINAS PENDIDIKAN - 1.01.0.00.0.00.01.0000,10884990000,66269112,2026,Non Tender,APBD,CV. HA BERKAH,Pengadaan Langsung,Pekerjaan Konstruksi,Rehabilitasi Sedang / Berat Ruang Kelas SDN Pasirbitung Kec. Pabuaran,SELESAI,138839821,138839821
KAB. SUKABUMI,BADAN KEPEGAWAIAN DAN PENGEMBANGAN SUMBER DAYA MANUSIA - 5.03.5.04.0.00.01.0000,01KGRGQ27T0M5QWJ9Y2HB0TMBD,63544228,2026,E-Katalog 6.0,APBD,EDRA AUSI AKBAR,E-Purchasing,Jasa Lainnya,Belanja Jamuan Peserta/Panitia Pembekalan/Pengarahan Teknis Pengangkatan CPNS ke PNS,PAYMENT OUTSIDE SYSTEM,9050000,9050000
KAB. SUKABUMI,UPTD PUSKESMAS BANTARGADUNG - 1.02.0.00.0.00.01.0031,01KNGDXPXP92RT6B5PYTDFFMPZ,66286510,2026,E-Katalog 6.0,BLUD,NOVAPHARIN,E-Purchasing,Barang,Belanja bahan obat-obatan (Puskesmas Bantargadung),ON PROCESS,1904760,1904760
KAB. SUKABUMI,UPTD KLINIK KESEHATAN DAERAH DAN LABORATORIUM KESEHATAN DAERAH - 1.02.0.00.0.00.01.0062,01KQ9K09MS0NJA2P7Z7AXP9E0J,65522872,2026,E-Katalog 6.0,BLUD,PRIMATAMA CIPTA NUSANTARA,E-Purchasing,Barang,Belanja Bahan Bahan Kimia Laboratorium Lingkungan,COMPLETED,102020100,102020100
KAB. SUKABUMI,UPTD PUSKESMAS CIJANGKAR - 1.02.0.00.0.00.01.0011,01KN0WWKSBGBWBHZQ70CAX23J3,65517345,2026,E-Katalog 6.0,BLUD,HOLIPAH,E-Purchasing,Barang,Belanja Makanan dan minuman pada Fasilitas Pelayanan Urusan Kesehatan -Kudapan (Extra Fooding) harian Petugas PSC/Layad Rawat/Siratu Emas Emas Puskesmas Cijangkar,COMPLETED,1379108,1379108
KAB. SUKABUMI,UPTD PUSKESMAS CICANTAYAN - 1.02.0.00.0.00.01.0051,01KRAG8VP0NTWF7HYZVDQDR16M,65438298,2026,E-Katalog 6.0,BLUD,HOLI PHARMA,E-Purchasing,Barang,Belanja Obat-Obatan Puskesmas Cicantayan Tahun 2026,COMPLETED,7204344,7204344
KAB. SUKABUMI,UPTD RSUD SAGARANTEN - 1.02.0.00.0.00.01.0063,01KNNYKWMWDQNGGXXJBC0HCBV4,66214509,2026,E-Katalog 6.0,APBD,TIARA AGUNG PRATAMA,E-Purchasing,Barang,Belanja BHP Laboratorium RSUD Sagaranten,ON PROCESS,4933005,0
KAB. SUKABUMI,UOBK RSUD SEKARWANGI - 1.02.0.00.0.00.01.0002,01KNRM7X2QZY7T86TTSJE1EZG1,63079700,2026,E-Katalog 6.0,BLUD,PRATAPA NIRMALA,E-Purchasing,Barang,Belanja Obat-obatan-Obat,ON PROCESS,69766053,69766053
KAB. SUKABUMI,DINAS PERIKANAN - 3.25.0.00.0.00.01.0000,10793136000,66134929,2026,Non Tender,APBD,CV. TIGA DUA AMANAH,Pengadaan Langsung,Pengadaan Barang,Pengadaan Pakan Benih dan Induk Ikan BBI Tonjong,SELESAI,127775000,0
KAB. SUKABUMI,DINAS KESEHATAN - 1.02.0.00.0.00.01.0000,01KKWZYW5BTG9R4R7Z2ZZW3B9Q,65613325,2026,E-Katalog 6.0,APBD,LAPI LABORATORIES,E-Purchasing,Barang,Pengadaan Obat Pelayanan Kesehatan Dasar PKD (DAK NF),PAYMENT OUTSIDE SYSTEM,896417685,896417685
KAB. SUKABUMI,UPTD PUSKESMAS KADUDAMPIT - 1.02.0.00.0.00.01.0056,01KRFTS2F796RVC0HTEC1Q3R79,66645895,2026,E-Katalog 6.0,BLUD,GLOBAL MULTI PHARMALAB,E-Purchasing,Barang,Belanja Bahan Obat-obatan puskesmas kadudampit,COMPLETED,1054500,1054500
KAB. SUKABUMI,BADAN PENDAPATAN DAERAH - 5.02.0.00.0.00.02.0000,10913260000,67088579,2026,Non Tender,APBD,CV INDOTAMA JAYA,Pengadaan Langsung,Pekerjaan Konstruksi,Rehab Halaman Kantor,SELESAI,198589505,198589505
KAB. SUKABUMI,DINAS PEKERJAAN UMUM - 1.03.0.00.0.00.01.0000,10886437000,66622258,2026,Non Tender,APBD,HIBAR GUMILANG,Pengadaan Langsung,Pekerjaan Konstruksi,Daerah Irigasi Cijulang Desa Darmareja kecamatan Nagrak,SELESAI,281024461,281024461
KAB. SUKABUMI,BADAN PENDAPATAN DAERAH - 5.02.0.00.0.00.02.0000,01KNP3T0TA4D9WZFBR7K2Y0MDN,66857791,2026,E-Katalog 6.0,APBD,BINTANG ZENIX,E-Purchasing,Jasa Lainnya,Belanja Makanan dan Minuman Rapat Sub Kegiatan Pembinaan dan Pengawasan Pengelolaan Pajak Daerah dan Retribusi Daerah,ON PROCESS,94500000,94500000
KAB. SUKABUMI,UOBK RSUD SEKARWANGI - 1.02.0.00.0.00.01.0002,01KH2SW69171ZPPC2CX5P8DCVX,63460557,2026,E-Katalog 6.0,BLUD,AMANAH SUKSES MAKMUR,E-Purchasing,Barang,Belanja Bahan-Bahan Lainnya (Pengolahan Makanan/gizi),ON PROCESS,551310000,551310000
KAB. SUKABUMI,DINAS PENDIDIKAN - 1.01.0.00.0.00.01.0000,10898778000,66270889,2026,Non Tender,APBD,CV. CIPTA KARYA,Pengadaan Langsung,Pekerjaan Konstruksi,Rehabilitasi Sedang / Berat Ruang Kelas SDN Cikadu  Kec. Tegalbuleud,SELESAI,278650000,278650000
KAB. SUKABUMI,UPTD KLINIK KESEHATAN DAERAH DAN LABORATORIUM KESEHATAN DAERAH - 1.02.0.00.0.00.01.0062,01KPA480TF82A1H293MN2DQX9X,65522872,2026,E-Katalog 6.0,BLUD,SCIENCEWERKE,E-Purchasing,Barang,Belanja Bahan Bahan Kimia Laboratorium Lingkungan,COMPLETED,28416000,0
KAB. SUKABUMI,DINAS PENDIDIKAN - 1.01.0.00.0.00.01.0000,10881948000,66235659,2026,Non Tender,APBD,CV. ARRAYYAN JAYA MANDIRI,Pengadaan Langsung,Pekerjaan Konstruksi,Rehabilitasi Sedang / Berat Ruang Kelas SDN Cimenteng  Kec. Cikembar,SELESAI,277931768,277931768
KAB. SUKABUMI,DINAS PENDIDIKAN - 1.01.0.00.0.00.01.0000,10868260000,66141620,2026,Non Tender,APBD,CV. RIZKI SARANA,Pengadaan Langsung,Pekerjaan Konstruksi,Pemagaran SDN Parungseah 2  Kec. Sukabumi,SELESAI,94865761,94865761
KAB. SUKABUMI,UOBK RSUD SEKARWANGI - 1.02.0.00.0.00.01.0002,01KVQ8E2CQQ42B2HDBVYRZM3KA,63077986,2026,E-Katalog 6.0,BLUD,INFION,E-Purchasing,Barang,Belanja Bahan - Bahan Lainnya (BMHP Farmasi),ON PROCESS,4139856,4139856
KAB. SUKABUMI,UPTD PUSKESMAS PARUNGKUDA - 1.02.0.00.0.00.01.0042,01KS1793T61Z0YXZM1Y94QDAT4,66288185,2026,E-Katalog 6.0,BLUD,KHALISH BRILLIANT PERSADA,E-Purchasing,Barang,Belanja peralatan kebersihan dan bahan pembersih/bahan perabot kantor Puskesmas Parungkuda,COMPLETED,17087340,17087340
KAB. SUKABUMI,DINAS PEMBERDAYAAN PEREMPUAN DAN PERLINDUNGAN ANAK - 2.08.0.00.0.00.01.0000,01KJPB1N8Z4FCM3H545YPMVKPB,65557288,2026,E-Katalog 6.0,APBD,SAKTI PERKASA,E-Purchasing,Barang,Penyediaan Peralatan Rumah Tangga,PAYMENT OUTSIDE SYSTEM,9979000,9979000
KAB. SUKABUMI,UOBK RSUD SEKARWANGI - 1.02.0.00.0.00.01.0002,01KEGVKEDP7SN5HP5XQQDR97N5,63079700,2026,E-Katalog 6.0,BLUD,BERNOFARM,E-Purchasing,Barang,Belanja Obat-obatan-Obat,ON PROCESS,63003600,63003600
KAB. SUKABUMI,DINAS PERTANIAN - 3.27.2.09.0.00.01.0000,10769977000,63838522,2026,Non Tender,APBD,CV. KARUNIA ABADI KONSULTAN,Pengadaan Langsung,Jasa Konsultansi Badan Usaha Konstruksi,Belanja Modal Bangunan Gedung Kantor (Jasa Konsultan Perencanaan Rehab Gudang Alsin),SELESAI,4440000,4440000
KAB. SUKABUMI,DINAS PERHUBUNGAN - 2.15.0.00.0.00.01.0000,10791840000,64733270,2026,Non Tender,APBD,CV.KARUNIA PUTRA,Pengadaan Langsung,Pekerjaan Konstruksi,Rehabilitasi dan Pemeliharaan Terminal Parakansalak,SELESAI,29514375,29514375
KAB. SUKABUMI,DINAS PERUMAHAN DAN KAWASAN PERMUKIMAN - 1.03.1.04.2.11.01.0000,10845381000,65763201,2026,Non Tender,APBD,CV SULTAN ALZENA,Pengadaan Langsung,Pekerjaan Konstruksi,Pembangunan Sarana Air Bersih Kp. Nagrak Rt. 10/2 Desa Berekah Kec. Bojonggenteng Kab. Sukabumi,SELESAI,97455613,97455613
KAB. SUKABUMI,DINAS PERUMAHAN DAN KAWASAN PERMUKIMAN - 1.03.1.04.2.11.01.0000,10908149000,65761418,2026,Non Tender,APBD,CV. KUJANG KEMBAR,Pengadaan Langsung,Pekerjaan Konstruksi,Jalan Lingkungan Rt002-Rw004 Desa Bangbayang Kecamatan Cicurug,SELESAI,191962495,191962495
KAB. SUKABUMI,UPTD PUSKESMAS CIAMBAR - 1.02.0.00.0.00.01.0046,01KPQ1BBHYTYJQRAM79212YXT1,65715590,2026,E-Katalog 6.0,BLUD,NOVAPHARIN,E-Purchasing,Barang,Belanja Obat-obatan,COMPLETED,8899758,8899758
KAB. SUKABUMI,UPTD PUSKESMAS BANGBAYANG - 1.02.0.00.0.00.01.0018,01KPWQMW87ZGFH7QKNSR1DSGCY,66270985,2026,E-Katalog 6.0,BLUD,INDO PRIANGAN KATULISTIWA,E-Purchasing,Barang," Belanja Obat-Obatan Puskesmas Bangbayang",ON PROCESS,20420670,20420670
KAB. SUKABUMI,DINAS PERTANIAN - 3.27.2.09.0.00.01.0000,10800490000,63468803,2026,Non Tender,APBD,CV. DIAN MANDIRI,Pengadaan Langsung,Pekerjaan Konstruksi,Persediaan Untuk Dijual/Diserahkan Lainnya - Jaringan Irigasi Pertanian Kec. Ciracap Desa Pasirpanjang Poktan Siaga Tani,SELESAI,230880921,230880921
KAB. SUKABUMI,DINAS KEPENDUDUKAN DAN PENCATATAN SIPIL - 2.12.0.00.0.00.01.0000,01KMT4EZFQJKQ63PMFKSTMF4M0,64090745,2026,E-Katalog 6.0,APBD,SADULUR SAJATI,E-Purchasing,Jasa Lainnya,Belanja Cetak Formulir Pelayanan F-2.01,ON PROCESS,38406000,38406000
KAB. SUKABUMI,UPTD PUSKESMAS CIKAKAK - 1.02.0.00.0.00.01.0035,01KPWGK2RR2P6K8BAAX17EZQ2T,65506343,2026,E-Katalog 6.0,BLUD,ETERNITY RAMA MEDIKA,E-Purchasing,Barang,Belanja Obat-obatan- Obat-Obatan Lainnya (BMHP Medis) UPTD Puskesmas CIkakak Tahun 2026,PAYMENT OUTSIDE SYSTEM,11233200,11233200
KAB. SUKABUMI,UPTD PUSKESMAS WARUNGKIARA - 1.02.0.00.0.00.01.0030,01KP7G45PQVA31772ZJ469DPFR,66149129,2026,E-Katalog 6.0,BLUD,PERUSAHAAN PERSEROAN (PERSERO) PT KIMIA FARMA,E-Purchasing,Barang,Belanja Obat-Obatan Puskesmas Warungkiara,ON PROCESS,11067899,11067899
KAB. SUKABUMI,DINAS LINGKUNGAN HIDUP - 2.11.1.03.0.00.01.0000,01KPW72G7G6XNM7RM9SNXZFKXA,66279356,2026,E-Katalog 6.0,APBD,RUSYDA,E-Purchasing,Barang,Belanja Modal Personal Computer,PAYMENT OUTSIDE SYSTEM,131568300,131568300
KAB. SUKABUMI,UOBK RSUD PALABUHANRATU - 1.02.0.00.0.00.01.0001,01KJA38Q174A5Z69SHNXMF8E88,64622587,2026,E-Katalog 6.0,BLUD,ETANA BIOTECHNOLOGIES INDONESIA,E-Purchasing,Barang,Belanja Obat - Obatan,ON PROCESS,20736909,20736909
KAB. SUKABUMI,UPTD PUSKESMAS CICANTAYAN - 1.02.0.00.0.00.01.0051,01KW0WXMRF411HRP0HYH2KZ38Z,65439963,2026,E-Katalog 6.0,BLUD,INDO PRIANGAN KATULISTIWA,E-Purchasing,Barang,Belanja Bahan Medis Habis Pakai Puskesmas Cicantayan Tahun 2026,ON PROCESS,4284600,4284600
KAB. SUKABUMI,DINAS PARIWISATA - 3.26.3.26.3.26.01.0000,10898127000,64621018,2026,Non Tender,APBD,PT. Nusa Graha Konsultan,Pengadaan Langsung,Jasa Konsultansi Badan Usaha Konstruksi,Belanja Jasa Konsultansi Perencanaan Arsitektur-Jasa Desain Arsitektural,SELESAI,6493500,6493500
KAB. SUKABUMI,DINAS PENGENDALIAN PENDUDUK DAN KELUARGA BERENCANA - 2.14.0.00.0.00.01.0000,10811319000,65928977,2026,Non Tender,APBD,Cv. Harmoni karya,Pengadaan Langsung,Jasa Konsultansi Badan Usaha Konstruksi,Jasa Konsultan Pengawasan Rehabilitasi Gedung Kantor UPT Dalduk Kecamatan Waluran,SELESAI,18093000,18093000
KAB. SUKABUMI,"DINAS KEBUDAYAAN, PEMUDA DAN OLAHRAGA - 2.22.2.19.0.00.01.0000",01KQRR9K0H1Z8F0MJ0S93P4RSM,67089791,2026,E-Katalog 6.0,APBD,ARKASA PUTRA PRATAMA,E-Purchasing,Barang,Pengadaan Alat Olahraga Tenis Meja,PAYMENT OUTSIDE SYSTEM,127516800,127516800
KAB. SUKABUMI,UOBK RSUD PALABUHANRATU - 1.02.0.00.0.00.01.0001,01KK9Q43TS07PWJD6JRT2Q45WT,64610114,2026,E-Katalog 6.0,BLUD,TIARA AGUNG PRATAMA,E-Purchasing,Barang,Belanja Bahan/Alat Pakai Habis Laboratorium,ON PROCESS,47045008,0
KAB. SUKABUMI,DINAS KEPENDUDUKAN DAN PENCATATAN SIPIL - 2.12.0.00.0.00.01.0000,01KGRWTGQZ08R9EXSGAZRAC7BJ,65192282,2026,E-Katalog 6.0,APBD,ARRAHMAN BERKAH ABADI,E-Purchasing,Jasa Lainnya,Belanja Reffil Ink dan Tinta Epson,PAYMENT OUTSIDE SYSTEM,17621250,17621250
KAB. SUKABUMI,UOBK RSUD SEKARWANGI - 1.02.0.00.0.00.01.0002,01KKK8DZ1GW1Q0EJSVK53TFHM6,63077986,2026,E-Katalog 6.0,BLUD,KENANGA UTAMA PERMAI,E-Purchasing,Barang,Belanja Bahan - Bahan Lainnya (BMHP Farmasi),ON PROCESS,29551364,29551364
KAB. SUKABUMI,DINAS PERUMAHAN DAN KAWASAN PERMUKIMAN - 1.03.1.04.2.11.01.0000,10818641000,66520744,2026,Non Tender,APBD,CV.CIPTA BANGUN LESTARI,Pengadaan Langsung,Jasa Konsultansi Badan Usaha Konstruksi,DED Gedung Kantor Kecamatan Ciracap,SELESAI,98679000,98679000
KAB. SUKABUMI,UPTD PUSKESMAS CIJANGKAR - 1.02.0.00.0.00.01.0011,01KSECFYPF33D4NK36W99GVTWG,65517345,2026,E-Katalog 6.0,BLUD,HOLIPAH,E-Purchasing,Barang,Belanja Makanan dan minuman pada Fasilitas Pelayanan Urusan Kesehatan -Kudapan (Extra Fooding) harian Petugas PSC/Layad Rawat/Siratu Emas Emas Puskesmas Cijangkar,COMPLETED,1368242,1368242
KAB. SUKABUMI,DINAS PEKERJAAN UMUM - 1.03.0.00.0.00.01.0000,10916105000,66349955,2026,Non Tender,APBD,Leo Ferdinand,Pengadaan Langsung,Pekerjaan Konstruksi,Ruas Jalan Batas Kota - Palasari Kecamatan Sukabumi,SELESAI,187170419,187170419
KAB. SUKABUMI,DINAS PEMADAM KEBAKARAN DAN PENYELAMATAN - 1.05.0.00.0.00.01.0000,01KSGXPRXFQ6QKBZR1XHHXPGTY,63800709,2026,E-Katalog 6.0,APBD,CIPTA BUMI PERSADA,E-Purchasing,Barang,Belanja Alat Listrik,ON PROCESS,15130665,15130665
KAB. SUKABUMI,UOBK RSUD SEKARWANGI - 1.02.0.00.0.00.01.0002,01KTWRAV8HRM1VT4YB8NZT0EGF,63079700,2026,E-Katalog 6.0,BLUD,LAPI LABORATORIES,E-Purchasing,Barang,Belanja Obat-obatan-Obat,ON PROCESS,7592400,7592400
KAB. SUKABUMI,DINAS PEKERJAAN UMUM - 1.03.0.00.0.00.01.0000,10916663000,66860135,2026,Non Tender,APBD,BYANKARYA,Pengadaan Langsung,Pekerjaan Konstruksi,Ruas Jalan Leuwiliang - Bojongtipar Kecamatan Jampangtengah,SELESAI,374187270,374187270
KAB. SUKABUMI,DINAS LINGKUNGAN HIDUP - 2.11.1.03.0.00.01.0000,10820540000,66834964,2026,Non Tender,APBD,PT. RAHMANDHIKA KONSULTAN,Pengadaan Langsung,Jasa Konsultansi Badan Usaha Non Konstruksi,Jasa Konsultansi Penyusunan Laporan Inventarisasi Gas Rumah Kaca,SELESAI,35745000,35745000
KAB. SUKABUMI,DINAS LINGKUNGAN HIDUP - 2.11.1.03.0.00.01.0000,01KNK4VB1F8SF1JEJERJ2RH0Y9,66612884,2026,E-Katalog 6.0,APBD,CIPTA DAYA PERSADA,E-Purchasing,Jasa Lainnya,Belanja Pemeliharaan Alat Besar-Alat Besar Darat-Alat Besar Darat Lainnya - Pemeliharaan Alat Berat TPA Kadaleman,ON PROCESS,147759870,147759870
KAB. SUKABUMI,DINAS PERUMAHAN DAN KAWASAN PERMUKIMAN - 1.03.1.04.2.11.01.0000,10894466000,67216180,2026,Non Tender,APBD,CV BINTANG GROUP,Pengadaan Langsung,Pekerjaan Konstruksi,Pembangunan Drainase Kp Bakan Wareng/Kaung Luwuk Desa Cidadap Kec Simpenan,SELESAI,243673149,243673149
KAB. SUKABUMI,DINAS KESEHATAN - 1.02.0.00.0.00.01.0000,01KN6AC1HC673S1XYPW7ZB8EZ5,65613325,2026,E-Katalog 6.0,APBD,TRIMAN,E-Purchasing,Barang,Pengadaan Obat Pelayanan Kesehatan Dasar PKD (DAK NF),ON PROCESS,226861800,226861800
KAB. SUKABUMI,UPTD PUSKESMAS JAMPANGKULON - 1.02.0.00.0.00.01.0027,01KQRG5WCDRXE1VM7HAC116BT0,65604534,2026,E-Katalog 6.0,BLUD,AYOOKLIK PARAHYANGAN PERKASA,E-Purchasing,Barang,Belanja Modal Peralatan Personal Computer - BLUD Puskesmas Jampangkulon,PAYMENT OUTSIDE SYSTEM,200000,200000
KAB. SUKABUMI,DINAS PERHUBUNGAN - 2.15.0.00.0.00.01.0000,01KMYXHFWAM4RCPYJP2Y8V55YS,64706820,2026,E-Katalog 6.0,APBD,SANDRA BUANA,E-Purchasing,Jasa Lainnya,Pembangunan PJU di Wilayah Kec. Kalapanunggal (12 Titik),ON PROCESS,190809000,190809000
KAB. SUKABUMI,DINAS PEKERJAAN UMUM - 1.03.0.00.0.00.01.0000,10897245000,67266646,2026,Non Tender,APBD,CV. PURNAMA KARYATAMA,Pengadaan Langsung,Pekerjaan Konstruksi,Daerah Irigasi Kebon Kai Desa Ciheulang Tonggoh Kecamatan Cibadak,SELESAI,295629291,295629291
KAB. SUKABUMI,DINAS PERUMAHAN DAN KAWASAN PERMUKIMAN - 1.03.1.04.2.11.01.0000,10885598000,67211798,2026,Non Tender,APBD,CV. INAYA MULYA SELARAS,Pengadaan Langsung,Pekerjaan Konstruksi,Jaling RT05 RT 06 Rw 06 Lembursawah Kec Cicantayan,SELESAI,192017384,192017384
KAB. SUKABUMI,UPTD PUSKESMAS PARUNGKUDA - 1.02.0.00.0.00.01.0042,01KVASHN1ATWKT453RYG3Q4G31,66289012,2026,E-Katalog 6.0,BLUD,INDO PRIANGAN KATULISTIWA,E-Purchasing,Barang,Belanja obat-obatan (obat) Parungkuda Parungkuda ,ON PROCESS,52604010,52604010
KAB. SUKABUMI,DINAS PARIWISATA - 3.26.3.26.3.26.01.0000,01KJAGQP20XRPPPR0VGNJD9FVA,65280165,2026,E-Katalog 6.0,APBD,SADULUR SAJATI,E-Purchasing,Barang,Belanja Alat/Bahan untuk Kegiatan Kantor-Alat Tulis Kantor,ON PROCESS,25415781,25415781
KAB. SUKABUMI,UPTD PUSKESMAS NAGRAK - 1.02.0.00.0.00.01.0048,01KH869ZATSRZ0EYTFKND0B2XE,65357597,2026,E-Katalog 6.0,BLUD,KENCANA INSAN MANDIRI,E-Purchasing,Barang,belanja barang pakai habis- belanja alat/bahan untuk kegiatan kantor-bahan komputer,COMPLETED,471750,471750
KAB. SUKABUMI,UPTD PUSKESMAS NYALINDUNG - 1.02.0.00.0.00.01.0010,01KVFB21HPMPAG160YJ9J9W67T,66077599,2026,E-Katalog 6.0,BLUD,KENANGA UTAMA PERMAI,E-Purchasing,Barang,Belanja Bahan-Bahan Lainnya  BMHP (Bahan Medis Habis Pakai) - Puskesmas Nyalindung,ON PROCESS,1448550,1448550
KAB. SUKABUMI,UPTD PUSKESMAS CICANTAYAN - 1.02.0.00.0.00.01.0051,01KNTMB359PNSN87AKRYTGWV67,65438298,2026,E-Katalog 6.0,BLUD,ADI AGRIPANA ABADI,E-Purchasing,Barang,Belanja Obat-Obatan Puskesmas Cicantayan Tahun 2026,COMPLETED,20384484,20384484
KAB. SUKABUMI,UPTD PUSKESMAS PARUNGKUDA - 1.02.0.00.0.00.01.0042,01KS11893K301KKEWGNPGNJ1N6,66288016,2026,E-Katalog 6.0,BLUD,KHALISH BRILLIANT PERSADA,E-Purchasing,Barang,Belanja alat listrik dan elektronik Puskesmas Parungkuda,COMPLETED,11571750,11571750
KAB. SUKABUMI,DINAS LINGKUNGAN HIDUP - 2.11.1.03.0.00.01.0000,10919549000,67281853,2026,Non Tender,APBD,CV. WAHANA INOVASI CONSULTANT,Pengadaan Langsung,Jasa Konsultansi Badan Usaha Konstruksi,Jasa Konsultansi Perencanaan Landfill Sampah TPA Cimenteng,BERLANGSUNG,22588500,22588500
KAB. SUKABUMI,UPTD PUSKESMAS BOJONGGENTENG - 1.02.0.00.0.00.01.0040,01KQBT67DPX71NTF8GW0M9AJKZ,65549461,2026,E-Katalog 6.0,BLUD,PT ADYA ARTHA ABADI TANGERANG,E-Purchasing,Barang,Belanja Bahan Obat - Obatan,PAYMENT OUTSIDE SYSTEM,664890,664890
KAB. SUKABUMI,UPTD PUSKESMAS BANTARGADUNG - 1.02.0.00.0.00.01.0031,01KS1H6V9ZGXS25NXFHD8HG8DM,66286510,2026,E-Katalog 6.0,BLUD,BERNOFARM,E-Purchasing,Barang,Belanja bahan obat-obatan (Puskesmas Bantargadung),ON PROCESS,1074191,1074191
KAB. SUKABUMI,BADAN KEPEGAWAIAN DAN PENGEMBANGAN SUMBER DAYA MANUSIA - 5.03.5.04.0.00.01.0000,01KNGJS5X2XE0T67X3V7SAS1PR,63974011,2026,E-Katalog 6.0,APBD,EDRA AUSI AKBAR,E-Purchasing,Jasa Lainnya,Belanja Makanan dan Minuman Kegiatan Evaluasi Pasca Pelatihan Kepemimpinan Pengawas,PAYMENT OUTSIDE SYSTEM,2800000,2800000
KAB. SUKABUMI,UPTD PUSKESMAS NAGRAK - 1.02.0.00.0.00.01.0048,01KJA5RPXH23TVPBCDCD0Q87GD,65361864,2026,E-Katalog 6.0,BLUD,BERNOFARM,E-Purchasing,Barang,belanja barang pakai habis- belanja obat-obatan,COMPLETED,18372165,18372165
KAB. SUKABUMI,UOBK RSUD SEKARWANGI - 1.02.0.00.0.00.01.0002,01KVQSTXXHVAMFD9QMY0CDBCG3,63077986,2026,E-Katalog 6.0,BLUD,DOCARE LARAS INDONESIA,E-Purchasing,Barang,Belanja Bahan - Bahan Lainnya (BMHP Farmasi),ON PROCESS,5201460,5201460
KAB. SUKABUMI,UOBK RSUD PALABUHANRATU - 1.02.0.00.0.00.01.0001,01K92HE51G7AM0F8QAAKTM8R4E,64906595,2026,E-Katalog 6.0,BLUD,KRESNA RAYA GEMILANG,E-Purchasing,Barang,Belanja Bahan Kimia Laundy,COMPLETED,21267600,21267600
KAB. SUKABUMI,DINAS PEKERJAAN UMUM - 1.03.0.00.0.00.01.0000,10802986000,66284726,2026,Non Tender,APBD,CV. BERKAH KONSTRUKSI,Pengadaan Langsung,Pekerjaan Konstruksi,Pembuatan Bahu Beton Ruas Jalan Cempakaratu - Cipedes Kecamatan Cikakak,SELESAI,195054525,195054525
KAB. SUKABUMI,UPTD PUSKESMAS WARUNGKIARA - 1.02.0.00.0.00.01.0030,01KS6XG7ZN2KTHGDT4F2CCK4N6,66150181,2026,E-Katalog 6.0,BLUD,AYOOKLIK PARAHYANGAN PERKASA,E-Purchasing,Barang,Belanja Modal Peralatan dan Mesin-Pengadaan Alat Kantor Puskesmas Warungkiara,COMPLETED,6865000,0
KAB. SUKABUMI,SEKRETARIAT DAERAH - 4.01.0.00.0.00.01.0000,10826441000,66081214,2026,Non Tender,APBD,CV. FADHILLAH,Pengadaan Langsung,Pekerjaan Konstruksi,Pemeliharaan Rumah Dinas Wakil Bupati,SELESAI,39773544,39773544
KAB. SUKABUMI,SEKRETARIAT DAERAH - 4.01.0.00.0.00.01.0000,10821904000,66276135,2026,Non Tender,APBD,HADIL MAHASIN,Pengadaan Langsung,Pengadaan Barang,Belanja Alat/Bahan untuk Kegiatan Kantor-Perabot Kantor,SELESAI,95431000,95431000
KAB. SUKABUMI,DINAS PEKERJAAN UMUM - 1.03.0.00.0.00.01.0000,10928804000,66743808,2026,Non Tender,APBD,CV. MAKMUR JAYA,Pengadaan Langsung,Pekerjaan Konstruksi,Jembatan Citalahab 2 Ruas Jalan Cijangkar - Kibitey Kecamatan Nyalindung,SELESAI,49065577,49065577
KAB. SUKABUMI,UPTD PUSKESMAS SURADE - 1.02.0.00.0.00.01.0021,01KTN3Z32V9TYAQPPWSQE6NT10,65736412,2026,E-Katalog 6.0,BLUD,ETERNITY RAMA MEDIKA,E-Purchasing,Barang,Belanja Modal Alat Kedokteran Umum PKM Surade 2026,COMPLETED,7697850,7697850
KAB. SUKABUMI,UPTD PUSKESMAS PARUNGKUDA - 1.02.0.00.0.00.01.0042,01KVSFTVAH8S0AK410ZXD4GABE,66288754,2026,E-Katalog 6.0,BLUD,MULAWARMAN KESADA MEDICALINDO,E-Purchasing,Barang,Belanja obat-obatan lainnya (habis pakai alat kesehatan/BHP medis) Parungkuda Parungkuda ,ON PROCESS,28568625,28568625
KAB. SUKABUMI,DINAS PERHUBUNGAN - 2.15.0.00.0.00.01.0000,01KMQDB3AH65NDXW77VXX27NC0,64706858,2026,E-Katalog 6.0,APBD,SANDRA BUANA,E-Purchasing,Jasa Lainnya,Pembangunan PJU di Wilayah Kec. Simpenan (18 Titik),ON PROCESS,286213500,286213500
KAB. SUKABUMI,"BADAN PERENCANAAN PEMBANGUNAN, RISET DAN INOVASI DAERAH - 5.01.5.05.0.00.01.0000",01KHXHQZ729M8YVH1QD7N4WPPV,64780225,2026,E-Katalog 6.0,APBD,ARRAHMAN BERKAH ABADI,E-Purchasing,Barang,Name Tag ID Card BAPPERIDA,PAYMENT OUTSIDE SYSTEM,11006760,11006760
KAB. SUKABUMI,DINAS PEMBERDAYAAN PEREMPUAN DAN PERLINDUNGAN ANAK - 2.08.0.00.0.00.01.0000,01KJRTE4GW86Z0NZ9R4WJS7T1V,65557284,2026,E-Katalog 6.0,APBD,ARRAHMAN BERKAH ABADI,E-Purchasing,Barang,Belanja Alat/Bahan untuk Kegiatan Kantor-Alat Tulis Kantor,PAYMENT OUTSIDE SYSTEM,30507400,30507400
KAB. SUKABUMI,UOBK RSUD SEKARWANGI - 1.02.0.00.0.00.01.0002,01KVQSJWF1P8GFH2JQRCW404RZ,63077986,2026,E-Katalog 6.0,BLUD,DOCARE LARAS INDONESIA,E-Purchasing,Barang,Belanja Bahan - Bahan Lainnya (BMHP Farmasi),ON PROCESS,44400000,44400000
KAB. SUKABUMI,"BADAN PERENCANAAN PEMBANGUNAN, RISET DAN INOVASI DAERAH - 5.01.5.05.0.00.01.0000",01KJ7A139BB1B97D12PJ6JAE9B,64670696,2026,E-Katalog 6.0,APBD,VIANIE,E-Purchasing,Jasa Lainnya,Belanja Makanan dan Minuman Rapat-Koordinasi Bidang Pemerintahan,PAYMENT OUTSIDE SYSTEM,4900000,4900000
KAB. SUKABUMI,DINAS KEPENDUDUKAN DAN PENCATATAN SIPIL - 2.12.0.00.0.00.01.0000,01KMTJ4ANP5Y0MH9WFME13QNZG,64088023,2026,E-Katalog 6.0,APBD,RUSYDA,E-Purchasing,Barang,Belanja Personal Computer,PAYMENT OUTSIDE SYSTEM,19800000,19800000
KAB. SUKABUMI,DINAS PERTANIAN - 3.27.2.09.0.00.01.0000,10801651000,63468759,2026,Non Tender,APBD,GUMELAR PRATAMA,Pengadaan Langsung,Pekerjaan Konstruksi,Persediaan Untuk Dijual/Diserahkan Lainnya - Jaringan Irigasi Pertanian Kec. Cibitung Desa Cibitung Poktan Tani Mukti,SELESAI,149600400,149600400
KAB. SUKABUMI,UPTD PUSKESMAS GEGERBITUNG - 1.02.0.00.0.00.01.0009,01KQXNXNAB7XCJCS5JMV212MF5,66628986,2026,E-Katalog 6.0,BLUD,TRIMAN,E-Purchasing,Barang,Belanja Bahan Obat-obatan UPTD Puskesmas Cireunghas,ON PROCESS,37075543,37075543
KAB. SUKABUMI,DINAS PETERNAKAN - 3.27.0.00.0.00.01.0000,01KJ43MMW46J441H4B02SEZV8G,64546469,2026,E-Katalog 6.0,APBD,ERA VETERINER INDONESIA,E-Purchasing,Barang,Belanja Obat Hewan,ON PROCESS,112340880,112340880
KAB. SUKABUMI,BADAN PENDAPATAN DAERAH - 5.02.0.00.0.00.02.0000,01KPW9YJXTDT3K888EYEJZ7D56,66549903,2026,E-Katalog 6.0,APBD,HADIL MAHASIN,E-Purchasing,Barang,Belanja Alat/Bahan untuk Kegiatan Kantor- Suvenir/Cendera Mata Tumbler Standar,PAYMENT OUTSIDE SYSTEM,4645350,4645350
KAB. SUKABUMI,DINAS PERHUBUNGAN - 2.15.0.00.0.00.01.0000,01KN619R2M20XAQDQQD5HA2P4E,66808310,2026,E-Katalog 6.0,APBD,CIPTA BUMI PERSADA,E-Purchasing,Jasa Lainnya,Belanja Perlengkapan Dinas - Light Stick SWAT ,PAYMENT OUTSIDE SYSTEM,7215000,7215000
KAB. SUKABUMI,UPTD PUSKESMAS CIBADAK - 1.02.0.00.0.00.01.0050,01KSFQ9YNNQ9N82GZ5YHJ2TRKJ,65788852,2026,E-Katalog 6.0,BLUD,HEXPHARM JAYA LABORATORIES,E-Purchasing,Barang,Belanja Bahan Obat-Obatan-Obat Puskesmas Cibadak 2026,ON PROCESS,6400260,6400260
KAB. SUKABUMI,DINAS PERHUBUNGAN - 2.15.0.00.0.00.01.0000,01KHT7QVS3493Y32JRS17993CH,64706889,2026,E-Katalog 6.0,APBD,KAFADA KARYA,E-Purchasing,Jasa Konsultansi,"Pembangunan PJU di Wilayah Desa Margalaksana Kec. Cikakak, Desa Wangunsari dan Karangpapak Kec. Cisolok (31 Titik)",PAYMENT OUTSIDE SYSTEM,494454495,494454495
KAB. SUKABUMI,DINAS PERDAGANGAN DAN PERINDUSTRIAN - 3.31.3.29.3.30.01.0000,10897445000,64982245,2026,Non Tender,APBD,Aksamaia Rekta Nusa,Pengadaan Langsung,Jasa Konsultansi Badan Usaha Non Konstruksi,"Belanja Jasa Penyelidikan Geologi dan Geofisika dengan metode Geolistrik dua dimensi untuk panas bumi di Kecamatan Cisolok, Cisukarame",SELESAI,98179500,98179500
KAB. SUKABUMI,UOBK RSUD SEKARWANGI - 1.02.0.00.0.00.01.0002,01KV5H8Y0S0EWTTBK7HR7CYAY8,63079700,2026,E-Katalog 6.0,BLUD,FINUSOLPRIMA FARMA INTERNASIONAL,E-Purchasing,Barang,Belanja Obat-obatan-Obat,ON PROCESS,6004567,6004567
KAB. SUKABUMI,DINAS PEKERJAAN UMUM - 1.03.0.00.0.00.01.0000,10861394000,66618635,2026,Non Tender,APBD,CV AURA BANGUN PERSADA,Pengadaan Langsung,Pekerjaan Konstruksi,Daerah Irigasi Cipalasari Babakan Desa Palasari Hilir Kecamatan Parungkuda,SELESAI,281044131,281044131
KAB. SUKABUMI,DINAS PERIKANAN - 3.25.0.00.0.00.01.0000,10855808000,65376465,2026,Non Tender,APBD,CV.MURNI JAYA,Pengadaan Langsung,Pengadaan Barang,Fasilitasi Restocking Ikan Ekonomis Penting,SELESAI,44398000,0
KAB. SUKABUMI,DINAS PERHUBUNGAN - 2.15.0.00.0.00.01.0000,01KH93VRV97H6GC6GPC4T4NR66,64706879,2026,E-Katalog 6.0,APBD,D'BEST KREASINDO UTAMA,E-Purchasing,Jasa Lainnya,Pembangunan PJU di Wilayah Desa Bojong Kecamatan Cikembar (10 Titik),ON PROCESS,159285000,159285000
KAB. SUKABUMI,UOBK RSUD SEKARWANGI - 1.02.0.00.0.00.01.0002,01KREDNDZ0G2VD5Q4W34NVQV89,63079700,2026,E-Katalog 6.0,BLUD,EISAI INDONESIA,E-Purchasing,Barang,Belanja Obat-obatan-Obat,ON PROCESS,8663550,8663550
KAB. SUKABUMI,BADAN KEPEGAWAIAN DAN PENGEMBANGAN SUMBER DAYA MANUSIA - 5.03.5.04.0.00.01.0000,01KQXR9GE49KQ3M9GMYATBJ7DD,64049346,2026,E-Katalog 6.0,APBD,CIPTA BUMI PERSADA,E-Purchasing,Barang,Belanja Modal Mebel,ON PROCESS,31080000,31080000
KAB. SUKABUMI,SATUAN POLISI PAMONG PRAJA - 1.05.0.00.0.00.03.0000,01KN2K3D089YZGRMYCDXZJY0JC,64317559,2026,E-Katalog 6.0,APBD,SODARA BERSAMA,E-Purchasing,Barang,Belanja Alat/Bahan untuk Kegiatan Kantor-Perabot Kantor,ON PROCESS,19354848,19354848
KAB. SUKABUMI,UOBK RSUD SEKARWANGI - 1.02.0.00.0.00.01.0002,01KJYXFYTKNJNED30DZ6N1GA4R,63079700,2026,E-Katalog 6.0,BLUD,FERRON PAR PHARMACEUTICALS,E-Purchasing,Barang,Belanja Obat-obatan-Obat,ON PROCESS,29574973,29574973
KAB. SUKABUMI,UPTD PUSKESMAS CURUGKEMBAR - 1.02.0.00.0.00.01.0016,01KQRTA57GGVPAG29V8QV6EDM6,66467169,2026,E-Katalog 6.0,BLUD,PHAPROS,E-Purchasing,Barang,Belanja Obat-Obatan-Obat UPTD Puskesmas Curugkembar,ON PROCESS,1187700,1187700
KAB. SUKABUMI,UOBK RSUD SEKARWANGI - 1.02.0.00.0.00.01.0002,01KV9MWMDJ0G73MSJ9ZEQEQE80,63079700,2026,E-Katalog 6.0,BLUD,MERSIFARMA TIRMAKU MERCUSANA,E-Purchasing,Barang,Belanja Obat-obatan-Obat,ON PROCESS,2443221,2443221
KAB. SUKABUMI,DINAS PERDAGANGAN DAN PERINDUSTRIAN - 3.31.3.29.3.30.01.0000,10128327000,64610767,2026,Tender,APBD,PT. Sisarti Baksya Asasta,Seleksi,Jasa Konsultansi Badan Usaha Non Konstruksi,Penyusunan Naskah Akademik RAPERDA Pengelolaan Pasar,SELESAI,196952850,196952850
KAB. SUKABUMI,KECAMATAN NAGRAK - 7.01.0.00.0.00.32.0000,01KVAWGEXQVRZJBXQK6TKSYNYS,67313569,2026,E-Katalog 6.0,APBD,HADIL MAHASIN,E-Purchasing,Barang,Belanja Modal Personal Computer,ON PROCESS,48847770,48847770
KAB. SUKABUMI,DINAS PERUMAHAN DAN KAWASAN PERMUKIMAN - 1.03.1.04.2.11.01.0000,01KT724KP6SDYNHNHHWVY899SN,66589542,2026,E-Katalog 6.0,APBD,RUSYDA,E-Purchasing,Barang,Pengadaan Printer,ON PROCESS,34965000,34965000
KAB. SUKABUMI,UOBK RSUD SEKARWANGI - 1.02.0.00.0.00.01.0002,01KK17TV79Q82VD9F2KGCQ6WWX,63079700,2026,E-Katalog 6.0,BLUD,DEXA MEDICA,E-Purchasing,Barang,Belanja Obat-obatan-Obat,ON PROCESS,68769717,68769717
KAB. SUKABUMI,UPTD PUSKESMAS NAGRAK - 1.02.0.00.0.00.01.0048,01KJBX0TYA65EPKE0N7ZFZ11PF,65362722,2026,E-Katalog 6.0,BLUD,KENANGA UTAMA PERMAI,E-Purchasing,Barang,belanja barang pakai habis- belanja obat-obatan-obat lainnya,COMPLETED,5128200,5128200
KAB. SUKABUMI,UOBK RSUD SEKARWANGI - 1.02.0.00.0.00.01.0002,01KRX3T0SX9XPD53S41596KTTX,63079700,2026,E-Katalog 6.0,BLUD,MENARINI INDRIA LABORATORIES,E-Purchasing,Barang,Belanja Obat-obatan-Obat,ON PROCESS,1235930,1235930
KAB. SUKABUMI,UPTD PUSKESMAS CIJANGKAR - 1.02.0.00.0.00.01.0011,01KJ4DQV24WXFWG7D12CA3Z657,65513865,2026,E-Katalog 6.0,BLUD,HOLIPAH,E-Purchasing,Barang,Belanja Alat/Bahan Untuk Kegiatan kantor -Bahan Komputer Puskesmas Cijangkar,COMPLETED,197580,197580
KAB. SUKABUMI,DINAS PERDAGANGAN DAN PERINDUSTRIAN - 3.31.3.29.3.30.01.0000,10928642000,63905353,2026,Non Tender,APBD,CV. TIRTA MENTARI,Pengadaan Langsung,Jasa Konsultansi Badan Usaha Konstruksi,Jasa Konsultansi Pengawasan Pembuatan TPS Pasar Sagaranten,SELESAI,1909200,1909200
KAB. SUKABUMI,DINAS PERUMAHAN DAN KAWASAN PERMUKIMAN - 1.03.1.04.2.11.01.0000,10914804000,67216165,2026,Non Tender,APBD,cv. putra mandiri,Pengadaan Langsung,Pekerjaan Konstruksi,Pembangunan Drainase Rt 11 Dan Rt 1 4 Rw 03 Desa Cibatu Kec Cisaat,SELESAI,93253900,93253900
KAB. SUKABUMI,DINAS PENDIDIKAN - 1.01.0.00.0.00.01.0000,10867843000,66052861,2026,Non Tender,APBD,PT. CAHAYA ABADI KONSULTINDO,Pengadaan Langsung,Jasa Konsultansi Badan Usaha Konstruksi,Jasa Konsultan Pengawasan Rehabilitasi Sedang / Berat Ruang Kelas SD Wilayah 1,SELESAI,38031320,38031320
KAB. SUKABUMI,UPTD PUSKESMAS CICURUG - 1.02.0.00.0.00.01.0044,01KKAXXHMKMT21YFFN66KZWR23,65369032,2026,E-Katalog 6.0,BLUD,NULAB PHARMACEUTICAL INDONESIA,E-Purchasing,Barang,Belanja Persediaan Bahan Obat - Obatan ,PAYMENT OUTSIDE SYSTEM,4306800,4306800
KAB. SUKABUMI,UOBK RSUD SEKARWANGI - 1.02.0.00.0.00.01.0002,01KW8AQMGM7VTM3ETK0YGEJR0F,63079700,2026,E-Katalog 6.0,BLUD,TUNGGAL IDAMAN ABDI,E-Purchasing,Barang,Belanja Obat-obatan-Obat,ON PROCESS,16988994,0
KAB. SUKABUMI,UOBK RSUD SEKARWANGI - 1.02.0.00.0.00.01.0002,01KJ5B1WA7NJZAGHQ9HZDNFJH4,63077986,2026,E-Katalog 6.0,BLUD,ESSITY HYGIENE AND HEALTH INDONESIA,E-Purchasing,Barang,Belanja Bahan - Bahan Lainnya (BMHP Farmasi),ON PROCESS,33450902,0
KAB. SUKABUMI,UPTD PUSKESMAS GEGERBITUNG - 1.02.0.00.0.00.01.0009,01KPSSPZSGD9YX05ARJM9AG879,66629238,2026,E-Katalog 6.0,BLUD,INDO PRIANGAN KATULISTIWA,E-Purchasing,Barang,Belanja Bahan Medis Habis Pakai (BMHP) UPTD Puskesmas Cireunghas,COMPLETED,9706950,9706950
KAB. SUKABUMI,SEKRETARIAT DAERAH - 4.01.0.00.0.00.01.0000,10819972000,66186446,2026,Non Tender,APBD,CV. Sakti Perkasa,Pengadaan Langsung,Pengadaan Barang,Belanja Alat/Bahan untuk Kegiatan Kantor-Alat Listrik,SELESAI,170739000,170739000
KAB. SUKABUMI,DINAS PEKERJAAN UMUM - 1.03.0.00.0.00.01.0000,10803057000,66350205,2026,Non Tender,APBD,CV. Adhinata Utama,Pengadaan Langsung,Pekerjaan Konstruksi,Ruas Jalan Selakaso - Terminal Sukaraja Kecamatan Sukaraja,SELESAI,260050917,260050917
KAB. SUKABUMI,DINAS LINGKUNGAN HIDUP - 2.11.1.03.0.00.01.0000,10853715000,64481940,2026,Non Tender,APBD,CV. WAHANA INOVASI CONSULTANT,Pengadaan Langsung,Jasa Konsultansi Badan Usaha Konstruksi,Belanja Modal Bangunan Penampung Sampah - Jasa Konsultansi Perencana Pemeliharaan TPSS,SELESAI,5772000,5772000
KAB. SUKABUMI,UPTD PUSKESMAS WARUNGKIARA - 1.02.0.00.0.00.01.0030,01KPA2CBECVDWABVKNFENWDK7C,66149129,2026,E-Katalog 6.0,BLUD,PHAPROS,E-Purchasing,Barang,Belanja Obat-Obatan Puskesmas Warungkiara,ON PROCESS,3673545,3673545
KAB. SUKABUMI,UOBK RSUD SEKARWANGI - 1.02.0.00.0.00.01.0002,01KPCH7F9194PG370AM7EGJGGQ,66665883,2026,E-Katalog 6.0,BLUD,BINTANG MEGAH PERSADA,E-Purchasing,Barang," Belanja Alat/Bahan untuk Kegiatan Kantor-Perabot Kantor",PAYMENT OUTSIDE SYSTEM,12394859,12394859
KAB. SUKABUMI,DINAS PERUMAHAN DAN KAWASAN PERMUKIMAN - 1.03.1.04.2.11.01.0000,10894270000,67216143,2026,Non Tender,APBD,CV. RADESA,Pengadaan Langsung,Pekerjaan Konstruksi,Pembangunan Sarana Air Bersih Kp slaawi RT 18 RW 04 Desa Warnasari GG Mesjid Albarokah Komplek Boregah Kec Sukabumi,SELESAI,149113971,149113971
KAB. SUKABUMI,DINAS KESEHATAN - 1.02.0.00.0.00.01.0000,10891936000,66862180,2026,Non Tender,APBD,CV. TIGA DUA AMANAH,Pengadaan Langsung,Pekerjaan Konstruksi,Rehabilitasi Puskesmas Pembantu [Pustu]  Sukaresmi Puskesmas Cisaat,SELESAI,120996000,120996000
KAB. SUKABUMI,DINAS PERHUBUNGAN - 2.15.0.00.0.00.01.0000,01KN1B93NMAJ5KJJR4SMN4YCJZ,64706813,2026,E-Katalog 6.0,APBD,DIKA SEJAHTERA ABADI,E-Purchasing,Jasa Lainnya,Pembangunan PJU di Wilayah Kec. Palabuhanratu (24 Titik),ON PROCESS,382284000,382284000
KAB. SUKABUMI,UPTD PUSKESMAS GIRIJAYA - 1.02.0.00.0.00.01.0047,01KR2Q05B0GJAGGW0N9BPQ39WQ,65623829,2026,E-Katalog 6.0,BLUD,CIPTA MEDIKA SEMPURNA,E-Purchasing,Barang," Belanja Persediaan Proses-Persediaan Dalam Proses ",ON PROCESS,3964698,0
KAB. SUKABUMI,DINAS KESEHATAN - 1.02.0.00.0.00.01.0000,10841313000,65537777,2026,Non Tender,APBD,PT. KHARISMA CIPTA KUASA,Pengadaan Langsung,Jasa Konsultansi Badan Usaha Non Konstruksi,Andalalin Pembangunan Puskesmas Palabuhanratu,SELESAI,49938900,49938900
KAB. SUKABUMI,UPTD PUSKESMAS JAMPANGKULON - 1.02.0.00.0.00.01.0027,01KQ1KSFYR7JBSPPSCASQNQEQN,65602152,2026,E-Katalog 6.0,BLUD,MARIN LIZA FARMASI,E-Purchasing,Barang,Belanja Bahan Obat-obatan - BLUD Puskesmas Jampangkulon ,PAYMENT OUTSIDE SYSTEM,444000,444000
KAB. SUKABUMI,DINAS PERTANIAN - 3.27.2.09.0.00.01.0000,01KMPWY25BTSQBS7S7JH2Q9R6T,65032257,2026,E-Katalog 6.0,APBD,TRUBUS PRIMA,E-Purchasing,Barang,Belanja Bahan-Bahan Kimia : Pengadaan Pupuk Organik Padat (POP) Kegiatan Pengembangan Kawasan Cabai,PAYMENT OUTSIDE SYSTEM,57364800,57364800
KAB. SUKABUMI,UPTD PUSKESMAS SELAJAMBE - 1.02.0.00.0.00.01.0054,01KWDT74VR4T3PT38BYNCCGS8E,65998350,2026,E-Katalog 6.0,BLUD,INDO PRIANGAN KATULISTIWA,E-Purchasing,Barang,Belanja Bahan Obat-obatan ( BLUD ),ON PROCESS,1032300,1032300
KAB. SUKABUMI,UPTD PUSKESMAS KALIBUNDER - 1.02.0.00.0.00.01.0028,01KTJNCHENZMKJKB0B8MSBQ3DQ,65601464,2026,E-Katalog 6.0,BLUD,ZAYIN ZAHIRA,E-Purchasing,Barang,Belanja Alat/Bahan untuk Kegiatan Kantor-Alat Tulis Kantor Puskesmas Kalibunder Tahun 2026,COMPLETED,7723935,7723935
KAB. SUKABUMI,UPTD PUSKESMAS CIKEMBAR - 1.02.0.00.0.00.01.0060,01KNPTJER4S1DJSYRQ2ZAP2G01,65501673,2026,E-Katalog 6.0,BLUD,KENCANA INSAN MANDIRI,E-Purchasing,Barang,Belanja Alat/Bahan untuk Kegiatan Kantor-Alat Listrik Puskesmas Cikembar Tahun 2026,COMPLETED,10162050,10162050
KAB. SUKABUMI,UOBK RSUD SEKARWANGI - 1.02.0.00.0.00.01.0002,01KRCYA1GM8MJR029Y9CA6AWFX,63079700,2026,E-Katalog 6.0,BLUD,DAEWOONG INFION,E-Purchasing,Barang,Belanja Obat-obatan-Obat,ON PROCESS,13919986,13919986
KAB. SUKABUMI,DINAS PERIKANAN - 3.25.0.00.0.00.01.0000,10793880000,65394408,2026,Non Tender,APBD,CV BINTANG MAS,Pengadaan Langsung,Pengadaan Barang,Pengadaan Mesin Kapal dan Genset KUB. PAGUYUBAN NELAYAN CIHURANG (PNC) Kp. Cihurang,SELESAI,184800000,0
KAB. SUKABUMI,UPTD PUSKESMAS CISAAT - 1.02.0.00.0.00.01.0053,01KHT1S3V5166APCQY2QFXE892,64692007,2026,E-Katalog 6.0,BLUD,RAJA ALKES MEDIKA,E-Purchasing,Barang,Belanja Bahan Habis Pakai Alat Kesehatan (BHP Medis) Puskesmas Cisaat TA. 2026,COMPLETED,9823500,9823500
KAB. SUKABUMI,UPTD PUSKESMAS GEGERBITUNG - 1.02.0.00.0.00.01.0009,01KKDJFJBDQ4JGCMM7Q0N14GJF,66377843,2026,E-Katalog 6.0,APBD,INDO PRIANGAN KATULISTIWA,E-Purchasing,Barang,Belanja Obat Obatan Puskesmas Gegerbitung Tahun Anggaran 2026,PAYMENT OUTSIDE SYSTEM,50610950,50610950
KAB. SUKABUMI,UPTD RSUD SAGARANTEN - 1.02.0.00.0.00.01.0063,01KNPVBASV4WCJJ20H55HWSHPE,66640385,2026,E-Katalog 6.0,APBD,DELVI PRIMATAMA,E-Purchasing,Barang,Belanja BMHP DAU RSUD Sagaranten,ON PROCESS,51892500,0
KAB. SUKABUMI,UOBK RSUD SEKARWANGI - 1.02.0.00.0.00.01.0002,10124583000,64604303,2026,Tender,BLUD,PT. CIPTA BUANA KUNSHULIYYAH,Seleksi,Jasa Konsultansi Badan Usaha Non Konstruksi,Belanja Jasa Konsultansi Berorientasi Layanan-Jasa Studi Penelitian dan Bantuan Teknik : Belanja Dokumen Amdal,SELESAI,798228750,798228750
KAB. SUKABUMI,UPTD PUSKESMAS CISAAT - 1.02.0.00.0.00.01.0053,01KWJWEKNQ5V5Z8EQJK0HVFMWM,64691552,2026,E-Katalog 6.0,BLUD,IMFARMIND FARMASI INDUSTRI,E-Purchasing,Barang,Belanja Belanja Obat-Obatan-Obat Puskesmas Cisaat TA. 2026,ON PROCESS,2650125,2650125
KAB. SUKABUMI,"DINAS KOMUNIKASI, INFORMATIKA DAN PERSANDIAN - 2.16.2.21.2.20.01.0000",01KGYXAFXRXBBJ1SMV7J31MKTX,63425059,2026,E-Katalog 6.0,APBD,AFKARA PUTRA MULTIMEDIA,E-Purchasing,Jasa Lainnya,Belanja Sewa Aset Tidak Berwujud-Lisensi dan Franchise - Lisensi Software - Koordinasi Pemanfaatan Pusat Data Nasional,ON PROCESS,138150600,138150600
KAB. SUKABUMI,UPTD PUSKESMAS KADUDAMPIT - 1.02.0.00.0.00.01.0056,01KSEP7G62PWP4NPW8WC2EQJCE,66645895,2026,E-Katalog 6.0,BLUD,PERUSAHAAN PERSEROAN (PERSERO) PT KIMIA FARMA,E-Purchasing,Barang,Belanja Bahan Obat-obatan puskesmas kadudampit,ON PROCESS,299700,299700
KAB. SUKABUMI,DINAS PEKERJAAN UMUM - 1.03.0.00.0.00.01.0000,10798701000,66257392,2026,Non Tender,APBD,cv muhazzab fauzi mandiri,Pengadaan Langsung,Pekerjaan Konstruksi,Ruas Jalan Batas Kota - Selabintana Kecamatan Sukabumi,SELESAI,372204026,372204026
KAB. SUKABUMI,UOBK RSUD SEKARWANGI - 1.02.0.00.0.00.01.0002,10784315000,65794448,2026,Non Tender,BLUD,CV.CIPTA BANGUN LESTARI,Pengadaan Langsung,Jasa Konsultansi Badan Usaha Konstruksi,Jasa Konsultansi Pengawasan Cerobong Genset,SELESAI,8308350,8308350
KAB. SUKABUMI,UPTD PUSKESMAS CISAAT - 1.02.0.00.0.00.01.0053,01KNK7AJ1T85Q480XGQ3WBDQXS,64691552,2026,E-Katalog 6.0,BLUD,HEXPHARM JAYA LABORATORIES,E-Purchasing,Barang,Belanja Belanja Obat-Obatan-Obat Puskesmas Cisaat TA. 2026,COMPLETED,11751570,11751570
KAB. SUKABUMI,DINAS KESEHATAN - 1.02.0.00.0.00.01.0000,01KNP055WS1H87Y4PZNT0S9B1E,65613325,2026,E-Katalog 6.0,APBD,IMFARMIND FARMASI INDUSTRI,E-Purchasing,Barang,Pengadaan Obat Pelayanan Kesehatan Dasar PKD (DAK NF),ON PROCESS,305860500,305860500
KAB. SUKABUMI,UPTD PUSKESMAS CISAAT - 1.02.0.00.0.00.01.0053,01KT8DK7NV708JBBBDVA62AJ4Z,64692007,2026,E-Katalog 6.0,BLUD,SARANA MEGAMEDILAB SEJAHTERA,E-Purchasing,Barang,Belanja Bahan Habis Pakai Alat Kesehatan (BHP Medis) Puskesmas Cisaat TA. 2026,COMPLETED,1526250,0
KAB. SUKABUMI,UPTD PUSKESMAS KABANDUNGAN - 1.02.0.00.0.00.01.0038,01KTTMK6QAKKNSCSG9XC41MTGC,66234033,2026,E-Katalog 6.0,BLUD,WIZAR JAYA ABADI,E-Purchasing,Barang,Belanja Modal Electric Generating Set UPTD Puskesmas Kabandungan,COMPLETED,4662000,4662000
KAB. SUKABUMI,"BADAN PERENCANAAN PEMBANGUNAN, RISET DAN INOVASI DAERAH - 5.01.5.05.0.00.01.0000",01KGGXCVWV34G1AXQSXYGVW10D,64614624,2026,E-Katalog 6.0,APBD,DERMA UTAMA ABADI,E-Purchasing,Jasa Lainnya,Belanja Makanan dan Minuman Rapat-Koordinasi Bidang Sumber Daya Alam,PAYMENT OUTSIDE SYSTEM,2800000,2800000
KAB. SUKABUMI,DINAS PEKERJAAN UMUM - 1.03.0.00.0.00.01.0000,10793732000,65081073,2026,Non Tender,APBD,cv muhazzab fauzi mandiri,Pengadaan Langsung,Jasa Lainnya,Pemeliharaan Peralatan dan Mesin Lainnya (Pemeliharaan Jaringan Instalasi Listrik & PJU),SELESAI,54223500,54223500
KAB. SUKABUMI,DINAS PARIWISATA - 3.26.3.26.3.26.01.0000,01KHRM1HBM2TP7HJ0FM7J8ZQDB,65295038,2026,E-Katalog 6.0,APBD,SAKTI PERKASA,E-Purchasing,Barang,Belanja Alat/Bahan untuk Kegiatan Kantor-Perabot Kantor,PAYMENT OUTSIDE SYSTEM,32094982,32094982
KAB. SUKABUMI,UPTD PUSKESMAS CICANTAYAN - 1.02.0.00.0.00.01.0051,01KNTMXKWFAFGDPVZMRERE5258,65439963,2026,E-Katalog 6.0,BLUD,ADI AGRIPANA ABADI,E-Purchasing,Barang,Belanja Bahan Medis Habis Pakai Puskesmas Cicantayan Tahun 2026,COMPLETED,4884000,4884000
KAB. SUKABUMI,DINAS PERIKANAN - 3.25.0.00.0.00.01.0000,10904910000,66236001,2026,Non Tender,APBD,CV. Putra Kembar Perkasa,Pengadaan Langsung,Pengadaan Barang,"Bantuan pengadaan kapal, mesin dan Genset untuk KUB.Barokah Jaya",SELESAI,174950000,0
KAB. SUKABUMI,DINAS KEPENDUDUKAN DAN PENCATATAN SIPIL - 2.12.0.00.0.00.01.0000,01KJT2FR5B5AY5GC7FJJ732YA0,63965526,2026,E-Katalog 6.0,APBD,SADULUR SAJATI,E-Purchasing,Jasa Lainnya,Belanja Map Kegiatan Kerja Sama Pemanfaatan Data Kependudukan,PAYMENT OUTSIDE SYSTEM,1731600,1731600
KAB. SUKABUMI,DINAS PARIWISATA - 3.26.3.26.3.26.01.0000,01KJAHNTSJ9KRSNWAYYF1W07R9,65280165,2026,E-Katalog 6.0,APBD,SADULUR SAJATI,E-Purchasing,Barang,Belanja Alat/Bahan untuk Kegiatan Kantor-Alat Tulis Kantor,ON PROCESS,48771069,48771069
KAB. SUKABUMI,UPTD PUSKESMAS GIRIJAYA - 1.02.0.00.0.00.01.0047,01KVCCR86G98846VAJM86SHD78,65623658,2026,E-Katalog 6.0,BLUD,KENCANA INSAN MANDIRI,E-Purchasing,Barang," Belanja Alat / Bahan untuk Kegiatan Kantor-Alat Tulis Kantor ",COMPLETED,8908534,8908534
KAB. SUKABUMI,DINAS KESEHATAN - 1.02.0.00.0.00.01.0000,01KP2VV3MD3AMG02F1VGEDF7FK,65523644,2026,E-Katalog 6.0,APBDP,LAM PINTAR PARIPURNA,E-Purchasing,Jasa Lainnya,Belanja Kursus Singkat/Pelatihan,ON PROCESS,316800000,316800000
KAB. SUKABUMI,DINAS PERUMAHAN DAN KAWASAN PERMUKIMAN - 1.03.1.04.2.11.01.0000,10854955000,65761403,2026,Non Tender,APBD,CV. AGUNG JAYA ABADI,Pengadaan Langsung,Pekerjaan Konstruksi,Jalan Lingkungan Kp. Tenjojaya Rw 001 Desa Tenjojaya Kecamatan Cibadak Kab. Sukabumi,SELESAI,192092367,192092367
KAB. SUKABUMI,UOBK RSUD SEKARWANGI - 1.02.0.00.0.00.01.0002,01KRX3ZMXPM97Y24YMBY2V2AK5,63079700,2026,E-Katalog 6.0,BLUD,FRESENIUS KABI COMBIPHAR,E-Purchasing,Barang,Belanja Obat-obatan-Obat,ON PROCESS,3164832,0
KAB. SUKABUMI,UOBK RSUD SEKARWANGI - 1.02.0.00.0.00.01.0002,01KEGYZRBDQX0FEWRK64PD7AVG,63153009,2026,E-Katalog 6.0,BLUD,ATHALLA KAWAN MEDIKAL,E-Purchasing,Barang,Belanja Modal Instalasi Air Kotor Lainnya,ON PROCESS,2000000000,2000000000
KAB. SUKABUMI,UOBK RSUD SEKARWANGI - 1.02.0.00.0.00.01.0002,01KTTVW6W93C5RT0X2C8D0Z6MT,63079700,2026,E-Katalog 6.0,BLUD,HEXPHARM JAYA LABORATORIES,E-Purchasing,Barang,Belanja Obat-obatan-Obat,ON PROCESS,16046315,16046315
KAB. SUKABUMI,DINAS PENDIDIKAN - 1.01.0.00.0.00.01.0000,10867860000,66052278,2026,Non Tender,APBD,CV. DIAN MANDIRI,Pengadaan Langsung,Pekerjaan Konstruksi,Rehabilitasi Sedang / Berat Ruang Kelas SDN 2 Kalaparea  Kec. Nagrak,SELESAI,275816205,275816205
KAB. SUKABUMI,UOBK RSUD PALABUHANRATU - 1.02.0.00.0.00.01.0001,01KP58RNSSWCE6H6AE2F9N66J6,64669287,2026,E-Katalog 6.0,BLUD,JAYA MITRA,E-Purchasing,Barang,Belanja Modal Peralatan Personal Computer,PAYMENT OUTSIDE SYSTEM,98523600,98523600
KAB. SUKABUMI,DINAS PERTANIAN - 3.27.2.09.0.00.01.0000,10800114000,63917754,2026,Non Tender,APBD,CV. ADE GUNA RAYA,Pengadaan Langsung,Pekerjaan Konstruksi,Belanja Modal Bangunan Pengaman Sungai/Pantai dan Penanggulangan Bencana Alam (Pembangunan Talud),SELESAI,217994050,217994050
KAB. SUKABUMI,DINAS SOSIAL - 1.06.0.00.0.00.01.0000,10912902000,67285381,2026,Non Tender,APBD,CV. RANAA PERSADA,Pengadaan Langsung,Pekerjaan Konstruksi,Pemeliharaan Gedung Kantor Selaras,SELESAI,24682486,24682486
KAB. SUKABUMI,SEKRETARIAT DPRD - 4.02.0.00.0.00.01.0000,01KHQ6G2NFQEZZW1A0FED1CT49,63537449,2026,E-Katalog 6.0,APBD,RESTU SUBAGYA,E-Purchasing,Barang,"Pengadaan Komputer, Printer dan Scanner",PAYMENT OUTSIDE SYSTEM,171766950,171766950
KAB. SUKABUMI,UPTD PUSKESMAS JAMPANGTENGAH - 1.02.0.00.0.00.01.0058,01KK0KNTFHAATAZM8D8Q26X6DN,65563947,2026,E-Katalog 6.0,BLUD,ZAYIN ZAHIRA,E-Purchasing,Barang,Belanja Alat / Bahan untuk Kegiatan Kantor - Bahan Cetak,COMPLETED,7442550,7442550
KAB. SUKABUMI,BADAN PENGELOLA KEUANGAN DAN ASET DAERAH - 5.02.0.00.0.00.01.0000,01KKGB45V9M3CD4GGAJCXH8A4K,66431280,2026,E-Katalog 6.0,APBD,BELA JAYA RASA,E-Purchasing,Barang,"Belanja Alat/Bahan untuk Kegiatan Kantor (ATK, Bahan Komputer, Kertas)",ON PROCESS,28368270,28368270
KAB. SUKABUMI,UOBK RSUD SEKARWANGI - 1.02.0.00.0.00.01.0002,01KQEMPS8GWG99BAN1DZ1TMN6V,63077986,2026,E-Katalog 6.0,BLUD,KENANGA UTAMA PERMAI,E-Purchasing,Barang,Belanja Bahan - Bahan Lainnya (BMHP Farmasi),ON PROCESS,6674985,6674985
KAB. SUKABUMI,UPTD PUSKESMAS CIDOLOG - 1.02.0.00.0.00.01.0014,01KVSEQYFHE6EK4WZEY9840EGA,66336501,2026,E-Katalog 6.0,BLUD,GLOBAL MULTI PHARMALAB,E-Purchasing,Barang,Belanja Obat-Obatan-Obat Puskesmas Cidolog,ON PROCESS,999000,999000
KAB. SUKABUMI,DINAS PEKERJAAN UMUM - 1.03.0.00.0.00.01.0000,10916538000,66743879,2026,Non Tender,APBD,CV. CIPTA KARYA,Pengadaan Langsung,Pekerjaan Konstruksi,Bangunan Pelengkap dan Pengamanan Jalan Ruas Jalan Citarik - Ciguplek Kecamatan Palabuhanratu,SELESAI,92588415,92588415
KAB. SUKABUMI,BADAN PENGELOLA KEUANGAN DAN ASET DAERAH - 5.02.0.00.0.00.01.0000,10903109000,67286516,2026,Non Tender,APBD,CV. Arkasa Putra Pratama,Pengadaan Langsung,Jasa Lainnya,Belanja Alat/Bahan untuk Kegiatan Kantor-Persediaan Dokumen/Administrasi Tender,SELESAI,89700000,89700000
KAB. SUKABUMI,DINAS PEKERJAAN UMUM - 1.03.0.00.0.00.01.0000,10868516000,66622073,2026,Non Tender,APBD,CV. TIGA PERKASA,Pengadaan Langsung,Pekerjaan Konstruksi,Daerah Irigasi Cikapek Desa Sukamekar Kecamatan Sukaraja,SELESAI,281245396,281245396
KAB. SUKABUMI,UPTD PUSKESMAS WARUNGKIARA - 1.02.0.00.0.00.01.0030,01KNNJ7HC60SFS1EMQ5W8RYHFC,66149129,2026,E-Katalog 6.0,BLUD,HOLI PHARMA,E-Purchasing,Barang,Belanja Obat-Obatan Puskesmas Warungkiara,COMPLETED,5355750,5355750
KAB. SUKABUMI,KECAMATAN CARINGIN - 7.01.0.00.0.00.03.0000,01KKG7N0GH9FM73AFM8CZAGJY8,65886822,2026,E-Katalog 6.0,APBD,HADIL MAHASIN,E-Purchasing,Barang,Belanja Modal Perkakas Bengkel Kayu dan Peralatan kantor Lainnya,PAYMENT OUTSIDE SYSTEM,9490500,9490500
KAB. SUKABUMI,DINAS PEKERJAAN UMUM - 1.03.0.00.0.00.01.0000,10916539000,66743380,2026,Non Tender,APBD,CV. Berebet Jaya,Pengadaan Langsung,Pekerjaan Konstruksi,Pembuatan Tembok Penahan Tanah (TPT) Ruas Jalan Bojonggaling - Bantargebang Kecamatan Bantargadung,SELESAI,186038370,186038370
KAB. SUKABUMI,UPTD PUSKESMAS PURABAYA - 1.02.0.00.0.00.01.0012,01KKDQWKPZXGTQH01HNCX2HHZC,65223220,2026,E-Katalog 6.0,BLUD,INDO PRIANGAN KATULISTIWA,E-Purchasing,Barang,Belanja Pengadaan Obat-obatan UPTD Puskesmas Purabaya,PAYMENT OUTSIDE SYSTEM,59659170,59659170
KAB. SUKABUMI,DINAS PERTANIAN - 3.27.2.09.0.00.01.0000,10770399000,65089840,2026,Non Tender,APBD,pt.potensi pola augusta,Pengadaan Langsung,Jasa Lainnya,Belanja Perjalanan Dinas Paket Meeting Dalam Kota : Belanja Kursus/Pelatihan/Sosialisasi,SELESAI,134500000,134500000
KAB. SUKABUMI,UPTD PUSKESMAS BUNIWANGI - 1.02.0.00.0.00.01.0022,01KKDQA8WVV21VH068CP4FGE82,65678524,2026,E-Katalog 6.0,BLUD,INDO ALTON PERKASA,E-Purchasing,Barang,Belanja Bahan/ Material Habis Pakai Medis,PAYMENT OUTSIDE SYSTEM,17965783,17965783
KAB. SUKABUMI,DINAS PERTANIAN - 3.27.2.09.0.00.01.0000,10819629000,63468778,2026,Non Tender,APBD,CV. LAKSANA ABADI,Pengadaan Langsung,Pekerjaan Konstruksi,Persediaan Untuk Dijual/Diserahkan Lainnya - Jaringan Irigasi Pertanian Kec. Curugkembar Desa Mekartanjung Poktan Cinangka,SELESAI,184452329,184452329
KAB. SUKABUMI,UPTD PUSKESMAS PALABUHANRATU - 1.02.0.00.0.00.01.0034,01KS49HSQBDPCGGE9RPXNSF1QE,66292815,2026,E-Katalog 6.0,BLUD,ERLANGGA EDI LABORATORIES,E-Purchasing,Barang,Belanja Obat-Obatan-Obat Puskesmas Palabuhanratu,ON PROCESS,16735568,16735568
KAB. SUKABUMI,DINAS PERTANIAN - 3.27.2.09.0.00.01.0000,10866612000,63468795,2026,Non Tender,APBD,CV. MUDA TANGGUH,Pengadaan Langsung,Pekerjaan Konstruksi,Persediaan Untuk Dijual/Diserahkan Lainnya - Jaringan Irigasi Pertanian Kec. Waluran Desa Sukamukti Poktan Cikeuyeup,SELESAI,57711269,57711269
KAB. SUKABUMI,UPTD PUSKESMAS CICANTAYAN - 1.02.0.00.0.00.01.0051,01KPA49FEH8SH1MZSWNMNSHKR7,65438298,2026,E-Katalog 6.0,BLUD,TRIFA RAYA LABORATORIES,E-Purchasing,Barang,Belanja Obat-Obatan Puskesmas Cicantayan Tahun 2026,COMPLETED,13542000,13542000
KAB. SUKABUMI,BADAN KEPEGAWAIAN DAN PENGEMBANGAN SUMBER DAYA MANUSIA - 5.03.5.04.0.00.01.0000,01KS1MHZE70DB879AKG5W2169T,64399111,2026,E-Katalog 6.0,APBD,EDRA AUSI AKBAR,E-Purchasing,Jasa Lainnya,Belanja Makanan dan Minuman Rapat Kegiatan Pembinaan Kewilayahan di 24 Kecamatan,ON PROCESS,3500000,3500000
KAB. SUKABUMI,DINAS PERUMAHAN DAN KAWASAN PERMUKIMAN - 1.03.1.04.2.11.01.0000,10139424000,65761865,2026,Tender,APBD,,Seleksi,Jasa Konsultansi Badan Usaha Konstruksi,DED Alun Alun Cibadak,BERLANGSUNG,249966450,249966450
KAB. SUKABUMI,DINAS PERUMAHAN DAN KAWASAN PERMUKIMAN - 1.03.1.04.2.11.01.0000,10875655000,65763040,2026,Non Tender,APBD,sultan saleh,Pengadaan Langsung,Pekerjaan Konstruksi,Drainase Kebon Kai Rt.02/04 desa ciheulang tonggoh kec. Cibadak,SELESAI,144255499,144255499
KAB. SUKABUMI,DINAS PEKERJAAN UMUM - 1.03.0.00.0.00.01.0000,10132059000,66986573,2026,Tender,APBD,PT. PRIANGAN RAYA UTAMA,Seleksi,Jasa Konsultansi Badan Usaha Konstruksi,DED Daerah Irigasi Cikakak,SELESAI,195554250,195554250
KAB. SUKABUMI,UOBK RSUD SEKARWANGI - 1.02.0.00.0.00.01.0002,01KJS2TQBQ4P958JDVV18Z9TSX,64167172,2026,E-Katalog 6.0,BLUD,INSAN CIPTA GRAFIKA,E-Purchasing,Barang,Belanja Alat/Bahan untuk Kegiatan Kantor-Bahan Cetak ( Belanja Cetakan Medis),ON PROCESS,63020644,63020644
KAB. SUKABUMI,UPTD PUSKESMAS CIAMBAR - 1.02.0.00.0.00.01.0046,01KSFEMNESR45GPS124T13D6KB,65738829,2026,E-Katalog 6.0,BLUD,KENCANA INSAN MANDIRI,E-Purchasing,Barang,Belanja Cetak,COMPLETED,8580300,8580300
KAB. SUKABUMI,UPTD PUSKESMAS NAGRAK - 1.02.0.00.0.00.01.0048,01KVCQSXXAKSFKZNCCGYGQMFSE,65361864,2026,E-Katalog 6.0,BLUD,TRIMAN,E-Purchasing,Barang,belanja barang pakai habis- belanja obat-obatan,ON PROCESS,4495500,4495500
KAB. SUKABUMI,BADAN PENDAPATAN DAERAH - 5.02.0.00.0.00.02.0000,01KFZYC79AWKHYC2ZATVBJ2WPJ,64039393,2026,E-Katalog 6.0,APBD,ARKASA PUTRA PRATAMA,E-Purchasing,Barang,Belanja Modal Mebel,PAYMENT OUTSIDE SYSTEM,29180000,29180000
KAB. SUKABUMI,DINAS PERIKANAN - 3.25.0.00.0.00.01.0000,10797709000,65782788,2026,Non Tender,APBD,CV.MURNI JAYA,Pengadaan Langsung,Pekerjaan Konstruksi,Pemeliharaan IPAL,SELESAI,127497143,127497143
KAB. SUKABUMI,UPTD PUSKESMAS KALAPANUNGGAL - 1.02.0.00.0.00.01.0039,01KSH68MM9NR5M5W5B708WSK0V,66278198,2026,E-Katalog 6.0,BLUD,NOVAPHARIN,E-Purchasing,Barang,Belanja Obat-Obatan-Obat,ON PROCESS,4507297,4507297
KAB. SUKABUMI,DINAS PERHUBUNGAN - 2.15.0.00.0.00.01.0000,01KKKQRWKNP3J8FQXZVJ5NS1A9,64706853,2026,E-Katalog 6.0,APBD,SANDRA BUANA,E-Purchasing,Jasa Lainnya,Pembangunan PJU di Wilayah Desa Cibodas Kecamatan Bojonggenteng (9 Titik),ON PROCESS,143106750,143106750
KAB. SUKABUMI,UOBK RSUD SEKARWANGI - 1.02.0.00.0.00.01.0002,01KGPG5NRVGWZGV51661FKKQGF,63079700,2026,E-Katalog 6.0,BLUD,HEXPHARM JAYA LABORATORIES,E-Purchasing,Barang,Belanja Obat-obatan-Obat,ON PROCESS,5554440,5554440
KAB. SUKABUMI,DINAS PEKERJAAN UMUM - 1.03.0.00.0.00.01.0000,10916080000,67311935,2026,Non Tender,APBD,CV. Bintang Jaya Perkasa,Pengadaan Langsung,Pekerjaan Konstruksi,Ruas Jalan Cibungur - Minajaya Kecamatan Surade,SELESAI,119956545,119956545
KAB. SUKABUMI,DINAS PERDAGANGAN DAN PERINDUSTRIAN - 3.31.3.29.3.30.01.0000,01KHMPJ0N7Q451MSKRCYB8N5M3,65609452,2026,E-Katalog 6.0,APBD,KENJIB JAYA BERSAMA,E-Purchasing,Barang,Belanja Modal Personal Computer,PAYMENT OUTSIDE SYSTEM,24975000,0
KAB. SUKABUMI,DINAS PERUMAHAN DAN KAWASAN PERMUKIMAN - 1.03.1.04.2.11.01.0000,10834302000,66933181,2026,Non Tender,APBD,CV. ERKA SATRIA AL HAKIM,Pengadaan Langsung,Pekerjaan Konstruksi,Jalan Lingkungan Rt007-Rw003 Desa Kutajaya Kecamatan Cicurug,SELESAI,96101661,96101661
KAB. SUKABUMI,DINAS PERHUBUNGAN - 2.15.0.00.0.00.01.0000,01KS6TP11FDTSSVD5C5YDZBAVQ,67041947,2026,E-Katalog 6.0,APBD,KAFADA KARYA,E-Purchasing,Pekerjaan Konstruksi," Pembangunan PJU di Wilayah Kec. Ciracap dan Cimanggu (18 Titik) ",ON PROCESS,286912800,286912800
KAB. SUKABUMI,UOBK RSUD SEKARWANGI - 1.02.0.00.0.00.01.0002,01KPMP5GHE8NMD4A9QDF3FTB2T,63077986,2026,E-Katalog 6.0,BLUD,TERUMO INDONESIA,E-Purchasing,Barang,Belanja Bahan - Bahan Lainnya (BMHP Farmasi),ON PROCESS,19126188,0
KAB. SUKABUMI,DINAS SOSIAL - 1.06.0.00.0.00.01.0000,01KNSF160QXHS31HNBVM5GBED6,64967059,2026,E-Katalog 6.0,APBD,PUTERA CIBOLANG,E-Purchasing,Barang,Pengadaan Paket Sembako Tanggap Darurat Bencana,ON PROCESS,107392500,107392500
KAB. SUKABUMI,UPTD PUSKESMAS KADUDAMPIT - 1.02.0.00.0.00.01.0056,01KVSFGTY2TDZJ9AA728YT1P2Z,66645895,2026,E-Katalog 6.0,BLUD,TRIFA RAYA LABORATORIES,E-Purchasing,Barang,Belanja Bahan Obat-obatan puskesmas kadudampit,ON PROCESS,16761000,16761000
KAB. SUKABUMI,DINAS PEKERJAAN UMUM - 1.03.0.00.0.00.01.0000,10916293000,66765533,2026,Non Tender,APBD,CV. TIGA PERKASA,Pengadaan Langsung,Pekerjaan Konstruksi,Ruas Jalan Karanghawu - Simpang Kecamatan Cisolok,SELESAI,186729456,186729456
KAB. SUKABUMI,UOBK RSUD PALABUHANRATU - 1.02.0.00.0.00.01.0001,01KTR0VJP02JDBFZPF9ZJQ5ZD2,64624529,2026,E-Katalog 6.0,BLUD,MULTI REZEKI GLOBAL,E-Purchasing,Barang,Belanja Modal Alat Kedokteran Umum ,ON PROCESS,54945000,54945000
KAB. SUKABUMI,DINAS PERUMAHAN DAN KAWASAN PERMUKIMAN - 1.03.1.04.2.11.01.0000,10908153000,66094323,2026,Non Tender,APBD,CV. CIPTA BINA PUTRA,Pengadaan Langsung,Pekerjaan Konstruksi,Pemeliharaan Alun-Alun Surade,SELESAI,195577271,195577271
KAB. SUKABUMI,DINAS PENDIDIKAN - 1.01.0.00.0.00.01.0000,10825397000,65203776,2026,Non Tender,APBD,cv.karya utama mandiri,Pengadaan Langsung,Pekerjaan Konstruksi,Pemeliharaan Gedung Kantor Pengawas,SELESAI,105149621,105149621
KAB. SUKABUMI,UPTD PUSKESMAS NYALINDUNG - 1.02.0.00.0.00.01.0010,01KSES8P8NXS4FG2J3916C4HFW,66077337,2026,E-Katalog 6.0,BLUD,KENANGA UTAMA PERMAI,E-Purchasing,Barang,Belanja Obat-Obatan-Obat - Puskesmas Nyalindung,COMPLETED,1446885,1446885
KAB. SUKABUMI,UPTD PUSKESMAS CIKEMBAR - 1.02.0.00.0.00.01.0060,01KSFN8C1PG2Q3CSME33215YME,67057797,2026,E-Katalog 6.0,BLUD,ETERNITY RAMA MEDIKA,E-Purchasing,Barang,Belanja Persediaan Proses-Persediaan Dalam Proses puskesmas cikembar 2026,COMPLETED,6450210,6450210
KAB. SUKABUMI,UOBK RSUD SEKARWANGI - 1.02.0.00.0.00.01.0002,01KHWQRXE69SBB14HN4DW6SZ3P,65369928,2026,E-Katalog 6.0,BLUD,ALFATAN BINTANG UTAMA,E-Purchasing,Barang,Belanja Modal Alat Kesehatan Olahraga,ON PROCESS,19500000,19500000
KAB. SUKABUMI,DINAS PERTANIAN - 3.27.2.09.0.00.01.0000,10843679000,63468820,2026,Non Tender,APBD,CV. MUDA TANGGUH,Pengadaan Langsung,Pekerjaan Konstruksi,Persediaan Untuk Dijual/Diserahkan Lainnya - Jaringan Irigasi Pertanian Kec. Nyalindung Desa Cijangkar Poktan Harmoni Nusantara,SELESAI,74778004,74778004
KAB. SUKABUMI,UOBK RSUD SEKARWANGI - 1.02.0.00.0.00.01.0002,01KPMJ8B5S3M4TV58N88AY0QAS,64454066,2026,E-Katalog 6.0,BLUD,BAHAGIA,E-Purchasing,Barang,Belanja Modal Mebel,ON PROCESS,101404050,101404050
KAB. SUKABUMI,UPTD RSUD SAGARANTEN - 1.02.0.00.0.00.01.0063,01KP6ACS2CQ9WQV1VQTQFTJS9M,66227261,2026,E-Katalog 6.0,APBD,AKSARA WARNA UTAMA,E-Purchasing,Barang,Belanja Cetakan RSUD Sagaranten,PAYMENT OUTSIDE SYSTEM,79913553,79913553
KAB. SUKABUMI,UPTD PUSKESMAS BUNIWANGI - 1.02.0.00.0.00.01.0022,01KJAK7Q7X1407Q5FKEJ023X30,65678320,2026,E-Katalog 6.0,BLUD,LINDUNG INTI FARMA,E-Purchasing,Barang,Belanja Bahan Obat-obatan Puskesmas Buniwangi,PAYMENT OUTSIDE SYSTEM,7555182,7555182
KAB. SUKABUMI,UPTD PUSKESMAS LENGKONG - 1.02.0.00.0.00.01.0057,01KS49YFZTAVSPQRG0EDHG53DC,65749904,2026,E-Katalog 6.0,APBD,SATORIA ANEKA INDUSTRI,E-Purchasing,Barang,Belanja Obat Pelayanan Kesehatan Dasar UPTD Puskesmas Lengkong,ON PROCESS,10526130,10526130
KAB. SUKABUMI,UPTD PUSKESMAS GEGERBITUNG - 1.02.0.00.0.00.01.0009,01KPQ3HA14KSN2RHPX5ZR90H8Q,66544716,2026,E-Katalog 6.0,BLUD,GLOBAL MULTI PHARMALAB,E-Purchasing,Barang,Belanja Obat-Obatan-Obat,ON PROCESS,1438560,1438560
KAB. SUKABUMI,UOBK RSUD SEKARWANGI - 1.02.0.00.0.00.01.0002,01KP2R389FYTTJ4Q369P2705XQ,63079700,2026,E-Katalog 6.0,BLUD,NOVELL PHARMACEUTICAL LABORATORIES,E-Purchasing,Barang,Belanja Obat-obatan-Obat,ON PROCESS,532800,532800
KAB. SUKABUMI,UOBK RSUD SEKARWANGI - 1.02.0.00.0.00.01.0002,01KS74EG69QQE450K95JS41J4X,63077986,2026,E-Katalog 6.0,BLUD,SURGIKA ALKESINDO,E-Purchasing,Barang,Belanja Bahan - Bahan Lainnya (BMHP Farmasi),ON PROCESS,6105000,0
KAB. SUKABUMI,UOBK RSUD PALABUHANRATU - 1.02.0.00.0.00.01.0001,01KH8WMHPHXW0Z24K5G8T9D9T8,64622587,2026,E-Katalog 6.0,BLUD,ASA MULIA,E-Purchasing,Barang,Belanja Obat - Obatan,ON PROCESS,48081351,48081351
KAB. SUKABUMI,UPTD PUSKESMAS PALABUHANRATU - 1.02.0.00.0.00.01.0034,01KS4612ZQN1D8753FDKGZWQPZ,66292815,2026,E-Katalog 6.0,BLUD,TRIMAN,E-Purchasing,Barang,Belanja Obat-Obatan-Obat Puskesmas Palabuhanratu,ON PROCESS,37939112,37939112
KAB. SUKABUMI,UPTD PUSKESMAS CICURUG - 1.02.0.00.0.00.01.0044,01KTZFMRRSR37H3CAVH2FAPRX4,65369032,2026,E-Katalog 6.0,BLUD,NOVAPHARIN,E-Purchasing,Barang,Belanja Persediaan Bahan Obat - Obatan ,ON PROCESS,3809520,3809520
KAB. SUKABUMI,DINAS KESEHATAN - 1.02.0.00.0.00.01.0000,01KS4SNC92BR5FMZDRWV0EA5SN,65613325,2026,E-Katalog 6.0,APBD,MARIN LIZA FARMASI,E-Purchasing,Barang,Pengadaan Obat Pelayanan Kesehatan Dasar PKD (DAK NF),ON PROCESS,104400895,104400895
KAB. SUKABUMI,DINAS PEKERJAAN UMUM - 1.03.0.00.0.00.01.0000,10803345000,66368829,2026,Non Tender,APBD,CV. ALADIN GAYA SEJAHTERA,Pengadaan Langsung,Pekerjaan Konstruksi,Ruas Jalan Cijalingan - Cibalung Kecamatan Cicantayan,SELESAI,373149109,373149109
KAB. SUKABUMI,UPTD PUSKESMAS CIRACAP - 1.02.0.00.0.00.01.0023,01KN766FENHW1F75JRNH2T6RTY,65631591,2026,E-Katalog 6.0,BLUD,INDO PRIANGAN KATULISTIWA,E-Purchasing,Barang," Beban Obat-Obatan-Obat ",ON PROCESS,8787315,8787315
KAB. SUKABUMI,DINAS PERDAGANGAN DAN PERINDUSTRIAN - 3.31.3.29.3.30.01.0000,10814270000,63905331;63905346,2026,Non Tender,APBD,PT. SPECTRA ARZA INTERPLAN,Pengadaan Langsung,Jasa Konsultansi Badan Usaha Non Konstruksi,Jasa Konsultansi Perencanaan Rehabilitasi Pasar Parungkuda,SELESAI,14288475,14288475
KAB. SUKABUMI,UPTD RSUD SAGARANTEN - 1.02.0.00.0.00.01.0063,10854660000,66973466,2026,Non Tender,APBD,PT DELVI PRIMATAMA,Pengadaan Langsung,Pengadaan Barang,Belanja Obat-Obatan Paket 3 RSUD Sagaranten,SELESAI,36323500,0
KAB. SUKABUMI,UOBK RSUD SEKARWANGI - 1.02.0.00.0.00.01.0002,01KWATYBBWTMX1SVC05NP9JA7Y,63079700,2026,E-Katalog 6.0,BLUD,PJ. HERBAL NUSANTARA,E-Purchasing,Barang,Belanja Obat-obatan-Obat,ON PROCESS,12884686,12884686
KAB. SUKABUMI,DINAS PERUMAHAN DAN KAWASAN PERMUKIMAN - 1.03.1.04.2.11.01.0000,10844982000,65763149,2026,Non Tender,APBD,CV AURA BANGUN PERSADA,Pengadaan Langsung,Pekerjaan Konstruksi,"Pembangunan Sarana Air Bersih Kp. Tonjong Rt. 05 Rw. 05 Desa Tonjong Kecamatan Palabuhanratu, Kab. Sukabumi",BERLANGSUNG,97558061,97558061
KAB. SUKABUMI,BADAN KEPEGAWAIAN DAN PENGEMBANGAN SUMBER DAYA MANUSIA - 5.03.5.04.0.00.01.0000,01KGHJXCXTWSC669KQ6VGJQT0Y,63694786,2026,E-Katalog 6.0,APBD,CIPTA BUMI PERSADA,E-Purchasing,Barang,Belanja Alat Listrik,PAYMENT OUTSIDE SYSTEM,32176680,32176680
KAB. SUKABUMI,DINAS PERUMAHAN DAN KAWASAN PERMUKIMAN - 1.03.1.04.2.11.01.0000,10863031000,65763060,2026,Non Tender,APBD,DOOLOER SALAMINA KONSTRUKSI,Pengadaan Langsung,Pekerjaan Konstruksi,"Drainase Kp. Kadupugur I (Satu), Rt.21/09, Desa Undrusbinangun, Kec. Kadudampit, Kab. Sukabumi",SELESAI,95754624,95754624
KAB. SUKABUMI,UPTD RSUD SAGARANTEN - 1.02.0.00.0.00.01.0063,10837905000,66973411,2026,Non Tender,APBD,PT DELVI PRIMATAMA,Pengadaan Langsung,Pengadaan Barang,Belanja BMHP Farmasi Paket 1 DAU RSUD Sagaranten,SELESAI,65787036,0
KAB. SUKABUMI,UPTD PUSKESMAS GIRIJAYA - 1.02.0.00.0.00.01.0047,01KHQBN9WAA35VG2YSZH9B49HC,65623807,2026,E-Katalog 6.0,BLUD,PIM PHARMACEUTICALS,E-Purchasing,Barang," Belanja Obat-Obatan-Obat ",COMPLETED,4225104,4225104
KAB. SUKABUMI,UOBK RSUD SEKARWANGI - 1.02.0.00.0.00.01.0002,10774887000,64925661,2026,Non Tender,BLUD,CV. ARSHIYA MULYA ABADI,Pengadaan Langsung,Pekerjaan Konstruksi,Pemeliharaan Gedung Benmat dan Penghapusan IPSRS,SELESAI,69445000,69445000
KAB. SUKABUMI,KECAMATAN SUKARAJA - 7.01.0.00.0.00.42.0000,01KWGEEMFB5P52WDFY5DR74Z5E,67394399,2026,E-Katalog 6.0,APBD,MAJU JAYA,E-Purchasing,Barang,Penyediaan Peralatan dan Perlengkapan Kantor,ON PROCESS,42457500,42457500
KAB. SUKABUMI,UOBK RSUD SEKARWANGI - 1.02.0.00.0.00.01.0002,01KP2RG1WX43M83JTY3FVK735W,63079700,2026,E-Katalog 6.0,BLUD,AMAROX PHARMA GLOBAL,E-Purchasing,Barang,Belanja Obat-obatan-Obat,ON PROCESS,4990005,4990005
KAB. SUKABUMI,UPTD PUSKESMAS NYALINDUNG - 1.02.0.00.0.00.01.0010,01KRAXK3DJ0Y9A6RZBF2ZGGQ38,66077337,2026,E-Katalog 6.0,BLUD,NOVAPHARIN,E-Purchasing,Barang,Belanja Obat-Obatan-Obat - Puskesmas Nyalindung,ON PROCESS,932400,932400
KAB. SUKABUMI,UOBK RSUD SEKARWANGI - 1.02.0.00.0.00.01.0002,01KKJWWFDMCK13W6KYNW5FT7G2,63077986,2026,E-Katalog 6.0,BLUD,ENSEVAL MEDIKA PRIMA,E-Purchasing,Barang,Belanja Bahan - Bahan Lainnya (BMHP Farmasi),ON PROCESS,11341847,11341847
KAB. SUKABUMI,DINAS PERTANIAN - 3.27.2.09.0.00.01.0000,10866627000,63468782,2026,Non Tender,APBD,CV. ACI,Pengadaan Langsung,Pekerjaan Konstruksi,Persediaan Untuk Dijual/Diserahkan Lainnya - Jaringan Irigasi Pertanian Kec. Waluran Desa Mekarmukti Poktan Kurnia Tani,SELESAI,57438689,57438689
KAB. SUKABUMI,DINAS PERUMAHAN DAN KAWASAN PERMUKIMAN - 1.03.1.04.2.11.01.0000,10834282000,65763056,2026,Non Tender,APBD,CV. Segera Sejahtera,Pengadaan Langsung,Pekerjaan Konstruksi,Drainase Kp. Cipicung Rt 006/001 Desa Cianaga Kecamatan Kabandungan,SELESAI,95769801,95769801
KAB. SUKABUMI,UPTD PUSKESMAS CISAAT - 1.02.0.00.0.00.01.0053,01KGPF6MDHT1VYHDEDJAPXMJ7Z,64691552,2026,E-Katalog 6.0,BLUD,NOVAPHARIN,E-Purchasing,Barang,Belanja Belanja Obat-Obatan-Obat Puskesmas Cisaat TA. 2026,COMPLETED,3443220,3443220
KAB. SUKABUMI,DINAS PEKERJAAN UMUM - 1.03.0.00.0.00.01.0000,10832462000,66744323,2026,Non Tender,APBD,CV. Segera Sejahtera,Pengadaan Langsung,Pekerjaan Konstruksi,Pembuatan TPT Ruas Jalan Batas Kota - Palasari Kecamatan Sukabumi,SELESAI,138984983,138984983
KAB. SUKABUMI,UPTD RSUD SAGARANTEN - 1.02.0.00.0.00.01.0063,01KW18Z8FD8D8GQV2V80D9FDEK,66640385,2026,E-Katalog 6.0,APBD,INTI KIRANA MEDITAMA,E-Purchasing,Barang,Belanja BMHP DAU RSUD Sagaranten,ON PROCESS,7714500,7714500
KAB. SUKABUMI,DINAS PERHUBUNGAN - 2.15.0.00.0.00.01.0000,01KKE1YNS4W682VGAXJVP444Q8,64706877,2026,E-Katalog 6.0,APBD,BAROKAH MULYO ABADI,E-Purchasing,Jasa Lainnya," Pembangunan PJU di Wilayah Kec. Simpenan (12 Titik)",ON PROCESS,191142000,191142000
KAB. SUKABUMI,DINAS PERIKANAN - 3.25.0.00.0.00.01.0000,10821331000,65963151,2026,Non Tender,APBD,CV. UNGGUL BANGUN PERKASA,Pengadaan Langsung,Pekerjaan Konstruksi,Pemeliharaan Ruang BMD dan Pantry serta WC Bidang Tangkap,SELESAI,159445646,159445646
KAB. SUKABUMI,DINAS PEKERJAAN UMUM - 1.03.0.00.0.00.01.0000,10916406000,66768552,2026,Non Tender,APBD,CV. CIPTA BINA PUTRA,Pengadaan Langsung,Pekerjaan Konstruksi,Ruas Jalan Pasir kasongket - Pasidikan Kecamatan Cibitung,SELESAI,343731856,343731856
KAB. SUKABUMI,DINAS PERHUBUNGAN - 2.15.0.00.0.00.01.0000,01KJCNRB41BC3HAJF98WMARYNQ,64706825,2026,E-Katalog 6.0,APBD,FADHILLAH,E-Purchasing,Jasa Lainnya,Pembangunan PJU di Wilayah Desa Bojongkalong Kec. Nyalindung (12 Titik),ON PROCESS,191208600,191208600
KAB. SUKABUMI,UOBK RSUD SEKARWANGI - 1.02.0.00.0.00.01.0002,01KERQTHS44GJ4X234QQZKT8J1,63079700,2026,E-Katalog 6.0,BLUD,PRATAPA NIRMALA,E-Purchasing,Barang,Belanja Obat-obatan-Obat,ON PROCESS,121722600,121722600
KAB. SUKABUMI,BADAN KEPEGAWAIAN DAN PENGEMBANGAN SUMBER DAYA MANUSIA - 5.03.5.04.0.00.01.0000,10931794000,67160436,2026,Non Tender,APBD,CV. Jaya Mitra,Pengadaan Langsung,Pekerjaan Konstruksi,Pemeliharaan gedung kantor KORPRI,BERLANGSUNG,260806234,260806234
KAB. SUKABUMI,UPTD PUSKESMAS GEGERBITUNG - 1.02.0.00.0.00.01.0009,01KW3PX0GYWW87CYSXCB9NA2PJ,66544716,2026,E-Katalog 6.0,BLUD,PERUSAHAAN PERSEROAN (PERSERO) PT KIMIA FARMA,E-Purchasing,Barang,Belanja Obat-Obatan-Obat,ON PROCESS,1992450,1992450
KAB. SUKABUMI,DINAS LINGKUNGAN HIDUP - 2.11.1.03.0.00.01.0000,01KNK04W1J3RM0VGF10DT0WQ83,66834782,2026,E-Katalog 6.0,APBD,VISUAL PUTRA GEMILANG,E-Purchasing,Barang,Belanja Alat/Bahan untuk Kegiatan Kantor- Suvenir/Cendera Mata,ON PROCESS,19191900,19191900
KAB. SUKABUMI,INSPEKTORAT - 6.01.0.00.0.00.01.0000,01KPSKXVC2X4J36EXYXHQKCQGZ,65002560,2026,E-Katalog 6.0,APBD,HADIL MAHASIN,E-Purchasing,Barang,Pengadaan Alat Tulis Kantor,PAYMENT OUTSIDE SYSTEM,67566450,67566450
KAB. SUKABUMI,UOBK RSUD SEKARWANGI - 1.02.0.00.0.00.01.0002,01KK86HZRE3AX1HECYNMQP0YTC,63079700,2026,E-Katalog 6.0,BLUD,ETHICA INDUSTRI FARMASI,E-Purchasing,Barang,Belanja Obat-obatan-Obat,ON PROCESS,6250632,6250632
KAB. SUKABUMI,UPTD PUSKESMAS BANTARGADUNG - 1.02.0.00.0.00.01.0031,01KPYSR3A63G3YR11NWZM7SKND,66286510,2026,E-Katalog 6.0,BLUD,TRIMAN,E-Purchasing,Barang,Belanja bahan obat-obatan (Puskesmas Bantargadung),ON PROCESS,2067930,2067930
KAB. SUKABUMI,KECAMATAN NYALINDUNG - 7.01.0.00.0.00.33.0000,01KPZ740FPY99BKC2QHNNSRR1Q,66611761,2026,E-Katalog 6.0,APBD,HADIL MAHASIN,E-Purchasing,Barang,Belanja Modal Peralatan Personal Computer,ON PROCESS,6993000,6993000
KAB. SUKABUMI,UOBK RSUD SEKARWANGI - 1.02.0.00.0.00.01.0002,01KFDA40F89JP6CXXC7G9ZVV76,63077986,2026,E-Katalog 6.0,BLUD,ACCURATE MEDICA SOLUTIONS,E-Purchasing,Barang,Belanja Bahan - Bahan Lainnya (BMHP Farmasi),ON PROCESS,8877780,0
KAB. SUKABUMI,UPTD PUSKESMAS CISAAT - 1.02.0.00.0.00.01.0053,01KWJW7F0EMX5MZCAE26W8APE8,64692007,2026,E-Katalog 6.0,BLUD,KENANGA UTAMA PERMAI,E-Purchasing,Barang,Belanja Bahan Habis Pakai Alat Kesehatan (BHP Medis) Puskesmas Cisaat TA. 2026,ON PROCESS,3363300,3363300
KAB. SUKABUMI,UOBK RSUD PALABUHANRATU - 1.02.0.00.0.00.01.0001,01KKAXSA4ZFZVRPS60VXTYYQSA,64613160,2026,E-Katalog 6.0,BLUD,SEJAHTERA KARYA MULIA,E-Purchasing,Barang,Belanja Bahan/Alat Medis Pakai Habis (BMHP) Farmasi,ON PROCESS,19835700,0
KAB. SUKABUMI,DINAS PEMADAM KEBAKARAN DAN PENYELAMATAN - 1.05.0.00.0.00.01.0000,01KRZ2Y3PC0QCNTE0M3601NH8C,66010519,2026,E-Katalog 6.0,APBD,KARYA PUTRA SUBANGJAYA,E-Purchasing,Jasa Lainnya,Belanja Pemeliharaan Kendaraan Bermotor Khusus (Mobil Pemadam Kebakaran),ON PROCESS,29653650,29653650
KAB. SUKABUMI,UPTD PUSKESMAS SELAJAMBE - 1.02.0.00.0.00.01.0054,01KJETND5G7X9Q2H2K5HHNPH1B,65942316,2026,E-Katalog 6.0,BLUD,ZAYIN ZAHIRA,E-Purchasing,Barang,Belanja Cetak dan Penggandaan ( BLUD ),COMPLETED,2049615,2049615
KAB. SUKABUMI,DINAS PERDAGANGAN DAN PERINDUSTRIAN - 3.31.3.29.3.30.01.0000,10819962000,63905391;63905392,2026,Non Tender,APBD,PT. SPECTRA ARZA INTERPLAN,Pengadaan Langsung,Jasa Konsultansi Badan Usaha Konstruksi,Jasa Konsultansi Perencanaan Pembangunan Drainase Pasar dan Pusat Oleh-oleh Jampangkulon,SELESAI,16705500,16705500
KAB. SUKABUMI,UOBK RSUD SEKARWANGI - 1.02.0.00.0.00.01.0002,01KP61PV045QXZH8SXNVFZFKZ4,63077986,2026,E-Katalog 6.0,BLUD,ATHA ARUTALA INDONESIA,E-Purchasing,Barang,Belanja Bahan - Bahan Lainnya (BMHP Farmasi),ON PROCESS,13952700,13952700
KAB. SUKABUMI,DINAS PEKERJAAN UMUM - 1.03.0.00.0.00.01.0000,10904737000,66614625,2026,Non Tender,APBD,CV. BERKAH BERSINAR ABADI,Pengadaan Langsung,Pekerjaan Konstruksi,Daerah Irigasi Cihideung Desa Buniwangi Kecamatan Surade,SELESAI,138173726,138173726
KAB. SUKABUMI,SEKRETARIAT DPRD - 4.02.0.00.0.00.01.0000,01KPSJ6THYTSQ52V0GR1AAMAZ1,63602777,2026,E-Katalog 6.0,APBD,SAKTI PERKASA,E-Purchasing,Barang,Pengadaan Plakat,ON PROCESS,72150000,72150000
KAB. SUKABUMI,DINAS PERUMAHAN DAN KAWASAN PERMUKIMAN - 1.03.1.04.2.11.01.0000,10908424000,67268041,2026,Non Tender,APBD,CV. SULTAN PERKASA GROUP,Pengadaan Langsung,Pekerjaan Konstruksi,Jalan Lingkungan Perumahan Mekarsari 1 Rt 03 Rw 08 Desa Mekarsari Kec. Cicurug,SELESAI,189382673,189382673
KAB. SUKABUMI,UPTD PUSKESMAS KALAPANUNGGAL - 1.02.0.00.0.00.01.0039,01KTJJC28TTCGZK1GB0XS6NMMK,66278267,2026,E-Katalog 6.0,BLUD,RAJA ALKES MEDIKA,E-Purchasing,Barang,Belanja Modal Alat Kedokteran Umum,ON PROCESS,1526250,1526250
KAB. SUKABUMI,UOBK RSUD SEKARWANGI - 1.02.0.00.0.00.01.0002,01KHQSTQ4WJFQRQGBFBK88C0XC,63079700,2026,E-Katalog 6.0,BLUD,PRATAPA NIRMALA,E-Purchasing,Barang,Belanja Obat-obatan-Obat,ON PROCESS,52461098,52461098
KAB. SUKABUMI,UOBK RSUD SEKARWANGI - 1.02.0.00.0.00.01.0002,01KSF41RKR01YRHG6BJR90J769,63079700,2026,E-Katalog 6.0,BLUD,NOVELL PHARMACEUTICAL LABORATORIES,E-Purchasing,Barang,Belanja Obat-obatan-Obat,ON PROCESS,4310352,4310352
KAB. SUKABUMI,DINAS PENDIDIKAN - 1.01.0.00.0.00.01.0000,10884888000,66142378,2026,Non Tender,APBD,CV AURA BANGUN PERSADA,Pengadaan Langsung,Pekerjaan Konstruksi,Pembanguna Talud SDN Cibutun  Kec. Simpenan,SELESAI,163500144,163500144
KAB. SUKABUMI,DINAS KESEHATAN - 1.02.0.00.0.00.01.0000,10891682000,66862151,2026,Non Tender,APBD,CV. ETERNA RAYA,Pengadaan Langsung,Pekerjaan Konstruksi,Rehabilitasi Puskesmas Pembantu [Pustu]  Desa Cisarua Puskesmas Nagrak,SELESAI,134483000,134483000
KAB. SUKABUMI,DINAS PERHUBUNGAN - 2.15.0.00.0.00.01.0000,01KJBWMDZQNG4YN1M57EGPHESM,64711026,2026,E-Katalog 6.0,APBD,FADHILLAH,E-Purchasing,Barang,Belanja Lampu LED 80 Watt,ON PROCESS,480585600,480585600
KAB. SUKABUMI,UOBK RSUD SEKARWANGI - 1.02.0.00.0.00.01.0002,01KK18JA6E12T2NCTR8JV7M7AZ,63079700,2026,E-Katalog 6.0,BLUD,BETA PHARMACON,E-Purchasing,Barang,Belanja Obat-obatan-Obat,ON PROCESS,61961699,0
KAB. SUKABUMI,UPTD PUSKESMAS NYALINDUNG - 1.02.0.00.0.00.01.0010,01KV4JQBWN229RPB0J59T33W7W,67303164,2026,E-Katalog 6.0,BLUD,ZAYIN ZAHIRA,E-Purchasing,Barang,Belanja LAPTOP - Puskesmas Nyalindung,ON PROCESS,11821500,11821500
KAB. SUKABUMI,UPTD PUSKESMAS BOJONGGENTENG - 1.02.0.00.0.00.01.0040,01KMSK9K7ARR8YVFQNPD0TQ89Y,65599917,2026,E-Katalog 6.0,BLUD,KENCANA INSAN MANDIRI,E-Purchasing,Jasa Lainnya,Belanja Pemeliharaan Peralatan/Perlengkapan Kantor,COMPLETED,5494500,5494500
KAB. SUKABUMI,DINAS PEKERJAAN UMUM - 1.03.0.00.0.00.01.0000,10798239000,66248291,2026,Non Tender,APBD,CV. ADEN RIZA KARYA,Pengadaan Langsung,Pekerjaan Konstruksi,Pembuatan Bahu Beton Ruas Jalan Cicurug - Pasirpacar Kecamatan Cicurug,SELESAI,185135460,185135460
KAB. SUKABUMI,UPTD PUSKESMAS LIMBANGAN - 1.02.0.00.0.00.01.0005,01KHQV92X9DD5BNP2S2RY34GD9,65824701,2026,E-Katalog 6.0,BLUD,RUSYDA,E-Purchasing,Barang,Belanja Modal Proyektor,PAYMENT OUTSIDE SYSTEM,8150000,8150000
KAB. SUKABUMI,"BADAN PERENCANAAN PEMBANGUNAN, RISET DAN INOVASI DAERAH - 5.01.5.05.0.00.01.0000",10790591000,64919304,2026,Non Tender,APBD,Cv. Harmoni karya,Pengadaan Langsung,Jasa Konsultansi Badan Usaha Konstruksi,Belanja Jasa Konsultansi Perencanaan Pemeliharaan Gedung Kantor BAPPERIDA,SELESAI,6210450,6210450
KAB. SUKABUMI,DINAS KEPENDUDUKAN DAN PENCATATAN SIPIL - 2.12.0.00.0.00.01.0000,01KG59KXB4TX8NHR56M8METG96,63970662,2026,E-Katalog 6.0,APBD,RUSYDA,E-Purchasing,Jasa Lainnya,Belanja Jasa Penjilidan Buku Register Akta Kelahiran,PAYMENT OUTSIDE SYSTEM,104855040,104855040
KAB. SUKABUMI,DINAS PERIKANAN - 3.25.0.00.0.00.01.0000,10838174000,66235604,2026,Non Tender,APBD,CV ADHIGUNA BINTANG SELATAN,Pengadaan Langsung,Pengadaan Barang,Kapal angkut beserta sarana pendukung lainnya,SELESAI,98750000,0
KAB. SUKABUMI,DINAS PERUMAHAN DAN KAWASAN PERMUKIMAN - 1.03.1.04.2.11.01.0000,10844845000,65763143,2026,Non Tender,APBD,CV. DIAN KARTA,Pengadaan Langsung,Pekerjaan Konstruksi,Pembangunan Sarana Air Bersih Kp.Cikadu 01 Rw.05 Desa Sukatani Kec. Parakansalak,SELESAI,146060909,146060909
KAB. SUKABUMI,DINAS KESEHATAN - 1.02.0.00.0.00.01.0000,01KPA1WXDFXE2NHXEJNWY07GVR,65613325,2026,E-Katalog 6.0,APBD,SAMPHARINDO PERDANA,E-Purchasing,Barang,Pengadaan Obat Pelayanan Kesehatan Dasar PKD (DAK NF),PAYMENT OUTSIDE SYSTEM,530691000,530691000
KAB. SUKABUMI,DINAS PEKERJAAN UMUM - 1.03.0.00.0.00.01.0000,10925557000,66775530,2026,Non Tender,APBD,PT. PRIANGAN RAYA UTAMA,Pengadaan Langsung,Jasa Konsultansi Badan Usaha Non Konstruksi,DED Ruas Jalan Pakuwon Cipeuteuy,BERLANGSUNG,98112900,98112900
KAB. SUKABUMI,BADAN KEPEGAWAIAN DAN PENGEMBANGAN SUMBER DAYA MANUSIA - 5.03.5.04.0.00.01.0000,01KPSTN1V5S70FSYSG3CSF1KRE,64399111,2026,E-Katalog 6.0,APBD,EDRA AUSI AKBAR,E-Purchasing,Jasa Lainnya,Belanja Makanan dan Minuman Rapat Kegiatan Pembinaan Kewilayahan di 24 Kecamatan,PAYMENT OUTSIDE SYSTEM,3500000,3500000
KAB. SUKABUMI,DINAS PERIKANAN - 3.25.0.00.0.00.01.0000,10793152000,66134891,2026,Non Tender,APBD,CV. FADHILLAH,Pengadaan Langsung,Pengadaan Barang,Pengadaan Pakan Benih dan Induk Ikan BBI Talaga,SELESAI,112484000,0
KAB. SUKABUMI,UPTD PUSKESMAS JAMPANGTENGAH - 1.02.0.00.0.00.01.0058,01KJ4784RTNGS3ZSCTA71F2PTB,65564675,2026,E-Katalog 6.0,BLUD,TRIMAN,E-Purchasing,Barang,Belanja Obat-obatan,PAYMENT OUTSIDE SYSTEM,2103450,2103450
KAB. SUKABUMI,UPTD PUSKESMAS CIRACAP - 1.02.0.00.0.00.01.0023,01KJ6Y7FS3YT6TCCHK2HME8AB7,65631591,2026,E-Katalog 6.0,BLUD,BERNOFARM,E-Purchasing,Barang," Beban Obat-Obatan-Obat ",COMPLETED,17091003,17091003
KAB. SUKABUMI,DINAS LINGKUNGAN HIDUP - 2.11.1.03.0.00.01.0000,10798323000,66240313,2026,Non Tender,APBD,CV. BUDI JAYA,Pengadaan Langsung,Pengadaan Barang,Belanja Alat/Bahan untuk Kegiatan Kantor-Perabot Kantor,SELESAI,34947250,34947250
KAB. SUKABUMI,BADAN PENGELOLA KEUANGAN DAN ASET DAERAH - 5.02.0.00.0.00.01.0000,01KRWGFX4QSHF0KVYYQTVPPMZN,67146622,2026,E-Katalog 6.0,APBD,BELA JAYA RASA,E-Purchasing,Barang,Penyediaan Barang Cetakan dan Penggandaan,ON PROCESS,125546550,125546550
KAB. SUKABUMI,DINAS PENDIDIKAN - 1.01.0.00.0.00.01.0000,10876616000,66141717,2026,Non Tender,APBD,CV. CIPTA KARYA,Pengadaan Langsung,Pekerjaan Konstruksi,Pembanguna Toilet Beserta Sanitasinya SDN 2 Gunungbatu Kec. cibitung,SELESAI,89624567,89624567
KAB. SUKABUMI,UPTD PUSKESMAS PURABAYA - 1.02.0.00.0.00.01.0012,01KH82VHW9N7A5HTCC0GQZ3TVR,65223220,2026,E-Katalog 6.0,BLUD,INDO PRIANGAN KATULISTIWA,E-Purchasing,Barang,Belanja Pengadaan Obat-obatan UPTD Puskesmas Purabaya,PAYMENT OUTSIDE SYSTEM,15494490,15494490
KAB. SUKABUMI,BADAN PENDAPATAN DAERAH - 5.02.0.00.0.00.02.0000,01KPWAGK2HSN197MVC8JBFWKT5,66549459,2026,E-Katalog 6.0,APBD,SEULAWAH INFORMATION TECHNOLOGY,E-Purchasing,Barang,Belanja Modal Peralatan Jaringan - Server,PAYMENT OUTSIDE SYSTEM,599955000,0
KAB. SUKABUMI,DINAS PERUMAHAN DAN KAWASAN PERMUKIMAN - 1.03.1.04.2.11.01.0000,10849792000,65763195,2026,Non Tender,APBD,GUMELAR PRATAMA,Pengadaan Langsung,Pekerjaan Konstruksi,Pembangunan Sarana Air Bersih Kp. Puncak Tamiang Desa. Curugkembar Kecamatan. Curugkembar,SELESAI,195261797,195261797
KAB. SUKABUMI,DINAS PERTANIAN - 3.27.2.09.0.00.01.0000,10818161000,63468832,2026,Non Tender,APBD,CV BINTANG MAS,Pengadaan Langsung,Pekerjaan Konstruksi,Persediaan Untuk Dijual/Diserahkan Lainnya - Jaringan Irigasi Pertanian Kec. Simpenan Desa Sangrawayang Poktan Cibutun Sejahtera,SELESAI,184617865,184617865
KAB. SUKABUMI,UPTD PUSKESMAS CISAAT - 1.02.0.00.0.00.01.0053,01KNK9T7TB5E5174K0666KFR2V,64691552,2026,E-Katalog 6.0,BLUD,PERUSAHAAN PERSEROAN (PERSERO) PT KIMIA FARMA,E-Purchasing,Barang,Belanja Belanja Obat-Obatan-Obat Puskesmas Cisaat TA. 2026,ON PROCESS,1263180,1263180
KAB. SUKABUMI,UOBK RSUD SEKARWANGI - 1.02.0.00.0.00.01.0002,10774910000,63615027,2026,Non Tender,BLUD,CV. BINA PUTRA,Pengadaan Langsung,Pekerjaan Konstruksi,Belanja Pemeliharaan Rutin/Berkala Sarana dan Prasarana Gedung RS - Pemeliharaan Ruang Tunggu CSSD,SELESAI,49597000,49597000
KAB. SUKABUMI,UPTD PUSKESMAS KALIBUNDER - 1.02.0.00.0.00.01.0028,01KKDQAES5P1HKMS9FBZEN7772,65601628,2026,E-Katalog 6.0,BLUD,IMFARMIND FARMASI INDUSTRI,E-Purchasing,Barang,Belanja Obat-Obatan-Obat Puskesmas Kalibunder Tahun 2026,COMPLETED,465800,465800
KAB. SUKABUMI,UPTD PUSKESMAS CIJANGKAR - 1.02.0.00.0.00.01.0011,01KW8DV4E3D81NPZ0N3VYEGGDG,65517345,2026,E-Katalog 6.0,BLUD,HOLIPAH,E-Purchasing,Barang,Belanja Makanan dan minuman pada Fasilitas Pelayanan Urusan Kesehatan -Kudapan (Extra Fooding) harian Petugas PSC/Layad Rawat/Siratu Emas Emas Puskesmas Cijangkar,COMPLETED,1332622,1332622
KAB. SUKABUMI,UPTD PUSKESMAS CISAAT - 1.02.0.00.0.00.01.0053,01KSEF2V3J23GGKYQPBPJ1EFR9,64692496,2026,E-Katalog 6.0,BLUD,SADULUR SAJATI,E-Purchasing,Barang,Belanja Belanja Cetak dan Penggandaan Puskesmas Cisaat TA. 2026,COMPLETED,5820913,5820913
KAB. SUKABUMI,UOBK RSUD SEKARWANGI - 1.02.0.00.0.00.01.0002,01KGKK3BME6TX5R8N5DE5JR3WP,63373275,2026,E-Katalog 6.0,BLUD,TIARA AGUNG PRATAMA,E-Purchasing,Barang,Belanja Modal Alat Laboratorium Umum,ON PROCESS,156043800,156043800
KAB. SUKABUMI,DINAS PEKERJAAN UMUM - 1.03.0.00.0.00.01.0000,10839388000,66970780,2026,Non Tender,APBD,Tri Putra Mandiri Consultant,Pengadaan Langsung,Jasa Konsultansi Badan Usaha Non Konstruksi,Konsultansi EPAKSI,SELESAI,99456000,99456000
KAB. SUKABUMI,"BADAN PERENCANAAN PEMBANGUNAN, RISET DAN INOVASI DAERAH - 5.01.5.05.0.00.01.0000",01KN6FPNHFHDTCXAB5V4WG0J5K,64587512,2026,E-Katalog 6.0,APBD,DERMA UTAMA ABADI,E-Purchasing,Jasa Lainnya,Belanja Makanan dan Minuman Rapat-Koordinasi Penyusunan dan Penetapan Dokumen,ON PROCESS,18000000,18000000
KAB. SUKABUMI,UPTD PUSKESMAS KARAWANG - 1.02.0.00.0.00.01.0003,01KJRZ997MZ0KGGEDZ24TA2N5C,65771631,2026,E-Katalog 6.0,BLUD,SADULUR SAJATI,E-Purchasing,Barang,Belanja Cetak dan Penggandaan PPK BLUD UPT Puskesmas Karawang Tahun 2026,COMPLETED,16785420,16785420
KAB. SUKABUMI,UOBK RSUD SEKARWANGI - 1.02.0.00.0.00.01.0002,01KHARJQSNBN59B4RTEY5ZQAJ8,63079700,2026,E-Katalog 6.0,BLUD,MENARINI INDRIA LABORATORIES,E-Purchasing,Barang,Belanja Obat-obatan-Obat,ON PROCESS,2471859,2471859
KAB. SUKABUMI,DINAS PEKERJAAN UMUM - 1.03.0.00.0.00.01.0000,10828952000,66715398,2026,Non Tender,APBD,CV. Sumber Kuat,Pengadaan Langsung,Pekerjaan Konstruksi,Pembuatan Bahu Beton Ruas Jalan Jaksa Agung R. Soeprapto Kecamatan Palabuhanratu,SELESAI,87617871,87617871
KAB. SUKABUMI,UOBK RSUD SEKARWANGI - 1.02.0.00.0.00.01.0002,10114540000,64072000,2026,Tender,BLUD,PT. Nusa Graha Konsultan,Seleksi,Jasa Konsultansi Badan Usaha Konstruksi,"Belanja Pembayaran Pajak, Bea, dan Perizinan ( Belanja Perijinan Sertifikat Laik Fungsi/ SLF)",SELESAI,499222500,499222500
KAB. SUKABUMI,DINAS PERHUBUNGAN - 2.15.0.00.0.00.01.0000,01KHT2QE0BV5J33NKH9WVSBAQM,64706870,2026,E-Katalog 6.0,APBD,HRZ MULTI UTAMA,E-Purchasing,Jasa Lainnya,Pembangunan PJU di Wilayah Kec. Bantargadung dan Cisolok (18 Titik),PAYMENT OUTSIDE SYSTEM,286992720,286992720
KAB. SUKABUMI,DINAS PERHUBUNGAN - 2.15.0.00.0.00.01.0000,01KNPHGKFQ97QR5CV8RYX48D5N,64706848,2026,E-Katalog 6.0,APBD,BUNGSU PUTRA KONTRUKSI,E-Purchasing,Jasa Lainnya," Pembangunan PJU di Wilayah Desa Cimaja Kec. Cikakak, Wilayah Kec. Simpenan dan Perum Jayanti Kec. Palabuhanratu (9 Titik)",PAYMENT OUTSIDE SYSTEM,143256600,143256600
KAB. SUKABUMI,DINAS PERIKANAN - 3.25.0.00.0.00.01.0000,10821286000,65264866,2026,Non Tender,APBD,CV. Jaya Mitra,Pengadaan Langsung,Pengadaan Barang,Bantuan Benih dan Pakan Ikan di Kecamatan Cisolok,SELESAI,45088000,0
KAB. SUKABUMI,DINAS PERTANIAN - 3.27.2.09.0.00.01.0000,10818163000,63468833,2026,Non Tender,APBD,"Mulya Abadi, CV",Pengadaan Langsung,Pekerjaan Konstruksi,Persediaan Untuk Dijual/Diserahkan Lainnya - Jaringan Irigasi Pertanian Kec. Warungkiara Desa Hegarmanah Poktan Kaum Mandiri,SELESAI,184638251,184638251
KAB. SUKABUMI,UOBK RSUD PALABUHANRATU - 1.02.0.00.0.00.01.0001,01KJHAGZGTGS26HE8B090MF423,64613160,2026,E-Katalog 6.0,BLUD,MULAWARMAN KESADA MEDICALINDO,E-Purchasing,Barang,Belanja Bahan/Alat Medis Pakai Habis (BMHP) Farmasi,ON PROCESS,1526250,1526250
KAB. SUKABUMI,DINAS TENAGA KERJA DAN TRANSMIGRASI - 2.07.3.32.0.00.01.0000,10845855000,63890240,2026,Non Tender,APBD,Tri Putra Mandiri Consultant,Pengadaan Langsung,Jasa Konsultansi Badan Usaha Konstruksi,bangunan gedung kantor (Jasa Konsultan Perencanaan Konstruksi Pemeliharaan Kanopi Tempat Parkir),SELESAI,7992000,7992000
KAB. SUKABUMI,UPTD PUSKESMAS GIRIJAYA - 1.02.0.00.0.00.01.0047,01KP2HSYTR24RC181DHRVGJPJ1,65623807,2026,E-Katalog 6.0,BLUD,PERUSAHAAN PERSEROAN (PERSERO) PT KIMIA FARMA,E-Purchasing,Barang," Belanja Obat-Obatan-Obat ",COMPLETED,976756,976756
KAB. SUKABUMI,DINAS LINGKUNGAN HIDUP - 2.11.1.03.0.00.01.0000,10864076000,64481219,2026,Non Tender,APBD,CV. HA BERKAH,Pengadaan Langsung,Pekerjaan Konstruksi,Belanja Modal Bangunan Penampung Sampah - Pemeliharaaan dan Perbaikan TPSS,SELESAI,99398453,99398453
KAB. SUKABUMI,UPTD PUSKESMAS GEGERBITUNG - 1.02.0.00.0.00.01.0009,01KMPF1NAXQC7HVDMJQ2KJHX1A,66377843,2026,E-Katalog 6.0,APBD,NOVAPHARIN,E-Purchasing,Barang,Belanja Obat Obatan Puskesmas Gegerbitung Tahun Anggaran 2026,COMPLETED,16638900,16638900
KAB. SUKABUMI,UOBK RSUD SEKARWANGI - 1.02.0.00.0.00.01.0002,01KK1WJ61F3NFQ7F79T5ACT11D,63079700,2026,E-Katalog 6.0,BLUD,AMAROX PHARMA GLOBAL,E-Purchasing,Barang,Belanja Obat-obatan-Obat,ON PROCESS,32841348,32841348
KAB. SUKABUMI,DINAS PEKERJAAN UMUM - 1.03.0.00.0.00.01.0000,10868511000,66622027,2026,Non Tender,APBD,CV Bungsu Putra Kontruksi,Pengadaan Langsung,Pekerjaan Konstruksi,Daerah Irigasi Cikamunding II Desa Kadaleman Kecamatan Surade,SELESAI,281167828,281167828
KAB. SUKABUMI,"BADAN PERENCANAAN PEMBANGUNAN, RISET DAN INOVASI DAERAH - 5.01.5.05.0.00.01.0000",01KKG225PBX0K1D79TK9B9CQVB,64567689,2026,E-Katalog 6.0,APBD,VIANIE,E-Purchasing,Jasa Lainnya,Belanja Makanan dan Minuman Rapat-Asistensi Bidang Perekonomian,PAYMENT OUTSIDE SYSTEM,2100000,2100000
KAB. SUKABUMI,DINAS PENDIDIKAN - 1.01.0.00.0.00.01.0000,10865661000,66270868,2026,Non Tender,APBD,cv. bumi padjajaran,Pengadaan Langsung,Pekerjaan Konstruksi,Rehabilitasi Sedang / Berat Ruang Kelas SDN Ciganda  Kec. Sukalarang,SELESAI,277919979,277919979
KAB. SUKABUMI,UOBK RSUD SEKARWANGI - 1.02.0.00.0.00.01.0002,01KPT6E8AGCX5T8WYJC4HCA9MS,63079700,2026,E-Katalog 6.0,BLUD,SIMEX PHARMACEUTICAL INDONESIA,E-Purchasing,Barang,Belanja Obat-obatan-Obat,ON PROCESS,18825600,18825600
KAB. SUKABUMI,DINAS PENDIDIKAN - 1.01.0.00.0.00.01.0000,10880855000,66235700,2026,Non Tender,APBD,cv.zakaria,Pengadaan Langsung,Pekerjaan Konstruksi,Rehabilitasi Sedang / Berat Ruang Kelas di DAK SDN Cibatu 1  Kec. Cisaat,SELESAI,185035934,185035934
KAB. SUKABUMI,UOBK RSUD SEKARWANGI - 1.02.0.00.0.00.01.0002,01KP2T0VXCPGTHRMWWCGBS098E,63079700,2026,E-Katalog 6.0,BLUD,KALVENTIS SINERGI FARMA,E-Purchasing,Barang,Belanja Obat-obatan-Obat,ON PROCESS,8880000,0
KAB. SUKABUMI,UOBK RSUD SEKARWANGI - 1.02.0.00.0.00.01.0002,01KS1NZ0T3T3CCXFCX6PTX3JSS,63079700,2026,E-Katalog 6.0,BLUD,DANKOS FARMA,E-Purchasing,Barang,Belanja Obat-obatan-Obat,ON PROCESS,32759688,32759688
KAB. SUKABUMI,UPTD PUSKESMAS CISAAT - 1.02.0.00.0.00.01.0053,01KNK7W3AVD02D287VVDPHHY3Q,64691552,2026,E-Katalog 6.0,BLUD,NOVAPHARIN,E-Purchasing,Barang,Belanja Belanja Obat-Obatan-Obat Puskesmas Cisaat TA. 2026,COMPLETED,6558990,6558990
KAB. SUKABUMI,UOBK RSUD SEKARWANGI - 1.02.0.00.0.00.01.0002,01KRD21T6BYYT51HD83MHJK1YP,63079700,2026,E-Katalog 6.0,BLUD,SATORIA ANEKA INDUSTRI,E-Purchasing,Barang,Belanja Obat-obatan-Obat,ON PROCESS,8864460,8864460
KAB. SUKABUMI,DINAS PENDIDIKAN - 1.01.0.00.0.00.01.0000,10884845000,66269167,2026,Non Tender,APBD,CV TIARA ABADI,Pengadaan Langsung,Pekerjaan Konstruksi,Rehabilitasi Sedang / Berat Ruang Kelas SDN 2 Sagaranten  Kec. Sagaranten,SELESAI,185324327,185324327
KAB. SUKABUMI,DINAS PERDAGANGAN DAN PERINDUSTRIAN - 3.31.3.29.3.30.01.0000,10777535000,65550737,2026,Non Tender,APBD,CV. RIZKI SARANA,Pengadaan Langsung,Pengadaan Barang,Belanja Modal Alat Pendingin AC,SELESAI,146200000,146200000
KAB. SUKABUMI,UPTD PUSKESMAS LIMBANGAN - 1.02.0.00.0.00.01.0005,01KPQ0DRCDEE5VGS0PKZ6EKNDG,66071212,2026,E-Katalog 6.0,BLUD,SAKTI PERKASA,E-Purchasing,Barang,Belanja Alat / Bahan untuk kegiatan kantor - Perabot kantor,COMPLETED,1983459,1983459
KAB. SUKABUMI,DINAS PENDIDIKAN - 1.01.0.00.0.00.01.0000,10796878000,66036854,2026,Non Tender,APBD,CV. Restu Karya,Pengadaan Langsung,Jasa Konsultansi Badan Usaha Konstruksi,Jasa Konsultan Perencanaan Rehabilitasi Sedang / Berat Ruang Kelas SD Wilayah 1,SELESAI,31759430,31759430
KAB. SUKABUMI,DINAS PERTANIAN - 3.27.2.09.0.00.01.0000,10818143000,63468789,2026,Non Tender,APBD,WAHYUDI KARYA MANDIRI,Pengadaan Langsung,Pekerjaan Konstruksi,Persediaan Untuk Dijual/Diserahkan Lainnya - Jaringan Irigasi Pertanian Kec. Bantargadung Desa Bantargadung Poktan Cibalanak,SELESAI,184816483,184816483
KAB. SUKABUMI,DINAS PENDIDIKAN - 1.01.0.00.0.00.01.0000,10878434000,66268935,2026,Non Tender,APBD,CV. AR. ALGHIFARI,Pengadaan Langsung,Pekerjaan Konstruksi,Rehabilitasi Sedang / Berat Ruang Kelas di DAK SDN Gentong  Kec. Cisaat,SELESAI,185234985,185234985
KAB. SUKABUMI,UPTD PUSKESMAS SIMPENAN - 1.02.0.00.0.00.01.0033,01KVSFF76XFNDX4SYKHTD48XKQ,65189858,2026,E-Katalog 6.0,BLUD,ETERNITY RAMA MEDIKA,E-Purchasing,Barang,Belanja Obat-Obatan-Obat-Obatan Lainnya (BHP) Puskesmas Simpenan,ON PROCESS,11327550,11327550
KAB. SUKABUMI,UOBK RSUD SEKARWANGI - 1.02.0.00.0.00.01.0002,01KFDSQFP1XTCBAWKTXRQ1536G,63079700,2026,E-Katalog 6.0,BLUD,ETHICA INDUSTRI FARMASI,E-Purchasing,Barang,Belanja Obat-obatan-Obat,ON PROCESS,1249505,1249505
KAB. SUKABUMI,DINAS KESEHATAN - 1.02.0.00.0.00.01.0000,01KQET527ZRQHHVMKNZG1ACENX,65523648,2026,E-Katalog 6.0,APBDP,LAM PINTAR PARIPURNA,E-Purchasing,Jasa Lainnya,Belanja Kursus Singkat/Pelatihan,ON PROCESS,435000000,435000000
KAB. SUKABUMI,DINAS KESEHATAN - 1.02.0.00.0.00.01.0000,01KS4PP5GC7AWPW5WM1MZ4TK1D,65613462,2026,E-Katalog 6.0,APBD,ETHICA INDUSTRI FARMASI,E-Purchasing,Barang,Pengadaan Obat KIA (PBJT),ON PROCESS,20172971,20172971
KAB. SUKABUMI,"BADAN PERENCANAAN PEMBANGUNAN, RISET DAN INOVASI DAERAH - 5.01.5.05.0.00.01.0000",01KHARX7DD9SVWD8JD23QGQ4X0,64770113,2026,E-Katalog 6.0,APBD,DARIA,E-Purchasing,Jasa Lainnya,Belanja Sewa Kendaraan Dinas Bermotor Perorangan,ON PROCESS,117216000,117216000
KAB. SUKABUMI,DINAS PERHUBUNGAN - 2.15.0.00.0.00.01.0000,01KS6V8NVJZBN8K6P53X9ZBGR5,67041913,2026,E-Katalog 6.0,APBD,BUNGSU PUTRA KONTRUKSI,E-Purchasing,Pekerjaan Konstruksi,Pembangunan PJU di Wilayah Kec. Cikidang (18 Titik),ON PROCESS,286912800,286912800
KAB. SUKABUMI,DINAS PETERNAKAN - 3.27.0.00.0.00.01.0000,01KJBP2R5MHF54A212FKJ36C6C,64669268,2026,E-Katalog 6.0,APBD,LINTAS AGRO,E-Purchasing,Barang,Belanja Bahan-Bahan Kimia,ON PROCESS,17443650,17443650
KAB. SUKABUMI,DINAS PERTANIAN - 3.27.2.09.0.00.01.0000,10769981000,63838965,2026,Non Tender,APBD,PT. CAHAYA ABADI KONSULTINDO,Pengadaan Langsung,Jasa Konsultansi Badan Usaha Konstruksi,Belanja Modal Bangunan Gedung Kantor (Jasa Konsultan Perencanaan Pembangunan Kantor UPTD Wilayah 7),SELESAI,11931390,11931390
KAB. SUKABUMI,UOBK RSUD SEKARWANGI - 1.02.0.00.0.00.01.0002,01KJ59K7JY213W33TVKRV821CD,63079700,2026,E-Katalog 6.0,BLUD,TUNGGAL IDAMAN ABDI,E-Purchasing,Barang,Belanja Obat-obatan-Obat,ON PROCESS,26899407,0
KAB. SUKABUMI,UOBK RSUD SEKARWANGI - 1.02.0.00.0.00.01.0002,01KTX4F78QBC0T0NS08CZW2R58,63079700,2026,E-Katalog 6.0,BLUD,DANKOS FARMA,E-Purchasing,Barang,Belanja Obat-obatan-Obat,ON PROCESS,22254359,22254359
KAB. SUKABUMI,"DINAS KEBUDAYAAN, PEMUDA DAN OLAHRAGA - 2.22.2.19.0.00.01.0000",01KKDQFM0DJEVZTAQY6E8ENCSC,64195625,2026,E-Katalog 6.0,APBD,HADIL MAHASIN,E-Purchasing,Barang,Pengadaan Mesin Absensi Fingerprint ,PAYMENT OUTSIDE SYSTEM,9998880,9998880
KAB. SUKABUMI,UPTD PUSKESMAS CIEMAS - 1.02.0.00.0.00.01.0024,01KTQPVNWKXZQ9ZXSDTTXQ2NP4,64331735,2026,E-Katalog 6.0,BLUD,KHALISH BRILLIANT PERSADA,E-Purchasing,Barang,"Pengadaan Belanja Modal Peralatan dan Mesin,Pengadaan alat kantor lainnya (BLUD Puskesmas Ciemas)",PAYMENT OUTSIDE SYSTEM,11211000,11211000
KAB. SUKABUMI,DINAS PEKERJAAN UMUM - 1.03.0.00.0.00.01.0000,10861410000,66620080,2026,Non Tender,APBD,CV. ETERNA RAYA,Pengadaan Langsung,Pekerjaan Konstruksi,Daerah Irigasi Cibeureum Areban Desa Limbangan Kecamatan Sukaraja,SELESAI,280898911,280898911
KAB. SUKABUMI,UOBK RSUD SEKARWANGI - 1.02.0.00.0.00.01.0002,01KW8ZWG1HT1Z83F0GXC6XC8Z4,63077986,2026,E-Katalog 6.0,BLUD,IDS MEDICAL SYSTEMS INDONESIA,E-Purchasing,Barang,Belanja Bahan - Bahan Lainnya (BMHP Farmasi),ON PROCESS,7486950,0
KAB. SUKABUMI,UPTD PUSKESMAS TAMANJAYA - 1.02.0.00.0.00.01.0025,01KN653ASKSMF90G8Y6XZXVMYK,65766894,2026,E-Katalog 6.0,BLUD,ZAYIN ZAHIRA,E-Purchasing,Jasa Lainnya,Belanja alat/bahan untuk kegiatan Kantor Bahan Cetak e-Purchasing,PAYMENT OUTSIDE SYSTEM,2959260,2959260
KAB. SUKABUMI,UOBK RSUD SEKARWANGI - 1.02.0.00.0.00.01.0002,01KF9YJMTNZ5EBSAC6PA2MQ53D,63077986,2026,E-Katalog 6.0,BLUD,KENANGA UTAMA PERMAI,E-Purchasing,Barang,Belanja Bahan - Bahan Lainnya (BMHP Farmasi),ON PROCESS,49950000,49950000
KAB. SUKABUMI,DINAS PENDIDIKAN - 1.01.0.00.0.00.01.0000,01KJY68EEHWWQH02X1RDBZ0Q7C,66036579,2026,E-Katalog 6.0,APBD,ALKAUTSAR AFLAH MANDIRI,E-Purchasing,Barang,Pengadaan Alat Peraktik dan Peraga IPAS SD,PAYMENT OUTSIDE SYSTEM,1494337500,1494337500
KAB. SUKABUMI,DINAS PERUMAHAN DAN KAWASAN PERMUKIMAN - 1.03.1.04.2.11.01.0000,10867817000,67138882,2026,Non Tender,APBD,CV. Sumber Kuat,Pengadaan Langsung,Pekerjaan Konstruksi,"Pembangunan Sarana Air Bersih kp cileungsir RT 07/01 desa bojongasih Desa Bojongasih Kecamatan Parakansalak, Kab Sukabumi",SELESAI,146163740,146163740
KAB. SUKABUMI,DINAS PERHUBUNGAN - 2.15.0.00.0.00.01.0000,01KGGH4N0KEQTFTZP69QN127SK,64711033,2026,E-Katalog 6.0,APBD,KHARISMA SINARLINDO PERSADA,E-Purchasing,Barang,Belanja Lampu LED 90 Watt,ON PROCESS,299717760,299717760
KAB. SUKABUMI,KECAMATAN KALAPANUNGGAL - 7.01.0.00.0.00.28.0000,10839455000,66933307,2026,Non Tender,APBD,PT. AZONE TECH SUKABUMI,Pengadaan Langsung,Pengadaan Barang,Pengadaan Peralatan dan Mesin Kantor,SELESAI,11000000,11000000
KAB. SUKABUMI,UPTD PUSKESMAS LENGKONG - 1.02.0.00.0.00.01.0057,01KRDC8N2VR8CQY6WQHHESR9KN,67126042,2026,E-Katalog 6.0,APBD,JAYAMAS MEDICA INDUSTRI,E-Purchasing,Barang,Belanja Modal Peralatan dan Mesin BLUD,ON PROCESS,1325340,1325340
KAB. SUKABUMI,"BADAN PERENCANAAN PEMBANGUNAN, RISET DAN INOVASI DAERAH - 5.01.5.05.0.00.01.0000",01KGGTS2QRTD8EABQHDJG9K49J,64665753,2026,E-Katalog 6.0,APBD,DERMA UTAMA ABADI,E-Purchasing,Jasa Lainnya,"Belanja Makanan dan Minuman Rapat Sub Kegiatan Bimbingan teknis dan supervisi, kerja sama, serta kemitraan invensi dan inovasi",PAYMENT OUTSIDE SYSTEM,7000000,7000000
KAB. SUKABUMI,UPTD PUSKESMAS BOJONGGENTENG - 1.02.0.00.0.00.01.0040,01KQBS0378X23XHHGH0YKS3BGM,65549461,2026,E-Katalog 6.0,BLUD,NOVAPHARIN,E-Purchasing,Barang,Belanja Bahan Obat - Obatan,COMPLETED,2031300,2031300
KAB. SUKABUMI,UOBK RSUD SEKARWANGI - 1.02.0.00.0.00.01.0002,01KKJW89ABDZD25MB40877HDB6,63077986,2026,E-Katalog 6.0,BLUD,INTI PURNABAKTI GLOBAL,E-Purchasing,Barang,Belanja Bahan - Bahan Lainnya (BMHP Farmasi),ON PROCESS,20182020,20182020
KAB. SUKABUMI,UOBK RSUD SEKARWANGI - 1.02.0.00.0.00.01.0002,01KK88ZH7Q63VZR7CVK16D4Q7E,63377466,2026,E-Katalog 6.0,BLUD,SAMATOR GAS INDUSTRI,E-Purchasing,Barang,Belanja Bahan-Isi Tabung Gas,ON PROCESS,2419620880,2419620880
KAB. SUKABUMI,UOBK RSUD SEKARWANGI - 1.02.0.00.0.00.01.0002,01KPQEEKB89ZHP7T6W7QH9VF8R,63077986,2026,E-Katalog 6.0,BLUD,IDS MEDICAL SYSTEMS INDONESIA,E-Purchasing,Barang,Belanja Bahan - Bahan Lainnya (BMHP Farmasi),ON PROCESS,1653001,0
KAB. SUKABUMI,UOBK RSUD SEKARWANGI - 1.02.0.00.0.00.01.0002,01KK8CPG1715EYBS9YHGAN8VH6,63079700,2026,E-Katalog 6.0,BLUD,EISAI INDONESIA,E-Purchasing,Barang,Belanja Obat-obatan-Obat,ON PROCESS,7425900,7425900
KAB. SUKABUMI,UPTD PUSKESMAS LENGKONG - 1.02.0.00.0.00.01.0057,01KJVJ58ZHM8PDGXWK6RP7FK5W,65749904,2026,E-Katalog 6.0,APBD,INDO PRIANGAN KATULISTIWA,E-Purchasing,Barang,Belanja Obat Pelayanan Kesehatan Dasar UPTD Puskesmas Lengkong,PAYMENT OUTSIDE SYSTEM,17210550,17210550
KAB. SUKABUMI,DINAS PEKERJAAN UMUM - 1.03.0.00.0.00.01.0000,10135900000,66694823,2026,Tender,APBD,"Mulya Abadi, CV",Tender,Pekerjaan Konstruksi,Ruas Jalan Caringin - Cidahu Kecamatan Cidahu,SELESAI,1785748233,1785748233
KAB. SUKABUMI,DINAS PEKERJAAN UMUM - 1.03.0.00.0.00.01.0000,10868899000,67105960,2026,Non Tender,APBD,cv.wijaya berkarya,Pengadaan Langsung,Pengadaan Barang,Pengadaan Pakaian Dinas beserta Atribut Kelengkapannya (Pakaian Batik),SELESAI,138240000,0
KAB. SUKABUMI,DINAS PEKERJAAN UMUM - 1.03.0.00.0.00.01.0000,01KW3THHDJ9M8WWV0K3ES6S48M,66243103,2026,E-Katalog 6.0,APBD,PUSAKA MOTOR UTAMA,E-Purchasing,Barang,Pengadaan Kendaraan Dinas Operasional Laboratorium,ON PROCESS,179000000,179000000
KAB. SUKABUMI,KECAMATAN SUKALARANG - 7.01.0.00.0.00.47.0000,10891463000,67167325,2026,Non Tender,APBD,CV. MUDA TANGGUH,Pengadaan Langsung,Pekerjaan Konstruksi,7.01.01.2.09.0009 - Pemeliharaan/Rehabilitasi Gedung Kantor dan Bangunan Lainnya,SELESAI,12173614,12173614
KAB. SUKABUMI,"DINAS KEBUDAYAAN, PEMUDA DAN OLAHRAGA - 2.22.2.19.0.00.01.0000",01KPMYKMB85F5YKC8N7SARNJ0B,64195623,2026,E-Katalog 6.0,APBD,HADIL MAHASIN,E-Purchasing,Barang,Alat Kantor Lainnya - Mesin Penghancur Kertas ,ON PROCESS,7997550,7997550
KAB. SUKABUMI,UOBK RSUD SEKARWANGI - 1.02.0.00.0.00.01.0002,01KJ6QSFF19PC3DN7A7K46YA7V,63077986,2026,E-Katalog 6.0,BLUD,INTI PURNABAKTI GLOBAL,E-Purchasing,Barang,Belanja Bahan - Bahan Lainnya (BMHP Farmasi),ON PROCESS,33193012,33193012
KAB. SUKABUMI,DINAS PERHUBUNGAN - 2.15.0.00.0.00.01.0000,01KHJZBW39VGSZGQ2DW8Z34PVF,64706816,2026,E-Katalog 6.0,APBD,TIGA DUA AMANAH,E-Purchasing,Jasa Lainnya," Pembangunan PJU di Wilayah Desa Cisande Kecamatan Cicantayan (10 Titik)",ON PROCESS,159174000,159174000
KAB. SUKABUMI,DINAS PEKERJAAN UMUM - 1.03.0.00.0.00.01.0000,10840363000,66742582,2026,Non Tender,APBD,CV HELISFA RAHAYU KONSTRUKSI,Pengadaan Langsung,Pekerjaan Konstruksi,Pembuatan Plat Beton Ruas Jalan Purwasedar - Cibodas Kecamatan Jampangkulon,SELESAI,88344940,88344940
KAB. SUKABUMI,UPTD PUSKESMAS KARAWANG - 1.02.0.00.0.00.01.0003,01KRZ4X0F63K8Y4SC8CXP4DVYZ,66903877,2026,E-Katalog 6.0,BLUD,PT ADYA ARTHA ABADI TANGERANG,E-Purchasing,Barang,Belanja Obat-Obatan PPK BLUD UPT Puskesmas Karawang Tahun 2026,COMPLETED,3075116,3075116
KAB. SUKABUMI,"DINAS KOMUNIKASI, INFORMATIKA DAN PERSANDIAN - 2.16.2.21.2.20.01.0000",01KNTD1DCG3ZXTASYHVKTXRNYG,66875778,2026,E-Katalog 6.0,APBD,ARRAHMAN BERKAH ABADI,E-Purchasing,Barang,Belanja Alat/Bahan untuk Kegiatan Kantor-Bahan Komputer - Sub Kegiatan Penyediaan Bahan Logistik Kantor,PAYMENT OUTSIDE SYSTEM,23176800,23176800
KAB. SUKABUMI,UPTD PUSKESMAS CIRACAP - 1.02.0.00.0.00.01.0023,01KJ6YSDVYHPZMH2957EMD0GX7,65631591,2026,E-Katalog 6.0,BLUD,ADYA ARTHA ABADI,E-Purchasing,Barang," Beban Obat-Obatan-Obat ",COMPLETED,1637250,1637250
KAB. SUKABUMI,DINAS PERTANIAN - 3.27.2.09.0.00.01.0000,10819631000,63468771,2026,Non Tender,APBD,CV. LAKSANA ABADI,Pengadaan Langsung,Pekerjaan Konstruksi,Persediaan Untuk Dijual/Diserahkan Lainnya - Jaringan Irigasi Pertanian Kec. Curugkembar Desa Sindangraja Poktan Cicukang,SELESAI,184601468,184601468
KAB. SUKABUMI,DINAS PEKERJAAN UMUM - 1.03.0.00.0.00.01.0000,10824992000,64819674,2026,Non Tender,APBD,PT. Nusa Graha Konsultan,Pengadaan Langsung,Jasa Konsultansi Badan Usaha Non Konstruksi,DED Daerah Irigasi Cimulek Desa Caringinnunggal Kecamatan Waluran,SELESAI,98978700,98978700
KAB. SUKABUMI,UPTD PUSKESMAS KADUDAMPIT - 1.02.0.00.0.00.01.0056,01KSET375WWAMZBYZ2HKEWFBH9,66646234,2026,E-Katalog 6.0,BLUD,KENANGA UTAMA PERMAI,E-Purchasing,Barang,Belanja Habis Pakai Alat Kesehatan (BHP medis) puskesmas kadudampit,COMPLETED,10764780,10764780
KAB. SUKABUMI,UPTD PUSKESMAS CIKEMBAR - 1.02.0.00.0.00.01.0060,01KVWT7PB3AVRTV57Q65J00MVA,67057786,2026,E-Katalog 6.0,BLUD,TRIMAN,E-Purchasing,Barang,Belanja Obat-Obatan-Obat Puskesmas Cikembar Tahun 2026,ON PROCESS,10795860,10795860
KAB. SUKABUMI,DINAS PERTANIAN - 3.27.2.09.0.00.01.0000,10800352000,63468834,2026,Non Tender,APBD,CV HRZ MULTI UTAMA,Pengadaan Langsung,Pekerjaan Konstruksi,Persediaan Untuk Dijual/Diserahkan Lainnya - Jaringan Irigasi Pertanian Kec. Ciracap Desa Mekarsari Poktan Al Fatih,SELESAI,230744453,230744453
KAB. SUKABUMI,UPTD PUSKESMAS NAGRAK - 1.02.0.00.0.00.01.0048,01KJ9DVRC4X7NDHV3WBAJD8NVQ,65314538,2026,E-Katalog 6.0,BLUD,ETERNITY RAMA MEDIKA,E-Purchasing,Barang,Belanja Modal alat kedokteran lainnya,COMPLETED,4967250,0
KAB. SUKABUMI,UOBK RSUD SEKARWANGI - 1.02.0.00.0.00.01.0002,10785824000,65519730,2026,Non Tender,BLUD,CV. TIGA DUA AMANAH,Pengadaan Langsung,Pekerjaan Konstruksi,Pemeliharaan Gedung NAS,SELESAI,149611000,149611000
KAB. SUKABUMI,UPTD PUSKESMAS NAGRAK - 1.02.0.00.0.00.01.0048,01KVS5VEZCDWGXA0TBAYJTGBVN,67329348,2026,E-Katalog 6.0,BLUD,KENCANA INSAN MANDIRI,E-Purchasing,Barang,belanja barang habis pakai - belanja alat/bahan untuk kegiatan kantor -alat tulis kantor,COMPLETED,419691,419691
KAB. SUKABUMI,UPTD PUSKESMAS NAGRAK - 1.02.0.00.0.00.01.0048,01KHZEFM09JVGT9638F1F6ZHXK,65356348,2026,E-Katalog 6.0,BLUD,SAPTA RAKSAKA DHARMA,E-Purchasing,Barang,belanja barang pakai habis-belanja alat/bahan untuk kegiatan kantor -bahan cetak,COMPLETED,9627030,9627030
KAB. SUKABUMI,"BADAN PERENCANAAN PEMBANGUNAN, RISET DAN INOVASI DAERAH - 5.01.5.05.0.00.01.0000",01KGQ79ZA9SVBQK4K5GGC92BT0,64614624,2026,E-Katalog 6.0,APBD,VIANIE,E-Purchasing,Jasa Lainnya,Belanja Makanan dan Minuman Rapat-Koordinasi Bidang Sumber Daya Alam,PAYMENT OUTSIDE SYSTEM,2800000,2800000
KAB. SUKABUMI,DINAS PEKERJAAN UMUM - 1.03.0.00.0.00.01.0000,10916420000,66768952,2026,Non Tender,APBD,CV. DIAN KARTA,Pengadaan Langsung,Pekerjaan Konstruksi,Ruas Jalan Tugu - Cipriangan Kecamatan Sukaraja,SELESAI,373804662,373804662
KAB. SUKABUMI,DINAS PERTANIAN - 3.27.2.09.0.00.01.0000,10801656000,63468844,2026,Non Tender,APBD,CV TIARA ABADI,Pengadaan Langsung,Pekerjaan Konstruksi,Persediaan Untuk Dijual/Diserahkan Lainnya - Jaringan Irigasi Pertanian Kec. Bantargadung Desa Bantargebang Poktan Bantargebang,SELESAI,199586828,199586828
KAB. SUKABUMI,UOBK RSUD SEKARWANGI - 1.02.0.00.0.00.01.0002,01KV9PSGT9VMH8QK18EMQ19CG2,63079700,2026,E-Katalog 6.0,BLUD,NULAB PHARMACEUTICAL INDONESIA,E-Purchasing,Barang,Belanja Obat-obatan-Obat,ON PROCESS,3753743,3753743
KAB. SUKABUMI,DINAS PERTANIAN - 3.27.2.09.0.00.01.0000,10800133000,63468815,2026,Non Tender,APBD,CV. TRIO MUDA BERKARYA,Pengadaan Langsung,Pekerjaan Konstruksi,Persediaan Untuk Dijual/Diserahkan Lainnya - Jaringan Irigasi Pertanian Kec. Ciemas Desa Tamanjaya Poktan Lugina,SELESAI,183892045,183892045
KAB. SUKABUMI,DINAS PERTANIAN - 3.27.2.09.0.00.01.0000,01KRFZC3YFBV6MRVXKXVQPW9VY,65032272,2026,E-Katalog 6.0,APBD,FERTILIZER INTI TECHNOLOGY,E-Purchasing,Barang,Belanja Bahan-Bahan Kimia : Pengadaan Pupuk NPK 16:16:16 Kegiatan Dukungan Sarana dan Prasarana Usaha Tani Tembakau,PAYMENT OUTSIDE SYSTEM,168565710,168565710
KAB. SUKABUMI,UPTD PUSKESMAS KALAPANUNGGAL - 1.02.0.00.0.00.01.0039,01KS0319RDB2S2PCD0G6BJVXQ3,66278196,2026,E-Katalog 6.0,BLUD,KENCANA INSAN MANDIRI,E-Purchasing,Barang,Belanja Alat/Bahan untuk Kegiatan Kantor-Perabot Kantor,PAYMENT OUTSIDE SYSTEM,3764010,3764010
KAB. SUKABUMI,DINAS PEKERJAAN UMUM - 1.03.0.00.0.00.01.0000,10793566000,65074526,2026,Non Tender,APBD,CV. FADHILLAH,Pengadaan Langsung,Pengadaan Barang,Penyediaan Barang Cetakan,SELESAI,119905000,0
KAB. SUKABUMI,DINAS PERTANIAN - 3.27.2.09.0.00.01.0000,10769989000,63906639,2026,Non Tender,APBD,Tri Putra Mandiri Consultant,Pengadaan Langsung,Jasa Konsultansi Badan Usaha Konstruksi,Belanja Modal Jalan Khusus (Jasa Konsultan Perencanaan Pembetonan Jalan Kantor Dinas Pertanian),SELESAI,3552000,3552000
KAB. SUKABUMI,DINAS PERHUBUNGAN - 2.15.0.00.0.00.01.0000,01KR0GH0N0MPBX7Q38GX1HMF6C,64706869,2026,E-Katalog 6.0,APBD,ARKASA PUTRA PRATAMA,E-Purchasing,Jasa Lainnya," Pembangunan PJU di Wilayah Desa Cipamingkis Kecamatan Cidolog (6 Titik)",ON PROCESS,95437800,95437800
KAB. SUKABUMI,DINAS PERUMAHAN DAN KAWASAN PERMUKIMAN - 1.03.1.04.2.11.01.0000,01KTB1C4VYVXE4CPBBSFH21VNK,66589183,2026,E-Katalog 6.0,APBD,SAKTI PERKASA,E-Purchasing,Barang,Pengadaan Drone,ON PROCESS,20479500,20479500
KAB. SUKABUMI,UPTD PUSKESMAS CISAAT - 1.02.0.00.0.00.01.0053,01KNK7PYQG1HFZ7347FEEV5T8G,64691552,2026,E-Katalog 6.0,BLUD,TRIMAN,E-Purchasing,Barang,Belanja Belanja Obat-Obatan-Obat Puskesmas Cisaat TA. 2026,COMPLETED,10128750,10128750
KAB. SUKABUMI,UOBK RSUD SEKARWANGI - 1.02.0.00.0.00.01.0002,01KJD4Y5M5ZDZP5FQ5SE09CHEK,63460557,2026,E-Katalog 6.0,BLUD,AMANAH SUKSES MAKMUR,E-Purchasing,Barang,Belanja Bahan-Bahan Lainnya (Pengolahan Makanan/gizi),ON PROCESS,60976361,60976361
KAB. SUKABUMI,DINAS SOSIAL - 1.06.0.00.0.00.01.0000,01KPZ9X4CH3FR95TSDNP9QS70W,66974714,2026,E-Katalog 6.0,APBD,SADULUR SAJATI,E-Purchasing,Barang,Penatausahaan Arsip Dinamis pada SKPD,ON PROCESS,9144180,9144180
KAB. SUKABUMI,UPTD PUSKESMAS TAMANJAYA - 1.02.0.00.0.00.01.0025,01KRQC6YJXCKRT6BR508G6ZQSS,65751737,2026,E-Katalog 6.0,BLUD,ATHA ARUTALA INDONESIA,E-Purchasing,Barang,Belanja Modal Alat Kedokteran Umum ,PAYMENT OUTSIDE SYSTEM,2930999,2930999
KAB. SUKABUMI,DINAS PEKERJAAN UMUM - 1.03.0.00.0.00.01.0000,10826991000,66743315,2026,Non Tender,APBD,CV. ADEN RIZA KARYA,Pengadaan Langsung,Pekerjaan Konstruksi,Pembuatan TPT Ruas Jalan Cibatu - Cihingkik Kecamatan Cisaat,SELESAI,185248022,185248022
KAB. SUKABUMI,DINAS PERTANIAN - 3.27.2.09.0.00.01.0000,10903762000,64122685,2026,Non Tender,APBD,CV CITARIK MUARA PERKASA,Pengadaan Langsung,Pekerjaan Konstruksi,Persediaan Untuk Dijual/Diserahkan Lainnya - DAM Parit Kec. Bojonggenteng Desa Cipanengah Poktan Saluyu,SELESAI,184087398,184087398
KAB. SUKABUMI,UOBK RSUD SEKARWANGI - 1.02.0.00.0.00.01.0002,01KKB8247B1DW7ETG8SEP5TSP3,63079700,2026,E-Katalog 6.0,BLUD,YARINDO FARMATAMA,E-Purchasing,Barang,Belanja Obat-obatan-Obat,ON PROCESS,3679650,3679650
KAB. SUKABUMI,DINAS ARSIP DAN PERPUSTAKAAN - 2.24.2.23.0.00.01.0000,01KVCVW90EHPT0P8F9QSW1KYAR,63949008,2026,E-Katalog 6.0,APBD,CIPTA BUMI PERSADA,E-Purchasing,Barang,Belanja Modal Personal Computer,ON PROCESS,29900000,0
KAB. SUKABUMI,SEKRETARIAT DPRD - 4.02.0.00.0.00.01.0000,01KJSXXEGZSV0AMZJ5AB4AT90Y,63533988,2026,E-Katalog 6.0,APBD,CIPTA BUMI PERSADA,E-Purchasing,Barang," Pengadaan Tempat Tidur, Alat Kantor Lainnya dan Alat Pendingin",PAYMENT OUTSIDE SYSTEM,145743000,145743000
KAB. SUKABUMI,UPTD PUSKESMAS CIKAKAK - 1.02.0.00.0.00.01.0035,01KVCJCCNM04VCVPB9ZBBEYN68,65568233,2026,E-Katalog 6.0,BLUD,COPYPASTE,E-Purchasing,Barang,Belanja Bahan untuk Kegiatan Kantor- ATK  UPTD  Puskesmas Cikakak 2026,ON PROCESS,6424125,6424125
KAB. SUKABUMI,UOBK RSUD PALABUHANRATU - 1.02.0.00.0.00.01.0001,01KJHACJ6DSRJBSBMDKN2VBTFC,64613160,2026,E-Katalog 6.0,BLUD,DWIASRI GRAHA,E-Purchasing,Barang,Belanja Bahan/Alat Medis Pakai Habis (BMHP) Farmasi,ON PROCESS,16438383,16438383
KAB. SUKABUMI,UPTD PUSKESMAS CIAMBAR - 1.02.0.00.0.00.01.0046,01KT3JXPDT0M8F9AJXWHJ41G0Q,65715590,2026,E-Katalog 6.0,BLUD,OTSUKA INDONESIA,E-Purchasing,Barang,Belanja Obat-obatan,COMPLETED,1101830,1101830
KAB. SUKABUMI,DINAS PEKERJAAN UMUM - 1.03.0.00.0.00.01.0000,10840329000,66742433,2026,Non Tender,APBD,CV HELISFA RAHAYU KONSTRUKSI,Pengadaan Langsung,Pekerjaan Konstruksi,Pembuatan Plat Beton Ruas Jalan Cipalayangan - Cibodas Kecamatan Cibitung,SELESAI,88343182,88343182
KAB. SUKABUMI,UPTD PUSKESMAS WARUNGKIARA - 1.02.0.00.0.00.01.0030,01KV4P6J7YFV96DRZHWNDJNB4P,66149129,2026,E-Katalog 6.0,BLUD,HEXPHARM JAYA LABORATORIES,E-Purchasing,Barang,Belanja Obat-Obatan Puskesmas Warungkiara,ON PROCESS,1742700,1742700
KAB. SUKABUMI,KECAMATAN WARUNGKIARA - 7.01.0.00.0.00.46.0000,01KSHBFXDXNHVTRC7R2J6WEYE4,67211187,2026,E-Katalog 6.0,APBD,ALAMGIR HAKLI INDONESIA,E-Purchasing,Barang,Belanja Modal Peralatan Komputer Lainnya,ON PROCESS,4800000,4800000
KAB. SUKABUMI,DINAS PERDAGANGAN DAN PERINDUSTRIAN - 3.31.3.29.3.30.01.0000,10814532000,66760328,2026,Non Tender,APBD,CV. RIZKI SARANA,Pengadaan Langsung,Jasa Lainnya,Pengadaan Desain dan Cetak Kemasan Produk IKM Tahun 2026,SELESAI,105000000,105000000
KAB. SUKABUMI,UPTD PUSKESMAS SIMPENAN - 1.02.0.00.0.00.01.0033,01KR5A79B28H3WQWKHGBBQV7D7,65189555,2026,E-Katalog 6.0,BLUD,HEXPHARM JAYA LABORATORIES,E-Purchasing,Barang,Belanja Obat - Obatan - Obat di Puskesmas Simpenan,COMPLETED,14656440,14656440
KAB. SUKABUMI,UPTD PUSKESMAS CITARIK - 1.02.0.00.0.00.01.0032,01KWGFCTD96Y8N0VJC38FZQ4A4,65505780,2026,E-Katalog 6.0,BLUD,GLOBAL MULTI PHARMALAB,E-Purchasing,Barang,Belanja Obat Puskesmas Citarik (e-Catalog),ON PROCESS,1803750,1803750
KAB. SUKABUMI,UPTD PUSKESMAS CIDAHU - 1.02.0.00.0.00.01.0043,01KKK5HHT3BZF48WEVRRQA3X56,66401527,2026,E-Katalog 6.0,BLUD,TIARA AGUNG PRATAMA,E-Purchasing,Barang,Belanja Modal Alat Kedokteran Umum puskesmas cidahu,PAYMENT OUTSIDE SYSTEM,1645020,0
KAB. SUKABUMI,UPTD PUSKESMAS BANTARGADUNG - 1.02.0.00.0.00.01.0031,01KP54A1FQN02CME928ZSTZMF7,66286510,2026,E-Katalog 6.0,BLUD,TRIMAN,E-Purchasing,Barang,Belanja bahan obat-obatan (Puskesmas Bantargadung),ON PROCESS,634920,634920
KAB. SUKABUMI,UPTD PUSKESMAS CIKEMBAR - 1.02.0.00.0.00.01.0060,01KVWTCZDHFBK18FEAMEMTBPBY,67057786,2026,E-Katalog 6.0,BLUD,PIM PHARMACEUTICALS,E-Purchasing,Barang,Belanja Obat-Obatan-Obat Puskesmas Cikembar Tahun 2026,ON PROCESS,273060,273060
KAB. SUKABUMI,DINAS PENDIDIKAN - 1.01.0.00.0.00.01.0000,10878700000,66051986,2026,Non Tender,APBD,CV JAYANTI BERKARYA,Pengadaan Langsung,Pekerjaan Konstruksi,Rehabilitasi Sedang / Berat Ruang Kelas di DAK SDN Selajambe 2  Kec. Cisaat,SELESAI,193291439,193291439
KAB. SUKABUMI,UPTD PUSKESMAS CIEMAS - 1.02.0.00.0.00.01.0024,01KV4H3TG44C7AQ02V7RZ2RBZ6,66069404,2026,E-Katalog 6.0,BLUD,INDO PRIANGAN KATULISTIWA,E-Purchasing,Barang,Pengadaan Belanja Bahan Obat-obatan (BLUD Puskesmas Ciemas),COMPLETED,26052588,26052588
KAB. SUKABUMI,DINAS PENGENDALIAN PENDUDUK DAN KELUARGA BERENCANA - 2.14.0.00.0.00.01.0000,10826923000,65928672,2026,Non Tender,APBD,cv. cipta grha hafara,Pengadaan Langsung,Jasa Konsultansi Badan Usaha Konstruksi,Jasa Konsultan Pengawasan Rehabilitasi Gedung Kantor UPT Dalduk Kecamatan Kalapanunggal,SELESAI,34432200,34432200
KAB. SUKABUMI,UOBK RSUD SEKARWANGI - 1.02.0.00.0.00.01.0002,01KTWQVQTWR4AY7CNEE6AWP6S6,63079700,2026,E-Katalog 6.0,BLUD,GLAXO WELLCOME INDONESIA,E-Purchasing,Barang,Belanja Obat-obatan-Obat,ON PROCESS,6634637,0
KAB. SUKABUMI,UPTD PUSKESMAS CIJANGKAR - 1.02.0.00.0.00.01.0011,01KJ4D204CQ4ZZ1MPMD7DXH3SP,65517345,2026,E-Katalog 6.0,BLUD,HOLIPAH,E-Purchasing,Barang,Belanja Makanan dan minuman pada Fasilitas Pelayanan Urusan Kesehatan -Kudapan (Extra Fooding) harian Petugas PSC/Layad Rawat/Siratu Emas Emas Puskesmas Cijangkar,COMPLETED,1379207,1379207
KAB. SUKABUMI,DINAS PEMADAM KEBAKARAN DAN PENYELAMATAN - 1.05.0.00.0.00.01.0000,01KRXPTNS7X8ANTM7HAG2KX52A,66010519,2026,E-Katalog 6.0,APBD,KARYA PUTRA SUBANGJAYA,E-Purchasing,Jasa Lainnya,Belanja Pemeliharaan Kendaraan Bermotor Khusus (Mobil Pemadam Kebakaran),ON PROCESS,29638110,29638110
KAB. SUKABUMI,DINAS KESEHATAN - 1.02.0.00.0.00.01.0000,01KP0QZ20ETCCD4MJ5Q0ESGXYS,66879939,2026,E-Katalog 6.0,APBD,ZAYIN ZAHIRA,E-Purchasing,Barang,Belanja Alat/Bahan Alat Tulis Kantor dan Logistik Kantor- Penyediaan Bahan Logistik Kantor (PBJT),PAYMENT OUTSIDE SYSTEM,5211006,5211006
KAB. SUKABUMI,DINAS PERHUBUNGAN - 2.15.0.00.0.00.01.0000,01KHT7D4VQZBGS5RF61N19E2V8,64706887,2026,E-Katalog 6.0,APBD,KAFADA KARYA,E-Purchasing,Jasa Lainnya,Pembangunan PJU di Wilayah Kec. Bantargadung dan Warungkiara (37 Titik),PAYMENT OUTSIDE SYSTEM,590155365,590155365
KAB. SUKABUMI,DINAS PERTANIAN - 3.27.2.09.0.00.01.0000,10902476000,63468821,2026,Non Tender,APBD,CV. KARYA TILU SOBAT,Pengadaan Langsung,Pekerjaan Konstruksi,Persediaan Untuk Dijual/Diserahkan Lainnya - Jaringan Irigasi Pertanian Kec. Waluran Desa Mekarmukti Poktan Cigaru,SELESAI,99774900,99774900
KAB. SUKABUMI,UPTD PUSKESMAS WARUNGKIARA - 1.02.0.00.0.00.01.0030,01KTT4ZK68FJT4M4ZQDHZ1JT6M,66149364,2026,E-Katalog 6.0,BLUD,BIOUS INOVASI INDONESIA,E-Purchasing,Barang,Belanja Bahan Medis Habis Pakai Puskesmas Warungkiara,ON PROCESS,5700005,5700005
KAB. SUKABUMI,UOBK RSUD SEKARWANGI - 1.02.0.00.0.00.01.0002,01KEQY3CKHBR60Y16JCVDABYY0,63079700,2026,E-Katalog 6.0,BLUD,KALVENTIS SINERGI FARMA,E-Purchasing,Barang,Belanja Obat-obatan-Obat,ON PROCESS,57602340,0
KAB. SUKABUMI,DINAS KESEHATAN - 1.02.0.00.0.00.01.0000,10892667000,66862168,2026,Non Tender,APBD,CV. Binjay Selatan,Pengadaan Langsung,Pekerjaan Konstruksi,Rehabilitasi Puskesmas Pembantu [Pustu]  Nangela Kec. Tegalbuleud Puskesmas Tegalbuleud,SELESAI,134482000,134482000
KAB. SUKABUMI,DINAS PERTANIAN - 3.27.2.09.0.00.01.0000,10869596000,64123385,2026,Non Tender,APBD,CV. TIGA DUA AMANAH,Pengadaan Langsung,Pekerjaan Konstruksi,Persediaan Untuk Dijual/Diserahkan Lainnya - Pipanisasi Kec. Curugkembar Desa Nagrakjaya Poktan Subur Mukti,SELESAI,184614800,184614800
KAB. SUKABUMI,DINAS PERUMAHAN DAN KAWASAN PERMUKIMAN - 1.03.1.04.2.11.01.0000,10862706000,65763197,2026,Non Tender,APBD,CV. Sumber Kuat,Pengadaan Langsung,Pekerjaan Konstruksi,"Pembangunan Sarana Air Bersih Kp. Tangkil Rw 05 Lebaksari Kecamatan Parakansalak, Kab. Sukabumi",SELESAI,194897026,194897026
KAB. SUKABUMI,DINAS PENDIDIKAN - 1.01.0.00.0.00.01.0000,10875194000,66235367,2026,Non Tender,APBD,CV. SUHEBAR KARYA,Pengadaan Langsung,Pekerjaan Konstruksi,Rehabilitasi Sedang / Berat Ruang Kelas SDN Cijolang  Kec. Cikembar,SELESAI,276031054,276031054
KAB. SUKABUMI,UOBK RSUD SEKARWANGI - 1.02.0.00.0.00.01.0002,01KGPSCHDMNPQTA8B6HS1Y8TRM,63077986,2026,E-Katalog 6.0,BLUD,KALBE FARMA,E-Purchasing,Barang,Belanja Bahan - Bahan Lainnya (BMHP Farmasi),ON PROCESS,30000001,0
KAB. SUKABUMI,DINAS PERIKANAN - 3.25.0.00.0.00.01.0000,10834528000,65386391,2026,Non Tender,APBD,cv. cipta grha hafara,Pengadaan Langsung,Jasa Konsultansi Badan Usaha Konstruksi,Konsultan Pengawas Pembangunan Gudang Aset,SELESAI,10212000,10212000
KAB. SUKABUMI,DINAS PENDIDIKAN - 1.01.0.00.0.00.01.0000,10878632000,66142338,2026,Non Tender,APBD,CV. TRIO MUDA BERKARYA,Pengadaan Langsung,Pekerjaan Konstruksi,Pembanguna Talud SDN Pamoyanan  Kec. Kebonpedes,SELESAI,144873146,144873146
KAB. SUKABUMI,UPTD RSUD SAGARANTEN - 1.02.0.00.0.00.01.0063,10837895000,66972959,2026,Non Tender,APBD,PT WAHANA RIZKY GUMILANG,Pengadaan Langsung,Pengadaan Barang,Belanja Obat-obatan Paket 1 DAU RSUD Sagaranten,SELESAI,161746580,0
KAB. SUKABUMI,UOBK RSUD SEKARWANGI - 1.02.0.00.0.00.01.0002,01KH5XH66VHKJD4Y7FJMA3V3MH,63364381,2026,E-Katalog 6.0,BLUD,KENCANA INSAN MANDIRI,E-Purchasing,Barang,Belanja Alat/Bahan untuk Kegiatan Kantor-Alat Tulis Kantor,ON PROCESS,192283211,192283211
KAB. SUKABUMI,"DINAS KOPERASI, USAHA KECIL DAN MENENGAH - 2.17.0.00.0.00.01.0000",01KGEYZB1V8RXX2RJ9WFKC2ZNK,64961254,2026,E-Katalog 6.0,APBD,NOVA SITI NURMAYANTI,E-Purchasing,Jasa Lainnya,Paper Bag Untuk Kegiatan Event UMKM Luar Daerah,ON PROCESS,7492500,7492500
KAB. SUKABUMI,UPTD PUSKESMAS CIKIDANG - 1.02.0.00.0.00.01.0037,01KK8TB63CD89W90WWJYJHTRBQ,65969365,2026,E-Katalog 6.0,BLUD,ZAYIN ZAHIRA,E-Purchasing,Barang,Belanja Alat/Bahan untuk Kegiatan Kantor-Alat Tulis Kantor UPTD Puskesmas Cikidang,COMPLETED,5663220,5663220
KAB. SUKABUMI,DINAS PERUMAHAN DAN KAWASAN PERMUKIMAN - 1.03.1.04.2.11.01.0000,10817667000,65762911,2026,Non Tender,APBD,PUTRA RAJA BANGUN USAHA,Pengadaan Langsung,Jasa Konsultansi Badan Usaha Konstruksi,DED Gedung Kantor Kecamatan Surade,SELESAI,99094140,99094140
KAB. SUKABUMI,UOBK RSUD SEKARWANGI - 1.02.0.00.0.00.01.0002,01KPN4R66JX760EY4R8F9N1F50,63077986,2026,E-Katalog 6.0,BLUD,ATHA ARUTALA INDONESIA,E-Purchasing,Barang,Belanja Bahan - Bahan Lainnya (BMHP Farmasi),ON PROCESS,69763500,69763500
KAB. SUKABUMI,DINAS PERUMAHAN DAN KAWASAN PERMUKIMAN - 1.03.1.04.2.11.01.0000,10931249000,65763196,2026,Non Tender,APBD,CV. DIAN KARTA,Pengadaan Langsung,Pekerjaan Konstruksi,"Pembangunan Sarana Air Bersih Kp. Rancareunghas Rt.02 Rw. 09 Desa Cidadq[ Kecamatan Simpenan, Kab. Sukabumi",BERLANGSUNG,194799724,194799724
KAB. SUKABUMI,UPTD PUSKESMAS CISAAT - 1.02.0.00.0.00.01.0053,01KHT21X1HA5A9TBG12W7H35EA,65843835,2026,E-Katalog 6.0,BLUD,RAJA ALKES MEDIKA,E-Purchasing,Barang,Belanja Modal Pengadaan Peralatan dan Mesin - Pengadaan Alat Kedokteran Umum Puskesmas Cisaat TA. 2026,COMPLETED,271950,0
KAB. SUKABUMI,DINAS PERIKANAN - 3.25.0.00.0.00.01.0000,10808959000,65782688,2026,Non Tender,APBD,Cv. Harmoni karya,Pengadaan Langsung,Jasa Konsultansi Badan Usaha Konstruksi,Konsultan Pengawas Pemeliharaan IPAL,SELESAI,2886000,2886000
KAB. SUKABUMI,UPTD PUSKESMAS BOJONGGENTENG - 1.02.0.00.0.00.01.0040,01KVZ1SXN9BFRDHJNW316MF5SP,65549461,2026,E-Katalog 6.0,BLUD,SATU MEDIKA PRATAMA,E-Purchasing,Barang,Belanja Bahan Obat - Obatan,ON PROCESS,2064600,2064600
KAB. SUKABUMI,DINAS PERUMAHAN DAN KAWASAN PERMUKIMAN - 1.03.1.04.2.11.01.0000,01KT72V4F2A46NH0Z30JBZZDX0,66589484,2026,E-Katalog 6.0,APBD,SADULUR SAJATI,E-Purchasing,Barang,Pengadaan Barang Cetakan,ON PROCESS,33133500,33133500
KAB. SUKABUMI,DINAS PEMBERDAYAAN MASYARAKAT DAN DESA - 2.13.0.00.0.00.01.0000,01KVD0PMV6743ZWEVQ4W5DZ3MV,67279032,2026,E-Katalog 6.0,APBD,HADIL MAHASIN,E-Purchasing,Barang,Belanja Modal Personal Computer  ,ON PROCESS,12487500,0
KAB. SUKABUMI,UPTD PUSKESMAS JAMPANGKULON - 1.02.0.00.0.00.01.0027,01KSH57FDQ7FZR31C472R95MYE,65603873,2026,E-Katalog 6.0,BLUD,INDO PRIANGAN KATULISTIWA,E-Purchasing,Barang,Belanja Obat - Obatan Lainnya - BLUD Puskesmas Jampangkulon,ON PROCESS,1154400,1154400
KAB. SUKABUMI,DINAS PENANAMAN MODAL DAN PELAYANAN TERPADU SATU PINTU - 2.18.0.00.0.00.01.0000,10816681000,64495595,2026,Non Tender,APBD,cv. sadulur sajati,Pengadaan Langsung,Pengadaan Barang,Belanja Cetakan,SELESAI,50205000,0
KAB. SUKABUMI,DINAS PENDIDIKAN - 1.01.0.00.0.00.01.0000,10886007000,67207356,2026,Non Tender,APBD,CV. NAYRA CAHAYA KONSTRUKSI,Pengadaan Langsung,Pekerjaan Konstruksi,Penataan Halaman Sdn Kawungluwuk Kec Simpenan,SELESAI,149144742,149144742
KAB. SUKABUMI,UPTD PUSKESMAS WARUNGKIARA - 1.02.0.00.0.00.01.0030,01KV4HR176H300ZDAJDNGTQ2N3,66149129,2026,E-Katalog 6.0,BLUD,INDO PRIANGAN KATULISTIWA,E-Purchasing,Barang,Belanja Obat-Obatan Puskesmas Warungkiara,ON PROCESS,1554000,1554000
KAB. SUKABUMI,BADAN PENDAPATAN DAERAH - 5.02.0.00.0.00.02.0000,10767536000,64906946,2026,Non Tender,APBD,CV. Arkasa Putra Pratama,Pengadaan Langsung,Jasa Lainnya,Belanja Alat/Bahan untuk Kegiatan Kantor-Alat Tulis Kantor  - Roll Banner,SELESAI,51100000,51100000
KAB. SUKABUMI,DINAS PERTANIAN - 3.27.2.09.0.00.01.0000,10819641000,63468863,2026,Non Tender,APBD,CV. Berkah Bumi Parahyangan,Pengadaan Langsung,Pekerjaan Konstruksi,Persediaan Untuk Dijual/Diserahkan Lainnya - Jaringan Irigasi Pertanian Kec. Curugkembar Desa Curugkembar Poktan Ciparay,SELESAI,184534029,184534029
KAB. SUKABUMI,DINAS PERIKANAN - 3.25.0.00.0.00.01.0000,10782857000,65782773,2026,Non Tender,APBD,Tri Putra Mandiri Consultant,Pengadaan Langsung,Jasa Konsultansi Badan Usaha Konstruksi,Konsultan Perencana Pemeliharaan IPAL,SELESAI,6016200,6016200
KAB. SUKABUMI,UOBK RSUD SEKARWANGI - 1.02.0.00.0.00.01.0002,01KPQFC6PYHP014NHGHW1RAG51,63079700,2026,E-Katalog 6.0,BLUD,MERCK,E-Purchasing,Barang,Belanja Obat-obatan-Obat,ON PROCESS,2029080,2029080
KAB. SUKABUMI,UOBK RSUD SEKARWANGI - 1.02.0.00.0.00.01.0002,01KFD486W1S5NTN4QV98N4K4FA,63077986,2026,E-Katalog 6.0,BLUD,ENSEVAL MEDIKA PRIMA,E-Purchasing,Barang,Belanja Bahan - Bahan Lainnya (BMHP Farmasi),ON PROCESS,5999994,5999994
KAB. SUKABUMI,DINAS PERUMAHAN DAN KAWASAN PERMUKIMAN - 1.03.1.04.2.11.01.0000,10827821000,65761363,2026,Non Tender,APBD,CKC,Pengadaan Langsung,Pekerjaan Konstruksi,Jalan Lingkungan Kp. Lembur Kolot Rw. 05 Desa Tenjoayu Kecamatan Cicurug Kab. Sukabumi,SELESAI,192060588,192060588
KAB. SUKABUMI,SATUAN POLISI PAMONG PRAJA - 1.05.0.00.0.00.03.0000,01KN158ZHNA63Y4DCTEC05Z2N2,64955790,2026,E-Katalog 6.0,APBD,SODARA BERSAMA,E-Purchasing,Barang,Belanja Kertas dan Cover,ON PROCESS,1193250,1193250
KAB. SUKABUMI,UOBK RSUD SEKARWANGI - 1.02.0.00.0.00.01.0002,01KRCZA8SE9PSV7X45STNSS6X9,63079700,2026,E-Katalog 6.0,BLUD,MAHAKAM BETA FARMA,E-Purchasing,Barang,Belanja Obat-obatan-Obat,ON PROCESS,35100864,35100864
KAB. SUKABUMI,UPTD PUSKESMAS SIMPENAN - 1.02.0.00.0.00.01.0033,01KRWHNZNP0FC836397VT1YFRS,66944526,2026,E-Katalog 6.0,BLUD,TIARA AGUNG PRATAMA,E-Purchasing,Barang,Belanja Obat-Obatan-Obat-Obatan BMHP Laboratorium dan Gigi,ON PROCESS,34389701,34389701
KAB. SUKABUMI,DINAS PEKERJAAN UMUM - 1.03.0.00.0.00.01.0000,01KV9QK9V20F1XRDASEVEFVQYX,67311363,2026,E-Katalog 6.0,APBD,SIAP KERJA PRATAMA,E-Purchasing,Jasa Lainnya,Fasilitasi Sertifikasi Tenaga Kerja Konstruksi Kualifikasi Jabatan Operator dan Teknisi atau Analis Jenjang 2,ON PROCESS,52500000,52500000
KAB. SUKABUMI,UOBK RSUD PALABUHANRATU - 1.02.0.00.0.00.01.0001,01KTTCYSN0AFA5GSS3A5Z8ZM0N,64689563,2026,E-Katalog 6.0,BLUD,CARELL MITRA SEJUK,E-Purchasing,Barang,Belanja Modal Alat Pendingin,ON PROCESS,99900000,0
KAB. SUKABUMI,DINAS LINGKUNGAN HIDUP - 2.11.1.03.0.00.01.0000,01KFMJC8JBP3V67DWRT386F99F,63397490,2026,E-Katalog 6.0,APBD,INDOTECH SAINS INTI,E-Purchasing,Barang,Belanja Modal Alat Laboratorium Lingkungan Hidup Lainnya,ON PROCESS,397990500,0
KAB. SUKABUMI,"DINAS KEBUDAYAAN, PEMUDA DAN OLAHRAGA - 2.22.2.19.0.00.01.0000",01KPQSYW72GNEV36FKX0ZKPHJY,66972870,2026,E-Katalog 6.0,APBD,HADIL MAHASIN,E-Purchasing,Barang,"Pengadaan Kertas, Tinta dan Alat Tulis Kantor ",ON PROCESS,21366390,21366390
KAB. SUKABUMI,DINAS PERUMAHAN DAN KAWASAN PERMUKIMAN - 1.03.1.04.2.11.01.0000,10834299000,65763038,2026,Non Tender,APBD,FELLICIA RAHAYU KONSTRUKSI,Pengadaan Langsung,Pekerjaan Konstruksi,Drainase Kp. Sukamantri Rt 016/006 Dusun Sukamantri Desa Kalapanunggal Kecamatan Kalapanunggal Kab. Sukabumi,SELESAI,95560787,95560787
KAB. SUKABUMI,DINAS PERUMAHAN DAN KAWASAN PERMUKIMAN - 1.03.1.04.2.11.01.0000,10914683000,67328715,2026,Non Tender,APBD,CV. BERKAH KONSTRUKSI,Pengadaan Langsung,Pekerjaan Konstruksi,Jalan Lingkungan Kecamatan Cicurug Desa Caringin Rt001-Rw004,SELESAI,192473863,192473863
KAB. SUKABUMI,UPTD PUSKESMAS JAMPANGKULON - 1.02.0.00.0.00.01.0027,01KRYX2B3P8ADB2TAEBRCE5RJ7,65602152,2026,E-Katalog 6.0,BLUD,PHAPROS,E-Purchasing,Barang,Belanja Bahan Obat-obatan - BLUD Puskesmas Jampangkulon ,ON PROCESS,2032965,2032965
KAB. SUKABUMI,UOBK RSUD SEKARWANGI - 1.02.0.00.0.00.01.0002,01KK8CC6JM8NXKQ2YVCWZ90PZF,63079700,2026,E-Katalog 6.0,BLUD,LAPI LABORATORIES,E-Purchasing,Barang,Belanja Obat-obatan-Obat,ON PROCESS,5574420,5574420
KAB. SUKABUMI,UOBK RSUD SEKARWANGI - 1.02.0.00.0.00.01.0002,01KHT9ZJPZ65B8XNQ3AG6ZVSCS,63341595,2026,E-Katalog 6.0,BLUD,AMANAH SUKSES MAKMUR,E-Purchasing,Barang,Belanja Bahan-Bahan Lainnya (Alat dan Bahan Pembersih),ON PROCESS,99765421,99765421
KAB. SUKABUMI,SATUAN POLISI PAMONG PRAJA - 1.05.0.00.0.00.03.0000,01KN16YBQSQF49WFTCACJ7EFQS,64955789,2026,E-Katalog 6.0,APBD,SODARA BERSAMA,E-Purchasing,Jasa Lainnya,Belanja Barang Cetakan dan Penggandaan,ON PROCESS,32302110,32302110
KAB. SUKABUMI,DINAS PENDIDIKAN - 1.01.0.00.0.00.01.0000,10898784000,66051948,2026,Non Tender,APBD,CV. Berkah Bumi Parahyangan,Pengadaan Langsung,Pekerjaan Konstruksi,Rehabilitasi Sedang / Berat Ruang Kelas SDN Ciloa  Kec. Ciemas,SELESAI,136750000,136750000
KAB. SUKABUMI,UPTD PUSKESMAS NAGRAK - 1.02.0.00.0.00.01.0048,01KRG21VAZXVZ1R0RHW22N82ZP,65362722,2026,E-Katalog 6.0,BLUD,CIPTA MEDIKA SEMPURNA,E-Purchasing,Barang,belanja barang pakai habis- belanja obat-obatan-obat lainnya,COMPLETED,1522254,0
KAB. SUKABUMI,UOBK RSUD SEKARWANGI - 1.02.0.00.0.00.01.0002,01KP3AF557A8DN04BC27DC55AC,63077986,2026,E-Katalog 6.0,BLUD,DWIASRI GRAHA,E-Purchasing,Barang,Belanja Bahan - Bahan Lainnya (BMHP Farmasi),ON PROCESS,10282227,10282227
KAB. SUKABUMI,UOBK RSUD SEKARWANGI - 1.02.0.00.0.00.01.0002,01KK0HY1EN1M064Z056WA8AEZJ,66246341,2026,E-Katalog 6.0,APBN,PHAPROS,E-Purchasing,Jasa Lainnya,Belanja Sewa,ON PROCESS,22999200,22999200
KAB. SUKABUMI,UPTD PUSKESMAS CIDAHU - 1.02.0.00.0.00.01.0043,01KHJ904DPBHZ0S7VZQGVTE0SW,65441992,2026,E-Katalog 6.0,BLUD,WIZAR JAYA ABADI,E-Purchasing,Barang,Belanja Modal Personal Komputer puskesmas cidahu,PAYMENT OUTSIDE SYSTEM,8547000,8547000
KAB. SUKABUMI,UPTD PUSKESMAS BANTARGADUNG - 1.02.0.00.0.00.01.0031,01KV9QZEQ1GHN9DN3EGZA2J32T,66286510,2026,E-Katalog 6.0,BLUD,NOVAPHARIN,E-Purchasing,Barang,Belanja bahan obat-obatan (Puskesmas Bantargadung),ON PROCESS,4639800,4639800
KAB. SUKABUMI,UPTD PUSKESMAS SIMPENAN - 1.02.0.00.0.00.01.0033,01KPSGM7N8YD9K9NBC9S41NMK4,65189858,2026,E-Katalog 6.0,BLUD,ETERNITY RAMA MEDIKA,E-Purchasing,Barang,Belanja Obat-Obatan-Obat-Obatan Lainnya (BHP) Puskesmas Simpenan,COMPLETED,42932580,42932580
KAB. SUKABUMI,DINAS PENDIDIKAN - 1.01.0.00.0.00.01.0000,10884740000,66269042,2026,Non Tender,APBD,CV. RAYA BERLIANS,Pengadaan Langsung,Pekerjaan Konstruksi,Rehabilitasi Sedang / Berat Ruang Kelas SDN Wangunreja  Kec. Nyalindung,SELESAI,138763600,138763600
KAB. SUKABUMI,DINAS PERDAGANGAN DAN PERINDUSTRIAN - 3.31.3.29.3.30.01.0000,10897441000,66547624,2026,Non Tender,APBD,PT. JEMBAR SARASA WICAKSANA,Pengadaan Langsung,Jasa Konsultansi Badan Usaha Non Konstruksi,Belanja Jasa pembuatan Studi Kelayakan pemanfaatan langsung panas bumi di Kecamatan Cisolok,SELESAI,98262750,98262750
KAB. SUKABUMI,UOBK RSUD PALABUHANRATU - 1.02.0.00.0.00.01.0001,01KJHAQ29FD9VB4Y0WV0CZSA4A,64613160,2026,E-Katalog 6.0,BLUD,MITRA UTAMA ALKESMED,E-Purchasing,Barang,Belanja Bahan/Alat Medis Pakai Habis (BMHP) Farmasi,ON PROCESS,1950004,0
KAB. SUKABUMI,DINAS PEKERJAAN UMUM - 1.03.0.00.0.00.01.0000,10916547000,66760832,2026,Non Tender,APBD,BYANKARYA,Pengadaan Langsung,Pekerjaan Konstruksi,Ruas Jalan Paltilu - Tamanjaya Kecamatan Simpenan,SELESAI,373630589,373630589
KAB. SUKABUMI,DINAS PERDAGANGAN DAN PERINDUSTRIAN - 3.31.3.29.3.30.01.0000,10767952000,64878779,2026,Non Tender,APBD,CV. ALUN UTAMA,Pengadaan Langsung,Pengadaan Barang,Belanja Modal Drone Sarana dan Prasarana Pengawasan Manifestasi Panas Bumi,SELESAI,20257500,20257500
KAB. SUKABUMI,UPTD RSUD SAGARANTEN - 1.02.0.00.0.00.01.0063,01KR0G5Y6WJ93Y89XJTPVF1T48,66641747,2026,E-Katalog 6.0,APBD,PUTRA KARYA SENTOSA,E-Purchasing,Barang,Belanja Obat-Obatan DAU SG RSUD Sagaranten,ON PROCESS,219131760,219131760
KAB. SUKABUMI,DINAS PERHUBUNGAN - 2.15.0.00.0.00.01.0000,01KH801ZQ1XWNH03FEK7MB82Z9,64706878,2026,E-Katalog 6.0,APBD,BINA JASA,E-Purchasing,Jasa Lainnya,Pembangunan PJU di Wilayah Kec. Sukaraja dan Gegerbitung (31 Titik),ON PROCESS,494450000,494450000
KAB. SUKABUMI,UOBK RSUD SEKARWANGI - 1.02.0.00.0.00.01.0002,01KRWDDACYAFENJPF2AK5WRR27,63079700,2026,E-Katalog 6.0,BLUD,FERRON PAR PHARMACEUTICALS,E-Purchasing,Barang,Belanja Obat-obatan-Obat,ON PROCESS,38366417,38366417
KAB. SUKABUMI,UOBK RSUD SEKARWANGI - 1.02.0.00.0.00.01.0002,01KTBVTMGNQBXBDEC20Y2XXCXZ,63079700,2026,E-Katalog 6.0,BLUD,OTSUKA INDONESIA,E-Purchasing,Barang,Belanja Obat-obatan-Obat,ON PROCESS,23688044,23688044
KAB. SUKABUMI,DINAS PENDIDIKAN - 1.01.0.00.0.00.01.0000,01KJWR9N5NR10A6QDFPN14VK9B,66036506,2026,E-Katalog 6.0,APBD,ARKASA PUTRA PRATAMA,E-Purchasing,Barang,Pengadaan Mebel SD Wilayah Utara,ON PROCESS,495504000,495504000
KAB. SUKABUMI,UOBK RSUD SEKARWANGI - 1.02.0.00.0.00.01.0002,01KMHZTFM9XX3V03KP4QJSR8T7,63079700,2026,E-Katalog 6.0,BLUD,YARINDO FARMATAMA,E-Purchasing,Barang,Belanja Obat-obatan-Obat,ON PROCESS,2879784,2879784
KAB. SUKABUMI,DINAS PERUMAHAN DAN KAWASAN PERMUKIMAN - 1.03.1.04.2.11.01.0000,10914476000,65763142,2026,Non Tender,APBD,CV. DIAN KARTA,Pengadaan Langsung,Pekerjaan Konstruksi,Pembangunan Sarana Air Bersih Desa Pawenang,SELESAI,145979645,145979645
KAB. SUKABUMI,DINAS PERHUBUNGAN - 2.15.0.00.0.00.01.0000,01KHXACKGNCKZVGM519MNYDM9C,64706794,2026,E-Katalog 6.0,APBD,BUNGSU PUTRA KONTRUKSI,E-Purchasing,Jasa Lainnya,Pembangunan PJU di Wilayah Kec. Cikakak dan Cisolok (37 Titik),PAYMENT OUTSIDE SYSTEM,590175900,590175900
KAB. SUKABUMI,UOBK RSUD PALABUHANRATU - 1.02.0.00.0.00.01.0001,01KJDB4TWCE0TWWWVENYTPH05W,64622587,2026,E-Katalog 6.0,BLUD,PRATAPA NIRMALA,E-Purchasing,Barang,Belanja Obat - Obatan,ON PROCESS,10509780,10509780
KAB. SUKABUMI,UOBK RSUD SEKARWANGI - 1.02.0.00.0.00.01.0002,01KFWS3NNBRFZE87RAZFJ6640Z,63079700,2026,E-Katalog 6.0,BLUD,YARINDO FARMATAMA,E-Purchasing,Barang,Belanja Obat-obatan-Obat,ON PROCESS,5044950,5044950
KAB. SUKABUMI,DINAS PERIKANAN - 3.25.0.00.0.00.01.0000,10794263000,64726156,2026,Non Tender,APBD,Tri Putra Mandiri Consultant,Pengadaan Langsung,Jasa Konsultansi Badan Usaha Konstruksi,Konsultan Perencanaan Rehabilitasi Pasar Ikan Cibaraja,SELESAI,29526000,29526000
KAB. SUKABUMI,UOBK RSUD PALABUHANRATU - 1.02.0.00.0.00.01.0001,01K9F5NK064ZZGAQFHH5DTWNEN,64634432,2026,E-Katalog 6.0,BLUD,PESONA KARYA SEMESTA,E-Purchasing,Barang,Belanja Alat/Bahan Cetak Rekam Medis,ON PROCESS,113220278,113220278
KAB. SUKABUMI,UPTD PUSKESMAS BOJONGGENTENG - 1.02.0.00.0.00.01.0040,01KQ9JE9WGZ5WH1JEYKHJGDCWY,65549461,2026,E-Katalog 6.0,BLUD,AFLAH MEDIKA SENTOSA,E-Purchasing,Barang,Belanja Bahan Obat - Obatan,PAYMENT OUTSIDE SYSTEM,7935279,7935279
KAB. SUKABUMI,DINAS PENANAMAN MODAL DAN PELAYANAN TERPADU SATU PINTU - 2.18.0.00.0.00.01.0000,01KNP3ZJWCR3D8E1QGJ86E38TB,66825589,2026,E-Katalog 6.0,APBD,ARRAHMAN BERKAH ABADI,E-Purchasing,Barang,Belanja Alat Tulis Kantor (ATK),ON PROCESS,71647725,71647725
KAB. SUKABUMI,DINAS PEKERJAAN UMUM - 1.03.0.00.0.00.01.0000,10829954000,65082481,2026,Non Tender,APBD,PT. CAHAYA ABADI KONSULTINDO,Pengadaan Langsung,Jasa Konsultansi Badan Usaha Non Konstruksi,DED Perencanaan Rehabilitasi Kantor,SELESAI,99567000,99567000
KAB. SUKABUMI,UPTD PUSKESMAS KALIBUNDER - 1.02.0.00.0.00.01.0028,01KKDQ55AZ6AHHGWAH0T16CWEA,65601628,2026,E-Katalog 6.0,BLUD,GLOBAL MULTI PHARMALAB,E-Purchasing,Barang,Belanja Obat-Obatan-Obat Puskesmas Kalibunder Tahun 2026,ON PROCESS,1794038,1794038
KAB. SUKABUMI,DINAS PERTANIAN - 3.27.2.09.0.00.01.0000,10843684000,63468796,2026,Non Tender,APBD,CV. TRIO MUDA BERKARYA,Pengadaan Langsung,Pekerjaan Konstruksi,Persediaan Untuk Dijual/Diserahkan Lainnya - Jaringan Irigasi Pertanian Kec. Surade Desa Buniwangi Poktan Samudra Tani Mekar,SELESAI,231066178,231066178
KAB. SUKABUMI,UOBK RSUD SEKARWANGI - 1.02.0.00.0.00.01.0002,01KTWZRC18GQEY6S5H7H24G55F,63079700,2026,E-Katalog 6.0,BLUD,MAHAKAM BETA FARMA,E-Purchasing,Barang,Belanja Obat-obatan-Obat,ON PROCESS,44341170,44341170
KAB. SUKABUMI,SEKRETARIAT DAERAH - 4.01.0.00.0.00.01.0000,10821836000,66265245,2026,Non Tender,APBD,HADIL MAHASIN,Pengadaan Langsung,Pengadaan Barang,Belanja Alat/Bahan untuk Kegiatan Kantor-Alat/Bahan Kebersihan,SELESAI,179730000,179730000
KAB. SUKABUMI,UPTD PUSKESMAS BOJONGGENTENG - 1.02.0.00.0.00.01.0040,01KKJPB99BSP3NBWJZ7894B78J,66465327,2026,E-Katalog 6.0,APBN,BERNOFARM,E-Purchasing,Jasa Lainnya,Pemeliharaan Inventaris Kantor,PAYMENT OUTSIDE SYSTEM,3649014,3649014
KAB. SUKABUMI,DINAS PERUMAHAN DAN KAWASAN PERMUKIMAN - 1.03.1.04.2.11.01.0000,10884940000,67212169,2026,Non Tender,APBD,CV. INAYA MULYA SELARAS,Pengadaan Langsung,Pekerjaan Konstruksi,Jaling RT07 Rw 03 Desa Cijalingan Kec Cicantayan,SELESAI,191890652,191890652
KAB. SUKABUMI,DINAS PEKERJAAN UMUM - 1.03.0.00.0.00.01.0000,10916501000,66757432,2026,Non Tender,APBD,cv muhazzab fauzi mandiri,Pengadaan Langsung,Pekerjaan Konstruksi,Ruas Jalan Babakan - Cipeundeuy Kecamatan Gunungguruh,SELESAI,372056776,372056776
KAB. SUKABUMI,UPTD PUSKESMAS KADUDAMPIT - 1.02.0.00.0.00.01.0056,01KS77VSWDETBRH0Y97NABRHCR,66672008,2026,E-Katalog 6.0,BLUD,ZAYIN ZAHIRA,E-Purchasing,Barang,Belanja Alat/Bahan untuk Kegiatan Kantor-Perabot Kantor (bahan dan alat kebersihan) puskesmas kadudampit,COMPLETED,3219000,3219000
KAB. SUKABUMI,UPTD PUSKESMAS CIKIDANG - 1.02.0.00.0.00.01.0037,01KTDKMKJTRNGZ4SSS5163HMY3,66022126,2026,E-Katalog 6.0,BLUD,ZOLA KARYA PUTRA,E-Purchasing,Barang,Belanja Modal Alat Kantor Lainnya UPTD Puskesmas Cikidang,COMPLETED,11544000,11544000
KAB. SUKABUMI,DINAS PERTANIAN - 3.27.2.09.0.00.01.0000,10866139000,63468735,2026,Non Tender,APBD,CV. Berebet Jaya,Pengadaan Langsung,Pekerjaan Konstruksi,Persediaan Untuk Dijual/Diserahkan Lainnya - Jaringan Irigasi Pertanian Kec. Jampang Kulon Desa Nagraksari Poktan Gunung Larang,SELESAI,74722638,74722638
KAB. SUKABUMI,DINAS PENDIDIKAN - 1.01.0.00.0.00.01.0000,10898806000,66052867,2026,Non Tender,APBD,ANUGRAH CIPTA CONSULTANT,Pengadaan Langsung,Jasa Konsultansi Badan Usaha Konstruksi,Jasa Konsultan Pengawasan Rehabilitasi Sedang / Berat Ruang Kelas SD Wilayah 2,SELESAI,39900000,39900000
KAB. SUKABUMI,DINAS PERDAGANGAN DAN PERINDUSTRIAN - 3.31.3.29.3.30.01.0000,10785467000,65873055,2026,Non Tender,APBD,CV. KENJIB JAYA BERSAMA,Pengadaan Langsung,Pengadaan Barang,Belanja Tv Kantor Disdagin,SELESAI,46600000,46600000
KAB. SUKABUMI,UOBK RSUD SEKARWANGI - 1.02.0.00.0.00.01.0002,01KGPG0TEMBQMC1DAM6BX0DGEW,63079700,2026,E-Katalog 6.0,BLUD,COMBIPHAR,E-Purchasing,Barang,Belanja Obat-obatan-Obat,ON PROCESS,25999996,0
KAB. SUKABUMI,UPTD PUSKESMAS CISAAT - 1.02.0.00.0.00.01.0053,01KJ6VWXW957QF2GTYW178GTMF,64684476,2026,E-Katalog 6.0,BLUD,ARRAHMAN BERKAH ABADI,E-Purchasing,Barang,Belanja Alat Tulis Kantor Puskesmas Cisaat TA. 2026,COMPLETED,15600784,15600784
KAB. SUKABUMI,UPTD PUSKESMAS WARUNGKIARA - 1.02.0.00.0.00.01.0030,01KNGBMKYH5V19RQ14KWQWCRPA,66149129,2026,E-Katalog 6.0,BLUD,INDO PRIANGAN KATULISTIWA,E-Purchasing,Barang,Belanja Obat-Obatan Puskesmas Warungkiara,ON PROCESS,13974789,13974789
KAB. SUKABUMI,DINAS PERHUBUNGAN - 2.15.0.00.0.00.01.0000,01KJETMYR2PB3T2645F8ABY9K3,64706818,2026,E-Katalog 6.0,APBD,TRISOLAH SUVARNA INDONESIA,E-Purchasing,Jasa Lainnya,Pembangunan PJU di Wilayah Kec. Sukalarang (24 Titik),ON PROCESS,383039990,383039990
KAB. SUKABUMI,DINAS KEPENDUDUKAN DAN PENCATATAN SIPIL - 2.12.0.00.0.00.01.0000,01KJSAQQQFAPD8E04YSJEC6KMZ,64091342,2026,E-Katalog 6.0,APBD,RUSYDA,E-Purchasing,Jasa Lainnya,Belanja Kantong Plastik Arsip Berkas Pelayanan Adminduk,ON PROCESS,63250426,63250426
KAB. SUKABUMI,UOBK RSUD PALABUHANRATU - 1.02.0.00.0.00.01.0001,01KBVTFKFYXTNT8RGX9E792EH5,64785833,2026,E-Katalog 6.0,BLUD,ZAHRA BERKAH MANDIRI,E-Purchasing,Barang,Belanja Peralatan Kebersihan dan Bahan Pembersih,PAYMENT OUTSIDE SYSTEM,14708610,14708610
KAB. SUKABUMI,DINAS PERTANIAN - 3.27.2.09.0.00.01.0000,10851048000,63841726,2026,Non Tender,APBD,CV. GLOBAL PUTRA SEMBILAN,Pengadaan Langsung,Pekerjaan Konstruksi,Belanja Modal Pagar (Pagar Belakang Gedung Negara),SELESAI,71044164,71044164
KAB. SUKABUMI,DINAS PERUMAHAN DAN KAWASAN PERMUKIMAN - 1.03.1.04.2.11.01.0000,10932637000,65763181,2026,Non Tender,APBD,CV JAYA HARUMAN,Pengadaan Langsung,Pekerjaan Konstruksi,Pembangunan Sarana Air Bersih Kp. Cijolang Rt.004 Rw.006 Desa Parakanlima Kec.Cikembar,BERLANGSUNG,194618412,194618412
KAB. SUKABUMI,DINAS PENDIDIKAN - 1.01.0.00.0.00.01.0000,10884908000,66053460,2026,Non Tender,APBD,cv. cipta grha hafara,Pengadaan Langsung,Jasa Konsultansi Badan Usaha Konstruksi,"Jasa Konsultan Pengawasan Pembangunan Sarana,Prasarana dan Utilitas Sekolah Wilayah 1",SELESAI,27086250,27086250
KAB. SUKABUMI,UOBK RSUD SEKARWANGI - 1.02.0.00.0.00.01.0002,01KMZEZP26RB1M459CFRQ3FD1K,63077986,2026,E-Katalog 6.0,BLUD,TOP-POINT MEDICAL,E-Purchasing,Barang,Belanja Bahan - Bahan Lainnya (BMHP Farmasi),ON PROCESS,12855576,12855576
KAB. SUKABUMI,UOBK RSUD PALABUHANRATU - 1.02.0.00.0.00.01.0001,01KC6NBM184A5JQ0768MK7Q1G2,64622587,2026,E-Katalog 6.0,BLUD,MAHAKAM BETA FARMA,E-Purchasing,Barang,Belanja Obat - Obatan,ON PROCESS,58844874,58844874
KAB. SUKABUMI,DINAS SOSIAL - 1.06.0.00.0.00.01.0000,01KHJY3QER57AMXZEHKYQDKGDG,64968066,2026,E-Katalog 6.0,APBD,WIKAN,E-Purchasing,Barang,Pengadaan Cetakan Stiker Hologram Penerima Bantuan Sosial PBI APBD,ON PROCESS,737664375,737664375
KAB. SUKABUMI,UOBK RSUD SEKARWANGI - 1.02.0.00.0.00.01.0002,01KK8D4520ZWQYVT6QZB1ZK6XD,63079700,2026,E-Katalog 6.0,BLUD,PERUSAHAAN PERSEROAN (PERSERO) PT KIMIA FARMA,E-Purchasing,Barang,Belanja Obat-obatan-Obat,ON PROCESS,3157950,3157950
KAB. SUKABUMI,DINAS ARSIP DAN PERPUSTAKAAN - 2.24.2.23.0.00.01.0000,01KHB18C184QY5N5PBTQ8M3A0Z,63947973,2026,E-Katalog 6.0,APBD,SADULUR SAJATI,E-Purchasing,Barang,Belanja Alat/Bahan untuk Kegiatan Kantor- Bahan Cetak,PAYMENT OUTSIDE SYSTEM,20366835,20366835
KAB. SUKABUMI,DINAS PENGENDALIAN PENDUDUK DAN KELUARGA BERENCANA - 2.14.0.00.0.00.01.0000,10811317000,65928891,2026,Non Tender,APBD,Cv. Harmoni karya,Pengadaan Langsung,Jasa Konsultansi Badan Usaha Konstruksi,Jasa Konsultan Pengawasan Rehabilitasi Gedung Kantor UPT Dalduk Kecamatan Pabuaran,SELESAI,18648000,18648000
KAB. SUKABUMI,DINAS LINGKUNGAN HIDUP - 2.11.1.03.0.00.01.0000,01KMQ5DEA5RAZRQ8GTTVPNPCXH,66212407,2026,E-Katalog 6.0,APBD,VISUAL PUTRA GEMILANG,E-Purchasing,Barang,Belanja Alat/Bahan untuk Kegiatan Kantor- Suvenir/Cendera Mata,PAYMENT OUTSIDE SYSTEM,8658000,8658000
KAB. SUKABUMI,UPTD PUSKESMAS BANTARGADUNG - 1.02.0.00.0.00.01.0031,01KTDB7JGFMB5T5DS41KK3177Q,66286510,2026,E-Katalog 6.0,BLUD,PERUSAHAAN PERSEROAN (PERSERO) PT KIMIA FARMA,E-Purchasing,Barang,Belanja bahan obat-obatan (Puskesmas Bantargadung),ON PROCESS,325008,325008
KAB. SUKABUMI,UPTD PUSKESMAS CIAMBAR - 1.02.0.00.0.00.01.0046,01KTDFRCE093HZPA8PBJKPGETS,65741360,2026,E-Katalog 6.0,BLUD,INDO ALTON PERKASA,E-Purchasing,Barang,Belanja BHP Medis,ON PROCESS,3492121,3492121
KAB. SUKABUMI,UPTD PUSKESMAS BOJONGGENTENG - 1.02.0.00.0.00.01.0040,01KRACYJ5GED3C5C9F4E07YGVZ,65549461,2026,E-Katalog 6.0,BLUD,IMFARMIND FARMASI INDUSTRI,E-Purchasing,Barang,Belanja Bahan Obat - Obatan,COMPLETED,2175600,2175600
KAB. SUKABUMI,UPTD PUSKESMAS PURABAYA - 1.02.0.00.0.00.01.0012,01KKDF3XN16PRA1XW0JYAB1H8B,66326199,2026,E-Katalog 6.0,BLUD,KENANGA UTAMA PERMAI,E-Purchasing,Barang,Belanja Pengadaan Obat-obatan Lainnya (BMHP) UPTD Puskesmas Purabaya ,PAYMENT OUTSIDE SYSTEM,1995780,0
KAB. SUKABUMI,DINAS PERHUBUNGAN - 2.15.0.00.0.00.01.0000,10772570000,64733268,2026,Non Tender,APBD,planaconspratama,Pengadaan Langsung,Jasa Konsultansi Badan Usaha Konstruksi,Konsultasi Perencanaan,SELESAI,13450000,13450000
KAB. SUKABUMI,BADAN KEPEGAWAIAN DAN PENGEMBANGAN SUMBER DAYA MANUSIA - 5.03.5.04.0.00.01.0000,01KGGMPMDNMEZRRQ21E43Y6QYF,63543644,2026,E-Katalog 6.0,APBD,EDRA AUSI AKBAR,E-Purchasing,Jasa Lainnya,Belanja Jamuan Peserta/Panitia Desk Penyelesaian Input/Verifikasi Data PPPK Paruh Waktu ke dalam SIMPEG,PAYMENT OUTSIDE SYSTEM,17195000,17195000
KAB. SUKABUMI,DINAS PERHUBUNGAN - 2.15.0.00.0.00.01.0000,01KH9CMQWS811CGCHV98CH4RPV,64706808,2026,E-Katalog 6.0,APBD,MARGATAMA,E-Purchasing,Jasa Konsultansi,Pembangunan PJU di Wilayah Desa Cimangkok Kecamatan Sukalarang (12 Titik),ON PROCESS,191142000,191142000
KAB. SUKABUMI,UOBK RSUD SEKARWANGI - 1.02.0.00.0.00.01.0002,01KN0T00P8YR9DY2MKJTW4CZBK,63077986,2026,E-Katalog 6.0,BLUD,TRISA LIKUID FARMA,E-Purchasing,Barang,Belanja Bahan - Bahan Lainnya (BMHP Farmasi),ON PROCESS,5492502,5492502
KAB. SUKABUMI,UPTD PUSKESMAS NAGRAK - 1.02.0.00.0.00.01.0048,01KJA4T5DJMB7GTW85MBHYV2TE,65361864,2026,E-Katalog 6.0,BLUD,TRIMAN,E-Purchasing,Barang,belanja barang pakai habis- belanja obat-obatan,COMPLETED,5871900,5871900
KAB. SUKABUMI,DINAS PEKERJAAN UMUM - 1.03.0.00.0.00.01.0000,01KS551R9F0KP6HDBHWGSST96H,67142152,2026,E-Katalog 6.0,APBD,ASARI SEJAHTERA ABADI,E-Purchasing,Barang,Belanja Pakaian Dinas Lapangan (PDL),ON PROCESS,25474500,25474500
KAB. SUKABUMI,DINAS PEKERJAAN UMUM - 1.03.0.00.0.00.01.0000,10863842000,66621504,2026,Non Tender,APBD,HIBAR GUMILANG,Pengadaan Langsung,Pekerjaan Konstruksi,Daerah Irigasi Leuwibangga Desa Karangtengah Kecamatan Cibadak,SELESAI,280962961,280962961
KAB. SUKABUMI,DINAS PEKERJAAN UMUM - 1.03.0.00.0.00.01.0000,01KRATK922F2QK3NYDVPJFQHX7,67017619,2026,E-Katalog 6.0,APBD,LAKSANA ABADI,E-Purchasing,Pekerjaan Konstruksi,Daerah Irigasi Cisampih Desa Cimenteng Kecamatan Curugkembar,ON PROCESS,793525447,793525447
KAB. SUKABUMI,DINAS KEPENDUDUKAN DAN PENCATATAN SIPIL - 2.12.0.00.0.00.01.0000,01KG6FREF6NVKHRZ6AANZWTP77,63964423,2026,E-Katalog 6.0,APBD,SADULUR SAJATI,E-Purchasing,Jasa Lainnya,Belanja Cetak leaflet dan X Banner,PAYMENT OUTSIDE SYSTEM,25825260,25825260
KAB. SUKABUMI,UPTD RSUD SAGARANTEN - 1.02.0.00.0.00.01.0063,01KVYXSPWTWM248225H5YMH1D9,66640695,2026,E-Katalog 6.0,APBD,MEGA KREASI ALKESINDO,E-Purchasing,Barang,Belanja BMHP Farmasi DAU SG RSUD Sagaranten,ON PROCESS,85690002,85690002
KAB. SUKABUMI,DINAS PERDAGANGAN DAN PERINDUSTRIAN - 3.31.3.29.3.30.01.0000,10928629000,63905329,2026,Non Tender,APBD,ANUGRAH CIPTA CONSULTANT,Pengadaan Langsung,Jasa Konsultansi Badan Usaha Konstruksi,Jasa Konsultansi Pengawasan Pembuatan Drainase Pasar Surade,SELESAI,2886000,2886000
KAB. SUKABUMI,"DINAS KOMUNIKASI, INFORMATIKA DAN PERSANDIAN - 2.16.2.21.2.20.01.0000",01KGQ8HZ6Q83EZWR5R5AC08PCN,64395511,2026,E-Katalog 6.0,APBD,AKASIA,E-Purchasing,Jasa Lainnya,"Belanja Sewa Aset Tidak Berwujud-Lisensi dan Franchise - Koordinasi pembangunan dan/atau pengembangan Aplikasi Khusus yang sesuai dengan arsitektur dan peta rencana SPBE pemerintah daerah, serta pemanfaatan Aplikasi Umum SPBE",ON PROCESS,61716000,61716000
KAB. SUKABUMI,UPTD PUSKESMAS CICANTAYAN - 1.02.0.00.0.00.01.0051,01KR02VKVZHRQYMABVB8QAJBPY,65438298,2026,E-Katalog 6.0,BLUD,PERUSAHAAN PERSEROAN (PERSERO) PT KIMIA FARMA,E-Purchasing,Barang,Belanja Obat-Obatan Puskesmas Cicantayan Tahun 2026,ON PROCESS,3996000,3996000
KAB. SUKABUMI,UOBK RSUD SEKARWANGI - 1.02.0.00.0.00.01.0002,01KPQGEQFPQWNW9KJGDH5GQQ81,63079700,2026,E-Katalog 6.0,BLUD,MEGA LIFESCIENCES INDONESIA,E-Purchasing,Barang,Belanja Obat-obatan-Obat,ON PROCESS,1276500,1276500
KAB. SUKABUMI,UOBK RSUD SEKARWANGI - 1.02.0.00.0.00.01.0002,01KHWSTQ0PZ2DTEG7P0PZR7269,63079700,2026,E-Katalog 6.0,BLUD,AMAROX PHARMA GLOBAL,E-Purchasing,Barang,Belanja Obat-obatan-Obat,ON PROCESS,19980000,19980000
KAB. SUKABUMI,"BADAN PERENCANAAN PEMBANGUNAN, RISET DAN INOVASI DAERAH - 5.01.5.05.0.00.01.0000",01KG435R4G4P7WH02FXJEQTS3S,64598239,2026,E-Katalog 6.0,APBD,DERMA UTAMA ABADI,E-Purchasing,Jasa Lainnya,Belanja Makanan dan Minuman Jamuan Tamu-Konsultasi Publik,PAYMENT OUTSIDE SYSTEM,1335000,1335000
KAB. SUKABUMI,UPTD PUSKESMAS CARINGIN - 1.02.0.00.0.00.01.0052,01KQV49JXGFMJJ2AMM0H22GKB8,65660077,2026,E-Katalog 6.0,BLUD,BERNOFARM,E-Purchasing,Barang,Belanja Obat-Obatan Puskesmas Caringin,ON PROCESS,2886000,2886000
KAB. SUKABUMI,UPTD PUSKESMAS CIKEMBAR - 1.02.0.00.0.00.01.0060,01KTXYJNM942S1AAGRWYBRP3HV,65501280,2026,E-Katalog 6.0,BLUD,KENCANA INSAN MANDIRI,E-Purchasing,Barang,Belanja Alat/Bahan untuk Kegiatan Kantor-Alat/Bahan untuk Kegiatan Kantor Lainnya Puskesmas Cikembar 2026,COMPLETED,19149720,19149720
KAB. SUKABUMI,DINAS PERIKANAN - 3.25.0.00.0.00.01.0000,10781451000,65265381,2026,Non Tender,APBD,CV. WAHANA INOVASI CONSULTANT,Pengadaan Langsung,Jasa Konsultansi Badan Usaha Konstruksi,Pengadaan Konsultan Perencana Rehab BBI,SELESAI,34077000,34077000
KAB. SUKABUMI,DINAS PENDIDIKAN - 1.01.0.00.0.00.01.0000,10883721000,66269147,2026,Non Tender,APBD,CV KARYA PALABUAN SAMUDRA,Pengadaan Langsung,Pekerjaan Konstruksi,Rehabilitasi Sedang / Berat Ruang Kelas SDN Gobang  Kec. Palabuhanratu,SELESAI,138650444,138650444
KAB. SUKABUMI,DINAS PEKERJAAN UMUM - 1.03.0.00.0.00.01.0000,10798698000,66257447,2026,Non Tender,APBD,Leo Ferdinand,Pengadaan Langsung,Pekerjaan Konstruksi,Ruas Jalan Batas Kota - Selabintana Kecamatan Sukabumi,SELESAI,373062002,373062002
KAB. SUKABUMI,KECAMATAN KEBONPEDES - 7.01.0.00.0.00.30.0000,01KMPJ3QEZ7W66HDVA01FGKVC4,65449538,2026,E-Katalog 6.0,APBD,RUSYDA,E-Purchasing,Barang,Belanja Modal Peralatan Komputer Lainnya,PAYMENT OUTSIDE SYSTEM,11266500,11266500
KAB. SUKABUMI,UPTD RSUD SAGARANTEN - 1.02.0.00.0.00.01.0063,10797502000,65351642,2026,Non Tender,APBD,PT. RAJAWALI MEDIKA MANDIRI,Pengadaan Langsung,Pengadaan Barang,Belanja Probe USG Transvaginal RSUD Sagaranten,SELESAI,180319500,0
KAB. SUKABUMI,UPTD PUSKESMAS CIDOLOG - 1.02.0.00.0.00.01.0014,01KPTVRNW06E3YJWXJTMX02YGR,66665823,2026,E-Katalog 6.0,APBD,INDO PRIANGAN KATULISTIWA,E-Purchasing,Barang,Belanja Obat-Obatan-Obat Operasional Pelayanan Puskesmas Cidolog,ON PROCESS,6348645,6348645
KAB. SUKABUMI,DINAS KESEHATAN - 1.02.0.00.0.00.01.0000,01KPG67M2ZE4T2YVH76070DHFJ,65613325,2026,E-Katalog 6.0,APBD,ONEJECT INDONESIA,E-Purchasing,Barang,Pengadaan Obat Pelayanan Kesehatan Dasar PKD (DAK NF),PAYMENT OUTSIDE SYSTEM,76634400,76634400
KAB. SUKABUMI,BADAN PENGELOLA KEUANGAN DAN ASET DAERAH - 5.02.0.00.0.00.01.0000,01KRJTZ4N0RK4ENXGX1ZGPBM98,67139814,2026,E-Katalog 6.0,APBD,BELA JAYA RASA,E-Purchasing,Barang,Penyediaan Bahan Logistik Kantor,ON PROCESS,115172712,115172712
KAB. SUKABUMI,UPTD PUSKESMAS CITARIK - 1.02.0.00.0.00.01.0032,01KWGEB7691HQEG7VW0NWY8R0C,65505780,2026,E-Katalog 6.0,BLUD,MEPROFARM,E-Purchasing,Barang,Belanja Obat Puskesmas Citarik (e-Catalog),ON PROCESS,2799864,2799864
KAB. SUKABUMI,UOBK RSUD SEKARWANGI - 1.02.0.00.0.00.01.0002,01KPQG8VVNXE1H2J96G2FAQAYM,63079700,2026,E-Katalog 6.0,BLUD,BERNOFARM,E-Purchasing,Barang,Belanja Obat-obatan-Obat,ON PROCESS,18746235,18746235
KAB. SUKABUMI,DINAS PERHUBUNGAN - 2.15.0.00.0.00.01.0000,01KNPHV6NC0MWQ3AE1G1P17562,64706832,2026,E-Katalog 6.0,APBD,BUNGSU PUTRA KONTRUKSI,E-Purchasing,Jasa Lainnya,Pembangunan PJU di Wilayah Desa Sukatani Kecamatan Parakansalak (6 Titik,PAYMENT OUTSIDE SYSTEM,95238000,95238000
KAB. SUKABUMI,UOBK RSUD SEKARWANGI - 1.02.0.00.0.00.01.0002,01KK8CTZ8J89TCEBT70WMMWRKT,63079700,2026,E-Katalog 6.0,BLUD,PERUSAHAAN PERSEROAN (PERSERO) PT. BIO FARMA DISINGKAT PT. BIO FARMA (PERSERO),E-Purchasing,Barang,Belanja Obat-obatan-Obat,ON PROCESS,1540003,0
KAB. SUKABUMI,DINAS PERUMAHAN DAN KAWASAN PERMUKIMAN - 1.03.1.04.2.11.01.0000,10914932000,67216164,2026,Non Tender,APBD,cv. putra mandiri,Pengadaan Langsung,Pekerjaan Konstruksi,Pembangunan Drainase Rt 06 Dan Rt 1 0 Rw 02 Desa Cibatu Kec Cisaat,SELESAI,89496307,89496307
KAB. SUKABUMI,UPTD PUSKESMAS NYALINDUNG - 1.02.0.00.0.00.01.0010,01KQY25YY1MXXNZB3BQEZJ5B7K,66077337,2026,E-Katalog 6.0,BLUD,PERUSAHAAN PERSEROAN (PERSERO) PT KIMIA FARMA,E-Purchasing,Barang,Belanja Obat-Obatan-Obat - Puskesmas Nyalindung,ON PROCESS,702976,702976
KAB. SUKABUMI,DINAS PENDIDIKAN - 1.01.0.00.0.00.01.0000,10884682000,66052627,2026,Non Tender,APBD,CV. KREASI KONSTRUKSI,Pengadaan Langsung,Pekerjaan Konstruksi,Rehabilitasi Sedang / Berat Ruang Kelas SDN Cisitu  Kec. Nyalindung,SELESAI,273212954,273212954
KAB. SUKABUMI,DINAS PENGENDALIAN PENDUDUK DAN KELUARGA BERENCANA - 2.14.0.00.0.00.01.0000,10122519000,65926800,2026,Tender,APBD,cv. kersana creative,Tender,Pekerjaan Konstruksi,Rehabilitasi Gedung Kantor UPT Dalduk Kecamatan Kebonpedes,SELESAI,607644000,607644000
KAB. SUKABUMI,UPTD PUSKESMAS GIRIJAYA - 1.02.0.00.0.00.01.0047,01KPW5XCJJE5M4PYCN5WXDFRHT,65623829,2026,E-Katalog 6.0,BLUD,ATHA ARUTALA INDONESIA,E-Purchasing,Barang," Belanja Persediaan Proses-Persediaan Dalam Proses ",COMPLETED,661005,661005
KAB. SUKABUMI,BADAN KEPEGAWAIAN DAN PENGEMBANGAN SUMBER DAYA MANUSIA - 5.03.5.04.0.00.01.0000,01KH06C3E28Z20PX2Q4T529117,63470810,2026,E-Katalog 6.0,APBD,EDRA AUSI AKBAR,E-Purchasing,Jasa Lainnya,Belanja Jamuan Peserta/Panitia Rapat Penyusunan Usulan Kebutuhan ASN ,PAYMENT OUTSIDE SYSTEM,17195000,17195000
KAB. SUKABUMI,DINAS KESEHATAN - 1.02.0.00.0.00.01.0000,01KQBYPGMCE72H7A4Y193V4K1A,66752158,2026,E-Katalog 6.0,APBD,COPYPASTE,E-Purchasing,Jasa Lainnya,Belanja Alat/Bahan untuk Kegiatan Kantor - Penyediaan Media KIE HIV AIDS,ON PROCESS,78810000,78810000
KAB. SUKABUMI,UPTD PUSKESMAS KALAPANUNGGAL - 1.02.0.00.0.00.01.0039,01KTJFWPWQ0ZMS07G9TH8J6GDS,66278198,2026,E-Katalog 6.0,BLUD,PIM PHARMACEUTICALS,E-Purchasing,Barang,Belanja Obat-Obatan-Obat,ON PROCESS,1300032,1300032
KAB. SUKABUMI,UPTD PUSKESMAS SELAJAMBE - 1.02.0.00.0.00.01.0054,01KPXAMTM5DPK5RAM475REKQK0,65998350,2026,E-Katalog 6.0,BLUD,GLOBAL MULTI PHARMALAB,E-Purchasing,Barang,Belanja Bahan Obat-obatan ( BLUD ),COMPLETED,2539680,2539680
KAB. SUKABUMI,UPTD PUSKESMAS CIDAHU - 1.02.0.00.0.00.01.0043,01KTAEBQZNVNCTZ1T5Z5SZ0SA2,66270867,2026,E-Katalog 6.0,BLUD,TIARA AGUNG PRATAMA,E-Purchasing,Barang,Belanja Bahan obat-obtan lainnya/material alat kesehatan puskesmas cidahu,COMPLETED,3330000,0
KAB. SUKABUMI,DINAS PERDAGANGAN DAN PERINDUSTRIAN - 3.31.3.29.3.30.01.0000,01KFYYAABAWNPWXRXFXM7E7S8H,63842388,2026,E-Katalog 6.0,APBD,RIZKI SARANA,E-Purchasing,Barang,Roll Blind Dinas Perdagangan dan Perindustrian,ON PROCESS,205128000,205128000
KAB. SUKABUMI,UOBK RSUD SEKARWANGI - 1.02.0.00.0.00.01.0002,01KPT4Z0SN435J08MF0MMMWSZ4,65007706,2026,E-Katalog 6.0,BLUD,YESBOSS GROUP INDONESIA,E-Purchasing,Jasa Lainnya,Belanja Jasa Konversi Aplikasi/Sistem Informasi,ON PROCESS,87790249,87790249
KAB. SUKABUMI,KECAMATAN KADUDAMPIT - 7.01.0.00.0.00.27.0000,01KTN97WY28VZAKCAHKQ7BCFC4,67269562,2026,E-Katalog 6.0,APBD,INDIKALIMA TEKNOLOGI,E-Purchasing,Barang,Belanja Modal Komputer,ON PROCESS,10470630,0
KAB. SUKABUMI,BADAN PENDAPATAN DAERAH - 5.02.0.00.0.00.02.0000,01KPW9T9RKQ1V5FNF7VRVEMVQR,66970322,2026,E-Katalog 6.0,APBD,HADIL MAHASIN,E-Purchasing,Barang,Belanja Alat/Bahan untuk Kegiatan Kantor-Perlengkapan Dinas,ON PROCESS,35528940,35528940
KAB. SUKABUMI,DINAS PEMADAM KEBAKARAN DAN PENYELAMATAN - 1.05.0.00.0.00.01.0000,01KHAKY0E780QKRY34FWBNAENQ,65080517,2026,E-Katalog 6.0,APBD,SRIWIJAYA,E-Purchasing,Barang,Belanja Modal Alat Pemadam Kebakaran,ON PROCESS,126306900,126306900
KAB. SUKABUMI,DINAS PERUMAHAN DAN KAWASAN PERMUKIMAN - 1.03.1.04.2.11.01.0000,10911389000,67287988,2026,Non Tender,APBD,CV. JAYA LAKSANA,Pengadaan Langsung,Pekerjaan Konstruksi,Pembangunan Sarana Air Bersih Kp Neglasari Rt 26 Rw 02 Desa Talaga Murni Kec Cibitung,SELESAI,188741966,188741966
KAB. SUKABUMI,DINAS PENDIDIKAN - 1.01.0.00.0.00.01.0000,10867856000,66051975,2026,Non Tender,APBD,CV. KARYA ABADI,Pengadaan Langsung,Pekerjaan Konstruksi,Rehabilitasi Sedang / Berat Ruang Kelas SDN Karikil  Kec. Cireunghas,SELESAI,136405188,136405188
KAB. SUKABUMI,DINAS KETAHANAN PANGAN - 2.09.2.09.2.09.01.0000,01KNTJ8CXCW6X78WES1328Y0WT,66870022,2026,E-Katalog 6.0,APBD,ARRAHMAN BERKAH ABADI,E-Purchasing,Barang,Belanja Alat/Bahan untuk Kegiatan Kantor-Alat Tulis Kantor,ON PROCESS,9855734,9855734
KAB. SUKABUMI,BADAN KEPEGAWAIAN DAN PENGEMBANGAN SUMBER DAYA MANUSIA - 5.03.5.04.0.00.01.0000,10881290000,67160279,2026,Non Tender,APBD,cv. cipta grha hafara,Pengadaan Langsung,Jasa Konsultansi Badan Usaha Konstruksi,Belanja Jasa Konsultasi Perencanaan Rehab Gedung Kantor KORPRI,SELESAI,22433100,22433100
KAB. SUKABUMI,UPTD PUSKESMAS BOJONGGENTENG - 1.02.0.00.0.00.01.0040,01KTDWHYAY8N6PVK71QX8C9K8M,65549461,2026,E-Katalog 6.0,BLUD,INDO PRIANGAN KATULISTIWA,E-Purchasing,Barang,Belanja Bahan Obat - Obatan,PAYMENT OUTSIDE SYSTEM,2419800,2419800
KAB. SUKABUMI,UOBK RSUD SEKARWANGI - 1.02.0.00.0.00.01.0002,01KPQGTW7P10MM62X6K89YGT3Y,63077986,2026,E-Katalog 6.0,BLUD,INTI PURNABAKTI GLOBAL,E-Purchasing,Barang,Belanja Bahan - Bahan Lainnya (BMHP Farmasi),ON PROCESS,25584101,25584101
KAB. SUKABUMI,UPTD PUSKESMAS CIDAHU - 1.02.0.00.0.00.01.0043,01KKGVHKEBKEW0EKGBQ53TQRM2,66272931,2026,E-Katalog 6.0,BLUD,ADI AGRIPANA ABADI,E-Purchasing,Barang,Belanja Bahan Obat-obatan puskesmas cidahu,PAYMENT OUTSIDE SYSTEM,67899044,67899044
KAB. SUKABUMI,DINAS PEKERJAAN UMUM - 1.03.0.00.0.00.01.0000,10916100000,66751808,2026,Non Tender,APBD,CV. TIGA PERKASA,Pengadaan Langsung,Pekerjaan Konstruksi,Ruas Jalan Cisolok - Cipanas Kecamatan Cisolok,SELESAI,187114470,187114470
KAB. SUKABUMI,DINAS KESEHATAN - 1.02.0.00.0.00.01.0000,01KVAAD9CB4KPZSVG26VBX8CQM,67317832,2026,E-Katalog 6.0,APBD,COPYPASTE,E-Purchasing,Barang,Belanja Modal Peralatan dan Perlengkapan Kantor,ON PROCESS,296161320,296161320
KAB. SUKABUMI,"BADAN PERENCANAAN PEMBANGUNAN, RISET DAN INOVASI DAERAH - 5.01.5.05.0.00.01.0000",01KK8GQXMSGWV2018QXBJTPYKR,64567689,2026,E-Katalog 6.0,APBD,VIANIE,E-Purchasing,Jasa Lainnya,Belanja Makanan dan Minuman Rapat-Asistensi Bidang Perekonomian,PAYMENT OUTSIDE SYSTEM,2100000,2100000
KAB. SUKABUMI,DINAS KESEHATAN - 1.02.0.00.0.00.01.0000,01KQW0Q6TMTZF3R72DVHZ22S3D,66023797,2026,E-Katalog 6.0,APBD,MUARA SAKTI,E-Purchasing,Barang,Pengadaan BMHP Pemenuhan Mutu Barang SPM Diabetes Melitus,ON PROCESS,140283967,140283967
KAB. SUKABUMI,UPTD PUSKESMAS CISAAT - 1.02.0.00.0.00.01.0053,01KVVPW2W6C7QBDQCE5B1AGVRS,64692007,2026,E-Katalog 6.0,BLUD,RAJA ALKES MEDIKA,E-Purchasing,Barang,Belanja Bahan Habis Pakai Alat Kesehatan (BHP Medis) Puskesmas Cisaat TA. 2026,ON PROCESS,3052500,3052500
KAB. SUKABUMI,UPTD PUSKESMAS KADUDAMPIT - 1.02.0.00.0.00.01.0056,01KVSG3NFD8AGNBCF52S234J9S,66645895,2026,E-Katalog 6.0,BLUD,HEXPHARM JAYA LABORATORIES,E-Purchasing,Barang,Belanja Bahan Obat-obatan puskesmas kadudampit,ON PROCESS,6604500,6604500
KAB. SUKABUMI,UPTD PUSKESMAS BOJONGGENTENG - 1.02.0.00.0.00.01.0040,01KPQ34N3RR41142VNPGVF2Y7C,66872560,2026,E-Katalog 6.0,BLUD,KHALISH BRILLIANT PERSADA,E-Purchasing,Barang,Alat Rumah Tangga Lainnya (Home Use),PAYMENT OUTSIDE SYSTEM,2775000,2775000
KAB. SUKABUMI,DINAS PEMBERDAYAAN PEREMPUAN DAN PERLINDUNGAN ANAK - 2.08.0.00.0.00.01.0000,01KTTFR2BRWKKQF6J4QJT4CY9F,66279450,2026,E-Katalog 6.0,APBD,SADULUR SAJATI,E-Purchasing,Jasa Lainnya,"Belanja Cetak Roll Banner Pelaksanaan KIE pencegahan KTP, KTA, TPPO, ABH, dan perkawinan anak bagi masyarakat luas",ON PROCESS,31168800,31168800
KAB. SUKABUMI,UPTD PUSKESMAS CISAAT - 1.02.0.00.0.00.01.0053,01KT8DE74TCWH1GWSMA85V7WPM,64691552,2026,E-Katalog 6.0,BLUD,TRIMAN,E-Purchasing,Barang,Belanja Belanja Obat-Obatan-Obat Puskesmas Cisaat TA. 2026,COMPLETED,6893100,6893100
KAB. SUKABUMI,DINAS PEKERJAAN UMUM - 1.03.0.00.0.00.01.0000,10798241000,66248399,2026,Non Tender,APBD,CV. BERKAH BERSINAR ABADI,Pengadaan Langsung,Pekerjaan Konstruksi,Pembuatan Tembok Penahan Tanah Ruas Jalan Pangkalan - Cisaat Kecamatan Cicurug,SELESAI,184952874,184952874
KAB. SUKABUMI,DINAS KESEHATAN - 1.02.0.00.0.00.01.0000,01KS4TD5PE4RF2MT0ZNTT93NR3,65613325,2026,E-Katalog 6.0,APBD,PERUSAHAAN PERSEROAN (PERSERO) PT KIMIA FARMA,E-Purchasing,Barang,Pengadaan Obat Pelayanan Kesehatan Dasar PKD (DAK NF),ON PROCESS,85745835,85745835
KAB. SUKABUMI,DINAS PERHUBUNGAN - 2.15.0.00.0.00.01.0000,01KRFKKC0VRW05Q1ZFX334H89P,67038653,2026,E-Katalog 6.0,APBD,KHARISMA SINARLINDO PERSADA,E-Purchasing,Barang,Belanja Lampu LED 40 Watt,PAYMENT OUTSIDE SYSTEM,299833200,299833200
KAB. SUKABUMI,UOBK RSUD SEKARWANGI - 1.02.0.00.0.00.01.0002,01KV4GA37EQPPWVD95KY3DY1B5,63079700,2026,E-Katalog 6.0,BLUD,PHAPROS,E-Purchasing,Barang,Belanja Obat-obatan-Obat,ON PROCESS,17249400,17249400
KAB. SUKABUMI,BADAN KESATUAN BANGSA DAN POLITIK - 8.01.0.00.0.00.04.0000,01KNJS210HD73NTWSGMY494JSS,66263643,2026,E-Katalog 6.0,APBD,BELA JAYA RASA,E-Purchasing,Barang,Belanja Alat/Bahan untuk Kegiatan Kantor-Perlengkapan Dinas Bidang Wasbang,PAYMENT OUTSIDE SYSTEM,19114200,19114200
KAB. SUKABUMI,DINAS PERUMAHAN DAN KAWASAN PERMUKIMAN - 1.03.1.04.2.11.01.0000,10931247000,65763045,2026,Non Tender,APBD,CV JAYANTI BERKARYA,Pengadaan Langsung,Pekerjaan Konstruksi,Drainase Kp.Ciganas Rw. 02 Desa Munjul Kecamatan Ciambar Kab. Sukabumi,SELESAI,95794661,95794661
KAB. SUKABUMI,DINAS PERHUBUNGAN - 2.15.0.00.0.00.01.0000,01KJETX4KBWPTSK27QGGEFRGVP,64706890,2026,E-Katalog 6.0,APBD,TRISOLAH SUVARNA INDONESIA,E-Purchasing,Jasa Lainnya,Pembangunan PJU di Wilayah Kec. Nyalindung (24 Titik),ON PROCESS,383039990,383039990
KAB. SUKABUMI,UOBK RSUD SEKARWANGI - 1.02.0.00.0.00.01.0002,01KEGWQARETE2NAJKHBTZTT08R,63079700,2026,E-Katalog 6.0,BLUD,BETA PHARMACON,E-Purchasing,Barang,Belanja Obat-obatan-Obat,ON PROCESS,62846313,0
KAB. SUKABUMI,UPTD PUSKESMAS CISAAT - 1.02.0.00.0.00.01.0053,01KHT151EEVWSBHR076ZP1JPJS,64692007,2026,E-Katalog 6.0,BLUD,SOLA INTI BERSAMA,E-Purchasing,Barang,Belanja Bahan Habis Pakai Alat Kesehatan (BHP Medis) Puskesmas Cisaat TA. 2026,COMPLETED,7804410,0
KAB. SUKABUMI,UPTD PUSKESMAS CIKAKAK - 1.02.0.00.0.00.01.0035,01KSRQKS2A6CDJF3GBFG84AY02,66275759,2026,E-Katalog 6.0,BLUD,AYOOKLIK PARAHYANGAN PERKASA,E-Purchasing,Barang,Belanja Modal Personal Komputer (PC AIO dan Laptop ) UPTD Puskesmas Cikakak Tahun 2026,ON PROCESS,44988300,0
KAB. SUKABUMI,UOBK RSUD PALABUHANRATU - 1.02.0.00.0.00.01.0001,01KSRHQHTKES1S2ME6MMAD6Y04,64613160,2026,E-Katalog 6.0,BLUD,MEDIHOP,E-Purchasing,Barang,Belanja Bahan/Alat Medis Pakai Habis (BMHP) Farmasi,ON PROCESS,42490800,42490800
KAB. SUKABUMI,DINAS PENDIDIKAN - 1.01.0.00.0.00.01.0000,10868638000,66141416,2026,Non Tender,APBD,CV. VAHRACONS,Pengadaan Langsung,Pekerjaan Konstruksi,Pembangunan Ruang Kelas Baru  SDN 1 Caringin Kec. Gegerbitung,SELESAI,179227814,179227814
KAB. SUKABUMI,DINAS PEKERJAAN UMUM - 1.03.0.00.0.00.01.0000,10868476000,67142255,2026,Non Tender,APBD,CV. KARYA TILU SOBAT,Pengadaan Langsung,Pekerjaan Konstruksi,Daerah Irigasi Cimandala Desa Cipeundeuy Kecamatan Surade,SELESAI,281360449,281360449
KAB. SUKABUMI,UPTD PUSKESMAS CICURUG - 1.02.0.00.0.00.01.0044,01KRFJ4VCKBY849YMBN6NY2RB4,65369828,2026,E-Katalog 6.0,BLUD,AMANAH MEDDIS INDONESIA,E-Purchasing,Barang,Belanja Persediaan Bahan/Material Alat Kesehatan,PAYMENT OUTSIDE SYSTEM,1149960,1149960
KAB. SUKABUMI,UOBK RSUD SEKARWANGI - 1.02.0.00.0.00.01.0002,01KERRATAZW9BGMTZDDWBQFVFS,63079700,2026,E-Katalog 6.0,BLUD,YARINDO FARMATAMA,E-Purchasing,Barang,Belanja Obat-obatan-Obat,ON PROCESS,27725580,27725580
KAB. SUKABUMI,UPTD PUSKESMAS NYALINDUNG - 1.02.0.00.0.00.01.0010,01KKG43S4PEFCD7QR1J08CE259,66077337,2026,E-Katalog 6.0,BLUD,TRIMAN,E-Purchasing,Barang,Belanja Obat-Obatan-Obat - Puskesmas Nyalindung,COMPLETED,2675100,2675100
KAB. SUKABUMI,UOBK RSUD SEKARWANGI - 1.02.0.00.0.00.01.0002,01KJFTT2XCMPEZRVSNVJSBHF9G,65687851,2026,E-Katalog 6.0,BLUD,ARRAYYAN JAYA MANDIRI,E-Purchasing,Barang,Belanja Modal Peralatan Komputer Lainnya,ON PROCESS,399000964,399000964
KAB. SUKABUMI,DINAS SOSIAL - 1.06.0.00.0.00.01.0000,01KHSYPH42NE072APSGPDA9G6Z,65219101,2026,E-Katalog 6.0,APBD,CIPTA BUMI PERSADA,E-Purchasing,Barang,Belanja Modal Mebel,ON PROCESS,27972000,27972000
KAB. SUKABUMI,DINAS PERHUBUNGAN - 2.15.0.00.0.00.01.0000,01KK8EB41GK4MT29YX48WGHXWA,66128240,2026,E-Katalog 6.0,APBD,KHARISMA SINARLINDO PERSADA,E-Purchasing,Barang,Belanja Lampu LED 70 Watt,ON PROCESS,671999967,671999967
KAB. SUKABUMI,UPTD PUSKESMAS SELAJAMBE - 1.02.0.00.0.00.01.0054,01KQ6BGMAX1PEGSKSRM1QVPSPH,65998350,2026,E-Katalog 6.0,BLUD,BERNOFARM,E-Purchasing,Barang,Belanja Bahan Obat-obatan ( BLUD ),COMPLETED,1752690,1752690
KAB. SUKABUMI,UPTD PUSKESMAS KADUDAMPIT - 1.02.0.00.0.00.01.0056,01KRFV5JJ0PVNBG246RH8ZJ5A5,66645895,2026,E-Katalog 6.0,BLUD,INDO PRIANGAN KATULISTIWA,E-Purchasing,Barang,Belanja Bahan Obat-obatan puskesmas kadudampit,ON PROCESS,3330000,3330000
KAB. SUKABUMI,DINAS PERHUBUNGAN - 2.15.0.00.0.00.01.0000,01KKKQXRMNMS6VPMS85XG8FNXA,64706834,2026,E-Katalog 6.0,APBD,SANDRA BUANA,E-Purchasing,Jasa Lainnya,Pembangunan PJU di Wilayah Desa Parakansalak Kecamatan Parakansalak (6 Titik),ON PROCESS,95404500,95404500
KAB. SUKABUMI,DINAS PERTANIAN - 3.27.2.09.0.00.01.0000,10869524000,63468831,2026,Non Tender,APBD,SAFIR RAYA UTAMA,Pengadaan Langsung,Pekerjaan Konstruksi,Persediaan Untuk Dijual/Diserahkan Lainnya - Jaringan Irigasi Pertanian Kec. Ciemas Desa Cibenda Poktan Gumati,SELESAI,74532674,74532674
KAB. SUKABUMI,DINAS PEKERJAAN UMUM - 1.03.0.00.0.00.01.0000,10886406000,66618990,2026,Non Tender,APBD,CV HRZ MULTI UTAMA,Pengadaan Langsung,Pekerjaan Konstruksi,Daerah Irigasi Muara Cibodas Desa Parakanlima Kecamatan Cikembar,SELESAI,281837025,281837025
KAB. SUKABUMI,DINAS PERHUBUNGAN - 2.15.0.00.0.00.01.0000,01KJYANM8TBVB800VSTFX1BWH6,64750519,2026,E-Katalog 6.0,APBD,CIPTA BUMI PERSADA,E-Purchasing,Barang,Belanja Modal Mebel,PAYMENT OUTSIDE SYSTEM,78921000,78921000
KAB. SUKABUMI,KECAMATAN CARINGIN - 7.01.0.00.0.00.03.0000,01KKG75AZP4WGCTK6JXY0972S6,65886823,2026,E-Katalog 6.0,APBD,HADIL MAHASIN,E-Purchasing,Barang,Belanja Modal Mebel,PAYMENT OUTSIDE SYSTEM,17482500,17482500
KAB. SUKABUMI,DINAS PENGENDALIAN PENDUDUK DAN KELUARGA BERENCANA - 2.14.0.00.0.00.01.0000,10809819000,65924089,2026,Non Tender,APBD,CV. PILAR TEGAR UTAMA,Pengadaan Langsung,Pekerjaan Konstruksi,Rehabilitasi Gedung Kantor DPPKB Kabupaten Sukabumi,SELESAI,322226000,322226000
KAB. SUKABUMI,DINAS PERTANIAN - 3.27.2.09.0.00.01.0000,01KP5CV3HV42AA4116EWGNQJ2X,65032270,2026,E-Katalog 6.0,APBD,FERTILIZER INTI TECHNOLOGY,E-Purchasing,Barang,Belanja Bahan-Bahan Kimia : Pengadaan Pupuk NPK 16:16:16 Kegiatan Pengembangan Kawasan Cabai,PAYMENT OUTSIDE SYSTEM,198312600,198312600
KAB. SUKABUMI,UPTD PUSKESMAS JAMPANGTENGAH - 1.02.0.00.0.00.01.0058,01KS1P03WJ3P7BZQ0A1BH817JW,65564675,2026,E-Katalog 6.0,BLUD,NOVAPHARIN,E-Purchasing,Barang,Belanja Obat-obatan,ON PROCESS,6611160,6611160
KAB. SUKABUMI,DINAS PEKERJAAN UMUM - 1.03.0.00.0.00.01.0000,10786151000,65878847,2026,Non Tender,APBD,CV.CIPTA BANGUN LESTARI,Pengadaan Langsung,Jasa Konsultansi Badan Usaha Konstruksi,Konsultan Pengawasan Beton Badan Jalan Ruas Jalan Ahmad Yani Kecamatan Palabuhanratu,SELESAI,74014800,74014800
KAB. SUKABUMI,BADAN KESATUAN BANGSA DAN POLITIK - 8.01.0.00.0.00.04.0000,01KNJW44NDMQ27Y00AFQENRWG8,66761175,2026,E-Katalog 6.0,APBD,MISTER ASHAVA OCEAN,E-Purchasing,Barang,Belanja Makanan dan Minuman Rapat,PAYMENT OUTSIDE SYSTEM,48300000,48300000
KAB. SUKABUMI,INSPEKTORAT - 6.01.0.00.0.00.01.0000,10919964000,67347590,2026,Non Tender,APBD,CV.CIPTA BANGUN LESTARI,Pengadaan Langsung,Jasa Konsultansi Badan Usaha Konstruksi,Jasa Konsultansi Perencanaan Kegiatan Pembuatan Kamar Mandi Ruang Irban,SELESAI,6038150,6038150
KAB. SUKABUMI,DINAS PENDIDIKAN - 1.01.0.00.0.00.01.0000,10898771000,66270879,2026,Non Tender,APBD,CV.KARUNIA PUTRA,Pengadaan Langsung,Pekerjaan Konstruksi,Rehabilitasi Sedang / Berat Ruang Kelas SDN Bangbayang  Kec. Tegalbuleud,SELESAI,278595000,278595000
KAB. SUKABUMI,DINAS PERUMAHAN DAN KAWASAN PERMUKIMAN - 1.03.1.04.2.11.01.0000,10881772000,67181586,2026,Non Tender,APBD,Arrahmah,Pengadaan Langsung,Pekerjaan Konstruksi,"Pembangunan Sarana Air Bersih Kp. Babakan Peundeuy Rt. 05 Rw.03 Desa Citarik Kecamatan Palabuhanratu, Kab. Sukabumi",SELESAI,194991410,194991410
KAB. SUKABUMI,UPTD PUSKESMAS CICANTAYAN - 1.02.0.00.0.00.01.0051,01KW8RTQA8ZRV43HT8EZG6XW3B,65439963,2026,E-Katalog 6.0,BLUD,SETIA MEDIKA JAYA,E-Purchasing,Barang,Belanja Bahan Medis Habis Pakai Puskesmas Cicantayan Tahun 2026,ON PROCESS,15830043,15830043
KAB. SUKABUMI,DINAS PERDAGANGAN DAN PERINDUSTRIAN - 3.31.3.29.3.30.01.0000,10857088000,63905400,2026,Non Tender,APBD,CV. Santoni,Pengadaan Langsung,Pekerjaan Konstruksi,Pekerjaan Pembangunan TPS Pasar Jampangkulon,SELESAI,79309254,79309254
KAB. SUKABUMI,UPTD PUSKESMAS PARUNGKUDA - 1.02.0.00.0.00.01.0042,01KVSG052EZQ5Z9DEZW69NC4CB,66288754,2026,E-Katalog 6.0,BLUD,CIPTA MEDIKA SEMPURNA,E-Purchasing,Barang,Belanja obat-obatan lainnya (habis pakai alat kesehatan/BHP medis) Parungkuda Parungkuda ,ON PROCESS,2203792,0
KAB. SUKABUMI,UOBK RSUD SEKARWANGI - 1.02.0.00.0.00.01.0002,01KPT1YVN1VBBY1SCB3QJVAGX8,66681620,2026,E-Katalog 6.0,APBD,TIGA PILAR CAKRAWALA,E-Purchasing,Jasa Lainnya,Belanja Kursus Singkat/Pelatihan (Pelatihan Kegawat Daruratan Maternal dan Neonatal RSUD),ON PROCESS,49500000,49500000
KAB. SUKABUMI,DINAS PENGENDALIAN PENDUDUK DAN KELUARGA BERENCANA - 2.14.0.00.0.00.01.0000,10786594000,65923555,2026,Non Tender,APBD,CV. Artan Engineering Consultan,Pengadaan Langsung,Jasa Konsultansi Badan Usaha Konstruksi,Jasa Konsultan Penyusunan Dokumen Perencanaan Pengadaan Tanah (DPPT)  UPT DALDUK Kecamatan Kalibunder,SELESAI,74458000,74458000
KAB. SUKABUMI,BADAN KEPEGAWAIAN DAN PENGEMBANGAN SUMBER DAYA MANUSIA - 5.03.5.04.0.00.01.0000,01KGH3DST9218ENAHQJH19MJTG,64492305,2026,E-Katalog 6.0,APBD,SAKTI PERKASA,E-Purchasing,Barang,Belanja Modal Alat Kantor Lainnya dan Alat Rumah Tangga Lainnya (Home Use),PAYMENT OUTSIDE SYSTEM,14901750,14901750
KAB. SUKABUMI,DINAS PENDIDIKAN - 1.01.0.00.0.00.01.0000,10886931000,67218159,2026,Non Tender,APBD,CV. ACI,Pengadaan Langsung,Pekerjaan Konstruksi,Rehabilitasi Sedang / Berat Ruang Kelas SDN Cibuntu 1 Kecamatan Simpenan,SELESAI,278100577,278100577
KAB. SUKABUMI,UOBK RSUD SEKARWANGI - 1.02.0.00.0.00.01.0002,10813081000,64933798,2026,Non Tender,BLUD,CV. TIGA DUA AMANAH,Pengadaan Langsung,Pekerjaan Konstruksi,Pemeliharaan Gedung Fisiotherapy,SELESAI,81277000,81277000
KAB. SUKABUMI,UPTD RSUD SAGARANTEN - 1.02.0.00.0.00.01.0063,01KNVBSZWYYEJQ5VNNC0CJF4QN,66640695,2026,E-Katalog 6.0,APBD,MEGA KREASI ALKESINDO,E-Purchasing,Barang,Belanja BMHP Farmasi DAU SG RSUD Sagaranten,ON PROCESS,121703608,121703608
KAB. SUKABUMI,UPTD PUSKESMAS CICURUG - 1.02.0.00.0.00.01.0044,01KVA4D003SC52R3SBZZWEWFD0,65369828,2026,E-Katalog 6.0,BLUD,GLOBAL PHARMA INDONESIA,E-Purchasing,Barang,Belanja Persediaan Bahan/Material Alat Kesehatan,ON PROCESS,3785100,3785100
KAB. SUKABUMI,DINAS PEKERJAAN UMUM - 1.03.0.00.0.00.01.0000,10134576000,66690368,2026,Tender,APBD,CV BINTANG GROUP,Tender,Pekerjaan Konstruksi,Penanganan Long Segment Ruas Jalan Cigaru - Cikaramat Kecamatan Simpenan,SELESAI,13301292000,13301292000
KAB. SUKABUMI,DINAS PERUMAHAN DAN KAWASAN PERMUKIMAN - 1.03.1.04.2.11.01.0000,10914347000,65761218,2026,Non Tender,APBD,CV. MAHA DEWA CONTRACTOR,Pengadaan Langsung,Pekerjaan Konstruksi,Jalan Lingkungan Desa Pasirhalang Rt002-Rw005 Kecamatan Sukaraja,BERLANGSUNG,191142942,191142942
KAB. SUKABUMI,DINAS PENGENDALIAN PENDUDUK DAN KELUARGA BERENCANA - 2.14.0.00.0.00.01.0000,10809822000,65927209,2026,Non Tender,APBD,CV BERKAH ABADI,Pengadaan Langsung,Pekerjaan Konstruksi,Rehabilitasi Gedung Kantor UPT Dalduk Kecamatan Pabuaran,SELESAI,381422000,381422000
KAB. SUKABUMI,DINAS PENDIDIKAN - 1.01.0.00.0.00.01.0000,10796903000,66037050,2026,Non Tender,APBD,CV NAYA NIKA JAYA,Pengadaan Langsung,Jasa Konsultansi Badan Usaha Konstruksi,Jasa Konsultan Perencanaan Rehabilitasi Sedang / Berat Ruang Kelas SD Wilayah 7,SELESAI,18800000,18800000
KAB. SUKABUMI,UPTD PUSKESMAS KALIBUNDER - 1.02.0.00.0.00.01.0028,01KRX6G59BRKTNWH1WBBVEKE4J,65601628,2026,E-Katalog 6.0,BLUD,INDO PRIANGAN KATULISTIWA,E-Purchasing,Barang,Belanja Obat-Obatan-Obat Puskesmas Kalibunder Tahun 2026,ON PROCESS,5992890,5992890
KAB. SUKABUMI,DINAS PERUMAHAN DAN KAWASAN PERMUKIMAN - 1.03.1.04.2.11.01.0000,10852127000,67059427,2026,Non Tender,APBD,DOOLOER SALAMINA KONSTRUKSI,Pengadaan Langsung,Pekerjaan Konstruksi,Jalan Lingkungan Kecamatan Cisaat Desa Kutasirna Rt011-Rw004,SELESAI,192332043,192332043
KAB. SUKABUMI,UOBK RSUD SEKARWANGI - 1.02.0.00.0.00.01.0002,01KS7CMDT5S8K34QE1JW1V6FJ1,64985408,2026,E-Katalog 6.0,BLUD,IDS MEDICAL SYSTEMS INDONESIA,E-Purchasing,Barang,Belanja Modal Alat Kedokteran Umum,ON PROCESS,65000000,65000000
KAB. SUKABUMI,DINAS PENANAMAN MODAL DAN PELAYANAN TERPADU SATU PINTU - 2.18.0.00.0.00.01.0000,10817097000,64493874,2026,Non Tender,APBD,"CIPTA BUMI PERSADA, CV.",Pengadaan Langsung,Pengadaan Barang,Belanja Komponen Alat Listrik/Penerangan Kantor,SELESAI,9745000,0
KAB. SUKABUMI,UOBK RSUD SEKARWANGI - 1.02.0.00.0.00.01.0002,10774882000,64925252,2026,Non Tender,BLUD,CV. RAKSA AULIA PRATAMA,Pengadaan Langsung,Pekerjaan Konstruksi,Pemasangan Vinyl dan Pengecatan Ruang ICVCU Cathlab,SELESAI,69987700,69987700
KAB. SUKABUMI,DINAS TENAGA KERJA DAN TRANSMIGRASI - 2.07.3.32.0.00.01.0000,01KKJX33YPN9VDPZP7GGSGQ344,66132625,2026,E-Katalog 6.0,APBD,SADULUR SAJATI,E-Purchasing,Barang,Belanja Alat/Bahan untuk Kegiatan Kantor-Persediaan Dokumen/Administrasii Tender (Buku Peraturan Perundang-Undangan Ketenagakerjaan),PAYMENT OUTSIDE SYSTEM,23318880,23318880
KAB. SUKABUMI,DINAS KESEHATAN - 1.02.0.00.0.00.01.0000,01KSHG0AH1VPJ1FJDB3J09SAXZ,65613325,2026,E-Katalog 6.0,APBD,ETHICA INDUSTRI FARMASI,E-Purchasing,Barang,Pengadaan Obat Pelayanan Kesehatan Dasar PKD (DAK NF),ON PROCESS,78255000,78255000
KAB. SUKABUMI,DINAS PERUMAHAN DAN KAWASAN PERMUKIMAN - 1.03.1.04.2.11.01.0000,01KWEGMTTDYCMNZG076HMMHGJ5,67290385,2026,E-Katalog 6.0,APBD,BINA PUTRA,E-Purchasing,Pekerjaan Konstruksi,Gedung Kantor Kecamatan Cireunghas,ON PROCESS,2970525370,2970525370
KAB. SUKABUMI,UOBK RSUD SEKARWANGI - 1.02.0.00.0.00.01.0002,01KVSW1JF0V37EAB9WBQNP1XQM,66665883,2026,E-Katalog 6.0,BLUD,ALAMGIR HAKLI INDONESIA,E-Purchasing,Barang," Belanja Alat/Bahan untuk Kegiatan Kantor-Perabot Kantor",ON PROCESS,48535586,48535586
KAB. SUKABUMI,DINAS PEMADAM KEBAKARAN DAN PENYELAMATAN - 1.05.0.00.0.00.01.0000,01KK1Y602GW9JC3F0J5T7JR14P,66010519,2026,E-Katalog 6.0,APBD,KARYA PUTRA SUBANGJAYA,E-Purchasing,Jasa Lainnya,Belanja Pemeliharaan Kendaraan Bermotor Khusus (Mobil Pemadam Kebakaran),ON PROCESS,29609250,29609250
KAB. SUKABUMI,UPTD PUSKESMAS PARAKANSALAK - 1.02.0.00.0.00.01.0041,01KQREN93GESCWGBFCKNE84WHM,65431365,2026,E-Katalog 6.0,BLUD,ADI AGRIPANA ABADI,E-Purchasing,Barang,Belanja Bahan Obat-obatan PPK BLUD Puskesmas Parakansalak 2026,ON PROCESS,31255753,31255753
KAB. SUKABUMI,UPTD PUSKESMAS CISAAT - 1.02.0.00.0.00.01.0053,01KGPFVXPGDGQDMJEKNRV0VGRN,64691552,2026,E-Katalog 6.0,BLUD,MARIN LIZA FARMASI,E-Purchasing,Barang,Belanja Belanja Obat-Obatan-Obat Puskesmas Cisaat TA. 2026,COMPLETED,610500,610500
KAB. SUKABUMI,DINAS PEKERJAAN UMUM - 1.03.0.00.0.00.01.0000,10793628000,65073441,2026,Non Tender,APBD,CV. FADHILLAH,Pengadaan Langsung,Pengadaan Barang,Penyediaan Komponen Instalasi Listrik/Penerangan Bangunan Kantor,SELESAI,48935000,0
KAB. SUKABUMI,UPTD PUSKESMAS SURADE - 1.02.0.00.0.00.01.0021,01KVCNKAY9TW5FNJQQPBZS9SMC,65709411,2026,E-Katalog 6.0,BLUD,BERNOFARM,E-Purchasing,Barang,Belanja Obat-Obatan-Obat PKM Surade 2026,ON PROCESS,15836370,15836370
KAB. SUKABUMI,DINAS KEPENDUDUKAN DAN PENCATATAN SIPIL - 2.12.0.00.0.00.01.0000,01KHXRP133BJRB4EZA54A005S4,64093715,2026,E-Katalog 6.0,APBD,AFKARA PUTRA MULTIMEDIA,E-Purchasing,Jasa Lainnya,Belanja Ribbon KTP ( E ENTRUST ),PAYMENT OUTSIDE SYSTEM,513187981,0
KAB. SUKABUMI,UPTD PUSKESMAS CIJANGKAR - 1.02.0.00.0.00.01.0011,01KJEJ4DD0Q4BF8KVB9TE42DNQ,65514944,2026,E-Katalog 6.0,BLUD,HOLIPAH,E-Purchasing,Barang,Belanja alat/Bahan untuk kegiatan perabot kantor Puskesmas Cijangkar,COMPLETED,695304,695304
KAB. SUKABUMI,UOBK RSUD PALABUHANRATU - 1.02.0.00.0.00.01.0001,01KKATTAHFRP5WZY4MM8Q3TSDP,64613160,2026,E-Katalog 6.0,BLUD,SEJAHTERA KARYA MULIA,E-Purchasing,Barang,Belanja Bahan/Alat Medis Pakai Habis (BMHP) Farmasi,ON PROCESS,39294000,39294000
KAB. SUKABUMI,UOBK RSUD PALABUHANRATU - 1.02.0.00.0.00.01.0001,01KA06MYQBTSYXXY62SV92K36E,64624529,2026,E-Katalog 6.0,BLUD,MEDTEK,E-Purchasing,Barang,Belanja Modal Alat Kedokteran Umum ,COMPLETED,1157175000,1157175000
KAB. SUKABUMI,UOBK RSUD SEKARWANGI - 1.02.0.00.0.00.01.0002,01KFN66EPETEPFW67YX3X9FK55,63077986,2026,E-Katalog 6.0,BLUD,ADVANCE MEDICARE CORPORA,E-Purchasing,Barang,Belanja Bahan - Bahan Lainnya (BMHP Farmasi),ON PROCESS,16015883,0
KAB. SUKABUMI,DINAS PERHUBUNGAN - 2.15.0.00.0.00.01.0000,01KHT2DTHAEA5MVC1JR35561AE,64706828,2026,E-Katalog 6.0,APBD,BUNGSU PUTRA KONTRUKSI,E-Purchasing,Jasa Lainnya,Pembangunan PJU di Wilayah Kec. Palabuhanratu dan Simpenan (31 Titik),PAYMENT OUTSIDE SYSTEM,494127600,494127600
KAB. SUKABUMI,UOBK RSUD SEKARWANGI - 1.02.0.00.0.00.01.0002,01KP2R8W3JHM62BFMVVSQM4QXR,63079700,2026,E-Katalog 6.0,BLUD,NULAB PHARMACEUTICAL INDONESIA,E-Purchasing,Barang,Belanja Obat-obatan-Obat,ON PROCESS,7485008,7485008
KAB. SUKABUMI,DINAS PENDIDIKAN - 1.01.0.00.0.00.01.0000,10898774000,66270882,2026,Non Tender,APBD,CV. CIPTA KARYA,Pengadaan Langsung,Pekerjaan Konstruksi,Rehabilitasi Sedang / Berat Ruang Kelas SDN Cibeureum  Kec. Tegalbuleud,SELESAI,278599000,278599000
KAB. SUKABUMI,UPTD PUSKESMAS LENGKONG - 1.02.0.00.0.00.01.0057,01KS6N3JJKS0KASAJZSGN650JZ,65749904,2026,E-Katalog 6.0,APBD,PIM PHARMACEUTICALS,E-Purchasing,Barang,Belanja Obat Pelayanan Kesehatan Dasar UPTD Puskesmas Lengkong,ON PROCESS,263736,263736
KAB. SUKABUMI,UPTD RSUD SAGARANTEN - 1.02.0.00.0.00.01.0063,01KNR8YEBVTBPAQ7C08395B24W,66640385,2026,E-Katalog 6.0,APBD,DELVI PRIMATAMA,E-Purchasing,Barang,Belanja BMHP DAU RSUD Sagaranten,ON PROCESS,48285000,0
KAB. SUKABUMI,DINAS ARSIP DAN PERPUSTAKAAN - 2.24.2.23.0.00.01.0000,10873084000,63949417,2026,Non Tender,APBD,cv. cipta grha hafara,Pengadaan Langsung,Jasa Konsultansi Badan Usaha Konstruksi,Belanja Jasa Konsultansi Perencanaan Arsitektur-Jasa Desain Arsitektural,SELESAI,34842900,34842900
KAB. SUKABUMI,DINAS PERHUBUNGAN - 2.15.0.00.0.00.01.0000,10768155000,64706831,2026,Non Tender,APBD,CV. A CONSULTAN,Pengadaan Langsung,Jasa Konsultansi Badan Usaha Konstruksi,Belanja Jasa Konsultansi Pengawasan Pembangunan PJU,SELESAI,94060000,94060000
KAB. SUKABUMI,DINAS ARSIP DAN PERPUSTAKAAN - 2.24.2.23.0.00.01.0000,01KPARPXPQ3WZWRVP5RHBGZ4SQ,65685952,2026,E-Katalog 6.0,APBD,SADULUR SAJATI,E-Purchasing,Barang,Belanja Alat/Bahan untuk Kegiatan Kantor- Bahan Cetak,PAYMENT OUTSIDE SYSTEM,8887104,8887104
KAB. SUKABUMI,UOBK RSUD PALABUHANRATU - 1.02.0.00.0.00.01.0001,01K9W01CKSZG85E36FFZEJ11JW,64610114,2026,E-Katalog 6.0,BLUD,TIARA AGUNG PRATAMA,E-Purchasing,Barang,Belanja Bahan/Alat Pakai Habis Laboratorium,PAYMENT OUTSIDE SYSTEM,54370218,54370218
KAB. SUKABUMI,DINAS PERTANIAN - 3.27.2.09.0.00.01.0000,10866610000,63468793,2026,Non Tender,APBD,CV. Rizki Kurnia,Pengadaan Langsung,Pekerjaan Konstruksi,Persediaan Untuk Dijual/Diserahkan Lainnya - Jaringan Irigasi Pertanian Kec. Waluran Desa Mekarmukti Poktan Samelang,SELESAI,60880973,60880973
KAB. SUKABUMI,SEKRETARIAT DAERAH - 4.01.0.00.0.00.01.0000,01KQSWF0DTYTMVX372Y101P83S,66265908,2026,E-Katalog 6.0,APBD,RESTU SUBAGYA,E-Purchasing,Barang,Belanja Modal Mebel,ON PROCESS,31579500,31579500
KAB. SUKABUMI,UOBK RSUD SEKARWANGI - 1.02.0.00.0.00.01.0002,01KKJTXDRKYTKBVHSEFS6H5QGY,63079700,2026,E-Katalog 6.0,BLUD,MEGA LIFESCIENCES INDONESIA,E-Purchasing,Barang,Belanja Obat-obatan-Obat,ON PROCESS,1173825,1173825
KAB. SUKABUMI,DINAS PENDIDIKAN - 1.01.0.00.0.00.01.0000,10797218000,66037212,2026,Non Tender,APBD,cv. cipta grha hafara,Pengadaan Langsung,Jasa Konsultansi Badan Usaha Konstruksi,"Jasa Konsultan Perencanaan Pembangunan Sarana,Prasarana dan Utilitas Sekolah Wilayah 2",SELESAI,22232500,22232500
KAB. SUKABUMI,"BADAN PERENCANAAN PEMBANGUNAN, RISET DAN INOVASI DAERAH - 5.01.5.05.0.00.01.0000",01KKDA9ZP7MGB84MA1AWXCPQQ9,64567689,2026,E-Katalog 6.0,APBD,VIANIE,E-Purchasing,Jasa Lainnya,Belanja Makanan dan Minuman Rapat-Asistensi Bidang Perekonomian,PAYMENT OUTSIDE SYSTEM,2100000,2100000
KAB. SUKABUMI,DINAS PERUMAHAN DAN KAWASAN PERMUKIMAN - 1.03.1.04.2.11.01.0000,10817229000,65762912,2026,Non Tender,APBD,cv. cipta grha hafara,Pengadaan Langsung,Jasa Konsultansi Badan Usaha Konstruksi,DED Kantor UPTD DPKUKB Kec. Kalibunder,SELESAI,99316140,99316140
KAB. SUKABUMI,UOBK RSUD SEKARWANGI - 1.02.0.00.0.00.01.0002,01KNV6DWN126ST52YX7JN8GW02,63079700,2026,E-Katalog 6.0,BLUD,PJ. HERBAL NUSANTARA,E-Purchasing,Barang,Belanja Obat-obatan-Obat,ON PROCESS,8561430,8561430
KAB. SUKABUMI,UPTD PUSKESMAS CICANTAYAN - 1.02.0.00.0.00.01.0051,01KSH2YX6HMAAQHT94D2YRNP4A,65438298,2026,E-Katalog 6.0,BLUD,TRIFA RAYA LABORATORIES,E-Purchasing,Barang,Belanja Obat-Obatan Puskesmas Cicantayan Tahun 2026,COMPLETED,5050500,5050500
KAB. SUKABUMI,UOBK RSUD SEKARWANGI - 1.02.0.00.0.00.01.0002,01KTRFSVFT50GEY95WP4KMZPTD,63077986,2026,E-Katalog 6.0,BLUD,ARRA MEDSAINS INDONESIA,E-Purchasing,Barang,Belanja Bahan - Bahan Lainnya (BMHP Farmasi),ON PROCESS,49356150,49356150
KAB. SUKABUMI,DINAS PERUMAHAN DAN KAWASAN PERMUKIMAN - 1.03.1.04.2.11.01.0000,10890658000,67238136,2026,Non Tender,APBD,CV. Bintang Jaya Perkasa,Pengadaan Langsung,Pekerjaan Konstruksi,Pembangunan Drainase Kp Cijolang Rt004 Rw005 Desa Parakanlima Kec Cikembar,SELESAI,194971178,194971178
KAB. SUKABUMI,BADAN PENGELOLA KEUANGAN DAN ASET DAERAH - 5.02.0.00.0.00.01.0000,10788195000,65142492,2026,Non Tender,APBD,CV. GLOBAL PUTRA SEMBILAN,Pengadaan Langsung,Pengadaan Barang,Belanja Papan Pengumuman Aset Tanah,SELESAI,49800000,49800000
KAB. SUKABUMI,DINAS PEKERJAAN UMUM - 1.03.0.00.0.00.01.0000,10916168000,66752936,2026,Non Tender,APBD,CV CITARIK MUARA PERKASA,Pengadaan Langsung,Pekerjaan Konstruksi,Ruas Jalan Cicareuh - Bumisari Kecamatan Bantargadung,SELESAI,295122625,295122625
KAB. SUKABUMI,UPTD PUSKESMAS NAGRAK - 1.02.0.00.0.00.01.0048,01KJS72SJAT7R92545F5A3N5J9,65361864,2026,E-Katalog 6.0,BLUD,SATORIA ANEKA INDUSTRI,E-Purchasing,Barang,belanja barang pakai habis- belanja obat-obatan,COMPLETED,10800189,10800189
KAB. SUKABUMI,UPTD PUSKESMAS CIJANGKAR - 1.02.0.00.0.00.01.0011,01KPCN49DVHEXNQ1QSF975WFB1,65515296,2026,E-Katalog 6.0,BLUD,INDO PRIANGAN KATULISTIWA,E-Purchasing,Barang,Belanja Obat-Obatan-Obat Puskesmas Cijangkar,COMPLETED,4176375,4176375
KAB. SUKABUMI,DINAS PENDIDIKAN - 1.01.0.00.0.00.01.0000,10882782000,66235646,2026,Non Tender,APBD,CV. BERKAH KONSTRUKSI,Pengadaan Langsung,Pekerjaan Konstruksi,Rehabilitasi Sedang / Berat Ruang Kelas SDN Gadog Kec. Cikakak,SELESAI,138752013,138752013
KAB. SUKABUMI,UPTD PUSKESMAS CARINGIN - 1.02.0.00.0.00.01.0052,01KQV40CR3188QT3TM30DN8D1X,65659667,2026,E-Katalog 6.0,BLUD,KENCANA INSAN MANDIRI,E-Purchasing,Barang,Belanja Alat/Bahan untuk Kegiatan Kantor-Alat Listrik Puskesmas Caringin,COMPLETED,754800,754800
KAB. SUKABUMI,UOBK RSUD SEKARWANGI - 1.02.0.00.0.00.01.0002,01KH3A4V9XDX6Q9EW745RFF3JE,65009256,2026,E-Katalog 6.0,BLUD,ESTU ALAM KREASI,E-Purchasing,Barang,Belanja Modal Peralatan Jaringan,PAYMENT OUTSIDE SYSTEM,130513800,130513800
KAB. SUKABUMI,UOBK RSUD PALABUHANRATU - 1.02.0.00.0.00.01.0001,01KG2NYCJVHDYQJ5XZFRB7G58B,64624529,2026,E-Katalog 6.0,BLUD,MEDTEK,E-Purchasing,Barang,Belanja Modal Alat Kedokteran Umum ,ON PROCESS,1697190000,0
KAB. SUKABUMI,DINAS PEKERJAAN UMUM - 1.03.0.00.0.00.01.0000,10828831000,66743508,2026,Non Tender,APBD,SINTA ROMLI MANDIRI,Pengadaan Langsung,Pekerjaan Konstruksi,Pembuatan TPT dan Plat Beton Ruas Jalan Pangleseran - Leuwiliang Kecamatan Cikembar,SELESAI,185604058,185604058
KAB. SUKABUMI,UPTD PUSKESMAS CISAAT - 1.02.0.00.0.00.01.0053,01KGPFKAB4C8HABCKTK21T1K4C,64691552,2026,E-Katalog 6.0,BLUD,IMFARMIND FARMASI INDUSTRI,E-Purchasing,Barang,Belanja Belanja Obat-Obatan-Obat Puskesmas Cisaat TA. 2026,COMPLETED,2475300,2475300
KAB. SUKABUMI,SEKRETARIAT DAERAH - 4.01.0.00.0.00.01.0000,01KNKS4Q33GR707SV1VSD08JPW,66275670,2026,E-Katalog 6.0,APBD,HADIL MAHASIN,E-Purchasing,Barang,Belanja Alat/Bahan untuk Kegiatan Kantor-Bahan Komputer,PAYMENT OUTSIDE SYSTEM,62037450,62037450
KAB. SUKABUMI,UPTD PUSKESMAS JAMPANGTENGAH - 1.02.0.00.0.00.01.0058,01KKDAN095RCAAXPH5551CGGS3,65564675,2026,E-Katalog 6.0,BLUD,IMFARMIND FARMASI INDUSTRI,E-Purchasing,Barang,Belanja Obat-obatan,COMPLETED,2328669,2328669
KAB. SUKABUMI,DINAS PERHUBUNGAN - 2.15.0.00.0.00.01.0000,01KJCP1EVTRVDP0YVQMTN887JE,64706850,2026,E-Katalog 6.0,APBD,FADHILLAH,E-Purchasing,Jasa Lainnya," Pembangunan PJU di Wilayah Desa Kadaleman Kec. Surade (12 Titik)",ON PROCESS,191208600,191208600
KAB. SUKABUMI,UOBK RSUD SEKARWANGI - 1.02.0.00.0.00.01.0002,01KGGSC5SB2J1NDR5JPKJZQKC9,63460557,2026,E-Katalog 6.0,BLUD,SODARA BERSAMA,E-Purchasing,Barang,Belanja Bahan-Bahan Lainnya (Pengolahan Makanan/gizi),ON PROCESS,172962864,172962864
KAB. SUKABUMI,UPTD PUSKESMAS PALABUHANRATU - 1.02.0.00.0.00.01.0034,01KTJRMQVZQN42WJSW0ZFJ6TRV,66292815,2026,E-Katalog 6.0,BLUD,INDO PRIANGAN KATULISTIWA,E-Purchasing,Barang,Belanja Obat-Obatan-Obat Puskesmas Palabuhanratu,ON PROCESS,46903050,46903050
KAB. SUKABUMI,UPTD PUSKESMAS PALABUHANRATU - 1.02.0.00.0.00.01.0034,01KTJSTBD6VTV10160K30Y80JF,66293070,2026,E-Katalog 6.0,BLUD,INDO PRIANGAN KATULISTIWA,E-Purchasing,Barang,Belanja Obat-Obatan-Obat-Obatan Lainnya (BHP) Puskesmas Palabuhanratu,ON PROCESS,2858250,2858250
KAB. SUKABUMI,UOBK RSUD SEKARWANGI - 1.02.0.00.0.00.01.0002,10787012000,64933669,2026,Non Tender,BLUD,CV. AR. ALGHIFARI,Pengadaan Langsung,Pekerjaan Konstruksi,Pemeliharaan Gedung Ponek,SELESAI,49720000,49720000
KAB. SUKABUMI,UPTD PUSKESMAS CISAAT - 1.02.0.00.0.00.01.0053,01KRDEK1RCCYMRXRN8Q240PYF0,64691552,2026,E-Katalog 6.0,BLUD,LUCAS DJAJA,E-Purchasing,Barang,Belanja Belanja Obat-Obatan-Obat Puskesmas Cisaat TA. 2026,ON PROCESS,1996890,1996890
KAB. SUKABUMI,DINAS PENDIDIKAN - 1.01.0.00.0.00.01.0000,10867863000,66052776,2026,Non Tender,APBD,CV. BERKAH KONSTRUKSI,Pengadaan Langsung,Pekerjaan Konstruksi,Rehabilitasi Sedang / Berat Ruang Kelas di DAK SDN Bojongasih 1  Kec. Parakansalak,SELESAI,193105939,193105939
KAB. SUKABUMI,UPTD PUSKESMAS BANTARGADUNG - 1.02.0.00.0.00.01.0031,01KPST3XWPJPTY5BQAA9BNYXHM,66286526,2026,E-Katalog 6.0,BLUD,RAIHAN ANUGRAH MEDIKA,E-Purchasing,Barang,Belanja habis pakai alat kesehatan (BHP medis) Puskesmas Bantargadung,COMPLETED,22942429,22942429
KAB. SUKABUMI,DINAS PERUMAHAN DAN KAWASAN PERMUKIMAN - 1.03.1.04.2.11.01.0000,10844763000,66952561,2026,Non Tender,APBD,CV. DIAN KARTA,Pengadaan Langsung,Pekerjaan Konstruksi,"Pembangunan Sarana Air Bersih Kp Bojongkopo Rt 12 Rw07 Desa Tonjong Kecamatan Palabuhanratu, Kab Sukabumi",SELESAI,195080337,195080337
KAB. SUKABUMI,UPTD PUSKESMAS CURUGKEMBAR - 1.02.0.00.0.00.01.0016,01KQ1MPGPFWPXRY629XHFQJN6C,66467169,2026,E-Katalog 6.0,BLUD,IMFARMIND FARMASI INDUSTRI,E-Purchasing,Barang,Belanja Obat-Obatan-Obat UPTD Puskesmas Curugkembar,ON PROCESS,3885000,3885000
KAB. SUKABUMI,"DINAS KEBUDAYAAN, PEMUDA DAN OLAHRAGA - 2.22.2.19.0.00.01.0000",01KT6ZQSZX17K9NPQNAK545HC9,67242609,2026,E-Katalog 6.0,APBD,ARKASA PUTRA PRATAMA,E-Purchasing,Jasa Lainnya,Belanja Sewa Kendaraan Bermotor Penumpang Pekan Olahraga Pelajar Wilayah Daerah ( POPWILDA ) Kabupaten Sukabumi,ON PROCESS,44444400,44444400
KAB. SUKABUMI,DINAS PERTANIAN - 3.27.2.09.0.00.01.0000,10754984000,63468748,2026,Non Tender,APBD,PT. CAHAYA ABADI KONSULTINDO,Pengadaan Langsung,Jasa Konsultansi Badan Usaha Konstruksi,Persediaan Untuk Dijual/Diserahkan Lainnya - Konsultan perencanaan irigasi pertanian wil. 6,SELESAI,99622500,99622500
KAB. SUKABUMI,UPTD PUSKESMAS NAGRAK - 1.02.0.00.0.00.01.0048,01KRFSW2WTC9GVQX2JEF54HKMQ,65361864,2026,E-Katalog 6.0,BLUD,PHAPROS,E-Purchasing,Barang,belanja barang pakai habis- belanja obat-obatan,COMPLETED,2365965,2365965
KAB. SUKABUMI,DINAS KESEHATAN - 1.02.0.00.0.00.01.0000,10892658000,66862163,2026,Non Tender,APBD,CV. TIGA PERKASA,Pengadaan Langsung,Pekerjaan Konstruksi,Rehabilitasi Puskesmas Pembantu [Pustu]  Cijulang Puskesmas Jampangtengah,SELESAI,123244000,123244000
KAB. SUKABUMI,DINAS PERUMAHAN DAN KAWASAN PERMUKIMAN - 1.03.1.04.2.11.01.0000,10894268000,67216175,2026,Non Tender,APBD,CV. KUJANG KEMBAR,Pengadaan Langsung,Pekerjaan Konstruksi,Pembangunan Drainase Kp Cijambe Rt 02 Rw 22 Desa Citepus Kec Palabuhanratu,SELESAI,189170968,189170968
KAB. SUKABUMI,DINAS PERDAGANGAN DAN PERINDUSTRIAN - 3.31.3.29.3.30.01.0000,01KFZ93WPWWN59Y9EH4RFJE8X7,63842379,2026,E-Katalog 6.0,APBD,RIZKI SARANA,E-Purchasing,Barang,Vertical Blind Dinas Perdagangan dan Perindustrian,ON PROCESS,197802000,197802000
KAB. SUKABUMI,UPTD PUSKESMAS JAMPANGTENGAH - 1.02.0.00.0.00.01.0058,01KNTN7SCHFV2TCNYNBDDHJKWR,65564675,2026,E-Katalog 6.0,BLUD,HEXPHARM JAYA LABORATORIES,E-Purchasing,Barang,Belanja Obat-obatan,COMPLETED,9998880,9998880
KAB. SUKABUMI,INSPEKTORAT - 6.01.0.00.0.00.01.0000,01KPS9Q60RTB7SNX3BJDK7JYDE,64785968,2026,E-Katalog 6.0,APBD,HADIL MAHASIN,E-Purchasing,Jasa Lainnya,Pengadaan Upgrading/Penggantian Komponen Server,PAYMENT OUTSIDE SYSTEM,29970000,0
KAB. SUKABUMI,UPTD PUSKESMAS BANTARGADUNG - 1.02.0.00.0.00.01.0031,01KQR9ARWMMHXPJMBCY1XP08TY,66286510,2026,E-Katalog 6.0,BLUD,INDO PRIANGAN KATULISTIWA,E-Purchasing,Barang,Belanja bahan obat-obatan (Puskesmas Bantargadung),ON PROCESS,24774645,24774645
KAB. SUKABUMI,UPTD PUSKESMAS KADUDAMPIT - 1.02.0.00.0.00.01.0056,01KPW0KQCTQTFFEDDD7MHY8N3M,66645626,2026,E-Katalog 6.0,BLUD,ZAYIN ZAHIRA,E-Purchasing,Barang,Belanja Cetak dan Penggandaan puskesmas kadudampit,COMPLETED,12208890,12208890
KAB. SUKABUMI,DINAS PERUMAHAN DAN KAWASAN PERMUKIMAN - 1.03.1.04.2.11.01.0000,10875285000,65763170,2026,Non Tender,APBD,SELARAS RAHAYU KONSTRUKSI,Pengadaan Langsung,Pekerjaan Konstruksi,Pembangunan Sarana Air Bersih Kp. Cipancur Rt 07 Rw 02 Desa Kademangan Kecamatan Surade,SELESAI,390754385,390754385
KAB. SUKABUMI,UPTD PUSKESMAS CARINGIN - 1.02.0.00.0.00.01.0052,01KKVCAFZX1K6NJ5FMC56G07B8,65705026,2026,E-Katalog 6.0,BLUD,KENCANA INSAN MANDIRI,E-Purchasing,Jasa Lainnya,Belanja Pemeliharaan Alat Kantor dan Rumah Tangga Alat2 Lainnya Puskesmas Caringin,COMPLETED,4961700,4961700
KAB. SUKABUMI,UOBK RSUD SEKARWANGI - 1.02.0.00.0.00.01.0002,01KP903DG8X06QC1VCKCAPKJAR,66510965,2026,E-Katalog 6.0,BLUD,TIARA AGUNG PRATAMA,E-Purchasing,Barang,Belanja Bahan-Bahan Kimia,ON PROCESS,12149949,0
KAB. SUKABUMI,DINAS PERDAGANGAN DAN PERINDUSTRIAN - 3.31.3.29.3.30.01.0000,10851081000,67056221,2026,Non Tender,APBD,PT. CAHAYA ABADI KONSULTINDO,Pengadaan Langsung,Jasa Konsultansi Badan Usaha Non Konstruksi,Perencanaan Rehabilitasi Toilet Kantor Dinas Perdagangan dan Perindustrian Kab. Sukabumi,SELESAI,3552000,3552000
KAB. SUKABUMI,DINAS PERDAGANGAN DAN PERINDUSTRIAN - 3.31.3.29.3.30.01.0000,10860547000,63905399,2026,Non Tender,APBD,PT.BINA MUDA KONSULTAN,Pengadaan Langsung,Jasa Konsultansi Badan Usaha Konstruksi,Jasa Konsultansi Pengawasan Pembuatan TPS Pasar Jampangkulon,SELESAI,2331000,2331000
KAB. SUKABUMI,DINAS TENAGA KERJA DAN TRANSMIGRASI - 2.07.3.32.0.00.01.0000,10763513000,63890229,2026,Non Tender,APBD,Tri Putra Mandiri Consultant,Pengadaan Langsung,Jasa Konsultansi Badan Usaha Konstruksi,Bangunan Gedung Kantor (Jasa Konsultan Perencanaan Konstruksi Pemeliharaan Tembok Pagar Gedung UPTD BLK),SELESAI,4059300,4059300
KAB. SUKABUMI,DINAS PERTANAHAN DAN TATA RUANG - 2.10.1.03.0.00.01.0000,01KRZKDF1BQRQJTSHJWT6XGJFV,67152330,2026,E-Katalog 6.0,APBD,ABGHA PUTRA PRATAMA,E-Purchasing,Barang,Belanja Barang Pakai Habis,ON PROCESS,81007400,81007400
KAB. SUKABUMI,UPTD PUSKESMAS CICURUG - 1.02.0.00.0.00.01.0044,01KNGFN708RYWF36M12VVQHBDG,65369032,2026,E-Katalog 6.0,BLUD,DARYA-VARIA LABORATORIA,E-Purchasing,Barang,Belanja Persediaan Bahan Obat - Obatan ,PAYMENT OUTSIDE SYSTEM,460606,460606
KAB. SUKABUMI,UOBK RSUD SEKARWANGI - 1.02.0.00.0.00.01.0002,01KGPHA0AC2EMBBF1G84C6S711,63079700,2026,E-Katalog 6.0,BLUD,FINUSOLPRIMA FARMA INTERNASIONAL,E-Purchasing,Barang,Belanja Obat-obatan-Obat,ON PROCESS,3396866,3396866
KAB. SUKABUMI,UPTD PUSKESMAS WARUNGKIARA - 1.02.0.00.0.00.01.0030,01KS1F1A27983XGC932MZE1SBG,66149364,2026,E-Katalog 6.0,BLUD,CIPTA MEDIKA SEMPURNA,E-Purchasing,Barang,Belanja Bahan Medis Habis Pakai Puskesmas Warungkiara,COMPLETED,4483956,0
KAB. SUKABUMI,DINAS PERDAGANGAN DAN PERINDUSTRIAN - 3.31.3.29.3.30.01.0000,10828939000,63905337,2026,Non Tender,APBD,ANUGRAH CIPTA CONSULTANT,Pengadaan Langsung,Jasa Konsultansi Badan Usaha Non Konstruksi,Jasa Konsultansi Perencanaan Perkerasan Jalan Lingkar Pasar Sagaranten,SELESAI,11544000,11544000
KAB. SUKABUMI,"DINAS KOPERASI, USAHA KECIL DAN MENENGAH - 2.17.0.00.0.00.01.0000",01KG4KCAVNXW19AP9WHSDM65W4,63712870,2026,E-Katalog 6.0,APBD,MEDIATAMA BINAKREASI,E-Purchasing,Jasa Lainnya,Sewa Stand Pameran Inacraft,ON PROCESS,39499905,39499905
KAB. SUKABUMI,UPTD PUSKESMAS WARUNGKIARA - 1.02.0.00.0.00.01.0030,01KV4NVCPYF90MWN4PNKDB5RJH,66149129,2026,E-Katalog 6.0,BLUD,NOVAPHARIN,E-Purchasing,Barang,Belanja Obat-Obatan Puskesmas Warungkiara,ON PROCESS,6959700,6959700
KAB. SUKABUMI,UOBK RSUD SEKARWANGI - 1.02.0.00.0.00.01.0002,01KPZMQ1TEJ4P3KTEC0V0BC1FA,63077986,2026,E-Katalog 6.0,BLUD,IDS MEDICAL SYSTEMS INDONESIA,E-Purchasing,Barang,Belanja Bahan - Bahan Lainnya (BMHP Farmasi),ON PROCESS,5359080,0
KAB. SUKABUMI,DINAS PERDAGANGAN DAN PERINDUSTRIAN - 3.31.3.29.3.30.01.0000,10828954000,63905348,2026,Non Tender,APBD,ANUGRAH CIPTA CONSULTANT,Pengadaan Langsung,Jasa Konsultansi Badan Usaha Non Konstruksi,Jasa Konsultansi Perencanaan Pembangunan TPS Pasar Sagaranten,SELESAI,3069150,3069150
KAB. SUKABUMI,DINAS PEKERJAAN UMUM - 1.03.0.00.0.00.01.0000,10928821000,67329238,2026,Non Tender,APBD,CV. SOCA INTEN,Pengadaan Langsung,Pekerjaan Konstruksi,Pembuatan TPT Ruas Jalan Citepus - Cikurutug Kecamatan Palabuhanratu,BERLANGSUNG,93051276,93051276
KAB. SUKABUMI,DINAS PERUMAHAN DAN KAWASAN PERMUKIMAN - 1.03.1.04.2.11.01.0000,01KT73965YKHY4WPDF9W6H248P,66589184,2026,E-Katalog 6.0,APBD,CIPTA BUMI PERSADA,E-Purchasing,Barang,Pengadaan UPS,ON PROCESS,25807500,25807500
KAB. SUKABUMI,UPTD PUSKESMAS KALIBUNDER - 1.02.0.00.0.00.01.0028,01KS6YHMKTS5QJJ6V1YWS1J358,65601628,2026,E-Katalog 6.0,BLUD,INDO PRIANGAN KATULISTIWA,E-Purchasing,Barang,Belanja Obat-Obatan-Obat Puskesmas Kalibunder Tahun 2026,ON PROCESS,771450,771450
KAB. SUKABUMI,DINAS PETERNAKAN - 3.27.0.00.0.00.01.0000,01KJVHEB5RAMSJ81V311AV0HSZ,64792067,2026,E-Katalog 6.0,APBD,KOPERASI PRODUSEN KJUB PUSPETA SARI,E-Purchasing,Barang,Pengadaan Pakan Konsentrat Sapi Potong,ON PROCESS,152452500,152452500
KAB. SUKABUMI,KECAMATAN KABANDUNGAN - 7.01.0.00.0.00.26.0000,10817904000,66832063,2026,Non Tender,APBD,CV HELISFA RAHAYU KONSTRUKSI,Pengadaan Langsung,Pengadaan Barang,Penyediaan Peralatan dan Perlengkapan Kantor,SELESAI,99720000,0
KAB. SUKABUMI,UOBK RSUD SEKARWANGI - 1.02.0.00.0.00.01.0002,01KJ4K7H6GTJJX6XJ68DKFG42E,64797413,2026,E-Katalog 6.0,BLUD,ENDO INDONESIA,E-Purchasing,Barang,Belanja Bahan-Bahan Lainnya (BHP Alat Kesehatan dan Alat Kedokteran),ON PROCESS,57210786,57210786
KAB. SUKABUMI,BADAN PENGELOLA KEUANGAN DAN ASET DAERAH - 5.02.0.00.0.00.01.0000,01KQ6ZTMVTSAFHKT4DZJJF8V1G,66413781,2026,E-Katalog 6.0,APBD,HADIL MAHASIN,E-Purchasing,Barang,Penyediaan Peralatan dan Perlengkapan Kantor,ON PROCESS,88822200,88822200
KAB. SUKABUMI,DINAS PEKERJAAN UMUM - 1.03.0.00.0.00.01.0000,10803362000,66369716,2026,Non Tender,APBD,CV. KIDANG KENCANA,Pengadaan Langsung,Pekerjaan Konstruksi,Ruas Jalan Warungceuri - Purwasari Kecamatan Cicurug,SELESAI,372931292,372931292
KAB. SUKABUMI,UOBK RSUD SEKARWANGI - 1.02.0.00.0.00.01.0002,01KRX4KJGX9H8Y09DY26DCK2B1,63079700,2026,E-Katalog 6.0,BLUD,KALBE FARMA,E-Purchasing,Barang,Belanja Obat-obatan-Obat,ON PROCESS,2830001,0
KAB. SUKABUMI,DINAS PERUMAHAN DAN KAWASAN PERMUKIMAN - 1.03.1.04.2.11.01.0000,10883084000,65761424,2026,Non Tender,APBD,CV. ALADIN GAYA SEJAHTERA,Pengadaan Langsung,Pekerjaan Konstruksi,Jalan Lingkungan Rt 002 Rw 10 Desa Hegarmanah Kec Cicantayan,SELESAI,191811136,191811136
KAB. SUKABUMI,UOBK RSUD SEKARWANGI - 1.02.0.00.0.00.01.0002,01KRXEZCJKJB5WN14G4J1SHW26,63079700,2026,E-Katalog 6.0,BLUD,OTSUKA INDONESIA,E-Purchasing,Barang,Belanja Obat-obatan-Obat,ON PROCESS,19590224,19590224
KAB. SUKABUMI,UOBK RSUD PALABUHANRATU - 1.02.0.00.0.00.01.0001,01KC6C79JEKBS0NHZSGT07E7F3,64610114,2026,E-Katalog 6.0,BLUD,ANDARA TATA MITRA,E-Purchasing,Barang,Belanja Bahan/Alat Pakai Habis Laboratorium,ON PROCESS,39197430,39197430
KAB. SUKABUMI,UPTD PUSKESMAS LIMBANGAN - 1.02.0.00.0.00.01.0005,01KVVN571J0BHAA82N67RQ8CT0,66118285,2026,E-Katalog 6.0,BLUD,INDO PRIANGAN KATULISTIWA,E-Purchasing,Barang,Belanja Obat obatan,ON PROCESS,15891038,15891038
KAB. SUKABUMI,DINAS PERHUBUNGAN - 2.15.0.00.0.00.01.0000,01KH99F5GBXY9SH3TK8S2D8S4V,64706841,2026,E-Katalog 6.0,APBD,TRAMAK KARYA JAYA,E-Purchasing,Jasa Lainnya,Pembangunan PJU di Wilayah Desa Caringin Kecamatan Gegerbitung (6 Titik),ON PROCESS,95371200,95371200
KAB. SUKABUMI,"BADAN PERENCANAAN PEMBANGUNAN, RISET DAN INOVASI DAERAH - 5.01.5.05.0.00.01.0000",01KG4YA01VJEFS359R760PXFZS,64670696,2026,E-Katalog 6.0,APBD,VIANIE,E-Purchasing,Jasa Lainnya,Belanja Makanan dan Minuman Rapat-Koordinasi Bidang Pemerintahan,PAYMENT OUTSIDE SYSTEM,4900000,4900000
KAB. SUKABUMI,DINAS LINGKUNGAN HIDUP - 2.11.1.03.0.00.01.0000,10804227000,64486825,2026,Non Tender,APBD,CV. WAHANA INOVASI CONSULTANT,Pengadaan Langsung,Jasa Konsultansi Badan Usaha Konstruksi,Penyusunan DED Kolam dan Drainase Penampung Air Lindi TPA Kadaleman,SELESAI,99650250,99650250
KAB. SUKABUMI,UOBK RSUD SEKARWANGI - 1.02.0.00.0.00.01.0002,01KS4ADW531P0B97YWG92X0XKF,66724024,2026,E-Katalog 6.0,BLUD,ABGHA PUTRA PRATAMA,E-Purchasing,Barang,Belanja Alat/Bahan untuk Kegiatan Kantor-Bahan Komputer,ON PROCESS,32249979,32249979
KAB. SUKABUMI,UPTD PUSKESMAS CICANTAYAN - 1.02.0.00.0.00.01.0051,01KP7GKMGWYTXEQERJ9KVDQ9EZ,65439963,2026,E-Katalog 6.0,BLUD,INDO ALTON PERKASA,E-Purchasing,Barang,Belanja Bahan Medis Habis Pakai Puskesmas Cicantayan Tahun 2026,COMPLETED,22499978,22499978
KAB. SUKABUMI,UOBK RSUD SEKARWANGI - 1.02.0.00.0.00.01.0002,01KGPR1NE00WGRQ3A5BANNGV6Y,63079700,2026,E-Katalog 6.0,BLUD,PJ. HERBAL NUSANTARA,E-Purchasing,Barang,Belanja Obat-obatan-Obat,ON PROCESS,4986009,4986009
KAB. SUKABUMI,DINAS KESEHATAN - 1.02.0.00.0.00.01.0000,01KNNZTMPNDV7HVVK2V0392FC9,65613325,2026,E-Katalog 6.0,APBD,SAMPHARINDO PERDANA,E-Purchasing,Barang,Pengadaan Obat Pelayanan Kesehatan Dasar PKD (DAK NF),PAYMENT OUTSIDE SYSTEM,171093735,171093735
KAB. SUKABUMI,UPTD PUSKESMAS CISAAT - 1.02.0.00.0.00.01.0053,01KNK7ZMQ8WETAA0AT9JMK19BS,64691552,2026,E-Katalog 6.0,BLUD,PERUSAHAAN PERSEROAN (PERSERO) PT KIMIA FARMA,E-Purchasing,Barang,Belanja Belanja Obat-Obatan-Obat Puskesmas Cisaat TA. 2026,ON PROCESS,1574424,1574424
KAB. SUKABUMI,SEKRETARIAT DAERAH - 4.01.0.00.0.00.01.0000,10819934000,66275469,2026,Non Tender,APBD,CV. NADIA CIPTA MANDIRI,Pengadaan Langsung,Pengadaan Barang,Penyediaan Pakaian Dinas dan Atribut Kelengkapan Kepala Daerah dan Wakil Kepala Daerah,SELESAI,44300000,44300000
KAB. SUKABUMI,DINAS PERUMAHAN DAN KAWASAN PERMUKIMAN - 1.03.1.04.2.11.01.0000,10832759000,66932784,2026,Non Tender,APBD,CV.RANIA PUTRI LAUT,Pengadaan Langsung,Pekerjaan Konstruksi,Jalan Lingkungan Rt012-Rw004 Desa Kutasirna Kecamatan Cisaat,SELESAI,192073806,192073806
KAB. SUKABUMI,UPTD PUSKESMAS CIKAKAK - 1.02.0.00.0.00.01.0035,01KQ8XVF86WHWVTY88R36GFWX5,65505795,2026,E-Katalog 6.0,BLUD,PERUSAHAAN PERSEROAN (PERSERO) PT KIMIA FARMA,E-Purchasing,Barang,Belanja Obat-obatan- Obat UPTD Puskesmas Cikakak Tahun 2026,ON PROCESS,6649788,6649788
KAB. SUKABUMI,UOBK RSUD PALABUHANRATU - 1.02.0.00.0.00.01.0001,01KSH75HFYX09ZTP6KP2TRJGNB,64622587,2026,E-Katalog 6.0,BLUD,DANKOS FARMA,E-Purchasing,Barang,Belanja Obat - Obatan,ON PROCESS,41997960,41997960
KAB. SUKABUMI,UOBK RSUD SEKARWANGI - 1.02.0.00.0.00.01.0002,01KVSA4FM8J4RRYCRS2H5V2S9N,63077986,2026,E-Katalog 6.0,BLUD,MEDIHOP,E-Purchasing,Barang,Belanja Bahan - Bahan Lainnya (BMHP Farmasi),ON PROCESS,98929025,98929025
KAB. SUKABUMI,DINAS PERHUBUNGAN - 2.15.0.00.0.00.01.0000,01KH7YX9KMW03MJXJ2NS3KBKJP,64706799,2026,E-Katalog 6.0,APBD,BINA JASA,E-Purchasing,Jasa Lainnya,Pembangunan PJU di Wilayah Kec. Nyalindung dan Purabaya (31 Titik),ON PROCESS,494450000,494450000
KAB. SUKABUMI,UPTD PUSKESMAS CIKAKAK - 1.02.0.00.0.00.01.0035,01KQ8WZHVVXRKGAA1MNDBPEW5S,65506343,2026,E-Katalog 6.0,BLUD,CIPTA MEDIKA SEMPURNA,E-Purchasing,Barang,Belanja Obat-obatan- Obat-Obatan Lainnya (BMHP Medis) UPTD Puskesmas CIkakak Tahun 2026,ON PROCESS,2931510,0
KAB. SUKABUMI,UPTD PUSKESMAS SURADE - 1.02.0.00.0.00.01.0021,01KRWJJ5R3ZFSERSZN837A64PE,65709411,2026,E-Katalog 6.0,BLUD,BERNOFARM,E-Purchasing,Barang,Belanja Obat-Obatan-Obat PKM Surade 2026,ON PROCESS,27203325,27203325
KAB. SUKABUMI,DINAS LINGKUNGAN HIDUP - 2.11.1.03.0.00.01.0000,10864084000,64482457,2026,Non Tender,APBD,CV. KARUNIA ABADI KONSULTAN,Pengadaan Langsung,Jasa Konsultansi Badan Usaha Konstruksi,Belanja Modal Bangunan Penampung Sampah - Jasa Konsultansi Pengawasan Pemeliharaan TPSS,SELESAI,3796200,3796200
KAB. SUKABUMI,DINAS PERTANIAN - 3.27.2.09.0.00.01.0000,10851050000,63841730,2026,Non Tender,APBD,Tri Putra Mandiri Consultant,Pengadaan Langsung,Jasa Konsultansi Badan Usaha Konstruksi,Belanja Modal Pagar (Jasa Konsultan Pengawasan Pagar Kantor Dinas Pertanian),SELESAI,1486290,1486290
KAB. SUKABUMI,BADAN KEPEGAWAIAN DAN PENGEMBANGAN SUMBER DAYA MANUSIA - 5.03.5.04.0.00.01.0000,01KH5S7W3KAMXSXKGPT3A8CW85,64398661,2026,E-Katalog 6.0,APBD,EDRA AUSI AKBAR,E-Purchasing,Jasa Lainnya,Belanja Makanan dan Minuman Peserta Kegiatan Pembinaan Disiplin ASN,PAYMENT OUTSIDE SYSTEM,35700000,35700000
KAB. SUKABUMI,DINAS PERUMAHAN DAN KAWASAN PERMUKIMAN - 1.03.1.04.2.11.01.0000,10850066000,65763067,2026,Non Tender,APBD,CV. ERKA SATRIA AL HAKIM,Pengadaan Langsung,Pekerjaan Konstruksi,Drainase Kp. Cikareo Rt.007/Rw.003 Desa Sidamulya,SELESAI,144456041,144456041
KAB. SUKABUMI,DINAS PEKERJAAN UMUM - 1.03.0.00.0.00.01.0000,10916428000,66769230,2026,Non Tender,APBD,CV. Sumber Kuat,Pengadaan Langsung,Pekerjaan Konstruksi,Ruas Jalan Ciraden Kecamatan Cisaat,SELESAI,373676440,373676440
KAB. SUKABUMI,UPTD PUSKESMAS GEGERBITUNG - 1.02.0.00.0.00.01.0009,01KR0AAKSXTJN80V9FN065E58Z,66628986,2026,E-Katalog 6.0,BLUD,PHAPROS,E-Purchasing,Barang,Belanja Bahan Obat-obatan UPTD Puskesmas Cireunghas,ON PROCESS,6461865,6461865
KAB. SUKABUMI,UPTD PUSKESMAS NAGRAK - 1.02.0.00.0.00.01.0048,01KH8A9VMSN7NF840WF977AJ96,65483432,2026,E-Katalog 6.0,BLUD,KENCANA INSAN MANDIRI,E-Purchasing,Barang,Belanja Alat/Bahan untuk Kegiatan Kantor-Alat Listrik,COMPLETED,1570650,1570650
KAB. SUKABUMI,UPTD PUSKESMAS BANTARGADUNG - 1.02.0.00.0.00.01.0031,01KPMEP7AVB47PVDE7WKAHDQWJ,66286526,2026,E-Katalog 6.0,BLUD,MULAWARMAN KESADA MEDICALINDO,E-Purchasing,Barang,Belanja habis pakai alat kesehatan (BHP medis) Puskesmas Bantargadung,ON PROCESS,5778660,5778660
KAB. SUKABUMI,DINAS PEMADAM KEBAKARAN DAN PENYELAMATAN - 1.05.0.00.0.00.01.0000,01KKAWPHRVWYRYDJB427P1E7BZ,66271023,2026,E-Katalog 6.0,APBD,ARRAHMAN BERKAH ABADI,E-Purchasing,Barang,Pengadaan Alat Tulis Kantor,ON PROCESS,53403765,53403765
KAB. SUKABUMI,DINAS SOSIAL - 1.06.0.00.0.00.01.0000,01KHBNXGAV4CTJK8DVTC2MV9WX,65219127,2026,E-Katalog 6.0,APBD,RUSYDA,E-Purchasing,Barang,Pengadaan Peralatan dan Mesin Lainnya,ON PROCESS,164946000,164946000
KAB. SUKABUMI,UOBK RSUD PALABUHANRATU - 1.02.0.00.0.00.01.0001,01KJA2EA1A7JREEH0Z7TNQ2MTH,64622587,2026,E-Katalog 6.0,BLUD,MAHAKAM BETA FARMA,E-Purchasing,Barang,Belanja Obat - Obatan,ON PROCESS,44582040,44582040
KAB. SUKABUMI,DINAS PERTANIAN - 3.27.2.09.0.00.01.0000,10843678000,63468792,2026,Non Tender,APBD,CV. Sumber Kuat,Pengadaan Langsung,Pekerjaan Konstruksi,Persediaan Untuk Dijual/Diserahkan Lainnya - Jaringan Irigasi Pertanian Kec. Palabuhanratu Desa Cikadu Poktan Berkah Tani,SELESAI,74886320,74886320
KAB. SUKABUMI,DINAS PERTANIAN - 3.27.2.09.0.00.01.0000,10818146000,63468855,2026,Non Tender,APBD,CV. AGUNG BINA PUTRA,Pengadaan Langsung,Pekerjaan Konstruksi,Persediaan Untuk Dijual/Diserahkan Lainnya - Jaringan Irigasi Pertanian Kec. Cikakak Desa Sirnarasa Poktan Subur Mukti,SELESAI,230792651,230792651
KAB. SUKABUMI,UOBK RSUD SEKARWANGI - 1.02.0.00.0.00.01.0002,01KQC62H8Z3XRAHA8STWSXKKW5,63077986,2026,E-Katalog 6.0,BLUD,JAYAMAS MEDICA INDUSTRI,E-Purchasing,Barang,Belanja Bahan - Bahan Lainnya (BMHP Farmasi),ON PROCESS,46551180,46551180
KAB. SUKABUMI,DINAS PERUMAHAN DAN KAWASAN PERMUKIMAN - 1.03.1.04.2.11.01.0000,10915404000,67216167,2026,Non Tender,APBD,cv. putra mandiri,Pengadaan Langsung,Pekerjaan Konstruksi,Pembangunan Drainase Rt 024 Rw 004 Desa Kalibunder Kec Kalibunder,SELESAI,93280987,93280987
KAB. SUKABUMI,"DINAS KOMUNIKASI, INFORMATIKA DAN PERSANDIAN - 2.16.2.21.2.20.01.0000",10811337000,66236200,2026,Non Tender,APBD,CV. ARRAYYAN JAYA MANDIRI,Pengadaan Langsung,Pekerjaan Konstruksi,Rehab gedung Aula Diskomifosan,SELESAI,68323561,68323561
KAB. SUKABUMI,UPTD PUSKESMAS BOJONGGENTENG - 1.02.0.00.0.00.01.0040,01KS6YTCBV211XBC0CVPKT1Y6P,65549575,2026,E-Katalog 6.0,BLUD,INDO ALTON PERKASA,E-Purchasing,Barang,Belanja Bahan Bahan Habis Pakai,ON PROCESS,5100450,5100450
KAB. SUKABUMI,UOBK RSUD SEKARWANGI - 1.02.0.00.0.00.01.0002,01KV9R1DKHF8EHADHX9MDZR3J3,63079700,2026,E-Katalog 6.0,BLUD,BERNOFARM,E-Purchasing,Barang,Belanja Obat-obatan-Obat,ON PROCESS,34475490,34475490
KAB. SUKABUMI,"BADAN PERENCANAAN PEMBANGUNAN, RISET DAN INOVASI DAERAH - 5.01.5.05.0.00.01.0000",01KRFTYEW8M2D310FJ998C5YXC,64771270,2026,E-Katalog 6.0,APBD,BUDI JAYA,E-Purchasing,Jasa Lainnya,Pengadaan Langsung Obat Fumigasi,PAYMENT OUTSIDE SYSTEM,49561500,49561500
KAB. SUKABUMI,DINAS PERTANIAN - 3.27.2.09.0.00.01.0000,10819642000,63468772,2026,Non Tender,APBD,CV. Berkah Bumi Parahyangan,Pengadaan Langsung,Pekerjaan Konstruksi,Persediaan Untuk Dijual/Diserahkan Lainnya - Jaringan Irigasi Pertanian Kec. Waluran Desa Mekarmukti Poktan Bojong Kamiring,SELESAI,99952602,99952602
KAB. SUKABUMI,UOBK RSUD SEKARWANGI - 1.02.0.00.0.00.01.0002,01KPT308K5HG6946ATB1FMTA89,63077986,2026,E-Katalog 6.0,BLUD,KENANGA UTAMA PERMAI,E-Purchasing,Barang,Belanja Bahan - Bahan Lainnya (BMHP Farmasi),ON PROCESS,13602162,13602162
KAB. SUKABUMI,UPTD PUSKESMAS NAGRAK - 1.02.0.00.0.00.01.0048,01KTJY863HVEVM62EG6BF230G0,65362722,2026,E-Katalog 6.0,BLUD,KENANGA UTAMA PERMAI,E-Purchasing,Barang,belanja barang pakai habis- belanja obat-obatan-obat lainnya,COMPLETED,3030300,3030300
KAB. SUKABUMI,DINAS PEKERJAAN UMUM - 1.03.0.00.0.00.01.0000,10136531000,66860007,2026,Tender,APBD,SAFIR RAYA UTAMA,Tender,Pekerjaan Konstruksi,Ruas Jalan Leuwiliang - Bojongtipar Kecamatan Jampangtengah,SELESAI,1333503500,1333503500
KAB. SUKABUMI,DINAS PERUMAHAN DAN KAWASAN PERMUKIMAN - 1.03.1.04.2.11.01.0000,10816136000,65761417,2026,Non Tender,APBD,CV. FIKRI PRIMA PERKASA,Pengadaan Langsung,Pekerjaan Konstruksi,Jalan Lingkungan Rt001-Rw008 Desa Karawang Kecamatan Sukabumi,SELESAI,191447276,191447276
KAB. SUKABUMI,DINAS PEMBERDAYAAN PEREMPUAN DAN PERLINDUNGAN ANAK - 2.08.0.00.0.00.01.0000,01KJBW2NHKN6R80XHSAVH6N46W,65557272,2026,E-Katalog 6.0,APBD,CIPTA BUMI PERSADA,E-Purchasing,Barang,Belanja Modal Alat Kantor Lainnya,PAYMENT OUTSIDE SYSTEM,14985000,14985000
KAB. SUKABUMI,DINAS PERDAGANGAN DAN PERINDUSTRIAN - 3.31.3.29.3.30.01.0000,10767853000,64635574,2026,Non Tender,APBD,CV. ALUN UTAMA,Pengadaan Langsung,Pengadaan Barang,Belanja Modal Perlengkapan Kit Sarana dan Prasarana Pengawasan Manifestasi Panas Bumi,SELESAI,17760000,17760000
KAB. SUKABUMI,DINAS KESEHATAN - 1.02.0.00.0.00.01.0000,01KK8K2DD88CTT1MAFCAX7X7ES,65613357,2026,E-Katalog 6.0,APBD,STANDARD BIOSENSOR HEALTHCARE,E-Purchasing,Barang,Pengadaan BMHP Penunjang Pelayanan Kesehatan Gratis (PBJT),ON PROCESS,3946724880,3946724880
KAB. SUKABUMI,DINAS KESEHATAN - 1.02.0.00.0.00.01.0000,01KN1DJW2AE0SWBYKEDRZEFFNJ,66250229,2026,E-Katalog 6.0,APBD,COPYPASTE,E-Purchasing,Jasa Lainnya,Pengadaan Buku Kesehatan Ibu dan Anak (KIA),ON PROCESS,275614665,275614665
KAB. SUKABUMI,DINAS PEKERJAAN UMUM - 1.03.0.00.0.00.01.0000,10868502000,66621267,2026,Non Tender,APBD,HIBAR GUMILANG,Pengadaan Langsung,Pekerjaan Konstruksi,Daerah Irigasi Cisekarwangi Desa Sekarwangi Kecamatan Cibadak,SELESAI,282995049,282995049
KAB. SUKABUMI,UOBK RSUD SEKARWANGI - 1.02.0.00.0.00.01.0002,01KETV3QGB84XWRRPGKS479TTS,63079700,2026,E-Katalog 6.0,BLUD,PRATAPA NIRMALA,E-Purchasing,Barang,Belanja Obat-obatan-Obat,ON PROCESS,3996000,3996000
KAB. SUKABUMI,DINAS PERTANIAN - 3.27.2.09.0.00.01.0000,10843687000,63468765,2026,Non Tender,APBD,CV JAYANTI BERKARYA,Pengadaan Langsung,Pekerjaan Konstruksi,Persediaan Untuk Dijual/Diserahkan Lainnya - Jaringan Irigasi Pertanian Kec. Cikidang Desa Cikiray Poktan Tipar,SELESAI,138577105,138577105
KAB. SUKABUMI,UPTD PUSKESMAS GIRIJAYA - 1.02.0.00.0.00.01.0047,01KN3RSSYVFMZAGVWFW46RHN3M,65623807,2026,E-Katalog 6.0,BLUD,TRIMAN,E-Purchasing,Barang," Belanja Obat-Obatan-Obat ",COMPLETED,3930865,3930865
KAB. SUKABUMI,DINAS PERTANIAN - 3.27.2.09.0.00.01.0000,10865299000,63840969,2026,Non Tender,APBD,CV. RANAA PERSADA,Pengadaan Langsung,Pekerjaan Konstruksi,Belanja Modal Bangunan Gedung Kantor Rehab BBI,SELESAI,141611274,141611274
KAB. SUKABUMI,UPTD PUSKESMAS GEGERBITUNG - 1.02.0.00.0.00.01.0009,01KS7BYQE7JCWTD7JNE7GBCGVT,67186544,2026,E-Katalog 6.0,BLUD,KAWAN LAMA SOLUSI,E-Purchasing,Barang,Belanja Modal Alat Kantor Lainnya - BLUD UPTD Puskesmas Kebonpedes,COMPLETED,13680750,13680750
KAB. SUKABUMI,DINAS PERTANIAN - 3.27.2.09.0.00.01.0000,10866581000,63468866,2026,Non Tender,APBD,CV. BERKAH BERSINAR ABADI,Pengadaan Langsung,Pekerjaan Konstruksi,Persediaan Untuk Dijual/Diserahkan Lainnya - Jaringan Irigasi Pertanian Kec. Sagaranten Desa Datarnangka Poktan Garduh,SELESAI,92079415,92079415
KAB. SUKABUMI,UOBK RSUD SEKARWANGI - 1.02.0.00.0.00.01.0002,01KRDJTMJCZ82VZFTNBVP09AKT,63079700,2026,E-Katalog 6.0,BLUD,AMAROX PHARMA GLOBAL,E-Purchasing,Barang,Belanja Obat-obatan-Obat,ON PROCESS,40572898,40572898
KAB. SUKABUMI,UOBK RSUD SEKARWANGI - 1.02.0.00.0.00.01.0002,01KVYVQ1ZJGH39P8A4H0C5EWSX,63079700,2026,E-Katalog 6.0,BLUD,OTSUKA INDONESIA,E-Purchasing,Barang,Belanja Obat-obatan-Obat,ON PROCESS,2092838,2092838
KAB. SUKABUMI,DINAS PERIKANAN - 3.25.0.00.0.00.01.0000,10834496000,66235790,2026,Non Tender,APBD,CV.MURNI JAYA,Pengadaan Langsung,Pengadaan Barang,Pengadaan Coolbox untuk nelayan perikanan tangkap,SELESAI,99760000,0
KAB. SUKABUMI,UPTD PUSKESMAS BOJONGGENTENG - 1.02.0.00.0.00.01.0040,01KPQ8VTXN10T3AFTFJGDMT37V,65549575,2026,E-Katalog 6.0,BLUD,ADI AGRIPANA ABADI,E-Purchasing,Barang,Belanja Bahan Bahan Habis Pakai,COMPLETED,576669,0
KAB. SUKABUMI,"DINAS KOMUNIKASI, INFORMATIKA DAN PERSANDIAN - 2.16.2.21.2.20.01.0000",10811336000,66236202,2026,Non Tender,APBD,CV. ARRAYYAN JAYA MANDIRI,Pengadaan Langsung,Pekerjaan Konstruksi,Rehab Gedung Command Center Diskomifosan,SELESAI,59374183,59374183
KAB. SUKABUMI,UPTD PUSKESMAS SELAJAMBE - 1.02.0.00.0.00.01.0054,01KW91G4HEAA8W5Z4R6J1B1VDJ,65998350,2026,E-Katalog 6.0,BLUD,HOLI PHARMA,E-Purchasing,Barang,Belanja Bahan Obat-obatan ( BLUD ),ON PROCESS,2127648,2127648
KAB. SUKABUMI,DINAS PEKERJAAN UMUM - 1.03.0.00.0.00.01.0000,10136540000,67139206,2026,Tender,APBD,PT DANTI ANDHIKA KINARA,Tender,Pekerjaan Konstruksi,Jembatan Linggamanik Ruas Jalan Miramontana - Bojongjengkol Kecamatan Jampangtengah,SELESAI,1053976387,1053976387
KAB. SUKABUMI,UPTD PUSKESMAS KARAWANG - 1.02.0.00.0.00.01.0003,01KMM2TQSV48HSKTV0PEH93Q12,66903877,2026,E-Katalog 6.0,BLUD,HEXPHARM JAYA LABORATORIES,E-Purchasing,Barang,Belanja Obat-Obatan PPK BLUD UPT Puskesmas Karawang Tahun 2026,COMPLETED,2398333,2398333
KAB. SUKABUMI,UPTD PUSKESMAS CICURUG - 1.02.0.00.0.00.01.0044,01KQ6KAFKXYPEHDH08CQJ57D3A,66672660,2026,E-Katalog 6.0,BLUD,KHALISH BRILLIANT PERSADA,E-Purchasing,Barang,Belanja Modal Peralatan dan Mesin - Pengadaan peralatan Personal Komputer,PAYMENT OUTSIDE SYSTEM,9768000,9768000
KAB. SUKABUMI,UPTD PUSKESMAS JAMPANGTENGAH - 1.02.0.00.0.00.01.0058,01KMHDWC6X06QKGEH90W82XARH,65564675,2026,E-Katalog 6.0,BLUD,SATORIA ANEKA INDUSTRI,E-Purchasing,Barang,Belanja Obat-obatan,ON PROCESS,10032846,10032846
KAB. SUKABUMI,DINAS PERDAGANGAN DAN PERINDUSTRIAN - 3.31.3.29.3.30.01.0000,10788041000,65931664,2026,Non Tender,APBD,cv. ben's tour agency,Pengadaan Langsung,Pengadaan Barang,Belanja Alat/Bahan untuk Kegiatan Kantor-Alat Listrik,SELESAI,31582000,31582000
KAB. SUKABUMI,UOBK RSUD SEKARWANGI - 1.02.0.00.0.00.01.0002,01KHX0Y4TMCMT9Q53Y2P5V4VJW,63077986,2026,E-Katalog 6.0,BLUD,KASTARA TEKNOLOGI INTERNASIONAL,E-Purchasing,Barang,Belanja Bahan - Bahan Lainnya (BMHP Farmasi),ON PROCESS,37540022,0
KAB. SUKABUMI,"DINAS KEBUDAYAAN, PEMUDA DAN OLAHRAGA - 2.22.2.19.0.00.01.0000",01KQRR6MKZS0VGZAR5Y81FWQCK,67089787,2026,E-Katalog 6.0,APBD,ARKASA PUTRA PRATAMA,E-Purchasing,Barang,Pengadaan Kaos Voli dan Kaos Bola,PAYMENT OUTSIDE SYSTEM,146930700,146930700
KAB. SUKABUMI,UPTD PUSKESMAS KADUDAMPIT - 1.02.0.00.0.00.01.0056,01KVSGD4F3T4YW4PSTMHC24QFD,66645895,2026,E-Katalog 6.0,BLUD,BERNOFARM,E-Purchasing,Barang,Belanja Bahan Obat-obatan puskesmas kadudampit,ON PROCESS,22499145,22499145
KAB. SUKABUMI,UPTD PUSKESMAS BOJONGGENTENG - 1.02.0.00.0.00.01.0040,01KKP4A3P54DM8KG1S28DA99HW,65549461,2026,E-Katalog 6.0,BLUD,SATU MEDIKA PRATAMA,E-Purchasing,Barang,Belanja Bahan Obat - Obatan,PAYMENT OUTSIDE SYSTEM,7123747,7123747
KAB. SUKABUMI,DINAS PEKERJAAN UMUM - 1.03.0.00.0.00.01.0000,10893107000,66612266,2026,Non Tender,APBD,CV. Berebet Jaya,Pengadaan Langsung,Pekerjaan Konstruksi,Daerah Irigasi Citepus Desa Citepus Kecamatan Palabuhanratu,SELESAI,187651944,187651944
KAB. SUKABUMI,DINAS PERTANIAN - 3.27.2.09.0.00.01.0000,10818167000,63468843,2026,Non Tender,APBD,SINTA ROMLI MANDIRI,Pengadaan Langsung,Pekerjaan Konstruksi,Persediaan Untuk Dijual/Diserahkan Lainnya - Jaringan Irigasi Pertanian Kec. Warungkiara Desa Sirnajaya Poktan Tunas Harapan,SELESAI,184564647,184564647
KAB. SUKABUMI,UOBK RSUD PALABUHANRATU - 1.02.0.00.0.00.01.0001,01KCFYPFQ74H8YYWSV0ZEAJCC3,64610114,2026,E-Katalog 6.0,BLUD,TIARA AGUNG PRATAMA,E-Purchasing,Barang,Belanja Bahan/Alat Pakai Habis Laboratorium,ON PROCESS,63444030,0
KAB. SUKABUMI,UPTD RSUD SAGARANTEN - 1.02.0.00.0.00.01.0063,01KP2Q0WS81SFCAEGNEAERKYAQ,66305466,2026,E-Katalog 6.0,APBD,AKSARA WARNA UTAMA,E-Purchasing,Barang,Belanja Perabot Kantor RSUD Sagaranten,PAYMENT OUTSIDE SYSTEM,296098272,296098272
KAB. SUKABUMI,DINAS KETAHANAN PANGAN - 2.09.2.09.2.09.01.0000,01KP805FQF0DG6KK6VHAF14SSS,66922578,2026,E-Katalog 6.0,APBD,SAKTI PERKASA,E-Purchasing,Barang,Penyediaan Peralatan Rumah Tangga,PAYMENT OUTSIDE SYSTEM,4431778,4431778
KAB. SUKABUMI,UPTD PUSKESMAS CICURUG - 1.02.0.00.0.00.01.0044,01KNGEWW31M0JBAR1Q8WZQ0CZH,65369032,2026,E-Katalog 6.0,BLUD,GLOBAL MULTI PHARMALAB,E-Purchasing,Barang,Belanja Persediaan Bahan Obat - Obatan ,PAYMENT OUTSIDE SYSTEM,2514150,2514150
KAB. SUKABUMI,DINAS SOSIAL - 1.06.0.00.0.00.01.0000,01KGS9VKW7BCWDNY6ENFH9QD73,64967059,2026,E-Katalog 6.0,APBD,PUTERA CIBOLANG,E-Purchasing,Barang,Pengadaan Paket Sembako Tanggap Darurat Bencana,ON PROCESS,85914000,85914000
KAB. SUKABUMI,UPTD PUSKESMAS CIBADAK - 1.02.0.00.0.00.01.0050,01KT4PMSQY91W71Y40Z3Y7V35M,65788852,2026,E-Katalog 6.0,BLUD,TRIMAN,E-Purchasing,Barang,Belanja Bahan Obat-Obatan-Obat Puskesmas Cibadak 2026,ON PROCESS,6442824,6442824
KAB. SUKABUMI,"DINAS KEBUDAYAAN, PEMUDA DAN OLAHRAGA - 2.22.2.19.0.00.01.0000",01KG6DZHR7KQJQ0SXT40VGJ60K,63806065,2026,E-Katalog 6.0,APBD,SRIWIJAYA,E-Purchasing,Barang,Persediaan untuk Dijual/Diserahkan Kepada Masyarakat Fasilitasi Alat Kesenian Kendang Pencak,ON PROCESS,53280000,53280000
KAB. SUKABUMI,UOBK RSUD SEKARWANGI - 1.02.0.00.0.00.01.0002,01KKJTFPK346YT5RGF42F91TT3,63079700,2026,E-Katalog 6.0,BLUD,KALBE FARMA,E-Purchasing,Barang,Belanja Obat-obatan-Obat,ON PROCESS,10571982,10571982
KAB. SUKABUMI,UOBK RSUD SEKARWANGI - 1.02.0.00.0.00.01.0002,01KK874SXQRN6A9XNQF3SKBXPD,63079700,2026,E-Katalog 6.0,BLUD,KALBE FARMA,E-Purchasing,Barang,Belanja Obat-obatan-Obat,ON PROCESS,4499996,0
KAB. SUKABUMI,UOBK RSUD SEKARWANGI - 1.02.0.00.0.00.01.0002,01KNRMRPRXPCKP9YKH8VFW43QM,63079700,2026,E-Katalog 6.0,BLUD,PRATAPA NIRMALA,E-Purchasing,Barang,Belanja Obat-obatan-Obat,ON PROCESS,39135659,39135659
KAB. SUKABUMI,DINAS PERUMAHAN DAN KAWASAN PERMUKIMAN - 1.03.1.04.2.11.01.0000,10875718000,65763042,2026,Non Tender,APBD,CKC,Pengadaan Langsung,Pekerjaan Konstruksi,"Drainase Kp. Kandang Gede Rt 003/006 Desa Parungkuda, Kecamatan Parungkuda",SELESAI,153515539,153515539
KAB. SUKABUMI,DINAS KESEHATAN - 1.02.0.00.0.00.01.0000,01KWECFBN17K48Q4CVWNN42C7S,66253065,2026,E-Katalog 6.0,APBD,KIMIA FARMA TRADING & DISTRIBUTION,E-Purchasing,Barang,Pengadaan Bahan Pangan Olahan Keperluan Medis Khusus (PKMK) untuk Penanganan Stunting dan Gizi Buruk,ON PROCESS,129955674,129955674
KAB. SUKABUMI,DINAS PERTANIAN - 3.27.2.09.0.00.01.0000,10800358000,63468753,2026,Non Tender,APBD,CV. TRIO MUDA BERKARYA,Pengadaan Langsung,Pekerjaan Konstruksi,Persediaan Untuk Dijual/Diserahkan Lainnya - Jaringan Irigasi Pertanian Kec. Ciracap Desa Mekarsari Poktan Mardhotillah,SELESAI,230773120,230773120
KAB. SUKABUMI,UPTD PUSKESMAS CICURUG - 1.02.0.00.0.00.01.0044,01KTZF6MP8K7PPAW5XMK8F2YWR,65369032,2026,E-Katalog 6.0,BLUD,TRIMAN,E-Purchasing,Barang,Belanja Persediaan Bahan Obat - Obatan ,ON PROCESS,4195800,4195800
KAB. SUKABUMI,UPTD PUSKESMAS CIBADAK - 1.02.0.00.0.00.01.0050,01KQBWDWB4CMP94CSYH01Z5N08,65629408,2026,E-Katalog 6.0,BLUD,RAJA ALKES MEDIKA,E-Purchasing,Barang,Belanja Modal Alat Kedokteran Umum Puskesmas Cibadak 2026,ON PROCESS,9657000,9657000
KAB. SUKABUMI,DINAS PEKERJAAN UMUM - 1.03.0.00.0.00.01.0000,10812624000,66360074,2026,Non Tender,APBD,CV. RAYA BERLIANS,Pengadaan Langsung,Pekerjaan Konstruksi,Pembuatan Bahu Beton Ruas Jalan Cisaat - Situgunung Kecamatan Kadudampit,SELESAI,58443150,58443150
KAB. SUKABUMI,UOBK RSUD SEKARWANGI - 1.02.0.00.0.00.01.0002,01KHRQ4WQYBWGXT74143X05GB1,64797413,2026,E-Katalog 6.0,BLUD,KENANGA UTAMA PERMAI,E-Purchasing,Barang,Belanja Bahan-Bahan Lainnya (BHP Alat Kesehatan dan Alat Kedokteran),ON PROCESS,130080900,130080900
KAB. SUKABUMI,UOBK RSUD SEKARWANGI - 1.02.0.00.0.00.01.0002,01KHMWYD2BVKHETZXNYSS9RMXK,63079700,2026,E-Katalog 6.0,BLUD,PRATAPA NIRMALA,E-Purchasing,Barang,Belanja Obat-obatan-Obat,ON PROCESS,94905000,94905000
KAB. SUKABUMI,UPTD PUSKESMAS CIKIDANG - 1.02.0.00.0.00.01.0037,01KT8E2X33J8EDAG5ZGKJR2H03,65984533,2026,E-Katalog 6.0,BLUD,INDO PRIANGAN KATULISTIWA,E-Purchasing,Barang,Belanja Obat-Obatan-Obatan UPTD Puskesmas Cikidang,COMPLETED,12919734,12919734
KAB. SUKABUMI,DINAS PERUMAHAN DAN KAWASAN PERMUKIMAN - 1.03.1.04.2.11.01.0000,10810792000,65761866,2026,Non Tender,APBD,Tri Putra Mandiri Consultant,Pengadaan Langsung,Jasa Konsultansi Badan Usaha Non Konstruksi,Dokumen FS Alun Alun Sagaranten,SELESAI,99311700,99311700
KAB. SUKABUMI,UOBK RSUD SEKARWANGI - 1.02.0.00.0.00.01.0002,01KW3KBZF703ZFCYA7S2G9JPS7,63077986,2026,E-Katalog 6.0,BLUD,TOP-POINT MEDICAL,E-Purchasing,Barang,Belanja Bahan - Bahan Lainnya (BMHP Farmasi),ON PROCESS,4155063,4155063
KAB. SUKABUMI,DINAS PERTANIAN - 3.27.2.09.0.00.01.0000,10898481000,67243411,2026,Non Tender,APBD,CV. KARUNIA ABADI KONSULTAN,Pengadaan Langsung,Jasa Konsultansi Badan Usaha Konstruksi,Persediaan Untuk Dijual/Diserahkan Lainnya - Konsultan Perencanaan Irigasi Pertanian,SELESAI,19775760,19775760
KAB. SUKABUMI,DINAS PERIKANAN - 3.25.0.00.0.00.01.0000,10844215000,64726146,2026,Non Tender,APBD,CV. FADHILLAH,Pengadaan Langsung,Pengadaan Barang,Pengadaan Peralatan Pengolahan Ikan Asin,SELESAI,98640000,0
KAB. SUKABUMI,DINAS PERIKANAN - 3.25.0.00.0.00.01.0000,10822568000,66234680,2026,Non Tender,APBD,CV. UNGGUL BANGUN PERKASA,Pengadaan Langsung,Pekerjaan Konstruksi,Pemeliharaan Kolam Penampungan BBI Cimaja,SELESAI,99322725,99322725
KAB. SUKABUMI,UPTD PUSKESMAS JAMPANGTENGAH - 1.02.0.00.0.00.01.0058,01KPPYNHSW7RD8NKCTR5QQ9NWC,65562632,2026,E-Katalog 6.0,BLUD,AFHAM KARYA NUSANTARA,E-Purchasing,Barang,Belanja Habis Pakai Alat Kesehatan (BHP Medis),ON PROCESS,14491050,14491050
KAB. SUKABUMI,DINAS PERHUBUNGAN - 2.15.0.00.0.00.01.0000,01KRWMWHM3R67W3MAB2GVY3H22,64706795,2026,E-Katalog 6.0,APBD,PELANGI GROUP,E-Purchasing,Jasa Lainnya,Pembangunan PJU di Wilayah Desa Jagamukti Kecamatan Surade (5 Titik),ON PROCESS,79642500,79642500
KAB. SUKABUMI,DINAS PEKERJAAN UMUM - 1.03.0.00.0.00.01.0000,10136523000,66737511,2026,Tender,APBD,CV. NAYRA CAHAYA KONSTRUKSI,Tender,Pekerjaan Konstruksi,Ruas Jalan Purabaya - Cimanggu Kecamatan Purabaya,SELESAI,926253413,926253413
KAB. SUKABUMI,UPTD PUSKESMAS CIAMBAR - 1.02.0.00.0.00.01.0046,01KPSJ5S28QMPHG8FAYWZR5H8P,65715590,2026,E-Katalog 6.0,BLUD,BERNOFARM,E-Purchasing,Barang,Belanja Obat-obatan,COMPLETED,11580630,11580630
KAB. SUKABUMI,UOBK RSUD PALABUHANRATU - 1.02.0.00.0.00.01.0001,01KC6R2R12BF8JH8QDJGH2JQ2S,64613160,2026,E-Katalog 6.0,BLUD,DAYA MUDA AGUNG,E-Purchasing,Barang,Belanja Bahan/Alat Medis Pakai Habis (BMHP) Farmasi,ON PROCESS,11738250,11738250
KAB. SUKABUMI,UOBK RSUD PALABUHANRATU - 1.02.0.00.0.00.01.0001,01KBVX29W9A4ZJC3KZK29W6C57,64785833,2026,E-Katalog 6.0,BLUD,DZIFNA,E-Purchasing,Barang,Belanja Peralatan Kebersihan dan Bahan Pembersih,PAYMENT OUTSIDE SYSTEM,16056150,16056150
KAB. SUKABUMI,DINAS PERUMAHAN DAN KAWASAN PERMUKIMAN - 1.03.1.04.2.11.01.0000,10930682000,67376530,2026,Non Tender,APBD,CV Bungsu Putra Kontruksi,Pengadaan Langsung,Pekerjaan Konstruksi,Jalan Lingkungan Kecamatan Cisaat Desa Kutasirna Rt010-Rw004,BERLANGSUNG,192159069,192159069
KAB. SUKABUMI,DINAS PERUMAHAN DAN KAWASAN PERMUKIMAN - 1.03.1.04.2.11.01.0000,10894248000,67216119,2026,Non Tender,APBD,CV. TIGA DUA AMANAH,Pengadaan Langsung,Pekerjaan Konstruksi,Pembangunan Sarana Air Bersih Sumur bor Kp diwarung RT 01 RW 01 Desa limusnungal Kecamatan Bantargadung,SELESAI,228602792,228602792
KAB. SUKABUMI,UPTD PUSKESMAS GIRIJAYA - 1.02.0.00.0.00.01.0047,01KNK42B7PP491Q1284G0XJAER,65623807,2026,E-Katalog 6.0,BLUD,NOVAPHARIN,E-Purchasing,Barang," Belanja Obat-Obatan-Obat ",COMPLETED,5010984,5010984
KAB. SUKABUMI,UOBK RSUD SEKARWANGI - 1.02.0.00.0.00.01.0002,01KKASF3ZKE459G0ZRSW4JKATT,63079700,2026,E-Katalog 6.0,BLUD,SIMEX PHARMACEUTICAL INDONESIA,E-Purchasing,Barang,Belanja Obat-obatan-Obat,ON PROCESS,17982000,17982000
KAB. SUKABUMI,DINAS SOSIAL - 1.06.0.00.0.00.01.0000,10826832000,65042331,2026,Non Tender,APBD,CV BERKAH ABADI,Pengadaan Langsung,Pekerjaan Konstruksi,Rehabilitasi Atap Gedung Kantor Kantor Dinas Sosial,SELESAI,169942264,169942264
KAB. SUKABUMI,UOBK RSUD PALABUHANRATU - 1.02.0.00.0.00.01.0001,01KJA0P6R84TPZQHV5WDW2CC96,64622587,2026,E-Katalog 6.0,BLUD,FERRON PAR PHARMACEUTICALS,E-Purchasing,Barang,Belanja Obat - Obatan,ON PROCESS,48448703,48448703
KAB. SUKABUMI,UPTD PUSKESMAS GEGERBITUNG - 1.02.0.00.0.00.01.0009,01KNJY7GG3A7P34AAG78V1RMTX,66546216,2026,E-Katalog 6.0,BLUD,INDO ALTON PERKASA,E-Purchasing,Barang,Belanja Bahan-Bahan Lainnya (BHP Medis),PAYMENT OUTSIDE SYSTEM,3539996,3539996
KAB. SUKABUMI,DINAS ARSIP DAN PERPUSTAKAAN - 2.24.2.23.0.00.01.0000,10927090000,63949418,2026,Non Tender,APBD,Cv. Harmoni karya,Pengadaan Langsung,Jasa Konsultansi Badan Usaha Konstruksi,Belanja Jasa Konsultansi Pengawasan Rekayasa-Jasa Pengawas Pekerjaan Konstruksi Bangunan Gedung,SELESAI,21978000,21978000
KAB. SUKABUMI,DINAS LINGKUNGAN HIDUP - 2.11.1.03.0.00.01.0000,10884974000,64492200,2026,Non Tender,APBD,CV. WAHANA INOVASI CONSULTANT,Pengadaan Langsung,Jasa Konsultansi Badan Usaha Konstruksi,Belanja Modal Instalasi Air Kotor Lainnya - Jasa Konsultansi Perencanaan Pembangunan Drainase Air Hujan TPA Kadaleman,SELESAI,14879550,14879550
KAB. SUKABUMI,UOBK RSUD SEKARWANGI - 1.02.0.00.0.00.01.0002,01KW0JXJANE08Y97YZZ1RKVA69,63077986,2026,E-Katalog 6.0,BLUD,JAYAMAS MEDICA INDUSTRI,E-Purchasing,Barang,Belanja Bahan - Bahan Lainnya (BMHP Farmasi),ON PROCESS,1416360,1416360
KAB. SUKABUMI,DINAS PEKERJAAN UMUM - 1.03.0.00.0.00.01.0000,10832651000,66743671,2026,Non Tender,APBD,CV.KARUNIA PUTRA,Pengadaan Langsung,Pekerjaan Konstruksi,Pembuatan Bangunan Pelengkap dan Pengamanan Jalan Ruas Jalan Pelita Kecamatan Palabuhanratu,SELESAI,64814519,64814519
KAB. SUKABUMI,BADAN KEPEGAWAIAN DAN PENGEMBANGAN SUMBER DAYA MANUSIA - 5.03.5.04.0.00.01.0000,01KG1THRCEQM1HNPQF4FHSGXFS,63677488,2026,E-Katalog 6.0,APBD,PUTERA CIBOLANG,E-Purchasing,Jasa Lainnya,Belanja Sewa Kendaraan Dinas Bermotor Perorangan,ON PROCESS,109890000,109890000
KAB. SUKABUMI,UPTD PUSKESMAS CIPARI - 1.02.0.00.0.00.01.0045,01KV4YTCK3Z1AKNA4Y7ZSGX3WS,67142198,2026,E-Katalog 6.0,BLUD,TRIMAN,E-Purchasing,Barang,Belanja Persediaan Bahan Obat-obatan,ON PROCESS,5239200,5239200
KAB. SUKABUMI,UPTD PUSKESMAS LENGKONG - 1.02.0.00.0.00.01.0057,01KVYKF70KCCDVEJBVZ5VWW5NJ,65941512,2026,E-Katalog 6.0,APBD,INDO PRIANGAN KATULISTIWA,E-Purchasing,Barang,Belanja Bahan Medis Habis Pakai (BMHP),ON PROCESS,18248400,18248400
KAB. SUKABUMI,UPTD PUSKESMAS CICURUG - 1.02.0.00.0.00.01.0044,01KTTNM13SAKFQ9V2DMRVE104T,65369828,2026,E-Katalog 6.0,BLUD,ARKANINDOPLAST UTAMA,E-Purchasing,Barang,Belanja Persediaan Bahan/Material Alat Kesehatan,ON PROCESS,519999,0
KAB. SUKABUMI,UPTD PUSKESMAS CARINGIN - 1.02.0.00.0.00.01.0052,01KTXC6G5GQS1WNAJ81DC9MDNK,65660077,2026,E-Katalog 6.0,BLUD,KIMIA FARMA TRADING & DISTRIBUTION,E-Purchasing,Barang,Belanja Obat-Obatan Puskesmas Caringin,ON PROCESS,3108000,3108000
KAB. SUKABUMI,DINAS PERTANIAN - 3.27.2.09.0.00.01.0000,10754985000,63468747,2026,Non Tender,APBD,PT. CAHAYA ABADI KONSULTINDO,Pengadaan Langsung,Jasa Konsultansi Badan Usaha Konstruksi,Persediaan Untuk Dijual/Diserahkan Lainnya - Konsultan perencanaan irigasi pertanian wil. 4,SELESAI,84770700,84770700
KAB. SUKABUMI,UPTD PUSKESMAS CIDAHU - 1.02.0.00.0.00.01.0043,01KTWGWNBD0Z8NC19TMT8M8DDV,66401527,2026,E-Katalog 6.0,BLUD,AURORA DUA,E-Purchasing,Barang,Belanja Modal Alat Kedokteran Umum puskesmas cidahu,COMPLETED,1200000,1200000
KAB. SUKABUMI,DINAS PENDIDIKAN - 1.01.0.00.0.00.01.0000,10868393000,66235695,2026,Non Tender,APBD,cv. bumi padjajaran,Pengadaan Langsung,Pekerjaan Konstruksi,Penataan Halaman SDI Masagi Kec.Gunungguruh,SELESAI,98630806,98630806
KAB. SUKABUMI,DINAS PEKERJAAN UMUM - 1.03.0.00.0.00.01.0000,10916175000,66759082,2026,Non Tender,APBD,CV. ARRAYYAN JAYA MANDIRI,Pengadaan Langsung,Pekerjaan Konstruksi,Ruas Jalan Surade - Kadaleman Kecamatan Surade,SELESAI,186017504,186017504
KAB. SUKABUMI,UPTD PUSKESMAS KARAWANG - 1.02.0.00.0.00.01.0003,01KKWV0CKH0NWV160R62NP7GR1,66903877,2026,E-Katalog 6.0,BLUD,PIM PHARMACEUTICALS,E-Purchasing,Barang,Belanja Obat-Obatan PPK BLUD UPT Puskesmas Karawang Tahun 2026,COMPLETED,3627480,3627480
KAB. SUKABUMI,UOBK RSUD PALABUHANRATU - 1.02.0.00.0.00.01.0001,01KJ6T7ZMA25H6YKEDJPJ6KGNC,64610114,2026,E-Katalog 6.0,BLUD,TIARA AGUNG PRATAMA,E-Purchasing,Barang,Belanja Bahan/Alat Pakai Habis Laboratorium,ON PROCESS,26162728,26162728
KAB. SUKABUMI,DINAS PEKERJAAN UMUM - 1.03.0.00.0.00.01.0000,10135887000,66695729,2026,Tender,APBD,CV BINTANG MAS,Tender,Pekerjaan Konstruksi,Ruas Jalan Sukalarang (Tugu Maung) - Cireunghas Kecamatan Sukalarang,SELESAI,461259751,461259751
KAB. SUKABUMI,UPTD PUSKESMAS BANTARGADUNG - 1.02.0.00.0.00.01.0031,01KRADZZC3XTTFXH7Y8C5ZYEPN,66286510,2026,E-Katalog 6.0,BLUD,NOVAPHARIN,E-Purchasing,Barang,Belanja bahan obat-obatan (Puskesmas Bantargadung),ON PROCESS,832500,832500
KAB. SUKABUMI,UPTD PUSKESMAS TAMANJAYA - 1.02.0.00.0.00.01.0025,01KPQBEG6C38G9BKSXH7JB29K9,65747998,2026,E-Katalog 6.0,BLUD,INDO ALTON PERKASA,E-Purchasing,Barang,Belanja Bahan-Bahan lainnya (BHPM) e-Purchasing,ON PROCESS,10171485,10171485
KAB. SUKABUMI,UPTD PUSKESMAS GIRIJAYA - 1.02.0.00.0.00.01.0047,01KVCDKKFQD269WBTWXFRQDX69,65623794,2026,E-Katalog 6.0,BLUD,KENCANA INSAN MANDIRI,E-Purchasing,Barang," Belanja Alat / Bahan untuk Kegiatan Kantor-Alat Listrik ",COMPLETED,2849925,2849925
KAB. SUKABUMI,UPTD PUSKESMAS GEGERBITUNG - 1.02.0.00.0.00.01.0009,01KQXVV840BNYKDGBPDVA8Y8C1,66628986,2026,E-Katalog 6.0,BLUD,NOVAPHARIN,E-Purchasing,Barang,Belanja Bahan Obat-obatan UPTD Puskesmas Cireunghas,ON PROCESS,24844575,24844575
KAB. SUKABUMI,UPTD PUSKESMAS CIDAHU - 1.02.0.00.0.00.01.0043,01KPMWSX1QM8GE58MWVX97FPFY,66272931,2026,E-Katalog 6.0,BLUD,PHAPROS,E-Purchasing,Barang,Belanja Bahan Obat-obatan puskesmas cidahu,ON PROCESS,2227104,2227104
KAB. SUKABUMI,BADAN KEPEGAWAIAN DAN PENGEMBANGAN SUMBER DAYA MANUSIA - 5.03.5.04.0.00.01.0000,01KSET2B4PXKNG97EJZWR2T0KJ,63544555,2026,E-Katalog 6.0,APBD,VIANIE,E-Purchasing,Jasa Lainnya,Belanja Jamuan Peserta/Panitia Pelaksanaan Penyerahan Dokumen Perpanjangan Perjanjian Kerja PPPK Formasi 2023 ,ON PROCESS,16116000,16116000
KAB. SUKABUMI,UOBK RSUD SEKARWANGI - 1.02.0.00.0.00.01.0002,01KFCSEJ181ZGK9GTW8Z3CA286,63344020,2026,E-Katalog 6.0,BLUD,BINTANG MEGAH PERSADA,E-Purchasing,Barang,Belanja Bahan-Isi Tabung Gas,ON PROCESS,224424882,224424882
KAB. SUKABUMI,UPTD PUSKESMAS GEGERBITUNG - 1.02.0.00.0.00.01.0009,01KKT7FWW189K5CMSQJE7XS9FY,66377843,2026,E-Katalog 6.0,APBD,NOVAPHARIN,E-Purchasing,Barang,Belanja Obat Obatan Puskesmas Gegerbitung Tahun Anggaran 2026,COMPLETED,11310900,11310900
KAB. SUKABUMI,DINAS PEKERJAAN UMUM - 1.03.0.00.0.00.01.0000,10868471000,67142210,2026,Non Tender,APBD,CV. KAKHA ANUGERAH ABADI,Pengadaan Langsung,Pekerjaan Konstruksi,Daerah Irigasi Ciawi Maranginan Desa Sirnasari Kecamatan Surade,SELESAI,281405024,281405024
KAB. SUKABUMI,UPTD PUSKESMAS BANTARGADUNG - 1.02.0.00.0.00.01.0031,01KPSG1VFZS4WRXGFN0XC69CFA,66286510,2026,E-Katalog 6.0,BLUD,GLOBAL MULTI PHARMALAB,E-Purchasing,Barang,Belanja bahan obat-obatan (Puskesmas Bantargadung),ON PROCESS,1332000,1332000
KAB. SUKABUMI,DINAS PEKERJAAN UMUM - 1.03.0.00.0.00.01.0000,10916081000,66744508,2026,Non Tender,APBD,cv.zakaria,Pengadaan Langsung,Pekerjaan Konstruksi,Ruas Jalan Cibarehong - Cibungur Kecamatan Surade,SELESAI,280297395,280297395
KAB. SUKABUMI,UPTD PUSKESMAS GIRIJAYA - 1.02.0.00.0.00.01.0047,01KHWN63DDFR46EDGQ3MN92RWZ,65623829,2026,E-Katalog 6.0,BLUD,KENANGA UTAMA PERMAI,E-Purchasing,Barang," Belanja Persediaan Proses-Persediaan Dalam Proses ",COMPLETED,2202240,2202240
KAB. SUKABUMI,DINAS PERDAGANGAN DAN PERINDUSTRIAN - 3.31.3.29.3.30.01.0000,10860561000,63905379;63905395,2026,Non Tender,APBD,PT. Metrik Arsiplan Indonesia,Pengadaan Langsung,Jasa Konsultansi Badan Usaha Konstruksi,Jasa Konsultansi Pengawasan Pembuatan  TPS dan Tangga Kantor Pasar Jampangtengah,SELESAI,3818400,3818400
KAB. SUKABUMI,DINAS PETERNAKAN - 3.27.0.00.0.00.01.0000,10797172000,64733622,2026,Non Tender,APBD,HADIL MAHASIN,Pengadaan Langsung,Pengadaan Barang,Belanja Nitrogen Cair (N2 Cair),SELESAI,41400370,0
KAB. SUKABUMI,UPTD PUSKESMAS BOJONGGENTENG - 1.02.0.00.0.00.01.0040,01KMN89HZ8SHDFGKST0CX0PHK9,66126774,2026,E-Katalog 6.0,BLUD,KENCANA INSAN MANDIRI,E-Purchasing,Barang,Belanja Alat / Bahan untuk Kegiatan Kantor-Alat Listrik,COMPLETED,1939248,1939248
KAB. SUKABUMI,DINAS PERHUBUNGAN - 2.15.0.00.0.00.01.0000,10780381000,65676225,2026,Non Tender,APBD,Saddam Estu Mulia,Pengadaan Langsung,Jasa Lainnya,"Pembangunan Rambu Lalu Lintas, RPPJ dan Pengadaan Alat Penunjang Lalu Lintas",SELESAI,190074411,190074411
KAB. SUKABUMI,DINAS PERUMAHAN DAN KAWASAN PERMUKIMAN - 1.03.1.04.2.11.01.0000,10821248000,65761225,2026,Non Tender,APBD,CV HRZ MULTI UTAMA,Pengadaan Langsung,Pekerjaan Konstruksi,Drainase Lingkungan Rt004-Rw005 Kecamatan Pelabuhanratu Desa Citarik,SELESAI,95196521,95196521
KAB. SUKABUMI,UPTD PUSKESMAS CIBITUNG - 1.02.0.00.0.00.01.0020,01KKWYKPT2QGRSG9Y2E59PRVMG,66272788,2026,E-Katalog 6.0,BLUD,INDO PRIANGAN KATULISTIWA,E-Purchasing,Barang,Belanja Obat-obatan-obat,COMPLETED,41330850,41330850
KAB. SUKABUMI,BADAN PENDAPATAN DAERAH - 5.02.0.00.0.00.02.0000,01KNNQFTFW6S0PTHN94TS63G4W,66857724,2026,E-Katalog 6.0,APBD,BINTANG ZENIX,E-Purchasing,Jasa Lainnya,Belanja Makanan dan Minuman Rapat Sub Kegiatan Perencanaan Pengelolaan Pajak Daerah,ON PROCESS,38150000,38150000
KAB. SUKABUMI,DINAS KESEHATAN - 1.02.0.00.0.00.01.0000,01KNV670FJP18E1GWK6GWW4Z08,65613325,2026,E-Katalog 6.0,APBD,BERNOFARM,E-Purchasing,Barang,Pengadaan Obat Pelayanan Kesehatan Dasar PKD (DAK NF),ON PROCESS,383579814,383579814
KAB. SUKABUMI,DINAS PEKERJAAN UMUM - 1.03.0.00.0.00.01.0000,10916281000,66765253,2026,Non Tender,APBD,WAHYUDI KARYA MANDIRI,Pengadaan Langsung,Pekerjaan Konstruksi,Ruas Jalan Pasirsuren - Cikidang Kecamatan Bantargadung,SELESAI,295049968,295049968
KAB. SUKABUMI,UOBK RSUD PALABUHANRATU - 1.02.0.00.0.00.01.0001,01KAT9DTDFEVWP0DJ3ERK9GNS2,64775500,2026,E-Katalog 6.0,BLUD,JAYA MITRA,E-Purchasing,Barang,Belanja Alat/Bahan untuk Kegiatan Kantor-Alat Tulis Kantor,PAYMENT OUTSIDE SYSTEM,70680138,70680138
KAB. SUKABUMI,UOBK RSUD SEKARWANGI - 1.02.0.00.0.00.01.0002,01KJ565YYX16N8M0PM8R72TJC6,63077986,2026,E-Katalog 6.0,BLUD,MEDI KHARISMA INTERNATIONAL,E-Purchasing,Barang,Belanja Bahan - Bahan Lainnya (BMHP Farmasi),ON PROCESS,5310151,0
KAB. SUKABUMI,UPTD PUSKESMAS CISAAT - 1.02.0.00.0.00.01.0053,01KNK8354MCPSQFKAKAD1PVD45,64691552,2026,E-Katalog 6.0,BLUD,BERNOFARM,E-Purchasing,Barang,Belanja Belanja Obat-Obatan-Obat Puskesmas Cisaat TA. 2026,COMPLETED,2628480,2628480
KAB. SUKABUMI,DINAS PENDIDIKAN - 1.01.0.00.0.00.01.0000,10883755000,66270864,2026,Non Tender,APBD,CV. CAHAYA CIBATU MANDIRI,Pengadaan Langsung,Pekerjaan Konstruksi,Rehabilitasi Sedang / Berat Ruang Kelas SDN Simpang  Kec. Simpenan,SELESAI,278250625,278250625
KAB. SUKABUMI,DINAS PERTANAHAN DAN TATA RUANG - 2.10.1.03.0.00.01.0000,10898275000,66110890,2026,Non Tender,APBD,KJPP KAMPIANUS & REKAN,Pengadaan Langsung,Jasa Konsultansi Badan Usaha Non Konstruksi,Belanja Jasa Apraisal (Pengadaan Tanah Trace Ruas Jalan Bagbagan - Warungkiara),SELESAI,89155200,89155200
KAB. SUKABUMI,DINAS PEKERJAAN UMUM - 1.03.0.00.0.00.01.0000,10868484000,67142309,2026,Non Tender,APBD,CV. PUKA SATU DUA TIGA,Pengadaan Langsung,Pekerjaan Konstruksi,Daerah Irigasi Cibeuleungbeung Desa Cibaregbeg Kecamatan Sagaranten,SELESAI,281559412,281559412
KAB. SUKABUMI,UOBK RSUD PALABUHANRATU - 1.02.0.00.0.00.01.0001,01KH81TZB9QQ1X40WKF47V91MP,64613160,2026,E-Katalog 6.0,BLUD,SINARAYA NUGRAHA AHMADARIS MEDIKA,E-Purchasing,Barang,Belanja Bahan/Alat Medis Pakai Habis (BMHP) Farmasi,ON PROCESS,42675726,42675726
KAB. SUKABUMI,DINAS PEKERJAAN UMUM - 1.03.0.00.0.00.01.0000,10828959000,66694611,2026,Non Tender,APBD,CV. BERKAH KONSTRUKSI,Pengadaan Langsung,Pekerjaan Konstruksi,Pembuatan TPT Bahu Beton Ruas Jalan Cisolok - Gunungkaramat Kecamatan Cisolok,SELESAI,196371538,196371538
KAB. SUKABUMI,UOBK RSUD PALABUHANRATU - 1.02.0.00.0.00.01.0001,01KSRHV92F1H0R4Z8J4P9H3VM1,64613160,2026,E-Katalog 6.0,BLUD,MEDIHOP,E-Purchasing,Barang,Belanja Bahan/Alat Medis Pakai Habis (BMHP) Farmasi,ON PROCESS,47467152,47467152
KAB. SUKABUMI,UOBK RSUD SEKARWANGI - 1.02.0.00.0.00.01.0002,01KWBVD76ZVHGCY7MHN6RE4PRW,63077986,2026,E-Katalog 6.0,BLUD,KENANGA UTAMA PERMAI,E-Purchasing,Barang,Belanja Bahan - Bahan Lainnya (BMHP Farmasi),ON PROCESS,8555547,8555547
KAB. SUKABUMI,UOBK RSUD SEKARWANGI - 1.02.0.00.0.00.01.0002,01KMJ01QGX9310FJAKE7KB6KSP,63079700,2026,E-Katalog 6.0,BLUD,FERRON PAR PHARMACEUTICALS,E-Purchasing,Barang,Belanja Obat-obatan-Obat,ON PROCESS,6327000,6327000
KAB. SUKABUMI,UPTD RSUD SAGARANTEN - 1.02.0.00.0.00.01.0063,10870942000,67074650,2026,Non Tender,APBD,PT Sejahtera Karya Mulia,Pengadaan Langsung,Pengadaan Barang,Belanja BMHP Farmasi Paket 3 DAU RSUD Sagaranten,SELESAI,193465508,0
KAB. SUKABUMI,UPTD PUSKESMAS CIKEMBAR - 1.02.0.00.0.00.01.0060,01KV8EA7N6CQ98V76J786NJAD0,67057797,2026,E-Katalog 6.0,BLUD,KENANGA UTAMA PERMAI,E-Purchasing,Barang,Belanja Persediaan Proses-Persediaan Dalam Proses puskesmas cikembar 2026,COMPLETED,11228760,11228760
KAB. SUKABUMI,DINAS KESEHATAN - 1.02.0.00.0.00.01.0000,01KPZ5SSHQ369AYDRKR2F5MB24,65523649,2026,E-Katalog 6.0,APBDP,LAM PINTAR PARIPURNA,E-Purchasing,Jasa Lainnya,Belanja Kursus Singkat/Pelatihan,ON PROCESS,571500000,571500000
KAB. SUKABUMI,"BADAN PERENCANAAN PEMBANGUNAN, RISET DAN INOVASI DAERAH - 5.01.5.05.0.00.01.0000",01KGHZY1CJE7DKFNAK6ZRWJQEY,64614624,2026,E-Katalog 6.0,APBD,VIANIE,E-Purchasing,Jasa Lainnya,Belanja Makanan dan Minuman Rapat-Koordinasi Bidang Sumber Daya Alam,PAYMENT OUTSIDE SYSTEM,2800000,2800000
KAB. SUKABUMI,DINAS PENGENDALIAN PENDUDUK DAN KELUARGA BERENCANA - 2.14.0.00.0.00.01.0000,10773468000,65256537,2026,Non Tender,APBD,AKASIA,Pengadaan Langsung,Pengadaan Barang,Belanja Alat/Bahan untuk Kegiatan Kantor-Alat Tulis Kantor DPPKB,SELESAI,170152000,170152000
KAB. SUKABUMI,DINAS PERTANIAN - 3.27.2.09.0.00.01.0000,10801653000,63468867,2026,Non Tender,APBD,CV TIARA ABADI,Pengadaan Langsung,Pekerjaan Konstruksi,Persediaan Untuk Dijual/Diserahkan Lainnya - Jaringan Irigasi Pertanian Kec. Palabuhanratu Desa Citepus Poktan Mulyatani 2,SELESAI,199580070,199580070
KAB. SUKABUMI,DINAS PEKERJAAN UMUM - 1.03.0.00.0.00.01.0000,10804628000,66466128,2026,Non Tender,APBD,"Mulya Abadi, CV",Pengadaan Langsung,Pekerjaan Konstruksi,Ruas Jalan Ahmad Yani Kecamatan Palabuhanratu,SELESAI,196104458,196104458
KAB. SUKABUMI,DINAS PARIWISATA - 3.26.3.26.3.26.01.0000,01KJ9Z0910AGS1VJDRMR638BFF,65280172,2026,E-Katalog 6.0,APBD,ARRAHMAN BERKAH ABADI,E-Purchasing,Barang,Belanja Alat/Bahan untuk Kegiatan Kantor-Bahan Komputer,ON PROCESS,37319909,37319909
KAB. SUKABUMI,UPTD PUSKESMAS PALABUHANRATU - 1.02.0.00.0.00.01.0034,01KPRDT9N4XQYEY8AVWFVVGNHV,66292815,2026,E-Katalog 6.0,BLUD,BERNOFARM,E-Purchasing,Barang,Belanja Obat-Obatan-Obat Puskesmas Palabuhanratu,ON PROCESS,33779021,33779021
KAB. SUKABUMI,UPTD PUSKESMAS BOJONGGENTENG - 1.02.0.00.0.00.01.0040,01KMN73SJB29GKTM05TEM0846Z,66126512,2026,E-Katalog 6.0,BLUD,KENCANA INSAN MANDIRI,E-Purchasing,Barang,Belanja Alat / Bahan untuk Kegiatan Kantor-Perabot Kantor,COMPLETED,3461757,3461757
KAB. SUKABUMI,DINAS PERIKANAN - 3.25.0.00.0.00.01.0000,10855791000,66984859,2026,Non Tender,APBD,CV. Jaya Mitra,Pengadaan Langsung,Jasa Lainnya,Pengadaan Fasilitasi terumbu karang,SELESAI,199600000,199600000
KAB. SUKABUMI,DINAS PERHUBUNGAN - 2.15.0.00.0.00.01.0000,01KH94KR96MZNNQXYN4NM96CH6,64706861,2026,E-Katalog 6.0,APBD,D'BEST KREASINDO UTAMA,E-Purchasing,Jasa Lainnya,Pembangunan PJU di Wilayah Kec. Sukaraja (12 Titik),ON PROCESS,191142000,191142000
KAB. SUKABUMI,UPTD PUSKESMAS BANTARGADUNG - 1.02.0.00.0.00.01.0031,01KPSVHVQ98W7RZVMMHVBCQS01,66512924,2026,E-Katalog 6.0,BLUD,RAIHAN ANUGRAH MEDIKA,E-Purchasing,Barang,Belanja Modal Pengadaan Peralatan dan Mesin - Pengadaan Alat Kedokteran (Puskesmas Bantargadung),ON PROCESS,10728150,10728150
KAB. SUKABUMI,DINAS PERTANIAN - 3.27.2.09.0.00.01.0000,10800320000,63468816,2026,Non Tender,APBD,CV. DIAN MANDIRI,Pengadaan Langsung,Pekerjaan Konstruksi,Persediaan Untuk Dijual/Diserahkan Lainnya - Jaringan Irigasi Pertanian Kec. Bantargadung Desa Mangunjaya Poktan Bumi Jaya,SELESAI,231051099,231051099
KAB. SUKABUMI,DINAS PERHUBUNGAN - 2.15.0.00.0.00.01.0000,01KSAAX8N4Q14CBGCDMSQAMWK5,64706838,2026,E-Katalog 6.0,APBD,BINA JASA,E-Purchasing,Jasa Lainnya,Pembangunan PJU di Wilayah Kec. Kabandungan (6 Titik),ON PROCESS,95550000,95550000
KAB. SUKABUMI,"DINAS KOPERASI, USAHA KECIL DAN MENENGAH - 2.17.0.00.0.00.01.0000",10787991000,65978254,2026,Non Tender,APBD,CV REALITY RF PROJECT,Pengadaan Langsung,Jasa Lainnya,Jasa EO Bazar Cullinary Ramadhan,SELESAI,198950000,198950000
KAB. SUKABUMI,DINAS PERUMAHAN DAN KAWASAN PERMUKIMAN - 1.03.1.04.2.11.01.0000,10816047000,65762910,2026,Non Tender,APBD,PT. ANDIKA PERSADA RAYA,Pengadaan Langsung,Jasa Konsultansi Badan Usaha Non Konstruksi,FS Guest House,SELESAI,99456000,99456000
KAB. SUKABUMI,UPTD PUSKESMAS CIAMBAR - 1.02.0.00.0.00.01.0046,01KR5J25AB0BMQSH71CABGVG4F,65741360,2026,E-Katalog 6.0,BLUD,ETERNITY RAMA MEDIKA,E-Purchasing,Barang,Belanja BHP Medis,COMPLETED,4839600,0
KAB. SUKABUMI,UOBK RSUD SEKARWANGI - 1.02.0.00.0.00.01.0002,01KPT2JMAGGWCPT0KE53YNV09W,66681545,2026,E-Katalog 6.0,APBD,TIGA PILAR CAKRAWALA,E-Purchasing,Jasa Lainnya,Belanja Kursus Singkat/Pelatihan (Pelatihan Service Exelence dan komunikasi Efektif),ON PROCESS,49500000,49500000
KAB. SUKABUMI,UPTD PUSKESMAS GEGERBITUNG - 1.02.0.00.0.00.01.0009,01KQXR8FFVC21H6BWT2NNR35NX,66628986,2026,E-Katalog 6.0,BLUD,HOLI PHARMA,E-Purchasing,Barang,Belanja Bahan Obat-obatan UPTD Puskesmas Cireunghas,ON PROCESS,3640800,3640800
KAB. SUKABUMI,UOBK RSUD SEKARWANGI - 1.02.0.00.0.00.01.0002,01KVCG0RP74TVCGZNQFAQ0FMW3,66680048,2026,E-Katalog 6.0,BLUD,KENANGA UTAMA PERMAI,E-Purchasing,Barang,Belanja Bahan-Isi Tabung Pemadam Kebakaran,ON PROCESS,39743328,39743328
KAB. SUKABUMI,UPTD PUSKESMAS KADUDAMPIT - 1.02.0.00.0.00.01.0056,01KVSH5JJN976GYJPE6V9V73TD,66645895,2026,E-Katalog 6.0,BLUD,TRIMAN,E-Purchasing,Barang,Belanja Bahan Obat-obatan puskesmas kadudampit,ON PROCESS,40230705,40230705
KAB. SUKABUMI,DINAS PERIKANAN - 3.25.0.00.0.00.01.0000,10821296000,65264893,2026,Non Tender,APBD,CV. UNGGUL BANGUN PERKASA,Pengadaan Langsung,Pengadaan Barang,"Bantuan Benih dan Pakan Ikan di Kecamatan Warungkiara, Cikakak dan Palabuhanratu",SELESAI,45000000,0
KAB. SUKABUMI,DINAS KETAHANAN PANGAN - 2.09.2.09.2.09.01.0000,01KP7WQ73QD0CGMYV98SSR332X,66910473,2026,E-Katalog 6.0,APBD,SADULUR SAJATI,E-Purchasing,Barang,Penyediaan Bahan Cetakan,PAYMENT OUTSIDE SYSTEM,9619970,9619970
KAB. SUKABUMI,UPTD PUSKESMAS BANTARGADUNG - 1.02.0.00.0.00.01.0031,01KPYQ95K11HTG343HGE4TEJN0,66286510,2026,E-Katalog 6.0,BLUD,IMFARMIND FARMASI INDUSTRI,E-Purchasing,Barang,Belanja bahan obat-obatan (Puskesmas Bantargadung),ON PROCESS,2428680,2428680
KAB. SUKABUMI,UPTD PUSKESMAS CIKIDANG - 1.02.0.00.0.00.01.0037,01KV4WSS3DX3WDEGSVVVYT3VE2,65984533,2026,E-Katalog 6.0,BLUD,IMFARMIND FARMASI INDUSTRI,E-Purchasing,Barang,Belanja Obat-Obatan-Obatan UPTD Puskesmas Cikidang,COMPLETED,12221100,12221100
KAB. SUKABUMI,UOBK RSUD PALABUHANRATU - 1.02.0.00.0.00.01.0001,01KJFBNPW3XT9144NY5Y9GMENV,64613160,2026,E-Katalog 6.0,BLUD,KENANGA UTAMA PERMAI,E-Purchasing,Barang,Belanja Bahan/Alat Medis Pakai Habis (BMHP) Farmasi,ON PROCESS,41247600,41247600
KAB. SUKABUMI,UPTD PUSKESMAS JAMPANGTENGAH - 1.02.0.00.0.00.01.0058,01KRYYQK09P91BQ0RT28ZMYJP7,65564675,2026,E-Katalog 6.0,BLUD,PERUSAHAAN PERSEROAN (PERSERO) PT KIMIA FARMA,E-Purchasing,Barang,Belanja Obat-obatan,ON PROCESS,6000349,6000349
KAB. SUKABUMI,UPTD PUSKESMAS KARAWANG - 1.02.0.00.0.00.01.0003,01KMM7WS7HJRH19KBD7VV037M7,66456337,2026,E-Katalog 6.0,BLUD,PHAPROS,E-Purchasing,Barang,Belanja Obat-Obatan PPK BLUD UPT Puskesmas Karawang Tahun 2026,ON PROCESS,1290375,1290375
KAB. SUKABUMI,UPTD PUSKESMAS CARINGIN - 1.02.0.00.0.00.01.0052,01KKGBJP8CJXX2DH2ZC6A2SP86,65660077,2026,E-Katalog 6.0,BLUD,TRIMAN,E-Purchasing,Barang,Belanja Obat-Obatan Puskesmas Caringin,COMPLETED,4639800,4639800
KAB. SUKABUMI,DINAS PERHUBUNGAN - 2.15.0.00.0.00.01.0000,01KPRC39ANJGTWS2FPQFPATABA,64750520,2026,E-Katalog 6.0,APBD,HADIL MAHASIN,E-Purchasing,Barang,Belanja Modal Alat Komunikasi,PAYMENT OUTSIDE SYSTEM,49950000,0
KAB. SUKABUMI,"DINAS KOPERASI, USAHA KECIL DAN MENENGAH - 2.17.0.00.0.00.01.0000",01KG51FT4576G2XSEVGQGZFNPD,64736329,2026,E-Katalog 6.0,APBD,GALUH PUTRA UTAMA,E-Purchasing,Barang,Belanja Alat/Bahan untuk Kegiatan Kantor-Alat Tulis Kantor dan Kertas,ON PROCESS,64201568,64201568
KAB. SUKABUMI,UOBK RSUD SEKARWANGI - 1.02.0.00.0.00.01.0002,01KMHZYPJ79QWEZ8Y3GES3EB3T,63079700,2026,E-Katalog 6.0,BLUD,PRATAPA NIRMALA,E-Purchasing,Barang,Belanja Obat-obatan-Obat,ON PROCESS,7659000,7659000
KAB. SUKABUMI,DINAS PERTANIAN - 3.27.2.09.0.00.01.0000,01KRAVVRXZK1XQYSV225BJ9Q8G,65032260,2026,E-Katalog 6.0,APBD,SABAR BERSAUDARA,E-Purchasing,Barang,Belanja Bahan-Bahan Kimia : Pengadaan Pupuk Organik Padat (POP) Kegiatan Dukungan Sarana dan Prasarana Usaha Tani Tembakau,PAYMENT OUTSIDE SYSTEM,236829600,236829600
KAB. SUKABUMI,KECAMATAN SURADE - 7.01.0.00.0.00.43.0000,01KKG4AYAXVTETXN59PDW8GP60,66272685,2026,E-Katalog 6.0,APBD,HADIL MAHASIN,E-Purchasing,Barang,Belanja Modal Personal Computer,ON PROCESS,31990200,31990200
KAB. SUKABUMI,UOBK RSUD SEKARWANGI - 1.02.0.00.0.00.01.0002,01KRXEMWC6278AHWTPBTXP0BPV,63079700,2026,E-Katalog 6.0,BLUD,PERUSAHAAN PERSEROAN (PERSERO) PT KIMIA FARMA,E-Purchasing,Barang,Belanja Obat-obatan-Obat,ON PROCESS,56703888,56703888
KAB. SUKABUMI,DINAS LINGKUNGAN HIDUP - 2.11.1.03.0.00.01.0000,10842840000,63397488,2026,Pencatatan,APBD,"CV, Bela Alta Mandiri",Pengadaan Langsung,Pengadaan Barang,Belanja Alat/Bahan untuk Kegiatan Kantor-Perabot Kantor,PAKET SEDANG BERJALAN,10000000,10000000
KAB. SUKABUMI,UPTD PUSKESMAS BOJONGGENTENG - 1.02.0.00.0.00.01.0040,01KVSJ6XM4BQ48QZG8Z11J89Z0,65549461,2026,E-Katalog 6.0,BLUD,TRIMAN,E-Purchasing,Barang,Belanja Bahan Obat - Obatan,ON PROCESS,899100,899100
KAB. SUKABUMI,DINAS PERHUBUNGAN - 2.15.0.00.0.00.01.0000,01KJCP8YD9HBRQD34MK47WS3E8,64706863,2026,E-Katalog 6.0,APBD,FADHILLAH,E-Purchasing,Jasa Lainnya,Pembangunan PJU di Wilayah Desa Pasirhalang Kec. Sukaraja (12 Titik,ON PROCESS,191208600,191208600
KAB. SUKABUMI,UPTD PUSKESMAS CARINGIN - 1.02.0.00.0.00.01.0052,01KKGBRG8CJCXF4RCJX4EKMS1V,65660077,2026,E-Katalog 6.0,BLUD,NOVAPHARIN,E-Purchasing,Barang,Belanja Obat-Obatan Puskesmas Caringin,COMPLETED,3926070,3926070
KAB. SUKABUMI,BADAN PENDAPATAN DAERAH - 5.02.0.00.0.00.02.0000,01KQ8W4FM6PG4P3R0Y3GT5M8M8,66925609,2026,E-Katalog 6.0,APBD,SAKTI PERKASA,E-Purchasing,Jasa Lainnya,Belanja Alat/Bahan untuk Kegiatan Kantor - Belanja Kit Kegiatan pada Sub Kegiatan Pendataan dan Pendaftaran Objek Pajak Daerah,PAYMENT OUTSIDE SYSTEM,12709500,12709500
KAB. SUKABUMI,DINAS PERHUBUNGAN - 2.15.0.00.0.00.01.0000,01KJ5EMH9FFW4GRVW6H7AKPYAX,64711020,2026,E-Katalog 6.0,APBD,CITRA UTAMA,E-Purchasing,Barang,Belanja Alat Listrik dan Elektronik,ON PROCESS,482565951,482565951
KAB. SUKABUMI,DINAS PERTANIAN - 3.27.2.09.0.00.01.0000,10843675000,63468825,2026,Non Tender,APBD,CV. GUNUNG CIPADUNG PERKASA,Pengadaan Langsung,Pekerjaan Konstruksi,Persediaan Untuk Dijual/Diserahkan Lainnya - Jaringan Irigasi Pertanian Kec. Cibitung Desa Cibodas Poktan Tunas Harapan,SELESAI,74877668,74877668
KAB. SUKABUMI,UPTD RSUD SAGARANTEN - 1.02.0.00.0.00.01.0063,10870947000,67074614,2026,Non Tender,APBD,PT Sejahtera Karya Mulia,Pengadaan Langsung,Pengadaan Barang,Belanja BMHP Farmasi Paket 2 DAU RSUD Sagaranten,SELESAI,147918600,0
KAB. SUKABUMI,UPTD PUSKESMAS NYALINDUNG - 1.02.0.00.0.00.01.0010,01KKGCXV8E7S33B75ZYQNDGWT3,66077599,2026,E-Katalog 6.0,BLUD,KENANGA UTAMA PERMAI,E-Purchasing,Barang,Belanja Bahan-Bahan Lainnya  BMHP (Bahan Medis Habis Pakai) - Puskesmas Nyalindung,COMPLETED,4722162,4722162
KAB. SUKABUMI,DINAS PERUMAHAN DAN KAWASAN PERMUKIMAN - 1.03.1.04.2.11.01.0000,10832761000,66932912,2026,Non Tender,APBD,cv.indomeida,Pengadaan Langsung,Pekerjaan Konstruksi,Jalan Lingkungan Rt004-Rw005 Desa Citarik Kecamatan Pelabuhanratu,SELESAI,95750011,95750011
KAB. SUKABUMI,DINAS PERTANIAN - 3.27.2.09.0.00.01.0000,10800112000,63468784,2026,Non Tender,APBD,CV ALTHAF JAYA,Pengadaan Langsung,Pekerjaan Konstruksi,Persediaan Untuk Dijual/Diserahkan Lainnya - Jaringan Irigasi Pertanian Kec. Ciemas Desa Tamanjaya Poktan Harapan Jaya,SELESAI,183962199,183962199
KAB. SUKABUMI,DINAS PEKERJAAN UMUM - 1.03.0.00.0.00.01.0000,10930932000,66284799,2026,Non Tender,APBD,CV. SEMERU PRIMA ABADI,Pengadaan Langsung,Pekerjaan Konstruksi,Ruas Jalan Cigunung - Simpangtilu Kecamatan Cisaat,BERLANGSUNG,373759487,373759487
KAB. SUKABUMI,DINAS TENAGA KERJA DAN TRANSMIGRASI - 2.07.3.32.0.00.01.0000,01KKFNEZTW85VWM9WTKZ3B6AM9,64197214,2026,E-Katalog 6.0,APBD,CIPTA BUMI PERSADA,E-Purchasing,Barang,Belanja Alat/Bahan untuk Kegiatan Kantor-Alat Listrik,PAYMENT OUTSIDE SYSTEM,17178582,17178582
KAB. SUKABUMI,DINAS KESEHATAN - 1.02.0.00.0.00.01.0000,01KK8JSQKR0HK9ZPMRCM6H2B41,66309989,2026,E-Katalog 6.0,APBD,DUTA MITRA USAHA,E-Purchasing,Jasa Lainnya,Belanja Pemeliharaan Alat Angkutan-Alat Angkutan Darat Bermotor-Kendaraan Bermotor Penumpang - Pemeliharaan kendaraan Jabatan,ON PROCESS,131967900,131967900
KAB. SUKABUMI,UPTD PUSKESMAS JAMPANGKULON - 1.02.0.00.0.00.01.0027,01KQRFRMQ15A2RYS98QJ1TXD5C,65604366,2026,E-Katalog 6.0,BLUD,AYOOKLIK PARAHYANGAN PERKASA,E-Purchasing,Barang,Belanja Modal Personal Computer - BLUD Puskesmas Jampangkulon,PAYMENT OUTSIDE SYSTEM,4200000,4200000
KAB. SUKABUMI,UPTD PUSKESMAS CIKAKAK - 1.02.0.00.0.00.01.0035,01KPQ46KRP6E9Y7BVN8AE0N526,65505795,2026,E-Katalog 6.0,BLUD,BERNOFARM,E-Purchasing,Barang,Belanja Obat-obatan- Obat UPTD Puskesmas Cikakak Tahun 2026,ON PROCESS,18132960,18132960
KAB. SUKABUMI,DINAS PEKERJAAN UMUM - 1.03.0.00.0.00.01.0000,10828935000,66753061,2026,Non Tender,APBD,CV. AGUNG JAYA ABADI,Pengadaan Langsung,Pekerjaan Konstruksi,Pembuatan Bangunan Pelengkap dan Pengaman Jalan Ruas Jalan Sukaraja - Paldua Kecamatan Gegerbitung,SELESAI,186501647,186501647
KAB. SUKABUMI,UPTD PUSKESMAS CARINGIN - 1.02.0.00.0.00.01.0052,01KQV22GQ5RVAMX07VCV0YKD8S,65660077,2026,E-Katalog 6.0,BLUD,ERLANGGA EDI LABORATORIES,E-Purchasing,Barang,Belanja Obat-Obatan Puskesmas Caringin,ON PROCESS,1798200,1798200
KAB. SUKABUMI,UOBK RSUD SEKARWANGI - 1.02.0.00.0.00.01.0002,01KPZNA80W51ZXGQ0MPFCJ2808,63079700,2026,E-Katalog 6.0,BLUD,DEXA MEDICA,E-Purchasing,Barang,Belanja Obat-obatan-Obat,ON PROCESS,4995000,4995000
KAB. SUKABUMI,UPTD RSUD SAGARANTEN - 1.02.0.00.0.00.01.0063,10818341000,66215332,2026,Non Tender,APBD,MAJU BERSAMA SUKABUMI,Pengadaan Langsung,Pengadaan Barang,Belanja Bahan Makanan Pasien RSUD Sagaranten,SELESAI,191851956,0
KAB. SUKABUMI,UPTD PUSKESMAS CIDAHU - 1.02.0.00.0.00.01.0043,01KPMVPDY7JD85PNV0CN4GEAAB,66272931,2026,E-Katalog 6.0,BLUD,MEPROFARM,E-Purchasing,Barang,Belanja Bahan Obat-obatan puskesmas cidahu,ON PROCESS,2909088,2909088
KAB. SUKABUMI,UPTD PUSKESMAS LIMBANGAN - 1.02.0.00.0.00.01.0005,01KRACEF9DG3BJTYRSACD4GEB5,66118285,2026,E-Katalog 6.0,BLUD,NOVAPHARIN,E-Purchasing,Barang,Belanja Obat obatan,ON PROCESS,2701518,2701518
KAB. SUKABUMI,UOBK RSUD PALABUHANRATU - 1.02.0.00.0.00.01.0001,01KJFCQ02JPF6QF5TWA30MFBDB,64622587,2026,E-Katalog 6.0,BLUD,NOVELL PHARMACEUTICAL LABORATORIES,E-Purchasing,Barang,Belanja Obat - Obatan,ON PROCESS,2997000,2997000
KAB. SUKABUMI,UPTD PUSKESMAS CIRACAP - 1.02.0.00.0.00.01.0023,01KRWMASQBTGP1C2JPTC9GMKMC,65631591,2026,E-Katalog 6.0,BLUD,NOVAPHARIN,E-Purchasing,Barang," Beban Obat-Obatan-Obat ",ON PROCESS,2555842,2555842
KAB. SUKABUMI,UOBK RSUD SEKARWANGI - 1.02.0.00.0.00.01.0002,01KNV6NQWX5DJXJAKXVC6ARHCR,63079700,2026,E-Katalog 6.0,BLUD,SATORIA ANEKA INDUSTRI,E-Purchasing,Barang,Belanja Obat-obatan-Obat,ON PROCESS,7125090,7125090
KAB. SUKABUMI,UPTD PUSKESMAS CISAAT - 1.02.0.00.0.00.01.0053,01KJ41P95E4DQX0GAJWAKS08TF,64692007,2026,E-Katalog 6.0,BLUD,SARANA MEGAMEDILAB SEJAHTERA,E-Purchasing,Barang,Belanja Bahan Habis Pakai Alat Kesehatan (BHP Medis) Puskesmas Cisaat TA. 2026,COMPLETED,3718500,0
KAB. SUKABUMI,BADAN KEPEGAWAIAN DAN PENGEMBANGAN SUMBER DAYA MANUSIA - 5.03.5.04.0.00.01.0000,01KVYSQMJEBT89NZDYNY6PHZ9X,64033900,2026,E-Katalog 6.0,APBD,VIANIE,E-Purchasing,Jasa Lainnya,Belanja Makanan dan Minuman Peserta Kegiatan Kewilayahan Pembinaan Kinerja Pegawai ASN,ON PROCESS,3500000,3500000
KAB. SUKABUMI,UPTD PUSKESMAS CIDAHU - 1.02.0.00.0.00.01.0043,01KKDMNMHVN3HTHP2FQQSBYCBT,66270867,2026,E-Katalog 6.0,BLUD,TIARA AGUNG PRATAMA,E-Purchasing,Barang,Belanja Bahan obat-obtan lainnya/material alat kesehatan puskesmas cidahu,PAYMENT OUTSIDE SYSTEM,2046785,0
KAB. SUKABUMI,DINAS KESEHATAN - 1.02.0.00.0.00.01.0000,01KJ9YPX18G6HSPMFDBGX9P8CG,65768513,2026,E-Katalog 6.0,APBD,MEDQUEST JAYA GLOBAL,E-Purchasing,Barang,Pengadaan Katrid TCM Tuberkulosis (DAK Non Fisik),ON PROCESS,4942234707,0
KAB. SUKABUMI,UPTD RSUD SAGARANTEN - 1.02.0.00.0.00.01.0063,01KNVARNGBF0F78BDNPFYFD9Z6,66640385,2026,E-Katalog 6.0,APBD,DELVI PRIMATAMA,E-Purchasing,Barang,Belanja BMHP DAU RSUD Sagaranten,ON PROCESS,49672500,0
KAB. SUKABUMI,UPTD PUSKESMAS JAMPANGTENGAH - 1.02.0.00.0.00.01.0058,01KMPN30HJRK1DMRNJZ87WA6YR,65562632,2026,E-Katalog 6.0,BLUD,RAJA ALKES MEDIKA,E-Purchasing,Barang,Belanja Habis Pakai Alat Kesehatan (BHP Medis),COMPLETED,20697493,20697493
KAB. SUKABUMI,UPTD PUSKESMAS NAGRAK - 1.02.0.00.0.00.01.0048,01KJA45ZTNH7MKZS1Q1WB4QXEY,65361864,2026,E-Katalog 6.0,BLUD,NOVAPHARIN,E-Purchasing,Barang,belanja barang pakai habis- belanja obat-obatan,COMPLETED,5871900,5871900
KAB. SUKABUMI,UPTD RSUD SAGARANTEN - 1.02.0.00.0.00.01.0063,01KJCCRVQTCGJS5R7J32G6GV79,65737969,2026,E-Katalog 6.0,BLUD,TESSA MEISA RAHAYU,E-Purchasing,Barang,Belanja Cetak BLUD RSUD Sagaranten,PAYMENT OUTSIDE SYSTEM,22811610,22811610
KAB. SUKABUMI,UPTD PUSKESMAS CISAAT - 1.02.0.00.0.00.01.0053,01KS1H7QJ7PY5SEJFMYGSKJK14,64692007,2026,E-Katalog 6.0,BLUD,KARYA BERKAT GEMILANG,E-Purchasing,Barang,Belanja Bahan Habis Pakai Alat Kesehatan (BHP Medis) Puskesmas Cisaat TA. 2026,COMPLETED,3656340,3656340
KAB. SUKABUMI,BADAN PENDAPATAN DAERAH - 5.02.0.00.0.00.02.0000,01KT6Z5PEE18W9DG1T9SWWZ06T,67242842,2026,E-Katalog 6.0,APBD,SAPTA RAKSAKA DHARMA,E-Purchasing,Jasa Lainnya,Belanja Alat/Bahan untuk Kegiatan Kantor- Bahan Cetak  Blangko KTMDU,ON PROCESS,49783500,49783500
KAB. SUKABUMI,DINAS PERUMAHAN DAN KAWASAN PERMUKIMAN - 1.03.1.04.2.11.01.0000,10885646000,65763204,2026,Non Tender,APBD,CV. SEMERU PRIMA ABADI,Pengadaan Langsung,Pekerjaan Konstruksi,"Pembangunan Sarana Air Bersih Kp Nagrak, Rt 05 Rw 06, Kelurahan Surade, Kecamatan Surade, Kabupaten Sukabumi",SELESAI,97270036,97270036
KAB. SUKABUMI,DINAS PENGENDALIAN PENDUDUK DAN KELUARGA BERENCANA - 2.14.0.00.0.00.01.0000,10826929000,66702496,2026,Non Tender,APBD,cv. cipta grha hafara,Pengadaan Langsung,Jasa Konsultansi Badan Usaha Konstruksi,Jasa Konsultan Pengawasan Pembangunan Gedung Kantor UPT Dalduk Kecamatan Cibitung,SELESAI,37107300,37107300
KAB. SUKABUMI,UOBK RSUD SEKARWANGI - 1.02.0.00.0.00.01.0002,01KRX0R15ZMXW65NEH6049VBRQ,63079700,2026,E-Katalog 6.0,BLUD,ETHICA INDUSTRI FARMASI,E-Purchasing,Barang,Belanja Obat-obatan-Obat,ON PROCESS,15988165,15988165
KAB. SUKABUMI,DINAS ARSIP DAN PERPUSTAKAAN - 2.24.2.23.0.00.01.0000,01KP2SN7V9DM9TP6QRTNWBFXP7,66120912,2026,E-Katalog 6.0,APBD,AKASIA,E-Purchasing,Jasa Lainnya,Belanja Makanan dan Minuman Rapat,PAYMENT OUTSIDE SYSTEM,3080000,3080000
KAB. SUKABUMI,UOBK RSUD SEKARWANGI - 1.02.0.00.0.00.01.0002,01KWC1S1A50Y1EER00QK4VHA3F,67395679,2026,E-Katalog 6.0,APBD,TRISA LIKUID FARMA,E-Purchasing,Barang,Belanja Makanan dan Minuman Rapat,ON PROCESS,2643188,2643188
KAB. SUKABUMI,INSPEKTORAT - 6.01.0.00.0.00.01.0000,01KRDQGF6JQQXN9WCP2KVDSXA7,64783977,2026,E-Katalog 6.0,APBD,CARELL MITRA SEJUK,E-Purchasing,Barang,Pengadaan Barang Habis Kantor Peralatan Rumah Tangga dan Kebersihan,ON PROCESS,27110640,27110640
KAB. SUKABUMI,UPTD PUSKESMAS CIJANGKAR - 1.02.0.00.0.00.01.0011,01KJ4B8AM6XJ7GTJ1T9H9RGJ0F,65515296,2026,E-Katalog 6.0,BLUD,INDO PRIANGAN KATULISTIWA,E-Purchasing,Barang,Belanja Obat-Obatan-Obat Puskesmas Cijangkar,COMPLETED,1071150,1071150
KAB. SUKABUMI,DINAS PENDIDIKAN - 1.01.0.00.0.00.01.0000,10868256000,66141773,2026,Non Tender,APBD,CV. TIGA DUA AMANAH,Pengadaan Langsung,Pekerjaan Konstruksi,Penataan Halaman SDN 02 lebaksiuh  Kec. kadudampit,SELESAI,79407075,79407075
KAB. SUKABUMI,DINAS KEPENDUDUKAN DAN PENCATATAN SIPIL - 2.12.0.00.0.00.01.0000,01KH3D6QJQT0HK70AQP4CVTZ7D,64093577,2026,E-Katalog 6.0,APBD,YUJI SABUMI PERKASA,E-Purchasing,Jasa Lainnya,Belanja Ribbon KIA ( Evolis ),PAYMENT OUTSIDE SYSTEM,128000094,128000094
KAB. SUKABUMI,UPTD KLINIK KESEHATAN DAERAH DAN LABORATORIUM KESEHATAN DAERAH - 1.02.0.00.0.00.01.0062,01KW0YXYNHZ6TC2JBR9BWFN28V,65649459,2026,E-Katalog 6.0,BLUD,MITRA KEKAL SANJAYA,E-Purchasing,Barang,Belanja Pemeliharaan Alat Laboratorium,ON PROCESS,5763647,5763647
KAB. SUKABUMI,UPTD PUSKESMAS WARUNGKIARA - 1.02.0.00.0.00.01.0030,01KWB0SS4JCWP83S23AK0SBW0J,66149364,2026,E-Katalog 6.0,BLUD,MITRA IMAJI SOLUSI,E-Purchasing,Barang,Belanja Bahan Medis Habis Pakai Puskesmas Warungkiara,ON PROCESS,952380,952380
KAB. SUKABUMI,UOBK RSUD SEKARWANGI - 1.02.0.00.0.00.01.0002,01KK1TFS3QGSKFRBR1YXV2NCFD,63079700,2026,E-Katalog 6.0,BLUD,PRATAPA NIRMALA,E-Purchasing,Barang,Belanja Obat-obatan-Obat,ON PROCESS,71788140,71788140
KAB. SUKABUMI,BADAN PENANGGULANGAN BENCANA DAERAH - 1.05.0.00.0.00.02.0000,01KJ6X1HDNQFE0AQK544K4VMEN,65599776,2026,E-Katalog 6.0,APBD,AKASIA,E-Purchasing,Barang,"Bufferstock Logistik Sandang, Kitchenware Dan Foodware",ON PROCESS,145996080,145996080
KAB. SUKABUMI,UPTD PUSKESMAS WARUNGKIARA - 1.02.0.00.0.00.01.0030,01KPA3G3FQCWSE4R48814EZA3D,66149129,2026,E-Katalog 6.0,BLUD,BERNOFARM,E-Purchasing,Barang,Belanja Obat-Obatan Puskesmas Warungkiara,COMPLETED,550560,550560
KAB. SUKABUMI,UPTD PUSKESMAS CIBADAK - 1.02.0.00.0.00.01.0050,01KT9FP8FFBR1TY7AKRWG7VE2N,65788863,2026,E-Katalog 6.0,BLUD,SOLA INTI BERSAMA,E-Purchasing,Barang,Belanja Habis Pakai Alat Kesehatan (BHP Medis) Puskesmas Cibadak 2026,ON PROCESS,5599950,5599950
KAB. SUKABUMI,DINAS PEKERJAAN UMUM - 1.03.0.00.0.00.01.0000,10916419000,66768751,2026,Non Tender,APBD,CV. DIAN KARTA,Pengadaan Langsung,Pekerjaan Konstruksi,Ruas Jalan Bagbagan - Warungkiara Kecamatan Simpenan,SELESAI,186395270,186395270
KAB. SUKABUMI,DINAS PERUMAHAN DAN KAWASAN PERMUKIMAN - 1.03.1.04.2.11.01.0000,10849822000,65763190,2026,Non Tender,APBD,GUMELAR PRATAMA,Pengadaan Langsung,Pekerjaan Konstruksi,"Pembangunan Sarana Air Bersih Kp.Nagrak Rt/Rw 012/003 Desa Ciwalat, Kecamatan Pabuaran, Kab. Sukabumi",SELESAI,195025969,195025969
KAB. SUKABUMI,UPTD PUSKESMAS CIRACAP - 1.02.0.00.0.00.01.0023,01KN781E3543PMR2QV6EZNJ4Q4,65631591,2026,E-Katalog 6.0,BLUD,AFHAM KARYA NUSANTARA,E-Purchasing,Barang," Beban Obat-Obatan-Obat ",COMPLETED,1990079,0
KAB. SUKABUMI,DINAS PERTANIAN - 3.27.2.09.0.00.01.0000,10899941000,67265720,2026,Non Tender,APBD,PT. Wira Sarana Wisata,Pengadaan Langsung,Jasa Lainnya,Belanja Jasa Penyelenggaraan Acara (Belanja jasa EO Keg. Penas KTNA),SELESAI,99533253,99533253
KAB. SUKABUMI,DINAS PERTANIAN - 3.27.2.09.0.00.01.0000,10754986000,63468745,2026,Non Tender,APBD,Tri Putra Mandiri Consultant,Pengadaan Langsung,Jasa Konsultansi Badan Usaha Konstruksi,"Persediaan Untuk Dijual/Diserahkan Lainnya - Konsultan perencanaan irigasi pertanian wil. 1, 2, 5",SELESAI,74592000,74592000
KAB. SUKABUMI,UOBK RSUD SEKARWANGI - 1.02.0.00.0.00.01.0002,01KRZP9WZWDKRYWHNA2ZGDE7DS,63079700,2026,E-Katalog 6.0,BLUD,BETA PHARMACON,E-Purchasing,Barang,Belanja Obat-obatan-Obat,ON PROCESS,38130276,0
KAB. SUKABUMI,DINAS PEKERJAAN UMUM - 1.03.0.00.0.00.01.0000,10825013000,64823129,2026,Non Tender,APBD,PT. Nusa Graha Konsultan,Pengadaan Langsung,Jasa Konsultansi Badan Usaha Non Konstruksi,DED Daerah Irigasi Warujajar Desa Jagamukti Kecamatan Surade,SELESAI,99178500,99178500
KAB. SUKABUMI,UOBK RSUD SEKARWANGI - 1.02.0.00.0.00.01.0002,01KK15FJCVBPJR7F90T4H3QC3F,63079700,2026,E-Katalog 6.0,BLUD,AMAROX PHARMA GLOBAL,E-Purchasing,Barang,Belanja Obat-obatan-Obat,ON PROCESS,36385578,36385578
KAB. SUKABUMI,KECAMATAN KADUDAMPIT - 7.01.0.00.0.00.27.0000,01KTNAE1AHRR1DKBPTGRQ979GJ,67139703,2026,E-Katalog 6.0,APBD,INDIKALIMA TEKNOLOGI,E-Purchasing,Barang,Belanja Modal Alat Kantor Lainnya,ON PROCESS,11854800,0
KAB. SUKABUMI,UOBK RSUD SEKARWANGI - 1.02.0.00.0.00.01.0002,01KNRMFKW3ZJEMEXTQ120AK1QJ,63079700,2026,E-Katalog 6.0,BLUD,YARINDO FARMATAMA,E-Purchasing,Barang,Belanja Obat-obatan-Obat,ON PROCESS,2960370,2960370
KAB. SUKABUMI,DINAS PERTANIAN - 3.27.2.09.0.00.01.0000,10818150000,63468829,2026,Non Tender,APBD,CV. AGUNG BINA PUTRA,Pengadaan Langsung,Pekerjaan Konstruksi,Persediaan Untuk Dijual/Diserahkan Lainnya - Jaringan Irigasi Pertanian Kec. Simpenan Desa Cibuntu Poktan Lembur Sawah,SELESAI,184801259,184801259
KAB. SUKABUMI,UPTD PUSKESMAS PURABAYA - 1.02.0.00.0.00.01.0012,01KKDETV9E929PBZ0PNT9GATHG,66326199,2026,E-Katalog 6.0,BLUD,GANDASARI EKASATYA,E-Purchasing,Barang,Belanja Pengadaan Obat-obatan Lainnya (BMHP) UPTD Puskesmas Purabaya ,PAYMENT OUTSIDE SYSTEM,2797200,0
KAB. SUKABUMI,UOBK RSUD SEKARWANGI - 1.02.0.00.0.00.01.0002,01KTNBM96A8CP0QC1R45CXBVD3,63079700,2026,E-Katalog 6.0,BLUD,SANBE FARMA,E-Purchasing,Barang,Belanja Obat-obatan-Obat,ON PROCESS,29357946,29357946
KAB. SUKABUMI,UPTD PUSKESMAS KALIBUNDER - 1.02.0.00.0.00.01.0028,01KKDJ44G2M584ZNE52S1J4GYP,65601628,2026,E-Katalog 6.0,BLUD,INDO PRIANGAN KATULISTIWA,E-Purchasing,Barang,Belanja Obat-Obatan-Obat Puskesmas Kalibunder Tahun 2026,COMPLETED,8270943,8270943
KAB. SUKABUMI,DINAS PEKERJAAN UMUM - 1.03.0.00.0.00.01.0000,10861403000,66619947,2026,Non Tender,APBD,SELARAS RAHAYU KONSTRUKSI,Pengadaan Langsung,Pekerjaan Konstruksi,Daerah Irigasi Cibatu Desa Cibatu Kecamatan Cikembar,SELESAI,281863223,281863223
KAB. SUKABUMI,DINAS KEPENDUDUKAN DAN PENCATATAN SIPIL - 2.12.0.00.0.00.01.0000,01KQ1TNPNTSQ0DXPJP6HTQT51C,63965596,2026,E-Katalog 6.0,APBD,SADULUR SAJATI,E-Purchasing,Jasa Lainnya,Belanja X Banner ,PAYMENT OUTSIDE SYSTEM,7659000,7659000
KAB. SUKABUMI,UPTD PUSKESMAS NAGRAK - 1.02.0.00.0.00.01.0048,01KHTBTGEHV9FYJ8GRFVSVPY0K,65361864,2026,E-Katalog 6.0,BLUD,SATORIA ANEKA INDUSTRI,E-Purchasing,Barang,belanja barang pakai habis- belanja obat-obatan,ON PROCESS,10800189,10800189
KAB. SUKABUMI,UPTD PUSKESMAS CITARIK - 1.02.0.00.0.00.01.0032,01KVVMK693N5E21R6DM5FCE6N5,65505780,2026,E-Katalog 6.0,BLUD,MEPROFARM,E-Purchasing,Barang,Belanja Obat Puskesmas Citarik (e-Catalog),ON PROCESS,4351200,4351200
KAB. SUKABUMI,SEKRETARIAT DPRD - 4.02.0.00.0.00.01.0000,01KSGPH9VWV59HQVBTYFXMC27G,63547828,2026,E-Katalog 6.0,APBD,CIPTA BUMI PERSADA,E-Purchasing,Barang,Pengadaan Komponen Instalasi Listrik,ON PROCESS,181694013,181694013
KAB. SUKABUMI,DINAS PERTANIAN - 3.27.2.09.0.00.01.0000,10754987000,63468744,2026,Non Tender,APBD,CV. KARUNIA ABADI KONSULTAN,Pengadaan Langsung,Jasa Konsultansi Badan Usaha Konstruksi,Persediaan Untuk Dijual/Diserahkan Lainnya - Konsultan perencanaan irigasi pertanian wil. 7,SELESAI,74703000,74703000
KAB. SUKABUMI,SEKRETARIAT DPRD - 4.02.0.00.0.00.01.0000,01KGEM2DPZPEWZGVNFNEENQ8EG,63440964,2026,E-Katalog 6.0,APBD,IKHSAN PUTRA,E-Purchasing,Barang,Pengadaan Gordeyn Rumah Dinas Ketua DPRD,PAYMENT OUTSIDE SYSTEM,212747040,212747040
KAB. SUKABUMI,UOBK RSUD SEKARWANGI - 1.02.0.00.0.00.01.0002,01KNP4W9SMTXATEVFXYAA3S8VF,63079700,2026,E-Katalog 6.0,BLUD,BETA PHARMACON,E-Purchasing,Barang,Belanja Obat-obatan-Obat,ON PROCESS,40390636,0
KAB. SUKABUMI,DINAS KESEHATAN - 1.02.0.00.0.00.01.0000,10127033000,66859360,2026,Tender,APBD,SELARAS CAKRA UTAMA,Seleksi,Jasa Konsultansi Badan Usaha Konstruksi,Belanja Jasa Konsultansi Perencanaan Pembangunan Puskesmas Palabuhanratu,SELESAI,185220150,185220150
KAB. SUKABUMI,DINAS PERTANIAN - 3.27.2.09.0.00.01.0000,10800501000,63468756,2026,Non Tender,APBD,CV HRZ MULTI UTAMA,Pengadaan Langsung,Pekerjaan Konstruksi,Persediaan Untuk Dijual/Diserahkan Lainnya - Jaringan Irigasi Pertanian Kec. Ciracap Desa Ujunggenteng Poktan Tani Mukti,SELESAI,230330919,230330919
KAB. SUKABUMI,DINAS PERIKANAN - 3.25.0.00.0.00.01.0000,10800448000,65405130,2026,Non Tender,APBD,CV. Mandala Putri,Pengadaan Langsung,Pengadaan Barang,Pengadaan Sarana Usaha Perikanan Tangkap KUB. SARI LAUT,SELESAI,174975000,0
KAB. SUKABUMI,UPTD PUSKESMAS CIKEMBAR - 1.02.0.00.0.00.01.0060,01KNPRCAS1YGD4WJ4F1QC05YH0,65499532,2026,E-Katalog 6.0,BLUD,KENCANA INSAN MANDIRI,E-Purchasing,Barang,Belanja Alat / Bahan Untuk Kegiatan Kantor- Alat Tulis Kantor Puskesmas Cikembar Tahun 2026,COMPLETED,23963790,23963790
KAB. SUKABUMI,DINAS PERUMAHAN DAN KAWASAN PERMUKIMAN - 1.03.1.04.2.11.01.0000,10827869000,65761216,2026,Non Tender,APBD,CKC,Pengadaan Langsung,Pekerjaan Konstruksi,Jalan Lingkungan Kp. Sindangpalay Rw 06 Desa Pasawahan Kecamatan Cicurug,SELESAI,122733851,122733851
KAB. SUKABUMI,DINAS PENDIDIKAN - 1.01.0.00.0.00.01.0000,10876580000,66141562,2026,Non Tender,APBD,CV JAYANTI BERKARYA,Pengadaan Langsung,Pekerjaan Konstruksi,Pemagaran SDN Bojongkoneng   Kec. Bantargadung,SELESAI,91806122,91806122
KAB. SUKABUMI,UOBK RSUD SEKARWANGI - 1.02.0.00.0.00.01.0002,01KRDGMB36FKKFBA5E1NQPBWTB,63079700,2026,E-Katalog 6.0,BLUD,NOVELL PHARMACEUTICAL LABORATORIES,E-Purchasing,Barang,Belanja Obat-obatan-Obat,ON PROCESS,7113202,7113202
KAB. SUKABUMI,DINAS PERTANIAN - 3.27.2.09.0.00.01.0000,10866588000,63468851,2026,Non Tender,APBD,sultan saleh,Pengadaan Langsung,Pekerjaan Konstruksi,Persediaan Untuk Dijual/Diserahkan Lainnya - Jaringan Irigasi Pertanian Kec. Waluran Desa Waluran Mandiri Poktan Wana Sugih,SELESAI,57206140,57206140
KAB. SUKABUMI,UOBK RSUD SEKARWANGI - 1.02.0.00.0.00.01.0002,01KK8CZ4NP24XWWW5PGK33KEXY,63079700,2026,E-Katalog 6.0,BLUD,MEGA LIFESCIENCES INDONESIA,E-Purchasing,Barang,Belanja Obat-obatan-Obat,ON PROCESS,2369850,2369850
KAB. SUKABUMI,DINAS PERTANIAN - 3.27.2.09.0.00.01.0000,10869599000,64123383,2026,Non Tender,APBD,CV ADHIGUNA BINTANG SELATAN,Pengadaan Langsung,Pekerjaan Konstruksi,Persediaan Untuk Dijual/Diserahkan Lainnya - Pipanisasi Kec. Curukembar Desa Nagrakjaya Poktan Bojong Sawah,SELESAI,184525439,184525439
KAB. SUKABUMI,UPTD PUSKESMAS CIAMBAR - 1.02.0.00.0.00.01.0046,01KRP9W4TNR4RNCG1KGP7BW6YY,65772244,2026,E-Katalog 6.0,BLUD,KENCANA INSAN MANDIRI,E-Purchasing,Barang,Pengadaan Peralatan dan Mesin Personal Komputer,COMPLETED,3774000,3774000
KAB. SUKABUMI,DINAS PERTANIAN - 3.27.2.09.0.00.01.0000,10800331000,63468837,2026,Non Tender,APBD,CV. TRIO MUDA BERKARYA,Pengadaan Langsung,Pekerjaan Konstruksi,Persediaan Untuk Dijual/Diserahkan Lainnya - Jaringan Irigasi Pertanian Kec. Ciracap Desa Cikangkung Poktan Nangka Wangi,SELESAI,230333802,230333802
KAB. SUKABUMI,UPTD PUSKESMAS JAMPANGTENGAH - 1.02.0.00.0.00.01.0058,01KP7M3VC0JX8PH0G87ZYC4J7P,65564675,2026,E-Katalog 6.0,BLUD,BERNOFARM,E-Purchasing,Barang,Belanja Obat-obatan,ON PROCESS,2648349,2648349
KAB. SUKABUMI,UPTD PUSKESMAS BUNIWANGI - 1.02.0.00.0.00.01.0022,01KNV3ZNZ3QFGD1HKS9NT8YP98,65678320,2026,E-Katalog 6.0,BLUD,INDO PRIANGAN KATULISTIWA,E-Purchasing,Barang,Belanja Bahan Obat-obatan Puskesmas Buniwangi,PAYMENT OUTSIDE SYSTEM,23994315,23994315
KAB. SUKABUMI,DINAS KETAHANAN PANGAN - 2.09.2.09.2.09.01.0000,01KNGQ48QDGZWGZ2S8WQRH8RE9,66277138,2026,E-Katalog 6.0,APBD,ARRAHMAN BERKAH ABADI,E-Purchasing,Barang,Alat Tulis Kantor,ON PROCESS,12486279,12486279
KAB. SUKABUMI,DINAS PERDAGANGAN DAN PERINDUSTRIAN - 3.31.3.29.3.30.01.0000,10926717000,63905363,2026,Non Tender,APBD,CV. MAHA DEWA CONTRACTOR,Pengadaan Langsung,Pekerjaan Konstruksi,Pekerjaan Perkerasan Jalan Lingkar Pasar Sagaranten,SELESAI,239223894,239223894
KAB. SUKABUMI,UOBK RSUD SEKARWANGI - 1.02.0.00.0.00.01.0002,01KJ58E37CBQAYXV1HH5FEPV57,63077986,2026,E-Katalog 6.0,BLUD,INDOMEDIKA SOLUSINDO,E-Purchasing,Barang,Belanja Bahan - Bahan Lainnya (BMHP Farmasi),ON PROCESS,4749995,0
KAB. SUKABUMI,DINAS PERDAGANGAN DAN PERINDUSTRIAN - 3.31.3.29.3.30.01.0000,10925864000,63905343,2026,Non Tender,APBD,CV. TIGA PERKASA,Pengadaan Langsung,Pekerjaan Konstruksi,Pengaspalan Jalan Lingkar Pasar Jampangtengah,SELESAI,252258226,252258226
KAB. SUKABUMI,"BADAN PERENCANAAN PEMBANGUNAN, RISET DAN INOVASI DAERAH - 5.01.5.05.0.00.01.0000",01KGQ6V5E82VNSFNY85V7SRGV2,64599596,2026,E-Katalog 6.0,APBD,DERMA UTAMA ABADI,E-Purchasing,Jasa Lainnya,Belanja Makanan dan Minuman Rapat-Musrenbang Kecamatan,PAYMENT OUTSIDE SYSTEM,2800000,2800000
KAB. SUKABUMI,DINAS LINGKUNGAN HIDUP - 2.11.1.03.0.00.01.0000,10788859000,65816056,2026,Non Tender,APBD,cv. sadulur sajati,Pengadaan Langsung,Jasa Lainnya,BELANJA CETAKAN KANTOR,SELESAI,42697704,42697704
KAB. SUKABUMI,DINAS PENDIDIKAN - 1.01.0.00.0.00.01.0000,10887034000,66052744,2026,Non Tender,APBD,CV. CIPTA KARYA,Pengadaan Langsung,Pekerjaan Konstruksi,Rehabilitasi Sedang / Berat Ruang Kelas SDN Jayanti 3  Kec. Palabuhanratu,SELESAI,136579219,136579219
KAB. SUKABUMI,UPTD PUSKESMAS BOJONGGENTENG - 1.02.0.00.0.00.01.0040,01KJYTFQEWEVFCGQBB3A251S43,65549461,2026,E-Katalog 6.0,BLUD,SATU MEDIKA PRATAMA,E-Purchasing,Barang,Belanja Bahan Obat - Obatan,COMPLETED,24311908,24311908
KAB. SUKABUMI,DINAS PERHUBUNGAN - 2.15.0.00.0.00.01.0000,01KH580D2JPVG66NPY7WBVTHMZ,64711035,2026,E-Katalog 6.0,APBD,KHARISMA SINARLINDO PERSADA,E-Purchasing,Barang,Belanja Lampu LED 60 Watt,ON PROCESS,476190000,476190000
KAB. SUKABUMI,DINAS TENAGA KERJA DAN TRANSMIGRASI - 2.07.3.32.0.00.01.0000,10789476000,64620894,2026,Non Tender,APBD,cv.zakaria,Pengadaan Langsung,Pengadaan Barang,Persediaan untuk Dijual/Diserahkan Kepada Masyarakat (Material Padat Karya Infrastruktur Tembok Penahan Tanah (TPT) Kp.Gunungjaya RT.03 RW.01 Desa Gunungjaya Kec. Cisaat),SELESAI,78846000,78846000
KAB. SUKABUMI,UOBK RSUD SEKARWANGI - 1.02.0.00.0.00.01.0002,01KPMP91CR3D9B7TBK4X6PW8FQ,63077986,2026,E-Katalog 6.0,BLUD,SURGIKA ALKESINDO,E-Purchasing,Barang,Belanja Bahan - Bahan Lainnya (BMHP Farmasi),ON PROCESS,4884000,0
KAB. SUKABUMI,UPTD PUSKESMAS SAGARANTEN - 1.02.0.00.0.00.01.0013,01KR0ARJG7TCX6MRAJ0DYVN3D3,65564833,2026,E-Katalog 6.0,BLUD,ZAYN REYCHI ETERNAL,E-Purchasing,Barang,Belanja Obat-Obatan UPTD Puskesmas Sagaranten,ON PROCESS,13585000,13585000
KAB. SUKABUMI,DINAS PENDIDIKAN - 1.01.0.00.0.00.01.0000,10868395000,67141903,2026,Non Tender,APBD,CV TIGA PERKASA KONSTRUKSI,Pengadaan Langsung,Pekerjaan Konstruksi,Pembangunan Toilet Beserta Sanitasinya SDIT Annusaibah Kec.Bojonggenteng,SELESAI,52299868,52299868
KAB. SUKABUMI,UOBK RSUD PALABUHANRATU - 1.02.0.00.0.00.01.0001,01KC83PPCG0DF4QA7XD880RJC3,64622587,2026,E-Katalog 6.0,BLUD,FERRON PAR PHARMACEUTICALS,E-Purchasing,Barang,Belanja Obat - Obatan,ON PROCESS,29569201,29569201
KAB. SUKABUMI,DINAS PERHUBUNGAN - 2.15.0.00.0.00.01.0000,01KH93NG23ZQPHGRERXRQDJ94J,64706811,2026,E-Katalog 6.0,APBD,D'BEST KREASINDO UTAMA,E-Purchasing,Jasa Lainnya,Pembangunan PJU di Wilayah Desa Cikembar Kecamatan Cikembar (10 Titik),ON PROCESS,159285000,159285000
KAB. SUKABUMI,UPTD PUSKESMAS BANTARGADUNG - 1.02.0.00.0.00.01.0031,01KP4WTCDDMF18CF5XQJWRPSZP,66512618,2026,E-Katalog 6.0,BLUD,AYOOKLIK PARAHYANGAN PERKASA,E-Purchasing,Barang,Belanja modal komputer (Puskesmas Bantargadung),ON PROCESS,2350000,0
KAB. SUKABUMI,UPTD PUSKESMAS NAGRAK - 1.02.0.00.0.00.01.0048,01KHWCH01F2828R7YWPS5PJ8FM,65362722,2026,E-Katalog 6.0,BLUD,ENDO INDONESIA,E-Purchasing,Barang,belanja barang pakai habis- belanja obat-obatan-obat lainnya,COMPLETED,4049280,0
KAB. SUKABUMI,UOBK RSUD SEKARWANGI - 1.02.0.00.0.00.01.0002,10813066000,66583558,2026,Non Tender,BLUD,CV. KIDANG KENCANA,Pengadaan Langsung,Pekerjaan Konstruksi,Pemeliharaan Gedung Poli Rawat Jalan,SELESAI,99611000,99611000
KAB. SUKABUMI,DINAS PERTANIAN - 3.27.2.09.0.00.01.0000,01KK113HX4RAPZCQJ85YNQF2CR,65032275,2026,E-Katalog 6.0,APBD,MUTIARACAHAYA PLASTINDO,E-Purchasing,Barang,Belanja Bahan-Bahan Bangunan dan Konstruksi : Pengadaan Mulsa Kegiatan Pengembangan Kawasan Cabai,PAYMENT OUTSIDE SYSTEM,156791274,156791274
KAB. SUKABUMI,DINAS PERIKANAN - 3.25.0.00.0.00.01.0000,10800445000,65389756,2026,Non Tender,APBD,CV. Putra Kembar Perkasa,Pengadaan Langsung,Pengadaan Barang,Pengadaan Sarana Usaha Perikanan Tangkap KUB. BUNGGA,SELESAI,174950000,0
KAB. SUKABUMI,UPTD PUSKESMAS CIDAHU - 1.02.0.00.0.00.01.0043,01KPMX2XPAPJQ7AZJ2P62D7FJK,66272931,2026,E-Katalog 6.0,BLUD,NOVAPHARIN,E-Purchasing,Barang,Belanja Bahan Obat-obatan puskesmas cidahu,ON PROCESS,7257180,7257180
KAB. SUKABUMI,UPTD PUSKESMAS NAGRAK - 1.02.0.00.0.00.01.0048,01KJCC1GYVFQPDD0JYVAP5ZT2K,65361864,2026,E-Katalog 6.0,BLUD,MERSIFARMA TIRMAKU MERCUSANA,E-Purchasing,Barang,belanja barang pakai habis- belanja obat-obatan,COMPLETED,10911300,10911300
KAB. SUKABUMI,UOBK RSUD PALABUHANRATU - 1.02.0.00.0.00.01.0001,01KBH04B6H4NH5FJ9HK4NG2YAG,64622587,2026,E-Katalog 6.0,BLUD,LAPI LABORATORIES,E-Purchasing,Barang,Belanja Obat - Obatan,ON PROCESS,53280000,53280000
KAB. SUKABUMI,DINAS PERUMAHAN DAN KAWASAN PERMUKIMAN - 1.03.1.04.2.11.01.0000,10850056000,65763047,2026,Non Tender,APBD,CV. ETERNA RAYA,Pengadaan Langsung,Pekerjaan Konstruksi,"Drainase Kp. Cijeruk Kaler Rw 11, Kab. Sukabumi",SELESAI,95799958,95799958
KAB. SUKABUMI,DINAS LINGKUNGAN HIDUP - 2.11.1.03.0.00.01.0000,01KN16FGTCKQ33WB31HS0WKQ5K,66613001,2026,E-Katalog 6.0,APBD,FADHILLAH,E-Purchasing,Jasa Lainnya,Belanja Pemeliharaan Alat Besar-Alat Besar Darat-Alat Besar Darat Lainnya - Pemeliharaan Karoseri Truk Angkutan sampah ,ON PROCESS,199800000,199800000
KAB. SUKABUMI,UOBK RSUD SEKARWANGI - 1.02.0.00.0.00.01.0002,01KTS5FD8YCV02E0ENPCJ4DJ8G,63079700,2026,E-Katalog 6.0,BLUD,DEXA MEDICA,E-Purchasing,Barang,Belanja Obat-obatan-Obat,ON PROCESS,68370128,68370128
KAB. SUKABUMI,UOBK RSUD SEKARWANGI - 1.02.0.00.0.00.01.0002,01KPQBXXX1MW140AJ33FFV4QF5,66119871,2026,E-Katalog 6.0,BLUD,MITRA TERA AKURASI,E-Purchasing,Jasa Lainnya,Belanja Jasa Kalibrasi,ON PROCESS,194352650,194352650
KAB. SUKABUMI,DINAS PERHUBUNGAN - 2.15.0.00.0.00.01.0000,01KHWKNRXD1EDRTE4BN6K69RQG,64706871,2026,E-Katalog 6.0,APBD,SADDAM ESTU MULIA,E-Purchasing,Jasa Lainnya,Pembangunan PJU di Wilayah Kec. Cidahu dan Cisolok (18 Titik),ON PROCESS,287801910,287801910
KAB. SUKABUMI,DINAS PEKERJAAN UMUM - 1.03.0.00.0.00.01.0000,10894771000,67254568,2026,Non Tender,APBD,CV. RAYA BERLIANS,Pengadaan Langsung,Pekerjaan Konstruksi,Daerah Irigasi Cibubuay Desa Kalaparea Kecamatan Nagrak,SELESAI,197491201,197491201
KAB. SUKABUMI,DINAS PENDIDIKAN - 1.01.0.00.0.00.01.0000,10877016000,66141781,2026,Non Tender,APBD,CV. UNGGUL BANGUN PERKASA,Pengadaan Langsung,Pekerjaan Konstruksi,Penataan Halaman SDN Tarisi Kec. Simpenan,SELESAI,80185172,80185172
KAB. SUKABUMI,DINAS PEKERJAAN UMUM - 1.03.0.00.0.00.01.0000,10892733000,66614243,2026,Non Tender,APBD,CV. BAEHAQIE,Pengadaan Langsung,Pekerjaan Konstruksi,Daerah Irigasi Cicepe Desa Bojong Jengkol Kecamatan Jampang Tengah,SELESAI,141028836,141028836
KAB. SUKABUMI,DINAS PEKERJAAN UMUM - 1.03.0.00.0.00.01.0000,10928816000,66724871,2026,Non Tender,APBD,cv. kersana creative,Pengadaan Langsung,Pekerjaan Konstruksi,Ruas Jalan Komplek Gelanggang Remaja Cisaat Kecamatan Cisaat,SELESAI,196348335,196348335
KAB. SUKABUMI,DINAS PEKERJAAN UMUM - 1.03.0.00.0.00.01.0000,10840235000,66751833,2026,Non Tender,APBD,CV JAYANTI BERKARYA,Pengadaan Langsung,Pekerjaan Konstruksi,Pembuatan Plat Beton Ruas Jalan Cijaksa - Mataram Kecamatan Jampangkulon,SELESAI,98173915,98173915
KAB. SUKABUMI,"DINAS KOPERASI, USAHA KECIL DAN MENENGAH - 2.17.0.00.0.00.01.0000",01KG76GS89RYWPY5FQTNHHXV0N,63736850,2026,E-Katalog 6.0,APBD,INSAN CIPTA GRAFIKA,E-Purchasing,Barang,Belanja Personal Computer,PAYMENT OUTSIDE SYSTEM,49950000,49950000
KAB. SUKABUMI,UOBK RSUD SEKARWANGI - 1.02.0.00.0.00.01.0002,01KH5YXNE7JFGZTK7SD3M5TNY3,63079700,2026,E-Katalog 6.0,BLUD,SATORIA ANEKA INDUSTRI,E-Purchasing,Barang,Belanja Obat-obatan-Obat,ON PROCESS,26625348,26625348
KAB. SUKABUMI,DINAS PENDIDIKAN - 1.01.0.00.0.00.01.0000,10898750000,66052836,2026,Non Tender,APBD,CV. Binjay Selatan,Pengadaan Langsung,Pekerjaan Konstruksi,Rehabilitasi Sedang / Berat Ruang Kelas SDN Cisaat 1  Kec. Surade,BERLANGSUNG,136650000,136650000
KAB. SUKABUMI,DINAS PERHUBUNGAN - 2.15.0.00.0.00.01.0000,01KHK0BMMTR0CCS6Z36FA8FSRV,64706812,2026,E-Katalog 6.0,APBD,KARYA SUMBER REZEKY,E-Purchasing,Jasa Lainnya,Pembangunan PJU di Wilayah Desa Cimanggu Kecamatan Cikembar (10 Titik),ON PROCESS,159007500,159007500
KAB. SUKABUMI,DINAS PEKERJAAN UMUM - 1.03.0.00.0.00.01.0000,10868498000,67142264,2026,Non Tender,APBD,HIBAR GUMILANG,Pengadaan Langsung,Pekerjaan Konstruksi,Daerah Irigasi Cikolawing II Kelurahan Cibadak Kecamatan Cibadak,SELESAI,280963930,280963930
KAB. SUKABUMI,DINAS PERUMAHAN DAN KAWASAN PERMUKIMAN - 1.03.1.04.2.11.01.0000,10905327000,67216138,2026,Non Tender,APBD,KARYA MANDIRI,Pengadaan Langsung,Pekerjaan Konstruksi,Pembangunan Sarana Air Bersih Kp Tegal Nyampai Rt 006 Rw 002 Desa Loji Kec Simpenan,SELESAI,144114542,144114542
KAB. SUKABUMI,UOBK RSUD SEKARWANGI - 1.02.0.00.0.00.01.0002,01KGP7PZ0TER3FDMVBF5ADMTEF,64458398,2026,E-Katalog 6.0,BLUD,BINTANG MEGAH PERSADA,E-Purchasing,Barang,Belanja Modal Alat Rumah Tangga Lainnya (Home Use),ON PROCESS,47115141,47115141
KAB. SUKABUMI,UOBK RSUD SEKARWANGI - 1.02.0.00.0.00.01.0002,01KGPGHH6PMS3P6QA3NMENZQK7,63079700,2026,E-Katalog 6.0,BLUD,PERUSAHAAN PERSEROAN (PERSERO) PT. BIO FARMA DISINGKAT PT. BIO FARMA (PERSERO),E-Purchasing,Barang,Belanja Obat-obatan-Obat,ON PROCESS,46169063,46169063
KAB. SUKABUMI,UPTD PUSKESMAS CARINGIN - 1.02.0.00.0.00.01.0052,01KTXCH9S781AF6GEPAFYY1W1C,65660077,2026,E-Katalog 6.0,BLUD,HOLI PHARMA,E-Purchasing,Barang,Belanja Obat-Obatan Puskesmas Caringin,ON PROCESS,4972800,4972800
KAB. SUKABUMI,DINAS PERHUBUNGAN - 2.15.0.00.0.00.01.0000,01KJY7AGE2FKNWVZ7E5WM2TRVG,66219635,2026,E-Katalog 6.0,APBD,ARRAHMAN BERKAH ABADI,E-Purchasing,Barang,Belanja Bahan-Bahan Lainnya - Kertas Thernal ,PAYMENT OUTSIDE SYSTEM,8436000,8436000
KAB. SUKABUMI,UPTD PUSKESMAS CIJANGKAR - 1.02.0.00.0.00.01.0011,01KKJKQZ03GX6TF93ADYRCH65Y,65507006,2026,E-Katalog 6.0,BLUD,INDO ALTON PERKASA,E-Purchasing,Barang,Belanja Obat-Obatan-Obat-Obatan Lainnya Puskesmas Cijangkar,COMPLETED,4255740,4255740
KAB. SUKABUMI,DINAS PERTANIAN - 3.27.2.09.0.00.01.0000,10818147000,63468775,2026,Non Tender,APBD,CV. RATU TANJUNG BERKAH,Pengadaan Langsung,Pekerjaan Konstruksi,Persediaan Untuk Dijual/Diserahkan Lainnya - Jaringan Irigasi Pertanian Kec. Cisolok Desa Gunungkaramat Poktan Subur,SELESAI,231076410,231076410
KAB. SUKABUMI,DINAS PERUMAHAN DAN KAWASAN PERMUKIMAN - 1.03.1.04.2.11.01.0000,01KTAZHFBKC3M4A3G0C5VH535M,66604448,2026,E-Katalog 6.0,APBD,ARRAHMAN BERKAH ABADI,E-Purchasing,Barang,Pengadaan Alat Tulis Kantor,ON PROCESS,110985015,110985015
KAB. SUKABUMI,DINAS PEKERJAAN UMUM - 1.03.0.00.0.00.01.0000,10916670000,66752611,2026,Non Tender,APBD,CV. Ciang Agung,Pengadaan Langsung,Pekerjaan Konstruksi,Pembuatan Bangunan Pelengkap dan Pengaman Jalan Ruas Jalan Cempakaratu - Cipedes Kecamatan Cikakak,SELESAI,186172148,186172148
KAB. SUKABUMI,UPTD PUSKESMAS NAGRAK - 1.02.0.00.0.00.01.0048,01KH85GYXSCP4QVDPZATDKM8ED,65355677,2026,E-Katalog 6.0,BLUD,KENCANA INSAN MANDIRI,E-Purchasing,Barang,belanja barang habis pakai - belanja alat/bahan untuk kegiatan kantor -alat tulis kantor,COMPLETED,2842710,2842710
KAB. SUKABUMI,UOBK RSUD PALABUHANRATU - 1.02.0.00.0.00.01.0001,01KJSC3CDJYWZD259MDKQ834TV,64613160,2026,E-Katalog 6.0,BLUD,KENANGA UTAMA PERMAI,E-Purchasing,Barang,Belanja Bahan/Alat Medis Pakai Habis (BMHP) Farmasi,ON PROCESS,41256480,41256480
KAB. SUKABUMI,UOBK RSUD SEKARWANGI - 1.02.0.00.0.00.01.0002,10784309000,65793907,2026,Non Tender,BLUD,CV CHEPAN ABADI,Pengadaan Langsung,Pekerjaan Konstruksi,Pemasangan Cerobong Genset,SELESAI,169700000,169700000
KAB. SUKABUMI,UPTD PUSKESMAS BANTARGADUNG - 1.02.0.00.0.00.01.0031,01KNGD1NAR2F71G7WRKXTTE1WV,66286510,2026,E-Katalog 6.0,BLUD,PERUSAHAAN PERSEROAN (PERSERO) PT KIMIA FARMA,E-Purchasing,Barang,Belanja bahan obat-obatan (Puskesmas Bantargadung),ON PROCESS,1551114,1551114
KAB. SUKABUMI,UPTD PUSKESMAS JAMPANGTENGAH - 1.02.0.00.0.00.01.0058,01KN68X81Z4C6S1B1CDFZQTWK6,65564675,2026,E-Katalog 6.0,BLUD,TRIMAN,E-Purchasing,Barang,Belanja Obat-obatan,COMPLETED,1798200,1798200
KAB. SUKABUMI,DINAS PERUMAHAN DAN KAWASAN PERMUKIMAN - 1.03.1.04.2.11.01.0000,10862537000,67043852,2026,Non Tender,APBD,CV. GUNUNG CIPADUNG PERKASA,Pengadaan Langsung,Pekerjaan Konstruksi,Pembangunan Sarana Air Bersih Kp. Babakan Baru RT.001 RW.005 Desa Pasirpanjang Kecamatan Ciracap,SELESAI,390492502,390492502
KAB. SUKABUMI,UPTD PUSKESMAS PARUNGKUDA - 1.02.0.00.0.00.01.0042,01KVAKF71QV6F8MCDV5W0EB14B,66289012,2026,E-Katalog 6.0,BLUD,TRIMAN,E-Purchasing,Barang,Belanja obat-obatan (obat) Parungkuda Parungkuda ,ON PROCESS,32714053,32714053
KAB. SUKABUMI,DINAS PERHUBUNGAN - 2.15.0.00.0.00.01.0000,01KMQCP54FTPCBNV3MDFE8VCVM,64706875,2026,E-Katalog 6.0,APBD,BINTANG GROUP,E-Purchasing,Jasa Lainnya,"Pembangunan PJU di Wilayah Kec. Ciambar, Cidahu, Kalapanunggal, Bojonggenteng, dan Parungkuda (56 Titik)",ON PROCESS,892617600,892617600
KAB. SUKABUMI,UPTD PUSKESMAS SELAJAMBE - 1.02.0.00.0.00.01.0054,01KW8NBY8BRCKAMW1F18YRZBW7,65998350,2026,E-Katalog 6.0,BLUD,IMFARMIND FARMASI INDUSTRI,E-Purchasing,Barang,Belanja Bahan Obat-obatan ( BLUD ),ON PROCESS,5183700,5183700
KAB. SUKABUMI,DINAS SOSIAL - 1.06.0.00.0.00.01.0000,10826917000,65041375,2026,Non Tender,APBD,Tri Putra Mandiri Consultant,Pengadaan Langsung,Jasa Konsultansi Badan Usaha Konstruksi,Konsultansi Pengawasan Rehabilitasi Gedung Kantor,SELESAI,16267050,16267050
KAB. SUKABUMI,DINAS KEPENDUDUKAN DAN PENCATATAN SIPIL - 2.12.0.00.0.00.01.0000,01KH96ETNZEP2ZHD405QD0EDX8,64093795,2026,E-Katalog 6.0,APBD,YUJI SABUMI PERKASA,E-Purchasing,Jasa Lainnya,Belanja Ribbon KTP Elektronik ( Fargo ),PAYMENT OUTSIDE SYSTEM,788316672,788316672
KAB. SUKABUMI,UPTD PUSKESMAS CISAAT - 1.02.0.00.0.00.01.0053,01KNKABZ6ASP4R85XGHM3WA8W7,64691552,2026,E-Katalog 6.0,BLUD,PHAPROS,E-Purchasing,Barang,Belanja Belanja Obat-Obatan-Obat Puskesmas Cisaat TA. 2026,ON PROCESS,3162390,3162390
KAB. SUKABUMI,DINAS PENDIDIKAN - 1.01.0.00.0.00.01.0000,10868261000,66142695,2026,Non Tender,APBD,CV. TRIO MUDA BERKARYA,Pengadaan Langsung,Pekerjaan Konstruksi,Pembanguna Talud SDN Selabintana 2  Kec. Sukabumi,SELESAI,241734889,241734889
KAB. SUKABUMI,UOBK RSUD SEKARWANGI - 1.02.0.00.0.00.01.0002,01KRDK2YMG1JQ59SS06D9776WM,63079700,2026,E-Katalog 6.0,BLUD,ASTRAZENECA INDONESIA,E-Purchasing,Barang,Belanja Obat-obatan-Obat,ON PROCESS,15083479,0
KAB. SUKABUMI,DINAS PEMADAM KEBAKARAN DAN PENYELAMATAN - 1.05.0.00.0.00.01.0000,01KK207WCYAF1JEK5YZ7679BT7,66010519,2026,E-Katalog 6.0,APBD,KARYA PUTRA SUBANGJAYA,E-Purchasing,Jasa Lainnya,Belanja Pemeliharaan Kendaraan Bermotor Khusus (Mobil Pemadam Kebakaran),ON PROCESS,29512680,29512680
KAB. SUKABUMI,DINAS PEMBERDAYAAN MASYARAKAT DAN DESA - 2.13.0.00.0.00.01.0000,01KKESDRPQANWR0JCNEAG3DNNZ,64816370,2026,E-Katalog 6.0,APBD,SADULUR SAJATI,E-Purchasing,Barang,Belanja Alat/Bahan untuk Kegiatan Kantor- Bahan Cetak,ON PROCESS,33563070,33563070
KAB. SUKABUMI,UPTD PUSKESMAS CISAAT - 1.02.0.00.0.00.01.0053,01KT5K175W935V9RBQTXWBHMQX,64691552,2026,E-Katalog 6.0,BLUD,MARIN LIZA FARMASI,E-Purchasing,Barang,Belanja Belanja Obat-Obatan-Obat Puskesmas Cisaat TA. 2026,ON PROCESS,7548000,7548000
KAB. SUKABUMI,DINAS KEPENDUDUKAN DAN PENCATATAN SIPIL - 2.12.0.00.0.00.01.0000,01KG6FE5W8FYKVT1Z04DS3VBFK,64496574,2026,E-Katalog 6.0,APBD,SADULUR SAJATI,E-Purchasing,Jasa Lainnya,Belanja Cetak Kartu Disposisi dan Kartu Kendali Surat,PAYMENT OUTSIDE SYSTEM,2197800,2197800
KAB. SUKABUMI,DINAS PERTANIAN - 3.27.2.09.0.00.01.0000,10851053000,63907822,2026,Non Tender,APBD,CV. GLOBAL PUTRA SEMBILAN,Pengadaan Langsung,Pekerjaan Konstruksi,Belanja Modal Jalan Khusus (Cor rabat beton 200 m tebal 10 cm),SELESAI,113541875,113541875
KAB. SUKABUMI,DINAS PERHUBUNGAN - 2.15.0.00.0.00.01.0000,01KHT3QNA7RR2EXGPJSQ2ZKSJB,64707510,2026,E-Katalog 6.0,APBD,RUSYDA,E-Purchasing,Barang,Belanja Modal Personal Computer sub kegiatan Forum Lalu Lintas dan Angkutan Jalan untuk Jaringan Jalan Kabupaten/Kota,PAYMENT OUTSIDE SYSTEM,24420000,24420000
KAB. SUKABUMI,DINAS LINGKUNGAN HIDUP - 2.11.1.03.0.00.01.0000,10757171000,63397482,2026,Non Tender,APBD,PT INSTRUMEN INDO UTAMA,Pengadaan Langsung,Pengadaan Barang,Belanja Bahan-Bahan Kimia,SELESAI,119513700,119513700
KAB. SUKABUMI,DINAS PEKERJAAN UMUM - 1.03.0.00.0.00.01.0000,10868508000,66621989,2026,Non Tender,APBD,CV. DOUBLE EL,Pengadaan Langsung,Pekerjaan Konstruksi,Daerah Irigasi Suradita II Desa Cijurey Kecamatan Gegerbitung,SELESAI,281533607,281533607
KAB. SUKABUMI,DINAS PEKERJAAN UMUM - 1.03.0.00.0.00.01.0000,10854705000,67069645,2026,Non Tender,APBD,CV. KARYA NIAGARA KONSULTAN,Pengadaan Langsung,Jasa Konsultansi Badan Usaha Non Konstruksi,Konsultan Pengawasan Daerah Irigasi Cisampih Desa Cimenteng Kecamatan Curugkembar,SELESAI,49741875,49741875
KAB. SUKABUMI,UPTD PUSKESMAS CIDAHU - 1.02.0.00.0.00.01.0043,01KTWGZV5A5B2RSY6C1DE729QW,66401527,2026,E-Katalog 6.0,BLUD,QIM INDO MEDIKA,E-Purchasing,Barang,Belanja Modal Alat Kedokteran Umum puskesmas cidahu,COMPLETED,4828500,4828500
KAB. SUKABUMI,DINAS PERHUBUNGAN - 2.15.0.00.0.00.01.0000,01KH93BWT026V3KYD6HESRWBVR,64706846,2026,E-Katalog 6.0,APBD,D'BEST KREASINDO UTAMA,E-Purchasing,Jasa Lainnya," Pembangunan PJU di Wilayah Desa Bojongraharja Kecamatan Cikembar (10 Titik)",ON PROCESS,159285000,159285000
KAB. SUKABUMI,DINAS PERTANIAN - 3.27.2.09.0.00.01.0000,10819627000,63468858,2026,Non Tender,APBD,cv.zakaria,Pengadaan Langsung,Pekerjaan Konstruksi,Persediaan Untuk Dijual/Diserahkan Lainnya - Jaringan Irigasi Pertanian Kec. Curugkembar Desa Curugkembar Poktan Cibadak Girang,SELESAI,184525705,184525705
KAB. SUKABUMI,BADAN KEPEGAWAIAN DAN PENGEMBANGAN SUMBER DAYA MANUSIA - 5.03.5.04.0.00.01.0000,01KP5DMSCSYB3QF1S8CREPHTW0,63971800,2026,E-Katalog 6.0,APBD,SAKTI PERKASA,E-Purchasing,Barang,Belanja KIT Peserta PKP Angkatan V,ON PROCESS,11677200,11677200
KAB. SUKABUMI,UPTD PUSKESMAS BANTARGADUNG - 1.02.0.00.0.00.01.0031,01KPA5J7D2282KX3BKZK57248B,66286510,2026,E-Katalog 6.0,BLUD,BERNOFARM,E-Purchasing,Barang,Belanja bahan obat-obatan (Puskesmas Bantargadung),ON PROCESS,864579,864579
KAB. SUKABUMI,DINAS PEKERJAAN UMUM - 1.03.0.00.0.00.01.0000,10916169000,66753005,2026,Non Tender,APBD,CV KARYA PALABUAN SAMUDRA,Pengadaan Langsung,Pekerjaan Konstruksi,Ruas Jalan Pasirsuren - Cikidang Kecamatan Bantargadung,SELESAI,295490280,295490280
KAB. SUKABUMI,UOBK RSUD PALABUHANRATU - 1.02.0.00.0.00.01.0001,01KJDB7XHQWH1KGP6M933CWM7Q,64622587,2026,E-Katalog 6.0,BLUD,YARINDO FARMATAMA,E-Purchasing,Barang,Belanja Obat - Obatan,ON PROCESS,1528470,1528470
KAB. SUKABUMI,UPTD PUSKESMAS BOJONGGENTENG - 1.02.0.00.0.00.01.0040,01KK9899THBBVH0CCAR3YP9AS7,66127414,2026,E-Katalog 6.0,BLUD,ZOLA KARYA PUTRA,E-Purchasing,Jasa Lainnya,Belanja Pemeliharaan Gedung ringan,PAYMENT OUTSIDE SYSTEM,20296350,20296350
KAB. SUKABUMI,DINAS PEMBERDAYAAN MASYARAKAT DAN DESA - 2.13.0.00.0.00.01.0000,01KVD0CCH5RFHJDRJGJYCTDG64,64451451,2026,E-Katalog 6.0,APBD,HADIL MAHASIN,E-Purchasing,Barang,Perlengkapan Dinas,ON PROCESS,22477500,22477500
KAB. SUKABUMI,UPTD PUSKESMAS CIKAKAK - 1.02.0.00.0.00.01.0035,01KPW5B5K1KW25FHP54N1KNPH4,65506343,2026,E-Katalog 6.0,BLUD,INDO PRIANGAN KATULISTIWA,E-Purchasing,Barang,Belanja Obat-obatan- Obat-Obatan Lainnya (BMHP Medis) UPTD Puskesmas CIkakak Tahun 2026,ON PROCESS,27669414,27669414
KAB. SUKABUMI,DINAS PEKERJAAN UMUM - 1.03.0.00.0.00.01.0000,10803719000,66368124,2026,Non Tender,APBD,CV. NAYRA CAHAYA KONSTRUKSI,Pengadaan Langsung,Pekerjaan Konstruksi,Ruas Jalan Lengkong - Mataram Kecamatan Lengkong,SELESAI,373892630,373892630
KAB. SUKABUMI,DINAS PEKERJAAN UMUM - 1.03.0.00.0.00.01.0000,10928792000,66768662,2026,Non Tender,APBD,CV. Al - Fharizky,Pengadaan Langsung,Pekerjaan Konstruksi,Ruas Jalan Cibatu - Cipancur Kecamatan Cisaat,SELESAI,344474677,344474677
KAB. SUKABUMI,DINAS PERIKANAN - 3.25.0.00.0.00.01.0000,10821402000,65395156,2026,Non Tender,APBD,CV. NAYRA CAHAYA KONSTRUKSI,Pengadaan Langsung,Pengadaan Barang,Pengadaan Sarana penangkapan ikan,SELESAI,187400000,0
KAB. SUKABUMI,UPTD PUSKESMAS NYALINDUNG - 1.02.0.00.0.00.01.0010,01KQ95KGE1EXSMM7F53T0RDEA9,66077337,2026,E-Katalog 6.0,BLUD,HARBAT FARMA,E-Purchasing,Barang,Belanja Obat-Obatan-Obat - Puskesmas Nyalindung,COMPLETED,555000,555000
KAB. SUKABUMI,UPTD PUSKESMAS PALABUHANRATU - 1.02.0.00.0.00.01.0034,01KTJS88EV3FSA5GZ99F7KK5YC,66292815,2026,E-Katalog 6.0,BLUD,INDO PRIANGAN KATULISTIWA,E-Purchasing,Barang,Belanja Obat-Obatan-Obat Puskesmas Palabuhanratu,ON PROCESS,34576500,34576500
KAB. SUKABUMI,DINAS PERTANIAN - 3.27.2.09.0.00.01.0000,10799126000,63468869,2026,Non Tender,APBD,CV Bungsu Putra Kontruksi,Pengadaan Langsung,Pekerjaan Konstruksi,Persediaan Untuk Dijual/Diserahkan Lainnya - Jaringan Irigasi Pertanian Kec. Bantargadung Desa Bantargebang Poktan Karya Bakti,SELESAI,184776095,184776095
KAB. SUKABUMI,DINAS PERUMAHAN DAN KAWASAN PERMUKIMAN - 1.03.1.04.2.11.01.0000,10832763000,66932842,2026,Non Tender,APBD,cv.indomeida,Pengadaan Langsung,Pekerjaan Konstruksi,Jalan Lingkungan Rt003-Rw007 Desa Citarik Kecamatan Pelabuhanratu,SELESAI,105127022,105127022
KAB. SUKABUMI,DINAS PERIKANAN - 3.25.0.00.0.00.01.0000,10821410000,65390568,2026,Non Tender,APBD,CV. CAHAYA ABADI,Pengadaan Langsung,Pengadaan Barang,Pengadaan Sarana Usaha Perikanan Tangkap KUB. SEJAHTERA MANDIRI,SELESAI,174900000,0
KAB. SUKABUMI,DINAS KESEHATAN - 1.02.0.00.0.00.01.0000,01KN1DY8WEE4ZH4GT5K3T7ZZR0,65613325,2026,E-Katalog 6.0,APBD,LAPI LABORATORIES,E-Purchasing,Barang,Pengadaan Obat Pelayanan Kesehatan Dasar PKD (DAK NF),PAYMENT OUTSIDE SYSTEM,160839000,160839000
KAB. SUKABUMI,DINAS PERDAGANGAN DAN PERINDUSTRIAN - 3.31.3.29.3.30.01.0000,01KFZ8GEK7A13RHR9FAHXTAZJZ,64316360,2026,E-Katalog 6.0,APBD,RIZKI SARANA,E-Purchasing,Barang,Kursi Rapat Aula Dinas Perdagangan dan Perindustrian,PAYMENT OUTSIDE SYSTEM,112387500,112387500
KAB. SUKABUMI,UOBK RSUD SEKARWANGI - 1.02.0.00.0.00.01.0002,01KPQF6SC7RVZF8XDQ8EK0FBYQ,66973567,2026,E-Katalog 6.0,BLUD,SATORIA ANEKA INDUSTRI,E-Purchasing,Barang,Belanja AMHP,ON PROCESS,80586000,80586000
KAB. SUKABUMI,DINAS PENDIDIKAN - 1.01.0.00.0.00.01.0000,10883678000,66269140,2026,Non Tender,APBD,CV JAYANTI BERKARYA,Pengadaan Langsung,Pekerjaan Konstruksi,Rehabilitasi Sedang / Berat Ruang Kelas SDN Cikadu  Kec. Palabuhanratu,SELESAI,138600388,138600388
KAB. SUKABUMI,DINAS LINGKUNGAN HIDUP - 2.11.1.03.0.00.01.0000,10920371000,64465533,2026,Non Tender,APBD,CV. MUDA TANGGUH,Pengadaan Langsung,Jasa Lainnya,Belanja Pemeliharaan Alat Angkutan-Alat Angkutan Darat Bermotor-Kendaraan Bermotor Beroda Tiga - Pemeliharaan Roda 3 Angkutan Sampah,SELESAI,69541500,69541500
KAB. SUKABUMI,UPTD PUSKESMAS KABANDUNGAN - 1.02.0.00.0.00.01.0038,01KS6Q47C4VEN6NRMKS739PTAS,66233916,2026,E-Katalog 6.0,BLUD,WIZAR JAYA ABADI,E-Purchasing,Barang,Belanja Modal Alat Rumah Tangga Lainnya (Home Use) UPTD Puskesmas Kabandungan,COMPLETED,47399997,47399997
KAB. SUKABUMI,DINAS PERUMAHAN DAN KAWASAN PERMUKIMAN - 1.03.1.04.2.11.01.0000,10894465000,67216179,2026,Non Tender,APBD,CV BINTANG GROUP,Pengadaan Langsung,Pekerjaan Konstruksi,Pembangunan Drainase Kedusunan Bakan Astana/Naringgul Desa Loji Kec Simpenan,SELESAI,243674872,243674872
KAB. SUKABUMI,UPTD KLINIK KESEHATAN DAERAH DAN LABORATORIUM KESEHATAN DAERAH - 1.02.0.00.0.00.01.0062,01KRAV0W35247CPSXQHKPDRKCB,65527666,2026,E-Katalog 6.0,BLUD,ZAYIN ZAHIRA,E-Purchasing,Barang,Belanja Bahan dan Alat kebersihan,COMPLETED,10872006,10872006
KAB. SUKABUMI,UPTD PUSKESMAS PARUNGKUDA - 1.02.0.00.0.00.01.0042,01KWBB9Y77BWR78YK9M0888BT9,66289012,2026,E-Katalog 6.0,BLUD,ZAYN REYCHI ETERNAL,E-Purchasing,Barang,Belanja obat-obatan (obat) Parungkuda Parungkuda ,ON PROCESS,18765000,18765000
KAB. SUKABUMI,DINAS PERTANIAN - 3.27.2.09.0.00.01.0000,10801648000,63468865,2026,Non Tender,APBD,CV ADITYA SANUBARI,Pengadaan Langsung,Pekerjaan Konstruksi,Persediaan Untuk Dijual/Diserahkan Lainnya - Jaringan Irigasi Pertanian Kec. Ciracap Desa Cikangkung Poktan Simpang Sejahtera,SELESAI,199197445,199197445
KAB. SUKABUMI,DINAS PERUMAHAN DAN KAWASAN PERMUKIMAN - 1.03.1.04.2.11.01.0000,10905235000,67268225,2026,Non Tender,APBD,CV BARAYA ACI,Pengadaan Langsung,Pekerjaan Konstruksi,Pembangunan Sarana Air Bersih Kecamatan Cicurug Desa Cisaat Rt003-Rw006,SELESAI,195199364,195199364
KAB. SUKABUMI,UPTD PUSKESMAS WARUNGKIARA - 1.02.0.00.0.00.01.0030,01KW9CQ53V24BMX4E48ZN46W59,66149129,2026,E-Katalog 6.0,BLUD,INDO PRIANGAN KATULISTIWA,E-Purchasing,Barang,Belanja Obat-Obatan Puskesmas Warungkiara,ON PROCESS,1221000,1221000
KAB. SUKABUMI,DINAS KESEHATAN - 1.02.0.00.0.00.01.0000,10906408000,66862135,2026,Non Tender,APBD,CV. A-TIGA,Pengadaan Langsung,Pekerjaan Konstruksi,Rehabilitasi Puskesmas Pembantu [Pustu]  Talaga Murni  Puskesmas Cibitung,SELESAI,150217000,150217000
KAB. SUKABUMI,SEKRETARIAT DPRD - 4.02.0.00.0.00.01.0000,01KJWGPAH8C3PBQ5C5Q21ETKFD,63532596,2026,E-Katalog 6.0,APBD,SAKTI PERKASA,E-Purchasing,Barang,Pengadaan Alat Kantor dan Alat Rumah Tangga,PAYMENT OUTSIDE SYSTEM,133334310,133334310
KAB. SUKABUMI,DINAS PEKERJAAN UMUM - 1.03.0.00.0.00.01.0000,10916294000,66765762,2026,Non Tender,APBD,CV. DEWA RIZKI YUDISTIRA,Pengadaan Langsung,Pekerjaan Konstruksi,Ruas Jalan Simpangkaret - Pasirmalang Kecamatan Surade,SELESAI,373582207,373582207
KAB. SUKABUMI,UOBK RSUD SEKARWANGI - 1.02.0.00.0.00.01.0002,01KNV5Y0HHGV3X7S9TH5RPPG1Z,63079700,2026,E-Katalog 6.0,BLUD,PERUSAHAAN PERSEROAN (PERSERO) PT KIMIA FARMA,E-Purchasing,Barang,Belanja Obat-obatan-Obat,ON PROCESS,874680,874680
KAB. SUKABUMI,UPTD PUSKESMAS CICANTAYAN - 1.02.0.00.0.00.01.0051,01KV9P0DTE072P9W01Y69G1N8T,65438298,2026,E-Katalog 6.0,BLUD,INDO PRIANGAN KATULISTIWA,E-Purchasing,Barang,Belanja Obat-Obatan Puskesmas Cicantayan Tahun 2026,ON PROCESS,1998000,1998000
KAB. SUKABUMI,UOBK RSUD SEKARWANGI - 1.02.0.00.0.00.01.0002,01KPDT0TKZ5BAXT0EXA7FRH6BQ,63077986,2026,E-Katalog 6.0,BLUD,TOP-POINT MEDICAL,E-Purchasing,Barang,Belanja Bahan - Bahan Lainnya (BMHP Farmasi),ON PROCESS,28227300,28227300
KAB. SUKABUMI,BADAN KEPEGAWAIAN DAN PENGEMBANGAN SUMBER DAYA MANUSIA - 5.03.5.04.0.00.01.0000,01KFZ5VRPND1EDS8J9J5F9EPGK,64418103,2026,E-Katalog 6.0,APBD,EDRA AUSI AKBAR,E-Purchasing,Jasa Lainnya,Belanja Makanan dan Minuman Panitia/Peserta Kegiatan Diseminasi Kebijakan Peraturan Perundang-Undangan tentang Penilaian Kinerja dan Evaluasi Pegawai ASN,PAYMENT OUTSIDE SYSTEM,23100000,23100000
KAB. SUKABUMI,UOBK RSUD PALABUHANRATU - 1.02.0.00.0.00.01.0001,01KSH9PJRH68QP0ZTGPHDH509Q,64613160,2026,E-Katalog 6.0,BLUD,AHMADARIS,E-Purchasing,Barang,Belanja Bahan/Alat Medis Pakai Habis (BMHP) Farmasi,ON PROCESS,17873411,17873411
KAB. SUKABUMI,BADAN PENGELOLA KEUANGAN DAN ASET DAERAH - 5.02.0.00.0.00.01.0000,01KVW7A4Q0B482PB00GGY7PTC4,67245018,2026,E-Katalog 6.0,APBD,PUTERA CIBOLANG,E-Purchasing,Barang,Belanja Alat/Bahan untuk Kegiatan Kantor-Perlengkapan Dinas,ON PROCESS,58372680,58372680
KAB. SUKABUMI,DINAS KESEHATAN - 1.02.0.00.0.00.01.0000,01KVS7D9J3KXQ0XJJ0GBJFY28M,65613325,2026,E-Katalog 6.0,APBD,BERNOFARM,E-Purchasing,Barang,Pengadaan Obat Pelayanan Kesehatan Dasar PKD (DAK NF),ON PROCESS,213394725,213394725
KAB. SUKABUMI,DINAS PEMADAM KEBAKARAN DAN PENYELAMATAN - 1.05.0.00.0.00.01.0000,01KHZR9DW5DPY031QYQTJVJKX0,63691481,2026,E-Katalog 6.0,APBD,SRIWIJAYA,E-Purchasing,Barang,Belanja Modal Alat Pemadam Kebakaran,PAYMENT OUTSIDE SYSTEM,124200120,124200120
KAB. SUKABUMI,DINAS PENDIDIKAN - 1.01.0.00.0.00.01.0000,10796898000,66037024,2026,Non Tender,APBD,CV. KARYA NIAGARA KONSULTAN,Pengadaan Langsung,Jasa Konsultansi Badan Usaha Konstruksi,Jasa Konsultan Perencanaan Rehabilitasi Sedang / Berat Ruang Kelas SD Wilayah 6,SELESAI,21742720,21742720
KAB. SUKABUMI,UPTD PUSKESMAS CICURUG - 1.02.0.00.0.00.01.0044,01KTZEZ5TY5NPPJAAY06P2Y48Q,65369032,2026,E-Katalog 6.0,BLUD,ERLANGGA EDI LABORATORIES,E-Purchasing,Barang,Belanja Persediaan Bahan Obat - Obatan ,ON PROCESS,1332000,1332000
KAB. SUKABUMI,DINAS PERIKANAN - 3.25.0.00.0.00.01.0000,10838162000,66235863,2026,Non Tender,APBD,Kurawa Peduli,Pengadaan Langsung,Pengadaan Barang,"Pengadaan Bantuan Pengadaan Kapal,Mesin dan Genset untuk KUB. Berkah Bahari dan KUB. Cipta Mandiri",SELESAI,183800000,0
KAB. SUKABUMI,UPTD PUSKESMAS KADUDAMPIT - 1.02.0.00.0.00.01.0056,01KRWGS5S7R9HAF0YEWGM6F3EF,66672162,2026,E-Katalog 6.0,BLUD,ZAYIN ZAHIRA,E-Purchasing,Barang,Belanja Alat Tulis Kantor puskesmas kadudampit,COMPLETED,9996216,9996216
KAB. SUKABUMI,UPTD PUSKESMAS LENGKONG - 1.02.0.00.0.00.01.0057,01KS6QEXVMRVE9964Z084W9YRZ,65749904,2026,E-Katalog 6.0,APBD,TRIMAN,E-Purchasing,Barang,Belanja Obat Pelayanan Kesehatan Dasar UPTD Puskesmas Lengkong,ON PROCESS,532800,532800
KAB. SUKABUMI,UPTD PUSKESMAS LIMBANGAN - 1.02.0.00.0.00.01.0005,01KP7ME4X5S3NV7EY2ED9BTG8J,66231825,2026,E-Katalog 6.0,BLUD,ARRAHMAN BERKAH ABADI,E-Purchasing,Barang,Belanja Alat tulis kantor,COMPLETED,6614046,6614046
KAB. SUKABUMI,UPTD PUSKESMAS NYALINDUNG - 1.02.0.00.0.00.01.0010,01KQ99JVD4VRN21ESACMJ4CQ2M,66077337,2026,E-Katalog 6.0,BLUD,NOVAPHARIN,E-Purchasing,Barang,Belanja Obat-Obatan-Obat - Puskesmas Nyalindung,COMPLETED,952380,952380
KAB. SUKABUMI,UPTD PUSKESMAS CICURUG - 1.02.0.00.0.00.01.0044,01KJY04R1V4JP86XY20F1PS6H3,66203535,2026,E-Katalog 6.0,BLUD,KHALISH BRILLIANT PERSADA,E-Purchasing,Barang,Belanja alat atau bahan untuk kegiatan kantor alat tulis kantor,PAYMENT OUTSIDE SYSTEM,10495196,10495196
KAB. SUKABUMI,UPTD PUSKESMAS WARUNGKIARA - 1.02.0.00.0.00.01.0030,01KNGCP64AVRPES6WHRTT60MS4,66149129,2026,E-Katalog 6.0,BLUD,TRIFA RAYA LABORATORIES,E-Purchasing,Barang,Belanja Obat-Obatan Puskesmas Warungkiara,ON PROCESS,2669550,2669550
KAB. SUKABUMI,DINAS PERHUBUNGAN - 2.15.0.00.0.00.01.0000,01KHT81KHPSS7CEV41C4V7BRHR,64706798,2026,E-Katalog 6.0,APBD,KAFADA KARYA,E-Purchasing,Jasa Lainnya,Pembangunan PJU di Wilayah Kec. Parakansalak dan Bojonggenteng (31 Titik),PAYMENT OUTSIDE SYSTEM,494454495,494454495
KAB. SUKABUMI,UOBK RSUD SEKARWANGI - 1.02.0.00.0.00.01.0002,01KPZMH5WWK6FV5WM8AM64CJE4,63077986,2026,E-Katalog 6.0,BLUD,INDOMEDIKA SOLUSINDO,E-Purchasing,Barang,Belanja Bahan - Bahan Lainnya (BMHP Farmasi),ON PROCESS,1899998,0
KAB. SUKABUMI,UOBK RSUD PALABUHANRATU - 1.02.0.00.0.00.01.0001,01KC6HK59Y6VY6620E0CMKSX5T,64610114,2026,E-Katalog 6.0,BLUD,TIARA AGUNG PRATAMA,E-Purchasing,Barang,Belanja Bahan/Alat Pakai Habis Laboratorium,ON PROCESS,91285623,91285623
KAB. SUKABUMI,DINAS KESEHATAN - 1.02.0.00.0.00.01.0000,10916043000,66862571,2026,Non Tender,APBD,CV. TIRTA MENTARI,Pengadaan Langsung,Jasa Konsultansi Badan Usaha Konstruksi,Belanja Jasa Konsultansi Pengawasan Pemagaran Puskesmas Pembantu [PUSTU],SELESAI,7326000,7326000
KAB. SUKABUMI,UPTD PUSKESMAS CISAAT - 1.02.0.00.0.00.01.0053,01KT5K94VKGTHBPC7DH44E51XE,64691552,2026,E-Katalog 6.0,BLUD,PERUSAHAAN PERSEROAN (PERSERO) PT KIMIA FARMA,E-Purchasing,Barang,Belanja Belanja Obat-Obatan-Obat Puskesmas Cisaat TA. 2026,ON PROCESS,1931400,1931400
KAB. SUKABUMI,DINAS LINGKUNGAN HIDUP - 2.11.1.03.0.00.01.0000,10837208000,64369233,2026,Non Tender,APBD,CV. Artan Engineering Consultan,Pengadaan Langsung,Jasa Konsultansi Badan Usaha Konstruksi,Penyusunan DPPT TPA Kadaleman,SELESAI,99222900,99222900
KAB. SUKABUMI,UPTD PUSKESMAS KABANDUNGAN - 1.02.0.00.0.00.01.0038,01KTTJ2MCFENQ2ZF4RVKJPD377,66233916,2026,E-Katalog 6.0,BLUD,WIZAR JAYA ABADI,E-Purchasing,Barang,Belanja Modal Alat Rumah Tangga Lainnya (Home Use) UPTD Puskesmas Kabandungan,COMPLETED,2240000,2240000
KAB. SUKABUMI,"DINAS KEBUDAYAAN, PEMUDA DAN OLAHRAGA - 2.22.2.19.0.00.01.0000",01KPSYXZDTBCPNY0DJ76XCGBFQ,66962483,2026,E-Katalog 6.0,APBD,ASARI SEJAHTERA ABADI,E-Purchasing,Barang,Pengadaan Alat Olahraga Tenis Meja - Meja Tenis Nexist,PAYMENT OUTSIDE SYSTEM,175380000,175380000
KAB. SUKABUMI,UOBK RSUD SEKARWANGI - 1.02.0.00.0.00.01.0002,01KTTACZJ82RF8B36R89ME0HT7,63079700,2026,E-Katalog 6.0,BLUD,MERCK,E-Purchasing,Barang,Belanja Obat-obatan-Obat,ON PROCESS,5402259,5402259
KAB. SUKABUMI,UOBK RSUD SEKARWANGI - 1.02.0.00.0.00.01.0002,01KNP4NP21CYKBFYE0YM7T0236,63079700,2026,E-Katalog 6.0,BLUD,FERRON PAR PHARMACEUTICALS,E-Purchasing,Barang,Belanja Obat-obatan-Obat,ON PROCESS,9630360,9630360
KAB. SUKABUMI,DINAS PEKERJAAN UMUM - 1.03.0.00.0.00.01.0000,01KS54GGA9Y4ZEW49BZ8J1WWD7,67142148,2026,E-Katalog 6.0,APBD,ASARI SEJAHTERA ABADI,E-Purchasing,Barang,Belanja Alat/Bahan untuk Kegiatan Kantor-Alat Tulis Kantor,ON PROCESS,25281360,25281360
KAB. SUKABUMI,BADAN PENDAPATAN DAERAH - 5.02.0.00.0.00.02.0000,01KPWA7GSGKKENKCY1SXEV84KC,66412918,2026,E-Katalog 6.0,APBD,HADIL MAHASIN,E-Purchasing,Barang,Belanja Alat/Bahan untuk Kegiatan Kantor-Bahan Komputer,PAYMENT OUTSIDE SYSTEM,11388600,11388600
KAB. SUKABUMI,DINAS PARIWISATA - 3.26.3.26.3.26.01.0000,10917862000,66115854,2026,Non Tender,APBD,PT. BINA BAROKAH SEJAHTERA,Pengadaan Langsung,Jasa Lainnya,Belanja Jasa Penyelenggaraan Acara : Fasilitasi Pasanggiri Mojang Jajaka Tingkat Jawa Barat,SELESAI,49395000,49395000
KAB. SUKABUMI,UPTD PUSKESMAS GIRIJAYA - 1.02.0.00.0.00.01.0047,01KW90PFCHVQHWA3KGYC8JBJK8,65623807,2026,E-Katalog 6.0,BLUD,GLOBAL MULTI PHARMALAB,E-Purchasing,Barang," Belanja Obat-Obatan-Obat ",ON PROCESS,1742700,1742700
KAB. SUKABUMI,UPTD PUSKESMAS CICANTAYAN - 1.02.0.00.0.00.01.0051,01KV4J7FVHPCCXDZ8XDXN43991,65439963,2026,E-Katalog 6.0,BLUD,INDO PRIANGAN KATULISTIWA,E-Purchasing,Barang,Belanja Bahan Medis Habis Pakai Puskesmas Cicantayan Tahun 2026,ON PROCESS,7770000,7770000
KAB. SUKABUMI,UOBK RSUD SEKARWANGI - 1.02.0.00.0.00.01.0002,01KV9T66K3TZ862PG9VKAHZ71M,63079700,2026,E-Katalog 6.0,BLUD,KALBE FARMA,E-Purchasing,Barang,Belanja Obat-obatan-Obat,ON PROCESS,3330000,3330000
KAB. SUKABUMI,DINAS PERIKANAN - 3.25.0.00.0.00.01.0000,10794063000,65394184,2026,Non Tender,APBD,CV BINTANG MAS,Pengadaan Langsung,Pengadaan Barang,Pengadaan Mesin Kapal dan Genset KUB. BAGJA. Kp. mekarsari Rt.002 Rw. 33,SELESAI,90000000,0
KAB. SUKABUMI,UPTD PUSKESMAS CIAMBAR - 1.02.0.00.0.00.01.0046,01KT3A1PM438K8DA34NGFNAEXG,65746816,2026,E-Katalog 6.0,BLUD,IRZA MUTIARA ABADI,E-Purchasing,Jasa Lainnya,Belanja Pemeliharaan,COMPLETED,4961700,4961700
KAB. SUKABUMI,UPTD PUSKESMAS SURADE - 1.02.0.00.0.00.01.0021,01KQRPF94T5CYQ5GXTZNY411J9,65736412,2026,E-Katalog 6.0,BLUD,ETERNITY RAMA MEDIKA,E-Purchasing,Barang,Belanja Modal Alat Kedokteran Umum PKM Surade 2026,COMPLETED,13019190,13019190
KAB. SUKABUMI,UOBK RSUD SEKARWANGI - 1.02.0.00.0.00.01.0002,01KJD8K0ZJ53HNWM2Z1ZPT9WHE,65947038,2026,E-Katalog 6.0,BLUD,AMANAH SUKSES MAKMUR,E-Purchasing,Barang,Belanja Alat/Bahan untuk Kegiatan Kantor-Alat Listrik,PAYMENT OUTSIDE SYSTEM,31866989,31866989
KAB. SUKABUMI,DINAS PENDIDIKAN - 1.01.0.00.0.00.01.0000,10882434000,67200878,2026,Non Tender,APBD,CV. VAHRACONS,Pengadaan Langsung,Pekerjaan Konstruksi,Penataan Halaman SD IT Al-Fatih Kec.Cisolok,SELESAI,92449240,92449240
KAB. SUKABUMI,DINAS PENDIDIKAN - 1.01.0.00.0.00.01.0000,10898793000,66270932,2026,Non Tender,APBD,CV. Binjay Selatan,Pengadaan Langsung,Pekerjaan Konstruksi,Rehabilitasi Sedang / Berat Ruang Kelas SDN Cikeresek Kec. Ciracap,BERLANGSUNG,110950000,110950000
KAB. SUKABUMI,UOBK RSUD SEKARWANGI - 1.02.0.00.0.00.01.0002,01KQ9YYW707VRDEH8AZYY10G2M,66930128,2026,E-Katalog 6.0,BLUD,ENDO INDONESIA,E-Purchasing,Barang,Belanja Bahan-Bahan Lainnya (BHP Alat Kesehatan dan Alat Kedokteran),ON PROCESS,74211725,74211725
KAB. SUKABUMI,DINAS PERIKANAN - 3.25.0.00.0.00.01.0000,10822688000,64726148,2026,Non Tender,APBD,CV. NAYRA CAHAYA KONSTRUKSI,Pengadaan Langsung,Pengadaan Barang,Pengadaan Cool Box,SELESAI,189544000,0
KAB. SUKABUMI,DINAS PEKERJAAN UMUM - 1.03.0.00.0.00.01.0000,10863944000,66621811,2026,Non Tender,APBD,CV. JAYA LAKSANA,Pengadaan Langsung,Pekerjaan Konstruksi,Daerah Irigasi Rancabali Desa Sindang Resmi Kecamatan Jampang Tengah,SELESAI,281555305,281555305
KAB. SUKABUMI,UOBK RSUD SEKARWANGI - 1.02.0.00.0.00.01.0002,01KSEW288MN898PJJ0JBX0G9C1,63077986,2026,E-Katalog 6.0,BLUD,KENANGA UTAMA PERMAI,E-Purchasing,Barang,Belanja Bahan - Bahan Lainnya (BMHP Farmasi),ON PROCESS,16916400,16916400
KAB. SUKABUMI,DINAS PERUMAHAN DAN KAWASAN PERMUKIMAN - 1.03.1.04.2.11.01.0000,10886540000,67224185,2026,Non Tender,APBD,CV. GELAURA,Pengadaan Langsung,Pekerjaan Konstruksi,Jalan Asrama Putri Pesantren Anizom,SELESAI,143648120,143648120
KAB. SUKABUMI,UPTD PUSKESMAS BOJONGGENTENG - 1.02.0.00.0.00.01.0040,01KS701ZXXNZ0FRE0HMRXMJ5N8,65549461,2026,E-Katalog 6.0,BLUD,INDO PRIANGAN KATULISTIWA,E-Purchasing,Barang,Belanja Bahan Obat - Obatan,ON PROCESS,7047945,7047945
KAB. SUKABUMI,BADAN KEPEGAWAIAN DAN PENGEMBANGAN SUMBER DAYA MANUSIA - 5.03.5.04.0.00.01.0000,01KTTFYECR013T0ZB9WNGKEG3X,63976595,2026,E-Katalog 6.0,APBD,SAKTI PERKASA,E-Purchasing,Barang,Belanja Pakaian Olahraga Pelatihan Teknis Digitalisasi Layanan Publik,ON PROCESS,7992000,7992000
KAB. SUKABUMI,UOBK RSUD PALABUHANRATU - 1.02.0.00.0.00.01.0001,01KJHBPVF0QRQVCK81XQAXC1TN,64613160,2026,E-Katalog 6.0,BLUD,AHMADARIS,E-Purchasing,Barang,Belanja Bahan/Alat Medis Pakai Habis (BMHP) Farmasi,ON PROCESS,39100194,39100194
KAB. SUKABUMI,UPTD PUSKESMAS CIAMBAR - 1.02.0.00.0.00.01.0046,01KRPARA5VNDAYQMPW0NEKTS2F,65715590,2026,E-Katalog 6.0,BLUD,ERLANGGA EDI LABORATORIES,E-Purchasing,Barang,Belanja Obat-obatan,ON PROCESS,3130200,3130200
KAB. SUKABUMI,DINAS KESEHATAN - 1.02.0.00.0.00.01.0000,01KNNJ2RJV45TB451ZMNZF9VEJ,65613325,2026,E-Katalog 6.0,APBD,SEJAHTERA LESTARI FARMA,E-Purchasing,Barang,Pengadaan Obat Pelayanan Kesehatan Dasar PKD (DAK NF),PAYMENT OUTSIDE SYSTEM,116833050,116833050
KAB. SUKABUMI,UPTD PUSKESMAS BANTARGADUNG - 1.02.0.00.0.00.01.0031,01KQ6GXT0DFCAZX0YE0D5THV5E,66286510,2026,E-Katalog 6.0,BLUD,HARBAT FARMA,E-Purchasing,Barang,Belanja bahan obat-obatan (Puskesmas Bantargadung),ON PROCESS,1831500,1831500
KAB. SUKABUMI,UPTD PUSKESMAS KADUDAMPIT - 1.02.0.00.0.00.01.0056,01KQXK7ESKTBE31PPVQSZSA233,66645895,2026,E-Katalog 6.0,BLUD,INDO PRIANGAN KATULISTIWA,E-Purchasing,Barang,Belanja Bahan Obat-obatan puskesmas kadudampit,ON PROCESS,33660750,33660750
KAB. SUKABUMI,UOBK RSUD SEKARWANGI - 1.02.0.00.0.00.01.0002,01KJ5C5BT75C5QT5CXK6415ATZ,63077986,2026,E-Katalog 6.0,BLUD,MEDIHOP,E-Purchasing,Barang,Belanja Bahan - Bahan Lainnya (BMHP Farmasi),ON PROCESS,18308580,18308580
KAB. SUKABUMI,DINAS PERHUBUNGAN - 2.15.0.00.0.00.01.0000,01KMYV0D09C0QMFNWZKR4KZZED,64706837,2026,E-Katalog 6.0,APBD,DIKA SEJAHTERA ABADI,E-Purchasing,Jasa Lainnya,Pembangunan PJU di Wilayah Kec. Cisolok (12 Titik),ON PROCESS,191142000,191142000
KAB. SUKABUMI,"DINAS KEBUDAYAAN, PEMUDA DAN OLAHRAGA - 2.22.2.19.0.00.01.0000",01KGE9A0T4JKXVXHMQQMQRDG4H,63806976,2026,E-Katalog 6.0,APBD,BERKAH SELAMET KONSTRUKSI,E-Purchasing,Barang,Penataan dan Pengembangan Cagar Budaya Pembuatan Papan Nama Situs dan Pengadaan Toren AIR,ON PROCESS,44677500,44677500
KAB. SUKABUMI,UPTD PUSKESMAS CICANTAYAN - 1.02.0.00.0.00.01.0051,01KMM2NFA3MRZ8XVCXDX1DSKB7,65438298,2026,E-Katalog 6.0,BLUD,NOVAPHARIN,E-Purchasing,Barang,Belanja Obat-Obatan Puskesmas Cicantayan Tahun 2026,COMPLETED,4162500,4162500
KAB. SUKABUMI,BADAN KEPEGAWAIAN DAN PENGEMBANGAN SUMBER DAYA MANUSIA - 5.03.5.04.0.00.01.0000,01KSRQ2WW1553Z0T89YFVQRBPT,67147315,2026,E-Katalog 6.0,APBD,BERKAH DWI RASA,E-Purchasing,Jasa Lainnya,Belanja Snack/kudapan penyerahan sertifikat Orientasi PPPK,ON PROCESS,23880000,23880000
KAB. SUKABUMI,UPTD PUSKESMAS BOJONGGENTENG - 1.02.0.00.0.00.01.0040,01KJZ6PC8WPCEG2ENNBV0S0NCH,65549667,2026,E-Katalog 6.0,BLUD,MADANI PRINTING SUKABUMI,E-Purchasing,Jasa Lainnya,Belanja Alat/Bahan untuk Kegiatan Kantor- Bahan Cetak,PAYMENT OUTSIDE SYSTEM,6848700,6848700
KAB. SUKABUMI,DINAS PERTANIAN - 3.27.2.09.0.00.01.0000,01KJYAWJBZPT1XKXKNFSJWBPB4,65110134,2026,E-Katalog 6.0,APBD,RANAA PERSADA,E-Purchasing,Barang,"Belanja Modal Alat Kantor dan Rumah Tangga (Belanja Modal Alat Kantor Lainnya, Belanja Modal Alat Pendingin, Belanja Modal Alat Rumah Tangga Lainnya (Home Use))",ON PROCESS,70263000,70263000
KAB. SUKABUMI,UOBK RSUD PALABUHANRATU - 1.02.0.00.0.00.01.0001,01KH821XFZR7973359AJZNG9R5,64613160,2026,E-Katalog 6.0,BLUD,SINARAYA NUGRAHA AHMADARIS MEDIKA,E-Purchasing,Barang,Belanja Bahan/Alat Medis Pakai Habis (BMHP) Farmasi,ON PROCESS,41214300,41214300
KAB. SUKABUMI,DINAS PEKERJAAN UMUM - 1.03.0.00.0.00.01.0000,10916300000,66765903,2026,Non Tender,APBD,CV. SOCA INTEN,Pengadaan Langsung,Pekerjaan Konstruksi,Ruas Jalan Citepus - Cikurutug Kecamatan Palabuhanratu,SELESAI,186431484,186431484
KAB. SUKABUMI,"DINAS KOPERASI, USAHA KECIL DAN MENENGAH - 2.17.0.00.0.00.01.0000",01KGSHABWZ8F6R32PW1MJEDYV5,64736329,2026,E-Katalog 6.0,APBD,GALUH PUTRA UTAMA,E-Purchasing,Barang,Belanja Alat/Bahan untuk Kegiatan Kantor-Alat Tulis Kantor dan Kertas,PAYMENT OUTSIDE SYSTEM,64278546,64278546
KAB. SUKABUMI,UOBK RSUD PALABUHANRATU - 1.02.0.00.0.00.01.0001,01KQXHD233W9BTDDJ391CV4GPS,64775500,2026,E-Katalog 6.0,BLUD,KAFADA KARYA,E-Purchasing,Barang,Belanja Alat/Bahan untuk Kegiatan Kantor-Alat Tulis Kantor,ON PROCESS,23226750,23226750
KAB. SUKABUMI,UOBK RSUD SEKARWANGI - 1.02.0.00.0.00.01.0002,01KSF4FQ2V4ZT37R3QMHB37WV3,63077986,2026,E-Katalog 6.0,BLUD,ENSEVAL MEDIKA PRIMA,E-Purchasing,Barang,Belanja Bahan - Bahan Lainnya (BMHP Farmasi),ON PROCESS,1665000,1665000
KAB. SUKABUMI,UOBK RSUD PALABUHANRATU - 1.02.0.00.0.00.01.0001,01KA0S9BC65H5JBQQK105TJBP3,64624529,2026,E-Katalog 6.0,BLUD,MEDTRO MEDICA UTAMA,E-Purchasing,Barang,Belanja Modal Alat Kedokteran Umum ,ON PROCESS,816960000,816960000
KAB. SUKABUMI,BADAN PENDAPATAN DAERAH - 5.02.0.00.0.00.02.0000,01KNRHJ1W6FYADC6D236GKCV9Z,64923063,2026,E-Katalog 6.0,APBD,FAJAR ADI LESTARI,E-Purchasing,Barang,Belanja Alat/Bahan untuk Kegiatan Kantor-Bahan Komputer Sub Kegiatan Penetapan Wajib Pajak Daerah,PAYMENT OUTSIDE SYSTEM,90753600,90753600
KAB. SUKABUMI,DINAS PERUMAHAN DAN KAWASAN PERMUKIMAN - 1.03.1.04.2.11.01.0000,10844670000,65763193,2026,Non Tender,APBD,CV. Dian Karya Cipta,Pengadaan Langsung,Pekerjaan Konstruksi,"Pembangunan Sarana Air Bersih Kp Pasir Eurih Rt 005/006 Desa Parungkuda, Kecamatan Parungkuda , Kab. Sukabumi",SELESAI,195053390,195053390
KAB. SUKABUMI,UOBK RSUD SEKARWANGI - 1.02.0.00.0.00.01.0002,01KF9ZGJCD3Z7VDNH75E0RAFW1,63077986,2026,E-Katalog 6.0,BLUD,SENTRA ASIA GEMILANG,E-Purchasing,Barang,Belanja Bahan - Bahan Lainnya (BMHP Farmasi),ON PROCESS,4302360,0
KAB. SUKABUMI,DINAS PERUMAHAN DAN KAWASAN PERMUKIMAN - 1.03.1.04.2.11.01.0000,10844568000,65763145,2026,Non Tender,APBD,CV SULTAN ALZENA,Pengadaan Langsung,Pekerjaan Konstruksi,Pembangunan Sarana Air Bersih Kp. Babakan Cimanggu Rw. 06 Desa Parakansalk Kec. Parakanslak Kab. Sukabumi,SELESAI,97490676,97490676
KAB. SUKABUMI,DINAS PEKERJAAN UMUM - 1.03.0.00.0.00.01.0000,10928826000,67316535,2026,Non Tender,APBD,CV. BERKAH KONSTRUKSI,Pengadaan Langsung,Pekerjaan Konstruksi,Pembuatan TPT Bahu Beton Ruas Jalan Drs. Djaenudin Kecamatan Palabuhanratu,SELESAI,146762926,146762926
KAB. SUKABUMI,DINAS PEKERJAAN UMUM - 1.03.0.00.0.00.01.0000,10925486000,66775057,2026,Non Tender,APBD,CV. KARYA NIAGARA KONSULTAN,Pengadaan Langsung,Jasa Konsultansi Badan Usaha Non Konstruksi,DED Ruas Jalan Bojonglopang Cimerang,SELESAI,99539250,99539250
KAB. SUKABUMI,DINAS PERIKANAN - 3.25.0.00.0.00.01.0000,10844239000,66972160,2026,Non Tender,APBD,CV. BUANA SURYA PERKASA,Pengadaan Langsung,Pekerjaan Konstruksi,Rehabilitasi Pasar Ikan Cibaraja,SELESAI,331664461,331664461
KAB. SUKABUMI,DINAS PERTANIAN - 3.27.2.09.0.00.01.0000,10769974000,63838161,2026,Non Tender,APBD,Tri Putra Mandiri Consultant,Pengadaan Langsung,Jasa Konsultansi Badan Usaha Konstruksi,Belanja Modal Bangunan Gedung Kantor (Jasa Konsultan Perencanaan Rehab Kantor UPTD Penyuluhan),SELESAI,2969250,2969250
KAB. SUKABUMI,DINAS PEKERJAAN UMUM - 1.03.0.00.0.00.01.0000,10915993000,66744342,2026,Non Tender,APBD,Arrahmah,Pengadaan Langsung,Pekerjaan Konstruksi,Ruas Jalan Cicareuh - Bumisari Kecamatan Bantargadung,SELESAI,196691161,196691161
KAB. SUKABUMI,UOBK RSUD SEKARWANGI - 1.02.0.00.0.00.01.0002,01KEGTDABWXJS2E64154NX9MB8,63077986,2026,E-Katalog 6.0,BLUD,KASTARA TEKNOLOGI INTERNASIONAL,E-Purchasing,Barang,Belanja Bahan - Bahan Lainnya (BMHP Farmasi),ON PROCESS,16783200,16783200
KAB. SUKABUMI,DINAS PEMBERDAYAAN PEREMPUAN DAN PERLINDUNGAN ANAK - 2.08.0.00.0.00.01.0000,01KJRRF43NHXH20GQB89FFJQ2K,65557289,2026,E-Katalog 6.0,APBD,CIPTA BUMI PERSADA,E-Purchasing,Barang,Penyediaan Komponen InstalasiListrik/Penerangan Bangunan Kantor,PAYMENT OUTSIDE SYSTEM,7268700,7268700
KAB. SUKABUMI,UOBK RSUD SEKARWANGI - 1.02.0.00.0.00.01.0002,01KREAMBM7WCRNEVY9S132Q6FX,63079700,2026,E-Katalog 6.0,BLUD,YARINDO FARMATAMA,E-Purchasing,Barang,Belanja Obat-obatan-Obat,ON PROCESS,34887278,34887278
KAB. SUKABUMI,BADAN PENDAPATAN DAERAH - 5.02.0.00.0.00.02.0000,10870381000,64059739,2026,Non Tender,APBD,CV. KARYA NIAGARA KONSULTAN,Pengadaan Langsung,Jasa Konsultansi Badan Usaha Konstruksi,Konsultan Perencanaan Pemeliharaan/Rehabilitasi Gedung Kantor dan Bangunan Lainnya,SELESAI,29748000,29748000
KAB. SUKABUMI,UOBK RSUD PALABUHANRATU - 1.02.0.00.0.00.01.0001,01KJDZAYDPFW3JQDTEJK0CBX8A,64622587,2026,E-Katalog 6.0,BLUD,FERRON PAR PHARMACEUTICALS,E-Purchasing,Barang,Belanja Obat - Obatan,ON PROCESS,37584600,0
KAB. SUKABUMI,UPTD PUSKESMAS CURUGKEMBAR - 1.02.0.00.0.00.01.0016,01KTS1DEW41VH62HF3XNHV5MMN,66467169,2026,E-Katalog 6.0,BLUD,INDO PRIANGAN KATULISTIWA,E-Purchasing,Barang,Belanja Obat-Obatan-Obat UPTD Puskesmas Curugkembar,ON PROCESS,4724371,4724371
KAB. SUKABUMI,UPTD PUSKESMAS KALIBUNDER - 1.02.0.00.0.00.01.0028,01KVA1E2YVWX57A09D7AXSDN80,65639235,2026,E-Katalog 6.0,BLUD,ZAYIN ZAHIRA,E-Purchasing,Barang,Belanja Modal Peralatan Personal Computer Puskesmas Kalibunder Tahun 2026,COMPLETED,11322000,11322000
KAB. SUKABUMI,UOBK RSUD SEKARWANGI - 1.02.0.00.0.00.01.0002,01KS74JEE6ZD0JE9R15ZMZEZGR,63077986,2026,E-Katalog 6.0,BLUD,SINAR RODA UTAMA,E-Purchasing,Barang,Belanja Bahan - Bahan Lainnya (BMHP Farmasi),ON PROCESS,6660000,6660000
KAB. SUKABUMI,UPTD PUSKESMAS SIMPENAN - 1.02.0.00.0.00.01.0033,01KRWDD3K63BEA6AV6SGRKBAJC,65189555,2026,E-Katalog 6.0,BLUD,INDO PRIANGAN KATULISTIWA,E-Purchasing,Barang,Belanja Obat - Obatan - Obat di Puskesmas Simpenan,ON PROCESS,8424900,8424900
KAB. SUKABUMI,DINAS PENDIDIKAN - 1.01.0.00.0.00.01.0000,10927021000,66144183,2026,Non Tender,APBD,CKC,Pengadaan Langsung,Pekerjaan Konstruksi,Rehabilitasi Sedang / Berat Ruang Guru  SDN Mangkalaya 2  Kec. Cisaat,SELESAI,92337239,92337239
KAB. SUKABUMI,SATUAN POLISI PAMONG PRAJA - 1.05.0.00.0.00.03.0000,01KTXA74VCVYDFJY4ANNPX6N3S,67295009,2026,E-Katalog 6.0,APBD,SODARA BERSAMA,E-Purchasing,Barang,Belanja Pengadaan Pakaian Siaga Bencana,ON PROCESS,73721760,73721760
KAB. SUKABUMI,SEKRETARIAT DAERAH - 4.01.0.00.0.00.01.0000,01KH0WZTVF1M4P00HKT34PWP60,63353400,2026,E-Katalog 6.0,APBD,GARDA SATRIA WICAKSANA,E-Purchasing,Jasa Lainnya,Belanja Jasa Tenaga Kebersihan,PAYMENT OUTSIDE SYSTEM,335160600,335160600
KAB. SUKABUMI,UOBK RSUD SEKARWANGI - 1.02.0.00.0.00.01.0002,01KS1WQFRPR5P31EHXS3NTA9V7,63077986,2026,E-Katalog 6.0,BLUD,DOCARE LARAS INDONESIA,E-Purchasing,Barang,Belanja Bahan - Bahan Lainnya (BMHP Farmasi),ON PROCESS,11100000,11100000
KAB. SUKABUMI,UPTD PUSKESMAS CARINGIN - 1.02.0.00.0.00.01.0052,01KKJZA5K0NY86GRAWCA5H0ZJE,65660077,2026,E-Katalog 6.0,BLUD,MERSIFARMA TIRMAKU MERCUSANA,E-Purchasing,Barang,Belanja Obat-Obatan Puskesmas Caringin,COMPLETED,3324450,3324450
KAB. SUKABUMI,DINAS PEMBERDAYAAN PEREMPUAN DAN PERLINDUNGAN ANAK - 2.08.0.00.0.00.01.0000,01KJPCRSZC00FXPK3Y3Q5JSN5E,65557275,2026,E-Katalog 6.0,APBD,SADULUR SAJATI,E-Purchasing,Jasa Lainnya,Penyediaan Barang Cetakan dan Penggandaan,PAYMENT OUTSIDE SYSTEM,5883000,5883000
KAB. SUKABUMI,DINAS LINGKUNGAN HIDUP - 2.11.1.03.0.00.01.0000,01KNJZX34W6R3VQA2BMWTH8WF8,66834782,2026,E-Katalog 6.0,APBD,VISUAL PUTRA GEMILANG,E-Purchasing,Barang,Belanja Alat/Bahan untuk Kegiatan Kantor- Suvenir/Cendera Mata,ON PROCESS,7492500,7492500
KAB. SUKABUMI,UPTD PUSKESMAS CIRACAP - 1.02.0.00.0.00.01.0023,01KJ9Q8M81P1MA7BJP8Y8QVM16,65631591,2026,E-Katalog 6.0,BLUD,HEXPHARM JAYA LABORATORIES,E-Purchasing,Barang," Beban Obat-Obatan-Obat ",COMPLETED,6077805,6077805
KAB. SUKABUMI,UPTD PUSKESMAS CICURUG - 1.02.0.00.0.00.01.0044,01KKAXC3MRMQECB8F4CYSQQ22J,65369032,2026,E-Katalog 6.0,BLUD,TRIFA RAYA LABORATORIES,E-Purchasing,Barang,Belanja Persediaan Bahan Obat - Obatan ,PAYMENT OUTSIDE SYSTEM,5505600,5505600
KAB. SUKABUMI,DINAS PERTANIAN - 3.27.2.09.0.00.01.0000,10866632000,63468770,2026,Non Tender,APBD,CV. AGUNG JAYA ABADI,Pengadaan Langsung,Pekerjaan Konstruksi,Persediaan Untuk Dijual/Diserahkan Lainnya - Jaringan Irigasi Pertanian Kec. Jampang Tengah Desa Bojongtipar Poktan Karya Hasil Bumi,SELESAI,74905034,74905034
KAB. SUKABUMI,UPTD PUSKESMAS PURABAYA - 1.02.0.00.0.00.01.0012,01KQREB88MWCY90GWDEXQS8JMT,66326199,2026,E-Katalog 6.0,BLUD,KENANGA UTAMA PERMAI,E-Purchasing,Barang,Belanja Pengadaan Obat-obatan Lainnya (BMHP) UPTD Puskesmas Purabaya ,PAYMENT OUTSIDE SYSTEM,932400,932400
KAB. SUKABUMI,UOBK RSUD SEKARWANGI - 1.02.0.00.0.00.01.0002,01KK8ARA8JPEBN466Z3QYYE94Y,63079700,2026,E-Katalog 6.0,BLUD,GLAXO WELLCOME INDONESIA,E-Purchasing,Barang,Belanja Obat-obatan-Obat,ON PROCESS,2653855,0
KAB. SUKABUMI,UPTD PUSKESMAS SELAJAMBE - 1.02.0.00.0.00.01.0054,01KJH17C02DQ5FXVMEHFCZRA2T,65941537,2026,E-Katalog 6.0,BLUD,ARRAHMAN BERKAH ABADI,E-Purchasing,Barang,Belanja Alat / Bahan untuk Kegiatan Kantor-Alat Tulis Kantor ( BLUD ),COMPLETED,3053499,3053499
KAB. SUKABUMI,UOBK RSUD SEKARWANGI - 1.02.0.00.0.00.01.0002,01KMHC3415XFE7Y6N9YGHFFVD2,63077986,2026,E-Katalog 6.0,BLUD,IDS MEDICAL SYSTEMS INDONESIA,E-Purchasing,Barang,Belanja Bahan - Bahan Lainnya (BMHP Farmasi),ON PROCESS,6877505,0
KAB. SUKABUMI,DINAS PERTANIAN - 3.27.2.09.0.00.01.0000,10903770000,63468766,2026,Non Tender,APBD,CV. KAKHA ANUGERAH ABADI,Pengadaan Langsung,Pekerjaan Konstruksi,Persediaan Untuk Dijual/Diserahkan Lainnya - Jaringan Irigasi Pertanian Kec. Cisaat Desa Babakan Poktan Sukatani I,SELESAI,54552657,54552657
KAB. SUKABUMI,UPTD PUSKESMAS CISAAT - 1.02.0.00.0.00.01.0053,01KS1J11J0EFJENFD1GJZYX20K,64692007,2026,E-Katalog 6.0,BLUD,INDO PRIANGAN KATULISTIWA,E-Purchasing,Barang,Belanja Bahan Habis Pakai Alat Kesehatan (BHP Medis) Puskesmas Cisaat TA. 2026,ON PROCESS,1032300,1032300
KAB. SUKABUMI,UPTD PUSKESMAS CIRACAP - 1.02.0.00.0.00.01.0023,01KKDV62XD7G1EYZ00VNC65T0F,65631595,2026,E-Katalog 6.0,BLUD,INDO ALTON PERKASA,E-Purchasing,Barang," Beban Obat-Obatan-Obat-Obatan Lainnya ",COMPLETED,7016088,7016088
KAB. SUKABUMI,DINAS PENDIDIKAN - 1.01.0.00.0.00.01.0000,10868254000,66141807,2026,Non Tender,APBD,CV. CIPTA BINA PUTRA,Pengadaan Langsung,Pekerjaan Konstruksi,Pembanguna Talud SDN Karanganyar Kec. Jampangkulon,SELESAI,89352408,89352408
KAB. SUKABUMI,DINAS PERUMAHAN DAN KAWASAN PERMUKIMAN - 1.03.1.04.2.11.01.0000,10834279000,65763055,2026,Non Tender,APBD,FELLICIA RAHAYU KONSTRUKSI,Pengadaan Langsung,Pekerjaan Konstruksi,Drainase Kp. Cipicung Rt 004/001 Desa Cianaga Kecamatan Kabandungan Kab. Sukabumi,SELESAI,95678625,95678625
KAB. SUKABUMI,UPTD PUSKESMAS CURUGKEMBAR - 1.02.0.00.0.00.01.0016,01KQ9C3YQYECJNXD6603M61ZJ8,66467169,2026,E-Katalog 6.0,BLUD,SATORIA ANEKA INDUSTRI,E-Purchasing,Barang,Belanja Obat-Obatan-Obat UPTD Puskesmas Curugkembar,ON PROCESS,2141856,2141856
KAB. SUKABUMI,UOBK RSUD SEKARWANGI - 1.02.0.00.0.00.01.0002,01KRWGGEPJTBVSADTV6FHSBVNN,63079700,2026,E-Katalog 6.0,BLUD,BERNOFARM,E-Purchasing,Barang,Belanja Obat-obatan-Obat,ON PROCESS,16500150,16500150
KAB. SUKABUMI,DINAS KESEHATAN - 1.02.0.00.0.00.01.0000,01KSSDRA0EPM4PP7X5VXXBGF4J,66023797,2026,E-Katalog 6.0,APBD,LIKUID PHARMALAB INDONESIA,E-Purchasing,Barang,Pengadaan BMHP Pemenuhan Mutu Barang SPM Diabetes Melitus,ON PROCESS,105208109,105208109
KAB. SUKABUMI,DINAS PERHUBUNGAN - 2.15.0.00.0.00.01.0000,10791935000,64733267,2026,Non Tender,APBD,CV. A CONSULTAN,Pengadaan Langsung,Jasa Konsultansi Badan Usaha Konstruksi,Jasa Konsultasi Pengawasan,SELESAI,14978000,14978000
KAB. SUKABUMI,UPTD PUSKESMAS JAMPANGTENGAH - 1.02.0.00.0.00.01.0058,01KN676ZZECQSTPFMSMNGCXNTX,65564675,2026,E-Katalog 6.0,BLUD,INDO PRIANGAN KATULISTIWA,E-Purchasing,Barang,Belanja Obat-obatan,COMPLETED,3646350,3646350
KAB. SUKABUMI,DINAS PERUMAHAN DAN KAWASAN PERMUKIMAN - 1.03.1.04.2.11.01.0000,10818646000,65762907,2026,Non Tender,APBD,cv. cipta grha hafara,Pengadaan Langsung,Jasa Konsultansi Badan Usaha Konstruksi,DED Gedung Kantor Kecamatan Cireunghas,SELESAI,99427140,99427140
KAB. SUKABUMI,UPTD PUSKESMAS CIAMBAR - 1.02.0.00.0.00.01.0046,01KR5M3RBNJHJY9EWQFXVAJV5J,65715590,2026,E-Katalog 6.0,BLUD,TRIMAN,E-Purchasing,Barang,Belanja Obat-obatan,COMPLETED,1998000,1998000
KAB. SUKABUMI,SATUAN POLISI PAMONG PRAJA - 1.05.0.00.0.00.03.0000,01KKC7EEMYRX1V7D9SBS91G47E,64317556,2026,E-Katalog 6.0,APBD,FAJAR ADI LESTARI,E-Purchasing,Barang,Belanja Alat/Bahan untuk Kegiatan Kantor-Alat Tulis Kantor,ON PROCESS,51472425,51472425
KAB. SUKABUMI,UOBK RSUD PALABUHANRATU - 1.02.0.00.0.00.01.0001,01KAEA1B6ERAAFTXYCDVXCVHBV,64610114,2026,E-Katalog 6.0,BLUD,DIASTIKA BIOTEKINDO,E-Purchasing,Barang,Belanja Bahan/Alat Pakai Habis Laboratorium,ON PROCESS,32300000,0
KAB. SUKABUMI,UPTD PUSKESMAS CIKAKAK - 1.02.0.00.0.00.01.0035,01KSJ5JK2DEDKA9D097VDYV708,65506343,2026,E-Katalog 6.0,BLUD,LIKUID PHARMALAB INDONESIA,E-Purchasing,Barang,Belanja Obat-obatan- Obat-Obatan Lainnya (BMHP Medis) UPTD Puskesmas CIkakak Tahun 2026,ON PROCESS,5016046,5016046
KAB. SUKABUMI,DINAS PERUMAHAN DAN KAWASAN PERMUKIMAN - 1.03.1.04.2.11.01.0000,10898400000,67224150,2026,Non Tender,APBD,CV. Berebet Jaya,Pengadaan Langsung,Pekerjaan Konstruksi,Jalan Lingkungan RT 04/10 Desa Citepus Kec. Palabuhanratu,SELESAI,188995991,188995991
KAB. SUKABUMI,DINAS PEKERJAAN UMUM - 1.03.0.00.0.00.01.0000,10916316000,66767224,2026,Non Tender,APBD,CV. FIKRI PRIMA PERKASA,Pengadaan Langsung,Pekerjaan Konstruksi,Ruas Jalan Cireunghas - Cilubang Kecamatan Cireunghas,SELESAI,374064758,374064758
KAB. SUKABUMI,UPTD PUSKESMAS CICURUG - 1.02.0.00.0.00.01.0044,01KRFJM8MQ8S3MEWACVZZF9RCW,65369828,2026,E-Katalog 6.0,BLUD,MULAWARMAN KESADA MEDICALINDO,E-Purchasing,Barang,Belanja Persediaan Bahan/Material Alat Kesehatan,ON PROCESS,5527800,5527800
KAB. SUKABUMI,DINAS PERUMAHAN DAN KAWASAN PERMUKIMAN - 1.03.1.04.2.11.01.0000,10875872000,67163384,2026,Non Tender,APBD,CV. RADESA,Pengadaan Langsung,Pekerjaan Konstruksi,Sarana air bersih pesantren  AL aman Rt 19 rw 07 Desa Cimanggu Kec Cimanggu,SELESAI,390378879,390378879
KAB. SUKABUMI,DINAS PERUMAHAN DAN KAWASAN PERMUKIMAN - 1.03.1.04.2.11.01.0000,10860756000,67096509,2026,Non Tender,APBD,cv. cipta grha hafara,Pengadaan Langsung,Jasa Konsultansi Badan Usaha Konstruksi,DED Gedung Barak DALMAS,SELESAI,99012000,99012000
KAB. SUKABUMI,DINAS LINGKUNGAN HIDUP - 2.11.1.03.0.00.01.0000,10792486000,66077444,2026,Non Tender,APBD,CV. BUDI JAYA,Pengadaan Langsung,Pengadaan Barang,Belanja Modal Alat Kantor Lainnya,SELESAI,152305320,152305320
KAB. SUKABUMI,DINAS PERUMAHAN DAN KAWASAN PERMUKIMAN - 1.03.1.04.2.11.01.0000,10914681000,67328707,2026,Non Tender,APBD,BYANKARYA,Pengadaan Langsung,Pekerjaan Konstruksi,jaling kp Babakan pasar rt4 rw11 ds karang tengah kec cibadak,SELESAI,95380428,95380428
KAB. SUKABUMI,DINAS PERHUBUNGAN - 2.15.0.00.0.00.01.0000,01KKE2V79WWWN31S9WPWE6TTNE,64706804,2026,E-Katalog 6.0,APBD,BAROKAH MULYO ABADI,E-Purchasing,Jasa Lainnya," Pembangunan PJU di Wilayah Desa Cipurut Kec. Cireunghas dan Desa Mangkalaya Kec. Gunungguruh (5 Titik)",ON PROCESS,79642500,79642500
KAB. SUKABUMI,DINAS PETERNAKAN - 3.27.0.00.0.00.01.0000,01KHTQARXH0AB8C4508EXVDJCY,65207146,2026,E-Katalog 6.0,APBD,AVANTI ENKAV SEJAHTERA,E-Purchasing,Barang,Belanja Modal Alat Laboratorium Lain,ON PROCESS,40988748,40988748
KAB. SUKABUMI,DINAS KESEHATAN - 1.02.0.00.0.00.01.0000,10891865000,66862155,2026,Non Tender,APBD,CV. ARRAYYAN JAYA MANDIRI,Pengadaan Langsung,Pekerjaan Konstruksi,Rehabilitasi Puskesmas Pembantu [Pustu] Sampora Puskesmas Cikidang,SELESAI,123243000,123243000
KAB. SUKABUMI,UPTD PUSKESMAS CIKIDANG - 1.02.0.00.0.00.01.0037,01KVA45YMQX6EW7F90P4BNGF35,65984599,2026,E-Katalog 6.0,BLUD,SRI TITA MEDIKA,E-Purchasing,Barang,Belanja Obat-Obatan-Obatan Lainnya ( BMHP ) UPTD Puskesmas Cikidang,ON PROCESS,1332000,1332000
KAB. SUKABUMI,KECAMATAN SURADE - 7.01.0.00.0.00.43.0000,01KN0ZSAF6K7RXA3RSYQBBNHV8,66272685,2026,E-Katalog 6.0,APBD,HADIL MAHASIN,E-Purchasing,Barang,Belanja Modal Personal Computer,ON PROCESS,37917600,37917600
KAB. SUKABUMI,UPTD PUSKESMAS CICANTAYAN - 1.02.0.00.0.00.01.0051,01KVEY0Q3XX1RJAWR38WMM6128,65438298,2026,E-Katalog 6.0,BLUD,ADI AGRIPANA ABADI,E-Purchasing,Barang,Belanja Obat-Obatan Puskesmas Cicantayan Tahun 2026,ON PROCESS,14674200,14674200
KAB. SUKABUMI,DINAS PEKERJAAN UMUM - 1.03.0.00.0.00.01.0000,10861396000,66619669,2026,Non Tender,APBD,CV HRZ MULTI UTAMA,Pengadaan Langsung,Pekerjaan Konstruksi,Daerah Irigasi Cimanintin Desa Sekarsari Kecamatan Kalibunder,SELESAI,281772366,281772366
KAB. SUKABUMI,UPTD PUSKESMAS CICURUG - 1.02.0.00.0.00.01.0044,01KVA4P279502ZCD5MHQVEM92R,65369828,2026,E-Katalog 6.0,BLUD,GREET MED INDONESIA,E-Purchasing,Barang,Belanja Persediaan Bahan/Material Alat Kesehatan,ON PROCESS,1110000,0
KAB. SUKABUMI,UOBK RSUD SEKARWANGI - 1.02.0.00.0.00.01.0002,01KTX1TDE7QVT6BMCSWZDWV4YK,63079700,2026,E-Katalog 6.0,BLUD,PRATAPA NIRMALA,E-Purchasing,Barang,Belanja Obat-obatan-Obat,ON PROCESS,7954815,7954815
KAB. SUKABUMI,DINAS PENDIDIKAN - 1.01.0.00.0.00.01.0000,10881950000,66235669,2026,Non Tender,APBD,CV. MAHA DEWA CONTRACTOR,Pengadaan Langsung,Pekerjaan Konstruksi,Rehabilitasi Sedang / Berat Ruang Kelas SDN Pasirgabig  Kec. Cikembar,SELESAI,277804597,277804597
KAB. SUKABUMI,DINAS PEKERJAAN UMUM - 1.03.0.00.0.00.01.0000,10916541000,66744266,2026,Non Tender,APBD,CV. ANGGELL GEMILANG,Pengadaan Langsung,Pekerjaan Konstruksi,Bangunan Pelengkap dan Pengaman jalan Ruas Jalan Sukalarang - Cireunghas Kecamatan Sukalarang,SELESAI,92757286,92757286
KAB. SUKABUMI,DINAS PEMADAM KEBAKARAN DAN PENYELAMATAN - 1.05.0.00.0.00.01.0000,01KHT27Q0MEXTB32P36QKHM3PR,63691481,2026,E-Katalog 6.0,APBD,SRIWIJAYA,E-Purchasing,Barang,Belanja Modal Alat Pemadam Kebakaran,ON PROCESS,128260500,128260500
KAB. SUKABUMI,UOBK RSUD SEKARWANGI - 1.02.0.00.0.00.01.0002,01KHN6A1P7R7AZ975KPTKDY0EK,63079700,2026,E-Katalog 6.0,BLUD,AMAROX PHARMA GLOBAL,E-Purchasing,Barang,Belanja Obat-obatan-Obat,ON PROCESS,12635685,12635685
KAB. SUKABUMI,UPTD PUSKESMAS JAMPANGTENGAH - 1.02.0.00.0.00.01.0058,01KRZ0GZETRM70HSGWDM0DTY3J,65564675,2026,E-Katalog 6.0,BLUD,BERNOFARM,E-Purchasing,Barang,Belanja Obat-obatan,ON PROCESS,7625922,7625922
KAB. SUKABUMI,DINAS PERUMAHAN DAN KAWASAN PERMUKIMAN - 1.03.1.04.2.11.01.0000,10834250000,65763164,2026,Non Tender,APBD,CV. Bintang Jaya Perkasa,Pengadaan Langsung,Pekerjaan Konstruksi,"Pembangunan Sarana Air Bersih Kp, Tegalboled , Rt.006/Rw.001 Desa Sidamulya Kec. Ciemas, Kab. Sukabumi",SELESAI,389858256,389858256
KAB. SUKABUMI,UOBK RSUD SEKARWANGI - 1.02.0.00.0.00.01.0002,01KH990A8JKJZZS3P4Q87DEQZF,63079700,2026,E-Katalog 6.0,BLUD,HEXPHARM JAYA LABORATORIES,E-Purchasing,Barang,Belanja Obat-obatan-Obat,ON PROCESS,43643080,43643080
KAB. SUKABUMI,UPTD PUSKESMAS WARUNGKIARA - 1.02.0.00.0.00.01.0030,01KPW6RWKACFPZSMQ29J1MD7Y3,66149129,2026,E-Katalog 6.0,BLUD,INDO PRIANGAN KATULISTIWA,E-Purchasing,Barang,Belanja Obat-Obatan Puskesmas Warungkiara,ON PROCESS,14513250,14513250
KAB. SUKABUMI,DINAS PERTANIAN - 3.27.2.09.0.00.01.0000,10818164000,63468835,2026,Non Tender,APBD,SINTA ROMLI MANDIRI,Pengadaan Langsung,Pekerjaan Konstruksi,Persediaan Untuk Dijual/Diserahkan Lainnya - Jaringan Irigasi Pertanian Kec. Warungkiara Desa Kertamukti Poktan Harapan Mekar,SELESAI,184619637,184619637
KAB. SUKABUMI,UOBK RSUD SEKARWANGI - 1.02.0.00.0.00.01.0002,01KRX4R9PY0BM0CCTQSMH3ZNVR,63079700,2026,E-Katalog 6.0,BLUD,KALVENTIS SINERGI FARMA,E-Purchasing,Barang,Belanja Obat-obatan-Obat,ON PROCESS,4449990,0
KAB. SUKABUMI,UPTD PUSKESMAS CIKEMBAR - 1.02.0.00.0.00.01.0060,01KVWSQ0VXB4WJ7M0KEESC3FBQ,67057786,2026,E-Katalog 6.0,BLUD,NOVAPHARIN,E-Purchasing,Barang,Belanja Obat-Obatan-Obat Puskesmas Cikembar Tahun 2026,ON PROCESS,11632800,11632800
KAB. SUKABUMI,UOBK RSUD SEKARWANGI - 1.02.0.00.0.00.01.0002,01KHWYATMVJCR96Y30XXFWJ7YX,64797413,2026,E-Katalog 6.0,BLUD,KENANGA UTAMA PERMAI,E-Purchasing,Barang,Belanja Bahan-Bahan Lainnya (BHP Alat Kesehatan dan Alat Kedokteran),ON PROCESS,460608708,460608708
KAB. SUKABUMI,DINAS PEKERJAAN UMUM - 1.03.0.00.0.00.01.0000,10793786000,65079212,2026,Non Tender,APBD,CV. BUNDA MANDIRI BERKARYA,Pengadaan Langsung,Pengadaan Barang,Pengadaan Peralatan dan Mesin Lainnya (Pengadaan Bahan Konstruksi),SELESAI,137050000,0
KAB. SUKABUMI,UOBK RSUD SEKARWANGI - 1.02.0.00.0.00.01.0002,01KW1HW872T0CH8GKSXJP8VCJ8,66510965,2026,E-Katalog 6.0,BLUD,TIARA AGUNG PRATAMA,E-Purchasing,Barang,Belanja Bahan-Bahan Kimia,ON PROCESS,86428951,86428951
KAB. SUKABUMI,UPTD PUSKESMAS NYALINDUNG - 1.02.0.00.0.00.01.0010,01KQY0H0RB7ZP2980KQS29W8EA,66077337,2026,E-Katalog 6.0,BLUD,PT ADYA ARTHA ABADI TANGERANG,E-Purchasing,Barang,Belanja Obat-Obatan-Obat - Puskesmas Nyalindung,COMPLETED,332445,332445
KAB. SUKABUMI,DINAS PERIKANAN - 3.25.0.00.0.00.01.0000,10792995000,65310618,2026,Non Tender,APBD,CV.MURNI JAYA,Pengadaan Langsung,Pengadaan Barang,Pengadaan Pakan Benih dan Induk Ikan BBI Cimaja,SELESAI,174330000,0
KAB. SUKABUMI,DINAS PERTANIAN - 3.27.2.09.0.00.01.0000,10861142000,63841191,2026,Non Tender,APBD,CV. CIPTA KARYA,Pengadaan Langsung,Pekerjaan Konstruksi,Belanja Modal Bangunan Gedung Kantor UPTD Wilayah 7,SELESAI,379449113,379449113
KAB. SUKABUMI,UOBK RSUD SEKARWANGI - 1.02.0.00.0.00.01.0002,01KEGG9VTPJ1VZYFSNY8H81YM7,63077986,2026,E-Katalog 6.0,BLUD,ISA MEDIKA PERSADA,E-Purchasing,Barang,Belanja Bahan - Bahan Lainnya (BMHP Farmasi),ON PROCESS,36859493,36859493
KAB. SUKABUMI,UOBK RSUD SEKARWANGI - 1.02.0.00.0.00.01.0002,01KTBWC7MVWAD94D6XXFQSRBCG,63079700,2026,E-Katalog 6.0,BLUD,TUNGGAL IDAMAN ABDI,E-Purchasing,Barang,Belanja Obat-obatan-Obat,ON PROCESS,27371379,0
KAB. SUKABUMI,UOBK RSUD PALABUHANRATU - 1.02.0.00.0.00.01.0001,01KG4SDBF3AVVMGZRTV9WQ5MTP,64622587,2026,E-Katalog 6.0,BLUD,OTSUKA INDONESIA,E-Purchasing,Barang,Belanja Obat - Obatan,ON PROCESS,309544368,309544368
KAB. SUKABUMI,DINAS PERUMAHAN DAN KAWASAN PERMUKIMAN - 1.03.1.04.2.11.01.0000,10924049000,66552644,2026,Non Tender,APBD,PT. SCI MITRA KONSULTAN,Pengadaan Langsung,Jasa Konsultansi Badan Usaha Konstruksi,Dokumen Amdalalin Alun Alun Cibadak,BERLANGSUNG,99511500,99511500
KAB. SUKABUMI,UPTD PUSKESMAS JAMPANGTENGAH - 1.02.0.00.0.00.01.0058,01KPW0SMPSPVYZM9XKFTSKDAE8,65562632,2026,E-Katalog 6.0,BLUD,INDO ALTON PERKASA,E-Purchasing,Barang,Belanja Habis Pakai Alat Kesehatan (BHP Medis),ON PROCESS,16871001,16871001
KAB. SUKABUMI,DINAS PERTANIAN - 3.27.2.09.0.00.01.0000,10902491000,64123389,2026,Non Tender,APBD,ANUGRAH CIPTA CONSULTANT,Pengadaan Langsung,Jasa Konsultansi Badan Usaha Konstruksi,Persediaan Untuk Dijual/Diserahkan Lainnya - Konsultan pengawasan (Solar Dome Dryer),SELESAI,921300,921300
KAB. SUKABUMI,DINAS PEMBERDAYAAN PEREMPUAN DAN PERLINDUNGAN ANAK - 2.08.0.00.0.00.01.0000,01KJBTRFVG4X7YJ8VZE2Q353SZ,65557285,2026,E-Katalog 6.0,APBD,ARRAHMAN BERKAH ABADI,E-Purchasing,Barang,Belanja Alat/Bahan untuk Kegiatan Kantor- Kertas dan Cover,PAYMENT OUTSIDE SYSTEM,11926950,11926950
KAB. SUKABUMI,UPTD PUSKESMAS CICURUG - 1.02.0.00.0.00.01.0044,01KRFHJ3EQFMQNZ51SPH66ZBQC,65369828,2026,E-Katalog 6.0,BLUD,LIKUID PHARMALAB INDONESIA,E-Purchasing,Barang,Belanja Persediaan Bahan/Material Alat Kesehatan,PAYMENT OUTSIDE SYSTEM,432000,432000
KAB. SUKABUMI,DINAS PERUMAHAN DAN KAWASAN PERMUKIMAN - 1.03.1.04.2.11.01.0000,10855120000,65763070,2026,Non Tender,APBD,FELLICIA RAHAYU KONSTRUKSI,Pengadaan Langsung,Pekerjaan Konstruksi,Drainase Kp. Nangka Koneng Rt 022/008 Dusun Nutug Desa Kalapanunggal Kecamatan Kalapanunggal Kab. Sukabumi,SELESAI,95685469,95685469
KAB. SUKABUMI,DINAS PERUMAHAN DAN KAWASAN PERMUKIMAN - 1.03.1.04.2.11.01.0000,10902152000,65762703,2026,Non Tender,APBD,cv ikhsan putra,Pengadaan Langsung,Pekerjaan Konstruksi,Pengaspalan Areal Parkir Yonif 310 Cikembar,SELESAI,143193702,143193702
KAB. SUKABUMI,UPTD PUSKESMAS BOJONGGENTENG - 1.02.0.00.0.00.01.0040,01KQBJKDR99X4CA3GYB2EHWKDZ,65550736,2026,E-Katalog 6.0,BLUD,KENCANA INSAN MANDIRI,E-Purchasing,Barang,Belanja Alat/Bahan untuk Kegiatan Kantor-Perlengkapan Dinas (Belanja Pakaian Dinas Khusus),PAYMENT OUTSIDE SYSTEM,14652000,14652000
KAB. SUKABUMI,DINAS PENDIDIKAN - 1.01.0.00.0.00.01.0000,10898796000,66235682,2026,Non Tender,APBD,CV CHEPAN ABADI,Pengadaan Langsung,Pekerjaan Konstruksi,Rehabilitasi Sedang / Berat Ruang Kelas SDN Gunungbatu 1  Kec. Ciracap,SELESAI,278600000,278600000
KAB. SUKABUMI,DINAS SOSIAL - 1.06.0.00.0.00.01.0000,01KGVXFECSS0YHTRRXHPQDFM1C,64946903,2026,E-Katalog 6.0,APBD,PUTERA CIBOLANG,E-Purchasing,Barang,"Pengadaan Permakanan Sembako bagi Anak Terlantar, Disabilitas Terlantar, Lanjut Usia Terlantar, Gelandangan dan Pengemis",ON PROCESS,477719100,477719100
KAB. SUKABUMI,BADAN PENGELOLA KEUANGAN DAN ASET DAERAH - 5.02.0.00.0.00.01.0000,01KJBXJZ263EQRRN11F938SY5P,65083807,2026,E-Katalog 6.0,APBD,PUTERA CIBOLANG,E-Purchasing,Jasa Lainnya,Belanja Sewa Kendaraan Dinas Bermotor Perorangan,ON PROCESS,269730000,269730000
KAB. SUKABUMI,DINAS KEPENDUDUKAN DAN PENCATATAN SIPIL - 2.12.0.00.0.00.01.0000,01KP814M9HN8F4DESFSJG7TGAW,63960849,2026,E-Katalog 6.0,APBD,SADULUR SAJATI,E-Purchasing,Jasa Lainnya,Belanja Cetak Buku Profil Perkembangan Kependudukan,PAYMENT OUTSIDE SYSTEM,3818400,3818400
KAB. SUKABUMI,BADAN PENDAPATAN DAERAH - 5.02.0.00.0.00.02.0000,01KG0140X6VK166A85PY1K5EBX,64039392,2026,E-Katalog 6.0,APBD,ARKASA PUTRA PRATAMA,E-Purchasing,Barang,Belanja Modal Personal Computer (Sumber Dana : Opsen PKB),PAYMENT OUTSIDE SYSTEM,139305000,139305000
KAB. SUKABUMI,DINAS PEKERJAAN UMUM - 1.03.0.00.0.00.01.0000,10784195000,65843415,2026,Non Tender,APBD,CV. KREASI KONSTRUKSI,Pengadaan Langsung,Pekerjaan Konstruksi,Pemeliharaan Rehab Gedung Perkantoran (Sekber Pemekaran),SELESAI,49585110,49585110
KAB. SUKABUMI,DINAS PERDAGANGAN DAN PERINDUSTRIAN - 3.31.3.29.3.30.01.0000,10926273000,63905364,2026,Non Tender,APBD,CV ADHIGUNA BINTANG SELATAN,Pengadaan Langsung,Pekerjaan Konstruksi,Pekerjaan Pembangunan TPS Pasar Sagaranten,SELESAI,69445220,69445220
KAB. SUKABUMI,UPTD PUSKESMAS BOJONGGENTENG - 1.02.0.00.0.00.01.0040,01KPQ9HHHRQEFT9PKNF9YYW5KG,65549461,2026,E-Katalog 6.0,BLUD,ADI AGRIPANA ABADI,E-Purchasing,Barang,Belanja Bahan Obat - Obatan,COMPLETED,8631471,8631471
KAB. SUKABUMI,UPTD PUSKESMAS CARINGIN - 1.02.0.00.0.00.01.0052,01KTXC24WVW73E9DDYPEPAG69C,65660077,2026,E-Katalog 6.0,BLUD,PERUSAHAAN PERSEROAN (PERSERO) PT KIMIA FARMA,E-Purchasing,Barang,Belanja Obat-Obatan Puskesmas Caringin,ON PROCESS,4085843,4085843
KAB. SUKABUMI,DINAS PERTANIAN - 3.27.2.09.0.00.01.0000,10851055000,63909506,2026,Non Tender,APBD,CV. KARUNIA ABADI KONSULTAN,Pengadaan Langsung,Jasa Konsultansi Badan Usaha Konstruksi,Belanja Modal Jalan Khusus  (Jasa Konsultan Pengawasan  Pembetonan Jalan Kantor Dinas Pertanian),SELESAI,2343210,2343210
KAB. SUKABUMI,DINAS PERIKANAN - 3.25.0.00.0.00.01.0000,10822617000,66235001,2026,Non Tender,APBD,CV. Pondasi Alam Prima,Pengadaan Langsung,Pekerjaan Konstruksi,Rehab TPT/Talud BBI,SELESAI,99350244,99350244
KAB. SUKABUMI,BADAN KEPEGAWAIAN DAN PENGEMBANGAN SUMBER DAYA MANUSIA - 5.03.5.04.0.00.01.0000,01KGRH349EAFM6DNY09HX3991P,64215792,2026,E-Katalog 6.0,APBD,EDRA AUSI AKBAR,E-Purchasing,Jasa Lainnya,Belanja Makanan dan Minuman Panitia/Peserta Pembinaan Jabatan Fungsional,PAYMENT OUTSIDE SYSTEM,10407500,10407500
KAB. SUKABUMI,UPTD PUSKESMAS CIKAKAK - 1.02.0.00.0.00.01.0035,01KPW5QG1QJ2PJC9RT0H8AJP8V,65505795,2026,E-Katalog 6.0,BLUD,INDO PRIANGAN KATULISTIWA,E-Purchasing,Barang,Belanja Obat-obatan- Obat UPTD Puskesmas Cikakak Tahun 2026,ON PROCESS,30979789,30979789
KAB. SUKABUMI,UPTD PUSKESMAS CIMANGGU - 1.02.0.00.0.00.01.0029,01KN3HGB1ZVD441Y1C6NC10BPT,66292602,2026,E-Katalog 6.0,BLUD,INDO PRIANGAN KATULISTIWA,E-Purchasing,Barang,Belanja Obat-Obatan-Obat BLUD Puskesmas Cimanggu Tahun 2026,COMPLETED,29208318,29208318
KAB. SUKABUMI,DINAS PEKERJAAN UMUM - 1.03.0.00.0.00.01.0000,10801081000,66247021,2026,Non Tender,APBD,CV. Adhinata Utama,Pengadaan Langsung,Pekerjaan Konstruksi,Ruas Jalan Tenjoayu - Purwasari Kecamatan Cicurug,SELESAI,372819646,372819646
KAB. SUKABUMI,UOBK RSUD SEKARWANGI - 1.02.0.00.0.00.01.0002,01KH6DRJ183Q8XDB3X8VK3E2G2,63079700,2026,E-Katalog 6.0,BLUD,DEXA MEDICA,E-Purchasing,Barang,Belanja Obat-obatan-Obat,ON PROCESS,54536653,54536653
KAB. SUKABUMI,UPTD PUSKESMAS KALAPANUNGGAL - 1.02.0.00.0.00.01.0039,01KV9WF3N46PRZHQV2D7YNCAGR,66278202,2026,E-Katalog 6.0,BLUD,KENCANA INSAN MANDIRI,E-Purchasing,Barang,Belanja Bahan-Bahan Lainnya,ON PROCESS,2175600,2175600
KAB. SUKABUMI,UPTD PUSKESMAS CIKAKAK - 1.02.0.00.0.00.01.0035,01KQ90KXV1XZCZ6BPGDYYQW3QE,65505795,2026,E-Katalog 6.0,BLUD,IMFARMIND FARMASI INDUSTRI,E-Purchasing,Barang,Belanja Obat-obatan- Obat UPTD Puskesmas Cikakak Tahun 2026,ON PROCESS,3738147,3738147
KAB. SUKABUMI,DINAS PERUMAHAN DAN KAWASAN PERMUKIMAN - 1.03.1.04.2.11.01.0000,10843723000,65761289,2026,Non Tender,APBD,BYANKARYA,Pengadaan Langsung,Pekerjaan Konstruksi,Jalan Lingkungan Kp. Cikawung Rt 02 / Rw 10 Desa Margaluyu Kecamatan Sukaraja,SELESAI,191781652,191781652
KAB. SUKABUMI,UOBK RSUD PALABUHANRATU - 1.02.0.00.0.00.01.0001,01KC6N0ZGMRQ5HEFT0KK51CTJD,64622587,2026,E-Katalog 6.0,BLUD,MAHAKAM BETA FARMA,E-Purchasing,Barang,Belanja Obat - Obatan,ON PROCESS,187911900,187911900
KAB. SUKABUMI,SEKRETARIAT DAERAH - 4.01.0.00.0.00.01.0000,10839204000,66080047,2026,Non Tender,APBD,CV. TIGA DUA AMANAH,Pengadaan Langsung,Pekerjaan Konstruksi,Pemeliharaan Gedung Aula Sekretariat Daerah,SELESAI,34995482,34995482
KAB. SUKABUMI,UOBK RSUD SEKARWANGI - 1.02.0.00.0.00.01.0002,01KH7RTKKZW47AD507EG8Z9H90,63079700,2026,E-Katalog 6.0,BLUD,NOVELL PHARMACEUTICAL LABORATORIES,E-Purchasing,Barang,Belanja Obat-obatan-Obat,ON PROCESS,6160500,6160500
KAB. SUKABUMI,UPTD PUSKESMAS GEGERBITUNG - 1.02.0.00.0.00.01.0009,01KKT790HB10RDJ4KJENCBN8B9,66377843,2026,E-Katalog 6.0,APBD,LUCAS DJAJA,E-Purchasing,Barang,Belanja Obat Obatan Puskesmas Gegerbitung Tahun Anggaran 2026,COMPLETED,887778,887778
KAB. SUKABUMI,UPTD PUSKESMAS KALIBUNDER - 1.02.0.00.0.00.01.0028,01KMYH153GEBW3KGSE8PRT3PH9,65601628,2026,E-Katalog 6.0,BLUD,BERNOFARM,E-Purchasing,Barang,Belanja Obat-Obatan-Obat Puskesmas Kalibunder Tahun 2026,COMPLETED,17111616,17111616
KAB. SUKABUMI,UOBK RSUD SEKARWANGI - 1.02.0.00.0.00.01.0002,01KSH318MPX7SHRJ36HV85ETKE,63077986,2026,E-Katalog 6.0,BLUD,TRISA LIKUID FARMA,E-Purchasing,Barang,Belanja Bahan - Bahan Lainnya (BMHP Farmasi),ON PROCESS,3524472,3524472
KAB. SUKABUMI,DINAS PERIKANAN - 3.25.0.00.0.00.01.0000,10786053000,65376468,2026,Non Tender,APBD,CV. TIGA DUA AMANAH,Pengadaan Langsung,Pengadaan Barang,Pengembangan perikanan darat jenis Cyprinidae,SELESAI,89610000,0
KAB. SUKABUMI,DINAS PERHUBUNGAN - 2.15.0.00.0.00.01.0000,10789095000,64733269,2026,Non Tender,APBD,CV.KARUNIA PUTRA,Pengadaan Langsung,Pekerjaan Konstruksi,Rehabilitas dan Pemeliharaan Terminal Cibadak,SELESAI,29521343,29521343
KAB. SUKABUMI,DINAS PENDIDIKAN - 1.01.0.00.0.00.01.0000,10867852000,66051891,2026,Non Tender,APBD,CV. DOUBLE EL,Pengadaan Langsung,Pekerjaan Konstruksi,Rehabilitasi Sedang / Berat Ruang Kelas SDN Nyangkowek 3  Kec. Cicurug,SELESAI,134619016,134619016
KAB. SUKABUMI,UOBK RSUD SEKARWANGI - 1.02.0.00.0.00.01.0002,01KEYBBQX2AY94BQ0B7VD2EJ1V,63077986,2026,E-Katalog 6.0,BLUD,TOP-POINT MEDICAL,E-Purchasing,Barang,Belanja Bahan - Bahan Lainnya (BMHP Farmasi),ON PROCESS,147712584,147712584
KAB. SUKABUMI,DINAS PERTANIAN - 3.27.2.09.0.00.01.0000,01KHA3FCP8SDMJFQ2ZCKAV34A7,63812627,2026,E-Katalog 6.0,APBD,RANAA PERSADA,E-Purchasing,Barang,Belanja Alat/Bahan untuk Kegiatan Kantor-Alat Tulis Kantor,ON PROCESS,26905845,26905845
KAB. SUKABUMI,BADAN PENDAPATAN DAERAH - 5.02.0.00.0.00.02.0000,01KG01P04VY3E73NGSMR3ZXBZE,64546435,2026,E-Katalog 6.0,APBD,ARKASA PUTRA PRATAMA,E-Purchasing,Barang,Belanja Modal Personal Computer (Sumber Dana : PAD),PAYMENT OUTSIDE SYSTEM,29970000,29970000
KAB. SUKABUMI,DINAS PERUMAHAN DAN KAWASAN PERMUKIMAN - 1.03.1.04.2.11.01.0000,10881769000,67181520,2026,Non Tender,APBD,CV. ARRAYYAN JAYA MANDIRI,Pengadaan Langsung,Pekerjaan Konstruksi,"Pembangunan Sarana Air Bersih Kp. Cibarengkok Rt.06 Rw. 07 Desa Citarik Kecamatan Palabuhanratu, Kab. Sukabumi",SELESAI,97414163,97414163
KAB. SUKABUMI,BADAN PENGELOLA KEUANGAN DAN ASET DAERAH - 5.02.0.00.0.00.01.0000,01KKGARW1WTB10699ECBD6AXZD,65216775,2026,E-Katalog 6.0,APBD,BELA JAYA RASA,E-Purchasing,Barang,Belanja Alat/Bahan untuk Kegiatan Kantor (Cetakan),ON PROCESS,161795820,161795820
KAB. SUKABUMI,DINAS PERIKANAN - 3.25.0.00.0.00.01.0000,10781543000,65252086,2026,Non Tender,APBD,CV. WAHANA INOVASI CONSULTANT,Pengadaan Langsung,Jasa Konsultansi Badan Usaha Konstruksi,Konsultan Perencana Pemeliharaan Bangunan Kantor Dinas Perikanan,SELESAI,14874000,14874000
KAB. SUKABUMI,DINAS PERHUBUNGAN - 2.15.0.00.0.00.01.0000,01KMYWPC0S6B21ZZER8B7XGTD4,64706819,2026,E-Katalog 6.0,APBD,TIGA DUA AMANAH,E-Purchasing,Jasa Lainnya,"Pembangunan PJU di Wilayah Desa Bojongkembar, Sukamulya, Cikembar, Parakanlima Kecamatan Cikembar (12 Titik)",ON PROCESS,191008800,191008800
KAB. SUKABUMI,DINAS KESEHATAN - 1.02.0.00.0.00.01.0000,10892690000,66862324,2026,Non Tender,APBD,CV. TIRTA MENTARI,Pengadaan Langsung,Jasa Konsultansi Badan Usaha Konstruksi,Belanja Jasa Konsultansi Pengawasan Rehabilitasi Puskesmas Pembantu [PUSTU],SELESAI,80850000,80850000
KAB. SUKABUMI,DINAS PERUMAHAN DAN KAWASAN PERMUKIMAN - 1.03.1.04.2.11.01.0000,10904695000,67282086,2026,Non Tender,APBD,CV. GELAURA,Pengadaan Langsung,Pekerjaan Konstruksi,Jalan Lingkungan Kp Cipelang RT 11 Rw 04 Desa Sudajayagirang,SELESAI,108626190,108626190
KAB. SUKABUMI,DINAS PERTANIAN - 3.27.2.09.0.00.01.0000,10866136000,63468777,2026,Non Tender,APBD,CV. Berkah Bumi Parahyangan,Pengadaan Langsung,Pekerjaan Konstruksi,Persediaan Untuk Dijual/Diserahkan Lainnya - Jaringan Irigasi Pertanian Kec. Jampang Kulon Desa Nagraksari Poktan Halimun,SELESAI,74428360,74428360
KAB. SUKABUMI,UOBK RSUD SEKARWANGI - 1.02.0.00.0.00.01.0002,01KGXJDEQ1EM77KCKN6NQEBJ3H,65236398,2026,E-Katalog 6.0,BLUD,COPYPASTE,E-Purchasing,Jasa Lainnya,Belanja Jasa Konsultansi Berorientasi Layanan-Jasa Khusus,PAYMENT OUTSIDE SYSTEM,94075830,94075830
KAB. SUKABUMI,UPTD PUSKESMAS JAMPANGTENGAH - 1.02.0.00.0.00.01.0058,01KK8AQD52HAAYE0DP3HNYYS8Q,65564675,2026,E-Katalog 6.0,BLUD,INDO PRIANGAN KATULISTIWA,E-Purchasing,Barang,Belanja Obat-obatan,COMPLETED,9024300,9024300
KAB. SUKABUMI,DINAS PERUMAHAN DAN KAWASAN PERMUKIMAN - 1.03.1.04.2.11.01.0000,10886538000,65761295,2026,Non Tender,APBD,CV. GELAURA,Pengadaan Langsung,Pekerjaan Konstruksi,Jalan Lingkungan Kp. Pamoyanan Kaler RW 09 Desa Sukamekar Kecamatan Sukaraja,SELESAI,143287813,143287813
KAB. SUKABUMI,DINAS PEKERJAAN UMUM - 1.03.0.00.0.00.01.0000,10928675000,66758285,2026,Non Tender,APBD,CV TIARA ABADI,Pengadaan Langsung,Pekerjaan Konstruksi,Ruas Jalan Caringin - Pasirdatar Kecamatan Caringin,SELESAI,373822799,373822799
KAB. SUKABUMI,DINAS PERHUBUNGAN - 2.15.0.00.0.00.01.0000,01KS6V319Z6QEXABSZCTNR240Z,67041986,2026,E-Katalog 6.0,APBD,KAFADA KARYA,E-Purchasing,Pekerjaan Konstruksi,Pembangunan PJU di Wilayah Kec. Sukalarang dan Parungkuda (15 Titik),ON PROCESS,239094000,239094000
KAB. SUKABUMI,UOBK RSUD SEKARWANGI - 1.02.0.00.0.00.01.0002,01KKJRPZ23XTQTMGT6NNJTF9S1,63077986,2026,E-Katalog 6.0,BLUD,SINAR RODA UTAMA,E-Purchasing,Barang,Belanja Bahan - Bahan Lainnya (BMHP Farmasi),ON PROCESS,7215000,7215000
KAB. SUKABUMI,UPTD PUSKESMAS BOJONGGENTENG - 1.02.0.00.0.00.01.0040,01KKC6Y7WQ3W1YF55STFJK4HF6,65549461,2026,E-Katalog 6.0,BLUD,GLOBAL MULTI PHARMALAB,E-Purchasing,Barang,Belanja Bahan Obat - Obatan,COMPLETED,788100,788100
KAB. SUKABUMI,DINAS KESEHATAN - 1.02.0.00.0.00.01.0000,10897099000,65538001,2026,Non Tender,APBD,CV. Binjay Selatan,Pengadaan Langsung,Pekerjaan Konstruksi,Rehabilitasi Ruangan Perawatan Puskesmas Tegalbuleud,SELESAI,252000000,252000000
KAB. SUKABUMI,UOBK RSUD SEKARWANGI - 1.02.0.00.0.00.01.0002,01KDSVWH68ENS3AAMM2R3FVPGR,62661384,2026,E-Katalog 6.0,BLUD,AMANAH SUKSES MAKMUR,E-Purchasing,Jasa Lainnya,Belanja Jasa Tenaga Kebersihan,ON PROCESS,1802436000,1802436000
KAB. SUKABUMI,UPTD PUSKESMAS TEGALBULEUD - 1.02.0.00.0.00.01.0019,01KPA309KYCEAZMN1J8QRR9SH3,66400833,2026,E-Katalog 6.0,BLUD,METRO SMART TECHNOLOGY,E-Purchasing,Barang,Belanja Modal Personal Computer,ON PROCESS,14796300,14796300
KAB. SUKABUMI,DINAS PARIWISATA - 3.26.3.26.3.26.01.0000,01KSH1X7X3V72JDEF2K6CVB43B,66116704,2026,E-Katalog 6.0,APBD,AKASIA,E-Purchasing,Jasa Lainnya,Pengadaan Merchandise/Souvenir/Cenderamata,ON PROCESS,61000017,61000017
KAB. SUKABUMI,"DINAS KEBUDAYAAN, PEMUDA DAN OLAHRAGA - 2.22.2.19.0.00.01.0000",10833937000,65839985,2026,Non Tender,APBD,CV.CIPTA BANGUN LESTARI,Pengadaan Langsung,Jasa Konsultansi Badan Usaha Konstruksi,Jasa Konsultan Pengawasan Rehabilitasi Kamar Mandi (Toilet) Gedung Kantor,SELESAI,926850,926850
KAB. SUKABUMI,DINAS PEKERJAAN UMUM - 1.03.0.00.0.00.01.0000,10813279000,66284785,2026,Non Tender,APBD,"Tirta Wekal, CV",Pengadaan Langsung,Pekerjaan Konstruksi,Pembuatan Bahu Beton Ruas Jalan Cibentang - Cibencoy Kecamatan Cisaat,SELESAI,126579228,126579228
KAB. SUKABUMI,UOBK RSUD SEKARWANGI - 1.02.0.00.0.00.01.0002,01KVXMEVX72T5EJBYECS2VR9A8,63079700,2026,E-Katalog 6.0,BLUD,NOVARTIS INDONESIA,E-Purchasing,Barang,Belanja Obat-obatan-Obat,ON PROCESS,16129277,0
KAB. SUKABUMI,SEKRETARIAT DAERAH - 4.01.0.00.0.00.01.0000,01KGHDERA82X75TS8853VH58E8,63353399,2026,E-Katalog 6.0,APBD,CATUR SATRIA WIBAWA,E-Purchasing,Jasa Lainnya,Penyediaan Jasa Pengamanan Lingkup Sekretariat Daerah,PAYMENT OUTSIDE SYSTEM,1452768000,1452768000
KAB. SUKABUMI,DINAS PERTANIAN - 3.27.2.09.0.00.01.0000,10798956000,63468786,2026,Non Tender,APBD,CV MARISA,Pengadaan Langsung,Pekerjaan Konstruksi,Persediaan Untuk Dijual/Diserahkan Lainnya - Jaringan Irigasi Pertanian Kec. Surade Kel. Surade Poktan Batusuhunan,SELESAI,199872807,199872807
KAB. SUKABUMI,UPTD PUSKESMAS KARAWANG - 1.02.0.00.0.00.01.0003,01KKGDX2DFY265D0CYPSDSZN4X,66903877,2026,E-Katalog 6.0,BLUD,NOVAPHARIN,E-Purchasing,Barang,Belanja Obat-Obatan PPK BLUD UPT Puskesmas Karawang Tahun 2026,COMPLETED,38695710,38695710
KAB. SUKABUMI,UOBK RSUD SEKARWANGI - 1.02.0.00.0.00.01.0002,01KPQYWXMJQZRTR5E48PA57F71,63077986,2026,E-Katalog 6.0,BLUD,MEDI KHARISMA INTERNATIONAL,E-Purchasing,Barang,Belanja Bahan - Bahan Lainnya (BMHP Farmasi),ON PROCESS,9437087,0
KAB. SUKABUMI,DINAS PEKERJAAN UMUM - 1.03.0.00.0.00.01.0000,10909161000,66738063,2026,Non Tender,APBD,pt. studio aero bentala,Pengadaan Langsung,Jasa Konsultansi Badan Usaha Non Konstruksi,Konsultan Pengawasan Ruas Jalan Pangleseran - Cibatu Kecamatan Cikembar,SELESAI,73681800,73681800
KAB. SUKABUMI,UOBK RSUD SEKARWANGI - 1.02.0.00.0.00.01.0002,01KEXREXNN44HHA6BPHTYS2GWR,63077986,2026,E-Katalog 6.0,BLUD,GLOBAL DISPOMEDIKA,E-Purchasing,Barang,Belanja Bahan - Bahan Lainnya (BMHP Farmasi),ON PROCESS,78456465,0
KAB. SUKABUMI,DINAS PEKERJAAN UMUM - 1.03.0.00.0.00.01.0000,10928811000,66695171,2026,Non Tender,APBD,CV. Rizki Kurnia,Pengadaan Langsung,Pekerjaan Konstruksi,Pembuatan TPT Gendong Ruas Jalan Djaenudin Kecamatan Palabuhanratu,SELESAI,97770160,97770160
KAB. SUKABUMI,UOBK RSUD SEKARWANGI - 1.02.0.00.0.00.01.0002,01KVSFW6HBS5SW73SAE3E1WB76,63077986,2026,E-Katalog 6.0,BLUD,ENSEVAL MEDIKA PRIMA,E-Purchasing,Barang,Belanja Bahan - Bahan Lainnya (BMHP Farmasi),ON PROCESS,1913307,1913307
KAB. SUKABUMI,UPTD PUSKESMAS CIKAKAK - 1.02.0.00.0.00.01.0035,01KQ95XBC7XD04Q6EJMCAANM9P,65505795,2026,E-Katalog 6.0,BLUD,INDO PRIANGAN KATULISTIWA,E-Purchasing,Barang,Belanja Obat-obatan- Obat UPTD Puskesmas Cikakak Tahun 2026,ON PROCESS,36435750,36435750
KAB. SUKABUMI,DINAS LINGKUNGAN HIDUP - 2.11.1.03.0.00.01.0000,10934810000,63373376,2026,Non Tender,APBD,CV Jaringan Legislasi Nusantara,Pengadaan Langsung,Jasa Konsultansi Badan Usaha Non Konstruksi,Penyusunan Dokumen Indeks Kualitas Tutupan Lahan Kabupaten Sukabumi,BERLANGSUNG,71883600,71883600
KAB. SUKABUMI,DINAS SOSIAL - 1.06.0.00.0.00.01.0000,01KHX1YEQBDE5K4JC9J80FR7C7,65597179,2026,E-Katalog 6.0,APBD,ARRAHMAN BERKAH ABADI,E-Purchasing,Barang,Belanja Alat/Bahan untuk Kegiatan Kantor-Alat Tulis Kantor,ON PROCESS,111111000,111111000
KAB. SUKABUMI,DINAS PERIKANAN - 3.25.0.00.0.00.01.0000,10780206000,65513712,2026,Non Tender,APBD,PT. GALEN SAGARA PERKASA,Pengadaan Langsung,Jasa Konsultansi Badan Usaha Konstruksi,Jasa konsultan perencanaan review design Tanggul Laut TPI lokasi KNMP Ujunggenteng,SELESAI,99567000,99567000
KAB. SUKABUMI,UOBK RSUD PALABUHANRATU - 1.02.0.00.0.00.01.0001,01KJZ802WFK4NZMMPT3XN1Q65K,64613160,2026,E-Katalog 6.0,BLUD,MEDIHOP,E-Purchasing,Barang,Belanja Bahan/Alat Medis Pakai Habis (BMHP) Farmasi,ON PROCESS,47854764,47854764
KAB. SUKABUMI,DINAS PENDIDIKAN - 1.01.0.00.0.00.01.0000,10796910000,66037180,2026,Non Tender,APBD,CV. WAHANA INOVASI CONSULTANT,Pengadaan Langsung,Jasa Konsultansi Badan Usaha Konstruksi,"Jasa Konsultan Perencanaan Pembangunan Sarana,Prasarana dan Utilitas Sekolah Wilayah 1",SELESAI,23585080,23585080
KAB. SUKABUMI,UOBK RSUD SEKARWANGI - 1.02.0.00.0.00.01.0002,01KW89AH2GWZTADEYPR01YF1VN,63077986,2026,E-Katalog 6.0,BLUD,SINARAYA NUGRAHA AHMADARIS MEDIKA,E-Purchasing,Barang,Belanja Bahan - Bahan Lainnya (BMHP Farmasi),ON PROCESS,566766,566766
KAB. SUKABUMI,DINAS PEKERJAAN UMUM - 1.03.0.00.0.00.01.0000,01KS55WXHVDB9Q07TH7T2P3B2N,67142148,2026,E-Katalog 6.0,APBD,SADULUR SAJATI,E-Purchasing,Barang,Belanja Alat/Bahan untuk Kegiatan Kantor-Alat Tulis Kantor,ON PROCESS,15103681,15103681
KAB. SUKABUMI,UPTD PUSKESMAS CIAMBAR - 1.02.0.00.0.00.01.0046,01KRP8XQKGHVTSY2XDG8F1FYWB,65746816,2026,E-Katalog 6.0,BLUD,KENCANA INSAN MANDIRI,E-Purchasing,Jasa Lainnya,Belanja Pemeliharaan,COMPLETED,4329000,4329000
KAB. SUKABUMI,UPTD PUSKESMAS SIMPENAN - 1.02.0.00.0.00.01.0033,01KJY96S25HBM8ERMPJMW9QAZS,65189555,2026,E-Katalog 6.0,BLUD,PIM PHARMACEUTICALS,E-Purchasing,Barang,Belanja Obat - Obatan - Obat di Puskesmas Simpenan,COMPLETED,9750240,9750240
KAB. SUKABUMI,DINAS PERHUBUNGAN - 2.15.0.00.0.00.01.0000,01KN41A4MADN44PAA1TH61NZ0R,64706815,2026,E-Katalog 6.0,APBD,CITRA UTAMA,E-Purchasing,Jasa Lainnya,Pembangunan PJU di Wilayah Desa Pasirpanjang Kecamatan Ciracap (4 Titik),ON PROCESS,63714000,63714000
KAB. SUKABUMI,DINAS PERUMAHAN DAN KAWASAN PERMUKIMAN - 1.03.1.04.2.11.01.0000,10817629000,65762908,2026,Non Tender,APBD,PT. GALEN SAGARA PERKASA,Pengadaan Langsung,Jasa Konsultansi Badan Usaha Konstruksi,DED Gedung Kantor Kecamatan Cisaat,SELESAI,99123000,99123000
KAB. SUKABUMI,KECAMATAN CIKIDANG - 7.01.0.00.0.00.15.0000,01KJY24XQC8M8WMA2SM9WZXRQP,65091502,2026,E-Katalog 6.0,APBD,AZONE TECH SUKABUMI,E-Purchasing,Barang,Penyediaan Peralatan dan Perlengkapan Kantor,PAYMENT OUTSIDE SYSTEM,39516000,39516000
KAB. SUKABUMI,DINAS PERUMAHAN DAN KAWASAN PERMUKIMAN - 1.03.1.04.2.11.01.0000,10875182000,65763188,2026,Non Tender,APBD,CV. FIKRI PRIMA PERKASA,Pengadaan Langsung,Pekerjaan Konstruksi,"Pembangunan Sarana Air Bersih Kp Kadupugur Rt.19 Rw.08 Desa Undrusbinangun Kec.Kadudampit, Kab. Sukabumi",SELESAI,195266878,195266878
KAB. SUKABUMI,UOBK RSUD PALABUHANRATU - 1.02.0.00.0.00.01.0001,01KC6GC8XSBMBNE57RYP59GQ54,64610114,2026,E-Katalog 6.0,BLUD,DIASTIKA BIOTEKINDO,E-Purchasing,Barang,Belanja Bahan/Alat Pakai Habis Laboratorium,ON PROCESS,17964801,0
KAB. SUKABUMI,"DINAS KEBUDAYAAN, PEMUDA DAN OLAHRAGA - 2.22.2.19.0.00.01.0000",01KFX8VXZ870QR9YKQNPWTPGGN,64195626,2026,E-Katalog 6.0,APBD,ARKASA PUTRA PRATAMA,E-Purchasing,Barang,Belanja Modal Personal Computer ,PAYMENT OUTSIDE SYSTEM,44788500,44788500
KAB. SUKABUMI,UOBK RSUD SEKARWANGI - 1.02.0.00.0.00.01.0002,01KVNDFQVY7MHXN1XFV0MN0WTF,63079700,2026,E-Katalog 6.0,BLUD,KALVENTIS SINERGI FARMA,E-Purchasing,Barang,Belanja Obat-obatan-Obat,ON PROCESS,1400820,0
KAB. SUKABUMI,UPTD PUSKESMAS KARAWANG - 1.02.0.00.0.00.01.0003,01KNGCB0ZW5Y3WJ9VK6QJTMFM6,66903877,2026,E-Katalog 6.0,BLUD,IMFARMIND FARMASI INDUSTRI,E-Purchasing,Barang,Belanja Obat-Obatan PPK BLUD UPT Puskesmas Karawang Tahun 2026,COMPLETED,23286690,23286690
KAB. SUKABUMI,UPTD PUSKESMAS CIAMBAR - 1.02.0.00.0.00.01.0046,01KMPQ0DWZ2VKGT5ZCK2MSW99N,65772509,2026,E-Katalog 6.0,BLUD,RAJA ALKES MEDIKA,E-Purchasing,Barang,Belanja Modal Alat Kedokteran Umum,COMPLETED,1461870,1461870
KAB. SUKABUMI,UPTD PUSKESMAS PURABAYA - 1.02.0.00.0.00.01.0012,01KQTQ05FNQXYEEH6XCRNXXG2Z,67069996,2026,E-Katalog 6.0,BLUD,ZAYIN ZAHIRA,E-Purchasing,Barang,Belanja Modal Komputer BLUD,PAYMENT OUTSIDE SYSTEM,13137960,13137960
KAB. SUKABUMI,DINAS PEKERJAAN UMUM - 1.03.0.00.0.00.01.0000,10828949000,66691278,2026,Non Tender,APBD,ELANG ERLANGGA,Pengadaan Langsung,Pekerjaan Konstruksi,Pembuatan TPT Ruas Jalan Cipamatutan - Sukatani Kecamatan Parakansalak,SELESAI,185350532,185350532
KAB. SUKABUMI,UPTD PUSKESMAS CISAAT - 1.02.0.00.0.00.01.0053,01KT8DA8QVP1AQ3EPE3S80R39V,64691552,2026,E-Katalog 6.0,BLUD,NOVAPHARIN,E-Purchasing,Barang,Belanja Belanja Obat-Obatan-Obat Puskesmas Cisaat TA. 2026,ON PROCESS,3809520,3809520
KAB. SUKABUMI,UPTD PUSKESMAS NAGRAK - 1.02.0.00.0.00.01.0048,01KS90Y2E5QBBANE7ZCM7V0XQH,65361864,2026,E-Katalog 6.0,BLUD,HEXPHARM JAYA LABORATORIES,E-Purchasing,Barang,belanja barang pakai habis- belanja obat-obatan,COMPLETED,7953150,7953150
KAB. SUKABUMI,UOBK RSUD SEKARWANGI - 1.02.0.00.0.00.01.0002,01KG1WCGYN3VHFK71S9296QDSH,63341595,2026,E-Katalog 6.0,BLUD,CAHAYA SEGITIGA EMAS,E-Purchasing,Barang,Belanja Bahan-Bahan Lainnya (Alat dan Bahan Pembersih),ON PROCESS,142516674,142516674
KAB. SUKABUMI,DINAS PEKERJAAN UMUM - 1.03.0.00.0.00.01.0000,10868892000,67105956,2026,Non Tender,APBD,CV. BINTANG ZENIX,Pengadaan Langsung,Pengadaan Barang,Pengadaan Pakaian Dinas beserta Atribut Kelengkapannya (Pakaian PDH),SELESAI,198660000,0
KAB. SUKABUMI,DINAS PERUMAHAN DAN KAWASAN PERMUKIMAN - 1.03.1.04.2.11.01.0000,10834285000,65763064,2026,Non Tender,APBD,FELLICIA RAHAYU KONSTRUKSI,Pengadaan Langsung,Pekerjaan Konstruksi,Drainase Kp. Manglad Rt 012/005 Dusun Manglad Desa Kalapanunggal Kecamatan Kalapanunggal Kab. Sukabumi,SELESAI,95827941,95827941
KAB. SUKABUMI,UPTD PUSKESMAS CIKIDANG - 1.02.0.00.0.00.01.0037,01KPMQPJH8YRP7VD304C9268B4,66860083,2026,E-Katalog 6.0,BLUD,ZAYIN ZAHIRA,E-Purchasing,Barang,Belanja Alat / Bahan untuk Kegiatan Kantor- Kertas dan Cover UPTD Puskesmas Cikidang,COMPLETED,5271390,5271390
KAB. SUKABUMI,DINAS KESEHATAN - 1.02.0.00.0.00.01.0000,01KNV4WKVYX81P9F0YHNF9M6W9,66879852,2026,E-Katalog 6.0,APBD,ALDANA TEKNIK INDONESIA,E-Purchasing,Jasa Lainnya,Jasa Kalibrasi Alat Kesehatan,ON PROCESS,238603535,238603535
KAB. SUKABUMI,UPTD PUSKESMAS SUKALARANG - 1.02.0.00.0.00.01.0008,01KK8TQNQ11KKNJRTTEV048KEQ,65394315,2026,E-Katalog 6.0,BLUD,INDO PRIANGAN KATULISTIWA,E-Purchasing,Barang,Belanja Bahan Obat-obatan Puskesmas Sukalarang,PAYMENT OUTSIDE SYSTEM,44622466,44622466
KAB. SUKABUMI,SATUAN POLISI PAMONG PRAJA - 1.05.0.00.0.00.03.0000,01KN1EV64KEX9146NX0ZGZADXR,65546850,2026,E-Katalog 6.0,APBD,GALUH PUTRA UTAMA,E-Purchasing,Barang,Belanja Alat Tulis Kantor pada Peningkatan Sarana dan Prasarana Disiplin Pegawai Satpol PP Kab. Sukabumi,ON PROCESS,17535114,17535114
KAB. SUKABUMI,DINAS PEKERJAAN UMUM - 1.03.0.00.0.00.01.0000,10868825000,67136573,2026,Non Tender,APBD,CV CHEPAN ABADI,Pengadaan Langsung,Pekerjaan Konstruksi,Daerah Irigasi Ciraden Sekunder Mangkalaya Desa Cisaat Kecamatan Ciasat,SELESAI,187941539,187941539
KAB. SUKABUMI,DINAS PERUMAHAN DAN KAWASAN PERMUKIMAN - 1.03.1.04.2.11.01.0000,10913013000,67311141,2026,Non Tender,APBD,CV. MUDA TANGGUH,Pengadaan Langsung,Pekerjaan Konstruksi,Jalan Lingkungan Kecamatan Pelabuhanratu Desa Citepus Rt002-Rw021,SELESAI,192111545,192111545
KAB. SUKABUMI,DINAS KESEHATAN - 1.02.0.00.0.00.01.0000,10787844000,65537781,2026,Non Tender,APBD,JATTI RAYYA KONSULTINDO,Pengadaan Langsung,Jasa Konsultansi Badan Usaha Non Konstruksi,Beban Jasa Konsultansi Berorientasi Layanan-Jasa Studi Penelitian dan Bantuan Teknik,SELESAI,99289500,99289500
KAB. SUKABUMI,UOBK RSUD PALABUHANRATU - 1.02.0.00.0.00.01.0001,01KARWHENQR2K15ENDK1XK4P7Z,64763279,2026,E-Katalog 6.0,BLUD,ANTERA KALIBRASI,E-Purchasing,Jasa Lainnya,Belanja Jasa Kalibrasi,PAYMENT OUTSIDE SYSTEM,188240460,188240460
KAB. SUKABUMI,UOBK RSUD SEKARWANGI - 1.02.0.00.0.00.01.0002,01KH2VP3SPX0XVJQH6K24SJ632,64917578,2026,E-Katalog 6.0,BLUD,BINA MAJU TEKNIK,E-Purchasing,Barang,Belanja Modal Kesehatan Umum Lainnya,ON PROCESS,114999996,114999996
KAB. SUKABUMI,DINAS PEMBERDAYAAN PEREMPUAN DAN PERLINDUNGAN ANAK - 2.08.0.00.0.00.01.0000,01KJBVJDJ3VH16F6BS6CQ89AD3,65557273,2026,E-Katalog 6.0,APBD,RUSYDA,E-Purchasing,Barang,Belanja Printer,PAYMENT OUTSIDE SYSTEM,19802400,19802400
KAB. SUKABUMI,DINAS PERDAGANGAN DAN PERINDUSTRIAN - 3.31.3.29.3.30.01.0000,10928640000,63905377,2026,Non Tender,APBD,PT. Metrik Arsiplan Indonesia,Pengadaan Langsung,Jasa Konsultansi Badan Usaha Konstruksi,Jasa Konsultansi Pengawasan Perbaikan Atap dan Talang Pasar Cicurug,BERLANGSUNG,4223550,4223550
KAB. SUKABUMI,DINAS PERTANIAN - 3.27.2.09.0.00.01.0000,10818134000,63468845,2026,Non Tender,APBD,CV. VAHRACONS,Pengadaan Langsung,Pekerjaan Konstruksi,Persediaan Untuk Dijual/Diserahkan Lainnya - Jaringan Irigasi Pertanian Kec. Jampang Tengah Desa Padabeunghar Poktan Medalwargi I,SELESAI,138644419,138644419
KAB. SUKABUMI,DINAS PENDIDIKAN - 1.01.0.00.0.00.01.0000,10873456000,66141746,2026,Non Tender,APBD,"Tirta Wekal, CV",Pengadaan Langsung,Pekerjaan Konstruksi,Pembanguna Toilet Beserta Sanitasinya SDN Darmawangi Kec. pabuaran,SELESAI,89595463,89595463
KAB. SUKABUMI,DINAS PERTANIAN - 3.27.2.09.0.00.01.0000,10818140000,63468817,2026,Non Tender,APBD,CV. BAEHAQIE,Pengadaan Langsung,Pekerjaan Konstruksi,Persediaan Untuk Dijual/Diserahkan Lainnya - Jaringan Irigasi Pertanian Kec. Lengkong Desa Tegallega Poktan Sinar Tani Abadi,SELESAI,92391694,92391694
KAB. SUKABUMI,DINAS KETAHANAN PANGAN - 2.09.2.09.2.09.01.0000,01KW9SY96XXDGCPASHGE8XGP72,67341838,2026,E-Katalog 6.0,APBDP,SAKTI PERKASA,E-Purchasing,Barang," Belanja Bahan-Bahan/Bibit Tanaman",ON PROCESS,18878900,18878900
KAB. SUKABUMI,UPTD PUSKESMAS JAMPANGTENGAH - 1.02.0.00.0.00.01.0058,01KJ44H18QGF149Q8WK18V8KJD,65564675,2026,E-Katalog 6.0,BLUD,SATORIA ANEKA INDUSTRI,E-Purchasing,Barang,Belanja Obat-obatan,ON PROCESS,11135520,11135520
KAB. SUKABUMI,UOBK RSUD SEKARWANGI - 1.02.0.00.0.00.01.0002,01KJDYGB91JPG5HGHQ6SPQ0BTG,65935985,2026,E-Katalog 6.0,BLUD,ARRAYYAN JAYA MANDIRI,E-Purchasing,Barang,Belanja Modal Peralatan Personal Computer,ON PROCESS,59274000,59274000
KAB. SUKABUMI,UPTD PUSKESMAS CARINGIN - 1.02.0.00.0.00.01.0052,01KKGBXV8KMPGNVM6XTJ8ZS8CS,65660077,2026,E-Katalog 6.0,BLUD,IMFARMIND FARMASI INDUSTRI,E-Purchasing,Barang,Belanja Obat-Obatan Puskesmas Caringin,COMPLETED,12597790,12597790
KAB. SUKABUMI,UPTD PUSKESMAS CIAMBAR - 1.02.0.00.0.00.01.0046,01KR5N5FCR48DCR7860GDRSVCW,65715590,2026,E-Katalog 6.0,BLUD,IMFARMIND FARMASI INDUSTRI,E-Purchasing,Barang,Belanja Obat-obatan,COMPLETED,2747250,2747250
KAB. SUKABUMI,UPTD PUSKESMAS CICANTAYAN - 1.02.0.00.0.00.01.0051,01KN3D6TEFTM9XCJ2SZEYNY809,65438298,2026,E-Katalog 6.0,BLUD,BERNOFARM,E-Purchasing,Barang,Belanja Obat-Obatan Puskesmas Cicantayan Tahun 2026,COMPLETED,12811620,12811620
KAB. SUKABUMI,UPTD PUSKESMAS BOJONGGENTENG - 1.02.0.00.0.00.01.0040,01KVSJ17P8HMK88WC75FM46JQM,65549461,2026,E-Katalog 6.0,BLUD,IMFARMIND FARMASI INDUSTRI,E-Purchasing,Barang,Belanja Bahan Obat - Obatan,ON PROCESS,1398600,1398600
KAB. SUKABUMI,UPTD PUSKESMAS NAGRAK - 1.02.0.00.0.00.01.0048,01KS90QXE4Z5358YCAR7Z5TY0B,65361864,2026,E-Katalog 6.0,BLUD,MARIN LIZA FARMASI,E-Purchasing,Barang,belanja barang pakai habis- belanja obat-obatan,ON PROCESS,1438560,1438560
KAB. SUKABUMI,UPTD PUSKESMAS CISAAT - 1.02.0.00.0.00.01.0053,01KPMVJC996VNEAQYPN0TB01X2,64692007,2026,E-Katalog 6.0,BLUD,SOLOCONE INDUSTRY,E-Purchasing,Barang,Belanja Bahan Habis Pakai Alat Kesehatan (BHP Medis) Puskesmas Cisaat TA. 2026,COMPLETED,3774000,3774000
KAB. SUKABUMI,UPTD PUSKESMAS CIJANGKAR - 1.02.0.00.0.00.01.0011,01KJ4CRVWTCNE5X8QJKF8BSX98,65507006,2026,E-Katalog 6.0,BLUD,RAJA ALKES MEDIKA,E-Purchasing,Barang,Belanja Obat-Obatan-Obat-Obatan Lainnya Puskesmas Cijangkar,COMPLETED,1684980,1684980
KAB. SUKABUMI,UOBK RSUD PALABUHANRATU - 1.02.0.00.0.00.01.0001,01KJFBCP96DWYEA09XEVKPTPBE,64613160,2026,E-Katalog 6.0,BLUD,KENANGA UTAMA PERMAI,E-Purchasing,Barang,Belanja Bahan/Alat Medis Pakai Habis (BMHP) Farmasi,ON PROCESS,39294000,39294000
KAB. SUKABUMI,UPTD PUSKESMAS CISAAT - 1.02.0.00.0.00.01.0053,01KNKA4P97AKXP1BGT5HMPVBEH,64691552,2026,E-Katalog 6.0,BLUD,ERLANGGA EDI LABORATORIES,E-Purchasing,Barang,Belanja Belanja Obat-Obatan-Obat Puskesmas Cisaat TA. 2026,COMPLETED,2297034,2297034
KAB. SUKABUMI,DINAS PERDAGANGAN DAN PERINDUSTRIAN - 3.31.3.29.3.30.01.0000,10820056000,63905390,2026,Non Tender,APBD,PT.BINA MUDA KONSULTAN,Pengadaan Langsung,Jasa Konsultansi Badan Usaha Konstruksi,Jasa Konsultansi Perencanaan Pembuatan TPS Pasar Jampangkulon,SELESAI,3818400,3818400
KAB. SUKABUMI,DINAS PARIWISATA - 3.26.3.26.3.26.01.0000,01KHWG6W68CPAETEJRWKYVC6TM,65675586,2026,E-Katalog 6.0,APBD,CIPTA BUMI PERSADA,E-Purchasing,Barang,Belanja Alat/Bahan untuk Kegiatan Kantor-Alat Listrik,ON PROCESS,13141179,13141179
KAB. SUKABUMI,DINAS PEKERJAAN UMUM - 1.03.0.00.0.00.01.0000,10886446000,66622177,2026,Non Tender,APBD,HIBAR GUMILANG,Pengadaan Langsung,Pekerjaan Konstruksi,Daerah Irigasi Sarongge Desa Pawenang Kecamatan Nagrak,SELESAI,295750564,295750564
KAB. SUKABUMI,DINAS PEKERJAAN UMUM - 1.03.0.00.0.00.01.0000,01KTG64N8RWYWVYJ9AY4A2HE3X,67111329,2026,E-Katalog 6.0,APBD,SAKTI PERKASA,E-Purchasing,Barang,Pengadaan Peralatan dan Mesin Lainnya (Pengadaan Alat Perlengkapan Kantor),ON PROCESS,174682920,174682920
KAB. SUKABUMI,UOBK RSUD SEKARWANGI - 1.02.0.00.0.00.01.0002,01KJ4QGP7AX7N8BQ3NMEE7J9PJ,64458398,2026,E-Katalog 6.0,BLUD,SACHIA AYUNDA GROUP,E-Purchasing,Barang,Belanja Modal Alat Rumah Tangga Lainnya (Home Use),ON PROCESS,110549340,110549340
KAB. SUKABUMI,DINAS PERTANIAN - 3.27.2.09.0.00.01.0000,10840824000,63468848,2026,Non Tender,APBD,CV. NAYRA CAHAYA KONSTRUKSI,Pengadaan Langsung,Pekerjaan Konstruksi,Persediaan Untuk Dijual/Diserahkan Lainnya - Jaringan Irigasi Pertanian Kec. Cidadap Desa Padasenang Poktan Sari Mukti,SELESAI,184462252,184462252
KAB. SUKABUMI,UPTD PUSKESMAS NYALINDUNG - 1.02.0.00.0.00.01.0010,01KKG4QD06C2QFR1GE9CSP75EV,66077337,2026,E-Katalog 6.0,BLUD,NOVAPHARIN,E-Purchasing,Barang,Belanja Obat-Obatan-Obat - Puskesmas Nyalindung,COMPLETED,2796090,2796090
KAB. SUKABUMI,KECAMATAN CIREUNGHAS - 7.01.0.00.0.00.18.0000,01KJGK9ZNY9MSPZT24717DN45E,65614253,2026,E-Katalog 6.0,APBD,MAJU JAYA,E-Purchasing,Barang,Pengadaan Peralatan dan Mesin Lainnya,ON PROCESS,29803500,29803500
KAB. SUKABUMI,UOBK RSUD SEKARWANGI - 1.02.0.00.0.00.01.0002,01KQE3PRAWWE2HR8F6XS5RHTCX,63077986,2026,E-Katalog 6.0,BLUD,KENANGA UTAMA PERMAI,E-Purchasing,Barang,Belanja Bahan - Bahan Lainnya (BMHP Farmasi),ON PROCESS,16938356,16938356
KAB. SUKABUMI,DINAS PERTANIAN - 3.27.2.09.0.00.01.0000,10861587000,65032281,2026,Non Tender,APBD,PT. Palabuhan Agro Makmur,Pengadaan Langsung,Pengadaan Barang,Belanja Barang untuk Dijual/Diserahkan kepada Pihak Ketiga/Pihak Lain : Pengadaan Benih Tembakau Kegiatan Dukungan Sarana dan Prasarana Usaha Tani Tembakau,SELESAI,9720000,0
KAB. SUKABUMI,DINAS PERDAGANGAN DAN PERINDUSTRIAN - 3.31.3.29.3.30.01.0000,10814277000,63905365,2026,Non Tender,APBD,PT. SPECTRA ARZA INTERPLAN,Pengadaan Langsung,Jasa Konsultansi Badan Usaha Non Konstruksi,Jasa Konsultansi Perencanaan Perbaikan Atap dan Talang Pasar Cicurug,SELESAI,6500882,6500882
KAB. SUKABUMI,UPTD PUSKESMAS NAGRAK - 1.02.0.00.0.00.01.0048,01KH8BASSFBNNTMKJ28E4381AD,65314538,2026,E-Katalog 6.0,BLUD,ETERNITY RAMA MEDIKA,E-Purchasing,Barang,Belanja Modal alat kedokteran lainnya,COMPLETED,1898100,0
KAB. SUKABUMI,DINAS KESEHATAN - 1.02.0.00.0.00.01.0000,10889742000,66862132,2026,Non Tender,APBD,CV. TIGA PERKASA,Pengadaan Langsung,Pekerjaan Konstruksi,Rehabilitasi Puskesmas Pembantu [Pustu] Ciseupan Desa Boyongsari Bantargadung,SELESAI,192928000,192928000
KAB. SUKABUMI,UOBK RSUD SEKARWANGI - 1.02.0.00.0.00.01.0002,01KKNF4SXZBSRH06HPT9GXRB7Z,63077986,2026,E-Katalog 6.0,BLUD,JAYAMAS MEDICA INDUSTRI,E-Purchasing,Barang,Belanja Bahan - Bahan Lainnya (BMHP Farmasi),ON PROCESS,9654780,9654780
KAB. SUKABUMI,UOBK RSUD SEKARWANGI - 1.02.0.00.0.00.01.0002,01KVB3V6HTVW75ACQ3Z7JRA57M,63079700,2026,E-Katalog 6.0,BLUD,MITSUBISHI TANABE PHARMA INDONESIA,E-Purchasing,Barang,Belanja Obat-obatan-Obat,ON PROCESS,1011876,1011876
KAB. SUKABUMI,DINAS PERIKANAN - 3.25.0.00.0.00.01.0000,10800447000,65394666,2026,Non Tender,APBD,DIKA SEJAHTERA ABADI,Pengadaan Langsung,Pengadaan Barang,Pengadaan bantuan sarana usaha perikanan tangkap KUB DUA PUTRA 7,SELESAI,133855000,0
KAB. SUKABUMI,DINAS PERUMAHAN DAN KAWASAN PERMUKIMAN - 1.03.1.04.2.11.01.0000,10930911000,67376568,2026,Non Tender,APBD,CV. SANDRA BUANA,Pengadaan Langsung,Pekerjaan Konstruksi,Jalan Lingkungan Kecamatan Pelabuhanratu Desa Citarik Rt006-Rw007,BERLANGSUNG,192239240,192239240
KAB. SUKABUMI,UPTD PUSKESMAS CICURUG - 1.02.0.00.0.00.01.0044,01KKAXHDNX5BV4Y2W11BK6V70M,65369032,2026,E-Katalog 6.0,BLUD,HEXPHARM JAYA LABORATORIES,E-Purchasing,Barang,Belanja Persediaan Bahan Obat - Obatan ,PAYMENT OUTSIDE SYSTEM,3546450,3546450
KAB. SUKABUMI,DINAS PEKERJAAN UMUM - 1.03.0.00.0.00.01.0000,10868518000,66622112,2026,Non Tender,APBD,cv.indomeida,Pengadaan Langsung,Pekerjaan Konstruksi,Daerah Irigasi Cilebaksiuh Desa Sukamaju Kecamatan Kadudampit,SELESAI,281144554,281144554
KAB. SUKABUMI,DINAS PEKERJAAN UMUM - 1.03.0.00.0.00.01.0000,10824997000,64821928,2026,Non Tender,APBD,Cv. Harmoni karya,Pengadaan Langsung,Jasa Konsultansi Badan Usaha Non Konstruksi,DED Daerah Irigasi Cisekarwangi Desa Sekarwangi Kecamatan Cibadak,SELESAI,99428250,99428250
KAB. SUKABUMI,DINAS PERTANIAN - 3.27.2.09.0.00.01.0000,10758817000,64122680,2026,Non Tender,APBD,ANUGRAH CIPTA CONSULTANT,Pengadaan Langsung,Jasa Konsultansi Badan Usaha Konstruksi,Persediaan Untuk Dijual/Diserahkan Lainnya -Konsultan perencanaan dam parit,SELESAI,14593170,14593170
KAB. SUKABUMI,UOBK RSUD SEKARWANGI - 1.02.0.00.0.00.01.0002,01KVCQVHJXSXPFRR7AB7VK6KCN,64454066,2026,E-Katalog 6.0,BLUD,BAHAGIA,E-Purchasing,Barang,Belanja Modal Mebel,ON PROCESS,15262500,15262500
KAB. SUKABUMI,UPTD PUSKESMAS CIDAHU - 1.02.0.00.0.00.01.0043,01KHJ9KN46ZXW4WF76RW6TTR5W,65441224,2026,E-Katalog 6.0,BLUD,WIZAR JAYA ABADI,E-Purchasing,Barang,Belanja Modal Personal Komputer puskesmas cidahu,PAYMENT OUTSIDE SYSTEM,34188000,34188000
KAB. SUKABUMI,UPTD PUSKESMAS GIRIJAYA - 1.02.0.00.0.00.01.0047,01KK882A1ZQTG6K30RD7R1J9ZW,65623732,2026,E-Katalog 6.0,BLUD,ZAYIN ZAHIRA,E-Purchasing,Barang," Belanja Alat / Bahan untuk Kegiatan Kantor- Bahan Cetak ",COMPLETED,2709288,2709288
KAB. SUKABUMI,UOBK RSUD SEKARWANGI - 1.02.0.00.0.00.01.0002,01KT3637JDCG52GAKRDPM7ESQZ,63079700,2026,E-Katalog 6.0,BLUD,DEXA MEDICA,E-Purchasing,Barang,Belanja Obat-obatan-Obat,ON PROCESS,20799979,0
KAB. SUKABUMI,UPTD RSUD SAGARANTEN - 1.02.0.00.0.00.01.0063,01KN45V20S88XWDCPP32MQ542F,66214509,2026,E-Katalog 6.0,APBD,TIARA AGUNG PRATAMA,E-Purchasing,Barang,Belanja BHP Laboratorium RSUD Sagaranten,PAYMENT OUTSIDE SYSTEM,52057359,52057359
KAB. SUKABUMI,UOBK RSUD SEKARWANGI - 1.02.0.00.0.00.01.0002,01KREDZVY1TP89DZ6K55DRY987,63079700,2026,E-Katalog 6.0,BLUD,INFION,E-Purchasing,Barang,Belanja Obat-obatan-Obat,ON PROCESS,13852800,13852800
KAB. SUKABUMI,DINAS PEKERJAAN UMUM - 1.03.0.00.0.00.01.0000,01KS55JEANSYKB24Z2JP38ZEGA,67142148,2026,E-Katalog 6.0,APBD,SADULUR SAJATI,E-Purchasing,Barang,Belanja Alat/Bahan untuk Kegiatan Kantor-Alat Tulis Kantor,ON PROCESS,15064920,15064920
KAB. SUKABUMI,UPTD PUSKESMAS CURUGKEMBAR - 1.02.0.00.0.00.01.0016,01KQ9DC0YVR6F5DE6H2HXTRSHG,66467169,2026,E-Katalog 6.0,BLUD,PERUSAHAAN PERSEROAN (PERSERO) PT KIMIA FARMA,E-Purchasing,Barang,Belanja Obat-Obatan-Obat UPTD Puskesmas Curugkembar,ON PROCESS,399600,399600
KAB. SUKABUMI,UOBK RSUD SEKARWANGI - 1.02.0.00.0.00.01.0002,01KKJVV33GV6GVQ301ZTBNMWWF,63077986,2026,E-Katalog 6.0,BLUD,BINA ARTHA SEMESTA,E-Purchasing,Barang,Belanja Bahan - Bahan Lainnya (BMHP Farmasi),ON PROCESS,8907750,0
KAB. SUKABUMI,UOBK RSUD PALABUHANRATU - 1.02.0.00.0.00.01.0001,01KC6T7SW8MVHFM85B6MWMMJYG,64622587,2026,E-Katalog 6.0,BLUD,MENARA MEDIKA PRATAMA,E-Purchasing,Barang,Belanja Obat - Obatan,PAYMENT OUTSIDE SYSTEM,80840579,80840579
KAB. SUKABUMI,DINAS PERHUBUNGAN - 2.15.0.00.0.00.01.0000,01KH98QN4CSQ7ZQNFJ2PE7ARFZ,64706839,2026,E-Katalog 6.0,APBD,TRAMAK KARYA JAYA,E-Purchasing,Jasa Lainnya,Pembangunan PJU di Wilayah Desa Perbawati Kecamatan Sukabumi (9 Titik),ON PROCESS,143056800,143056800
KAB. SUKABUMI,UPTD RSUD SAGARANTEN - 1.02.0.00.0.00.01.0063,01KNGHY3M6VTR4A3ADQJP60DGG,66214509,2026,E-Katalog 6.0,APBD,TIARA AGUNG PRATAMA,E-Purchasing,Barang,Belanja BHP Laboratorium RSUD Sagaranten,ON PROCESS,46197894,46197894
KAB. SUKABUMI,BADAN PENGELOLA KEUANGAN DAN ASET DAERAH - 5.02.0.00.0.00.01.0000,01KRJBYW6FPSG5J9Q0G4FDM2NP,67139811,2026,E-Katalog 6.0,APBD,BELA JAYA RASA,E-Purchasing,Barang,Penyediaan Peralatan Rumah Tangga,ON PROCESS,39950010,39950010
KAB. SUKABUMI,UPTD PUSKESMAS CIKIDANG - 1.02.0.00.0.00.01.0037,01KQRZW8WNWK8ZYN228H6C0FP6,65984460,2026,E-Katalog 6.0,BLUD,ZAYIN ZAHIRA,E-Purchasing,Barang,Belanja Alat / Bahan untuk Kegiatan Kantor-Perabot Kantor UPTD Puskesmas Cikidang,COMPLETED,9223767,9223767
KAB. SUKABUMI,DINAS PERDAGANGAN DAN PERINDUSTRIAN - 3.31.3.29.3.30.01.0000,01KHMPCK114G0P6XWG7R4A0K3N,65609452,2026,E-Katalog 6.0,APBD,KENJIB JAYA BERSAMA,E-Purchasing,Barang,Belanja Modal Personal Computer,PAYMENT OUTSIDE SYSTEM,59801250,0
KAB. SUKABUMI,DINAS PERIKANAN - 3.25.0.00.0.00.01.0000,10821357000,65962578,2026,Non Tender,APBD,CV. Pondasi Alam Prima,Pengadaan Langsung,Pekerjaan Konstruksi,Pemeliharaan Depo Arsip,SELESAI,99419270,99419270
KAB. SUKABUMI,UOBK RSUD SEKARWANGI - 1.02.0.00.0.00.01.0002,01KJ5AMA93ZF9G1SVHHZ18EJG0,63077986,2026,E-Katalog 6.0,BLUD,BINA ARTHA SEMESTA,E-Purchasing,Barang,Belanja Bahan - Bahan Lainnya (BMHP Farmasi),ON PROCESS,69819000,0
KAB. SUKABUMI,DINAS PERUMAHAN DAN KAWASAN PERMUKIMAN - 1.03.1.04.2.11.01.0000,10914354000,65761243,2026,Non Tender,APBD,BONNY CIPTA PRIMA,Pengadaan Langsung,Pekerjaan Konstruksi,Jalan Lingkungan Kp. Belbar Rw.01 Desa Pasirhalang Kecamatan Sukaraja Kab. Sukabumi,SELESAI,191588277,191588277
KAB. SUKABUMI,UPTD PUSKESMAS NAGRAK - 1.02.0.00.0.00.01.0048,01KS9179RX4KQNC87G2QWABRJ1,65361864,2026,E-Katalog 6.0,BLUD,DAYA MUDA AGUNG,E-Purchasing,Barang,belanja barang pakai habis- belanja obat-obatan,ON PROCESS,1665000,1665000
KAB. SUKABUMI,"DINAS KEBUDAYAAN, PEMUDA DAN OLAHRAGA - 2.22.2.19.0.00.01.0000",01KFX9BN0FBBTCV1TVXR270RV8,64195670,2026,E-Katalog 6.0,APBD,ARKASA PUTRA PRATAMA,E-Purchasing,Barang,Belanja Modal Alat Pendingin,PAYMENT OUTSIDE SYSTEM,29748000,29748000
KAB. SUKABUMI,UOBK RSUD SEKARWANGI - 1.02.0.00.0.00.01.0002,01KTT6CE3DBNC90W69C13NA62B,63079700,2026,E-Katalog 6.0,BLUD,MEGA LIFESCIENCES INDONESIA,E-Purchasing,Barang,Belanja Obat-obatan-Obat,ON PROCESS,16493490,16493490
KAB. SUKABUMI,UPTD PUSKESMAS CIDAHU - 1.02.0.00.0.00.01.0043,01KKGR15CTB1B8VSQFVJG9HXDN,66401527,2026,E-Katalog 6.0,BLUD,TIARA AGUNG PRATAMA,E-Purchasing,Barang,Belanja Modal Alat Kedokteran Umum puskesmas cidahu,PAYMENT OUTSIDE SYSTEM,5802386,5802386
KAB. SUKABUMI,DINAS PERUMAHAN DAN KAWASAN PERMUKIMAN - 1.03.1.04.2.11.01.0000,01KTB0WPFMWQ1WZS69WNQDFGYB,66605140,2026,E-Katalog 6.0,APBD,SAKTI PERKASA,E-Purchasing,Barang,Pengadaan Peralatan Kebersihan,ON PROCESS,48912150,48912150
KAB. SUKABUMI,UPTD PUSKESMAS JAMPANGKULON - 1.02.0.00.0.00.01.0027,01KRAD33DVNZ7DCEYC92ZVBEYZ,65602152,2026,E-Katalog 6.0,BLUD,MARIN LIZA FARMASI,E-Purchasing,Barang,Belanja Bahan Obat-obatan - BLUD Puskesmas Jampangkulon ,ON PROCESS,2860692,2860692
KAB. SUKABUMI,DINAS TENAGA KERJA DAN TRANSMIGRASI - 2.07.3.32.0.00.01.0000,01KKG6QBE5QXNVW9AKF8RNTEAJ,65352961,2026,E-Katalog 6.0,APBD,ARRAHMAN BERKAH ABADI,E-Purchasing,Barang,Belanja Alat/Bahan untuk Kegiatan Kantor- Kertas dan Cover,PAYMENT OUTSIDE SYSTEM,82251888,82251888
KAB. SUKABUMI,DINAS PERDAGANGAN DAN PERINDUSTRIAN - 3.31.3.29.3.30.01.0000,10928048000,63905340,2026,Non Tender,APBD,PT. Metrik Arsiplan Indonesia,Pengadaan Langsung,Jasa Konsultansi Badan Usaha Konstruksi,Jasa Konsultansi Pengawasan Pembuatan Kanopi/Auning Kantor Pasar Cisaat,BERLANGSUNG,2342100,2342100
KAB. SUKABUMI,UOBK RSUD PALABUHANRATU - 1.02.0.00.0.00.01.0001,01KKARRSPBG8HZ1XP2ZSE9HYCE,64622587,2026,E-Katalog 6.0,BLUD,DANKOS FARMA,E-Purchasing,Barang,Belanja Obat - Obatan,ON PROCESS,43257899,43257899
KAB. SUKABUMI,UPTD PUSKESMAS NAGRAK - 1.02.0.00.0.00.01.0048,01KPQ61GXBMAM2TM3QJB21WPKQ,65361864,2026,E-Katalog 6.0,BLUD,MARIN LIZA FARMASI,E-Purchasing,Barang,belanja barang pakai habis- belanja obat-obatan,COMPLETED,1287600,1287600
KAB. SUKABUMI,UPTD PUSKESMAS KARAWANG - 1.02.0.00.0.00.01.0003,01KVCGFGBD5HANY7J2A50DQWCE,66056530,2026,E-Katalog 6.0,BLUD,SETIA MEDIKA JAYA,E-Purchasing,Barang,Belanja Bahan Habis Pakai Medis PPK BLUD UPT Puskesmas Karawang Tahun 2026,ON PROCESS,3797044,3797044
KAB. SUKABUMI,UOBK RSUD SEKARWANGI - 1.02.0.00.0.00.01.0002,01KN3WD304MGG7X0JVJGZCA1XQ,63460557,2026,E-Katalog 6.0,BLUD,SODARA BERSAMA,E-Purchasing,Barang,Belanja Bahan-Bahan Lainnya (Pengolahan Makanan/gizi),ON PROCESS,185550264,185550264
KAB. SUKABUMI,UPTD RSUD SAGARANTEN - 1.02.0.00.0.00.01.0063,01KJY4JF3WZ5HHSHZS82TQ6TKT,65351651,2026,E-Katalog 6.0,APBD,OXY INDOMED,E-Purchasing,Barang,Belanja Nurse Call RSUD Sagaranten,ON PROCESS,317636000,0
KAB. SUKABUMI,UPTD RSUD SAGARANTEN - 1.02.0.00.0.00.01.0063,01KN0N53H8MQCC71H5XNMBCQ6F,66214509,2026,E-Katalog 6.0,APBD,TIARA AGUNG PRATAMA,E-Purchasing,Barang,Belanja BHP Laboratorium RSUD Sagaranten,PAYMENT OUTSIDE SYSTEM,59991615,0
KAB. SUKABUMI,"DINAS KEBUDAYAAN, PEMUDA DAN OLAHRAGA - 2.22.2.19.0.00.01.0000",10830773000,65839983,2026,Non Tender,APBD,CV. RIZKY PRATAMA MANDIRI,Pengadaan Langsung,Pekerjaan Konstruksi,Rehabilitasi Kamar Mandi (Toilet) Gedung Kantor,SELESAI,28922000,28922000
KAB. SUKABUMI,DINAS PERDAGANGAN DAN PERINDUSTRIAN - 3.31.3.29.3.30.01.0000,10766376000,64630619,2026,Non Tender,APBD,CV. ALUN UTAMA,Pengadaan Langsung,Jasa Lainnya,Belanja Pemeliharaan Alat Laboratorium Metrologi,SELESAI,49506000,49506000
KAB. SUKABUMI,UPTD PUSKESMAS CIRACAP - 1.02.0.00.0.00.01.0023,01KJ70S93D010MZ0JXHT7RFHTW,65631591,2026,E-Katalog 6.0,BLUD,NOVAPHARIN,E-Purchasing,Barang," Beban Obat-Obatan-Obat ",COMPLETED,5987340,5987340
KAB. SUKABUMI,UPTD PUSKESMAS CICURUG - 1.02.0.00.0.00.01.0044,01KTZEVME100F25ZK5GAD1DBBX,65369032,2026,E-Katalog 6.0,BLUD,HEXPHARM JAYA LABORATORIES,E-Purchasing,Barang,Belanja Persediaan Bahan Obat - Obatan ,ON PROCESS,2644020,2644020
KAB. SUKABUMI,UPTD PUSKESMAS CISAAT - 1.02.0.00.0.00.01.0053,01KP2KRER7QCBXYG4WPD4K63WZ,64692007,2026,E-Katalog 6.0,BLUD,KENANGA UTAMA PERMAI,E-Purchasing,Barang,Belanja Bahan Habis Pakai Alat Kesehatan (BHP Medis) Puskesmas Cisaat TA. 2026,COMPLETED,2331000,0
KAB. SUKABUMI,DINAS LINGKUNGAN HIDUP - 2.11.1.03.0.00.01.0000,01KKG4DPSW0QH10XZWFH14VP8H,66305620,2026,E-Katalog 6.0,APBD,AKASIA,E-Purchasing,Barang,Belanja Alat/Bahan untuk Kegiatan Kantor-Perlengkapan Dinas,ON PROCESS,367452180,367452180
KAB. SUKABUMI,KECAMATAN NYALINDUNG - 7.01.0.00.0.00.33.0000,01KTXGEWVFZMV2EGPV2SAFKYMQ,67175494,2026,E-Katalog 6.0,APBD,HADIL MAHASIN,E-Purchasing,Barang,Belanja Modal Peralatan dan Mesin,ON PROCESS,55944000,55944000
KAB. SUKABUMI,UPTD PUSKESMAS CURUGKEMBAR - 1.02.0.00.0.00.01.0016,01KTRW2W5TH6ZR168YWE21C7HX,66467169,2026,E-Katalog 6.0,BLUD,GLOBAL MULTI PHARMALAB,E-Purchasing,Barang,Belanja Obat-Obatan-Obat UPTD Puskesmas Curugkembar,ON PROCESS,2231100,2231100
KAB. SUKABUMI,DINAS PERUMAHAN DAN KAWASAN PERMUKIMAN - 1.03.1.04.2.11.01.0000,10930690000,65761371,2026,Non Tender,APBD,CV. RAKSA DIVA JAGARAKSA WWA,Pengadaan Langsung,Pekerjaan Konstruksi,Jalan Lingkungan Kp. Cibatu Rt. 01 - 05 Rw.01 Desa Cibatu,SELESAI,119052362,119052362
KAB. SUKABUMI,DINAS PERUMAHAN DAN KAWASAN PERMUKIMAN - 1.03.1.04.2.11.01.0000,10875253000,65763039,2026,Non Tender,APBD,CV. LAKSANA ABADI,Pengadaan Langsung,Pekerjaan Konstruksi,Drainase Kp Pasir Tengah Rt 004 Rw 008 Desa Pasirpanjang Kecamatan Ciracap,SELESAI,95817705,95817705
KAB. SUKABUMI,UOBK RSUD SEKARWANGI - 1.02.0.00.0.00.01.0002,01KS4TBWTASFPP7PGNWCMQE6BC,63077986,2026,E-Katalog 6.0,BLUD,INTI PURNABAKTI GLOBAL,E-Purchasing,Barang,Belanja Bahan - Bahan Lainnya (BMHP Farmasi),ON PROCESS,30777014,30777014
KAB. SUKABUMI,"DINAS KEBUDAYAAN, PEMUDA DAN OLAHRAGA - 2.22.2.19.0.00.01.0000",01KRXTTEZ4F2WNYP2A13EEDQ19,67155515,2026,E-Katalog 6.0,APBD,ARKASA PUTRA PRATAMA,E-Purchasing,Barang," Pengadaan Perlengkapan Olahraga POPWILDA ",ON PROCESS,77283750,77283750
KAB. SUKABUMI,UOBK RSUD SEKARWANGI - 1.02.0.00.0.00.01.0002,01KVSHH89G2RS4N0S5D4ZXA16B,63077986,2026,E-Katalog 6.0,BLUD,DWIASRI GRAHA,E-Purchasing,Barang,Belanja Bahan - Bahan Lainnya (BMHP Farmasi),ON PROCESS,9384607,9384607
KAB. SUKABUMI,UOBK RSUD SEKARWANGI - 1.02.0.00.0.00.01.0002,01KHAT3CZ5GRYBAZXR8RGE4C87,63079700,2026,E-Katalog 6.0,BLUD,NOVARTIS INDONESIA,E-Purchasing,Barang,Belanja Obat-obatan-Obat,ON PROCESS,31855322,0
KAB. SUKABUMI,UOBK RSUD SEKARWANGI - 1.02.0.00.0.00.01.0002,01KP2M13KQ1WTQ1APCWECXNXGY,64454066,2026,E-Katalog 6.0,BLUD,BINTANG MEGAH PERSADA,E-Purchasing,Barang,Belanja Modal Mebel,ON PROCESS,124566500,124566500
KAB. SUKABUMI,UPTD PUSKESMAS PARUNGKUDA - 1.02.0.00.0.00.01.0042,01KVAS2WTZ4BRJ0PXHKE7P29HK,66289012,2026,E-Katalog 6.0,BLUD,INDO PRIANGAN KATULISTIWA,E-Purchasing,Barang,Belanja obat-obatan (obat) Parungkuda Parungkuda ,ON PROCESS,91455675,91455675
KAB. SUKABUMI,UPTD PUSKESMAS NYALINDUNG - 1.02.0.00.0.00.01.0010,01KQ966CZ8HDJ1AEGNZKM6KBX5,66077337,2026,E-Katalog 6.0,BLUD,TRIMAN,E-Purchasing,Barang,Belanja Obat-Obatan-Obat - Puskesmas Nyalindung,COMPLETED,1698300,1698300
KAB. SUKABUMI,UPTD PUSKESMAS BOJONGGENTENG - 1.02.0.00.0.00.01.0040,01KQBNS2PJH3B8WQ7D8535CFSR,65549461,2026,E-Katalog 6.0,BLUD,TRIMAN,E-Purchasing,Barang,Belanja Bahan Obat - Obatan,COMPLETED,2857140,2857140
KAB. SUKABUMI,UOBK RSUD SEKARWANGI - 1.02.0.00.0.00.01.0002,01KS7D4CK4DRD1NMWKWJETGB7X,63077986,2026,E-Katalog 6.0,BLUD,MUARA SAKTI,E-Purchasing,Barang,Belanja Bahan - Bahan Lainnya (BMHP Farmasi),ON PROCESS,56257020,56257020
KAB. SUKABUMI,UPTD RSUD SAGARANTEN - 1.02.0.00.0.00.01.0063,01KJVDZNDNPHTYTE0ZX6FJZS63,65379667,2026,E-Katalog 6.0,APBD,PRADANA SIRONA PERSADA,E-Purchasing,Barang,Belanja Alat Kedokteran Umum RSUD Sagaranten,ON PROCESS,80434000,80434000
KAB. SUKABUMI,BADAN KEPEGAWAIAN DAN PENGEMBANGAN SUMBER DAYA MANUSIA - 5.03.5.04.0.00.01.0000,01KQYQES4PMSHZ4Y73A00S3ZZ0,64490814,2026,E-Katalog 6.0,APBD,SAKTI PERKASA,E-Purchasing,Jasa Lainnya,Belanja Pakaian/Perlengkapan Dinas dan Pakaian Batik Tradisional,ON PROCESS,74458800,74458800
KAB. SUKABUMI,SEKRETARIAT DAERAH - 4.01.0.00.0.00.01.0000,10858545000,67081683,2026,Non Tender,APBD,panca bumi inovasi konsultan,Pengadaan Langsung,Jasa Lainnya,Pembuatan Aplikasi SIAP BANG!,SELESAI,26862000,26862000
KAB. SUKABUMI,DINAS PEKERJAAN UMUM - 1.03.0.00.0.00.01.0000,10850925000,66743280,2026,Non Tender,APBD,cv muhazzab fauzi mandiri,Pengadaan Langsung,Pekerjaan Konstruksi,Ruas Jalan Kopeng - Cipetir Kecamatan Kadudampit,SELESAI,373711651,373711651
KAB. SUKABUMI,DINAS PERUMAHAN DAN KAWASAN PERMUKIMAN - 1.03.1.04.2.11.01.0000,10832767000,66933085,2026,Non Tender,APBD,CV.RANIA PUTRI LAUT,Pengadaan Langsung,Pekerjaan Konstruksi,Jalan Lingkungan Rt003-Rw008 Desa Karawang Kecamatan Sukabumi,SELESAI,191236986,191236986
KAB. SUKABUMI,DINAS PERTANIAN - 3.27.2.09.0.00.01.0000,10873545000,64123388,2026,Non Tender,APBD,CV. TIRTA MENTARI,Pengadaan Langsung,Jasa Konsultansi Badan Usaha Konstruksi,Persediaan Untuk Dijual/Diserahkan Lainnya - Konsultan pengawasan pipanisasi/perpipaan,SELESAI,9768000,9768000
KAB. SUKABUMI,DINAS PERDAGANGAN DAN PERINDUSTRIAN - 3.31.3.29.3.30.01.0000,10916354000,66761418,2026,Non Tender,APBD,THREE SI Consultant,Pengadaan Langsung,Jasa Konsultansi Badan Usaha Konstruksi,"Pembuatan Perencanaan untuk 3 (Tiga) Pekerjaan Pembangunan Gapura Sentra IKM di Kecamatan Kadudampit, Cicantayan dan Palabuhanratu",SELESAI,14550000,14550000
KAB. SUKABUMI,UPTD PUSKESMAS KALAPANUNGGAL - 1.02.0.00.0.00.01.0039,01KKN27EM5X2Q2TZG4M0P5EYMR,66278202,2026,E-Katalog 6.0,BLUD,KENANGA UTAMA PERMAI,E-Purchasing,Barang,Belanja Bahan-Bahan Lainnya,ON PROCESS,16096110,16096110
KAB. SUKABUMI,SEKRETARIAT DAERAH - 4.01.0.00.0.00.01.0000,10792893000,66089570,2026,Non Tender,APBD,CV. Madani Printing Sukabumi,Pengadaan Langsung,Pengadaan Barang,Belanja Alat/Bahan untuk Kegiatan Kantor- Bahan Cetak,SELESAI,170400000,170400000
KAB. SUKABUMI,DINAS PERIKANAN - 3.25.0.00.0.00.01.0000,10781511000,65386316,2026,Non Tender,APBD,CV. WAHANA INOVASI CONSULTANT,Pengadaan Langsung,Jasa Konsultansi Badan Usaha Konstruksi,Konsultan Perencana Pembangunan Gudang Aset,SELESAI,11877000,11877000
KAB. SUKABUMI,UPTD PUSKESMAS GEGERBITUNG - 1.02.0.00.0.00.01.0009,01KKT7TNSY59ZWQM4P24SNMS5T,66377843,2026,E-Katalog 6.0,APBD,TRIMAN,E-Purchasing,Barang,Belanja Obat Obatan Puskesmas Gegerbitung Tahun Anggaran 2026,COMPLETED,8044725,8044725
KAB. SUKABUMI,DINAS PENDIDIKAN - 1.01.0.00.0.00.01.0000,10796891000,66036968,2026,Non Tender,APBD,CV. A CONSULTAN,Pengadaan Langsung,Jasa Konsultansi Badan Usaha Konstruksi,Jasa Konsultan Perencanaan Rehabilitasi Sedang / Berat Ruang Kelas SD Wilayah 4,SELESAI,21792720,21792720
KAB. SUKABUMI,UOBK RSUD SEKARWANGI - 1.02.0.00.0.00.01.0002,01KJA5R8P0ZQBNYF8JB2ZG2E3Z,63079700,2026,E-Katalog 6.0,BLUD,FERRON PAR PHARMACEUTICALS,E-Purchasing,Barang,Belanja Obat-obatan-Obat,ON PROCESS,6303290,6303290
KAB. SUKABUMI,UPTD PUSKESMAS CARINGIN - 1.02.0.00.0.00.01.0052,01KS06MMDTZG9CRTEM17XHGQNQ,65659019,2026,E-Katalog 6.0,BLUD,KENCANA INSAN MANDIRI,E-Purchasing,Barang,Belanja Alat/Bahan untuk Kegiatan Kantor-Alat Tulis Kantor Puskesmas Caringin,COMPLETED,21941925,21941925
KAB. SUKABUMI,KECAMATAN WARUNGKIARA - 7.01.0.00.0.00.46.0000,01KSHCAWG2CW6K3HMH92Y8CZJD,67211186,2026,E-Katalog 6.0,APBD,ALAMGIR HAKLI INDONESIA,E-Purchasing,Barang,Alat Pendingin,ON PROCESS,27494700,27494700
KAB. SUKABUMI,DINAS PEMADAM KEBAKARAN DAN PENYELAMATAN - 1.05.0.00.0.00.01.0000,01KRYZWK70VCCS9NDWTAHCA2TV,66010519,2026,E-Katalog 6.0,APBD,KARYA PUTRA SUBANGJAYA,E-Purchasing,Jasa Lainnya,Belanja Pemeliharaan Kendaraan Bermotor Khusus (Mobil Pemadam Kebakaran),ON PROCESS,29708040,29708040
KAB. SUKABUMI,UPTD PUSKESMAS WARUNGKIARA - 1.02.0.00.0.00.01.0030,01KV4N8EWQX962KE7D237FE1E7,66149364,2026,E-Katalog 6.0,BLUD,MULAWARMAN KESADA MEDICALINDO,E-Purchasing,Barang,Belanja Bahan Medis Habis Pakai Puskesmas Warungkiara,ON PROCESS,1776000,1776000
KAB. SUKABUMI,DINAS SOSIAL - 1.06.0.00.0.00.01.0000,10913109000,67285385,2026,Non Tender,APBD,CV. RANAA PERSADA,Pengadaan Langsung,Pekerjaan Konstruksi,Pemeliharaan Gedung Kantor Dinas Sosial,SELESAI,34766350,34766350
KAB. SUKABUMI,BADAN KEPEGAWAIAN DAN PENGEMBANGAN SUMBER DAYA MANUSIA - 5.03.5.04.0.00.01.0000,01KN0V1QMK3Z2CHB77A0DGRG6E,63544432,2026,E-Katalog 6.0,APBD,VIANIE,E-Purchasing,Jasa Lainnya,Belanja Jamuan Panitia Pelaksanaan Penyerahan SK Pengangkatan ASN dan Pengambilan Sumpah ASN,PAYMENT OUTSIDE SYSTEM,905000,905000
KAB. SUKABUMI,UPTD PUSKESMAS CIAMBAR - 1.02.0.00.0.00.01.0046,01KR5KEVDJWCBXC71KR8MHANZY,65715590,2026,E-Katalog 6.0,BLUD,HARBAT FARMA,E-Purchasing,Barang,Belanja Obat-obatan,COMPLETED,4528800,4528800
KAB. SUKABUMI,DINAS PERUMAHAN DAN KAWASAN PERMUKIMAN - 1.03.1.04.2.11.01.0000,10894257000,67216161,2026,Non Tender,APBD,CV. Rizki Kurnia,Pengadaan Langsung,Pekerjaan Konstruksi,Drainase Kp nangela RT 01 /02 Desa Hegarmanah Kec Cicantayan,SELESAI,93342525,93342525
KAB. SUKABUMI,DINAS LINGKUNGAN HIDUP - 2.11.1.03.0.00.01.0000,10283341000,42015959,2026,Swakelola,APBD,ANNISA NUR WARDANI,,,Belanja Perjalanan Dinas Dalam Kota,PAKET SEDANG BERJALAN,356000,0
KAB. SUKABUMI,UPTD PUSKESMAS PURABAYA - 1.02.0.00.0.00.01.0012,01KH867N6M1RM54G3EZJ8W4BQY,65223405,2026,E-Katalog 6.0,BLUD,LINDUNG INTI FARMA,E-Purchasing,Barang,Belanja Pengadaan Obat-obatan Lainnya (BMHP) UPTD Puskesmas Purabaya ,PAYMENT OUTSIDE SYSTEM,1348300,1348300
KAB. SUKABUMI,UPTD PUSKESMAS SELAJAMBE - 1.02.0.00.0.00.01.0054,01KPX14B209CX545NA7RN2V871,65998350,2026,E-Katalog 6.0,BLUD,TRIFA RAYA LABORATORIES,E-Purchasing,Barang,Belanja Bahan Obat-obatan ( BLUD ),COMPLETED,2546784,2546784
KAB. SUKABUMI,DINAS PERTANIAN - 3.27.2.09.0.00.01.0000,10800314000,63468807,2026,Non Tender,APBD,CV. DIAN MANDIRI,Pengadaan Langsung,Pekerjaan Konstruksi,Persediaan Untuk Dijual/Diserahkan Lainnya - Jaringan Irigasi Pertanian Kec. Bantargadung Desa Limusnunggal Poktan Pasir Angin,SELESAI,231054448,231054448
KAB. SUKABUMI,BADAN KEPEGAWAIAN DAN PENGEMBANGAN SUMBER DAYA MANUSIA - 5.03.5.04.0.00.01.0000,01KG1MJ6DQ2ADQK04BY22QS8ZG,63976702,2026,E-Katalog 6.0,APBD,BERKAH DWI RASA,E-Purchasing,Jasa Lainnya,Belanja Makanan dan Minuman Pelatihan Teknis Pengelolaan Keuangan Angkatan I dan II,PAYMENT OUTSIDE SYSTEM,114655000,114655000
KAB. SUKABUMI,DINAS PERHUBUNGAN - 2.15.0.00.0.00.01.0000,01KMQBVC6RXPDDD0XA1XWR6MKW,64706822,2026,E-Katalog 6.0,APBD,BINTANG GROUP,E-Purchasing,Jasa Lainnya,Pembangunan PJU di Wilayah Kec. Simpenan dan Palabuhanratu (31 Titik),ON PROCESS,494127600,494127600
KAB. SUKABUMI,DINAS KETAHANAN PANGAN - 2.09.2.09.2.09.01.0000,01KP314NNSEMWGM78G29126T5V,66897206,2026,E-Katalog 6.0,APBD,CIPTA BUMI PERSADA,E-Purchasing,Barang,Penyediaan Komponen Instalasi Listrik,PAYMENT OUTSIDE SYSTEM,6438140,6438140
KAB. SUKABUMI,UOBK RSUD PALABUHANRATU - 1.02.0.00.0.00.01.0001,01KJA1QX80HYYRQBF4KF1HT0CY,64622587,2026,E-Katalog 6.0,BLUD,ETERCON PHARMA,E-Purchasing,Barang,Belanja Obat - Obatan,ON PROCESS,1118081,1118081
KAB. SUKABUMI,DINAS PENGENDALIAN PENDUDUK DAN KELUARGA BERENCANA - 2.14.0.00.0.00.01.0000,10811324000,65928287,2026,Non Tender,APBD,Cv. Harmoni karya,Pengadaan Langsung,Jasa Konsultansi Badan Usaha Konstruksi,Jasa Konsultan Pengawasan Rehabilitasi Gedung Kantor DPPKB Kabupaten Sukabumi,SELESAI,16838000,16838000
KAB. SUKABUMI,DINAS ARSIP DAN PERPUSTAKAAN - 2.24.2.23.0.00.01.0000,01KPZ8YBAB80BE7HMYPTNMKGRE,63949008,2026,E-Katalog 6.0,APBD,RUSYDA,E-Purchasing,Barang,Belanja Modal Personal Computer,ON PROCESS,29803500,29803500
KAB. SUKABUMI,UOBK RSUD SEKARWANGI - 1.02.0.00.0.00.01.0002,01KKJEB565844MTSA59BM02R66,63077986,2026,E-Katalog 6.0,BLUD,TERUMO INDONESIA,E-Purchasing,Barang,Belanja Bahan - Bahan Lainnya (BMHP Farmasi),ON PROCESS,3149392,0
KAB. SUKABUMI,UPTD PUSKESMAS WALURAN - 1.02.0.00.0.00.01.0026,01KTJSX48371V4PFK7X4EQ5PJW,67262733,2026,E-Katalog 6.0,BLUD,TRIMAN,E-Purchasing,Barang,BELANJA OBAT - OBATAN KEGIATAN DANA BLUD PUSKESMAS WALURAN,ON PROCESS,17696730,17696730
KAB. SUKABUMI,UOBK RSUD SEKARWANGI - 1.02.0.00.0.00.01.0002,01KREEDRSJXDYAYMHKZQ0YMED5,63079700,2026,E-Katalog 6.0,BLUD,SYDNA FARMA,E-Purchasing,Barang,Belanja Obat-obatan-Obat,ON PROCESS,29302890,0
KAB. SUKABUMI,UPTD PUSKESMAS CIJANGKAR - 1.02.0.00.0.00.01.0011,01KBKRM73M2S5VNZYRDYKYDP77,65515296,2026,E-Katalog 6.0,BLUD,INDO PRIANGAN KATULISTIWA,E-Purchasing,Barang,Belanja Obat-Obatan-Obat Puskesmas Cijangkar,COMPLETED,3140190,3140190
KAB. SUKABUMI,DINAS PEKERJAAN UMUM - 1.03.0.00.0.00.01.0000,10916542000,67329239,2026,Non Tender,APBD,CV. KARYA TILU SOBAT,Pengadaan Langsung,Pekerjaan Konstruksi,Pembuatan TPT Ruas Jalan Citepus - Cikurutug Kecamatan Palabuhanratu,SELESAI,147015003,147015003
KAB. SUKABUMI,UOBK RSUD SEKARWANGI - 1.02.0.00.0.00.01.0002,10811587000,66659285,2026,Non Tender,BLUD,CV.NAHARDIKA,Pengadaan Langsung,Jasa Konsultansi Badan Usaha Konstruksi,Jasa konsultansi pengawasan Renovasi Gedung ICU,SELESAI,19300000,19300000
KAB. SUKABUMI,DINAS KEPENDUDUKAN DAN PENCATATAN SIPIL - 2.12.0.00.0.00.01.0000,01KJ1VCM7WPYVA767CEDX1MD5A,64093639,2026,E-Katalog 6.0,APBD,AFKARA PUTRA MULTIMEDIA,E-Purchasing,Jasa Lainnya,Belanja Ribbon KIA ( Entrust KIA ),PAYMENT OUTSIDE SYSTEM,90345005,0
KAB. SUKABUMI,UPTD PUSKESMAS JAMPANGKULON - 1.02.0.00.0.00.01.0027,01KRABXYTV6WYEHC7SSGJ5GTPN,65602152,2026,E-Katalog 6.0,BLUD,IMFARMIND FARMASI INDUSTRI,E-Purchasing,Barang,Belanja Bahan Obat-obatan - BLUD Puskesmas Jampangkulon ,ON PROCESS,3427680,3427680
KAB. SUKABUMI,UPTD PUSKESMAS CISAAT - 1.02.0.00.0.00.01.0053,01KT5KK1RV5AMEXJW3DH9FPCWQ,64691552,2026,E-Katalog 6.0,BLUD,HARBAT FARMA,E-Purchasing,Barang,Belanja Belanja Obat-Obatan-Obat Puskesmas Cisaat TA. 2026,ON PROCESS,4162500,4162500
KAB. SUKABUMI,UPTD PUSKESMAS CISAAT - 1.02.0.00.0.00.01.0053,01KRDED81CM1NEDGE6Q72C9J0J,64691552,2026,E-Katalog 6.0,BLUD,INDO PRIANGAN KATULISTIWA,E-Purchasing,Barang,Belanja Belanja Obat-Obatan-Obat Puskesmas Cisaat TA. 2026,ON PROCESS,7747800,7747800
KAB. SUKABUMI,UPTD PUSKESMAS BOJONGGENTENG - 1.02.0.00.0.00.01.0040,01KMN8XRYKDY24WTGZ5AZS1NE6,66126994,2026,E-Katalog 6.0,BLUD,KENCANA INSAN MANDIRI,E-Purchasing,Barang,Belanja Alat / Bahan untuk Kegiatan Kantor-Alat / Bahan untuk Kegiatan Kantor Lainnya,COMPLETED,70635,70635
KAB. SUKABUMI,UPTD PUSKESMAS CIDAHU - 1.02.0.00.0.00.01.0043,01KTWCCT9ESM0PEAEJAAGK46SF,66401527,2026,E-Katalog 6.0,BLUD,ETERNITY RAMA MEDIKA,E-Purchasing,Barang,Belanja Modal Alat Kedokteran Umum puskesmas cidahu,COMPLETED,1237650,1237650
KAB. SUKABUMI,UPTD PUSKESMAS CIEMAS - 1.02.0.00.0.00.01.0024,01KMYDPK2ZEJFCCKGCKDS6VHB0,64332479,2026,E-Katalog 6.0,BLUD,KHALISH BRILLIANT PERSADA,E-Purchasing,Barang,"Pengadaan Belanja Modal Peralatan dan Mesin,Belanja modal alat kesehatan umum lainnya (BLUD Puskesmas Ciemas)",PAYMENT OUTSIDE SYSTEM,6882000,6882000
KAB. SUKABUMI,DINAS PERTANIAN - 3.27.2.09.0.00.01.0000,10769978000,63838629,2026,Non Tender,APBD,CV. KARUNIA ABADI KONSULTAN,Pengadaan Langsung,Jasa Konsultansi Badan Usaha Konstruksi,Belanja Modal Bangunan Gedung Kantor (Jasa Konsultan Perencanaan Rehab BBI),SELESAI,4440000,4440000
KAB. SUKABUMI,DINAS LINGKUNGAN HIDUP - 2.11.1.03.0.00.01.0000,10803836000,64487393,2026,Non Tender,APBD,CV. WAHANA INOVASI CONSULTANT,Pengadaan Langsung,Jasa Konsultansi Badan Usaha Konstruksi,Penyusunan DED Sarana dan Prasarana TPA Kadaleman,SELESAI,99622500,99622500
KAB. SUKABUMI,SEKRETARIAT DAERAH - 4.01.0.00.0.00.01.0000,01KP3QDBHNX2W77ZGA72C5GGGP,66275668,2026,E-Katalog 6.0,APBD,HADIL MAHASIN,E-Purchasing,Barang,Belanja Alat/Bahan untuk Kegiatan Kantor-Alat Tulis Kantor,PAYMENT OUTSIDE SYSTEM,113708689,113708689
KAB. SUKABUMI,DINAS KETAHANAN PANGAN - 2.09.2.09.2.09.01.0000,01KPT9DBXE883H418QGK405WBQ,66985466,2026,E-Katalog 6.0,APBD,PURNAMA LABORATORY,E-Purchasing,Barang,Belanja Modal Alat Laboratorium Lain,ON PROCESS,13504880,13504880
KAB. SUKABUMI,DINAS PERDAGANGAN DAN PERINDUSTRIAN - 3.31.3.29.3.30.01.0000,10857306000,63905369,2026,Non Tender,APBD,CV. FADHILLAH,Pengadaan Langsung,Pekerjaan Konstruksi,Pekerjaan Pembuatan Tangga Kantor Pasar Jampangtengah,SELESAI,62449052,62449052
KAB. SUKABUMI,DINAS PEKERJAAN UMUM - 1.03.0.00.0.00.01.0000,10902850000,66621888,2026,Non Tender,APBD,CV. TIGA PERKASA,Pengadaan Langsung,Pekerjaan Konstruksi,Daerah Irigasi Tirtabakti Desa Kadununggal Kecamatan Kalapanunggal,SELESAI,282337622,282337622
KAB. SUKABUMI,DINAS PERTANIAN - 3.27.2.09.0.00.01.0000,10818138000,63468861,2026,Non Tender,APBD,ABINESIA,Pengadaan Langsung,Pekerjaan Konstruksi,Persediaan Untuk Dijual/Diserahkan Lainnya - Jaringan Irigasi Pertanian Kec. Jampang Tengah Desa Panumbangan Poktan Sinar Harapan,SELESAI,138562896,138562896
KAB. SUKABUMI,UPTD PUSKESMAS CICURUG - 1.02.0.00.0.00.01.0044,01KPWRP90BWZZTYQ5XHNW1ZPPQ,66671915,2026,E-Katalog 6.0,BLUD,KHALISH BRILLIANT PERSADA,E-Purchasing,Barang,Belanja Alat Habis pakai Rumah Tangga ,PAYMENT OUTSIDE SYSTEM,3485400,3485400
KAB. SUKABUMI,"BADAN PERENCANAAN PEMBANGUNAN, RISET DAN INOVASI DAERAH - 5.01.5.05.0.00.01.0000",01KKDAG3FAGAPHJQCTJWHZASQ8,64614693,2026,E-Katalog 6.0,APBD,VIANIE,E-Purchasing,Jasa Lainnya,Belanja Makanan dan Minuman Rapat-Asistensi Bidang Sumber Daya Alam,PAYMENT OUTSIDE SYSTEM,2100000,2100000
KAB. SUKABUMI,DINAS PERHUBUNGAN - 2.15.0.00.0.00.01.0000,01KN410M5CTQBVPSQD5MRVBTPE,64706830,2026,E-Katalog 6.0,APBD,CITRA UTAMA,E-Purchasing,Jasa Lainnya," Pembangunan PJU di Wilayah Desa Cikangkung Kecamatan Ciracap (4 Titik)",ON PROCESS,63714000,63714000
KAB. SUKABUMI,DINAS PERUMAHAN DAN KAWASAN PERMUKIMAN - 1.03.1.04.2.11.01.0000,10817690000,65761425,2026,Non Tender,APBD,CV HELISFA RAHAYU KONSTRUKSI,Pengadaan Langsung,Pekerjaan Konstruksi,Pembangunan Sarana Air Bersih Rt005-Rw015 Desa Citepus Kecamatan Pelabuhanratu,SELESAI,195100699,195100699
KAB. SUKABUMI,UPTD PUSKESMAS GEGERBITUNG - 1.02.0.00.0.00.01.0009,01KNJTVZEVE48V09155HR2GD7H,66544716,2026,E-Katalog 6.0,BLUD,INDO PRIANGAN KATULISTIWA,E-Purchasing,Barang,Belanja Obat-Obatan-Obat,PAYMENT OUTSIDE SYSTEM,53908260,53908260
KAB. SUKABUMI,"BADAN PERENCANAAN PEMBANGUNAN, RISET DAN INOVASI DAERAH - 5.01.5.05.0.00.01.0000",01KGE0ZBT76RTQ3T81PTT6QH1Y,64567417,2026,E-Katalog 6.0,APBD,DERMA UTAMA ABADI,E-Purchasing,Jasa Lainnya,Belanja Makanan dan Minuman Rapat-Koordinasi Bidang Perekonomian,PAYMENT OUTSIDE SYSTEM,2100000,2100000
KAB. SUKABUMI,DINAS PERDAGANGAN DAN PERINDUSTRIAN - 3.31.3.29.3.30.01.0000,10820140000,63905360;63905361,2026,Non Tender,APBD,PT.BINA MUDA KONSULTAN,Pengadaan Langsung,Jasa Konsultansi Badan Usaha Konstruksi,Jasa Konsultansi Perencanaan Pembuatan TPS dan Tangga Kantor pasar Jampangtengah,SELESAI,6049500,6049500
KAB. SUKABUMI,UPTD PUSKESMAS BOJONGGENTENG - 1.02.0.00.0.00.01.0040,01KMMX87DCWTRSKP5EQ39EE9ZV,66126268,2026,E-Katalog 6.0,BLUD,KENCANA INSAN MANDIRI,E-Purchasing,Barang,Belanja Alat / Bahan untuk Kegiatan Kantor-Alat Tulis Kantor,COMPLETED,3805391,3805391
KAB. SUKABUMI,DINAS PERDAGANGAN DAN PERINDUSTRIAN - 3.31.3.29.3.30.01.0000,10857281000,63905389,2026,Non Tender,APBD,CV. Santoni,Pengadaan Langsung,Pekerjaan Konstruksi,Pekerjaan Pembangunan Drainase Pasar Jampangtengah,SELESAI,127519352,127519352
KAB. SUKABUMI,DINAS KESEHATAN - 1.02.0.00.0.00.01.0000,01KRZ9APZKC9X46PRM96GEX3HX,65613325,2026,E-Katalog 6.0,APBD,PERUSAHAAN PERSEROAN (PERSERO) PT. BIO FARMA DISINGKAT PT. BIO FARMA (PERSERO),E-Purchasing,Barang,Pengadaan Obat Pelayanan Kesehatan Dasar PKD (DAK NF),ON PROCESS,59523750,59523750
KAB. SUKABUMI,UOBK RSUD SEKARWANGI - 1.02.0.00.0.00.01.0002,01KFYZYN4JDCKVP06G50YG4YWP,63077986,2026,E-Katalog 6.0,BLUD,MEDTRONIC INDONESIA,E-Purchasing,Barang,Belanja Bahan - Bahan Lainnya (BMHP Farmasi),ON PROCESS,39960000,0
KAB. SUKABUMI,DINAS PENDIDIKAN - 1.01.0.00.0.00.01.0000,10873085000,66966447,2026,Non Tender,APBD,zara abadi pratama,Pengadaan Langsung,Pekerjaan Konstruksi,Rehabilitasi Toilet Beserta Sanitasinya SDN Karikil Kec.Cireunghas,SELESAI,79600266,79600266
KAB. SUKABUMI,DINAS KESEHATAN - 1.02.0.00.0.00.01.0000,01KRYWDZKBMQWAH952VRYMC1A6,65613325,2026,E-Katalog 6.0,APBD,PERUSAHAAN PERSEROAN (PERSERO) PT. BIO FARMA DISINGKAT PT. BIO FARMA (PERSERO),E-Purchasing,Barang,Pengadaan Obat Pelayanan Kesehatan Dasar PKD (DAK NF),ON PROCESS,14296800,14296800
KAB. SUKABUMI,DINAS PERUMAHAN DAN KAWASAN PERMUKIMAN - 1.03.1.04.2.11.01.0000,10933597000,67376757,2026,Non Tender,APBD,CV BINTANG MAS,Pengadaan Langsung,Pekerjaan Konstruksi,Pembangunan IPALD Kecamatan Sukaraja Desa Margaluyu Rt003-Rw010,BERLANGSUNG,188645104,188645104
KAB. SUKABUMI,DINAS SOSIAL - 1.06.0.00.0.00.01.0000,01KNS6J1PEYK3XJ9TTTJTR4992,65236866,2026,E-Katalog 6.0,APBD,PUTERA CIBOLANG,E-Purchasing,Barang,Pengadaan Barang Fasilitas Penampungan Bagi Pengungsi,ON PROCESS,33039150,33039150
KAB. SUKABUMI,UPTD PUSKESMAS GEGERBITUNG - 1.02.0.00.0.00.01.0009,01KR099E2PMRY5T5CJT0GZ5YH0,66628986,2026,E-Katalog 6.0,BLUD,PERUSAHAAN PERSEROAN (PERSERO) PT KIMIA FARMA,E-Purchasing,Barang,Belanja Bahan Obat-obatan UPTD Puskesmas Cireunghas,ON PROCESS,6360196,6360196
KAB. SUKABUMI,UPTD PUSKESMAS WARUNGKIARA - 1.02.0.00.0.00.01.0030,01KTQX5AA853D0CCSFFRPQA9FH,66149364,2026,E-Katalog 6.0,BLUD,INNOVATION HEALTHCARE INDONESIA,E-Purchasing,Barang,Belanja Bahan Medis Habis Pakai Puskesmas Warungkiara,ON PROCESS,31898898,0
KAB. SUKABUMI,UOBK RSUD SEKARWANGI - 1.02.0.00.0.00.01.0002,10813076000,66582987,2026,Non Tender,BLUD,CV. Pelangi Group,Pengadaan Langsung,Pekerjaan Konstruksi,Pelebaran Selasar Poli Rawat Jalan,SELESAI,49658000,49658000
KAB. SUKABUMI,UPTD PUSKESMAS GIRIJAYA - 1.02.0.00.0.00.01.0047,01KHQAG2HJWW2NKHZ5Y05AKKB3,65623807,2026,E-Katalog 6.0,BLUD,TRIMAN,E-Purchasing,Barang," Belanja Obat-Obatan-Obat ",COMPLETED,4363410,4363410
KAB. SUKABUMI,DINAS PERTANIAN - 3.27.2.09.0.00.01.0000,10818170000,63468788,2026,Non Tender,APBD,CV. AR. ALGHIFARI,Pengadaan Langsung,Pekerjaan Konstruksi,Persediaan Untuk Dijual/Diserahkan Lainnya - Jaringan Irigasi Pertanian Kec. Lengkong Desa Tegallega Poktan Sinar Harapan,SELESAI,92044069,92044069
KAB. SUKABUMI,DINAS PERHUBUNGAN - 2.15.0.00.0.00.01.0000,01KJYA02DG4GV6BC86578M03J7,64750074,2026,E-Katalog 6.0,APBD,CIPTA BUMI PERSADA,E-Purchasing,Barang,Belanja Alat/Bahan untuk Kegiatan Kantor-Alat Listrik - Lampu ,PAYMENT OUTSIDE SYSTEM,14763000,14763000
KAB. SUKABUMI,UOBK RSUD SEKARWANGI - 1.02.0.00.0.00.01.0002,01KSECNTKG812NGQ222153YC2Z,63079700,2026,E-Katalog 6.0,BLUD,SIMEX PHARMACEUTICAL INDONESIA,E-Purchasing,Barang,Belanja Obat-obatan-Obat,ON PROCESS,11988000,11988000
KAB. SUKABUMI,DINAS PERUMAHAN DAN KAWASAN PERMUKIMAN - 1.03.1.04.2.11.01.0000,10930915000,67376669,2026,Non Tender,APBD,KAFADA KARYA,Pengadaan Langsung,Pekerjaan Konstruksi,Jalan Lingkungan Desa Margaluyu Kecamatan Sukaraja RT002-RW009,BERLANGSUNG,192372981,192372981
KAB. SUKABUMI,UPTD PUSKESMAS GEGERBITUNG - 1.02.0.00.0.00.01.0009,01KQ91SCTM259BRR5KR0M2V7XJ,66274346,2026,E-Katalog 6.0,BLUD,INDO PRIANGAN KATULISTIWA,E-Purchasing,Barang,Belanja Bahan Lainnya - BLUD UPTD Puskesmas Kebonpedes,COMPLETED,1610610,1610610
KAB. SUKABUMI,DINAS PEKERJAAN UMUM - 1.03.0.00.0.00.01.0000,10840205000,66751172,2026,Non Tender,APBD,CV JAYANTI BERKARYA,Pengadaan Langsung,Pekerjaan Konstruksi,Pembuatan Plat Beton Ruas Jalan Jampangkulon - Cikaso Kecamatan Jampangkulon,SELESAI,98193863,98193863
KAB. SUKABUMI,DINAS PERHUBUNGAN - 2.15.0.00.0.00.01.0000,01KJCPXEMEA3Q8WBZKBSXPZFN6,64706873,2026,E-Katalog 6.0,APBD,FADHILLAH,E-Purchasing,Jasa Lainnya,Pembangunan PJU di Wilayah Kec. Gegerbitung (12 Titik),ON PROCESS,191208600,191208600
KAB. SUKABUMI,UPTD PUSKESMAS CICURUG - 1.02.0.00.0.00.01.0044,01KPF2JERYGSHXBJKP779KD9C7,66671915,2026,E-Katalog 6.0,BLUD,KHALISH BRILLIANT PERSADA,E-Purchasing,Barang,Belanja Alat Habis pakai Rumah Tangga ,PAYMENT OUTSIDE SYSTEM,12265500,12265500
KAB. SUKABUMI,DINAS PERUMAHAN DAN KAWASAN PERMUKIMAN - 1.03.1.04.2.11.01.0000,10816200000,65761381,2026,Non Tender,APBD,CV. FIKRI PRIMA PERKASA,Pengadaan Langsung,Pekerjaan Konstruksi,Jalan Lingkungan Kp. Parungseah Lamri Rw.07 Desa Parungseah Kecamatan Sukabumi,SELESAI,191480636,191480636
KAB. SUKABUMI,DINAS PERTANIAN - 3.27.2.09.0.00.01.0000,10801655000,63468864,2026,Non Tender,APBD,CV TIARA ABADI,Pengadaan Langsung,Pekerjaan Konstruksi,Persediaan Untuk Dijual/Diserahkan Lainnya - Jaringan Irigasi Pertanian Kec. Cisolok Desa Sukarame Poktan Subur Makmur,SELESAI,149581490,149581490
KAB. SUKABUMI,DINAS PERTANIAN - 3.27.2.09.0.00.01.0000,10843683000,63468760,2026,Non Tender,APBD,CV. RILEQ KONSTRUKSI,Pengadaan Langsung,Pekerjaan Konstruksi,Persediaan Untuk Dijual/Diserahkan Lainnya - Jaringan Irigasi Pertanian Kec. Surade Desa Buniwangi Poktan Cisarua,SELESAI,230881163,230881163
KAB. SUKABUMI,KECAMATAN CIDADAP - 7.01.0.00.0.00.09.0000,01KS5J6BR7S5C7H5WB48FT9NZS,67165695,2026,E-Katalog 6.0,APBD,WIZAR JAYA ABADI,E-Purchasing,Barang,Belanja Pengadaan Peralatan dan Mesin Kecamatan Cidadap Kabupaten Sukabumi Tahun 2026,PAYMENT OUTSIDE SYSTEM,51026700,51026700
KAB. SUKABUMI,UOBK RSUD SEKARWANGI - 1.02.0.00.0.00.01.0002,01KK0ZHS0NTB9723PQ17ABFXR5,63460557,2026,E-Katalog 6.0,BLUD,MITRA CAHAYA PUTRIE,E-Purchasing,Barang,Belanja Bahan-Bahan Lainnya (Pengolahan Makanan/gizi),ON PROCESS,2221893750,2221893750
KAB. SUKABUMI,DINAS PEKERJAAN UMUM - 1.03.0.00.0.00.01.0000,10840231000,66751670,2026,Non Tender,APBD,CV ALTHAF JAYA,Pengadaan Langsung,Pekerjaan Konstruksi,Pembuatan Bahu Beton Ruas Jalan Jampangkulon - Cikaso Kecamatan Jampangkulon,SELESAI,196148775,196148775
KAB. SUKABUMI,UPTD PUSKESMAS WARUNGKIARA - 1.02.0.00.0.00.01.0030,01KTN44HK57VQ1E5F9EDTZGYQN,66149364,2026,E-Katalog 6.0,BLUD,LIKUID PHARMALAB INDONESIA,E-Purchasing,Barang,Belanja Bahan Medis Habis Pakai Puskesmas Warungkiara,ON PROCESS,2533131,2533131
KAB. SUKABUMI,DINAS KESEHATAN - 1.02.0.00.0.00.01.0000,10856466000,65538002,2026,Non Tender,APBD,CV. TIRTA MENTARI,Pengadaan Langsung,Jasa Konsultansi Badan Usaha Konstruksi,Belanja Jasa Konsultansi Perencanaan Rehabilitasi Puskesmas,SELESAI,26085000,26085000
KAB. SUKABUMI,"DINAS KOMUNIKASI, INFORMATIKA DAN PERSANDIAN - 2.16.2.21.2.20.01.0000",10855393000,66009547,2026,Non Tender,APBD,cv. sadulur sajati,Pengadaan Langsung,Jasa Lainnya,Belanja Alat/Bahan untuk Kegiatan Kantor-Persediaan Dokumen/Administrasi Tender - Cetak Buku Profil Daerah Kabupaten Sukabumi - Sub Kegiatan Peningkatan Kualitas Statistik Sektoral,SELESAI,59600000,59600000
KAB. SUKABUMI,DINAS PEKERJAAN UMUM - 1.03.0.00.0.00.01.0000,10828934000,66752920,2026,Non Tender,APBD,CV. BAEHAQIE,Pengadaan Langsung,Pekerjaan Konstruksi,Pembuatan TPT Ruas Jalan Anwari Kecamatan Palabuhanratu,SELESAI,111791196,111791196
KAB. SUKABUMI,DINAS PERTANIAN - 3.27.2.09.0.00.01.0000,10800553000,63468836,2026,Non Tender,APBD,CV. DEMI KARYA,Pengadaan Langsung,Pekerjaan Konstruksi,Persediaan Untuk Dijual/Diserahkan Lainnya - Jaringan Irigasi Pertanian Kec. Surade Desa Gunungsungging Poktan Mulya Tani,SELESAI,199888409,199888409
KAB. SUKABUMI,UPTD PUSKESMAS CIKAKAK - 1.02.0.00.0.00.01.0035,01KQ966BKKVZ3KA1VWCNRAMZVP,65506343,2026,E-Katalog 6.0,BLUD,INDO PRIANGAN KATULISTIWA,E-Purchasing,Barang,Belanja Obat-obatan- Obat-Obatan Lainnya (BMHP Medis) UPTD Puskesmas CIkakak Tahun 2026,ON PROCESS,10545000,10545000
KAB. SUKABUMI,DINAS PERTANIAN - 3.27.2.09.0.00.01.0000,10818155000,63468830,2026,Non Tender,APBD,CV. Jaya Mitra,Pengadaan Langsung,Pekerjaan Konstruksi,Persediaan Untuk Dijual/Diserahkan Lainnya - Jaringan Irigasi Pertanian Kec. Simpenan Desa Cidadap Poktan Babakan Wareng,SELESAI,184789904,184789904
KAB. SUKABUMI,DINAS PEKERJAAN UMUM - 1.03.0.00.0.00.01.0000,10803052000,66368112,2026,Non Tender,APBD,CV. NAYRA CAHAYA KONSTRUKSI,Pengadaan Langsung,Pekerjaan Konstruksi,Ruas Jalan Purwasari - Ciambar Kecamatan Ciambar,SELESAI,372879217,372879217
KAB. SUKABUMI,DINAS PEKERJAAN UMUM - 1.03.0.00.0.00.01.0000,10928791000,67311956,2026,Non Tender,APBD,CV. KUJANG KEMBAR,Pengadaan Langsung,Pekerjaan Konstruksi,Ruas Jalan Cibatu - Cihingkik Kecamatan Cisaat,SELESAI,187073889,187073889
KAB. SUKABUMI,DINAS PERUMAHAN DAN KAWASAN PERMUKIMAN - 1.03.1.04.2.11.01.0000,10849980000,65763037,2026,Non Tender,APBD,CV TIGA PERKASA KONSTRUKSI,Pengadaan Langsung,Pekerjaan Konstruksi,Drainase Kp. Tangkil Rt. 04/02 Desa Gunungendut Kec. Kalalpanungal Kab. Sukabumi,SELESAI,95822982,95822982
KAB. SUKABUMI,UOBK RSUD SEKARWANGI - 1.02.0.00.0.00.01.0002,01KS7CRYJ84AWWXD0K6QDHQCSJ,63077986,2026,E-Katalog 6.0,BLUD,DWIASRI GRAHA,E-Purchasing,Barang,Belanja Bahan - Bahan Lainnya (BMHP Farmasi),ON PROCESS,9437879,9437879
KAB. SUKABUMI,UPTD PUSKESMAS GEGERBITUNG - 1.02.0.00.0.00.01.0009,01KNRRH9H20CRBT89V64TXBJ3Q,66274569,2026,E-Katalog 6.0,BLUD,RAJA ALKES MEDIKA,E-Purchasing,Barang,Belanja Modal Alat Kedokteran Umum Lainnya - BLUD UPTD Puskesmas Kebonpedes,COMPLETED,23008080,23008080
KAB. SUKABUMI,UPTD PUSKESMAS CITARIK - 1.02.0.00.0.00.01.0032,01KWGH6QPGPGXCTR0N2GDEMR36,65505780,2026,E-Katalog 6.0,BLUD,PT ADYA ARTHA ABADI TANGERANG,E-Purchasing,Barang,Belanja Obat Puskesmas Citarik (e-Catalog),ON PROCESS,1662225,1662225
KAB. SUKABUMI,DINAS PERUMAHAN DAN KAWASAN PERMUKIMAN - 1.03.1.04.2.11.01.0000,10931265000,65763198,2026,Non Tender,APBD,CV. RAKSA DIVA JAGARAKSA WWA,Pengadaan Langsung,Pekerjaan Konstruksi,Pembangunan Sarana Air Bersih Pipanisasi Kp. Cijolang Rt.003 Rw.005 Desa Parakanlima Kec.Cikembar,BERLANGSUNG,195166897,195166897
KAB. SUKABUMI,UPTD PUSKESMAS CIKAKAK - 1.02.0.00.0.00.01.0035,01KSH9BZC88XBRB1EBNK235PJJ,65505795,2026,E-Katalog 6.0,BLUD,INDO PRIANGAN KATULISTIWA,E-Purchasing,Barang,Belanja Obat-obatan- Obat UPTD Puskesmas Cikakak Tahun 2026,ON PROCESS,34626450,34626450
KAB. SUKABUMI,UPTD PUSKESMAS CICURUG - 1.02.0.00.0.00.01.0044,01KRZ1TCT4S0180B496BBCZ33F,66672595,2026,E-Katalog 6.0,BLUD,ABADINUSA USAHASEMESTA,E-Purchasing,Barang,Belanja Modal Pengadaan Peralatan dan Mesin - Pengadaan Alat Kedokteran,PAYMENT OUTSIDE SYSTEM,26757505,26757505
KAB. SUKABUMI,UOBK RSUD SEKARWANGI - 1.02.0.00.0.00.01.0002,01KTB1VSY6A1PJCPA95HBF2T1G,66650036,2026,E-Katalog 6.0,BLUD,SACHIA AYUNDA GROUP,E-Purchasing,Barang,Belanja Persediaan Dalam Proses-Persediaan Dalam Proses: Belanja Linen,ON PROCESS,252193460,252193460
KAB. SUKABUMI,UPTD PUSKESMAS CURUGKEMBAR - 1.02.0.00.0.00.01.0016,01KTS0F04Q8761NA72V0EPCF13,66467169,2026,E-Katalog 6.0,BLUD,NOVAPHARIN,E-Purchasing,Barang,Belanja Obat-Obatan-Obat UPTD Puskesmas Curugkembar,ON PROCESS,3979961,3979961
KAB. SUKABUMI,DINAS PERDAGANGAN DAN PERINDUSTRIAN - 3.31.3.29.3.30.01.0000,10857190000,63905387,2026,Non Tender,APBD,CV. FADHILLAH,Pengadaan Langsung,Pekerjaan Konstruksi,Pekerjaan Pembangunan Drainase Pusat Oleh-oleh Jampangkulon,SELESAI,142571990,142571990
KAB. SUKABUMI,UPTD PUSKESMAS BANTARGADUNG - 1.02.0.00.0.00.01.0031,01KNGGPAYFAP20JPMT4SXGFZ72,66286510,2026,E-Katalog 6.0,BLUD,HEXPHARM JAYA LABORATORIES,E-Purchasing,Barang,Belanja bahan obat-obatan (Puskesmas Bantargadung),ON PROCESS,1186368,1186368
KAB. SUKABUMI,DINAS PERUMAHAN DAN KAWASAN PERMUKIMAN - 1.03.1.04.2.11.01.0000,10875206000,65763175,2026,Non Tender,APBD,CV. ALFA HPD,Pengadaan Langsung,Pekerjaan Konstruksi,"Pembangunan Sarana Air Bersih Kp. Margamulya Rt.001/Rw.002, Kec Ciemas Kab. Sukabumi, Kab. Sukabumi",SELESAI,390981725,390981725
KAB. SUKABUMI,DINAS PERHUBUNGAN - 2.15.0.00.0.00.01.0000,10817485000,64749103,2026,Non Tender,APBD,CV. RILEQ KONSTRUKSI,Pengadaan Langsung,Pekerjaan Konstruksi,Belanja Modal Pagar,SELESAI,81284398,81284398
KAB. SUKABUMI,DINAS PERTANIAN - 3.27.2.09.0.00.01.0000,10869595000,64122683,2026,Non Tender,APBD,CV. PALAGRI,Pengadaan Langsung,Pekerjaan Konstruksi,Persediaan Untuk Dijual/Diserahkan Lainnya - DAM Parit Kec. Cidahu Desa Jayabakti Poktan Tani Mukti,SELESAI,184153187,184153187
KAB. SUKABUMI,DINAS KESEHATAN - 1.02.0.00.0.00.01.0000,01KS4TMJ6N5Y2ACR04W5FA626A,65613325,2026,E-Katalog 6.0,APBD,ASIA MEDIKA NUSANTARA,E-Purchasing,Barang,Pengadaan Obat Pelayanan Kesehatan Dasar PKD (DAK NF),ON PROCESS,73260000,73260000
KAB. SUKABUMI,UOBK RSUD SEKARWANGI - 1.02.0.00.0.00.01.0002,01KJ489F30CAD7BJB493WPF54Y,64985408,2026,E-Katalog 6.0,BLUD,DRAEGER MEDICAL INDONESIA,E-Purchasing,Barang,Belanja Modal Alat Kedokteran Umum,ON PROCESS,930000000,930000000
KAB. SUKABUMI,UPTD PUSKESMAS CIMANGGU - 1.02.0.00.0.00.01.0029,01KNTSC0YYKNP55C9KFBFYCQBQ,66293424,2026,E-Katalog 6.0,BLUD,INDO PRIANGAN KATULISTIWA,E-Purchasing,Barang,Belanja Obat-Obatan-Obat-Obatan Lainnya BLUD Puskesmas Cimanggu Tahun 2026,COMPLETED,11571639,11571639
KAB. SUKABUMI,UOBK RSUD SEKARWANGI - 1.02.0.00.0.00.01.0002,01KK1768X8C2D7WR2A4H68B3CY,63079700,2026,E-Katalog 6.0,BLUD,HEXPHARM JAYA LABORATORIES,E-Purchasing,Barang,Belanja Obat-obatan-Obat,ON PROCESS,49483769,49483769
KAB. SUKABUMI,UOBK RSUD SEKARWANGI - 1.02.0.00.0.00.01.0002,01KQEJFX9F25A9NBHCWZMJ17NE,66987423,2026,E-Katalog 6.0,BLUD,RADIO SWARA DIAN IRAMA SHAKTI,E-Purchasing,Jasa Lainnya,"Belanja Jasa Iklan/Reklame, Film, dan Pemotretan: Kerjasama dengan RADIO",ON PROCESS,27739967,27739967
KAB. SUKABUMI,DINAS PERUMAHAN DAN KAWASAN PERMUKIMAN - 1.03.1.04.2.11.01.0000,10875240000,65763051,2026,Non Tender,APBD,CV. GUNUNG CIPADUNG PERKASA,Pengadaan Langsung,Pekerjaan Konstruksi,Drainase Kp Cikokosan Rt.006 Rw.005 Desa Pasirpanjang Kecamatan Ciracap,SELESAI,95631130,95631130
KAB. SUKABUMI,UPTD PUSKESMAS BOJONGGENTENG - 1.02.0.00.0.00.01.0040,01KMSG8AX47VG04BM7EYWXMJ1Q,65549667,2026,E-Katalog 6.0,BLUD,KENCANA INSAN MANDIRI,E-Purchasing,Jasa Lainnya,Belanja Alat/Bahan untuk Kegiatan Kantor- Bahan Cetak,COMPLETED,2442000,2442000
KAB. SUKABUMI,UOBK RSUD SEKARWANGI - 1.02.0.00.0.00.01.0002,01KHMYYY68014865QKB8EMYYYG,63079700,2026,E-Katalog 6.0,BLUD,BERNOFARM,E-Purchasing,Barang,Belanja Obat-obatan-Obat,ON PROCESS,34792062,34792062
KAB. SUKABUMI,DINAS PERTANIAN - 3.27.2.09.0.00.01.0000,10758819000,64123386,2026,Non Tender,APBD,CV. PANDAWA MULTI REKAYASA,Pengadaan Langsung,Jasa Konsultansi Badan Usaha Konstruksi,Persediaan Untuk Dijual/Diserahkan Lainnya - Konsultan perencanaan pipanisasi/perpipaan,SELESAI,14565420,14565420
KAB. SUKABUMI,UPTD PUSKESMAS GIRIJAYA - 1.02.0.00.0.00.01.0047,01KN3SG9Q15QEQR9SACWTV9AE7,65623807,2026,E-Katalog 6.0,BLUD,IMFARMIND FARMASI INDUSTRI,E-Purchasing,Barang," Belanja Obat-Obatan-Obat ",COMPLETED,652680,652680
KAB. SUKABUMI,UPTD PUSKESMAS CICURUG - 1.02.0.00.0.00.01.0044,01KTZGC8FV3QC5VTC2YDNRDCQK,65369032,2026,E-Katalog 6.0,BLUD,BERNOFARM,E-Purchasing,Barang,Belanja Persediaan Bahan Obat - Obatan ,ON PROCESS,13409910,13409910
KAB. SUKABUMI,"BADAN PERENCANAAN PEMBANGUNAN, RISET DAN INOVASI DAERAH - 5.01.5.05.0.00.01.0000",01KG432PCQN3ZXYYXR83KJ62PY,64598235,2026,E-Katalog 6.0,APBD,DERMA UTAMA ABADI,E-Purchasing,Jasa Lainnya,Belanja Makanan dan Minuman Rapat-Konsultasi Publik,PAYMENT OUTSIDE SYSTEM,16555000,16555000
KAB. SUKABUMI,DINAS PEKERJAAN UMUM - 1.03.0.00.0.00.01.0000,10136522000,66736423,2026,Tender,APBD,CV. Ciang Agung,Tender,Pekerjaan Konstruksi,Ruas Jalan Cibereum - Goalpara Kecamatan Sukaraja,SELESAI,459885962,459885962
KAB. SUKABUMI,DINAS PEKERJAAN UMUM - 1.03.0.00.0.00.01.0000,10916493000,66755281,2026,Non Tender,APBD,CV. MEKAR RAYA SEJATI,Pengadaan Langsung,Pekerjaan Konstruksi,Ruas Jalan Leuwicagak hilir - Minajaya Kecamatan Surade,SELESAI,344078973,344078973
KAB. SUKABUMI,DINAS PENDIDIKAN - 1.01.0.00.0.00.01.0000,10868265000,66053477,2026,Non Tender,APBD,Tri Putra Mandiri,Pengadaan Langsung,Jasa Konsultansi Badan Usaha Konstruksi,"Jasa Konsultan Pengawasan Pembangunan Sarana,Prasarana dan Utilitas Sekolah Wilayah 2",SELESAI,25112680,25112680
KAB. SUKABUMI,UPTD PUSKESMAS PARUNGKUDA - 1.02.0.00.0.00.01.0042,01KS184X5QTY0ESDQ91VKX2Z0Y,66289192,2026,E-Katalog 6.0,BLUD,ANTARA,E-Purchasing,Barang,Belanja cetak Puskesmas Parungkuda,COMPLETED,45568275,45568275
KAB. SUKABUMI,UPTD PUSKESMAS JAMPANGTENGAH - 1.02.0.00.0.00.01.0058,01KKDEPCZ560W8E6H3P930M0T7,65564675,2026,E-Katalog 6.0,BLUD,TRIMAN,E-Purchasing,Barang,Belanja Obat-obatan,COMPLETED,8774550,8774550
KAB. SUKABUMI,DINAS PEKERJAAN UMUM - 1.03.0.00.0.00.01.0000,10916318000,66767602,2026,Non Tender,APBD,CV. ANGGELL GEMILANG,Pengadaan Langsung,Pekerjaan Konstruksi,Ruas Jalan Purwasedar - Cibodas Kecamatan Jampangkulon,SELESAI,368926548,368926548
KAB. SUKABUMI,DINAS SOSIAL - 1.06.0.00.0.00.01.0000,01KP7S33S0V17M4M4HPTPWB4HB,66919976,2026,E-Katalog 6.0,APBD,RAJA ALKES MEDIKA,E-Purchasing,Barang,"Pengadaan Alat Bantu Fisik untuk Disabilitas Terlantar, Anak Terlantar, Lanjut Usia Terlantar",ON PROCESS,48070770,48070770
KAB. SUKABUMI,DINAS PEKERJAAN UMUM - 1.03.0.00.0.00.01.0000,10828940000,66752090,2026,Non Tender,APBD,CV JAYANTI BERKARYA,Pengadaan Langsung,Pekerjaan Konstruksi,Pembuatan Bahu Beton Ruas Jalan Citepus - Cikurutug Kecamatan Palabuhanratu,SELESAI,146490575,146490575
KAB. SUKABUMI,UPTD PUSKESMAS CIKIDANG - 1.02.0.00.0.00.01.0037,01KTDKEJET2B637F83MR0XEXKS,65984920,2026,E-Katalog 6.0,BLUD,ZOLA KARYA PUTRA,E-Purchasing,Barang,'Belanja Pakaian Dinas Harian (PDH) UPTD Puskesmas Cikidang,COMPLETED,11338650,11338650
KAB. SUKABUMI,DINAS PERHUBUNGAN - 2.15.0.00.0.00.01.0000,01KJEV5DY1519KT6D1FX23K9FX,64706809,2026,E-Katalog 6.0,APBD,TRISOLAH SUVARNA INDONESIA,E-Purchasing,Jasa Lainnya,Pembangunan PJU di Wilayah Kec. Purabaya (18 Titik),ON PROCESS,287279992,287279992
KAB. SUKABUMI,DINAS PEKERJAAN UMUM - 1.03.0.00.0.00.01.0000,10802988000,66284761,2026,Non Tender,APBD,CV AURA BANGUN PERSADA,Pengadaan Langsung,Pekerjaan Konstruksi,Pembuatan Bahu Beton Ruas Jalan Sukawayana - Sirnarasa Kecamatan Cikakak,SELESAI,97346856,97346856
KAB. SUKABUMI,UOBK RSUD SEKARWANGI - 1.02.0.00.0.00.01.0002,01KKJKZMWKJ224B9WNR9KSK8DE,63077986,2026,E-Katalog 6.0,BLUD,MEDIHOP,E-Purchasing,Barang,Belanja Bahan - Bahan Lainnya (BMHP Farmasi),ON PROCESS,47722896,47722896
KAB. SUKABUMI,UPTD PUSKESMAS CIKIDANG - 1.02.0.00.0.00.01.0037,01KTDFVDFSKKPAE0M611H4YYYC,66022126,2026,E-Katalog 6.0,BLUD,ZAYIN ZAHIRA,E-Purchasing,Barang,Belanja Modal Alat Kantor Lainnya UPTD Puskesmas Cikidang,COMPLETED,7326000,7326000
KAB. SUKABUMI,UOBK RSUD SEKARWANGI - 1.02.0.00.0.00.01.0002,01KRZC5Y9YBC9EWXC6MGYZV0XK,63460557,2026,E-Katalog 6.0,BLUD,SODARA BERSAMA,E-Purchasing,Barang,Belanja Bahan-Bahan Lainnya (Pengolahan Makanan/gizi),ON PROCESS,175000824,175000824
KAB. SUKABUMI,BADAN KEPEGAWAIAN DAN PENGEMBANGAN SUMBER DAYA MANUSIA - 5.03.5.04.0.00.01.0000,01KG1SH6M4WFZWE3GEABWCP8HB,63926345,2026,E-Katalog 6.0,APBD,EDRA AUSI AKBAR,E-Purchasing,Jasa Lainnya,Belanja Makanan dan Minuman Kegiatan Seleksi Terbuka JPT Pratama,PAYMENT OUTSIDE SYSTEM,25900000,25900000
KAB. SUKABUMI,UPTD PUSKESMAS CIJANGKAR - 1.02.0.00.0.00.01.0011,01KW8TD6RMN32V4CMTYXQ621TS,65515296,2026,E-Katalog 6.0,BLUD,BERNOFARM,E-Purchasing,Barang,Belanja Obat-Obatan-Obat Puskesmas Cijangkar,ON PROCESS,1038627,1038627
KAB. SUKABUMI,UPTD PUSKESMAS CIKAKAK - 1.02.0.00.0.00.01.0035,01KRWJ75Z0RBQFYCS5PBFM4MP8,66275886,2026,E-Katalog 6.0,BLUD,FURNAMA FURNITURE,E-Purchasing,Barang,Belanja Modal Alat Kantor Lainnya (Kipas Angin Portable dan Dispenser Air) UPTD Puskesmas Cikakak Tahun 2026,ON PROCESS,12121200,12121200
KAB. SUKABUMI,DINAS PERTANIAN - 3.27.2.09.0.00.01.0000,10758816000,63495001,2026,Non Tender,APBD,CV. TIRTA MENTARI,Pengadaan Langsung,Jasa Konsultansi Badan Usaha Konstruksi,Persediaan Untuk Dijual/Diserahkan Lainnya - Konsultan perencanaan jalan pertanian,SELESAI,29598150,29598150
KAB. SUKABUMI,DINAS PERUMAHAN DAN KAWASAN PERMUKIMAN - 1.03.1.04.2.11.01.0000,10844730000,66952565,2026,Non Tender,APBD,CV JASMINE FARM CIVIELBOUW,Pengadaan Langsung,Pekerjaan Konstruksi,"Pembangunan Sarana Air Bersih Kp Cicadas Rt 001/ Rw 001 Desa Caringin Nunggal Kec Waluran, Kab Sukabumi",SELESAI,391089461,391089461
KAB. SUKABUMI,DINAS LINGKUNGAN HIDUP - 2.11.1.03.0.00.01.0000,10884978000,64494040,2026,Non Tender,APBD,CV. WAHANA INOVASI CONSULTANT,Pengadaan Langsung,Jasa Konsultansi Badan Usaha Konstruksi,Belanja Modal Instalasi Pengolahan Sampah Lainnya - Jasa Konsultansi Perencanaan Pembangunan Kolam Lindi TPA Kadaleman,SELESAI,5938500,5938500
KAB. SUKABUMI,UOBK RSUD SEKARWANGI - 1.02.0.00.0.00.01.0002,10818344000,66649216,2026,Non Tender,BLUD,CV. DEMI KARYA,Pengadaan Langsung,Pekerjaan Konstruksi,Renovasi Ruang Ponek,SELESAI,225267000,225267000
KAB. SUKABUMI,UPTD PUSKESMAS SIMPENAN - 1.02.0.00.0.00.01.0033,01KJRVEN1R573YXC94X40QQ636,65189555,2026,E-Katalog 6.0,BLUD,EMJEBE PHARMA,E-Purchasing,Barang,Belanja Obat - Obatan - Obat di Puskesmas Simpenan,COMPLETED,8333214,8333214
KAB. SUKABUMI,UPTD PUSKESMAS CISAAT - 1.02.0.00.0.00.01.0053,01KVVZ7QXASMN72B2BTW70J4G1,64692007,2026,E-Katalog 6.0,BLUD,SOLA INTI BERSAMA,E-Purchasing,Barang,Belanja Bahan Habis Pakai Alat Kesehatan (BHP Medis) Puskesmas Cisaat TA. 2026,ON PROCESS,12848250,12848250
KAB. SUKABUMI,DINAS PENDIDIKAN - 1.01.0.00.0.00.01.0000,10882969000,66235653,2026,Non Tender,APBD,CV JAYANTI BERKARYA,Pengadaan Langsung,Pekerjaan Konstruksi,Rehabilitasi Sedang / Berat Ruang Kelas SDN Gunungcabe Kec. Cikakak,SELESAI,138650566,138650566
KAB. SUKABUMI,UPTD PUSKESMAS CIJANGKAR - 1.02.0.00.0.00.01.0011,01KJEF2ZJEJQE4WNB4HZAZRR0V,65511793,2026,E-Katalog 6.0,BLUD,HOLIPAH,E-Purchasing,Barang,Belanja Alat / Bahan untuk Kegiatan Kantor-ATK Puskesmas Cijangkar,COMPLETED,2069450,2069450
KAB. SUKABUMI,DINAS PERDAGANGAN DAN PERINDUSTRIAN - 3.31.3.29.3.30.01.0000,10928673000,63905327,2026,Non Tender,APBD,ANUGRAH CIPTA CONSULTANT,Pengadaan Langsung,Jasa Konsultansi Badan Usaha Konstruksi,Jasa Konsultansi Pengawasan Perkerasan Jalan Lingkar Pasar sagaranten,SELESAI,6833160,6833160
KAB. SUKABUMI,DINAS PERIKANAN - 3.25.0.00.0.00.01.0000,10800443000,66235748,2026,Non Tender,APBD,SURYA KENCANA,Pengadaan Langsung,Pengadaan Barang,Pengadaan Alat Bantu Penangkapan Ikan ABPI,SELESAI,199400000,0
KAB. SUKABUMI,DINAS PENDIDIKAN - 1.01.0.00.0.00.01.0000,10896684000,66144247,2026,Non Tender,APBD,CV. Putra Kembar Perkasa,Pengadaan Langsung,Pekerjaan Konstruksi,Rehabilitasi Sedang / Berat Ruang Guru  SDN Wangunreja  Kec. Nyalindung,SELESAI,129587956,129587956
KAB. SUKABUMI,UPTD PUSKESMAS CIKIDANG - 1.02.0.00.0.00.01.0037,01KVA4B0S7JZB8JJEGB5QC3QQ2,65984599,2026,E-Katalog 6.0,BLUD,MULAWARMAN KESADA MEDICALINDO,E-Purchasing,Barang,Belanja Obat-Obatan-Obatan Lainnya ( BMHP ) UPTD Puskesmas Cikidang,ON PROCESS,2095458,2095458
KAB. SUKABUMI,DINAS PERUMAHAN DAN KAWASAN PERMUKIMAN - 1.03.1.04.2.11.01.0000,10886528000,65761386,2026,Non Tender,APBD,CV. FIKRI PRIMA PERKASA,Pengadaan Langsung,Pekerjaan Konstruksi,Jalan Lingkungan Kp. Parungseah Rw.06 Desa Parungseah Kecamatan Sukabumi,SELESAI,191898609,191898609
KAB. SUKABUMI,DINAS PERTANIAN - 3.27.2.09.0.00.01.0000,10843670000,63468776,2026,Non Tender,APBD,CV BERKAH ABADI,Pengadaan Langsung,Pekerjaan Konstruksi,Persediaan Untuk Dijual/Diserahkan Lainnya - Jaringan Irigasi Pertanian Kec. Caringin Desa Sukamulya Poktan Adil,SELESAI,74888151,74888151
KAB. SUKABUMI,BADAN PENDAPATAN DAERAH - 5.02.0.00.0.00.02.0000,01KG01ZRW6NH64EZNHKFPSVJTY,64546765,2026,E-Katalog 6.0,APBD,ARKASA PUTRA PRATAMA,E-Purchasing,Barang,Belanja Modal Peralatan Komputer Lainnya (Sumber Dana : PAD),PAYMENT OUTSIDE SYSTEM,9990000,9990000
KAB. SUKABUMI,DINAS PERUMAHAN DAN KAWASAN PERMUKIMAN - 1.03.1.04.2.11.01.0000,10930878000,67376564,2026,Non Tender,APBD,CV. Rizki Kurnia,Pengadaan Langsung,Pekerjaan Konstruksi,Drainase Lingkungan Kecamatan Pelabuhanratu Desa Citarik Rt002-Rw005,BERLANGSUNG,96068318,96068318
KAB. SUKABUMI,UOBK RSUD SEKARWANGI - 1.02.0.00.0.00.01.0002,01KH8SWENFDS01CR7SFQMDW27A,63079700,2026,E-Katalog 6.0,BLUD,PRATAPA NIRMALA,E-Purchasing,Barang,Belanja Obat-obatan-Obat,ON PROCESS,30816930,30816930
KAB. SUKABUMI,"DINAS KEBUDAYAAN, PEMUDA DAN OLAHRAGA - 2.22.2.19.0.00.01.0000",01KFX92V9192NSSB23WZ2C6ZJ9,64195624,2026,E-Katalog 6.0,APBD,ARKASA PUTRA PRATAMA,E-Purchasing,Barang,Belanja Modal Peralatan Komputer Lainnya,PAYMENT OUTSIDE SYSTEM,9879000,9879000
KAB. SUKABUMI,UPTD RSUD SAGARANTEN - 1.02.0.00.0.00.01.0063,01KR1E4XV0V49ZZSN9WP861TWH,65737969,2026,E-Katalog 6.0,BLUD,TESSA MEISA RAHAYU,E-Purchasing,Barang,Belanja Cetak BLUD RSUD Sagaranten,ON PROCESS,15448980,15448980
KAB. SUKABUMI,DINAS PERUMAHAN DAN KAWASAN PERMUKIMAN - 1.03.1.04.2.11.01.0000,10905238000,65761378,2026,Non Tender,APBD,CV. TIGA PERKASA,Pengadaan Langsung,Pekerjaan Konstruksi,"Jalan Lingkungan Kp. Papisangan Rt 03 Ke Rt 04 Rw 05, Kecamatan Cicurug Kabupaten Sukabumi",SELESAI,191785891,191785891
KAB. SUKABUMI,DINAS PERTANIAN - 3.27.2.09.0.00.01.0000,10813945000,63841534,2026,Non Tender,APBD,Tri Putra Mandiri Consultant,Pengadaan Langsung,Jasa Konsultansi Badan Usaha Konstruksi,Jasa Konsultan Pengawasan Rehab Gedung Kantor BBI,SELESAI,2968140,2968140
KAB. SUKABUMI,DINAS PENDIDIKAN - 1.01.0.00.0.00.01.0000,10884906000,66052917,2026,Non Tender,APBD,SUBANGRAYA KONSULTAN,Pengadaan Langsung,Jasa Konsultansi Badan Usaha Konstruksi,Jasa Konsultan Pengawasan Rehabilitasi Sedang / Berat Ruang Kelas SD Wilayah 6,SELESAI,24438020,24438020
KAB. SUKABUMI,DINAS PERTANIAN - 3.27.2.09.0.00.01.0000,10874568000,63468787,2026,Non Tender,APBD,KAFADA KARYA,Pengadaan Langsung,Pekerjaan Konstruksi,Persediaan Untuk Dijual/Diserahkan Lainnya - Jaringan Irigasi Pertanian Kec. Bantargadung Desa Bantargadung Poktan Bantargadung Hilir,SELESAI,184785962,184785962
KAB. SUKABUMI,DINAS PEKERJAAN UMUM - 1.03.0.00.0.00.01.0000,10136530000,67141774,2026,Tender,APBD,CV. GELAURA,Tender,Pekerjaan Konstruksi,Ruas Jalan Cisaat - Situgunung Kecamatan Cisaat,SELESAI,643504527,643504527
KAB. SUKABUMI,UOBK RSUD SEKARWANGI - 1.02.0.00.0.00.01.0002,01KP2RRZ1VC9SD5TYQ3CB5Y0P2,63079700,2026,E-Katalog 6.0,BLUD,MERSIFARMA TIRMAKU MERCUSANA,E-Purchasing,Barang,Belanja Obat-obatan-Obat,ON PROCESS,2969250,2969250
KAB. SUKABUMI,DINAS PERDAGANGAN DAN PERINDUSTRIAN - 3.31.3.29.3.30.01.0000,10897460000,67235471,2026,Non Tender,APBD,CV. BUDI JAYA,Pengadaan Langsung,Jasa Lainnya,Belanja Kit Sosialisasi DTU TA 2026,SELESAI,37684500,37684500
KAB. SUKABUMI,UPTD PUSKESMAS TAMANJAYA - 1.02.0.00.0.00.01.0025,01KS1YB9SYA3NE7X769K2YMD3D,65746259,2026,E-Katalog 6.0,BLUD,NOVAPHARIN,E-Purchasing,Barang,Belanja Obat-Obatan-Obat e-Purchasing ,ON PROCESS,4588074,4588074
KAB. SUKABUMI,DINAS PERUMAHAN DAN KAWASAN PERMUKIMAN - 1.03.1.04.2.11.01.0000,10917952000,67326463,2026,Non Tender,APBD,CV. Bintang Jaya Perkasa,Pengadaan Langsung,Pekerjaan Konstruksi,Pembangunan Sarana Air Bersih Kp. Simpang karet Rt.02 Rw.01 Desa Citanglar Kec.Surade,SELESAI,146031290,146031290
KAB. SUKABUMI,DINAS PERUMAHAN DAN KAWASAN PERMUKIMAN - 1.03.1.04.2.11.01.0000,10870193000,65762699,2026,Non Tender,APBD,CV. RANGGA BUANA,Pengadaan Langsung,Pekerjaan Konstruksi,Penataan Lahan Parkir Lapas Warungkiara,SELESAI,144358370,144358370
KAB. SUKABUMI,DINAS PEKERJAAN UMUM - 1.03.0.00.0.00.01.0000,10132084000,66986565,2026,Tender,APBD,,Seleksi,Jasa Konsultansi Badan Usaha Konstruksi,DED Daerah Irigasi Karang Tengah,SELESAI,199938750,199938750
KAB. SUKABUMI,DINAS PENDIDIKAN - 1.01.0.00.0.00.01.0000,10884619000,66052676,2026,Non Tender,APBD,CV. MAULANA SINERGI KREATIF,Pengadaan Langsung,Pekerjaan Konstruksi,Rehabilitasi Sedang / Berat Ruang Kelas SDN Cibungur  Kec. Pabuaran,SELESAI,137153049,137153049
KAB. SUKABUMI,UPTD PUSKESMAS CISAAT - 1.02.0.00.0.00.01.0053,01KVVPFNJ4WYASHTHAQYEQNAKZ,64692007,2026,E-Katalog 6.0,BLUD,SYIFA MEDICALAB TEGALINDO DISTRIBUTOR,E-Purchasing,Barang,Belanja Bahan Habis Pakai Alat Kesehatan (BHP Medis) Puskesmas Cisaat TA. 2026,ON PROCESS,3541233,3541233
KAB. SUKABUMI,DINAS PEKERJAAN UMUM - 1.03.0.00.0.00.01.0000,10916329000,66768392,2026,Non Tender,APBD,CV. CIPTA KARYA,Pengadaan Langsung,Pekerjaan Konstruksi,Ruas Jalan Cicareuh - Bumisari Kecamatan Bantargadung,SELESAI,373204525,373204525
KAB. SUKABUMI,DINAS TENAGA KERJA DAN TRANSMIGRASI - 2.07.3.32.0.00.01.0000,10779287000,64620386,2026,Non Tender,APBD,Cv. Harmoni karya,Pengadaan Langsung,Jasa Konsultansi Badan Usaha Konstruksi,bangunan gedung kantor (Jasa Pengawasan Konstruksi Pemeliharaan Tembok Pagar Gedung dan Bangunan UPTD BLK),SELESAI,2969250,2969250
KAB. SUKABUMI,DINAS KEPENDUDUKAN DAN PENCATATAN SIPIL - 2.12.0.00.0.00.01.0000,01KGRVW8VJ8N5XNBBJ11BWNPGR,64091574,2026,E-Katalog 6.0,APBD,ARRAHMAN BERKAH ABADI,E-Purchasing,Jasa Lainnya,Belanja Kertas Kebutuhan Pelayanan dan Administrasi lainnya,PAYMENT OUTSIDE SYSTEM,56951547,56951547
KAB. SUKABUMI,DINAS PEKERJAAN UMUM - 1.03.0.00.0.00.01.0000,10135681000,66703453,2026,Tender,APBD,CV HRZ MULTI UTAMA,Tender,Pekerjaan Konstruksi,Ruas Jalan Cijaksa - Mataram Kecamatan Jampangkulon,SELESAI,536124287,536124287
KAB. SUKABUMI,DINAS PEKERJAAN UMUM - 1.03.0.00.0.00.01.0000,10922308000,66769550,2026,Non Tender,APBD,CV. Eka Mandiri,Pengadaan Langsung,Pekerjaan Konstruksi,Ruas Jalan Pasiripis - Ciracap Kecamatan Surade,SELESAI,206471094,206471094
KAB. SUKABUMI,UPTD PUSKESMAS CIAMBAR - 1.02.0.00.0.00.01.0046,01KRDJESY69AVM17WVZ75W6B6P,65741360,2026,E-Katalog 6.0,BLUD,KENANGA UTAMA PERMAI,E-Purchasing,Barang,Belanja BHP Medis,COMPLETED,9458865,9458865
KAB. SUKABUMI,DINAS PEKERJAAN UMUM - 1.03.0.00.0.00.01.0000,01KVPRT1CGE9QCC3FJSDGXHVZB,67297750,2026,E-Katalog 6.0,APBD,WAHYUDI KARYA MANDIRI,E-Purchasing,Pekerjaan Konstruksi,Ruas Jalan Pakuwon - Cipeuteuy Kecamatan Kabandungan,ON PROCESS,739686205,739686205
KAB. SUKABUMI,"DINAS KEBUDAYAAN, PEMUDA DAN OLAHRAGA - 2.22.2.19.0.00.01.0000",01KFB9PBKGZWDNKR6NC1AK7ECQ,63797752,2026,E-Katalog 6.0,APBD,ARKASA PUTRA PRATAMA,E-Purchasing,Barang,Pengadaan Bola Voli,PAYMENT OUTSIDE SYSTEM,298146000,298146000
KAB. SUKABUMI,DINAS PERIKANAN - 3.25.0.00.0.00.01.0000,10848913000,64726145,2026,Non Tender,APBD,CV. A CONSULTAN,Pengadaan Langsung,Jasa Konsultansi Badan Usaha Konstruksi,Konsultan Pengawasan Rehabilitasi Pasar Ikan Cibaraja,SELESAI,19647000,19647000
KAB. SUKABUMI,UPTD PUSKESMAS WALURAN - 1.02.0.00.0.00.01.0026,01KTDC5SN1V108VTX79G8DWF4Q,67237466,2026,E-Katalog 6.0,APBD,BERNOFARM,E-Purchasing,Barang,Belanja Obat - obatan dana APBD,ON PROCESS,18710510,18710510
KAB. SUKABUMI,DINAS PEKERJAAN UMUM - 1.03.0.00.0.00.01.0000,10854662000,67069654,2026,Non Tender,APBD,Cv. Harmoni karya,Pengadaan Langsung,Jasa Konsultansi Badan Usaha Non Konstruksi,Konsultan Pengawasan Daerah Irigasi Cipamatutan Desa Sundawenang Kecamatan Parungkuda,SELESAI,74675250,74675250
KAB. SUKABUMI,DINAS PERTANIAN - 3.27.2.09.0.00.01.0000,01KMY8EAMJ5JM3B83QDDF1PWVR,65032256,2026,E-Katalog 6.0,APBD,TRUBUS PRIMA,E-Purchasing,Barang,Belanja Bahan-Bahan Kimia : Pengadaan Kapur Pertanian Dolomit Kegiatan Pengembangan Kawasan Cabai,PAYMENT OUTSIDE SYSTEM,33144600,33144600
KAB. SUKABUMI,UPTD PUSKESMAS GIRIJAYA - 1.02.0.00.0.00.01.0047,01KHQCKQZEXH5V73ZJDWGDHQY2,65623807,2026,E-Katalog 6.0,BLUD,NOVAPHARIN,E-Purchasing,Barang," Belanja Obat-Obatan-Obat ",COMPLETED,749250,749250
KAB. SUKABUMI,UOBK RSUD PALABUHANRATU - 1.02.0.00.0.00.01.0001,01KJFBW3GN1143FJ8XFHC9W9J1,64613160,2026,E-Katalog 6.0,BLUD,KENANGA UTAMA PERMAI,E-Purchasing,Barang,Belanja Bahan/Alat Medis Pakai Habis (BMHP) Farmasi,ON PROCESS,42407550,42407550
KAB. SUKABUMI,UPTD PUSKESMAS CIBADAK - 1.02.0.00.0.00.01.0050,01KJXY6ZGEFM81SBGXSQSDQJA8,65629373,2026,E-Katalog 6.0,BLUD,FURNAMA FURNITURE,E-Purchasing,Barang,Belanja Modal Peralatan Studio Video dan Film Puskesmas Cibadak 2026,ON PROCESS,39960000,0
KAB. SUKABUMI,UOBK RSUD PALABUHANRATU - 1.02.0.00.0.00.01.0001,01KJHBGX01XXD9145W4MS4A4QN,64613160,2026,E-Katalog 6.0,BLUD,AHMADARIS,E-Purchasing,Barang,Belanja Bahan/Alat Medis Pakai Habis (BMHP) Farmasi,ON PROCESS,41378580,41378580
KAB. SUKABUMI,UOBK RSUD SEKARWANGI - 1.02.0.00.0.00.01.0002,01KK8S4V75ESC8YCF0XSFBMJZV,63079700,2026,E-Katalog 6.0,BLUD,INFION,E-Purchasing,Barang,Belanja Obat-obatan-Obat,ON PROCESS,38269914,0
KAB. SUKABUMI,DINAS PEMADAM KEBAKARAN DAN PENYELAMATAN - 1.05.0.00.0.00.01.0000,01KHZM508FYBRKFQNV1E7R9ZFT,65080517,2026,E-Katalog 6.0,APBD,SRIWIJAYA,E-Purchasing,Barang,Belanja Modal Alat Pemadam Kebakaran,PAYMENT OUTSIDE SYSTEM,125929500,125929500
KAB. SUKABUMI,DINAS PERUMAHAN DAN KAWASAN PERMUKIMAN - 1.03.1.04.2.11.01.0000,10849680000,65763041,2026,Non Tender,APBD,CKC,Pengadaan Langsung,Pekerjaan Konstruksi,Drainase Kp. Pamungguan Rt 012 Rw 004 Desa Gunungendut Kecamatan Kalapanunggal Kab. Sukabumi,SELESAI,95844453,95844453
KAB. SUKABUMI,UPTD PUSKESMAS GEGERBITUNG - 1.02.0.00.0.00.01.0009,01KQ1A0M8XRKE995VVDMK4T0CE,66546216,2026,E-Katalog 6.0,BLUD,ETERNITY RAMA MEDIKA,E-Purchasing,Barang,Belanja Bahan-Bahan Lainnya (BHP Medis),PAYMENT OUTSIDE SYSTEM,2791650,2791650
KAB. SUKABUMI,UOBK RSUD SEKARWANGI - 1.02.0.00.0.00.01.0002,01KK1STCWP13A7DW0G8BFCF4GR,63079700,2026,E-Katalog 6.0,BLUD,MAHAKAM BETA FARMA,E-Purchasing,Barang,Belanja Obat-obatan-Obat,ON PROCESS,20981220,20981220
KAB. SUKABUMI,UPTD PUSKESMAS NAGRAK - 1.02.0.00.0.00.01.0048,01KPCVAWWQF23K5SR42YS3MQWB,65361864,2026,E-Katalog 6.0,BLUD,NOVAPHARIN,E-Purchasing,Barang,belanja barang pakai habis- belanja obat-obatan,COMPLETED,4306800,4306800
KAB. SUKABUMI,DINAS PERDAGANGAN DAN PERINDUSTRIAN - 3.31.3.29.3.30.01.0000,10793382000,64999770,2026,Non Tender,APBD,PT. JEMBAR SARASA WICAKSANA,Pengadaan Langsung,Jasa Konsultansi Badan Usaha Non Konstruksi,Belanja jasa pembuatan aplikasi/sistem informasi layanan dan aduan bidang kemetrologian,SELESAI,99705750,99705750
KAB. SUKABUMI,BADAN KEPEGAWAIAN DAN PENGEMBANGAN SUMBER DAYA MANUSIA - 5.03.5.04.0.00.01.0000,01KVCNGHAYY0ZXZC0JBRZWNQM8,63976720,2026,E-Katalog 6.0,APBD,BERKAH DWI RASA,E-Purchasing,Jasa Lainnya,Belanja Makanan dan Minuman Pelatihan Teknis Digitalisasi Layanan Publik,ON PROCESS,54560000,54560000
KAB. SUKABUMI,UOBK RSUD SEKARWANGI - 1.02.0.00.0.00.01.0002,01KVYZWVR4RDPES6YM2G4A3AT0,63079700,2026,E-Katalog 6.0,BLUD,BERNOFARM,E-Purchasing,Barang,Belanja Obat-obatan-Obat,ON PROCESS,2771892,2771892
KAB. SUKABUMI,UOBK RSUD SEKARWANGI - 1.02.0.00.0.00.01.0002,01KHARZ2AZ27EMMX441PX12MH6,63079700,2026,E-Katalog 6.0,BLUD,OTSUKA INDONESIA,E-Purchasing,Barang,Belanja Obat-obatan-Obat,ON PROCESS,25214360,25214360
KAB. SUKABUMI,DINAS KEPENDUDUKAN DAN PENCATATAN SIPIL - 2.12.0.00.0.00.01.0000,01KH3DMP5382EGJK4AFXZHP0VM,64093870,2026,E-Katalog 6.0,APBD,YUJI SABUMI PERKASA,E-Purchasing,Jasa Lainnya,Belanja transfer Film ( Fargo ),PAYMENT OUTSIDE SYSTEM,128892009,128892009
KAB. SUKABUMI,UPTD PUSKESMAS WARUNGKIARA - 1.02.0.00.0.00.01.0030,01KQXH36QRQNKQKSWZ0VPAX716,66149364,2026,E-Katalog 6.0,BLUD,ATHA ARUTALA INDONESIA,E-Purchasing,Barang,Belanja Bahan Medis Habis Pakai Puskesmas Warungkiara,ON PROCESS,3147294,3147294
KAB. SUKABUMI,UOBK RSUD SEKARWANGI - 1.02.0.00.0.00.01.0002,01KVQMHYVEK5B0R9DE6BJ6G2CN,63077986,2026,E-Katalog 6.0,BLUD,GLOBAL DISPOMEDIKA,E-Purchasing,Barang,Belanja Bahan - Bahan Lainnya (BMHP Farmasi),ON PROCESS,34869540,0
KAB. SUKABUMI,UOBK RSUD SEKARWANGI - 1.02.0.00.0.00.01.0002,01KJ9FCSY66N008PRM6K6M3VP5,64985408,2026,E-Katalog 6.0,BLUD,SARANA BANI MEDICAL,E-Purchasing,Barang,Belanja Modal Alat Kedokteran Umum,ON PROCESS,109568100,109568100
KAB. SUKABUMI,UOBK RSUD SEKARWANGI - 1.02.0.00.0.00.01.0002,01KJA5FQT3EQ2A8EX7FCSM6KH8,63079700,2026,E-Katalog 6.0,BLUD,PRATAPA NIRMALA,E-Purchasing,Barang,Belanja Obat-obatan-Obat,ON PROCESS,2997000,2997000
KAB. SUKABUMI,DINAS PERUMAHAN DAN KAWASAN PERMUKIMAN - 1.03.1.04.2.11.01.0000,10890649000,67164734,2026,Non Tender,APBD,CV. CIPTA BINA PUTRA,Pengadaan Langsung,Pekerjaan Konstruksi,Pembangunan Sarana Air Bersih Desa Cibatu Kec Cikembar,SELESAI,194820016,194820016
KAB. SUKABUMI,UOBK RSUD PALABUHANRATU - 1.02.0.00.0.00.01.0001,01KKAR0JBQ1K7THNVFQEAD05W2,64622587,2026,E-Katalog 6.0,BLUD,DANKOS FARMA,E-Purchasing,Barang,Belanja Obat - Obatan,ON PROCESS,42837919,42837919
KAB. SUKABUMI,UOBK RSUD SEKARWANGI - 1.02.0.00.0.00.01.0002,01KS73Q0TK7KKTWXCKKBY5HPFC,63077986,2026,E-Katalog 6.0,BLUD,MEDIHOP,E-Purchasing,Barang,Belanja Bahan - Bahan Lainnya (BMHP Farmasi),ON PROCESS,3763260,3763260
KAB. SUKABUMI,DINAS PEKERJAAN UMUM - 1.03.0.00.0.00.01.0000,10930945000,66284816,2026,Non Tender,APBD,ELANG ERLANGGA,Pengadaan Langsung,Pekerjaan Konstruksi,Ruas Jalan Cibatu - Cipancur Kecamatan Cisaat,BERLANGSUNG,373961211,373961211
KAB. SUKABUMI,DINAS PEKERJAAN UMUM - 1.03.0.00.0.00.01.0000,10832509000,66694949,2026,Non Tender,APBD,CV. RAYA BERLIANS,Pengadaan Langsung,Pekerjaan Konstruksi,Pembuatan Selokan Tembok Ruas Jalan Cisaat - Situgunung Kecamatan Kadudampit,SELESAI,97547800,97547800
KAB. SUKABUMI,DINAS LINGKUNGAN HIDUP - 2.11.1.03.0.00.01.0000,10928209000,67285639,2026,Non Tender,APBD,CV. KARUNIA ABADI KONSULTAN,Pengadaan Langsung,Jasa Konsultansi Badan Usaha Konstruksi,Jasa konsultansi pengawasan pemeliharaan parkir,SELESAI,5716500,5716500
KAB. SUKABUMI,DINAS PERUMAHAN DAN KAWASAN PERMUKIMAN - 1.03.1.04.2.11.01.0000,10931255000,65763153,2026,Non Tender,APBD,CV AURA BANGUN PERSADA,Pengadaan Langsung,Pekerjaan Konstruksi,Pembangunan Sarana Air Bersih Kp Simpenan Rw.12 desa cidadap kec saimpenan,SELESAI,97463436,97463436
KAB. SUKABUMI,UPTD PUSKESMAS PARAKANSALAK - 1.02.0.00.0.00.01.0041,01KW8ZZZWTXAA20VP6TAGHAX5J,67330090,2026,E-Katalog 6.0,BLUD,KENCANA INSAN MANDIRI,E-Purchasing,Barang,Belanja Alat / Bahan untuk Kegiatan Kantor-Alat Tulis Kantor PPK BLUD Puskesmas Parakansalak 2026,ON PROCESS,34889003,34889003
KAB. SUKABUMI,DINAS PERTANIAN - 3.27.2.09.0.00.01.0000,10819639000,63468740,2026,Non Tender,APBD,CV. TIGA PERKASA,Pengadaan Langsung,Pekerjaan Konstruksi,Persediaan Untuk Dijual/Diserahkan Lainnya - Jaringan Irigasi Pertanian Kec. Sagaranten Desa Cibitung Poktan Cikadu Maju,SELESAI,184704856,184704856
KAB. SUKABUMI,UPTD PUSKESMAS NAGRAK - 1.02.0.00.0.00.01.0048,01KPCT277Y2W5MXE2EBR0X1KHM,65361864,2026,E-Katalog 6.0,BLUD,BERNOFARM,E-Purchasing,Barang,belanja barang pakai habis- belanja obat-obatan,COMPLETED,8360520,8360520
KAB. SUKABUMI,DINAS PERUMAHAN DAN KAWASAN PERMUKIMAN - 1.03.1.04.2.11.01.0000,10847163000,65763182,2026,Non Tender,APBD,CV GANJIL MANDIRI,Pengadaan Langsung,Pekerjaan Konstruksi,Pembangunan Sarana Air Bersih Kp. Cikubang Rt. 20/05 Desa Bojonggaling Kec. Bojonggenteng Kab. Sukabumi,SELESAI,195048103,195048103
KAB. SUKABUMI,DINAS PERTANIAN - 3.27.2.09.0.00.01.0000,10810086000,63921652,2026,Non Tender,APBD,CV. RANAA PERSADA,Pengadaan Langsung,Pekerjaan Konstruksi,Belanja Modal Bangunan Pembuang Pengaman Sungai (Drainase Lingkungan Precast Beton Pasangan Buis Ø80cm),SELESAI,142000521,142000521
KAB. SUKABUMI,DINAS PENDIDIKAN - 1.01.0.00.0.00.01.0000,10796896000,66036992,2026,Non Tender,APBD,Cv. Harmoni karya,Pengadaan Langsung,Jasa Konsultansi Badan Usaha Konstruksi,Jasa Konsultan Perencanaan Rehabilitasi Sedang / Berat Ruang Kelas SD Wilayah 5,SELESAI,21792720,21792720
KAB. SUKABUMI,BADAN PENDAPATAN DAERAH - 5.02.0.00.0.00.02.0000,01KP2SHSMRNZ7064WW1DSV103P,66897052,2026,E-Katalog 6.0,APBD,ARIDAS KARYA SATRIA,E-Purchasing,Jasa Lainnya,Cetakan Belangko SPPT PBB,ON PROCESS,349650000,349650000
KAB. SUKABUMI,UPTD PUSKESMAS GEGERBITUNG - 1.02.0.00.0.00.01.0009,01KQEHCR0R56QPMS17YY2YKAAY,66273716,2026,E-Katalog 6.0,BLUD,INDO PRIANGAN KATULISTIWA,E-Purchasing,Barang,Belanja Obat-Obatan-Obat - BLUD UPTD Puskesmas Kebonpedes,COMPLETED,32375370,32375370
KAB. SUKABUMI,"DINAS KOMUNIKASI, INFORMATIKA DAN PERSANDIAN - 2.16.2.21.2.20.01.0000",10819494000,66236204,2026,Non Tender,APBD,CV.NAHARDIKA,Pengadaan Langsung,Jasa Konsultansi Badan Usaha Konstruksi,Jasa Konsultan Pengawasan Rehab Gedung Diskominfosan,SELESAI,8774550,8774550
KAB. SUKABUMI,SEKRETARIAT DAERAH - 4.01.0.00.0.00.01.0000,10820032000,66089568,2026,Non Tender,APBD,CV. NADIA CIPTA MANDIRI,Pengadaan Langsung,Pengadaan Barang,Belanja Alat/Bahan untuk Kegiatan Kantor- Suvenir/Cendera Mata,SELESAI,108900000,108900000
KAB. SUKABUMI,UPTD PUSKESMAS CICURUG - 1.02.0.00.0.00.01.0044,01KNGBS1ERYKCEDHEMV266ZWTH,65369032,2026,E-Katalog 6.0,BLUD,DUTA KAISAR PHARMACY,E-Purchasing,Barang,Belanja Persediaan Bahan Obat - Obatan ,PAYMENT OUTSIDE SYSTEM,424551,424551
KAB. SUKABUMI,DINAS PENDIDIKAN - 1.01.0.00.0.00.01.0000,10868252000,66141669,2026,Non Tender,APBD,CV. RAKSA DIVA JAGARAKSA WWA,Pengadaan Langsung,Pekerjaan Konstruksi,Pembanguna Talud SDN Cikaret Kec. Jampangkulon,SELESAI,64631743,64631743
KAB. SUKABUMI,UPTD PUSKESMAS SELAJAMBE - 1.02.0.00.0.00.01.0054,01KQ1E3HD1DQ97AYRV625130AC,65998350,2026,E-Katalog 6.0,BLUD,NOVAPHARIN,E-Purchasing,Barang,Belanja Bahan Obat-obatan ( BLUD ),ON PROCESS,6807630,6807630
KAB. SUKABUMI,UPTD PUSKESMAS LIMBANGAN - 1.02.0.00.0.00.01.0005,01KRACB4FSSSTVYPZ1JYPKNP63,66118285,2026,E-Katalog 6.0,BLUD,PERUSAHAAN PERSEROAN (PERSERO) PT KIMIA FARMA,E-Purchasing,Barang,Belanja Obat obatan,ON PROCESS,560106,560106
KAB. SUKABUMI,"DINAS KOMUNIKASI, INFORMATIKA DAN PERSANDIAN - 2.16.2.21.2.20.01.0000",01KR3GE7AGVEG62N217JNVD99C,63424153,2026,E-Katalog 6.0,APBD,AKASIA,E-Purchasing,Jasa Lainnya,Belanja Sewa Aset Tidak Berwujud-Lisensi dan Franchise - Lisensi Domain - Pengelolaan Nama Domain dan Sub Domain Penyelenggaraan Pemerintah Daerah dan Pengelolaan Nama Domain Pemerintah Desa,ON PROCESS,5738700,5738700
KAB. SUKABUMI,UPTD PUSKESMAS BANTARGADUNG - 1.02.0.00.0.00.01.0031,01KNJYFH4B1270JDY0JJBF27W6,66286510,2026,E-Katalog 6.0,BLUD,IMFARMIND FARMASI INDUSTRI,E-Purchasing,Barang,Belanja bahan obat-obatan (Puskesmas Bantargadung),ON PROCESS,1254300,1254300
KAB. SUKABUMI,UPTD PUSKESMAS CICURUG - 1.02.0.00.0.00.01.0044,01KPW01Q6TK6F8MF80ND3ESMQ8,65369828,2026,E-Katalog 6.0,BLUD,TIARA AGUNG PRATAMA,E-Purchasing,Barang,Belanja Persediaan Bahan/Material Alat Kesehatan,PAYMENT OUTSIDE SYSTEM,12956753,12956753
KAB. SUKABUMI,DINAS PERIKANAN - 3.25.0.00.0.00.01.0000,10821365000,65962670,2026,Non Tender,APBD,CV. UNGGUL BANGUN PERKASA,Pengadaan Langsung,Pekerjaan Konstruksi,Pemeliharaan Halaman Parkir Dalam,SELESAI,99445013,99445013
KAB. SUKABUMI,DINAS PERHUBUNGAN - 2.15.0.00.0.00.01.0000,01KH98FX3SC2590593Y8RFRNS4,64706801,2026,E-Katalog 6.0,APBD,TRAMAK KARYA JAYA,E-Purchasing,Jasa Lainnya,Pembangunan PJU di Wilayah Desa Sukamaju Kecamatan Sukalarang (6 Titik),ON PROCESS,95371200,95371200
KAB. SUKABUMI,UPTD PUSKESMAS CIKAKAK - 1.02.0.00.0.00.01.0035,01KQ8Y2XA386V4NXB1FG3AMZ7P,65505795,2026,E-Katalog 6.0,BLUD,MEPROFARM,E-Purchasing,Barang,Belanja Obat-obatan- Obat UPTD Puskesmas Cikakak Tahun 2026,ON PROCESS,5131974,5131974
KAB. SUKABUMI,UPTD PUSKESMAS JAMPANGTENGAH - 1.02.0.00.0.00.01.0058,01KJQJVV9ZTMV4849PGRMJ2P5E,65564675,2026,E-Katalog 6.0,BLUD,BERNOFARM,E-Purchasing,Barang,Belanja Obat-obatan,COMPLETED,8955591,8955591
KAB. SUKABUMI,DINAS PEKERJAAN UMUM - 1.03.0.00.0.00.01.0000,10828971000,66691373,2026,Non Tender,APBD,BONNY CIPTA PRIMA,Pengadaan Langsung,Pekerjaan Konstruksi,Pembuatan Selokan Tembok Ruas Jalan Cikawung - Rancaoray Kecamatan Nyalindung,SELESAI,117850618,117850618
KAB. SUKABUMI,BADAN KEPEGAWAIAN DAN PENGEMBANGAN SUMBER DAYA MANUSIA - 5.03.5.04.0.00.01.0000,01KRFHBDE1FEGQ5ZX1XY1ZYHN1,64033900,2026,E-Katalog 6.0,APBD,EDRA AUSI AKBAR,E-Purchasing,Jasa Lainnya,Belanja Makanan dan Minuman Peserta Kegiatan Kewilayahan Pembinaan Kinerja Pegawai ASN,ON PROCESS,7000000,7000000
KAB. SUKABUMI,KECAMATAN SUKARAJA - 7.01.0.00.0.00.42.0000,01KWGEKJM70N08MAGQQ5V3AQNT,67220696,2026,E-Katalog 6.0,APBD,MAJU JAYA,E-Purchasing,Barang,Belanja Modal Mebel,ON PROCESS,2442000,2442000
KAB. SUKABUMI,UOBK RSUD SEKARWANGI - 1.02.0.00.0.00.01.0002,01KR12Y8VYZEYZ4X8AEY1NGEN8,63077986,2026,E-Katalog 6.0,BLUD,BINA ARTHA SEMESTA,E-Purchasing,Barang,Belanja Bahan - Bahan Lainnya (BMHP Farmasi),ON PROCESS,11538450,0
KAB. SUKABUMI,DINAS PARIWISATA - 3.26.3.26.3.26.01.0000,01KR3D457Y0HS7D7KXZV87Q024,66116230,2026,E-Katalog 6.0,APBD,BERDAYA ABADI,E-Purchasing,Jasa Lainnya,Beban Jasa Penyelenggaraan Acara Event Hari Nelayan Palabuhanratu,ON PROCESS,197000000,197000000
KAB. SUKABUMI,UOBK RSUD SEKARWANGI - 1.02.0.00.0.00.01.0002,01KHN8JDWXDDCPZGHCZ9303HHR,63079700,2026,E-Katalog 6.0,BLUD,EISAI INDONESIA,E-Purchasing,Barang,Belanja Obat-obatan-Obat,ON PROCESS,2207790,2207790
KAB. SUKABUMI,DINAS PERTANIAN - 3.27.2.09.0.00.01.0000,10840828000,63468850,2026,Non Tender,APBD,CV. NAYRA CAHAYA KONSTRUKSI,Pengadaan Langsung,Pekerjaan Konstruksi,Persediaan Untuk Dijual/Diserahkan Lainnya - Jaringan Irigasi Pertanian Kec. Curugkembar Desa Bojongtugu Poktan Selajambe,SELESAI,184530830,184530830
KAB. SUKABUMI,DINAS PEKERJAAN UMUM - 1.03.0.00.0.00.01.0000,10828942000,66695355,2026,Non Tender,APBD,cv.wisnu pratama,Pengadaan Langsung,Pekerjaan Konstruksi,Pembuatan Tembok Penahan Tanah Gendong Ruas Jalan Cikukulu - Caringin Kecamatan Caringin,SELESAI,97622689,97622689
KAB. SUKABUMI,UOBK RSUD SEKARWANGI - 1.02.0.00.0.00.01.0002,01KTXCY52X3RXF6KMRDSHTB1QR,63079700,2026,E-Katalog 6.0,BLUD,OTSUKA INDONESIA,E-Purchasing,Barang,Belanja Obat-obatan-Obat,ON PROCESS,11947791,11947791
KAB. SUKABUMI,UPTD PUSKESMAS GEGERBITUNG - 1.02.0.00.0.00.01.0009,01KQ177E5STTHZVG656D55HY3B,66544716,2026,E-Katalog 6.0,BLUD,IMFARMIND FARMASI INDUSTRI,E-Purchasing,Barang,Belanja Obat-Obatan-Obat,ON PROCESS,5050500,5050500
KAB. SUKABUMI,UOBK RSUD SEKARWANGI - 1.02.0.00.0.00.01.0002,01KRXFH6X8GVV6V10JVFS86F8H,63079700,2026,E-Katalog 6.0,BLUD,LAPI LABORATORIES,E-Purchasing,Barang,Belanja Obat-obatan-Obat,ON PROCESS,11068920,11068920
KAB. SUKABUMI,DINAS PERHUBUNGAN - 2.15.0.00.0.00.01.0000,01KRZMQF57B17KDP46YGBMFX2C,67041893,2026,E-Katalog 6.0,APBD,BINA JASA,E-Purchasing,Pekerjaan Konstruksi," Pembangunan PJU di Wilayah Kec. Nagrak dan Gunungguruh (13 Titik) ",ON PROCESS,207350000,207350000
KAB. SUKABUMI,DINAS KEPENDUDUKAN DAN PENCATATAN SIPIL - 2.12.0.00.0.00.01.0000,01KP81NK2990BFXFEA6EPC0TRF,63960568,2026,E-Katalog 6.0,APBD,SADULUR SAJATI,E-Purchasing,Jasa Lainnya,Belanja Cetak Buku Agregat,PAYMENT OUTSIDE SYSTEM,7636800,7636800
KAB. SUKABUMI,UPTD PUSKESMAS CARINGIN - 1.02.0.00.0.00.01.0052,01KVS4RKZCW0D3TY3PNC4MY75P,65660077,2026,E-Katalog 6.0,BLUD,INDO PRIANGAN KATULISTIWA,E-Purchasing,Barang,Belanja Obat-Obatan Puskesmas Caringin,ON PROCESS,2131200,2131200
KAB. SUKABUMI,UPTD PUSKESMAS LIMBANGAN - 1.02.0.00.0.00.01.0005,01KPQ0KH29ZQHPF9BSZ01YEMGS,66071212,2026,E-Katalog 6.0,BLUD,CIPTA BUMI PERSADA,E-Purchasing,Barang,Belanja Alat / Bahan untuk kegiatan kantor - Perabot kantor,COMPLETED,2416248,2416248
KAB. SUKABUMI,DINAS PENDIDIKAN - 1.01.0.00.0.00.01.0000,10870042000,66141450,2026,Non Tender,APBD,CV. Sumber Kuat,Pengadaan Langsung,Pekerjaan Konstruksi,Pembangunan Ruang Kelas Baru SDN Pasirwalang Kec. Kalapanunggal,SELESAI,178862476,178862476
KAB. SUKABUMI,DINAS PERHUBUNGAN - 2.15.0.00.0.00.01.0000,01KHAVSYGAWMBXSEQ9XERS84F4,64706872,2026,E-Katalog 6.0,APBD,MARGATAMA,E-Purchasing,Jasa Lainnya,Pembangunan PJU di Wilayah Kec. Cikembar dan Sukabumi (31 Titik),ON PROCESS,493783500,493783500
KAB. SUKABUMI,DINAS PERUMAHAN DAN KAWASAN PERMUKIMAN - 1.03.1.04.2.11.01.0000,10832775000,66933115,2026,Non Tender,APBD,CV. FIKRI PRIMA PERKASA,Pengadaan Langsung,Pekerjaan Konstruksi,Jalan Lingkungan Rt001-Rw009 Desa Karawang Kecamatan Sukabumi,SELESAI,191836379,191836379
KAB. SUKABUMI,UOBK RSUD SEKARWANGI - 1.02.0.00.0.00.01.0002,01KREGHA18JS2RE0SBBNGRET7H,63079700,2026,E-Katalog 6.0,BLUD,HEXPHARM JAYA LABORATORIES,E-Purchasing,Barang,Belanja Obat-obatan-Obat,ON PROCESS,97307595,97307595
KAB. SUKABUMI,UOBK RSUD PALABUHANRATU - 1.02.0.00.0.00.01.0001,01KK9P81K7Y9QHX0FW624XN84B,64622587,2026,E-Katalog 6.0,BLUD,IMAR KARYA TAMA,E-Purchasing,Barang,Belanja Obat - Obatan,ON PROCESS,8971020,8971020
KAB. SUKABUMI,DINAS PERHUBUNGAN - 2.15.0.00.0.00.01.0000,01KS6VPPKXTY6EGTFNT07E961H,67041930,2026,E-Katalog 6.0,APBD,BUNGSU PUTRA KONTRUKSI,E-Purchasing,Pekerjaan Konstruksi,"Pembangunan PJU di Wilayah Kec. Bantargadung, Cikakak dan Cisolok (18 Titik)",ON PROCESS,286912800,286912800
KAB. SUKABUMI,DINAS PERHUBUNGAN - 2.15.0.00.0.00.01.0000,10817367000,64749098,2026,Non Tender,APBD,CV. RIZKY PRATAMA MANDIRI,Pengadaan Langsung,Pekerjaan Konstruksi,Pemeliharaan Gedung Kantor,SELESAI,69406808,69406808
KAB. SUKABUMI,UOBK RSUD SEKARWANGI - 1.02.0.00.0.00.01.0002,01KHWKBMXP4J48D72GP15BNM02,63079700,2026,E-Katalog 6.0,BLUD,DARYA-VARIA LABORATORIA,E-Purchasing,Barang,Belanja Obat-obatan-Obat,ON PROCESS,1542900,1542900
KAB. SUKABUMI,UPTD PUSKESMAS PALABUHANRATU - 1.02.0.00.0.00.01.0034,01KTJS3M4R9SAHZ0N22NC3T872,66292815,2026,E-Katalog 6.0,BLUD,INDO PRIANGAN KATULISTIWA,E-Purchasing,Barang,Belanja Obat-Obatan-Obat Puskesmas Palabuhanratu,ON PROCESS,53335500,53335500
KAB. SUKABUMI,UOBK RSUD SEKARWANGI - 1.02.0.00.0.00.01.0002,01KHMX91QPX9JDD07MTFHAHZ3P,63079700,2026,E-Katalog 6.0,BLUD,FERRON PAR PHARMACEUTICALS,E-Purchasing,Barang,Belanja Obat-obatan-Obat,ON PROCESS,13812285,13812285
KAB. SUKABUMI,UPTD PUSKESMAS BANGBAYANG - 1.02.0.00.0.00.01.0018,01KQV951S2QSF787036TEC6JYX,66271009,2026,E-Katalog 6.0,BLUD,INDO PRIANGAN KATULISTIWA,E-Purchasing,Barang,Belanja Obat-Obatan-Obat-Obatan Lainnya (BMHP) Puskesmas Bangbayang,ON PROCESS,5521140,5521140
KAB. SUKABUMI,UOBK RSUD SEKARWANGI - 1.02.0.00.0.00.01.0002,01KSH07YF8V832VCWKR1D2K5YE,63079700,2026,E-Katalog 6.0,BLUD,FERRON PAR PHARMACEUTICALS,E-Purchasing,Barang,Belanja Obat-obatan-Obat,ON PROCESS,6642018,6642018
KAB. SUKABUMI,UPTD RSUD SAGARANTEN - 1.02.0.00.0.00.01.0063,01KPYMSSPE4TXA9A8HCY4M4VE5,66227022,2026,E-Katalog 6.0,APBD,AKSARA WARNA UTAMA,E-Purchasing,Barang,Belanja Alat Tulis Kantor RSUD Sagaranten,ON PROCESS,140241166,140241166
KAB. SUKABUMI,UPTD PUSKESMAS CIAMBAR - 1.02.0.00.0.00.01.0046,01KP36AX0D4GNJ2M8G3XHQJZBG,65715590,2026,E-Katalog 6.0,BLUD,INTIJAYA META RATNA PHARMINDO,E-Purchasing,Barang,Belanja Obat-obatan,ON PROCESS,3376620,3376620
KAB. SUKABUMI,DINAS PERDAGANGAN DAN PERINDUSTRIAN - 3.31.3.29.3.30.01.0000,10814283000,63905366,2026,Non Tender,APBD,PT. SPECTRA ARZA INTERPLAN,Pengadaan Langsung,Jasa Konsultansi Badan Usaha Non Konstruksi,Jasa Konsultansi Perencanaan Pembuatan Kanopi/Auning Kantor Pasar Cisaat,SELESAI,3647238,3647238
KAB. SUKABUMI,UOBK RSUD SEKARWANGI - 1.02.0.00.0.00.01.0002,01KK8BR5ZG1YCYZTPJA6TD2K8R,63079700,2026,E-Katalog 6.0,BLUD,PJ. HERBAL NUSANTARA,E-Purchasing,Barang,Belanja Obat-obatan-Obat,ON PROCESS,10273716,10273716
KAB. SUKABUMI,UPTD PUSKESMAS GIRIJAYA - 1.02.0.00.0.00.01.0047,01KVCEKSFFEXEVYA5JJG5AGFGS,65623765,2026,E-Katalog 6.0,BLUD,KENCANA INSAN MANDIRI,E-Purchasing,Barang," Belanja Alat/Bahan untuk Kegiatan Kantor-Alat/Bahan untuk Kegiatan Kantor Lainnya ",COMPLETED,4434450,4434450
KAB. SUKABUMI,UPTD PUSKESMAS NYALINDUNG - 1.02.0.00.0.00.01.0010,01KQ970NSP449KDJH3GYH4DMT3,66077337,2026,E-Katalog 6.0,BLUD,MARIN LIZA FARMASI,E-Purchasing,Barang,Belanja Obat-Obatan-Obat - Puskesmas Nyalindung,COMPLETED,710400,710400
KAB. SUKABUMI,DINAS PERIKANAN - 3.25.0.00.0.00.01.0000,10821370000,65256176,2026,Non Tender,APBD,CV. Pondasi Alam Prima,Pengadaan Langsung,Pekerjaan Konstruksi,Pembangunan Gudang Aset,SELESAI,299475337,299475337
KAB. SUKABUMI,DINAS PENDIDIKAN - 1.01.0.00.0.00.01.0000,10898802000,66270957,2026,Non Tender,APBD,CV. Binjay Selatan,Pengadaan Langsung,Pekerjaan Konstruksi,Rehabilitasi Sedang / Berat Ruang Kelas SDN 3 Pasiripis Kec. Surade,BERLANGSUNG,114575000,114575000
KAB. SUKABUMI,UOBK RSUD SEKARWANGI - 1.02.0.00.0.00.01.0002,01KTWYC0AQRYHYH8F1G1VCMMNF,63079700,2026,E-Katalog 6.0,BLUD,AMAROX PHARMA GLOBAL,E-Purchasing,Barang,Belanja Obat-obatan-Obat,ON PROCESS,6624147,6624147
KAB. SUKABUMI,UPTD PUSKESMAS CARINGIN - 1.02.0.00.0.00.01.0052,01KQV4MAKWKZKRD6Y5MGF3JZ5H,65660077,2026,E-Katalog 6.0,BLUD,HARBAT FARMA,E-Purchasing,Barang,Belanja Obat-Obatan Puskesmas Caringin,COMPLETED,3829500,3829500
KAB. SUKABUMI,DINAS PEKERJAAN UMUM - 1.03.0.00.0.00.01.0000,10868487000,66620279,2026,Non Tender,APBD,CV. PUKA SATU DUA TIGA,Pengadaan Langsung,Pekerjaan Konstruksi,Daerah Irigasi Cihonje Desa Pabuaran Kecamatan Pabuaran,SELESAI,281771635,281771635
KAB. SUKABUMI,UPTD PUSKESMAS SELAJAMBE - 1.02.0.00.0.00.01.0054,01KP2AZA73NCSE6AEWX1PFFNKK,65941537,2026,E-Katalog 6.0,BLUD,ARRAHMAN BERKAH ABADI,E-Purchasing,Barang,Belanja Alat / Bahan untuk Kegiatan Kantor-Alat Tulis Kantor ( BLUD ),COMPLETED,2890329,2890329
KAB. SUKABUMI,DINAS TENAGA KERJA DAN TRANSMIGRASI - 2.07.3.32.0.00.01.0000,01KJEJTVXK5D95Y2XF68NXYEQE,65858632,2026,E-Katalog 6.0,APBD,SAKTI PERKASA,E-Purchasing,Barang,Belanja Alat/Bahan untuk Kegiatan Kantor-Perabot Kantor,PAYMENT OUTSIDE SYSTEM,10654668,10654668
KAB. SUKABUMI,UOBK RSUD PALABUHANRATU - 1.02.0.00.0.00.01.0001,01KK9NXGZ97JZFTN0STGNM8B8E,64613160,2026,E-Katalog 6.0,BLUD,AHMADARIS,E-Purchasing,Barang,Belanja Bahan/Alat Medis Pakai Habis (BMHP) Farmasi,ON PROCESS,55331280,55331280
KAB. SUKABUMI,UPTD PUSKESMAS KARAWANG - 1.02.0.00.0.00.01.0003,01KKWWJB6RQSGWD972RETYPX7R,66903877,2026,E-Katalog 6.0,BLUD,HEXPHARM JAYA LABORATORIES,E-Purchasing,Barang,Belanja Obat-Obatan PPK BLUD UPT Puskesmas Karawang Tahun 2026,COMPLETED,10673760,10673760
KAB. SUKABUMI,UOBK RSUD SEKARWANGI - 1.02.0.00.0.00.01.0002,01KNP36R8BAPF9AH2BT3BQTVR5,63079700,2026,E-Katalog 6.0,BLUD,FERRON PAR PHARMACEUTICALS,E-Purchasing,Barang,Belanja Obat-obatan-Obat,ON PROCESS,27374998,0
KAB. SUKABUMI,UOBK RSUD SEKARWANGI - 1.02.0.00.0.00.01.0002,01KK8DPZ08BBJS9JTCSTK9HNT1,63079700,2026,E-Katalog 6.0,BLUD,NOVARTIS INDONESIA,E-Purchasing,Barang,Belanja Obat-obatan-Obat,ON PROCESS,26008459,0
KAB. SUKABUMI,DINAS PENDIDIKAN - 1.01.0.00.0.00.01.0000,10868457000,66141570,2026,Non Tender,APBD,CV ALTHAF JAYA,Pengadaan Langsung,Pekerjaan Konstruksi,Pemagaran SDN Cisaat 3  Kec. Cicurug,SELESAI,47682166,47682166
KAB. SUKABUMI,UPTD PUSKESMAS PALABUHANRATU - 1.02.0.00.0.00.01.0034,01KPSPF1XHKEGH0VD5FWYEE46N,66292815,2026,E-Katalog 6.0,BLUD,PT ADYA ARTHA ABADI TANGERANG,E-Purchasing,Barang,Belanja Obat-Obatan-Obat Puskesmas Palabuhanratu,ON PROCESS,332445,332445
KAB. SUKABUMI,DINAS PERIKANAN - 3.25.0.00.0.00.01.0000,10932487000,64726151,2026,Non Tender,APBD,CV. Saputra Indah,Pengadaan Langsung,Pekerjaan Konstruksi,Pemelihaaraan Saluran Air di Rumah Kemasan,SELESAI,14864094,14864094
KAB. SUKABUMI,DINAS PENDIDIKAN - 1.01.0.00.0.00.01.0000,10865665000,66052058,2026,Non Tender,APBD,CV. Berkah Bumi Parahyangan,Pengadaan Langsung,Pekerjaan Konstruksi,Rehabilitasi Sedang / Berat Ruang Kelas SDN Curugkembar 3  Kec. Curugkembar,SELESAI,273843293,273843293
KAB. SUKABUMI,UPTD PUSKESMAS JAMPANGTENGAH - 1.02.0.00.0.00.01.0058,01KKDEJ3N0TMM2KC0DEB4S64QY,65564675,2026,E-Katalog 6.0,BLUD,IMFARMIND FARMASI INDUSTRI,E-Purchasing,Barang,Belanja Obat-obatan,COMPLETED,3030633,3030633
KAB. SUKABUMI,UPTD RSUD SAGARANTEN - 1.02.0.00.0.00.01.0063,01KVG8SM279DZKDFF38X2PZMZH,65737969,2026,E-Katalog 6.0,BLUD,TESSA MEISA RAHAYU,E-Purchasing,Barang,Belanja Cetak BLUD RSUD Sagaranten,ON PROCESS,15040500,15040500
KAB. SUKABUMI,DINAS PEMBERDAYAAN MASYARAKAT DAN DESA - 2.13.0.00.0.00.01.0000,01KTR2KWEZEAC5JZFN6GRPRP0M,64631225,2026,E-Katalog 6.0,APBD,HADIL MAHASIN,E-Purchasing,Barang,Belanja Modal Mebel,ON PROCESS,50425080,50425080
KAB. SUKABUMI,DINAS PERIKANAN - 3.25.0.00.0.00.01.0000,10821395000,66235645,2026,Non Tender,APBD,CV. Mandala Putri,Pengadaan Langsung,Pengadaan Barang,Pengadaan Sarana Usaha Perikanan Tangkap KUB. ARJ,SELESAI,174950000,0
KAB. SUKABUMI,UPTD PUSKESMAS KADUDAMPIT - 1.02.0.00.0.00.01.0056,01KSEJGKK54ENHZN34KGJW5D5J,66645895,2026,E-Katalog 6.0,BLUD,HEXPHARM JAYA LABORATORIES,E-Purchasing,Barang,Belanja Bahan Obat-obatan puskesmas kadudampit,ON PROCESS,4628700,4628700
KAB. SUKABUMI,DINAS ARSIP DAN PERPUSTAKAAN - 2.24.2.23.0.00.01.0000,01KHWTYKPC6XZ7J8J71YRYFNQR,63923192,2026,E-Katalog 6.0,APBD,ARRAHMAN BERKAH ABADI,E-Purchasing,Barang,Belanja Alat/Bahan untuk Kegiatan Kantor- Kertas dan Cover,PAYMENT OUTSIDE SYSTEM,68030013,68030013
KAB. SUKABUMI,DINAS PERTANIAN - 3.27.2.09.0.00.01.0000,10799987000,63468857,2026,Non Tender,APBD,CV. CAHAYA CIBATU MANDIRI,Pengadaan Langsung,Pekerjaan Konstruksi,Persediaan Untuk Dijual/Diserahkan Lainnya - Jaringan Irigasi Pertanian Kec. Surade Desa Pasiripis Poktan Bedeng,SELESAI,184872350,184872350
KAB. SUKABUMI,DINAS PENDIDIKAN - 1.01.0.00.0.00.01.0000,10872649000,67148495,2026,Non Tender,APBD,CV TIGA PERKASA KONSTRUKSI,Pengadaan Langsung,Pekerjaan Konstruksi,Pembangunan Ruang Kelas Baru SD IT Annusaibah Kec. Bojonggenteng,SELESAI,179059577,179059577
KAB. SUKABUMI,DINAS PENDIDIKAN - 1.01.0.00.0.00.01.0000,10865660000,66270870,2026,Non Tender,APBD,CV. ACI,Pengadaan Langsung,Pekerjaan Konstruksi,Rehabilitasi Sedang / Berat Ruang Kelas SDN Karamat  Kec. Sukalarang,SELESAI,277891132,277891132
KAB. SUKABUMI,UOBK RSUD PALABUHANRATU - 1.02.0.00.0.00.01.0001,01KTR1PGT1F1JD9HNKT83WJMYB,64706743,2026,E-Katalog 6.0,BLUD,ROYAL PERDANA DIMENSION,E-Purchasing,Barang,Belanja Sarana Pengolahan Limbah ( IPAL ),ON PROCESS,39405000,39405000
KAB. SUKABUMI,UPTD PUSKESMAS CIAMBAR - 1.02.0.00.0.00.01.0046,01KNS0GS20CS0FZ2GPH90SNWBD,65739663,2026,E-Katalog 6.0,BLUD,KENCANA INSAN MANDIRI,E-Purchasing,Barang,"Belanja Peralatan Kebersihan, Belanja Bahan Habis Pakai Rumah Tangga",COMPLETED,8332770,8332770
KAB. SUKABUMI,DINAS PENDIDIKAN - 1.01.0.00.0.00.01.0000,10885069000,66269055,2026,Non Tender,APBD,CV. HA BERKAH,Pengadaan Langsung,Pekerjaan Konstruksi,Rehabilitasi Sedang / Berat Ruang Kelas SDN Cilele 1 Kec. Pabuaran,SELESAI,138941545,138941545
KAB. SUKABUMI,"BADAN PERENCANAAN PEMBANGUNAN, RISET DAN INOVASI DAERAH - 5.01.5.05.0.00.01.0000",01KMNB1NQC2PT2VWXY40RJKNYP,64600974,2026,E-Katalog 6.0,APBD,MUDA TANGGUH,E-Purchasing,Barang,Belanja Alat/Bahan untuk Kegiatan Kantor- Suvenir/Cendera Mata-Musrenbang RKPD,ON PROCESS,94932750,94932750
KAB. SUKABUMI,UPTD PUSKESMAS CIKIDANG - 1.02.0.00.0.00.01.0037,01KSJ1ZX9909GT88SRQRY451XY,65984599,2026,E-Katalog 6.0,BLUD,SARANA MEGAMEDILAB SEJAHTERA,E-Purchasing,Barang,Belanja Obat-Obatan-Obatan Lainnya ( BMHP ) UPTD Puskesmas Cikidang,COMPLETED,13576410,13576410
KAB. SUKABUMI,DINAS PERHUBUNGAN - 2.15.0.00.0.00.01.0000,01KKDEJYCSA40G6XF6XMSWTZTD,64706800,2026,E-Katalog 6.0,APBD,SANDRA BUANA,E-Purchasing,Jasa Lainnya,Pembangunan PJU di Wilayah Kec. Parungkuda (15 Titik),ON PROCESS,238761000,238761000
KAB. SUKABUMI,UPTD PUSKESMAS WARUNGKIARA - 1.02.0.00.0.00.01.0030,01KNGEVMQWSFXMR2Z5R5ZZBJ80,66149129,2026,E-Katalog 6.0,BLUD,HEXPHARM JAYA LABORATORIES,E-Purchasing,Barang,Belanja Obat-Obatan Puskesmas Warungkiara,COMPLETED,6438000,6438000
KAB. SUKABUMI,DINAS PEKERJAAN UMUM - 1.03.0.00.0.00.01.0000,10916494000,66755998,2026,Non Tender,APBD,CV AURA BANGUN PERSADA,Pengadaan Langsung,Pekerjaan Konstruksi,Ruas Jalan Bagbagan - Warungkiara (Assalam) Kecamatan Warungkiara,SELESAI,394049110,394049110
KAB. SUKABUMI,UOBK RSUD SEKARWANGI - 1.02.0.00.0.00.01.0002,01KQWBEB0FX74NM82PZESQZPD2,63079700,2026,E-Katalog 6.0,BLUD,SATORIA ANEKA INDUSTRI,E-Purchasing,Barang,Belanja Obat-obatan-Obat,ON PROCESS,189175635,189175635
KAB. SUKABUMI,DINAS PEKERJAAN UMUM - 1.03.0.00.0.00.01.0000,10899957000,66741652,2026,Non Tender,APBD,CV. MARA KARYA NUSANTARA,Pengadaan Langsung,Jasa Konsultansi Badan Usaha Non Konstruksi,Konsultan Pengawasan Ruas Jalan Leuwiliang - Bojongtipar Kecamatan Jampangtengah,SELESAI,49617000,49617000
KAB. SUKABUMI,DINAS PEMADAM KEBAKARAN DAN PENYELAMATAN - 1.05.0.00.0.00.01.0000,01KKAY2NAN43PW2E7BZVPZGZBA,66340836,2026,E-Katalog 6.0,APBD,SADULUR SAJATI,E-Purchasing,Barang,Belanja Cetakan Kantor,ON PROCESS,21572850,21572850
KAB. SUKABUMI,DINAS PEKERJAAN UMUM - 1.03.0.00.0.00.01.0000,10869109000,67143776,2026,Non Tender,APBD,CV. TIGA DUA AMANAH,Pengadaan Langsung,Pengadaan Barang,Pengadaan Peralatan dan Mesin Lainnya (Pengadaan Personal Komputer),SELESAI,190800000,0
KAB. SUKABUMI,DINAS PERUMAHAN DAN KAWASAN PERMUKIMAN - 1.03.1.04.2.11.01.0000,10885649000,65763048,2026,Non Tender,APBD,CV. SEMERU PRIMA ABADI,Pengadaan Langsung,Pekerjaan Konstruksi,"Drainase Kp Cikakak, Rt 001 Rw 009, Kelurahan Surade, Kecamatan Surade, Kabupaten Sukabumi",SELESAI,95663810,95663810
KAB. SUKABUMI,BADAN PENDAPATAN DAERAH - 5.02.0.00.0.00.02.0000,01KG027F133CR82GP4B43EX6TN,64546727,2026,E-Katalog 6.0,APBD,ARKASA PUTRA PRATAMA,E-Purchasing,Barang,Belanja Modal Peralatan Komputer Lainnya (Sumber Dana: Pajak Air Tanah),PAYMENT OUTSIDE SYSTEM,4995000,4995000
KAB. SUKABUMI,DINAS PERTANIAN - 3.27.2.09.0.00.01.0000,10843672000,63468811,2026,Non Tender,APBD,FELLICIA RAHAYU KONSTRUKSI,Pengadaan Langsung,Pekerjaan Konstruksi,Persediaan Untuk Dijual/Diserahkan Lainnya - Jaringan Irigasi Pertanian Kec. Jampang Tengah Desa Padabeunghar Poktan Medalwargi IIA,SELESAI,74897344,74897344
KAB. SUKABUMI,DINAS PENDIDIKAN - 1.01.0.00.0.00.01.0000,10796911000,66037115,2026,Non Tender,APBD,CV.  Bumi Desain Mandiri,Pengadaan Langsung,Jasa Konsultansi Badan Usaha Konstruksi,Jasa Konsultan Perencanaan Pembangunan Ruang Kelas Baru ( RKB ) SD,SELESAI,15021650,15021650
KAB. SUKABUMI,UOBK RSUD SEKARWANGI - 1.02.0.00.0.00.01.0002,01KK39Z059HQZ85YJ5BV7HT2S6,63079700,2026,E-Katalog 6.0,BLUD,TUNGGAL IDAMAN ABDI,E-Purchasing,Barang,Belanja Obat-obatan-Obat,ON PROCESS,22469253,0
KAB. SUKABUMI,DINAS PERTANIAN - 3.27.2.09.0.00.01.0000,10800705000,66320447,2026,Non Tender,APBD,PT. CAHAYA ABADI KONSULTINDO,Pengadaan Langsung,Jasa Konsultansi Badan Usaha Konstruksi,Persediaan Untuk Dijual/Diserahkan Lainnya - Konsultan pengawasan irigasi pertanian tahap 1,SELESAI,64624200,64624200
KAB. SUKABUMI,UPTD PUSKESMAS KALAPANUNGGAL - 1.02.0.00.0.00.01.0039,01KRR9SH7MM0H3SH6GD33JQ0HX,66278167,2026,E-Katalog 6.0,BLUD,KENCANA INSAN MANDIRI,E-Purchasing,Barang,Belanja Alat/Bahan untuk Kegiatan Kantor-Alat Tulis Kantor,PAYMENT OUTSIDE SYSTEM,14476065,14476065
KAB. SUKABUMI,UPTD PUSKESMAS JAMPANGTENGAH - 1.02.0.00.0.00.01.0058,01KMYE21E06QZMS44APYCC9FH2,65563722,2026,E-Katalog 6.0,BLUD,KENCANA INSAN MANDIRI,E-Purchasing,Barang,Belanja Alat/Bahan Untuk Kegiatan Kantor - Alat Tulis Kantor,COMPLETED,9018750,9018750
KAB. SUKABUMI,DINAS PERDAGANGAN DAN PERINDUSTRIAN - 3.31.3.29.3.30.01.0000,10860460000,63905333;63905381,2026,Non Tender,APBD,PT.BINA MUDA KONSULTAN,Pengadaan Langsung,Jasa Konsultansi Badan Usaha Konstruksi,Jasa Konsultansi Pengawasan Pembangunan Drainase Pasar dan Pusat Oleh-oleh Jampangkulon,SELESAI,10138740,10138740
KAB. SUKABUMI,UOBK RSUD SEKARWANGI - 1.02.0.00.0.00.01.0002,01KVSHQ2NMX99XZK3C813B9MNN,63077986,2026,E-Katalog 6.0,BLUD,MUARA SAKTI,E-Purchasing,Barang,Belanja Bahan - Bahan Lainnya (BMHP Farmasi),ON PROCESS,6049500,6049500
KAB. SUKABUMI,DINAS PERUMAHAN DAN KAWASAN PERMUKIMAN - 1.03.1.04.2.11.01.0000,10905246000,67268028,2026,Non Tender,APBD,CV. INAYA MULYA SELARAS,Pengadaan Langsung,Pekerjaan Konstruksi,Jaling RT01 RT02 RT03 Rw 06 Desa Batununggal Kec Cibadak,SELESAI,191562885,191562885
KAB. SUKABUMI,UOBK RSUD SEKARWANGI - 1.02.0.00.0.00.01.0002,01KVX0BMG673GMF1WT8FR6DV5A,63079700,2026,E-Katalog 6.0,BLUD,ETHICA INDUSTRI FARMASI,E-Purchasing,Barang,Belanja Obat-obatan-Obat,ON PROCESS,3956040,3956040
KAB. SUKABUMI,UOBK RSUD SEKARWANGI - 1.02.0.00.0.00.01.0002,01KK89X69F49XTJF5R364AAW3J,63079700,2026,E-Katalog 6.0,BLUD,KALVENTIS SINERGI FARMA,E-Purchasing,Barang,Belanja Obat-obatan-Obat,ON PROCESS,12904971,0
KAB. SUKABUMI,DINAS PERUMAHAN DAN KAWASAN PERMUKIMAN - 1.03.1.04.2.11.01.0000,10878525000,65763049,2026,Non Tender,APBD,CV. GUNUNG CIPADUNG PERKASA,Pengadaan Langsung,Pekerjaan Konstruksi,Drainase Kp Cikancana Desa Ciracap Kecamatan Ciracap,SELESAI,95847697,95847697
KAB. SUKABUMI,BADAN PENDAPATAN DAERAH - 5.02.0.00.0.00.02.0000,01KRRFD120E82NMM8YZ7FJ8N78,66549902,2026,E-Katalog 6.0,APBD,NADIA CIPTA MANDIRI,E-Purchasing,Barang,Belanja Alat/Bahan untuk Kegiatan Kantor-Perlengkapan Dinas - Rompi,ON PROCESS,20679300,20679300
KAB. SUKABUMI,DINAS PERHUBUNGAN - 2.15.0.00.0.00.01.0000,01KHT4VHWAWWNPPE8RJGQ3BRFA,64706796,2026,E-Katalog 6.0,APBD,HRZ MULTI UTAMA,E-Purchasing,Jasa Lainnya,"Pembangunan PJU di Wilayah Kec. Cikidang, Cicurug dan Cidahu (37 Titik)",PAYMENT OUTSIDE SYSTEM,589929480,589929480
KAB. SUKABUMI,UOBK RSUD SEKARWANGI - 1.02.0.00.0.00.01.0002,01KPMJHJ0A082XXY3KTCMWX419,63077986,2026,E-Katalog 6.0,BLUD,MEDIHOP,E-Purchasing,Barang,Belanja Bahan - Bahan Lainnya (BMHP Farmasi),ON PROCESS,60989616,60989616
KAB. SUKABUMI,UOBK RSUD SEKARWANGI - 1.02.0.00.0.00.01.0002,01KRCYXF1K421TX1DY0ZB8GNNB,63079700,2026,E-Katalog 6.0,BLUD,INFION,E-Purchasing,Barang,Belanja Obat-obatan-Obat,ON PROCESS,26699940,0
KAB. SUKABUMI,UOBK RSUD SEKARWANGI - 1.02.0.00.0.00.01.0002,01KES5E72MCZDQ7RKDTQRK2V9G,63077986,2026,E-Katalog 6.0,BLUD,KENANGA UTAMA PERMAI,E-Purchasing,Barang,Belanja Bahan - Bahan Lainnya (BMHP Farmasi),ON PROCESS,90272933,90272933
KAB. SUKABUMI,UOBK RSUD SEKARWANGI - 1.02.0.00.0.00.01.0002,01KHASV4K87G2EW905JMPFDQMW,64985408,2026,E-Katalog 6.0,BLUD,D&V INTERNATIONAL MAKMUR GEMILANG,E-Purchasing,Barang,Belanja Modal Alat Kedokteran Umum,ON PROCESS,486720004,486720004
KAB. SUKABUMI,DINAS PERTANIAN - 3.27.2.09.0.00.01.0000,10861143000,63841615,2026,Non Tender,APBD,CV. KARUNIA ABADI KONSULTAN,Pengadaan Langsung,Jasa Konsultansi Badan Usaha Konstruksi,Jasa Konsultan Pengawasan Pembangunan Gedung Kantor UPTD Wilayah 7,SELESAI,7912080,7912080
KAB. SUKABUMI,UPTD RSUD SAGARANTEN - 1.02.0.00.0.00.01.0063,01KHQRJYE2AGDAHDHQTYD0CJD0,65351650,2026,E-Katalog 6.0,APBD,METRA - NET,E-Purchasing,Jasa Lainnya,Belanja Instalasi Telepon Antar Ruangan RSUD Sagaranten,ON PROCESS,271350002,0
KAB. SUKABUMI,UOBK RSUD PALABUHANRATU - 1.02.0.00.0.00.01.0001,01KA0TEK77RXP1VC3A16XDAT4Y,64624529,2026,E-Katalog 6.0,BLUD,MEDTRO MEDICA UTAMA,E-Purchasing,Barang,Belanja Modal Alat Kedokteran Umum ,PAYMENT OUTSIDE SYSTEM,2269672500,2269672500
KAB. SUKABUMI,BADAN KEPEGAWAIAN DAN PENGEMBANGAN SUMBER DAYA MANUSIA - 5.03.5.04.0.00.01.0000,01KH0MRTQTS5F8AX7BF5SN496M,63677488,2026,E-Katalog 6.0,APBD,PUTERA CIBOLANG,E-Purchasing,Jasa Lainnya,Belanja Sewa Kendaraan Dinas Bermotor Perorangan,ON PROCESS,119880000,119880000
KAB. SUKABUMI,UPTD PUSKESMAS NAGRAK - 1.02.0.00.0.00.01.0048,01KJA5FZ21R4748PTVMYZ6YXEN,65361864,2026,E-Katalog 6.0,BLUD,HEXPHARM JAYA LABORATORIES,E-Purchasing,Barang,belanja barang pakai habis- belanja obat-obatan,COMPLETED,5894100,5894100
KAB. SUKABUMI,DINAS KEPENDUDUKAN DAN PENCATATAN SIPIL - 2.12.0.00.0.00.01.0000,01KJVE65HTWV5YVM98K69X9Y8W,63968441,2026,E-Katalog 6.0,APBD,SADULUR SAJATI,E-Purchasing,Jasa Lainnya,Belanja Materai,ON PROCESS,4999995,4999995
KAB. SUKABUMI,UOBK RSUD SEKARWANGI - 1.02.0.00.0.00.01.0002,01KRXF546MZ6ZAWQS47JWJ0WXN,63079700,2026,E-Katalog 6.0,BLUD,MERCK,E-Purchasing,Barang,Belanja Obat-obatan-Obat,ON PROCESS,5844816,5844816
KAB. SUKABUMI,DINAS PERUMAHAN DAN KAWASAN PERMUKIMAN - 1.03.1.04.2.11.01.0000,10915464000,67306379,2026,Non Tender,APBD,CV. ALADIN GAYA SEJAHTERA,Pengadaan Langsung,Pekerjaan Konstruksi,Jaling RT02 RT05 Rw 01 Desa Batunuggal Kec Cibadak,SELESAI,191729385,191729385
KAB. SUKABUMI,UPTD PUSKESMAS KABANDUNGAN - 1.02.0.00.0.00.01.0038,01KQ6JD0P4A8S03W324E01RHMZ,66971420,2026,E-Katalog 6.0,BLUD,MENARA GRAFIKA,E-Purchasing,Barang," Belanja Modal Mebel UPTD Puskesmas Kabandungan",COMPLETED,50005500,50005500
KAB. SUKABUMI,UPTD PUSKESMAS BOJONGGENTENG - 1.02.0.00.0.00.01.0040,01KJZB0E7SQZXHKX65E1F07GXE,65549667,2026,E-Katalog 6.0,BLUD,ZAYIN ZAHIRA,E-Purchasing,Jasa Lainnya,Belanja Alat/Bahan untuk Kegiatan Kantor- Bahan Cetak,PAYMENT OUTSIDE SYSTEM,4055940,4055940
KAB. SUKABUMI,UPTD PUSKESMAS SIMPENAN - 1.02.0.00.0.00.01.0033,01KTQPQFRASK62JCWMHVDQ3Z64,65299697,2026,E-Katalog 6.0,BLUD,KHALISH BRILLIANT PERSADA,E-Purchasing,Barang,Aset Tetap Alat Pendingin di Puskesmas Simpenan,ON PROCESS,14242410,14242410
KAB. SUKABUMI,UPTD PUSKESMAS SIMPENAN - 1.02.0.00.0.00.01.0033,01KK86XAPGX0FD24RG1HWNJWMR,65189555,2026,E-Katalog 6.0,BLUD,NOVAPHARIN,E-Purchasing,Barang,Belanja Obat - Obatan - Obat di Puskesmas Simpenan,COMPLETED,20681520,20681520
KAB. SUKABUMI,DINAS KEPENDUDUKAN DAN PENCATATAN SIPIL - 2.12.0.00.0.00.01.0000,01KGRM433FWWTJM5N63FE4VXCX,65003290,2026,E-Katalog 6.0,APBD,ARRAHMAN BERKAH ABADI,E-Purchasing,Jasa Lainnya,Belanja Alat Tulis Kantor,PAYMENT OUTSIDE SYSTEM,37470603,37470603
KAB. SUKABUMI,DINAS LINGKUNGAN HIDUP - 2.11.1.03.0.00.01.0000,10842842000,63397486,2026,Pencatatan,APBD,"CV, Bela Alta Mandiri",Pengadaan Langsung,Pengadaan Barang,Belanja Alat/Bahan untuk Kegiatan Kantor-Perlengkapan Dinas,PAKET SEDANG BERJALAN,4450000,4450000
KAB. SUKABUMI,UOBK RSUD SEKARWANGI - 1.02.0.00.0.00.01.0002,01KWGRD1FJ5VZJ6Y68WD6M5W9J,66659146,2026,E-Katalog 6.0,BLUD,TRESNA AGUNG SEJAHTERA,E-Purchasing,Pekerjaan Konstruksi,Renovasi Gedung ICU,ON PROCESS,467185808,467185808
KAB. SUKABUMI,UOBK RSUD SEKARWANGI - 1.02.0.00.0.00.01.0002,01KH6D15C781JM6KZJW9QTK447,63079700,2026,E-Katalog 6.0,BLUD,BERNOFARM,E-Purchasing,Barang,Belanja Obat-obatan-Obat,ON PROCESS,26704202,26704202
KAB. SUKABUMI,DINAS TENAGA KERJA DAN TRANSMIGRASI - 2.07.3.32.0.00.01.0000,01KN11158CG3BQYT7STDMZ9R8D,66505630,2026,E-Katalog 6.0,APBD,FADHILLAH,E-Purchasing,Barang,Belanja Modal Komputer,PAYMENT OUTSIDE SYSTEM,35298000,35298000
KAB. SUKABUMI,UOBK RSUD SEKARWANGI - 1.02.0.00.0.00.01.0002,01KNP2Z2WNY2ES8AAV8YTTQ0RG,63079700,2026,E-Katalog 6.0,BLUD,DEXA MEDICA,E-Purchasing,Barang,Belanja Obat-obatan-Obat,ON PROCESS,9477180,0
KAB. SUKABUMI,DINAS PEKERJAAN UMUM - 1.03.0.00.0.00.01.0000,10916090000,66744577,2026,Non Tender,APBD,CV. SANDRA BUANA,Pengadaan Langsung,Pekerjaan Konstruksi,Ruas Jalan Cikakak - Ciputat Kecamatan Cikakak,SELESAI,186814086,186814086
KAB. SUKABUMI,DINAS PEKERJAAN UMUM - 1.03.0.00.0.00.01.0000,01KR4T6CXMDTHMQGSWAXT24Z1Q,67017616,2026,E-Katalog 6.0,APBD,ANGGELL GEMILANG,E-Purchasing,Pekerjaan Konstruksi,Daerah Irigasi Cipamatutan Desa Sundawenang Kecamatan Parungkuda,ON PROCESS,1339741349,1339741349
KAB. SUKABUMI,DINAS PERTANIAN - 3.27.2.09.0.00.01.0000,10843674000,63468814,2026,Non Tender,APBD,CV. TIGA DUA AMANAH,Pengadaan Langsung,Pekerjaan Konstruksi,Persediaan Untuk Dijual/Diserahkan Lainnya - Jaringan Irigasi Pertanian Kec. Nyalindung Desa Bojongsari Poktan Sugih Tani,SELESAI,74776270,74776270
KAB. SUKABUMI,DINAS KESEHATAN - 1.02.0.00.0.00.01.0000,01KPG5MQRWTV7F6EQZGHSVHDW4,65613325,2026,E-Katalog 6.0,APBD,TRISA LIKUID FARMA,E-Purchasing,Barang,Pengadaan Obat Pelayanan Kesehatan Dasar PKD (DAK NF),PAYMENT OUTSIDE SYSTEM,77896026,77896026
KAB. SUKABUMI,DINAS PERUMAHAN DAN KAWASAN PERMUKIMAN - 1.03.1.04.2.11.01.0000,10908127000,65761271,2026,Non Tender,APBD,CV AURA BANGUN PERSADA,Pengadaan Langsung,Pekerjaan Konstruksi,"Jalan Lingkungan Kp. Cidahu Rw 06, Desa Cisaat Kecamatan Cicurug Kab. Sukabumi",SELESAI,191808890,191808890
KAB. SUKABUMI,UOBK RSUD SEKARWANGI - 1.02.0.00.0.00.01.0002,01KVB8YMRB09PM7CQD84335KH9,63079700,2026,E-Katalog 6.0,BLUD,SOHO INDUSTRI PHARMASI,E-Purchasing,Barang,Belanja Obat-obatan-Obat,ON PROCESS,1386013,0
KAB. SUKABUMI,UPTD PUSKESMAS JAMPANGTENGAH - 1.02.0.00.0.00.01.0058,01KQRGC16JYRZ55CK02EHE3NCX,65564675,2026,E-Katalog 6.0,BLUD,HEXPHARM JAYA LABORATORIES,E-Purchasing,Barang,Belanja Obat-obatan,ON PROCESS,3640800,3640800
KAB. SUKABUMI,DINAS PERTANIAN - 3.27.2.09.0.00.01.0000,01KMPX51D4CYJVY9G44Q26B079,64938660,2026,E-Katalog 6.0,APBD,TRUBUS PRIMA,E-Purchasing,Barang,Bahan KimiaBelanja Bahan-bahan Kimia Pembangunan Kebun Induk Ubi Kayu : Pengadaan Pupuk Organik Padat,PAYMENT OUTSIDE SYSTEM,14341200,14341200
KAB. SUKABUMI,UOBK RSUD SEKARWANGI - 1.02.0.00.0.00.01.0002,01KH3CMB93Z669R26R1582Q12M,66723604,2026,E-Katalog 6.0,BLUD,ABGHA PUTRA PRATAMA,E-Purchasing,Barang,Belanja Alat/Bahan untuk Kegiatan Kantor-Bahan Komputer,ON PROCESS,65487893,65487893
KAB. SUKABUMI,DINAS PERTANIAN - 3.27.2.09.0.00.01.0000,10816988000,66320671,2026,Non Tender,APBD,PT. CAHAYA ABADI KONSULTINDO,Pengadaan Langsung,Jasa Konsultansi Badan Usaha Konstruksi,Persediaan Untuk Dijual/Diserahkan Lainnya - Konsultan pengawasan irigasi pertanian tahap 4,SELESAI,64540950,64540950
KAB. SUKABUMI,BADAN PENGELOLA KEUANGAN DAN ASET DAERAH - 5.02.0.00.0.00.01.0000,01KRJCD21VBJRRKY976JDWYPKK,67139812,2026,E-Katalog 6.0,APBD,BELA JAYA RASA,E-Purchasing,Barang,Penyediaan Komponen Instalasi Listrik/Penerangan Bangunan Kantor,ON PROCESS,44261250,44261250
KAB. SUKABUMI,UOBK RSUD SEKARWANGI - 1.02.0.00.0.00.01.0002,01KEV5DRTE24TV3FSXRZWTK4PP,63077986,2026,E-Katalog 6.0,BLUD,ESSITY HYGIENE AND HEALTH INDONESIA,E-Purchasing,Barang,Belanja Bahan - Bahan Lainnya (BMHP Farmasi),ON PROCESS,59672013,59672013
KAB. SUKABUMI,UOBK RSUD SEKARWANGI - 1.02.0.00.0.00.01.0002,01KREFV1FNW0MBAR1S8Y1MZYK5,63079700,2026,E-Katalog 6.0,BLUD,DEXA MEDICA,E-Purchasing,Barang,Belanja Obat-obatan-Obat,ON PROCESS,57019894,57019894
KAB. SUKABUMI,UOBK RSUD SEKARWANGI - 1.02.0.00.0.00.01.0002,01KRAM82VWKQX5FPTEVPVXP6A3,63079700,2026,E-Katalog 6.0,BLUD,FERRON PAR PHARMACEUTICALS,E-Purchasing,Barang,Belanja Obat-obatan-Obat,ON PROCESS,45624996,0
KAB. SUKABUMI,UPTD PUSKESMAS SURADE - 1.02.0.00.0.00.01.0021,01KQE3B3W71RX0YEP1F95Y0KYG,65709411,2026,E-Katalog 6.0,BLUD,INDO PRIANGAN KATULISTIWA,E-Purchasing,Barang,Belanja Obat-Obatan-Obat PKM Surade 2026,ON PROCESS,59069161,59069161
KAB. SUKABUMI,DINAS PERHUBUNGAN - 2.15.0.00.0.00.01.0000,01KJETC74CTDQ8MHY7S3YXKC7W,64706814,2026,E-Katalog 6.0,APBD,TRISOLAH SUVARNA INDONESIA,E-Purchasing,Jasa Lainnya,Pembangunan PJU di Wilayah Kec. Gegerbitung (24 Titik),ON PROCESS,383039990,383039990
KAB. SUKABUMI,BADAN KEPEGAWAIAN DAN PENGEMBANGAN SUMBER DAYA MANUSIA - 5.03.5.04.0.00.01.0000,01KTTWT8NG6CS7V3Y3TF2E31V3,67149583,2026,E-Katalog 6.0,APBD,SADULUR SAJATI,E-Purchasing,Barang,Belanja KIT Pelatihan Teknis Digitalisasi Layanan Publik,ON PROCESS,12987000,12987000
KAB. SUKABUMI,DINAS PERHUBUNGAN - 2.15.0.00.0.00.01.0000,10781640000,64749097,2026,Non Tender,APBD,CV.CIPTA BANGUN LESTARI,Pengadaan Langsung,Jasa Konsultansi Badan Usaha Konstruksi,Jasa Konsultansi Perencanaan Pemeliharaan Gedung Kantor,SELESAI,9312900,9312900
KAB. SUKABUMI,UPTD PUSKESMAS CIDAHU - 1.02.0.00.0.00.01.0043,01KPMXCVMXNH8FEQVHDQQA2734,66272931,2026,E-Katalog 6.0,BLUD,HOLI PHARMA,E-Purchasing,Barang,Belanja Bahan Obat-obatan puskesmas cidahu,COMPLETED,11689188,11689188
KAB. SUKABUMI,KECAMATAN PARUNGKUDA - 7.01.0.00.0.00.36.0000,01KSE9Z8EYX6GVGRXQS9F1S8J2,67141498,2026,E-Katalog 6.0,APBD,CIPTA BUMI PERSADA,E-Purchasing,Barang,Mebel,PAYMENT OUTSIDE SYSTEM,1600000,1600000
KAB. SUKABUMI,DINAS PENDIDIKAN - 1.01.0.00.0.00.01.0000,10868259000,66141697,2026,Non Tender,APBD,CV. SULTAN PERKASA GROUP,Pengadaan Langsung,Pekerjaan Konstruksi,Pembanguna Toilet Beserta Sanitasinya SDN pangkalan  Kec. Parungkuda,SELESAI,147781457,147781457
KAB. SUKABUMI,DINAS PERTANIAN - 3.27.2.09.0.00.01.0000,10824727000,63468780,2026,Non Tender,APBD,GUMELAR PRATAMA,Pengadaan Langsung,Pekerjaan Konstruksi,Persediaan Untuk Dijual/Diserahkan Lainnya - Jaringan Irigasi Pertanian Kec. Surade Desa Cipeundeuy Poktan Leuwicagak Girang,SELESAI,149793124,149793124
KAB. SUKABUMI,DINAS KEPENDUDUKAN DAN PENCATATAN SIPIL - 2.12.0.00.0.00.01.0000,01KJT38WM5BMH4R5WBNX4VMK9F,63968392,2026,E-Katalog 6.0,APBD,SADULUR SAJATI,E-Purchasing,Jasa Lainnya,Belanja Kertas Concorde,PAYMENT OUTSIDE SYSTEM,2963700,2963700
KAB. SUKABUMI,KECAMATAN KALAPANUNGGAL - 7.01.0.00.0.00.28.0000,01KP4X5P0JVFD4CGBAQDYWQXKA,64822524,2026,E-Katalog 6.0,APBD,AZONE TECH SUKABUMI,E-Purchasing,Barang,Pengadaan Peralatan dan Mesin Lainnya,PAYMENT OUTSIDE SYSTEM,68487000,68487000
KAB. SUKABUMI,DINAS PERUMAHAN DAN KAWASAN PERMUKIMAN - 1.03.1.04.2.11.01.0000,10894464000,67216174,2026,Non Tender,APBD,CV. Rizki Kurnia,Pengadaan Langsung,Pekerjaan Konstruksi,Pembangunan Drainase Kp. Pasirbendera Rt 1 / 9 Desa desa Cikakak Kec. Cikakak,SELESAI,144139515,144139515
KAB. SUKABUMI,"BADAN PERENCANAAN PEMBANGUNAN, RISET DAN INOVASI DAERAH - 5.01.5.05.0.00.01.0000",01KQTS4YVDKVKJKF9Q7CGKE7DW,66915949,2026,E-Katalog 6.0,APBDP,LATHIIFA BERKAH SEJAHTERA,E-Purchasing,Jasa Lainnya,"Belanja Makanan dan Minuman Rapat Sub Kegiatan Koordinasi dan sinkronisasi pelaksanaan kebijakan penelitian, pengembangan, pengkajian, dan penerapan",ON PROCESS,5520000,5520000
KAB. SUKABUMI,UOBK RSUD PALABUHANRATU - 1.02.0.00.0.00.01.0001,01KH2V4CQQMR453MQS4H802GT9,64613160,2026,E-Katalog 6.0,BLUD,SEJAHTERA KARYA MULIA,E-Purchasing,Barang,Belanja Bahan/Alat Medis Pakai Habis (BMHP) Farmasi,ON PROCESS,154624110,154624110
KAB. SUKABUMI,UPTD PUSKESMAS KALIBUNDER - 1.02.0.00.0.00.01.0028,01KN3QAQBVKD6Q2W8QX8PRMTQ2,65601628,2026,E-Katalog 6.0,BLUD,GLOBAL MULTI PHARMALAB,E-Purchasing,Barang,Belanja Obat-Obatan-Obat Puskesmas Kalibunder Tahun 2026,COMPLETED,1729103,1729103
KAB. SUKABUMI,DINAS PENDIDIKAN - 1.01.0.00.0.00.01.0000,10878670000,66142369,2026,Non Tender,APBD,CV AURA BANGUN PERSADA,Pengadaan Langsung,Pekerjaan Konstruksi,Pembanguna Talud SDN Ciangsana  Kec. Nyalindung,SELESAI,193214005,193214005
KAB. SUKABUMI,UOBK RSUD SEKARWANGI - 1.02.0.00.0.00.01.0002,01KFWTWHDETHAXMWT1EXEYNEDQ,63079700,2026,E-Katalog 6.0,BLUD,OTSUKA INDONESIA,E-Purchasing,Barang,Belanja Obat-obatan-Obat,ON PROCESS,9085825,9085825
KAB. SUKABUMI,DINAS PEKERJAAN UMUM - 1.03.0.00.0.00.01.0000,10126965000,66171860,2026,Tender,APBD,PT. KRIYASA ABDI NUSANTARA,Seleksi,Jasa Konsultansi Badan Usaha Konstruksi,Konsultan Pengawasan Penanganan Long Segmen Ruas Jalan Cigaru - Cikaramat Kecamatan Simpenan,SELESAI,336907200,336907200
KAB. SUKABUMI,UOBK RSUD SEKARWANGI - 1.02.0.00.0.00.01.0002,01KRXK68TAADJQDAFYF4KV96DM,63079700,2026,E-Katalog 6.0,BLUD,BERNOFARM,E-Purchasing,Barang,Belanja Obat-obatan-Obat,ON PROCESS,21640338,21640338
KAB. SUKABUMI,DINAS PERTANIAN - 3.27.2.09.0.00.01.0000,10843681000,63468768,2026,Non Tender,APBD,CV. KARYA TILU SOBAT,Pengadaan Langsung,Pekerjaan Konstruksi,Persediaan Untuk Dijual/Diserahkan Lainnya - Jaringan Irigasi Pertanian Kec. Ciracap Desa Purwasedar Poktan Tangkolo,SELESAI,230379317,230379317
KAB. SUKABUMI,DINAS PEKERJAAN UMUM - 1.03.0.00.0.00.01.0000,10892705000,66612605,2026,Non Tender,APBD,CV. BAEHAQIE,Pengadaan Langsung,Pekerjaan Konstruksi,Daerah Irigasi Cibubuay Desa Kalaparea Kecamatan Nagrak,SELESAI,93765125,93765125
KAB. SUKABUMI,SEKRETARIAT DAERAH - 4.01.0.00.0.00.01.0000,10808081000,66078163,2026,Non Tender,APBD,CV. BAROKAH SUMBER SEJAHTERA,Pengadaan Langsung,Pekerjaan Konstruksi,Pemeliharaan Bangunan Gedung Kantor Sekretariat Daerah,SELESAI,159503676,159503676
KAB. SUKABUMI,UPTD PUSKESMAS CURUGKEMBAR - 1.02.0.00.0.00.01.0016,01KQRR78F5T2W21YDEAR1NKER2,66467169,2026,E-Katalog 6.0,BLUD,TRIMAN,E-Purchasing,Barang,Belanja Obat-Obatan-Obat UPTD Puskesmas Curugkembar,ON PROCESS,899100,899100
KAB. SUKABUMI,UPTD PUSKESMAS CIDOLOG - 1.02.0.00.0.00.01.0014,01KVSDY2EQ8XNFWEAD7SM9A2Z5,66336501,2026,E-Katalog 6.0,BLUD,HEXPHARM JAYA LABORATORIES,E-Purchasing,Barang,Belanja Obat-Obatan-Obat Puskesmas Cidolog,ON PROCESS,4298031,4298031
KAB. SUKABUMI,UPTD PUSKESMAS CICURUG - 1.02.0.00.0.00.01.0044,01KNGFJ80XE9TBY04Z4CD3NA42,65369032,2026,E-Katalog 6.0,BLUD,PERUSAHAAN PERSEROAN (PERSERO) PT KIMIA FARMA,E-Purchasing,Barang,Belanja Persediaan Bahan Obat - Obatan ,PAYMENT OUTSIDE SYSTEM,2503294,2503294
KAB. SUKABUMI,DINAS PERIKANAN - 3.25.0.00.0.00.01.0000,10800449000,65391037,2026,Non Tender,APBD,cv. putra mandiri,Pengadaan Langsung,Pengadaan Barang,Pengadaan Sarana Usaha Perikanan Tangkap KUB. SINAR MANDIRI,SELESAI,175000000,0
KAB. SUKABUMI,BADAN KEPEGAWAIAN DAN PENGEMBANGAN SUMBER DAYA MANUSIA - 5.03.5.04.0.00.01.0000,01KHBYT25EFYXHCM385D1X18MB,63694828,2026,E-Katalog 6.0,APBD,SAKTI PERKASA,E-Purchasing,Barang,"Belanja Bahan /Peralatan Kebersihan, Perabot dan Perlengkapan Rumah Tangga",PAYMENT OUTSIDE SYSTEM,25541100,25541100
KAB. SUKABUMI,UPTD PUSKESMAS CIKAKAK - 1.02.0.00.0.00.01.0035,01KPQ4HD6XZ193TQ38XVZNEFKQ,65505795,2026,E-Katalog 6.0,BLUD,INDO PRIANGAN KATULISTIWA,E-Purchasing,Barang,Belanja Obat-obatan- Obat UPTD Puskesmas Cikakak Tahun 2026,ON PROCESS,49295100,49295100
KAB. SUKABUMI,DINAS PERIKANAN - 3.25.0.00.0.00.01.0000,10800451000,65394849,2026,Non Tender,APBD,CV. Jaya Mitra,Pengadaan Langsung,Pengadaan Barang,Pengadaan sarana usaha perikanan tangkap KUB SRI TELADAN DAN KUB.MULIA JAYA,SELESAI,169500000,0
KAB. SUKABUMI,DINAS PERTANIAN - 3.27.2.09.0.00.01.0000,10811305000,63840903,2026,Non Tender,APBD,CV. CIPTA BINA PUTRA,Pengadaan Langsung,Pekerjaan Konstruksi,Belanja Modal Bangunan  Gudang Alsin,SELESAI,142047447,142047447
KAB. SUKABUMI,DINAS PARIWISATA - 3.26.3.26.3.26.01.0000,01KSH28JAWAA2CB5VDEC254H00,66824496,2026,E-Katalog 6.0,APBD,SADULUR SAJATI,E-Purchasing,Jasa Lainnya,Cetakan Media Promosi,ON PROCESS,22200000,22200000
KAB. SUKABUMI,DINAS PERIKANAN - 3.25.0.00.0.00.01.0000,10838171000,66235912,2026,Non Tender,APBD,Kurawa Peduli,Pengadaan Langsung,Pengadaan Barang,"Bantuan Pengadaan Kapal,Mesin dan Genset untuk KUB. Hakude dan KUB. Warnali Jaya",SELESAI,183800000,0
KAB. SUKABUMI,DINAS PERUMAHAN DAN KAWASAN PERMUKIMAN - 1.03.1.04.2.11.01.0000,10854916000,65761429,2026,Non Tender,APBD,CV. Adhinata Utama,Pengadaan Langsung,Pekerjaan Konstruksi,Jalan Lingkungan Rt003-Rw003 Desa Kutajaya Kecamatan Cicurug,SELESAI,192194741,192194741
KAB. SUKABUMI,"BADAN PERENCANAAN PEMBANGUNAN, RISET DAN INOVASI DAERAH - 5.01.5.05.0.00.01.0000",01KHXQXVCXS3JSJEC4HHAF52AD,64780231,2026,E-Katalog 6.0,APBD,CIPTA BUMI PERSADA,E-Purchasing,Barang,Alat Pengharum Ruangan Dinding,PAYMENT OUTSIDE SYSTEM,17649000,17649000
KAB. SUKABUMI,UPTD PUSKESMAS CIKIDANG - 1.02.0.00.0.00.01.0037,01KKAX0F8ZMW3MMECH0HZWRWAG,65984460,2026,E-Katalog 6.0,BLUD,ZAYIN ZAHIRA,E-Purchasing,Barang,Belanja Alat / Bahan untuk Kegiatan Kantor-Perabot Kantor UPTD Puskesmas Cikidang,COMPLETED,4415580,4415580
KAB. SUKABUMI,UPTD PUSKESMAS CICURUG - 1.02.0.00.0.00.01.0044,01KKAVP87GTWB0S9AZ5JP8Q9D6,65369032,2026,E-Katalog 6.0,BLUD,TRIMAN,E-Purchasing,Barang,Belanja Persediaan Bahan Obat - Obatan ,PAYMENT OUTSIDE SYSTEM,6393600,6393600
KAB. SUKABUMI,DINAS PENDIDIKAN - 1.01.0.00.0.00.01.0000,10796887000,66036946,2026,Non Tender,APBD,PT. CAHAYA ABADI KONSULTINDO,Pengadaan Langsung,Jasa Konsultansi Badan Usaha Konstruksi,Jasa Konsultan Perencanaan Rehabilitasi Sedang / Berat Ruang Kelas SD Wilayah 3,SELESAI,24240820,24240820
KAB. SUKABUMI,DINAS PENDIDIKAN - 1.01.0.00.0.00.01.0000,01KJ6VWZE7MTHTD5ACPF6VN66H,65716271,2026,E-Katalog 6.0,APBD,INDOMULIA,E-Purchasing,Barang,Belanja Alat/Bahan untuk Kegiatan Kantor- Kertas dan Cover,ON PROCESS,184800000,184800000
KAB. SUKABUMI,BADAN PENDAPATAN DAERAH - 5.02.0.00.0.00.02.0000,10913265000,67088545,2026,Non Tender,APBD,CV. KARYA NIAGARA KONSULTAN,Pengadaan Langsung,Jasa Konsultansi Badan Usaha Konstruksi,Konsultan Pengawas Rehab Gedung Kantor,SELESAI,29614800,29614800
KAB. SUKABUMI,DINAS KEPENDUDUKAN DAN PENCATATAN SIPIL - 2.12.0.00.0.00.01.0000,01KMT4TTV8SCKATDER9EEPH40N,65713547,2026,E-Katalog 6.0,APBD,SADULUR SAJATI,E-Purchasing,Jasa Lainnya,Belanja Cetak Map Dinas ,ON PROCESS,38850000,38850000
KAB. SUKABUMI,DINAS PERHUBUNGAN - 2.15.0.00.0.00.01.0000,01KH7ZE3388H9331FMPBA2D5K9,64706810,2026,E-Katalog 6.0,APBD,BINA JASA,E-Purchasing,Jasa Lainnya,Pembangunan PJU di Wilayah Kec. Sukalarang dan Jampangtengah (31 Titik),ON PROCESS,494450000,494450000
KAB. SUKABUMI,UOBK RSUD SEKARWANGI - 1.02.0.00.0.00.01.0002,01KVQVGDDH52NAGH867CY23MHC,63077986,2026,E-Katalog 6.0,BLUD,RAKHA NUSANTARA MEDIKA,E-Purchasing,Barang,Belanja Bahan - Bahan Lainnya (BMHP Farmasi),ON PROCESS,8402462,8402462
KAB. SUKABUMI,DINAS PERDAGANGAN DAN PERINDUSTRIAN - 3.31.3.29.3.30.01.0000,10857253000,63905357,2026,Non Tender,APBD,CV. TIGA DUA AMANAH,Pengadaan Langsung,Pekerjaan Konstruksi,Pekerjaan Pembuatan Drainase Pasar Jampangkulon,SELESAI,198931426,198931426
KAB. SUKABUMI,SEKRETARIAT DPRD - 4.02.0.00.0.00.01.0000,01KQE4KDNYRPVPP9QGZ4VNJ83Q,63855276,2026,E-Katalog 6.0,APBD,SADULUR SAJATI,E-Purchasing,Barang," Pengadaan Barang Cetakan ",ON PROCESS,120236088,120236088
KAB. SUKABUMI,UOBK RSUD SEKARWANGI - 1.02.0.00.0.00.01.0002,01KSF2F4NKVNTPYEE6ZK3KPPN4,63079700,2026,E-Katalog 6.0,BLUD,DEXA MEDICA,E-Purchasing,Barang,Belanja Obat-obatan-Obat,ON PROCESS,10933001,10933001
KAB. SUKABUMI,UPTD PUSKESMAS PALABUHANRATU - 1.02.0.00.0.00.01.0034,01KJCSFWBG11YNVJ6P5Q1TAPA8,65939052,2026,E-Katalog 6.0,BLUD,ZAYIN ZAHIRA,E-Purchasing,Barang,Belanja Alat / Bahan untuk Kegiatan Kantor - Bahan Cetak Puskesmas Palabuhanratu,COMPLETED,5498385,5498385
KAB. SUKABUMI,UPTD PUSKESMAS KARAWANG - 1.02.0.00.0.00.01.0003,01KKGDM42CE091855PPN5EEEM1,66903877,2026,E-Katalog 6.0,BLUD,BERNOFARM,E-Purchasing,Barang,Belanja Obat-Obatan PPK BLUD UPT Puskesmas Karawang Tahun 2026,COMPLETED,9867900,9867900
KAB. SUKABUMI,DINAS PEKERJAAN UMUM - 1.03.0.00.0.00.01.0000,10793763000,65079461,2026,Non Tender,APBD,CV. Adhinata Utama,Pengadaan Langsung,Pengadaan Barang,Pengadaan Peralatan dan Mesin Lainnya (Pengadaan Aspal/Coldmix),SELESAI,168864000,0
KAB. SUKABUMI,DINAS LINGKUNGAN HIDUP - 2.11.1.03.0.00.01.0000,01KN1D1FG2044MH7PXJZFRAVNC,65825734,2026,E-Katalog 6.0,APBD,UNITED TRACTORS,E-Purchasing,Jasa Lainnya," Belanja Pemeliharaan Alat Besar-Alat Besar Darat-Alat Besar Darat Lainnya - Pemeliharaan Alat Berat Excavator PC 210 TPA Cimenteng",ON PROCESS,43031192,43031192
KAB. SUKABUMI,DINAS PERUMAHAN DAN KAWASAN PERMUKIMAN - 1.03.1.04.2.11.01.0000,10905840000,65763069,2026,Non Tender,APBD,CV. KUJANG KEMBAR,Pengadaan Langsung,Pekerjaan Konstruksi,Pembangunan Drainase Kp slaawi RT 18 RW 04 Desa Warnasari GG Mesjid Albarokah Komplek Boregah Kec Sukabumi,SELESAI,124013235,124013235
KAB. SUKABUMI,DINAS SOSIAL - 1.06.0.00.0.00.01.0000,01KP3PBE0C4KDR238794C4KD4Z,66232634,2026,E-Katalog 6.0,APBD,PUTERA CIBOLANG,E-Purchasing,Barang,Pengadaan Paket Penanganan Khusus bagi Kelompok Rentan,ON PROCESS,25424550,25424550
KAB. SUKABUMI,UPTD PUSKESMAS PARUNGKUDA - 1.02.0.00.0.00.01.0042,01KVAMFHTYS85GCFZMWEN8E3EH,66289012,2026,E-Katalog 6.0,BLUD,NOVAPHARIN,E-Purchasing,Barang,Belanja obat-obatan (obat) Parungkuda Parungkuda ,ON PROCESS,36846450,36846450
KAB. SUKABUMI,DINAS PERUMAHAN DAN KAWASAN PERMUKIMAN - 1.03.1.04.2.11.01.0000,10862635000,67043847,2026,Non Tender,APBD,CV. GUNUNG CIPADUNG PERKASA,Pengadaan Langsung,Pekerjaan Konstruksi,Pembangunan Sarana Air Bersih Kp Sukasari Rt 045/Rw010 Desa Ciracap Kecamatan Ciracap,SELESAI,390827797,390827797
KAB. SUKABUMI,DINAS PERDAGANGAN DAN PERINDUSTRIAN - 3.31.3.29.3.30.01.0000,10858146000,63905386,2026,Non Tender,APBD,CV. TIRTA MENTARI,Pengadaan Langsung,Jasa Konsultansi Badan Usaha Konstruksi,Jasa Konsultansi Perencanaan Pembangunan Drainase Pasar  Surade,SELESAI,4551000,4551000
KAB. SUKABUMI,UPTD PUSKESMAS KEBONPEDES - 1.02.0.00.0.00.01.0006,01KA8N8W11YZTRFV751TDKG7YS,62338488,2026,E-Katalog 6.0,APBD,INDO PRIANGAN KATULISTIWA,E-Purchasing,Jasa Lainnya,Penyediaan Jasa Tenaga Kebersihan,COMPLETED,1698300,1698300
KAB. SUKABUMI,UOBK RSUD SEKARWANGI - 1.02.0.00.0.00.01.0002,01KKJV129MCVNA58302YX7GES1,63079700,2026,E-Katalog 6.0,BLUD,FINUSOLPRIMA FARMA INTERNASIONAL,E-Purchasing,Barang,Belanja Obat-obatan-Obat,ON PROCESS,1963495,1963495
KAB. SUKABUMI,UOBK RSUD SEKARWANGI - 1.02.0.00.0.00.01.0002,01KE675STPT3KZXNBF9S43A7FS,62607748,2026,E-Katalog 6.0,BLUD,BENDI NASHA NIAGA INDUSTRI,E-Purchasing,Jasa Lainnya,Belanja Jasa Pengolahan Sampah,ON PROCESS,831958589,831958589
KAB. SUKABUMI,UPTD KLINIK KESEHATAN DAERAH DAN LABORATORIUM KESEHATAN DAERAH - 1.02.0.00.0.00.01.0062,01KQEYWHXP7DBPP2EV9W7B82TB,65525399,2026,E-Katalog 6.0,BLUD,TIARA AGUNG PRATAMA,E-Purchasing,Barang,Belanja Bahan Bahan Kimia Laboratorium Medis ,COMPLETED,114031574,114031574
KAB. SUKABUMI,DINAS PERUMAHAN DAN KAWASAN PERMUKIMAN - 1.03.1.04.2.11.01.0000,10817653000,65762905,2026,Non Tender,APBD,Cv. Harmoni karya,Pengadaan Langsung,Jasa Konsultansi Badan Usaha Konstruksi,DED Gedung Kantor Kecamatan Cidahu,SELESAI,98612400,98612400
KAB. SUKABUMI,DINAS PETERNAKAN - 3.27.0.00.0.00.01.0000,01KJBNRTWXESR7H48W6QDWMW6S,64669786,2026,E-Katalog 6.0,APBD,LINTAS AGRO,E-Purchasing,Barang,Belanja Bahan-Bahan Lainnya,ON PROCESS,15195900,15195900
KAB. SUKABUMI,"DINAS KOMUNIKASI, INFORMATIKA DAN PERSANDIAN - 2.16.2.21.2.20.01.0000",01KK0M3MB99PFA2N7W0Z3KSY7G,66236572,2026,E-Katalog 6.0,APBD,SAKTI PERKASA,E-Purchasing,Barang,Belanja Alat/Bahan untuk Kegiatan Kantor-Perabot Kantor - Sub Kegiatan Penyediaan Peralatan Rumah Tangga,PAYMENT OUTSIDE SYSTEM,13440990,13440990
KAB. SUKABUMI,DINAS PERIKANAN - 3.25.0.00.0.00.01.0000,10821412000,65390726,2026,Non Tender,APBD,cv. putra mandiri,Pengadaan Langsung,Pengadaan Barang,Pengadaan sarana usaha perikanan tangkap KUB TELUK SAMUDRA,SELESAI,174950000,0
KAB. SUKABUMI,UPTD PUSKESMAS GEGERBITUNG - 1.02.0.00.0.00.01.0009,01KTJF3H8M8375W0N6H98NN90P,66383204,2026,E-Katalog 6.0,APBD,INDO PRIANGAN KATULISTIWA,E-Purchasing,Barang,Belanja Bahan Medis Habis Pakai Puskesmas Gegerbitung,ON PROCESS,1110000,1110000
KAB. SUKABUMI,UOBK RSUD SEKARWANGI - 1.02.0.00.0.00.01.0002,01KJ5BGDDQM4JH70T8W6GD6VX4,63077986,2026,E-Katalog 6.0,BLUD,SINARAYA NUGRAHA AHMADARIS MEDIKA,E-Purchasing,Barang,Belanja Bahan - Bahan Lainnya (BMHP Farmasi),ON PROCESS,9468096,9468096
KAB. SUKABUMI,DINAS KESEHATAN - 1.02.0.00.0.00.01.0000,01KR0EGWKDKNG09NQ9XH9F90YN,67051401,2026,E-Katalog 6.0,APBDP,LAM PINTAR PARIPURNA,E-Purchasing,Jasa Lainnya,Belanja Kursus Singkat/Pelatihan (Pelatihan Perawatan Jangka Panjang Lanjut Usia Bagi Tenaga Kesehatan Di Masyarakat),ON PROCESS,370800000,370800000
KAB. SUKABUMI,DINAS KEPENDUDUKAN DAN PENCATATAN SIPIL - 2.12.0.00.0.00.01.0000,01KH3CBW35JM2XB5NV4YS770SZ,64090667,2026,E-Katalog 6.0,APBD,RUSYDA,E-Purchasing,Jasa Lainnya,Belanja Cetak Formulir Pelayanan F-1.06,PAYMENT OUTSIDE SYSTEM,24575720,24575720
KAB. SUKABUMI,DINAS PERHUBUNGAN - 2.15.0.00.0.00.01.0000,01KJEN3G26MBKA4Z30GFE39NSC,64706843,2026,E-Katalog 6.0,APBD,SADDAM ESTU MULIA,E-Purchasing,Jasa Lainnya,Pembangunan PJU di Wilayah Desa Parakanlima Kecamatan Cikembar (10 Titik),ON PROCESS,159396000,159396000
KAB. SUKABUMI,DINAS PENDIDIKAN - 1.01.0.00.0.00.01.0000,10796912000,66037149,2026,Non Tender,APBD,CV NAYA NIKA JAYA,Pengadaan Langsung,Jasa Konsultansi Badan Usaha Konstruksi,Jasa Konsultan Perencanaan Rehabilitasi Sedang / Berat Perpustakaan SD,SELESAI,4802000,4802000
KAB. SUKABUMI,UPTD PUSKESMAS WARUNGKIARA - 1.02.0.00.0.00.01.0030,01KPSEZJWB77GV07AJ1C7N4YF1,66149129,2026,E-Katalog 6.0,BLUD,NOVAPHARIN,E-Purchasing,Barang,Belanja Obat-Obatan Puskesmas Warungkiara,ON PROCESS,8607606,8607606
KAB. SUKABUMI,DINAS KESEHATAN - 1.02.0.00.0.00.01.0000,01KS4TXTQ4GW3MD3PSPWBKMGQR,65613325,2026,E-Katalog 6.0,APBD,IFARS PHARMACEUTICAL LABORATORIES,E-Purchasing,Barang,Pengadaan Obat Pelayanan Kesehatan Dasar PKD (DAK NF),ON PROCESS,17401248,17401248
KAB. SUKABUMI,UOBK RSUD SEKARWANGI - 1.02.0.00.0.00.01.0002,01KPSDDRXWWK1A57933QPGY0YJ,63077986,2026,E-Katalog 6.0,BLUD,SINAR RODA UTAMA,E-Purchasing,Barang,Belanja Bahan - Bahan Lainnya (BMHP Farmasi),ON PROCESS,3774000,3774000
KAB. SUKABUMI,DINAS PERHUBUNGAN - 2.15.0.00.0.00.01.0000,01KHAW0JAYYJSRRZSH7K8YGMD2,64706827,2026,E-Katalog 6.0,APBD,MARGATAMA,E-Purchasing,Jasa Lainnya,Pembangunan PJU di Wilayah Kec. Cisaat dan Kadudampit (31 Titik),ON PROCESS,493783500,493783500
KAB. SUKABUMI,UOBK RSUD SEKARWANGI - 1.02.0.00.0.00.01.0002,01KPZN376PP3N692THBPMNVMKQ,63079700,2026,E-Katalog 6.0,BLUD,FERRON PAR PHARMACEUTICALS,E-Purchasing,Barang,Belanja Obat-obatan-Obat,ON PROCESS,9963027,9963027
KAB. SUKABUMI,DINAS PENDIDIKAN - 1.01.0.00.0.00.01.0000,10883605000,66052757,2026,Non Tender,APBD,CV. BERKAH KONSTRUKSI,Pengadaan Langsung,Pekerjaan Konstruksi,Rehabilitasi Sedang / Berat Ruang Kelas SDN Pasirsuren  Kec. Palabuhanratu,SELESAI,136940775,136940775
KAB. SUKABUMI,UPTD PUSKESMAS CIKIDANG - 1.02.0.00.0.00.01.0037,01KPMRGK06JE465PBY5GXTCHCP,65984599,2026,E-Katalog 6.0,BLUD,ZAYIN ZAHIRA,E-Purchasing,Barang,Belanja Obat-Obatan-Obatan Lainnya ( BMHP ) UPTD Puskesmas Cikidang,COMPLETED,6593400,6593400
KAB. SUKABUMI,UPTD PUSKESMAS BOJONGGENTENG - 1.02.0.00.0.00.01.0040,01KJZ513C2WCPQ2EFRHQ2T90V7,65599917,2026,E-Katalog 6.0,BLUD,ZOLA KARYA PUTRA,E-Purchasing,Jasa Lainnya,Belanja Pemeliharaan Peralatan/Perlengkapan Kantor,COMPLETED,10212000,10212000
KAB. SUKABUMI,DINAS PEKERJAAN UMUM - 1.03.0.00.0.00.01.0000,10863873000,66621641,2026,Non Tender,APBD,CV. Bintang Maha Putra,Pengadaan Langsung,Pekerjaan Konstruksi,Daerah Irigasi Cimunding Desa Cijulang Kecamatan Jampang Tengah,SELESAI,281674774,281674774
KAB. SUKABUMI,UOBK RSUD SEKARWANGI - 1.02.0.00.0.00.01.0002,01KRX08XWCQ71MDRVWSZP1V3Z2,63079700,2026,E-Katalog 6.0,BLUD,TUNGGAL IDAMAN ABDI,E-Purchasing,Barang,Belanja Obat-obatan-Obat,ON PROCESS,34275263,0
KAB. SUKABUMI,DINAS PEKERJAAN UMUM - 1.03.0.00.0.00.01.0000,10832482000,66694834,2026,Non Tender,APBD,CV. FIKRI PRIMA PERKASA,Pengadaan Langsung,Pekerjaan Konstruksi,Pembuatan Plat Beton Ruas Jalan Nyalindung - Cijeruk Kecamatan Sukaraja,SELESAI,97865035,97865035
KAB. SUKABUMI,DINAS PENDIDIKAN - 1.01.0.00.0.00.01.0000,10852875000,66681949,2026,Non Tender,APBD,CV AKSA KARYATIVE KONSULTANT,Pengadaan Langsung,Jasa Konsultansi Badan Usaha Konstruksi,Jasa Konsultansi Pengawasan Ruang Pengawas,SELESAI,7600000,7600000
KAB. SUKABUMI,UPTD PUSKESMAS CIDOLOG - 1.02.0.00.0.00.01.0014,01KNS43MZN47PY6XEYR6XSACJS,66336501,2026,E-Katalog 6.0,BLUD,IMFARMIND FARMASI INDUSTRI,E-Purchasing,Barang,Belanja Obat-Obatan-Obat Puskesmas Cidolog,PAYMENT OUTSIDE SYSTEM,2151513,2151513
KAB. SUKABUMI,DINAS PENDIDIKAN - 1.01.0.00.0.00.01.0000,10888981000,66052888,2026,Non Tender,APBD,Cv. Harmoni karya,Pengadaan Langsung,Jasa Konsultansi Badan Usaha Konstruksi,Jasa Konsultan Pengawasan Rehabilitasi Sedang / Berat Ruang Kelas SD Wilayah 4,SELESAI,24058020,24058020
KAB. SUKABUMI,UPTD PUSKESMAS CIKIDANG - 1.02.0.00.0.00.01.0037,01KKGEQQ8R3VVA191K1V1KKS2J,65984599,2026,E-Katalog 6.0,BLUD,INDO PRIANGAN KATULISTIWA,E-Purchasing,Barang,Belanja Obat-Obatan-Obatan Lainnya ( BMHP ) UPTD Puskesmas Cikidang,COMPLETED,5028300,5028300
KAB. SUKABUMI,UOBK RSUD SEKARWANGI - 1.02.0.00.0.00.01.0002,01KRXESPR62X5GM4MAVS75CA0R,63079700,2026,E-Katalog 6.0,BLUD,PHAPROS,E-Purchasing,Barang,Belanja Obat-obatan-Obat,ON PROCESS,11066256,11066256
KAB. SUKABUMI,UOBK RSUD SEKARWANGI - 1.02.0.00.0.00.01.0002,01KPPZ2R11GM8QHA7ASCD967RS,63077986,2026,E-Katalog 6.0,BLUD,IDS MEDICAL SYSTEMS INDONESIA,E-Purchasing,Barang,Belanja Bahan - Bahan Lainnya (BMHP Farmasi),ON PROCESS,11421900,0
KAB. SUKABUMI,"BADAN PERENCANAAN PEMBANGUNAN, RISET DAN INOVASI DAERAH - 5.01.5.05.0.00.01.0000",01KK8GXBPTE10QT6FGCS38AJEX,64614693,2026,E-Katalog 6.0,APBD,DERMA UTAMA ABADI,E-Purchasing,Jasa Lainnya,Belanja Makanan dan Minuman Rapat-Asistensi Bidang Sumber Daya Alam,PAYMENT OUTSIDE SYSTEM,2100000,2100000
KAB. SUKABUMI,UOBK RSUD SEKARWANGI - 1.02.0.00.0.00.01.0002,01KPQG2VQEF6BZ2GW4Y84PKJ4A,63079700,2026,E-Katalog 6.0,BLUD,FINUSOLPRIMA FARMA INTERNASIONAL,E-Purchasing,Barang,Belanja Obat-obatan-Obat,ON PROCESS,2804992,2804992
KAB. SUKABUMI,BADAN PENANGGULANGAN BENCANA DAERAH - 1.05.0.00.0.00.02.0000,01KHWDMSS4PP2NGJS3KCGZJXRR,64620176,2026,E-Katalog 6.0,APBD,VIDIA PRADIPTAREKA,E-Purchasing,Barang,Bufferstock Penangulangan Banjir dan Longsor,ON PROCESS,410422500,410422500
KAB. SUKABUMI,DINAS PERHUBUNGAN - 2.15.0.00.0.00.01.0000,01KJYNVCWZZAP03G962SP3AK4B,66231730,2026,E-Katalog 6.0,APBD,SADULUR SAJATI,E-Purchasing,Jasa Lainnya,Belanja Alat/Bahan untuk Kegiatan Kantor-Bahan Cetak Alat Tulis Kantor,PAYMENT OUTSIDE SYSTEM,35514450,35514450
KAB. SUKABUMI,DINAS PEKERJAAN UMUM - 1.03.0.00.0.00.01.0000,10925649000,66775686,2026,Non Tender,APBD,PT. CAHAYA ABADI KONSULTINDO,Pengadaan Langsung,Jasa Konsultansi Badan Usaha Non Konstruksi,DED Ruas Jalan Sinagar barurata,SELESAI,99539250,99539250
KAB. SUKABUMI,DINAS PERTANIAN - 3.27.2.09.0.00.01.0000,10800583000,63468838,2026,Non Tender,APBD,CV. PILAR TEGAR UTAMA,Pengadaan Langsung,Pekerjaan Konstruksi,Persediaan Untuk Dijual/Diserahkan Lainnya - Jaringan Irigasi Pertanian Kec. Surade Desa Buniwangi Poktan Cibungur,SELESAI,199692439,199692439
KAB. SUKABUMI,DINAS PERHUBUNGAN - 2.15.0.00.0.00.01.0000,01KH9BWK3A7MEH8BFDPQV9EEXB,64706867,2026,E-Katalog 6.0,APBD,ARKASA PUTRA PRATAMA,E-Purchasing,Jasa Lainnya,Pembangunan PJU di Wilayah Desa Cibadak Kecamatan Cibadak (9 Titik),ON PROCESS,143156700,143156700
KAB. SUKABUMI,UOBK RSUD SEKARWANGI - 1.02.0.00.0.00.01.0002,01KFDCNY3E9KGDAV30Z9DS8N0N,63357286,2026,E-Katalog 6.0,BLUD,DOCARE LARAS INDONESIA,E-Purchasing,Barang,Belanja Bahan-Bahan Lainnya (BHP Sanitasi dan APD),ON PROCESS,26398908,26398908
KAB. SUKABUMI,UPTD PUSKESMAS CITARIK - 1.02.0.00.0.00.01.0032,01KWG9BDC21YBN8M4M7PPE0TXW,65505780,2026,E-Katalog 6.0,BLUD,NOVAPHARIN,E-Purchasing,Barang,Belanja Obat Puskesmas Citarik (e-Catalog),ON PROCESS,1864800,1864800
KAB. SUKABUMI,UPTD PUSKESMAS CIKIDANG - 1.02.0.00.0.00.01.0037,01KVY886Z48FY52ZAKN5997RFK,65984599,2026,E-Katalog 6.0,BLUD,MENARA MEDIKA PRATAMA,E-Purchasing,Barang,Belanja Obat-Obatan-Obatan Lainnya ( BMHP ) UPTD Puskesmas Cikidang,ON PROCESS,2874900,2874900
KAB. SUKABUMI,DINAS PEMADAM KEBAKARAN DAN PENYELAMATAN - 1.05.0.00.0.00.01.0000,01KJ6YHZ1X18B99N5D4H16DCJ4,65808519,2026,E-Katalog 6.0,APBD,BUDI JAYA,E-Purchasing,Barang,Belanja Perlengkapan Dinas (Sepatu Boot),ON PROCESS,5494500,5494500
KAB. SUKABUMI,UPTD PUSKESMAS WARUNGKIARA - 1.02.0.00.0.00.01.0030,01KTN398PPT077JBMJ96620X7J,66149364,2026,E-Katalog 6.0,BLUD,MULAWARMAN KESADA MEDICALINDO,E-Purchasing,Barang,Belanja Bahan Medis Habis Pakai Puskesmas Warungkiara,ON PROCESS,7326000,7326000
KAB. SUKABUMI,UOBK RSUD SEKARWANGI - 1.02.0.00.0.00.01.0002,01KHN0TET7J0G62ZZW83T6JWS0,63079700,2026,E-Katalog 6.0,BLUD,LAPI LABORATORIES,E-Purchasing,Barang,Belanja Obat-obatan-Obat,ON PROCESS,5524470,5524470
KAB. SUKABUMI,DINAS PERUMAHAN DAN KAWASAN PERMUKIMAN - 1.03.1.04.2.11.01.0000,01KWHFADTAKVFF2EQV2H9D7Y08,67290421,2026,E-Katalog 6.0,APBD,BINTANG JAYA PERKASA,E-Purchasing,Pekerjaan Konstruksi,Gedung Kantor Kecamatan Surade,ON PROCESS,2981416369,2981416369
KAB. SUKABUMI,"BADAN PERENCANAAN PEMBANGUNAN, RISET DAN INOVASI DAERAH - 5.01.5.05.0.00.01.0000",01KH56CTXN15969EJQ8VCB12BB,65420854,2026,E-Katalog 6.0,APBD,DERMA UTAMA ABADI,E-Purchasing,Barang,"Belanja Jasa Iklan/Reklame, Film, dan Pemotretan - Tema Marhaban Ya Ramadhan ",PAYMENT OUTSIDE SYSTEM,2100000,2100000
KAB. SUKABUMI,BADAN PENANGGULANGAN BENCANA DAERAH - 1.05.0.00.0.00.02.0000,10774347000,65074498;65074499;65074501,2026,Non Tender,APBD,CV. SEJAHTERA MANDIRI,Pengadaan Langsung,Pengadaan Barang,"Belanja Alat/Bahan untuk Kegiatan Kantor-Alat Tulis Kantor,Belanja Alat/Bahan untuk Kegiatan Kantor- Kertas dan Cover,Belanja Alat/Bahan untuk Kegiatan Kantor-Bahan Komputer",SELESAI,68682500,68682500
KAB. SUKABUMI,DINAS PERUMAHAN DAN KAWASAN PERMUKIMAN - 1.03.1.04.2.11.01.0000,10930923000,65761340,2026,Non Tender,APBD,CV AA KURNIA ASIH,Pengadaan Langsung,Pekerjaan Konstruksi,Drainase Lingkungan Rt002-Rw021 Kecamatan Pelabuhanratu Desa Citepus,BERLANGSUNG,95177602,95177602
KAB. SUKABUMI,DINAS KESEHATAN - 1.02.0.00.0.00.01.0000,10891403000,66862141,2026,Non Tender,APBD,CV ILHAM JAYA,Pengadaan Langsung,Pekerjaan Konstruksi,Rehabilitasi Puskesmas Pembantu [Pustu]  Desa Neglasari Puskesmas Lengkong,SELESAI,134484000,134484000
KAB. SUKABUMI,KECAMATAN JAMPANG KULON - 7.01.0.00.0.00.24.0000,01KKB53FQ6GSHPXA8BVYBG9KK2,66861877,2026,E-Katalog 6.0,APBD,HADIL MAHASIN,E-Purchasing,Barang,Belanja ModalPersonal Computer dan Alat Rumah Tangga Lainnya ,PAYMENT OUTSIDE SYSTEM,112476300,112476300
KAB. SUKABUMI,UPTD PUSKESMAS CIJANGKAR - 1.02.0.00.0.00.01.0011,01KSH4GWT6EKAPV84M5K0J5CVM,65514944,2026,E-Katalog 6.0,BLUD,HOLIPAH,E-Purchasing,Barang,Belanja alat/Bahan untuk kegiatan perabot kantor Puskesmas Cijangkar,ON PROCESS,1860027,1860027
KAB. SUKABUMI,BADAN KEPEGAWAIAN DAN PENGEMBANGAN SUMBER DAYA MANUSIA - 5.03.5.04.0.00.01.0000,01KGGN2TNFNP4CAGJYZ9NHYADC,64333488,2026,E-Katalog 6.0,APBD,EDRA AUSI AKBAR,E-Purchasing,Jasa Lainnya,Belanja Makanan dan Minuman Panitia/Peserta Kegiatan Desk Penerima Penghargaan Lingkup Perangkat Daerah dan Kecamatan,PAYMENT OUTSIDE SYSTEM,13860000,13860000
KAB. SUKABUMI,DINAS SOSIAL - 1.06.0.00.0.00.01.0000,01KPQ6E6WXNYXQV3SNG75KEMES,66965863,2026,E-Katalog 6.0,APBD,PUTERA CIBOLANG,E-Purchasing,Barang,Pengadaan Permakanan/Sembako bagi PPKS Lainnya bukan korban HIV/AIDS danNAPZA,ON PROCESS,5904090,5904090
KAB. SUKABUMI,DINAS PEKERJAAN UMUM - 1.03.0.00.0.00.01.0000,10899971000,66738890,2026,Non Tender,APBD,Cv. Harmoni karya,Pengadaan Langsung,Jasa Konsultansi Badan Usaha Non Konstruksi,Konsultan Pengawasan Ruas Jalan Caringin - Cidahu Kecamatan Cidahu,SELESAI,49783500,49783500
KAB. SUKABUMI,DINAS PERDAGANGAN DAN PERINDUSTRIAN - 3.31.3.29.3.30.01.0000,10820486000,63905358,2026,Non Tender,APBD,PT.BINA MUDA KONSULTAN,Pengadaan Langsung,Jasa Konsultansi Badan Usaha Konstruksi,Jasa Konsultansi Perencanaan Pengaspalan Jalan Lingkar Pasar Jampangtengah,SELESAI,11932500,11932500
KAB. SUKABUMI,UPTD PUSKESMAS TEGALBULEUD - 1.02.0.00.0.00.01.0019,01KRTWBCWCGYKGZHGRC22PGG8S,67144372,2026,E-Katalog 6.0,BLUD,ZAYIN ZAHIRA,E-Purchasing,Barang,Belanja Alat/Bahan untuk Kegiatan Kantor-Alat Tulis Kantor,PAYMENT OUTSIDE SYSTEM,5850810,5850810
KAB. SUKABUMI,DINAS PERUMAHAN DAN KAWASAN PERMUKIMAN - 1.03.1.04.2.11.01.0000,10884912000,67211681,2026,Non Tender,APBD,CV. INAYA MULYA SELARAS,Pengadaan Langsung,Pekerjaan Konstruksi,Jaling Kp Gentong RT05 RW06 Desa Sukadamai Kec Cicantayan,SELESAI,191738201,191738201
KAB. SUKABUMI,DINAS PERUMAHAN DAN KAWASAN PERMUKIMAN - 1.03.1.04.2.11.01.0000,10914312000,65763065,2026,Non Tender,APBD,CV AURA BANGUN PERSADA,Pengadaan Langsung,Pekerjaan Konstruksi,"Drainase Kp. Marinjung Rt. 003 Rw. 004Desa Margalaksana Kecamatan Cikakak, Kab. Sukabumi",SELESAI,95769565,95769565
KAB. SUKABUMI,UOBK RSUD SEKARWANGI - 1.02.0.00.0.00.01.0002,01KS6NHE1GE58TYEBJYBQZGZ5M,63077986,2026,E-Katalog 6.0,BLUD,TOP-POINT MEDICAL,E-Purchasing,Barang,Belanja Bahan - Bahan Lainnya (BMHP Farmasi),ON PROCESS,56112165,56112165
KAB. SUKABUMI,UPTD PUSKESMAS CIRACAP - 1.02.0.00.0.00.01.0023,01KRWME7ATTNDTTEPF8ASW8CWC,65631591,2026,E-Katalog 6.0,BLUD,TRIMAN,E-Purchasing,Barang," Beban Obat-Obatan-Obat ",ON PROCESS,926850,926850
KAB. SUKABUMI,DINAS PEKERJAAN UMUM - 1.03.0.00.0.00.01.0000,10845678000,66725080,2026,Non Tender,APBD,CV. ADEN RIZA KARYA,Pengadaan Langsung,Pekerjaan Konstruksi,Pembuatan Plat Beton Ruas Jalan Cimahi - Bojong Kecamatan Cicantayan,SELESAI,87924556,87924556
KAB. SUKABUMI,UOBK RSUD SEKARWANGI - 1.02.0.00.0.00.01.0002,01KH6E9N0P5Q8TGSZMZQRRD5W3,63079700,2026,E-Katalog 6.0,BLUD,DEXA MEDICA,E-Purchasing,Barang,Belanja Obat-obatan-Obat,ON PROCESS,30572502,30572502
KAB. SUKABUMI,DINAS PEKERJAAN UMUM - 1.03.0.00.0.00.01.0000,10135447000,66691201,2026,Tender,APBD,CV. DEMI KARYA,Tender,Pekerjaan Konstruksi,Ruas Jalan Pangleseran - Cibatu Kecamatan Cikembar,SELESAI,3580014468,3580014468
KAB. SUKABUMI,UOBK RSUD SEKARWANGI - 1.02.0.00.0.00.01.0002,01KJ6PMYFRZWPBN2J6J30RW4ZQ,63077986,2026,E-Katalog 6.0,BLUD,SINAR RODA UTAMA,E-Purchasing,Barang,Belanja Bahan - Bahan Lainnya (BMHP Farmasi),ON PROCESS,13320000,13320000
KAB. SUKABUMI,DINAS PERHUBUNGAN - 2.15.0.00.0.00.01.0000,01KJCPJK0HN76W1VKP1FXHFKVA,64706874,2026,E-Katalog 6.0,APBD,FADHILLAH,E-Purchasing,Jasa Lainnya,Pembangunan PJU di Wilayah Desa Sukadamai dan Lembursawah Kec. Cicantayan (12 Titik,ON PROCESS,191208600,191208600
KAB. SUKABUMI,BADAN PENDAPATAN DAERAH - 5.02.0.00.0.00.02.0000,01KG6W9VW798641GGRSDYBMX94,64433151,2026,E-Katalog 6.0,APBD,RUSYDA,E-Purchasing,Barang,Penyediaan Peralatan dan Perlengkapan Kantor,PAYMENT OUTSIDE SYSTEM,75545712,75545712
KAB. SUKABUMI,UOBK RSUD PALABUHANRATU - 1.02.0.00.0.00.01.0001,01KH8WCGS2FYKSEFF55M3SHTF8,64622587,2026,E-Katalog 6.0,BLUD,ASA MULIA,E-Purchasing,Barang,Belanja Obat - Obatan,ON PROCESS,49253475,49253475
KAB. SUKABUMI,UPTD PUSKESMAS KARAWANG - 1.02.0.00.0.00.01.0003,01KKGC1JME8H4A27PDQBTAN0EH,66456337,2026,E-Katalog 6.0,BLUD,PERUSAHAAN PERSEROAN (PERSERO) PT KIMIA FARMA,E-Purchasing,Barang,Belanja Obat-Obatan PPK BLUD UPT Puskesmas Karawang Tahun 2026,ON PROCESS,3052589,3052589
KAB. SUKABUMI,DINAS PERTANIAN - 3.27.2.09.0.00.01.0000,10866579000,63468818,2026,Non Tender,APBD,CV. MAHA DEWA CONTRACTOR,Pengadaan Langsung,Pekerjaan Konstruksi,Persediaan Untuk Dijual/Diserahkan Lainnya - Jaringan Irigasi Pertanian Kec. Kalibunder Desa Sukaluyu Poktan Sinta,SELESAI,87479421,87479421
KAB. SUKABUMI,DINAS PERUMAHAN DAN KAWASAN PERMUKIMAN - 1.03.1.04.2.11.01.0000,10908572000,67216131,2026,Non Tender,APBD,CV. Bintang Maha Putra,Pengadaan Langsung,Pekerjaan Konstruksi,Pipanisasi lapang cangehgar Kelurahan Palabuhanratu Kec Palabuhanratu,SELESAI,146180116,146180116
KAB. SUKABUMI,DINAS PEKERJAAN UMUM - 1.03.0.00.0.00.01.0000,10135891000,66694672,2026,Tender,APBD,CV. DIAN MANDIRI,Tender,Pekerjaan Konstruksi,Beton Badan Ruas Jalan Sukaraja - Paldua Kecamatan Gegerbitung,SELESAI,1010653572,1010653572
KAB. SUKABUMI,SATUAN POLISI PAMONG PRAJA - 1.05.0.00.0.00.03.0000,01KN1FJ005XRQ9YKJ2BZYNXE72,65546851,2026,E-Katalog 6.0,APBD,GALUH PUTRA UTAMA,E-Purchasing,Barang,Belanja Perlengkapan Dinas Peningkatan Sarana dan Prasarana Disiplin Pegawai Satpol PP Kab. Sukabumi,ON PROCESS,81880704,81880704
KAB. SUKABUMI,DINAS KESEHATAN - 1.02.0.00.0.00.01.0000,01KPD5R9TMHVBGH1D4B51T3JGY,65508598,2026,E-Katalog 6.0,APBDP,MITRA SAKTI UTAMA,E-Purchasing,Barang,Belanja Makanan dan Minuman Rapat,ON PROCESS,244950000,244950000
KAB. SUKABUMI,DINAS PERUMAHAN DAN KAWASAN PERMUKIMAN - 1.03.1.04.2.11.01.0000,10834305000,66933138,2026,Non Tender,APBD,CV. ERKA SATRIA AL HAKIM,Pengadaan Langsung,Pekerjaan Konstruksi,Jalan Lingkungan Rt008-Rw003 Desa Kutajaya Kecamatan Cicurug,SELESAI,192559079,192559079
KAB. SUKABUMI,DINAS PENDIDIKAN - 1.01.0.00.0.00.01.0000,10898729000,66269014,2026,Non Tender,APBD,CV. CIPTA KARYA,Pengadaan Langsung,Pekerjaan Konstruksi,Rehabilitasi Sedang / Berat Ruang Kelas SDN 1 Kalibunder  Kec. Kalibunder,SELESAI,278600000,278600000
KAB. SUKABUMI,DINAS PEKERJAAN UMUM - 1.03.0.00.0.00.01.0000,10802980000,66284558,2026,Non Tender,APBD,CV BINTANG GROUP,Pengadaan Langsung,Pekerjaan Konstruksi,Ruas Jalan Pelita Kecamatan Palabuhanratu,SELESAI,186215970,186215970
KAB. SUKABUMI,UOBK RSUD SEKARWANGI - 1.02.0.00.0.00.01.0002,01KKJRK1G82ADKFH2GSP1TAHBS,63077986,2026,E-Katalog 6.0,BLUD,INDOMEDIKA SOLUSINDO,E-Purchasing,Barang,Belanja Bahan - Bahan Lainnya (BMHP Farmasi),ON PROCESS,2849997,0
KAB. SUKABUMI,DINAS PERHUBUNGAN - 2.15.0.00.0.00.01.0000,01KHT1FZP1DHM4Z0RMGY3WN7MD,64706829,2026,E-Katalog 6.0,APBD,ARKASA PUTRA PRATAMA,E-Purchasing,Jasa Lainnya,Pembangunan PJU di Wilayah Kec. Tegalbuleud (14 Titik),ON PROCESS,222688200,222688200
KAB. SUKABUMI,SEKRETARIAT DAERAH - 4.01.0.00.0.00.01.0000,10807611000,66079252,2026,Non Tender,APBD,Cv Karya Darmawan,Pengadaan Langsung,Pekerjaan Konstruksi,Pemeliharaan Bangunan Pendopo Palabuhanratu,SELESAI,129270277,129270277
KAB. SUKABUMI,SEKRETARIAT DAERAH - 4.01.0.00.0.00.01.0000,01KPWB6HBVMKXGA0NZG4F5BHQR,66326891,2026,E-Katalog 6.0,APBD,HADIL MAHASIN,E-Purchasing,Barang,Belanja Modal Alat Kantor dan Rumah Tangga,ON PROCESS,91008900,91008900
KAB. SUKABUMI,DINAS PERTANIAN - 3.27.2.09.0.00.01.0000,10843688000,63468802,2026,Non Tender,APBD,CV KARYA PALABUAN SAMUDRA,Pengadaan Langsung,Pekerjaan Konstruksi,Persediaan Untuk Dijual/Diserahkan Lainnya - Jaringan Irigasi Pertanian Kec. Cikakak Desa Cimaja Poktan Cimaja Mandiri,SELESAI,138537190,138537190
KAB. SUKABUMI,UOBK RSUD SEKARWANGI - 1.02.0.00.0.00.01.0002,01KJYTC6VYRP3EBY8MSS4E67GJ,63079700,2026,E-Katalog 6.0,BLUD,DEXA MEDICA,E-Purchasing,Barang,Belanja Obat-obatan-Obat,ON PROCESS,62129955,62129955
KAB. SUKABUMI,DINAS PERTANIAN - 3.27.2.09.0.00.01.0000,10819646000,66489495,2026,Non Tender,APBD,cv.zakaria,Pengadaan Langsung,Pekerjaan Konstruksi,Persediaan Untuk Dijual/Diserahkan Lainnya - Jaringan Irigasi Pertanian Kec. Sagaranten Desa Hergarmanah Gapoktan Hegar Tani,SELESAI,184452329,184452329
KAB. SUKABUMI,DINAS PENANAMAN MODAL DAN PELAYANAN TERPADU SATU PINTU - 2.18.0.00.0.00.01.0000,10817186000,64493989,2026,Non Tender,APBD,CV. Sakti Perkasa,Pengadaan Langsung,Pengadaan Barang,Belanja Penyediaan Peralatan Rumah Tangga,SELESAI,13166500,0
KAB. SUKABUMI,DINAS PERHUBUNGAN - 2.15.0.00.0.00.01.0000,01KHK0RACEJ8XY276BNPRNKJQ3,64706807,2026,E-Katalog 6.0,APBD,KARYA SUMBER REZEKY,E-Purchasing,Jasa Lainnya,Pembangunan PJU di Wilayah Kec. Lengkong (4 Titik),ON PROCESS,63603000,63603000
KAB. SUKABUMI,BADAN KEPEGAWAIAN DAN PENGEMBANGAN SUMBER DAYA MANUSIA - 5.03.5.04.0.00.01.0000,01KQDZN42GW0Q66TKGF4AGYXQD,63544298,2026,E-Katalog 6.0,APBD,VIANIE,E-Purchasing,Jasa Lainnya,Belanja Jamuan Peserta/Panitia Pemberkasan dan Penandatanganan Dokumen Perjanjian Kerja PPPK,ON PROCESS,19818000,19818000
KAB. SUKABUMI,"DINAS KOMUNIKASI, INFORMATIKA DAN PERSANDIAN - 2.16.2.21.2.20.01.0000",10828734000,64152859,2026,Non Tender,APBD,PT. BERKAH JAYA ELECTRIK,Pengadaan Langsung,Jasa Lainnya,"Belanja Jasa Pemasangan Instalasi Telepon, Air, dan Listrik - Sub Kegiatan Penyediaan Komponen Instalasi Listrik/Penerangan Bangunan Kantor",SELESAI,83696553,83696553
KAB. SUKABUMI,UOBK RSUD SEKARWANGI - 1.02.0.00.0.00.01.0002,01KKJR26A70VVCAKE5S8GEJ9GZ,63077986,2026,E-Katalog 6.0,BLUD,DWIASRI GRAHA,E-Purchasing,Barang,Belanja Bahan - Bahan Lainnya (BMHP Farmasi),ON PROCESS,10530024,10530024
KAB. SUKABUMI,UPTD PUSKESMAS CICANTAYAN - 1.02.0.00.0.00.01.0051,01KR05EYAWETNJ46MD90N4V06G,65438298,2026,E-Katalog 6.0,BLUD,ERLANGGA EDI LABORATORIES,E-Purchasing,Barang,Belanja Obat-Obatan Puskesmas Cicantayan Tahun 2026,ON PROCESS,4495500,4495500
KAB. SUKABUMI,DINAS KEPENDUDUKAN DAN PENCATATAN SIPIL - 2.12.0.00.0.00.01.0000,01KG6DADBGZVZ0BAZ5C7N6REYG,64094577,2026,E-Katalog 6.0,APBD,CIPTA BUMI PERSADA,E-Purchasing,Jasa Lainnya,Belanja Alat/Bahan Listrik dan Penerangan Gedung Kantor Disdukcapil dan UPTD,PAYMENT OUTSIDE SYSTEM,9000990,9000990
KAB. SUKABUMI,BADAN PENDAPATAN DAERAH - 5.02.0.00.0.00.02.0000,10913263000,67088571,2026,Non Tender,APBD,CV ADITYA SANUBARI,Pengadaan Langsung,Pekerjaan Konstruksi,Rehab Gedung Kantor,SELESAI,206125829,206125829
KAB. SUKABUMI,UPTD PUSKESMAS CIJANGKAR - 1.02.0.00.0.00.01.0011,01KS6Z6YGJ6YE85HY1X51ZWBZ4,65513865,2026,E-Katalog 6.0,BLUD,HOLIPAH,E-Purchasing,Barang,Belanja Alat/Bahan Untuk Kegiatan kantor -Bahan Komputer Puskesmas Cijangkar,COMPLETED,592740,592740
KAB. SUKABUMI,DINAS SOSIAL - 1.06.0.00.0.00.01.0000,01KVPYHF9V3SJY801B8VZDH0JH,65017195,2026,E-Katalog 6.0,APBD,BAHAGIA,E-Purchasing,Barang,Pengadaan Kaos Peserta dalam rangka HLUN Tahun 2026 Tingkat Kabupaten Sukabumi,ON PROCESS,37499963,37499963
KAB. SUKABUMI,DINAS PEKERJAAN UMUM - 1.03.0.00.0.00.01.0000,01KQQZAFXCBAY8ZT2DRVQ2E1NK,67006253,2026,E-Katalog 6.0,APBD,VAHRACONS,E-Purchasing,Pekerjaan Konstruksi,Pembuatan Beton Badan jalan Ruas Jalan Sukaraja - Paldua (Mahoni) Kecamatan Sukaraja,ON PROCESS,1654289085,1654289085
KAB. SUKABUMI,DINAS PERUMAHAN DAN KAWASAN PERMUKIMAN - 1.03.1.04.2.11.01.0000,10857181000,67059435,2026,Non Tender,APBD,CV. NAYRA CAHAYA KONSTRUKSI,Pengadaan Langsung,Pekerjaan Konstruksi,Jalan Lingkungan Kecamatan Cicurug Desa Kutajaya Rt006-Rw003,SELESAI,192430674,192430674
KAB. SUKABUMI,DINAS PERIKANAN - 3.25.0.00.0.00.01.0000,10834495000,66235545,2026,Non Tender,APBD,CV. Sumber Kuat,Pengadaan Langsung,Pengadaan Barang,Pengadaan Bantuan Kapal KUB Mekar Arum,SELESAI,90000000,0
KAB. SUKABUMI,DINAS PERTANIAN - 3.27.2.09.0.00.01.0000,10903942000,63468841,2026,Non Tender,APBD,CV. MAHA DEWA CONTRACTOR,Pengadaan Langsung,Pekerjaan Konstruksi,Persediaan Untuk Dijual/Diserahkan Lainnya - Jaringan Irigasi Pertanian Kec. Jampang Kulon Desa Cikarang Poktan Padasuka,SELESAI,74877485,74877485
KAB. SUKABUMI,DINAS PERIKANAN - 3.25.0.00.0.00.01.0000,10838165000,66235705,2026,Non Tender,APBD,CV. Jaya Mitra,Pengadaan Langsung,Pengadaan Barang,Pengadaan Digitalisasi (Sarana Navigasi Kapal),SELESAI,56500000,0
KAB. SUKABUMI,DINAS PERTANIAN - 3.27.2.09.0.00.01.0000,10818157000,63468862,2026,Non Tender,APBD,CV. RATU TANJUNG BERKAH,Pengadaan Langsung,Pekerjaan Konstruksi,Persediaan Untuk Dijual/Diserahkan Lainnya - Jaringan Irigasi Pertanian Kec. Simpenan Desa Loji Poktan Sugih Mukti,SELESAI,184807805,184807805
KAB. SUKABUMI,DINAS PEKERJAAN UMUM - 1.03.0.00.0.00.01.0000,10132101000,66986575,2026,Tender,APBD,,Seleksi,Jasa Konsultansi Badan Usaha Konstruksi,DED Daerah Irigasi Cibungaok,SELESAI,199960950,199960950
KAB. SUKABUMI,DINAS PERTANIAN - 3.27.2.09.0.00.01.0000,10819527000,63468781,2026,Non Tender,APBD,CV ADITYA SANUBARI,Pengadaan Langsung,Pekerjaan Konstruksi,Persediaan Untuk Dijual/Diserahkan Lainnya - Jaringan Irigasi Pertanian Kec. Cikembar Desa Parakanlima Poktan Adi Tani,SELESAI,199541874,199541874
KAB. SUKABUMI,UPTD PUSKESMAS BANTARGADUNG - 1.02.0.00.0.00.01.0031,01KPYTB4KG86V2RYEZFD5K1BWC,66286510,2026,E-Katalog 6.0,BLUD,NOVAPHARIN,E-Purchasing,Barang,Belanja bahan obat-obatan (Puskesmas Bantargadung),ON PROCESS,1827060,1827060
KAB. SUKABUMI,DINAS PERTANIAN - 3.27.2.09.0.00.01.0000,10800086000,63922133,2026,Non Tender,APBD,CV. KARUNIA ABADI KONSULTAN,Pengadaan Langsung,Jasa Konsultansi Badan Usaha Konstruksi,Belanja Modal Bangunan Pembuang Pengaman Sungai (Jasa Konsultan Pengawasan  Pembangunan Drainase Kantor Dinas Pertanian),SELESAI,2968140,2968140
