nama_instansi,nama_satuan_kerja,kode_paket,kode_rup,tahun_anggaran,sumber_transaksi,sumber_dana,nama_penyedia,metode_pengadaan,jenis_pengadaan,nama_paket,status_paket,total_nilai,nilai_pdn
KAB. SAMBAS,DINAS PEKERJAAN UMUM DAN PENATAAN RUANG - 1.03.0.00.0.00.01.0000,10868307000,64932160,2026,Non Tender,APBD,CV GALUH SAVITRI,Pengadaan Langsung,Pekerjaan Konstruksi,Pemeliharaan Saluran Desa Berlimang Kec. Teluk Keramat,SELESAI,184769383,184769383
KAB. SAMBAS,DINAS PERTANIAN DAN KETAHANAN PANGAN - 2.09.3.27.0.00.02.0000,10846473000,66707076,2026,Non Tender,APBD,CV. KARYA ABADI BERSAMA,Pengadaan Langsung,Pekerjaan Konstruksi,"Pembangunan, Rehabilitasi Tata Air Mikro Dusun Sederas Desa Matang Danau Kecamatan Paloh",SELESAI,175643000,175643000
KAB. SAMBAS,DINAS PEKERJAAN UMUM DAN PENATAAN RUANG - 1.03.0.00.0.00.01.0000,10838592000,66977797,2026,Non Tender,APBD,CV. ZENTHA MULTI PRAKARSA,Pengadaan Langsung,Jasa Konsultansi Badan Usaha Konstruksi,Jasa Konsultansi Pengawasan Peningkatan Poros Desa Paket VII,SELESAI,99804984,99804984
KAB. SAMBAS,DINAS PEKERJAAN UMUM DAN PENATAAN RUANG - 1.03.0.00.0.00.01.0000,10826598000,66145304,2026,Non Tender,APBD,CV. Kotakita Kalbar,Pengadaan Langsung,Jasa Konsultansi Badan Usaha Non Konstruksi,Peninjauan Kembali Perda No 7 Tahun 2020 tentang RDTR Kawasan Perkotaan Sambas Tahun 2020 - 2040,SELESAI,99160518,99160518
KAB. SAMBAS,RSUD PEMANGKAT - 1.02.0.00.0.00.01.0029,01KVYN2FWN25F1FGH5FVFEMYD1,65093976,2026,E-Katalog 6.0,APBD,DWICENTRA CAHAYA WIGUNA,E-Purchasing,Barang,Pengadaan BMHP Rumah Sakit,ON PROCESS,56716929,56716929
KAB. SAMBAS,RSUD PEMANGKAT - 1.02.0.00.0.00.01.0029,01KQ7KPH5B0VAWHMXZXR0NAZND,65093976,2026,E-Katalog 6.0,APBD,LIKUID PHARMALAB INDONESIA,E-Purchasing,Barang,Pengadaan BMHP Rumah Sakit,ON PROCESS,21597175,21597175
KAB. SAMBAS,"DINAS PERUMAHAN RAKYAT, KAWASAN PERMUKIMAN DAN LINGKUNGAN HIDUP - 2.11.1.03.1.04.04.0000",10919433000,66389608,2026,Non Tender,APBD,CV. Titha Prima,Pengadaan Langsung,Pekerjaan Konstruksi,Pengembangan Jaringan Distribusi dan Sambungan Rumah (SR) Desa Tekarang Kec.Tekarang,SELESAI,249147220,249147220
KAB. SAMBAS,DINAS PEKERJAAN UMUM DAN PENATAAN RUANG - 1.03.0.00.0.00.01.0000,10877260000,66979294,2026,Non Tender,APBD,CV. EPITEX MIKA ENGINEERING,Pengadaan Langsung,Jasa Konsultansi Badan Usaha Konstruksi,Jasa Konsultansi Pengawasan Peningkatan Poros Desa Paket VIII,SELESAI,75814199,75814199
KAB. SAMBAS,DINAS PEKERJAAN UMUM DAN PENATAAN RUANG - 1.03.0.00.0.00.01.0000,10879173000,65755590;65755620,2026,Non Tender,APBD,CV ZALFA ANUGERAH,Pengadaan Langsung,Pekerjaan Konstruksi,Peningkatan Jalan Desa Kartiasa Kec. Sambas II,SELESAI,277678711,277678711
KAB. SAMBAS,DINAS PEKERJAAN UMUM DAN PENATAAN RUANG - 1.03.0.00.0.00.01.0000,10830814000,64930913,2026,Non Tender,APBD,CV. TRI NUSA ENGINEERING,Pengadaan Langsung,Jasa Konsultansi Badan Usaha Konstruksi,Jasa Konsultansi Perencanaan Pembangunan GOR Bulu Tangkis Disparpora (Lanjutan),SELESAI,29803500,29803500
KAB. SAMBAS,"DINAS PERUMAHAN RAKYAT, KAWASAN PERMUKIMAN DAN LINGKUNGAN HIDUP - 2.11.1.03.1.04.04.0000",10916656000,66389615,2026,Non Tender,APBD,CV IMAM PRATAMA,Pengadaan Langsung,Pekerjaan Konstruksi,Pengembangan Jaringan Distribusi dan Sambungan Rumah (SR) Desa Sungai Baru Kec.Teluk Keramat,SELESAI,278832000,278832000
KAB. SAMBAS,DINAS PEKERJAAN UMUM DAN PENATAAN RUANG - 1.03.0.00.0.00.01.0000,10143126000,64932068,2026,Tender,APBD,CV. Putra Sambas Perkasa,Tender,Pekerjaan Konstruksi,Penataan Lingkungan Kantor Kejaksaan Negeri Sambas,SELESAI,1736890000,1736890000
KAB. SAMBAS,RSUD SAMBAS - 1.02.0.00.0.00.01.0030,01KT90B792659K8YSJGTFS1F8X,64773849,2026,E-Katalog 6.0,APBD,ORICARE MEDICAL INDONESIA,E-Purchasing,Barang,Belanja Modal Alat Kedokteran Umum,ON PROCESS,973000000,0
KAB. SAMBAS,DINAS PEKERJAAN UMUM DAN PENATAAN RUANG - 1.03.0.00.0.00.01.0000,10892466000,64932081,2026,Non Tender,APBD,lawang sukses,Pengadaan Langsung,Pekerjaan Konstruksi,Penataan Lingkungan Kantor Desa Lorong Kec.Sambas,SELESAI,79820891,79820891
KAB. SAMBAS,DINAS PENDIDIKAN DAN KEBUDAYAAN - 1.01.2.22.0.00.02.0000,10874906000,65185551,2026,Non Tender,APBD,CV. SARANA HARAPAN BERSAMA,Pengadaan Langsung,Pekerjaan Konstruksi,Pembangunan Toilet SDS IT Sulthoniyah Sambas,SELESAI,199832942,199832942
KAB. SAMBAS,"DINAS PERUMAHAN RAKYAT, KAWASAN PERMUKIMAN DAN LINGKUNGAN HIDUP - 2.11.1.03.1.04.04.0000",10895304000,66391346,2026,Non Tender,APBD,PT. CITRA DESAIN ARSITAMA,Pengadaan Langsung,Jasa Konsultansi Badan Usaha Konstruksi,Penyusunan DED Pembangunan IPA Selakau Tua Kec.Selakau Timur,SELESAI,79635840,79635840
KAB. SAMBAS,RSUD PEMANGKAT - 1.02.0.00.0.00.01.0029,01KP87BNJ9503BY87EEG8GHCKJ,65093976,2026,E-Katalog 6.0,APBD,INNOVATION HEALTHCARE INDONESIA,E-Purchasing,Barang,Pengadaan BMHP Rumah Sakit,ON PROCESS,34632516,34632516
KAB. SAMBAS,SATUAN POLISI PAMONG PRAJA - 1.05.0.00.0.00.01.0000,01KNJX9YH4E1AKXXPT5K4TS61J,66578330,2026,E-Katalog 6.0,APBD,BERLIN NADIRA,E-Purchasing,Jasa Lainnya,Belanja Jasa Yang Diberikan Kepada Pihak Ketiga/Pihak Lain,ON PROCESS,12150000,12150000
KAB. SAMBAS,DINAS PEKERJAAN UMUM DAN PENATAAN RUANG - 1.03.0.00.0.00.01.0000,10869125000,64932158,2026,Non Tender,APBD,cv. sarana samudra,Pengadaan Langsung,Pekerjaan Konstruksi,Pemeliharaan Saluran Desa Trigadu Kec. Galing,SELESAI,183770188,183770188
KAB. SAMBAS,BADAN KEUANGAN DAERAH - 5.02.0.00.0.00.02.0000,01KTY6Y310EYV64NHCK6H1TWAP,66239010,2026,E-Katalog 6.0,APBD,BAYU PERDANA,E-Purchasing,Barang,Belanja Alat/Bahan untuk Kegiatan Kantor-Alat Tulis Kantor,ON PROCESS,3415470,3415470
KAB. SAMBAS,"DINAS PERUMAHAN RAKYAT, KAWASAN PERMUKIMAN DAN LINGKUNGAN HIDUP - 2.11.1.03.1.04.04.0000",10127583000,66389592,2026,Tender,APBD,CV. SABANDARI,Tender,Pekerjaan Konstruksi,Peningkatan Instalasi Pengolahan Air (IPA) Desa Kaliau Kec.Sajingan Besar,SELESAI,1072449890,1072449890
KAB. SAMBAS,RSUD PEMANGKAT - 1.02.0.00.0.00.01.0029,01KQ7K99CDQ38K00RXQY29ZQCD,65093976,2026,E-Katalog 6.0,APBD,INOVASI CENTRA NIAGATAMA,E-Purchasing,Barang,Pengadaan BMHP Rumah Sakit,ON PROCESS,48598800,48598800
KAB. SAMBAS,DINAS PEKERJAAN UMUM DAN PENATAAN RUANG - 1.03.0.00.0.00.01.0000,10903461000,67284492,2026,Non Tender,APBD,Fanisya Family,Pengadaan Langsung,Jasa Konsultansi Badan Usaha Konstruksi,Jasa Konsultansi Pengawasan Peningkatan Jalan Poros Desa Paket XVI,SELESAI,22977000,22977000
KAB. SAMBAS,"DINAS PERUMAHAN RAKYAT, KAWASAN PERMUKIMAN DAN LINGKUNGAN HIDUP - 2.11.1.03.1.04.04.0000",10835190000,66388972,2026,Non Tender,APBD,CV. DUTA REGENERASI MUDA,Pengadaan Langsung,Pekerjaan Konstruksi,Pembangunan Bak Penampungan Air Hujan (PAH) Kap.2000 Liter Desa Bakau Kec.Jawai,SELESAI,131556000,131556000
KAB. SAMBAS,SATUAN POLISI PAMONG PRAJA - 1.05.0.00.0.00.01.0000,01KN6JHX5V7271KRS7V2GRZTDM,66578330,2026,E-Katalog 6.0,APBD,TAN RIZKY SETIAWAN,E-Purchasing,Jasa Lainnya,Belanja Jasa Yang Diberikan Kepada Pihak Ketiga/Pihak Lain,ON PROCESS,12852000,12852000
KAB. SAMBAS,DINAS PERTANIAN DAN KETAHANAN PANGAN - 2.09.3.27.0.00.02.0000,10802217000,66142667,2026,Non Tender,APBD,CV.FIFTY FIFTY SOLUTION,Pengadaan Langsung,Pekerjaan Konstruksi,"Pembangunan, Rehabilitasi Tata Air Mikro Desa Sempurna Kecamatan Subah",SELESAI,179627693,179627693
KAB. SAMBAS,"DINAS PERUMAHAN RAKYAT, KAWASAN PERMUKIMAN DAN LINGKUNGAN HIDUP - 2.11.1.03.1.04.04.0000",10845085000,66389614,2026,Non Tender,APBD,CV. NUWANSA INOVASI,Pengadaan Langsung,Jasa Konsultansi Badan Usaha Konstruksi,Konsultan Perencanaan Perluasan SPAM Jaringan Perpipaan Paket IV,SELESAI,42124500,42124500
KAB. SAMBAS,"DINAS PERUMAHAN RAKYAT, KAWASAN PERMUKIMAN DAN LINGKUNGAN HIDUP - 2.11.1.03.1.04.04.0000",10808941000,66388909,2026,Non Tender,APBD,BAGDAD,Pengadaan Langsung,Pekerjaan Konstruksi,Pembangunan Sumur Bor Kec.Tangaran,SELESAI,101444000,101444000
KAB. SAMBAS,DINAS PEKERJAAN UMUM DAN PENATAAN RUANG - 1.03.0.00.0.00.01.0000,10887476000,64932621,2026,Non Tender,APBD,CV. CANDRA OPTIMA,Pengadaan Langsung,Pekerjaan Konstruksi,Rehabilitasi Saluran Dsn Sebenua Desa Lubuk Dagang Kec. Sambas,SELESAI,74172058,74172058
KAB. SAMBAS,DINAS KESEHATAN - 1.02.0.00.0.00.01.0000,01KTQW5B01Z3QAXFJDTJF9P5HC,65579141,2026,E-Katalog 6.0,APBD,ABBOTT PRODUCTS INDONESIA,E-Purchasing,Barang,Belanja Bahan-Bahan Lainnya,ON PROCESS,35765976,0
KAB. SAMBAS,"DINAS PERUMAHAN RAKYAT, KAWASAN PERMUKIMAN DAN LINGKUNGAN HIDUP - 2.11.1.03.1.04.04.0000",10810346000,66388927,2026,Non Tender,APBD,CV. RELEVANSI,Pengadaan Langsung,Pekerjaan Konstruksi,Pembangunan Bak Penampungan Air Hujan (PAH) Desa Serumpun Buluh Kec. Tebas,SELESAI,131063000,131063000
KAB. SAMBAS,DINAS PEKERJAAN UMUM DAN PENATAAN RUANG - 1.03.0.00.0.00.01.0000,10846121000,67020538,2026,Non Tender,APBD,GAPPA EAVES NUSANTARA,Pengadaan Langsung,Jasa Konsultansi Badan Usaha Konstruksi,Jasa Konsultansi Perencanaan Pemeliharaan Berkala Jalan Kabupaten Paket III,SELESAI,74870000,74870000
KAB. SAMBAS,DINAS PEKERJAAN UMUM DAN PENATAAN RUANG - 1.03.0.00.0.00.01.0000,10867037000,65766727,2026,Non Tender,APBD,cv. nanda putra,Pengadaan Langsung,Pekerjaan Konstruksi,Pembangunan Turap Ds. Puringan Kec. Teluk Keramat,SELESAI,147740951,147740951
KAB. SAMBAS,DINAS PEKERJAAN UMUM DAN PENATAAN RUANG - 1.03.0.00.0.00.01.0000,10868291000,64932145,2026,Non Tender,APBD,lawang sukses,Pengadaan Langsung,Pekerjaan Konstruksi,Pemeliharaan Saluran Desa Sabing Kec. Teluk Keramat,SELESAI,189777820,189777820
KAB. SAMBAS,DINAS PENANAMAN MODAL DAN PELAYANAN TERPADU SATU PINTU - 2.18.0.00.0.00.23.0000,01KMYC4899H5DMZDBAFZAV8SJ0,67000074,2026,E-Katalog 6.0,APBD,ERMANIA,E-Purchasing,Jasa Lainnya,"Penyedia Jasa Lainnya Perorangan (Tenaga Kebersihan, Tenaga Supir, Tenaga Keamanan, Tenaga Pramusaji)",ON PROCESS,12978000,12978000
KAB. SAMBAS,"DINAS PERUMAHAN RAKYAT, KAWASAN PERMUKIMAN DAN LINGKUNGAN HIDUP - 2.11.1.03.1.04.04.0000",01KVPQC7WX8N206ZA3PAT66XWM,67295339,2026,E-Katalog 6.0,APBDP,TRI MULTI ANDALAN,E-Purchasing,Barang,Belanja Modal Alat Angkutan Darat Bermotor Lainnya,ON PROCESS,81240000,81240000
KAB. SAMBAS,DINAS PEKERJAAN UMUM DAN PENATAAN RUANG - 1.03.0.00.0.00.01.0000,10821309000,64932595,2026,Non Tender,APBD,CV. Citra Stapaka Sejahtera,Pengadaan Langsung,Jasa Konsultansi Badan Usaha Konstruksi,Jasa Konsultansi Perencanaan (Paket III),SELESAI,54590355,54590355
KAB. SAMBAS,RSUD SAMBAS - 1.02.0.00.0.00.01.0030,01KRZ1T10MNT3SAFMFC1DC84CJ,64773841,2026,E-Katalog 6.0,APBD,ARKANINDOPLAST UTAMA,E-Purchasing,Barang,Belanja Bahan-Bahan Lainnya,ON PROCESS,51585002,51585002
KAB. SAMBAS,DINAS PEKERJAAN UMUM DAN PENATAAN RUANG - 1.03.0.00.0.00.01.0000,10836768000,64932588,2026,Non Tender,APBD,JAVANO GEMILANG,Pengadaan Langsung,Jasa Konsultansi Badan Usaha Konstruksi,Pemutahiran Data Irigasi dan Rawa di Kabupaten Sambas,SELESAI,99245100,99245100
KAB. SAMBAS,DINAS PEKERJAAN UMUM DAN PENATAAN RUANG - 1.03.0.00.0.00.01.0000,10879341000,65755588;65755604;67193403,2026,Non Tender,APBD,CV ZALFA ANUGERAH,Pengadaan Langsung,Pekerjaan Konstruksi,"Peningkatan Jalan Desa Gapura, Desa Tumok Manggis, Desa Sungai Rambah Kec. Sambas",SELESAI,337248647,337248647
KAB. SAMBAS,DINAS KESEHATAN - 1.02.0.00.0.00.01.0000,01KRWKRHNZF22KGTE6CKBQMFV0,65578957,2026,E-Katalog 6.0,APBD,ERRITAPHARMA,E-Purchasing,Barang,Belanja Obat-Obatan-Obat,ON PROCESS,6950820,6950820
KAB. SAMBAS,DINAS PEKERJAAN UMUM DAN PENATAAN RUANG - 1.03.0.00.0.00.01.0000,10868302000,64932159,2026,Non Tender,APBD,CV. MEGA SIM,Pengadaan Langsung,Pekerjaan Konstruksi,Pemeliharaan Saluran Desa Sayang Sedayu Kec. Teluk Keramat,SELESAI,194774693,194774693
KAB. SAMBAS,SATUAN POLISI PAMONG PRAJA - 1.05.0.00.0.00.01.0000,01KN6JN4QRTH5422EF3Y46FV2K,66578330,2026,E-Katalog 6.0,APBD,DAWAWINU SHOLIHAH,E-Purchasing,Jasa Lainnya,Belanja Jasa Yang Diberikan Kepada Pihak Ketiga/Pihak Lain,ON PROCESS,12852000,12852000
KAB. SAMBAS,RSUD PEMANGKAT - 1.02.0.00.0.00.01.0029,01KP8803GGFHEHBMF4HW329ZHB,65093976,2026,E-Katalog 6.0,APBD,LIKUID PHARMALAB INDONESIA,E-Purchasing,Barang,Pengadaan BMHP Rumah Sakit,ON PROCESS,35694756,35694756
KAB. SAMBAS,DINAS PEKERJAAN UMUM DAN PENATAAN RUANG - 1.03.0.00.0.00.01.0000,10831519000,64900383,2026,Non Tender,APBD,CV. GEOPORTAL ENGINEERING,Pengadaan Langsung,Jasa Konsultansi Badan Usaha Konstruksi,Jasa Konsultansi Perencanaan (Paket VIII),SELESAI,64234590,64234590
KAB. SAMBAS,DINAS PENDIDIKAN DAN KEBUDAYAAN - 1.01.2.22.0.00.02.0000,10895832000,65204330,2026,Non Tender,APBD,CV. ARLI KONTRAKTOR,Pengadaan Langsung,Pekerjaan Konstruksi,Rehabilitasi Ruang Perpustakaan SDN 13 Kubung Kec. Teluk Keramat,SELESAI,149616800,149616800
KAB. SAMBAS,"DINAS PERUMAHAN RAKYAT, KAWASAN PERMUKIMAN DAN LINGKUNGAN HIDUP - 2.11.1.03.1.04.04.0000",10821944000,66388880,2026,Non Tender,APBD,CV. HORAS,Pengadaan Langsung,Pekerjaan Konstruksi,Pembangunan Bak Penampungan Air Hujan (PAH) Desa Batu Mak Jage Kec.Tebas,SELESAI,69809000,69809000
KAB. SAMBAS,DINAS PERHUBUNGAN - 2.15.0.00.0.00.01.0000,10842291000,65912558,2026,Non Tender,APBD,PT ANISHA PUTRA KENCANA,Pengadaan Langsung,Jasa Konsultansi Badan Usaha Konstruksi,Konsultan Perencanaan Pengadaan Penerangan Jalan (PJU) Paket III,SELESAI,79759605,79759605
KAB. SAMBAS,SEKRETARIAT DAERAH - 4.01.5.06.0.00.01.0000,01KN3E9B993PSNRJC6M2J79VBN,66090182,2026,E-Katalog 6.0,APBD,MUTHIA NISA FADIRA,E-Purchasing,Jasa Lainnya,JASA TENAGA KEAMANAN  DAN JASA TENAGA KEBERSIHAN  KANTOR YANG DITETAPKAN DENGAN SK KEPALA SKPD.,ON PROCESS,11700000,11700000
KAB. SAMBAS,DINAS PEKERJAAN UMUM DAN PENATAAN RUANG - 1.03.0.00.0.00.01.0000,10868367000,64932177,2026,Non Tender,APBD,CV. MEGA SIM,Pengadaan Langsung,Pekerjaan Konstruksi,Pemeliharaan Saluran Desa Tanjung Keracut Kec. Teluk Keramat,SELESAI,194754920,194754920
KAB. SAMBAS,DINAS PEKERJAAN UMUM DAN PENATAAN RUANG - 1.03.0.00.0.00.01.0000,10868305000,64932176,2026,Non Tender,APBD,CV. SYAFIRA ANUGRAH,Pengadaan Langsung,Pekerjaan Konstruksi,Pemeliharaan Saluran Desa Teluk Kembang Kec. Teluk Keramat,SELESAI,189777776,189777776
KAB. SAMBAS,SATUAN POLISI PAMONG PRAJA - 1.05.0.00.0.00.01.0000,01KN6MRW6CJQZGM3QFZ5C5TJKZ,66578330,2026,E-Katalog 6.0,APBD,KURNIA SANDI,E-Purchasing,Jasa Lainnya,Belanja Jasa Yang Diberikan Kepada Pihak Ketiga/Pihak Lain,ON PROCESS,12150000,12150000
KAB. SAMBAS,RSUD PEMANGKAT - 1.02.0.00.0.00.01.0029,01KH821SRXM15DEWJ8MXF7QX28,65094744,2026,E-Katalog 6.0,APBD,MERSIFARMA TIRMAKU MERCUSANA,E-Purchasing,Barang,Belanja Barang dan Jasa BLUD,ON PROCESS,16849800,16849800
KAB. SAMBAS,"DINAS PERUMAHAN RAKYAT, KAWASAN PERMUKIMAN DAN LINGKUNGAN HIDUP - 2.11.1.03.1.04.04.0000",10835021000,66611058,2026,Non Tender,APBD,CV.ASRA,Pengadaan Langsung,Pekerjaan Konstruksi,Pembangunan Sumur Bor Kecamatan Jawai I,SELESAI,104004000,104004000
KAB. SAMBAS,BADAN PENANGGULANGAN BENCANA DAERAH - 1.05.0.00.0.00.04.0000,10907676000,66376933,2026,Non Tender,APBD,CV. Invotech,Pengadaan Langsung,Jasa Konsultansi Badan Usaha Non Konstruksi,Belanja Jasa Konsultansi Berorientasi Bidang-Telematika,SELESAI,69502650,69502650
KAB. SAMBAS,DINAS PEKERJAAN UMUM DAN PENATAAN RUANG - 1.03.0.00.0.00.01.0000,10816710000,64932575,2026,Non Tender,APBD,JAVANO GEMILANG,Pengadaan Langsung,Jasa Konsultansi Badan Usaha Konstruksi,Perencanaan Teknis / Detail Desain DIR Gapura,SELESAI,99533700,99533700
KAB. SAMBAS,DINAS PENDIDIKAN DAN KEBUDAYAAN - 1.01.2.22.0.00.02.0000,10856079000,65204327,2026,Non Tender,APBD,NANA INSAN CONSULTANT,Pengadaan Langsung,Jasa Konsultansi Badan Usaha Konstruksi,Jasa Konsultansi Perencanaan Rehabilitasi Ruang Perpustakaan SDN 13 Kubung Kec. Teluk Keramat,SELESAI,5964351,5964351
KAB. SAMBAS,RSUD PEMANGKAT - 1.02.0.00.0.00.01.0029,01KQ7JR4M1DC08D67EK3MTKCHR,65093976,2026,E-Katalog 6.0,APBD,DWICENTRA CAHAYA WIGUNA,E-Purchasing,Barang,Pengadaan BMHP Rumah Sakit,ON PROCESS,6612000,6612000
KAB. SAMBAS,DINAS PEKERJAAN UMUM DAN PENATAAN RUANG - 1.03.0.00.0.00.01.0000,10825157000,64900424,2026,Non Tender,APBD,CV.TANJUNG HARAPAN UTAMA,Pengadaan Langsung,Pekerjaan Konstruksi,Normalisasi Sungai/Saluran Desa Tempapan Kuala Kec. Galing,SELESAI,74067591,74067591
KAB. SAMBAS,DINAS PEKERJAAN UMUM DAN PENATAAN RUANG - 1.03.0.00.0.00.01.0000,10883767000,64932079,2026,Non Tender,APBD,CV. SARI BUAH,Pengadaan Langsung,Pekerjaan Konstruksi,Penataan Halaman Kantor Camat Selakau Timur (Paving Block),SELESAI,99907507,99907507
KAB. SAMBAS,RSUD PEMANGKAT - 1.02.0.00.0.00.01.0029,01KNM6HHPCCEDDXQWWPPX8QZPM,65093976,2026,E-Katalog 6.0,APBD,BHINEKA INDUSTRI NUSANTARA,E-Purchasing,Barang,Pengadaan BMHP Rumah Sakit,ON PROCESS,65501910,65501910
KAB. SAMBAS,"DINAS PERUMAHAN RAKYAT, KAWASAN PERMUKIMAN DAN LINGKUNGAN HIDUP - 2.11.1.03.1.04.04.0000",10837534000,66610902,2026,Non Tender,APBD,CV Cahaya Rafisqy Ghava,Pengadaan Langsung,Pekerjaan Konstruksi,Pembangunan Sumur Bor Desa Sentebang Kec.Jawai II,SELESAI,189385000,189385000
KAB. SAMBAS,RSUD SAMBAS - 1.02.0.00.0.00.01.0030,01KWHFS064517HH7T94903EAKW,64773848,2026,E-Katalog 6.0,APBD,SINAR RODA UTAMA,E-Purchasing,Barang,Belanja Barang dan Jasa BLUD,ON PROCESS,273559500,273559500
KAB. SAMBAS,DINAS PERHUBUNGAN - 2.15.0.00.0.00.01.0000,01KN2G1E3ZQD1BF4B4QT7H17G2,66625982,2026,E-Katalog 6.0,APBD,IKA WIDIASTUTI,E-Purchasing,Jasa Lainnya,"Jasa Tenaga Alihdaya (Tenaga Kebersihan, Tenaga Supir, Tenaga Keamanan, Tenaga Pramusaji)",ON PROCESS,15300000,15300000
KAB. SAMBAS,"DINAS PERUMAHAN RAKYAT, KAWASAN PERMUKIMAN DAN LINGKUNGAN HIDUP - 2.11.1.03.1.04.04.0000",10814029000,66388962,2026,Non Tender,APBD,CV. MUTIARA SAMBAS,Pengadaan Langsung,Pekerjaan Konstruksi,Pembangunan Bak Penampungan Air Hujan (PAH) Desa Matang Danau Kec.Paloh,SELESAI,74259000,74259000
KAB. SAMBAS,DINAS KESEHATAN - 1.02.0.00.0.00.01.0000,10902646000,65515819,2026,Non Tender,APBD,CV. KARYA BERSAUDARA,Pengadaan Langsung,Jasa Konsultansi Badan Usaha Konstruksi,Jasa Konsultansi Perencanaan Pemasangan Paving Block Halaman Depan Dinas Kesehatan,SELESAI,9927711,9927711
KAB. SAMBAS,DINAS PEKERJAAN UMUM DAN PENATAAN RUANG - 1.03.0.00.0.00.01.0000,10822628000,64932669,2026,Non Tender,APBD,cv.finicreative,Pengadaan Langsung,Jasa Konsultansi Badan Usaha Konstruksi,Jasa Konsultansi Perencanaan (Paket V),SELESAI,44840670,44840670
KAB. SAMBAS,DINAS KESEHATAN - 1.02.0.00.0.00.01.0000,01KW8N5S51ZGK6FYK38PKBFT39,65578957,2026,E-Katalog 6.0,APBD,MEPROFARM,E-Purchasing,Barang,Belanja Obat-Obatan-Obat,ON PROCESS,7659000,7659000
KAB. SAMBAS,"DINAS KOPERASI, USAHA KECIL MENENGAH, PERINDUSTRIAN DAN PERDAGANGAN - 2.17.3.31.3.30.07.0000",10963953000,64735359,2026,Pencatatan,APBD,CV. Invotech,Pengadaan Langsung,Jasa Lainnya,Belanja Jasa Konsultansi Berorientasi Bidang-Telematika,PAKET SELESAI,19730250,19730250
KAB. SAMBAS,DINAS KESEHATAN - 1.02.0.00.0.00.01.0000,01KQRGJ2W8SA3KKSQNFD4SC5S0,65578957,2026,E-Katalog 6.0,APBD,PERUSAHAAN PERSEROAN (PERSERO) PT KIMIA FARMA,E-Purchasing,Barang,Belanja Obat-Obatan-Obat,ON PROCESS,78420468,78420468
KAB. SAMBAS,DINAS PEKERJAAN UMUM DAN PENATAAN RUANG - 1.03.0.00.0.00.01.0000,10817895000,64932581,2026,Non Tender,APBD,cv.raffan design,Pengadaan Langsung,Jasa Konsultansi Badan Usaha Konstruksi,Perencanaan Teknis / Detail Desain DIR Perigi Landu,SELESAI,99671340,99671340
KAB. SAMBAS,"DINAS PERUMAHAN RAKYAT, KAWASAN PERMUKIMAN DAN LINGKUNGAN HIDUP - 2.11.1.03.1.04.04.0000",10821920000,66617372,2026,Non Tender,APBD,CV. HORAS,Pengadaan Langsung,Pekerjaan Konstruksi,Pembangunan Bak Penampungan Air Hujan (PAH) Desa Bukit Segoler dan Desa Batu Mak Jage Kec. Tebas,SELESAI,209547000,209547000
KAB. SAMBAS,SEKRETARIAT DAERAH - 4.01.5.06.0.00.01.0000,01KN3FRDAAK1CD0YKC2S3KKGC8,66090182,2026,E-Katalog 6.0,APBD,YUNIARSIH,E-Purchasing,Jasa Lainnya,JASA TENAGA KEAMANAN  DAN JASA TENAGA KEBERSIHAN  KANTOR YANG DITETAPKAN DENGAN SK KEPALA SKPD.,ON PROCESS,11700000,11700000
KAB. SAMBAS,DINAS KESEHATAN - 1.02.0.00.0.00.01.0000,01KT5PXQYG14KZM88VXY42PTZN,65585192,2026,E-Katalog 6.0,APBD,ANUGERAH PHARMINDO LESTARI,E-Purchasing,Barang,Belanja Penambah Daya Tahan Tubuh,ON PROCESS,78255000,78255000
KAB. SAMBAS,DINAS PEKERJAAN UMUM DAN PENATAAN RUANG - 1.03.0.00.0.00.01.0000,10830427000,65755347,2026,Non Tender,APBD,CV. VIVI,Pengadaan Langsung,Pekerjaan Konstruksi,Peningkatan Jalan Ds. Sekura Kec. Teluk Keramat,SELESAI,399493602,399493602
KAB. SAMBAS,DINAS PEKERJAAN UMUM DAN PENATAAN RUANG - 1.03.0.00.0.00.01.0000,10867093000,65766628,2026,Non Tender,APBD,cv. nanda putra,Pengadaan Langsung,Pekerjaan Konstruksi,Pembangunan Box Culvert Desa Sungai Serabek Kec. Teluk Keramat,SELESAI,147696958,147696958
KAB. SAMBAS,KECAMATAN SALATIGA - 7.01.0.00.0.00.19.0000,01KP8A0NFH9QGWR4XFGEHHNY5Y,66241241,2026,E-Katalog 6.0,APBD,URAY RIAN,E-Purchasing,Jasa Lainnya,Belanja Jasa yang Diberikan kepada Pihak Ketiga/Pihak Lain,ON PROCESS,18415809,18415809
KAB. SAMBAS,DINAS PEKERJAAN UMUM DAN PENATAAN RUANG - 1.03.0.00.0.00.01.0000,10831659000,64932570,2026,Non Tender,APBD,DIFAZ ENGINEERING,Pengadaan Langsung,Jasa Konsultansi Badan Usaha Konstruksi,Detail Desain DIR Trikembang Kec. Galing,SELESAI,99489300,99489300
KAB. SAMBAS,"DINAS PARIWISATA, KEPEMUDAAN DAN OLAHRAGA - 2.19.3.26.0.00.02.0000",10886450000,67219571,2026,Non Tender,APBD,CV. BAYU PERDANA,Pengadaan Langsung,Pengadaan Barang,BARANG HADIAH ( PIALA DAN MEDALI ),SELESAI,175147000,0
KAB. SAMBAS,SEKRETARIAT DAERAH - 4.01.5.06.0.00.01.0000,10885982000,66088728,2026,Non Tender,APBD,Cv. Sigma Nusantara Konsultan,Pengadaan Langsung,Jasa Konsultansi Badan Usaha Konstruksi,Jasa Konsultansi Perencanaan,SELESAI,22950058,22950058
KAB. SAMBAS,SATUAN POLISI PAMONG PRAJA - 1.05.0.00.0.00.01.0000,01KN6N5ZTBAVCF9DD8RS67C2V2,66578330,2026,E-Katalog 6.0,APBD,BIMA SAPUTRA,E-Purchasing,Jasa Lainnya,Belanja Jasa Yang Diberikan Kepada Pihak Ketiga/Pihak Lain,ON PROCESS,12150000,12150000
KAB. SAMBAS,DINAS PEKERJAAN UMUM DAN PENATAAN RUANG - 1.03.0.00.0.00.01.0000,10861380000,65755603,2026,Non Tender,APBD,CV. AKBAR PRADANA,Pengadaan Langsung,Pekerjaan Konstruksi,Peningkatan Jalan Poros Desa Tangaran Dusun Pandawan Kec. Tangaran,SELESAI,147456321,147456321
KAB. SAMBAS,"DINAS PERUMAHAN RAKYAT, KAWASAN PERMUKIMAN DAN LINGKUNGAN HIDUP - 2.11.1.03.1.04.04.0000",10816053000,66388994,2026,Non Tender,APBD,WAHANA SEJAHTERA MANDIRI,Pengadaan Langsung,Jasa Konsultansi Badan Usaha Konstruksi,Konsultan Pengawasan Pembangunan SPAM Bukan Jaringan Perpipaan Paket II,SELESAI,44613120,44613120
KAB. SAMBAS,RSUD SAMBAS - 1.02.0.00.0.00.01.0030,01KT90DJPTZQY30BT73AQ25G3P,64773849,2026,E-Katalog 6.0,APBD,ENSEVAL MEDIKA PRIMA,E-Purchasing,Barang,Belanja Modal Alat Kedokteran Umum,ON PROCESS,1655545475,1655545475
KAB. SAMBAS,DINAS PENDIDIKAN DAN KEBUDAYAAN - 1.01.2.22.0.00.02.0000,01KNM2QVZT2QPF8S5J48EHQ2B6,66817626,2026,E-Katalog 6.0,APBD,WALDI,E-Purchasing,Jasa Lainnya,Belanja Jasa yang Diberikan kepada Pihak Ketiga/Pihak Lain,ON PROCESS,17307837,17307837
KAB. SAMBAS,"DINAS PERUMAHAN RAKYAT, KAWASAN PERMUKIMAN DAN LINGKUNGAN HIDUP - 2.11.1.03.1.04.04.0000",10809188000,66610418,2026,Non Tender,APBD,CV.TANJUNG HARAPAN UTAMA,Pengadaan Langsung,Pekerjaan Konstruksi,Pembangunan Bak Penampungan Air Hujan (PAH) Desa Pipit Teja dan Desa Mulia Kec.Teluk Keramat,SELESAI,139669000,139669000
KAB. SAMBAS,DINAS PEKERJAAN UMUM DAN PENATAAN RUANG - 1.03.0.00.0.00.01.0000,10830836000,66867440,2026,Non Tender,APBD,CV. ARSITARA,Pengadaan Langsung,Jasa Konsultansi Badan Usaha Konstruksi,Jasa Konsultasi Perencanaan Rehab Balai Desa Tanjung Mekar Kec.Sambas,SELESAI,19890000,19890000
KAB. SAMBAS,SEKRETARIAT DAERAH - 4.01.5.06.0.00.01.0000,01KKJ69K32PTV67MX1831AJ8NK,66090671,2026,E-Katalog 6.0,APBD,ADI SARANA ARMADA,E-Purchasing,Barang,Sewa Mobil Kepala Daerah dan Wakil Kepala Daerah,ON PROCESS,218670000,218670000
KAB. SAMBAS,RSUD TELUK KERAMAT - 1.02.0.00.0.00.01.0031,01KP866ZKM7JJDXK4WV91XX0TZ,65712429,2026,E-Katalog 6.0,APBD,NULAB PHARMACEUTICAL INDONESIA,E-Purchasing,Barang,Belanja Obat-Obatan-Obat,ON PROCESS,2675544,2675544
KAB. SAMBAS,SEKRETARIAT DPRD - 4.02.0.00.0.00.01.0000,01KQER31G70539M317K68E9B4A,67014788,2026,E-Katalog 6.0,APBD,HARDANI,E-Purchasing,Jasa Lainnya,Belanja Jasa yang Diberikan kepada Pihak Ketiga/Pihak Lain,ON PROCESS,13600000,13600000
KAB. SAMBAS,DINAS PERHUBUNGAN - 2.15.0.00.0.00.01.0000,01KN2GYW78X6NR7YFPJ8MMBX4R,66625982,2026,E-Katalog 6.0,APBD,DIO RIANDA ,E-Purchasing,Jasa Lainnya,"Jasa Tenaga Alihdaya (Tenaga Kebersihan, Tenaga Supir, Tenaga Keamanan, Tenaga Pramusaji)",ON PROCESS,12150000,12150000
KAB. SAMBAS,DINAS PERHUBUNGAN - 2.15.0.00.0.00.01.0000,01KN4CJV6Y75TA5WTWSEJF2GP2,66625982,2026,E-Katalog 6.0,APBD,MAHRUS,E-Purchasing,Jasa Lainnya,"Jasa Tenaga Alihdaya (Tenaga Kebersihan, Tenaga Supir, Tenaga Keamanan, Tenaga Pramusaji)",ON PROCESS,11250000,11250000
KAB. SAMBAS,"DINAS PERUMAHAN RAKYAT, KAWASAN PERMUKIMAN DAN LINGKUNGAN HIDUP - 2.11.1.03.1.04.04.0000",10866773000,67027914,2026,Non Tender,APBD,CV. ARSITARA,Pengadaan Langsung,Jasa Konsultansi Badan Usaha Konstruksi,Konsultan Perencanaan Pembangunan SPAM Bukan Jaringan Perpipaan Paket XI (BANKEU),SELESAI,59670270,59670270
KAB. SAMBAS,DINAS PEKERJAAN UMUM DAN PENATAAN RUANG - 1.03.0.00.0.00.01.0000,10881423000,66171445,2026,Non Tender,APBD,cv. griya tekno,Pengadaan Langsung,Pekerjaan Konstruksi,Rehab Rumah Dinas Kapolsek Semparuk,SELESAI,169766053,169766053
KAB. SAMBAS,BADAN KEPEGAWAIAN DAN PENGEMBANGAN SUMBER DAYA MANUSIA APARATUR DAERAH - 5.03.5.04.0.00.01.0000,01KN6HSMZ0WTNHAANBJD55MQ7Q,66804104,2026,E-Katalog 6.0,APBD,HABIBIE,E-Purchasing,Jasa Lainnya,belanja jasa tenaga alih daya,ON PROCESS,15300000,15300000
KAB. SAMBAS,BADAN PENGELOLA PERBATASAN DAERAH KABUPATEN SAMBAS - 5.06.0.00.0.00.01.0000,01KKJB9FYGMMZRFGB4VR2JDECQ,64774369,2026,E-Katalog 6.0,APBD,ANEKA MAKMUR SEJAHTERA,E-Purchasing,Barang,Belanja Modal Kendaraan Bermotor Beroda Dua,ON PROCESS,35566300,35566300
KAB. SAMBAS,DINAS PERPUSTAKAAN DAN KEARSIPAN DAERAH - 2.23.2.24.0.00.02.0000,01KJEE2S0NCZ0Z76FYFB2C649A,65826262,2026,E-Katalog 6.0,APBD,ADI SARANA ARMADA,E-Purchasing,Barang,Sewa Kendaraan Mobil,ON PROCESS,108780000,108780000
KAB. SAMBAS,DINAS PENDIDIKAN DAN KEBUDAYAAN - 1.01.2.22.0.00.02.0000,10857042000,65185549,2026,Non Tender,APBD,NANA INSAN CONSULTANT,Pengadaan Langsung,Jasa Konsultansi Badan Usaha Konstruksi,Belanja Jasa Konsultansi Perencanaan Pembangunan Toilet SDS IT Sulthoniyah Sambas,SELESAI,7965926,7965926
KAB. SAMBAS,SEKRETARIAT DAERAH - 4.01.5.06.0.00.01.0000,01KN3GYX8H6QXZ5RNGE9A327GP,66090182,2026,E-Katalog 6.0,APBD,ALDI ALATAS,E-Purchasing,Jasa Lainnya,JASA TENAGA KEAMANAN  DAN JASA TENAGA KEBERSIHAN  KANTOR YANG DITETAPKAN DENGAN SK KEPALA SKPD.,ON PROCESS,11700000,11700000
KAB. SAMBAS,DINAS PEKERJAAN UMUM DAN PENATAAN RUANG - 1.03.0.00.0.00.01.0000,10845610000,64900386,2026,Non Tender,APBD,CV.RIZHARY PRATAMA KONSULTAN,Pengadaan Langsung,Jasa Konsultansi Badan Usaha Konstruksi,Jasa Konsultansi Perencanaan (Paket II),SELESAI,49650300,49650300
KAB. SAMBAS,DINAS PENDIDIKAN DAN KEBUDAYAAN - 1.01.2.22.0.00.02.0000,10857739000,65185572,2026,Non Tender,APBD,NANA INSAN CONSULTANT,Pengadaan Langsung,Jasa Konsultansi Badan Usaha Konstruksi,Belanja Jasa Konsultansi Perencanaan Paving Block SDN 18 Senturang Kec. Tebas,SELESAI,6768114,6768114
KAB. SAMBAS,DINAS PENDIDIKAN DAN KEBUDAYAAN - 1.01.2.22.0.00.02.0000,10804774000,65015304,2026,Non Tender,APBD,CV. KARYA BERSAUDARA,Pengadaan Langsung,Jasa Konsultansi Badan Usaha Konstruksi,Jasa Konsultansi Penilaian Kerusakan Sekolah Menengah Pertama,SELESAI,99774570,99774570
KAB. SAMBAS,"DINAS PERUMAHAN RAKYAT, KAWASAN PERMUKIMAN DAN LINGKUNGAN HIDUP - 2.11.1.03.1.04.04.0000",10127584000,66389565,2026,Tender,APBD,CV. DEVIE RAHAYU,Tender,Pekerjaan Konstruksi,Pembangunan Instalasi Pengolahan Air (IPA) Desa Bukit Segoler Kec.Tebas,SELESAI,822904509,822904509
KAB. SAMBAS,DINAS PERTANIAN DAN KETAHANAN PANGAN - 2.09.3.27.0.00.02.0000,10793385000,66142375,2026,Non Tender,APBD,TAMBERS,Pengadaan Langsung,Pekerjaan Konstruksi,"Pembangunan, Rehabilitasi Tata Air Mikro Desa Segedong Kecamatan Tebas",SELESAI,179664138,179664138
KAB. SAMBAS,DINAS PEKERJAAN UMUM DAN PENATAAN RUANG - 1.03.0.00.0.00.01.0000,10818976000,64932583,2026,Non Tender,APBD,CV. ARSITARA,Pengadaan Langsung,Jasa Konsultansi Badan Usaha Konstruksi,Perencanaan Teknis / Detail Desain DIR Saing Rambi,SELESAI,99694650,99694650
KAB. SAMBAS,DINAS PEKERJAAN UMUM DAN PENATAAN RUANG - 1.03.0.00.0.00.01.0000,10813884000,64932627,2026,Non Tender,APBD,CV. BAYU PERKASA,Pengadaan Langsung,Pekerjaan Konstruksi,Rehabilitasi Saluran Desa Parit Raja Kec. Sejangkung,SELESAI,174527733,174527733
KAB. SAMBAS,DINAS PEKERJAAN UMUM DAN PENATAAN RUANG - 1.03.0.00.0.00.01.0000,10866868000,65766726;65766728,2026,Non Tender,APBD,cv. nanda putra,Pengadaan Langsung,Pekerjaan Konstruksi,Pembangunan Turap Desa Trimandayan Kec. Teluk Keramat,SELESAI,295394184,295394184
KAB. SAMBAS,DINAS KESEHATAN - 1.02.0.00.0.00.01.0000,01KQBRYCE4GK7R5Z6MTEWGMXQJ,65578957,2026,E-Katalog 6.0,APBD,HOLI PHARMA,E-Purchasing,Barang,Belanja Obat-Obatan-Obat,ON PROCESS,135086112,135086112
KAB. SAMBAS,DINAS PEKERJAAN UMUM DAN PENATAAN RUANG - 1.03.0.00.0.00.01.0000,10830821000,66262736,2026,Non Tender,APBD,cv. almeera borneo engineer,Pengadaan Langsung,Jasa Konsultansi Badan Usaha Konstruksi,Jasa Konsultansi Perencanaan Pembangunan Gedung Kantor Pemerintah II,SELESAI,9870000,9870000
KAB. SAMBAS,DINAS PERHUBUNGAN - 2.15.0.00.0.00.01.0000,01KN2D8QHQ1V5KE5SAYH42VM1D,66625982,2026,E-Katalog 6.0,APBD,AZMI SYAHAR,E-Purchasing,Jasa Lainnya,"Jasa Tenaga Alihdaya (Tenaga Kebersihan, Tenaga Supir, Tenaga Keamanan, Tenaga Pramusaji)",ON PROCESS,15300000,15300000
KAB. SAMBAS,DINAS PEKERJAAN UMUM DAN PENATAAN RUANG - 1.03.0.00.0.00.01.0000,10827579000,64932666,2026,Non Tender,APBD,CV. Multi Kreasi Konsultan,Pengadaan Langsung,Jasa Konsultansi Badan Usaha Konstruksi,Jasa Konsultansi Pengawasan (Paket II),SELESAI,39769080,39769080
KAB. SAMBAS,DINAS PEKERJAAN UMUM DAN PENATAAN RUANG - 1.03.0.00.0.00.01.0000,10832460000,64932562,2026,Non Tender,APBD,CV. GEOPORTAL ENGINEERING,Pengadaan Langsung,Jasa Konsultansi Badan Usaha Konstruksi,Detail Desain DIR. Tambatan Kec. Teluk Keramat,SELESAI,94549800,94549800
KAB. SAMBAS,BADAN KEUANGAN DAERAH - 5.02.0.00.0.00.02.0000,01KN41DAKYFTVEYQGNTJXTS8XF,66870141,2026,E-Katalog 6.0,APBD,HERPANTO,E-Purchasing,Jasa Lainnya,Belanja Jasa yang diberikan kepada pihak ketiga/pihak lain,ON PROCESS,15750000,15750000
KAB. SAMBAS,SEKRETARIAT DAERAH - 4.01.5.06.0.00.01.0000,01KMMF27TJBK4SMRPQJY4JQYAX,66615375,2026,E-Katalog 6.0,APBD,MUHAMMAD ALI,E-Purchasing,Jasa Lainnya,"Jasa Tenaga Alihdaya (Tenaga Kebersihan, Tenaga Supir, Tenaga Keamanan, Tenaga Pramusaji)",ON PROCESS,13173534,13173534
KAB. SAMBAS,RSUD SAMBAS - 1.02.0.00.0.00.01.0030,01KRZ084V2C6PHFFF67JTJQASC,64773841,2026,E-Katalog 6.0,APBD,DWICENTRA CAHAYA WIGUNA,E-Purchasing,Barang,Belanja Bahan-Bahan Lainnya,ON PROCESS,62668417,62668417
KAB. SAMBAS,DINAS PEKERJAAN UMUM DAN PENATAAN RUANG - 1.03.0.00.0.00.01.0000,10819014000,64932586,2026,Non Tender,APBD,DAFFANDRA POROSTUDIO,Pengadaan Langsung,Jasa Konsultansi Badan Usaha Konstruksi,Perencanaan Teknis / Detail Desain DIR Segedong,SELESAI,99777900,99777900
KAB. SAMBAS,DINAS PEKERJAAN UMUM DAN PENATAAN RUANG - 1.03.0.00.0.00.01.0000,10865059000,65755607;65755639,2026,Non Tender,APBD,CV. AFDIE KARYA MANDIRI,Pengadaan Langsung,Pekerjaan Konstruksi,Peningkatan Jalan Desa Dalam Kaum Dusun Sukaramai Kec. Sambas,SELESAI,294953455,294953455
KAB. SAMBAS,DINAS KESEHATAN - 1.02.0.00.0.00.01.0000,01KQRJ2SAD3ZHEZNBZ2F1G6MDQ,65578957,2026,E-Katalog 6.0,APBD,HEXPHARM JAYA LABORATORIES,E-Purchasing,Barang,Belanja Obat-Obatan-Obat,ON PROCESS,119524800,119524800
KAB. SAMBAS,DINAS PEKERJAAN UMUM DAN PENATAAN RUANG - 1.03.0.00.0.00.01.0000,10815846000,64932622,2026,Non Tender,APBD,cv. kutat,Pengadaan Langsung,Pekerjaan Konstruksi,Rehabilitasi Saluran Irigasi Desa Sekura Kec. Teluk Keramat,SELESAI,69761339,69761339
KAB. SAMBAS,"DINAS PERUMAHAN RAKYAT, KAWASAN PERMUKIMAN DAN LINGKUNGAN HIDUP - 2.11.1.03.1.04.04.0000",10916020000,66389612,2026,Non Tender,APBD,CV. Istaka Jaya,Pengadaan Langsung,Pekerjaan Konstruksi,Pengembangan Jaringan Distribusi dan Sambungan Rumah (SR) Desa Galing Kec.Galing,SELESAI,278836695,278836695
KAB. SAMBAS,DINAS PEKERJAAN UMUM DAN PENATAAN RUANG - 1.03.0.00.0.00.01.0000,10869207000,64932171,2026,Non Tender,APBD,CV GALUH SAVITRI,Pengadaan Langsung,Pekerjaan Konstruksi,Pemeliharaan Saluran Desa Lumbang Kec. Sambas,SELESAI,147775424,147775424
KAB. SAMBAS,DINAS PERHUBUNGAN - 2.15.0.00.0.00.01.0000,01KN2ESFYS6WKFCMBKQQQ3EKQ3,66625982,2026,E-Katalog 6.0,APBD,NURHAZIZAH,E-Purchasing,Jasa Lainnya,"Jasa Tenaga Alihdaya (Tenaga Kebersihan, Tenaga Supir, Tenaga Keamanan, Tenaga Pramusaji)",ON PROCESS,12150000,12150000
KAB. SAMBAS,"DINAS PERUMAHAN RAKYAT, KAWASAN PERMUKIMAN DAN LINGKUNGAN HIDUP - 2.11.1.03.1.04.04.0000",10809800000,66388953,2026,Non Tender,APBD,CV. ADIKA PERKASA,Pengadaan Langsung,Pekerjaan Konstruksi,Pembangunan Bak Penampungan Air Hujan (PAH) Desa Pedada Kec.Teluk Keramat,SELESAI,69823000,69823000
KAB. SAMBAS,DINAS KESEHATAN - 1.02.0.00.0.00.01.0000,01KN3W3XCRD1ZBQDFV6HYRDXD4,66757156,2026,E-Katalog 6.0,APBD,MUHAMAD REDY,E-Purchasing,Jasa Lainnya,Belanja Jasa yang Diberikan kepada Pihak Ketiga/Pihak Lain,ON PROCESS,13500000,13500000
KAB. SAMBAS,DINAS PEKERJAAN UMUM DAN PENATAAN RUANG - 1.03.0.00.0.00.01.0000,10889445000,65755396;65755397,2026,Non Tender,APBD,cv. kutat,Pengadaan Langsung,Pekerjaan Konstruksi,Peningkatan Jalan Desa Kuala dan Desa Parit Baru Kec. Selakau,SELESAI,321570685,321570685
KAB. SAMBAS,DINAS PEKERJAAN UMUM DAN PENATAAN RUANG - 1.03.0.00.0.00.01.0000,10815848000,64932643,2026,Non Tender,APBD,CV ARTHA GRHA MANDIRI,Pengadaan Langsung,Pekerjaan Konstruksi,Rehabilitasi Saluran Desa Temajuk Kec. Paloh,SELESAI,69740807,69740807
KAB. SAMBAS,"DINAS PEMBERDAYAAN PEREMPUAN, PERLINDUNGAN ANAK, PENGENDALIAN PENDUDUK DAN KELUARGA BERENCANA - 2.08.2.14.0.00.02.0000",01KN618H6DMXNEHDPTHPP887Y2,66621433,2026,E-Katalog 6.0,APBD,ARIF FAJAR MUHAMMAD,E-Purchasing,Jasa Lainnya,Belanja Jasa yang Diberikan kepada Pihak Ketiga/Pihak Lain,ON PROCESS,16857837,16857837
KAB. SAMBAS,DINAS PEKERJAAN UMUM DAN PENATAAN RUANG - 1.03.0.00.0.00.01.0000,01KQA7ZF7SPQA7H7H3B4KQ1QD3,67009445,2026,E-Katalog 6.0,APBD,YOGI PRIBADI MULYA,E-Purchasing,Jasa Lainnya,"Penyedia Jasa Lainnya Perorangan (Tenaga Kebersihan, Tenaga Supir, Tenaga Keamanan, Tenaga Pramusaji)",ON PROCESS,13600000,13600000
KAB. SAMBAS,DINAS PERHUBUNGAN - 2.15.0.00.0.00.01.0000,01KN2BH76Z93R817N2Y2R266E7,66625982,2026,E-Katalog 6.0,APBD,EKI SAPUTRA,E-Purchasing,Jasa Lainnya,"Jasa Tenaga Alihdaya (Tenaga Kebersihan, Tenaga Supir, Tenaga Keamanan, Tenaga Pramusaji)",ON PROCESS,12150000,12150000
KAB. SAMBAS,DINAS KESEHATAN - 1.02.0.00.0.00.01.0000,01KN3TZY4MZ45TGSZCPD01BMMX,66757156,2026,E-Katalog 6.0,APBD,MELISA,E-Purchasing,Jasa Lainnya,Belanja Jasa yang Diberikan kepada Pihak Ketiga/Pihak Lain,ON PROCESS,12726000,12726000
KAB. SAMBAS,DINAS PERPUSTAKAAN DAN KEARSIPAN DAERAH - 2.23.2.24.0.00.02.0000,01KD53625FV1CW5XZDBTNC5T7V,62198575,2026,E-Katalog 6.0,APBD,INDOWAWA,E-Purchasing,Jasa Lainnya,Jasa Kebersihan (Pihak Ketiga),ON PROCESS,248400000,248400000
KAB. SAMBAS,RSUD TELUK KERAMAT - 1.02.0.00.0.00.01.0031,01KP85TND8KPD1CRENXF563JM3,65712429,2026,E-Katalog 6.0,APBD,ETHICA INDUSTRI FARMASI,E-Purchasing,Barang,Belanja Obat-Obatan-Obat,ON PROCESS,4113383,4113383
KAB. SAMBAS,SEKRETARIAT DAERAH - 4.01.5.06.0.00.01.0000,01KPMFR0VYRV6EF0WWB63ASHEM,66090673,2026,E-Katalog 6.0,APBD,HARUS SAKTI,E-Purchasing,Barang,Sewa Mobil untuk Sekretariat/ Tamu Pemda,ON PROCESS,101565000,101565000
KAB. SAMBAS,DINAS PEKERJAAN UMUM DAN PENATAAN RUANG - 1.03.0.00.0.00.01.0000,10906750000,65755336;65755337;65755338;65755339,2026,Non Tender,APBD,CV. KURNIA INDAH LESTARI,Pengadaan Langsung,Pekerjaan Konstruksi,"Peningkatan Jalan Desa Trimandayan, Desa Arung Parak, Desa Puringan dan Desa Matang Segantar Kec. Teluk keramat",SELESAI,258645007,258645007
KAB. SAMBAS,DINAS PEKERJAAN UMUM DAN PENATAAN RUANG - 1.03.0.00.0.00.01.0000,10129271000,66947634,2026,Tender,APBD,CV. KARYA ABADI BERSAMA,Tender,Pekerjaan Konstruksi,Peningkatan Jalan Desa Semanga Kec. Sejangkung,SELESAI,440665101,440665101
KAB. SAMBAS,DINAS PERTANIAN DAN KETAHANAN PANGAN - 2.09.3.27.0.00.02.0000,10922665000,66687825,2026,Non Tender,APBD,CV. RAIHAN KONSULTAN,Pengadaan Langsung,Jasa Konsultansi Badan Usaha Konstruksi,"Pengawasan Pembangunan, Rehabilitasi Tata Air Mikro Paket 3",SELESAI,44782950,44782950
KAB. SAMBAS,SATUAN POLISI PAMONG PRAJA - 1.05.0.00.0.00.01.0000,01KQW8R2G2YD02RAFD4THCY1RJ,66578330,2026,E-Katalog 6.0,APBD,REZA ALFAYET,E-Purchasing,Jasa Lainnya,Belanja Jasa Yang Diberikan Kepada Pihak Ketiga/Pihak Lain,ON PROCESS,10800000,10800000
KAB. SAMBAS,BADAN KEPEGAWAIAN DAN PENGEMBANGAN SUMBER DAYA MANUSIA APARATUR DAERAH - 5.03.5.04.0.00.01.0000,01KRABNNKF6GP7J63RSSQY42W1,66804104,2026,E-Katalog 6.0,APBD,ALFI AQDANI,E-Purchasing,Jasa Lainnya,belanja jasa tenaga alih daya,ON PROCESS,14638400,14638400
KAB. SAMBAS,DINAS PERTANIAN DAN KETAHANAN PANGAN - 2.09.3.27.0.00.02.0000,10846299000,66707259,2026,Non Tender,APBD,BARA RAZKA KARYA,Pengadaan Langsung,Pekerjaan Konstruksi,"Pembangunan, Rehabilitasi Tata Air Mikro Samustida Dusun Kaliampok Kecamatan Teluk Keramat",SELESAI,175007000,175007000
KAB. SAMBAS,DINAS PEKERJAAN UMUM DAN PENATAAN RUANG - 1.03.0.00.0.00.01.0000,10843812000,64900336,2026,Non Tender,APBD,CV. Invotech,Pengadaan Langsung,Jasa Konsultansi Badan Usaha Konstruksi,Jasa Konsultansi Perencanaan (Paket VII),SELESAI,49816800,49816800
KAB. SAMBAS,"DINAS PERUMAHAN RAKYAT, KAWASAN PERMUKIMAN DAN LINGKUNGAN HIDUP - 2.11.1.03.1.04.04.0000",10143163000,67269069,2026,Tender,APBD,CV.FIFTY FIFTY SOLUTION,Tender,Pekerjaan Konstruksi,Peningkatan Jalan (Paving Block) Kawasan Waterfront Sambas (Ruas Jembatan Sabok - Water Front) Desa Dalam Kaum Kec. Sambas,SELESAI,2586890000,2586890000
KAB. SAMBAS,"DINAS PERUMAHAN RAKYAT, KAWASAN PERMUKIMAN DAN LINGKUNGAN HIDUP - 2.11.1.03.1.04.04.0000",10808912000,66388924,2026,Non Tender,APBD,CV.SANG SAKA SEJATI,Pengadaan Langsung,Pekerjaan Konstruksi,Pembangunan Bak Penampungan Air Hujan (PAH) Desa Arung Medang Kec.Tangaran,SELESAI,139675000,139675000
KAB. SAMBAS,DINAS PEKERJAAN UMUM DAN PENATAAN RUANG - 1.03.0.00.0.00.01.0000,10894534000,65755640;65755643,2026,Non Tender,APBD,CV. SYAFIRA ANUGRAH,Pengadaan Langsung,Pekerjaan Konstruksi,Peningkatan Jalan Desa Sekura Kec. Teluk Keramat,SELESAI,138871842,138871842
KAB. SAMBAS,SEKRETARIAT DAERAH - 4.01.5.06.0.00.01.0000,01KMMFKQEABZ60HB4VX9S9DVTJ,66615191,2026,E-Katalog 6.0,APBD,YOGI AGATHA ADHA,E-Purchasing,Jasa Lainnya,"Jasa Tenaga Alihdaya (Tenaga Kebersihan, Tenaga Supir, Tenaga Keamanan, Tenaga Pramusaji)",ON PROCESS,14523534,14523534
KAB. SAMBAS,SEKRETARIAT DAERAH - 4.01.5.06.0.00.01.0000,01KPSPRZ0PXHXZPA35EHCYPWYZ,66614563,2026,E-Katalog 6.0,APBD,ANEKA MAKMUR SEJAHTERA,E-Purchasing,Barang,Pengadaan Sepeda Motor,ON PROCESS,101253200,101253200
KAB. SAMBAS,DINAS PEKERJAAN UMUM DAN PENATAAN RUANG - 1.03.0.00.0.00.01.0000,10869073000,64932154,2026,Non Tender,APBD,CV. AL GHIFARI,Pengadaan Langsung,Pekerjaan Konstruksi,Pemeliharaan Saluran Desa Ratu Sepudak Kec. Galing,SELESAI,179761429,179761429
KAB. SAMBAS,"DINAS PERIKANAN, PETERNAKAN DAN KESEHATAN HEWAN - 3.25.3.27.0.00.02.0000",10932667000,67392787,2026,Non Tender,APBD,CV Cahaya Rafisqy Ghava,Pengadaan Langsung,Pengadaan Barang,Pengadaan Gillnet 200x100 Ds. Arung Parak Kec. Tangaran,BERLANGSUNG,197402400,0
KAB. SAMBAS,SATUAN POLISI PAMONG PRAJA - 1.05.0.00.0.00.01.0000,01KN6TGME9EFAN53FJ03X8R3AB,66578330,2026,E-Katalog 6.0,APBD,DEBY RAHADATUL AISY IRAWAN,E-Purchasing,Jasa Lainnya,Belanja Jasa Yang Diberikan Kepada Pihak Ketiga/Pihak Lain,ON PROCESS,12150000,12150000
KAB. SAMBAS,DINAS KESEHATAN - 1.02.0.00.0.00.01.0000,01KRWJ4A3FDXNPQ7NT12GB6B1K,65578957,2026,E-Katalog 6.0,APBD,MEGA LIFESCIENCES INDONESIA,E-Purchasing,Barang,Belanja Obat-Obatan-Obat,ON PROCESS,76427940,76427940
KAB. SAMBAS,SEKRETARIAT DAERAH - 4.01.5.06.0.00.01.0000,10878251000,66897885,2026,Pencatatan,APBD,,Pengadaan Langsung,Pengadaan Barang,Belanja Makanan dan Minuman Rapat,PAKET SEDANG BERJALAN,1750000,1750000
KAB. SAMBAS,SEKRETARIAT DAERAH - 4.01.5.06.0.00.01.0000,01KN3EJY26R2QFB3YV8TPM065K,66090182,2026,E-Katalog 6.0,APBD,HATIJAH HIDAYATULAH,E-Purchasing,Jasa Lainnya,JASA TENAGA KEAMANAN  DAN JASA TENAGA KEBERSIHAN  KANTOR YANG DITETAPKAN DENGAN SK KEPALA SKPD.,ON PROCESS,11700000,11700000
KAB. SAMBAS,DINAS PENDIDIKAN DAN KEBUDAYAAN - 1.01.2.22.0.00.02.0000,10832986000,65283125,2026,Non Tender,APBD,cv. putrilestari,Pengadaan Langsung,Pekerjaan Konstruksi,Rehabilitasi Ruang Kelas SDN 43 Pinang Merah Kec. Teluk Keramat,SELESAI,199737000,199737000
KAB. SAMBAS,RSUD PEMANGKAT - 1.02.0.00.0.00.01.0029,01KN6G7GJWZFFDXNHKMNJQH274,65094744,2026,E-Katalog 6.0,APBD,JOHNSON AND JOHNSON INDONESIA TWO,E-Purchasing,Barang,Belanja Barang dan Jasa BLUD,ON PROCESS,50950000,0
KAB. SAMBAS,DINAS PEKERJAAN UMUM DAN PENATAAN RUANG - 1.03.0.00.0.00.01.0000,10864586000,65755375,2026,Non Tender,APBD,CV. ARLI KONTRAKTOR,Pengadaan Langsung,Pekerjaan Konstruksi,Peningkatan Jalan Desa Semanga Dusun Setambah Kec. Sejangkung,SELESAI,69478179,69478179
KAB. SAMBAS,SEKRETARIAT DAERAH - 4.01.5.06.0.00.01.0000,01KN3EXJJSRVG3CNW3C4P3N763,66090182,2026,E-Katalog 6.0,APBD,MAJINUR DARLISANTO,E-Purchasing,Jasa Lainnya,JASA TENAGA KEAMANAN  DAN JASA TENAGA KEBERSIHAN  KANTOR YANG DITETAPKAN DENGAN SK KEPALA SKPD.,ON PROCESS,11700000,11700000
KAB. SAMBAS,"DINAS PERUMAHAN RAKYAT, KAWASAN PERMUKIMAN DAN LINGKUNGAN HIDUP - 2.11.1.03.1.04.04.0000",10833811000,66388950,2026,Non Tender,APBD,CV. Absis Wahana Eureka,Pengadaan Langsung,Jasa Konsultansi Badan Usaha Konstruksi,Konsultan Pengawasan Pembangunan SPAM Bukan Jaringan Perpipaan Paket VIII,SELESAI,44749650,44749650
KAB. SAMBAS,RSUD PEMANGKAT - 1.02.0.00.0.00.01.0029,01KRG8PPPXK0XV2CQBZ7107FNC,65093976,2026,E-Katalog 6.0,APBD,INSIGHT MEDICA FAME,E-Purchasing,Barang,Pengadaan BMHP Rumah Sakit,ON PROCESS,161486722,161486722
KAB. SAMBAS,RSUD PEMANGKAT - 1.02.0.00.0.00.01.0029,01KQ7JH6W4V18VGDD7S205SCE1,65093976,2026,E-Katalog 6.0,APBD,ANARA MEDICAL INDONESIA,E-Purchasing,Barang,Pengadaan BMHP Rumah Sakit,ON PROCESS,43647309,43647309
KAB. SAMBAS,DINAS PENDIDIKAN DAN KEBUDAYAAN - 1.01.2.22.0.00.02.0000,10914686000,65185557,2026,Non Tender,APBD,CV. KARYA BERSAUDARA,Pengadaan Langsung,Jasa Konsultansi Badan Usaha Konstruksi,Belanja Jasa Konsultansi Pengawasan Pembangunan Toilet SDN 02 Dalam Kaum Kec. Sambas,SELESAI,2558550,2558550
KAB. SAMBAS,"DINAS PERIKANAN, PETERNAKAN DAN KESEHATAN HEWAN - 3.25.3.27.0.00.02.0000",01KN40044RWJC0VPVGECE17H71,66704573,2026,E-Katalog 6.0,APBD,BAGUS PRAMUJA,E-Purchasing,Jasa Lainnya,Belanja Jasa Yang Diberikan Kepada Pihak Ketiga/ Pihak Lain,ON PROCESS,15300000,15300000
KAB. SAMBAS,DINAS PERTANIAN DAN KETAHANAN PANGAN - 2.09.3.27.0.00.02.0000,10917550000,66687165,2026,Non Tender,APBD,cv. kutat,Pengadaan Langsung,Pekerjaan Konstruksi,"Pembangunan, Rehabilitasi Tata Air Mikro Desa Parit Baru Kecamatan Salatiga",SELESAI,303183775,303183775
KAB. SAMBAS,DINAS PEKERJAAN UMUM DAN PENATAAN RUANG - 1.03.0.00.0.00.01.0000,10868311000,64932161,2026,Non Tender,APBD,CV. MUTIARA SAMBAS,Pengadaan Langsung,Pekerjaan Konstruksi,Pemeliharaan Saluran Desa Sungai Baru Kec. Teluk Keramat,SELESAI,189765624,189765624
KAB. SAMBAS,SEKRETARIAT DAERAH - 4.01.5.06.0.00.01.0000,01KW997JCXPY5KZYZ47X4YXYBA,66573631,2026,E-Katalog 6.0,APBD,TANIKAYA MULTI SARANA,E-Purchasing,Barang,Pengadaan Cultivator,ON PROCESS,107664250,107664250
KAB. SAMBAS,DINAS PEKERJAAN UMUM DAN PENATAAN RUANG - 1.03.0.00.0.00.01.0000,10836544000,66849293,2026,Non Tender,APBD,CV.FIFTY FIFTY SOLUTION,Pengadaan Langsung,Pekerjaan Konstruksi,Rehabilitasi Saluran Desa Mentibar Kec. Paloh dan Rehabilitasi Saluran Dsn Sungai Simpur Desa Mentibar Kec. Paloh,SELESAI,139545149,139545149
KAB. SAMBAS,DINAS KEPENDUDUKAN DAN PENCATATAN SIPIL - 2.12.0.00.0.00.01.0000,10847096000,65187830,2026,Non Tender,APBD,SARANA KARYA SEJAHTERA,Pengadaan Langsung,Jasa Konsultansi Badan Usaha Konstruksi,Jasa Konsultansi Perencanaan Pembangunan Pagar Disdukcapil,SELESAI,7964790,7964790
KAB. SAMBAS,RSUD PEMANGKAT - 1.02.0.00.0.00.01.0029,01KH81PASQ11E0PZYJ1MH4NS9Z,65094744,2026,E-Katalog 6.0,APBD,PERUSAHAAN PERSEROAN (PERSERO) PT. BIO FARMA DISINGKAT PT. BIO FARMA (PERSERO),E-Purchasing,Barang,Belanja Barang dan Jasa BLUD,ON PROCESS,17427133,17427133
KAB. SAMBAS,DINAS PERTANIAN DAN KETAHANAN PANGAN - 2.09.3.27.0.00.02.0000,10922558000,66687155,2026,Non Tender,APBD,"CV. PUTRA WINATA AL""BARA",Pengadaan Langsung,Pekerjaan Konstruksi,"Pembangunan, Rehabilitasi Tata Air Mikro Desa SB Kolam Kecamatan Jawai",SELESAI,87711136,87711136
KAB. SAMBAS,RSUD TELUK KERAMAT - 1.02.0.00.0.00.01.0031,01K82BD5MEJDCNESJVWBSRE5FR,61997099,2026,E-Katalog 6.0,APBD,KAPUAS PERMATA MEDIFARMA,E-Purchasing,Jasa Lainnya,Pengadaan Sewa Kendaraan Operasional Dinas Roda 4,ON PROCESS,1226100,0
KAB. SAMBAS,DINAS KESEHATAN - 1.02.0.00.0.00.01.0000,01KR2TFBQVK83K5ES8ADA13NEE,65578957,2026,E-Katalog 6.0,APBD,TRIMAN,E-Purchasing,Barang,Belanja Obat-Obatan-Obat,ON PROCESS,2552219,2552219
KAB. SAMBAS,DINAS PEKERJAAN UMUM DAN PENATAAN RUANG - 1.03.0.00.0.00.01.0000,10818670000,64932582,2026,Non Tender,APBD,cv. almeera borneo engineer,Pengadaan Langsung,Jasa Konsultansi Badan Usaha Konstruksi,Perencanaan Teknis / Detail Desain DIR Puringan,SELESAI,99733500,99733500
KAB. SAMBAS,DINAS PEKERJAAN UMUM DAN PENATAAN RUANG - 1.03.0.00.0.00.01.0000,10831579000,64932572,2026,Non Tender,APBD,CV. ARSITARA,Pengadaan Langsung,Jasa Konsultansi Badan Usaha Konstruksi,Detail Desain DIR Tanjung Keracut Kec. Teluk Keramat,SELESAI,99378300,99378300
KAB. SAMBAS,DINAS KESEHATAN - 1.02.0.00.0.00.01.0000,01KQBDJ4DX95G8E7VEGX1GXEAS,65579141,2026,E-Katalog 6.0,APBD,MEDIHOP,E-Purchasing,Barang,Belanja Bahan-Bahan Lainnya,ON PROCESS,118638132,118638132
KAB. SAMBAS,DINAS PERTANIAN DAN KETAHANAN PANGAN - 2.09.3.27.0.00.02.0000,10920082000,66687196,2026,Non Tender,APBD,"CV. PUTRA WINATA AL""BARA",Pengadaan Langsung,Pekerjaan Konstruksi,"Pembangunan, Rehabilitasi Tata Air Mikro Desa SB Usrat Kecamatan Jawai",SELESAI,87722493,87722493
KAB. SAMBAS,RSUD PEMANGKAT - 1.02.0.00.0.00.01.0029,01KNM4PEYHE15H9P13JEAAJSTF,65093976,2026,E-Katalog 6.0,APBD,ARKANINDOPLAST UTAMA,E-Purchasing,Barang,Pengadaan BMHP Rumah Sakit,ON PROCESS,145240330,145240330
KAB. SAMBAS,DINAS KEPENDUDUKAN DAN PENCATATAN SIPIL - 2.12.0.00.0.00.01.0000,01KRD1K8HHD5WD719S4VT4KCGB,67061495,2026,E-Katalog 6.0,APBD,BERKAH CAHAYA ABADI,E-Purchasing,Barang,Belanja Modal Alat Kantor Lainnya,ON PROCESS,182212050,182212050
KAB. SAMBAS,DINAS PENDIDIKAN DAN KEBUDAYAAN - 1.01.2.22.0.00.02.0000,10914821000,65185556,2026,Non Tender,APBD,cvyangsencjm.com,Pengadaan Langsung,Pekerjaan Konstruksi,Pembangunan Toilet SDN 02 Dalam Kaum Kec. Sambas,SELESAI,84813000,84813000
KAB. SAMBAS,DINAS PENDIDIKAN DAN KEBUDAYAAN - 1.01.2.22.0.00.02.0000,01KNM2ZXHTAVP4B132GKG2JMY0,66817626,2026,E-Katalog 6.0,APBD,AMIN HAFIZ,E-Purchasing,Jasa Lainnya,Belanja Jasa yang Diberikan kepada Pihak Ketiga/Pihak Lain,ON PROCESS,16857837,16857837
KAB. SAMBAS,"DINAS PERUMAHAN RAKYAT, KAWASAN PERMUKIMAN DAN LINGKUNGAN HIDUP - 2.11.1.03.1.04.04.0000",10808891000,66388876,2026,Non Tender,APBD,CV. SUMBER BINA SEJATI,Pengadaan Langsung,Pekerjaan Konstruksi,Pembangunan Bak Penampungan Air Hujan (PAH) Desa Arung Parak Kec.Tangaran I,SELESAI,148297000,148297000
KAB. SAMBAS,DINAS PEKERJAAN UMUM DAN PENATAAN RUANG - 1.03.0.00.0.00.01.0000,10124238000,66110546,2026,Tender,APBD,"IMSCO PUTRA MANDIRI, CV",Seleksi,Jasa Konsultansi Badan Usaha Non Konstruksi,"Fasilitasi Penyesuaian dan Pemuktahiran Basis Data Kawasan Permukiman yang terindikasi berada dalam kawasan hutan di Kecamatan Paloh, Kecamatan Sajingan Besar, Kecamatan Galing dan Kecamatan Sejangkung",SELESAI,218359755,218359755
KAB. SAMBAS,DINAS PEKERJAAN UMUM DAN PENATAAN RUANG - 1.03.0.00.0.00.01.0000,10813882000,64932626,2026,Non Tender,APBD,CV. SARI BUAH,Pengadaan Langsung,Pekerjaan Konstruksi,Rehabilitasi Saluran Desa Lumbang Kec. Sambas,SELESAI,69741002,69741002
KAB. SAMBAS,"DINAS PERUMAHAN RAKYAT, KAWASAN PERMUKIMAN DAN LINGKUNGAN HIDUP - 2.11.1.03.1.04.04.0000",10814021000,66617490,2026,Non Tender,APBD,CV. MUTIARA SAMBAS,Pengadaan Langsung,Pekerjaan Konstruksi,"Pembangunan Bak Penampungan Air Hujan (PAH) Desa Kubangga, Desa Tambatan dan Desa Sepadu Kec.Teluk Keramat",SELESAI,222288000,222288000
KAB. SAMBAS,DINAS PEKERJAAN UMUM DAN PENATAAN RUANG - 1.03.0.00.0.00.01.0000,10868373000,64932153,2026,Non Tender,APBD,CV.ASRA,Pengadaan Langsung,Pekerjaan Konstruksi,Pemeliharaan Saluran Desa Perigi Landu Kec. Sejangkung,SELESAI,183769399,183769399
KAB. SAMBAS,"DINAS PARIWISATA, KEPEMUDAAN DAN OLAHRAGA - 2.19.3.26.0.00.02.0000",10810000000,65146840;65146846,2026,Non Tender,APBD,CV. AKBAR PRADANA,Pengadaan Langsung,Jasa Lainnya,TURNAMEN SEPAK BOLA USIA DINI,SELESAI,167308000,167308000
KAB. SAMBAS,SATUAN POLISI PAMONG PRAJA - 1.05.0.00.0.00.01.0000,01KP2FBV6WZ29FJ79349FQ7DEA,66578330,2026,E-Katalog 6.0,APBD,ALFIN OKASA,E-Purchasing,Jasa Lainnya,Belanja Jasa Yang Diberikan Kepada Pihak Ketiga/Pihak Lain,ON PROCESS,15300000,15300000
KAB. SAMBAS,DINAS PERTANIAN DAN KETAHANAN PANGAN - 2.09.3.27.0.00.02.0000,10793377000,66142706,2026,Non Tender,APBD,CV. SABANDARI,Pengadaan Langsung,Pekerjaan Konstruksi,"Pembangunan, Rehabilitasi Tata Air Mikro Desa Sungai Kumpai Kecamatan Teluk Keramat",SELESAI,179669688,179669688
KAB. SAMBAS,DINAS KESEHATAN - 1.02.0.00.0.00.01.0000,01KVQ55E3XSS6QBMH6CW6GFG0N,65579141,2026,E-Katalog 6.0,APBD,SENTRAL MEDIKA INDONESIA,E-Purchasing,Barang,Belanja Bahan-Bahan Lainnya,ON PROCESS,52430398,52430398
KAB. SAMBAS,"DINAS PERUMAHAN RAKYAT, KAWASAN PERMUKIMAN DAN LINGKUNGAN HIDUP - 2.11.1.03.1.04.04.0000",10143172000,67269078,2026,Tender,APBD,CV. SURYA PERDANA,Tender,Pekerjaan Konstruksi,Peningkatan Jalan Lingkungan (Paving Block) Jalan SMPN 03 Desa Semparuk Kec. Semparuk,SELESAI,555230585,555230585
KAB. SAMBAS,DINAS PEKERJAAN UMUM DAN PENATAAN RUANG - 1.03.0.00.0.00.01.0000,10866829000,65766724;65766729,2026,Non Tender,APBD,CV. MUTIARA SAMBAS,Pengadaan Langsung,Pekerjaan Konstruksi,Pembangunan Turap Desa Sekura dan Desa Trimandayan Kec.Teluk Keramat,SELESAI,295365210,295365210
KAB. SAMBAS,SEKRETARIAT DAERAH - 4.01.5.06.0.00.01.0000,10877129000,66891840,2026,Pencatatan,APBD,,Pengadaan Langsung,Jasa Lainnya,Belanja Alat/Bahan untuk Kegiatan Kantor- Bahan Cetak,PAKET SEDANG BERJALAN,7430500,7430500
KAB. SAMBAS,RSUD SAMBAS - 1.02.0.00.0.00.01.0030,01KRFF2MJZX327ZQXTY8P551XA,64773848,2026,E-Katalog 6.0,APBD,SINAR RODA UTAMA,E-Purchasing,Barang,Belanja Barang dan Jasa BLUD,ON PROCESS,327383400,327383400
KAB. SAMBAS,KECAMATAN TEBAS - 7.01.0.00.0.00.04.0000,01KQBK7VMDHCS32WKFE3Z7MJRG,67027463,2026,E-Katalog 6.0,APBD,ROBIANTO,E-Purchasing,Jasa Lainnya,"Jasa Tenaga Alihdaya (Tenaga Kebersihan, Tenaga Supir, Tenaga Keamanan, Tenaga Pramusaji)",ON PROCESS,13600000,13600000
KAB. SAMBAS,DINAS PERTANIAN DAN KETAHANAN PANGAN - 2.09.3.27.0.00.02.0000,10922487000,66687202,2026,Non Tender,APBD,tambers,Pengadaan Langsung,Pekerjaan Konstruksi,"Pembangunan, Rehabilitasi Tata Air Mikro Desa SB Kolam Kecamatan Jawai",SELESAI,79075747,79075747
KAB. SAMBAS,"DINAS PERIKANAN, PETERNAKAN DAN KESEHATAN HEWAN - 3.25.3.27.0.00.02.0000",10855603000,65992031,2026,Non Tender,APBD,CV.TANJUNG HARAPAN UTAMA,Pengadaan Langsung,Pengadaan Barang,Pengadaan Mesin Pakan Ikan Apung,SELESAI,59496000,59496000
KAB. SAMBAS,BADAN PENANGGULANGAN BENCANA DAERAH - 1.05.0.00.0.00.04.0000,01KN698R8PXQRNKV9FCEZYJX3E,66876671,2026,E-Katalog 6.0,APBD,SANTRI,E-Purchasing,Jasa Lainnya,Belanja Jasa yang Diberikan kepada Pihak Ketiga/Pihak Lain ,ON PROCESS,15894000,15894000
KAB. SAMBAS,DINAS PEKERJAAN UMUM DAN PENATAAN RUANG - 1.03.0.00.0.00.01.0000,10843788000,64900284,2026,Non Tender,APBD,CV.JASA BANGUN ENERGI,Pengadaan Langsung,Pekerjaan Konstruksi,Normalisasi Saluran Desa Matang Danau Kec. Paloh,SELESAI,161811476,161811476
KAB. SAMBAS,DINAS PERHUBUNGAN - 2.15.0.00.0.00.01.0000,10910394000,67313122,2026,Non Tender,APBD,CV. SURYA PERDANA,Pengadaan Langsung,Pekerjaan Konstruksi,Pembangunan Lokasi Parkir (Lanjutan) Jln Moh.Hambal Kec. Pemangkat,SELESAI,149716870,149716870
KAB. SAMBAS,DINAS PEKERJAAN UMUM DAN PENATAAN RUANG - 1.03.0.00.0.00.01.0000,10129241000,65755391,2026,Tender,APBD,Cv.Nanditanur,Tender,Pekerjaan Konstruksi,Peningkatan Jalan Desa Seburing - Desa Bentunai Kec. Semparuk/Selakau,SELESAI,838339338,838339338
KAB. SAMBAS,RSUD PEMANGKAT - 1.02.0.00.0.00.01.0029,01KP87XTEZV8HKZ0X0WAV19G6M,65093976,2026,E-Katalog 6.0,APBD,LIKUID PHARMALAB INDONESIA,E-Purchasing,Barang,Pengadaan BMHP Rumah Sakit,ON PROCESS,177607337,177607337
KAB. SAMBAS,DINAS PERHUBUNGAN - 2.15.0.00.0.00.01.0000,01KN2G7QN59RZMJ403K195MHHX,66625982,2026,E-Katalog 6.0,APBD,RESTY PURWASIH,E-Purchasing,Jasa Lainnya,"Jasa Tenaga Alihdaya (Tenaga Kebersihan, Tenaga Supir, Tenaga Keamanan, Tenaga Pramusaji)",ON PROCESS,15300000,15300000
KAB. SAMBAS,"DINAS PERUMAHAN RAKYAT, KAWASAN PERMUKIMAN DAN LINGKUNGAN HIDUP - 2.11.1.03.1.04.04.0000",10814056000,66617741,2026,Non Tender,APBD,cv. nanda putra,Pengadaan Langsung,Pekerjaan Konstruksi,Pembangunan Sumur Bor Desa Simpang Empat dan Desa Tangaran Kec.Tangaran,SELESAI,295674000,295674000
KAB. SAMBAS,SATUAN POLISI PAMONG PRAJA - 1.05.0.00.0.00.01.0000,01KNJY276DMG0PADQYY47BYCXE,66578330,2026,E-Katalog 6.0,APBD,RAMADAN,E-Purchasing,Jasa Lainnya,Belanja Jasa Yang Diberikan Kepada Pihak Ketiga/Pihak Lain,ON PROCESS,12150000,12150000
KAB. SAMBAS,DINAS KESEHATAN - 1.02.0.00.0.00.01.0000,01KV9P8ZM9JD5WCBDZ2G8R6HH7,65579141,2026,E-Katalog 6.0,APBD,SAFELOCK MEDICAL,E-Purchasing,Barang,Belanja Bahan-Bahan Lainnya,ON PROCESS,141558566,141558566
KAB. SAMBAS,RSUD PEMANGKAT - 1.02.0.00.0.00.01.0029,01KQ7JK9AF78HWQXGJJWVJ00TA,65093976,2026,E-Katalog 6.0,APBD,HUTAMAKARSA LINTAS NIAGA,E-Purchasing,Barang,Pengadaan BMHP Rumah Sakit,ON PROCESS,21890000,21890000
KAB. SAMBAS,RSUD SAMBAS - 1.02.0.00.0.00.01.0030,01KSRHA5K7M0ZD24QP8S910DJT,64773841,2026,E-Katalog 6.0,APBD,ABADINUSA USAHASEMESTA,E-Purchasing,Barang,Belanja Bahan-Bahan Lainnya,ON PROCESS,9399591,0
KAB. SAMBAS,DINAS PEKERJAAN UMUM DAN PENATAAN RUANG - 1.03.0.00.0.00.01.0000,10822619000,64932668,2026,Non Tender,APBD,CV. TRI NUSA ENGINEERING,Pengadaan Langsung,Jasa Konsultansi Badan Usaha Konstruksi,Jasa Konsultansi Perencanaan (Paket IV),SELESAI,39699150,39699150
KAB. SAMBAS,DINAS PERHUBUNGAN - 2.15.0.00.0.00.01.0000,10842361000,65913113,2026,Non Tender,APBD,PT ANISHA PUTRA KENCANA,Pengadaan Langsung,Jasa Konsultansi Badan Usaha Konstruksi,Konsultan Perencanaan Pengadaan Penerangan Jalan (PJU) Paket VII,SELESAI,79822875,79822875
KAB. SAMBAS,"DINAS PERUMAHAN RAKYAT, KAWASAN PERMUKIMAN DAN LINGKUNGAN HIDUP - 2.11.1.03.1.04.04.0000",10809157000,66610254,2026,Non Tender,APBD,BAGDAD,Pengadaan Langsung,Pekerjaan Konstruksi,Pembangunan Bak Penampungan Air Hujan (PAH) Desa Simpang Empat Kec.Tangaran II,SELESAI,279572000,279572000
KAB. SAMBAS,RSUD PEMANGKAT - 1.02.0.00.0.00.01.0029,01KJS7HJPDBFP1YBCAD3AQXACQ,65093975,2026,E-Katalog 6.0,APBD,INDOMEDIK NIAGA PERKASA,E-Purchasing,Barang,Belanja Modal Peralatan dan Mesin BLUD,ON PROCESS,545870721,545870721
KAB. SAMBAS,DINAS PEKERJAAN UMUM DAN PENATAAN RUANG - 1.03.0.00.0.00.01.0000,01KQA83P3TTWY715BSGVEA3S9Y,67009445,2026,E-Katalog 6.0,APBD,HAIRUNNISA,E-Purchasing,Jasa Lainnya,"Penyedia Jasa Lainnya Perorangan (Tenaga Kebersihan, Tenaga Supir, Tenaga Keamanan, Tenaga Pramusaji)",ON PROCESS,12360000,12360000
KAB. SAMBAS,RSUD SAMBAS - 1.02.0.00.0.00.01.0030,10126685000,64773535,2026,Tender,APBD,CV. SHULTHAN GARNIDA,Tender,Pekerjaan Konstruksi,Belanja Modal Bangunan Kesehatan (Penguatan Layanan Andalan KJSU-KIA),SELESAI,5117604608,5117604608
KAB. SAMBAS,"DINAS PERUMAHAN RAKYAT, KAWASAN PERMUKIMAN DAN LINGKUNGAN HIDUP - 2.11.1.03.1.04.04.0000",10873276000,67147457,2026,Non Tender,APBD,CV. Multi Kreasi Konsultan,Pengadaan Langsung,Jasa Konsultansi Badan Usaha Konstruksi,Jasa Konsultansi Perencanaan Drainase Paket II,SELESAI,34754100,34754100
KAB. SAMBAS,DINAS PERTANIAN DAN KETAHANAN PANGAN - 2.09.3.27.0.00.02.0000,10793375000,66142344,2026,Non Tender,APBD,CV.FIFTY FIFTY SOLUTION,Pengadaan Langsung,Pekerjaan Konstruksi,"Pembangunan, Rehabilitasi Tata Air Mikro Desa Mulia Kecamatan Teluk Keramat",SELESAI,179616593,179616593
KAB. SAMBAS,DINAS PEKERJAAN UMUM DAN PENATAAN RUANG - 1.03.0.00.0.00.01.0000,10145150000,67306317,2026,Tender,APBD,,Seleksi,Jasa Konsultansi Badan Usaha Konstruksi,Jasa Konsultansi Pengawasan Peningkatan Jembatan Poros Desa Paket VI,BERLANGSUNG,123891000,123891000
KAB. SAMBAS,RSUD TELUK KERAMAT - 1.02.0.00.0.00.01.0031,01KW0RZ2NCDEKQ3MTEA4BSD4ET,65712431,2026,E-Katalog 6.0,APBD,KAPUAS PERMATA MEDIFARMA,E-Purchasing,Barang,Belanja Bahan-Bahan Lainnya,ON PROCESS,24124507,24124507
KAB. SAMBAS,DINAS KESEHATAN - 1.02.0.00.0.00.01.0000,01KR2N9AJ1DDZ1NTB3JX71CKVN,65578957,2026,E-Katalog 6.0,APBD,NOVAPHARIN,E-Purchasing,Barang,Belanja Obat-Obatan-Obat,ON PROCESS,81696000,81696000
KAB. SAMBAS,"DINAS KOPERASI, USAHA KECIL MENENGAH, PERINDUSTRIAN DAN PERDAGANGAN - 2.17.3.31.3.30.07.0000",01KN0MGRN03EGZXRJEGGP74T4Z,66542032,2026,E-Katalog 6.0,APBD,NAILA ZULFA,E-Purchasing,Jasa Lainnya,Belanja Jasa yang Diberikan kepada Pihak Ketiga/Pihak Lain,ON PROCESS,16200000,16200000
KAB. SAMBAS,"DINAS KOPERASI, USAHA KECIL MENENGAH, PERINDUSTRIAN DAN PERDAGANGAN - 2.17.3.31.3.30.07.0000",10882741000,67200484,2026,Non Tender,APBD,cv. arnia insani,Pengadaan Langsung,Pengadaan Barang,Belanja Hibah Barang Kepada Usaha Mikro,SELESAI,79809000,79809000
KAB. SAMBAS,DINAS PEKERJAAN UMUM DAN PENATAAN RUANG - 1.03.0.00.0.00.01.0000,10822392000,65755326;65755614,2026,Non Tender,APBD,CV. ADI JAYA KONSTRUKSI,Pengadaan Langsung,Pekerjaan Konstruksi,Peningkatan Jalan Desa Lonam Kecamatan Pemangkat III,SELESAI,208088874,208088874
KAB. SAMBAS,"DINAS PERIKANAN, PETERNAKAN DAN KESEHATAN HEWAN - 3.25.3.27.0.00.02.0000",10966069000,67319369,2026,Pencatatan,APBD,,Pengadaan Langsung,Pengadaan Barang,Pengadaan Gillnet 100x100 Ds. Sebubus Kec. Paloh,PAKET SELESAI,164724000,0
KAB. SAMBAS,DINAS PERTANIAN DAN KETAHANAN PANGAN - 2.09.3.27.0.00.02.0000,10917986000,66687160,2026,Non Tender,APBD,CV. SARI BUAH,Pengadaan Langsung,Pekerjaan Konstruksi,"Pembangunan, Rehabilitasi Tata Air Mikro Desa Sarang Burung Kolam Kecamatan Jawai",SELESAI,276803858,276803858
KAB. SAMBAS,DINAS KESEHATAN - 1.02.0.00.0.00.01.0000,01KPYQFTQC9BZYQR959ZSGFAW0,65578957,2026,E-Katalog 6.0,APBD,DEXA MEDICA,E-Purchasing,Barang,Belanja Obat-Obatan-Obat,ON PROCESS,44109180,44109180
KAB. SAMBAS,"DINAS PERUMAHAN RAKYAT, KAWASAN PERMUKIMAN DAN LINGKUNGAN HIDUP - 2.11.1.03.1.04.04.0000",10835114000,66610631,2026,Non Tender,APBD,CV Cahaya Rafisqy Ghava,Pengadaan Langsung,Pekerjaan Konstruksi,"Pembangunan Sumur Bor Desa SB. Kolam, Desa SB.Usrat dan Desa SB. Kuala Kec.Jawai",SELESAI,231465000,231465000
KAB. SAMBAS,DINAS PERTANIAN DAN KETAHANAN PANGAN - 2.09.3.27.0.00.02.0000,10917673000,66687166,2026,Non Tender,APBD,CV. PANJI ALAM,Pengadaan Langsung,Pekerjaan Konstruksi,"Pembangunan, Rehabilitasi Tata Air Mikro Desa Bentunai Kecamatan Selakau",SELESAI,333963430,333963430
KAB. SAMBAS,DINAS PEKERJAAN UMUM DAN PENATAAN RUANG - 1.03.0.00.0.00.01.0000,10859946000,65755377;65755392,2026,Non Tender,APBD,CV. SARI BUAH,Pengadaan Langsung,Pekerjaan Konstruksi,Peningkatan Jalan Desa Sentebang Kec. Jawai,SELESAI,312886632,312886632
KAB. SAMBAS,"DINAS PERUMAHAN RAKYAT, KAWASAN PERMUKIMAN DAN LINGKUNGAN HIDUP - 2.11.1.03.1.04.04.0000",10916028000,66389599,2026,Non Tender,APBD,CV. HORAS,Pengadaan Langsung,Pekerjaan Konstruksi,Pengembangan Jaringan Distribusi dan Sambungan Rumah (SR) Desa Mulia Kec.Teluk Keramat,SELESAI,248913394,248913394
KAB. SAMBAS,DINAS PEKERJAAN UMUM DAN PENATAAN RUANG - 1.03.0.00.0.00.01.0000,10815842000,64932618,2026,Non Tender,APBD,CV. SARI BUAH,Pengadaan Langsung,Pekerjaan Konstruksi,Rehabilitasi Saluran Desa Sekura Kec. Teluk Keramat,SELESAI,174525285,174525285
KAB. SAMBAS,DINAS PERHUBUNGAN - 2.15.0.00.0.00.01.0000,01KN2HCFTQ7Q8F5G0ZV58RVEMD,66625982,2026,E-Katalog 6.0,APBD,ISMI ARMADANI,E-Purchasing,Jasa Lainnya,"Jasa Tenaga Alihdaya (Tenaga Kebersihan, Tenaga Supir, Tenaga Keamanan, Tenaga Pramusaji)",ON PROCESS,12150000,12150000
KAB. SAMBAS,DINAS PEKERJAAN UMUM DAN PENATAAN RUANG - 1.03.0.00.0.00.01.0000,10830810000,66866976,2026,Non Tender,APBD,cv.finicreative,Pengadaan Langsung,Jasa Konsultansi Badan Usaha Konstruksi,Perencanaan Pembangunan Gedung Aula Kantor PKK Kab.Sambas,SELESAI,39820000,39820000
KAB. SAMBAS,DINAS PEKERJAAN UMUM DAN PENATAAN RUANG - 1.03.0.00.0.00.01.0000,10827752000,64932619,2026,Non Tender,APBD,CV. PANJI ALAM,Pengadaan Langsung,Pekerjaan Konstruksi,Rehabilitasi Saluran Desa Sengawang Kec. Teluk Keramat,SELESAI,174636426,174636426
KAB. SAMBAS,SATUAN POLISI PAMONG PRAJA - 1.05.0.00.0.00.01.0000,01KNJXY71V21VH4BY3YQJZ6SGB,66578330,2026,E-Katalog 6.0,APBD,WIWIT SAPUTRA,E-Purchasing,Jasa Lainnya,Belanja Jasa Yang Diberikan Kepada Pihak Ketiga/Pihak Lain,ON PROCESS,12150000,12150000
KAB. SAMBAS,SEKRETARIAT DAERAH - 4.01.5.06.0.00.01.0000,10885978000,66088744,2026,Non Tender,APBD,CV. GEOPORTAL ENGINEERING,Pengadaan Langsung,Jasa Konsultansi Badan Usaha Konstruksi,Jasa Konsultansi Perencanaan,SELESAI,24972974,24972974
KAB. SAMBAS,DINAS PEKERJAAN UMUM DAN PENATAAN RUANG - 1.03.0.00.0.00.01.0000,10815483000,66817504,2026,Non Tender,APBD,CV. INDRA EKARSA,Pengadaan Langsung,Jasa Konsultansi Badan Usaha Konstruksi,Jasa Konsultansi Pengawasan Penanganan Long Segment Serindang - Pelanjau Kec. Tebas,SELESAI,99012278,99012278
KAB. SAMBAS,DINAS PENDIDIKAN DAN KEBUDAYAAN - 1.01.2.22.0.00.02.0000,10881063000,65005718,2026,Non Tender,APBD,lawang sukses,Pengadaan Langsung,Pengadaan Barang,Pengadaan Meubelair Ruang Kelas SMP,SELESAI,178488000,0
KAB. SAMBAS,SEKRETARIAT DAERAH - 4.01.5.06.0.00.01.0000,01KKD9J55TJN4MJ5W74AS472ZW,66090671,2026,E-Katalog 6.0,APBD,HARUS SAKTI,E-Purchasing,Barang,Sewa Mobil Kepala Daerah dan Wakil Kepala Daerah,ON PROCESS,444000000,444000000
KAB. SAMBAS,DINAS PERHUBUNGAN - 2.15.0.00.0.00.01.0000,01KN2DF6J7YCPHKQNE6ZNKHGJP,66625982,2026,E-Katalog 6.0,APBD,ABDI ANUGRAH,E-Purchasing,Jasa Lainnya,"Jasa Tenaga Alihdaya (Tenaga Kebersihan, Tenaga Supir, Tenaga Keamanan, Tenaga Pramusaji)",ON PROCESS,12150000,12150000
KAB. SAMBAS,DINAS PENDIDIKAN DAN KEBUDAYAAN - 1.01.2.22.0.00.02.0000,10804776000,65015238,2026,Non Tender,APBD,CV. KARYA BERSAUDARA,Pengadaan Langsung,Jasa Konsultansi Badan Usaha Konstruksi,Konsultansi Perencanaan Pembangunan Pagar SMP,SELESAI,15301583,15301583
KAB. SAMBAS,"DINAS KOPERASI, USAHA KECIL MENENGAH, PERINDUSTRIAN DAN PERDAGANGAN - 2.17.3.31.3.30.07.0000",10856223000,64804486,2026,Non Tender,APBD,cv. arnia insani,Pengadaan Langsung,Pengadaan Barang,"Belanja Hibah Barang kepada Badan dan Lembaga Nirlaba, Sukarela Bersifat Sosial Kemasyarakatan",SELESAI,79809000,79809000
KAB. SAMBAS,DINAS PERTANIAN DAN KETAHANAN PANGAN - 2.09.3.27.0.00.02.0000,10846398000,66706939,2026,Non Tender,APBD,BARA RAZKA KARYA,Pengadaan Langsung,Pekerjaan Konstruksi,"Pembangunan, Rehabilitasi Tata Air Mikro Dusun Sadaian Desa Tanggaran Kecamatan Tangaran",SELESAI,174893000,174893000
KAB. SAMBAS,DINAS PENDIDIKAN DAN KEBUDAYAAN - 1.01.2.22.0.00.02.0000,10917246000,64991107,2026,Non Tender,APBD,NANA INSAN CONSULTANT,Pengadaan Langsung,Jasa Konsultansi Badan Usaha Konstruksi,Konsultansi Perencanaan Rehab TK Satu Atap Ds. Sebatuan Kec. Pemangkat,SELESAI,4363000,4363000
KAB. SAMBAS,DINAS PEKERJAAN UMUM DAN PENATAAN RUANG - 1.03.0.00.0.00.01.0000,10825003000,64900453,2026,Non Tender,APBD,CV. RELEVANSI,Pengadaan Langsung,Pekerjaan Konstruksi,Normalisasi Sungai/Saluran Dsn Senangi Desa Lela Kec. Teluk Keramat,SELESAI,74084818,74084818
KAB. SAMBAS,DINAS PERHUBUNGAN - 2.15.0.00.0.00.01.0000,10842307000,65912674,2026,Non Tender,APBD,PT ANISHA PUTRA KENCANA,Pengadaan Langsung,Jasa Konsultansi Badan Usaha Konstruksi,Konsultan Perencanaan Pengadaan Penerangan Jalan (PJU) Paket IV,SELESAI,79784025,79784025
KAB. SAMBAS,BADAN PENANGGULANGAN BENCANA DAERAH - 1.05.0.00.0.00.04.0000,01KN68CMA9HCV6NZV3826HGPK7,66876671,2026,E-Katalog 6.0,APBD,INDRA KURNIAWAN,E-Purchasing,Jasa Lainnya,Belanja Jasa yang Diberikan kepada Pihak Ketiga/Pihak Lain ,ON PROCESS,15894000,15894000
KAB. SAMBAS,DINAS PERHUBUNGAN - 2.15.0.00.0.00.01.0000,10842324000,65912833,2026,Non Tender,APBD,PT ANISHA PUTRA KENCANA,Pengadaan Langsung,Jasa Konsultansi Badan Usaha Konstruksi,Konsultan Perencanaan Pengadaan Penerangan Jalan (PJU) Paket V,SELESAI,79770705,79770705
KAB. SAMBAS,DINAS PERPUSTAKAAN DAN KEARSIPAN DAERAH - 2.23.2.24.0.00.02.0000,01KG6YV4J0PRKZJTVD05SZR31Y,62198575,2026,E-Katalog 6.0,APBD,ZHIWA TRUST CORP,E-Purchasing,Jasa Lainnya,Jasa Kebersihan (Pihak Ketiga),ON PROCESS,222750000,222750000
KAB. SAMBAS,"DINAS PERUMAHAN RAKYAT, KAWASAN PERMUKIMAN DAN LINGKUNGAN HIDUP - 2.11.1.03.1.04.04.0000",10814037000,66617622,2026,Non Tender,APBD,CV PUTRA DUNGUN,Pengadaan Langsung,Pekerjaan Konstruksi,Pembangunan Sumur Bor Desa Semata Kec.Tangaran,SELESAI,296401000,296401000
KAB. SAMBAS,DINAS PEKERJAAN UMUM DAN PENATAAN RUANG - 1.03.0.00.0.00.01.0000,10830813000,66867217,2026,Non Tender,APBD,CV. ARSITARA,Pengadaan Langsung,Jasa Konsultansi Badan Usaha Konstruksi,DED Waterfront Sungai Kelambu Kec. Tebas,SELESAI,89790000,89790000
KAB. SAMBAS,DINAS PERTANIAN DAN KETAHANAN PANGAN - 2.09.3.27.0.00.02.0000,10918409000,66687154,2026,Non Tender,APBD,CV.ASRA,Pengadaan Langsung,Pekerjaan Konstruksi,"Pembangunan, Rehabilitasi Tata Air Mikro Desa Sei. Nilam Kecamatan Jawai",SELESAI,131703042,131703042
KAB. SAMBAS,DINAS PENDIDIKAN DAN KEBUDAYAAN - 1.01.2.22.0.00.02.0000,10834720000,65283116,2026,Non Tender,APBD,CV. KARYA BERSAUDARA,Pengadaan Langsung,Jasa Konsultansi Badan Usaha Konstruksi,Belanja Konsultansi Pengawasan Rehabilitasi Ruang Kelas SDN 43 Pinang Merah Kec. Teluk Keramat,SELESAI,5938500,5938500
KAB. SAMBAS,"DINAS PERUMAHAN RAKYAT, KAWASAN PERMUKIMAN DAN LINGKUNGAN HIDUP - 2.11.1.03.1.04.04.0000",10143164000,67269072,2026,Tender,APBD,CV. SARI BUAH,Tender,Pekerjaan Konstruksi,Peningkatan Jalan Lingkungan (Paving Block) Jalan Stadion Desa Sentebang Kec. Jawai,SELESAI,1443244169,1443244169
KAB. SAMBAS,DINAS PERHUBUNGAN - 2.15.0.00.0.00.01.0000,10865097000,66009151,2026,Non Tender,APBD,CV. KARYA BERSAUDARA,Pengadaan Langsung,Jasa Konsultansi Badan Usaha Konstruksi,Jasa Konsultansi Perencanaan Pembangunan Lokasi Parkir,SELESAI,9796283,9796283
KAB. SAMBAS,BADAN KESATUAN BANGSA DAN POLITIK KABUPATEN SAMBAS - 8.01.0.00.0.00.01.0000,01KQE214B2YQWG613EV3Z3J9GT,66867247,2026,E-Katalog 6.0,APBD,SELLY OCTAVIANTI,E-Purchasing,Jasa Lainnya,Belanja Jasa yang Diberikan kepada Pihak Ketiga/Pihak Lain,ON PROCESS,13384744,13384744
KAB. SAMBAS,DINAS KESEHATAN - 1.02.0.00.0.00.01.0000,01KN4B2A859FV0EC2DNT6G7RNS,66757156,2026,E-Katalog 6.0,APBD,ZAINUDIN,E-Purchasing,Jasa Lainnya,Belanja Jasa yang Diberikan kepada Pihak Ketiga/Pihak Lain,ON PROCESS,12024000,12024000
KAB. SAMBAS,DINAS PEKERJAAN UMUM DAN PENATAAN RUANG - 1.03.0.00.0.00.01.0000,10868369000,64932166,2026,Non Tender,APBD,cv. sarana samudra,Pengadaan Langsung,Pekerjaan Konstruksi,Pemeliharaan Saluran Desa Sulung Kec. Sejangkung,SELESAI,191769256,191769256
KAB. SAMBAS,DINAS PEKERJAAN UMUM DAN PENATAAN RUANG - 1.03.0.00.0.00.01.0000,10869114000,64932157,2026,Non Tender,APBD,CV. MEGA SIM,Pengadaan Langsung,Pekerjaan Konstruksi,Pemeliharaan Saluran Desa Merubung Kec. Tekarang,SELESAI,185768079,185768079
KAB. SAMBAS,DINAS PENDIDIKAN DAN KEBUDAYAAN - 1.01.2.22.0.00.02.0000,10855256000,65283121,2026,Non Tender,APBD,CV. KARYA BERSAUDARA,Pengadaan Langsung,Jasa Konsultansi Badan Usaha Konstruksi,Belanja Konsultansi Pengawasan Rehabilitasi SDN 09 Sungai Kelambu Kecamatan Tebas,SELESAI,6382500,6382500
KAB. SAMBAS,DINAS PEKERJAAN UMUM DAN PENATAAN RUANG - 1.03.0.00.0.00.01.0000,10861147000,65755305;65755306,2026,Non Tender,APBD,CV. MUTIARA SAMBAS,Pengadaan Langsung,Pekerjaan Konstruksi,Peningkatan Jalan Desa Semata Kecamatan Tangaran,SELESAI,295119236,295119236
KAB. SAMBAS,RSUD SAMBAS - 1.02.0.00.0.00.01.0030,01KRZ1P063PWH6TGSM0BS23WJ1,64773841,2026,E-Katalog 6.0,APBD,ABADINUSA USAHASEMESTA,E-Purchasing,Barang,Belanja Bahan-Bahan Lainnya,ON PROCESS,2543090,2543090
KAB. SAMBAS,DINAS PEKERJAAN UMUM DAN PENATAAN RUANG - 1.03.0.00.0.00.01.0000,10868366000,64932165,2026,Non Tender,APBD,CV. AL GHIFARI,Pengadaan Langsung,Pekerjaan Konstruksi,Pemeliharaan Saluran Desa Samustida Kec. Teluk Keramat,SELESAI,189771091,189771091
KAB. SAMBAS,DINAS KEPENDUDUKAN DAN PENCATATAN SIPIL - 2.12.0.00.0.00.01.0000,01KN19GQC67001Q61GVATQYFVR,65874317,2026,E-Katalog 6.0,APBD,IVAN,E-Purchasing,Jasa Lainnya,Belanja Jasa yang diberikan kepada pihak ketiga/pihak lain,ON PROCESS,13368573,13368573
KAB. SAMBAS,DINAS PEKERJAAN UMUM DAN PENATAAN RUANG - 1.03.0.00.0.00.01.0000,10818600000,66841704,2026,Non Tender,APBD,CV. Citra Stapaka Sejahtera,Pengadaan Langsung,Jasa Konsultansi Badan Usaha Konstruksi,Jasa Konsultansi Perencanaan (Paket XI),SELESAI,59532630,59532630
KAB. SAMBAS,DINAS PEKERJAAN UMUM DAN PENATAAN RUANG - 1.03.0.00.0.00.01.0000,01KQA7S5GAQC31XHMSHBR8EMVR,67009445,2026,E-Katalog 6.0,APBD,KUNTI WIJAYANTI,E-Purchasing,Jasa Lainnya,"Penyedia Jasa Lainnya Perorangan (Tenaga Kebersihan, Tenaga Supir, Tenaga Keamanan, Tenaga Pramusaji)",ON PROCESS,13600000,13600000
KAB. SAMBAS,"DINAS PERUMAHAN RAKYAT, KAWASAN PERMUKIMAN DAN LINGKUNGAN HIDUP - 2.11.1.03.1.04.04.0000",10842793000,67000807,2026,Non Tender,APBD,CV IBNATI,Pengadaan Langsung,Pengadaan Barang,Karcis Retribusi Pelayanan Persampahan dan Kebersihan - Perdagangan : Kaki Lima/Los/Kios/Gerobak (Harian),SELESAI,129199000,129199000
KAB. SAMBAS,DINAS PEKERJAAN UMUM DAN PENATAAN RUANG - 1.03.0.00.0.00.01.0000,10889524000,64932644,2026,Non Tender,APBD,CV. PANDA,Pengadaan Langsung,Pekerjaan Konstruksi,Rehabilitasi Saluran Desa Tempapan Hulu Kec. Galing,SELESAI,139599625,139599625
KAB. SAMBAS,SATUAN POLISI PAMONG PRAJA - 1.05.0.00.0.00.01.0000,01KN6M9QEB35WMZ3WHMGR6RJEZ,66578330,2026,E-Katalog 6.0,APBD,LUIS PRATAMA,E-Purchasing,Jasa Lainnya,Belanja Jasa Yang Diberikan Kepada Pihak Ketiga/Pihak Lain,ON PROCESS,12150000,12150000
KAB. SAMBAS,BADAN KEUANGAN DAERAH - 5.02.0.00.0.00.02.0000,01KN44HC6409RHSBMHVMT3SWA3,66870141,2026,E-Katalog 6.0,APBD,ELNINDY CLAUDYA NATASYA,E-Purchasing,Jasa Lainnya,Belanja Jasa yang diberikan kepada pihak ketiga/pihak lain,ON PROCESS,15750000,15750000
KAB. SAMBAS,RSUD TELUK KERAMAT - 1.02.0.00.0.00.01.0031,01KRG99J2RKXDKE1SF527BV37T,65712434,2026,E-Katalog 6.0,APBD,AL FATHAN SINERGI MITRA,E-Purchasing,Barang,Belanja Modal Peralatan dan Mesin BLUD,ON PROCESS,73593000,73593000
KAB. SAMBAS,DINAS PERHUBUNGAN - 2.15.0.00.0.00.01.0000,01KN2C1KZCR1TJV3675NADEGAR,66625982,2026,E-Katalog 6.0,APBD,RESKY,E-Purchasing,Jasa Lainnya,"Jasa Tenaga Alihdaya (Tenaga Kebersihan, Tenaga Supir, Tenaga Keamanan, Tenaga Pramusaji)",ON PROCESS,12150000,12150000
KAB. SAMBAS,RSUD SAMBAS - 1.02.0.00.0.00.01.0030,01KJEV533A9B829SFGSW8TCQQA,64773848,2026,E-Katalog 6.0,APBD,ABADI MAKMUR BERSAMA,E-Purchasing,Barang,Belanja Barang dan Jasa BLUD,ON PROCESS,341900000,0
KAB. SAMBAS,INSPEKTORAT - 6.01.0.00.0.00.01.0000,10850111000,64910856,2026,Non Tender,APBD,CV IBNATI,Pengadaan Langsung,Pengadaan Barang,Belanja Modal Personal Computer,SELESAI,91908000,91908000
KAB. SAMBAS,BADAN KEUANGAN DAERAH - 5.02.0.00.0.00.02.0000,01KN415P75THS0QA3P60V1SV6X,66870141,2026,E-Katalog 6.0,APBD,DINI DWI RADIFTA,E-Purchasing,Jasa Lainnya,Belanja Jasa yang diberikan kepada pihak ketiga/pihak lain,ON PROCESS,15750000,15750000
KAB. SAMBAS,DINAS PEKERJAAN UMUM DAN PENATAAN RUANG - 1.03.0.00.0.00.01.0000,10864842000,65755316;65755606,2026,Non Tender,APBD,CV.ARYA RISKI,Pengadaan Langsung,Pekerjaan Konstruksi,Peningkatan Jalan Desa Dalam Kaum Kec. Sambas,SELESAI,294951264,294951264
KAB. SAMBAS,DINAS PENDIDIKAN DAN KEBUDAYAAN - 1.01.2.22.0.00.02.0000,10822368000,65015239,2026,Non Tender,APBD,NANA INSAN CONSULTANT,Pengadaan Langsung,Jasa Konsultansi Badan Usaha Konstruksi,Konsultansi Pengawasan Pembangunan Pagar SMP,SELESAI,12334875,12334875
KAB. SAMBAS,DINAS PERHUBUNGAN - 2.15.0.00.0.00.01.0000,01KN2H62SAT6GFQXCWCYS0E6JG,66625982,2026,E-Katalog 6.0,APBD,AHMAD IHSAN,E-Purchasing,Jasa Lainnya,"Jasa Tenaga Alihdaya (Tenaga Kebersihan, Tenaga Supir, Tenaga Keamanan, Tenaga Pramusaji)",ON PROCESS,12852000,12852000
KAB. SAMBAS,SEKRETARIAT DAERAH - 4.01.5.06.0.00.01.0000,01KN3ENNXR5HWTMYX3F688B6SV,66090182,2026,E-Katalog 6.0,APBD,TARI NURHAYATI,E-Purchasing,Jasa Lainnya,JASA TENAGA KEAMANAN  DAN JASA TENAGA KEBERSIHAN  KANTOR YANG DITETAPKAN DENGAN SK KEPALA SKPD.,ON PROCESS,11700000,11700000
KAB. SAMBAS,DINAS PEKERJAAN UMUM DAN PENATAAN RUANG - 1.03.0.00.0.00.01.0000,10824932000,64932615,2026,Non Tender,APBD,CV. SARI BUAH,Pengadaan Langsung,Pekerjaan Konstruksi,Rehabilitasi Saluran Desa Sungai Nilam Kec. Jawai,SELESAI,148428417,148428417
KAB. SAMBAS,DINAS KESEHATAN - 1.02.0.00.0.00.01.0000,01KN3V4J7MYCW6M476N960RTNK,66757156,2026,E-Katalog 6.0,APBD,RADEN NAJWA KESUMA,E-Purchasing,Jasa Lainnya,Belanja Jasa yang Diberikan kepada Pihak Ketiga/Pihak Lain,ON PROCESS,13905000,13905000
KAB. SAMBAS,DINAS PEKERJAAN UMUM DAN PENATAAN RUANG - 1.03.0.00.0.00.01.0000,10819745000,64900332,2026,Non Tender,APBD,CV. HORAS,Pengadaan Langsung,Pekerjaan Konstruksi,Normalisasi Saluran Desa Jawai Laut Kec. Jawai Selatan,SELESAI,107653704,107653704
KAB. SAMBAS,DINAS PENDIDIKAN DAN KEBUDAYAAN - 1.01.2.22.0.00.02.0000,01KNM287NDR607YDRKZSRCBS8Z,66817626,2026,E-Katalog 6.0,APBD,FADLI YANSAH,E-Purchasing,Jasa Lainnya,Belanja Jasa yang Diberikan kepada Pihak Ketiga/Pihak Lain,ON PROCESS,14535837,14535837
KAB. SAMBAS,DINAS PENDIDIKAN DAN KEBUDAYAAN - 1.01.2.22.0.00.02.0000,10855269000,65283118,2026,Non Tender,APBD,CV. Putra Sambas Perkasa,Pengadaan Langsung,Pekerjaan Konstruksi,Rehabilitasi SDN 09 Sungai Kelambu Kecamatan Tebas,SELESAI,159755500,159755500
KAB. SAMBAS,DINAS PEKERJAAN UMUM DAN PENATAAN RUANG - 1.03.0.00.0.00.01.0000,10892557000,64932074,2026,Non Tender,APBD,cv. almeera borneo engineer,Pengadaan Langsung,Jasa Konsultansi Badan Usaha Konstruksi,Jasa Konsultansi Pengawasan Penataan Bangunan dan Lingkungan Gedung Kantor Pemerintah II,SELESAI,19941150,19941150
KAB. SAMBAS,DINAS PEKERJAAN UMUM DAN PENATAAN RUANG - 1.03.0.00.0.00.01.0000,10822520000,64900297,2026,Non Tender,APBD,CV GALUH SAVITRI,Pengadaan Langsung,Pekerjaan Konstruksi,Normalisasi Saluran Dsn Tebing Rubuh Desa Tebing Batu Kec. Sebawi,SELESAI,69630782,69630782
KAB. SAMBAS,SATUAN POLISI PAMONG PRAJA - 1.05.0.00.0.00.01.0000,01KN6KGY6F9KT12JWN3K6E7X9A,66578330,2026,E-Katalog 6.0,APBD,MUHAMMAD,E-Purchasing,Jasa Lainnya,Belanja Jasa Yang Diberikan Kepada Pihak Ketiga/Pihak Lain,ON PROCESS,12150000,12150000
KAB. SAMBAS,DINAS PEKERJAAN UMUM DAN PENATAAN RUANG - 1.03.0.00.0.00.01.0000,10830828000,64930901,2026,Non Tender,APBD,cv. almeera borneo engineer,Pengadaan Langsung,Jasa Konsultansi Badan Usaha Konstruksi,Jasa Konsultansi Perencanaan Pembangunan Rumah Dinas Kepala Cabang Kejaksaan Negeri Sambas di Pemangkat Kec. Pemangkat,SELESAI,19860000,19860000
KAB. SAMBAS,RSUD PEMANGKAT - 1.02.0.00.0.00.01.0029,01KNK3G13HEQQJGCA7MEMN22C0,65093975,2026,E-Katalog 6.0,APBD,KAPUAS PERMATA MEDIFARMA,E-Purchasing,Barang,Belanja Modal Peralatan dan Mesin BLUD,ON PROCESS,269575000,269575000
KAB. SAMBAS,DINAS PERTANIAN DAN KETAHANAN PANGAN - 2.09.3.27.0.00.02.0000,10784273000,65844002,2026,Non Tender,APBD,CV. PILAR HUTAMA DESAIN,Pengadaan Langsung,Jasa Konsultansi Badan Usaha Konstruksi,"Perencanaan Pembangunan, Rehabilitasi Tata Air Mikro Paket 1",SELESAI,75801900,75801900
KAB. SAMBAS,RSUD SAMBAS - 1.02.0.00.0.00.01.0030,01KJ9501QQNZS2WNKGGRBSSAK5,64773848,2026,E-Katalog 6.0,APBD,ARTHOMORO ABADI,E-Purchasing,Barang,Belanja Barang dan Jasa BLUD,ON PROCESS,91464000,0
KAB. SAMBAS,"DINAS PARIWISATA, KEPEMUDAAN DAN OLAHRAGA - 2.19.3.26.0.00.02.0000",01KNGG23KN40GCMX8DYEH1Q7KB,66809104,2026,E-Katalog 6.0,APBD,IGA MAWARNI,E-Purchasing,Jasa Lainnya,Belanja Jasa yang Diberikan kepada Pihak Ketiga/Pihak Lain,ON PROCESS,12848760,12848760
KAB. SAMBAS,RSUD SAMBAS - 1.02.0.00.0.00.01.0030,01KJEJZF7EFX2R9RCF35DRCBT5,64773849,2026,E-Katalog 6.0,APBD,KARYA PRATAMA,E-Purchasing,Barang,Belanja Modal Alat Kedokteran Umum,ON PROCESS,2997099900,2997099900
KAB. SAMBAS,"BADAN PERENCANAAN PEMBANGUNAN, RISET DAN INOVASI DAERAH KABUPATEN SAMBAS - 5.01.5.05.0.00.03.0000",01KP4XTFPANBP285Q36B6D6MKA,66896854,2026,E-Katalog 6.0,APBD,KIRMANTO,E-Purchasing,Jasa Lainnya,Belanja Jasa yang Diberikan kepada Pihak ketiga/Pihak lain/Masyarakat,ON PROCESS,11700000,11700000
KAB. SAMBAS,SATUAN POLISI PAMONG PRAJA - 1.05.0.00.0.00.01.0000,01KN6KD5D796V70XV2N5SKYECY,66578330,2026,E-Katalog 6.0,APBD,AGUNG TRIANDI,E-Purchasing,Jasa Lainnya,Belanja Jasa Yang Diberikan Kepada Pihak Ketiga/Pihak Lain,PAYMENT OUTSIDE SYSTEM,12150000,12150000
KAB. SAMBAS,DINAS PEKERJAAN UMUM DAN PENATAAN RUANG - 1.03.0.00.0.00.01.0000,10843778000,64900334,2026,Non Tender,APBD,CV. VIVI,Pengadaan Langsung,Pekerjaan Konstruksi,Normalisasi Saluran Desa Sungai Deden Kec. Subah,SELESAI,69799539,69799539
KAB. SAMBAS,DINAS PEKERJAAN UMUM DAN PENATAAN RUANG - 1.03.0.00.0.00.01.0000,10827815000,64932590,2026,Non Tender,APBD,WAHANA SEJAHTERA MANDIRI,Pengadaan Langsung,Jasa Konsultansi Badan Usaha Konstruksi,Detail Desain DIR. Sumber Harapan Kec. Sambas,SELESAI,99489300,99489300
KAB. SAMBAS,SEKRETARIAT DAERAH - 4.01.5.06.0.00.01.0000,01KN3ED5DDGYWS095ANMWQQEA0,66090182,2026,E-Katalog 6.0,APBD,MUHAMMAD ADJIE HIDAYAT,E-Purchasing,Jasa Lainnya,JASA TENAGA KEAMANAN  DAN JASA TENAGA KEBERSIHAN  KANTOR YANG DITETAPKAN DENGAN SK KEPALA SKPD.,ON PROCESS,11700000,11700000
KAB. SAMBAS,DINAS KESEHATAN - 1.02.0.00.0.00.01.0000,01KPMCTTY90P50WQC3HYQXXK4K,65578957,2026,E-Katalog 6.0,APBD,HEXPHARM JAYA LABORATORIES,E-Purchasing,Barang,Belanja Obat-Obatan-Obat,ON PROCESS,304868715,304868715
KAB. SAMBAS,SEKRETARIAT DAERAH - 4.01.5.06.0.00.01.0000,01KN3Z5Z75QXBH0H4TR236TGKJ,66090182,2026,E-Katalog 6.0,APBD,SYARIFAH,E-Purchasing,Jasa Lainnya,JASA TENAGA KEAMANAN  DAN JASA TENAGA KEBERSIHAN  KANTOR YANG DITETAPKAN DENGAN SK KEPALA SKPD.,ON PROCESS,11700000,11700000
KAB. SAMBAS,RSUD SAMBAS - 1.02.0.00.0.00.01.0030,01KT885JXQH372RYBR6BNB2JNE,64773849,2026,E-Katalog 6.0,APBD,MEDCAPTAIN MEDICAL INDONESIA,E-Purchasing,Barang,Belanja Modal Alat Kedokteran Umum,ON ADDENDUM,860250000,860250000
KAB. SAMBAS,RSUD SAMBAS - 1.02.0.00.0.00.01.0030,01KV4DC56EGK878JD0MH4Y3EBW,64773848,2026,E-Katalog 6.0,APBD,TIGAER INDONESIA JAYA,E-Purchasing,Barang,Belanja Barang dan Jasa BLUD,ON PROCESS,569745049,569745049
KAB. SAMBAS,DINAS PEKERJAAN UMUM DAN PENATAAN RUANG - 1.03.0.00.0.00.01.0000,10883289000,66171446,2026,Non Tender,APBD,cv. mangkubumi,Pengadaan Langsung,Pekerjaan Konstruksi,Rehab Gereja Pentakosta Di Indonesia Jemaat Anugerah Glory Desa Bukit Mulya Kec. Subah,SELESAI,79571558,79571558
KAB. SAMBAS,DINAS PEKERJAAN UMUM DAN PENATAAN RUANG - 1.03.0.00.0.00.01.0000,10861429000,65755328;65755583,2026,Non Tender,APBD,CV.TANJUNG HARAPAN UTAMA,Pengadaan Langsung,Pekerjaan Konstruksi,Peningkatan Jalan Desa Lonam Kecamatan Pemangkat I,SELESAI,208208905,208208905
KAB. SAMBAS,"DINAS PERUMAHAN RAKYAT, KAWASAN PERMUKIMAN DAN LINGKUNGAN HIDUP - 2.11.1.03.1.04.04.0000",10814042000,66617666,2026,Non Tender,APBD,CV PUTRA DUNGUN,Pengadaan Langsung,Pekerjaan Konstruksi,Pembangunan Sumur Bor Desa Sekura dan Desa Trimandayan Kec.Teluk Keramat,SELESAI,295961000,295961000
KAB. SAMBAS,DINAS PEKERJAAN UMUM DAN PENATAAN RUANG - 1.03.0.00.0.00.01.0000,10891487000,66849285,2026,Non Tender,APBD,cv. karya abadi,Pengadaan Langsung,Pekerjaan Konstruksi,Rehabilitasi/Pemeliharaan Saluran Desa Sentebang Kec. Jawai dan Rehabilitasi Saluran Desa Sentebang Kec. Jawai,SELESAI,218133948,218133948
KAB. SAMBAS,DINAS PENDIDIKAN DAN KEBUDAYAAN - 1.01.2.22.0.00.02.0000,10922623000,64989323,2026,Non Tender,APBD,CV. SABANDARI,Pengadaan Langsung,Pekerjaan Konstruksi,Pembangunan Pagar PAUD Ds. Sebayan Dsn. Senyawan,SELESAI,88668000,88668000
KAB. SAMBAS,SATUAN POLISI PAMONG PRAJA - 1.05.0.00.0.00.01.0000,01KNJZA1146B53F495CZE1C93V,66578330,2026,E-Katalog 6.0,APBD,MOHAMMAD SAJAD ARIFULLAH,E-Purchasing,Jasa Lainnya,Belanja Jasa Yang Diberikan Kepada Pihak Ketiga/Pihak Lain,ON PROCESS,12150000,12150000
KAB. SAMBAS,DINAS PEKERJAAN UMUM DAN PENATAAN RUANG - 1.03.0.00.0.00.01.0000,10819459000,64932670,2026,Non Tender,APBD,Verus Consultant Engineering,Pengadaan Langsung,Jasa Konsultansi Badan Usaha Konstruksi,Jasa Konsultansi Perencanaan (Paket VI),SELESAI,54670275,54670275
KAB. SAMBAS,DINAS KESEHATAN - 1.02.0.00.0.00.01.0000,01KR2T4654S3ARPSQTZCZJ7FMN,65578957,2026,E-Katalog 6.0,APBD,MERSIFARMA TIRMAKU MERCUSANA,E-Purchasing,Barang,Belanja Obat-Obatan-Obat,ON PROCESS,23332466,23332466
KAB. SAMBAS,DINAS PERTANIAN DAN KETAHANAN PANGAN - 2.09.3.27.0.00.02.0000,10778879000,65638273,2026,Non Tender,APBD,CV. RAIHAN KONSULTAN,Pengadaan Langsung,Jasa Konsultansi Badan Usaha Konstruksi,"Perencanaan Pembangunan, Rehabilitasi Tata Air Mikro Paket 4",SELESAI,39634770,39634770
KAB. SAMBAS,DINAS KESEHATAN - 1.02.0.00.0.00.01.0000,01KQ97RBQRFHZ0WY1MHYTF3RJK,65578957,2026,E-Katalog 6.0,APBD,BERNOFARM,E-Purchasing,Barang,Belanja Obat-Obatan-Obat,ON PROCESS,373882410,373882410
KAB. SAMBAS,DINAS PEKERJAAN UMUM DAN PENATAAN RUANG - 1.03.0.00.0.00.01.0000,10125773000,66145238,2026,Tender,APBD,"IMSCO PUTRA MANDIRI, CV",Seleksi,Jasa Konsultansi Badan Usaha Non Konstruksi,"Fasilitasi Penyesuaian dan Pemuktahiran Basis Data Kawasan Permukiman yang terindikasi berada dalam Kawasan Hutan di Kecamatan Tangaran, Kecamatan Teluk Keramat dan Kecamatan Jawai.",SELESAI,178560594,178560594
KAB. SAMBAS,DINAS PEKERJAAN UMUM DAN PENATAAN RUANG - 1.03.0.00.0.00.01.0000,10868363000,64932164,2026,Non Tender,APBD,lawang sukses,Pengadaan Langsung,Pekerjaan Konstruksi,Pemeliharaan Saluran Desa Pipitteja Kec. Teluk Keramat,SELESAI,189777154,189777154
KAB. SAMBAS,DINAS KESEHATAN - 1.02.0.00.0.00.01.0000,01KS247J2PRF6HTEKR1NMYTZES,65578957,2026,E-Katalog 6.0,APBD,PERUSAHAAN PERSEROAN (PERSERO) PT. BIO FARMA DISINGKAT PT. BIO FARMA (PERSERO),E-Purchasing,Barang,Belanja Obat-Obatan-Obat,ON PROCESS,4084800,4084800
KAB. SAMBAS,DINAS PENDIDIKAN DAN KEBUDAYAAN - 1.01.2.22.0.00.02.0000,01KNM2HBY5498MEVD96090J9JV,66817626,2026,E-Katalog 6.0,APBD,NURUL ANNISA,E-Purchasing,Jasa Lainnya,Belanja Jasa yang Diberikan kepada Pihak Ketiga/Pihak Lain,ON PROCESS,17307837,17307837
KAB. SAMBAS,DINAS PEKERJAAN UMUM DAN PENATAAN RUANG - 1.03.0.00.0.00.01.0000,10826634000,64900296,2026,Non Tender,APBD,CV. PANDA,Pengadaan Langsung,Pekerjaan Konstruksi,Normalisasi Sungai/Saluran Desa Samustida Kec. Teluk Keramat,SELESAI,174699716,174699716
KAB. SAMBAS,DINAS KESEHATAN - 1.02.0.00.0.00.01.0000,01KS46KD4CCA87NJM8TPX5Z8BK,65591116,2026,E-Katalog 6.0,APBD,STANDARD BIOSENSOR HEALTHCARE,E-Purchasing,Barang,Belanja Bahan-Bahan Lainnya,ON PROCESS,191895690,191895690
KAB. SAMBAS,"DINAS PERUMAHAN RAKYAT, KAWASAN PERMUKIMAN DAN LINGKUNGAN HIDUP - 2.11.1.03.1.04.04.0000",10908953000,66391347,2026,Non Tender,APBD,CV. Invotech,Pengadaan Langsung,Jasa Konsultansi Badan Usaha Non Konstruksi,Updating Data Base Aplikasi SIPASMINUMMAS,SELESAI,97732836,97732836
KAB. SAMBAS,DINAS PERHUBUNGAN - 2.15.0.00.0.00.01.0000,01KN21CK7Q2YDEBVGK8XQW5F9T,66625982,2026,E-Katalog 6.0,APBD,RULY AMADA,E-Purchasing,Jasa Lainnya,"Jasa Tenaga Alihdaya (Tenaga Kebersihan, Tenaga Supir, Tenaga Keamanan, Tenaga Pramusaji)",ON PROCESS,12852000,12852000
KAB. SAMBAS,"DINAS PERUMAHAN RAKYAT, KAWASAN PERMUKIMAN DAN LINGKUNGAN HIDUP - 2.11.1.03.1.04.04.0000",10919645000,66389624,2026,Non Tender,APBD,CV. NUWANSA INOVASI,Pengadaan Langsung,Jasa Konsultansi Badan Usaha Konstruksi,Konsultan Pengawasan Perluasan SPAM Jaringan Perpipaan Paket II (DAK),SELESAI,84671244,84671244
KAB. SAMBAS,DINAS PERHUBUNGAN - 2.15.0.00.0.00.01.0000,10842234000,66993669,2026,Non Tender,APBD,PT ANISHA PUTRA KENCANA,Pengadaan Langsung,Jasa Konsultansi Badan Usaha Konstruksi,Konsultan Perencanaan Pengadaan Penerangan Jalan (PJU) Paket I,SELESAI,79815105,79815105
KAB. SAMBAS,"DINAS PERIKANAN, PETERNAKAN DAN KESEHATAN HEWAN - 3.25.3.27.0.00.02.0000",01KN406Z0MHMS2FFH3107A4DBZ,66704573,2026,E-Katalog 6.0,APBD,ALZA WINALDA,E-Purchasing,Jasa Lainnya,Belanja Jasa Yang Diberikan Kepada Pihak Ketiga/ Pihak Lain,ON PROCESS,15300000,15300000
KAB. SAMBAS,DINAS PENDIDIKAN DAN KEBUDAYAAN - 1.01.2.22.0.00.02.0000,10855076000,65283123,2026,Non Tender,APBD,CV. ARLI KONTRAKTOR,Pengadaan Langsung,Pekerjaan Konstruksi,Keramik Halaman Ruang Kelas SDN 20 Parit Cegat Kec. Sejangkung,SELESAI,74880374,74880374
KAB. SAMBAS,"DINAS PERUMAHAN RAKYAT, KAWASAN PERMUKIMAN DAN LINGKUNGAN HIDUP - 2.11.1.03.1.04.04.0000",10814034000,66388885,2026,Non Tender,APBD,CV. REKAN KERJA PEMULA,Pengadaan Langsung,Pekerjaan Konstruksi,Pembangunan Bak Penampungan Air Hujan (PAH) Kap.2000 Liter Desa Tanah Hitam Kec.Paloh,SELESAI,130801000,130801000
KAB. SAMBAS,SATUAN POLISI PAMONG PRAJA - 1.05.0.00.0.00.01.0000,01KN6K0B78E0BNC4Z2TAV1CVVZ,66578330,2026,E-Katalog 6.0,APBD,HENDRA,E-Purchasing,Jasa Lainnya,Belanja Jasa Yang Diberikan Kepada Pihak Ketiga/Pihak Lain,ON PROCESS,12150000,12150000
KAB. SAMBAS,BADAN KEUANGAN DAERAH - 5.02.0.00.0.00.02.0000,01KTN6QQ89WFVWVTWW2P2NEBTX,66316771,2026,E-Katalog 6.0,APBD,RELASI KONSUL TERPADU,E-Purchasing,Jasa Lainnya,Belanja Jasa Konsultansi Berorientasi Bidang-Keuangan,ON PROCESS,49950000,49950000
KAB. SAMBAS,"DINAS KOPERASI, USAHA KECIL MENENGAH, PERINDUSTRIAN DAN PERDAGANGAN - 2.17.3.31.3.30.07.0000",01KN0MYHYFWT8Y34V9ACDVAHYG,66542032,2026,E-Katalog 6.0,APBD,SORAYA NURFIZA ,E-Purchasing,Jasa Lainnya,Belanja Jasa yang Diberikan kepada Pihak Ketiga/Pihak Lain,ON PROCESS,16200000,16200000
KAB. SAMBAS,"DINAS PERIKANAN, PETERNAKAN DAN KESEHATAN HEWAN - 3.25.3.27.0.00.02.0000",10892853000,66899664,2026,Non Tender,APBD,lawang sukses,Pengadaan Langsung,Pengadaan Barang,Gemarikan Daerah Perbatasan,SELESAI,196240752,196240752
KAB. SAMBAS,DINAS KESEHATAN - 1.02.0.00.0.00.01.0000,01KN4B5WFH32DQ782CGMTGQ99F,66757156,2026,E-Katalog 6.0,APBD,RUSLANSYAH,E-Purchasing,Jasa Lainnya,Belanja Jasa yang Diberikan kepada Pihak Ketiga/Pihak Lain,ON PROCESS,12024000,12024000
KAB. SAMBAS,"DINAS PARIWISATA, KEPEMUDAAN DAN OLAHRAGA - 2.19.3.26.0.00.02.0000",01KNGG86GRF89PPEH7G9ES34YY,66809104,2026,E-Katalog 6.0,APBD,TAN MUTHIA PUSPITA,E-Purchasing,Jasa Lainnya,Belanja Jasa yang Diberikan kepada Pihak Ketiga/Pihak Lain,ON PROCESS,16468200,16468200
KAB. SAMBAS,RSUD PEMANGKAT - 1.02.0.00.0.00.01.0029,01KVYN9K7DSHH23V69RSRNRD1A,65093976,2026,E-Katalog 6.0,APBD,INOVASI CENTRA NIAGATAMA,E-Purchasing,Barang,Pengadaan BMHP Rumah Sakit,ON PROCESS,117862404,117862404
KAB. SAMBAS,DINAS KESEHATAN - 1.02.0.00.0.00.01.0000,01KRWKVBFHXF5GD73A3VQ8ZENX,65578957,2026,E-Katalog 6.0,APBD,YARINDO FARMATAMA,E-Purchasing,Barang,Belanja Obat-Obatan-Obat,ON PROCESS,14284146,14284146
KAB. SAMBAS,BADAN KEUANGAN DAERAH - 5.02.0.00.0.00.02.0000,01KN419QB31RVWH46RPXCN7CWT,66870141,2026,E-Katalog 6.0,APBD,TRIS PUTRA RAMADHAN,E-Purchasing,Jasa Lainnya,Belanja Jasa yang diberikan kepada pihak ketiga/pihak lain,ON PROCESS,15750000,15750000
KAB. SAMBAS,"DINAS PARIWISATA, KEPEMUDAAN DAN OLAHRAGA - 2.19.3.26.0.00.02.0000",01KNGG5WCJHKR0PCG10NZ0PWZK,66809104,2026,E-Katalog 6.0,APBD,ELLA RAHMADANI,E-Purchasing,Jasa Lainnya,Belanja Jasa yang Diberikan kepada Pihak Ketiga/Pihak Lain,ON PROCESS,13418829,13418829
KAB. SAMBAS,KECAMATAN TEBAS - 7.01.0.00.0.00.04.0000,01KQBKBGZV4H1CXR3VVRE3DKHP,67027463,2026,E-Katalog 6.0,APBD,RICHI SAPUTRA,E-Purchasing,Jasa Lainnya,"Jasa Tenaga Alihdaya (Tenaga Kebersihan, Tenaga Supir, Tenaga Keamanan, Tenaga Pramusaji)",ON PROCESS,13600000,13600000
KAB. SAMBAS,DINAS PENDIDIKAN DAN KEBUDAYAAN - 1.01.2.22.0.00.02.0000,10848152000,64989044,2026,Non Tender,APBD,NANA INSAN CONSULTANT,Pengadaan Langsung,Jasa Konsultansi Badan Usaha Konstruksi,Konsultansi Perencanaan Pembangunan Ruang Kelas Baru PAUD Dsn. Sungai Dungun Ds. Pangkalan Kongsi Kec. Tebas,SELESAI,5290000,5290000
KAB. SAMBAS,BADAN PENANGGULANGAN BENCANA DAERAH - 1.05.0.00.0.00.04.0000,01KN69294439F6SZXK13HYS0H7,66876671,2026,E-Katalog 6.0,APBD,MUHAMMAD HAZIQ,E-Purchasing,Jasa Lainnya,Belanja Jasa yang Diberikan kepada Pihak Ketiga/Pihak Lain ,ON PROCESS,17064000,17064000
KAB. SAMBAS,DINAS PEKERJAAN UMUM DAN PENATAAN RUANG - 1.03.0.00.0.00.01.0000,10871414000,64932147,2026,Non Tender,APBD,CV.RIZHARY PRATAMA KONSULTAN,Pengadaan Langsung,Jasa Konsultansi Badan Usaha Konstruksi,Jasa Konsultansi Pengawasan (Paket III),SELESAI,39760200,39760200
KAB. SAMBAS,DINAS PERTANIAN DAN KETAHANAN PANGAN - 2.09.3.27.0.00.02.0000,10793392000,66142774,2026,Non Tender,APBD,lawang sukses,Pengadaan Langsung,Pekerjaan Konstruksi,"Pembangunan, Rehabilitasi Tata Air Mikro Desa Sungai Serabek Kecamatan Teluk Keramat",SELESAI,179616593,179616593
KAB. SAMBAS,BADAN KEUANGAN DAERAH - 5.02.0.00.0.00.02.0000,01KTN6M8JBBMHJ1WFT3375F3PD,66316771,2026,E-Katalog 6.0,APBD,RELASI KONSUL TERPADU,E-Purchasing,Jasa Lainnya,Belanja Jasa Konsultansi Berorientasi Bidang-Keuangan,ON PROCESS,49950000,49950000
KAB. SAMBAS,SEKRETARIAT DPRD - 4.02.0.00.0.00.01.0000,01KQES175QDHQQ58P39ZVBEBAC,67014788,2026,E-Katalog 6.0,APBD,ONGQI,E-Purchasing,Jasa Lainnya,Belanja Jasa yang Diberikan kepada Pihak Ketiga/Pihak Lain,ON PROCESS,19200000,19200000
KAB. SAMBAS,"DINAS PERUMAHAN RAKYAT, KAWASAN PERMUKIMAN DAN LINGKUNGAN HIDUP - 2.11.1.03.1.04.04.0000",10809807000,66388954,2026,Non Tender,APBD,BAGDAD,Pengadaan Langsung,Pekerjaan Konstruksi,Pembangunan Sumur Bor Kec.Teluk Keramat,SELESAI,101399000,101399000
KAB. SAMBAS,DINAS PERHUBUNGAN - 2.15.0.00.0.00.01.0000,01KN216D4M07V3S8569CBZR814,66625982,2026,E-Katalog 6.0,APBD,SANDI,E-Purchasing,Jasa Lainnya,"Jasa Tenaga Alihdaya (Tenaga Kebersihan, Tenaga Supir, Tenaga Keamanan, Tenaga Pramusaji)",ON PROCESS,12150000,12150000
KAB. SAMBAS,DINAS PEKERJAAN UMUM DAN PENATAAN RUANG - 1.03.0.00.0.00.01.0000,10865142000,65755395;65755660;66871752,2026,Non Tender,APBD,CV GALUH SAVITRI,Pengadaan Langsung,Pekerjaan Konstruksi,Peningkatan Jalan Desa Sabaran Kec. Jawai Selatan,SELESAI,180716719,180716719
KAB. SAMBAS,SATUAN POLISI PAMONG PRAJA - 1.05.0.00.0.00.01.0000,01KN6JX1F7DZY60SRR7DS17A0G,66578330,2026,E-Katalog 6.0,APBD,TAN ADHYKA,E-Purchasing,Jasa Lainnya,Belanja Jasa Yang Diberikan Kepada Pihak Ketiga/Pihak Lain,ON PROCESS,12150000,12150000
KAB. SAMBAS,RSUD SAMBAS - 1.02.0.00.0.00.01.0030,01KVVP6M019SF0RHPK9HBJQM5M,64773849,2026,E-Katalog 6.0,APBD,ENSEVAL MEDIKA PRIMA,E-Purchasing,Barang,Belanja Modal Alat Kedokteran Umum,ON ADDENDUM,1097233500,1097233500
KAB. SAMBAS,DINAS PERHUBUNGAN - 2.15.0.00.0.00.01.0000,10842491000,65911711,2026,Non Tender,APBD,PT. ANDALAN ELECTRICAL CONSULTAN,Pengadaan Langsung,Jasa Konsultansi Badan Usaha Konstruksi,Konsultan Perencanaan Pengadaan Penerangan Jalan (PJU) Lampu Hias Paket III,SELESAI,34879752,34879752
KAB. SAMBAS,SEKRETARIAT DAERAH - 4.01.5.06.0.00.01.0000,10885980000,66088741,2026,Non Tender,APBD,Cv. Sigma Nusantara Konsultan,Pengadaan Langsung,Jasa Konsultansi Badan Usaha Konstruksi,Jasa Konsultansi Perencanaan,SELESAI,21990196,21990196
KAB. SAMBAS,"DINAS PERUMAHAN RAKYAT, KAWASAN PERMUKIMAN DAN LINGKUNGAN HIDUP - 2.11.1.03.1.04.04.0000",10916643000,66389613,2026,Non Tender,APBD,CV. Istaka Jaya,Pengadaan Langsung,Pekerjaan Konstruksi,Pengembangan Jaringan Distribusi dan Sambungan Rumah (SR) Desa Ratu Sepudak Kec.Galing,SELESAI,279053811,279053811
KAB. SAMBAS,DINAS PEKERJAAN UMUM DAN PENATAAN RUANG - 1.03.0.00.0.00.01.0000,10828896000,65755346,2026,Non Tender,APBD,CV. KURNIA INDAH LESTARI,Pengadaan Langsung,Pekerjaan Konstruksi,Peningkatan Jalan Desa Kartiasa - Desa Sulung Kec. Sambas/Sejangkung,SELESAI,398943898,398943898
KAB. SAMBAS,DINAS PERHUBUNGAN - 2.15.0.00.0.00.01.0000,01KN2DZ3J76Y9JZVGV25S20KWC,66625982,2026,E-Katalog 6.0,APBD,ALDY PRATAMA,E-Purchasing,Jasa Lainnya,"Jasa Tenaga Alihdaya (Tenaga Kebersihan, Tenaga Supir, Tenaga Keamanan, Tenaga Pramusaji)",ON PROCESS,12150000,12150000
KAB. SAMBAS,DINAS PERTANIAN DAN KETAHANAN PANGAN - 2.09.3.27.0.00.02.0000,10921546000,66687178,2026,Non Tender,APBD,CV Cahaya Rafisqy Ghava,Pengadaan Langsung,Pekerjaan Konstruksi,"Pembangunan, Rehabilitasi Tata Air Mikro Desa Salatiga Kecamatan Salatiga",SELESAI,131764875,131764875
KAB. SAMBAS,DINAS PEKERJAAN UMUM DAN PENATAAN RUANG - 1.03.0.00.0.00.01.0000,01KQA7W8GAAR7DG39FPHJKX704,67009445,2026,E-Katalog 6.0,APBD,VINI ARISTY PUTRI,E-Purchasing,Jasa Lainnya,"Penyedia Jasa Lainnya Perorangan (Tenaga Kebersihan, Tenaga Supir, Tenaga Keamanan, Tenaga Pramusaji)",ON PROCESS,13600000,13600000
KAB. SAMBAS,DINAS PEKERJAAN UMUM DAN PENATAAN RUANG - 1.03.0.00.0.00.01.0000,01KQA7NJ0B6ZKQ0DKN7G2DKPTT,67009445,2026,E-Katalog 6.0,APBD,CHANDRA APRILIYANTO,E-Purchasing,Jasa Lainnya,"Penyedia Jasa Lainnya Perorangan (Tenaga Kebersihan, Tenaga Supir, Tenaga Keamanan, Tenaga Pramusaji)",ON PROCESS,11424000,11424000
KAB. SAMBAS,DINAS PERTANIAN DAN KETAHANAN PANGAN - 2.09.3.27.0.00.02.0000,10784913000,65844239,2026,Non Tender,APBD,CV.RIZHARY PRATAMA KONSULTAN,Pengadaan Langsung,Jasa Konsultansi Badan Usaha Konstruksi,"Perencanaan Pembangunan, Rehabilitasi Tata Air Mikro Paket 3",SELESAI,59695800,59695800
KAB. SAMBAS,DINAS PERHUBUNGAN - 2.15.0.00.0.00.01.0000,01KN2F9XKSRDSFEQ512BGS00T9,66625982,2026,E-Katalog 6.0,APBD,ZHUCHY RUHIL UTARI,E-Purchasing,Jasa Lainnya,"Jasa Tenaga Alihdaya (Tenaga Kebersihan, Tenaga Supir, Tenaga Keamanan, Tenaga Pramusaji)",ON PROCESS,15300000,15300000
KAB. SAMBAS,"DINAS PERUMAHAN RAKYAT, KAWASAN PERMUKIMAN DAN LINGKUNGAN HIDUP - 2.11.1.03.1.04.04.0000",10815170000,66610552,2026,Non Tender,APBD,CV. VIVI,Pengadaan Langsung,Pekerjaan Konstruksi,Pembangunan Sumur Bor Desa Pipit Teja dan Desa Matang Segantar Kec.Teluk Keramat,SELESAI,70051000,70051000
KAB. SAMBAS,DINAS PENDIDIKAN DAN KEBUDAYAAN - 1.01.2.22.0.00.02.0000,10890300000,65185555,2026,Non Tender,APBD,NANA INSAN CONSULTANT,Pengadaan Langsung,Jasa Konsultansi Badan Usaha Konstruksi,Belanja Jasa Konsultansi Perencanaan Pembangunan Pagar SDN 09 Teluk Keramat Kec. Teluk Keramat,SELESAI,3374744,3374744
KAB. SAMBAS,DINAS PERTANIAN DAN KETAHANAN PANGAN - 2.09.3.27.0.00.02.0000,10917443000,66687190,2026,Non Tender,APBD,cv. kutat,Pengadaan Langsung,Pekerjaan Konstruksi,"Pembangunan, Rehabilitasi Tata Air Mikro Desa Sungai Toman Kecamatan Salatiga",SELESAI,263611943,263611943
KAB. SAMBAS,DINAS PEKERJAAN UMUM DAN PENATAAN RUANG - 1.03.0.00.0.00.01.0000,10810816000,66550652,2026,Non Tender,APBD,CV. Putra Sambas Perkasa,Pengadaan Langsung,Pekerjaan Konstruksi,Normalisasi Sungai/Saluran Dsn Kota Bangun Desa Sebangun Kec. Sebawi dan Normalisasi Sungai/Saluran Dsn Sebawi B Desa Sebangun Kec. Sebawi,SELESAI,349578063,349578063
KAB. SAMBAS,BADAN KEUANGAN DAERAH - 5.02.0.00.0.00.02.0000,01KVATWBVXGH9D138EPC3HXM1R,66239010,2026,E-Katalog 6.0,APBD,BAYU PERDANA,E-Purchasing,Barang,Belanja Alat/Bahan untuk Kegiatan Kantor-Alat Tulis Kantor,ON PROCESS,1053390,1053390
KAB. SAMBAS,RSUD TELUK KERAMAT - 1.02.0.00.0.00.01.0031,01KQ79HPECRJEN2812M9YE8YFM,65712429,2026,E-Katalog 6.0,APBD,HOLI PHARMA,E-Purchasing,Barang,Belanja Obat-Obatan-Obat,ON PROCESS,1456475,1456475
KAB. SAMBAS,DINAS PEKERJAAN UMUM DAN PENATAAN RUANG - 1.03.0.00.0.00.01.0000,10824856000,65766819,2026,Non Tender,APBD,CV. RELEVANSI,Pengadaan Langsung,Pekerjaan Konstruksi,Pemeliharaan Berkalan Jalan Al Manar Kec. Tebas,SELESAI,149585309,149585309
KAB. SAMBAS,RSUD SAMBAS - 1.02.0.00.0.00.01.0030,01KNATAMFP1327BMA6QPR85YM1,64773848,2026,E-Katalog 6.0,APBD,ARTHOMORO ABADI,E-Purchasing,Barang,Belanja Barang dan Jasa BLUD,ON PROCESS,51060000,0
KAB. SAMBAS,DINAS KESEHATAN - 1.02.0.00.0.00.01.0000,01KVA8EJJ17CQEMRA8V0K6PED8,65579141,2026,E-Katalog 6.0,APBD,HANESA UNGGUL MEDIKA,E-Purchasing,Barang,Belanja Bahan-Bahan Lainnya,ON PROCESS,73671477,73671477
KAB. SAMBAS,DINAS PEMBERDAYAAN MASYARAKAT DAN DESA KABUPATEN SAMBAS - 2.13.0.00.0.00.01.0000,01KGEBDPMYB1E9SX8JBS2H5RQY,64832977,2026,E-Katalog 6.0,APBD,LAWANG SEWU TEKNOLOGI,E-Purchasing,Jasa Lainnya,Belanja Sewa Peralatan Jaringan,ON PROCESS,198000000,198000000
KAB. SAMBAS,DINAS PERHUBUNGAN - 2.15.0.00.0.00.01.0000,10859878000,67072655,2026,Non Tender,APBD,cv.finicreative,Pengadaan Langsung,Jasa Konsultansi Badan Usaha Konstruksi,Konsultan Perencanaan Pembangunan Dermaga,SELESAI,49749000,49749000
KAB. SAMBAS,DINAS PEKERJAAN UMUM DAN PENATAAN RUANG - 1.03.0.00.0.00.01.0000,10826671000,66145268,2026,Non Tender,APBD,CV. DW KREASI KONSULTAN,Pengadaan Langsung,Jasa Konsultansi Badan Usaha Non Konstruksi,Penyusunan Dokumen Kajian Kawasan Minapolitan Budidaya di Kecamatan Jawai Selatan dengan Hinterland Kecamatan Pemangkat dan Kecamatan Jawai,SELESAI,99339006,99339006
KAB. SAMBAS,DINAS KESEHATAN - 1.02.0.00.0.00.01.0000,01KR39T8X1X4EQBNMJ7796EPVW,65578957,2026,E-Katalog 6.0,APBD,SOHO INDUSTRI PHARMASI,E-Purchasing,Barang,Belanja Obat-Obatan-Obat,ON PROCESS,18991989,0
KAB. SAMBAS,RSUD SAMBAS - 1.02.0.00.0.00.01.0030,01KT88BGBVPQT0EJNRZRQP83B3,64773849,2026,E-Katalog 6.0,APBD,MEGA ANDALAN KALASAN,E-Purchasing,Barang,Belanja Modal Alat Kedokteran Umum,ON PROCESS,505643850,505643850
KAB. SAMBAS,RSUD PEMANGKAT - 1.02.0.00.0.00.01.0029,01KS425MP8E8B7ZBXSB3XS6JFZ,65094744,2026,E-Katalog 6.0,APBD,ANUGERAH GLOBAL SUKSES,E-Purchasing,Barang,Belanja Barang dan Jasa BLUD,ON PROCESS,60306300,60306300
KAB. SAMBAS,DINAS PENDIDIKAN DAN KEBUDAYAAN - 1.01.2.22.0.00.02.0000,01KNM2BCYX441YVKCH1QFTJGAA,66817626,2026,E-Katalog 6.0,APBD,ARDIANSYAH,E-Purchasing,Jasa Lainnya,Belanja Jasa yang Diberikan kepada Pihak Ketiga/Pihak Lain,ON PROCESS,13824837,13824837
KAB. SAMBAS,"DINAS PERUMAHAN RAKYAT, KAWASAN PERMUKIMAN DAN LINGKUNGAN HIDUP - 2.11.1.03.1.04.04.0000",10822007000,66388923,2026,Non Tender,APBD,CV. PANDA,Pengadaan Langsung,Pekerjaan Konstruksi,Pembangunan Bak Penampungan Air Hujan (PAH) Desa Sebangun Kec.Sebawi,SELESAI,69809000,69809000
KAB. SAMBAS,DINAS PEKERJAAN UMUM DAN PENATAAN RUANG - 1.03.0.00.0.00.01.0000,10817061000,64932578,2026,Non Tender,APBD,WAHANA SEJAHTERA MANDIRI,Pengadaan Langsung,Jasa Konsultansi Badan Usaha Konstruksi,Perencanaan Teknis / Detail Desain DIR Kubangga,SELESAI,99711300,99711300
KAB. SAMBAS,SEKRETARIAT DAERAH - 4.01.5.06.0.00.01.0000,10803334000,65658121,2026,Non Tender,APBD,CV. BAYU PERDANA,Pengadaan Langsung,Pengadaan Barang,Cetak Kalender,SELESAI,119703543,0
KAB. SAMBAS,"DINAS PERUMAHAN RAKYAT, KAWASAN PERMUKIMAN DAN LINGKUNGAN HIDUP - 2.11.1.03.1.04.04.0000",10832419000,66389597,2026,Non Tender,APBD,CV. NUWANSA INOVASI,Pengadaan Langsung,Jasa Konsultansi Badan Usaha Konstruksi,Konsultan Perencanaan Perluasan SPAM Jaringan Perpipaan Paket III,SELESAI,42124500,42124500
KAB. SAMBAS,SEKRETARIAT DPRD - 4.02.0.00.0.00.01.0000,01KQEQJPGXJVZJZ8VASAV49QF4,67014788,2026,E-Katalog 6.0,APBD,NUR SUKMA,E-Purchasing,Jasa Lainnya,Belanja Jasa yang Diberikan kepada Pihak Ketiga/Pihak Lain,ON PROCESS,12000000,12000000
KAB. SAMBAS,DINAS PERTANIAN DAN KETAHANAN PANGAN - 2.09.3.27.0.00.02.0000,10784501000,65844133,2026,Non Tender,APBD,CV. DW KREASI KONSULTAN,Pengadaan Langsung,Jasa Konsultansi Badan Usaha Konstruksi,"Perencanaan Pembangunan, Rehabilitasi Tata Air Mikro Paket 2",SELESAI,55688700,55688700
KAB. SAMBAS,DINAS PEKERJAAN UMUM DAN PENATAAN RUANG - 1.03.0.00.0.00.01.0000,10863573000,65755597,2026,Non Tender,APBD,CV.FIFTY FIFTY SOLUTION,Pengadaan Langsung,Pekerjaan Konstruksi,Peningkatan Jalan Desa Beringin Dusun Segerunding Kec. Sajad,SELESAI,110637325,110637325
KAB. SAMBAS,DINAS KESEHATAN - 1.02.0.00.0.00.01.0000,01KN5SYHBX7XN3KR8X8WJM29NK,66757156,2026,E-Katalog 6.0,APBD,SURYANTO,E-Purchasing,Jasa Lainnya,Belanja Jasa yang Diberikan kepada Pihak Ketiga/Pihak Lain,ON PROCESS,12024000,12024000
KAB. SAMBAS,"DINAS PARIWISATA, KEPEMUDAAN DAN OLAHRAGA - 2.19.3.26.0.00.02.0000",10824269000,65146824,2026,Non Tender,APBD,CV.TUNAS HARAPAN UTAMA,Pengadaan Langsung,Jasa Lainnya,FESTIVAL DRUM BAND HUT ADIYAKSA KE 80 SE-KABUPATEN SAMBAS,SELESAI,94767000,94767000
KAB. SAMBAS,"DINAS KOPERASI, USAHA KECIL MENENGAH, PERINDUSTRIAN DAN PERDAGANGAN - 2.17.3.31.3.30.07.0000",01KN0MHZASRFFYP8W269N5DT74,66542032,2026,E-Katalog 6.0,APBD,MIA ARYYESTI,E-Purchasing,Jasa Lainnya,Belanja Jasa yang Diberikan kepada Pihak Ketiga/Pihak Lain,ON PROCESS,16200000,16200000
KAB. SAMBAS,RSUD PEMANGKAT - 1.02.0.00.0.00.01.0029,01KPZA55DDR869TVB8JPK2SA17,65093979,2026,E-Katalog 6.0,APBD,BERNOFARM,E-Purchasing,Barang,Belanja Obat-Obatan-Obat,ON PROCESS,249946581,249946581
KAB. SAMBAS,DINAS PEKERJAAN UMUM DAN PENATAAN RUANG - 1.03.0.00.0.00.01.0000,10876895000,66171451,2026,Non Tender,APBD,CV.ARYA RISKI,Pengadaan Langsung,Pekerjaan Konstruksi,Rehab Ruang Unit TPA Satreskrim Polres Sambas,SELESAI,169640572,169640572
KAB. SAMBAS,DINAS PEKERJAAN UMUM DAN PENATAAN RUANG - 1.03.0.00.0.00.01.0000,10834911000,65755367;65755368,2026,Non Tender,APBD,cvyangsencjm.com,Pengadaan Langsung,Pekerjaan Konstruksi,Peningkatan Jalan Desa Semparuk Kec. Semparuk,SELESAI,243259910,243259910
KAB. SAMBAS,DINAS PENDIDIKAN DAN KEBUDAYAAN - 1.01.2.22.0.00.02.0000,10811558000,65283126,2026,Non Tender,APBD,NANA INSAN CONSULTANT,Pengadaan Langsung,Jasa Konsultansi Badan Usaha Konstruksi,Belanja Konsultansi Perencanaan Rehabilitasi SDN 09 Sungai Kelambu Kecamatan Tebas,SELESAI,7960000,7960000
KAB. SAMBAS,DINAS PERTANIAN DAN KETAHANAN PANGAN - 2.09.3.27.0.00.02.0000,10803392000,66296890,2026,Non Tender,APBD,CV. Absis Wahana Eureka,Pengadaan Langsung,Jasa Konsultansi Badan Usaha Konstruksi,"Perencanaan Pembangunan, Rehabilitasi, JUT/JAPROD Paket 2",SELESAI,67583682,67583682
KAB. SAMBAS,"DINAS PERIKANAN, PETERNAKAN DAN KESEHATAN HEWAN - 3.25.3.27.0.00.02.0000",10855606000,65992026,2026,Non Tender,APBD,BAGDAD,Pengadaan Langsung,Pengadaan Barang,Pengadaan Bahan Baku Pakan Balai Benih,SELESAI,39738000,39738000
KAB. SAMBAS,"DINAS PERUMAHAN RAKYAT, KAWASAN PERMUKIMAN DAN LINGKUNGAN HIDUP - 2.11.1.03.1.04.04.0000",10866746000,66388976,2026,Non Tender,APBD,WAHANA SEJAHTERA MANDIRI,Pengadaan Langsung,Jasa Konsultansi Badan Usaha Konstruksi,Konsultan Perencanaan Pembangunan SPAM Bukan Jaringan Perpipaan Paket IX,SELESAI,39593700,39593700
KAB. SAMBAS,DINAS KESEHATAN - 1.02.0.00.0.00.01.0000,01KPZ5MMAWNX8ZCSK4XZBWRRXZ,65578957,2026,E-Katalog 6.0,APBD,LUCAS DJAJA,E-Purchasing,Barang,Belanja Obat-Obatan-Obat,ON PROCESS,11541114,11541114
KAB. SAMBAS,SEKRETARIAT DAERAH - 4.01.5.06.0.00.01.0000,10885977000,66088748,2026,Non Tender,APBD,cv. almeera borneo engineer,Pengadaan Langsung,Jasa Konsultansi Badan Usaha Konstruksi,Jasa Konsultansi Perencanaan,SELESAI,19946166,19946166
KAB. SAMBAS,DINAS PEKERJAAN UMUM DAN PENATAAN RUANG - 1.03.0.00.0.00.01.0000,10925301000,67276162,2026,Non Tender,APBD,CV. RAIHAN KONSULTAN,Pengadaan Langsung,Jasa Konsultansi Badan Usaha Konstruksi,Identifikasi dan Pemetaan Banjir di Kota Sambas,SELESAI,99400500,99400500
KAB. SAMBAS,"DINAS KOPERASI, USAHA KECIL MENENGAH, PERINDUSTRIAN DAN PERDAGANGAN - 2.17.3.31.3.30.07.0000",01KN0MT97NR4XJ9Q6SHCHQVM3Z,66542032,2026,E-Katalog 6.0,APBD,NURMANSYAH,E-Purchasing,Jasa Lainnya,Belanja Jasa yang Diberikan kepada Pihak Ketiga/Pihak Lain,ON PROCESS,16200000,16200000
KAB. SAMBAS,DINAS PEKERJAAN UMUM DAN PENATAAN RUANG - 1.03.0.00.0.00.01.0000,10875546000,64932152,2026,Non Tender,APBD,"CV. PUTRA WINATA AL""BARA",Pengadaan Langsung,Pekerjaan Konstruksi,Pemeliharaan Saluran Desa Tengguli Kec. Sajad,SELESAI,179772970,179772970
KAB. SAMBAS,DINAS PENDIDIKAN DAN KEBUDAYAAN - 1.01.2.22.0.00.02.0000,10822348000,65283112,2026,Non Tender,APBD,NANA INSAN CONSULTANT,Pengadaan Langsung,Jasa Konsultansi Badan Usaha Konstruksi,Belanja Konsultansi Perencanaan Renovasi SDN 21 Tempapan Hulu Kec. Galing,SELESAI,3352000,3352000
KAB. SAMBAS,DINAS PEKERJAAN UMUM DAN PENATAAN RUANG - 1.03.0.00.0.00.01.0000,10827358000,64932561,2026,Non Tender,APBD,CV. RAIHAN KONSULTAN,Pengadaan Langsung,Jasa Konsultansi Badan Usaha Konstruksi,Detail Desain DIR. Sentebang Kec. Jawai,SELESAI,99489300,99489300
KAB. SAMBAS,DINAS PENDIDIKAN DAN KEBUDAYAAN - 1.01.2.22.0.00.02.0000,01KNM2XNWR4XTPKFBBNQN0DZM1,66817626,2026,E-Katalog 6.0,APBD,DEA INDAR PARAWANSA,E-Purchasing,Jasa Lainnya,Belanja Jasa yang Diberikan kepada Pihak Ketiga/Pihak Lain,ON PROCESS,16857837,16857837
KAB. SAMBAS,"DINAS PERUMAHAN RAKYAT, KAWASAN PERMUKIMAN DAN LINGKUNGAN HIDUP - 2.11.1.03.1.04.04.0000",10821994000,66388862,2026,Non Tender,APBD,Dungun Sebatang,Pengadaan Langsung,Pekerjaan Konstruksi,Pembangunan Bak Penampungan Air Hujan (PAH) Desa Tempatan Kec.Sebawi,SELESAI,69840000,69840000
KAB. SAMBAS,"DINAS PERUMAHAN RAKYAT, KAWASAN PERMUKIMAN DAN LINGKUNGAN HIDUP - 2.11.1.03.1.04.04.0000",10143167000,67269074,2026,Tender,APBD,CV. PANJI ALAM,Tender,Pekerjaan Konstruksi,Peningkatan Jalan Lingkungan (Paving Block) Jalan SMPN 01 Sebawi Desa Sempalai Sebedang Kec. Sebawi,SELESAI,522826618,522826618
KAB. SAMBAS,DINAS PERHUBUNGAN - 2.15.0.00.0.00.01.0000,01KN2FGF0CXGPBQXPKEEG76EE4,66625982,2026,E-Katalog 6.0,APBD,ERVIN BERSI,E-Purchasing,Jasa Lainnya,"Jasa Tenaga Alihdaya (Tenaga Kebersihan, Tenaga Supir, Tenaga Keamanan, Tenaga Pramusaji)",ON PROCESS,15300000,15300000
KAB. SAMBAS,DINAS PEKERJAAN UMUM DAN PENATAAN RUANG - 1.03.0.00.0.00.01.0000,10819068000,64932565,2026,Non Tender,APBD,Cv. Sigma Nusantara Konsultan,Pengadaan Langsung,Jasa Konsultansi Badan Usaha Konstruksi,Perencanaan Teknis / Detail Desain DIR Semangau,SELESAI,99755700,99755700
KAB. SAMBAS,DINAS PEKERJAAN UMUM DAN PENATAAN RUANG - 1.03.0.00.0.00.01.0000,10868295000,64932168,2026,Non Tender,APBD,CV.FIFTY FIFTY SOLUTION,Pengadaan Langsung,Pekerjaan Konstruksi,Pemeliharaan Saluran Desa Mekar Sekuntum Kec. Teluk Keramat,SELESAI,189777402,189777402
KAB. SAMBAS,RSUD SAMBAS - 1.02.0.00.0.00.01.0030,01KJ943FJE8Y8A8D8FCZS4QM2P,64773848,2026,E-Katalog 6.0,APBD,B. BRAUN MEDICAL INDONESIA,E-Purchasing,Barang,Belanja Barang dan Jasa BLUD,ON PROCESS,133533000,0
KAB. SAMBAS,"DINAS PERIKANAN, PETERNAKAN DAN KESEHATAN HEWAN - 3.25.3.27.0.00.02.0000",10852503000,66899690,2026,Non Tender,APBD,CV. SUMBER BINA SEJATI,Pengadaan Langsung,Pengadaan Barang,Belanja bahan baju Forikan,SELESAI,35520000,35520000
KAB. SAMBAS,"DINAS PARIWISATA, KEPEMUDAAN DAN OLAHRAGA - 2.19.3.26.0.00.02.0000",10844578000,65146812,2026,Non Tender,APBD,CV.TUNAS HARAPAN UTAMA,Pengadaan Langsung,Jasa Lainnya,KEJUARAAN TENIS MEJA SE KALIMANTAN BARAT DI KEC. PEMANGKAT,SELESAI,189443700,189443700
KAB. SAMBAS,"DINAS PERUMAHAN RAKYAT, KAWASAN PERMUKIMAN DAN LINGKUNGAN HIDUP - 2.11.1.03.1.04.04.0000",10916017000,66389616,2026,Non Tender,APBD,CV IMAM PRATAMA,Pengadaan Langsung,Pekerjaan Konstruksi,Pengembangan Jaringan Distribusi dan Sambungan Rumah (SR) Desa Berlimang Kec.Teluk Keramat,SELESAI,298812000,298812000
KAB. SAMBAS,DINAS PEKERJAAN UMUM DAN PENATAAN RUANG - 1.03.0.00.0.00.01.0000,10827608000,64932558,2026,Non Tender,APBD,CV. Citra Stapaka Sejahtera,Pengadaan Langsung,Jasa Konsultansi Badan Usaha Konstruksi,Detail Desain DIR. Serumpun Kec. Salatiga,SELESAI,99156300,99156300
KAB. SAMBAS,SEKRETARIAT DAERAH - 4.01.5.06.0.00.01.0000,01KN3F4YEYMFQCF156T3RZ8HB7,66090182,2026,E-Katalog 6.0,APBD,HADRIANA,E-Purchasing,Jasa Lainnya,JASA TENAGA KEAMANAN  DAN JASA TENAGA KEBERSIHAN  KANTOR YANG DITETAPKAN DENGAN SK KEPALA SKPD.,ON PROCESS,11700000,11700000
KAB. SAMBAS,DINAS PEKERJAAN UMUM DAN PENATAAN RUANG - 1.03.0.00.0.00.01.0000,10866547000,66383926,2026,Non Tender,APBD,CV. SURYA PERDANA,Pengadaan Langsung,Pekerjaan Konstruksi,Penataan Lingkungan Kantor Sementara PLB Temajuk Kec. Paloh Kab. Sambas,SELESAI,264649947,264649947
KAB. SAMBAS,"DINAS PEMBERDAYAAN PEREMPUAN, PERLINDUNGAN ANAK, PENGENDALIAN PENDUDUK DAN KELUARGA BERENCANA - 2.08.2.14.0.00.02.0000",01KN61EMWSWBZZVRR9R6M1KXB0,66621433,2026,E-Katalog 6.0,APBD,REZA,E-Purchasing,Jasa Lainnya,Belanja Jasa yang Diberikan kepada Pihak Ketiga/Pihak Lain,ON PROCESS,16857837,16857837
KAB. SAMBAS,DINAS PEKERJAAN UMUM DAN PENATAAN RUANG - 1.03.0.00.0.00.01.0000,10863582000,65755319,2026,Non Tender,APBD,CV. Putra Sambas Perkasa,Pengadaan Langsung,Pekerjaan Konstruksi,Peningkatan Jalan Desa Selakau Tua Kec. Selakau Timur,SELESAI,103778280,103778280
KAB. SAMBAS,"DINAS PERIKANAN, PETERNAKAN DAN KESEHATAN HEWAN - 3.25.3.27.0.00.02.0000",10857538000,65992033,2026,Non Tender,APBD,CV. PILAR HUTAMA DESAIN,Pengadaan Langsung,Jasa Konsultansi Badan Usaha Konstruksi,Jasa Konsultansi Perencanaan Balai Benih,SELESAI,22196670,22196670
KAB. SAMBAS,"DINAS PARIWISATA, KEPEMUDAAN DAN OLAHRAGA - 2.19.3.26.0.00.02.0000",10886537000,67219685,2026,Non Tender,APBD,CV. BAYU PERDANA,Pengadaan Langsung,Pengadaan Barang,PERLENGKAPAN KONTINGEN POPDA 2026,SELESAI,86144000,0
KAB. SAMBAS,DINAS PEKERJAAN UMUM DAN PENATAAN RUANG - 1.03.0.00.0.00.01.0000,10864252000,65755372,2026,Non Tender,APBD,CV. SARI BUAH,Pengadaan Langsung,Pekerjaan Konstruksi,Peningkatan Jalan Desa Sepinggan Dusun Sepinggan Kecil Kec. Semparuk,SELESAI,399645699,399645699
KAB. SAMBAS,"DINAS PERUMAHAN RAKYAT, KAWASAN PERMUKIMAN DAN LINGKUNGAN HIDUP - 2.11.1.03.1.04.04.0000",10881263000,65446564,2026,Non Tender,APBD,WAHANA SEJAHTERA MANDIRI,Pengadaan Langsung,Jasa Konsultansi Badan Usaha Konstruksi,Perencanaan Pembangunan Taman Pasar Selakau Desa Parit Baru Kec. Selakau,SELESAI,89893000,89893000
KAB. SAMBAS,DINAS PEKERJAAN UMUM DAN PENATAAN RUANG - 1.03.0.00.0.00.01.0000,10813887000,64932609,2026,Non Tender,APBD,cv. sebukit indah,Pengadaan Langsung,Pekerjaan Konstruksi,Rehabilitasi Saluran Desa Sebayan Kec. Sambas,SELESAI,174483485,174483485
KAB. SAMBAS,RSUD PEMANGKAT - 1.02.0.00.0.00.01.0029,01KQ7KBNA1A7H4AA5QG42HBPNF,65093976,2026,E-Katalog 6.0,APBD,BHINEKA INDUSTRI NUSANTARA,E-Purchasing,Barang,Pengadaan BMHP Rumah Sakit,ON PROCESS,37402486,37402486
KAB. SAMBAS,RSUD PEMANGKAT - 1.02.0.00.0.00.01.0029,01KNM6XCC76HWB9DN4BRGJVB47,65093976,2026,E-Katalog 6.0,APBD,BHINEKA MITRA SEJATI,E-Purchasing,Barang,Pengadaan BMHP Rumah Sakit,ON PROCESS,43926141,43926141
KAB. SAMBAS,"DINAS PERUMAHAN RAKYAT, KAWASAN PERMUKIMAN DAN LINGKUNGAN HIDUP - 2.11.1.03.1.04.04.0000",10809809000,66606563,2026,Non Tender,APBD,CV. SURYA PERDANA,Pengadaan Langsung,Pekerjaan Konstruksi,Pembangunan Bak Penampungan Air Hujan (PAH) Desa Serindang Kec.Tebas,SELESAI,69744000,69744000
KAB. SAMBAS,"DINAS PERUMAHAN RAKYAT, KAWASAN PERMUKIMAN DAN LINGKUNGAN HIDUP - 2.11.1.03.1.04.04.0000",10814015000,66617442,2026,Non Tender,APBD,Dungun Sebatang,Pengadaan Langsung,Pekerjaan Konstruksi,Pembangunan Bak Penampungan Air Hujan (PAH) Desa Pedada dan Desa Sekura Kec.Teluk Keramat,SELESAI,298260000,298260000
KAB. SAMBAS,BADAN KEUANGAN DAERAH - 5.02.0.00.0.00.02.0000,01KN40EQAZWXZYETERT07Z3CPY,66870141,2026,E-Katalog 6.0,APBD,DIMAS FIRGINIAWAN,E-Purchasing,Jasa Lainnya,Belanja Jasa yang diberikan kepada pihak ketiga/pihak lain,ON PROCESS,12726000,12726000
KAB. SAMBAS,SEKRETARIAT DPRD - 4.02.0.00.0.00.01.0000,01KQERTAH86MEVFJ3HSKPJZ60C,67014788,2026,E-Katalog 6.0,APBD,MUNADI,E-Purchasing,Jasa Lainnya,Belanja Jasa yang Diberikan kepada Pihak Ketiga/Pihak Lain,ON PROCESS,10800000,10800000
KAB. SAMBAS,RSUD SAMBAS - 1.02.0.00.0.00.01.0030,01KMWHGAY4YMG8R7BJPAQ2ZCS0,64773848,2026,E-Katalog 6.0,APBD,PERUSAHAAN PERSEROAN (PERSERO) PT KIMIA FARMA,E-Purchasing,Barang,Belanja Barang dan Jasa BLUD,ON PROCESS,77499978,0
KAB. SAMBAS,DINAS KESEHATAN - 1.02.0.00.0.00.01.0000,01KQRY42GRQAF9X1Q9KTHSTZT6,65578957,2026,E-Katalog 6.0,APBD,MERSIFARMA TIRMAKU MERCUSANA,E-Purchasing,Barang,Belanja Obat-Obatan-Obat,ON PROCESS,114010542,114010542
KAB. SAMBAS,"DINAS PERIKANAN, PETERNAKAN DAN KESEHATAN HEWAN - 3.25.3.27.0.00.02.0000",10912764000,67319332,2026,Non Tender,APBD,CV. SAMUDRA MANDIRI PERKASA,Pengadaan Langsung,Pengadaan Barang,Pengadaan Sampan Motor Ds. Singaraya Kec. Semparuk,SELESAI,155311200,155311200
KAB. SAMBAS,"DINAS PERUMAHAN RAKYAT, KAWASAN PERMUKIMAN DAN LINGKUNGAN HIDUP - 2.11.1.03.1.04.04.0000",10141420000,65446566,2026,Tender,APBD,CV. Putra Sambas Perkasa,Tender,Pekerjaan Konstruksi,Penataan Halaman Gua Maria Santok Desa Santaban Sajingan,SELESAI,535195000,535195000
KAB. SAMBAS,DINAS PEKERJAAN UMUM DAN PENATAAN RUANG - 1.03.0.00.0.00.01.0000,10886483000,66304557,2026,Non Tender,APBD,CV. ARSITARA,Pengadaan Langsung,Jasa Konsultansi Badan Usaha Konstruksi,Pengawasan Penataan Interior Kantor Kejaksaan Negeri Sambas,SELESAI,14985000,14985000
KAB. SAMBAS,DINAS PEKERJAAN UMUM DAN PENATAAN RUANG - 1.03.0.00.0.00.01.0000,10888409000,66383867,2026,Non Tender,APBD,CV. ARSITARA,Pengadaan Langsung,Jasa Konsultansi Badan Usaha Konstruksi,Pengawasan Penataan Lingkungan Kantor Sementara (PLB) Temajuk Kec. Paloh Kab. Sambas,SELESAI,23865000,23865000
KAB. SAMBAS,SATUAN POLISI PAMONG PRAJA - 1.05.0.00.0.00.01.0000,01KN6TDV0Y9DPZGWBX5TCWXAPJ,66578330,2026,E-Katalog 6.0,APBD,SASTRA DWINTHA,E-Purchasing,Jasa Lainnya,Belanja Jasa Yang Diberikan Kepada Pihak Ketiga/Pihak Lain,ON PROCESS,12150000,12150000
KAB. SAMBAS,DINAS PENDIDIKAN DAN KEBUDAYAAN - 1.01.2.22.0.00.02.0000,10877255000,65185565,2026,Non Tender,APBD,CV. SURYA PERDANA,Pengadaan Langsung,Pekerjaan Konstruksi,Paving Block SDN 18 Senturang Kec. Tebas,SELESAI,169907691,169907691
KAB. SAMBAS,SEKRETARIAT DAERAH - 4.01.5.06.0.00.01.0000,01KMMFTVQNJM0VHRPERRV27KR6,66615036,2026,E-Katalog 6.0,APBD,DEVI LESTARI,E-Purchasing,Jasa Lainnya,"Jasa Tenaga Alihdaya (Tenaga Kebersihan, Tenaga Supir, Tenaga Keamanan, Tenaga Pramusaji)",ON PROCESS,14523534,14523534
KAB. SAMBAS,DINAS PERTANIAN DAN KETAHANAN PANGAN - 2.09.3.27.0.00.02.0000,10917764000,66687204,2026,Non Tender,APBD,CV. PANJI ALAM,Pengadaan Langsung,Pekerjaan Konstruksi,"Pembangunan, Rehabilitasi Tata Air Mikro Desa Rambayan Kecamatan Tekarang",SELESAI,281200258,281200258
KAB. SAMBAS,DINAS PEKERJAAN UMUM DAN PENATAAN RUANG - 1.03.0.00.0.00.01.0000,10818671000,64900382,2026,Non Tender,APBD,Verus Consultant Engineering,Pengadaan Langsung,Jasa Konsultansi Badan Usaha Konstruksi,Jasa Konsultansi Perencanaan (Paket IX),SELESAI,44719125,44719125
KAB. SAMBAS,DINAS PERTANIAN DAN KETAHANAN PANGAN - 2.09.3.27.0.00.02.0000,10918475000,66687195,2026,Non Tender,APBD,CV.ASRA,Pengadaan Langsung,Pekerjaan Konstruksi,"Pembangunan, Rehabilitasi Tata Air Mikro Desa Mutus Darussalam Kecamatan Jawai",SELESAI,87734144,87734144
KAB. SAMBAS,DINAS PENDIDIKAN DAN KEBUDAYAAN - 1.01.2.22.0.00.02.0000,10895806000,65204328,2026,Non Tender,APBD,CV. KARYA BERSAUDARA,Pengadaan Langsung,Jasa Konsultansi Badan Usaha Konstruksi,Jasa Konsultansi Pengawasan Rehabilitasi Ruang Perpustakaan SDN 13 Kubung Kec. Teluk Keramat,SELESAI,4567650,4567650
KAB. SAMBAS,DINAS PEKERJAAN UMUM DAN PENATAAN RUANG - 1.03.0.00.0.00.01.0000,10813892000,64932613,2026,Non Tender,APBD,BAGDAD,Pengadaan Langsung,Pekerjaan Konstruksi,Rehabilitasi Saluran Desa Sungai Nyirih Kec. Jawai,SELESAI,87722658,87722658
KAB. SAMBAS,DINAS PEKERJAAN UMUM DAN PENATAAN RUANG - 1.03.0.00.0.00.01.0000,10815406000,64900394,2026,Non Tender,APBD,CV. BAYU PERKASA,Pengadaan Langsung,Pekerjaan Konstruksi,Normalisasi Sungai Desa Rantau Panjang Kec. Sebawi,SELESAI,174769572,174769572
KAB. SAMBAS,"DINAS PERUMAHAN RAKYAT, KAWASAN PERMUKIMAN DAN LINGKUNGAN HIDUP - 2.11.1.03.1.04.04.0000",10833810000,66388910,2026,Non Tender,APBD,CV. Absis Wahana Eureka,Pengadaan Langsung,Jasa Konsultansi Badan Usaha Konstruksi,Konsultan Pengawasan Pembangunan SPAM Bukan Jaringan Perpipaan Paket VII,SELESAI,44788500,44788500
KAB. SAMBAS,DINAS PEKERJAAN UMUM DAN PENATAAN RUANG - 1.03.0.00.0.00.01.0000,10827897000,64932589,2026,Non Tender,APBD,CV.CAHYA SARANA KONSULTAN,Pengadaan Langsung,Jasa Konsultansi Badan Usaha Konstruksi,Detail Desain DIR. Sungai Baru Kec. Teluk Kernmat,SELESAI,99489300,99489300
KAB. SAMBAS,DINAS PENDIDIKAN DAN KEBUDAYAAN - 1.01.2.22.0.00.02.0000,10876153000,65185550,2026,Non Tender,APBD,CV. KARYA BERSAUDARA,Pengadaan Langsung,Jasa Konsultansi Badan Usaha Konstruksi,Belanja Jasa Konsultansi Pengawasan Pembangunan Toilet SDS IT Sulthoniyah Sambas,SELESAI,5971800,5971800
KAB. SAMBAS,"DINAS PERUMAHAN RAKYAT, KAWASAN PERMUKIMAN DAN LINGKUNGAN HIDUP - 2.11.1.03.1.04.04.0000",01KWB4VTX7J0K3S1PZS3EB350E,67295329,2026,E-Katalog 6.0,APBDP,ANEKA MAKMUR SEJAHTERA,E-Purchasing,Barang,Belanja Modal Kendaraan Bermotor Beroda Dua,ON PROCESS,23519999,23519999
KAB. SAMBAS,RSUD PEMANGKAT - 1.02.0.00.0.00.01.0029,01KK177V8KG9T1BSMTTV1H0WAS,65093975,2026,E-Katalog 6.0,APBD,BUMI INDAH PUTRA,E-Purchasing,Barang,Belanja Modal Peralatan dan Mesin BLUD,ON PROCESS,115440000,115440000
KAB. SAMBAS,DINAS PENDIDIKAN DAN KEBUDAYAAN - 1.01.2.22.0.00.02.0000,10848381000,64989324,2026,Non Tender,APBD,NANA INSAN CONSULTANT,Pengadaan Langsung,Jasa Konsultansi Badan Usaha Konstruksi,Konsultansi Perencanaan Pembangunan Pagar PAUD Ds. Sebayan Dsn. Senyawan,SELESAI,4317000,4317000
KAB. SAMBAS,DINAS PEKERJAAN UMUM DAN PENATAAN RUANG - 1.03.0.00.0.00.01.0000,10826526000,66107906,2026,Non Tender,APBD,PT. Tiara Pilar Kreasi,Pengadaan Langsung,Jasa Konsultansi Badan Usaha Non Konstruksi,Penyusunan Dokumen Verifikasi Penanganan Indikasi Pelanggaran Pemanfaatan Ruang (IPPR),SELESAI,99021768,99021768
KAB. SAMBAS,DINAS PEKERJAAN UMUM DAN PENATAAN RUANG - 1.03.0.00.0.00.01.0000,10888455000,66171459,2026,Non Tender,APBD,Dwi Tunggal Reka Sarana,Pengadaan Langsung,Jasa Konsultansi Badan Usaha Konstruksi,Jasa Konsultansi Pengawasan Rehabilitasi Gedung Kantor Pemerintah III,SELESAI,29892300,29892300
KAB. SAMBAS,SATUAN POLISI PAMONG PRAJA - 1.05.0.00.0.00.01.0000,01KN6NQD1JVW02VZ331K8Q8SVC,66578330,2026,E-Katalog 6.0,APBD,DESTYA HERYSKA RAMADAYANTI,E-Purchasing,Jasa Lainnya,Belanja Jasa Yang Diberikan Kepada Pihak Ketiga/Pihak Lain,ON PROCESS,12150000,12150000
KAB. SAMBAS,DINAS PEKERJAAN UMUM DAN PENATAAN RUANG - 1.03.0.00.0.00.01.0000,10813889000,64932610,2026,Non Tender,APBD,CV.AMPERA PERSADA,Pengadaan Langsung,Pekerjaan Konstruksi,Rehabilitasi Saluran Irigasi Desa Sendoyan Kec. Sejangkung,SELESAI,173864982,173864982
KAB. SAMBAS,DINAS PERPUSTAKAAN DAN KEARSIPAN DAERAH - 2.23.2.24.0.00.02.0000,01KD528ZVTPH89TMVYG1K7230X,62198784,2026,E-Katalog 6.0,APBD,ZHIWA TRUST CORP,E-Purchasing,Jasa Lainnya,Jasa Keamanan (Pihak Ketiga),ON PROCESS,74400000,74400000
KAB. SAMBAS,RSUD PEMANGKAT - 1.02.0.00.0.00.01.0029,01KRAMN3QSVXF6524TC9FW9G2N,65093976,2026,E-Katalog 6.0,APBD,HUTAMAKARSA LINTAS NIAGA,E-Purchasing,Barang,Pengadaan BMHP Rumah Sakit,ON PROCESS,35361276,35361276
KAB. SAMBAS,DINAS PERTANIAN DAN KETAHANAN PANGAN - 2.09.3.27.0.00.02.0000,10803692000,66297037,2026,Non Tender,APBD,CV. KARYA BERSAUDARA,Pengadaan Langsung,Jasa Konsultansi Badan Usaha Konstruksi,"Perencanaan Pembangunan, Rehabilitasi, JUT/JAPROD Paket 3",SELESAI,71729625,71729625
KAB. SAMBAS,"DINAS PERIKANAN, PETERNAKAN DAN KESEHATAN HEWAN - 3.25.3.27.0.00.02.0000",01KN4042MFVYJM8G889W27CTRN,66704573,2026,E-Katalog 6.0,APBD,ILHAM RAMANANDA,E-Purchasing,Jasa Lainnya,Belanja Jasa Yang Diberikan Kepada Pihak Ketiga/ Pihak Lain,ON PROCESS,15300000,15300000
KAB. SAMBAS,DINAS PEKERJAAN UMUM DAN PENATAAN RUANG - 1.03.0.00.0.00.01.0000,10820455000,64932667,2026,Non Tender,APBD,PRIMA DIGITAL KONSULTAN,Pengadaan Langsung,Jasa Konsultansi Badan Usaha Konstruksi,Jasa Konsultansi Pengawasan (Paket I),SELESAI,39782400,39782400
KAB. SAMBAS,DINAS PEKERJAAN UMUM DAN PENATAAN RUANG - 1.03.0.00.0.00.01.0000,10819731000,66846001,2026,Non Tender,APBD,PT. TAHAND JAYA UTAMA,Pengadaan Langsung,Jasa Konsultansi Badan Usaha Konstruksi,Jasa Konsultansi Perencanaan (Paket XIII),SELESAI,64338930,64338930
KAB. SAMBAS,DINAS PEKERJAAN UMUM DAN PENATAAN RUANG - 1.03.0.00.0.00.01.0000,10869232000,64932142,2026,Non Tender,APBD,CV. MUTIARA SAMBAS,Pengadaan Langsung,Pekerjaan Konstruksi,Pemeliharaan Saluran Desa Pancur Kec. Tangaran,SELESAI,174764727,174764727
KAB. SAMBAS,DINAS PEKERJAAN UMUM DAN PENATAAN RUANG - 1.03.0.00.0.00.01.0000,10814984000,64932616,2026,Non Tender,APBD,CV PUTRA DUNGUN,Pengadaan Langsung,Pekerjaan Konstruksi,Rehabilitasi Saluran Desa Gapura Kec. Sambas,SELESAI,69725199,69725199
KAB. SAMBAS,DINAS PEKERJAAN UMUM DAN PENATAAN RUANG - 1.03.0.00.0.00.01.0000,10824650000,64900276,2026,Non Tender,APBD,CV.RIZHARY PRATAMA KONSULTAN,Pengadaan Langsung,Jasa Konsultansi Badan Usaha Konstruksi,Jasa Konsultansi Pengawasan (Paket X),SELESAI,39782400,39782400
KAB. SAMBAS,"DINAS PERUMAHAN RAKYAT, KAWASAN PERMUKIMAN DAN LINGKUNGAN HIDUP - 2.11.1.03.1.04.04.0000",10814025000,66617555,2026,Non Tender,APBD,CV. MUTIARA SAMBAS,Pengadaan Langsung,Pekerjaan Konstruksi,Pembangunan Bak Penampungan Air Hujan (PAH) Desa Mekar Sekuntum  dan Desa Sayang Sedayu Kec.Teluk Keramat,SELESAI,223609000,223609000
KAB. SAMBAS,"DINAS PERUMAHAN RAKYAT, KAWASAN PERMUKIMAN DAN LINGKUNGAN HIDUP - 2.11.1.03.1.04.04.0000",10916011000,66389585,2026,Non Tender,APBD,CV. VIVI,Pengadaan Langsung,Pekerjaan Konstruksi,Pengembangan Jaringan Distribusi dan Sambungan Rumah (SR) Desa Batu Mak Jage Kec.Tebas,SELESAI,299085255,299085255
KAB. SAMBAS,DINAS PEKERJAAN UMUM DAN PENATAAN RUANG - 1.03.0.00.0.00.01.0000,10886469000,66301927,2026,Non Tender,APBD,cv. arnia insani,Pengadaan Langsung,Pekerjaan Konstruksi,Penataan Interior Kantor Kejaksaan Negeri Sambas,SELESAI,259467644,259467644
KAB. SAMBAS,DINAS PEKERJAAN UMUM DAN PENATAAN RUANG - 1.03.0.00.0.00.01.0000,10143567000,67034962,2026,Tender,APBD,,Tender,Pekerjaan Konstruksi,Pembangunan Gedung Aula Kantor PKK Kab.Sambas,SELESAI,796560000,796560000
KAB. SAMBAS,DINAS PEKERJAAN UMUM DAN PENATAAN RUANG - 1.03.0.00.0.00.01.0000,10863262000,65755594;65755601;65755611,2026,Non Tender,APBD,CV ARTHA GRHA MANDIRI,Pengadaan Langsung,Pekerjaan Konstruksi,"Peningkatan Jalan Desa Pemangkat, Desa Harapan dan Desa Perapakan Kec. Pemangkat",SELESAI,308145014,308145014
KAB. SAMBAS,DINAS PEKERJAAN UMUM DAN PENATAAN RUANG - 1.03.0.00.0.00.01.0000,10846127000,67020545,2026,Non Tender,APBD,CV. EPITEX MIKA ENGINEERING,Pengadaan Langsung,Jasa Konsultansi Badan Usaha Konstruksi,Jasa Konsultansi Perencanaan Pemeliharaan Berkala Jalan Kabupaten Paket IV,SELESAI,74814000,74814000
KAB. SAMBAS,"DINAS PERUMAHAN RAKYAT, KAWASAN PERMUKIMAN DAN LINGKUNGAN HIDUP - 2.11.1.03.1.04.04.0000",10835058000,66611167,2026,Non Tender,APBD,CV GALUH SAVITRI,Pengadaan Langsung,Pekerjaan Konstruksi,Pembangunan Sumur Bor Kecamatan Jawai II,SELESAI,294409000,294409000
KAB. SAMBAS,DINAS PEKERJAAN UMUM DAN PENATAAN RUANG - 1.03.0.00.0.00.01.0000,10828899000,65755345,2026,Non Tender,APBD,CV Rara Jaya,Pengadaan Langsung,Pekerjaan Konstruksi,Peningkatan Jalan Desa Tanjung Mekar Dusun Keranji Kec. Sambas,SELESAI,398909233,398909233
KAB. SAMBAS,DINAS PERTANIAN DAN KETAHANAN PANGAN - 2.09.3.27.0.00.02.0000,10793391000,66142368,2026,Non Tender,APBD,lawang sukses,Pengadaan Langsung,Pekerjaan Konstruksi,"Pembangunan, Rehabilitasi Tata Air Mikro Desa Pangkalan Bemban Kecamatan Selakau",SELESAI,179621498,179621498
KAB. SAMBAS,DINAS PEKERJAAN UMUM DAN PENATAAN RUANG - 1.03.0.00.0.00.01.0000,10875539000,64932156,2026,Non Tender,APBD,CV. SYAFIRA ANUGRAH,Pengadaan Langsung,Pekerjaan Konstruksi,Pemeliharaan Saluran Desa Penakalan Kec. Sejangkung,SELESAI,171767429,171767429
KAB. SAMBAS,DINAS PEKERJAAN UMUM DAN PENATAAN RUANG - 1.03.0.00.0.00.01.0000,10896617000,67263587,2026,Non Tender,APBD,cv. sarana samudra,Pengadaan Langsung,Pekerjaan Konstruksi,Normalisasi Saluran Desa Sebatuan Kec. Pemangkat,SELESAI,87308185,87308185
KAB. SAMBAS,RSUD PEMANGKAT - 1.02.0.00.0.00.01.0029,01KRAMQE8WS5CYPEJNDH5H32JE,65093976,2026,E-Katalog 6.0,APBD,INTI SIGMA PRATAMA,E-Purchasing,Barang,Pengadaan BMHP Rumah Sakit,ON PROCESS,172837616,0
KAB. SAMBAS,DINAS PERHUBUNGAN - 2.15.0.00.0.00.01.0000,10864916000,67126998,2026,Non Tender,APBD,CV. MEKAR PERSADA,Pengadaan Langsung,Pekerjaan Konstruksi,Pembangunan Musholla Dinas Perhubungan (Lanjutan),SELESAI,199683597,199683597
KAB. SAMBAS,DINAS PEKERJAAN UMUM DAN PENATAAN RUANG - 1.03.0.00.0.00.01.0000,10828875000,65755563;65755612;65755628;65755632,2026,Non Tender,APBD,CV Rara Jaya,Pengadaan Langsung,Pekerjaan Konstruksi,Peningkatan Jalan Desa Saing Rambi dan Desa Tanjung Mekar Kec. Sambas,SELESAI,347028647,347028647
KAB. SAMBAS,"DINAS PERUMAHAN RAKYAT, KAWASAN PERMUKIMAN DAN LINGKUNGAN HIDUP - 2.11.1.03.1.04.04.0000",10816054000,66388888,2026,Non Tender,APBD,PT. TAHAND JAYA UTAMA,Pengadaan Langsung,Jasa Konsultansi Badan Usaha Konstruksi,Konsultan Pengawasan Pembangunan SPAM Bukan Jaringan Perpipaan Paket III,SELESAI,44735220,44735220
KAB. SAMBAS,DINAS PEKERJAAN UMUM DAN PENATAAN RUANG - 1.03.0.00.0.00.01.0000,10816800000,64932576,2026,Non Tender,APBD,CV. Citra Stapaka Sejahtera,Pengadaan Langsung,Jasa Konsultansi Badan Usaha Konstruksi,Perencanaan Teknis / Detail Desain DIR Jirak,SELESAI,99689100,99689100
KAB. SAMBAS,RSUD SAMBAS - 1.02.0.00.0.00.01.0030,01KSS6704WJMMJJG4QBN48XQ2C,64773848,2026,E-Katalog 6.0,APBD,PERUSAHAAN PERSEROAN (PERSERO) PT KIMIA FARMA,E-Purchasing,Barang,Belanja Barang dan Jasa BLUD,ON PROCESS,123999965,0
KAB. SAMBAS,"BADAN PERENCANAAN PEMBANGUNAN, RISET DAN INOVASI DAERAH KABUPATEN SAMBAS - 5.01.5.05.0.00.03.0000",01KKTPACB54BV28N9F07XZ3SNV,66455349,2026,E-Katalog 6.0,APBD,ADI SARANA ARMADA,E-Purchasing,Jasa Lainnya,Belanja Sewa Kendaraan Dinas Bermotor Perorangan,ON PROCESS,155955000,155955000
KAB. SAMBAS,DINAS PERTANIAN DAN KETAHANAN PANGAN - 2.09.3.27.0.00.02.0000,10800993000,66297629,2026,Non Tender,APBD,lawang sukses,Pengadaan Langsung,Pengadaan Barang,Kebun Benih Desa,SELESAI,70608750,70608750
KAB. SAMBAS,"DINAS PERUMAHAN RAKYAT, KAWASAN PERMUKIMAN DAN LINGKUNGAN HIDUP - 2.11.1.03.1.04.04.0000",10835166000,66606536,2026,Non Tender,APBD,CV Cahaya Rafisqy Ghava,Pengadaan Langsung,Pekerjaan Konstruksi,Pembangunan Bak Penampungan Air Hujan (PAH) Desa Lambau Kec.Jawai,SELESAI,83794000,83794000
KAB. SAMBAS,DINAS PERHUBUNGAN - 2.15.0.00.0.00.01.0000,01KN2D29QS5VWY2E78P0ZW6ZNG,66625982,2026,E-Katalog 6.0,APBD,ANDI,E-Purchasing,Jasa Lainnya,"Jasa Tenaga Alihdaya (Tenaga Kebersihan, Tenaga Supir, Tenaga Keamanan, Tenaga Pramusaji)",ON PROCESS,11250000,11250000
KAB. SAMBAS,DINAS PEKERJAAN UMUM DAN PENATAAN RUANG - 1.03.0.00.0.00.01.0000,10866999000,65766590;65766673,2026,Non Tender,APBD,CV.CITRA ABADI,Pengadaan Langsung,Pekerjaan Konstruksi,Pembangunan Turap Desa Sayang Sedayu Kec. Teluk Keramat,SELESAI,221559912,221559912
KAB. SAMBAS,SEKRETARIAT DAERAH - 4.01.5.06.0.00.01.0000,10803207000,66089061,2026,Non Tender,APBD,CV. BAYU PERDANA,Pengadaan Langsung,Pengadaan Barang,Jadwal Imsyakiyah,SELESAI,99700200,0
KAB. SAMBAS,DINAS PEKERJAAN UMUM DAN PENATAAN RUANG - 1.03.0.00.0.00.01.0000,10831610000,64932569,2026,Non Tender,APBD,cv.raffan design,Pengadaan Langsung,Jasa Konsultansi Badan Usaha Konstruksi,Detail Desain DIR. Tebas Sungai Kec. Tebas,SELESAI,99378300,99378300
KAB. SAMBAS,DINAS PEKERJAAN UMUM DAN PENATAAN RUANG - 1.03.0.00.0.00.01.0000,10869080000,64932155,2026,Non Tender,APBD,lawang sukses,Pengadaan Langsung,Pekerjaan Konstruksi,Pemeliharaan Saluran Desa Sumber Harapan Kec. Sambas,SELESAI,178829088,178829088
KAB. SAMBAS,DINAS PEKERJAAN UMUM DAN PENATAAN RUANG - 1.03.0.00.0.00.01.0000,10881865000,65755647,2026,Non Tender,APBD,CV. AKBAR PRADANA,Pengadaan Langsung,Pekerjaan Konstruksi,Peningkatan Jalan Ds. Pedada Kec. Teluk Keramat,SELESAI,147712500,147712500
KAB. SAMBAS,DINAS PERHUBUNGAN - 2.15.0.00.0.00.01.0000,10842509000,65911829,2026,Non Tender,APBD,PT. ANDALAN ELECTRICAL CONSULTAN,Pengadaan Langsung,Jasa Konsultansi Badan Usaha Konstruksi,Konsultan Perencanaan Pengadaan Penerangan Jalan (PJU) Lampu Hias Paket IV,SELESAI,34890852,34890852
KAB. SAMBAS,DINAS PEKERJAAN UMUM DAN PENATAAN RUANG - 1.03.0.00.0.00.01.0000,10888429000,66171462,2026,Non Tender,APBD,Dwi Tunggal Reka Sarana,Pengadaan Langsung,Jasa Konsultansi Badan Usaha Konstruksi,Jasa Konsultansi Pengawasan Renovasi Ruang Pamapta Polres Sambas,SELESAI,19941150,19941150
KAB. SAMBAS,DINAS PEKERJAAN UMUM DAN PENATAAN RUANG - 1.03.0.00.0.00.01.0000,10830807000,65755629,2026,Non Tender,APBD,CV. TIARA UTAMA RATNA,Pengadaan Langsung,Pekerjaan Konstruksi,Peningkatan Jalan Desa Sungai Baru Kec. Teluk Keramat,SELESAI,399398808,399398808
KAB. SAMBAS,DINAS PEKERJAAN UMUM DAN PENATAAN RUANG - 1.03.0.00.0.00.01.0000,10813881000,64932625,2026,Non Tender,APBD,CV. PANJI ALAM,Pengadaan Langsung,Pekerjaan Konstruksi,Rehabilitasi Saluran Irigasi Desa Bukit Segoler Kec. Tebas,SELESAI,69794877,69794877
KAB. SAMBAS,"DINAS PERIKANAN, PETERNAKAN DAN KESEHATAN HEWAN - 3.25.3.27.0.00.02.0000",10862397000,67110497,2026,Non Tender,APBD,CV. KARYA BERSAUDARA,Pengadaan Langsung,Jasa Konsultansi Badan Usaha Konstruksi,Jasa Konsultansi Perencanaan Pembangunan Barau Batu Kali Jalan Menuju Kampung Nelayan Merah Putih Ds. Sungai Nyirih Kec. Selakau,SELESAI,7950268,7950268
KAB. SAMBAS,"DINAS PERIKANAN, PETERNAKAN DAN KESEHATAN HEWAN - 3.25.3.27.0.00.02.0000",10862312000,67110484,2026,Non Tender,APBD,CV. KARYA BERSAUDARA,Pengadaan Langsung,Jasa Konsultansi Badan Usaha Konstruksi,Jasa Konsultansi Perencanaan  Peningkatan Jalan Menuju Kampung Nelayan Merah Putih Ds. Sungai Nyirih Kec. Selakau,SELESAI,15976180,15976180
KAB. SAMBAS,"DINAS PERUMAHAN RAKYAT, KAWASAN PERMUKIMAN DAN LINGKUNGAN HIDUP - 2.11.1.03.1.04.04.0000",10808785000,66388919,2026,Non Tender,APBD,CV.SANG SAKA SEJATI,Pengadaan Langsung,Pekerjaan Konstruksi,Pembangunan Bak Penampungan Air Hujan (PAH) Desa Pancur Kecamatan Tangaran,SELESAI,148379000,148379000
KAB. SAMBAS,DINAS PENANAMAN MODAL DAN PELAYANAN TERPADU SATU PINTU - 2.18.0.00.0.00.23.0000,01KMYDXD1J2FA65P0M6E7WEW9A,67000074,2026,E-Katalog 6.0,APBD,SIMAT,E-Purchasing,Jasa Lainnya,"Penyedia Jasa Lainnya Perorangan (Tenaga Kebersihan, Tenaga Supir, Tenaga Keamanan, Tenaga Pramusaji)",ON PROCESS,15300000,15300000
KAB. SAMBAS,"DINAS PERUMAHAN RAKYAT, KAWASAN PERMUKIMAN DAN LINGKUNGAN HIDUP - 2.11.1.03.1.04.04.0000",10916647000,66389566,2026,Non Tender,APBD,CV. DEVIE RAHAYU,Pengadaan Langsung,Pekerjaan Konstruksi,Pengembangan Jaringan Distribusi dan Sambungan Rumah (SR) Desa Samustida Kec.Teluk Keramat,SELESAI,279120110,279120110
KAB. SAMBAS,DINAS SOSIAL KABUPATEN SAMBAS - 1.06.0.00.0.00.01.0000,01KS1P0Y6QSD7SBE8709NN3V5W,66449280,2026,E-Katalog 6.0,APBD,ANEKA MAKMUR SEJAHTERA,E-Purchasing,Barang,Belanja Modal Kendaraan Bermotor Beroda Dua,ON PROCESS,21350000,21350000
KAB. SAMBAS,DINAS PEKERJAAN UMUM DAN PENATAAN RUANG - 1.03.0.00.0.00.01.0000,10826434000,64932611,2026,Non Tender,APBD,CV ARTHA GRHA MANDIRI,Pengadaan Langsung,Pekerjaan Konstruksi,Rehabilitasi Saluran Dsn Semberang Desa Sumber Harapan Kec. Sambas,SELESAI,69636719,69636719
KAB. SAMBAS,DINAS PEKERJAAN UMUM DAN PENATAAN RUANG - 1.03.0.00.0.00.01.0000,10830838000,66171463,2026,Non Tender,APBD,CV. TRI NUSA ENGINEERING,Pengadaan Langsung,Jasa Konsultansi Badan Usaha Konstruksi,Jasa Konsultansi Perencanaan Renovasi Ruang Pamapta Polres Sambas,SELESAI,19704603,19704603
KAB. SAMBAS,SEKRETARIAT DAERAH - 4.01.5.06.0.00.01.0000,01KP84ZK5907WVPQ5W96ZKHXYK,66090182,2026,E-Katalog 6.0,APBD,SRI KURNIAWATI,E-Purchasing,Jasa Lainnya,JASA TENAGA KEAMANAN  DAN JASA TENAGA KEBERSIHAN  KANTOR YANG DITETAPKAN DENGAN SK KEPALA SKPD.,ON PROCESS,11700000,11700000
KAB. SAMBAS,DINAS KESEHATAN - 1.02.0.00.0.00.01.0000,01KQRG43XX0HS61E1AVXHG22TE,65578957,2026,E-Katalog 6.0,APBD,ERLANGGA EDI LABORATORIES,E-Purchasing,Barang,Belanja Obat-Obatan-Obat,ON PROCESS,156633024,156633024
KAB. SAMBAS,DINAS PENDIDIKAN DAN KEBUDAYAAN - 1.01.2.22.0.00.02.0000,10799830000,65283124,2026,Non Tender,APBD,NANA INSAN CONSULTANT,Pengadaan Langsung,Jasa Konsultansi Badan Usaha Konstruksi,Belanja Konsultansi Perencanaan Rehabilitasi Ruang Kelas SDN 43 Pinang Merah Kec. Teluk Keramat,SELESAI,7960000,7960000
KAB. SAMBAS,"DINAS PERIKANAN, PETERNAKAN DAN KESEHATAN HEWAN - 3.25.3.27.0.00.02.0000",10853745000,65992025,2026,Non Tender,APBD,CV.SANG SAKA SEJATI,Pengadaan Langsung,Pengadaan Barang,Pengadaan Pakan di Balai Benih Ikan Balai Benih,SELESAI,99295000,99295000
KAB. SAMBAS,DINAS PEKERJAAN UMUM DAN PENATAAN RUANG - 1.03.0.00.0.00.01.0000,10928192000,67277250,2026,Non Tender,APBD,CV.DATOK TELE BANGKIT,Pengadaan Langsung,Pekerjaan Konstruksi,Normalisasi Sungai/Saluran Desa Sungai Rambah Kec. Sambas,SELESAI,87339861,87339861
KAB. SAMBAS,"DINAS PERUMAHAN RAKYAT, KAWASAN PERMUKIMAN DAN LINGKUNGAN HIDUP - 2.11.1.03.1.04.04.0000",10916659000,66389564,2026,Non Tender,APBD,CV. CANDRA OPTIMA,Pengadaan Langsung,Pekerjaan Konstruksi,Pengembangan Jaringan Distribusi dan Sambungan Rumah (SR) Desa Sungai Palah Kec.Galing,SELESAI,278724334,278724334
KAB. SAMBAS,DINAS PENDIDIKAN DAN KEBUDAYAAN - 1.01.2.22.0.00.02.0000,10924967000,64989326,2026,Non Tender,APBD,CV. KARYA BERSAUDARA,Pengadaan Langsung,Jasa Konsultansi Badan Usaha Konstruksi,Konsultansi Pengawasan Pembangunan Pagar PAUD Ds. Sebayan Dsn. Senyawan,SELESAI,3576000,3576000
KAB. SAMBAS,SEKRETARIAT DAERAH - 4.01.5.06.0.00.01.0000,01KNR2EQZDRMQJ7B15HHW87CSE,66614474,2026,E-Katalog 6.0,APBD,ADI SARANA ARMADA,E-Purchasing,Jasa Lainnya,Sewa Mobil Operasional Kendaraan Dinas,ON PROCESS,157176000,157176000
KAB. SAMBAS,RSUD SAMBAS - 1.02.0.00.0.00.01.0030,01KRZ42G2C9K4SJH8CH3Z8DXM7,64773841,2026,E-Katalog 6.0,APBD,INTI SIGMA PRATAMA,E-Purchasing,Barang,Belanja Bahan-Bahan Lainnya,ON PROCESS,48666165,0
KAB. SAMBAS,"DINAS PERUMAHAN RAKYAT, KAWASAN PERMUKIMAN DAN LINGKUNGAN HIDUP - 2.11.1.03.1.04.04.0000",10833807000,66388889,2026,Non Tender,APBD,CV. RAIHAN KONSULTAN,Pengadaan Langsung,Jasa Konsultansi Badan Usaha Konstruksi,Konsultan Pengawasan Pembangunan SPAM Bukan Jaringan Perpipaan Paket IV,SELESAI,44790720,44790720
KAB. SAMBAS,"DINAS PERUMAHAN RAKYAT, KAWASAN PERMUKIMAN DAN LINGKUNGAN HIDUP - 2.11.1.03.1.04.04.0000",10873280000,67147306,2026,Non Tender,APBD,CV.RIZHARY PRATAMA KONSULTAN,Pengadaan Langsung,Jasa Konsultansi Badan Usaha Konstruksi,Jasa Konsultansi Perencanaan SPALDS,SELESAI,29736900,29736900
KAB. SAMBAS,DINAS PEKERJAAN UMUM DAN PENATAAN RUANG - 1.03.0.00.0.00.01.0000,10883637000,66403832,2026,Non Tender,APBD,CV. KURNIA INDAH LESTARI,Pengadaan Langsung,Pekerjaan Konstruksi,Penataan Lingkungan Kantor Camat Tekarang,SELESAI,59899727,59899727
KAB. SAMBAS,DINAS PERTANIAN DAN KETAHANAN PANGAN - 2.09.3.27.0.00.02.0000,10918336000,66687161,2026,Non Tender,APBD,CV. SURYA PERDANA,Pengadaan Langsung,Pekerjaan Konstruksi,"Pembangunan, Rehabilitasi Tata Air Mikro Desa Sarilaba A Kecamatan Jawai Selatan",SELESAI,285595013,285595013
KAB. SAMBAS,DINAS PENDIDIKAN DAN KEBUDAYAAN - 1.01.2.22.0.00.02.0000,10877731000,65185563,2026,Non Tender,APBD,CV. KARYA BERSAUDARA,Pengadaan Langsung,Jasa Konsultansi Badan Usaha Konstruksi,Belanja Jasa Konsultansi Pengawasan Paving Block SDN 18 Senturang Kec. Tebas,SELESAI,5182590,5182590
KAB. SAMBAS,SATUAN POLISI PAMONG PRAJA - 1.05.0.00.0.00.01.0000,01KN6MY9CG0PHDJZ5T83STJXXG,66578330,2026,E-Katalog 6.0,APBD,SURYA IRFANSYAH,E-Purchasing,Jasa Lainnya,Belanja Jasa Yang Diberikan Kepada Pihak Ketiga/Pihak Lain,ON PROCESS,12150000,12150000
KAB. SAMBAS,DINAS PENDIDIKAN DAN KEBUDAYAAN - 1.01.2.22.0.00.02.0000,10855029000,65283113,2026,Non Tender,APBD,CV. KARYA BERSAUDARA,Pengadaan Langsung,Jasa Konsultansi Badan Usaha Konstruksi,Belanja Konsultansi Pengawasan Keramik Halaman Ruang Kelas SDN 20 Parit Cegat Kec. Sejangkung,SELESAI,2386500,2386500
KAB. SAMBAS,"DINAS PERUMAHAN RAKYAT, KAWASAN PERMUKIMAN DAN LINGKUNGAN HIDUP - 2.11.1.03.1.04.04.0000",10845070000,66389594,2026,Non Tender,APBD,SANGGA BHUMI KONSTRUKSI,Pengadaan Langsung,Jasa Konsultansi Badan Usaha Konstruksi,Konsultan Perencanaan Perluasan SPAM Jaringan Perpipaan Paket VI,SELESAI,42124500,42124500
KAB. SAMBAS,RSUD PEMANGKAT - 1.02.0.00.0.00.01.0029,01KQ7JT3KB6BAAC71RTJ6M2RET,65093976,2026,E-Katalog 6.0,APBD,MENARA MEDIKA PRATAMA,E-Purchasing,Barang,Pengadaan BMHP Rumah Sakit,ON PROCESS,19818400,19818400
KAB. SAMBAS,DINAS PEKERJAAN UMUM DAN PENATAAN RUANG - 1.03.0.00.0.00.01.0000,10892308000,64932069,2026,Non Tender,APBD,CV. VIVI,Pengadaan Langsung,Pekerjaan Konstruksi,Peningkatan Lingkungan Koramil 1208-07/Teluk Keramat,SELESAI,79822546,79822546
KAB. SAMBAS,DINAS KOMUNIKASI DAN INFORMATIKA - 2.16.2.20.2.21.01.0000,01KV05XXWAPVJY9WXR9GN3AQXG,66930214,2026,E-Katalog 6.0,APBD,ASTRA INTERNATIONAL - Honda Sales Operation,E-Purchasing,Barang,Belanja Modal Kendaraan Bermotor Beroda Dua,ON PROCESS,30229999,30229999
KAB. SAMBAS,DINAS PEKERJAAN UMUM DAN PENATAAN RUANG - 1.03.0.00.0.00.01.0000,10804844000,64932148,2026,Non Tender,APBD,CV. Citra Stapaka Sejahtera,Pengadaan Langsung,Jasa Konsultansi Badan Usaha Konstruksi,Jasa Konsultansi Perencanaan (Paket III),SELESAI,49666950,49666950
KAB. SAMBAS,DINAS PEKERJAAN UMUM DAN PENATAAN RUANG - 1.03.0.00.0.00.01.0000,10871396000,64932149,2026,Non Tender,APBD,CV. Citra Stapaka Sejahtera,Pengadaan Langsung,Jasa Konsultansi Badan Usaha Konstruksi,Jasa Konsultansi Pengawasan (Paket I),SELESAI,39815700,39815700
KAB. SAMBAS,DINAS PEKERJAAN UMUM DAN PENATAAN RUANG - 1.03.0.00.0.00.01.0000,10868361000,64932163,2026,Non Tender,APBD,CV GALUH SAVITRI,Pengadaan Langsung,Pekerjaan Konstruksi,Pemeliharaan Saluran Desa Tempapan Hulu Kec. Galing,SELESAI,179784167,179784167
KAB. SAMBAS,DINAS PEKERJAAN UMUM DAN PENATAAN RUANG - 1.03.0.00.0.00.01.0000,10888460000,64932078,2026,Non Tender,APBD,Cv. Sigma Nusantara Konsultan,Pengadaan Langsung,Jasa Konsultansi Badan Usaha Konstruksi,Jasa Konsultansi Pengawasan Penataan Bangunan dan Lingkungan Gedung Kantor Pemerintah I,SELESAI,14985000,14985000
KAB. SAMBAS,SEKRETARIAT DAERAH - 4.01.5.06.0.00.01.0000,01KN3ER1MHX4X74PKVN44A427S,66090182,2026,E-Katalog 6.0,APBD,PUPUT MELATI,E-Purchasing,Jasa Lainnya,JASA TENAGA KEAMANAN  DAN JASA TENAGA KEBERSIHAN  KANTOR YANG DITETAPKAN DENGAN SK KEPALA SKPD.,ON PROCESS,11700000,11700000
KAB. SAMBAS,DINAS PEKERJAAN UMUM DAN PENATAAN RUANG - 1.03.0.00.0.00.01.0000,10864467000,65755663;65755665,2026,Non Tender,APBD,"CV. PUTRA WINATA AL""BARA",Pengadaan Langsung,Pekerjaan Konstruksi,Peningkatan Jalan Desa Dungun Laut Kec. Jawai,SELESAI,145948845,145948845
KAB. SAMBAS,DINAS PEKERJAAN UMUM DAN PENATAAN RUANG - 1.03.0.00.0.00.01.0000,10905838000,67284481,2026,Non Tender,APBD,CV. DW KREASI KONSULTAN,Pengadaan Langsung,Jasa Konsultansi Badan Usaha Konstruksi,Jasa Konsultansi Pengawasan Peningkatan Jalan Poros Desa Paket XV,SELESAI,48936492,48936492
KAB. SAMBAS,DINAS PEKERJAAN UMUM DAN PENATAAN RUANG - 1.03.0.00.0.00.01.0000,10804318000,64900270,2026,Non Tender,APBD,CV. RAIHAN KONSULTAN,Pengadaan Langsung,Jasa Konsultansi Badan Usaha Konstruksi,Jasa Konsultansi Perencanaan (Belanja Modal-Paket I),SELESAI,14771325,14771325
KAB. SAMBAS,"DINAS PERUMAHAN RAKYAT, KAWASAN PERMUKIMAN DAN LINGKUNGAN HIDUP - 2.11.1.03.1.04.04.0000",10835129000,66388974,2026,Non Tender,APBD,CV. MUTIARA SAMBAS,Pengadaan Langsung,Pekerjaan Konstruksi,Pembangunan Sumur Bor Dusun Sumur Timur Desa Sei.Nyirih Kec.Jawai,SELESAI,104838000,104838000
KAB. SAMBAS,DINAS PEKERJAAN UMUM DAN PENATAAN RUANG - 1.03.0.00.0.00.01.0000,10865379000,65755404,2026,Non Tender,APBD,CV.DATOK TELE BANGKIT,Pengadaan Langsung,Pekerjaan Konstruksi,Peningkatan Jalan Desa Sebubus Dusun Cermai Kec. Paloh,SELESAI,173780691,173780691
KAB. SAMBAS,RSUD TELUK KERAMAT - 1.02.0.00.0.00.01.0031,01KNGXB8R2ST395SKR2KCWA34Z,65712429,2026,E-Katalog 6.0,APBD,DEXA MEDICA,E-Purchasing,Barang,Belanja Obat-Obatan-Obat,ON PROCESS,55205511,55205511
KAB. SAMBAS,DINAS PEKERJAAN UMUM DAN PENATAAN RUANG - 1.03.0.00.0.00.01.0000,10824749000,65766818,2026,Non Tender,APBD,CV. HORAS,Pengadaan Langsung,Pekerjaan Konstruksi,Pemeliharaan Berkala Jalan Ds. Sekura Kecamatan Teluk Keramat,SELESAI,399352324,399352324
KAB. SAMBAS,"DINAS PERIKANAN, PETERNAKAN DAN KESEHATAN HEWAN - 3.25.3.27.0.00.02.0000",10912759000,67319347,2026,Non Tender,APBD,CV.ARYA RISKI,Pengadaan Langsung,Pengadaan Barang,Pengadaan Gillnet 100x100 Ds. Penjajap Kec. Pemangkat,SELESAI,178987500,178987500
KAB. SAMBAS,SATUAN POLISI PAMONG PRAJA - 1.05.0.00.0.00.01.0000,01KN6KS961K1Y335B6CE44WBBM,66578330,2026,E-Katalog 6.0,APBD,WILLIYEM ADETIYA DESRICK,E-Purchasing,Jasa Lainnya,Belanja Jasa Yang Diberikan Kepada Pihak Ketiga/Pihak Lain,ON PROCESS,12150000,12150000
KAB. SAMBAS,SEKRETARIAT DAERAH - 4.01.5.06.0.00.01.0000,01KN3EV8V7ZCDRR61N0J3K33SV,66090182,2026,E-Katalog 6.0,APBD,RENDI AGUS SUSANTO ,E-Purchasing,Jasa Lainnya,JASA TENAGA KEAMANAN  DAN JASA TENAGA KEBERSIHAN  KANTOR YANG DITETAPKAN DENGAN SK KEPALA SKPD.,ON PROCESS,11700000,11700000
KAB. SAMBAS,BADAN KESATUAN BANGSA DAN POLITIK KABUPATEN SAMBAS - 8.01.0.00.0.00.01.0000,01KV05QWYEE3BPEZ93AFG0974E,65664376,2026,E-Katalog 6.0,APBD,ASTRA INTERNATIONAL - Honda Sales Operation,E-Purchasing,Pekerjaan Konstruksi,Belanja Modal Kendaraan Bermotor Beroda Dua,ON PROCESS,26160000,26160000
KAB. SAMBAS,DINAS PEKERJAAN UMUM DAN PENATAAN RUANG - 1.03.0.00.0.00.01.0000,10872278000,65755376,2026,Non Tender,APBD,CV. ERTIGA ABADI,Pengadaan Langsung,Pekerjaan Konstruksi,Peningkatan Jalan Desa Sajingangan Kecil - Desa Senujuh Kec. Sajingan/Sejangkung,SELESAI,399346549,399346549
KAB. SAMBAS,"DINAS PERUMAHAN RAKYAT, KAWASAN PERMUKIMAN DAN LINGKUNGAN HIDUP - 2.11.1.03.1.04.04.0000",10809355000,66388921,2026,Non Tender,APBD,CV. SUMBER BINA SEJATI,Pengadaan Langsung,Pekerjaan Konstruksi,Pembangunan Bak Penampungan Air Hujan (PAH) Desa Sepadu Kecamatan Teluk Keramat I,SELESAI,148558000,148558000
KAB. SAMBAS,DINAS SOSIAL KABUPATEN SAMBAS - 1.06.0.00.0.00.01.0000,01KQVFSAGWZMF3XNWC465T3BYT,66859781,2026,E-Katalog 6.0,APBD,ASROBI,E-Purchasing,Jasa Lainnya,Belanja Jasa yang Diberikan kepada Pihak Ketiga/Pihak Lain,ON PROCESS,10400000,10400000
KAB. SAMBAS,DINAS PEKERJAAN UMUM DAN PENATAAN RUANG - 1.03.0.00.0.00.01.0000,10893890000,66979321,2026,Non Tender,APBD,CV. INDRA EKARSA,Penunjukan Langsung,Jasa Konsultansi Badan Usaha Konstruksi,Jasa Konsultansi Pengawasan Peningkatan Jalan Poros Desa Paket IX,SELESAI,173887050,173887050
KAB. SAMBAS,DINAS PEKERJAAN UMUM DAN PENATAAN RUANG - 1.03.0.00.0.00.01.0000,10864078000,65755378;65755379;65755380;65755393;65755419;65755420;65755661,2026,Non Tender,APBD,CV ARTHA GRHA MANDIRI,Pengadaan Langsung,Pekerjaan Konstruksi,"Peningkatan Jalan Desa SB. Usrat, Desa SB. Kuala, Desa SB. Danau, Desa Lambau, Desa Sui Nyirih dan Desa Pelimpaan  Kec. Jawai",SELESAI,353846658,353846658
KAB. SAMBAS,SEKRETARIAT DAERAH - 4.01.5.06.0.00.01.0000,10885981000,66088735,2026,Non Tender,APBD,Cv. Sigma Nusantara Konsultan,Pengadaan Langsung,Jasa Konsultansi Badan Usaha Konstruksi,Jasa Konsultansi Perencanaan,SELESAI,20990324,20990324
KAB. SAMBAS,"DINAS PERUMAHAN RAKYAT, KAWASAN PERMUKIMAN DAN LINGKUNGAN HIDUP - 2.11.1.03.1.04.04.0000",10919435000,66389605,2026,Non Tender,APBD,CV. Karya Mandiri,Pengadaan Langsung,Pekerjaan Konstruksi,Pengembangan Jaringan Distribusi dan Sambungan Rumah (SR) Desa Tri Kembang Kec.Galing,SELESAI,278593922,278593922
KAB. SAMBAS,DINAS PEKERJAAN UMUM DAN PENATAAN RUANG - 1.03.0.00.0.00.01.0000,10828905000,64900291,2026,Non Tender,APBD,CV.RIZHARY PRATAMA KONSULTAN,Pengadaan Langsung,Jasa Konsultansi Badan Usaha Konstruksi,Survey dan lnventarisasi Air Baku di Kecamatan  Selakau,SELESAI,97791000,97791000
KAB. SAMBAS,RSUD TELUK KERAMAT - 1.02.0.00.0.00.01.0031,01KNGYM1NQ2KKY8CXC8NREK3YW,65712429,2026,E-Katalog 6.0,APBD,DEXA MEDICA,E-Purchasing,Barang,Belanja Obat-Obatan-Obat,ON PROCESS,1593627,1593627
KAB. SAMBAS,DINAS PENDIDIKAN DAN KEBUDAYAAN - 1.01.2.22.0.00.02.0000,01KNM2M9709T03T4A93NHJKB8Y,66817626,2026,E-Katalog 6.0,APBD,ARDIAN,E-Purchasing,Jasa Lainnya,Belanja Jasa yang Diberikan kepada Pihak Ketiga/Pihak Lain,ON PROCESS,17307837,17307837
KAB. SAMBAS,"DINAS PERUMAHAN RAKYAT, KAWASAN PERMUKIMAN DAN LINGKUNGAN HIDUP - 2.11.1.03.1.04.04.0000",10835086000,66611259,2026,Non Tender,APBD,cv.usaha prima abadi,Pengadaan Langsung,Pekerjaan Konstruksi,Pembangunan Sumur Bor Desa Sempadian dan Desa Merubung Kec.Tekarang,SELESAI,139788000,139788000
KAB. SAMBAS,DINAS PERTANIAN DAN KETAHANAN PANGAN - 2.09.3.27.0.00.02.0000,10803269000,66296741,2026,Non Tender,APBD,CV. TRI NUSA ENGINEERING,Pengadaan Langsung,Jasa Konsultansi Badan Usaha Konstruksi,"Perencanaan Pembangunan, Rehabilitasi, JUT/JAPROD Paket 1",SELESAI,87682896,87682896
KAB. SAMBAS,"DINAS PERUMAHAN RAKYAT, KAWASAN PERMUKIMAN DAN LINGKUNGAN HIDUP - 2.11.1.03.1.04.04.0000",10809529000,66388908,2026,Non Tender,APBD,CV.TANJUNG HARAPAN UTAMA,Pengadaan Langsung,Pekerjaan Konstruksi,Pembangunan Bak Penampungan Air Hujan (PAH) Desa Trimandayan Kecamatan Teluk Keramat,SELESAI,148561000,148561000
KAB. SAMBAS,DINAS PEKERJAAN UMUM DAN PENATAAN RUANG - 1.03.0.00.0.00.01.0000,10824078000,66867954,2026,Non Tender,APBD,CV. GEOPORTAL ENGINEERING,Pengadaan Langsung,Jasa Konsultansi Badan Usaha Konstruksi,Jasa Konsultansi Perencanaan Penataan Lingkungan Kantor Kejaksaan Negeri Sambas,SELESAI,84750000,84750000
KAB. SAMBAS,DINAS PEKERJAAN UMUM DAN PENATAAN RUANG - 1.03.0.00.0.00.01.0000,10824338000,66171461,2026,Non Tender,APBD,CV. TRI NUSA ENGINEERING,Pengadaan Langsung,Jasa Konsultansi Badan Usaha Konstruksi,Jasa Konsultansi Perencanaan Rehabilitasi Gedung Kantor Pemerintah III,SELESAI,39604800,39604800
KAB. SAMBAS,"DINAS KOPERASI, USAHA KECIL MENENGAH, PERINDUSTRIAN DAN PERDAGANGAN - 2.17.3.31.3.30.07.0000",01KGE6VA6CJZAT10WGNP6CVTVB,64790708,2026,E-Katalog 6.0,APBD,MEDIATAMA BINAKREASI,E-Purchasing,Jasa Lainnya,Belanja Sewa Bangunan Terbuka,ON PROCESS,39499999,39499999
KAB. SAMBAS,DINAS KESEHATAN - 1.02.0.00.0.00.01.0000,01KS480XJKSTKP6YEKQ4C8QVDG,65579141,2026,E-Katalog 6.0,APBD,MAKMUR JAYA HEALTHINDO,E-Purchasing,Barang,Belanja Bahan-Bahan Lainnya,ON PROCESS,204407099,204407099
KAB. SAMBAS,DINAS PEKERJAAN UMUM DAN PENATAAN RUANG - 1.03.0.00.0.00.01.0000,10879075000,65755586;65755587;65755605,2026,Non Tender,APBD,CV.SANG SAKA SEJATI,Pengadaan Langsung,Pekerjaan Konstruksi,Peningkatan Jalan Desa Tangaran dan Desa Merabuan Kec. Tangaran,SELESAI,360289775,360289775
KAB. SAMBAS,DINAS PEKERJAAN UMUM DAN PENATAAN RUANG - 1.03.0.00.0.00.01.0000,10819084000,64932560,2026,Non Tender,APBD,DAFFANDRA POROSTUDIO,Pengadaan Langsung,Jasa Konsultansi Badan Usaha Konstruksi,Perencanaan Teknis / Detail Desain DIR Semparuk,SELESAI,99267300,99267300
KAB. SAMBAS,DINAS PEKERJAAN UMUM DAN PENATAAN RUANG - 1.03.0.00.0.00.01.0000,10877039000,65766820,2026,Non Tender,APBD,CV. PENA DISAIN KONSULTAN,Pengadaan Langsung,Jasa Konsultansi Badan Usaha Konstruksi,Jasa Konsultansi Pengawasan Pemeliharaan Berkala Jalan Kabupaten Paket I,SELESAI,89848906,89848906
KAB. SAMBAS,DINAS PEKERJAAN UMUM DAN PENATAAN RUANG - 1.03.0.00.0.00.01.0000,10810736000,66550688,2026,Non Tender,APBD,cv. sebukit indah,Pengadaan Langsung,Pekerjaan Konstruksi,Normalisasi Sungai/Saluran Dsn Sebatuk Desa Tebing Batu Kec. Sebawi dan Normalisasi Sungai/Saluran Dsn Tebing Rubuh Desa Tebing Batu Kec. Sebawi,SELESAI,349427223,349427223
KAB. SAMBAS,BADAN KEUANGAN DAERAH - 5.02.0.00.0.00.02.0000,01KN40QRNNJZ5JEFJ6KAKMYK00,66870141,2026,E-Katalog 6.0,APBD,HAZURA A,E-Purchasing,Jasa Lainnya,Belanja Jasa yang diberikan kepada pihak ketiga/pihak lain,ON PROCESS,12852000,12852000
KAB. SAMBAS,DINAS PEKERJAAN UMUM DAN PENATAAN RUANG - 1.03.0.00.0.00.01.0000,10864054000,65766626;65766627;65766735,2026,Non Tender,APBD,CV. ADELIA SEJAHTERA,Pengadaan Langsung,Pekerjaan Konstruksi,"Pembangunan Turap Desa Puringan, Desa Sungai Baru, Desa Belimang Kec. Teluk Keramat",SELESAI,260658315,260658315
KAB. SAMBAS,DINAS PERTANIAN DAN KETAHANAN PANGAN - 2.09.3.27.0.00.02.0000,10846161000,66706785,2026,Non Tender,APBD,CV. KARYA ABADI BERSAMA,Pengadaan Langsung,Pekerjaan Konstruksi,"Pembangunan, Rehabilitasi Tata Air Mikro Desa Semparuk Kecamatan Semparuk",SELESAI,175654000,175654000
KAB. SAMBAS,DINAS PEKERJAAN UMUM DAN PENATAAN RUANG - 1.03.0.00.0.00.01.0000,10110954000,62856873,2026,Tender,APBD,pt. bumi karya primamakmur,Tender,Pekerjaan Konstruksi,Penanganan Long Segment Jalan Penjajap Timur Kec. Pemangkat,SELESAI,4232308656,4232308656
KAB. SAMBAS,SEKRETARIAT DAERAH - 4.01.5.06.0.00.01.0000,10885976000,66088750,2026,Non Tender,APBD,CV. GEOPORTAL ENGINEERING,Pengadaan Langsung,Jasa Konsultansi Badan Usaha Konstruksi,Jasa Konsultansi Perencanaan,SELESAI,23911029,23911029
KAB. SAMBAS,SATUAN POLISI PAMONG PRAJA - 1.05.0.00.0.00.01.0000,01KN6M5W8C23V1MVA5XJTYH5R5,66578330,2026,E-Katalog 6.0,APBD,VICKY ARMANDA,E-Purchasing,Jasa Lainnya,Belanja Jasa Yang Diberikan Kepada Pihak Ketiga/Pihak Lain,ON PROCESS,12150000,12150000
KAB. SAMBAS,SEKRETARIAT DAERAH - 4.01.5.06.0.00.01.0000,01KN3EG2YM7CM8RXPE7EM2CCTZ,66090182,2026,E-Katalog 6.0,APBD,ISA MAHENDRA,E-Purchasing,Jasa Lainnya,JASA TENAGA KEAMANAN  DAN JASA TENAGA KEBERSIHAN  KANTOR YANG DITETAPKAN DENGAN SK KEPALA SKPD.,ON PROCESS,11700000,11700000
KAB. SAMBAS,RSUD SAMBAS - 1.02.0.00.0.00.01.0030,01KNATDQ4REQ8CJCJ8ASFZ6FKD,64773848,2026,E-Katalog 6.0,APBD,PERUSAHAAN PERSEROAN (PERSERO) PT KIMIA FARMA,E-Purchasing,Barang,Belanja Barang dan Jasa BLUD,ON PROCESS,150500016,0
KAB. SAMBAS,"DINAS PERUMAHAN RAKYAT, KAWASAN PERMUKIMAN DAN LINGKUNGAN HIDUP - 2.11.1.03.1.04.04.0000",10816050000,66822135,2026,Non Tender,APBD,CV. Sientama Khatulistiwa Konsultan,Pengadaan Langsung,Jasa Konsultansi Badan Usaha Konstruksi,[ # ] Perbaikan PSU untuk Menunjang Fungsi Hunian Paket 16 - Jasa Konsultansi Perencanaan,SELESAI,59564000,59564000
KAB. SAMBAS,DINAS PEKERJAAN UMUM DAN PENATAAN RUANG - 1.03.0.00.0.00.01.0000,10830708000,66470999,2026,Non Tender,APBD,CV. GEOPORTAL ENGINEERING,Pengadaan Langsung,Jasa Konsultansi Badan Usaha Konstruksi,Pendataan Gedung Kantor Kecamatan Tebas dan Kecamatan Sebawi,SELESAI,49890000,49890000
KAB. SAMBAS,DINAS PEKERJAAN UMUM DAN PENATAAN RUANG - 1.03.0.00.0.00.01.0000,10814640000,64900268,2026,Non Tender,APBD,CV. PILAR HUTAMA DESAIN,Pengadaan Langsung,Jasa Konsultansi Badan Usaha Konstruksi,Jasa Konsultansi Pengawasan (Paket V),SELESAI,29811270,29811270
KAB. SAMBAS,RSUD PEMANGKAT - 1.02.0.00.0.00.01.0029,01KPW927H9QP41929SCF72E1B2,65094744,2026,E-Katalog 6.0,APBD,OPTIMA MANDIRI GLOBALINDO,E-Purchasing,Barang,Belanja Barang dan Jasa BLUD,ON PROCESS,208448010,208448010
KAB. SAMBAS,SEKRETARIAT DPRD - 4.02.0.00.0.00.01.0000,01KQERF8QH4KW13NSP9XC52D3R,67014788,2026,E-Katalog 6.0,APBD,FAJAR SANTOSO,E-Purchasing,Jasa Lainnya,Belanja Jasa yang Diberikan kepada Pihak Ketiga/Pihak Lain,ON PROCESS,14400000,14400000
KAB. SAMBAS,DINAS KESEHATAN - 1.02.0.00.0.00.01.0000,01KPAC3SY5RSKBYGCPCAA6XDQX,65578957,2026,E-Katalog 6.0,APBD,SATORIA ANEKA INDUSTRI,E-Purchasing,Barang,Belanja Obat-Obatan-Obat,ON PROCESS,253596283,253596283
KAB. SAMBAS,"DINAS PERIKANAN, PETERNAKAN DAN KESEHATAN HEWAN - 3.25.3.27.0.00.02.0000",10892834000,66899663,2026,Non Tender,APBD,CV. AL GHIFARI,Pengadaan Langsung,Pengadaan Barang,"Gemarikan Promosi, Event dan/atau Publikasi Perikanan Lainnya",SELESAI,41771280,41771280
KAB. SAMBAS,RSUD SAMBAS - 1.02.0.00.0.00.01.0030,01KK09MM6MK8DV0BX2YEG0WX0T,64773848,2026,E-Katalog 6.0,APBD,GE OPERATIONS INDONESIA,E-Purchasing,Barang,Belanja Barang dan Jasa BLUD,ON PROCESS,491230113,491230113
KAB. SAMBAS,DINAS PEKERJAAN UMUM DAN PENATAAN RUANG - 1.03.0.00.0.00.01.0000,10876573000,64932683,2026,Non Tender,APBD,CV PUTRA DUNGUN,Pengadaan Langsung,Pekerjaan Konstruksi,Rehabilitasi Saluran Desa Piantus Kec. Sejangkung,SELESAI,69648161,69648161
KAB. SAMBAS,DINAS PEKERJAAN UMUM DAN PENATAAN RUANG - 1.03.0.00.0.00.01.0000,10819055000,64932563,2026,Non Tender,APBD,CV. ERA JAYA UTAMA,Pengadaan Langsung,Jasa Konsultansi Badan Usaha Konstruksi,Perencanaan Teknis / Detail Desain DIR Sungai Toman,SELESAI,99714630,99714630
KAB. SAMBAS,DINAS PEKERJAAN UMUM DAN PENATAAN RUANG - 1.03.0.00.0.00.01.0000,10878956000,65755302;65755308;65755600,2026,Non Tender,APBD,CV. SUMBER BINA SEJATI,Pengadaan Langsung,Pekerjaan Konstruksi,Peningkatan Jalan Desa Arung Medang dan Desa Tangaran Kec. Tangaran,SELESAI,350716044,350716044
KAB. SAMBAS,SEKRETARIAT DAERAH - 4.01.5.06.0.00.01.0000,01KMMG7D810C8JCK04WYBQYRXC,66615300,2026,E-Katalog 6.0,APBD,FATHURRAHMAN AL-ABROR,E-Purchasing,Jasa Lainnya,"Jasa Tenaga Alihdaya (Tenaga Kebersihan, Tenaga Supir, Tenaga Keamanan, Tenaga Pramusaji)",ON PROCESS,14523534,14523534
KAB. SAMBAS,DINAS PEKERJAAN UMUM DAN PENATAAN RUANG - 1.03.0.00.0.00.01.0000,10868370000,64932151,2026,Non Tender,APBD,CV. MUTIARA SAMBAS,Pengadaan Langsung,Pekerjaan Konstruksi,Pemeliharaan Saluran Desa Sungai Kumpai Kec. Teluk Keramat,SELESAI,188766394,188766394
KAB. SAMBAS,DINAS PEKERJAAN UMUM DAN PENATAAN RUANG - 1.03.0.00.0.00.01.0000,10843785000,64900409,2026,Non Tender,APBD,cv. karya abadi,Pengadaan Langsung,Pekerjaan Konstruksi,Normalisasi Sungai/Saluran Desa Singa Raya Kec. Semparuk,SELESAI,179704926,179704926
KAB. SAMBAS,"DINAS PERUMAHAN RAKYAT, KAWASAN PERMUKIMAN DAN LINGKUNGAN HIDUP - 2.11.1.03.1.04.04.0000",10833808000,66388883,2026,Non Tender,APBD,CV.RIZHARY PRATAMA KONSULTAN,Pengadaan Langsung,Jasa Konsultansi Badan Usaha Konstruksi,Konsultan Pengawasan Pembangunan SPAM Bukan Jaringan Perpipaan Paket V,SELESAI,44757420,44757420
KAB. SAMBAS,"DINAS PERUMAHAN RAKYAT, KAWASAN PERMUKIMAN DAN LINGKUNGAN HIDUP - 2.11.1.03.1.04.04.0000",10919642000,66389596,2026,Non Tender,APBD,CV. NUWANSA INOVASI,Pengadaan Langsung,Jasa Konsultansi Badan Usaha Konstruksi,Konsultan Pengawasan Perluasan SPAM Jaringan Perpipaan Paket I (DAK),SELESAI,94829076,94829076
KAB. SAMBAS,DINAS PERHUBUNGAN - 2.15.0.00.0.00.01.0000,10842271000,65912396,2026,Non Tender,APBD,PT ANISHA PUTRA KENCANA,Pengadaan Langsung,Jasa Konsultansi Badan Usaha Konstruksi,Konsultan Perencanaan Pengadaan Penerangan Jalan (PJU) Paket II,SELESAI,79792905,79792905
KAB. SAMBAS,SEKRETARIAT DAERAH - 4.01.5.06.0.00.01.0000,10885974000,66088751,2026,Non Tender,APBD,cv. almeera borneo engineer,Pengadaan Langsung,Jasa Konsultansi Badan Usaha Konstruksi,Jasa Konsultansi Perencanaan,SELESAI,18987727,18987727
KAB. SAMBAS,DINAS PENDIDIKAN DAN KEBUDAYAAN - 1.01.2.22.0.00.02.0000,10861985000,66986466,2026,Non Tender,APBD,SARANA KARYA SEJAHTERA,Pengadaan Langsung,Jasa Konsultansi Badan Usaha Konstruksi,Jasa Konsultansi Perencanaan Pengembangan Cagar Budaya,SELESAI,22669977,22669977
KAB. SAMBAS,DINAS PEKERJAAN UMUM DAN PENATAAN RUANG - 1.03.0.00.0.00.01.0000,10816961000,64932577,2026,Non Tender,APBD,CV.RIZHARY PRATAMA KONSULTAN,Pengadaan Langsung,Jasa Konsultansi Badan Usaha Konstruksi,Perencanaan Teknis / Detail Desain DIR Kalimantan,SELESAI,99755700,99755700
KAB. SAMBAS,DINAS PEKERJAAN UMUM DAN PENATAAN RUANG - 1.03.0.00.0.00.01.0000,10883527000,64932082,2026,Non Tender,APBD,CV. SABANDARI,Pengadaan Langsung,Pekerjaan Konstruksi,Penataan Halaman Dinas Kumindag Kab. Sambas,SELESAI,139834761,139834761
KAB. SAMBAS,"DINAS PERUMAHAN RAKYAT, KAWASAN PERMUKIMAN DAN LINGKUNGAN HIDUP - 2.11.1.03.1.04.04.0000",10816052000,66388978,2026,Non Tender,APBD,CV RIZKINDO KONSULTAN,Pengadaan Langsung,Jasa Konsultansi Badan Usaha Konstruksi,Konsultan Pengawasan Pembangunan SPAM Bukan Jaringan Perpipaan Paket I,SELESAI,44457720,44457720
KAB. SAMBAS,"DINAS KOPERASI, USAHA KECIL MENENGAH, PERINDUSTRIAN DAN PERDAGANGAN - 2.17.3.31.3.30.07.0000",01KN0N30E2MQ4YMYCV8N9VCBJ5,66542032,2026,E-Katalog 6.0,APBD,SYAFITRI,E-Purchasing,Jasa Lainnya,Belanja Jasa yang Diberikan kepada Pihak Ketiga/Pihak Lain,ON PROCESS,16200000,16200000
KAB. SAMBAS,RSUD PEMANGKAT - 1.02.0.00.0.00.01.0029,01KRAMJQV7V2X139ARXJKDR9GK,65093976,2026,E-Katalog 6.0,APBD,DWICENTRA CAHAYA WIGUNA,E-Purchasing,Barang,Pengadaan BMHP Rumah Sakit,ON PROCESS,186231754,186231754
KAB. SAMBAS,SEKRETARIAT DAERAH - 4.01.5.06.0.00.01.0000,10885970000,66088754,2026,Non Tender,APBD,CV. GEOPORTAL ENGINEERING,Pengadaan Langsung,Jasa Konsultansi Badan Usaha Konstruksi,Jasa Konsultansi Perencanaan,SELESAI,25305974,25305974
KAB. SAMBAS,DINAS PEKERJAAN UMUM DAN PENATAAN RUANG - 1.03.0.00.0.00.01.0000,10845640000,64900322,2026,Non Tender,APBD,CV. Multi Kreasi Konsultan,Pengadaan Langsung,Jasa Konsultansi Badan Usaha Konstruksi,Jasa Konsultansi Perencanaan (Paket III),SELESAI,49669725,49669725
KAB. SAMBAS,DINAS PEKERJAAN UMUM DAN PENATAAN RUANG - 1.03.0.00.0.00.01.0000,10819098000,64932587,2026,Non Tender,APBD,CV. GEOPORTAL ENGINEERING,Pengadaan Langsung,Jasa Konsultansi Badan Usaha Konstruksi,Perencanaan Teknis / Detail Desain DIR Sengawang,SELESAI,99378300,99378300
KAB. SAMBAS,DINAS PEKERJAAN UMUM DAN PENATAAN RUANG - 1.03.0.00.0.00.01.0000,10828101000,65755635;65755636,2026,Non Tender,APBD,CV ZALFA ANUGERAH,Pengadaan Langsung,Pekerjaan Konstruksi,Peningkatan Jalan Desa Lorong Kec. Sambas,SELESAI,295069231,295069231
KAB. SAMBAS,SEKRETARIAT DAERAH - 4.01.5.06.0.00.01.0000,01KKD9X2W7DCKQXR39XKJB2H3K,66090673,2026,E-Katalog 6.0,APBD,HARUS SAKTI,E-Purchasing,Barang,Sewa Mobil untuk Sekretariat/ Tamu Pemda,ON PROCESS,311998800,311998800
KAB. SAMBAS,"DINAS PERIKANAN, PETERNAKAN DAN KESEHATAN HEWAN - 3.25.3.27.0.00.02.0000",10892870000,66899933,2026,Non Tender,APBD,lawang sukses,Pengadaan Langsung,Pengadaan Barang,Gemarikan Kemiskinan,SELESAI,77797304,77797304
KAB. SAMBAS,DINAS PERHUBUNGAN - 2.15.0.00.0.00.01.0000,10912103000,66008288,2026,Non Tender,APBD,CV. KARYA BERSAUDARA,Pengadaan Langsung,Jasa Konsultansi Badan Usaha Konstruksi,Jasa Konsultansi Pengawasan Pembangunan Lokasi Parkir,SELESAI,4910707,4910707
KAB. SAMBAS,DINAS PEKERJAAN UMUM DAN PENATAAN RUANG - 1.03.0.00.0.00.01.0000,10124325000,65766564,2026,Tender,APBD,PT. NIKEDO ARDITOMO KONSULTAN,Seleksi,Jasa Konsultansi Badan Usaha Konstruksi,DED Pembangunan Duplikat Jembatan Batu Desa Jagur Kec. Sambas,SELESAI,534989453,534989453
KAB. SAMBAS,DINAS PEKERJAAN UMUM DAN PENATAAN RUANG - 1.03.0.00.0.00.01.0000,10822327000,66861182,2026,Non Tender,APBD,CV RIZKINDO KONSULTAN,Pengadaan Langsung,Jasa Konsultansi Badan Usaha Konstruksi,Jasa Konsultansi Perencanaan (Paket XII),SELESAI,49539300,49539300
KAB. SAMBAS,DINAS PEKERJAAN UMUM DAN PENATAAN RUANG - 1.03.0.00.0.00.01.0000,10868374000,64932169,2026,Non Tender,APBD,cv. tiga berlian,Pengadaan Langsung,Pekerjaan Konstruksi,Pemeliharaan Saluran Desa Sekuduk Kec. Sejangkung,SELESAI,99839626,99839626
KAB. SAMBAS,"DINAS PERUMAHAN RAKYAT, KAWASAN PERMUKIMAN DAN LINGKUNGAN HIDUP - 2.11.1.03.1.04.04.0000",10809099000,66388903,2026,Non Tender,APBD,CV. SUMBER BINA SEJATI,Pengadaan Langsung,Pekerjaan Konstruksi,Pembangunan Bak Penampungan Air Hujan (PAH) Kap.1000 L Desa Arung Parak Kec.Tangaran,SELESAI,69671000,69671000
KAB. SAMBAS,DINAS KESEHATAN - 1.02.0.00.0.00.01.0000,01KRZ118ZMESRA610K42EDJK4W,65578957,2026,E-Katalog 6.0,APBD,BERNOFARM,E-Purchasing,Barang,Belanja Obat-Obatan-Obat,ON PROCESS,329543460,329543460
KAB. SAMBAS,DINAS PEKERJAAN UMUM DAN PENATAAN RUANG - 1.03.0.00.0.00.01.0000,10830830000,66304186,2026,Non Tender,APBD,cv. almeera borneo engineer,Pengadaan Langsung,Jasa Konsultansi Badan Usaha Konstruksi,Jasa Konsultansi Perencanaan Penataan Interior Kantor Kejaksaan Negeri Sambas,SELESAI,14910000,14910000
KAB. SAMBAS,"DINAS PERUMAHAN RAKYAT, KAWASAN PERMUKIMAN DAN LINGKUNGAN HIDUP - 2.11.1.03.1.04.04.0000",10141497000,65446578,2026,Tender,APBD,cv. sebukit indah,Tender,Pekerjaan Konstruksi,Penataan Halaman SD SULTHONIYAH Desa Tanjung Mekar Kecamatan Sambas,SELESAI,796045000,796045000
KAB. SAMBAS,DINAS PENDIDIKAN DAN KEBUDAYAAN - 1.01.2.22.0.00.02.0000,10857245000,65185560,2026,Non Tender,APBD,NANA INSAN CONSULTANT,Pengadaan Langsung,Jasa Konsultansi Badan Usaha Konstruksi,Belanja Jasa Konsultansi Perencanaan Penimbunan Halaman SDN 22 Sarang Burung Usrat Kec. Jawai,SELESAI,3369194,3369194
KAB. SAMBAS,DINAS KESEHATAN - 1.02.0.00.0.00.01.0000,01KN3TW4R8Y3KQVBGZHHGC00PK,66757156,2026,E-Katalog 6.0,APBD,DIAN MUHARNI PUTRI,E-Purchasing,Jasa Lainnya,Belanja Jasa yang Diberikan kepada Pihak Ketiga/Pihak Lain,ON PROCESS,12726000,12726000
KAB. SAMBAS,SEKRETARIAT DAERAH - 4.01.5.06.0.00.01.0000,01KN3F2S8E2Y42XB1D5048N55Y,66090182,2026,E-Katalog 6.0,APBD,CHERY FACHIDI,E-Purchasing,Jasa Lainnya,JASA TENAGA KEAMANAN  DAN JASA TENAGA KEBERSIHAN  KANTOR YANG DITETAPKAN DENGAN SK KEPALA SKPD.,ON PROCESS,11700000,11700000
KAB. SAMBAS,DINAS PENDIDIKAN DAN KEBUDAYAAN - 1.01.2.22.0.00.02.0000,10831628000,66923889,2026,Non Tender,APBD,NANA INSAN CONSULTANT,Pengadaan Langsung,Jasa Konsultansi Badan Usaha Konstruksi,Konsultansi Perencanaan Pemeliharaan Gedung Kantor Bidang Pembinaan PAUD dan PNF,SELESAI,9157352,9157352
KAB. SAMBAS,DINAS PEKERJAAN UMUM DAN PENATAAN RUANG - 1.03.0.00.0.00.01.0000,10868318000,64932162,2026,Non Tender,APBD,cv. tiga berlian,Pengadaan Langsung,Pekerjaan Konstruksi,Pemeliharaan Saluran Desa Tri Mandayan Kec. Teluk Keramat,SELESAI,185779877,185779877
KAB. SAMBAS,"DINAS PERUMAHAN RAKYAT, KAWASAN PERMUKIMAN DAN LINGKUNGAN HIDUP - 2.11.1.03.1.04.04.0000",10916652000,66389606,2026,Non Tender,APBD,CV. CANDRA OPTIMA,Pengadaan Langsung,Pekerjaan Konstruksi,Pengembangan Jaringan Distribusi dan Sambungan Rumah (SR) Desa Sijang Kec.Galing,SELESAI,278515566,278515566
KAB. SAMBAS,DINAS PEKERJAAN UMUM DAN PENATAAN RUANG - 1.03.0.00.0.00.01.0000,10846208000,64900441,2026,Non Tender,APBD,Dungun Sebatang,Pengadaan Langsung,Pekerjaan Konstruksi,Normalisasi Sungai/Saluran Desa Sebubus Kec. Paloh,SELESAI,69808232,69808232
KAB. SAMBAS,DINAS PENANAMAN MODAL DAN PELAYANAN TERPADU SATU PINTU - 2.18.0.00.0.00.23.0000,10914517000,66180104,2026,Non Tender,APBD,CV. Invotech,Pengadaan Langsung,Jasa Konsultansi Badan Usaha Non Konstruksi,Pemeliharaan Aplikasi Si Cantik Cloud,SELESAI,29979000,29979000
KAB. SAMBAS,DINAS PENDIDIKAN DAN KEBUDAYAAN - 1.01.2.22.0.00.02.0000,10890065000,65185571,2026,Non Tender,APBD,NANA INSAN CONSULTANT,Pengadaan Langsung,Jasa Konsultansi Badan Usaha Konstruksi,Belanja Jasa Konsultansi Perencanaan Pembangunan Toilet SDN 02 Dalam Kaum Kec. Sambas,SELESAI,3374744,3374744
KAB. SAMBAS,SEKRETARIAT DPRD - 4.02.0.00.0.00.01.0000,01KVSRXACH8B28ZNSF0W0R7S90,65275687,2026,E-Katalog 6.0,APBD,ANEKA MAKMUR SEJAHTERA,E-Purchasing,Barang,Belanja Modal Kendaraan Bermotor Beroda Dua,ON PROCESS,36266300,36266300
KAB. SAMBAS,SEKRETARIAT DPRD - 4.02.0.00.0.00.01.0000,01KQERXVCY66RX9ST2GF7M0GC7,67014788,2026,E-Katalog 6.0,APBD,MUHAMMAD SYAFIQ,E-Purchasing,Jasa Lainnya,Belanja Jasa yang Diberikan kepada Pihak Ketiga/Pihak Lain,ON PROCESS,19200000,19200000
KAB. SAMBAS,DINAS PEKERJAAN UMUM DAN PENATAAN RUANG - 1.03.0.00.0.00.01.0000,10143374000,67034758,2026,Tender,APBD,CV. FAWAZ FATIH,Tender,Pekerjaan Konstruksi,Pembangunan Rumah Tahanan Polres Sambas,SELESAI,3688063475,3688063475
KAB. SAMBAS,"DINAS PERUMAHAN RAKYAT, KAWASAN PERMUKIMAN DAN LINGKUNGAN HIDUP - 2.11.1.03.1.04.04.0000",10833809000,66388892,2026,Non Tender,APBD,cv.finicreative,Pengadaan Langsung,Jasa Konsultansi Badan Usaha Konstruksi,Konsultan Pengawasan Pembangunan SPAM Bukan Jaringan Perpipaan Paket VI,SELESAI,44855100,44855100
KAB. SAMBAS,SATUAN POLISI PAMONG PRAJA - 1.05.0.00.0.00.01.0000,01KN6J96E0QAGX24XYRH2APP8R,66578330,2026,E-Katalog 6.0,APBD,JENI SANIA,E-Purchasing,Jasa Lainnya,Belanja Jasa Yang Diberikan Kepada Pihak Ketiga/Pihak Lain,ON PROCESS,15300000,15300000
KAB. SAMBAS,SEKRETARIAT DPRD - 4.02.0.00.0.00.01.0000,01KQEQSG6TPBXV5QCH5P965GXB,67014788,2026,E-Katalog 6.0,APBD,LEO PRADANA ATMAJA,E-Purchasing,Jasa Lainnya,Belanja Jasa yang Diberikan kepada Pihak Ketiga/Pihak Lain,ON PROCESS,14800000,14800000
KAB. SAMBAS,DINAS PEKERJAAN UMUM DAN PENATAAN RUANG - 1.03.0.00.0.00.01.0000,10824877000,66862759,2026,Non Tender,APBD,CV. GLOBAL KHATULISTIWA KONSULTAN,Penunjukan Langsung,Jasa Konsultansi Badan Usaha Konstruksi,Jasa Konsultansi Pengawasan Penanganan Long Segment Jalan Penjajap Timur Kec. Pemangkat,SELESAI,119479104,119479104
KAB. SAMBAS,RSUD PEMANGKAT - 1.02.0.00.0.00.01.0029,01KPZAKVR2514HNDPNH20221SP,65093975,2026,E-Katalog 6.0,APBD,INDOMEDIK NIAGA PERKASA,E-Purchasing,Barang,Belanja Modal Peralatan dan Mesin BLUD,ON PROCESS,141598600,141598600
KAB. SAMBAS,DINAS KESEHATAN - 1.02.0.00.0.00.01.0000,01KTQQQ9ZVADT5JN8A36MJ1YVE,65579141,2026,E-Katalog 6.0,APBD,ENSEVAL MEDIKA PRIMA,E-Purchasing,Barang,Belanja Bahan-Bahan Lainnya,ON PROCESS,66880007,66880007
KAB. SAMBAS,DINAS PEKERJAAN UMUM DAN PENATAAN RUANG - 1.03.0.00.0.00.01.0000,10837322000,64900308,2026,Non Tender,APBD,Cv. Sigma Nusantara Konsultan,Pengadaan Langsung,Jasa Konsultansi Badan Usaha Konstruksi,Pemutahiran Data Normalisasi Sungai/Saluran di Kabupaten Sambas,SELESAI,99245100,99245100
KAB. SAMBAS,DINAS PERHUBUNGAN - 2.15.0.00.0.00.01.0000,01KN2GE82GKQWJBMZ4X4QDH52W,66625982,2026,E-Katalog 6.0,APBD,TIARA APRILIANTI,E-Purchasing,Jasa Lainnya,"Jasa Tenaga Alihdaya (Tenaga Kebersihan, Tenaga Supir, Tenaga Keamanan, Tenaga Pramusaji)",ON PROCESS,15300000,15300000
KAB. SAMBAS,BADAN KEPEGAWAIAN DAN PENGEMBANGAN SUMBER DAYA MANUSIA APARATUR DAERAH - 5.03.5.04.0.00.01.0000,01KKXB1KT2BQYBJZQ19VEBDBBG,66463451,2026,E-Katalog 6.0,APBD,ADI SARANA ARMADA,E-Purchasing,Jasa Lainnya,Belanja Sewa Kendaraan Dinas Bermotor Perorangan,PAYMENT OUTSIDE SYSTEM,155955000,155955000
KAB. SAMBAS,SEKRETARIAT DAERAH - 4.01.5.06.0.00.01.0000,01KKTD3J6NMJN3AW0WMRN0JSMX,66461966,2026,E-Katalog 6.0,APBD,TRIPUTERA NUSANTARA,E-Purchasing,Barang,Vidiotron,ON PROCESS,249750000,249750000
KAB. SAMBAS,DINAS PEKERJAAN UMUM DAN PENATAAN RUANG - 1.03.0.00.0.00.01.0000,10825163000,64900387,2026,Non Tender,APBD,CV. KURNIA INDAH LESTARI,Pengadaan Langsung,Pekerjaan Konstruksi,Normalisasi Sungai/Saluran Desa Arung Medang Kec. Tangaran,SELESAI,69779002,69779002
KAB. SAMBAS,DINAS PEKERJAAN UMUM DAN PENATAAN RUANG - 1.03.0.00.0.00.01.0000,10819563000,66813901,2026,Non Tender,APBD,"IMSCO PUTRA MANDIRI, CV",Penunjukan Langsung,Jasa Konsultansi Badan Usaha Non Konstruksi,Fasilitasi Penetapan Rancangan Peraturan Daerah tentang RTRW Kabupaten Sambas,SELESAI,417334692,417334692
KAB. SAMBAS,SATUAN POLISI PAMONG PRAJA - 1.05.0.00.0.00.01.0000,01KN6TN54AXJD243G2HWBYXBP8,66578330,2026,E-Katalog 6.0,APBD,AYSHA KURNIA HUMAIRA,E-Purchasing,Jasa Lainnya,Belanja Jasa Yang Diberikan Kepada Pihak Ketiga/Pihak Lain,ON PROCESS,12150000,12150000
KAB. SAMBAS,DINAS PEKERJAAN UMUM DAN PENATAAN RUANG - 1.03.0.00.0.00.01.0000,10867570000,64932144,2026,Non Tender,APBD,CV. AL GHIFARI,Pengadaan Langsung,Pekerjaan Konstruksi,Pemeliharaan Saluran Desa Teluk Pandan Kec. Galing,SELESAI,189764937,189764937
KAB. SAMBAS,RSUD PEMANGKAT - 1.02.0.00.0.00.01.0029,01KQ7KED7ARS2P7CC2V64PMRKA,65093976,2026,E-Katalog 6.0,APBD,BHINEKA MITRA SEJATI,E-Purchasing,Barang,Pengadaan BMHP Rumah Sakit,ON PROCESS,25534091,25534091
KAB. SAMBAS,DINAS PEKERJAAN UMUM DAN PENATAAN RUANG - 1.03.0.00.0.00.01.0000,10889491000,64932689,2026,Non Tender,APBD,cv. karya abadi,Pengadaan Langsung,Pekerjaan Konstruksi,Rehabilitasi Saluran Desa Sagu Kec. Galing,SELESAI,148431011,148431011
KAB. SAMBAS,DINAS PEKERJAAN UMUM DAN PENATAAN RUANG - 1.03.0.00.0.00.01.0000,10830844000,66867533,2026,Non Tender,APBD,Cv. Sigma Nusantara Konsultan,Pengadaan Langsung,Jasa Konsultansi Badan Usaha Konstruksi,Jasa Konsultansi Perencanaan Rehab Gedung Kantor BKPSDMAD Kab. Sambas,SELESAI,19860000,19860000
KAB. SAMBAS,BADAN KEUANGAN DAERAH - 5.02.0.00.0.00.02.0000,01KN411WSRRMPFQ20YS3Y8BJ4N,66870141,2026,E-Katalog 6.0,APBD,NAZRI,E-Purchasing,Jasa Lainnya,Belanja Jasa yang diberikan kepada pihak ketiga/pihak lain,ON PROCESS,15300000,15300000
KAB. SAMBAS,DINAS PEKERJAAN UMUM DAN PENATAAN RUANG - 1.03.0.00.0.00.01.0000,10827756000,64932620,2026,Non Tender,APBD,cv. kutat,Pengadaan Langsung,Pekerjaan Konstruksi,Rehabilitasi Saluran Desa Tanjung Keracut Kec. Teluk Keramat,SELESAI,174647355,174647355
KAB. SAMBAS,SATUAN POLISI PAMONG PRAJA - 1.05.0.00.0.00.01.0000,01KN6M0JRQHESCBKT2BY8AAMRM,66578330,2026,E-Katalog 6.0,APBD,ANGGI PURNAMA,E-Purchasing,Jasa Lainnya,Belanja Jasa Yang Diberikan Kepada Pihak Ketiga/Pihak Lain,ON PROCESS,12150000,12150000
KAB. SAMBAS,"DINAS PERUMAHAN RAKYAT, KAWASAN PERMUKIMAN DAN LINGKUNGAN HIDUP - 2.11.1.03.1.04.04.0000",10810847000,65446580,2026,Non Tender,APBD,CV. KARYA KOPA CONSULTAN,Pengadaan Langsung,Jasa Konsultansi Badan Usaha Konstruksi,Jasa Konsultansi Perencanaan Pembangunan Ruang Terbuka Hijau Paket I,SELESAI,29564000,29564000
KAB. SAMBAS,DINAS PEKERJAAN UMUM DAN PENATAAN RUANG - 1.03.0.00.0.00.01.0000,10125821000,65755652,2026,Tender,APBD,cv. kutat,Tender,Pekerjaan Konstruksi,Peningkatan jalan penghubung desa Bukit Segoler-Serindang (Parit Jawai-Sari Medan) Kec. Tebas,SELESAI,793159049,793159049
KAB. SAMBAS,"DINAS PERUMAHAN RAKYAT, KAWASAN PERMUKIMAN DAN LINGKUNGAN HIDUP - 2.11.1.03.1.04.04.0000",10873279000,67147517,2026,Non Tender,APBD,cv.attariq consultant engineering,Pengadaan Langsung,Jasa Konsultansi Badan Usaha Konstruksi,Jasa Konsultansi Perencanaan Drainase Paket IV,SELESAI,34820700,34820700
KAB. SAMBAS,"DINAS PERIKANAN, PETERNAKAN DAN KESEHATAN HEWAN - 3.25.3.27.0.00.02.0000",01KN3ZWQ6WCG755A99TDWQ6W4T,66704573,2026,E-Katalog 6.0,APBD,SAHNI,E-Purchasing,Jasa Lainnya,Belanja Jasa Yang Diberikan Kepada Pihak Ketiga/ Pihak Lain,ON PROCESS,15300000,15300000
KAB. SAMBAS,SEKRETARIAT DAERAH - 4.01.5.06.0.00.01.0000,01KN3F0AGQM2SF8KFWEFJJM62P,66090182,2026,E-Katalog 6.0,APBD,ANDI GARSIA,E-Purchasing,Jasa Lainnya,JASA TENAGA KEAMANAN  DAN JASA TENAGA KEBERSIHAN  KANTOR YANG DITETAPKAN DENGAN SK KEPALA SKPD.,ON PROCESS,11700000,11700000
KAB. SAMBAS,DINAS PERTANIAN DAN KETAHANAN PANGAN - 2.09.3.27.0.00.02.0000,10920172000,66687176,2026,Non Tender,APBD,CV Cahaya Rafisqy Ghava,Pengadaan Langsung,Pekerjaan Konstruksi,"Pembangunan, Rehabilitasi Tata Air Mikro Desa Serunai Kecamatan Salatiga",SELESAI,87792564,87792564
KAB. SAMBAS,DINAS KESEHATAN - 1.02.0.00.0.00.01.0000,01KQRFSMNFYCP94MZY3JAMWWPF,65578957,2026,E-Katalog 6.0,APBD,FERRON PAR PHARMACEUTICALS,E-Purchasing,Barang,Belanja Obat-Obatan-Obat,ON PROCESS,36391350,36391350
KAB. SAMBAS,DINAS PEKERJAAN UMUM DAN PENATAAN RUANG - 1.03.0.00.0.00.01.0000,10875543000,64932170,2026,Non Tender,APBD,"CV. PUTRA WINATA AL""BARA",Pengadaan Langsung,Pekerjaan Konstruksi,Pemeliharaan Saluran Desa Semangau Kec. Sambas,SELESAI,99799776,99799776
KAB. SAMBAS,DINAS PEKERJAAN UMUM DAN PENATAAN RUANG - 1.03.0.00.0.00.01.0000,10812219000,65755309;65755310,2026,Non Tender,APBD,CV. MUTIARA SAMBAS,Pengadaan Langsung,Pekerjaan Konstruksi,Peningkatan Jalan Desa Simpang Empat Kec. Tangaran,SELESAI,295016069,295016069
KAB. SAMBAS,"DINAS KOPERASI, USAHA KECIL MENENGAH, PERINDUSTRIAN DAN PERDAGANGAN - 2.17.3.31.3.30.07.0000",10823061000,64735359,2026,Non Tender,APBD,CV. Invotech,Pengadaan Langsung,Jasa Lainnya,Belanja Jasa Konsultansi Berorientasi Bidang-Telematika,SELESAI,19730250,19730250
KAB. SAMBAS,DINAS PEKERJAAN UMUM DAN PENATAAN RUANG - 1.03.0.00.0.00.01.0000,10828912000,64900278,2026,Non Tender,APBD,cv.raffan design,Pengadaan Langsung,Jasa Konsultansi Badan Usaha Konstruksi,Survey dan lnventarisasi Air Baku di Kecamatan Selakau Timur,SELESAI,99320580,99320580
KAB. SAMBAS,DINAS PEKERJAAN UMUM DAN PENATAAN RUANG - 1.03.0.00.0.00.01.0000,10127387000,65766827,2026,Tender,APBD,CV. CANDRA OPTIMA,Tender,Pekerjaan Konstruksi,Pemeliharaan Berkala Jalan Sambas - Sejangkung Kec. Sambas,SELESAI,846534000,846534000
KAB. SAMBAS,DINAS PEKERJAAN UMUM DAN PENATAAN RUANG - 1.03.0.00.0.00.01.0000,10865307000,65755402,2026,Non Tender,APBD,TAMBERS,Pengadaan Langsung,Pekerjaan Konstruksi,Peningkatan Jalan Desa Trigadu Dusun Silik Kec. Galing,SELESAI,69465613,69465613
KAB. SAMBAS,SATUAN POLISI PAMONG PRAJA - 1.05.0.00.0.00.01.0000,01KN6MDD7SREB44WWWTHRV813D,66578330,2026,E-Katalog 6.0,APBD,HENDRA SETIA,E-Purchasing,Jasa Lainnya,Belanja Jasa Yang Diberikan Kepada Pihak Ketiga/Pihak Lain,ON PROCESS,12150000,12150000
KAB. SAMBAS,DINAS PEKERJAAN UMUM DAN PENATAAN RUANG - 1.03.0.00.0.00.01.0000,10817887000,64932580,2026,Non Tender,APBD,CV.CAHYA SARANA KONSULTAN,Pengadaan Langsung,Jasa Konsultansi Badan Usaha Konstruksi,Perencanaan Teknis / Detail Desain DIR Makrampai,SELESAI,99685770,99685770
KAB. SAMBAS,"DINAS PERUMAHAN RAKYAT, KAWASAN PERMUKIMAN DAN LINGKUNGAN HIDUP - 2.11.1.03.1.04.04.0000",10873275000,67147489,2026,Non Tender,APBD,WAHANA SEJAHTERA MANDIRI,Pengadaan Langsung,Jasa Konsultansi Badan Usaha Konstruksi,Jasa Konsultansi Perencanaan Drainase Paket I,SELESAI,34809600,34809600
KAB. SAMBAS,DINAS PEKERJAAN UMUM DAN PENATAAN RUANG - 1.03.0.00.0.00.01.0000,10878226000,66171450,2026,Non Tender,APBD,CV.ARYA RISKI,Pengadaan Langsung,Pekerjaan Konstruksi,Renovasi Ruang Pamapta Polres Sambas,SELESAI,349418922,349418922
KAB. SAMBAS,DINAS PEKERJAAN UMUM DAN PENATAAN RUANG - 1.03.0.00.0.00.01.0000,10132993000,67030785,2026,Tender,APBD,CV. INDRA EKARSA,Seleksi,Jasa Konsultansi Badan Usaha Konstruksi,Core Team Perencanaan dan Pendampingan Teknis Jalan Kabupaten Sambas,SELESAI,496447500,496447500
KAB. SAMBAS,DINAS PEKERJAAN UMUM DAN PENATAAN RUANG - 1.03.0.00.0.00.01.0000,10804801000,64932172,2026,Non Tender,APBD,CV. RAIHAN KONSULTAN,Pengadaan Langsung,Jasa Konsultansi Badan Usaha Konstruksi,Jasa Konsultansi Perencanaan (Paket I),SELESAI,49433850,49433850
KAB. SAMBAS,RSUD PEMANGKAT - 1.02.0.00.0.00.01.0029,01KP877SRFHB1AC27HJZ4NAF37,65093976,2026,E-Katalog 6.0,APBD,INSIGHT MEDICA FAME,E-Purchasing,Barang,Pengadaan BMHP Rumah Sakit,ON PROCESS,98336503,98336503
KAB. SAMBAS,BADAN PENANGGULANGAN BENCANA DAERAH - 1.05.0.00.0.00.04.0000,01KN68V9CY9PBZX37FMN3867R6,66876671,2026,E-Katalog 6.0,APBD,LATIFAH,E-Purchasing,Jasa Lainnya,Belanja Jasa yang Diberikan kepada Pihak Ketiga/Pihak Lain ,ON PROCESS,17064000,17064000
KAB. SAMBAS,DINAS KESEHATAN - 1.02.0.00.0.00.01.0000,01KPZ8N9M3WJYS36PCJEQR991T,65578957,2026,E-Katalog 6.0,APBD,MARIN LIZA FARMASI,E-Purchasing,Barang,Belanja Obat-Obatan-Obat,ON PROCESS,123801115,123801115
KAB. SAMBAS,DINAS PEKERJAAN UMUM DAN PENATAAN RUANG - 1.03.0.00.0.00.01.0000,10889625000,64932617,2026,Non Tender,APBD,CV. PANDA,Pengadaan Langsung,Pekerjaan Konstruksi,Rehabilitasi Saluran Desa Merabuan Kec. Tangaran,SELESAI,174624536,174624536
KAB. SAMBAS,DINAS PEKERJAAN UMUM DAN PENATAAN RUANG - 1.03.0.00.0.00.01.0000,10867065000,65766725,2026,Non Tender,APBD,CV. AKBAR PRADANA,Pengadaan Langsung,Pekerjaan Konstruksi,Pembangunan Turap Ds.Trimandayan Dsn.Sebadi Kec.Teluk Keramat,SELESAI,147705625,147705625
KAB. SAMBAS,DINAS KESEHATAN - 1.02.0.00.0.00.01.0000,01KRZ2FZ14KV0MJFC5QYDT53NH,65578957,2026,E-Katalog 6.0,APBD,PHAPROS,E-Purchasing,Barang,Belanja Obat-Obatan-Obat,ON PROCESS,109391499,109391499
KAB. SAMBAS,DINAS PENDIDIKAN DAN KEBUDAYAAN - 1.01.2.22.0.00.02.0000,01KNM2E7VNP84F3WN23QSERK1K,66817626,2026,E-Katalog 6.0,APBD,RANI TRIMULYANTI,E-Purchasing,Jasa Lainnya,Belanja Jasa yang Diberikan kepada Pihak Ketiga/Pihak Lain,ON PROCESS,17307837,17307837
KAB. SAMBAS,SEKRETARIAT DAERAH - 4.01.5.06.0.00.01.0000,01KN3F7EX1BT0JDTD8PJD6JCHV,66090182,2026,E-Katalog 6.0,APBD,KARINA,E-Purchasing,Jasa Lainnya,JASA TENAGA KEAMANAN  DAN JASA TENAGA KEBERSIHAN  KANTOR YANG DITETAPKAN DENGAN SK KEPALA SKPD.,ON PROCESS,11700000,11700000
KAB. SAMBAS,"DINAS PERIKANAN, PETERNAKAN DAN KESEHATAN HEWAN - 3.25.3.27.0.00.02.0000",10912767000,67319310,2026,Non Tender,APBD,lawang sukses,Pengadaan Langsung,Pengadaan Barang,Pengadaan Sampan Motor Ds. Sepadu Kec. Semparuk,SELESAI,181152000,181152000
KAB. SAMBAS,"DINAS PERIKANAN, PETERNAKAN DAN KESEHATAN HEWAN - 3.25.3.27.0.00.02.0000",10912753000,67319369,2026,Non Tender,APBD,Dungun Sebatang,Pengadaan Langsung,Pengadaan Barang,Pengadaan Gillnet 100x100 Ds. Sebubus Kec. Paloh,SELESAI,179020800,179020800
KAB. SAMBAS,RSUD PEMANGKAT - 1.02.0.00.0.00.01.0029,01KSHMJQ4Q9GA4XHV4SVY4RZ1D,65094744,2026,E-Katalog 6.0,APBD,JOHNSON AND JOHNSON INDONESIA TWO,E-Purchasing,Barang,Belanja Barang dan Jasa BLUD,ON PROCESS,50950000,0
KAB. SAMBAS,DINAS PENDIDIKAN DAN KEBUDAYAAN - 1.01.2.22.0.00.02.0000,10917458000,64991109,2026,Non Tender,APBD,NANA INSAN CONSULTANT,Pengadaan Langsung,Jasa Konsultansi Badan Usaha Konstruksi,Konsultansi Perencanaan Rehab PAUD Sinar Harapan Ds. Sarang Burung Danau Kec. Jawai,SELESAI,2369000,2369000
KAB. SAMBAS,DINAS PEKERJAAN UMUM DAN PENATAAN RUANG - 1.03.0.00.0.00.01.0000,10818724000,64900377,2026,Non Tender,APBD,Syaga Geotama Khatulistiwa,Pengadaan Langsung,Jasa Konsultansi Badan Usaha Konstruksi,Jasa Konsultansi Perencanaan (Paket VI),SELESAI,49683600,49683600
KAB. SAMBAS,"DINAS PERUMAHAN RAKYAT, KAWASAN PERMUKIMAN DAN LINGKUNGAN HIDUP - 2.11.1.03.1.04.04.0000",10873278000,67147344,2026,Non Tender,APBD,CV RIZKINDO KONSULTAN,Pengadaan Langsung,Jasa Konsultansi Badan Usaha Konstruksi,Jasa Konsultansi Perencanaan Drainase Paket III,SELESAI,34787400,34787400
KAB. SAMBAS,"DINAS PERUMAHAN RAKYAT, KAWASAN PERMUKIMAN DAN LINGKUNGAN HIDUP - 2.11.1.03.1.04.04.0000",10814059000,66608280,2026,Non Tender,APBD,cv. betuah raye,Pengadaan Langsung,Pekerjaan Konstruksi,Pembangunan Sumur Bor Desa Sungai Kumpai Kec.Teluk Keramat II,SELESAI,148289000,148289000
KAB. SAMBAS,DINAS KEPENDUDUKAN DAN PENCATATAN SIPIL - 2.12.0.00.0.00.01.0000,10852178000,67041641;67061494,2026,Non Tender,APBD,CV IBNATI,Pengadaan Langsung,Pengadaan Barang,Belanja Modal Personal Computer (PC),SELESAI,107892000,107892000
KAB. SAMBAS,DINAS PEKERJAAN UMUM DAN PENATAAN RUANG - 1.03.0.00.0.00.01.0000,10830172000,65755595,2026,Non Tender,APBD,cv. tiga berlian,Pengadaan Langsung,Pekerjaan Konstruksi,Peningkatan Jalan Kawasan Pemerintahan Kec. Sambas,SELESAI,99776245,99776245
KAB. SAMBAS,DINAS PEKERJAAN UMUM DAN PENATAAN RUANG - 1.03.0.00.0.00.01.0000,10821596000,65755322;65755324,2026,Non Tender,APBD,CV. Istaka Jaya,Pengadaan Langsung,Pekerjaan Konstruksi,Peningkatan Jalan Desa Lonam Kecamatan Pemangkat II,SELESAI,277736045,277736045
KAB. SAMBAS,SEKRETARIAT DAERAH - 4.01.5.06.0.00.01.0000,01KMMF7E469VGA47QMAH32D393,66615336,2026,E-Katalog 6.0,APBD,NURAINI,E-Purchasing,Jasa Lainnya,"Jasa Tenaga Alihdaya (Tenaga Kebersihan, Tenaga Supir, Tenaga Keamanan, Tenaga Pramusaji)",ON PROCESS,13173534,13173534
KAB. SAMBAS,DINAS PEKERJAAN UMUM DAN PENATAAN RUANG - 1.03.0.00.0.00.01.0000,10819751000,64900426,2026,Non Tender,APBD,cv. kutat,Pengadaan Langsung,Pekerjaan Konstruksi,Normalisasi Saluran Desa Cepala Kec. Tekarang,SELESAI,89633015,89633015
KAB. SAMBAS,DINAS PEKERJAAN UMUM DAN PENATAAN RUANG - 1.03.0.00.0.00.01.0000,10810778000,66550661,2026,Non Tender,APBD,cv. mangkubumi,Pengadaan Langsung,Pekerjaan Konstruksi,Normalisasi Sungai/Saluran Desa Tempatan Kec. Sebawi dan Normalisasi Sungai/Saluran Dsn Tempukung Desa Tempatan Kec. Sebawi,SELESAI,349542365,349542365
KAB. SAMBAS,SATUAN POLISI PAMONG PRAJA - 1.05.0.00.0.00.01.0000,01KN6JRNAPG7MXGJ0GHJ4HHYA7,66578330,2026,E-Katalog 6.0,APBD,CHIKA FEBRIANI,E-Purchasing,Jasa Lainnya,Belanja Jasa Yang Diberikan Kepada Pihak Ketiga/Pihak Lain,ON PROCESS,12852000,12852000
KAB. SAMBAS,"DINAS PERIKANAN, PETERNAKAN DAN KESEHATAN HEWAN - 3.25.3.27.0.00.02.0000",10857531000,65992028,2026,Non Tender,APBD,CV. ARLI KONTRAKTOR,Pengadaan Langsung,Pengadaan Barang,Pengadaan Sarana Pendukung Balai Benih Ikan,SELESAI,29748000,29748000
KAB. SAMBAS,SEKRETARIAT DAERAH - 4.01.5.06.0.00.01.0000,01KPMFGJ0F2ZP2BH0NXQFXX0FN,66090673,2026,E-Katalog 6.0,APBD,HARUS SAKTI,E-Purchasing,Barang,Sewa Mobil untuk Sekretariat/ Tamu Pemda,ON PROCESS,1437561000,1437561000
KAB. SAMBAS,DINAS PEKERJAAN UMUM DAN PENATAAN RUANG - 1.03.0.00.0.00.01.0000,10879328000,65755613;65755633,2026,Non Tender,APBD,CV.ARYA RISKI,Pengadaan Langsung,Pekerjaan Konstruksi,Peningkatan Jalan Desa Sebayan Kec. Sambas,SELESAI,286442907,286442907
KAB. SAMBAS,KECAMATAN TEBAS - 7.01.0.00.0.00.04.0000,01KQBKEWB78614TDXR1JDVP2JS,67027463,2026,E-Katalog 6.0,APBD,AGUS FITRIANA,E-Purchasing,Jasa Lainnya,"Jasa Tenaga Alihdaya (Tenaga Kebersihan, Tenaga Supir, Tenaga Keamanan, Tenaga Pramusaji)",ON PROCESS,13600000,13600000
KAB. SAMBAS,DINAS PEKERJAAN UMUM DAN PENATAAN RUANG - 1.03.0.00.0.00.01.0000,10889438000,65766624;65766717,2026,Non Tender,APBD,Dungun Sebatang,Pengadaan Langsung,Pekerjaan Konstruksi,Pembangunan Turap Desa Pedada Kec. Teluk Keramat,SELESAI,295600927,295600927
KAB. SAMBAS,DINAS PEKERJAAN UMUM DAN PENATAAN RUANG - 1.03.0.00.0.00.01.0000,10828712000,65755584;65755616;65755623,2026,Non Tender,APBD,CV.ARYA RISKI,Pengadaan Langsung,Pekerjaan Konstruksi,Peningkatan Jalan Desa Saing Rambi Kec. Sambas,SELESAI,368968250,368968250
KAB. SAMBAS,RSUD SAMBAS - 1.02.0.00.0.00.01.0030,01KRFN8PSWHA0NMXXA5Q2SF60X,64773848,2026,E-Katalog 6.0,APBD,SINAR REKSO INTERNUSA,E-Purchasing,Barang,Belanja Barang dan Jasa BLUD,ON PROCESS,8391600,8391600
KAB. SAMBAS,DINAS PERHUBUNGAN - 2.15.0.00.0.00.01.0000,10865030000,66681320,2026,Non Tender,APBD,Byandra Extension Konsultan,Pengadaan Langsung,Jasa Konsultansi Badan Usaha Konstruksi,Konsultan pengawasan Pembangunan Mushola,SELESAI,9847056,9847056
KAB. SAMBAS,DINAS PEKERJAAN UMUM DAN PENATAAN RUANG - 1.03.0.00.0.00.01.0000,10871411000,64932150,2026,Non Tender,APBD,CV. RAIHAN KONSULTAN,Pengadaan Langsung,Jasa Konsultansi Badan Usaha Konstruksi,Jasa Konsultansi Pengawasan (Paket II),SELESAI,39593700,39593700
KAB. SAMBAS,SEKRETARIAT DAERAH - 4.01.5.06.0.00.01.0000,01KP2X0ATHHY027KH1QN64BF8C,66897585,2026,E-Katalog 6.0,APBD,RUMPUN UTAMA SAMBAS,E-Purchasing,Barang,Pengadaan Lampu Neon Box,PAYMENT OUTSIDE SYSTEM,269945000,269945000
KAB. SAMBAS,DINAS PEKERJAAN UMUM DAN PENATAAN RUANG - 1.03.0.00.0.00.01.0000,10866896000,65766649;67072447,2026,Non Tender,APBD,CV PUTRA DUNGUN,Pengadaan Langsung,Pekerjaan Konstruksi,Pembangunan Turap Desa Semata Kec. Tangaran,SELESAI,234700725,234700725
KAB. SAMBAS,DINAS PEKERJAAN UMUM DAN PENATAAN RUANG - 1.03.0.00.0.00.01.0000,10845601000,66937081,2026,Non Tender,APBD,CV. DW KREASI KONSULTAN,Pengadaan Langsung,Jasa Konsultansi Badan Usaha Konstruksi,Jasa Konsultansi Perencanaan (Paket I),SELESAI,49683600,49683600
KAB. SAMBAS,"DINAS PERUMAHAN RAKYAT, KAWASAN PERMUKIMAN DAN LINGKUNGAN HIDUP - 2.11.1.03.1.04.04.0000",10866790000,67027888,2026,Non Tender,APBD,CV. PILAR HUTAMA DESAIN,Pengadaan Langsung,Jasa Konsultansi Badan Usaha Konstruksi,Konsultan Perencanaan Pembangunan SPAM Bukan Jaringan Perpipaan Paket XII (BANKEU),SELESAI,59656950,59656950
KAB. SAMBAS,"DINAS PERUMAHAN RAKYAT, KAWASAN PERMUKIMAN DAN LINGKUNGAN HIDUP - 2.11.1.03.1.04.04.0000",10822085000,66388895,2026,Non Tender,APBD,CV. SUMBER BINA SEJATI,Pengadaan Langsung,Pekerjaan Konstruksi,Pembangunan Sumur Bor Desa Sabung Kec.Subah,SELESAI,140111000,140111000
KAB. SAMBAS,DINAS PEKERJAAN UMUM DAN PENATAAN RUANG - 1.03.0.00.0.00.01.0000,10871448000,65755304;65755307;65755608,2026,Non Tender,APBD,CV PUTRA DUNGUN,Pengadaan Langsung,Pekerjaan Konstruksi,"Peningkatan Jalan Desa Pancur, Desa Arung Medang dan Desa Arung Parak Kec. Tangaran",SELESAI,369124696,369124696
KAB. SAMBAS,RSUD SAMBAS - 1.02.0.00.0.00.01.0030,01KRZ186YBWY7HPWMCH807M9HK,64773841,2026,E-Katalog 6.0,APBD,FAHRINDO MURTITAMA,E-Purchasing,Barang,Belanja Bahan-Bahan Lainnya,ON PROCESS,74834062,74834062
KAB. SAMBAS,SATUAN POLISI PAMONG PRAJA - 1.05.0.00.0.00.01.0000,01KN6TJVZK0E5M8DSJTBJG3P8N,66578330,2026,E-Katalog 6.0,APBD,TIARA,E-Purchasing,Jasa Lainnya,Belanja Jasa Yang Diberikan Kepada Pihak Ketiga/Pihak Lain,ON PROCESS,12150000,12150000
KAB. SAMBAS,"DINAS PERUMAHAN RAKYAT, KAWASAN PERMUKIMAN DAN LINGKUNGAN HIDUP - 2.11.1.03.1.04.04.0000",01KT8A7029Y1ZNHSHG0FKX5G81,64983372,2026,E-Katalog 6.0,APBD,IBNATI,E-Purchasing,Barang,Kontainer Sampah 	,ON PROCESS,354978000,354978000
KAB. SAMBAS,DINAS PENDIDIKAN DAN KEBUDAYAAN - 1.01.2.22.0.00.02.0000,10857212000,65185554,2026,Non Tender,APBD,NANA INSAN CONSULTANT,Pengadaan Langsung,Jasa Konsultansi Badan Usaha Konstruksi,Belanja Jasa Konsultansi Perencanaan Pengecoran SDN 13 Kubung Kec. Teluk Keramat,SELESAI,3369194,3369194
KAB. SAMBAS,"DINAS PARIWISATA, KEPEMUDAAN DAN OLAHRAGA - 2.19.3.26.0.00.02.0000",10803942000,65146835,2026,Non Tender,APBD,lawang sukses,Pengadaan Langsung,Jasa Lainnya,TRC SUPER GRASSTRACK CHAMPIONSHIP 2026,SELESAI,94836180,94836180
KAB. SAMBAS,DINAS PEKERJAAN UMUM DAN PENATAAN RUANG - 1.03.0.00.0.00.01.0000,10816540000,64932574,2026,Non Tender,APBD,CV. RAIHAN KONSULTAN,Pengadaan Langsung,Jasa Konsultansi Badan Usaha Konstruksi,Perencanaan Teknis / Detail Desain DIR Bekut,SELESAI,99089700,99089700
KAB. SAMBAS,DINAS PEKERJAAN UMUM DAN PENATAAN RUANG - 1.03.0.00.0.00.01.0000,10820554000,65755300;65755585;65755609,2026,Non Tender,APBD,CV.SANG SAKA SEJATI,Pengadaan Langsung,Pekerjaan Konstruksi,"Peningkatan Jalan Desa Pancur, Desa Merpati dan Desa Simpang Empat Kec. Tangaran",SELESAI,397279264,397279264
KAB. SAMBAS,RSUD TELUK KERAMAT - 1.02.0.00.0.00.01.0031,01KNM418VK3FKD2CAW1QAYE4QN,65712429,2026,E-Katalog 6.0,APBD,OTSUKA INDONESIA,E-Purchasing,Barang,Belanja Obat-Obatan-Obat,ON PROCESS,21105440,21105440
KAB. SAMBAS,SEKRETARIAT DAERAH - 4.01.5.06.0.00.01.0000,10877577000,66891826,2026,Pencatatan,APBD,,Pengadaan Langsung,Jasa Lainnya,Belanja Alat/Bahan untuk Kegiatan Kantor- Bahan Cetak,PAKET SELESAI,2576035,2576035
KAB. SAMBAS,"DINAS PERUMAHAN RAKYAT, KAWASAN PERMUKIMAN DAN LINGKUNGAN HIDUP - 2.11.1.03.1.04.04.0000",10832459000,66389595,2026,Non Tender,APBD,SANGGA BHUMI KONSTRUKSI,Pengadaan Langsung,Jasa Konsultansi Badan Usaha Konstruksi,Konsultan Perencanaan Perluasan SPAM Jaringan Perpipaan Paket VII,SELESAI,42124500,42124500
KAB. SAMBAS,DINAS PEKERJAAN UMUM DAN PENATAAN RUANG - 1.03.0.00.0.00.01.0000,10824733000,65766817,2026,Non Tender,APBD,"CV. PUTRA WINATA AL""BARA",Pengadaan Langsung,Pekerjaan Konstruksi,Pemeliharaan Berkala Jalan Desa Sekura Kec. Teluk Keramat,SELESAI,399198145,399198145
KAB. SAMBAS,DINAS KESEHATAN - 1.02.0.00.0.00.01.0000,01KN3VZYNE103YWH56PG8SC6TA,66757156,2026,E-Katalog 6.0,APBD,NUR FAIZAL HAKIM,E-Purchasing,Jasa Lainnya,Belanja Jasa yang Diberikan kepada Pihak Ketiga/Pihak Lain,ON PROCESS,13905000,13905000
KAB. SAMBAS,DINAS PEKERJAAN UMUM DAN PENATAAN RUANG - 1.03.0.00.0.00.01.0000,10111041000,62860237,2026,Tender,APBD,CV INDOKONSTRUKSI PERKASA,Tender,Pekerjaan Konstruksi,Penanganan Long Segment Jalan Serindang - Pelanjau Kec. Tebas,SELESAI,3524531475,3524531475
KAB. SAMBAS,"DINAS PERIKANAN, PETERNAKAN DAN KESEHATAN HEWAN - 3.25.3.27.0.00.02.0000",10857365000,66899691,2026,Non Tender,APBD,lawang sukses,Pengadaan Langsung,Pengadaan Barang,Belanja bahan pelatihan,SELESAI,198723760,198723760
KAB. SAMBAS,DINAS PERHUBUNGAN - 2.15.0.00.0.00.01.0000,10838002000,66681366,2026,Non Tender,APBD,Byandra Extension Konsultan,Pengadaan Langsung,Jasa Konsultansi Badan Usaha Konstruksi,Konsultan perencanaan Pembangunan Mushola,SELESAI,14913605,14913605
KAB. SAMBAS,DINAS PEKERJAAN UMUM DAN PENATAAN RUANG - 1.03.0.00.0.00.01.0000,10872271000,65755373,2026,Non Tender,APBD,CV. SANUR,Pengadaan Langsung,Pekerjaan Konstruksi,Peningkatan Jalan Desa Sepinggan Dusun Sepinggan Besar Kec. Semparuk,SELESAI,399652376,399652376
KAB. SAMBAS,DINAS PEKERJAAN UMUM DAN PENATAAN RUANG - 1.03.0.00.0.00.01.0000,10865670000,65755311;65755619;65755638,2026,Non Tender,APBD,CV. AFDIE KARYA MANDIRI,Pengadaan Langsung,Pekerjaan Konstruksi,Peningkatan Jalan Desa Kartiasa Kec. Sambas I,SELESAI,347035319,347035319
KAB. SAMBAS,DINAS PEKERJAAN UMUM DAN PENATAAN RUANG - 1.03.0.00.0.00.01.0000,10866771000,65766731;65766732,2026,Non Tender,APBD,CV. MUTIARA SAMBAS,Pengadaan Langsung,Pekerjaan Konstruksi,Pembangunan Turap Desa Sekura Kec.Teluk Keramat II,SELESAI,295378394,295378394
KAB. SAMBAS,"DINAS PEMBERDAYAAN PEREMPUAN, PERLINDUNGAN ANAK, PENGENDALIAN PENDUDUK DAN KELUARGA BERENCANA - 2.08.2.14.0.00.02.0000",01KN61BHBQ2TE814TTYVED8J2H,66621433,2026,E-Katalog 6.0,APBD,NANANG,E-Purchasing,Jasa Lainnya,Belanja Jasa yang Diberikan kepada Pihak Ketiga/Pihak Lain,ON PROCESS,16857837,16857837
KAB. SAMBAS,RSUD PEMANGKAT - 1.02.0.00.0.00.01.0029,01KNM6S0JBB8527N5N4H9PEJGR,65093976,2026,E-Katalog 6.0,APBD,BHINEKA MITRA SEJATI,E-Purchasing,Barang,Pengadaan BMHP Rumah Sakit,ON PROCESS,155384277,155384277
KAB. SAMBAS,DINAS PEKERJAAN UMUM DAN PENATAAN RUANG - 1.03.0.00.0.00.01.0000,10832427000,64932559,2026,Non Tender,APBD,CV.RIZHARY PRATAMA KONSULTAN,Pengadaan Langsung,Jasa Konsultansi Badan Usaha Konstruksi,Detail Desain DIR. Sukaramai Kec. Sambas,SELESAI,95748600,95748600
KAB. SAMBAS,DINAS PEKERJAAN UMUM DAN PENATAAN RUANG - 1.03.0.00.0.00.01.0000,10125764000,66145248,2026,Tender,APBD,PT. Tiara Pilar Kreasi,Seleksi,Jasa Konsultansi Badan Usaha Non Konstruksi,"Fasilitasi Penyesuaian dan Pemuktahiran Basis Data Kawasan Permukiman yang terindikasi berada dalam kawasan hutan di Kecamatan Tebas, Kecamatan Semparuk, Kecamatan Selakau Timur dan Kecamatan Subah",SELESAI,197995695,197995695
KAB. SAMBAS,DINAS PEKERJAAN UMUM DAN PENATAAN RUANG - 1.03.0.00.0.00.01.0000,10819755000,64900295,2026,Non Tender,APBD,CV. SARI BUAH,Pengadaan Langsung,Pekerjaan Konstruksi,Normalisasi Sungai/Saluran Dsn Sukamantri Desa Sepinggan Kec. Semparuk,SELESAI,174699024,174699024
KAB. SAMBAS,DINAS KESEHATAN - 1.02.0.00.0.00.01.0000,01KN3W900X04R98AZ8ZSNKDG0E,66757156,2026,E-Katalog 6.0,APBD,WAGIONO,E-Purchasing,Jasa Lainnya,Belanja Jasa yang Diberikan kepada Pihak Ketiga/Pihak Lain,ON PROCESS,12024000,12024000
KAB. SAMBAS,DINAS KESEHATAN - 1.02.0.00.0.00.01.0000,01KPMC7BGDKA26G9ZY9SJC099P,65578957,2026,E-Katalog 6.0,APBD,BERNOFARM,E-Purchasing,Barang,Belanja Obat-Obatan-Obat,ON PROCESS,253708038,253708038
KAB. SAMBAS,SEKRETARIAT DAERAH - 4.01.5.06.0.00.01.0000,10876621000,66891804,2026,Pencatatan,APBD,,Pengadaan Langsung,Jasa Lainnya,Belanja Alat/Bahan untuk Kegiatan Kantor- Bahan Cetak,PAKET SEDANG BERJALAN,2320010,2320010
KAB. SAMBAS,RSUD TELUK KERAMAT - 1.02.0.00.0.00.01.0031,01KQ79MY0NG1FCRQHRME822X7W,65712429,2026,E-Katalog 6.0,APBD,INTERBAT,E-Purchasing,Barang,Belanja Obat-Obatan-Obat,ON PROCESS,8074140,8074140
KAB. SAMBAS,DINAS PEKERJAAN UMUM DAN PENATAAN RUANG - 1.03.0.00.0.00.01.0000,10896125000,67263613,2026,Non Tender,APBD,CV. AL GHIFARI,Pengadaan Langsung,Pekerjaan Konstruksi,Normalisasi Saluran Desa Lonam Kec. Pemangkat,SELESAI,87313406,87313406
KAB. SAMBAS,"DINAS PERUMAHAN RAKYAT, KAWASAN PERMUKIMAN DAN LINGKUNGAN HIDUP - 2.11.1.03.1.04.04.0000",10833569000,66388986,2026,Non Tender,APBD,CV.TANJUNG HARAPAN UTAMA,Pengadaan Langsung,Pekerjaan Konstruksi,Pembangunan Bak Penampungan Air Hujan (PAH) Dsn.Karangan Desa Madak Kec.Subah,SELESAI,69672000,69672000
KAB. SAMBAS,DINAS PEKERJAAN UMUM DAN PENATAAN RUANG - 1.03.0.00.0.00.01.0000,10830851000,64932071,2026,Non Tender,APBD,Cv. Sigma Nusantara Konsultan,Pengadaan Langsung,Jasa Konsultansi Badan Usaha Konstruksi,Jasa Konsultansi Perencanaan Penataan Bangunan dan Lingkungan Gedung Kantor Pemerintah II,SELESAI,24810000,24810000
KAB. SAMBAS,DINAS PERTANIAN DAN KETAHANAN PANGAN - 2.09.3.27.0.00.02.0000,10846525000,66706603,2026,Non Tender,APBD,CV. KARYA ABADI BERSAMA,Pengadaan Langsung,Pekerjaan Konstruksi,"Pembangunan, Rehabilitasi Tata Air Mikro Desa Batu Makjaga Kecamatan Tebas",SELESAI,175655000,175655000
KAB. SAMBAS,"DINAS KOPERASI, USAHA KECIL MENENGAH, PERINDUSTRIAN DAN PERDAGANGAN - 2.17.3.31.3.30.07.0000",01KGE7FMRF1Y2G9T19PAA8N440,64789904,2026,E-Katalog 6.0,APBD,ETIOS GITA PERSADA,E-Purchasing,Jasa Lainnya,Belanja Jasa Penyelenggara Acara,ON PROCESS,22200000,22200000
KAB. SAMBAS,DINAS PEKERJAAN UMUM DAN PENATAAN RUANG - 1.03.0.00.0.00.01.0000,10859421000,65755301,2026,Non Tender,APBD,CV. SUMBER BINA SEJATI,Pengadaan Langsung,Pekerjaan Konstruksi,Peningkatan Jalan Desa Merpati Dusun Pauh Kec. Tangaran,SELESAI,349359986,349359986
KAB. SAMBAS,DINAS PEKERJAAN UMUM DAN PENATAAN RUANG - 1.03.0.00.0.00.01.0000,10845644000,64900327,2026,Non Tender,APBD,DAFFANDRA POROSTUDIO,Pengadaan Langsung,Jasa Konsultansi Badan Usaha Konstruksi,Jasa Konsultansi Perencanaan (Paket IV),SELESAI,49672500,49672500
KAB. SAMBAS,DINAS PERHUBUNGAN - 2.15.0.00.0.00.01.0000,10842467000,65911458,2026,Non Tender,APBD,PT. ANDALAN ELECTRICAL CONSULTAN,Pengadaan Langsung,Jasa Konsultansi Badan Usaha Konstruksi,Konsultan Perencanaan Pengadaan Penerangan Jalan (PJU) Lampu Hias Paket II,SELESAI,34879752,34879752
KAB. SAMBAS,"DINAS PERUMAHAN RAKYAT, KAWASAN PERMUKIMAN DAN LINGKUNGAN HIDUP - 2.11.1.03.1.04.04.0000",10809517000,66606607,2026,Non Tender,APBD,CV.SANG SAKA SEJATI,Pengadaan Langsung,Pekerjaan Konstruksi,Pembangunan Bak Penampungan Air Hujan (PAH) Desa Kubangga Kec.Teluk Keramat,SELESAI,74141000,74141000
KAB. SAMBAS,DINAS KESEHATAN - 1.02.0.00.0.00.01.0000,01KRZ43381JG7BBW5K2T6FBXDF,65579141,2026,E-Katalog 6.0,APBD,DANU GLOBAL MEDITECH,E-Purchasing,Barang,Belanja Bahan-Bahan Lainnya,ON PROCESS,342095717,342095717
KAB. SAMBAS,DINAS PEKERJAAN UMUM DAN PENATAAN RUANG - 1.03.0.00.0.00.01.0000,10879207000,65755630;65755631,2026,Non Tender,APBD,CV.ARYA RISKI,Pengadaan Langsung,Pekerjaan Konstruksi,Peningkatan Jalan Desa Pasar Melayu dan Desa Lumbang Kec. Sambas,SELESAI,294994887,294994887
KAB. SAMBAS,DINAS PEKERJAAN UMUM DAN PENATAAN RUANG - 1.03.0.00.0.00.01.0000,10889055000,64932070,2026,Non Tender,APBD,CV. HORAS,Pengadaan Langsung,Pekerjaan Konstruksi,Pembangunan Pagar Polsek Tebas,SELESAI,174490682,174490682
KAB. SAMBAS,"DINAS PERUMAHAN RAKYAT, KAWASAN PERMUKIMAN DAN LINGKUNGAN HIDUP - 2.11.1.03.1.04.04.0000",10832453000,66389622,2026,Non Tender,APBD,CV. NUWANSA INOVASI,Pengadaan Langsung,Jasa Konsultansi Badan Usaha Konstruksi,Konsultan Perencanaan Perluasan SPAM Jaringan Perpipaan Paket V,SELESAI,42124500,42124500
KAB. SAMBAS,DINAS KESEHATAN - 1.02.0.00.0.00.01.0000,01KS4MRRSZY9H9MNEXS9TD4A39,65591598,2026,E-Katalog 6.0,APBD,INAPRO INSTRUMEN INDO,E-Purchasing,Barang,Belanja Bahan-Bahan Lainnya,ON PROCESS,572849997,572849997
KAB. SAMBAS,"DINAS PERIKANAN, PETERNAKAN DAN KESEHATAN HEWAN - 3.25.3.27.0.00.02.0000",10921889000,66899932,2026,Non Tender,APBD,CV. AL GHIFARI,Pengadaan Langsung,Pengadaan Barang,Gemarikan Stunting,SELESAI,135004880,135004880
KAB. SAMBAS,DINAS PERTANIAN DAN KETAHANAN PANGAN - 2.09.3.27.0.00.02.0000,10784965000,65844382,2026,Non Tender,APBD,cv.finicreative,Pengadaan Langsung,Jasa Konsultansi Badan Usaha Konstruksi,"Perencanaan Pembangunan, Rehabilitasi  Irigasi Perpompaan/Irigasi Perpipaan",SELESAI,35808600,35808600
KAB. SAMBAS,"DINAS PERUMAHAN RAKYAT, KAWASAN PERMUKIMAN DAN LINGKUNGAN HIDUP - 2.11.1.03.1.04.04.0000",10810451000,66610148,2026,Non Tender,APBD,CV. SARANA HARAPAN BERSAMA,Pengadaan Langsung,Pekerjaan Konstruksi,Pembangunan Bak Penampungan Air Hujan (PAH) Desa Tebas Sungai dan Desa Dungun Perapakan Kec.Tebas,SELESAI,349421000,349421000
KAB. SAMBAS,RSUD PEMANGKAT - 1.02.0.00.0.00.01.0029,01KNM4S8RTYSF2VZCW3P3VKWTF,65093976,2026,E-Katalog 6.0,APBD,GREET MED INDONESIA,E-Purchasing,Barang,Pengadaan BMHP Rumah Sakit,ON PROCESS,37624560,37624560
KAB. SAMBAS,DINAS PEKERJAAN UMUM DAN PENATAAN RUANG - 1.03.0.00.0.00.01.0000,10817893000,64932556,2026,Non Tender,APBD,CV. GEOPORTAL ENGINEERING,Pengadaan Langsung,Jasa Konsultansi Badan Usaha Konstruksi,Perencanaan Teknis / Detail Desain DIR Mentibar,SELESAI,99711300,99711300
KAB. SAMBAS,"DINAS PERUMAHAN RAKYAT, KAWASAN PERMUKIMAN DAN LINGKUNGAN HIDUP - 2.11.1.03.1.04.04.0000",10810663000,65446570,2026,Non Tender,APBD,SARANA KARYA SEJAHTERA,Pengadaan Langsung,Jasa Konsultansi Badan Usaha Konstruksi,Jasa Konsultansi Perencanaan Pembangunan Ruang Terbuka Hijau Paket II,SELESAI,49409800,49409800
KAB. SAMBAS,DINAS PEKERJAAN UMUM DAN PENATAAN RUANG - 1.03.0.00.0.00.01.0000,10830806000,66471298,2026,Non Tender,APBD,CV. GEOPORTAL ENGINEERING,Pengadaan Langsung,Jasa Konsultansi Badan Usaha Konstruksi,"Pendataan Gedung Kantor Kecamatan Tekarang, dan Kecamatan Jawai dan Kecamatan Jawai Selatan",SELESAI,89790000,89790000
KAB. SAMBAS,"DINAS PERUMAHAN RAKYAT, KAWASAN PERMUKIMAN DAN LINGKUNGAN HIDUP - 2.11.1.03.1.04.04.0000",10816051000,66822151,2026,Non Tender,APBD,CV. BANGUN JAYA KHATULISTIWA,Pengadaan Langsung,Jasa Konsultansi Badan Usaha Konstruksi,[ # ] Perbaikan PSU untuk Menunjang Fungsi Hunian Paket 17 - Jasa Konsultansi Perencanaan,SELESAI,69676000,69676000
KAB. SAMBAS,DINAS KESEHATAN - 1.02.0.00.0.00.01.0000,01KN3TJ6EFZMYY5PMQBKD3EKBV,66757156,2026,E-Katalog 6.0,APBD,RIZAL,E-Purchasing,Jasa Lainnya,Belanja Jasa yang Diberikan kepada Pihak Ketiga/Pihak Lain,ON PROCESS,12024000,12024000
KAB. SAMBAS,RSUD SAMBAS - 1.02.0.00.0.00.01.0030,01KJRVRF67XAMA529DSPG5S1XY,64773848,2026,E-Katalog 6.0,APBD,SINAR REKSO INTERNUSA,E-Purchasing,Barang,Belanja Barang dan Jasa BLUD,ON PROCESS,57298200,57298200
KAB. SAMBAS,SATUAN POLISI PAMONG PRAJA - 1.05.0.00.0.00.01.0000,01KN6K8QDFEND2AJYHJW3FH50R,66578330,2026,E-Katalog 6.0,APBD,RIO,E-Purchasing,Jasa Lainnya,Belanja Jasa Yang Diberikan Kepada Pihak Ketiga/Pihak Lain,ON PROCESS,12150000,12150000
KAB. SAMBAS,DINAS PEKERJAAN UMUM DAN PENATAAN RUANG - 1.03.0.00.0.00.01.0000,10869257000,64932143,2026,Non Tender,APBD,CV.ASRA,Pengadaan Langsung,Pekerjaan Konstruksi,Pemeliharaan Saluran Desa Mentibar Kec. Paloh,SELESAI,175750674,175750674
KAB. SAMBAS,"DINAS PERUMAHAN RAKYAT, KAWASAN PERMUKIMAN DAN LINGKUNGAN HIDUP - 2.11.1.03.1.04.04.0000",10821845000,66611314,2026,Non Tender,APBD,CV. PANDA,Pengadaan Langsung,Pekerjaan Konstruksi,Pembangunan Bak Penampungan Air Hujan (PAH) Desa Tebas Sungai dan Desa Dungun Perapakan Kec.Tebas II,SELESAI,178099000,178099000
KAB. SAMBAS,"DINAS PERUMAHAN RAKYAT, KAWASAN PERMUKIMAN DAN LINGKUNGAN HIDUP - 2.11.1.03.1.04.04.0000",10808901000,66388864,2026,Non Tender,APBD,CV.TANJUNG HARAPAN UTAMA,Pengadaan Langsung,Pekerjaan Konstruksi,Pembangunan Bak Penampungan Air Hujan (PAH) Desa Simpang Empat Kec.Tangaran I,SELESAI,148315000,148315000
KAB. SAMBAS,RSUD TELUK KERAMAT - 1.02.0.00.0.00.01.0031,01KP85XVSKMYKEYMX968B9RE2P,65712429,2026,E-Katalog 6.0,APBD,GRACIA PHARMINDO,E-Purchasing,Barang,Belanja Obat-Obatan-Obat,ON PROCESS,4085355,4085355
KAB. SAMBAS,DINAS PERHUBUNGAN - 2.15.0.00.0.00.01.0000,01KN20ZNB9BCG4KP30Z89TNCVP,66625982,2026,E-Katalog 6.0,APBD,ILHAM,E-Purchasing,Jasa Lainnya,"Jasa Tenaga Alihdaya (Tenaga Kebersihan, Tenaga Supir, Tenaga Keamanan, Tenaga Pramusaji)",ON PROCESS,12150000,12150000
KAB. SAMBAS,"DINAS PERUMAHAN RAKYAT, KAWASAN PERMUKIMAN DAN LINGKUNGAN HIDUP - 2.11.1.03.1.04.04.0000",10809804000,66388925,2026,Non Tender,APBD,BAGDAD,Pengadaan Langsung,Pekerjaan Konstruksi,Pembangunan Bak Penampungan Air Hujan (PAH) Desa Sekura Kec.Teluk Keramat,SELESAI,139770000,139770000
KAB. SAMBAS,DINAS PEKERJAAN UMUM DAN PENATAAN RUANG - 1.03.0.00.0.00.01.0000,10832394000,64932567,2026,Non Tender,APBD,JAVANO GEMILANG,Pengadaan Langsung,Jasa Konsultansi Badan Usaha Konstruksi,Detail Desain DIR. Sepadu 2 Kec. Teluk Keramat,SELESAI,97735500,97735500
KAB. SAMBAS,RSUD PEMANGKAT - 1.02.0.00.0.00.01.0029,01KRAMGKFPET76JS4VT8RBTAZD,65093976,2026,E-Katalog 6.0,APBD,DWICENTRA CAHAYA WIGUNA,E-Purchasing,Barang,Pengadaan BMHP Rumah Sakit,ON PROCESS,182684478,182684478
KAB. SAMBAS,DINAS PEKERJAAN UMUM DAN PENATAAN RUANG - 1.03.0.00.0.00.01.0000,10804835000,64932146,2026,Non Tender,APBD,CV.RIZHARY PRATAMA KONSULTAN,Pengadaan Langsung,Jasa Konsultansi Badan Usaha Konstruksi,Jasa Konsultansi Perencanaan (Paket II),SELESAI,49700250,49700250
KAB. SAMBAS,"DINAS PERIKANAN, PETERNAKAN DAN KESEHATAN HEWAN - 3.25.3.27.0.00.02.0000",01KN3ZPT4JTETW52ASZPH1S4BE,66704573,2026,E-Katalog 6.0,APBD,RIFKY SURISTA,E-Purchasing,Jasa Lainnya,Belanja Jasa Yang Diberikan Kepada Pihak Ketiga/ Pihak Lain,ON PROCESS,12978000,12978000
KAB. SAMBAS,BADAN KEUANGAN DAERAH - 5.02.0.00.0.00.02.0000,01KN40TV21V9J6RRMQ7THG6JGV,66870141,2026,E-Katalog 6.0,APBD,SITI RAHMA LESTARI,E-Purchasing,Jasa Lainnya,Belanja Jasa yang diberikan kepada pihak ketiga/pihak lain,ON PROCESS,15300000,15300000
KAB. SAMBAS,DINAS PENDIDIKAN DAN KEBUDAYAAN - 1.01.2.22.0.00.02.0000,10812274000,65283120,2026,Non Tender,APBD,NANA INSAN CONSULTANT,Pengadaan Langsung,Jasa Konsultansi Badan Usaha Konstruksi,Belanja Konsultansi Perencanaan Keramik Halaman Ruang Kelas SDN 20 Parit Cegat Kec. Sejangkung,SELESAI,2980000,2980000
KAB. SAMBAS,DINAS PEKERJAAN UMUM DAN PENATAAN RUANG - 1.03.0.00.0.00.01.0000,10863886000,65766721;65766723,2026,Non Tender,APBD,CV.CITRA ABADI,Pengadaan Langsung,Pekerjaan Konstruksi,Pembangunan Turap Desa Sekura Kec.Teluk Keramat I,SELESAI,295478688,295478688
KAB. SAMBAS,DINAS PEKERJAAN UMUM DAN PENATAAN RUANG - 1.03.0.00.0.00.01.0000,10824929000,64932614,2026,Non Tender,APBD,cv. karya abadi,Pengadaan Langsung,Pekerjaan Konstruksi,Rehabilitasi Saluran Dsn Mengkayar Desa Mekar Sekuntum Kec. Teluk Keramat,SELESAI,73905397,73905397
KAB. SAMBAS,"DINAS PERUMAHAN RAKYAT, KAWASAN PERMUKIMAN DAN LINGKUNGAN HIDUP - 2.11.1.03.1.04.04.0000",10821913000,66617286,2026,Non Tender,APBD,CV. HORAS,Pengadaan Langsung,Pekerjaan Konstruksi,Pembangunan Bak Penampungan Air Hujan (PAH) Desa Pangkalan Kongsi dan Desa Sungai Kelambu Kec. Tebas,SELESAI,202576000,202576000
KAB. SAMBAS,DINAS PEKERJAAN UMUM DAN PENATAAN RUANG - 1.03.0.00.0.00.01.0000,10839103000,64900395,2026,Non Tender,APBD,JAVANO GEMILANG,Pengadaan Langsung,Jasa Konsultansi Badan Usaha Konstruksi,Updating DEMANSI Bidang SDA,SELESAI,99289500,99289500
KAB. SAMBAS,"DINAS PERUMAHAN RAKYAT, KAWASAN PERMUKIMAN DAN LINGKUNGAN HIDUP - 2.11.1.03.1.04.04.0000",10809053000,66388957,2026,Non Tender,APBD,cv.usaha prima abadi,Pengadaan Langsung,Pekerjaan Konstruksi,Pembangunan Bak Penampungan Air Hujan (PAH) Desa Arung Parak Kec.Tangaran II,SELESAI,69720000,69720000
KAB. SAMBAS,DINAS PENDIDIKAN DAN KEBUDAYAAN - 1.01.2.22.0.00.02.0000,10822476000,65015240,2026,Non Tender,APBD,CV. SAMUDRA MANDIRI PERKASA,Pengadaan Langsung,Pekerjaan Konstruksi,Pembangunan Pagar SMPN 2 Semparuk,SELESAI,179516830,179516830
KAB. SAMBAS,DINAS PEKERJAAN UMUM DAN PENATAAN RUANG - 1.03.0.00.0.00.01.0000,10824008000,64930902,2026,Non Tender,APBD,SARANA KARYA SEJAHTERA,Pengadaan Langsung,Jasa Konsultansi Badan Usaha Konstruksi,Jasa Konsultansi Perencanaan Pembangunan Rumah Tahanan Polres Sambas,SELESAI,99857126,99857126
KAB. SAMBAS,DINAS PEKERJAAN UMUM DAN PENATAAN RUANG - 1.03.0.00.0.00.01.0000,10818993000,64932584,2026,Non Tender,APBD,DIFAZ ENGINEERING,Pengadaan Langsung,Jasa Konsultansi Badan Usaha Konstruksi,Perencanaan Teknis / Detail Desain DIR Sebagu,SELESAI,99666900,99666900
KAB. SAMBAS,"DINAS PERUMAHAN RAKYAT, KAWASAN PERMUKIMAN DAN LINGKUNGAN HIDUP - 2.11.1.03.1.04.04.0000",10816049000,66822126,2026,Non Tender,APBD,SARANA KARYA SEJAHTERA,Pengadaan Langsung,Jasa Konsultansi Badan Usaha Konstruksi,[ # ] Perbaikan PSU untuk Menunjang Fungsi Hunian Paket 15 - Jasa Konsultansi Perencanaan,SELESAI,69790000,69790000
KAB. SAMBAS,"DINAS PEMBERDAYAAN PEREMPUAN, PERLINDUNGAN ANAK, PENGENDALIAN PENDUDUK DAN KELUARGA BERENCANA - 2.08.2.14.0.00.02.0000",01KN611QZ9S4M2AZCCBCAZPSQF,66621433,2026,E-Katalog 6.0,APBD,JAMELUDIN,E-Purchasing,Jasa Lainnya,Belanja Jasa yang Diberikan kepada Pihak Ketiga/Pihak Lain,ON PROCESS,13707837,13707837
KAB. SAMBAS,SATUAN POLISI PAMONG PRAJA - 1.05.0.00.0.00.01.0000,01KN6KM03BXP3EABQBTXPM6ZQ2,66578330,2026,E-Katalog 6.0,APBD,AMINUDDIN,E-Purchasing,Jasa Lainnya,Belanja Jasa Yang Diberikan Kepada Pihak Ketiga/Pihak Lain,ON PROCESS,12150000,12150000
KAB. SAMBAS,DINAS PEKERJAAN UMUM DAN PENATAAN RUANG - 1.03.0.00.0.00.01.0000,10868294000,64932167,2026,Non Tender,APBD,cv. sarana samudra,Pengadaan Langsung,Pekerjaan Konstruksi,Pemeliharaan Saluran Desa Sengawang Kec. Teluk Keramat,SELESAI,191776037,191776037
KAB. SAMBAS,"DINAS PEMBERDAYAAN PEREMPUAN, PERLINDUNGAN ANAK, PENGENDALIAN PENDUDUK DAN KELUARGA BERENCANA - 2.08.2.14.0.00.02.0000",01KN615GZJ1PEZZ07013WQ04ZR,66621433,2026,E-Katalog 6.0,APBD,SURIADI,E-Purchasing,Jasa Lainnya,Belanja Jasa yang Diberikan kepada Pihak Ketiga/Pihak Lain,ON PROCESS,14067837,14067837
KAB. SAMBAS,DINAS PERTANIAN DAN KETAHANAN PANGAN - 2.09.3.27.0.00.02.0000,10803731000,66297332,2026,Non Tender,APBD,CV.RIZHARY PRATAMA KONSULTAN,Pengadaan Langsung,Jasa Konsultansi Badan Usaha Konstruksi,"Pengawasan Pembangunan, Rehabilitasi Tata Air Mikro Paket 4",SELESAI,29786850,29786850
KAB. SAMBAS,SEKRETARIAT DAERAH - 4.01.5.06.0.00.01.0000,01KMMG3471M6C4CG1FTEPER6XZ,66615108,2026,E-Katalog 6.0,APBD,YUNI ASNITA,E-Purchasing,Jasa Lainnya,"Jasa Tenaga Alihdaya (Tenaga Kebersihan, Tenaga Supir, Tenaga Keamanan, Tenaga Pramusaji)",ON PROCESS,14523534,14523534
KAB. SAMBAS,DINAS PEKERJAAN UMUM DAN PENATAAN RUANG - 1.03.0.00.0.00.01.0000,10903455000,67284388,2026,Non Tender,APBD,CV. PENA DISAIN KONSULTAN,Pengadaan Langsung,Jasa Konsultansi Badan Usaha Konstruksi,Jasa Konsultansi Pengawasan Peningkatan Jalan Poros Desa Paket XIII,SELESAI,74841306,74841306
KAB. SAMBAS,RSUD TELUK KERAMAT - 1.02.0.00.0.00.01.0031,01KVB5B0WT39HXWS8X4TWF9ZVC,65712431,2026,E-Katalog 6.0,APBD,KAPUAS PERMATA MEDIFARMA,E-Purchasing,Barang,Belanja Bahan-Bahan Lainnya,ON PROCESS,59547393,59547393
KAB. SAMBAS,DINAS PERHUBUNGAN - 2.15.0.00.0.00.01.0000,10842337000,65912992,2026,Non Tender,APBD,PT ANISHA PUTRA KENCANA,Pengadaan Langsung,Jasa Konsultansi Badan Usaha Konstruksi,Konsultan Perencanaan Pengadaan Penerangan Jalan (PJU) Paket VI,SELESAI,79804005,79804005
KAB. SAMBAS,"DINAS PERUMAHAN RAKYAT, KAWASAN PERMUKIMAN DAN LINGKUNGAN HIDUP - 2.11.1.03.1.04.04.0000",10867539000,66388938,2026,Non Tender,APBD,cv.finicreative,Pengadaan Langsung,Jasa Konsultansi Badan Usaha Konstruksi,Konsultan Perencanaan Pembangunan SPAM Bukan Jaringan Perpipaan Paket X,SELESAI,39644760,39644760
KAB. SAMBAS,KECAMATAN SUBAH - 7.01.0.00.0.00.11.0000,01KQRKDY7735EFN3PKDSVE75HD,67039675,2026,E-Katalog 6.0,APBD,ANITA A,E-Purchasing,Jasa Lainnya,Jasa yang Diberikan kepada Pihak Ketiga/Pihak Lain,ON PROCESS,11481016,11481016
KAB. SAMBAS,DINAS PEKERJAAN UMUM DAN PENATAAN RUANG - 1.03.0.00.0.00.01.0000,10843780000,64900447,2026,Non Tender,APBD,CV. PANJI ALAM,Pengadaan Langsung,Pekerjaan Konstruksi,Normalisasi Saluran Desa Dungun Laut Kec. Jawai,SELESAI,179755434,179755434
KAB. SAMBAS,DINAS PENDIDIKAN DAN KEBUDAYAAN - 1.01.2.22.0.00.02.0000,10890202000,65185570,2026,Non Tender,APBD,NANA INSAN CONSULTANT,Pengadaan Langsung,Jasa Konsultansi Badan Usaha Konstruksi,Belanja Jasa Konsultansi Perencanaan Peningkatan Halaman SDN 05 Teluk Nangka Kec. Semparuk,SELESAI,3374744,3374744
KAB. SAMBAS,"DINAS PERUMAHAN RAKYAT, KAWASAN PERMUKIMAN DAN LINGKUNGAN HIDUP - 2.11.1.03.1.04.04.0000",10837527000,66610716,2026,Non Tender,APBD,CV Cahaya Rafisqy Ghava,Pengadaan Langsung,Pekerjaan Konstruksi,Pembangunan Sumur Bor Desa Sungai Nyirih dan Desa Bakau Kec.Jawai,SELESAI,84106000,84106000
KAB. SAMBAS,"DINAS PERUMAHAN RAKYAT, KAWASAN PERMUKIMAN DAN LINGKUNGAN HIDUP - 2.11.1.03.1.04.04.0000",10814049000,66617697,2026,Non Tender,APBD,Dungun Sebatang,Pengadaan Langsung,Pekerjaan Konstruksi,Pembangunan Sumur Bor Desa Pancur dan Desa Arung Medang Kec.Tangaran,SELESAI,295005000,295005000
KAB. SAMBAS,RSUD PEMANGKAT - 1.02.0.00.0.00.01.0029,01KQ7K73QSQGVYGM7G09KZGEM4,65093976,2026,E-Katalog 6.0,APBD,FOKUS DIAGNOSTIC INDONESIA,E-Purchasing,Barang,Pengadaan BMHP Rumah Sakit,ON PROCESS,40365927,40365927
