nama_instansi,nama_satuan_kerja,kode_paket,kode_rup,tahun_anggaran,sumber_transaksi,sumber_dana,nama_penyedia,metode_pengadaan,jenis_pengadaan,nama_paket,status_paket,total_nilai,nilai_pdn
KAB. LOMBOK TIMUR,DINAS PERTANIAN - 3.27.0.00.0.00.01.0000,10918634000,63751189,2026,Non Tender,APBD,CV. ALAM JAGAT RAYA,Pengadaan Langsung,Pekerjaan Konstruksi,Persediaan untuk Dijual/Diserahkan Kepada Masyarakat (Rehab embung klp tani pade angen desa seriwe kec. Jerowaru (Tan 36),SELESAI,145350000,145350000
KAB. LOMBOK TIMUR,PUSKESMAS RENSING (BLUD) - 1.02.0.00.0.00.01.0013,01KR30XDQ3ZBZG2EGK5EZZWNMB,66505628,2026,E-Katalog 6.0,APBD,JAYAMAS MEDICA INDUSTRI,E-Purchasing,Barang,Pengadaan BMHP Pada Puskesmas Rensing,ON PROCESS,5131130,5131130
KAB. LOMBOK TIMUR,DINAS KESEHATAN - 1.02.0.00.0.00.01.0000,01KNH2W619V20D7TS1MX6Q20HB,63968045,2026,E-Katalog 6.0,APBD,DEXA MEDICA,E-Purchasing,Barang,Pengadaan Obat (DAU yang Ditentukan Penggunaannya Bidang Kesehatan),ON PROCESS,24354288,24354288
KAB. LOMBOK TIMUR,DINAS PEKERJAAN UMUM DAN PENATAAN RUANG - 1.03.0.00.0.00.01.0000,10882629000,63767783,2026,Non Tender,APBD,CV. SAFIRA ASRI,Pengadaan Langsung,Pekerjaan Konstruksi,Penataan Tempat Ibadah Kecamatan Sakra Timur,SELESAI,146727000,146727000
KAB. LOMBOK TIMUR,DINAS PEKERJAAN UMUM DAN PENATAAN RUANG - 1.03.0.00.0.00.01.0000,10922938000,63767803,2026,Non Tender,APBD,CV CAHAYA AL FATH,Pengadaan Langsung,Pekerjaan Konstruksi,Pengadaan kantor lembaga lpm insan mandiri kilang kecamatan montong betok,SELESAI,97765000,97765000
KAB. LOMBOK TIMUR,PUSKESMAS SAKRA (BLUD) - 1.02.0.00.0.00.01.0010,01KMHDTDSJFM39YAR8TC99PEKB,66442527,2026,E-Katalog 6.0,APBD,BERNOFARM,E-Purchasing,Barang,Pengadaan Obat Puskesmas Sakra,ON PROCESS,1976133,1976133
KAB. LOMBOK TIMUR,RSUD LOMBOK TIMUR - 1.02.0.00.0.00.01.0039,01KRYNK8GXJ25FWGW8N0KQD8S9,64855001,2026,E-Katalog 6.0,BLUD,RIDHO ILAHI FARMA,E-Purchasing,Barang,Belanja Obat-Obatan-Obat,ON PROCESS,16210457,16210457
KAB. LOMBOK TIMUR,PUSKESMAS RARANG (BLUD) - 1.02.0.00.0.00.01.0032,01KQ1BTNBAQKYMPX7KJD80ACCV,66116819,2026,E-Katalog 6.0,BLUD,RIDHO ILAHI FARMA,E-Purchasing,Barang,Belanja Barang Pakai Habis,ON PROCESS,1338499,1338499
KAB. LOMBOK TIMUR,DINAS PEKERJAAN UMUM DAN PENATAAN RUANG - 1.03.0.00.0.00.01.0000,10890653000,63764391,2026,Non Tender,APBD,CV KELUARGA AMANAH,Pengadaan Langsung,Pekerjaan Konstruksi,Sumur Bor untuk Ponpes Kecamatan Lenek,SELESAI,97761000,97761000
KAB. LOMBOK TIMUR,DINAS PEKERJAAN UMUM DAN PENATAAN RUANG - 1.03.0.00.0.00.01.0000,10892911000,63767831,2026,Non Tender,APBD,CV. RAFKA PRATAMA,Pengadaan Langsung,Pekerjaan Konstruksi,Penataan Infrastruktur Sarana dan Prasarana umum Geres Bagek Elen (Rabat Beton Jalan Lingkungan),SELESAI,97697000,97697000
KAB. LOMBOK TIMUR,DINAS PERTANIAN - 3.27.0.00.0.00.01.0000,10891474000,63751928,2026,Non Tender,APBD,CV. PURI UTAMA,Pengadaan Langsung,Pekerjaan Konstruksi,Persediaan untuk Dijual/Diserahkan Kepada Masyarakat (Penataan Jaringan Irigasi Desa Lepak Timur Kecamatan Sakra Timur (Irigasi 5),SELESAI,145350000,145350000
KAB. LOMBOK TIMUR,PUSKESMAS SUELA (BLUD) - 1.02.0.00.0.00.01.0006,01KPT4QPJ0H0K64F0MC42CHX9R,66789701,2026,E-Katalog 6.0,APBD,SAFELOCK MEDICAL,E-Purchasing,Barang,Pengadaan BMHP Puskesmas Suela,ON PROCESS,9483040,9483040
KAB. LOMBOK TIMUR,DINAS PERDAGANGAN - 3.30.0.00.0.00.01.0000,01KK844G2FFJZP8K284JJY6CH8,64088727,2026,E-Katalog 6.0,APBD,GLORY ART,E-Purchasing,Barang,Pengadaan Sembako,ON PROCESS,1134962291,1134962291
KAB. LOMBOK TIMUR,PUSKESMAS RENSING (BLUD) - 1.02.0.00.0.00.01.0013,01KRAKXZG1F1KYXV3AJ8C16NKQ,66505907,2026,E-Katalog 6.0,APBD,ERLANGGA EDI LABORATORIES,E-Purchasing,Barang,Pengadaan Obat Puskesmas Rensing,ON PROCESS,2446884,2446884
KAB. LOMBOK TIMUR,DINAS PERUMAHAN DAN KAWASAN PERMUKIMAN - 1.04.0.00.0.00.01.0000,01KVSSJ6HHWPGVEBXRKR8B7D4T,66892153,2026,E-Katalog 6.0,APBD,LESTARI KARYA,E-Purchasing,Barang,Belanja Barang untuk Dijual/Diserahkan kepada Masyarakat Kecamatan Suralaga,ON PROCESS,122244522,122244522
KAB. LOMBOK TIMUR,PUSKESMAS AIKMEL (BLUD) - 1.02.0.00.0.00.01.0005,01KPFFWD8NQY4S9F9QM905FMBT,66490102,2026,E-Katalog 6.0,APBD,SOLAS LANGGENG SEJAHTERA,E-Purchasing,Barang,Pengadaan Obat Pada Puskesmas Aikmel,ON PROCESS,15704191,15704191
KAB. LOMBOK TIMUR,SEKRETARIAT DAERAH - 4.01.0.00.0.00.01.0000,10809994000,64389683,2026,Non Tender,APBD,ARSAKHA TEHNIK,Pengadaan Langsung,Pengadaan Barang,Beban Pemeliharaan Bangunan Gedung-Bangunan Gedung Tempat Kerja-Bangunan Gedung Kantor - Pemeliharaan Lift Gedung Barat,SELESAI,198690000,0
KAB. LOMBOK TIMUR,RSUD PATUH KARYA - 1.02.0.00.0.00.01.0040,01KPA1RTB6HRY503NXM1M5YAS0,63998403,2026,E-Katalog 6.0,APBD,ENSEVAL MEDIKA PRIMA,E-Purchasing,Barang,Belanja Obat-Obatan-Obat-Obatan Lainnya,ON PROCESS,16099984,16099984
KAB. LOMBOK TIMUR,PUSKESMAS JEROWARU (BLUD) - 1.02.0.00.0.00.01.0012,01KQC03A7SDPE81EJE19D4R7Z1,66417328,2026,E-Katalog 6.0,APBD,JAYAMAS MEDICA INDUSTRI,E-Purchasing,Barang,Pengadaan BMHP Puskesmas Jerowaru,ON PROCESS,1568992,1568992
KAB. LOMBOK TIMUR,DINAS PERDAGANGAN - 3.30.0.00.0.00.01.0000,01KK0JVXJJ5Q33G377WNDK0VG9,64088720,2026,E-Katalog 6.0,APBD,AYUDIA PUTERI,E-Purchasing,Barang,"Pengadaan beras, telur, gula , bawang merah, bahan pokok lainnya",ON PROCESS,399580650,399580650
KAB. LOMBOK TIMUR,PUSKESMAS SUELA (BLUD) - 1.02.0.00.0.00.01.0006,01KRF7PQ4FC536GFDHH10DG8W7,67125527,2026,E-Katalog 6.0,APBD,UD. TERRA COMPUTER,E-Purchasing,Barang,Belanja Modal Peralatan dan Mesin BLUD,ON PROCESS,21500000,0
KAB. LOMBOK TIMUR,PUSKESMAS RARANG (BLUD) - 1.02.0.00.0.00.01.0032,01KK2XM345KVV6X8GDZMZ4HGFH,66116819,2026,E-Katalog 6.0,BLUD,SAPTA SARI TAMA,E-Purchasing,Barang,Belanja Barang Pakai Habis,ON PROCESS,1665000,0
KAB. LOMBOK TIMUR,PUSKESMAS RARANG (BLUD) - 1.02.0.00.0.00.01.0032,01KVA24H0HCCD1J6J4B1M34CG1,64010076,2026,E-Katalog 6.0,BLUD,BERNOFARM,E-Purchasing,Barang,Belanja Barang dan Jasa BLUD,ON PROCESS,5957481,5957481
KAB. LOMBOK TIMUR,SEKRETARIAT DAERAH - 4.01.0.00.0.00.01.0000,10280614000,42022205,2026,Swakelola,APBD,"Lalu Kurnia Darmawan, ST, dkk",,,Honorarium Tim Pelaksana Kegiatan dan Sekretariat Tim Pelaksana Kegiatan,PAKET SEDANG BERJALAN,10300000,0
KAB. LOMBOK TIMUR,DINAS PEKERJAAN UMUM DAN PENATAAN RUANG - 1.03.0.00.0.00.01.0000,10900032000,63768004,2026,Non Tender,APBD,UMAMI UTAMA,Pengadaan Langsung,Pekerjaan Konstruksi,Penataan lingkungan (talud) dasan paok desa loyok,SELESAI,146505000,146505000
KAB. LOMBOK TIMUR,PUSKESMAS LABUHAN LOMBOK (BLUD) - 1.02.0.00.0.00.01.0021,01KPTBVDHJ3NMM7669SQYEZ61E,66855941,2026,E-Katalog 6.0,APBD,LIKUID PHARMALAB INDONESIA,E-Purchasing,Barang,Pengadaan BMHP Puskesmas Labuhan Lombok,ON PROCESS,2214992,2214992
KAB. LOMBOK TIMUR,DINAS PEKERJAAN UMUM DAN PENATAAN RUANG - 1.03.0.00.0.00.01.0000,10906688000,63767703,2026,Non Tender,APBD,CV. YOESRI PUTRA,Pengadaan Langsung,Pekerjaan Konstruksi,"Pemeliharaan dan Pengadaaan Cat Masjid Nurul Yaqin Desa Semaya, Kecamatan Sikur",SELESAI,146785000,146785000
KAB. LOMBOK TIMUR,RSUD PATUH KARYA - 1.02.0.00.0.00.01.0040,01KK878FMN2404CQA15CY8VXCA,63998403,2026,E-Katalog 6.0,APBD,KALBE FARMA,E-Purchasing,Barang,Belanja Obat-Obatan-Obat-Obatan Lainnya,ON PROCESS,44999999,0
KAB. LOMBOK TIMUR,DINAS PEKERJAAN UMUM DAN PENATAAN RUANG - 1.03.0.00.0.00.01.0000,10853045000,63767984,2026,Non Tender,APBD,CV MERENDA SEJAHTERA,Pengadaan Langsung,Pekerjaan Konstruksi,Pemasangan batu sikat dudun pelopok desa lepak,SELESAI,68440000,68440000
KAB. LOMBOK TIMUR,PUSKESMAS RARANG (BLUD) - 1.02.0.00.0.00.01.0032,01KJY7229TEZZRFBEZC62HPW56,64010076,2026,E-Katalog 6.0,BLUD,MEPROFARM,E-Purchasing,Barang,Belanja Barang dan Jasa BLUD,ON PROCESS,233100,233100
KAB. LOMBOK TIMUR,DINAS PEKERJAAN UMUM DAN PENATAAN RUANG - 1.03.0.00.0.00.01.0000,10856990000,63767765,2026,Non Tender,APBD,CV.BUMBANG,Pengadaan Langsung,Pekerjaan Konstruksi,Penataan lingkungan pr jurang 1,SELESAI,146637000,146637000
KAB. LOMBOK TIMUR,PUSKESMAS PRINGGASELA UTAMA (BLUD) - 1.02.0.00.0.00.01.0036,01KPN29R9ABK1EZ6Q7M3N0WV5X,66748444,2026,E-Katalog 6.0,APBD,SOLAS LANGGENG SEJAHTERA,E-Purchasing,Barang,Pengadaan Obat Puskesmas Pringgasela Utama,ON PROCESS,1784769,1784769
KAB. LOMBOK TIMUR,DINAS PEKERJAAN UMUM DAN PENATAAN RUANG - 1.03.0.00.0.00.01.0000,01KSRS9QJST1EE7F42P1JECHVJ,67208191,2026,E-Katalog 6.0,APBD,SIWIFA,E-Purchasing,Barang,Pengadaan bahan bangunan klinik hamzar desa mamben daya kecamatan wanasaba,ON PROCESS,390287100,390287100
KAB. LOMBOK TIMUR,PUSKESMAS RARANG (BLUD) - 1.02.0.00.0.00.01.0032,01KJP124G83QRFW40AQDM6KQJ1,64010076,2026,E-Katalog 6.0,BLUD,MEGA KREASI ALKESINDO,E-Purchasing,Barang,Belanja Barang dan Jasa BLUD,ON PROCESS,2135196,2135196
KAB. LOMBOK TIMUR,PUSKESMAS DENGGEN (BLUD) - 1.02.0.00.0.00.01.0027,01KPFC2BP2VDGE5KA72JVQTKAZ,66764909,2026,E-Katalog 6.0,APBD,MULAWARMAN KESADA MEDICALINDO,E-Purchasing,Barang,Pengadaan BMHP Puskesmas Denggen,ON PROCESS,9963360,9963360
KAB. LOMBOK TIMUR,PUSKESMAS RARANG (BLUD) - 1.02.0.00.0.00.01.0032,01KK2XXWSAA7KH2F33SX6DA30N,66116819,2026,E-Katalog 6.0,BLUD,INTISUMBER HASIL SEMPURNA GLOBAL,E-Purchasing,Barang,Belanja Barang Pakai Habis,ON PROCESS,1378620,0
KAB. LOMBOK TIMUR,DINAS PEKERJAAN UMUM DAN PENATAAN RUANG - 1.03.0.00.0.00.01.0000,10882798000,63767784,2026,Non Tender,APBD,CV. NURIL,Pengadaan Langsung,Pekerjaan Konstruksi,Penataan Lingkungan Kecamatan Sakra,SELESAI,146678000,146678000
KAB. LOMBOK TIMUR,DINAS PEKERJAAN UMUM DAN PENATAAN RUANG - 1.03.0.00.0.00.01.0000,10861519000,63767705,2026,Non Tender,APBD,CV. MARSHA UTAMA,Pengadaan Langsung,Pekerjaan Konstruksi,"Penataan Jalan Desa Darmasari, Kecamatan Sikur",SELESAI,195788000,195788000
KAB. LOMBOK TIMUR,PUSKESMAS RARANG (BLUD) - 1.02.0.00.0.00.01.0032,01KVHDJHKYQ2MBMC7JHYYARD3N,64010076,2026,E-Katalog 6.0,BLUD,ERLANGGA EDI LABORATORIES,E-Purchasing,Barang,Belanja Barang dan Jasa BLUD,ON PROCESS,978754,978754
KAB. LOMBOK TIMUR,DINAS PEKERJAAN UMUM DAN PENATAAN RUANG - 1.03.0.00.0.00.01.0000,10911938000,63767681,2026,Non Tender,APBD,CV. MUDA SENTOSA,Pengadaan Langsung,Pekerjaan Konstruksi,Pembuatan gapura gang desa tembeng putek kecamatan wanasaba,SELESAI,195670000,195670000
KAB. LOMBOK TIMUR,PUSKESMAS RARANG (BLUD) - 1.02.0.00.0.00.01.0032,01KJVYC38NQ6ETSWNBWCDRSKTK,64010076,2026,E-Katalog 6.0,BLUD,BERNOFARM,E-Purchasing,Barang,Belanja Barang dan Jasa BLUD,ON PROCESS,390609,390609
KAB. LOMBOK TIMUR,DINAS PEKERJAAN UMUM DAN PENATAAN RUANG - 1.03.0.00.0.00.01.0000,10859403000,63767757,2026,Non Tender,APBD,CV. AYUDIA PUTERI,Pengadaan Langsung,Pekerjaan Konstruksi,Penataan Jalan dan lingkungan Desa Gelora Kec. Sikur,SELESAI,195511000,195511000
KAB. LOMBOK TIMUR,DINAS PEKERJAAN UMUM DAN PENATAAN RUANG - 1.03.0.00.0.00.01.0000,10886726000,63767893,2026,Non Tender,APBD,CV. RIA KARYA,Pengadaan Langsung,Pekerjaan Konstruksi,Penataan Lingkungan di Kelurahan Kembang sari,SELESAI,117309000,117309000
KAB. LOMBOK TIMUR,PUSKESMAS SUELA (BLUD) - 1.02.0.00.0.00.01.0006,01KRZMGZGR7TYD5VACGRTNE781,66789701,2026,E-Katalog 6.0,APBD,GLOBAL PHARMA INDONESIA,E-Purchasing,Barang,Pengadaan BMHP Puskesmas Suela,ON PROCESS,4621485,4621485
KAB. LOMBOK TIMUR,PUSKESMAS SAMBALIA (BLUD) - 1.02.0.00.0.00.01.0022,01KPZ92XW0B99W7F6FBA6STE6M,66855597,2026,E-Katalog 6.0,APBD,TRIFA RAYA LABORATORIES,E-Purchasing,Barang,Pengadaan Obat Puskesmas Sambelia,ON PROCESS,5350200,5350200
KAB. LOMBOK TIMUR,PUSKESMAS KOTARAJA (BLUD) - 1.02.0.00.0.00.01.0014,01KN29P268S4J7G9ADNX9CS02J,66776495,2026,E-Katalog 6.0,APBD,BERNOFARM,E-Purchasing,Barang,Pengadaan Obat Puskesmas Kotaraja,ON PROCESS,17949466,17949466
KAB. LOMBOK TIMUR,PUSKESMAS SELONG (BLUD) - 1.02.0.00.0.00.01.0002,01KPFMKVCMDNH6WS2JF4W44YP3,66490106,2026,E-Katalog 6.0,APBD,GLOBAL PHARMA INDONESIA,E-Purchasing,Barang,Pengadaan BMHP Pada Puskesmas Selong,ON PROCESS,15709275,15709275
KAB. LOMBOK TIMUR,PUSKESMAS BELANTING (BLUD) - 1.02.0.00.0.00.01.0025,01KPSZYFEWGHZ2H0CR0NAJZ35P,66844176,2026,E-Katalog 6.0,APBD,LIKUID PHARMALAB INDONESIA,E-Purchasing,Barang,Pengadaan BMHP Pada Puskesmas Belanting,ON PROCESS,919608,919608
KAB. LOMBOK TIMUR,PUSKESMAS RARANG (BLUD) - 1.02.0.00.0.00.01.0032,01KVEX1QMM5KW3G92JGJKR3KV1,64010076,2026,E-Katalog 6.0,BLUD,RIDHO ILAHI FARMA,E-Purchasing,Barang,Belanja Barang dan Jasa BLUD,ON PROCESS,1338499,1338499
KAB. LOMBOK TIMUR,PUSKESMAS LENEK (BLUD) - 1.02.0.00.0.00.01.0018,01KPETG6SFTZ6NC2TNHV5VN0K3,66667172,2026,E-Katalog 6.0,APBD,SAFELOCK MEDICAL,E-Purchasing,Barang,Pengadaan Belanja BMHP Pada Puskesmas Lenek,ON PROCESS,9353282,9353282
KAB. LOMBOK TIMUR,PUSKESMAS AIKMEL UTARA (BLUD) - 1.02.0.00.0.00.01.0035,01KTN2YR7EP7FJRN7P11N64AV4,66440606,2026,E-Katalog 6.0,BLUD,MEPROFARM,E-Purchasing,Barang,Belanja Barang dan Jasa BLUD,ON PROCESS,2153400,2153400
KAB. LOMBOK TIMUR,PUSKESMAS SIKUR (BLUD) - 1.02.0.00.0.00.01.0008,01KS9FWA98Q0QGQCXPB8513WJK,66775725,2026,E-Katalog 6.0,APBD,SOLAS LANGGENG SEJAHTERA,E-Purchasing,Barang,Pengadaan Obat Puskesmas Sikur,ON PROCESS,750360,750360
KAB. LOMBOK TIMUR,DINAS PEKERJAAN UMUM DAN PENATAAN RUANG - 1.03.0.00.0.00.01.0000,10860779000,63767675,2026,Non Tender,APBD,CV. KINARA,Pengadaan Langsung,Pekerjaan Konstruksi,Penataan Lingkungan Dayan Masjid Kelurahan Pancor,SELESAI,97724000,97724000
KAB. LOMBOK TIMUR,PUSKESMAS MASBAGIK BARU (BLUD) - 1.02.0.00.0.00.01.0029,01KPT1N34M281BT1F3V721NPEQ,66490114,2026,E-Katalog 6.0,APBD,EFADA MEDICAL INDUSTRIES INDONESIA,E-Purchasing,Barang,Pengadaan BMHP Pada Puskesmas Masbagik Baru,ON PROCESS,817293,817293
KAB. LOMBOK TIMUR,DINAS PEKERJAAN UMUM DAN PENATAAN RUANG - 1.03.0.00.0.00.01.0000,10835987000,63767756,2026,Non Tender,APBD,CV.YAYANG LESTARI,Pengadaan Langsung,Pekerjaan Konstruksi,Lapen Desa Gelora Kec. Sikur,SELESAI,146640000,146640000
KAB. LOMBOK TIMUR,PUSKESMAS KERUAK (BLUD) - 1.02.0.00.0.00.01.0011,01KPQ2NH7QX79VV9SBFPYNYRPE,66666856,2026,E-Katalog 6.0,APBD,SAFELOCK MEDICAL,E-Purchasing,Barang,Pengadaan BMHP Pada Puskesmas Keruak,ON PROCESS,21954184,21954184
KAB. LOMBOK TIMUR,PUSKESMAS LENEK (BLUD) - 1.02.0.00.0.00.01.0018,01KQC60P7KP05XTSFQVQM350XK,66667172,2026,E-Katalog 6.0,APBD,JAYAMAS MEDICA INDUSTRI,E-Purchasing,Barang,Pengadaan Belanja BMHP Pada Puskesmas Lenek,ON PROCESS,1668378,1668378
KAB. LOMBOK TIMUR,DINAS PERTANIAN - 3.27.0.00.0.00.01.0000,10902538000,63751200,2026,Non Tender,APBD,CV. KARYA KITA,Pengadaan Langsung,Pekerjaan Konstruksi,Persediaan untuk Dijual/Diserahkan Kepada Masyarakat (Normalisasi Embung Rakyat 1 Kecamatan Jerowaru. (Tan 11),BERLANGSUNG,145352696,145352696
KAB. LOMBOK TIMUR,DINAS PEKERJAAN UMUM DAN PENATAAN RUANG - 1.03.0.00.0.00.01.0000,10842912000,63767837,2026,Non Tender,APBD,LENGKOK LENDANG,Pengadaan Langsung,Pekerjaan Konstruksi,Pemasangan Batu Sikat Kecamatan Wanasaba,SELESAI,97767000,97767000
KAB. LOMBOK TIMUR,PUSKESMAS RARANG (BLUD) - 1.02.0.00.0.00.01.0032,01KM56JDCMC8C0VEQHSTXA7SAN,66240726,2026,E-Katalog 6.0,BLUD,SAPTA SARI TAMA,E-Purchasing,Barang,Belanja Barang Pakai Habis,ON PROCESS,2081250,0
KAB. LOMBOK TIMUR,DINAS PEKERJAAN UMUM DAN PENATAAN RUANG - 1.03.0.00.0.00.01.0000,10908896000,63767789,2026,Non Tender,APBD,CV. BURSA JANTUK MAS,Pengadaan Langsung,Pekerjaan Konstruksi,Rehab kantor Desa Jantuk Kecamatan Sukamulia,SELESAI,97760000,97760000
KAB. LOMBOK TIMUR,DINAS PEKERJAAN UMUM DAN PENATAAN RUANG - 1.03.0.00.0.00.01.0000,10857148000,63767701,2026,Non Tender,APBD,CV. SANDEKALA,Pengadaan Langsung,Pekerjaan Konstruksi,Pengaspalan Jalam Desa Kotaraja,SELESAI,97723000,97723000
KAB. LOMBOK TIMUR,DINAS PEKERJAAN UMUM DAN PENATAAN RUANG - 1.03.0.00.0.00.01.0000,10926693000,63767720,2026,Non Tender,APBD,CV. IKHTIAR DWI PUTRA,Pengadaan Langsung,Pekerjaan Konstruksi,Penataan Lingkungan Mengkuru Dusun Sejawe Desa Pandan Wangi Kecamatan Jerowaru,SELESAI,195521000,195521000
KAB. LOMBOK TIMUR,DINAS PERDAGANGAN - 3.30.0.00.0.00.01.0000,01KJPRG0SN13VNKWY0MTBWMP74,64088736,2026,E-Katalog 6.0,APBD,GLORY ART,E-Purchasing,Barang,"Pengadaan Beras, Telur, Gula dan Minyak",ON PROCESS,699728982,699728982
KAB. LOMBOK TIMUR,PUSKESMAS RARANG (BLUD) - 1.02.0.00.0.00.01.0032,01KK609C7JS5MN0R2DNTGN3YP9,66116819,2026,E-Katalog 6.0,BLUD,JAYAMAS MEDICA INDUSTRI,E-Purchasing,Barang,Belanja Barang Pakai Habis,ON PROCESS,5482290,5482290
KAB. LOMBOK TIMUR,DINAS PERTANIAN - 3.27.0.00.0.00.01.0000,10917682000,63751165,2026,Non Tender,APBD,CV. IKHTIAR DWI PUTRA,Pengadaan Langsung,Pekerjaan Konstruksi,Persediaan untuk Dijual/Diserahkan Kepada Masyarakat (Rehabilitasi Embung Rakyat 1 Kecamatan Jerowaru (Tan 1),SELESAI,145350000,145350000
KAB. LOMBOK TIMUR,PUSKESMAS SAKRA (BLUD) - 1.02.0.00.0.00.01.0010,01KKX1H5GW731YNW56VJ3WX9JM,66442527,2026,E-Katalog 6.0,APBD,BERNOFARM,E-Purchasing,Barang,Pengadaan Obat Puskesmas Sakra,ON PROCESS,3629700,3629700
KAB. LOMBOK TIMUR,DINAS PEKERJAAN UMUM DAN PENATAAN RUANG - 1.03.0.00.0.00.01.0000,10893040000,63767787,2026,Non Tender,APBD,CV. KELUARGA MENTANGI JAYA,Pengadaan Langsung,Pekerjaan Konstruksi,Pembukaan Jalan Baru Kecamatan Sakra Timur,SELESAI,195540000,195540000
KAB. LOMBOK TIMUR,SEKRETARIAT DEWAN PERWAKILAN RAKYAT DAERAH - 4.02.0.00.0.00.01.0000,01KP87YHK232T7Z8E3XT97SJGE,64485538,2026,E-Katalog 6.0,APBD,RAJAWALI BUANA AGUNG,E-Purchasing,Jasa Lainnya,Belanja Jasa Tenaga Kebersihan,ON PROCESS,422300000,422300000
KAB. LOMBOK TIMUR,RSUD LOMBOK TIMUR - 1.02.0.00.0.00.01.0039,01KMMFWHK2PGPCAH6HG5E4SCJC,66599073,2026,E-Katalog 6.0,BLUD,AYOOKLIK AIRMAS INTERNUSA,E-Purchasing,Barang,Belanja Modal Personal Computer - Laptop,ON PROCESS,74249998,74249998
KAB. LOMBOK TIMUR,PUSKESMAS KARANG BARU (BLUD) - 1.02.0.00.0.00.01.0024,01KRAENHHZRD0ZE8YTQV00H8YZ,66819325,2026,E-Katalog 6.0,APBD,MULAWARMAN KESADA MEDICALINDO,E-Purchasing,Barang,Pengadaan BMHP Puskesmas Karang Baru,ON PROCESS,1465200,1465200
KAB. LOMBOK TIMUR,DINAS PEKERJAAN UMUM DAN PENATAAN RUANG - 1.03.0.00.0.00.01.0000,10913002000,63767844,2026,Non Tender,APBD,CV. ALFARIZKI GROUP,Pengadaan Langsung,Pekerjaan Konstruksi,"Penataan jalan lingkungan gelanggang buwuh, desa gelanggang, kec. Sakra timur",SELESAI,97719000,97719000
KAB. LOMBOK TIMUR,RSUD LOMBOK TIMUR - 1.02.0.00.0.00.01.0039,01KS28FQ1ZVDRPE4Y9E3TZK1M7,64855001,2026,E-Katalog 6.0,BLUD,DEXA MEDICA,E-Purchasing,Barang,Belanja Obat-Obatan-Obat,ON PROCESS,33779292,33779292
KAB. LOMBOK TIMUR,PUSKESMAS KERONGKONG (BLUD) - 1.02.0.00.0.00.01.0016,01KR46BG83FB034G5R8R26ZYYY,67105125,2026,E-Katalog 6.0,APBD,UD. TERRA COMPUTER,E-Purchasing,Barang,Belanja Modal Peralatan dan Mesin BLUD,ON PROCESS,59995500,0
KAB. LOMBOK TIMUR,DINAS PERTANIAN - 3.27.0.00.0.00.01.0000,01KP7TSP5F9PN53F72ZQQQTAFY,66855632,2026,E-Katalog 6.0,APBD,ANEKA NUTRISI GLOBAL INDONESIA,E-Purchasing,Barang,Persediaan untuk Dijual/Diserahkan Kepada Masyarakat (Pupuk Hayati Cair (PHC),ON PROCESS,57085300,57085300
KAB. LOMBOK TIMUR,DINAS KESEHATAN - 1.02.0.00.0.00.01.0000,01KMYRFYT0548E1KA9PVBF56CA,63968045,2026,E-Katalog 6.0,APBD,SATORIA ANEKA INDUSTRI,E-Purchasing,Barang,Pengadaan Obat (DAU yang Ditentukan Penggunaannya Bidang Kesehatan),ON PROCESS,2397670862,2397670862
KAB. LOMBOK TIMUR,PUSKESMAS JEROWARU (BLUD) - 1.02.0.00.0.00.01.0012,01KQ2EZ7HNX4ERY35ENJ15MPMJ,67005586,2026,E-Katalog 6.0,APBD,UD. TERRA COMPUTER,E-Purchasing,Barang,Belanja Modal Peralatan dan Mesin BLUD,ON PROCESS,10900000,0
KAB. LOMBOK TIMUR,DINAS PEKERJAAN UMUM DAN PENATAAN RUANG - 1.03.0.00.0.00.01.0000,10851695000,63767995,2026,Non Tender,APBD,WAFA ARGA DAMAI,Pengadaan Langsung,Pekerjaan Konstruksi,Penataan Lingkungan Desa Montong Betok Kecamatan Montong Gading,SELESAI,97679000,97679000
KAB. LOMBOK TIMUR,DINAS PEKERJAAN UMUM DAN PENATAAN RUANG - 1.03.0.00.0.00.01.0000,10884454000,63767811,2026,Non Tender,APBD,CV. MUJARI UTAMA,Pengadaan Langsung,Pekerjaan Konstruksi,Penataan Lingkungan Masjid Besar Al Ittihad Desa Labuhan Haji Kecamatan Labuhan Haji,SELESAI,97759000,97759000
KAB. LOMBOK TIMUR,DINAS PERDAGANGAN - 3.30.0.00.0.00.01.0000,01KKE0Y9Z82XP15XEPFNFHJ223,64088740,2026,E-Katalog 6.0,APBD,GLORY ART,E-Purchasing,Barang,"Pengadaan Minyak, Beras dan Gula",ON PROCESS,349902144,349902144
KAB. LOMBOK TIMUR,PUSKESMAS MASBAGIK (BLUD) - 1.02.0.00.0.00.01.0007,01KPQ1H9G75EW3VJ51XSMDGJJ4,66937693,2026,E-Katalog 6.0,APBD,EFADA MEDICAL INDUSTRIES INDONESIA,E-Purchasing,Barang,Pengadaan BMHP Puskesmas Masbagik,ON PROCESS,1505582,1505582
KAB. LOMBOK TIMUR,PUSKESMAS AIKMEL (BLUD) - 1.02.0.00.0.00.01.0005,01KPT7DSNRB686T754V1YK0JYC,66490101,2026,E-Katalog 6.0,APBD,LIKUID PHARMALAB INDONESIA,E-Purchasing,Barang,Pengadaan BMHP Pada Puskesmas Aikmel,ON PROCESS,3510375,3510375
KAB. LOMBOK TIMUR,DINAS PEKERJAAN UMUM DAN PENATAAN RUANG - 1.03.0.00.0.00.01.0000,10857086000,63767716,2026,Non Tender,APBD,CV. SANDEKALA,Pengadaan Langsung,Pekerjaan Konstruksi,Penataan Lingkungan (Batu Sikat) Desa Kotaraja Kec. Sikur,SELESAI,97732000,97732000
KAB. LOMBOK TIMUR,DINAS PERTANIAN - 3.27.0.00.0.00.01.0000,10940238000,63751173,2026,Non Tender,APBD,CV. SULTAN AL FATAH JAYA ABADI,Pengadaan Langsung,Pekerjaan Konstruksi,Persediaan untuk Dijual/Diserahkan Kepada Masyarakat (Rehabilitasi Embung Desa Seriwe Kecamatan Jerowaru (Tan 56),BERLANGSUNG,116253700,116253700
KAB. LOMBOK TIMUR,PUSKESMAS KERONGKONG (BLUD) - 1.02.0.00.0.00.01.0016,01KS43Z6P6W997C2EWCJEV23RY,66528385,2026,E-Katalog 6.0,APBD,GLOBAL PHARMA INDONESIA,E-Purchasing,Barang,Pengadaan BMHP Puskesmas Kerongkong,ON PROCESS,8844314,8844314
KAB. LOMBOK TIMUR,PUSKESMAS RARANG (BLUD) - 1.02.0.00.0.00.01.0032,01KTZC265RPC971V0F50Q1RA7R,66240726,2026,E-Katalog 6.0,BLUD,MEPROFARM,E-Purchasing,Barang,Belanja Barang Pakai Habis,ON PROCESS,3996000,3996000
KAB. LOMBOK TIMUR,DINAS PEKERJAAN UMUM DAN PENATAAN RUANG - 1.03.0.00.0.00.01.0000,10908908000,63767812,2026,Non Tender,APBD,CV. BURSA JANTUK MAS,Pengadaan Langsung,Pekerjaan Konstruksi,Penataan Masjid Nurul Muttaqi Dusun Peron Desa Bintang Rinjani,SELESAI,97670000,97670000
KAB. LOMBOK TIMUR,DINAS PERTANIAN - 3.27.0.00.0.00.01.0000,10937864000,63751926,2026,Non Tender,APBD,CV. MARSHA UTAMA,Pengadaan Langsung,Pekerjaan Konstruksi,Persediaan untuk Dijual/Diserahkan Kepada Masyarakat (Peningkatan/Rehabilitasi Jaringan Irigasi Tersier Sikur Kecamatan Sikur (Irigasi 8),BERLANGSUNG,193853340,193853340
KAB. LOMBOK TIMUR,DINAS PETERNAKAN DAN KESEHATAN HEWAN - 3.27.0.00.0.00.02.0000,01KS1JAAZCTGMWBT2GYVM98SD1,67132776,2026,E-Katalog 6.0,APBD,MIZTA CIPTA PERKASA,E-Purchasing,Barang,Belanja Obat-Obatan-Obat,ON PROCESS,99726618,99726618
KAB. LOMBOK TIMUR,DINAS PEKERJAAN UMUM DAN PENATAAN RUANG - 1.03.0.00.0.00.01.0000,10863819000,63767976,2026,Non Tender,APBD,CHIEKO KARYA,Pengadaan Langsung,Pekerjaan Konstruksi,Penataan Lingkungan Dusun Ambungan Desa Wanasaba,SELESAI,146685000,146685000
KAB. LOMBOK TIMUR,PUSKESMAS SAKRA (BLUD) - 1.02.0.00.0.00.01.0010,01KPZ26AQ4E46FX17NQDR0R15E,66442620,2026,E-Katalog 6.0,APBD,RIDHO ILAHI FARMA,E-Purchasing,Barang,Pengadaan BMHP Puskesmas Sakra,ON PROCESS,1869310,1869310
KAB. LOMBOK TIMUR,PUSKESMAS MASBAGIK BARU (BLUD) - 1.02.0.00.0.00.01.0029,01KRZNQY37KKA46X4TF46TESSA,66490114,2026,E-Katalog 6.0,APBD,LIKUID PHARMALAB INDONESIA,E-Purchasing,Barang,Pengadaan BMHP Pada Puskesmas Masbagik Baru,ON PROCESS,1755188,1755188
KAB. LOMBOK TIMUR,RSUD PATUH KARYA - 1.02.0.00.0.00.01.0040,01KKBVD8WM954W37FTJ9RGXNQ7,63998403,2026,E-Katalog 6.0,APBD,GWS PRIMA SENTOSA,E-Purchasing,Barang,Belanja Obat-Obatan-Obat-Obatan Lainnya,ON PROCESS,9851250,0
KAB. LOMBOK TIMUR,DINAS KESEHATAN - 1.02.0.00.0.00.01.0000,01KPMV87VD2ESHZKK97C4T1FGV,63968045,2026,E-Katalog 6.0,APBD,PHAPROS,E-Purchasing,Barang,Pengadaan Obat (DAU yang Ditentukan Penggunaannya Bidang Kesehatan),ON PROCESS,27185010,27185010
KAB. LOMBOK TIMUR,PUSKESMAS KARANG BARU (BLUD) - 1.02.0.00.0.00.01.0024,01KPSCNDSEMPRMZ29QNNQFDW6Q,66819325,2026,E-Katalog 6.0,APBD,EFADA MEDICAL INDUSTRIES INDONESIA,E-Purchasing,Barang,Pengadaan BMHP Puskesmas Karang Baru,ON PROCESS,1506803,1506803
KAB. LOMBOK TIMUR,PUSKESMAS RARANG (BLUD) - 1.02.0.00.0.00.01.0032,01KM5554186VFT5D4PV4XKFVD9,66240726,2026,E-Katalog 6.0,BLUD,MEPROFARM,E-Purchasing,Barang,Belanja Barang Pakai Habis,ON PROCESS,1953878,1953878
KAB. LOMBOK TIMUR,RSUD LOMBOK TIMUR - 1.02.0.00.0.00.01.0039,01KS8XGXSQ9FC15BZ85DFS68VW,64855001,2026,E-Katalog 6.0,BLUD,DEXA MEDICA,E-Purchasing,Barang,Belanja Obat-Obatan-Obat,ON PROCESS,17246070,17246070
KAB. LOMBOK TIMUR,PUSKESMAS AIKMEL (BLUD) - 1.02.0.00.0.00.01.0005,01KPT7WF5H69P76MN9KHEY6X0F,66490101,2026,E-Katalog 6.0,APBD,SAFELOCK MEDICAL,E-Purchasing,Barang,Pengadaan BMHP Pada Puskesmas Aikmel,ON PROCESS,9392497,9392497
KAB. LOMBOK TIMUR,PUSKESMAS KERUAK (BLUD) - 1.02.0.00.0.00.01.0011,01KQ99DQHGANR0Y8HZAQFTD8E2,66666856,2026,E-Katalog 6.0,APBD,MULAWARMAN KESADA MEDICALINDO,E-Purchasing,Barang,Pengadaan BMHP Pada Puskesmas Keruak,ON PROCESS,10989000,10989000
KAB. LOMBOK TIMUR,DINAS PEKERJAAN UMUM DAN PENATAAN RUANG - 1.03.0.00.0.00.01.0000,10932181000,63768003,2026,Non Tender,APBD,LENGKOK LENDANG,Pengadaan Langsung,Pekerjaan Konstruksi,Pembangunan Gedung Serba Guna Al Mukhtariah Lengkok Mamben Lauk Kecamatan Wansaba,BERLANGSUNG,195760000,195760000
KAB. LOMBOK TIMUR,PUSKESMAS SIKUR (BLUD) - 1.02.0.00.0.00.01.0008,01KQ9130EC3X9X9FFXY6BXY1W6,66775810,2026,E-Katalog 6.0,APBD,GLOBAL PHARMA INDONESIA,E-Purchasing,Barang,Pengadaan BMHP Puskesmas Sikur,ON PROCESS,31241727,31241727
KAB. LOMBOK TIMUR,PUSKESMAS KOTARAJA (BLUD) - 1.02.0.00.0.00.01.0014,01KPVZWEGJ2TNFM7WYA380ZTVY,66776558,2026,E-Katalog 6.0,APBD,MULAWARMAN KESADA MEDICALINDO,E-Purchasing,Barang,Pengadaan BMHP Puskesmas Kotaraja,ON PROCESS,5567760,5567760
KAB. LOMBOK TIMUR,DINAS KESEHATAN - 1.02.0.00.0.00.01.0000,01KQ9PS028P536CVTV48PG5Q50,63967646,2026,E-Katalog 6.0,APBD,PRIMA PARAMA MOBILINDO,E-Purchasing,Barang,Pengadaan ambulance,ON PROCESS,293328000,293328000
KAB. LOMBOK TIMUR,RSUD DR. SOEDJONO SELONG - 1.02.0.00.0.00.01.0038,01KVS8Q93HT3QJQE4EWN9213H9,67197186,2026,E-Katalog 6.0,BLUD,OTTO PHARMACEUTICAL INDUSTRIES,E-Purchasing,Barang,Belanja Obat-Obatan,ON PROCESS,36030600,36030600
KAB. LOMBOK TIMUR,DINAS PERTANIAN - 3.27.0.00.0.00.01.0000,10931829000,64035619,2026,Non Tender,APBD,CV MERENDA SEJAHTERA,Pengadaan Langsung,Pekerjaan Konstruksi,Persediaan untuk Dijual/Diserahkan Kepada Masyarakat (Jalan usaha tani montong sari desa sakra (JUT 1),BERLANGSUNG,125955412,125955412
KAB. LOMBOK TIMUR,DINAS PERTANIAN - 3.27.0.00.0.00.01.0000,10899367000,63751224,2026,Non Tender,APBD,CV. MORI SATRA,Pengadaan Langsung,Pekerjaan Konstruksi,Persediaan untuk Dijual/Diserahkan Kepada Masyarakat (Rehab embung klp tani ujung selatan pandan wangi kec. Jerowaru (Tan 29),SELESAI,193850000,193850000
KAB. LOMBOK TIMUR,PUSKESMAS SAMBALIA (BLUD) - 1.02.0.00.0.00.01.0022,01KQC0FHSAAWGY3ET0NZ6T8RJB,66855628,2026,E-Katalog 6.0,APBD,BUMI SARANA MAJU,E-Purchasing,Barang,Pengadaan BMHP Puskesmas Sambelia,ON PROCESS,520965,520965
KAB. LOMBOK TIMUR,PUSKESMAS LABUHAN HAJI (BLUD) - 1.02.0.00.0.00.01.0003,01KNTPX4GG0KSZX0799S5S4PB5,66858991,2026,E-Katalog 6.0,APBD,BERNOFARM,E-Purchasing,Barang,Pengadaan Obat Puskesmas Labuhan Haji,ON PROCESS,14950424,14950424
KAB. LOMBOK TIMUR,PUSKESMAS LABUHAN LOMBOK (BLUD) - 1.02.0.00.0.00.01.0021,01KPTCH91FFXS48ES3QCKN25HK,66855941,2026,E-Katalog 6.0,APBD,SAFELOCK MEDICAL,E-Purchasing,Barang,Pengadaan BMHP Puskesmas Labuhan Lombok,ON PROCESS,5387426,5387426
KAB. LOMBOK TIMUR,DINAS PERTANIAN - 3.27.0.00.0.00.01.0000,10818808000,63751246,2026,Non Tender,APBD,CV. RASYA CONSULTANT,Pengadaan Langsung,Jasa Konsultansi Badan Usaha Non Konstruksi,Persediaan untuk Dijual/Diserahkan Kepada Masyarakat (Konsultan Perencana Embung),SELESAI,79953300,79953300
KAB. LOMBOK TIMUR,PUSKESMAS KALIJAGA (BLUD) - 1.02.0.00.0.00.01.0019,01KR0HW5WBEWJF4EA8BAWZ24ZJ,66510653,2026,E-Katalog 6.0,APBD,JAYAMAS MEDICA INDUSTRI,E-Purchasing,Barang,Pengadaan BMHP Puskesmas Kalijaga,ON PROCESS,2244198,2244198
KAB. LOMBOK TIMUR,DINAS PERTANIAN - 3.27.0.00.0.00.01.0000,10937804000,63751937,2026,Non Tender,APBD,CV. MARSHA UTAMA,Pengadaan Langsung,Pekerjaan Konstruksi,Persediaan untuk Dijual/Diserahkan Kepada Masyarakat (Peningkatan/Rehabilitasi Jaringan Irigasi Tersier Menceh Kecamatan Sakra Timur (Irigasi  14),BERLANGSUNG,193852946,193852946
KAB. LOMBOK TIMUR,PUSKESMAS RARANG (BLUD) - 1.02.0.00.0.00.01.0032,01KT829HSC43Q011QMNTQVRRKD,67200010,2026,E-Katalog 6.0,BLUD,BUANA INTIPRIMA USAHA,E-Purchasing,Barang,Belanja Modal Peralatan dan Mesin BLUD,ON PROCESS,14687498,14687498
KAB. LOMBOK TIMUR,PUSKESMAS RARANG (BLUD) - 1.02.0.00.0.00.01.0032,01KPFX9M5FC4ZBQ4P547DH5QE1,64010076,2026,E-Katalog 6.0,BLUD,JAYAMAS MEDICA INDUSTRI,E-Purchasing,Barang,Belanja Barang dan Jasa BLUD,ON PROCESS,3760680,3760680
KAB. LOMBOK TIMUR,RSUD SELAPARANG - 1.02.0.00.0.00.01.0037,10290683000,42179509,2026,Swakelola,APBD,BAIQ KHAERUNNISAK DKK,,,Belanja jasa Pegawai Pemerintah dengan Perjanjian Kerja (PPPK) Paruh Waktu pada jabatan tenaga kesehatan,PAKET SEDANG BERJALAN,16550000,0
KAB. LOMBOK TIMUR,DINAS PERTANIAN - 3.27.0.00.0.00.01.0000,10919956000,63751236,2026,Non Tender,APBD,CV. RIJANI PERSADA GROUP,Pengadaan Langsung,Pekerjaan Konstruksi,Persediaan untuk Dijual/Diserahkan Kepada Masyarakat (Normalisasi Embung II Kec. Jerowaru (Tan 46),SELESAI,193850000,193850000
KAB. LOMBOK TIMUR,RSUD PATUH KARYA - 1.02.0.00.0.00.01.0040,01KKFTWN5HHEPK60F8K4CRT5K7,63998403,2026,E-Katalog 6.0,APBD,ETHICA INDUSTRI FARMASI,E-Purchasing,Barang,Belanja Obat-Obatan-Obat-Obatan Lainnya,ON PROCESS,2959038,2959038
KAB. LOMBOK TIMUR,DINAS PERTANIAN - 3.27.0.00.0.00.01.0000,10930596000,63751193,2026,Non Tender,APBD,CV. KARYA KITA,Pengadaan Langsung,Pekerjaan Konstruksi,Persediaan untuk Dijual/Diserahkan Kepada Masyarakat (Rehabilitasi Embung Rakyat 7 Kecamatan Jerowaru (Tan 7),BERLANGSUNG,145352696,145352696
KAB. LOMBOK TIMUR,DINAS PEKERJAAN UMUM DAN PENATAAN RUANG - 1.03.0.00.0.00.01.0000,10832246000,63767762,2026,Non Tender,APBD,CV. LUMBUNG MULIA,Pengadaan Langsung,Pekerjaan Konstruksi,Penataan lingkungan desa aikmel utara kec aikmel,SELESAI,195451000,195451000
KAB. LOMBOK TIMUR,PUSKESMAS RENSING (BLUD) - 1.02.0.00.0.00.01.0013,01KMMJ90V7YM3R57CFE23N1Z1F,66505907,2026,E-Katalog 6.0,APBD,BERNOFARM,E-Purchasing,Barang,Pengadaan Obat Puskesmas Rensing,ON PROCESS,4042620,4042620
KAB. LOMBOK TIMUR,PUSKESMAS PENGADANGAN (BLUD) - 1.02.0.00.0.00.01.0004,01KQC3460QPVAHYJV6YDVTMJCF,66819299,2026,E-Katalog 6.0,APBD,RIDHO ILAHI FARMA,E-Purchasing,Barang,Pengadaan BMHP Puskesmas Pengadangan,ON PROCESS,6150177,6150177
KAB. LOMBOK TIMUR,PUSKESMAS DENGGEN (BLUD) - 1.02.0.00.0.00.01.0027,01KN19ZNTGEN7KEV7245K0RG9X,66764830,2026,E-Katalog 6.0,APBD,BERNOFARM,E-Purchasing,Barang,Pengadaan Obat Puskesmas Denggen,ON PROCESS,20210691,20210691
KAB. LOMBOK TIMUR,PUSKESMAS BELANTING (BLUD) - 1.02.0.00.0.00.01.0025,01KPCJEQ3RPGAH2SHPC9W46F8Z,66844154,2026,E-Katalog 6.0,APBD,SATORIA ANEKA INDUSTRI,E-Purchasing,Barang,Pengadaan Obat Pada Puskesmas Belanting,ON PROCESS,1611720,1611720
KAB. LOMBOK TIMUR,PUSKESMAS RARANG (BLUD) - 1.02.0.00.0.00.01.0032,01KT82GPAEDJBK38QZ6ZJ9M8PV,67200010,2026,E-Katalog 6.0,BLUD,KARSA MANDIRI ALKESINDO,E-Purchasing,Barang,Belanja Modal Peralatan dan Mesin BLUD,ON PROCESS,1276500,0
KAB. LOMBOK TIMUR,PUSKESMAS SUKARAJA (BLUD) - 1.02.0.00.0.00.01.0031,01KPEWRRKXA8M848G5CBBWSR0A,66770182,2026,E-Katalog 6.0,APBD,SOLAS LANGGENG SEJAHTERA,E-Purchasing,Barang,Pengadaan Obat Puskesmas Sukaraja,ON PROCESS,750360,750360
KAB. LOMBOK TIMUR,DINAS PERTANIAN - 3.27.0.00.0.00.01.0000,10899355000,63751233,2026,Non Tender,APBD,CV. MORI SATRA,Pengadaan Langsung,Pekerjaan Konstruksi,Persediaan untuk Dijual/Diserahkan Kepada Masyarakat (Rehab embung klp tani rangah baru desa pandan wangi kec. Jerowaru Tan 25),SELESAI,193850000,193850000
KAB. LOMBOK TIMUR,PUSKESMAS SUKARAJA (BLUD) - 1.02.0.00.0.00.01.0031,01KPFTFRR8VAYVTHZPWXKX0557,66770692,2026,E-Katalog 6.0,APBD,LIKUID PHARMALAB INDONESIA,E-Purchasing,Barang,Pengadaan BMHP Puskesmas Sukaraja,ON PROCESS,2214992,2214992
KAB. LOMBOK TIMUR,DINAS PEKERJAAN UMUM DAN PENATAAN RUANG - 1.03.0.00.0.00.01.0000,10126239000,63758813,2026,Tender,APBD,CV. KARYA JAYA LAKSANA,Tender,Pekerjaan Konstruksi,Perluasan SPAM Jaringan Perpipaan Desa Sekaroh,SELESAI,3595701000,3595701000
KAB. LOMBOK TIMUR,DINAS KESEHATAN - 1.02.0.00.0.00.01.0000,01KQE59N4YKPBBKZKHNNMAVSP0,63968045,2026,E-Katalog 6.0,APBD,KIMIA FARMA TRADING & DISTRIBUTION,E-Purchasing,Barang,Pengadaan Obat (DAU yang Ditentukan Penggunaannya Bidang Kesehatan),ON PROCESS,15557116,15557116
KAB. LOMBOK TIMUR,RSUD PATUH KARYA - 1.02.0.00.0.00.01.0040,01KNNMWVDJNEY6E9ASWPR86VGZ,63998403,2026,E-Katalog 6.0,APBD,PERUSAHAAN PERSEROAN (PERSERO) PT KIMIA FARMA,E-Purchasing,Barang,Belanja Obat-Obatan-Obat-Obatan Lainnya,ON PROCESS,1391474,1391474
KAB. LOMBOK TIMUR,DINAS PERTANIAN - 3.27.0.00.0.00.01.0000,10892124000,64209894,2026,Non Tender,APBD,CV. SAFIRA ASRI,Pengadaan Langsung,Pekerjaan Konstruksi,Bangunan Gedung Kantor (Rehabilitasi Kantor Dinas Pertanian),SELESAI,399800000,399800000
KAB. LOMBOK TIMUR,SEKRETARIAT DAERAH - 4.01.0.00.0.00.01.0000,10780036000,65160312,2026,Non Tender,APBD,KJPP Rengganis Hamid dan Rekan,Pengadaan Langsung,Jasa Lainnya,Belanja Barang untuk Dijual/Diserahkan kepada Masyarakat (Biaya Appraisal Tanah Kuburan Desa Sikur),SELESAI,29115300,29115300
KAB. LOMBOK TIMUR,PUSKESMAS KOTARAJA (BLUD) - 1.02.0.00.0.00.01.0014,01KRAPWBP8QE4Q7BAJFF3WAK2G,66776495,2026,E-Katalog 6.0,APBD,TRIFA RAYA LABORATORIES,E-Purchasing,Barang,Pengadaan Obat Puskesmas Kotaraja,ON PROCESS,1578975,1578975
KAB. LOMBOK TIMUR,DINAS PEKERJAAN UMUM DAN PENATAAN RUANG - 1.03.0.00.0.00.01.0000,10851719000,63768009,2026,Non Tender,APBD,CV MERENDA SEJAHTERA,Pengadaan Langsung,Pekerjaan Konstruksi,Penataan lingkungan perumahan desa kalijaga,SELESAI,185789000,185789000
KAB. LOMBOK TIMUR,DINAS KOPERASI DAN USAHA KECIL MENENGAH - 2.17.0.00.0.00.01.0000,10305200000,42192995,2026,Swakelola,APBD,"Baiq Farida Apriani, S.Sos dkk ",,,Belanja Honorarium Penanggungjawaban Pengelola Keuangan,PAKET SEDANG BERJALAN,7300000,0
KAB. LOMBOK TIMUR,PUSKESMAS KALIJAGA (BLUD) - 1.02.0.00.0.00.01.0019,01KRMNMZSQWCCWBJ66G3M196R3,66510653,2026,E-Katalog 6.0,APBD,MULAWARMAN KESADA MEDICALINDO,E-Purchasing,Barang,Pengadaan BMHP Puskesmas Kalijaga,ON PROCESS,7326000,7326000
KAB. LOMBOK TIMUR,RSUD PATUH KARYA - 1.02.0.00.0.00.01.0040,01KK8CNPAEH5T4YRAR6H8PE29V,63998403,2026,E-Katalog 6.0,APBD,LAPI LABORATORIES,E-Purchasing,Barang,Belanja Obat-Obatan-Obat-Obatan Lainnya,ON PROCESS,35445963,35445963
KAB. LOMBOK TIMUR,DINAS PERTANIAN - 3.27.0.00.0.00.01.0000,10923570000,64035651,2026,Non Tender,APBD,DOYAN KARYA,Pengadaan Langsung,Pekerjaan Konstruksi,Persediaan untuk Dijual/Diserahkan Kepada Masyarakat (Pembukaan Jalan Usaha Tani Temorok sampai Santap Desa Pandan Wangi kecamatan Jerowaru (JUT 6),SELESAI,145350000,145350000
KAB. LOMBOK TIMUR,PUSKESMAS SAMBALIA (BLUD) - 1.02.0.00.0.00.01.0022,01KPF6AEGA18CAGYY0XS17VX9E,66855628,2026,E-Katalog 6.0,APBD,MULAWARMAN KESADA MEDICALINDO,E-Purchasing,Barang,Pengadaan BMHP Puskesmas Sambelia,ON PROCESS,8644680,8644680
KAB. LOMBOK TIMUR,PUSKESMAS WANASABA (BLUD) - 1.02.0.00.0.00.01.0033,01KPZMFKXBGYPQ3ANBR2M01ZZS,66707136,2026,E-Katalog 6.0,APBD,SATORIA ANEKA INDUSTRI,E-Purchasing,Barang,Pengadaan Obat Puskesmas Wanasaba,ON PROCESS,12321000,12321000
KAB. LOMBOK TIMUR,PUSKESMAS SURALAGA (BLUD) - 1.02.0.00.0.00.01.0034,01KPQJYDZ420WXVRWBS652WDQ6,66762018,2026,E-Katalog 6.0,APBD,SOLAS LANGGENG SEJAHTERA,E-Purchasing,Barang,Pengadaan Obat Puskesmas Suralaga,ON PROCESS,3182037,3182037
KAB. LOMBOK TIMUR,RSUD LOMBOK TIMUR - 1.02.0.00.0.00.01.0039,01KR5E7M90W2MEJK7E29BTNHVX,64855001,2026,E-Katalog 6.0,BLUD,BERNOFARM,E-Purchasing,Barang,Belanja Obat-Obatan-Obat,ON PROCESS,19924833,19924833
KAB. LOMBOK TIMUR,RSUD SELAPARANG - 1.02.0.00.0.00.01.0037,01KSRSFB3FXKYYSZVD0Q3S0Y9P,63991942,2026,E-Katalog 6.0,APBD,DIRUI MEDICAL INDONESIA,E-Purchasing,Barang,Belanja Obat-Obatan-Obat-Obatan Lainnya,ON PROCESS,81757383,0
KAB. LOMBOK TIMUR,DINAS PEKERJAAN UMUM DAN PENATAAN RUANG - 1.03.0.00.0.00.01.0000,10902540000,63764393,2026,Non Tender,APBD,CV KELUARGA AMANAH,Pengadaan Langsung,Pekerjaan Konstruksi,Sumur bor masjid aik anyar,SELESAI,146641000,146641000
KAB. LOMBOK TIMUR,PUSKESMAS LEPAK (BLUD) - 1.02.0.00.0.00.01.0028,01KP96RKH2WBKG2V5PJWRRP95H,66666594,2026,E-Katalog 6.0,APBD,EFADA MEDICAL INDUSTRIES INDONESIA,E-Purchasing,Barang,Pengadaan BMHP Pada Puskesmas Lepak,ON PROCESS,1637996,1637996
KAB. LOMBOK TIMUR,PUSKESMAS LEPAK (BLUD) - 1.02.0.00.0.00.01.0028,01KPSW5TX0D9CEPA0YT5DFN4YV,66666594,2026,E-Katalog 6.0,APBD,EFADA MEDICAL INDUSTRIES INDONESIA,E-Purchasing,Barang,Pengadaan BMHP Pada Puskesmas Lepak,ON PROCESS,1003534,1003534
KAB. LOMBOK TIMUR,DINAS PEKERJAAN UMUM DAN PENATAAN RUANG - 1.03.0.00.0.00.01.0000,10838434000,63767814,2026,Non Tender,APBD,CV. BURSA JANTUK MAS,Pengadaan Langsung,Pekerjaan Konstruksi,Penataan Lingkungan Banjar Kemuning Kecamatan Selong,SELESAI,97880000,97880000
KAB. LOMBOK TIMUR,DINAS PEKERJAAN UMUM DAN PENATAAN RUANG - 1.03.0.00.0.00.01.0000,10852348000,63767979,2026,Non Tender,APBD,CV. KALI PERAKO,Pengadaan Langsung,Pekerjaan Konstruksi,Lapen jalan desa penakak anjani,SELESAI,195517000,195517000
KAB. LOMBOK TIMUR,DINAS PEKERJAAN UMUM DAN PENATAAN RUANG - 1.03.0.00.0.00.01.0000,10929113000,63767672,2026,Non Tender,APBD,CV. MUDA SENTOSA,Pengadaan Langsung,Pekerjaan Konstruksi,Rehabilitasi Musalla Musalla Al-Istiqomah Dusun Asmalang Kalijaga tengah,SELESAI,68484000,68484000
KAB. LOMBOK TIMUR,PUSKESMAS RARANG (BLUD) - 1.02.0.00.0.00.01.0032,01KK8PTR4STZVWM8VZS8EW1F40,64010076,2026,E-Katalog 6.0,BLUD,EXXEL UTAMA,E-Purchasing,Barang,Belanja Barang dan Jasa BLUD,ON PROCESS,1090043,0
KAB. LOMBOK TIMUR,DINAS PERUMAHAN DAN KAWASAN PERMUKIMAN - 1.04.0.00.0.00.01.0000,10940056000,64010053,2026,Non Tender,APBD,CV. NISAKA DHIFA,Pengadaan Langsung,Pekerjaan Konstruksi,Belanja Barang untuk Dijual/Diserahkan kepada Masyarakat Rehab Musholla Nurul Ikhlas dan Penataan Halaman Musholla Dusun Muhajirin Desa Tanjung Luar Kec. Keruak;,BERLANGSUNG,79856772,79856772
KAB. LOMBOK TIMUR,PUSKESMAS DENGGEN (BLUD) - 1.02.0.00.0.00.01.0027,01KPFGZ6CXMZ1Q7Z91FQDG8Z1A,66764909,2026,E-Katalog 6.0,APBD,LIKUID PHARMALAB INDONESIA,E-Purchasing,Barang,Pengadaan BMHP Puskesmas Denggen,ON PROCESS,1755188,1755188
KAB. LOMBOK TIMUR,PUSKESMAS LABUHAN HAJI (BLUD) - 1.02.0.00.0.00.01.0003,01KQC6GRZ00WBWAKXDV04TTYHT,66859010,2026,E-Katalog 6.0,APBD,BUMI SARANA MAJU,E-Purchasing,Barang,Pengadaan BMHP Puskesmas Labuhan Haji,ON PROCESS,868275,868275
KAB. LOMBOK TIMUR,RSUD PATUH KARYA - 1.02.0.00.0.00.01.0040,01KPSGS1G03QB9G73A2X8CY6DQ,63998403,2026,E-Katalog 6.0,APBD,MUKTI REJO ABADI,E-Purchasing,Barang,Belanja Obat-Obatan-Obat-Obatan Lainnya,ON PROCESS,1320900,1320900
KAB. LOMBOK TIMUR,RSUD LOMBOK TIMUR - 1.02.0.00.0.00.01.0039,01KR026V33DVXVWY5V9R7YPDMG,64855001,2026,E-Katalog 6.0,BLUD,OTTO PHARMACEUTICAL INDUSTRIES,E-Purchasing,Barang,Belanja Obat-Obatan-Obat,ON PROCESS,29696940,29696940
KAB. LOMBOK TIMUR,DINAS PEKERJAAN UMUM DAN PENATAAN RUANG - 1.03.0.00.0.00.01.0000,10902504000,63764402,2026,Non Tender,APBD,CV. PUTRI FAMILY,Pengadaan Langsung,Pekerjaan Konstruksi,Sumur bor kelurahan ijo balit,BERLANGSUNG,146650000,146650000
KAB. LOMBOK TIMUR,DINAS PEKERJAAN UMUM DAN PENATAAN RUANG - 1.03.0.00.0.00.01.0000,01KQZZSGGSG9VVTFMCMV0QY7BM,65639324,2026,E-Katalog 6.0,APBD,INDOMOBIL CAHAYA PRIMA,E-Purchasing,Barang,Belanja Modal Alat Besar Darat Lainnya,ON PROCESS,916305000,916305000
KAB. LOMBOK TIMUR,DINAS PEKERJAAN UMUM DAN PENATAAN RUANG - 1.03.0.00.0.00.01.0000,10881963000,63767742,2026,Non Tender,APBD,CV. WINDI RAYA,Pengadaan Langsung,Pekerjaan Konstruksi,"Penataan Lingkungan Dusun Gubuk Motong Barat, Desa Masbagik Selatan",SELESAI,195544000,195544000
KAB. LOMBOK TIMUR,PUSKESMAS RARANG (BLUD) - 1.02.0.00.0.00.01.0032,01KQ1BJZ95ZMSX54REBP2G5QBP,66116819,2026,E-Katalog 6.0,BLUD,USM BERKAH INDONESIA,E-Purchasing,Barang,Belanja Barang Pakai Habis,ON PROCESS,7417431,7417431
KAB. LOMBOK TIMUR,PUSKESMAS KERONGKONG (BLUD) - 1.02.0.00.0.00.01.0016,01KPSAZSK9YHN9R39A714DS8B4,66528385,2026,E-Katalog 6.0,APBD,EFADA MEDICAL INDUSTRIES INDONESIA,E-Purchasing,Barang,Pengadaan BMHP Puskesmas Kerongkong,ON PROCESS,3962145,3962145
KAB. LOMBOK TIMUR,PUSKESMAS SURALAGA (BLUD) - 1.02.0.00.0.00.01.0034,01KPQNWMXQDQRFFHWN1DPB1QA3,66762207,2026,E-Katalog 6.0,APBD,LIKUID PHARMALAB INDONESIA,E-Purchasing,Barang,Pengadaan BMHP Puskesmas Suralaga,ON PROCESS,5925855,5925855
KAB. LOMBOK TIMUR,RSUD LOMBOK TIMUR - 1.02.0.00.0.00.01.0039,01KQ9AAFTQ9238WR33JBCHYGDV,64855001,2026,E-Katalog 6.0,BLUD,PERUSAHAAN PERSEROAN (PERSERO) PT KIMIA FARMA,E-Purchasing,Barang,Belanja Obat-Obatan-Obat,ON PROCESS,19478151,19478151
KAB. LOMBOK TIMUR,DINAS PEKERJAAN UMUM DAN PENATAAN RUANG - 1.03.0.00.0.00.01.0000,10857068000,63767779,2026,Non Tender,APBD,ARJA UTAMA LOMBOK,Pengadaan Langsung,Pekerjaan Konstruksi,Penataan jalan lingkungan desa pringgabaya 1,SELESAI,175855000,175855000
KAB. LOMBOK TIMUR,PUSKESMAS RARANG (BLUD) - 1.02.0.00.0.00.01.0032,01KS9AKBEJZJC7MZ5DH2DBVGXF,66240726,2026,E-Katalog 6.0,BLUD,SEJAHTERA LESTARI FARMA,E-Purchasing,Barang,Belanja Barang Pakai Habis,ON PROCESS,1441557,1441557
KAB. LOMBOK TIMUR,PUSKESMAS PENGADANGAN (BLUD) - 1.02.0.00.0.00.01.0004,01KS4RP728AX27AF9N5CWA7BQJ,66819299,2026,E-Katalog 6.0,APBD,INFION,E-Purchasing,Barang,Pengadaan BMHP Puskesmas Pengadangan,ON PROCESS,393903,393903
KAB. LOMBOK TIMUR,PUSKESMAS LENDANG NANGKA (BLUD) - 1.02.0.00.0.00.01.0015,01KPT5Q8RC0446VNTBMQFXXQCQ,66812884,2026,E-Katalog 6.0,APBD,SAFELOCK MEDICAL,E-Purchasing,Barang,Pengadaan BMHP Puskesmas Lendang Nangka,ON PROCESS,8548957,8548957
KAB. LOMBOK TIMUR,DINAS PEKERJAAN UMUM DAN PENATAAN RUANG - 1.03.0.00.0.00.01.0000,10808043000,66325534,2026,Non Tender,APBD,AKSATA BINAR CONSULTAN,Pengadaan Langsung,Jasa Konsultansi Badan Usaha Konstruksi,"Konsultan Pengawasan Penanganan Long Segment (pemeliharaan berkala, peningkatan/rekonstruksi) Jalan Rempung - Pengadangan",SELESAI,79900000,79900000
KAB. LOMBOK TIMUR,DINAS PEKERJAAN UMUM DAN PENATAAN RUANG - 1.03.0.00.0.00.01.0000,01KW8SJSAZX1Z92NN4QZR93CT3,67371045,2026,E-Katalog 6.0,APBD,PESONA RIA,E-Purchasing,Barang,Belanja Modal Personal Computer ,ON PROCESS,49284000,49284000
KAB. LOMBOK TIMUR,DINAS PEKERJAAN UMUM DAN PENATAAN RUANG - 1.03.0.00.0.00.01.0000,10838420000,63767772,2026,Non Tender,APBD,BUNDA KANDUNG,Pengadaan Langsung,Pekerjaan Konstruksi,Penataan Jalan dan lingkungan Desa Santong Kec. Terara,SELESAI,195525000,195525000
KAB. LOMBOK TIMUR,DINAS PEKERJAAN UMUM DAN PENATAAN RUANG - 1.03.0.00.0.00.01.0000,10833175000,63767736,2026,Non Tender,APBD,CV. BURSA JANTUK MAS,Pengadaan Langsung,Pekerjaan Konstruksi,Penataan lingkungan di Kelurahan Sandubaya,SELESAI,146660000,146660000
KAB. LOMBOK TIMUR,DINAS PEKERJAAN UMUM DAN PENATAAN RUANG - 1.03.0.00.0.00.01.0000,10851692000,63767858,2026,Non Tender,APBD,CV. ANEKA,Pengadaan Langsung,Pekerjaan Konstruksi,Penataan Lingkungan Desa Lendang Belo Kecamatan Montong Gading,SELESAI,48953000,48953000
KAB. LOMBOK TIMUR,DINAS PERDAGANGAN - 3.30.0.00.0.00.01.0000,01KJEPES757NTS26FK8BREP678,64088723,2026,E-Katalog 6.0,APBD,TAVANA SEJAHTERA,E-Purchasing,Barang,Pengadaan Pangan,ON PROCESS,899487600,899487600
KAB. LOMBOK TIMUR,PUSKESMAS AIKMEL UTARA (BLUD) - 1.02.0.00.0.00.01.0035,01KTT1AD9MRH85TXB9MJFV19HN,66440606,2026,E-Katalog 6.0,BLUD,TRIMAN,E-Purchasing,Barang,Belanja Barang dan Jasa BLUD,ON PROCESS,2384031,2384031
KAB. LOMBOK TIMUR,DINAS PEKERJAAN UMUM DAN PENATAAN RUANG - 1.03.0.00.0.00.01.0000,10908912000,63767740,2026,Non Tender,APBD,CV. AKSOS,Pengadaan Langsung,Pekerjaan Konstruksi,Rehab gedung serbaguna terara,SELESAI,146639000,146639000
KAB. LOMBOK TIMUR,PUSKESMAS RENSING (BLUD) - 1.02.0.00.0.00.01.0013,01KSFJ82YDC4SDS4BB5282CAKZ,67192604,2026,E-Katalog 6.0,APBD,UD. TERRA COMPUTER,E-Purchasing,Barang,Belanja Modal Peralatan dan Mesin BLUD,ON PROCESS,20998980,0
KAB. LOMBOK TIMUR,PUSKESMAS DASAN LEKONG (BLUD) - 1.02.0.00.0.00.01.0026,01KQEPBKYPP8PVWR2HXR56YZ1A,66639559,2026,E-Katalog 6.0,APBD,RIDHO ILAHI FARMA,E-Purchasing,Barang,Pengadaan BMHP Puskesmas Dasan Lekong,ON PROCESS,9016991,9016991
KAB. LOMBOK TIMUR,DINAS PEKERJAAN UMUM DAN PENATAAN RUANG - 1.03.0.00.0.00.01.0000,10879520000,63767999,2026,Non Tender,APBD,CV.SATU NUSA,Pengadaan Langsung,Pekerjaan Konstruksi,Penataan Lingkungan Desa Mamben Baru,SELESAI,194000000,194000000
KAB. LOMBOK TIMUR,DINAS KESEHATAN - 1.02.0.00.0.00.01.0000,01KR35KFG1PYKA21J6553VHC9K,63968045,2026,E-Katalog 6.0,APBD,TEMPO SCAN PACIFIC,E-Purchasing,Barang,Pengadaan Obat (DAU yang Ditentukan Penggunaannya Bidang Kesehatan),ON PROCESS,3246750,3246750
KAB. LOMBOK TIMUR,DINAS PEKERJAAN UMUM DAN PENATAAN RUANG - 1.03.0.00.0.00.01.0000,10842883000,63767793,2026,Non Tender,APBD,CV.SATU NUSA,Pengadaan Langsung,Pekerjaan Konstruksi,Lapen jalan kecamatan pringgabaya,SELESAI,195774000,195774000
KAB. LOMBOK TIMUR,DINAS PERTANIAN - 3.27.0.00.0.00.01.0000,10899361000,63751206,2026,Non Tender,APBD,CV. MORI SATRA,Pengadaan Langsung,Pekerjaan Konstruksi,Persediaan untuk Dijual/Diserahkan Kepada Masyarakat (Rehab embung klp tani warige desa pandan wangi kec. Jerowaru (Tan 26),SELESAI,193850000,193850000
KAB. LOMBOK TIMUR,DINAS PEKERJAAN UMUM DAN PENATAAN RUANG - 1.03.0.00.0.00.01.0000,01KP7YFK99QBKEKTS21YTYSBB3,65639324,2026,E-Katalog 6.0,APBD,INDOMOBIL CAHAYA PRIMA,E-Purchasing,Barang,Belanja Modal Alat Besar Darat Lainnya,ON PROCESS,564213000,564213000
KAB. LOMBOK TIMUR,DINAS PEKERJAAN UMUM DAN PENATAAN RUANG - 1.03.0.00.0.00.01.0000,10852952000,63767897,2026,Non Tender,APBD,CV. SULTAN AL FATAH JAYA ABADI,Pengadaan Langsung,Pekerjaan Konstruksi,Lapen Jalan Linjang Desa Pandan Wangi Kec. Jerowaru,SELESAI,146695000,146695000
KAB. LOMBOK TIMUR,RSUD PATUH KARYA - 1.02.0.00.0.00.01.0040,01KNTHBMB9FG5EKMV8PFVDF7Y9,63998403,2026,E-Katalog 6.0,APBD,KALVENTIS SINERGI FARMA,E-Purchasing,Barang,Belanja Obat-Obatan-Obat-Obatan Lainnya,ON PROCESS,44499900,0
KAB. LOMBOK TIMUR,DINAS PEKERJAAN UMUM DAN PENATAAN RUANG - 1.03.0.00.0.00.01.0000,10894483000,63767852,2026,Non Tender,APBD,CV. WINDI RAYA,Pengadaan Langsung,Pekerjaan Konstruksi,Lapen Jalan Desa Padak Guar,SELESAI,234739000,234739000
KAB. LOMBOK TIMUR,DINAS PERTANIAN - 3.27.0.00.0.00.01.0000,10899319000,63751178,2026,Non Tender,APBD,CV. LOMBOQ BUAK,Pengadaan Langsung,Pekerjaan Konstruksi,Persediaan untuk Dijual/Diserahkan Kepada Masyarakat (Pembangunan/Rehab Embung Kecamatan Jerowaru 2 (Tan 60),BERLANGSUNG,193854415,193854415
KAB. LOMBOK TIMUR,SEKRETARIAT DAERAH - 4.01.0.00.0.00.01.0000,10832642000,64112502,2026,Pencatatan,APBD,"UD. JAYA KARYA, UD. JAYA KARYA",Pengadaan Langsung,Pengadaan Barang,Belanja Alat/Bahan untuk Kegiatan Kantor-Alat Tulis Kantor,PAKET SEDANG BERJALAN,2982500,2982500
KAB. LOMBOK TIMUR,PUSKESMAS LEPAK (BLUD) - 1.02.0.00.0.00.01.0028,01KPCPZG0DXJNYZ019F5GFFDEC,66666560,2026,E-Katalog 6.0,APBD,SATORIA ANEKA INDUSTRI,E-Purchasing,Barang,Pengadaan Obat Pada Puskesmas Lepak,ON PROCESS,56137140,56137140
KAB. LOMBOK TIMUR,RSUD LOMBOK TIMUR - 1.02.0.00.0.00.01.0039,01KMHY00MR6PKH6G0WA3AXB9K7,65004991,2026,E-Katalog 6.0,BLUD,UNIVERSAL,E-Purchasing,Barang,Belanja Sewa Kendaraan Bermotor Penumpang,ON PROCESS,351000009,351000009
KAB. LOMBOK TIMUR,PUSKESMAS BATUYANG (BLUD) - 1.02.0.00.0.00.01.0020,01KRWEWT1VKAJXP9WX01RB6YZX,66588985,2026,E-Katalog 6.0,APBD,EFADA MEDICAL INDUSTRIES INDONESIA,E-Purchasing,Barang,Pengadaan BMHP Puskesmas Batuyang,ON PROCESS,1557596,1557596
KAB. LOMBOK TIMUR,RSUD PATUH KARYA - 1.02.0.00.0.00.01.0040,01KKAZ4X4AZ6BQ7G7NK9QZTKMF,63998403,2026,E-Katalog 6.0,APBD,ENSEVAL MEDIKA PRIMA,E-Purchasing,Barang,Belanja Obat-Obatan-Obat-Obatan Lainnya,ON PROCESS,14473651,14473651
KAB. LOMBOK TIMUR,RSUD LOMBOK TIMUR - 1.02.0.00.0.00.01.0039,01KRCTA4ZK6QTNGAFZS1CMB7S5,67111298,2026,E-Katalog 6.0,BLUD,MITRA BAHAGIA UTAMA,E-Purchasing,Barang,Belanja Modal Peralatan Personal Computer,ON PROCESS,76745400,76745400
KAB. LOMBOK TIMUR,PUSKESMAS KARANG BARU (BLUD) - 1.02.0.00.0.00.01.0024,01KPMGZ7FGFXKTCKFFF71PV1FP,66819320,2026,E-Katalog 6.0,APBD,TRIFA RAYA LABORATORIES,E-Purchasing,Barang,Pengadaan Obat Puskesmas Karang Baru,ON PROCESS,2675100,2675100
KAB. LOMBOK TIMUR,PUSKESMAS KERUAK (BLUD) - 1.02.0.00.0.00.01.0011,01KPZ2BQMQGPRZW5VBDYKXGNFZ,66666827,2026,E-Katalog 6.0,APBD,SATORIA ANEKA INDUSTRI,E-Purchasing,Barang,Pengadaan Obat Pada Puskesmas Keruak,ON PROCESS,14998320,14998320
KAB. LOMBOK TIMUR,PUSKESMAS LENDANG NANGKA (BLUD) - 1.02.0.00.0.00.01.0015,01KQV18D9A9G0HSY5TD6JTDJ4B,66812884,2026,E-Katalog 6.0,APBD,MULAWARMAN KESADA MEDICALINDO,E-Purchasing,Barang,Pengadaan BMHP Puskesmas Lendang Nangka,ON PROCESS,5311350,5311350
KAB. LOMBOK TIMUR,DINAS PEKERJAAN UMUM DAN PENATAAN RUANG - 1.03.0.00.0.00.01.0000,10852872000,63767921,2026,Non Tender,APBD,CV. KARTADA,Pengadaan Langsung,Pekerjaan Konstruksi,Lanjutan tembok kubur desa rensing bat,SELESAI,146628000,146628000
KAB. LOMBOK TIMUR,DINAS PEKERJAAN UMUM DAN PENATAAN RUANG - 1.03.0.00.0.00.01.0000,10853322000,63767997,2026,Non Tender,APBD,CV. IKHTIAR DWI PUTRA,Pengadaan Langsung,Pekerjaan Konstruksi,Pembuatan MCK Masjid Haudaturraodhah Kwang Rundun Desa Kwang Rundun Kecamatan Jerowaru,SELESAI,146583000,146583000
KAB. LOMBOK TIMUR,DINAS PEKERJAAN UMUM DAN PENATAAN RUANG - 1.03.0.00.0.00.01.0000,10881969000,63767694,2026,Non Tender,APBD,CV. MECCA SEJAHTERA,Pengadaan Langsung,Pekerjaan Konstruksi,"Penataan Jalan Desa Semaya, Kecamatan Sikur",SELESAI,195222000,195222000
KAB. LOMBOK TIMUR,PUSKESMAS LEPAK (BLUD) - 1.02.0.00.0.00.01.0028,01KP96YN62RKRVTVD6ZPHMR9HH,66666594,2026,E-Katalog 6.0,APBD,SAFELOCK MEDICAL,E-Purchasing,Barang,Pengadaan BMHP Pada Puskesmas Lepak,ON PROCESS,15617026,15617026
KAB. LOMBOK TIMUR,PUSKESMAS SIKUR (BLUD) - 1.02.0.00.0.00.01.0008,01KQ915F2E6K99CGTS08DG2ATV,66775810,2026,E-Katalog 6.0,APBD,LIKUID PHARMALAB INDONESIA,E-Purchasing,Barang,Pengadaan BMHP Puskesmas Sikur,ON PROCESS,7079006,7079006
KAB. LOMBOK TIMUR,PUSKESMAS KALIJAGA (BLUD) - 1.02.0.00.0.00.01.0019,01KPT8PJWZ1PJW955B89SJH6DS,66510653,2026,E-Katalog 6.0,APBD,SAFELOCK MEDICAL,E-Purchasing,Barang,Pengadaan BMHP Puskesmas Kalijaga,ON PROCESS,4794634,4794634
KAB. LOMBOK TIMUR,DINAS PEKERJAAN UMUM DAN PENATAAN RUANG - 1.03.0.00.0.00.01.0000,10891967000,63767655,2026,Non Tender,APBD,CV.AMELIA,Pengadaan Langsung,Pekerjaan Konstruksi,Pembuatan Gedung Sekretariat/ Gedung Serbaguna Orplas,SELESAI,102665000,102665000
KAB. LOMBOK TIMUR,PUSKESMAS KERONGKONG (BLUD) - 1.02.0.00.0.00.01.0016,01KQC77YHAYQB8YZR86ANSVMD3,66528385,2026,E-Katalog 6.0,APBD,BUMI SARANA MAJU,E-Purchasing,Barang,Pengadaan BMHP Puskesmas Kerongkong,ON PROCESS,1736551,1736551
KAB. LOMBOK TIMUR,DINAS PEKERJAAN UMUM DAN PENATAAN RUANG - 1.03.0.00.0.00.01.0000,10123085000,63758814,2026,Tender,APBD,CV. CITRA DIMENSI,Seleksi,Jasa Konsultansi Badan Usaha Konstruksi,Jasa konsultan pengawas kegiatan kontraktual (Penugasan) - Tematik 00,SELESAI,199502000,199502000
KAB. LOMBOK TIMUR,DINAS PEKERJAAN UMUM DAN PENATAAN RUANG - 1.03.0.00.0.00.01.0000,10851716000,63767899,2026,Non Tender,APBD,CV. PRAMAS,Pengadaan Langsung,Pekerjaan Konstruksi,Rabat jalan desa jurit baru kec pringgasela,SELESAI,97757000,97757000
KAB. LOMBOK TIMUR,DINAS PEKERJAAN UMUM DAN PENATAAN RUANG - 1.03.0.00.0.00.01.0000,10900036000,63767775,2026,Non Tender,APBD,CV. WIVARA,Pengadaan Langsung,Pekerjaan Konstruksi,Penataan jalan lingkungan (lapen) dasan paok desa loyok,SELESAI,195531000,195531000
KAB. LOMBOK TIMUR,PUSKESMAS SAKRA (BLUD) - 1.02.0.00.0.00.01.0010,01KPM8KF05185B3J7BA84YKTMB,66442620,2026,E-Katalog 6.0,APBD,LIKUID PHARMALAB INDONESIA,E-Purchasing,Barang,Pengadaan BMHP Puskesmas Sakra,ON PROCESS,7594461,7594461
KAB. LOMBOK TIMUR,DINAS PEKERJAAN UMUM DAN PENATAAN RUANG - 1.03.0.00.0.00.01.0000,10901291000,63767929,2026,Non Tender,APBD,CV. YOESRI PUTRA,Pengadaan Langsung,Pekerjaan Konstruksi,Lapen perbatasan lenek lauk dan pesiraman Desa Lenek Lauk,SELESAI,195730000,195730000
KAB. LOMBOK TIMUR,PUSKESMAS LABUHAN LOMBOK (BLUD) - 1.02.0.00.0.00.01.0021,01KPW1FXEAH0WQJWJKTWHHSF2N,66855941,2026,E-Katalog 6.0,APBD,MULAWARMAN KESADA MEDICALINDO,E-Purchasing,Barang,Pengadaan BMHP Puskesmas Labuhan Lombok,ON PROCESS,5421240,5421240
KAB. LOMBOK TIMUR,RSUD PATUH KARYA - 1.02.0.00.0.00.01.0040,01KPF56M3G5C160QQCN9J1V4EC,63998406,2026,E-Katalog 6.0,APBD,CAHYA INTAN MEDIKA,E-Purchasing,Barang,Belanja Bahan-Bahan Kimia,ON PROCESS,15389755,15389755
KAB. LOMBOK TIMUR,RSUD PATUH KARYA - 1.02.0.00.0.00.01.0040,01KP2FQS698ED88TSF97WPPXGE,63998403,2026,E-Katalog 6.0,APBD,SERENITY INDONESIA,E-Purchasing,Barang,Belanja Obat-Obatan-Obat-Obatan Lainnya,ON PROCESS,1301720,0
KAB. LOMBOK TIMUR,PUSKESMAS BELANTING (BLUD) - 1.02.0.00.0.00.01.0025,01KQEQ80VMC4NZDQA30SE9PYS5,66844176,2026,E-Katalog 6.0,APBD,JAYAMAS MEDICA INDUSTRI,E-Purchasing,Barang,Pengadaan BMHP Pada Puskesmas Belanting,ON PROCESS,1832479,1832479
KAB. LOMBOK TIMUR,PUSKESMAS SURALAGA (BLUD) - 1.02.0.00.0.00.01.0034,01KSFSRTRYHSBZD86XVJRHWGTY,67205341,2026,E-Katalog 6.0,BLUD,UD. TERRA COMPUTER,E-Purchasing,Barang,Belanja Modal Peralatan dan Mesin BLUD,ON PROCESS,15995100,0
KAB. LOMBOK TIMUR,DINAS PEKERJAAN UMUM DAN PENATAAN RUANG - 1.03.0.00.0.00.01.0000,10859398000,63768013,2026,Non Tender,APBD,Cv grisbung jaya,Pengadaan Langsung,Pekerjaan Konstruksi,Penataan Lingkungan Kecamatan Sakra Barat,SELESAI,198515000,198515000
KAB. LOMBOK TIMUR,DINAS PEKERJAAN UMUM DAN PENATAAN RUANG - 1.03.0.00.0.00.01.0000,10850070000,63871081,2026,Non Tender,APBD,CV. ALAM MITRA SEJAHTERA,Pengadaan Langsung,Jasa Konsultansi Badan Usaha Non Konstruksi,Beban Pemeliharaan Bangunan Air-Bangunan Air Irigasi-Bangunan Pembawa Irigasi ; Perencanaan Pemeliharaan Jaringan Irigasi;,SELESAI,49877850,49877850
KAB. LOMBOK TIMUR,DINAS PERUMAHAN DAN KAWASAN PERMUKIMAN - 1.04.0.00.0.00.01.0000,01KTT5WQPZ54FCDN7K0BB5A7J7,66892022,2026,E-Katalog 6.0,APBD,KURNIAWAN HARIADI,E-Purchasing,Barang,Belanja Barang untuk Dijual/Diserahkan kepada Masyarakat Kecamatan Lenek,ON PROCESS,174163551,174163551
KAB. LOMBOK TIMUR,DINAS PEKERJAAN UMUM DAN PENATAAN RUANG - 1.03.0.00.0.00.01.0000,10857114000,63767778,2026,Non Tender,APBD,ARJA UTAMA LOMBOK,Pengadaan Langsung,Pekerjaan Konstruksi,Penataan jalan lingkungan pringgabaya utara,SELESAI,180854000,180854000
KAB. LOMBOK TIMUR,PUSKESMAS PRINGGASELA UTAMA (BLUD) - 1.02.0.00.0.00.01.0036,01KN1BBAB31G2YSHTJM7D11GAB,66748444,2026,E-Katalog 6.0,APBD,BERNOFARM,E-Purchasing,Barang,Pengadaan Obat Puskesmas Pringgasela Utama,ON PROCESS,22131657,22131657
KAB. LOMBOK TIMUR,PUSKESMAS LABUHAN HAJI (BLUD) - 1.02.0.00.0.00.01.0003,01KQ96Y9TQQ8K10HFY3M18FMZV,66858991,2026,E-Katalog 6.0,APBD,ERLANGGA EDI LABORATORIES,E-Purchasing,Barang,Pengadaan Obat Puskesmas Labuhan Haji,ON PROCESS,1631256,1631256
KAB. LOMBOK TIMUR,PUSKESMAS SIKUR (BLUD) - 1.02.0.00.0.00.01.0008,01KQ92ZHYEBF1039FSV75JFNZY,66775810,2026,E-Katalog 6.0,APBD,MULAWARMAN KESADA MEDICALINDO,E-Purchasing,Barang,Pengadaan BMHP Puskesmas Sikur,ON PROCESS,5128200,5128200
KAB. LOMBOK TIMUR,RSUD LOMBOK TIMUR - 1.02.0.00.0.00.01.0039,01KRYPM9SBSNA21GXBC3RC8X1B,64855001,2026,E-Katalog 6.0,BLUD,SERENITY INDONESIA,E-Purchasing,Barang,Belanja Obat-Obatan-Obat,ON PROCESS,47465628,47465628
KAB. LOMBOK TIMUR,DINAS PEKERJAAN UMUM DAN PENATAAN RUANG - 1.03.0.00.0.00.01.0000,10851699000,63767809,2026,Non Tender,APBD,CV.SATU NUSA,Pengadaan Langsung,Pekerjaan Konstruksi,Penataan Lingkungan Desa Telagawaru kecamatan Pringgabaya,SELESAI,195545000,195545000
KAB. LOMBOK TIMUR,DINAS KESEHATAN - 1.02.0.00.0.00.01.0000,01KSVT2DPJWE5PF1NHAZ8GSP58,63968045,2026,E-Katalog 6.0,APBD,ERRITAPHARMA,E-Purchasing,Barang,Pengadaan Obat (DAU yang Ditentukan Penggunaannya Bidang Kesehatan),ON PROCESS,34978986,34978986
KAB. LOMBOK TIMUR,DINAS PEKERJAAN UMUM DAN PENATAAN RUANG - 1.03.0.00.0.00.01.0000,10852190000,63767774,2026,Non Tender,APBD,WAFA ARGA DAMAI,Pengadaan Langsung,Pekerjaan Konstruksi,Penataan Jalan dan lingkungan Desa Jenggik Kec. Terara,SELESAI,146630000,146630000
KAB. LOMBOK TIMUR,DINAS PERTANIAN - 3.27.0.00.0.00.01.0000,10898151000,63751245,2026,Non Tender,APBD,Cv grisbung jaya,Pengadaan Langsung,Pekerjaan Konstruksi,Persediaan untuk Dijual/Diserahkan Kepada Masyarakat (Pembangunan/Rehab Embung Desa Sekaroh 2 (Tan 63),SELESAI,193850000,193850000
KAB. LOMBOK TIMUR,PUSKESMAS BELANTING (BLUD) - 1.02.0.00.0.00.01.0025,01KPT10T84TKGAM83RCEC5CP4S,66844154,2026,E-Katalog 6.0,APBD,SOLAS LANGGENG SEJAHTERA,E-Purchasing,Barang,Pengadaan Obat Pada Puskesmas Belanting,ON PROCESS,3430233,3430233
KAB. LOMBOK TIMUR,DINAS KESEHATAN - 1.02.0.00.0.00.01.0000,01KP5PS4X05G4D3DP7TVCSTNJ7,63968045,2026,E-Katalog 6.0,APBD,DEXA MEDICA,E-Purchasing,Barang,Pengadaan Obat (DAU yang Ditentukan Penggunaannya Bidang Kesehatan),ON PROCESS,28156704,28156704
KAB. LOMBOK TIMUR,DINAS PEKERJAAN UMUM DAN PENATAAN RUANG - 1.03.0.00.0.00.01.0000,10881837000,63767885,2026,Non Tender,APBD,awra,Pengadaan Langsung,Pekerjaan Konstruksi,Pebangunan Tempat Wudhu Musholla Raudlatul Atfal Denggen,SELESAI,48890000,48890000
KAB. LOMBOK TIMUR,DINAS KEPENDUDUKAN DAN PENCATATAN SIPIL - 2.12.0.00.0.00.01.0000,01KVA44CKR228HZ9MASRAT44FP,67288374,2026,E-Katalog 6.0,APBD,SANDEKALA,E-Purchasing,Barang,Belanja Alat/Bahan untuk Kegiatan Kantor-Bahan Komputer(Cartridge/Tinta Printer),ON PROCESS,72813780,72813780
KAB. LOMBOK TIMUR,PUSKESMAS KARANG BARU (BLUD) - 1.02.0.00.0.00.01.0024,01KPMH8P6WQT7SHH2BFCW5ST33,66819325,2026,E-Katalog 6.0,APBD,SAFELOCK MEDICAL,E-Purchasing,Barang,Pengadaan BMHP Puskesmas Karang Baru,ON PROCESS,3935013,3935013
KAB. LOMBOK TIMUR,PUSKESMAS RENSING (BLUD) - 1.02.0.00.0.00.01.0013,01KQ9NB1NNZHSCFB4BX9R9F37T,66505628,2026,E-Katalog 6.0,APBD,EFADA MEDICAL INDUSTRIES INDONESIA,E-Purchasing,Barang,Pengadaan BMHP Pada Puskesmas Rensing,ON PROCESS,1625706,1625706
KAB. LOMBOK TIMUR,DINAS PERTANIAN - 3.27.0.00.0.00.01.0000,10920912000,63751162;63751234,2026,Non Tender,APBD,SINAR LOMBOK KARYA,Pengadaan Langsung,Pekerjaan Konstruksi,",Persediaan untuk Dijual/Diserahkan Kepada Masyarakat (Rehab embung 9 jerowaru (Tan 53)",SELESAI,145350000,145350000
KAB. LOMBOK TIMUR,PUSKESMAS SUKARAJA (BLUD) - 1.02.0.00.0.00.01.0031,01KS4T574XF4B32T57P1A4Y2M9,66770692,2026,E-Katalog 6.0,APBD,INFION,E-Purchasing,Barang,Pengadaan BMHP Puskesmas Sukaraja,ON PROCESS,804199,804199
KAB. LOMBOK TIMUR,PUSKESMAS PRINGGASELA UTAMA (BLUD) - 1.02.0.00.0.00.01.0036,01KPN2D6EVHKK5NWJW2EXZ05J8,66748444,2026,E-Katalog 6.0,APBD,TRIFA RAYA LABORATORIES,E-Purchasing,Barang,Pengadaan Obat Puskesmas Pringgasela Utama,ON PROCESS,1914750,1914750
KAB. LOMBOK TIMUR,PUSKESMAS MASBAGIK BARU (BLUD) - 1.02.0.00.0.00.01.0029,01KPF8X906752MHVMHZ741QJ3N,66490116,2026,E-Katalog 6.0,APBD,SOLAS LANGGENG SEJAHTERA,E-Purchasing,Barang,Pengadaan Obat Pada Puskesmas Masbagik Baru,ON PROCESS,1429902,1429902
KAB. LOMBOK TIMUR,PUSKESMAS DASAN LEKONG (BLUD) - 1.02.0.00.0.00.01.0026,01KPMK0EYF76FG67Q7R3GEGQGQ,66639420,2026,E-Katalog 6.0,APBD,TRIFA RAYA LABORATORIES,E-Purchasing,Barang,Pengadaan Obat Puskesmas Dasan Lekong,ON PROCESS,1417470,1417470
KAB. LOMBOK TIMUR,PUSKESMAS KERONGKONG (BLUD) - 1.02.0.00.0.00.01.0016,01KPMENZAX5WNZBHRGY71RH1MY,66528326,2026,E-Katalog 6.0,APBD,ERLANGGA EDI LABORATORIES,E-Purchasing,Barang,Pengadaan Obat Puskesmas Kerongkong,ON PROCESS,1631256,1631256
KAB. LOMBOK TIMUR,DINAS PERUMAHAN DAN KAWASAN PERMUKIMAN - 1.04.0.00.0.00.01.0000,01KTAQATV72GWKSWA0YXFZBD5T,66891891,2026,E-Katalog 6.0,APBD,LESTARI KARYA,E-Purchasing,Barang,Belanja Barang untuk Dijual/Diserahkan kepada Masyarakat Kecamatan Sambelia,ON PROCESS,173684364,173684364
KAB. LOMBOK TIMUR,RSUD LOMBOK TIMUR - 1.02.0.00.0.00.01.0039,01KVCTFP7JD6WVHKMREVV0H27P,64855001,2026,E-Katalog 6.0,BLUD,BERNOFARM,E-Purchasing,Barang,Belanja Obat-Obatan-Obat,ON PROCESS,15951588,15951588
KAB. LOMBOK TIMUR,PUSKESMAS KERONGKONG (BLUD) - 1.02.0.00.0.00.01.0016,01KPCQ81J5GNVQY6J9FB1FVM53,66528326,2026,E-Katalog 6.0,APBD,SATORIA ANEKA INDUSTRI,E-Purchasing,Barang,Pengadaan Obat Puskesmas Kerongkong,ON PROCESS,9730260,9730260
KAB. LOMBOK TIMUR,DINAS PEKERJAAN UMUM DAN PENATAAN RUANG - 1.03.0.00.0.00.01.0000,10881818000,63767646,2026,Non Tender,APBD,CV. LENTERA KONSTRUKSI,Pengadaan Langsung,Pekerjaan Konstruksi,Lanjutan Rehab Musholla Al- Muhajirin Lingk. Muhajirin Pancor,SELESAI,97763000,97763000
KAB. LOMBOK TIMUR,SEKRETARIAT DAERAH - 4.01.0.00.0.00.01.0000,10856692000,64389670,2026,Non Tender,APBD,CV. TAJIRUN GONIYUN,Pengadaan Langsung,Pengadaan Barang,Beban Pemeliharaan Bangunan Gedung-Bangunan Gedung Tempat Kerja-Bangunan Gedung Kantor - Rehab 2 Unit Garasi Kantor Bupati,SELESAI,55511100,0
KAB. LOMBOK TIMUR,PUSKESMAS LENDANG NANGKA (BLUD) - 1.02.0.00.0.00.01.0015,01KQEBZGBYK4DN5SEGKVW5YK3P,66812884,2026,E-Katalog 6.0,APBD,JAYAMAS MEDICA INDUSTRI,E-Purchasing,Barang,Pengadaan BMHP Puskesmas Lendang Nangka,ON PROCESS,2872530,2872530
KAB. LOMBOK TIMUR,SEKRETARIAT DAERAH - 4.01.0.00.0.00.01.0000,01KQRYVGFDS2RWM22S8E2DMAHR,67065887,2026,E-Katalog 6.0,APBD,ANINDYAZAHRA GROUP,E-Purchasing,Barang,Persediaan untuk Dijual/Diserahkan Kepada Masyarakat - Pengadaan Terop,ON PROCESS,249750000,249750000
KAB. LOMBOK TIMUR,RSUD PATUH KARYA - 1.02.0.00.0.00.01.0040,01KPA0CKDK8V0ZKZWG86NRH6NV,63998403,2026,E-Katalog 6.0,APBD,JAYAMAS MEDICA INDUSTRI,E-Purchasing,Barang,Belanja Obat-Obatan-Obat-Obatan Lainnya,ON PROCESS,8613822,8613822
KAB. LOMBOK TIMUR,DINAS PEKERJAAN UMUM DAN PENATAAN RUANG - 1.03.0.00.0.00.01.0000,10872895000,63767755,2026,Non Tender,APBD,CV. SULTAN ASROFI,Pengadaan Langsung,Pekerjaan Konstruksi,Penataan Halaman Komplek Yayasan Al Halil Kecamatan Pringgabaya,SELESAI,195819000,195819000
KAB. LOMBOK TIMUR,PUSKESMAS RARANG (BLUD) - 1.02.0.00.0.00.01.0032,01KJVCHPDCQ3BZCJ9MASSBN65P,64010076,2026,E-Katalog 6.0,BLUD,BERNOFARM,E-Purchasing,Barang,Belanja Barang dan Jasa BLUD,ON PROCESS,10385648,10385648
KAB. LOMBOK TIMUR,DINAS PEKERJAAN UMUM DAN PENATAAN RUANG - 1.03.0.00.0.00.01.0000,10926735000,63767699,2026,Non Tender,APBD,CV. Sari Fania,Pengadaan Langsung,Pekerjaan Konstruksi,Penataan jalan lingkungan dusun setungkep desa stungkep lingsar,SELESAI,146638000,146638000
KAB. LOMBOK TIMUR,DINAS PEKERJAAN UMUM DAN PENATAAN RUANG - 1.03.0.00.0.00.01.0000,10861518000,63767864,2026,Non Tender,APBD,CV. RIZQI FAMILY,Pengadaan Langsung,Pekerjaan Konstruksi,Rehab Pembangunan Gedung Yayasan Darul Abidin NW Gerisak Semanggeleng,SELESAI,198620000,198620000
KAB. LOMBOK TIMUR,RSUD PATUH KARYA - 1.02.0.00.0.00.01.0040,01KQ1B0GP419Y1B8T5DJYFJ559,63998403,2026,E-Katalog 6.0,APBD,LAPI LABORATORIES,E-Purchasing,Barang,Belanja Obat-Obatan-Obat-Obatan Lainnya,ON PROCESS,5384610,0
KAB. LOMBOK TIMUR,PUSKESMAS SUELA (BLUD) - 1.02.0.00.0.00.01.0006,01KPT3T60HW0634NJ8KRA6YJ4S,66789701,2026,E-Katalog 6.0,APBD,MUKTI REJO ABADI,E-Purchasing,Barang,Pengadaan BMHP Puskesmas Suela,ON PROCESS,599400,599400
KAB. LOMBOK TIMUR,PUSKESMAS RARANG (BLUD) - 1.02.0.00.0.00.01.0032,01KJRYY1GE0BHKD2PXH96P6CA0,64010076,2026,E-Katalog 6.0,BLUD,INTISUMBER HASIL SEMPURNA GLOBAL,E-Purchasing,Barang,Belanja Barang dan Jasa BLUD,ON PROCESS,1318680,0
KAB. LOMBOK TIMUR,DINAS PEKERJAAN UMUM DAN PENATAAN RUANG - 1.03.0.00.0.00.01.0000,10893072000,63767923,2026,Non Tender,APBD,CV. YOESRI PUTRA,Pengadaan Langsung,Pekerjaan Konstruksi,Penataan jalan desa aik dewa kec pringgasela,SELESAI,97772000,97772000
KAB. LOMBOK TIMUR,DINAS KESEHATAN - 1.02.0.00.0.00.01.0000,01KPBG27T1XDAHYCRXH2MDPT6N,63968045,2026,E-Katalog 6.0,APBD,HOLI PHARMA,E-Purchasing,Barang,Pengadaan Obat (DAU yang Ditentukan Penggunaannya Bidang Kesehatan),ON PROCESS,11499600,11499600
KAB. LOMBOK TIMUR,DINAS PEKERJAAN UMUM DAN PENATAAN RUANG - 1.03.0.00.0.00.01.0000,10860785000,63767780,2026,Non Tender,APBD,ARJA UTAMA LOMBOK,Pengadaan Langsung,Pekerjaan Konstruksi,Penataan halaman masjid/taman masjid jamiatul muslimin,SELESAI,48887000,48887000
KAB. LOMBOK TIMUR,DINAS PEKERJAAN UMUM DAN PENATAAN RUANG - 1.03.0.00.0.00.01.0000,10126242000,63758816,2026,Tender,APBD,CV. INDIANA PUTRI,Tender,Pekerjaan Konstruksi,Perluasan SPAM Jaringan Perpipaan Desa Serewe,SELESAI,731324000,731324000
KAB. LOMBOK TIMUR,PUSKESMAS RARANG (BLUD) - 1.02.0.00.0.00.01.0032,01KKD7RW8C43758A0H7WAGT1YV,64010076,2026,E-Katalog 6.0,BLUD,RIDHO ILAHI FARMA,E-Purchasing,Barang,Belanja Barang dan Jasa BLUD,ON PROCESS,2021943,2021943
KAB. LOMBOK TIMUR,DINAS PEKERJAAN UMUM DAN PENATAAN RUANG - 1.03.0.00.0.00.01.0000,10888286000,63767763,2026,Non Tender,APBD,BUNDA KANDUNG,Pengadaan Langsung,Pekerjaan Konstruksi,Rehabilitasi mushalla darul ikhsan desa toya kec aikmel,BERLANGSUNG,73242000,73242000
KAB. LOMBOK TIMUR,DINAS PEKERJAAN UMUM DAN PENATAAN RUANG - 1.03.0.00.0.00.01.0000,10856979000,63767766,2026,Non Tender,APBD,CV.BUMBANG,Pengadaan Langsung,Pekerjaan Konstruksi,Penataan lingkungan pr jurang 2,SELESAI,146635000,146635000
KAB. LOMBOK TIMUR,DINAS PEKERJAAN UMUM DAN PENATAAN RUANG - 1.03.0.00.0.00.01.0000,10926750000,63764411,2026,Non Tender,APBD,CV. PUTRI FAMILY,Pengadaan Langsung,Pekerjaan Konstruksi,Sumur bor perowe desa sakra,BERLANGSUNG,97755000,97755000
KAB. LOMBOK TIMUR,PUSKESMAS LABUHAN LOMBOK (BLUD) - 1.02.0.00.0.00.01.0021,01KQE9TPCRN267B7BQKKB5EJGS,66855941,2026,E-Katalog 6.0,APBD,RIDHO ILAHI FARMA,E-Purchasing,Barang,Pengadaan BMHP Puskesmas Labuhan Lombok,ON PROCESS,121001,121001
KAB. LOMBOK TIMUR,PUSKESMAS RARANG (BLUD) - 1.02.0.00.0.00.01.0032,01KKTTVBWF9ZX0XZHZKDT6MDWS,64010076,2026,E-Katalog 6.0,BLUD,SATORIA ANEKA INDUSTRI,E-Purchasing,Barang,Belanja Barang dan Jasa BLUD,ON PROCESS,9265503,9265503
KAB. LOMBOK TIMUR,DINAS PEKERJAAN UMUM DAN PENATAAN RUANG - 1.03.0.00.0.00.01.0000,10831994000,63767665,2026,Non Tender,APBD,LENGKOK LENDANG,Pengadaan Langsung,Pekerjaan Konstruksi,Lapen desa perigi,SELESAI,195564000,195564000
KAB. LOMBOK TIMUR,PUSKESMAS SAMBALIA (BLUD) - 1.02.0.00.0.00.01.0022,01KPZ94Y4S4DADKGDR3ZCRSPYJ,66855597,2026,E-Katalog 6.0,APBD,SOLAS LANGGENG SEJAHTERA,E-Purchasing,Barang,Pengadaan Obat Puskesmas Sambelia,ON PROCESS,10695128,10695128
KAB. LOMBOK TIMUR,SEKRETARIAT DAERAH - 4.01.0.00.0.00.01.0000,01KW90B2DT2Q0ECAYVZ0MJ9S6R,67366106,2026,E-Katalog 6.0,APBD,TUNAS TUMBUH KARYA,E-Purchasing,Barang,Persediaan untuk Dijual/Diserahkan Kepada Masyarakat - Pengadaan kursi  kecamatan wanasaba,ON PROCESS,94905000,94905000
KAB. LOMBOK TIMUR,PUSKESMAS SAMBALIA (BLUD) - 1.02.0.00.0.00.01.0022,01KPZ8ZN563KWSKFAQ43R4XFA5,66855597,2026,E-Katalog 6.0,APBD,ERLANGGA EDI LABORATORIES,E-Purchasing,Barang,Pengadaan Obat Puskesmas Sambelia,ON PROCESS,407814,407814
KAB. LOMBOK TIMUR,PUSKESMAS RARANG (BLUD) - 1.02.0.00.0.00.01.0032,01KM55RADMQMPDY2Q6EGAGSDTM,66240726,2026,E-Katalog 6.0,BLUD,NOVAPHARIN,E-Purchasing,Barang,Belanja Barang Pakai Habis,ON PROCESS,3976464,3976464
KAB. LOMBOK TIMUR,RSUD SELAPARANG - 1.02.0.00.0.00.01.0037,01KTNA742JKCZ86AD98E9G4MCX,63991942,2026,E-Katalog 6.0,APBD,BUMI SARANA MAJU,E-Purchasing,Barang,Belanja Obat-Obatan-Obat-Obatan Lainnya,ON PROCESS,46871421,46871421
KAB. LOMBOK TIMUR,DINAS PEKERJAAN UMUM DAN PENATAAN RUANG - 1.03.0.00.0.00.01.0000,10851676000,63767917,2026,Non Tender,APBD,CV. AYUDIA PUTERI,Pengadaan Langsung,Pekerjaan Konstruksi,Penataan Jalan dan lingkungan Kecamatan Montong Gading,SELESAI,195705000,195705000
KAB. LOMBOK TIMUR,PUSKESMAS LABUHAN HAJI (BLUD) - 1.02.0.00.0.00.01.0003,01KPSGJ2QNC8780M4953SVECN7,66859010,2026,E-Katalog 6.0,APBD,SAFELOCK MEDICAL,E-Purchasing,Barang,Pengadaan BMHP Puskesmas Labuhan Haji,ON PROCESS,10662519,10662519
KAB. LOMBOK TIMUR,DINAS PEKERJAAN UMUM DAN PENATAAN RUANG - 1.03.0.00.0.00.01.0000,10900033000,63767947,2026,Non Tender,APBD,CV. INDAH RIZKY,Pengadaan Langsung,Pekerjaan Konstruksi,Jalan lapen desa pare mas kec. Jerowaru,SELESAI,195523000,195523000
KAB. LOMBOK TIMUR,PUSKESMAS RARANG (BLUD) - 1.02.0.00.0.00.01.0032,01KJH280FJPAR0NM7BXSA1FP0D,64980446,2026,E-Katalog 6.0,APBD,MITRA BAHAGIA UTAMA,E-Purchasing,Barang,Belanja Modal Peralatan dan Mesin BLUD,COMPLETED,12300000,12300000
KAB. LOMBOK TIMUR,PUSKESMAS WANASABA (BLUD) - 1.02.0.00.0.00.01.0033,01KQ8ZT2KGRC1KE7ZT7Y0Y2J7V,66707247,2026,E-Katalog 6.0,APBD,SAFELOCK MEDICAL,E-Purchasing,Barang,Pengadaan BMHP Puskesmas Wanasaba,ON PROCESS,10078115,10078115
KAB. LOMBOK TIMUR,DINAS PEKERJAAN UMUM DAN PENATAAN RUANG - 1.03.0.00.0.00.01.0000,10913541000,63767690,2026,Non Tender,APBD,CV. SUELA UTAMA,Pengadaan Langsung,Pekerjaan Konstruksi,"Penataan Lingkungan Yayasan Al Ijtihad, Al Mahsuni Jontak, Desa Danger",SELESAI,146678000,146678000
KAB. LOMBOK TIMUR,DINAS PEKERJAAN UMUM DAN PENATAAN RUANG - 1.03.0.00.0.00.01.0000,10842856000,63767967,2026,Non Tender,APBD,CV.SATU NUSA,Pengadaan Langsung,Pekerjaan Konstruksi,Lapen jalan Dusun Orong Rantek Desa Mamben Baru,SELESAI,195774000,195774000
KAB. LOMBOK TIMUR,DINAS PERDAGANGAN - 3.30.0.00.0.00.01.0000,01KK0YCQ4JBMSEKCENQG0E753C,64088731,2026,E-Katalog 6.0,APBD,AYUDIA PUTERI,E-Purchasing,Barang,Pengadaan Beras dan Minyak Goreng,ON PROCESS,299650450,299650450
KAB. LOMBOK TIMUR,PUSKESMAS DASAN LEKONG (BLUD) - 1.02.0.00.0.00.01.0026,01KPCQF8DNFBN04AW2X02WMWK6,66639420,2026,E-Katalog 6.0,APBD,SATORIA ANEKA INDUSTRI,E-Purchasing,Barang,Pengadaan Obat Puskesmas Dasan Lekong,ON PROCESS,6160500,6160500
KAB. LOMBOK TIMUR,PUSKESMAS MASBAGIK BARU (BLUD) - 1.02.0.00.0.00.01.0029,01KPT2009XC29KT59KVP0EZ6QE,66490114,2026,E-Katalog 6.0,APBD,GLOBAL PHARMA INDONESIA,E-Purchasing,Barang,Pengadaan BMHP Pada Puskesmas Masbagik Baru,ON PROCESS,6410250,6410250
KAB. LOMBOK TIMUR,DINAS PEKERJAAN UMUM DAN PENATAAN RUANG - 1.03.0.00.0.00.01.0000,10861509000,63767833,2026,Non Tender,APBD,DOYAN KARYA,Pengadaan Langsung,Pekerjaan Konstruksi,Penataan Lingkungan Telong-elong Desa Jerowaru Kecamatan Jerowaru,SELESAI,97955000,97955000
KAB. LOMBOK TIMUR,PUSKESMAS RARANG (BLUD) - 1.02.0.00.0.00.01.0032,01KQ1BZVTKK7V5RJMPC5N19JDD,66116819,2026,E-Katalog 6.0,BLUD,LIKUID PHARMALAB INDONESIA,E-Purchasing,Barang,Belanja Barang Pakai Habis,ON PROCESS,2312574,2312574
KAB. LOMBOK TIMUR,PUSKESMAS DENGGEN (BLUD) - 1.02.0.00.0.00.01.0027,01KQEN1XN4VQ1JQT9MRARTGX5V,66764909,2026,E-Katalog 6.0,APBD,JAYAMAS MEDICA INDUSTRI,E-Purchasing,Barang,Pengadaan BMHP Puskesmas Denggen,ON PROCESS,3614896,3614896
KAB. LOMBOK TIMUR,DINAS PEKERJAAN UMUM DAN PENATAAN RUANG - 1.03.0.00.0.00.01.0000,10839779000,63768002,2026,Non Tender,APBD,CV.YAYANG LESTARI,Pengadaan Langsung,Pekerjaan Konstruksi,Pembuatan Batu Sikat Dusun Anjani Selatan Desa Anjani Kec. Suralaga,SELESAI,97780000,97780000
KAB. LOMBOK TIMUR,PUSKESMAS MASBAGIK (BLUD) - 1.02.0.00.0.00.01.0007,01KPQ1NQ89RD8WZH8FTVESANVX,66937693,2026,E-Katalog 6.0,APBD,SAFELOCK MEDICAL,E-Purchasing,Barang,Pengadaan BMHP Puskesmas Masbagik,ON PROCESS,387105,387105
KAB. LOMBOK TIMUR,DINAS PERUMAHAN DAN KAWASAN PERMUKIMAN - 1.04.0.00.0.00.01.0000,10838193000,63995908,2026,Non Tender,APBD,CV MERENDA SEJAHTERA,Pengadaan Langsung,Pekerjaan Konstruksi,Belanja Barang untuk Dijual/Diserahkan kepada Masyarakat Penataan Jalan Lingkungan Kecamatan Aikmel,SELESAI,99900000,99900000
KAB. LOMBOK TIMUR,RSUD LOMBOK TIMUR - 1.02.0.00.0.00.01.0039,01KRCTZ4A4ZMW2TRTVWFPB0ZJN,64855001,2026,E-Katalog 6.0,BLUD,KALVENTIS SINERGI FARMA,E-Purchasing,Barang,Belanja Obat-Obatan-Obat,ON PROCESS,197508072,0
KAB. LOMBOK TIMUR,PUSKESMAS JEROWARU (BLUD) - 1.02.0.00.0.00.01.0012,01KPSWYFHEAG5EXJNS3GX6K0XN,66417328,2026,E-Katalog 6.0,APBD,EFADA MEDICAL INDUSTRIES INDONESIA,E-Purchasing,Barang,Pengadaan BMHP Puskesmas Jerowaru,ON PROCESS,1576244,1576244
KAB. LOMBOK TIMUR,DINAS PEKERJAAN UMUM DAN PENATAAN RUANG - 1.03.0.00.0.00.01.0000,10881997000,63767786,2026,Non Tender,APBD,CV. PRAMAS,Pengadaan Langsung,Pekerjaan Konstruksi,Penataan Lingkungan Kecamatan Sakra Timur,SELESAI,97836000,97836000
KAB. LOMBOK TIMUR,PUSKESMAS KOTARAJA (BLUD) - 1.02.0.00.0.00.01.0014,01KS44EEVRX14NS9KAMWGT0PP6,66776495,2026,E-Katalog 6.0,APBD,TRIFA RAYA LABORATORIES,E-Purchasing,Barang,Pengadaan Obat Puskesmas Kotaraja,ON PROCESS,274725,274725
KAB. LOMBOK TIMUR,RSUD LOMBOK TIMUR - 1.02.0.00.0.00.01.0039,01KPMNJ22ST7M3DZXQMMV4A9M2,64855001,2026,E-Katalog 6.0,BLUD,DEXA MEDICA,E-Purchasing,Barang,Belanja Obat-Obatan-Obat,ON PROCESS,28043628,28043628
KAB. LOMBOK TIMUR,RSUD PATUH KARYA - 1.02.0.00.0.00.01.0040,01KP4QNKN3WG5K9X5BQWG2DH4F,63998403,2026,E-Katalog 6.0,APBD,RIDHO ILAHI FARMA,E-Purchasing,Barang,Belanja Obat-Obatan-Obat-Obatan Lainnya,ON PROCESS,2482146,2482146
KAB. LOMBOK TIMUR,DINAS PEKERJAAN UMUM DAN PENATAAN RUANG - 1.03.0.00.0.00.01.0000,10919500000,63767714,2026,Non Tender,APBD,CV. ANEKA,Pengadaan Langsung,Pekerjaan Konstruksi,"Penataan Rumah Banjar Dusun Jolok, Desa Sikur, Kecamatan Sikur",SELESAI,146750000,146750000
KAB. LOMBOK TIMUR,PUSKESMAS KERONGKONG (BLUD) - 1.02.0.00.0.00.01.0016,01KQC6Z04EB712Q5S2EJ419MSN,66528385,2026,E-Katalog 6.0,APBD,RIDHO ILAHI FARMA,E-Purchasing,Barang,Pengadaan BMHP Puskesmas Kerongkong,ON PROCESS,752347,752347
KAB. LOMBOK TIMUR,PUSKESMAS SURALAGA (BLUD) - 1.02.0.00.0.00.01.0034,01KPQP1R99MV8K2ANC1PVYF1P9,66762207,2026,E-Katalog 6.0,APBD,GLOBAL PHARMA INDONESIA,E-Purchasing,Barang,Pengadaan BMHP Puskesmas Suralaga,ON PROCESS,7472520,7472520
KAB. LOMBOK TIMUR,DINAS PEKERJAAN UMUM DAN PENATAAN RUANG - 1.03.0.00.0.00.01.0000,01KSENP1RMFWYE1XCSK0NQHZ96,65637799,2026,E-Katalog 6.0,APBD,AYUDIA PUTERI,E-Purchasing,Barang,Belanja Modal Alat Pembersih,ON PROCESS,27838800,27838800
KAB. LOMBOK TIMUR,PUSKESMAS PRINGGASELA UTAMA (BLUD) - 1.02.0.00.0.00.01.0036,01KPFH1RY31EQF5JD0ZAWQB29V,66748490,2026,E-Katalog 6.0,APBD,LIKUID PHARMALAB INDONESIA,E-Purchasing,Barang,Pengadaan BMHP Puskesmas Pringgasela Utama,ON PROCESS,9319771,9319771
KAB. LOMBOK TIMUR,DINAS PEKERJAAN UMUM DAN PENATAAN RUANG - 1.03.0.00.0.00.01.0000,10900029000,63767982,2026,Non Tender,APBD,CV. AYUDIA PUTERI,Pengadaan Langsung,Pekerjaan Konstruksi,Pembangunan Kubah Masjid Darul Muttaqin Dusun Paek Desa Pandan Wangi Kecamatan Jerowaru,SELESAI,244394000,244394000
KAB. LOMBOK TIMUR,DINAS PERTANIAN - 3.27.0.00.0.00.01.0000,10920955000,63751239,2026,Non Tender,APBD,SINAR LOMBOK KARYA,Pengadaan Langsung,Pekerjaan Konstruksi,Persediaan untuk Dijual/Diserahkan Kepada Masyarakat (Rehab embung 6 jerowaru (Tan 50),SELESAI,145350000,145350000
KAB. LOMBOK TIMUR,DINAS PEKERJAAN UMUM DAN PENATAAN RUANG - 1.03.0.00.0.00.01.0000,10926723000,63764382,2026,Non Tender,APBD,CV. PUTRI FAMILY,Pengadaan Langsung,Pekerjaan Konstruksi,Sumur bor batu lawang desa suwangi timur,BERLANGSUNG,97765000,97765000
KAB. LOMBOK TIMUR,PUSKESMAS RARANG (BLUD) - 1.02.0.00.0.00.01.0032,01KGGV16FEXKZBYWGSXJ8Q262M,64980446,2026,E-Katalog 6.0,APBD,MITRA BAHAGIA UTAMA,E-Purchasing,Barang,Belanja Modal Peralatan dan Mesin BLUD,COMPLETED,27599999,27599999
KAB. LOMBOK TIMUR,PUSKESMAS DASAN LEKONG (BLUD) - 1.02.0.00.0.00.01.0026,01KR36N8VQ2MPK7YTNYN1FSYJE,66639420,2026,E-Katalog 6.0,APBD,ERLANGGA EDI LABORATORIES,E-Purchasing,Barang,Pengadaan Obat Puskesmas Dasan Lekong,ON PROCESS,570429,570429
KAB. LOMBOK TIMUR,PUSKESMAS RARANG (BLUD) - 1.02.0.00.0.00.01.0032,01KM55DDY6X8C2XBHJ92B8EHNF,66240726,2026,E-Katalog 6.0,BLUD,TRIFA RAYA LABORATORIES,E-Purchasing,Barang,Belanja Barang Pakai Habis,ON PROCESS,899100,899100
KAB. LOMBOK TIMUR,PUSKESMAS SUKARAJA (BLUD) - 1.02.0.00.0.00.01.0031,01KPQ62RETGC45QWN8S5CPAS1R,66770692,2026,E-Katalog 6.0,APBD,SAFELOCK MEDICAL,E-Purchasing,Barang,Pengadaan BMHP Puskesmas Sukaraja,ON PROCESS,7210443,7210443
KAB. LOMBOK TIMUR,DINAS PERUMAHAN DAN KAWASAN PERMUKIMAN - 1.04.0.00.0.00.01.0000,10942387000,67431218,2026,Non Tender,APBD,awra,Pengadaan Langsung,Pekerjaan Konstruksi,Belanja Barang untuk Dijual/Diserahkan kepada Masyarakat Pembangunan Jalan Lingkungan Keluarga Gubuk Lekoq Desa Apitaik,SELESAI,69885600,69885600
KAB. LOMBOK TIMUR,SEKRETARIAT DAERAH - 4.01.0.00.0.00.01.0000,01KNRETDWGBK375C4T4PC46X0P,66859305,2026,E-Katalog 6.0,APBD,PESONA RIA,E-Purchasing,Barang,Beban Jasa Penyelenggaraan Acara (Pengadaan Perlengkapan Haji),ON PROCESS,284715000,284715000
KAB. LOMBOK TIMUR,PUSKESMAS RARANG (BLUD) - 1.02.0.00.0.00.01.0032,01KJVGVWY4E4QEJZ78RNG3JPVB,64010076,2026,E-Katalog 6.0,BLUD,NOVAPHARIN,E-Purchasing,Barang,Belanja Barang dan Jasa BLUD,ON PROCESS,6057270,6057270
KAB. LOMBOK TIMUR,PUSKESMAS MASBAGIK (BLUD) - 1.02.0.00.0.00.01.0007,01KQC3GHBVCZVGWAD345Z8976S,66937693,2026,E-Katalog 6.0,APBD,JAYAMAS MEDICA INDUSTRI,E-Purchasing,Barang,Pengadaan BMHP Puskesmas Masbagik,ON PROCESS,1021733,1021733
KAB. LOMBOK TIMUR,RSUD PATUH KARYA - 1.02.0.00.0.00.01.0040,01KKJH79C0T0B8DX6A06T5KP99,66455354,2026,E-Katalog 6.0,BLUD,AVIA ANUGRAH NUSANTARA,E-Purchasing,Barang,Belanja Modal Alat Rumah Tangga Lainnya (homeuse),ON PROCESS,99840010,99840010
KAB. LOMBOK TIMUR,DINAS PEKERJAAN UMUM DAN PENATAAN RUANG - 1.03.0.00.0.00.01.0000,10874900000,63767695,2026,Non Tender,APBD,CV. RIDHO GRAHA,Pengadaan Langsung,Pekerjaan Konstruksi,"Penataan Lingkungan Dusun Buwuh, Desa Montong Baan Selatan",SELESAI,145722000,145722000
KAB. LOMBOK TIMUR,DINAS PEKERJAAN UMUM DAN PENATAAN RUANG - 1.03.0.00.0.00.01.0000,10878840000,63767994,2026,Non Tender,APBD,CV. DUTA MENTAGI,Pengadaan Langsung,Pekerjaan Konstruksi,Penataan jalan lingkungan dusun lokon desa sepit kec. Keruak,SELESAI,195584000,195584000
KAB. LOMBOK TIMUR,DINAS PEKERJAAN UMUM DAN PENATAAN RUANG - 1.03.0.00.0.00.01.0000,10838504000,63767890,2026,Non Tender,APBD,CV. BURSA JANTUK MAS,Pengadaan Langsung,Pekerjaan Konstruksi,Penataan lingkungan di Kelurahan Selong,SELESAI,68480000,68480000
KAB. LOMBOK TIMUR,PUSKESMAS BELANTING (BLUD) - 1.02.0.00.0.00.01.0025,01KS4V1QXZQ1K13ANFN798MX4Z,66844176,2026,E-Katalog 6.0,APBD,INFION,E-Purchasing,Barang,Pengadaan BMHP Pada Puskesmas Belanting,ON PROCESS,713583,713583
KAB. LOMBOK TIMUR,DINAS PEKERJAAN UMUM DAN PENATAAN RUANG - 1.03.0.00.0.00.01.0000,10933636000,63767870,2026,Non Tender,APBD,CV. Sari Fania,Pengadaan Langsung,Pekerjaan Konstruksi,Rabat Jalan Kelompok Masyarakat Dusun Pejeruk (Batu Tepong) Dusun Pejeruk Desa Pegadangan Kecamatan Pringgasela,BERLANGSUNG,195577000,195577000
KAB. LOMBOK TIMUR,RSUD LOMBOK TIMUR - 1.02.0.00.0.00.01.0039,01KS4J3M1HTJ8E15538VC24BKW,64855001,2026,E-Katalog 6.0,BLUD,MAHAKAM BETA FARMA,E-Purchasing,Barang,Belanja Obat-Obatan-Obat,ON PROCESS,6785874,6785874
KAB. LOMBOK TIMUR,PUSKESMAS SAKRA (BLUD) - 1.02.0.00.0.00.01.0010,01KPZ1SYPMT7ZCP6P0Z1QC476G,66442620,2026,E-Katalog 6.0,APBD,GLOBAL PHARMA INDONESIA,E-Purchasing,Barang,Pengadaan BMHP Puskesmas Sakra,ON PROCESS,549450,549450
KAB. LOMBOK TIMUR,PUSKESMAS RARANG (BLUD) - 1.02.0.00.0.00.01.0032,01KJVHN6HTCYCAWJ8D87J64A9Y,64010076,2026,E-Katalog 6.0,BLUD,CIPTA MEDIKA SEMPURNA,E-Purchasing,Barang,Belanja Barang dan Jasa BLUD,ON PROCESS,560328,0
KAB. LOMBOK TIMUR,PUSKESMAS RARANG (BLUD) - 1.02.0.00.0.00.01.0032,01KKAPN9D9BHQX4ZXY46Q9T2SP,66116819,2026,E-Katalog 6.0,BLUD,JAYAMAS MEDICA INDUSTRI,E-Purchasing,Barang,Belanja Barang Pakai Habis,ON PROCESS,3284490,3284490
KAB. LOMBOK TIMUR,DINAS PEKERJAAN UMUM DAN PENATAAN RUANG - 1.03.0.00.0.00.01.0000,10886560000,63764398,2026,Non Tender,APBD,CV. KARYA PUTRA SOPAK,Pengadaan Langsung,Pekerjaan Konstruksi,Pembangunan Sumur Bor Kelurahan Selong Kec. Selong,SELESAI,146641000,146641000
KAB. LOMBOK TIMUR,RSUD PATUH KARYA - 1.02.0.00.0.00.01.0040,01KP264SS2MJ98443NG6BVKS7X,63998403,2026,E-Katalog 6.0,APBD,MERSIFARMA TIRMAKU MERCUSANA,E-Purchasing,Barang,Belanja Obat-Obatan-Obat-Obatan Lainnya,ON PROCESS,2554776,2554776
KAB. LOMBOK TIMUR,DINAS PEKERJAAN UMUM DAN PENATAAN RUANG - 1.03.0.00.0.00.01.0000,10859347000,63767862,2026,Non Tender,APBD,Cv grisbung jaya,Pengadaan Langsung,Pekerjaan Konstruksi,Penataan Lingkungan Desa Boyemare,SELESAI,198505000,198505000
KAB. LOMBOK TIMUR,PUSKESMAS JEROWARU (BLUD) - 1.02.0.00.0.00.01.0012,01KPSX2RZS9BX5R1PFZ3PWZJHP,66417328,2026,E-Katalog 6.0,APBD,SAFELOCK MEDICAL,E-Purchasing,Barang,Pengadaan BMHP Puskesmas Jerowaru,ON PROCESS,4980627,4980627
KAB. LOMBOK TIMUR,DINAS PERTANIAN - 3.27.0.00.0.00.01.0000,10899381000,63751190,2026,Non Tender,APBD,CV. MORI SATRA,Pengadaan Langsung,Pekerjaan Konstruksi,Persediaan untuk Dijual/Diserahkan Kepada Masyarakat (Rehab embung klp tani rembak ajong pandan wangi kec. Jerowaru (Tan 32),BERLANGSUNG,193854415,193854415
KAB. LOMBOK TIMUR,DINAS PEKERJAAN UMUM DAN PENATAAN RUANG - 1.03.0.00.0.00.01.0000,10851708000,63767724,2026,Non Tender,APBD,CV. RIZQI FAMILY,Pengadaan Langsung,Pekerjaan Konstruksi,Penembokan LKS Al Anshori desa jerowaru,SELESAI,146865000,146865000
KAB. LOMBOK TIMUR,PUSKESMAS SAMBALIA (BLUD) - 1.02.0.00.0.00.01.0022,01KQC027RCS3K7BWW1W8V9WF70,66855628,2026,E-Katalog 6.0,APBD,RIDHO ILAHI FARMA,E-Purchasing,Barang,Pengadaan BMHP Puskesmas Sambelia,ON PROCESS,6151076,6151076
KAB. LOMBOK TIMUR,PUSKESMAS SURALAGA (BLUD) - 1.02.0.00.0.00.01.0034,01KPQN35C94HM7XBZT6609RGMR,66762207,2026,E-Katalog 6.0,APBD,SAFELOCK MEDICAL,E-Purchasing,Barang,Pengadaan BMHP Puskesmas Suralaga,ON PROCESS,2170512,2170512
KAB. LOMBOK TIMUR,PUSKESMAS RARANG (BLUD) - 1.02.0.00.0.00.01.0032,01KK3BQ9H267RJCYRQKMNVF1BH,66116819,2026,E-Katalog 6.0,BLUD,TRIFA RAYA LABORATORIES,E-Purchasing,Barang,Belanja Barang Pakai Habis,ON PROCESS,899100,899100
KAB. LOMBOK TIMUR,PUSKESMAS LABUHAN HAJI (BLUD) - 1.02.0.00.0.00.01.0003,01KQEK2VZNWCYNFX6FD8D7Q6YD,66859010,2026,E-Katalog 6.0,APBD,JAYAMAS MEDICA INDUSTRI,E-Purchasing,Barang,Pengadaan BMHP Puskesmas Labuhan Haji,ON PROCESS,3802218,3802218
KAB. LOMBOK TIMUR,PUSKESMAS WANASABA (BLUD) - 1.02.0.00.0.00.01.0033,01KPZKN54XCXM8SCG9M1F78BN9,66707136,2026,E-Katalog 6.0,APBD,SOLAS LANGGENG SEJAHTERA,E-Purchasing,Barang,Pengadaan Obat Puskesmas Wanasaba,ON PROCESS,19487604,19487604
KAB. LOMBOK TIMUR,PUSKESMAS RARANG (BLUD) - 1.02.0.00.0.00.01.0032,01KK653PZ2GRX114EVQPPS9BRT,64010076,2026,E-Katalog 6.0,BLUD,SOLAS LANGGENG SEJAHTERA,E-Purchasing,Barang,Belanja Barang dan Jasa BLUD,ON PROCESS,2469750,2469750
KAB. LOMBOK TIMUR,PUSKESMAS LENEK (BLUD) - 1.02.0.00.0.00.01.0018,01KPFSWA3JTX41HYHHM30V9AQ2,66667172,2026,E-Katalog 6.0,APBD,LIKUID PHARMALAB INDONESIA,E-Purchasing,Barang,Pengadaan Belanja BMHP Pada Puskesmas Lenek,ON PROCESS,5265563,5265563
KAB. LOMBOK TIMUR,DINAS PERTANIAN - 3.27.0.00.0.00.01.0000,10932849000,63751217,2026,Non Tender,APBD,CV. SULTAN AL FATAH JAYA ABADI,Pengadaan Langsung,Pekerjaan Konstruksi,Persediaan untuk Dijual/Diserahkan Kepada Masyarakat (Rehabilitasi Embung Rakyat 9 Kecamatan Jerowaru (Tan 9),BERLANGSUNG,145352696,145352696
KAB. LOMBOK TIMUR,DINAS PEKERJAAN UMUM DAN PENATAAN RUANG - 1.03.0.00.0.00.01.0000,10935995000,63767729,2026,Non Tender,APBD,CV. PATUH,Pengadaan Langsung,Pekerjaan Konstruksi,"Pembangunan Musholla Abdillah, Dusun Paok Kambut, Desa Masbagik Utara Baru",BERLANGSUNG,195500000,195500000
KAB. LOMBOK TIMUR,PUSKESMAS LENEK (BLUD) - 1.02.0.00.0.00.01.0018,01KNM74RFEJBS1N471AKTA2K3H,66667126,2026,E-Katalog 6.0,APBD,EMJEBE PHARMA,E-Purchasing,Barang,Pengadaan Belanja Obat Pada Puskesmas Lenek,ON PROCESS,2302029,2302029
KAB. LOMBOK TIMUR,DINAS PERTANIAN - 3.27.0.00.0.00.01.0000,10898027000,63751247,2026,Non Tender,APBD,Cv grisbung jaya,Pengadaan Langsung,Pekerjaan Konstruksi,Persediaan untuk Dijual/Diserahkan Kepada Masyarakat (Pembangunan/Rehab Embung Desa Sekaroh 1 (Tan 62),SELESAI,193850000,193850000
KAB. LOMBOK TIMUR,PUSKESMAS DENGGEN (BLUD) - 1.02.0.00.0.00.01.0027,01KQEMQERGWJTC5XJS934E7TG4,66764909,2026,E-Katalog 6.0,APBD,RIDHO ILAHI FARMA,E-Purchasing,Barang,Pengadaan BMHP Puskesmas Denggen,ON PROCESS,4307638,4307638
KAB. LOMBOK TIMUR,DINAS KESEHATAN - 1.02.0.00.0.00.01.0000,10114672000,65182837,2026,Tender,APBD,PT. GALEN SAGARA PERKASA,Seleksi,Jasa Konsultansi Badan Usaha Konstruksi,Konsultan Perencanaan Lanjutan Pembangunan RS Masbagik,SELESAI,290142900,290142900
KAB. LOMBOK TIMUR,DINAS PEKERJAAN UMUM DAN PENATAAN RUANG - 1.03.0.00.0.00.01.0000,01KW8M0S30QMBARAVFJREFB7PC,67370697,2026,E-Katalog 6.0,APBD,PESONA RIA,E-Purchasing,Barang,Belanja Modal Peralatan Personal Computer  ,ON PROCESS,22644000,22644000
KAB. LOMBOK TIMUR,DINAS KESEHATAN - 1.02.0.00.0.00.01.0000,01KSVS6TWA7WCQCV0STWTFCTMH,64024500,2026,E-Katalog 6.0,APBD,MENARA PELITA MEDICA,E-Purchasing,Barang,Pengadan Reagen Sanitarian KIT (DAU yang Ditentukan Penggunaannya Bidang Kesehatan ),ON PROCESS,64290000,64290000
KAB. LOMBOK TIMUR,DINAS PEKERJAAN UMUM DAN PENATAAN RUANG - 1.03.0.00.0.00.01.0000,10881959000,63767867,2026,Non Tender,APBD,ACHMAD GROUP,Pengadaan Langsung,Pekerjaan Konstruksi,Talud Irigasi Desa Montong Baan Kec. Sikur,SELESAI,146850000,146850000
KAB. LOMBOK TIMUR,DINAS PEKERJAAN UMUM DAN PENATAAN RUANG - 1.03.0.00.0.00.01.0000,10940036000,63767871,2026,Non Tender,APBD,CV. MARANG,Pengadaan Langsung,Pekerjaan Konstruksi,"Perbaikan jalan lingkungan Kampung Baru, Kelurahan Majidi",BERLANGSUNG,146600000,146600000
KAB. LOMBOK TIMUR,DINAS PEKERJAAN UMUM DAN PENATAAN RUANG - 1.03.0.00.0.00.01.0000,10915744000,63767839,2026,Non Tender,APBD,CV. RAHMAT KARYA,Pengadaan Langsung,Pekerjaan Konstruksi,Pembuatan jalan desa gereneng timur,SELESAI,97721000,97721000
KAB. LOMBOK TIMUR,DINAS PEKERJAAN UMUM DAN PENATAAN RUANG - 1.03.0.00.0.00.01.0000,01KTWG53YFNY69Y52E9F2BWK3E,67288318,2026,E-Katalog 6.0,APBD,AYUDIA PUTERI,E-Purchasing,Barang,"Pengadaan bahan bangunan masjid "" "" masjid riyadhussolihin "" dusun kekalek, desa darmasari, kec. Sikur",ON PROCESS,48414870,48414870
KAB. LOMBOK TIMUR,RSUD PATUH KARYA - 1.02.0.00.0.00.01.0040,01KPSHQ4C2R0VNSQZ1X1RXRNZ1,63998406,2026,E-Katalog 6.0,APBD,RIDHO ILAHI FARMA,E-Purchasing,Barang,Belanja Bahan-Bahan Kimia,ON PROCESS,6760011,6760011
KAB. LOMBOK TIMUR,DINAS PEKERJAAN UMUM DAN PENATAAN RUANG - 1.03.0.00.0.00.01.0000,10115786000,65495382,2026,Tender,APBD,"TRIOSATRYA, CV",Tender,Pekerjaan Konstruksi,"Penanganan Long Segment (pemeliharaan berkala, peningkatan/rekonstruksi) Jalan Rempung - Pengadangan",SELESAI,1528996104,1528996104
KAB. LOMBOK TIMUR,RSUD PATUH KARYA - 1.02.0.00.0.00.01.0040,01KQ661273VMYSJP5WKQHXQBT9,63998403,2026,E-Katalog 6.0,APBD,MEGA KREASI ALKESINDO,E-Purchasing,Barang,Belanja Obat-Obatan-Obat-Obatan Lainnya,ON PROCESS,2959697,2959697
KAB. LOMBOK TIMUR,PUSKESMAS RARANG (BLUD) - 1.02.0.00.0.00.01.0032,01KK603WNKS1DACBG4BKJKZ3R4,66116819,2026,E-Katalog 6.0,BLUD,GLOBAL PHARMA INDONESIA,E-Purchasing,Barang,Belanja Barang Pakai Habis,ON PROCESS,354090,0
KAB. LOMBOK TIMUR,DINAS PEKERJAAN UMUM DAN PENATAAN RUANG - 1.03.0.00.0.00.01.0000,10925266000,63767985,2026,Non Tender,APBD,CV. AL-NAHYAN,Pengadaan Langsung,Pekerjaan Konstruksi,Penataan lingkungan kec masbagik,SELESAI,97736000,97736000
KAB. LOMBOK TIMUR,DINAS KESEHATAN - 1.02.0.00.0.00.01.0000,01KR2NF0BH0P00MN5WK8C0CMHG,64098781,2026,E-Katalog 6.0,APBD,MITRA BAHAGIA UTAMA,E-Purchasing,Barang,Pengadaan Laptop Intel Core i5,ON PROCESS,104999996,104999996
KAB. LOMBOK TIMUR,DINAS KOPERASI DAN USAHA KECIL MENENGAH - 2.17.0.00.0.00.01.0000,10305215000,42192992,2026,Swakelola,APBD,B. Susi Harni dkk,,,Belanja Jasa Tenaga Operator Komputer,PAKET SEDANG BERJALAN,2400000,0
KAB. LOMBOK TIMUR,RSUD LOMBOK TIMUR - 1.02.0.00.0.00.01.0039,01KPZM8E6107KD7GBNGMVFZB1C,64854315,2026,E-Katalog 6.0,BLUD,GLOBAL PROMEDIKA SERVICES,E-Purchasing,Barang,Belanja Jasa Kalibrasi,ON PROCESS,140914500,140914500
KAB. LOMBOK TIMUR,PUSKESMAS RARANG (BLUD) - 1.02.0.00.0.00.01.0032,01KK8Q8RFYHR9EGKCB2BF27A2C,64010076,2026,E-Katalog 6.0,BLUD,PHAPROS,E-Purchasing,Barang,Belanja Barang dan Jasa BLUD,ON PROCESS,466200,466200
KAB. LOMBOK TIMUR,PUSKESMAS KERONGKONG (BLUD) - 1.02.0.00.0.00.01.0016,01KNV40HTEEA99YQH3GS8RJSZ6,66528326,2026,E-Katalog 6.0,APBD,BERNOFARM,E-Purchasing,Barang,Pengadaan Obat Puskesmas Kerongkong,ON PROCESS,22995803,22995803
KAB. LOMBOK TIMUR,DINAS PEKERJAAN UMUM DAN PENATAAN RUANG - 1.03.0.00.0.00.01.0000,10914570000,63767808,2026,Non Tender,APBD,CV. Sari Fania,Pengadaan Langsung,Pekerjaan Konstruksi,Pengaspalan Jalan Desa Kembang Kerang Daya kec.Aikmel,SELESAI,177806000,177806000
KAB. LOMBOK TIMUR,DINAS PEKERJAAN UMUM DAN PENATAAN RUANG - 1.03.0.00.0.00.01.0000,10852472000,63767798,2026,Non Tender,APBD,CV. KARYA ALAM NUSA,Pengadaan Langsung,Pekerjaan Konstruksi,"Penataan jalan lingkungan desa lando,kecamatan terara",SELESAI,97679000,97679000
KAB. LOMBOK TIMUR,PUSKESMAS WANASABA (BLUD) - 1.02.0.00.0.00.01.0033,01KPZKK0V186TX9HETSHSBFG15,66707136,2026,E-Katalog 6.0,APBD,TRIFA RAYA LABORATORIES,E-Purchasing,Barang,Pengadaan Obat Puskesmas Wanasaba,ON PROCESS,3896100,3896100
KAB. LOMBOK TIMUR,RSUD LOMBOK TIMUR - 1.02.0.00.0.00.01.0039,01KW8X6BXT241JC59C1ZAXPJ1R,64855001,2026,E-Katalog 6.0,BLUD,HEXPHARM JAYA LABORATORIES,E-Purchasing,Barang,Belanja Obat-Obatan-Obat,ON PROCESS,28597596,28597596
KAB. LOMBOK TIMUR,DINAS KESEHATAN - 1.02.0.00.0.00.01.0000,01KQBNN6CEBJ5NYQHQ8Z0FX59K,63967643,2026,E-Katalog 6.0,APBD,KIMIA FARMA TRADING & DISTRIBUTION,E-Purchasing,Barang,Pengadaan Ambulance Yayasan Pondok Pesantren Miftahul Fa'izin NW Desa Ketangga - Suela,ON PROCESS,249750000,249750000
KAB. LOMBOK TIMUR,PUSKESMAS AIKMEL UTARA (BLUD) - 1.02.0.00.0.00.01.0035,01KR08WREA6XJZZXB7HNH1PFMJ,66440606,2026,E-Katalog 6.0,BLUD,RIDHO ILAHI FARMA,E-Purchasing,Barang,Belanja Barang dan Jasa BLUD,ON PROCESS,988033,988033
KAB. LOMBOK TIMUR,DINAS PEKERJAAN UMUM DAN PENATAAN RUANG - 1.03.0.00.0.00.01.0000,10892134000,63767692,2026,Non Tender,APBD,CV. MORI SATRA,Pengadaan Langsung,Pekerjaan Konstruksi,Penataan jalan lingkungan desa pandan wangi kec. Jerowaru,SELESAI,195519000,195519000
KAB. LOMBOK TIMUR,DINAS PEKERJAAN UMUM DAN PENATAAN RUANG - 1.03.0.00.0.00.01.0000,10852392000,63767792,2026,Non Tender,APBD,CV. KARYA KITA,Pengadaan Langsung,Pekerjaan Konstruksi,Penataan Infrastruktur sarana dan prasarana umum Kelurahan Geres ( Pemasangan Batu sikat),SELESAI,195649000,195649000
KAB. LOMBOK TIMUR,DINAS PERTANIAN - 3.27.0.00.0.00.01.0000,10920094000,63751225,2026,Non Tender,APBD,CV. RIJANI PERSADA GROUP,Pengadaan Langsung,Pekerjaan Konstruksi,Persediaan untuk Dijual/Diserahkan Kepada Masyarakat (Normalisasi Embung I Kec. Jerowaru (Tan 45),SELESAI,193850000,193850000
KAB. LOMBOK TIMUR,PUSKESMAS DASAN LEKONG (BLUD) - 1.02.0.00.0.00.01.0026,01KPMK2SZQSWQ8RJ79GEEXDCQT,66639420,2026,E-Katalog 6.0,APBD,SOLAS LANGGENG SEJAHTERA,E-Purchasing,Barang,Pengadaan Obat Puskesmas Dasan Lekong,ON PROCESS,2054888,2054888
KAB. LOMBOK TIMUR,DINAS KESEHATAN - 1.02.0.00.0.00.01.0000,01KVSPD63PNEZ8X15KJNTE910C,63968035,2026,E-Katalog 6.0,APBD,BINTANG MANDIRI MEDICA,E-Purchasing,Barang,Pengadaan BMHP,ON PROCESS,331584750,0
KAB. LOMBOK TIMUR,DINAS PEKERJAAN UMUM DAN PENATAAN RUANG - 1.03.0.00.0.00.01.0000,10908915000,63767654,2026,Non Tender,APBD,KALANDRA UTAMA,Pengadaan Langsung,Pekerjaan Konstruksi,Penembokan Kuburan Dusun Padak Kertasari,SELESAI,97758000,97758000
KAB. LOMBOK TIMUR,DINAS KESEHATAN - 1.02.0.00.0.00.01.0000,01KPZJ9W7XT3MJEYN2E5NKTN4N,63968045,2026,E-Katalog 6.0,APBD,PT ADYA ARTHA ABADI TANGERANG,E-Purchasing,Barang,Pengadaan Obat (DAU yang Ditentukan Penggunaannya Bidang Kesehatan),ON PROCESS,6648900,6648900
KAB. LOMBOK TIMUR,DINAS PEKERJAAN UMUM DAN PENATAAN RUANG - 1.03.0.00.0.00.01.0000,10892906000,63767927,2026,Non Tender,APBD,KALANDRA UTAMA,Pengadaan Langsung,Pekerjaan Konstruksi,Pembangunan lanjutan Masjid ASSALAM Kelurahan Majid,SELESAI,171070000,171070000
KAB. LOMBOK TIMUR,DINAS KESEHATAN - 1.02.0.00.0.00.01.0000,01KMYYVE7GWX0BRQ50Q5D0P0E8,63968045,2026,E-Katalog 6.0,APBD,SATORIA ANEKA INDUSTRI,E-Purchasing,Barang,Pengadaan Obat (DAU yang Ditentukan Penggunaannya Bidang Kesehatan),ON PROCESS,17961990,17961990
KAB. LOMBOK TIMUR,PUSKESMAS MASBAGIK BARU (BLUD) - 1.02.0.00.0.00.01.0029,01KPA2Q26NTW2TR03D0NKZPVNJ,66913601,2026,E-Katalog 6.0,BLUD,UD. TERRA COMPUTER,E-Purchasing,Barang,- belanja mesin,ON PROCESS,32745000,32745000
KAB. LOMBOK TIMUR,DINAS PEKERJAAN UMUM DAN PENATAAN RUANG - 1.03.0.00.0.00.01.0000,10900038000,63767834,2026,Non Tender,APBD,CV. HASAN KARYA,Pengadaan Langsung,Pekerjaan Konstruksi,Penimbunan dan Penaludan Jalan Tuping - Sumawi Desa Wakan ± 700 M Kecamatan Jerowaru,SELESAI,146757000,146757000
KAB. LOMBOK TIMUR,DINAS PEKERJAAN UMUM DAN PENATAAN RUANG - 1.03.0.00.0.00.01.0000,10852428000,63767790,2026,Non Tender,APBD,CV. KARYA KITA,Pengadaan Langsung,Pekerjaan Konstruksi,Penataan Infrastruktur sarana dan prasarana umum Kelurahan Tanjung ( Pemasangan Batu sikat),SELESAI,195645000,195645000
KAB. LOMBOK TIMUR,DINAS PERTANIAN - 3.27.0.00.0.00.01.0000,10863637000,63751919,2026,Non Tender,APBD,CV. KARYA ALAM NUSA,Pengadaan Langsung,Pekerjaan Konstruksi,Persediaan untuk Dijual/Diserahkan Kepada Masyarakat (Pembangunan Jaringan Irigasi Desa Tirtanadi),SELESAI,193900000,193900000
KAB. LOMBOK TIMUR,DINAS PERTANIAN - 3.27.0.00.0.00.01.0000,10932074000,64035637,2026,Non Tender,APBD,CV. MARSHA UTAMA,Pengadaan Langsung,Pekerjaan Konstruksi,"Persediaan untuk Dijual/Diserahkan Kepada Masyarakat (Penataan Jalan Usaha Tani Mertak Bireng Desa Semaya, Kecamatan Sikur (JUT 18)",BERLANGSUNG,193853450,193853450
KAB. LOMBOK TIMUR,RSUD PATUH KARYA - 1.02.0.00.0.00.01.0040,01KQ6C2JBSP7CYTTR5278P0C3Y,63998406,2026,E-Katalog 6.0,APBD,AVIA ANUGRAH NUSANTARA,E-Purchasing,Barang,Belanja Bahan-Bahan Kimia,ON PROCESS,60344599,60344599
KAB. LOMBOK TIMUR,PUSKESMAS LENDANG NANGKA (BLUD) - 1.02.0.00.0.00.01.0015,01KPF9HXCN85VCFAPCDCD29X78,66812841,2026,E-Katalog 6.0,APBD,TRIFA RAYA LABORATORIES,E-Purchasing,Barang,Pengadaan Obat Puskesmas Lendang Nangka,ON PROCESS,2369850,2369850
KAB. LOMBOK TIMUR,DINAS PEKERJAAN UMUM DAN PENATAAN RUANG - 1.03.0.00.0.00.01.0000,10937722000,63767702,2026,Non Tender,APBD,CV. GALUH JAYA ABADI,Pengadaan Langsung,Pekerjaan Konstruksi,"Pembangunan/Rehabilitasi/ Rekonstruksi/Pemeliharaan Jalan dan jembatan Kabupaten Kecamatan Masbagik, Kab. Lombok Timur",BERLANGSUNG,195508000,195508000
KAB. LOMBOK TIMUR,PUSKESMAS KALIJAGA (BLUD) - 1.02.0.00.0.00.01.0019,01KR0J3Q1WXB52FGD1H0QH57HX,66510653,2026,E-Katalog 6.0,APBD,RIDHO ILAHI FARMA,E-Purchasing,Barang,Pengadaan BMHP Puskesmas Kalijaga,ON PROCESS,819957,819957
KAB. LOMBOK TIMUR,RSUD PATUH KARYA - 1.02.0.00.0.00.01.0040,01KP9VK1KE2379TYMCBZSFHZ17,63998403,2026,E-Katalog 6.0,APBD,BINTANG SHAFWAN,E-Purchasing,Barang,Belanja Obat-Obatan-Obat-Obatan Lainnya,ON PROCESS,17455305,0
KAB. LOMBOK TIMUR,PUSKESMAS PRINGGASELA UTAMA (BLUD) - 1.02.0.00.0.00.01.0036,01KPFGSP43RKN0SRVBE9Z4ZACH,66748490,2026,E-Katalog 6.0,APBD,GLOBAL PHARMA INDONESIA,E-Purchasing,Barang,Pengadaan BMHP Puskesmas Pringgasela Utama,ON PROCESS,14157495,14157495
KAB. LOMBOK TIMUR,DINAS PERTANIAN - 3.27.0.00.0.00.01.0000,10940287000,63751238,2026,Non Tender,APBD,CV. SULTAN AL FATAH JAYA ABADI,Pengadaan Langsung,Pekerjaan Konstruksi,Persediaan untuk Dijual/Diserahkan Kepada Masyarakat (Rehab embung klp tani girang bersama desa seriwe kec. Jerowaru  (Tan 35),BERLANGSUNG,193854415,193854415
KAB. LOMBOK TIMUR,DINAS KOPERASI DAN USAHA KECIL MENENGAH - 2.17.0.00.0.00.01.0000,10877665000,64029896,2026,Pencatatan,APBD,Al kautsar,Pengadaan Langsung,Pengadaan Barang,Belanja Alat/Bahan untuk Kegiatan Kantor- Kertas dan Cover (Penatausahaan dan Pengujian/Verifikasi Keuangan),PAKET SEDANG BERJALAN,2355000,0
KAB. LOMBOK TIMUR,PUSKESMAS DENGGEN (BLUD) - 1.02.0.00.0.00.01.0027,01KPFHV946VVF2D4G83MAR8NVZ,66764909,2026,E-Katalog 6.0,APBD,GLOBAL PHARMA INDONESIA,E-Purchasing,Barang,Pengadaan BMHP Puskesmas Denggen,ON PROCESS,274725,274725
KAB. LOMBOK TIMUR,PUSKESMAS LEPAK (BLUD) - 1.02.0.00.0.00.01.0028,01KPFNVBZARDDEFD1BYNY24BR1,66666594,2026,E-Katalog 6.0,APBD,GLOBAL PHARMA INDONESIA,E-Purchasing,Barang,Pengadaan BMHP Pada Puskesmas Lepak,ON PROCESS,13699620,13699620
KAB. LOMBOK TIMUR,DINAS PEKERJAAN UMUM DAN PENATAAN RUANG - 1.03.0.00.0.00.01.0000,10836041000,63767932,2026,Non Tender,APBD,CV MERENDA SEJAHTERA,Pengadaan Langsung,Pekerjaan Konstruksi,Lapen montong kerakak desa sakra,SELESAI,146690000,146690000
KAB. LOMBOK TIMUR,PUSKESMAS SIKUR (BLUD) - 1.02.0.00.0.00.01.0008,01KQBZ0XTFYHWAHBEF8867K67J,66775810,2026,E-Katalog 6.0,APBD,JAYAMAS MEDICA INDUSTRI,E-Purchasing,Barang,Pengadaan BMHP Puskesmas Sikur,ON PROCESS,2196579,2196579
KAB. LOMBOK TIMUR,SEKRETARIAT DAERAH - 4.01.0.00.0.00.01.0000,10811045000,63566263,2026,Pencatatan,APBD,Grand Hero ,Pengadaan Langsung,Pengadaan Barang,Belanja Alat/Bahan untuk Kegiatan Kantor-Alat Tulis Kantor,PAKET SEDANG BERJALAN,2129850,2129850
KAB. LOMBOK TIMUR,DINAS PEKERJAAN UMUM DAN PENATAAN RUANG - 1.03.0.00.0.00.01.0000,10893540000,63767815,2026,Non Tender,APBD,CV. MUJARI UTAMA,Pengadaan Langsung,Pekerjaan Konstruksi,Penataan Lingkungan Desa Labuhan Haji Kecamatan Labuhan Haji,SELESAI,195538000,195538000
KAB. LOMBOK TIMUR,DINAS PEKERJAAN UMUM DAN PENATAAN RUANG - 1.03.0.00.0.00.01.0000,10874736000,63768011,2026,Non Tender,APBD,ARJA UTAMA LOMBOK,Pengadaan Langsung,Pekerjaan Konstruksi,Penataan jalan lingkungan desa pringgabaya 3,SELESAI,146655000,146655000
KAB. LOMBOK TIMUR,PUSKESMAS RARANG (BLUD) - 1.02.0.00.0.00.01.0032,01KM55N1GFN7TC0RV6RJCZYB24,66240726,2026,E-Katalog 6.0,BLUD,PHAPROS,E-Purchasing,Barang,Belanja Barang Pakai Habis,ON PROCESS,1243200,1243200
KAB. LOMBOK TIMUR,PUSKESMAS RARANG (BLUD) - 1.02.0.00.0.00.01.0032,01KT81ZHQJXNDT3DS3ZDNS6XDZ,67200010,2026,E-Katalog 6.0,BLUD,SINKO PRIMA ALLOY,E-Purchasing,Barang,Belanja Modal Peralatan dan Mesin BLUD,ON PROCESS,17018964,17018964
KAB. LOMBOK TIMUR,PUSKESMAS PENGADANGAN (BLUD) - 1.02.0.00.0.00.01.0004,01KPMZXMN771FS8YQKPS45V438,66819299,2026,E-Katalog 6.0,APBD,SAFELOCK MEDICAL,E-Purchasing,Barang,Pengadaan BMHP Puskesmas Pengadangan,ON PROCESS,1161314,1161314
KAB. LOMBOK TIMUR,DINAS PEKERJAAN UMUM DAN PENATAAN RUANG - 1.03.0.00.0.00.01.0000,10940010000,63767866,2026,Non Tender,APBD,CV. MARANG,Pengadaan Langsung,Pekerjaan Konstruksi,Penataan Jalan Lingkungan Saroja Kelurahan Majidi,BERLANGSUNG,122201000,122201000
KAB. LOMBOK TIMUR,PUSKESMAS RARANG (BLUD) - 1.02.0.00.0.00.01.0032,01KKKM7DDG9ZFM4ATW0NS9ZQ6R,66116819,2026,E-Katalog 6.0,BLUD,SERENITY INDONESIA,E-Purchasing,Barang,Belanja Barang Pakai Habis,ON PROCESS,149635,0
KAB. LOMBOK TIMUR,DINAS PEKERJAAN UMUM DAN PENATAAN RUANG - 1.03.0.00.0.00.01.0000,10929299000,63767883,2026,Non Tender,APBD,KALANDRA UTAMA,Pengadaan Langsung,Pekerjaan Konstruksi,Pembangunan Gedung Serba Guna Desa Pejaring,SELESAI,146790000,146790000
KAB. LOMBOK TIMUR,RSUD PATUH KARYA - 1.02.0.00.0.00.01.0040,01KKN5XWFNB6NKNDCQJFBQF5A7,63998403,2026,E-Katalog 6.0,APBD,HEXPHARM JAYA LABORATORIES,E-Purchasing,Barang,Belanja Obat-Obatan-Obat-Obatan Lainnya,ON PROCESS,7626353,7626353
KAB. LOMBOK TIMUR,PUSKESMAS SAKRA (BLUD) - 1.02.0.00.0.00.01.0010,01KPZ2JJ3ZPCAH7PP5V7H7J8TX,66442620,2026,E-Katalog 6.0,APBD,JAYAMAS MEDICA INDUSTRI,E-Purchasing,Barang,Pengadaan BMHP Puskesmas Sakra,ON PROCESS,15969703,15969703
KAB. LOMBOK TIMUR,PUSKESMAS BATUYANG (BLUD) - 1.02.0.00.0.00.01.0020,01KQBVJJWK1C3VRT9NE4PKJ454,66588985,2026,E-Katalog 6.0,APBD,JAYAMAS MEDICA INDUSTRI,E-Purchasing,Barang,Pengadaan BMHP Puskesmas Batuyang,ON PROCESS,3123318,3123318
KAB. LOMBOK TIMUR,DINAS PERTANIAN - 3.27.0.00.0.00.01.0000,10896564000,63751171,2026,Non Tender,APBD,CV. ANEKA,Pengadaan Langsung,Pekerjaan Konstruksi,Persediaan untuk Dijual/Diserahkan Kepada Masyarakat (Peningkatan/Rehabilitasi Embung Darmasari Kecamatan Sikur (Tan 54),SELESAI,111400000,111400000
KAB. LOMBOK TIMUR,PUSKESMAS SELONG (BLUD) - 1.02.0.00.0.00.01.0002,01KSE73YJZEYCX4GJ32VYR6GF5,66490106,2026,E-Katalog 6.0,APBD,INFION,E-Purchasing,Barang,Pengadaan BMHP Pada Puskesmas Selong,ON PROCESS,1598400,1598400
KAB. LOMBOK TIMUR,PUSKESMAS BATUYANG (BLUD) - 1.02.0.00.0.00.01.0020,01KMM8WDWK58J15ZHVF0ZTP64Q,66589062,2026,E-Katalog 6.0,APBD,BERNOFARM,E-Purchasing,Barang,Pengadaan Obat Puskesmas Batuyang,ON PROCESS,10177113,10177113
KAB. LOMBOK TIMUR,SEKRETARIAT DAERAH - 4.01.0.00.0.00.01.0000,01KQE0YKZDMGDVNC1JDDYAQQE3,67045103,2026,E-Katalog 6.0,APBD,ANINDYAZAHRA GROUP,E-Purchasing,Barang,Persediaan untuk Dijual/Diserahkan Kepada Masyarakat - Pengadaan WERLES Desa Kotaraja Kec. Sikur,ON PROCESS,49950000,49950000
KAB. LOMBOK TIMUR,DINAS PEKERJAAN UMUM DAN PENATAAN RUANG - 1.03.0.00.0.00.01.0000,10851737000,63767907,2026,Non Tender,APBD,CV. SULTAN ASROFI,Pengadaan Langsung,Pekerjaan Konstruksi,Batu Sikat Masjid Desa Lenek,SELESAI,97739000,97739000
KAB. LOMBOK TIMUR,DINAS PEKERJAAN UMUM DAN PENATAAN RUANG - 1.03.0.00.0.00.01.0000,10851674000,63767838,2026,Non Tender,APBD,CV. PRAMAS,Pengadaan Langsung,Pekerjaan Konstruksi,Pembuatan Drainase Pemukiman Desa Pohgading Timur Kecamatan Pringgabaya,SELESAI,195657000,195657000
KAB. LOMBOK TIMUR,PUSKESMAS WANASABA (BLUD) - 1.02.0.00.0.00.01.0033,01KQECQ64NSXXNZSSTM8QPDAX1,66707247,2026,E-Katalog 6.0,APBD,RIDHO ILAHI FARMA,E-Purchasing,Barang,Pengadaan BMHP Puskesmas Wanasaba,ON PROCESS,680003,680003
KAB. LOMBOK TIMUR,PUSKESMAS RARANG (BLUD) - 1.02.0.00.0.00.01.0032,01KK8DR706TCV7QRS4MH58VK90,64010076,2026,E-Katalog 6.0,BLUD,RIDHO ILAHI FARMA,E-Purchasing,Barang,Belanja Barang dan Jasa BLUD,ON PROCESS,7089637,7089637
KAB. LOMBOK TIMUR,RSUD LOMBOK TIMUR - 1.02.0.00.0.00.01.0039,01KPMQ0BWTJ3YW4HBK77Z0Z3N2,64855001,2026,E-Katalog 6.0,BLUD,PRATAPA NIRMALA,E-Purchasing,Barang,Belanja Obat-Obatan-Obat,ON PROCESS,20499480,20499480
KAB. LOMBOK TIMUR,PUSKESMAS LEPAK (BLUD) - 1.02.0.00.0.00.01.0028,01KP5RP6G6M8X9ACMWN9MCZ0R7,66666560,2026,E-Katalog 6.0,APBD,SOLAS LANGGENG SEJAHTERA,E-Purchasing,Barang,Pengadaan Obat Pada Puskesmas Lepak,ON PROCESS,714951,714951
KAB. LOMBOK TIMUR,RSUD DR. SOEDJONO SELONG - 1.02.0.00.0.00.01.0038,01KN0Z86R23BR95PGXW0PZQM76,64538712,2026,E-Katalog 6.0,BLUD,SATORIA ANEKA INDUSTRI,E-Purchasing,Barang,Belanja Obat-Obatan-Obat,ON PROCESS,887446021,887446021
KAB. LOMBOK TIMUR,PUSKESMAS RARANG (BLUD) - 1.02.0.00.0.00.01.0032,01KGNHDCKXQZPDD34R8KGJYFMD,64010076,2026,E-Katalog 6.0,BLUD,KINARYA UTAMA TEKNIK,E-Purchasing,Barang,Belanja Barang dan Jasa BLUD,COMPLETED,2664000,2664000
KAB. LOMBOK TIMUR,PUSKESMAS KOTARAJA (BLUD) - 1.02.0.00.0.00.01.0014,01KPTB9WH224E9DXW9ANMR6EJ5,66776558,2026,E-Katalog 6.0,APBD,GLOBAL PHARMA INDONESIA,E-Purchasing,Barang,Pengadaan BMHP Puskesmas Kotaraja,ON PROCESS,14382159,14382159
KAB. LOMBOK TIMUR,DINAS PEKERJAAN UMUM DAN PENATAAN RUANG - 1.03.0.00.0.00.01.0000,10890629000,63764405,2026,Non Tender,APBD,CV KELUARGA AMANAH,Pengadaan Langsung,Pekerjaan Konstruksi,Pembangunan  1 unit pembuatan sumur bor  desa embung raja,SELESAI,97761000,97761000
KAB. LOMBOK TIMUR,DINAS PERTANIAN - 3.27.0.00.0.00.01.0000,10931892000,64035620,2026,Non Tender,APBD,CV MERENDA SEJAHTERA,Pengadaan Langsung,Pekerjaan Konstruksi,Persediaan untuk Dijual/Diserahkan Kepada Masyarakat (Jalan usaha tani dusun paok desa sakra (JUT 2),BERLANGSUNG,96854649,96854649
KAB. LOMBOK TIMUR,PUSKESMAS RARANG (BLUD) - 1.02.0.00.0.00.01.0032,01KJSFQHTAJ1W3VR6SSZGB1G8R,64010076,2026,E-Katalog 6.0,BLUD,RIDHO ILAHI FARMA,E-Purchasing,Barang,Belanja Barang dan Jasa BLUD,ON PROCESS,1221611,1221611
KAB. LOMBOK TIMUR,PUSKESMAS LEPAK (BLUD) - 1.02.0.00.0.00.01.0028,01KQEHY6R2SB5NN8EWPYN2525F,66666594,2026,E-Katalog 6.0,APBD,JAYAMAS MEDICA INDUSTRI,E-Purchasing,Barang,Pengadaan BMHP Pada Puskesmas Lepak,ON PROCESS,7957994,7957994
KAB. LOMBOK TIMUR,PUSKESMAS SUKARAJA (BLUD) - 1.02.0.00.0.00.01.0031,01KPFTNEHW5V6YTTCR9WB2RG72,66770692,2026,E-Katalog 6.0,APBD,GLOBAL PHARMA INDONESIA,E-Purchasing,Barang,Pengadaan BMHP Puskesmas Sukaraja,ON PROCESS,6954816,6954816
KAB. LOMBOK TIMUR,PUSKESMAS PRINGGASELA UTAMA (BLUD) - 1.02.0.00.0.00.01.0036,01KPFGGGX3CRD7YWYMBQTME313,66748490,2026,E-Katalog 6.0,APBD,MUKTI REJO ABADI,E-Purchasing,Barang,Pengadaan BMHP Puskesmas Pringgasela Utama,ON PROCESS,1576200,1576200
KAB. LOMBOK TIMUR,DINAS KESEHATAN - 1.02.0.00.0.00.01.0000,01KNKD9GC19VV1E4V0ZJXH0XDV,63968034,2026,E-Katalog 6.0,APBD,INDO TEKHNOPLUS,E-Purchasing,Barang,Belanja Reagen Pemeriksaan Laboratorium Lingkungan,ON PROCESS,14413004,14413004
KAB. LOMBOK TIMUR,DINAS PEKERJAAN UMUM DAN PENATAAN RUANG - 1.03.0.00.0.00.01.0000,01KTTGYEMBA5MCHCZZN818FJ1D,67288267,2026,E-Katalog 6.0,APBD,AYUDIA PUTERI,E-Purchasing,Barang,"1 paket ( besi, keramik, pasir, semen dll ) pengadaan bahan bangunan musalla desa embung raja",ON PROCESS,48857760,48857760
KAB. LOMBOK TIMUR,DINAS PERUMAHAN DAN KAWASAN PERMUKIMAN - 1.04.0.00.0.00.01.0000,01KPSHZJWHSV8VTFYGC1NYPCTD,66892004,2026,E-Katalog 6.0,APBD,KURNIAWAN HARIADI,E-Purchasing,Barang,Belanja Barang untuk Dijual/Diserahkan kepada Masyarakat Kecamatan Sakra,ON PROCESS,131666424,131666424
KAB. LOMBOK TIMUR,DINAS KESEHATAN - 1.02.0.00.0.00.01.0000,01KNRE86BGHE5GAW60HACNNSVG,63968045,2026,E-Katalog 6.0,APBD,SOLAS LANGGENG SEJAHTERA,E-Purchasing,Barang,Pengadaan Obat (DAU yang Ditentukan Penggunaannya Bidang Kesehatan),ON PROCESS,179983636,179983636
KAB. LOMBOK TIMUR,DINAS PERTANIAN - 3.27.0.00.0.00.01.0000,10924577000,64035642,2026,Non Tender,APBD,DOYAN KARYA,Pengadaan Langsung,Pekerjaan Konstruksi,Persediaan untuk Dijual/Diserahkan Kepada Masyarakat (Pembukaan Jalan Usaha Tani Sakak samapi Montong Wakan Desa Pandan Wangi Kecamatan Jerowaru (JUT 10),SELESAI,145355351,145355351
KAB. LOMBOK TIMUR,PUSKESMAS RARANG (BLUD) - 1.02.0.00.0.00.01.0032,01KJRV2CWSR0F18JREJBF8NEDE,64010076,2026,E-Katalog 6.0,BLUD,SAPTA SARI TAMA,E-Purchasing,Barang,Belanja Barang dan Jasa BLUD,ON PROCESS,1665000,0
KAB. LOMBOK TIMUR,DINAS PEKERJAAN UMUM DAN PENATAAN RUANG - 1.03.0.00.0.00.01.0000,10868656000,63767856,2026,Non Tender,APBD,CV. PURI UTAMA,Pengadaan Langsung,Pekerjaan Konstruksi,Penataan Lingkungan Desa Sukadana Kecamatan Sukadana,SELESAI,58638000,58638000
KAB. LOMBOK TIMUR,DINAS PEKERJAAN UMUM DAN PENATAAN RUANG - 1.03.0.00.0.00.01.0000,10841931000,63767823,2026,Non Tender,APBD,CV. KARTADA,Pengadaan Langsung,Pekerjaan Konstruksi,Penataan jalan lingkungan kelurahan sekarteja,SELESAI,146641000,146641000
KAB. LOMBOK TIMUR,DINAS PEKERJAAN UMUM DAN PENATAAN RUANG - 1.03.0.00.0.00.01.0000,10816081000,66818303,2026,Non Tender,APBD,PESONA RIA,Pengadaan Langsung,Pengadaan Barang,Belanja Modal Unit Alat Laboratorium Lainnya,SELESAI,199189500,0
KAB. LOMBOK TIMUR,DINAS PERUMAHAN DAN KAWASAN PERMUKIMAN - 1.04.0.00.0.00.01.0000,01KRFMKZ37W10JQVW8C7C4KCC2,66891860,2026,E-Katalog 6.0,APBD,SANDEKALA,E-Purchasing,Barang,Belanja Barang untuk Dijual/Diserahkan kepada Masyarakat Kecamatan Suela,ON PROCESS,117241419,117241419
KAB. LOMBOK TIMUR,PUSKESMAS AIKMEL UTARA (BLUD) - 1.02.0.00.0.00.01.0035,01KPYRTTFP6TR5XWGMRQQWHQBT,66440606,2026,E-Katalog 6.0,BLUD,BERNOFARM,E-Purchasing,Barang,Belanja Barang dan Jasa BLUD,ON PROCESS,20553815,20553815
KAB. LOMBOK TIMUR,DINAS PEKERJAAN UMUM DAN PENATAAN RUANG - 1.03.0.00.0.00.01.0000,10891887000,63767747,2026,Non Tender,APBD,CV. WIVARA,Pengadaan Langsung,Pekerjaan Konstruksi,"Penataan Lingkungan Dusun Rugah, Desa Masbagik Timur",SELESAI,195543000,195543000
KAB. LOMBOK TIMUR,RSUD LOMBOK TIMUR - 1.02.0.00.0.00.01.0039,01KQZXSCNPQ034K2RA48H2PA9E,64855001,2026,E-Katalog 6.0,BLUD,HEXPHARM JAYA LABORATORIES,E-Purchasing,Barang,Belanja Obat-Obatan-Obat,ON PROCESS,20733690,20733690
KAB. LOMBOK TIMUR,PUSKESMAS BELANTING (BLUD) - 1.02.0.00.0.00.01.0025,01KPT0DXNH0613M3FCK9D4DM0J,66844176,2026,E-Katalog 6.0,APBD,SAFELOCK MEDICAL,E-Purchasing,Barang,Pengadaan BMHP Pada Puskesmas Belanting,ON PROCESS,6704222,6704222
KAB. LOMBOK TIMUR,DINAS PEKERJAAN UMUM DAN PENATAAN RUANG - 1.03.0.00.0.00.01.0000,10859394000,63768012,2026,Non Tender,APBD,Cv grisbung jaya,Pengadaan Langsung,Pekerjaan Konstruksi,Penataan Lingkungan Desa Pijot Utara,SELESAI,198520000,198520000
KAB. LOMBOK TIMUR,DINAS KESEHATAN - 1.02.0.00.0.00.01.0000,01KNRPTYQ59J5AK80R6V2X2FPA,63968045,2026,E-Katalog 6.0,APBD,NOVAPHARIN,E-Purchasing,Barang,Pengadaan Obat (DAU yang Ditentukan Penggunaannya Bidang Kesehatan),ON PROCESS,134147829,134147829
KAB. LOMBOK TIMUR,PUSKESMAS DENGGEN (BLUD) - 1.02.0.00.0.00.01.0027,01KRZV5J765DJJ8Z9TBYYX1PY5,66764909,2026,E-Katalog 6.0,APBD,INFION,E-Purchasing,Barang,Pengadaan BMHP Puskesmas Denggen,ON PROCESS,984759,984759
KAB. LOMBOK TIMUR,DINAS PEKERJAAN UMUM DAN PENATAAN RUANG - 1.03.0.00.0.00.01.0000,10924407000,63767667,2026,Non Tender,APBD,KALANDRA UTAMA,Pengadaan Langsung,Pekerjaan Konstruksi,Pembangunan kantor cabang nw sembalun kecamatan sembalun,BERLANGSUNG,180734000,180734000
KAB. LOMBOK TIMUR,DINAS PERTANIAN - 3.27.0.00.0.00.01.0000,10923895000,64035633,2026,Non Tender,APBD,CV. ALFARIZKI GROUP,Pengadaan Langsung,Pekerjaan Konstruksi,"Persediaan untuk Dijual/Diserahkan Kepada Masyarakat (Pembuatan jalan usaha tani dasan cermen, desa lenting  JUT 12)",SELESAI,96850000,96850000
KAB. LOMBOK TIMUR,DINAS PERUMAHAN DAN KAWASAN PERMUKIMAN - 1.04.0.00.0.00.01.0000,01KRAAR4JHGKJ50C99QT5R6X1R,66891875,2026,E-Katalog 6.0,APBD,KARTADA,E-Purchasing,Barang,Belanja Barang untuk Dijual/Diserahkan kepada Masyarakat Kecamatan Masbagik,ON PROCESS,173746302,173746302
KAB. LOMBOK TIMUR,DINAS PEKERJAAN UMUM DAN PENATAAN RUANG - 1.03.0.00.0.00.01.0000,10939644000,63764385,2026,Non Tender,APBD,CV. PUTRI FAMILY,Pengadaan Langsung,Pekerjaan Konstruksi,Pengadaan bor air bersih desa dadap kecamatan sambelia,BERLANGSUNG,97770000,97770000
KAB. LOMBOK TIMUR,RSUD SELAPARANG - 1.02.0.00.0.00.01.0037,01KTTATMM6XT7AF8979SV3FPZW,63991942,2026,E-Katalog 6.0,APBD,SERENITY INDONESIA,E-Purchasing,Barang,Belanja Obat-Obatan-Obat-Obatan Lainnya,ON PROCESS,36372702,36372702
KAB. LOMBOK TIMUR,PUSKESMAS RARANG (BLUD) - 1.02.0.00.0.00.01.0032,01KPYQ00K7FX37QYXRVMH9H48N,66116819,2026,E-Katalog 6.0,BLUD,GLOBAL PHARMA INDONESIA,E-Purchasing,Barang,Belanja Barang Pakai Habis,ON PROCESS,366300,366300
KAB. LOMBOK TIMUR,PUSKESMAS LENEK (BLUD) - 1.02.0.00.0.00.01.0018,01KPZA7B6H704X41EQFJMV2H25,66667126,2026,E-Katalog 6.0,APBD,ERLANGGA EDI LABORATORIES,E-Purchasing,Barang,Pengadaan Belanja Obat Pada Puskesmas Lenek,ON PROCESS,407814,407814
KAB. LOMBOK TIMUR,DINAS KESEHATAN - 1.02.0.00.0.00.01.0000,01KPBFCNWDM355PG9Z4G1APVVR,63968045,2026,E-Katalog 6.0,APBD,FERRON PAR PHARMACEUTICALS,E-Purchasing,Barang,Pengadaan Obat (DAU yang Ditentukan Penggunaannya Bidang Kesehatan),ON PROCESS,50949000,50949000
KAB. LOMBOK TIMUR,PUSKESMAS RARANG (BLUD) - 1.02.0.00.0.00.01.0032,01KJRZB0N6CS4S789R1TT4BJJE,64010076,2026,E-Katalog 6.0,BLUD,JAYAMAS MEDICA INDUSTRI,E-Purchasing,Barang,Belanja Barang dan Jasa BLUD,ON PROCESS,14987220,14987220
KAB. LOMBOK TIMUR,DINAS PERUMAHAN DAN KAWASAN PERMUKIMAN - 1.04.0.00.0.00.01.0000,01KRCXST0C2GGD4FENKH9K1GDQ,66891951,2026,E-Katalog 6.0,APBD,KURNIAWAN HARIADI,E-Purchasing,Barang,Belanja Barang untuk Dijual/Diserahkan kepada Masyarakat Kecamatan Pringgasela,ON PROCESS,174721215,174721215
KAB. LOMBOK TIMUR,PUSKESMAS BATUYANG (BLUD) - 1.02.0.00.0.00.01.0020,01KPA74CZMDMJ4B6THJHPP46Z7,66588985,2026,E-Katalog 6.0,APBD,SAFELOCK MEDICAL,E-Purchasing,Barang,Pengadaan BMHP Puskesmas Batuyang,ON PROCESS,11002021,11002021
KAB. LOMBOK TIMUR,DINAS PEKERJAAN UMUM DAN PENATAAN RUANG - 1.03.0.00.0.00.01.0000,10919504000,63767693,2026,Non Tender,APBD,CV. ANEKA,Pengadaan Langsung,Pekerjaan Konstruksi,"Penataan Rumah Banjar Dusun Kebon Lauk, Desa Sikur",SELESAI,97717000,97717000
KAB. LOMBOK TIMUR,DINAS KESEHATAN - 1.02.0.00.0.00.01.0000,01KNH2SB5NPPYPW5JH8816BBFY,63968045,2026,E-Katalog 6.0,APBD,MERSIFARMA TIRMAKU MERCUSANA,E-Purchasing,Barang,Pengadaan Obat (DAU yang Ditentukan Penggunaannya Bidang Kesehatan),ON PROCESS,85343904,85343904
KAB. LOMBOK TIMUR,PUSKESMAS LABUHAN LOMBOK (BLUD) - 1.02.0.00.0.00.01.0021,01KQE9R3ZXBTTFE5E4XTWH8FTK,66855941,2026,E-Katalog 6.0,APBD,JAYAMAS MEDICA INDUSTRI,E-Purchasing,Barang,Pengadaan BMHP Puskesmas Labuhan Lombok,ON PROCESS,1791943,1791943
KAB. LOMBOK TIMUR,PUSKESMAS KALIJAGA (BLUD) - 1.02.0.00.0.00.01.0019,01KPTBKQ67ZA4P8TF49RMH2169,66510653,2026,E-Katalog 6.0,APBD,LIKUID PHARMALAB INDONESIA,E-Purchasing,Barang,Pengadaan BMHP Puskesmas Kalijaga,ON PROCESS,97094,97094
KAB. LOMBOK TIMUR,DINAS KESEHATAN - 1.02.0.00.0.00.01.0000,01KRX7HNDB5H87Y0WEVPS84K9J,64020643,2026,E-Katalog 6.0,APBD,INTERSKALA MEDIKA INDONESIA,E-Purchasing,Barang,Pengadaan BMHP HIV,ON PROCESS,348897084,348897084
KAB. LOMBOK TIMUR,RSUD PATUH KARYA - 1.02.0.00.0.00.01.0040,01KQ1556NYB3RH69XAZTSB4AKH,63998403,2026,E-Katalog 6.0,APBD,JAYAMAS MEDICA INDUSTRI,E-Purchasing,Barang,Belanja Obat-Obatan-Obat-Obatan Lainnya,ON PROCESS,15941376,15941376
KAB. LOMBOK TIMUR,SEKRETARIAT DAERAH - 4.01.0.00.0.00.01.0000,10280734000,42022193,2026,Swakelola,APBD,"LALU KURNIA DARMAWAN, ST. dkk",,,Belanja Honorarium Pengadaan Barang/Jasa,PAKET SEDANG BERJALAN,15250000,0
KAB. LOMBOK TIMUR,DINAS PEKERJAAN UMUM DAN PENATAAN RUANG - 1.03.0.00.0.00.01.0000,10853263000,63767882,2026,Non Tender,APBD,GRAHA BHAKTI KONSTRUKSI,Pengadaan Langsung,Pekerjaan Konstruksi,Pembangunan Masjid Nurul Falah Desa Mengkuru,BERLANGSUNG,190796000,190796000
KAB. LOMBOK TIMUR,PUSKESMAS PENGADANGAN (BLUD) - 1.02.0.00.0.00.01.0004,01KPMZBWMGWJ5ZV6WTPFPMT4KP,66819295,2026,E-Katalog 6.0,APBD,SOLAS LANGGENG SEJAHTERA,E-Purchasing,Barang,Pengadaan Obat Puskesmas Pengadangan,ON PROCESS,2894836,2894836
KAB. LOMBOK TIMUR,PUSKESMAS RARANG (BLUD) - 1.02.0.00.0.00.01.0032,01KK3BV8BCNJ4G2WBENMR7YRRB,66116819,2026,E-Katalog 6.0,BLUD,PERUSAHAAN PERSEROAN (PERSERO) PT KIMIA FARMA,E-Purchasing,Barang,Belanja Barang Pakai Habis,ON PROCESS,2790540,2790540
KAB. LOMBOK TIMUR,PUSKESMAS LABUHAN HAJI (BLUD) - 1.02.0.00.0.00.01.0003,01KQ96WD5S32BY9M4EVJE2JFCY,66858991,2026,E-Katalog 6.0,APBD,TRIFA RAYA LABORATORIES,E-Purchasing,Barang,Pengadaan Obat Puskesmas Labuhan Haji,ON PROCESS,2863800,2863800
KAB. LOMBOK TIMUR,DINAS KESEHATAN - 1.02.0.00.0.00.01.0000,01KNGPT1HF310BF5CD77J1N000,63968034,2026,E-Katalog 6.0,APBD,INDO TEKHNOPLUS,E-Purchasing,Barang,Belanja Reagen Pemeriksaan Laboratorium Lingkungan,ON PROCESS,137731009,137731009
KAB. LOMBOK TIMUR,PUSKESMAS SELONG (BLUD) - 1.02.0.00.0.00.01.0002,01KPFJ7BGCQEJHK9SP4KJ38WH7,66490108,2026,E-Katalog 6.0,APBD,SOLAS LANGGENG SEJAHTERA,E-Purchasing,Barang,Pengadaan Obat Pada Puskesmas Selong,ON PROCESS,3031521,3031521
KAB. LOMBOK TIMUR,DINAS PEKERJAAN UMUM DAN PENATAAN RUANG - 1.03.0.00.0.00.01.0000,10851688000,63767666,2026,Non Tender,APBD,LENGKOK LENDANG,Pengadaan Langsung,Pekerjaan Konstruksi,Penataan jalan lingkungan sekolah desa pringabaya utara,SELESAI,48862000,48862000
KAB. LOMBOK TIMUR,PUSKESMAS SUELA (BLUD) - 1.02.0.00.0.00.01.0006,01KPZ4HBQPDXT4TMENKGRRJ9RB,66789643,2026,E-Katalog 6.0,APBD,SATORIA ANEKA INDUSTRI,E-Purchasing,Barang,Pengadaan Obat Puskesmas Suela,ON PROCESS,15084900,15084900
KAB. LOMBOK TIMUR,DINAS PERTANIAN - 3.27.0.00.0.00.01.0000,01KP7RFABW97CRFZFNDMQCTMC7,65060505,2026,E-Katalog 6.0,APBD,KAMAL JAYA BERSAMA,E-Purchasing,Barang,Persediaan untuk Dijual/Diserahkan Kepada Masyarakat (Pupuk NPK),ON PROCESS,300144000,300144000
KAB. LOMBOK TIMUR,PUSKESMAS RENSING (BLUD) - 1.02.0.00.0.00.01.0013,01KS9E6ET5EN147KW62C6B3XS4,67192677,2026,E-Katalog 6.0,APBD,UD. TERRA COMPUTER,E-Purchasing,Barang,Belanja Modal Peralatan Personal Computer,ON PROCESS,5999994,5999994
KAB. LOMBOK TIMUR,PUSKESMAS WANASABA (BLUD) - 1.02.0.00.0.00.01.0033,01KPZN0QJXZ3Q87EX4F3FD0DWV,66707247,2026,E-Katalog 6.0,APBD,GLOBAL PHARMA INDONESIA,E-Purchasing,Barang,Pengadaan BMHP Puskesmas Wanasaba,ON PROCESS,8510370,8510370
KAB. LOMBOK TIMUR,PUSKESMAS DENGGEN (BLUD) - 1.02.0.00.0.00.01.0027,01KPFHK87DAZ8DWFDD434KFYKK,66764909,2026,E-Katalog 6.0,APBD,LIKUID PHARMALAB INDONESIA,E-Purchasing,Barang,Pengadaan BMHP Puskesmas Denggen,ON PROCESS,58256,58256
KAB. LOMBOK TIMUR,PUSKESMAS MASBAGIK (BLUD) - 1.02.0.00.0.00.01.0007,01KPPZ22QHY9BF0QVMB80C37G1,66937691,2026,E-Katalog 6.0,APBD,TRIFA RAYA LABORATORIES,E-Purchasing,Barang,Pengadaan Oba Puskesmas Masbagik,ON PROCESS,4000218,4000218
KAB. LOMBOK TIMUR,RSUD PATUH KARYA - 1.02.0.00.0.00.01.0040,01KNTGSC5E97T6TKC96YBM3YK6,63998403,2026,E-Katalog 6.0,APBD,LAPI LABORATORIES,E-Purchasing,Barang,Belanja Obat-Obatan-Obat-Obatan Lainnya,ON PROCESS,20015520,20015520
KAB. LOMBOK TIMUR,PUSKESMAS BELANTING (BLUD) - 1.02.0.00.0.00.01.0025,01KPT0VXAN6C8SYXEW1J638XH1,66844154,2026,E-Katalog 6.0,APBD,TRIFA RAYA LABORATORIES,E-Purchasing,Barang,Pengadaan Obat Pada Puskesmas Belanting,ON PROCESS,516150,516150
KAB. LOMBOK TIMUR,PUSKESMAS LEPAK (BLUD) - 1.02.0.00.0.00.01.0028,01KPF912BFQY9T9AZBDG6NKA29,66666594,2026,E-Katalog 6.0,APBD,MULAWARMAN KESADA MEDICALINDO,E-Purchasing,Barang,Pengadaan BMHP Pada Puskesmas Lepak,ON PROCESS,14652000,14652000
KAB. LOMBOK TIMUR,PUSKESMAS RARANG (BLUD) - 1.02.0.00.0.00.01.0032,01KJVJC3GVDEJ2YTTZ82NR6EJQ,64010076,2026,E-Katalog 6.0,BLUD,PERUSAHAAN PERSEROAN (PERSERO) PT KIMIA FARMA,E-Purchasing,Barang,Belanja Barang dan Jasa BLUD,ON PROCESS,1718280,1718280
KAB. LOMBOK TIMUR,PUSKESMAS MASBAGIK BARU (BLUD) - 1.02.0.00.0.00.01.0029,01KPT284R7RER8E10F50Q6TFDN,66490114,2026,E-Katalog 6.0,APBD,LIKUID PHARMALAB INDONESIA,E-Purchasing,Barang,Pengadaan BMHP Pada Puskesmas Masbagik Baru,ON PROCESS,459804,459804
KAB. LOMBOK TIMUR,RSUD LOMBOK TIMUR - 1.02.0.00.0.00.01.0039,01KRWM46YW7QSQR9BE5YJWQJ69,67145416,2026,E-Katalog 6.0,BLUD,LALEMBAH KARYA MANDIRI,E-Purchasing,Barang,Belanja Alat/Bahan Untuk Kegiatan Kantor-Perabot Kantor,ON PROCESS,10443990,10443990
KAB. LOMBOK TIMUR,DINAS KESEHATAN - 1.02.0.00.0.00.01.0000,01KQBNE1BKRM39KAYGP1608Y7S,63967645,2026,E-Katalog 6.0,APBD,KIMIA FARMA TRADING & DISTRIBUTION,E-Purchasing,Barang,Pembelian ambulance (yayasan bina masyarakat lombok) dusun dasan paok desa loyok kec.sikur,ON PROCESS,299700000,299700000
KAB. LOMBOK TIMUR,DINAS PEKERJAAN UMUM DAN PENATAAN RUANG - 1.03.0.00.0.00.01.0000,10863846000,63767824,2026,Non Tender,APBD,CV. ANEKA,Pengadaan Langsung,Pekerjaan Konstruksi,Penataan Lingkungan Desa Borok Toyang,SELESAI,156513000,156513000
KAB. LOMBOK TIMUR,DINAS PEKERJAAN UMUM DAN PENATAAN RUANG - 1.03.0.00.0.00.01.0000,10881981000,63767987,2026,Non Tender,APBD,CV. MECCA SEJAHTERA,Pengadaan Langsung,Pekerjaan Konstruksi,Penataan Lingkungan Dasan Gawah Desa Semaya,SELESAI,195420000,195420000
KAB. LOMBOK TIMUR,BADAN PENDAPATAN DAERAH - 5.02.0.00.0.00.03.0000,01KWTJ2ZG6PSS4WFJHGG0M1QQR,67422268,2026,E-Katalog 6.0,APBD,PRIMA PARAMA MOBILINDO,E-Purchasing,Barang,Belanja Modal Kendaraan Dinas Bermotor Perorangan,ON PROCESS,290000000,290000000
KAB. LOMBOK TIMUR,PUSKESMAS LABUHAN LOMBOK (BLUD) - 1.02.0.00.0.00.01.0021,01KPTC3F4JMFYSK46K6SDSF78Z,66855941,2026,E-Katalog 6.0,APBD,GLOBAL PHARMA INDONESIA,E-Purchasing,Barang,Pengadaan BMHP Puskesmas Labuhan Lombok,ON PROCESS,6227100,6227100
KAB. LOMBOK TIMUR,PUSKESMAS KERUAK (BLUD) - 1.02.0.00.0.00.01.0011,01KPQ2S9KXRT05RFJPP1582CM5,66666856,2026,E-Katalog 6.0,APBD,EFADA MEDICAL INDUSTRIES INDONESIA,E-Purchasing,Barang,Pengadaan BMHP Pada Puskesmas Keruak,ON PROCESS,816072,816072
KAB. LOMBOK TIMUR,PUSKESMAS BATUYANG (BLUD) - 1.02.0.00.0.00.01.0020,01KPFPBNZBN1V7ZT23B7KHBTN0,66588985,2026,E-Katalog 6.0,APBD,LIKUID PHARMALAB INDONESIA,E-Purchasing,Barang,Pengadaan BMHP Puskesmas Batuyang,ON PROCESS,3510375,3510375
KAB. LOMBOK TIMUR,PUSKESMAS KERUAK (BLUD) - 1.02.0.00.0.00.01.0011,01KN56D6YJXZX4HBT48TVSSXAC,66666827,2026,E-Katalog 6.0,APBD,BERNOFARM,E-Purchasing,Barang,Pengadaan Obat Pada Puskesmas Keruak,ON PROCESS,41382720,41382720
KAB. LOMBOK TIMUR,PUSKESMAS PENGADANGAN (BLUD) - 1.02.0.00.0.00.01.0004,01KPFJ5QFWTBY4JRBHP56W9M4V,66819299,2026,E-Katalog 6.0,APBD,LIKUID PHARMALAB INDONESIA,E-Purchasing,Barang,Pengadaan BMHP Puskesmas Pengadangan,ON PROCESS,1797202,1797202
KAB. LOMBOK TIMUR,PUSKESMAS SUKARAJA (BLUD) - 1.02.0.00.0.00.01.0031,01KPQ5ZFMZFGDPYMMYJRD67KSF,66770692,2026,E-Katalog 6.0,APBD,EFADA MEDICAL INDUSTRIES INDONESIA,E-Purchasing,Barang,Pengadaan BMHP Puskesmas Sukaraja,ON PROCESS,1240776,1240776
KAB. LOMBOK TIMUR,PUSKESMAS JEROWARU (BLUD) - 1.02.0.00.0.00.01.0012,01KQC07B6JVW2P2ZHBXW4VVMBC,66417328,2026,E-Katalog 6.0,APBD,RIDHO ILAHI FARMA,E-Purchasing,Barang,Pengadaan BMHP Puskesmas Jerowaru,ON PROCESS,242002,242002
KAB. LOMBOK TIMUR,DINAS PEKERJAAN UMUM DAN PENATAAN RUANG - 1.03.0.00.0.00.01.0000,10880660000,63767972,2026,Non Tender,APBD,CV. MORI SATRA,Pengadaan Langsung,Pekerjaan Konstruksi,Penataan jalan lingkungan desa sepit kec. Keruak,SELESAI,195520000,195520000
KAB. LOMBOK TIMUR,SEKRETARIAT DAERAH - 4.01.0.00.0.00.01.0000,01KTR7ZM1R7Z34947J2PXNY12R,67283402,2026,E-Katalog 6.0,APBD,SUKSES ENERGI BERKAH,E-Purchasing,Barang,"Persediaan untuk Dijual/Diserahkan Kepada Masyarakat - Pengadaan terop, kursi dan sondsystem  desa loyok",ON PROCESS,49572600,49572600
KAB. LOMBOK TIMUR,PUSKESMAS SELONG (BLUD) - 1.02.0.00.0.00.01.0002,01KPFJ9ES9PCHCENTGKRQWRGN1,66490108,2026,E-Katalog 6.0,APBD,TRIFA RAYA LABORATORIES,E-Purchasing,Barang,Pengadaan Obat Pada Puskesmas Selong,ON PROCESS,6382500,6382500
KAB. LOMBOK TIMUR,PUSKESMAS LEPAK (BLUD) - 1.02.0.00.0.00.01.0028,01KMQXRED39GRMDCSRKQHS7KFF,66666560,2026,E-Katalog 6.0,APBD,BERNOFARM,E-Purchasing,Barang,Pengadaan Obat Pada Puskesmas Lepak,ON PROCESS,25106202,25106202
KAB. LOMBOK TIMUR,DINAS PERTANIAN - 3.27.0.00.0.00.01.0000,10897927000,63751250,2026,Non Tender,APBD,Cv grisbung jaya,Pengadaan Langsung,Pekerjaan Konstruksi,Persediaan untuk Dijual/Diserahkan Kepada Masyarakat (Pembangunan/Rehab Embung Desa Sekaroh 3 (Tan 64),SELESAI,193850000,193850000
KAB. LOMBOK TIMUR,DINAS PERTANIAN - 3.27.0.00.0.00.01.0000,10918379000,63751191,2026,Non Tender,APBD,CV. IKHTIAR DWI PUTRA,Pengadaan Langsung,Pekerjaan Konstruksi,Persediaan untuk Dijual/Diserahkan Kepada Masyarakat (Rehabilitasi Embung Rakyat 3 Kecamatan Jerowaru (Tan 3),SELESAI,145350000,145350000
KAB. LOMBOK TIMUR,RSUD PATUH KARYA - 1.02.0.00.0.00.01.0040,01KP4VZ676QH6NTY3YSKK6EMK0,63998403,2026,E-Katalog 6.0,APBD,BINTANG SHAFWAN,E-Purchasing,Barang,Belanja Obat-Obatan-Obat-Obatan Lainnya,ON PROCESS,48554570,0
KAB. LOMBOK TIMUR,PUSKESMAS RARANG (BLUD) - 1.02.0.00.0.00.01.0032,01KT82D0TRPY3XPJ9JEZ1EYRAC,67200010,2026,E-Katalog 6.0,BLUD,RISTA SARANA MEDIKA,E-Purchasing,Barang,Belanja Modal Peralatan dan Mesin BLUD,ON PROCESS,4523250,0
KAB. LOMBOK TIMUR,DINAS PERTANIAN - 3.27.0.00.0.00.01.0000,10930628000,63751185,2026,Non Tender,APBD,CV. KARYA KITA,Pengadaan Langsung,Pekerjaan Konstruksi,Persediaan untuk Dijual/Diserahkan Kepada Masyarakat (Rehabilitasi Embung Rakyat 8 Kecamatan Jerowaru (Tan 8),BERLANGSUNG,145352696,145352696
KAB. LOMBOK TIMUR,DINAS PEKERJAAN UMUM DAN PENATAAN RUANG - 1.03.0.00.0.00.01.0000,10892924000,63767773,2026,Non Tender,APBD,BUNDA KANDUNG,Pengadaan Langsung,Pekerjaan Konstruksi,Talud dan Rabat Jalan Usaha Tani Desa Lando Kec. Terara,SELESAI,146510000,146510000
KAB. LOMBOK TIMUR,RSUD PATUH KARYA - 1.02.0.00.0.00.01.0040,01KQ19M6EB28MH9KC9Z9SM53E6,63998403,2026,E-Katalog 6.0,APBD,MERSIFARMA TIRMAKU MERCUSANA,E-Purchasing,Barang,Belanja Obat-Obatan-Obat-Obatan Lainnya,ON PROCESS,2339880,2339880
KAB. LOMBOK TIMUR,DINAS PEKERJAAN UMUM DAN PENATAAN RUANG - 1.03.0.00.0.00.01.0000,10895225000,63767696,2026,Non Tender,APBD,CV. MECCA SEJAHTERA,Pengadaan Langsung,Pekerjaan Konstruksi,"Penataan Jalan Dusun Peresak Sire, Desa Montong Baan Selatan",SELESAI,195628000,195628000
KAB. LOMBOK TIMUR,DINAS KESEHATAN - 1.02.0.00.0.00.01.0000,01KP5QKN40EK7YAAFWX854FAXV,63968045,2026,E-Katalog 6.0,APBD,BERNOFARM,E-Purchasing,Barang,Pengadaan Obat (DAU yang Ditentukan Penggunaannya Bidang Kesehatan),ON PROCESS,51941986,51941986
KAB. LOMBOK TIMUR,PUSKESMAS DENGGEN (BLUD) - 1.02.0.00.0.00.01.0027,01KPSKT10YH9TJ7VHMVFBAECKF,66764909,2026,E-Katalog 6.0,APBD,EFADA MEDICAL INDUSTRIES INDONESIA,E-Purchasing,Barang,Pengadaan BMHP Puskesmas Denggen,ON PROCESS,804004,804004
KAB. LOMBOK TIMUR,DINAS PEMBERDAYAAN PEREMPUAN PERLINDUNGAN ANAK DAN KELUARGA BERENCANA - 2.08.2.14.0.00.02.0000,01KT62A0Y25K07X5PV8NF9RF71,67045246,2026,E-Katalog 6.0,APBD,AYOOKLIK AIRMAS INTERNUSA,E-Purchasing,Barang,Belanja Barang untuk Dijual/Diserahkan kepada Pihak Ketiga/Pihak Lain (Pengadaan Printer dan Laptop; Seragam Olahraga),ON PROCESS,9100001,9100001
KAB. LOMBOK TIMUR,DINAS PEKERJAAN UMUM DAN PENATAAN RUANG - 1.03.0.00.0.00.01.0000,10119163000,65906852,2026,Tender,APBD,PT. ITERGO BUANA UTAMA,Seleksi,Jasa Konsultansi Badan Usaha Konstruksi,Penyusunan DED Pembangunan Masjid Agung Al Mujahidin Selong,SELESAI,382713000,382713000
KAB. LOMBOK TIMUR,PUSKESMAS LENDANG NANGKA (BLUD) - 1.02.0.00.0.00.01.0015,01KPF9TPPX2FKBA073ARMRJF0G,66812841,2026,E-Katalog 6.0,APBD,SOLAS LANGGENG SEJAHTERA,E-Purchasing,Barang,Pengadaan Obat Puskesmas Lendang Nangka,ON PROCESS,9689545,9689545
KAB. LOMBOK TIMUR,PUSKESMAS SUELA (BLUD) - 1.02.0.00.0.00.01.0006,01KRZPH5HRY5SQF99C0VVMTV2D,66789643,2026,E-Katalog 6.0,APBD,SOLAS LANGGENG SEJAHTERA,E-Purchasing,Barang,Pengadaan Obat Puskesmas Suela,ON PROCESS,2499942,2499942
KAB. LOMBOK TIMUR,DINAS PERTANIAN - 3.27.0.00.0.00.01.0000,10899370000,63751188,2026,Non Tender,APBD,CV. MORI SATRA,Pengadaan Langsung,Pekerjaan Konstruksi,Persediaan untuk Dijual/Diserahkan Kepada Masyarakat (Rehab embung klp tani mengkuru 2 pandan wangi kec. Jerowaru (Tan 31),SELESAI,193850000,193850000
KAB. LOMBOK TIMUR,PUSKESMAS RENSING (BLUD) - 1.02.0.00.0.00.01.0013,01KQC0Z0DMNGBE0JGW1DF86JE2,66505628,2026,E-Katalog 6.0,APBD,BUMI SARANA MAJU,E-Purchasing,Barang,Pengadaan BMHP Pada Puskesmas Rensing,ON PROCESS,347310,347310
KAB. LOMBOK TIMUR,DINAS KOPERASI DAN USAHA KECIL MENENGAH - 2.17.0.00.0.00.01.0000,10305191000,42192359,2026,Swakelola,APBD,"BQ. HASNAH, BA",,,Belanja Jasa Pengelolaan BMD yang Tidak Menghasilkan Pendapatan (honor pengurus barang),PAKET SEDANG BERJALAN,450000,0
KAB. LOMBOK TIMUR,DINAS KESEHATAN - 1.02.0.00.0.00.01.0000,01KMYX06ZS0C4W6B0CWW2P4RPV,63968045,2026,E-Katalog 6.0,APBD,SATORIA ANEKA INDUSTRI,E-Purchasing,Barang,Pengadaan Obat (DAU yang Ditentukan Penggunaannya Bidang Kesehatan),ON PROCESS,176488890,176488890
KAB. LOMBOK TIMUR,PUSKESMAS SAKRA (BLUD) - 1.02.0.00.0.00.01.0010,01KMHEHZMFR63S8QVKN1PSVMMJ,66442527,2026,E-Katalog 6.0,APBD,BERNOFARM,E-Purchasing,Barang,Pengadaan Obat Puskesmas Sakra,ON PROCESS,15000651,15000651
KAB. LOMBOK TIMUR,DINAS PEKERJAAN UMUM DAN PENATAAN RUANG - 1.03.0.00.0.00.01.0000,10835775000,63767991,2026,Non Tender,APBD,CV. INDONESIA RAYA,Pengadaan Langsung,Pekerjaan Konstruksi,Penataan Halaman Masjid Al-Firdaus Kebun Tatar Kelurahan Kelayu Utara Kec. Selong,SELESAI,198479000,198479000
KAB. LOMBOK TIMUR,DINAS PERTANIAN - 3.27.0.00.0.00.01.0000,10810829000,63797490,2026,Non Tender,APBD,CV. TATA DAYA CONSULTANT,Pengadaan Langsung,Jasa Konsultansi Badan Usaha Non Konstruksi,Bangunan Gedung Kantor (Konsultan Perencanaan Green House),SELESAI,54945000,54945000
KAB. LOMBOK TIMUR,RSUD PATUH KARYA - 1.02.0.00.0.00.01.0040,01KPSFMAXF6C6EZEPSW282VVN2,63998406,2026,E-Katalog 6.0,APBD,CAHYA INTAN MEDIKA,E-Purchasing,Barang,Belanja Bahan-Bahan Kimia,ON PROCESS,18135170,18135170
KAB. LOMBOK TIMUR,PUSKESMAS WANASABA (BLUD) - 1.02.0.00.0.00.01.0033,01KQBW8B6N7QFQV2N101AZ7KKD,66707247,2026,E-Katalog 6.0,APBD,JAYAMAS MEDICA INDUSTRI,E-Purchasing,Barang,Pengadaan BMHP Puskesmas Wanasaba,ON PROCESS,9036622,9036622
KAB. LOMBOK TIMUR,PUSKESMAS RARANG (BLUD) - 1.02.0.00.0.00.01.0032,01KPYPNVM08SM0WTCWVEG30WNN,66116819,2026,E-Katalog 6.0,BLUD,JAYAMAS MEDICA INDUSTRI,E-Purchasing,Barang,Belanja Barang Pakai Habis,ON PROCESS,13963698,13963698
KAB. LOMBOK TIMUR,PUSKESMAS RARANG (BLUD) - 1.02.0.00.0.00.01.0032,01KQ1CA78Q3714F7X72FGABHJ4,66116819,2026,E-Katalog 6.0,BLUD,PERUSAHAAN PERSEROAN (PERSERO) PT KIMIA FARMA,E-Purchasing,Barang,Belanja Barang Pakai Habis,ON PROCESS,399600,399600
KAB. LOMBOK TIMUR,DINAS PEKERJAAN UMUM DAN PENATAAN RUANG - 1.03.0.00.0.00.01.0000,10853351000,63767905,2026,Non Tender,APBD,CV. LENTERA KONSTRUKSI,Pengadaan Langsung,Pekerjaan Konstruksi,Pembuatan WC dan tempat wuduk masjid nurul islam desa keruak,SELESAI,146625000,146625000
KAB. LOMBOK TIMUR,SEKRETARIAT DAERAH - 4.01.0.00.0.00.01.0000,10811214000,63566262,2026,Pencatatan,APBD,Grand Hero,Pengadaan Langsung,Pengadaan Barang,Belanja Alat/Bahan untuk Kegiatan Kantor- Kertas dan Cover,PAKET SEDANG BERJALAN,4563000,0
KAB. LOMBOK TIMUR,DINAS KOPERASI DAN USAHA KECIL MENENGAH - 2.17.0.00.0.00.01.0000,10877551000,64030573,2026,Pencatatan,APBD,"Jembatan Data Selaparang, TELKOM INDONESIA",Dikecualikan,Pengadaan Barang,"Penyediaan Jasa Komunikasi, Sumber Daya Air dan Listrik (internet)",PAKET SEDANG BERJALAN,2158357,0
KAB. LOMBOK TIMUR,PUSKESMAS DASAN LEKONG (BLUD) - 1.02.0.00.0.00.01.0026,01KPFNG1XDXH129X7GQC6C15TQ,66639559,2026,E-Katalog 6.0,APBD,GLOBAL PHARMA INDONESIA,E-Purchasing,Barang,Pengadaan BMHP Puskesmas Dasan Lekong,ON PROCESS,274725,274725
KAB. LOMBOK TIMUR,DINAS PEKERJAAN UMUM DAN PENATAAN RUANG - 1.03.0.00.0.00.01.0000,10881960000,63767745,2026,Non Tender,APBD,CV. WINDI RAYA,Pengadaan Langsung,Pekerjaan Konstruksi,"Penataan Lingkungan Dusn Gubuk Motong Timur, Desa Masbagik Selatan",SELESAI,195546000,195546000
KAB. LOMBOK TIMUR,DINAS PEKERJAAN UMUM DAN PENATAAN RUANG - 1.03.0.00.0.00.01.0000,10921226000,63767998,2026,Non Tender,APBD,CV. LENTERA KONSTRUKSI,Pengadaan Langsung,Pekerjaan Konstruksi,Penembokan pagar masjid as-syobirin dasan baru desa kuang baru,SELESAI,146670000,146670000
KAB. LOMBOK TIMUR,DINAS PEKERJAAN UMUM DAN PENATAAN RUANG - 1.03.0.00.0.00.01.0000,10149345000,65906827,2026,Tender,APBD,,Seleksi,Jasa Konsultansi Badan Usaha Konstruksi,Perencanaan DED Gedung Serbaguna,BERLANGSUNG,599955000,599955000
KAB. LOMBOK TIMUR,PUSKESMAS MASBAGIK BARU (BLUD) - 1.02.0.00.0.00.01.0029,01KNRWREPEY2T3Y4MQF7F3ZX8Z,66490114,2026,E-Katalog 6.0,APBD,MULAWARMAN KESADA MEDICALINDO,E-Purchasing,Barang,Pengadaan BMHP Pada Puskesmas Masbagik Baru,ON PROCESS,1465200,1465200
KAB. LOMBOK TIMUR,DINAS PERTANIAN - 3.27.0.00.0.00.01.0000,01KP9WYGETTANM3PB1ARDBW5QV,66855619,2026,E-Katalog 6.0,APBD,ANEKA NUTRISI GLOBAL INDONESIA,E-Purchasing,Barang,Persediaan untuk Dijual/Diserahkan Kepada Masyarakat (Pupuk Organik Cair (POC),ON PROCESS,140022404,140022404
KAB. LOMBOK TIMUR,PUSKESMAS RARANG (BLUD) - 1.02.0.00.0.00.01.0032,01KT824D8F1R8EF5XNHMW4NDRG,67200010,2026,E-Katalog 6.0,BLUD,MULTI REZEKI GLOBAL,E-Purchasing,Barang,Belanja Modal Peralatan dan Mesin BLUD,ON PROCESS,2040100,2040100
KAB. LOMBOK TIMUR,PUSKESMAS RARANG (BLUD) - 1.02.0.00.0.00.01.0032,01KM55X2TAVNHPJ9N2EEHEP4GJ,66240726,2026,E-Katalog 6.0,BLUD,HEXPHARM JAYA LABORATORIES,E-Purchasing,Barang,Belanja Barang Pakai Habis,ON PROCESS,3000330,3000330
KAB. LOMBOK TIMUR,RSUD PATUH KARYA - 1.02.0.00.0.00.01.0040,01KKG12KY9MQZKQVQFQWMFRNND,63998403,2026,E-Katalog 6.0,APBD,MERSIFARMA TIRMAKU MERCUSANA,E-Purchasing,Barang,Belanja Obat-Obatan-Obat-Obatan Lainnya,ON PROCESS,3534462,3534462
KAB. LOMBOK TIMUR,SEKRETARIAT DAERAH - 4.01.0.00.0.00.01.0000,01KSF4TDFX3TD8GZ6B43GABJ8V,67057378,2026,E-Katalog 6.0,APBD,KARUNIA INDO LOMBOK,E-Purchasing,Barang,Persediaan untuk Dijual/Diserahkan Kepada Masyarakat - Pengadaan Kendaraan Roda Tiga,ON PROCESS,786712002,786712002
KAB. LOMBOK TIMUR,PUSKESMAS SAKRA (BLUD) - 1.02.0.00.0.00.01.0010,01KPZ1PDS98Q4TK22ZXXZTDH59,66442620,2026,E-Katalog 6.0,APBD,GREET MED INDONESIA,E-Purchasing,Barang,Pengadaan BMHP Puskesmas Sakra,ON PROCESS,3559770,3559770
KAB. LOMBOK TIMUR,PUSKESMAS KOTARAJA (BLUD) - 1.02.0.00.0.00.01.0014,01KRAMWC0WSY5DNS4G99WDHM4M,66776495,2026,E-Katalog 6.0,APBD,ERLANGGA EDI LABORATORIES,E-Purchasing,Barang,Pengadaan Obat Puskesmas Kotaraja,ON PROCESS,407814,407814
KAB. LOMBOK TIMUR,PUSKESMAS AIKMEL (BLUD) - 1.02.0.00.0.00.01.0005,01KPFFG76X0VCGJWVV2R09658T,66490102,2026,E-Katalog 6.0,APBD,ERLANGGA EDI LABORATORIES,E-Purchasing,Barang,Pengadaan Obat Pada Puskesmas Aikmel,ON PROCESS,960097,960097
KAB. LOMBOK TIMUR,PUSKESMAS DASAN LEKONG (BLUD) - 1.02.0.00.0.00.01.0026,01KPFNRDFXGNJAY5G0AMYCB5GC,66639559,2026,E-Katalog 6.0,APBD,GLOBAL PHARMA INDONESIA,E-Purchasing,Barang,Pengadaan BMHP Puskesmas Dasan Lekong,ON PROCESS,4172157,4172157
KAB. LOMBOK TIMUR,PUSKESMAS PRINGGASELA UTAMA (BLUD) - 1.02.0.00.0.00.01.0036,01KPF7ARSKP8FVV6FYY8YFJ4JV,66748490,2026,E-Katalog 6.0,APBD,MULAWARMAN KESADA MEDICALINDO,E-Purchasing,Barang,Pengadaan BMHP Puskesmas Pringgasela Utama,ON PROCESS,4395600,4395600
KAB. LOMBOK TIMUR,DINAS KESEHATAN - 1.02.0.00.0.00.01.0000,01KMYWWP7J2BY4EQE93W2VWGVK,63968045,2026,E-Katalog 6.0,APBD,SATORIA ANEKA INDUSTRI,E-Purchasing,Barang,Pengadaan Obat (DAU yang Ditentukan Penggunaannya Bidang Kesehatan),ON PROCESS,59702052,59702052
KAB. LOMBOK TIMUR,DINAS PERUMAHAN DAN KAWASAN PERMUKIMAN - 1.04.0.00.0.00.01.0000,10940138000,64009849,2026,Non Tender,APBD,CV. NISAKA DHIFA,Pengadaan Langsung,Pekerjaan Konstruksi,Belanja Barang untuk Dijual/Diserahkan kepada Masyarakat Penembokan Kuburan Dusun Montong Peria Desa Menceh;,BERLANGSUNG,144822967,144822967
KAB. LOMBOK TIMUR,RSUD LOMBOK TIMUR - 1.02.0.00.0.00.01.0039,01KQBMS75J4WG6DJRP6Y33C7S0,64855001,2026,E-Katalog 6.0,BLUD,JAYAMAS MEDICA INDUSTRI,E-Purchasing,Barang,Belanja Obat-Obatan-Obat,ON PROCESS,59354458,59354458
KAB. LOMBOK TIMUR,PUSKESMAS PENGADANGAN (BLUD) - 1.02.0.00.0.00.01.0004,01KPFHWFNPGCQYWK6G1PD6TGRF,66819299,2026,E-Katalog 6.0,APBD,GLOBAL PHARMA INDONESIA,E-Purchasing,Barang,Pengadaan BMHP Puskesmas Pengadangan,ON PROCESS,1611720,1611720
KAB. LOMBOK TIMUR,RSUD LOMBOK TIMUR - 1.02.0.00.0.00.01.0039,01KPSFF32NFE3ME1ZFEC6YZENE,64855001,2026,E-Katalog 6.0,BLUD,SURYA DERMATO MEDICA LABORATORIES,E-Purchasing,Barang,Belanja Obat-Obatan-Obat,PAYMENT OUTSIDE SYSTEM,11988000,11988000
KAB. LOMBOK TIMUR,PUSKESMAS DENGGEN (BLUD) - 1.02.0.00.0.00.01.0027,01KP95PHF8SDQHFFVAY46HW85V,66764909,2026,E-Katalog 6.0,APBD,SAFELOCK MEDICAL,E-Purchasing,Barang,Pengadaan BMHP Puskesmas Denggen,ON PROCESS,15871432,15871432
KAB. LOMBOK TIMUR,PUSKESMAS JEROWARU (BLUD) - 1.02.0.00.0.00.01.0012,01KPSYSDYHD5NM163BGSB09XWX,66417548,2026,E-Katalog 6.0,APBD,TRIFA RAYA LABORATORIES,E-Purchasing,Barang,Belanja Obat-Obatan-Obat Puskesmas Jerowaru,ON PROCESS,610500,610500
KAB. LOMBOK TIMUR,SEKRETARIAT DAERAH - 4.01.0.00.0.00.01.0000,01KW8EX9C7AT9SCRP1AKZRDZ5D,67366089,2026,E-Katalog 6.0,APBD,MAKRIF JAYA ABADI,E-Purchasing,Barang,Persediaan untuk Dijual/Diserahkan Kepada Masyarakat - Pengdaan Terop Desa Danger Kecamatan Masbagik,ON PROCESS,49728000,49728000
KAB. LOMBOK TIMUR,PUSKESMAS BATUYANG (BLUD) - 1.02.0.00.0.00.01.0020,01KQBVSFJE0VDG5ECXRQGMNXST,66588985,2026,E-Katalog 6.0,APBD,RIDHO ILAHI FARMA,E-Purchasing,Barang,Pengadaan BMHP Puskesmas Batuyang,ON PROCESS,2442829,2442829
KAB. LOMBOK TIMUR,DINAS PERUMAHAN DAN KAWASAN PERMUKIMAN - 1.04.0.00.0.00.01.0000,01KQ8SRSSKHX146GZSQCMAACXV,67014296,2026,E-Katalog 6.0,APBD,SANDEKALA,E-Purchasing,Barang,Belanja Barang untuk Dijual/Diserahkan kepada Masyarakat Peningkatan Kualitas Rumah Tidak Layak Huni Kec. Suela; ,ON PROCESS,108046068,108046068
KAB. LOMBOK TIMUR,SEKRETARIAT DAERAH - 4.01.0.00.0.00.01.0000,01KFVYT0N8QHEM27KXAV4016NV,63369343,2026,E-Katalog 6.0,APBD,GARIS LURUS BANGUN NUSA,E-Purchasing,Jasa Lainnya,Belanja Jasa Tenaga Kebersihan,ON PROCESS,1012110000,1012110000
KAB. LOMBOK TIMUR,PUSKESMAS MASBAGIK (BLUD) - 1.02.0.00.0.00.01.0007,01KQM1RWWXGHVAT11DWT0EKPWY,66937693,2026,E-Katalog 6.0,APBD,GLOBAL PHARMA INDONESIA,E-Purchasing,Barang,Pengadaan BMHP Puskesmas Masbagik,ON PROCESS,7032960,7032960
KAB. LOMBOK TIMUR,DINAS PEKERJAAN UMUM DAN PENATAAN RUANG - 1.03.0.00.0.00.01.0000,10808041000,66325547,2026,Non Tender,APBD,CV. MAHAKA CONSULTANT INDONESIA,Pengadaan Langsung,Jasa Konsultansi Badan Usaha Konstruksi,"Konsultan Pengawasan Penanganan Long Segment (pemeliharaan berkala, peningkatan/rekonstruksi) Jalan Masbagik timur - Kedondong",SELESAI,79009000,79009000
KAB. LOMBOK TIMUR,SEKRETARIAT DAERAH - 4.01.0.00.0.00.01.0000,10875685000,64389711,2026,Non Tender,APBD,CV. KINARA,Pengadaan Langsung,Pekerjaan Konstruksi,Rumah Negara Golongan I - Pemagaran / Ralling Aula Pendopo 1,SELESAI,399611520,399611520
KAB. LOMBOK TIMUR,DINAS KESEHATAN - 1.02.0.00.0.00.01.0000,01KPW0FVX3F9PNX1BGHQNP9SJ4,63968045,2026,E-Katalog 6.0,APBD,DUTA KAISAR PHARMACY,E-Purchasing,Barang,Pengadaan Obat (DAU yang Ditentukan Penggunaannya Bidang Kesehatan),ON PROCESS,21652080,21652080
KAB. LOMBOK TIMUR,PUSKESMAS BATUYANG (BLUD) - 1.02.0.00.0.00.01.0020,01KPFP8HE4YRG88HZX1K14MZ2C,66588985,2026,E-Katalog 6.0,APBD,GLOBAL PHARMA INDONESIA,E-Purchasing,Barang,Pengadaan BMHP Puskesmas Batuyang,ON PROCESS,12560427,12560427
KAB. LOMBOK TIMUR,PUSKESMAS SIKUR (BLUD) - 1.02.0.00.0.00.01.0008,01KN273RBYZ25G4V7RY0JKMQXK,66775725,2026,E-Katalog 6.0,APBD,BERNOFARM,E-Purchasing,Barang,Pengadaan Obat Puskesmas Sikur,ON PROCESS,229770,229770
KAB. LOMBOK TIMUR,PUSKESMAS JEROWARU (BLUD) - 1.02.0.00.0.00.01.0012,01KPSYC3PS8JFVHTE8793RYQDK,66417328,2026,E-Katalog 6.0,APBD,GLOBAL PHARMA INDONESIA,E-Purchasing,Barang,Pengadaan BMHP Puskesmas Jerowaru,ON PROCESS,31135500,31135500
KAB. LOMBOK TIMUR,RSUD PATUH KARYA - 1.02.0.00.0.00.01.0040,01KP2DVXF1D4GY7Z73KKTMBH0P,63998403,2026,E-Katalog 6.0,APBD,GLOBAL PHARMA INDONESIA,E-Purchasing,Barang,Belanja Obat-Obatan-Obat-Obatan Lainnya,ON PROCESS,1474857,0
KAB. LOMBOK TIMUR,DINAS PERUMAHAN DAN KAWASAN PERMUKIMAN - 1.04.0.00.0.00.01.0000,01KS4PZBKTGQQWWQVZJYNM09QK,66891700,2026,E-Katalog 6.0,APBD,LESTARI KARYA,E-Purchasing,Barang,Belanja Barang untuk Dijual/Diserahkan kepada Masyarakat Kecamatan Jerowaru,ON PROCESS,103517490,103517490
KAB. LOMBOK TIMUR,RSUD PATUH KARYA - 1.02.0.00.0.00.01.0040,01KKFXMX1WJ00ETZVA8KF7QA9B,63998403,2026,E-Katalog 6.0,APBD,LAPI LABORATORIES,E-Purchasing,Barang,Belanja Obat-Obatan-Obat-Obatan Lainnya,ON PROCESS,3328668,3328668
KAB. LOMBOK TIMUR,PUSKESMAS LEPAK (BLUD) - 1.02.0.00.0.00.01.0028,01KP5RHX7WE8W2VN1H8J402FGV,66666560,2026,E-Katalog 6.0,APBD,TRIFA RAYA LABORATORIES,E-Purchasing,Barang,Pengadaan Obat Pada Puskesmas Lepak,ON PROCESS,2064600,2064600
KAB. LOMBOK TIMUR,RSUD PATUH KARYA - 1.02.0.00.0.00.01.0040,01KNNDTSDM7GBCH564D588EJB1,63998403,2026,E-Katalog 6.0,APBD,BERNOFARM,E-Purchasing,Barang,Belanja Obat-Obatan-Obat-Obatan Lainnya,ON PROCESS,14260725,14260725
KAB. LOMBOK TIMUR,PUSKESMAS SAMBALIA (BLUD) - 1.02.0.00.0.00.01.0022,01KPFTPZH8CWQ7ZKN4RWAVCM4S,66855628,2026,E-Katalog 6.0,APBD,LIKUID PHARMALAB INDONESIA,E-Purchasing,Barang,Pengadaan BMHP Puskesmas Sambelia,ON PROCESS,7480554,7480554
KAB. LOMBOK TIMUR,PUSKESMAS RARANG (BLUD) - 1.02.0.00.0.00.01.0032,01KQRKJ8KC2V8474NY2A9D1DV3,64010076,2026,E-Katalog 6.0,BLUD,CAHYA INTAN MEDIKA,E-Purchasing,Barang,Belanja Barang dan Jasa BLUD,ON PROCESS,614940,614940
KAB. LOMBOK TIMUR,DINAS KESEHATAN - 1.02.0.00.0.00.01.0000,01KS1Q8T0QJNKPEE0EW8MMGSS2,64020310,2026,E-Katalog 6.0,APBD,UBC MEDICAL INDONESIA,E-Purchasing,Barang,Penyediaan kartrid TCM,ON PROCESS,3787247349,3787247349
KAB. LOMBOK TIMUR,DINAS PEKERJAAN UMUM DAN PENATAAN RUANG - 1.03.0.00.0.00.01.0000,10892952000,63767678,2026,Non Tender,APBD,CV. KINARA,Pengadaan Langsung,Pekerjaan Konstruksi,Penataan Halaman SDN 1 Sandubaya,SELESAI,97642000,97642000
KAB. LOMBOK TIMUR,PUSKESMAS SAMBALIA (BLUD) - 1.02.0.00.0.00.01.0022,01KQC0AVZWHN4DB3ABG9DDWY6E,66855628,2026,E-Katalog 6.0,APBD,JAYAMAS MEDICA INDUSTRI,E-Purchasing,Barang,Pengadaan BMHP Puskesmas Sambelia,ON PROCESS,4835406,4835406
KAB. LOMBOK TIMUR,DINAS PERTANIAN - 3.27.0.00.0.00.01.0000,10930679000,63751198,2026,Non Tender,APBD,CV MERENDA SEJAHTERA,Pengadaan Langsung,Pekerjaan Konstruksi,Persediaan untuk Dijual/Diserahkan Kepada Masyarakat (Rehab embung 1 kec. Jerowaru Tan 16),BERLANGSUNG,140502246,140502246
KAB. LOMBOK TIMUR,RSUD PATUH KARYA - 1.02.0.00.0.00.01.0040,01KQ13NAJ36C50X79G90MG2BYH,63998403,2026,E-Katalog 6.0,APBD,MEGA KREASI ALKESINDO,E-Purchasing,Barang,Belanja Obat-Obatan-Obat-Obatan Lainnya,ON PROCESS,8681132,8681132
KAB. LOMBOK TIMUR,PUSKESMAS DASAN LEKONG (BLUD) - 1.02.0.00.0.00.01.0026,01KQEPENWP25B7RA499ZCCFXRC,66639559,2026,E-Katalog 6.0,APBD,JAYAMAS MEDICA INDUSTRI,E-Purchasing,Barang,Pengadaan BMHP Puskesmas Dasan Lekong,ON PROCESS,8312324,8312324
KAB. LOMBOK TIMUR,DINAS PERTANIAN - 3.27.0.00.0.00.01.0000,10931694000,63751936,2026,Non Tender,APBD,CV. MECCA SEJAHTERA,Pengadaan Langsung,Pekerjaan Konstruksi,Persediaan untuk Dijual/Diserahkan Kepada Masyarakat (Pembangunan/Peningkatan/Rehabilitasi Jaringan Irigasi Tersier Sukadana Kecamatan Terara (Irigasi 10),BERLANGSUNG,193850649,193850649
KAB. LOMBOK TIMUR,DINAS PERTANIAN - 3.27.0.00.0.00.01.0000,01KRAVKP0A4RSY33CYPFQZ3V9N,67096604,2026,E-Katalog 6.0,APBD,SANDEKALA,E-Purchasing,Barang,Persediaan untuk Dijual/Diserahkan Kepada Masyarakat (HandsSprayer (Alat Semprot Pertanian),ON PROCESS,46620000,46620000
KAB. LOMBOK TIMUR,DINAS PEKERJAAN UMUM DAN PENATAAN RUANG - 1.03.0.00.0.00.01.0000,10918846000,63767652,2026,Non Tender,APBD,CV. DIAN RAYA,Pengadaan Langsung,Pekerjaan Konstruksi,Rehab tempat wudhu dan kamar mandi santri Ponpes Al Ijtihad Al Mahsuni Danger Selatan Desa Danger Kecamatan Masbagik,SELESAI,195532000,195532000
KAB. LOMBOK TIMUR,PUSKESMAS RENSING (BLUD) - 1.02.0.00.0.00.01.0013,01KR37T09M8DRW2A6V684T3A70,66505907,2026,E-Katalog 6.0,APBD,ERLANGGA EDI LABORATORIES,E-Purchasing,Barang,Pengadaan Obat Puskesmas Rensing,ON PROCESS,2281716,2281716
KAB. LOMBOK TIMUR,PUSKESMAS KERUAK (BLUD) - 1.02.0.00.0.00.01.0011,01KP5NEXQHTJE78ED3H36XBQCM,66666827,2026,E-Katalog 6.0,APBD,ERLANGGA EDI LABORATORIES,E-Purchasing,Barang,Pengadaan Obat Pada Puskesmas Keruak,ON PROCESS,1631256,1631256
KAB. LOMBOK TIMUR,PUSKESMAS KERUAK (BLUD) - 1.02.0.00.0.00.01.0011,01KPQ366T1MRVWC0EKDXQR3TK0,66666856,2026,E-Katalog 6.0,APBD,GLOBAL PHARMA INDONESIA,E-Purchasing,Barang,Pengadaan BMHP Pada Puskesmas Keruak,ON PROCESS,11391930,11391930
KAB. LOMBOK TIMUR,PUSKESMAS PENGADANGAN (BLUD) - 1.02.0.00.0.00.01.0004,01KPF7NNV2H4KQ4ZY4JTHGHTG6,66819299,2026,E-Katalog 6.0,APBD,MULAWARMAN KESADA MEDICALINDO,E-Purchasing,Barang,Pengadaan BMHP Puskesmas Pengadangan,ON PROCESS,3663000,3663000
KAB. LOMBOK TIMUR,DINAS PEKERJAAN UMUM DAN PENATAAN RUANG - 1.03.0.00.0.00.01.0000,10879516000,63767836,2026,Non Tender,APBD,CV. SULTAN ASROFI,Pengadaan Langsung,Pekerjaan Konstruksi,Pemasangan Batu Sikat Kecamatan Wanasaba,SELESAI,97910000,97910000
KAB. LOMBOK TIMUR,PUSKESMAS SURALAGA (BLUD) - 1.02.0.00.0.00.01.0034,01KPQJT8JTABNGSSN29ZEYW423,66762018,2026,E-Katalog 6.0,APBD,TRIFA RAYA LABORATORIES,E-Purchasing,Barang,Pengadaan Obat Puskesmas Suralaga,ON PROCESS,1853700,1853700
KAB. LOMBOK TIMUR,PUSKESMAS KALIJAGA (BLUD) - 1.02.0.00.0.00.01.0019,01KPT8H4JGE70A8DQJPFY0V3RM,66510653,2026,E-Katalog 6.0,APBD,EFADA MEDICAL INDUSTRIES INDONESIA,E-Purchasing,Barang,Pengadaan BMHP Puskesmas Kalijaga,ON PROCESS,754067,754067
KAB. LOMBOK TIMUR,PUSKESMAS RARANG (BLUD) - 1.02.0.00.0.00.01.0032,01KK8P2A0RFFBF0MQXEYRMG7N3,66116819,2026,E-Katalog 6.0,BLUD,IMFARMIND FARMASI INDUSTRI,E-Purchasing,Barang,Belanja Barang Pakai Habis,ON PROCESS,427350,427350
KAB. LOMBOK TIMUR,PUSKESMAS RARANG (BLUD) - 1.02.0.00.0.00.01.0032,01KM55HGB065KZQQ6QD5HGW7SQ,66240726,2026,E-Katalog 6.0,BLUD,LUCAS DJAJA,E-Purchasing,Barang,Belanja Barang Pakai Habis,ON PROCESS,177556,177556
KAB. LOMBOK TIMUR,DINAS PEKERJAAN UMUM DAN PENATAAN RUANG - 1.03.0.00.0.00.01.0000,10833904000,63767969,2026,Non Tender,APBD,CV. INDONESIA RAYA,Pengadaan Langsung,Pekerjaan Konstruksi,Penataan jalan lingkungan di kelurahan sandubaya,SELESAI,195690000,195690000
KAB. LOMBOK TIMUR,PUSKESMAS KERUAK (BLUD) - 1.02.0.00.0.00.01.0011,01KS4TCZG5DABTQ919MWGQXVWY,66666856,2026,E-Katalog 6.0,APBD,INFION,E-Purchasing,Barang,Pengadaan BMHP Pada Puskesmas Keruak,ON PROCESS,590855,590855
KAB. LOMBOK TIMUR,PUSKESMAS RARANG (BLUD) - 1.02.0.00.0.00.01.0032,01KR02WFF17Y9RMJY0ESZR7G1T,64010076,2026,E-Katalog 6.0,BLUD,BERNOFARM,E-Purchasing,Barang,Belanja Barang dan Jasa BLUD,ON PROCESS,3895612,3895612
KAB. LOMBOK TIMUR,DINAS PEKERJAAN UMUM DAN PENATAAN RUANG - 1.03.0.00.0.00.01.0000,10866220000,63767949,2026,Non Tender,APBD,CV. PUTRI MARISSA,Pengadaan Langsung,Pekerjaan Konstruksi,Penataan lingkungan aikmel timur,SELESAI,131834000,131834000
KAB. LOMBOK TIMUR,DINAS PEKERJAAN UMUM DAN PENATAAN RUANG - 1.03.0.00.0.00.01.0000,01KVEVB0R6V7752AGK5T9YV0ES,67320866,2026,E-Katalog 6.0,APBD,LENTERA KONSTRUKSI,E-Purchasing,Barang,Pengadaan Bahan bangunan,ON PROCESS,195284520,195284520
KAB. LOMBOK TIMUR,PUSKESMAS SUKARAJA (BLUD) - 1.02.0.00.0.00.01.0031,01KQBY8W6S84W3TFC4NA1AWH8R,66770692,2026,E-Katalog 6.0,APBD,RIDHO ILAHI FARMA,E-Purchasing,Barang,Pengadaan BMHP Puskesmas Sukaraja,ON PROCESS,2365410,2365410
KAB. LOMBOK TIMUR,SEKRETARIAT DAERAH - 4.01.0.00.0.00.01.0000,01KK878Z4MFZ1K2VF9TQ6TT1FJ,63364021,2026,E-Katalog 6.0,APBD,KRIDA DINAMIKAUTONUSA,E-Purchasing,Barang,Kendaraan Dinas Bermotor Perorangan - KDH,ON PROCESS,996795000,0
KAB. LOMBOK TIMUR,PUSKESMAS SUKARAJA (BLUD) - 1.02.0.00.0.00.01.0031,01KNH3YYHREEMHEGS1B4BK2SKH,66770182,2026,E-Katalog 6.0,APBD,EMJEBE PHARMA,E-Purchasing,Barang,Pengadaan Obat Puskesmas Sukaraja,ON PROCESS,16996320,16996320
KAB. LOMBOK TIMUR,PUSKESMAS LABUHAN HAJI (BLUD) - 1.02.0.00.0.00.01.0003,01KPFQ43H66A575GF5XNEMM08H,66859010,2026,E-Katalog 6.0,APBD,GLOBAL PHARMA INDONESIA,E-Purchasing,Barang,Pengadaan BMHP Puskesmas Labuhan Haji,ON PROCESS,9473739,9473739
KAB. LOMBOK TIMUR,DINAS PEKERJAAN UMUM DAN PENATAAN RUANG - 1.03.0.00.0.00.01.0000,10892021000,63767656,2026,Non Tender,APBD,CV.AMELIA,Pengadaan Langsung,Pekerjaan Konstruksi,Penataan Pasar Pancor Kelurahan Pancor,SELESAI,97722000,97722000
KAB. LOMBOK TIMUR,PUSKESMAS RARANG (BLUD) - 1.02.0.00.0.00.01.0032,01KKAPSSYE2XTAXWVXD5TWVQD2,66116819,2026,E-Katalog 6.0,BLUD,RIDHO ILAHI FARMA,E-Purchasing,Barang,Belanja Barang Pakai Habis,ON PROCESS,20214155,20214155
KAB. LOMBOK TIMUR,PUSKESMAS JEROWARU (BLUD) - 1.02.0.00.0.00.01.0012,01KP93CHW9SS48RTACEJ38RATX,66417328,2026,E-Katalog 6.0,APBD,MULAWARMAN KESADA MEDICALINDO,E-Purchasing,Barang,Pengadaan BMHP Puskesmas Jerowaru,ON PROCESS,608058,608058
KAB. LOMBOK TIMUR,DINAS PERTANIAN - 3.27.0.00.0.00.01.0000,10147064000,65061443,2026,Tender,APBD,CV. RIDHO GRAHA,Tender,Pekerjaan Konstruksi,Bangunan Gedung Kantor (Green House),SELESAI,1390454178,1390454178
KAB. LOMBOK TIMUR,DINAS KESEHATAN - 1.02.0.00.0.00.01.0000,01KS6VVHN4JHV5KGM56M3YMPNM,64024499,2026,E-Katalog 6.0,APBD,MENARA PELITA MEDICA,E-Purchasing,Barang,Pengadan Reagen Sanitarian KIT (DAK Non Fisik-Dana BOK-BOK Dinas-BOK Kabupaten/Kota),ON PROCESS,1542960000,1542960000
KAB. LOMBOK TIMUR,DINAS PERTANIAN - 3.27.0.00.0.00.01.0000,10899352000,63751208,2026,Non Tender,APBD,CV. MASA DEPAN SEJAHTERA,Pengadaan Langsung,Pekerjaan Konstruksi,Persediaan untuk Dijual/Diserahkan Kepada Masyarakat (Pembuatan Embung Kelompok Tunas Paice 1 Desa Pandan Wangi Kecamatan Jerowaru (Tan 18),BERLANGSUNG,145352696,145352696
KAB. LOMBOK TIMUR,PUSKESMAS KOTARAJA (BLUD) - 1.02.0.00.0.00.01.0014,01KRAPT9XB54MSE7929TA5KSSM,66776495,2026,E-Katalog 6.0,APBD,SOLAS LANGGENG SEJAHTERA,E-Purchasing,Barang,Pengadaan Obat Puskesmas Kotaraja,ON PROCESS,4680204,4680204
KAB. LOMBOK TIMUR,PUSKESMAS LEPAK (BLUD) - 1.02.0.00.0.00.01.0028,01KPFNHXFSHZVGFWEHM09PRECM,66666594,2026,E-Katalog 6.0,APBD,LIKUID PHARMALAB INDONESIA,E-Purchasing,Barang,Pengadaan BMHP Pada Puskesmas Lepak,ON PROCESS,7564583,7564583
KAB. LOMBOK TIMUR,DINAS PEKERJAAN UMUM DAN PENATAAN RUANG - 1.03.0.00.0.00.01.0000,01KVSWSA4EHNMSB07ADH5QD9R5,67353441,2026,E-Katalog 6.0,APBD,CAHAYA AL FATH,E-Purchasing,Barang,"Pengadaan granit masjid baitul gapur kawil mare,desa jenggik utara,kec.montong gading",ON PROCESS,58827780,58827780
KAB. LOMBOK TIMUR,DINAS PERUMAHAN DAN KAWASAN PERMUKIMAN - 1.04.0.00.0.00.01.0000,01KRX00J4ZAC713KKW88WYYC2Q,67014300,2026,E-Katalog 6.0,APBD,AYUDIA PUTERI,E-Purchasing,Barang,Belanja Barang untuk Dijual/Diserahkan kepada Masyarakat Peningkatan Kualitas Rumah Tidak Layak Huni di Kabupaten Lombok Timur,ON PROCESS,147237893,147237893
KAB. LOMBOK TIMUR,DINAS PEKERJAAN UMUM DAN PENATAAN RUANG - 1.03.0.00.0.00.01.0000,10882238000,63767706,2026,Non Tender,APBD,CV. KINARA,Pengadaan Langsung,Pekerjaan Konstruksi,"Penataan Musholla Dusun Gubuk Lauk, Desa Sikur, Kecamatan Sikur",SELESAI,195518000,195518000
KAB. LOMBOK TIMUR,SEKRETARIAT DAERAH - 4.01.0.00.0.00.01.0000,10280746000,42022191,2026,Swakelola,APBD,BAIQ CHANE AMELIA,,,Belanja Jasa Pengelolaan BMD yang Tidak Menghasilkan Pendapatan,PAKET SEDANG BERJALAN,350000,0
KAB. LOMBOK TIMUR,DINAS PEKERJAAN UMUM DAN PENATAAN RUANG - 1.03.0.00.0.00.01.0000,10908888000,63767686,2026,Non Tender,APBD,CV. WIVARA,Pengadaan Langsung,Pekerjaan Konstruksi,"Penataan Lingkungan Desa Lendang Nangka, Kec. Masbagik",SELESAI,166200000,166200000
KAB. LOMBOK TIMUR,RSUD LOMBOK TIMUR - 1.02.0.00.0.00.01.0039,01KPQ97C6BVY1W8VRN9SZDA0J0,64855001,2026,E-Katalog 6.0,BLUD,FORTACE DIAGNOSTICS INDONESIA,E-Purchasing,Barang,Belanja Obat-Obatan-Obat,PAYMENT OUTSIDE SYSTEM,24046896,24046896
KAB. LOMBOK TIMUR,DINAS PEKERJAAN UMUM DAN PENATAAN RUANG - 1.03.0.00.0.00.01.0000,10833194000,63767653,2026,Non Tender,APBD,CV. KARYA ALAM NUSA,Pengadaan Langsung,Pekerjaan Konstruksi,Penataan jalan Dusun Kapitan Desa Danger Kecamatan Masbagik,SELESAI,97720000,97720000
KAB. LOMBOK TIMUR,PUSKESMAS SAMBALIA (BLUD) - 1.02.0.00.0.00.01.0022,01KRMRJDXTFAJDT9Q62FYMJM04,66855628,2026,E-Katalog 6.0,APBD,EFADA MEDICAL INDUSTRIES INDONESIA,E-Purchasing,Barang,Pengadaan BMHP Puskesmas Sambelia,ON PROCESS,1625706,1625706
KAB. LOMBOK TIMUR,PUSKESMAS SELONG (BLUD) - 1.02.0.00.0.00.01.0002,01KQBTJERG1N329A7RBS48DNN7,66490106,2026,E-Katalog 6.0,APBD,JAYAMAS MEDICA INDUSTRI,E-Purchasing,Barang,Pengadaan BMHP Pada Puskesmas Selong,ON PROCESS,1360194,1360194
KAB. LOMBOK TIMUR,RSUD LOMBOK TIMUR - 1.02.0.00.0.00.01.0039,01KW0SZER55EWEYNP3A0A0HQTN,64855001,2026,E-Katalog 6.0,BLUD,DEXA MEDICA,E-Purchasing,Barang,Belanja Obat-Obatan-Obat,ON PROCESS,71907021,71907021
KAB. LOMBOK TIMUR,DINAS PEKERJAAN UMUM DAN PENATAAN RUANG - 1.03.0.00.0.00.01.0000,10833893000,63767857,2026,Non Tender,APBD,WAFA ARGA DAMAI,Pengadaan Langsung,Pekerjaan Konstruksi,Penataan Lingkungan Desa Pandan Dure Kecamatan Terara,SELESAI,68442000,68442000
KAB. LOMBOK TIMUR,PUSKESMAS AIKMEL (BLUD) - 1.02.0.00.0.00.01.0005,01KR36DT5SA5QECANVAAYEVJKQ,66490102,2026,E-Katalog 6.0,APBD,ERLANGGA EDI LABORATORIES,E-Purchasing,Barang,Pengadaan Obat Pada Puskesmas Aikmel,ON PROCESS,570429,570429
KAB. LOMBOK TIMUR,DINAS PERTANIAN - 3.27.0.00.0.00.01.0000,10932890000,63751203,2026,Non Tender,APBD,CV. SULTAN AL FATAH JAYA ABADI,Pengadaan Langsung,Pekerjaan Konstruksi,Persediaan untuk Dijual/Diserahkan Kepada Masyarakat (Rehabilitasi Embung Rakyat 10 Kecamatan Jerowaru (Tan 10),BERLANGSUNG,145352696,145352696
KAB. LOMBOK TIMUR,PUSKESMAS RARANG (BLUD) - 1.02.0.00.0.00.01.0032,01KM55AA2Q32N7K0K2KZ5JKDD7,66240726,2026,E-Katalog 6.0,BLUD,IMFARMIND FARMASI INDUSTRI,E-Purchasing,Barang,Belanja Barang Pakai Habis,ON PROCESS,1265400,1265400
KAB. LOMBOK TIMUR,DINAS KESEHATAN - 1.02.0.00.0.00.01.0000,01KKTTYW8JY1PGSD675AAAGTMB,63968036,2026,E-Katalog 6.0,APBD,SOLAS LANGGENG SEJAHTERA,E-Purchasing,Barang,Pengadaan Obat PKD (DAK Non Fisik-Dana BOK-BOK Dinas-BOK Kabupaten/Kota),ON PROCESS,625485000,625485000
KAB. LOMBOK TIMUR,PUSKESMAS DASAN LEKONG (BLUD) - 1.02.0.00.0.00.01.0026,01KPFCAQZWZG90G9N0DWNM0KN9,66639559,2026,E-Katalog 6.0,APBD,MULAWARMAN KESADA MEDICALINDO,E-Purchasing,Barang,Pengadaan BMHP Puskesmas Dasan Lekong,ON PROCESS,11428560,11428560
KAB. LOMBOK TIMUR,PUSKESMAS RARANG (BLUD) - 1.02.0.00.0.00.01.0032,01KPYPTB34NA4JZ9B1SB2H28CB,66116819,2026,E-Katalog 6.0,BLUD,RIDHO ILAHI FARMA,E-Purchasing,Barang,Belanja Barang Pakai Habis,ON PROCESS,996114,996114
KAB. LOMBOK TIMUR,PUSKESMAS SAMBALIA (BLUD) - 1.02.0.00.0.00.01.0022,01KPFTX8G6CMMMWTKXPMXNMVWC,66855628,2026,E-Katalog 6.0,APBD,GLOBAL PHARMA INDONESIA,E-Purchasing,Barang,Pengadaan BMHP Puskesmas Sambelia,ON PROCESS,18553095,18553095
KAB. LOMBOK TIMUR,RSUD LOMBOK TIMUR - 1.02.0.00.0.00.01.0039,01KW8ZGY2HSBQ9PEWJAF34EPSP,64855001,2026,E-Katalog 6.0,BLUD,BERNOFARM,E-Purchasing,Barang,Belanja Obat-Obatan-Obat,ON PROCESS,3072125,3072125
KAB. LOMBOK TIMUR,DINAS PEKERJAAN UMUM DAN PENATAAN RUANG - 1.03.0.00.0.00.01.0000,10920718000,63767794,2026,Non Tender,APBD,CHIEKO KARYA,Pengadaan Langsung,Pekerjaan Konstruksi,Penataan Lingkungan Mekar Sari Kec. Suela,SELESAI,146575000,146575000
KAB. LOMBOK TIMUR,DINAS PEKERJAAN UMUM DAN PENATAAN RUANG - 1.03.0.00.0.00.01.0000,10832174000,63767848,2026,Non Tender,APBD,CHIEKO KARYA,Pengadaan Langsung,Pekerjaan Konstruksi,Talut jalan dusun wanasaba daya,SELESAI,185777000,185777000
KAB. LOMBOK TIMUR,DINAS PEKERJAAN UMUM DAN PENATAAN RUANG - 1.03.0.00.0.00.01.0000,10892475000,63767733,2026,Non Tender,APBD,CV. ALAM JAGAT RAYA,Pengadaan Langsung,Pekerjaan Konstruksi,"Penataan Jalan Desa Semaya, Kecamamn Sikur",SELESAI,195715000,195715000
KAB. LOMBOK TIMUR,PUSKESMAS SIKUR (BLUD) - 1.02.0.00.0.00.01.0008,01KQBZ4SPDKGPH2BWV8SAVGKYZ,66775810,2026,E-Katalog 6.0,APBD,BUMI SARANA MAJU,E-Purchasing,Barang,Pengadaan BMHP Puskesmas Sikur,ON PROCESS,173655,173655
KAB. LOMBOK TIMUR,DINAS KESEHATAN - 1.02.0.00.0.00.01.0000,01KPBBBA25JKBDAJ22TMNF4F4C,63968045,2026,E-Katalog 6.0,APBD,HEXPHARM JAYA LABORATORIES,E-Purchasing,Barang,Pengadaan Obat (DAU yang Ditentukan Penggunaannya Bidang Kesehatan),ON PROCESS,312061182,312061182
KAB. LOMBOK TIMUR,PUSKESMAS LENEK (BLUD) - 1.02.0.00.0.00.01.0018,01KPFSP4Y15K00GHAPMJC879R1,66667172,2026,E-Katalog 6.0,APBD,GLOBAL PHARMA INDONESIA,E-Purchasing,Barang,Pengadaan Belanja BMHP Pada Puskesmas Lenek,ON PROCESS,3677652,3677652
KAB. LOMBOK TIMUR,DINAS PEKERJAAN UMUM DAN PENATAAN RUANG - 1.03.0.00.0.00.01.0000,01KTT0FF265GSRTM051972V279,67285915,2026,E-Katalog 6.0,APBD,BARENG MELE SUKSES,E-Purchasing,Barang,Pengadaan Pipa Desa Jurit Baru Kecamatan Pringgasela,ON PROCESS,147606690,147606690
KAB. LOMBOK TIMUR,DINAS PEKERJAAN UMUM DAN PENATAAN RUANG - 1.03.0.00.0.00.01.0000,10851681000,63767659,2026,Non Tender,APBD,CV. DIAN RAYA,Pengadaan Langsung,Pekerjaan Konstruksi,Penataan Jalan Lingkungan Aik Dewa Dusun Gamang Desa Jurit Kecamatan Pringgasela,SELESAI,195670000,195670000
KAB. LOMBOK TIMUR,PUSKESMAS KERONGKONG (BLUD) - 1.02.0.00.0.00.01.0016,01KQ985TYSJ8K5RYAQ2SVMRV61,66528385,2026,E-Katalog 6.0,APBD,MULAWARMAN KESADA MEDICALINDO,E-Purchasing,Barang,Pengadaan BMHP Puskesmas Kerongkong,ON PROCESS,10989000,10989000
KAB. LOMBOK TIMUR,DINAS KESEHATAN - 1.02.0.00.0.00.01.0000,01KNX2DRGVHDW89QQB77XS42Q1,63968045,2026,E-Katalog 6.0,APBD,ERLANGGA EDI LABORATORIES,E-Purchasing,Barang,Pengadaan Obat (DAU yang Ditentukan Penggunaannya Bidang Kesehatan),ON PROCESS,35924262,35924262
KAB. LOMBOK TIMUR,DINAS PERTANIAN - 3.27.0.00.0.00.01.0000,10920922000,63751234,2026,Non Tender,APBD,SINAR LOMBOK KARYA,Pengadaan Langsung,Pekerjaan Konstruksi,Persediaan untuk Dijual/Diserahkan Kepada Masyarakat (Rehab embung 8 jerowaru (Tan 52),SELESAI,145350000,145350000
KAB. LOMBOK TIMUR,PUSKESMAS SAKRA (BLUD) - 1.02.0.00.0.00.01.0010,01KMHE9B6PMY52VWQS3VX3GEZN,66442527,2026,E-Katalog 6.0,APBD,TRIFA RAYA LABORATORIES,E-Purchasing,Barang,Pengadaan Obat Puskesmas Sakra,ON PROCESS,2713950,2713950
KAB. LOMBOK TIMUR,PUSKESMAS MASBAGIK BARU (BLUD) - 1.02.0.00.0.00.01.0029,01KPW29PJJXYAVEPYJJF3WE56Q,66490114,2026,E-Katalog 6.0,APBD,MULAWARMAN KESADA MEDICALINDO,E-Purchasing,Barang,Pengadaan BMHP Pada Puskesmas Masbagik Baru,ON PROCESS,1465200,1465200
KAB. LOMBOK TIMUR,DINAS PEKERJAAN UMUM DAN PENATAAN RUANG - 1.03.0.00.0.00.01.0000,10893069000,63767974,2026,Non Tender,APBD,CV. BINTANG DAERAH,Pengadaan Langsung,Pekerjaan Konstruksi,Penataan lingkungan dan pemukiman di desa dames damai,SELESAI,146620000,146620000
KAB. LOMBOK TIMUR,DINAS PEKERJAAN UMUM DAN PENATAAN RUANG - 1.03.0.00.0.00.01.0000,10893109000,63767664,2026,Non Tender,APBD,CV. DUA RADEN,Pengadaan Langsung,Pekerjaan Konstruksi,Penataan jalan lingkungan desa pringabaya,SELESAI,390890000,390890000
KAB. LOMBOK TIMUR,PUSKESMAS KARANG BARU (BLUD) - 1.02.0.00.0.00.01.0024,01KPFSGADYA037G2B9WNMJC6NC,66819325,2026,E-Katalog 6.0,APBD,LIKUID PHARMALAB INDONESIA,E-Purchasing,Barang,Pengadaan BMHP Puskesmas Karang Baru,ON PROCESS,877594,877594
KAB. LOMBOK TIMUR,PUSKESMAS LABUHAN HAJI (BLUD) - 1.02.0.00.0.00.01.0003,01KQ977WTYTXRHKJP56T4VVGW3,66859010,2026,E-Katalog 6.0,APBD,MULAWARMAN KESADA MEDICALINDO,E-Purchasing,Barang,Pengadaan BMHP Puskesmas Labuhan Haji,ON PROCESS,7326000,7326000
KAB. LOMBOK TIMUR,DINAS PERUMAHAN DAN KAWASAN PERMUKIMAN - 1.04.0.00.0.00.01.0000,01KT30VA3YDW09N1V0JAJ8WEAJ,67014344,2026,E-Katalog 6.0,APBD,PESONA RIA,E-Purchasing,Barang,"Belanja Barang untuk Dijual/Diserahkan kepada Masyarakat Peningkatan Kualitas RTLH Kec. Sakra, Kec. Sakra Barat, Kec. Sakra Timur, Kec. Keruak dan Kec. Jerowaru",ON PROCESS,84446136,84446136
KAB. LOMBOK TIMUR,RSUD PATUH KARYA - 1.02.0.00.0.00.01.0040,01KKDGDX2130N2F8QCQWDVR2TP,63998403,2026,E-Katalog 6.0,APBD,RIDHO ILAHI FARMA,E-Purchasing,Barang,Belanja Obat-Obatan-Obat-Obatan Lainnya,ON PROCESS,5481291,5481291
KAB. LOMBOK TIMUR,PUSKESMAS RARANG (BLUD) - 1.02.0.00.0.00.01.0032,01KK0EY8M3ND3SR46AD8D3J6MB,64010076,2026,E-Katalog 6.0,BLUD,CAHYA INTAN MEDIKA,E-Purchasing,Barang,Belanja Barang dan Jasa BLUD,ON PROCESS,3699630,3699630
KAB. LOMBOK TIMUR,DINAS PEKERJAAN UMUM DAN PENATAAN RUANG - 1.03.0.00.0.00.01.0000,10919516000,63767782,2026,Non Tender,APBD,CV. IKHTIAR JAYA,Pengadaan Langsung,Pekerjaan Konstruksi,Penataan Lingkungan Desa Lepak Timur Kecamatan Sakra Timur,SELESAI,195540000,195540000
KAB. LOMBOK TIMUR,PUSKESMAS SURALAGA (BLUD) - 1.02.0.00.0.00.01.0034,01KQBX3FGH0WNYS3VFV4VHHJWE,66762207,2026,E-Katalog 6.0,APBD,JAYAMAS MEDICA INDUSTRI,E-Purchasing,Barang,Pengadaan BMHP Puskesmas Suralaga,ON PROCESS,36872495,36872495
KAB. LOMBOK TIMUR,DINAS PERTANIAN - 3.27.0.00.0.00.01.0000,10915251000,63751214,2026,Non Tender,APBD,CV. SULTAN AL FATAH JAYA ABADI,Pengadaan Langsung,Pekerjaan Konstruksi,Persediaan untuk Dijual/Diserahkan Kepada Masyarakat (Rehab embung klp tani geger girang desa seriwe kec. Jerowaru (Tan 34),SELESAI,193850000,193850000
KAB. LOMBOK TIMUR,DINAS KESEHATAN - 1.02.0.00.0.00.01.0000,10142995000,65182875,2026,Tender,APBD,,Seleksi,Jasa Konsultansi Badan Usaha Konstruksi,Konsultan Pengawasan Lanjutan Pembangunan RS Masbagik,BERLANGSUNG,199994000,199994000
KAB. LOMBOK TIMUR,RSUD PATUH KARYA - 1.02.0.00.0.00.01.0040,01KKAPRWPCZX6WGRR1WN7WQXZK,63998403,2026,E-Katalog 6.0,APBD,BINTANG SHAFWAN,E-Purchasing,Barang,Belanja Obat-Obatan-Obat-Obatan Lainnya,ON PROCESS,32450677,0
KAB. LOMBOK TIMUR,DINAS PEKERJAAN UMUM DAN PENATAAN RUANG - 1.03.0.00.0.00.01.0000,10843738000,63767679,2026,Non Tender,APBD,CV. DUTA MENTAGI,Pengadaan Langsung,Pekerjaan Konstruksi,Pemasangan Batu sikat Dusun Jorong Desa Kalijaga,SELESAI,48872000,48872000
KAB. LOMBOK TIMUR,PUSKESMAS LENEK (BLUD) - 1.02.0.00.0.00.01.0018,01KQC5WVVF95V2C5V0S8R0WB86,66667172,2026,E-Katalog 6.0,APBD,RIDHO ILAHI FARMA,E-Purchasing,Barang,Pengadaan Belanja BMHP Pada Puskesmas Lenek,ON PROCESS,1450417,1450417
KAB. LOMBOK TIMUR,PUSKESMAS LEPAK (BLUD) - 1.02.0.00.0.00.01.0028,01KP5RG1D0VACT113DT8QERNC3,66666560,2026,E-Katalog 6.0,APBD,ERLANGGA EDI LABORATORIES,E-Purchasing,Barang,Pengadaan Obat Pada Puskesmas Lepak,ON PROCESS,1631256,1631256
KAB. LOMBOK TIMUR,DINAS PEKERJAAN UMUM DAN PENATAAN RUANG - 1.03.0.00.0.00.01.0000,10881974000,63767734,2026,Non Tender,APBD,CV. MARSHA UTAMA,Pengadaan Langsung,Pekerjaan Konstruksi,"Penataan Jalan Dusun Semango Desa Leming, Kecamatan Terata",SELESAI,195444000,195444000
KAB. LOMBOK TIMUR,PUSKESMAS SELONG (BLUD) - 1.02.0.00.0.00.01.0002,01KPFJ4M4J3FY0V6RFPDZ9MHR8,66490108,2026,E-Katalog 6.0,APBD,ERLANGGA EDI LABORATORIES,E-Purchasing,Barang,Pengadaan Obat Pada Puskesmas Selong,ON PROCESS,815628,815628
KAB. LOMBOK TIMUR,RSUD LOMBOK TIMUR - 1.02.0.00.0.00.01.0039,01KN16TGDX8R1GHHZEEM8YHJPD,64855001,2026,E-Katalog 6.0,BLUD,INTERBAT,E-Purchasing,Barang,Belanja Obat-Obatan-Obat,PAYMENT OUTSIDE SYSTEM,2261070,2261070
KAB. LOMBOK TIMUR,DINAS PEKERJAAN UMUM DAN PENATAAN RUANG - 1.03.0.00.0.00.01.0000,10886570000,63764409,2026,Non Tender,APBD,CV. KARYA PUTRA SOPAK,Pengadaan Langsung,Pekerjaan Konstruksi,"Pengadaan Sumur Bor Dusun Mujur, Desa Montong Betok",SELESAI,146641000,146641000
KAB. LOMBOK TIMUR,RSUD LOMBOK TIMUR - 1.02.0.00.0.00.01.0039,01KVZM8WDED3ANATT5Z0CTW628,64855001,2026,E-Katalog 6.0,BLUD,ETHICA INDUSTRI FARMASI,E-Purchasing,Barang,Belanja Obat-Obatan-Obat,ON PROCESS,18397620,18397620
KAB. LOMBOK TIMUR,DINAS PERTANIAN - 3.27.0.00.0.00.01.0000,10898353000,63751168,2026,Non Tender,APBD,CV. LOMBOQ BUAK,Pengadaan Langsung,Pekerjaan Konstruksi,Persediaan untuk Dijual/Diserahkan Kepada Masyarakat (Pembangunan/Rehab Embung Desa Pemongkong 2 (Tan 66),BERLANGSUNG,193854415,193854415
KAB. LOMBOK TIMUR,PUSKESMAS RARANG (BLUD) - 1.02.0.00.0.00.01.0032,01KKGX9PAWC5N3JTN0HMS3F790,64010076,2026,E-Katalog 6.0,BLUD,MEPROFARM,E-Purchasing,Barang,Belanja Barang dan Jasa BLUD,ON PROCESS,285714,285714
KAB. LOMBOK TIMUR,DINAS PERUMAHAN DAN KAWASAN PERMUKIMAN - 1.04.0.00.0.00.01.0000,01KQV287YG51PN67JQ3R4X4W0W,66891912,2026,E-Katalog 6.0,APBD,KURNIAWAN HARIADI,E-Purchasing,Barang,Belanja Barang untuk Dijual/Diserahkan kepada Masyarakat Kecamatan Sikur,ON PROCESS,173598894,173598894
KAB. LOMBOK TIMUR,DINAS PEKERJAAN UMUM DAN PENATAAN RUANG - 1.03.0.00.0.00.01.0000,10840232000,63767749,2026,Non Tender,APBD,CV. GALUH JAYA ABADI,Pengadaan Langsung,Pekerjaan Konstruksi,Penataan Lingkungan Desa Wanasaba Daya Kec Wanasaba,SELESAI,78484000,78484000
KAB. LOMBOK TIMUR,PUSKESMAS LABUHAN HAJI (BLUD) - 1.02.0.00.0.00.01.0003,01KPSE934KSVQTJKQJFQ8SVPHT,66859010,2026,E-Katalog 6.0,APBD,GLOBAL PHARMA INDONESIA,E-Purchasing,Barang,Pengadaan BMHP Puskesmas Labuhan Haji,ON PROCESS,755799,755799
KAB. LOMBOK TIMUR,PUSKESMAS KERUAK (BLUD) - 1.02.0.00.0.00.01.0011,01KPQ3YF8AY0MBXEXZBGV5HZQ5,66666856,2026,E-Katalog 6.0,APBD,LIKUID PHARMALAB INDONESIA,E-Purchasing,Barang,Pengadaan BMHP Pada Puskesmas Keruak,ON PROCESS,5467233,5467233
KAB. LOMBOK TIMUR,DINAS PEKERJAAN UMUM DAN PENATAAN RUANG - 1.03.0.00.0.00.01.0000,10851665000,63767680,2026,Non Tender,APBD,CV. DUTA MENTAGI,Pengadaan Langsung,Pekerjaan Konstruksi,Lapen Dusun Dasan baru barat Desa Kalijaga selatan,BERLANGSUNG,195677000,195677000
KAB. LOMBOK TIMUR,PUSKESMAS BELANTING (BLUD) - 1.02.0.00.0.00.01.0025,01KNR7QH9M84PPYZRT3FJ98115,66844176,2026,E-Katalog 6.0,APBD,MULAWARMAN KESADA MEDICALINDO,E-Purchasing,Barang,Pengadaan BMHP Pada Puskesmas Belanting,ON PROCESS,4249080,4249080
KAB. LOMBOK TIMUR,DINAS PEKERJAAN UMUM DAN PENATAAN RUANG - 1.03.0.00.0.00.01.0000,10884452000,63767910,2026,Non Tender,APBD,CV.AMELIA,Pengadaan Langsung,Pekerjaan Konstruksi,Penataan Jalan Desa Gerisak Semanggeleng,SELESAI,198448000,198448000
KAB. LOMBOK TIMUR,DINAS PEKERJAAN UMUM DAN PENATAAN RUANG - 1.03.0.00.0.00.01.0000,10893136000,63767668,2026,Non Tender,APBD,CV. DUA RADEN,Pengadaan Langsung,Pekerjaan Konstruksi,Penataan jalan lingkungan dusun puncang sari,SELESAI,48872000,48872000
KAB. LOMBOK TIMUR,DINAS PEKERJAAN UMUM DAN PENATAAN RUANG - 1.03.0.00.0.00.01.0000,10935941000,63767687,2026,Non Tender,APBD,CV. PATUH,Pengadaan Langsung,Pekerjaan Konstruksi,"Pembuatan Gapura Kampung Nyakap, Desa Masbagik Selatan",BERLANGSUNG,29392000,29392000
KAB. LOMBOK TIMUR,DINAS KESEHATAN - 1.02.0.00.0.00.01.0000,01KR0649CRAQ7DRTBDYPNZ6SWJ,63968045,2026,E-Katalog 6.0,APBD,ETHICA INDUSTRI FARMASI,E-Purchasing,Barang,Pengadaan Obat (DAU yang Ditentukan Penggunaannya Bidang Kesehatan),ON PROCESS,65560152,65560152
KAB. LOMBOK TIMUR,DINAS PEKERJAAN UMUM DAN PENATAAN RUANG - 1.03.0.00.0.00.01.0000,10861517000,63767935,2026,Non Tender,APBD,CV. IKHTIAR DWI PUTRA,Pengadaan Langsung,Pekerjaan Konstruksi,"Pengaspalan Jalan Lapen, Repok Pujut - Menuri Desa Wakan, Kecamatan Jerowaru",SELESAI,146734000,146734000
KAB. LOMBOK TIMUR,DINAS PEKERJAAN UMUM DAN PENATAAN RUANG - 1.03.0.00.0.00.01.0000,10841923000,63767822,2026,Non Tender,APBD,CV. KARTADA,Pengadaan Langsung,Pekerjaan Konstruksi,Rambat beton paok lombok,SELESAI,146665000,146665000
KAB. LOMBOK TIMUR,PUSKESMAS LABUHAN HAJI (BLUD) - 1.02.0.00.0.00.01.0003,01KNTQ30QMNRN6CWHY9ZPDSN3W,66859010,2026,E-Katalog 6.0,APBD,BERNOFARM,E-Purchasing,Barang,Pengadaan BMHP Puskesmas Labuhan Haji,ON PROCESS,869130,869130
KAB. LOMBOK TIMUR,PUSKESMAS AIKMEL UTARA (BLUD) - 1.02.0.00.0.00.01.0035,01KWX6HMF0Y3TPGG994WX7BFFV,66440606,2026,E-Katalog 6.0,BLUD,JAYAMAS MEDICA INDUSTRI,E-Purchasing,Barang,Belanja Barang dan Jasa BLUD,ON PROCESS,4047615,4047615
KAB. LOMBOK TIMUR,SEKRETARIAT DAERAH - 4.01.0.00.0.00.01.0000,10843034000,64411856;67003524,2026,Non Tender,APBD,ON MUSIK,Pengadaan Langsung,Pengadaan Barang,Belanja Modal Peralatan Studio Audio,SELESAI,189392751,0
KAB. LOMBOK TIMUR,DINAS PEKERJAAN UMUM DAN PENATAAN RUANG - 1.03.0.00.0.00.01.0000,10877390000,63767819,2026,Non Tender,APBD,CV. KARTADA,Pengadaan Langsung,Pekerjaan Konstruksi,Talud desa paok lombok,SELESAI,146647000,146647000
KAB. LOMBOK TIMUR,DINAS PEKERJAAN UMUM DAN PENATAAN RUANG - 1.03.0.00.0.00.01.0000,10835732000,63767660,2026,Non Tender,APBD,CV. KARYA ALAM NUSA,Pengadaan Langsung,Pekerjaan Konstruksi,Penataan saluran drainase Lingkungan Perumahan Dusun Tanaq Malit Nenggung Desa Masbagik Selatan Kec. Masbagik,SELESAI,185695000,185695000
KAB. LOMBOK TIMUR,DINAS KESEHATAN - 1.02.0.00.0.00.01.0000,01KQRSPAS5KCGGTKYTPEA4KDFH,63968042,2026,E-Katalog 6.0,APBD,GLOBAL PHARMA INDONESIA,E-Purchasing,Barang,Pengadaan BMHP PKD (termasuk mendukung pelaksanaan Pemeriksaan Kesehatan Gratis),ON PROCESS,146489498,146489498
KAB. LOMBOK TIMUR,DINAS PEKERJAAN UMUM DAN PENATAAN RUANG - 1.03.0.00.0.00.01.0000,10894491000,63767847,2026,Non Tender,APBD,CV. WINDI RAYA,Pengadaan Langsung,Pekerjaan Konstruksi,Rabat lapangan umum labuhan lombok,SELESAI,234580000,234580000
KAB. LOMBOK TIMUR,PUSKESMAS AIKMEL UTARA (BLUD) - 1.02.0.00.0.00.01.0035,01KTWM6057354WJWMD8VYPDNW1,66440606,2026,E-Katalog 6.0,BLUD,ASIA MEDIKA NUSANTARA,E-Purchasing,Barang,Belanja Barang dan Jasa BLUD,ON PROCESS,518881,518881
KAB. LOMBOK TIMUR,PUSKESMAS WANASABA (BLUD) - 1.02.0.00.0.00.01.0033,01KQ9ACY0PYJXFZV5S86NE4F69,66707247,2026,E-Katalog 6.0,APBD,MULAWARMAN KESADA MEDICALINDO,E-Purchasing,Barang,Pengadaan BMHP Puskesmas Wanasaba,ON PROCESS,6520140,6520140
KAB. LOMBOK TIMUR,PUSKESMAS BELANTING (BLUD) - 1.02.0.00.0.00.01.0025,01KPT083SFY94V4109R3BSBCG0,66844176,2026,E-Katalog 6.0,APBD,EFADA MEDICAL INDUSTRIES INDONESIA,E-Purchasing,Barang,Pengadaan BMHP Pada Puskesmas Belanting,ON PROCESS,1568696,1568696
KAB. LOMBOK TIMUR,RSUD PATUH KARYA - 1.02.0.00.0.00.01.0040,01KK896ENFQSJ535MX3FP12BHZ,63998403,2026,E-Katalog 6.0,APBD,BERNOFARM,E-Purchasing,Barang,Belanja Obat-Obatan-Obat-Obatan Lainnya,ON PROCESS,10545611,10545611
KAB. LOMBOK TIMUR,PUSKESMAS RARANG (BLUD) - 1.02.0.00.0.00.01.0032,01KJVDAY32N5B5B5JXE0R8TQS1,64010076,2026,E-Katalog 6.0,BLUD,JAYAMAS MEDICA INDUSTRI,E-Purchasing,Barang,Belanja Barang dan Jasa BLUD,ON PROCESS,2185590,2185590
KAB. LOMBOK TIMUR,PUSKESMAS LENEK (BLUD) - 1.02.0.00.0.00.01.0018,01KPZA9YTPYFAGYW80D3CFCQ6X,66667126,2026,E-Katalog 6.0,APBD,SOLAS LANGGENG SEJAHTERA,E-Purchasing,Barang,Pengadaan Belanja Obat Pada Puskesmas Lenek,ON PROCESS,5219575,5219575
KAB. LOMBOK TIMUR,PUSKESMAS RARANG (BLUD) - 1.02.0.00.0.00.01.0032,01KRJATFQK2HMSZJT2X45Y3M3M,66240726,2026,E-Katalog 6.0,BLUD,SATORIA ANEKA INDUSTRI,E-Purchasing,Barang,Belanja Barang Pakai Habis,ON PROCESS,26773200,26773200
KAB. LOMBOK TIMUR,PUSKESMAS RARANG (BLUD) - 1.02.0.00.0.00.01.0032,01KMY5E5BWAG6XXFPQWQTBX9KX,66240726,2026,E-Katalog 6.0,BLUD,MUKTI REJO ABADI,E-Purchasing,Barang,Belanja Barang Pakai Habis,ON PROCESS,2553000,2553000
KAB. LOMBOK TIMUR,DINAS KESEHATAN - 1.02.0.00.0.00.01.0000,01KQRSGEKDGSG9847C9SQPPYX7,63968042,2026,E-Katalog 6.0,APBD,MEGA KREASI ALKESINDO,E-Purchasing,Barang,Pengadaan BMHP PKD (termasuk mendukung pelaksanaan Pemeriksaan Kesehatan Gratis),ON PROCESS,487362705,487362705
KAB. LOMBOK TIMUR,DINAS PEKERJAAN UMUM DAN PENATAAN RUANG - 1.03.0.00.0.00.01.0000,10930093000,63767651,2026,Non Tender,APBD,CV. SULTAN ASROFI,Pengadaan Langsung,Pekerjaan Konstruksi,Pembangunan Gedung Serbaguna Kecamatan Pringgasela,SELESAI,195576000,195576000
KAB. LOMBOK TIMUR,DINAS PEKERJAAN UMUM DAN PENATAAN RUANG - 1.03.0.00.0.00.01.0000,10893557000,63767712,2026,Non Tender,APBD,CV. KARYA JAYA LAKSANA,Pengadaan Langsung,Pekerjaan Konstruksi,"Penataan Lingkungan Kelurahan Kelayu Utara, Kecamatan Selong",SELESAI,195514000,195514000
KAB. LOMBOK TIMUR,PUSKESMAS BELANTING (BLUD) - 1.02.0.00.0.00.01.0025,01KPT0Q236WHKFNFXFZ0RJBBAJ,66844154,2026,E-Katalog 6.0,APBD,ERLANGGA EDI LABORATORIES,E-Purchasing,Barang,Pengadaan Obat Pada Puskesmas Belanting,ON PROCESS,764346,764346
KAB. LOMBOK TIMUR,PUSKESMAS SURALAGA (BLUD) - 1.02.0.00.0.00.01.0034,01KSFM8E5R7R7FATPVFPYGQNV5,66762018,2026,E-Katalog 6.0,APBD,SATORIA ANEKA INDUSTRI,E-Purchasing,Barang,Pengadaan Obat Puskesmas Suralaga,ON PROCESS,5268060,5268060
KAB. LOMBOK TIMUR,DINAS PEKERJAAN UMUM DAN PENATAAN RUANG - 1.03.0.00.0.00.01.0000,01KP7Z6KX986HEV4MJ50G9217V,65639324,2026,E-Katalog 6.0,APBD,INDOMOBIL CAHAYA PRIMA,E-Purchasing,Barang,Belanja Modal Alat Besar Darat Lainnya,ON PROCESS,707625000,707625000
KAB. LOMBOK TIMUR,RSUD PATUH KARYA - 1.02.0.00.0.00.01.0040,01KQ1628N0QJWXFDAM36F27AB4,63998403,2026,E-Katalog 6.0,APBD,RIDHO ILAHI FARMA,E-Purchasing,Barang,Belanja Obat-Obatan-Obat-Obatan Lainnya,ON PROCESS,423504,423504
KAB. LOMBOK TIMUR,DINAS KESEHATAN - 1.02.0.00.0.00.01.0000,01KNKJ951AZDWWC9F35G4NFQ37,63968036,2026,E-Katalog 6.0,APBD,NOVAPHARIN,E-Purchasing,Barang,Pengadaan Obat PKD (DAK Non Fisik-Dana BOK-BOK Dinas-BOK Kabupaten/Kota),ON PROCESS,133334665,133334665
KAB. LOMBOK TIMUR,DINAS PERTANIAN - 3.27.0.00.0.00.01.0000,10917837000,63751166,2026,Non Tender,APBD,CV. IKHTIAR DWI PUTRA,Pengadaan Langsung,Pekerjaan Konstruksi,Persediaan untuk Dijual/Diserahkan Kepada Masyarakat (Rehabilitasi Embung Rakyat 2 Kecamatan Jerowaru (Tan 2),SELESAI,145350000,145350000
KAB. LOMBOK TIMUR,RSUD PATUH KARYA - 1.02.0.00.0.00.01.0040,01KP4XGF0FT8CS6R879DNZQKX1,63998403,2026,E-Katalog 6.0,APBD,USM BERKAH INDONESIA,E-Purchasing,Barang,Belanja Obat-Obatan-Obat-Obatan Lainnya,ON PROCESS,2224539,2224539
KAB. LOMBOK TIMUR,PUSKESMAS RARANG (BLUD) - 1.02.0.00.0.00.01.0032,01KK2Y9CSVY41Q8P41DYFRM0A6,66116819,2026,E-Katalog 6.0,BLUD,PERUSAHAAN PERSEROAN (PERSERO) PT KIMIA FARMA,E-Purchasing,Barang,Belanja Barang Pakai Habis,ON PROCESS,399600,399600
KAB. LOMBOK TIMUR,DINAS PEKERJAAN UMUM DAN PENATAAN RUANG - 1.03.0.00.0.00.01.0000,10863927000,63767865,2026,Non Tender,APBD,CV. LENTERA KONSTRUKSI,Pengadaan Langsung,Pekerjaan Konstruksi,Penataan Lingkungan Desa Pengkelak Mas,SELESAI,99243000,99243000
KAB. LOMBOK TIMUR,RSUD PATUH KARYA - 1.02.0.00.0.00.01.0040,01KQE6G5Q4WCZHDJ0A66SWQDTG,63998403,2026,E-Katalog 6.0,APBD,BINTANG SHAFWAN,E-Purchasing,Barang,Belanja Obat-Obatan-Obat-Obatan Lainnya,ON PROCESS,7485840,0
KAB. LOMBOK TIMUR,DINAS PEKERJAAN UMUM DAN PENATAAN RUANG - 1.03.0.00.0.00.01.0000,10840224000,63767752,2026,Non Tender,APBD,awra,Pengadaan Langsung,Pekerjaan Konstruksi,Lapen dusun lepak loang sambelia,BERLANGSUNG,136908000,136908000
KAB. LOMBOK TIMUR,DINAS PEKERJAAN UMUM DAN PENATAAN RUANG - 1.03.0.00.0.00.01.0000,10838451000,63767855,2026,Non Tender,APBD,WAFA ARGA DAMAI,Pengadaan Langsung,Pekerjaan Konstruksi,Penataan Lingkungan Desa Leming Kec Terara,SELESAI,48885000,48885000
KAB. LOMBOK TIMUR,PUSKESMAS RARANG (BLUD) - 1.02.0.00.0.00.01.0032,01KKXA7ZS3KT5WD4J49WW3WF53,66240726,2026,E-Katalog 6.0,BLUD,SERENITY INDONESIA,E-Purchasing,Barang,Belanja Barang Pakai Habis,ON PROCESS,260344,0
KAB. LOMBOK TIMUR,SEKRETARIAT DAERAH - 4.01.0.00.0.00.01.0000,10286318000,42577034,2026,Swakelola,APBD,BIAWANSYAH PUTRA,,,Belanja Jasa Pengelolaan BMD yang Tidak Menghasilkan Pendapatan,PAKET SEDANG BERJALAN,400000,0
KAB. LOMBOK TIMUR,DINAS PEKERJAAN UMUM DAN PENATAAN RUANG - 1.03.0.00.0.00.01.0000,10804361000,63767648,2026,Non Tender,APBD,LENGKOK LENDANG,Pengadaan Langsung,Pekerjaan Konstruksi,Penataan Lingkungan Banok Desa Jurit Baru Kecamatan Pringgasela,SELESAI,97998570,97998570
KAB. LOMBOK TIMUR,PUSKESMAS LENDANG NANGKA (BLUD) - 1.02.0.00.0.00.01.0015,01KQEBVNAG6GZ5T79KP1B0QQNK,66812884,2026,E-Katalog 6.0,APBD,RIDHO ILAHI FARMA,E-Purchasing,Barang,Pengadaan BMHP Puskesmas Lendang Nangka,ON PROCESS,121001,121001
KAB. LOMBOK TIMUR,PUSKESMAS SIKUR (BLUD) - 1.02.0.00.0.00.01.0008,01KPCHPFYP2CN53YCB1KM1JS7P,66775725,2026,E-Katalog 6.0,APBD,SATORIA ANEKA INDUSTRI,E-Purchasing,Barang,Pengadaan Obat Puskesmas Sikur,ON PROCESS,4462200,4462200
KAB. LOMBOK TIMUR,DINAS PEKERJAAN UMUM DAN PENATAAN RUANG - 1.03.0.00.0.00.01.0000,10859402000,63767698,2026,Non Tender,APBD,CV. Sari Fania,Pengadaan Langsung,Pekerjaan Konstruksi,Jalan lapen desa montong blae kec. Keruak,SELESAI,146642000,146642000
KAB. LOMBOK TIMUR,PUSKESMAS DASAN LEKONG (BLUD) - 1.02.0.00.0.00.01.0026,01KPFNBKEXHDMGGAM8AECXGTGA,66639559,2026,E-Katalog 6.0,APBD,LIKUID PHARMALAB INDONESIA,E-Purchasing,Barang,Pengadaan BMHP Puskesmas Dasan Lekong,ON PROCESS,4212450,4212450
KAB. LOMBOK TIMUR,PUSKESMAS LENDANG NANGKA (BLUD) - 1.02.0.00.0.00.01.0015,01KPCMFDBT0RQEZ87TAD65VP1Z,66812841,2026,E-Katalog 6.0,APBD,SATORIA ANEKA INDUSTRI,E-Purchasing,Barang,Pengadaan Obat Puskesmas Lendang Nangka,ON PROCESS,6073920,6073920
KAB. LOMBOK TIMUR,PUSKESMAS RARANG (BLUD) - 1.02.0.00.0.00.01.0032,01KKE02QRMJ86JNHTTCAQJ2STY,64010076,2026,E-Katalog 6.0,BLUD,ENSEVAL MEDIKA PRIMA,E-Purchasing,Barang,Belanja Barang dan Jasa BLUD,PAYMENT OUTSIDE SYSTEM,2299998,2299998
KAB. LOMBOK TIMUR,PUSKESMAS SIKUR (BLUD) - 1.02.0.00.0.00.01.0008,01KQBYT6C7Y1JSCTVQJXN7MMRV,66775810,2026,E-Katalog 6.0,APBD,RIDHO ILAHI FARMA,E-Purchasing,Barang,Pengadaan BMHP Puskesmas Sikur,ON PROCESS,1620755,1620755
KAB. LOMBOK TIMUR,PUSKESMAS WANASABA (BLUD) - 1.02.0.00.0.00.01.0033,01KQBWDQ8PXCKRGAKZ94CFGKMX,66707247,2026,E-Katalog 6.0,APBD,BUMI SARANA MAJU,E-Purchasing,Barang,Pengadaan BMHP Puskesmas Wanasaba,ON PROCESS,347310,347310
KAB. LOMBOK TIMUR,DINAS PEKERJAAN UMUM DAN PENATAAN RUANG - 1.03.0.00.0.00.01.0000,10889848000,63767682,2026,Non Tender,APBD,cv.citra bangsa,Pengadaan Langsung,Pekerjaan Konstruksi,Rehab aula ponpes sirojul ulum desa mamben daya kecamatan wanasaba,SELESAI,195535000,195535000
KAB. LOMBOK TIMUR,DINAS PEKERJAAN UMUM DAN PENATAAN RUANG - 1.03.0.00.0.00.01.0000,10881957000,63767688,2026,Non Tender,APBD,CV. WIVARA,Pengadaan Langsung,Pekerjaan Konstruksi,"Penataan Lingkungan Dusun Presak Utara, Desa Danger",SELESAI,146574000,146574000
KAB. LOMBOK TIMUR,RSUD PATUH KARYA - 1.02.0.00.0.00.01.0040,01KKWQPVPY95J8BW9XA9XFD2N6,64018643,2026,E-Katalog 6.0,BLUD,MATARAM TECHNOLOGY COMPUTINDO,E-Purchasing,Barang,Belanja Modal Personal Computer,ON PROCESS,65759999,65759999
KAB. LOMBOK TIMUR,PUSKESMAS RARANG (BLUD) - 1.02.0.00.0.00.01.0032,01KJVJ1286226C1TWZPFBCNWR2,64010076,2026,E-Katalog 6.0,BLUD,LUCAS DJAJA,E-Purchasing,Barang,Belanja Barang dan Jasa BLUD,ON PROCESS,177529,177529
KAB. LOMBOK TIMUR,RSUD SELAPARANG - 1.02.0.00.0.00.01.0037,01KS6QCF233AJ7M9J5QDZBHV23,63991941,2026,E-Katalog 6.0,APBD,HEXPHARM JAYA LABORATORIES,E-Purchasing,Barang,Belanja Obat-Obatan-Obat,ON PROCESS,51289548,51289548
KAB. LOMBOK TIMUR,PUSKESMAS RARANG (BLUD) - 1.02.0.00.0.00.01.0032,01KV4TSE3H8AQADRRVX76C4V21,66116819,2026,E-Katalog 6.0,BLUD,ENSEVAL MEDIKA PRIMA,E-Purchasing,Barang,Belanja Barang Pakai Habis,ON PROCESS,4599995,4599995
KAB. LOMBOK TIMUR,DINAS PERTANIAN - 3.27.0.00.0.00.01.0000,10907562000,63751186,2026,Non Tender,APBD,CV. ALAM JAGAT RAYA,Pengadaan Langsung,Pekerjaan Konstruksi,Persediaan untuk Dijual/Diserahkan Kepada Masyarakat (Rehab embung klp tani kenyarum desa pemongkong kec. Jerowaru (Tan 40),SELESAI,145350000,145350000
KAB. LOMBOK TIMUR,DINAS PERTANIAN - 3.27.0.00.0.00.01.0000,10897529000,63751211,2026,Non Tender,APBD,CV. NURIL,Pengadaan Langsung,Pekerjaan Konstruksi,Persediaan untuk Dijual/Diserahkan Kepada Masyarakat (Rehab embung klp tani bareng mele desa pemongkong kec. Jerowaru (Tan 41),SELESAI,145350000,145350000
KAB. LOMBOK TIMUR,DINAS PEKERJAAN UMUM DAN PENATAAN RUANG - 1.03.0.00.0.00.01.0000,10886379000,63764403,2026,Non Tender,APBD,CV. KARYA PUTRA SOPAK,Pengadaan Langsung,Pekerjaan Konstruksi,Sumur bor dusun kuang berora dusun kuang baru,SELESAI,97761000,97761000
KAB. LOMBOK TIMUR,PUSKESMAS BATUYANG (BLUD) - 1.02.0.00.0.00.01.0020,01KQBVVWA5YC7MXWTM0R0JA1QH,66588985,2026,E-Katalog 6.0,APBD,BUMI SARANA MAJU,E-Purchasing,Barang,Pengadaan BMHP Puskesmas Batuyang,ON PROCESS,434138,434138
KAB. LOMBOK TIMUR,DINAS KOMUNIKASI INFORMATIKA DAN PERSANDIAN - 2.16.2.21.2.20.03.0000,01KQRFE2BRGTPCV0DX75FDV4C3,67051935,2026,E-Katalog 6.0,APBD,PERUSAHAAN PERSEROAN (PERSERO) PT. TELEKOMUNIKASI INDONESIA,E-Purchasing,Jasa Lainnya,Belanja Kawat/Faksimili/Internet/TV Berlangganan,ON PROCESS,106560000,106560000
KAB. LOMBOK TIMUR,DINAS PEKERJAAN UMUM DAN PENATAAN RUANG - 1.03.0.00.0.00.01.0000,10881967000,63767748,2026,Non Tender,APBD,CV. WINDI RAYA,Pengadaan Langsung,Pekerjaan Konstruksi,"Penataan Lingkungan Dusun Repok, Desa Masbagik Utara",SELESAI,195535000,195535000
KAB. LOMBOK TIMUR,PUSKESMAS KERONGKONG (BLUD) - 1.02.0.00.0.00.01.0016,01KPMERJ8EBJJQW9NP0S22K4N9,66528326,2026,E-Katalog 6.0,APBD,TRIFA RAYA LABORATORIES,E-Purchasing,Barang,Pengadaan Obat Puskesmas Kerongkong,ON PROCESS,1642800,1642800
KAB. LOMBOK TIMUR,PUSKESMAS RARANG (BLUD) - 1.02.0.00.0.00.01.0032,01KJVJ4P3GMX9SQ845BCX8CSZF,64010076,2026,E-Katalog 6.0,BLUD,IFARS PHARMACEUTICAL LABORATORIES,E-Purchasing,Barang,Belanja Barang dan Jasa BLUD,ON PROCESS,1901652,1901652
KAB. LOMBOK TIMUR,DINAS PERTANIAN - 3.27.0.00.0.00.01.0000,10924688000,64035632,2026,Non Tender,APBD,DOYAN KARYA,Pengadaan Langsung,Pekerjaan Konstruksi,Persediaan untuk Dijual/Diserahkan Kepada Masyarakat (Pembukaan Jalan Usaha Tani Jor sampai Jerowaru Desa Jerowaru Kecamatan Jerowaru (JUT 11),SELESAI,145350000,145350000
KAB. LOMBOK TIMUR,PUSKESMAS SAMBALIA (BLUD) - 1.02.0.00.0.00.01.0022,01KS4SSRNKVNZVH63PSRSHKSH3,66855628,2026,E-Katalog 6.0,APBD,INFION,E-Purchasing,Barang,Pengadaan BMHP Puskesmas Sambelia,ON PROCESS,799200,799200
KAB. LOMBOK TIMUR,PUSKESMAS MASBAGIK BARU (BLUD) - 1.02.0.00.0.00.01.0029,01KPT1S70ZKJWVNSRHZ4VTPBQR,66490114,2026,E-Katalog 6.0,APBD,SAFELOCK MEDICAL,E-Purchasing,Barang,Pengadaan BMHP Pada Puskesmas Masbagik Baru,ON PROCESS,4745084,4745084
KAB. LOMBOK TIMUR,PUSKESMAS DASAN LEKONG (BLUD) - 1.02.0.00.0.00.01.0026,01KRZVJ6AVYYZM7PH761NC03TQ,66639559,2026,E-Katalog 6.0,APBD,INFION,E-Purchasing,Barang,Pengadaan BMHP Puskesmas Dasan Lekong,ON PROCESS,1390055,1390055
KAB. LOMBOK TIMUR,RSUD PATUH KARYA - 1.02.0.00.0.00.01.0040,01KK8A7ZW9SNK7CH2NMWK18P4A,63998403,2026,E-Katalog 6.0,APBD,BERNOFARM,E-Purchasing,Barang,Belanja Obat-Obatan-Obat-Obatan Lainnya,ON PROCESS,25252500,25252500
KAB. LOMBOK TIMUR,DINAS PEKERJAAN UMUM DAN PENATAAN RUANG - 1.03.0.00.0.00.01.0000,10919654000,63767697,2026,Non Tender,APBD,CV. YOESRI PUTRA,Pengadaan Langsung,Pekerjaan Konstruksi,"Yayasan Generasi Anak Negeri Perumahan Griya Pesona Madani, Kelurahan Denggen, Kecmatan Selong",BERLANGSUNG,195504000,195504000
KAB. LOMBOK TIMUR,PUSKESMAS BELANTING (BLUD) - 1.02.0.00.0.00.01.0025,01KPSZSPMMFNEVKAVKGWZC8YY6,66844176,2026,E-Katalog 6.0,APBD,GLOBAL PHARMA INDONESIA,E-Purchasing,Barang,Pengadaan BMHP Pada Puskesmas Belanting,ON PROCESS,1599510,1599510
KAB. LOMBOK TIMUR,PUSKESMAS KOTARAJA (BLUD) - 1.02.0.00.0.00.01.0014,01KPT9EQRWT9AZTZW7B79B46CP,66776558,2026,E-Katalog 6.0,APBD,SAFELOCK MEDICAL,E-Purchasing,Barang,Pengadaan BMHP Puskesmas Kotaraja,ON PROCESS,15880045,15880045
KAB. LOMBOK TIMUR,DINAS PERUMAHAN DAN KAWASAN PERMUKIMAN - 1.04.0.00.0.00.01.0000,10840976000,63997985,2026,Non Tender,APBD,CV. AFKANISA,Pengadaan Langsung,Pekerjaan Konstruksi,Belanja Barang untuk Dijual/Diserahkan kepada Masyarakat Penataan Jalan Lingkungan Desa Seriwe Kecamatan Jerowaru,SELESAI,194897533,194897533
KAB. LOMBOK TIMUR,DINAS PERTANIAN - 3.27.0.00.0.00.01.0000,10930490000,63751213,2026,Non Tender,APBD,CV. KARYA KITA,Pengadaan Langsung,Pekerjaan Konstruksi,Persediaan untuk Dijual/Diserahkan Kepada Masyarakat (Rehabilitasi Embung Rakyat 6 Kecamatan Jerowaru (Tan 6),BERLANGSUNG,145352696,145352696
KAB. LOMBOK TIMUR,PUSKESMAS RARANG (BLUD) - 1.02.0.00.0.00.01.0032,01KT82QF9FVQT613FFAV88EX59,67200010,2026,E-Katalog 6.0,BLUD,LIKUID PHARMALAB INDONESIA,E-Purchasing,Barang,Belanja Modal Peralatan dan Mesin BLUD,ON PROCESS,104791,104791
KAB. LOMBOK TIMUR,DINAS PEKERJAAN UMUM DAN PENATAAN RUANG - 1.03.0.00.0.00.01.0000,10852510000,63767710,2026,Non Tender,APBD,GRAHA BHAKTI KONSTRUKSI,Pengadaan Langsung,Pekerjaan Konstruksi,"Penataan Jalan Lingkungan Dusun Pantik, Desa Embung Raja",SELESAI,146533000,146533000
KAB. LOMBOK TIMUR,PUSKESMAS LENEK (BLUD) - 1.02.0.00.0.00.01.0018,01KPEV61QQSX0GK71ARFV0SMKK,66667126,2026,E-Katalog 6.0,APBD,TRIFA RAYA LABORATORIES,E-Purchasing,Barang,Pengadaan Belanja Obat Pada Puskesmas Lenek,ON PROCESS,821400,821400
KAB. LOMBOK TIMUR,DINAS KESEHATAN - 1.02.0.00.0.00.01.0000,01KNXCQHKEN9YYWPTJ1A0XHR34,63968045,2026,E-Katalog 6.0,APBD,TRIFA RAYA LABORATORIES,E-Purchasing,Barang,Pengadaan Obat (DAU yang Ditentukan Penggunaannya Bidang Kesehatan),ON PROCESS,285226266,285226266
KAB. LOMBOK TIMUR,DINAS TENAGA KERJA DAN TRANSMIGRASI - 2.07.3.32.0.00.01.0000,01KK0TMG4YCAEDRBSD3YVD88DA,66232164,2026,E-Katalog 6.0,APBD,SINAR TIMUR PERKASA,E-Purchasing,Barang,Belanja Modal Peralatan Personal Computer,ON PROCESS,210511500,210511500
KAB. LOMBOK TIMUR,PUSKESMAS RARANG (BLUD) - 1.02.0.00.0.00.01.0032,01KQ17VB089GG92W20XRYCM92K,66116819,2026,E-Katalog 6.0,BLUD,HEXPHARM JAYA LABORATORIES,E-Purchasing,Barang,Belanja Barang Pakai Habis,ON PROCESS,13434552,13434552
KAB. LOMBOK TIMUR,DINAS PEKERJAAN UMUM DAN PENATAAN RUANG - 1.03.0.00.0.00.01.0000,10932143000,63767996,2026,Non Tender,APBD,CV. DUA RADEN,Pengadaan Langsung,Pekerjaan Konstruksi,Penimbunan jalan desa anggaraksa,BERLANGSUNG,171065000,171065000
KAB. LOMBOK TIMUR,DINAS PEKERJAAN UMUM DAN PENATAAN RUANG - 1.03.0.00.0.00.01.0000,10881956000,63767685,2026,Non Tender,APBD,CV. WIVARA,Pengadaan Langsung,Pekerjaan Konstruksi,"Penataan Lingkungan Dusun Bilasundung, Desa Paok Motong, Kec. Masbagik",SELESAI,185699000,185699000
KAB. LOMBOK TIMUR,DINAS PERUMAHAN DAN KAWASAN PERMUKIMAN - 1.04.0.00.0.00.01.0000,01KS1TKDS5J9F3P0X065P8BNMN,66903258,2026,E-Katalog 6.0,APBD,LESTARI KARYA,E-Purchasing,Barang,Belanja Barang untuk Dijual/Diserahkan kepada Masyarakat Kecamatan Selong,ON PROCESS,172196853,172196853
KAB. LOMBOK TIMUR,PUSKESMAS KERUAK (BLUD) - 1.02.0.00.0.00.01.0011,01KP5NJZAK0RR9VYB8D1S59954,66666827,2026,E-Katalog 6.0,APBD,SOLAS LANGGENG SEJAHTERA,E-Purchasing,Barang,Pengadaan Obat Pada Puskesmas Keruak,ON PROCESS,8907750,8907750
KAB. LOMBOK TIMUR,PUSKESMAS RARANG (BLUD) - 1.02.0.00.0.00.01.0032,01KQ18WNZ49FRC2SBF9ZWNEQT6,66116819,2026,E-Katalog 6.0,BLUD,MEPROFARM,E-Purchasing,Barang,Belanja Barang Pakai Habis,ON PROCESS,388500,388500
KAB. LOMBOK TIMUR,SEKRETARIAT DAERAH - 4.01.0.00.0.00.01.0000,01KT8B0GT0T8Z60PSBZ9CY286W,67245297,2026,E-Katalog 6.0,APBD,SUKSES ENERGI BERKAH,E-Purchasing,Barang,Persediaan untuk Dijual/Diserahkan Kepada Masyarakat - Pengadaan Wireless Kelompok Banjar Lekong Gunung Desa Lendang Belo Kecamatan Montong Gading,ON PROCESS,49150800,49150800
KAB. LOMBOK TIMUR,DINAS KOMUNIKASI INFORMATIKA DAN PERSANDIAN - 2.16.2.21.2.20.03.0000,01KSHJHBPDXX46WR5MQZ261ZC3,67009299,2026,E-Katalog 6.0,APBD,BINTANG SVARA DEWATA,E-Purchasing,Barang,Belanja Modal Alat Studio Lainnya,ON PROCESS,995670000,995670000
KAB. LOMBOK TIMUR,DINAS PERTANIAN - 3.27.0.00.0.00.01.0000,10920988000,63751240,2026,Non Tender,APBD,SINAR LOMBOK KARYA,Pengadaan Langsung,Pekerjaan Konstruksi,Persediaan untuk Dijual/Diserahkan Kepada Masyarakat (Rehab embung 7 jerowaru (Tan 51),SELESAI,145350000,145350000
KAB. LOMBOK TIMUR,PUSKESMAS PRINGGASELA UTAMA (BLUD) - 1.02.0.00.0.00.01.0036,01KQC2HDJ2RBQ18KMPXDM4BFB6,66748490,2026,E-Katalog 6.0,APBD,RIDHO ILAHI FARMA,E-Purchasing,Barang,Pengadaan BMHP Puskesmas Pringgasela Utama,ON PROCESS,1954943,1954943
KAB. LOMBOK TIMUR,RSUD PATUH KARYA - 1.02.0.00.0.00.01.0040,01KKDF67DR8HNV3VMRQXF7DZHN,63998403,2026,E-Katalog 6.0,APBD,JAYAMAS MEDICA INDUSTRI,E-Purchasing,Barang,Belanja Obat-Obatan-Obat-Obatan Lainnya,ON PROCESS,32409565,32409565
KAB. LOMBOK TIMUR,PUSKESMAS SELONG (BLUD) - 1.02.0.00.0.00.01.0002,01KQ9FKRFQ06069XV259EXFN09,66490106,2026,E-Katalog 6.0,APBD,SAFELOCK MEDICAL,E-Purchasing,Barang,Pengadaan BMHP Pada Puskesmas Selong,ON PROCESS,10191679,10191679
KAB. LOMBOK TIMUR,DINAS SOSIAL - 1.06.0.00.0.00.01.0000,01KJ9YKQSFQ0RFBTTP095QEZ9C,63747631,2026,E-Katalog 6.0,APBD,TATAR SEPANG ALAM LESTARI,E-Purchasing,Barang,Belanja Barang untuk Dijual/Diserahkan kepada Masyarakat,ON PROCESS,29931409806,29931409806
KAB. LOMBOK TIMUR,DINAS PEKERJAAN UMUM DAN PENATAAN RUANG - 1.03.0.00.0.00.01.0000,10929108000,63767876,2026,Non Tender,APBD,CV. RENGGANIS,Pengadaan Langsung,Pekerjaan Konstruksi,Drainase jalan lingkungan desa sambelia kecamatan sambelia,SELESAI,97854000,97854000
KAB. LOMBOK TIMUR,PUSKESMAS RARANG (BLUD) - 1.02.0.00.0.00.01.0032,01KK3BJ2953R8RBWHFQ3BMBF8F,66116819,2026,E-Katalog 6.0,BLUD,HEXPHARM JAYA LABORATORIES,E-Purchasing,Barang,Belanja Barang Pakai Habis,ON PROCESS,8297250,8297250
KAB. LOMBOK TIMUR,PUSKESMAS KERONGKONG (BLUD) - 1.02.0.00.0.00.01.0016,01KQC72ZRRNXABN2XNM0KSS6SK,66528385,2026,E-Katalog 6.0,APBD,JAYAMAS MEDICA INDUSTRI,E-Purchasing,Barang,Pengadaan BMHP Puskesmas Kerongkong,ON PROCESS,7819296,7819296
KAB. LOMBOK TIMUR,PUSKESMAS RARANG (BLUD) - 1.02.0.00.0.00.01.0032,01KMYT30883AAB1QF8H4G3G452,64010076,2026,E-Katalog 6.0,BLUD,SAPTA SARI TAMA,E-Purchasing,Barang,Belanja Barang dan Jasa BLUD,ON PROCESS,1476300,0
KAB. LOMBOK TIMUR,PUSKESMAS LENEK (BLUD) - 1.02.0.00.0.00.01.0018,01KPESS8KWQSNAYM13DCVNAMWE,66667172,2026,E-Katalog 6.0,APBD,MULAWARMAN KESADA MEDICALINDO,E-Purchasing,Barang,Pengadaan Belanja BMHP Pada Puskesmas Lenek,ON PROCESS,8058600,8058600
KAB. LOMBOK TIMUR,DINAS PEKERJAAN UMUM DAN PENATAAN RUANG - 1.03.0.00.0.00.01.0000,01KVSWBJ8PRA4JF6SV9P1GYPAB,67353424,2026,E-Katalog 6.0,APBD,CAHAYA AL FATH,E-Purchasing,Barang,"Pengadaan granit masjid masjid nurul islam lingkok telu jalan jur lingkok telu-karang baru,desa jenggik utara,kec.montong gading,lombok timur",ON PROCESS,97524600,97524600
KAB. LOMBOK TIMUR,PUSKESMAS DENGGEN (BLUD) - 1.02.0.00.0.00.01.0027,01KPFGMAG053YBGNQ6EAV8EK3F,66764909,2026,E-Katalog 6.0,APBD,GLOBAL PHARMA INDONESIA,E-Purchasing,Barang,Pengadaan BMHP Puskesmas Denggen,ON PROCESS,6227100,6227100
KAB. LOMBOK TIMUR,RSUD PATUH KARYA - 1.02.0.00.0.00.01.0040,01KPCG0FDN85B2JHM4CEQX9SNZ,63998403,2026,E-Katalog 6.0,APBD,DWIASRI GRAHA,E-Purchasing,Barang,Belanja Obat-Obatan-Obat-Obatan Lainnya,ON PROCESS,30139897,30139897
KAB. LOMBOK TIMUR,DINAS KESEHATAN - 1.02.0.00.0.00.01.0000,01KMYWGB89D9HSKBZZNHNMX1XZ,63968045,2026,E-Katalog 6.0,APBD,SATORIA ANEKA INDUSTRI,E-Purchasing,Barang,Pengadaan Obat (DAU yang Ditentukan Penggunaannya Bidang Kesehatan),ON PROCESS,17728920,17728920
KAB. LOMBOK TIMUR,DINAS PEKERJAAN UMUM DAN PENATAAN RUANG - 1.03.0.00.0.00.01.0000,10815061000,66318335,2026,Non Tender,APBD,PESONA RIA,Pengadaan Langsung,Pengadaan Barang,Belanja Suku Cadang-Suku Cadang Alat Besar,SELESAI,99827850,0
KAB. LOMBOK TIMUR,DINAS PEKERJAAN UMUM DAN PENATAAN RUANG - 1.03.0.00.0.00.01.0000,10928911000,63764401,2026,Non Tender,APBD,CV KELUARGA AMANAH,Pengadaan Langsung,Pekerjaan Konstruksi,Pengadaan Sumur Bor Tirta Beda Dusun Beak Daya Desa Wanasaba Kec Wanasaba,SELESAI,97761000,97761000
KAB. LOMBOK TIMUR,PUSKESMAS SURALAGA (BLUD) - 1.02.0.00.0.00.01.0034,01KQBXCV819JZ43PCES365SN86,66762207,2026,E-Katalog 6.0,APBD,BUMI SARANA MAJU,E-Purchasing,Barang,Pengadaan BMHP Puskesmas Suralaga,ON PROCESS,173655,173655
KAB. LOMBOK TIMUR,DINAS PERTANIAN - 3.27.0.00.0.00.01.0000,10930726000,63751931,2026,Non Tender,APBD,CV. MECCA SEJAHTERA,Pengadaan Langsung,Pekerjaan Konstruksi,Persediaan untuk Dijual/Diserahkan Kepada Masyarakat (Peningkatan/Rehabilitasi Jaringan Irigasi Tersier Pesanggrahan Kecamatan Montong Gading (Irigasi 6),BERLANGSUNG,193853150,193853150
KAB. LOMBOK TIMUR,PUSKESMAS LABUHAN HAJI (BLUD) - 1.02.0.00.0.00.01.0003,01KQ972BA353YBPJ0RHC35F0MK,66858991,2026,E-Katalog 6.0,APBD,SOLAS LANGGENG SEJAHTERA,E-Purchasing,Barang,Pengadaan Obat Puskesmas Labuhan Haji,ON PROCESS,5938500,5938500
KAB. LOMBOK TIMUR,RSUD PATUH KARYA - 1.02.0.00.0.00.01.0040,01KKFWQY9GQ0CM6E851FCSSF9P,63998403,2026,E-Katalog 6.0,APBD,MAHAKAM BETA FARMA,E-Purchasing,Barang,Belanja Obat-Obatan-Obat-Obatan Lainnya,ON PROCESS,18831150,18831150
KAB. LOMBOK TIMUR,DINAS PEKERJAAN UMUM DAN PENATAAN RUANG - 1.03.0.00.0.00.01.0000,10912974000,63767842,2026,Non Tender,APBD,CV. RAHMAT KARYA,Pengadaan Langsung,Pekerjaan Konstruksi,Penataan jalan lingkungan desa sakra selatan,SELESAI,97669000,97669000
KAB. LOMBOK TIMUR,PUSKESMAS RARANG (BLUD) - 1.02.0.00.0.00.01.0032,01KT81R52V621P9J65XRM0GXEZ,67200010,2026,E-Katalog 6.0,BLUD,RIDHO ILAHI FARMA,E-Purchasing,Barang,Belanja Modal Peralatan dan Mesin BLUD,ON PROCESS,970140,970140
KAB. LOMBOK TIMUR,PUSKESMAS BATUYANG (BLUD) - 1.02.0.00.0.00.01.0020,01KPFGA64HGTHHV8T6K8S86870,66588985,2026,E-Katalog 6.0,APBD,MULAWARMAN KESADA MEDICALINDO,E-Purchasing,Barang,Pengadaan BMHP Puskesmas Batuyang,ON PROCESS,9377280,9377280
KAB. LOMBOK TIMUR,RSUD LOMBOK TIMUR - 1.02.0.00.0.00.01.0039,01KRXM5NKW87ZEPS45GRXBK7KD,64855001,2026,E-Katalog 6.0,BLUD,NOVELL PHARMACEUTICAL LABORATORIES,E-Purchasing,Barang,Belanja Obat-Obatan-Obat,ON PROCESS,3463200,3463200
KAB. LOMBOK TIMUR,DINAS PERUMAHAN DAN KAWASAN PERMUKIMAN - 1.04.0.00.0.00.01.0000,01KTJSDNHBQ02TB62X66E22095,66891792,2026,E-Katalog 6.0,APBD,KURNIAWAN HARIADI,E-Purchasing,Barang,Belanja Barang untuk Dijual/Diserahkan kepada Masyarakat Kecamatan Terara,ON PROCESS,174032127,174032127
KAB. LOMBOK TIMUR,DINAS PEKERJAAN UMUM DAN PENATAAN RUANG - 1.03.0.00.0.00.01.0000,10843743000,63767677,2026,Non Tender,APBD,CHIEKO KARYA,Pengadaan Langsung,Pekerjaan Konstruksi,Penataan Lingkungan Desa Otak Rarangan Kec. Wanasaba,SELESAI,97794000,97794000
KAB. LOMBOK TIMUR,DINAS PEKERJAAN UMUM DAN PENATAAN RUANG - 1.03.0.00.0.00.01.0000,10852246000,63767965,2026,Non Tender,APBD,CV. PURI UTAMA,Pengadaan Langsung,Pekerjaan Konstruksi,Penataan Lingkungan Desa Sukadana Kecamatan Sukadana,SELESAI,48887000,48887000
KAB. LOMBOK TIMUR,PUSKESMAS KOTARAJA (BLUD) - 1.02.0.00.0.00.01.0014,01KQE7WST4EKR759F4XA2F7PG8,66776558,2026,E-Katalog 6.0,APBD,RIDHO ILAHI FARMA,E-Purchasing,Barang,Pengadaan BMHP Puskesmas Kotaraja,ON PROCESS,1750983,1750983
KAB. LOMBOK TIMUR,RSUD LOMBOK TIMUR - 1.02.0.00.0.00.01.0039,01KPMPETFP7FTZMAZ7F93BTZEP,64855001,2026,E-Katalog 6.0,BLUD,LOMBOK PRINT,E-Purchasing,Barang,Belanja Obat-Obatan-Obat,ON PROCESS,7000000,7000000
KAB. LOMBOK TIMUR,RSUD LOMBOK TIMUR - 1.02.0.00.0.00.01.0039,01KMMEYSGDFTK1NNN3FH2Y25KP,66458369,2026,E-Katalog 6.0,BLUD,AYOOKLIK AIRMAS INTERNUSA,E-Purchasing,Barang,Belanja Modal Personal Computer,ON PROCESS,74749997,74749997
KAB. LOMBOK TIMUR,DINAS PEKERJAAN UMUM DAN PENATAAN RUANG - 1.03.0.00.0.00.01.0000,10860774000,63767670,2026,Non Tender,APBD,CV. DUTA MENTAGI,Pengadaan Langsung,Pekerjaan Konstruksi,Lapen Dusun Ma'la Desa Sukarema Kecamatan Lenek,SELESAI,195537000,195537000
KAB. LOMBOK TIMUR,DINAS PERTANIAN - 3.27.0.00.0.00.01.0000,10930925000,63751932,2026,Non Tender,APBD,CV. MECCA SEJAHTERA,Pengadaan Langsung,Pekerjaan Konstruksi,Persediaan untuk Dijual/Diserahkan Kepada Masyarakat (Peningkatan/Rehabilitasi Jaringan Irigasi Tersier Montong Baan Kecamatan Sikur (Irigasi 7),BERLANGSUNG,193858167,193858167
KAB. LOMBOK TIMUR,PUSKESMAS RARANG (BLUD) - 1.02.0.00.0.00.01.0032,01KK2YHKCMVTY3E7HQKDD33K5D,66116819,2026,E-Katalog 6.0,BLUD,NOVAPHARIN,E-Purchasing,Barang,Belanja Barang Pakai Habis,ON PROCESS,2500275,2500275
KAB. LOMBOK TIMUR,PUSKESMAS SUKARAJA (BLUD) - 1.02.0.00.0.00.01.0031,01KPEWVC6HV5RSZAAH531BS452,66770182,2026,E-Katalog 6.0,APBD,TRIFA RAYA LABORATORIES,E-Purchasing,Barang,Pengadaan Obat Puskesmas Sukaraja,ON PROCESS,516150,516150
KAB. LOMBOK TIMUR,PUSKESMAS KERONGKONG (BLUD) - 1.02.0.00.0.00.01.0016,01KPSNY072S903HGEZ4539557Z,66528385,2026,E-Katalog 6.0,APBD,SAFELOCK MEDICAL,E-Purchasing,Barang,Pengadaan BMHP Puskesmas Kerongkong,ON PROCESS,774209,774209
KAB. LOMBOK TIMUR,PUSKESMAS LABUHAN LOMBOK (BLUD) - 1.02.0.00.0.00.01.0021,01KPTCC9QC5RW2NDXJXEWDMKVQ,66855941,2026,E-Katalog 6.0,APBD,EFADA MEDICAL INDUSTRIES INDONESIA,E-Purchasing,Barang,Pengadaan BMHP Puskesmas Labuhan Lombok,ON PROCESS,818403,818403
KAB. LOMBOK TIMUR,DINAS KESEHATAN - 1.02.0.00.0.00.01.0000,01KKWYJ7JT0RBVCZ9R207ASFV5,63968036,2026,E-Katalog 6.0,APBD,TRIFA RAYA LABORATORIES,E-Purchasing,Barang,Pengadaan Obat PKD (DAK Non Fisik-Dana BOK-BOK Dinas-BOK Kabupaten/Kota),ON PROCESS,494505000,494505000
KAB. LOMBOK TIMUR,PUSKESMAS SAKRA (BLUD) - 1.02.0.00.0.00.01.0010,01KPM9A7PDRY8Q517RB3PCRD72,66442620,2026,E-Katalog 6.0,APBD,SERENITY INDONESIA,E-Purchasing,Barang,Pengadaan BMHP Puskesmas Sakra,ON PROCESS,1638493,1638493
KAB. LOMBOK TIMUR,RSUD SELAPARANG - 1.02.0.00.0.00.01.0037,10849208000,63990741,2026,Pencatatan,APBD,UD. ALMIRA,Pengadaan Langsung,Pengadaan Barang,Belanja Makanan dan Minuman Rapat,PAKET SEDANG BERJALAN,3480000,0
KAB. LOMBOK TIMUR,PUSKESMAS KOTARAJA (BLUD) - 1.02.0.00.0.00.01.0014,01KTRBAQN2JHW88561REE4G93B,66776558,2026,E-Katalog 6.0,APBD,SAFELOCK MEDICAL,E-Purchasing,Barang,Pengadaan BMHP Puskesmas Kotaraja,ON PROCESS,2313502,2313502
KAB. LOMBOK TIMUR,DINAS PEKERJAAN UMUM DAN PENATAAN RUANG - 1.03.0.00.0.00.01.0000,10893191000,63767796,2026,Non Tender,APBD,CV. BINTANG DAERAH,Pengadaan Langsung,Pekerjaan Konstruksi,Penataan lingkungan dan pemukiman di kelurahan majidi,SELESAI,195545000,195545000
KAB. LOMBOK TIMUR,DINAS PEKERJAAN UMUM DAN PENATAAN RUANG - 1.03.0.00.0.00.01.0000,10829549000,63767990,2026,Non Tender,APBD,CV MERENDA SEJAHTERA,Pengadaan Langsung,Pekerjaan Konstruksi,Penataan lingkungan jalan usaha tani kec. Aikmel,SELESAI,185863950,185863950
KAB. LOMBOK TIMUR,PUSKESMAS RARANG (BLUD) - 1.02.0.00.0.00.01.0032,01KQ1CQC921637SZNJPPGHKA2F,66116819,2026,E-Katalog 6.0,BLUD,NOVAPHARIN,E-Purchasing,Barang,Belanja Barang Pakai Habis,ON PROCESS,999000,999000
KAB. LOMBOK TIMUR,PUSKESMAS AIKMEL UTARA (BLUD) - 1.02.0.00.0.00.01.0035,01KR08RG35T3AFZVPK4MQMMNCS,66440606,2026,E-Katalog 6.0,BLUD,JAYAMAS MEDICA INDUSTRI,E-Purchasing,Barang,Belanja Barang dan Jasa BLUD,ON PROCESS,681318,681318
KAB. LOMBOK TIMUR,DINAS PEKERJAAN UMUM DAN PENATAAN RUANG - 1.03.0.00.0.00.01.0000,10908020000,63767649,2026,Non Tender,APBD,CV. SULTAN ASROFI,Pengadaan Langsung,Pekerjaan Konstruksi,Penataan Musholla Banok Desa Jurit Baru Kecamatan Pringgasela,SELESAI,97855000,97855000
KAB. LOMBOK TIMUR,PUSKESMAS KOTARAJA (BLUD) - 1.02.0.00.0.00.01.0014,01KPZ4754E9KTAKHBFKWDKP67V,66776495,2026,E-Katalog 6.0,APBD,SATORIA ANEKA INDUSTRI,E-Purchasing,Barang,Pengadaan Obat Puskesmas Kotaraja,ON PROCESS,6073920,6073920
KAB. LOMBOK TIMUR,DINAS PEKERJAAN UMUM DAN PENATAAN RUANG - 1.03.0.00.0.00.01.0000,10913741000,63767643,2026,Non Tender,APBD,CV CAHAYA AL FATH,Pengadaan Langsung,Pekerjaan Konstruksi,Pembangunan wc dan tempat wuduk montong tebolak desa rensing,SELESAI,97754000,97754000
KAB. LOMBOK TIMUR,DINAS PERTANIAN - 3.27.0.00.0.00.01.0000,10907611000,63751215,2026,Non Tender,APBD,CV. ALAM JAGAT RAYA,Pengadaan Langsung,Pekerjaan Konstruksi,Persediaan untuk Dijual/Diserahkan Kepada Masyarakat (Rehab embung klp tani jati mas desa pemongkong kec. Jerowaru (Tan 37),SELESAI,145350000,145350000
KAB. LOMBOK TIMUR,DINAS PEKERJAAN UMUM DAN PENATAAN RUANG - 1.03.0.00.0.00.01.0000,10836078000,63767912,2026,Non Tender,APBD,CV. SUMBER REZEKI,Pengadaan Langsung,Pekerjaan Konstruksi,Penataan Lingkungan Pelambik Desa Jerowaru Kec. Jerowaru,SELESAI,146650000,146650000
KAB. LOMBOK TIMUR,DINAS PEKERJAAN UMUM DAN PENATAAN RUANG - 1.03.0.00.0.00.01.0000,10924414000,63767735,2026,Non Tender,APBD,CV. ALAM JAGAT RAYA,Pengadaan Langsung,Pekerjaan Konstruksi,"Penataan Jalan Dusun Tibu Pace, Desa Montong Baan Selatan",BERLANGSUNG,195546000,195546000
KAB. LOMBOK TIMUR,DINAS PEKERJAAN UMUM DAN PENATAAN RUANG - 1.03.0.00.0.00.01.0000,10892929000,63767989,2026,Non Tender,APBD,KALANDRA UTAMA,Pengadaan Langsung,Pekerjaan Konstruksi,Penataan kuburan kelayu,SELESAI,195472000,195472000
KAB. LOMBOK TIMUR,PUSKESMAS PRINGGASELA UTAMA (BLUD) - 1.02.0.00.0.00.01.0036,01KPN3DE0A96VW1Z6AJF56WHVG,66748490,2026,E-Katalog 6.0,APBD,SAFELOCK MEDICAL,E-Purchasing,Barang,Pengadaan BMHP Puskesmas Pringgasela Utama,ON PROCESS,10427469,10427469
KAB. LOMBOK TIMUR,RSUD PATUH KARYA - 1.02.0.00.0.00.01.0040,01KNNGJY10HKY647FH77ADSJG5,63998403,2026,E-Katalog 6.0,APBD,HEXPHARM JAYA LABORATORIES,E-Purchasing,Barang,Belanja Obat-Obatan-Obat-Obatan Lainnya,ON PROCESS,15859525,15859525
KAB. LOMBOK TIMUR,PUSKESMAS PENGADANGAN (BLUD) - 1.02.0.00.0.00.01.0004,01KPQ0JPCYVCC5EMTB3MS3SP71,66819299,2026,E-Katalog 6.0,APBD,EFADA MEDICAL INDUSTRIES INDONESIA,E-Purchasing,Barang,Pengadaan BMHP Puskesmas Pengadangan,ON PROCESS,862803,862803
KAB. LOMBOK TIMUR,DINAS PEKERJAAN UMUM DAN PENATAAN RUANG - 1.03.0.00.0.00.01.0000,10902243000,63764406,2026,Non Tender,APBD,CV. Gigih Jaya Drilling,Pengadaan Langsung,Pekerjaan Konstruksi,Sumur bor dames jamar jengkang,SELESAI,146641000,146641000
KAB. LOMBOK TIMUR,RSUD LOMBOK TIMUR - 1.02.0.00.0.00.01.0039,01KTQ9KWAJCRV64RFGP91PQBHV,64855001,2026,E-Katalog 6.0,BLUD,SATORIA ANEKA INDUSTRI,E-Purchasing,Barang,Belanja Obat-Obatan-Obat,ON PROCESS,56410200,56410200
KAB. LOMBOK TIMUR,DINAS PEKERJAAN UMUM DAN PENATAAN RUANG - 1.03.0.00.0.00.01.0000,10935844000,63767945,2026,Non Tender,APBD,CV. MEGA SAMALAS,Pengadaan Langsung,Pekerjaan Konstruksi,Penataan lingkungan musholla jamiatul muslimin panggongan desa gunung rajak,BERLANGSUNG,127050000,127050000
KAB. LOMBOK TIMUR,PUSKESMAS RARANG (BLUD) - 1.02.0.00.0.00.01.0032,01KVA1V76C1BJRAXQ3E8S47ZDR,64010076,2026,E-Katalog 6.0,BLUD,SATORIA ANEKA INDUSTRI,E-Purchasing,Barang,Belanja Barang dan Jasa BLUD,ON PROCESS,590964,590964
KAB. LOMBOK TIMUR,PUSKESMAS RARANG (BLUD) - 1.02.0.00.0.00.01.0032,01KQ1BQB37DG4M33E856H3HKTR,66116819,2026,E-Katalog 6.0,BLUD,ERLANGGA EDI LABORATORIES,E-Purchasing,Barang,Belanja Barang Pakai Habis,ON PROCESS,1025640,1025640
KAB. LOMBOK TIMUR,DINAS PEKERJAAN UMUM DAN PENATAAN RUANG - 1.03.0.00.0.00.01.0000,10868663000,63767829,2026,Non Tender,APBD,CV. KARYA KITA,Pengadaan Langsung,Pekerjaan Konstruksi,Penataan Infrastruktur Sarana dan Prasarana umum Kelurahan Geres (Pembulatan Talud Irigasi/Sanitasi),SELESAI,97789000,97789000
KAB. LOMBOK TIMUR,RSUD LOMBOK TIMUR - 1.02.0.00.0.00.01.0039,01KS6MWXJ7ZJY154PGDEEMMXVX,64855001,2026,E-Katalog 6.0,BLUD,BUMI SARANA MAJU,E-Purchasing,Barang,Belanja Obat-Obatan-Obat,ON PROCESS,67528599,67528599
KAB. LOMBOK TIMUR,DINAS PEKERJAAN UMUM DAN PENATAAN RUANG - 1.03.0.00.0.00.01.0000,10861523000,63767708,2026,Non Tender,APBD,CV. MARSHA UTAMA,Pengadaan Langsung,Pekerjaan Konstruksi,"Penataan Lingkungan Dusun Montong Borok, Desa Sikur Barat, Kecamatan Sikur",SELESAI,195617000,195617000
KAB. LOMBOK TIMUR,PUSKESMAS RARANG (BLUD) - 1.02.0.00.0.00.01.0032,01KM56F8V8NPJ4S6YX2F2EHTXN,66240726,2026,E-Katalog 6.0,BLUD,JAYAMAS MEDICA INDUSTRI,E-Purchasing,Barang,Belanja Barang Pakai Habis,ON PROCESS,13140976,13140976
KAB. LOMBOK TIMUR,PUSKESMAS KARANG BARU (BLUD) - 1.02.0.00.0.00.01.0024,01KSEZ7PX41A880VK5VFCPC4SJ,66819325,2026,E-Katalog 6.0,APBD,GLOBAL PHARMA INDONESIA,E-Purchasing,Barang,Pengadaan BMHP Puskesmas Karang Baru,ON PROCESS,219780,219780
KAB. LOMBOK TIMUR,PUSKESMAS KOTARAJA (BLUD) - 1.02.0.00.0.00.01.0014,01KQE81YR23DCMES3BXCNVQZCS,66776558,2026,E-Katalog 6.0,APBD,JAYAMAS MEDICA INDUSTRI,E-Purchasing,Barang,Pengadaan BMHP Puskesmas Kotaraja,ON PROCESS,2775333,2775333
KAB. LOMBOK TIMUR,PUSKESMAS PENGADANGAN (BLUD) - 1.02.0.00.0.00.01.0004,01KPMZ3G537KSY3PVZPWAJ7XJ9,66819295,2026,E-Katalog 6.0,APBD,TRIFA RAYA LABORATORIES,E-Purchasing,Barang,Pengadaan Obat Puskesmas Pengadangan,ON PROCESS,1337550,1337550
KAB. LOMBOK TIMUR,DINAS PEKERJAAN UMUM DAN PENATAAN RUANG - 1.03.0.00.0.00.01.0000,10840242000,63767753,2026,Non Tender,APBD,PESONA RIA,Pengadaan Langsung,Pekerjaan Konstruksi,Renovasi rumah ibadah (mushalla) desa bagik papan,SELESAI,48867000,48867000
KAB. LOMBOK TIMUR,DINAS PEKERJAAN UMUM DAN PENATAAN RUANG - 1.03.0.00.0.00.01.0000,10832112000,63767725,2026,Non Tender,APBD,CV.SATU NUSA,Pengadaan Langsung,Pekerjaan Konstruksi,Lapen Jalan kecamatan sambelia,SELESAI,195497000,195497000
KAB. LOMBOK TIMUR,PUSKESMAS SUKARAJA (BLUD) - 1.02.0.00.0.00.01.0031,01KQBYE3PBRZC6PG1F7A6QD4CE,66770692,2026,E-Katalog 6.0,APBD,JAYAMAS MEDICA INDUSTRI,E-Purchasing,Barang,Pengadaan BMHP Puskesmas Sukaraja,ON PROCESS,423444,423444
KAB. LOMBOK TIMUR,PUSKESMAS RARANG (BLUD) - 1.02.0.00.0.00.01.0032,01KRQRX1V3W8DXWPAA4NTZX66B,64980446,2026,E-Katalog 6.0,APBD,MITRA BAHAGIA UTAMA,E-Purchasing,Barang,Belanja Modal Peralatan dan Mesin BLUD,COMPLETED,7500000,7500000
KAB. LOMBOK TIMUR,DINAS PERTANIAN - 3.27.0.00.0.00.01.0000,10846176000,63751921,2026,Non Tender,APBD,CV. RIA KARYA,Pengadaan Langsung,Pekerjaan Konstruksi,Persediaan untuk Dijual/Diserahkan Kepada Masyarakat (Penataan Irigasi Desa Tetebatu Kec. Sikur),SELESAI,179300000,179300000
KAB. LOMBOK TIMUR,PUSKESMAS KERUAK (BLUD) - 1.02.0.00.0.00.01.0011,01KQM13WCNMW0K4J1BHHEEGZMH,66666856,2026,E-Katalog 6.0,APBD,RIDHO ILAHI FARMA,E-Purchasing,Barang,Pengadaan BMHP Pada Puskesmas Keruak,ON PROCESS,2470083,2470083
KAB. LOMBOK TIMUR,DINAS PEKERJAAN UMUM DAN PENATAAN RUANG - 1.03.0.00.0.00.01.0000,10840230000,63767849,2026,Non Tender,APBD,CV. SANDY PRADANA,Pengadaan Langsung,Pekerjaan Konstruksi,Penataan Jalan Desa Bandok Kec. Wanasaba,SELESAI,195714000,195714000
KAB. LOMBOK TIMUR,PUSKESMAS AIKMEL (BLUD) - 1.02.0.00.0.00.01.0005,01KQM421CV4RR70WQ6VGYRZCEQ,66490101,2026,E-Katalog 6.0,APBD,MULAWARMAN KESADA MEDICALINDO,E-Purchasing,Barang,Pengadaan BMHP Pada Puskesmas Aikmel,ON PROCESS,5677650,5677650
KAB. LOMBOK TIMUR,DINAS PERTANIAN - 3.27.0.00.0.00.01.0000,10940020000,63751172,2026,Non Tender,APBD,CV. ALAM JAGAT RAYA,Pengadaan Langsung,Pekerjaan Konstruksi,Persediaan untuk Dijual/Diserahkan Kepada Masyarakat (Rehabilitasi Embung Desa Pemongkong Kecamatan Jerowaru (Tan 55),BERLANGSUNG,116253700,116253700
KAB. LOMBOK TIMUR,DINAS PERTANIAN - 3.27.0.00.0.00.01.0000,10898290000,63751169,2026,Non Tender,APBD,Cv grisbung jaya,Pengadaan Langsung,Pekerjaan Konstruksi,Persediaan untuk Dijual/Diserahkan Kepada Masyarakat (Pembangunan/Rehab Embung Desa Pemongkong 3 (Tan 67),BERLANGSUNG,193854415,193854415
KAB. LOMBOK TIMUR,PUSKESMAS SURALAGA (BLUD) - 1.02.0.00.0.00.01.0034,01KQ93DSFYZ7QEYTAY65R458SV,66762207,2026,E-Katalog 6.0,APBD,MULAWARMAN KESADA MEDICALINDO,E-Purchasing,Barang,Pengadaan BMHP Puskesmas Suralaga,ON PROCESS,1904760,1904760
KAB. LOMBOK TIMUR,DINAS PEKERJAAN UMUM DAN PENATAAN RUANG - 1.03.0.00.0.00.01.0000,10131474000,65995309,2026,Tender,APBD,CV. KARYA PUTRA SOPAK,Tender,Pekerjaan Konstruksi,Pembangunan Sumur Bor di Kecamatan Masbagik,SELESAI,532568585,532568585
KAB. LOMBOK TIMUR,PUSKESMAS MASBAGIK BARU (BLUD) - 1.02.0.00.0.00.01.0029,01KP2X24ZXDB37TDDFHJEQMHV8,66490116,2026,E-Katalog 6.0,APBD,BERNOFARM,E-Purchasing,Barang,Pengadaan Obat Pada Puskesmas Masbagik Baru,ON PROCESS,6636424,6636424
KAB. LOMBOK TIMUR,DINAS PERTANIAN - 3.27.0.00.0.00.01.0000,10924446000,64035622,2026,Non Tender,APBD,DOYAN KARYA,Pengadaan Langsung,Pekerjaan Konstruksi,Persediaan untuk Dijual/Diserahkan Kepada Masyarakat (Pembukaan Jalan Usaha Tani Montong Belai Timuk Desa Montong Belai sampai Dsn Telage Bagek Desa ketapang Raya Kecamatan keruak (JUT 8),SELESAI,145350000,145350000
KAB. LOMBOK TIMUR,DINAS PERDAGANGAN - 3.30.0.00.0.00.01.0000,01KJEN27AC7GWWGG4VTQDMFC6R,65424819,2026,E-Katalog 6.0,APBD,TUNJUNG BIRU,E-Purchasing,Barang,Pengadaan Beras,ON PROCESS,2548436500,2548436500
KAB. LOMBOK TIMUR,DINAS PEKERJAAN UMUM DAN PENATAAN RUANG - 1.03.0.00.0.00.01.0000,10892494000,63768000,2026,Non Tender,APBD,CV. KARYA ALAM NUSA,Pengadaan Langsung,Pekerjaan Konstruksi,Penataan Lingkungan Badui Jor Desa Jerowaru Kec. Jerowaru,SELESAI,146692000,146692000
KAB. LOMBOK TIMUR,PUSKESMAS SUELA (BLUD) - 1.02.0.00.0.00.01.0006,01KPW2QKDFYBAQ875AKGP6ZD7K,66789701,2026,E-Katalog 6.0,APBD,MULAWARMAN KESADA MEDICALINDO,E-Purchasing,Barang,Pengadaan BMHP Puskesmas Suela,ON PROCESS,7326000,7326000
KAB. LOMBOK TIMUR,PUSKESMAS AIKMEL (BLUD) - 1.02.0.00.0.00.01.0005,01KPT77KBPV0VQFDA9D528FBZH,66490101,2026,E-Katalog 6.0,APBD,GLOBAL PHARMA INDONESIA,E-Purchasing,Barang,Pengadaan BMHP Pada Puskesmas Aikmel,ON PROCESS,5970690,5970690
KAB. LOMBOK TIMUR,DINAS PEKERJAAN UMUM DAN PENATAAN RUANG - 1.03.0.00.0.00.01.0000,10859352000,63767970,2026,Non Tender,APBD,Cv grisbung jaya,Pengadaan Langsung,Pekerjaan Konstruksi,Penataan Lingkungan Desa Bungtiang 2,SELESAI,198503000,198503000
KAB. LOMBOK TIMUR,DINAS PEKERJAAN UMUM DAN PENATAAN RUANG - 1.03.0.00.0.00.01.0000,10852290000,63767813,2026,Non Tender,APBD,CV. PURI UTAMA,Pengadaan Langsung,Pekerjaan Konstruksi,Penataan Lingkungan Dusun Loang Tuna Kecamatan Labuhan Haji,SELESAI,73337000,73337000
KAB. LOMBOK TIMUR,DINAS PEKERJAAN UMUM DAN PENATAAN RUANG - 1.03.0.00.0.00.01.0000,10838475000,63767853,2026,Non Tender,APBD,WAFA ARGA DAMAI,Pengadaan Langsung,Pekerjaan Konstruksi,Penataan Lingkungan Desa Terara Kecamatan Terara,SELESAI,97865000,97865000
KAB. LOMBOK TIMUR,PUSKESMAS LEPAK (BLUD) - 1.02.0.00.0.00.01.0028,01KQR8GBF0BBQHE83G7D4Q4D8F,66666594,2026,E-Katalog 6.0,APBD,RIDHO ILAHI FARMA,E-Purchasing,Barang,Pengadaan BMHP Pada Puskesmas Lepak,ON PROCESS,7610763,7610763
KAB. LOMBOK TIMUR,DINAS PEKERJAAN UMUM DAN PENATAAN RUANG - 1.03.0.00.0.00.01.0000,10893448000,63767880,2026,Non Tender,APBD,CV. RENGGANIS,Pengadaan Langsung,Pekerjaan Konstruksi,Pengadaan rabat beton dusun metro desa sambelia kecamatan sambelia,SELESAI,97754000,97754000
KAB. LOMBOK TIMUR,PUSKESMAS RARANG (BLUD) - 1.02.0.00.0.00.01.0032,01KK2YCTZZDMVXDECRGSTTKH51,66116819,2026,E-Katalog 6.0,BLUD,GLOBAL MULTI PHARMALAB,E-Purchasing,Barang,Belanja Barang Pakai Habis,ON PROCESS,810300,810300
KAB. LOMBOK TIMUR,DINAS PEKERJAAN UMUM DAN PENATAAN RUANG - 1.03.0.00.0.00.01.0000,10852911000,63767722,2026,Non Tender,APBD,CV. YULIA,Pengadaan Langsung,Pekerjaan Konstruksi,Lapen dasan baru desa kuang baru,SELESAI,146636000,146636000
KAB. LOMBOK TIMUR,DINAS PEKERJAAN UMUM DAN PENATAAN RUANG - 1.03.0.00.0.00.01.0000,10861527000,63768001,2026,Non Tender,APBD,CV. MARSHA UTAMA,Pengadaan Langsung,Pekerjaan Konstruksi,Penataan Lingkungan Kobon Dalem Desa Kotaraja,SELESAI,195627000,195627000
KAB. LOMBOK TIMUR,DINAS PEKERJAAN UMUM DAN PENATAAN RUANG - 1.03.0.00.0.00.01.0000,10852152000,63767671,2026,Non Tender,APBD,CV. RAFKA PRATAMA,Pengadaan Langsung,Pekerjaan Konstruksi,Lapen Dusun Otak Pancor Desa Lendang Nangka Utara,SELESAI,195506000,195506000
KAB. LOMBOK TIMUR,PUSKESMAS SELONG (BLUD) - 1.02.0.00.0.00.01.0002,01KQM09CBCXFC6N9F70CXEH089,66490106,2026,E-Katalog 6.0,APBD,MULAWARMAN KESADA MEDICALINDO,E-Purchasing,Barang,Pengadaan BMHP Pada Puskesmas Selong,ON PROCESS,10622700,10622700
KAB. LOMBOK TIMUR,DINAS KESEHATAN - 1.02.0.00.0.00.01.0000,01KTNTVECWCEE051SYFMQ99X88,63968045,2026,E-Katalog 6.0,APBD,BERNOFARM,E-Purchasing,Barang,Pengadaan Obat (DAU yang Ditentukan Penggunaannya Bidang Kesehatan),ON PROCESS,2027770,2027770
KAB. LOMBOK TIMUR,RSUD PATUH KARYA - 1.02.0.00.0.00.01.0040,01KP5169A73JMZBDA2RRXFXVVX,63998403,2026,E-Katalog 6.0,APBD,DWIASRI GRAHA,E-Purchasing,Barang,Belanja Obat-Obatan-Obat-Obatan Lainnya,ON PROCESS,35004081,35004081
KAB. LOMBOK TIMUR,DINAS PEKERJAAN UMUM DAN PENATAAN RUANG - 1.03.0.00.0.00.01.0000,10833903000,63767676,2026,Non Tender,APBD,CV. INDONESIA RAYA,Pengadaan Langsung,Pekerjaan Konstruksi,Penataan Lingkungan Kelurahan Sandubaya,SELESAI,146740000,146740000
KAB. LOMBOK TIMUR,DINAS PEKERJAAN UMUM DAN PENATAAN RUANG - 1.03.0.00.0.00.01.0000,10860790000,63767658,2026,Non Tender,APBD,CV. LENTERA KONSTRUKSI,Pengadaan Langsung,Pekerjaan Konstruksi,Penataan Lingkungan Desa Sakra,SELESAI,198550000,198550000
KAB. LOMBOK TIMUR,PUSKESMAS KERONGKONG (BLUD) - 1.02.0.00.0.00.01.0016,01KRZWS7WSMTSJ888YASWCT6BV,66528385,2026,E-Katalog 6.0,APBD,INFION,E-Purchasing,Barang,Pengadaan BMHP Puskesmas Kerongkong,ON PROCESS,799200,799200
KAB. LOMBOK TIMUR,PUSKESMAS SELONG (BLUD) - 1.02.0.00.0.00.01.0002,01KQBTBQFQMZ2SN32DZM1BXC0Y,66490106,2026,E-Katalog 6.0,APBD,RIDHO ILAHI FARMA,E-Purchasing,Barang,Pengadaan BMHP Pada Puskesmas Selong,ON PROCESS,1388588,1388588
KAB. LOMBOK TIMUR,PUSKESMAS SIKUR (BLUD) - 1.02.0.00.0.00.01.0008,01KNX36N92Y6FSWS6G3YA5K8ZK,66775725,2026,E-Katalog 6.0,APBD,BERNOFARM,E-Purchasing,Barang,Pengadaan Obat Puskesmas Sikur,ON PROCESS,16865340,16865340
KAB. LOMBOK TIMUR,RSUD LOMBOK TIMUR - 1.02.0.00.0.00.01.0039,01KR0ZR809BP1HSD4G32C96R7X,64855001,2026,E-Katalog 6.0,BLUD,OTSUKA INDONESIA,E-Purchasing,Barang,Belanja Obat-Obatan-Obat,ON PROCESS,8453760,8453760
KAB. LOMBOK TIMUR,DINAS PEKERJAAN UMUM DAN PENATAAN RUANG - 1.03.0.00.0.00.01.0000,10893135000,63767797,2026,Non Tender,APBD,CV. BINTANG DAERAH,Pengadaan Langsung,Pekerjaan Konstruksi,Penataan lingkungan dan pemukiman di kelurahan rakam,SELESAI,146627000,146627000
KAB. LOMBOK TIMUR,DINAS PEKERJAAN UMUM DAN PENATAAN RUANG - 1.03.0.00.0.00.01.0000,10926704000,63764395,2026,Non Tender,APBD,CV KELUARGA AMANAH,Pengadaan Langsung,Pekerjaan Konstruksi,Sumur bor dsn lengkok dudu kec. Labuhan haji,SELESAI,146641000,146641000
KAB. LOMBOK TIMUR,DINAS PEKERJAAN UMUM DAN PENATAAN RUANG - 1.03.0.00.0.00.01.0000,10877584000,63767860,2026,Non Tender,APBD,CV. YOESRI PUTRA,Pengadaan Langsung,Pekerjaan Konstruksi,Sarana dan Prasarana Rumah ibadah Masjid Nurul Huda Dusun Gelumpang Desa Lenek Lauk,SELESAI,99240000,99240000
KAB. LOMBOK TIMUR,RSUD LOMBOK TIMUR - 1.02.0.00.0.00.01.0039,01KVYAH5Z6EGCQP2SGA7TM58YB,67111298,2026,E-Katalog 6.0,BLUD,LALEMBAH KARYA MANDIRI,E-Purchasing,Barang,Belanja Modal Peralatan Personal Computer,ON PROCESS,24198000,24198000
KAB. LOMBOK TIMUR,RSUD SELAPARANG - 1.02.0.00.0.00.01.0037,01KRDTY8D4JA626D5SGN04G5SY,63991941,2026,E-Katalog 6.0,APBD,SATORIA ANEKA INDUSTRI,E-Purchasing,Barang,Belanja Obat-Obatan-Obat,ON PROCESS,17848800,17848800
KAB. LOMBOK TIMUR,PUSKESMAS KOTARAJA (BLUD) - 1.02.0.00.0.00.01.0014,01KPT99N1WJZH4JR8FAQQTNRK3,66776558,2026,E-Katalog 6.0,APBD,EFADA MEDICAL INDUSTRIES INDONESIA,E-Purchasing,Barang,Pengadaan BMHP Puskesmas Kotaraja,ON PROCESS,3395213,3395213
KAB. LOMBOK TIMUR,PUSKESMAS RARANG (BLUD) - 1.02.0.00.0.00.01.0032,01KQ1CJST91SRBFPPACJKP7CK0,66116819,2026,E-Katalog 6.0,BLUD,SATORIA ANEKA INDUSTRI,E-Purchasing,Barang,Belanja Barang Pakai Habis,ON PROCESS,10536120,10536120
KAB. LOMBOK TIMUR,PUSKESMAS RARANG (BLUD) - 1.02.0.00.0.00.01.0032,01KKXAN05X7PTJY530SDPCJ5XT,66240726,2026,E-Katalog 6.0,BLUD,MEGA KREASI ALKESINDO,E-Purchasing,Barang,Belanja Barang Pakai Habis,ON PROCESS,545498,545498
KAB. LOMBOK TIMUR,DINAS KESEHATAN - 1.02.0.00.0.00.01.0000,01KTDDAMEQ1X5YA9WA6JWKFVH8,63967641,2026,E-Katalog 6.0,APBD,PRIMAPUTRA ADIWAHANA,E-Purchasing,Barang,Pengadaan Ambulance Pusling Sembalun (DG),ON PROCESS,695000000,695000000
KAB. LOMBOK TIMUR,RSUD PATUH KARYA - 1.02.0.00.0.00.01.0040,01KNR78YM8V30R4ADMCYQ4K5DZ,63998403,2026,E-Katalog 6.0,APBD,YARINDO FARMATAMA,E-Purchasing,Barang,Belanja Obat-Obatan-Obat-Obatan Lainnya,ON PROCESS,1201298,1201298
KAB. LOMBOK TIMUR,PUSKESMAS AIKMEL (BLUD) - 1.02.0.00.0.00.01.0005,01KPT7R6MM72E7A5MZ5XTTVC7W,66490101,2026,E-Katalog 6.0,APBD,EFADA MEDICAL INDUSTRIES INDONESIA,E-Purchasing,Barang,Pengadaan BMHP Pada Puskesmas Aikmel,ON PROCESS,1624196,1624196
KAB. LOMBOK TIMUR,DINAS PEKERJAAN UMUM DAN PENATAAN RUANG - 1.03.0.00.0.00.01.0000,10882115000,63767909,2026,Non Tender,APBD,CV.AMELIA,Pengadaan Langsung,Pekerjaan Konstruksi,Penataan Lingkungan Desa Gerisak Semanggeleng 2,SELESAI,198525000,198525000
KAB. LOMBOK TIMUR,DINAS KEPENDUDUKAN DAN PENCATATAN SIPIL - 2.12.0.00.0.00.01.0000,01KVA3VNS4APX28PJV1YQNCYD6,67288341,2026,E-Katalog 6.0,APBD,SANDEKALA,E-Purchasing,Barang,Belanja Modal Mebel,ON PROCESS,37074000,37074000
KAB. LOMBOK TIMUR,SEKRETARIAT DAERAH - 4.01.0.00.0.00.01.0000,01KHQMKV75TP8B19D83JP9KQV8,64116341,2026,E-Katalog 6.0,APBD,SRI BUNGA MULIANI,E-Purchasing,Barang,Belanja Bahan-Bahan Bangunan dan Konstruksi,ON PROCESS,1894182255,1894182255
KAB. LOMBOK TIMUR,PUSKESMAS MASBAGIK (BLUD) - 1.02.0.00.0.00.01.0007,01KQM1TR76G68C3PPWW638WQT0,66937693,2026,E-Katalog 6.0,APBD,LIKUID PHARMALAB INDONESIA,E-Purchasing,Barang,Pengadaan BMHP Puskesmas Masbagik,ON PROCESS,2106225,2106225
KAB. LOMBOK TIMUR,PUSKESMAS RARANG (BLUD) - 1.02.0.00.0.00.01.0032,01KK5ZZXWHBEK1ZT27WJZMNMFE,66116819,2026,E-Katalog 6.0,BLUD,SERENITY INDONESIA,E-Purchasing,Barang,Belanja Barang Pakai Habis,ON PROCESS,132985,0
KAB. LOMBOK TIMUR,PUSKESMAS SAMBALIA (BLUD) - 1.02.0.00.0.00.01.0022,01KS4SYKGVKSP1N8YB6PMD90F8,66855628,2026,E-Katalog 6.0,APBD,INFION,E-Purchasing,Barang,Pengadaan BMHP Puskesmas Sambelia,ON PROCESS,984759,984759
KAB. LOMBOK TIMUR,SEKRETARIAT DAERAH - 4.01.0.00.0.00.01.0000,01KW8FXRWV5EQ89WYYPAP4CZHS,67366093,2026,E-Katalog 6.0,APBD,MAKRIF JAYA ABADI,E-Purchasing,Barang,Persediaan untuk Dijual/Diserahkan Kepada Masyarakat - Pengadaan Kursi Desa Danger Kecamatan Masbagik ,ON PROCESS,34265700,34265700
KAB. LOMBOK TIMUR,PUSKESMAS SAMBALIA (BLUD) - 1.02.0.00.0.00.01.0022,01KP961FKFVRZCM7KHHR40A9RJ,66855628,2026,E-Katalog 6.0,APBD,SAFELOCK MEDICAL,E-Purchasing,Barang,Pengadaan BMHP Puskesmas Sambelia,ON PROCESS,14698803,14698803
KAB. LOMBOK TIMUR,PUSKESMAS LABUHAN HAJI (BLUD) - 1.02.0.00.0.00.01.0003,01KPFQHKXB093RH9VFY04611YM,66859010,2026,E-Katalog 6.0,APBD,LIKUID PHARMALAB INDONESIA,E-Purchasing,Barang,Pengadaan BMHP Puskesmas Labuhan Haji,ON PROCESS,4387969,4387969
KAB. LOMBOK TIMUR,PUSKESMAS BATUYANG (BLUD) - 1.02.0.00.0.00.01.0020,01KRZPV1B1ZYE1B2Z5QK9BKV6Y,66589062,2026,E-Katalog 6.0,APBD,SOLAS LANGGENG SEJAHTERA,E-Purchasing,Barang,Pengadaan Obat Puskesmas Batuyang,ON PROCESS,624986,624986
KAB. LOMBOK TIMUR,PUSKESMAS RARANG (BLUD) - 1.02.0.00.0.00.01.0032,01KPAN57H2D1EHJSADY532SZQA,64010076,2026,E-Katalog 6.0,BLUD,ERLANGGA EDI LABORATORIES,E-Purchasing,Barang,Belanja Barang dan Jasa BLUD,ON PROCESS,2850147,2850147
KAB. LOMBOK TIMUR,RSUD LOMBOK TIMUR - 1.02.0.00.0.00.01.0039,01KQ7BSY66RQX830BF7HV5NGGS,64855001,2026,E-Katalog 6.0,BLUD,LAPI LABORATORIES,E-Purchasing,Barang,Belanja Obat-Obatan-Obat,ON PROCESS,5991780,5991780
KAB. LOMBOK TIMUR,DINAS KESEHATAN - 1.02.0.00.0.00.01.0000,01KR06YQD90Z9EY9PBVWZM4RA2,63968045,2026,E-Katalog 6.0,APBD,MERSIFARMA TIRMAKU MERCUSANA,E-Purchasing,Barang,Pengadaan Obat (DAU yang Ditentukan Penggunaannya Bidang Kesehatan),ON PROCESS,7692300,7692300
KAB. LOMBOK TIMUR,DINAS PEKERJAAN UMUM DAN PENATAAN RUANG - 1.03.0.00.0.00.01.0000,10895221000,63767956,2026,Non Tender,APBD,CV. MECCA SEJAHTERA,Pengadaan Langsung,Pekerjaan Konstruksi,"Penataan Jalan Lingkungan Dusun Tibu Pace, Desa Montong Baan Selatan, Kecmatan Sikur",SELESAI,195249000,195249000
KAB. LOMBOK TIMUR,PUSKESMAS MASBAGIK BARU (BLUD) - 1.02.0.00.0.00.01.0029,01KPF6EYVQT2FB7DK479GW02TD,66490116,2026,E-Katalog 6.0,APBD,TRIFA RAYA LABORATORIES,E-Purchasing,Barang,Pengadaan Obat Pada Puskesmas Masbagik Baru,ON PROCESS,1548450,1548450
KAB. LOMBOK TIMUR,DINAS KESEHATAN - 1.02.0.00.0.00.01.0000,01KNKJ4ZDSDW9SQY04ZW2K1PS7,63968036,2026,E-Katalog 6.0,APBD,ERLANGGA EDI LABORATORIES,E-Purchasing,Barang,Pengadaan Obat PKD (DAK Non Fisik-Dana BOK-BOK Dinas-BOK Kabupaten/Kota),ON PROCESS,72389427,72389427
KAB. LOMBOK TIMUR,PUSKESMAS DASAN LEKONG (BLUD) - 1.02.0.00.0.00.01.0026,01KPFMDWX1R7WNGNA4QM453BJF,66639559,2026,E-Katalog 6.0,APBD,LIKUID PHARMALAB INDONESIA,E-Purchasing,Barang,Pengadaan BMHP Puskesmas Dasan Lekong,ON PROCESS,735687,735687
KAB. LOMBOK TIMUR,DINAS PEKERJAAN UMUM DAN PENATAAN RUANG - 1.03.0.00.0.00.01.0000,01KSESWPJ6G3M0G6Q2PA603FTX,65638198,2026,E-Katalog 6.0,APBD,AYUDIA PUTERI,E-Purchasing,Barang,Belanja Modal Peralatan Personal Computer  ,ON PROCESS,7104000,7104000
KAB. LOMBOK TIMUR,DINAS PEMADAM KEBAKARAN DAN PENYELAMATAN - 1.05.0.00.0.00.02.0000,01KG1NWZM7D266Q7TJW7HMG5B0,63748490,2026,E-Katalog 6.0,APBD,SINAR TIMUR PERKASA,E-Purchasing,Barang,Belanja Pemeliharaan Alat Angkutan-Alat Angkutan Darat Bermotor-Alat Angkutan Darat Bermotor Lainnya,ON PROCESS,498000000,498000000
KAB. LOMBOK TIMUR,PUSKESMAS RARANG (BLUD) - 1.02.0.00.0.00.01.0032,01KQ1CERXWQY3BWFKGHYKP5BZW,66116819,2026,E-Katalog 6.0,BLUD,IFARS PHARMACEUTICAL LABORATORIES,E-Purchasing,Barang,Belanja Barang Pakai Habis,ON PROCESS,666000,666000
KAB. LOMBOK TIMUR,PUSKESMAS DASAN LEKONG (BLUD) - 1.02.0.00.0.00.01.0026,01KPFNMYPPXKSMQPMAKF6781VR,66639559,2026,E-Katalog 6.0,APBD,GLOBAL PHARMA INDONESIA,E-Purchasing,Barang,Pengadaan BMHP Puskesmas Dasan Lekong,ON PROCESS,3113550,3113550
KAB. LOMBOK TIMUR,DINAS PERUMAHAN DAN KAWASAN PERMUKIMAN - 1.04.0.00.0.00.01.0000,01KT3DPTB89MFZS71KNM60HQ8V,66891718,2026,E-Katalog 6.0,APBD,KURNIAWAN HARIADI,E-Purchasing,Barang,Belanja Barang untuk Dijual/Diserahkan kepada Masyarakat Kecamatan Keruak,ON PROCESS,122103774,122103774
KAB. LOMBOK TIMUR,PUSKESMAS WANASABA (BLUD) - 1.02.0.00.0.00.01.0033,01KQBVVX9TBH99KTZCYZ971MQQ,66707247,2026,E-Katalog 6.0,APBD,RIDHO ILAHI FARMA,E-Purchasing,Barang,Pengadaan BMHP Puskesmas Wanasaba,ON PROCESS,1692941,1692941
KAB. LOMBOK TIMUR,DINAS PERUMAHAN DAN KAWASAN PERMUKIMAN - 1.04.0.00.0.00.01.0000,10836772000,63994791,2026,Non Tender,APBD,CV. AFKANISA,Pengadaan Langsung,Pekerjaan Konstruksi,Belanja Barang untuk Dijual/Diserahkan kepada Masyarakat Penataan Jalan Lingkungan Desa Menceh,SELESAI,194805000,194805000
KAB. LOMBOK TIMUR,DINAS PERUMAHAN DAN KAWASAN PERMUKIMAN - 1.04.0.00.0.00.01.0000,01KQ6GB62TMZG1NXP5PRZ6G5KY,66891968,2026,E-Katalog 6.0,APBD,KURNIAWAN HARIADI,E-Purchasing,Barang,Belanja Barang untuk Dijual/Diserahkan kepada Masyarakat Pringgabaya,ON PROCESS,172699017,172699017
KAB. LOMBOK TIMUR,PUSKESMAS WANASABA (BLUD) - 1.02.0.00.0.00.01.0033,01KQ8ZWP84T41WG81C0JRXJ897,66707247,2026,E-Katalog 6.0,APBD,EFADA MEDICAL INDUSTRIES INDONESIA,E-Purchasing,Barang,Pengadaan BMHP Puskesmas Wanasaba,ON PROCESS,1602902,1602902
KAB. LOMBOK TIMUR,PUSKESMAS KERONGKONG (BLUD) - 1.02.0.00.0.00.01.0016,01KS44478X37SFR7P6NQ07K9Y7,66528385,2026,E-Katalog 6.0,APBD,LIKUID PHARMALAB INDONESIA,E-Purchasing,Barang,Pengadaan BMHP Puskesmas Kerongkong,ON PROCESS,7564583,7564583
KAB. LOMBOK TIMUR,PUSKESMAS DENGGEN (BLUD) - 1.02.0.00.0.00.01.0027,01KP5QQQ7HZ0QCSC98J4Z1GA90,66764830,2026,E-Katalog 6.0,APBD,TRIFA RAYA LABORATORIES,E-Purchasing,Barang,Pengadaan Obat Puskesmas Denggen,ON PROCESS,4928400,4928400
KAB. LOMBOK TIMUR,PUSKESMAS KERONGKONG (BLUD) - 1.02.0.00.0.00.01.0016,01KPN4KCX8PFTWTV13C4XFWCV5,66528385,2026,E-Katalog 6.0,APBD,SAFELOCK MEDICAL,E-Purchasing,Barang,Pengadaan BMHP Puskesmas Kerongkong,ON PROCESS,7126721,7126721
KAB. LOMBOK TIMUR,DINAS PEKERJAAN UMUM DAN PENATAAN RUANG - 1.03.0.00.0.00.01.0000,10935895000,63767689,2026,Non Tender,APBD,CV. PATUH,Pengadaan Langsung,Pekerjaan Konstruksi,"Pembangunan TPQ Kampung Saruk Selatan, Desa Masbagik Selatan",BERLANGSUNG,48847000,48847000
KAB. LOMBOK TIMUR,PUSKESMAS DENGGEN (BLUD) - 1.02.0.00.0.00.01.0027,01KPZBXJYBG9XMXZ5M7M56N9PX,66764909,2026,E-Katalog 6.0,APBD,SOLAS LANGGENG SEJAHTERA,E-Purchasing,Barang,Pengadaan BMHP Puskesmas Denggen,ON PROCESS,6817343,6817343
KAB. LOMBOK TIMUR,DINAS PERTANIAN - 3.27.0.00.0.00.01.0000,01KRZMS6W3EX12SBN6ET0KDM2P,65061722,2026,E-Katalog 6.0,APBD,KARYA TANI DUA TIGA,E-Purchasing,Barang,Persediaan untuk Dijual/Diserahkan Kepada Masyarakat (Pengadaan Bibit Cabai),ON PROCESS,1067200000,1067200000
KAB. LOMBOK TIMUR,PUSKESMAS MASBAGIK (BLUD) - 1.02.0.00.0.00.01.0007,01KR38554YFRFEYWH5JEMYN4Y2,66937691,2026,E-Katalog 6.0,APBD,ERLANGGA EDI LABORATORIES,E-Purchasing,Barang,Pengadaan Oba Puskesmas Masbagik,ON PROCESS,1140858,1140858
KAB. LOMBOK TIMUR,PUSKESMAS SUELA (BLUD) - 1.02.0.00.0.00.01.0006,01KRF7TQW4CFZF47RQHG098BZC,67125527,2026,E-Katalog 6.0,APBD,UD. TERRA COMPUTER,E-Purchasing,Barang,Belanja Modal Peralatan dan Mesin BLUD,ON PROCESS,2997000,2997000
KAB. LOMBOK TIMUR,RSUD PATUH KARYA - 1.02.0.00.0.00.01.0040,01KPCMCNK25Y3DXZNVQPWBR37J,63998403,2026,E-Katalog 6.0,APBD,SURGIKA ALKESINDO,E-Purchasing,Barang,Belanja Obat-Obatan-Obat-Obatan Lainnya,ON PROCESS,15484500,0
KAB. LOMBOK TIMUR,DINAS PEKERJAAN UMUM DAN PENATAAN RUANG - 1.03.0.00.0.00.01.0000,01KRZNB59NXSAG8C1N6VJZ8E8N,65638050,2026,E-Katalog 6.0,APBD,AYUDIA PUTERI,E-Purchasing,Barang,Belanja Modal Personal Computer ,ON PROCESS,15984000,15984000
KAB. LOMBOK TIMUR,PUSKESMAS RARANG (BLUD) - 1.02.0.00.0.00.01.0032,01KM565MZM3BZJG2CE59PZ1TY4,66240726,2026,E-Katalog 6.0,BLUD,PERUSAHAAN PERSEROAN (PERSERO) PT KIMIA FARMA,E-Purchasing,Barang,Belanja Barang Pakai Habis,ON PROCESS,1110000,1110000
KAB. LOMBOK TIMUR,PUSKESMAS KARANG BARU (BLUD) - 1.02.0.00.0.00.01.0024,01KRZVWZJHB5TFN9FTVZ4W0W6W,66819325,2026,E-Katalog 6.0,APBD,INFION,E-Purchasing,Barang,Pengadaan BMHP Puskesmas Karang Baru,ON PROCESS,393903,393903
KAB. LOMBOK TIMUR,PUSKESMAS WANASABA (BLUD) - 1.02.0.00.0.00.01.0033,01KPZKGM14FDT37103TF4EDECD,66707136,2026,E-Katalog 6.0,APBD,ERLANGGA EDI LABORATORIES,E-Purchasing,Barang,Pengadaan Obat Puskesmas Wanasaba,ON PROCESS,587252,587252
KAB. LOMBOK TIMUR,SEKRETARIAT DEWAN PERWAKILAN RAKYAT DAERAH - 4.02.0.00.0.00.01.0000,10142142000,63742558,2026,Tender,APBD,CV. KALEMBO ADE MAUTAMA,Tender,Pekerjaan Konstruksi,Belanja Modal Bangunan Gedung Kantor ( Penataan Ruang Pimpinan DPRD),SELESAI,1266169255,1266169255
KAB. LOMBOK TIMUR,DINAS PEKERJAAN UMUM DAN PENATAAN RUANG - 1.03.0.00.0.00.01.0000,10931658000,63767810,2026,Non Tender,APBD,GRAHA BHAKTI KONSTRUKSI,Pengadaan Langsung,Pekerjaan Konstruksi,Lanjutan MCK Masjid Al Firdaus Kebun Tatar Kelurahan Kelayu,BERLANGSUNG,146621000,146621000
KAB. LOMBOK TIMUR,PUSKESMAS LABUHAN HAJI (BLUD) - 1.02.0.00.0.00.01.0003,01KQC6DYT6PPH9Q15GDWSEMTFW,66859010,2026,E-Katalog 6.0,APBD,RIDHO ILAHI FARMA,E-Purchasing,Barang,Pengadaan BMHP Puskesmas Labuhan Haji,ON PROCESS,3790583,3790583
KAB. LOMBOK TIMUR,PUSKESMAS PRINGGASELA UTAMA (BLUD) - 1.02.0.00.0.00.01.0036,01KPN2XTQJ0B9YSAM2RMTK2ANC,66748490,2026,E-Katalog 6.0,APBD,EFADA MEDICAL INDUSTRIES INDONESIA,E-Purchasing,Barang,Pengadaan BMHP Puskesmas Pringgasela Utama,ON PROCESS,1257630,1257630
KAB. LOMBOK TIMUR,PUSKESMAS DENGGEN (BLUD) - 1.02.0.00.0.00.01.0027,01KPFH556NH57EZRKZN84Z9K64,66764909,2026,E-Katalog 6.0,APBD,GLOBAL PHARMA INDONESIA,E-Purchasing,Barang,Pengadaan BMHP Puskesmas Denggen,ON PROCESS,9340650,9340650
KAB. LOMBOK TIMUR,PUSKESMAS SUELA (BLUD) - 1.02.0.00.0.00.01.0006,01KRAMP5RYR5W2RVA6XN7YQW40,66789643,2026,E-Katalog 6.0,APBD,ERLANGGA EDI LABORATORIES,E-Purchasing,Barang,Pengadaan Obat Puskesmas Suela,ON PROCESS,244688,244688
KAB. LOMBOK TIMUR,PUSKESMAS SURALAGA (BLUD) - 1.02.0.00.0.00.01.0034,01KQBX94T59P92Y8KB32C43ADD,66762207,2026,E-Katalog 6.0,APBD,RIDHO ILAHI FARMA,E-Purchasing,Barang,Pengadaan BMHP Puskesmas Suralaga,ON PROCESS,831887,831887
KAB. LOMBOK TIMUR,PUSKESMAS RARANG (BLUD) - 1.02.0.00.0.00.01.0032,01KJVHST3S5WZGST2JW701XEGM,64010076,2026,E-Katalog 6.0,BLUD,JAYAMAS MEDICA INDUSTRI,E-Purchasing,Barang,Belanja Barang dan Jasa BLUD,ON PROCESS,4373622,4373622
KAB. LOMBOK TIMUR,PUSKESMAS RARANG (BLUD) - 1.02.0.00.0.00.01.0032,01KKXBZ3Y34DZ2F32N3N1GJEMC,66240726,2026,E-Katalog 6.0,BLUD,ENSEVAL MEDIKA PRIMA,E-Purchasing,Barang,Belanja Barang Pakai Habis,ON PROCESS,1379999,1379999
KAB. LOMBOK TIMUR,PUSKESMAS RARANG (BLUD) - 1.02.0.00.0.00.01.0032,01KQ182AA9Q23DE7M2J6MA0VPZ,66116819,2026,E-Katalog 6.0,BLUD,IMFARMIND FARMASI INDUSTRI,E-Purchasing,Barang,Belanja Barang Pakai Habis,ON PROCESS,2247750,2247750
KAB. LOMBOK TIMUR,RSUD LOMBOK TIMUR - 1.02.0.00.0.00.01.0039,01KPB0FWHYG4YVQY23WQQDW5J3,64855001,2026,E-Katalog 6.0,BLUD,KALBE FARMA,E-Purchasing,Barang,Belanja Obat-Obatan-Obat,ON PROCESS,63270000,63270000
KAB. LOMBOK TIMUR,DINAS PEKERJAAN UMUM DAN PENATAAN RUANG - 1.03.0.00.0.00.01.0000,10851731000,63767889,2026,Non Tender,APBD,CV. SANDY PRADANA,Pengadaan Langsung,Pekerjaan Konstruksi,Batu Sikat,SELESAI,97775000,97775000
KAB. LOMBOK TIMUR,DINAS PETERNAKAN DAN KESEHATAN HEWAN - 3.27.0.00.0.00.02.0000,01KVS3V4KS4SR96HDZBA4342Q7,63728809,2026,E-Katalog 6.0,APBD,MELPROTE,E-Purchasing,Barang,Belanja Alat/Bahan untuk Kegiatan Kantor-Perabot Kantor,ON PROCESS,67784703,67784703
KAB. LOMBOK TIMUR,SEKRETARIAT DAERAH - 4.01.0.00.0.00.01.0000,10832820000,64112505,2026,Pencatatan,APBD,UD. JAYA KARYA,Pengadaan Langsung,Pengadaan Barang,Belanja Alat/Bahan untuk Kegiatan Kantor- Kertas dan Cover,PAKET SEDANG BERJALAN,300000,300000
KAB. LOMBOK TIMUR,PUSKESMAS PENGADANGAN (BLUD) - 1.02.0.00.0.00.01.0004,01KQC30VHBZ7NKPNBTM0TEB20F,66819299,2026,E-Katalog 6.0,APBD,JAYAMAS MEDICA INDUSTRI,E-Purchasing,Barang,Pengadaan BMHP Puskesmas Pengadangan,ON PROCESS,6565561,6565561
KAB. LOMBOK TIMUR,DINAS PEKERJAAN UMUM DAN PENATAAN RUANG - 1.03.0.00.0.00.01.0000,10115785000,65495437,2026,Tender,APBD,PT. HADI UTAMA JAYA,Tender,Pekerjaan Konstruksi,"Penanganan Long Segment (pemeliharaan berkala, peningkatan/rekonstruksi) Jalan Masbagik Timur - Kedondong",SELESAI,5020259728,5020259728
KAB. LOMBOK TIMUR,PUSKESMAS RARANG (BLUD) - 1.02.0.00.0.00.01.0032,01KQC5KH7YPWA211D1APGMM5RK,66116819,2026,E-Katalog 6.0,BLUD,CAHYA INTAN MEDIKA,E-Purchasing,Barang,Belanja Barang Pakai Habis,ON PROCESS,3349980,3349980
KAB. LOMBOK TIMUR,RSUD PATUH KARYA - 1.02.0.00.0.00.01.0040,01KPSBM6ANVBV1MMJ2G8QYDDD2,63998406,2026,E-Katalog 6.0,APBD,CAHYA INTAN MEDIKA,E-Purchasing,Barang,Belanja Bahan-Bahan Kimia,ON PROCESS,26574510,26574510
KAB. LOMBOK TIMUR,PUSKESMAS PRINGGASELA UTAMA (BLUD) - 1.02.0.00.0.00.01.0036,01KPN24YNDV0T8YAWHWJXZ0WQD,66748444,2026,E-Katalog 6.0,APBD,ERLANGGA EDI LABORATORIES,E-Purchasing,Barang,Pengadaan Obat Puskesmas Pringgasela Utama,ON PROCESS,652502,652502
KAB. LOMBOK TIMUR,DINAS PEKERJAAN UMUM DAN PENATAAN RUANG - 1.03.0.00.0.00.01.0000,10894473000,63767718,2026,Non Tender,APBD,DOYAN KARYA,Pengadaan Langsung,Pekerjaan Konstruksi,Penataan TPU Suwatang Dusun Orang Desa Pandan Wangi Kecamatan Jerowaru,SELESAI,195687000,195687000
KAB. LOMBOK TIMUR,DINAS PEKERJAAN UMUM DAN PENATAAN RUANG - 1.03.0.00.0.00.01.0000,10860776000,63767673,2026,Non Tender,APBD,CV. DITA,Pengadaan Langsung,Pekerjaan Konstruksi,Penataan Lingkungan Kuang Manget Kelurahan Majidi,SELESAI,146588000,146588000
KAB. LOMBOK TIMUR,PUSKESMAS RARANG (BLUD) - 1.02.0.00.0.00.01.0032,01KKGR406AMM6812GDQ3Q17Z0C,64010076,2026,E-Katalog 6.0,BLUD,HEXPHARM JAYA LABORATORIES,E-Purchasing,Barang,Belanja Barang dan Jasa BLUD,PAYMENT OUTSIDE SYSTEM,7431450,7431450
KAB. LOMBOK TIMUR,PUSKESMAS KERONGKONG (BLUD) - 1.02.0.00.0.00.01.0016,01KPMEXYVDW6NB7CRHZSFVHCQT,66528326,2026,E-Katalog 6.0,APBD,SOLAS LANGGENG SEJAHTERA,E-Purchasing,Barang,Pengadaan Obat Puskesmas Kerongkong,ON PROCESS,1781550,1781550
KAB. LOMBOK TIMUR,DINAS PEKERJAAN UMUM DAN PENATAAN RUANG - 1.03.0.00.0.00.01.0000,10864162000,63767713,2026,Non Tender,APBD,CV. MECCA SEJAHTERA,Pengadaan Langsung,Pekerjaan Konstruksi,"Penataan Jalan Dusun Desa Semaya, Kecamatan Sikur",SELESAI,195643000,195643000
KAB. LOMBOK TIMUR,DINAS KESEHATAN - 1.02.0.00.0.00.01.0000,01KPMTWPHMFB56PEVGFRPBWFZR,63968045,2026,E-Katalog 6.0,APBD,PERUSAHAAN PERSEROAN (PERSERO) PT KIMIA FARMA,E-Purchasing,Barang,Pengadaan Obat (DAU yang Ditentukan Penggunaannya Bidang Kesehatan),ON PROCESS,125065809,125065809
KAB. LOMBOK TIMUR,PUSKESMAS KARANG BARU (BLUD) - 1.02.0.00.0.00.01.0024,01KPFS8N7WZFSS1BVXBCSZTGQX,66819325,2026,E-Katalog 6.0,APBD,LIKUID PHARMALAB INDONESIA,E-Purchasing,Barang,Pengadaan BMHP Puskesmas Karang Baru,ON PROCESS,91961,91961
KAB. LOMBOK TIMUR,PUSKESMAS LABUHAN HAJI (BLUD) - 1.02.0.00.0.00.01.0003,01KPCN89863H1EMH7B6NYR3NCB,66858991,2026,E-Katalog 6.0,APBD,SATORIA ANEKA INDUSTRI,E-Purchasing,Barang,Pengadaan Obat Puskesmas Labuhan Haji,ON PROCESS,6879780,6879780
KAB. LOMBOK TIMUR,PUSKESMAS RARANG (BLUD) - 1.02.0.00.0.00.01.0032,01KPYQ36YF3QGMK0SEKZ48ZR3F,66116819,2026,E-Katalog 6.0,BLUD,MEGA KREASI ALKESINDO,E-Purchasing,Barang,Belanja Barang Pakai Habis,ON PROCESS,944388,944388
KAB. LOMBOK TIMUR,SEKRETARIAT DAERAH - 4.01.0.00.0.00.01.0000,01KSEGF7N55REP96B4SZC59Y89,67082299,2026,E-Katalog 6.0,APBD,POWERWAVE GLOBAL ENERGI,E-Purchasing,Barang,Belanja Modal Electric Generating Set,ON PROCESS,699966000,699966000
KAB. LOMBOK TIMUR,PUSKESMAS BELANTING (BLUD) - 1.02.0.00.0.00.01.0025,01KQEQ29KGMC22EVKPATTSSDZ8,66844176,2026,E-Katalog 6.0,APBD,RIDHO ILAHI FARMA,E-Purchasing,Barang,Pengadaan BMHP Pada Puskesmas Belanting,ON PROCESS,952917,952917
KAB. LOMBOK TIMUR,DINAS PERTANIAN - 3.27.0.00.0.00.01.0000,01KRG3S0Y50SFXCVEMXJEZSBQ8,67096614,2026,E-Katalog 6.0,APBD,SANDEKALA,E-Purchasing,Barang,Persediaan untuk Dijual/Diserahkan Kepada Masyarakat (Pestisida),ON PROCESS,47981970,47981970
KAB. LOMBOK TIMUR,DINAS PEKERJAAN UMUM DAN PENATAAN RUANG - 1.03.0.00.0.00.01.0000,10851689000,63767854,2026,Non Tender,APBD,CV. ANEKA,Pengadaan Langsung,Pekerjaan Konstruksi,Penataan Lingkungan Desa Kilang Kecamatan Montong Gading,SELESAI,58744000,58744000
KAB. LOMBOK TIMUR,PUSKESMAS SUELA (BLUD) - 1.02.0.00.0.00.01.0006,01KPT4V19PYBVM0E4G78HXK53F,66789701,2026,E-Katalog 6.0,APBD,EFADA MEDICAL INDUSTRIES INDONESIA,E-Purchasing,Barang,Pengadaan BMHP Puskesmas Suela,ON PROCESS,800896,800896
KAB. LOMBOK TIMUR,DINAS KESEHATAN - 1.02.0.00.0.00.01.0000,01KNR4VE7VW8VNKR0P19NJ559H,63968045,2026,E-Katalog 6.0,APBD,BERNOFARM,E-Purchasing,Barang,Pengadaan Obat (DAU yang Ditentukan Penggunaannya Bidang Kesehatan),ON PROCESS,141781743,141781743
KAB. LOMBOK TIMUR,DINAS PERTANIAN - 3.27.0.00.0.00.01.0000,10891260000,64035638,2026,Non Tender,APBD,CHIEKO KARYA,Pengadaan Langsung,Pekerjaan Konstruksi,Persediaan untuk Dijual/Diserahkan Kepada Masyarakat (Rabat jalan usaha tani beriri jarak (JUT 13),SELESAI,184150000,184150000
KAB. LOMBOK TIMUR,DINAS KESEHATAN - 1.02.0.00.0.00.01.0000,10143022000,63942463,2026,Tender,APBD,CV.ILHAMI,Tender,Pekerjaan Konstruksi,Lanjutan Pembangunan RS Masbagik,SELESAI,9423107888,9423107888
KAB. LOMBOK TIMUR,PUSKESMAS SUKARAJA (BLUD) - 1.02.0.00.0.00.01.0031,01KPF51DS3EDJGE332A582SPMQ,66770692,2026,E-Katalog 6.0,APBD,MULAWARMAN KESADA MEDICALINDO,E-Purchasing,Barang,Pengadaan BMHP Puskesmas Sukaraja,ON PROCESS,17582400,17582400
KAB. LOMBOK TIMUR,DINAS KESEHATAN - 1.02.0.00.0.00.01.0000,01KNVX4R71G3XDXQT4V6W1XC92,63968045,2026,E-Katalog 6.0,APBD,ERLANGGA EDI LABORATORIES,E-Purchasing,Barang,Pengadaan Obat (DAU yang Ditentukan Penggunaannya Bidang Kesehatan),ON PROCESS,170499397,170499397
KAB. LOMBOK TIMUR,DINAS PEKERJAAN UMUM DAN PENATAAN RUANG - 1.03.0.00.0.00.01.0000,10866299000,63767983,2026,Non Tender,APBD,ARJA UTAMA LOMBOK,Pengadaan Langsung,Pekerjaan Konstruksi,Penataan jalan lingkungan desa pringgabaya 2,SELESAI,175976000,175976000
KAB. LOMBOK TIMUR,DINAS PEKERJAAN UMUM DAN PENATAAN RUANG - 1.03.0.00.0.00.01.0000,10893469000,63767878,2026,Non Tender,APBD,CV. RENGGANIS,Pengadaan Langsung,Pekerjaan Konstruksi,Pengadaan rabat beton menuju pekuburan desa belanting,SELESAI,97742000,97742000
KAB. LOMBOK TIMUR,DINAS PERUMAHAN DAN KAWASAN PERMUKIMAN - 1.04.0.00.0.00.01.0000,01KVY4EPC64W6QN9BR4N30GR5Q,66891676,2026,E-Katalog 6.0,APBD,LESTARI KARYA,E-Purchasing,Barang,Belanja Barang untuk Dijual/Diserahkan kepada Masyarakat Kecamatan Aikmel,ON PROCESS,156992406,156992406
KAB. LOMBOK TIMUR,PUSKESMAS KARANG BARU (BLUD) - 1.02.0.00.0.00.01.0024,01KSQAVC26DAPVN83E0EWHC4YJ,66819325,2026,E-Katalog 6.0,APBD,GLOBAL PHARMA INDONESIA,E-Purchasing,Barang,Pengadaan BMHP Puskesmas Karang Baru,ON PROCESS,879120,879120
KAB. LOMBOK TIMUR,DINAS PEKERJAAN UMUM DAN PENATAAN RUANG - 1.03.0.00.0.00.01.0000,10842701000,63767767,2026,Non Tender,APBD,CV. AKSOS,Pengadaan Langsung,Pekerjaan Konstruksi,Jalan lingkungan terara,SELESAI,146644000,146644000
KAB. LOMBOK TIMUR,DINAS PEKERJAAN UMUM DAN PENATAAN RUANG - 1.03.0.00.0.00.01.0000,10853286000,63767958,2026,Non Tender,APBD,CV CAHAYA AL FATH,Pengadaan Langsung,Pekerjaan Konstruksi,Pembangunan WC dan tempat wuduk masjid baiturrahman desa gelanggang,SELESAI,97776000,97776000
KAB. LOMBOK TIMUR,RSUD PATUH KARYA - 1.02.0.00.0.00.01.0040,01KNQYHQJVRD87TTCFY4Z1WBWK,63998403,2026,E-Katalog 6.0,APBD,SATORIA ANEKA INDUSTRI,E-Purchasing,Barang,Belanja Obat-Obatan-Obat-Obatan Lainnya,ON PROCESS,38681280,38681280
KAB. LOMBOK TIMUR,PUSKESMAS SIKUR (BLUD) - 1.02.0.00.0.00.01.0008,01KPSHNMH8EQY6YSV68FJ7AFKV,66775810,2026,E-Katalog 6.0,APBD,SAFELOCK MEDICAL,E-Purchasing,Barang,Pengadaan BMHP Puskesmas Sikur,ON PROCESS,7090539,7090539
KAB. LOMBOK TIMUR,DINAS PEKERJAAN UMUM DAN PENATAAN RUANG - 1.03.0.00.0.00.01.0000,10853390000,63767960,2026,Non Tender,APBD,CV MERENDA SEJAHTERA,Pengadaan Langsung,Pekerjaan Konstruksi,Penataan jalan lingkungan desa suwangi,SELESAI,97810000,97810000
KAB. LOMBOK TIMUR,RSUD PATUH KARYA - 1.02.0.00.0.00.01.0040,01KP4Y6DHA7ME1PNCFZE73HMJ6,63998403,2026,E-Katalog 6.0,APBD,RIDHO ILAHI FARMA,E-Purchasing,Barang,Belanja Obat-Obatan-Obat-Obatan Lainnya,ON PROCESS,12159229,12159229
KAB. LOMBOK TIMUR,DINAS PERTANIAN - 3.27.0.00.0.00.01.0000,10907395000,63751232,2026,Non Tender,APBD,CV. ALAM JAGAT RAYA,Pengadaan Langsung,Pekerjaan Konstruksi,Persediaan untuk Dijual/Diserahkan Kepada Masyarakat (Rehab embung klp tani tanak pait desa pemongkong kec. Jerowaru ( Tan 39),SELESAI,145350000,145350000
KAB. LOMBOK TIMUR,PUSKESMAS SUELA (BLUD) - 1.02.0.00.0.00.01.0006,01KRAQGC8MSM4HS1BY1BMK7V4Q,66789701,2026,E-Katalog 6.0,APBD,LIKUID PHARMALAB INDONESIA,E-Purchasing,Barang,Pengadaan BMHP Puskesmas Suela,ON PROCESS,1449891,1449891
KAB. LOMBOK TIMUR,PUSKESMAS SAMBALIA (BLUD) - 1.02.0.00.0.00.01.0022,01KRMRE3YXS6143S58Z3ZB8WEA,66855628,2026,E-Katalog 6.0,APBD,SAFELOCK MEDICAL,E-Purchasing,Barang,Pengadaan BMHP Puskesmas Sambelia,ON PROCESS,1112498,1112498
KAB. LOMBOK TIMUR,PUSKESMAS RENSING (BLUD) - 1.02.0.00.0.00.01.0013,01KTT7EE3ATT1C6RJXSCDNSZ9T,66505628,2026,E-Katalog 6.0,APBD,GLOBAL PHARMA INDONESIA,E-Purchasing,Barang,Pengadaan BMHP Pada Puskesmas Rensing,ON PROCESS,1098900,1098900
KAB. LOMBOK TIMUR,PUSKESMAS KERUAK (BLUD) - 1.02.0.00.0.00.01.0011,01KQM11HT50HDKM7PB6VZNANKP,66666856,2026,E-Katalog 6.0,APBD,JAYAMAS MEDICA INDUSTRI,E-Purchasing,Barang,Pengadaan BMHP Pada Puskesmas Keruak,ON PROCESS,6594865,6594865
KAB. LOMBOK TIMUR,PUSKESMAS LENDANG NANGKA (BLUD) - 1.02.0.00.0.00.01.0015,01KPT6H95AR5MJR8AVAPDQRQ5T,66812884,2026,E-Katalog 6.0,APBD,GLOBAL PHARMA INDONESIA,E-Purchasing,Barang,Pengadaan BMHP Puskesmas Lendang Nangka,ON PROCESS,3113550,3113550
KAB. LOMBOK TIMUR,DINAS PEKERJAAN UMUM DAN PENATAAN RUANG - 1.03.0.00.0.00.01.0000,10886730000,63767644,2026,Non Tender,APBD,PANDU PUTRA,Pengadaan Langsung,Pekerjaan Konstruksi,Rabat Jalan (Paving blok) Lingkungan Lauk Masjid Pancor,BERLANGSUNG,244402000,244402000
KAB. LOMBOK TIMUR,DINAS PERTANIAN - 3.27.0.00.0.00.01.0000,10902593000,63751197,2026,Non Tender,APBD,CV. IKHTIAR DWI PUTRA,Pengadaan Langsung,Pekerjaan Konstruksi,Persediaan untuk Dijual/Diserahkan Kepada Masyarakat (Rehabilitasi Embung Rakyat 5 Kecamatan Jerowaru (Tan 5),SELESAI,145350000,145350000
KAB. LOMBOK TIMUR,DINAS PEKERJAAN UMUM DAN PENATAAN RUANG - 1.03.0.00.0.00.01.0000,10131480000,65995320,2026,Tender,APBD,CV. Gigih Jaya Drilling,Tender,Pekerjaan Konstruksi,Pembangunan Sumur Bor di Kecamatan Sukamulia,SELESAI,534322501,534322501
KAB. LOMBOK TIMUR,PUSKESMAS LEPAK (BLUD) - 1.02.0.00.0.00.01.0028,01KPFNCHB80KWJJNZB8R6JZEXM,66666594,2026,E-Katalog 6.0,APBD,MUKTI REJO ABADI,E-Purchasing,Barang,Pengadaan BMHP Pada Puskesmas Lepak,ON PROCESS,366300,366300
KAB. LOMBOK TIMUR,PUSKESMAS KOTARAJA (BLUD) - 1.02.0.00.0.00.01.0014,01KS4TNJ194FYERW5DH6WJ5ZVW,66776558,2026,E-Katalog 6.0,APBD,INFION,E-Purchasing,Barang,Pengadaan BMHP Puskesmas Kotaraja,ON PROCESS,984759,984759
KAB. LOMBOK TIMUR,RSUD SELAPARANG - 1.02.0.00.0.00.01.0037,01KS1VBPH3FY1ERQN9DZDGSA7S,63991941,2026,E-Katalog 6.0,APBD,PHAPROS,E-Purchasing,Barang,Belanja Obat-Obatan-Obat,ON PROCESS,6635509,6635509
KAB. LOMBOK TIMUR,DINAS PEKERJAAN UMUM DAN PENATAAN RUANG - 1.03.0.00.0.00.01.0000,10945769000,63767758,2026,Non Tender,APBD,CV. BURSA JANTUK MAS,Pengadaan Langsung,Pekerjaan Konstruksi,Pemugaran Tembok Pagar Masjid Nurul Haq Reban Tebu Selong,BERLANGSUNG,97753286,97753286
KAB. LOMBOK TIMUR,PUSKESMAS LENDANG NANGKA (BLUD) - 1.02.0.00.0.00.01.0015,01KPT6C47Q2E881PXB5TNF3T9S,66812884,2026,E-Katalog 6.0,APBD,LIKUID PHARMALAB INDONESIA,E-Purchasing,Barang,Pengadaan BMHP Puskesmas Lendang Nangka,ON PROCESS,3976426,3976426
KAB. LOMBOK TIMUR,PUSKESMAS JEROWARU (BLUD) - 1.02.0.00.0.00.01.0012,01KPSYGH8GNG35P00B5Z0WB1E0,66417328,2026,E-Katalog 6.0,APBD,LIKUID PHARMALAB INDONESIA,E-Purchasing,Barang,Pengadaan BMHP Puskesmas Jerowaru,ON PROCESS,5265563,5265563
KAB. LOMBOK TIMUR,DINAS PEKERJAAN UMUM DAN PENATAAN RUANG - 1.03.0.00.0.00.01.0000,10915742000,63767816,2026,Non Tender,APBD,CV. RAHMAT PUTRA UTAMA,Pengadaan Langsung,Pekerjaan Konstruksi,Penataan jalan desa gereneng,SELESAI,97714000,97714000
KAB. LOMBOK TIMUR,RSUD PATUH KARYA - 1.02.0.00.0.00.01.0040,01KQK5A73QM8EJVFXMKPJN7MKE,63998403,2026,E-Katalog 6.0,APBD,KALBE FARMA,E-Purchasing,Barang,Belanja Obat-Obatan-Obat-Obatan Lainnya,ON PROCESS,66600000,0
KAB. LOMBOK TIMUR,PUSKESMAS KARANG BARU (BLUD) - 1.02.0.00.0.00.01.0024,01KSEZB9S6EE0AGVBEHQQNMXRC,66819325,2026,E-Katalog 6.0,APBD,LIKUID PHARMALAB INDONESIA,E-Purchasing,Barang,Pengadaan BMHP Puskesmas Karang Baru,ON PROCESS,97094,97094
KAB. LOMBOK TIMUR,PUSKESMAS WANASABA (BLUD) - 1.02.0.00.0.00.01.0033,01KPZN5PQ1DCJBV5DKHRQ0NEK1,66707247,2026,E-Katalog 6.0,APBD,LIKUID PHARMALAB INDONESIA,E-Purchasing,Barang,Pengadaan BMHP Puskesmas Wanasaba,ON PROCESS,3510375,3510375
KAB. LOMBOK TIMUR,RSUD DR. SOEDJONO SELONG - 1.02.0.00.0.00.01.0038,01KW1NABWSTV4N384D2BRV5NJR,64539511,2026,E-Katalog 6.0,BLUD,GLOBAL PROMEDIKA SERVICES,E-Purchasing,Jasa Lainnya,Belanja Jasa Kalibrasi,ON PROCESS,517565916,517565916
KAB. LOMBOK TIMUR,PUSKESMAS AIKMEL UTARA (BLUD) - 1.02.0.00.0.00.01.0035,01KWJZY5TV77S9D4AP5P16N1YM,66440606,2026,E-Katalog 6.0,BLUD,CAHYA INTAN MEDIKA,E-Purchasing,Barang,Belanja Barang dan Jasa BLUD,ON PROCESS,3398265,3398265
KAB. LOMBOK TIMUR,PUSKESMAS AIKMEL (BLUD) - 1.02.0.00.0.00.01.0005,01KPFFQTWT2M8Y67TVF2Z80ST2,66490102,2026,E-Katalog 6.0,APBD,TRIFA RAYA LABORATORIES,E-Purchasing,Barang,Pengadaan Obat Pada Puskesmas Aikmel,ON PROCESS,4928400,4928400
KAB. LOMBOK TIMUR,PUSKESMAS RARANG (BLUD) - 1.02.0.00.0.00.01.0032,01KKXAHS656CDFM2Y8FQ9AN14G,66240726,2026,E-Katalog 6.0,BLUD,GLOBAL PHARMA INDONESIA,E-Purchasing,Barang,Belanja Barang Pakai Habis,ON PROCESS,706071,706071
KAB. LOMBOK TIMUR,DINAS PERTANIAN - 3.27.0.00.0.00.01.0000,10890939000,64035648,2026,Non Tender,APBD,CV. YHW SEJAHTERA,Pengadaan Langsung,Pekerjaan Konstruksi,Persediaan untuk Dijual/Diserahkan Kepada Masyarakat (Pembangunan Jalan Usaha Tani dan Nelayan lingkungan Karangsari Kel.Suryawangi (JUT 16),SELESAI,193850000,193850000
KAB. LOMBOK TIMUR,PUSKESMAS RARANG (BLUD) - 1.02.0.00.0.00.01.0032,01KJP2Q4Z55PD5KMV1BB1H8YVT,64010076,2026,E-Katalog 6.0,BLUD,USM BERKAH INDONESIA,E-Purchasing,Barang,Belanja Barang dan Jasa BLUD,ON PROCESS,1751580,1751580
KAB. LOMBOK TIMUR,PUSKESMAS RENSING (BLUD) - 1.02.0.00.0.00.01.0013,01KSVVBBSXGMZ4SJ9ABG44DCKB,66505628,2026,E-Katalog 6.0,APBD,SAFELOCK MEDICAL,E-Purchasing,Barang,Pengadaan BMHP Pada Puskesmas Rensing,ON PROCESS,16684985,16684985
KAB. LOMBOK TIMUR,DINAS PEMUDA DAN OLAHRAGA - 2.19.0.00.0.00.01.0000,01KSHAA4YYBJM9ENK3DEAHS4NV,67086892,2026,E-Katalog 6.0,APBD,SARI FANIA,E-Purchasing,Barang,Belanja Barang untuk Dijual/Diserahkan kepada Masyarakat,ON PROCESS,744504750,744504750
KAB. LOMBOK TIMUR,PUSKESMAS RARANG (BLUD) - 1.02.0.00.0.00.01.0032,01KJVEPV3DVEKZ49G1EP2CPYDT,66116819,2026,E-Katalog 6.0,BLUD,BERNOFARM,E-Purchasing,Barang,Belanja Barang Pakai Habis,ON PROCESS,16812526,16812526
KAB. LOMBOK TIMUR,DINAS KESEHATAN - 1.02.0.00.0.00.01.0000,01KNKJC2MH48YYHE9XM7KCMRH7,63968036,2026,E-Katalog 6.0,APBD,HEXPHARM JAYA LABORATORIES,E-Purchasing,Barang,Pengadaan Obat PKD (DAK Non Fisik-Dana BOK-BOK Dinas-BOK Kabupaten/Kota),ON PROCESS,93160302,93160302
KAB. LOMBOK TIMUR,RSUD PATUH KARYA - 1.02.0.00.0.00.01.0040,01KKARRW2FB2S23XVN0VXV3GWQ,63998403,2026,E-Katalog 6.0,APBD,AHMADARIS,E-Purchasing,Barang,Belanja Obat-Obatan-Obat-Obatan Lainnya,ON PROCESS,26581532,26581532
KAB. LOMBOK TIMUR,PUSKESMAS MASBAGIK (BLUD) - 1.02.0.00.0.00.01.0007,01KQC3CHA3Q5VC99DGZJEW8KB6,66937693,2026,E-Katalog 6.0,APBD,RIDHO ILAHI FARMA,E-Purchasing,Barang,Pengadaan BMHP Puskesmas Masbagik,ON PROCESS,615018,615018
KAB. LOMBOK TIMUR,DINAS KESEHATAN - 1.02.0.00.0.00.01.0000,01KQE4AFYXMRPN74TXN98WJ6XD,63968045,2026,E-Katalog 6.0,APBD,OTSUKA INDONESIA,E-Purchasing,Barang,Pengadaan Obat (DAU yang Ditentukan Penggunaannya Bidang Kesehatan),ON PROCESS,1025640,1025640
KAB. LOMBOK TIMUR,DINAS PEKERJAAN UMUM DAN PENATAAN RUANG - 1.03.0.00.0.00.01.0000,10874793000,63767663,2026,Non Tender,APBD,CV. DUA RADEN,Pengadaan Langsung,Pekerjaan Konstruksi,"Penataan Lingkungan HM Foundation Lombok Desa Pringgabaya, Kec. Pringgabaya",SELESAI,68530000,68530000
KAB. LOMBOK TIMUR,PUSKESMAS MASBAGIK (BLUD) - 1.02.0.00.0.00.01.0007,01KPFJHFEARX1MDQRDY4KSX2XP,66937693,2026,E-Katalog 6.0,APBD,MULAWARMAN KESADA MEDICALINDO,E-Purchasing,Barang,Pengadaan BMHP Puskesmas Masbagik,ON PROCESS,2197800,2197800
KAB. LOMBOK TIMUR,DINAS PEKERJAAN UMUM DAN PENATAAN RUANG - 1.03.0.00.0.00.01.0000,10840236000,63767750,2026,Non Tender,APBD,CV. GALUH JAYA ABADI,Pengadaan Langsung,Pekerjaan Konstruksi,Penataan Lingkungan Dusun Batu Rente Desa Karang Baru Kecamatan Wanasaba,SELESAI,97858000,97858000
KAB. LOMBOK TIMUR,PUSKESMAS KERUAK (BLUD) - 1.02.0.00.0.00.01.0011,01KP5NH6T40GDW0XM7SDVDPXC8,66666827,2026,E-Katalog 6.0,APBD,TRIFA RAYA LABORATORIES,E-Purchasing,Barang,Pengadaan Obat Pada Puskesmas Keruak,ON PROCESS,4317900,4317900
KAB. LOMBOK TIMUR,PUSKESMAS AIKMEL (BLUD) - 1.02.0.00.0.00.01.0005,01KQE8SEACVQ6FP22V33QX5M6N,66490101,2026,E-Katalog 6.0,APBD,RIDHO ILAHI FARMA,E-Purchasing,Barang,Pengadaan BMHP Pada Puskesmas Aikmel,ON PROCESS,1593039,1593039
KAB. LOMBOK TIMUR,RSUD LOMBOK TIMUR - 1.02.0.00.0.00.01.0039,01KR103C9ZKK134212B8AQ0RVQ,64855001,2026,E-Katalog 6.0,BLUD,DARYA-VARIA LABORATORIA,E-Purchasing,Barang,Belanja Obat-Obatan-Obat,ON PROCESS,8953371,8953371
KAB. LOMBOK TIMUR,PUSKESMAS JEROWARU (BLUD) - 1.02.0.00.0.00.01.0012,01KKJQDPNKYSV8TP59TARA820A,66417548,2026,E-Katalog 6.0,APBD,EMJEBE PHARMA,E-Purchasing,Barang,Belanja Obat-Obatan-Obat Puskesmas Jerowaru,ON PROCESS,25494480,25494480
KAB. LOMBOK TIMUR,DINAS PEKERJAAN UMUM DAN PENATAAN RUANG - 1.03.0.00.0.00.01.0000,10832156000,63767754,2026,Non Tender,APBD,CV. SANDEKALA,Pengadaan Langsung,Pekerjaan Konstruksi,"Pengaspalan Jalan antar Dusun Kelompok Masyarakat Dusun Bebokar Dusun Bebokar Desa Pengadangan, Kecmatan Pringgasela",SELESAI,195744000,195744000
KAB. LOMBOK TIMUR,DINAS PEKERJAAN UMUM DAN PENATAAN RUANG - 1.03.0.00.0.00.01.0000,10881978000,63767704,2026,Non Tender,APBD,CV. MARSHA UTAMA,Pengadaan Langsung,Pekerjaan Konstruksi,"Penataan Lingkungan Dusun Dalem Bat, Desa Rarang, Kecamatan Terata",SELESAI,195509000,195509000
