nama_instansi,nama_satuan_kerja,kode_paket,kode_rup,tahun_anggaran,sumber_transaksi,sumber_dana,nama_penyedia,metode_pengadaan,jenis_pengadaan,nama_paket,status_paket,total_nilai,nilai_pdn
KAB. TANGGAMUS,SEKRETARIAT DPRD - 4.02.0.00.0.00.01.0000,01KN5ZZZ2VY5D1W6HDW5WF4HGZ,63313099,2026,E-Katalog 6.0,APBD,BRIYAN GLOBAL MEDIA,E-Purchasing,Jasa Lainnya," Belanja Langganan Jurnal/Surat Kabar/Majalah",PAYMENT OUTSIDE SYSTEM,2850000,2850000
KAB. TANGGAMUS,DINAS KOMUNIKASI DAN INFORMATIKA - 2.16.2.20.2.21.04.0000,01KKKTK3469Q700E27AFTD0ZV5,66478983,2026,E-Katalog 6.0,APBN,SUARA SIBER INDONESIA,E-Purchasing,Jasa Lainnya,Pengadaan Tenaga Alih Daya,ON PROCESS,190000,190000
KAB. TANGGAMUS,BAGIAN ORGANISASI SEKRETARIAT DAERAH - 4.01.5.06.0.00.01.0008,01KKBDAW2XY7DN2QY3HQB2T74V,63404038,2026,E-Katalog 6.0,APBD,WE DHE WE,E-Purchasing,Jasa Lainnya,Belanja Alat/Bahan untuk Kegiatan Kantor- Bahan Cetak,PAYMENT OUTSIDE SYSTEM,15151500,15151500
KAB. TANGGAMUS,BAGIAN UMUM SEKRETARIAT DAERAH - 4.01.5.06.0.00.01.0007,01KVFD6MY035X9T55TB6ZEC4C7,65478007,2026,E-Katalog 6.0,APBD,SWARA ANTAR NUSA,E-Purchasing,Jasa Lainnya,"Belanja Pakaian Dinas Harian (PDH) Sekretaris Daerah, Assisten dan Staf Ahli",ON PROCESS,7000000,7000000
KAB. TANGGAMUS,BADAN KESATUAN BANGSA DAN POLITIK - 8.01.0.00.0.00.01.0000,01KJPRBNCJH039S2GGEFH5RJ77,65553443,2026,E-Katalog 6.0,APBD,KIA JAYA,E-Purchasing,Barang,BELANJA MODAL PERSONAL KOMPUTER,PAYMENT OUTSIDE SYSTEM,9879000,9879000
KAB. TANGGAMUS,SEKRETARIAT DPRD - 4.02.0.00.0.00.01.0000,01KS26BTXNDVDZ9RRFETVZ0PH9,63313099,2026,E-Katalog 6.0,APBD,GLOBAL MEDIATAMA ADIGUNA,E-Purchasing,Jasa Lainnya," Belanja Langganan Jurnal/Surat Kabar/Majalah",ON PROCESS,1900000,1900000
KAB. TANGGAMUS,SEKRETARIAT DPRD - 4.02.0.00.0.00.01.0000,01KKTN4CX8YXNA9K352EB4EWA9,63313099,2026,E-Katalog 6.0,APBD,NADI MEDIA NEWS,E-Purchasing,Jasa Lainnya," Belanja Langganan Jurnal/Surat Kabar/Majalah",PAYMENT OUTSIDE SYSTEM,4750000,4750000
KAB. TANGGAMUS,BAGIAN UMUM SEKRETARIAT DAERAH - 4.01.5.06.0.00.01.0007,10781908000,63544106,2026,Non Tender,APBD,CV. NUANSA TEKNIK KONSULTAN,Pengadaan Langsung,Jasa Konsultansi Badan Usaha Konstruksi,Belanja Konsultan Pengawas Pemeliharaan Aset Tetap Lainnya,SELESAI,24542100,24542100
KAB. TANGGAMUS,PUSKESMAS TALANG PADANG - 1.02.0.00.0.00.01.0014,01KT2YGGVFW08HBJKY5HG7ZYF5,66843100,2026,E-Katalog 6.0,APBD,ABDUL AZIS,E-Purchasing,Barang,Belanja Barang dan Jasa BLUD,COMPLETED,1559250,1559250
KAB. TANGGAMUS,DINAS KOMUNIKASI DAN INFORMATIKA - 2.16.2.20.2.21.04.0000,01KVYH0ZBKCA7Z2DKE67YGP69M,66007827,2026,E-Katalog 6.0,APBD,GUBA JAYA MEDIA,E-Purchasing,Jasa Lainnya,Belanja Langganan Jurnal/Surat Kabar/Majalah,ON PROCESS,5700000,5700000
KAB. TANGGAMUS,DINAS PENDIDIKAN DAN KEBUDAYAAN - 1.01.2.22.0.00.02.0000,01KW1EFVXM2SZ2WB16NVV949PC,67027652,2026,E-Katalog 6.0,APBD,LANGGENG JAYA TANGGAMUS,E-Purchasing,Barang,Belanja Alat/Bahan untuk Kegiatan Kantor- Bahan Cetak ,ON PROCESS,985680,985680
KAB. TANGGAMUS,DINAS PERKEBUNAN DAN PETERNAKAN - 3.27.0.00.0.00.05.0000,01KP53WYW6ZPZYN4TN577BCWH4,65718286,2026,E-Katalog 6.0,APBD,ABID FAMILI,E-Purchasing,Barang,Alat Tulis Kantor Keg. Pendampingan Penggunaan Sarana Pendukung Pertanian ,PAYMENT OUTSIDE SYSTEM,1097790,1097790
KAB. TANGGAMUS,DINAS KOMUNIKASI DAN INFORMATIKA - 2.16.2.20.2.21.04.0000,01KWBQVRRMXYADG3TDDK1QJNNB,66005396,2026,E-Katalog 6.0,APBD,LAMPUNGRAYA TELEVISI INDONESIA,E-Purchasing,Jasa Lainnya,"Belanja Jasa Iklan/Reklame, Film, dan Pemotretan",ON PROCESS,19000000,19000000
KAB. TANGGAMUS,SEKRETARIAT DPRD - 4.02.0.00.0.00.01.0000,01KMQ7CHFKW4NX5EK39XWAKGCS,63313099,2026,E-Katalog 6.0,APBD,ALDO SANJAYA INVESTAMA,E-Purchasing,Jasa Lainnya," Belanja Langganan Jurnal/Surat Kabar/Majalah",PAYMENT OUTSIDE SYSTEM,190000,190000
KAB. TANGGAMUS,DINAS KOMUNIKASI DAN INFORMATIKA - 2.16.2.20.2.21.04.0000,01KKK479TMK5PX0YKJ3RKZPZEQ,66007827,2026,E-Katalog 6.0,APBD,SHAQEERANA WIJAYA MULTIMEDIA,E-Purchasing,Jasa Lainnya,Belanja Langganan Jurnal/Surat Kabar/Majalah,ON PROCESS,2850000,2850000
KAB. TANGGAMUS,DINAS PEMUDA DAN OLAHRAGA - 2.19.0.00.0.00.01.0000,01KKG2C27AZRAEXD48JC1258PP,65089107,2026,E-Katalog 6.0,APBD,MELATI JAYA CATERING,E-Purchasing,Barang,Belanja Makanan dan Minuman Rapat,PAYMENT OUTSIDE SYSTEM,380000,380000
KAB. TANGGAMUS,SEKRETARIAT DPRD - 4.02.0.00.0.00.01.0000,01KKTYDT9BZ6598YJ1DDJS3WXW,63313099,2026,E-Katalog 6.0,APBD,CAMP TINTA BKP,E-Purchasing,Jasa Lainnya," Belanja Langganan Jurnal/Surat Kabar/Majalah",PAYMENT OUTSIDE SYSTEM,2850000,2850000
KAB. TANGGAMUS,DINAS KEPENDUDUKAN DAN PENCATATAN SIPIL - 2.12.2.12.0.00.01.0000,01KP5M21FGRCSVQHWQG8QN9WP9,62902029,2026,E-Katalog 6.0,APBD,EFIKA REZA,E-Purchasing,Barang,Belanja Modal Alat Pendingin ,ON PROCESS,943500,943500
KAB. TANGGAMUS,SEKRETARIAT DPRD - 4.02.0.00.0.00.01.0000,01KKTGCVB6YG7RQ40W0CZ1H8Z9,63313099,2026,E-Katalog 6.0,APBD,FAJAR INTERMEDIA UTAMA,E-Purchasing,Jasa Lainnya," Belanja Langganan Jurnal/Surat Kabar/Majalah",PAYMENT OUTSIDE SYSTEM,4750000,4750000
KAB. TANGGAMUS,DINAS KOMUNIKASI DAN INFORMATIKA - 2.16.2.20.2.21.04.0000,01KNKGWTZ2RWESMF0H4ZQACT9C,66007827,2026,E-Katalog 6.0,APBD,WAHANA SEMESTA WONOSOBO,E-Purchasing,Jasa Lainnya,Belanja Langganan Jurnal/Surat Kabar/Majalah,ON PROCESS,4750000,4750000
KAB. TANGGAMUS,DINAS PEKERJAAN UMUM DAN PERUMAHAN RAKYAT - 1.03.1.04.2.10.10.0000,01KTJQ2DWHMYCZCV093TWYS4JH,66821770,2026,E-Katalog 6.0,APBD,SAN AMERTA ROMORA,E-Purchasing,Barang,Belanja Alat Berat Excvator,ON PROCESS,1749360000,1749360000
KAB. TANGGAMUS,BAGIAN UMUM SEKRETARIAT DAERAH - 4.01.5.06.0.00.01.0007,01KH7YSF9H93JW8SQ32Y6BV2H3,63537539,2026,E-Katalog 6.0,APBD,SWARA ANTAR NUSA,E-Purchasing,Barang,Belanja Pakaian Resmi Lampung Lengkap (PRLL) Bupati dan Wakil Bupati,ON PROCESS,48000000,48000000
KAB. TANGGAMUS,SEKRETARIAT DPRD - 4.02.0.00.0.00.01.0000,01KMQ07XFF88BEHVB2FAAN5JTY,63313099,2026,E-Katalog 6.0,APBD,MANDIRI MIMA CAHAYA FAJAR,E-Purchasing,Jasa Lainnya," Belanja Langganan Jurnal/Surat Kabar/Majalah",PAYMENT OUTSIDE SYSTEM,1425000,1425000
KAB. TANGGAMUS,DINAS KOMUNIKASI DAN INFORMATIKA - 2.16.2.20.2.21.04.0000,01KNNX1HDXWJRA5G49GTFBVWQM,66007827,2026,E-Katalog 6.0,APBD,HANDAL LAMPUNG MAT ARIEF,E-Purchasing,Jasa Lainnya,Belanja Langganan Jurnal/Surat Kabar/Majalah,ON PROCESS,1900000,1900000
KAB. TANGGAMUS,BADAN KEUANGAN DAN ASET DAERAH - 5.02.0.00.0.00.06.0000,01KHX05JQ4756A2PVBGP2AYEEQ,65500406,2026,E-Katalog 6.0,APBD,WE DHE WE,E-Purchasing,Barang,Belanja Alat/Bahan untuk Kegiatan Kantor-Perabot Kantor,PAYMENT OUTSIDE SYSTEM,11728260,11728260
KAB. TANGGAMUS,PUSKESMAS SUMBEREJO - 1.02.0.00.0.00.01.0025,01KR58TDYF79MVRT7ZT6GQ5A0P,66921258,2026,E-Katalog 6.0,APBD,ALFA QINAN ANUGERAH MANDIRI,E-Purchasing,Barang,-,COMPLETED,15511140,15511140
KAB. TANGGAMUS,BAGIAN PERENCANAAN DAN KEUANGAN SEKRETARIAT DAERAH - 4.01.5.06.0.00.01.0010,01KJY1QRVHNSEYJ38XA178GAKZ,63823627,2026,E-Katalog 6.0,APBD,ALGHIF JAYA,E-Purchasing,Barang,Belanja Alat/Bahan untuk Kegiatan Kantor-Alat Tulis Kantor,PAYMENT OUTSIDE SYSTEM,805527,805527
KAB. TANGGAMUS,SEKRETARIAT DPRD - 4.02.0.00.0.00.01.0000,01KMM2ZM85WMFGBS4SNKJ7GC5B,63313099,2026,E-Katalog 6.0,APBD,ZAVIRA BIANCA PUTRI,E-Purchasing,Jasa Lainnya," Belanja Langganan Jurnal/Surat Kabar/Majalah",PAYMENT OUTSIDE SYSTEM,950000,950000
KAB. TANGGAMUS,SEKRETARIAT DPRD - 4.02.0.00.0.00.01.0000,01KTN9DDBYAW49YEZ32W6JVKRB,63313099,2026,E-Katalog 6.0,APBD,RADAR LAMPUNG VISUAL,E-Purchasing,Jasa Lainnya," Belanja Langganan Jurnal/Surat Kabar/Majalah",ON PROCESS,57000000,57000000
KAB. TANGGAMUS,DINAS KOMUNIKASI DAN INFORMATIKA - 2.16.2.20.2.21.04.0000,01KKJPX57MBRSW27QRNERQ210H,66007827,2026,E-Katalog 6.0,APBD,HARIAN GLOBAL NUSANTARA,E-Purchasing,Jasa Lainnya,Belanja Langganan Jurnal/Surat Kabar/Majalah,ON PROCESS,2850000,2850000
KAB. TANGGAMUS,DINAS PENDIDIKAN DAN KEBUDAYAAN - 1.01.2.22.0.00.02.0000,01KRDJBG395HBP6MFW6Q867EFM,67022567,2026,E-Katalog 6.0,APBD,BERTIGA JAYA,E-Purchasing,Barang,Belanja Alat/Bahan untuk Kegiatan Kantor- Bahan Cetak FLS3N Tingkat Kabupaten,ON PROCESS,2963700,2963700
KAB. TANGGAMUS,DINAS KOMUNIKASI DAN INFORMATIKA - 2.16.2.20.2.21.04.0000,01KVYEEFD2Y348C62W6ZV88672,66007827,2026,E-Katalog 6.0,APBD,SEMAKA MEDIA AGUNG,E-Purchasing,Jasa Lainnya,Belanja Langganan Jurnal/Surat Kabar/Majalah,ON PROCESS,3800000,3800000
KAB. TANGGAMUS,RUMAH SAKIT UMUM DAERAH BATIN MANGUNANG KOTA AGUNG - 1.02.0.00.0.00.01.0001,01KVW4ETPPSBD9NHCZKE05YEYY,67140288,2026,E-Katalog 6.0,APBD,SANBE FARMA,E-Purchasing,Jasa Lainnya,Belanja Barang dan Jasa BLUD,ON PROCESS,71063532,71063532
KAB. TANGGAMUS,SEKRETARIAT DPRD - 4.02.0.00.0.00.01.0000,01KKTQYNR9P4Z037JDJ114CQ0W,63313099,2026,E-Katalog 6.0,APBD,NARASI INDONESIA MEDIA ABADI,E-Purchasing,Jasa Lainnya," Belanja Langganan Jurnal/Surat Kabar/Majalah",PAYMENT OUTSIDE SYSTEM,1900000,1900000
KAB. TANGGAMUS,DINAS KOMUNIKASI DAN INFORMATIKA - 2.16.2.20.2.21.04.0000,01KRZ2B1FHZSY8CGSXT8ZMPTY0,66007827,2026,E-Katalog 6.0,APBD,INTERMEDIA NUSA BHAKTI,E-Purchasing,Jasa Lainnya,Belanja Langganan Jurnal/Surat Kabar/Majalah,ON PROCESS,19000000,19000000
KAB. TANGGAMUS,BAGIAN UMUM SEKRETARIAT DAERAH - 4.01.5.06.0.00.01.0007,01KTJZKD80YMMF3WZ1Q8SM6VNG,67147911,2026,E-Katalog 6.0,APBD,SHAFIRA BERKAH ABADI,E-Purchasing,Barang,Belanja AC Kantor Setdakab,ON PROCESS,64491000,64491000
KAB. TANGGAMUS,"BADAN PERENCANAAN PEMBANGUNAN, RISET DAN INOVASI DAERAH - 5.01.5.05.0.00.01.0000",01KJVT6G7SE35V8BPV919KW5XR,64080102,2026,E-Katalog 6.0,APBD,ABID FAMILI,E-Purchasing,Barang,Belanja Alat/Bahan Untuk Kegiatan Kantor - Alat Tulis Kantor - Sub Kegiatan Pelaksanaan Konsultasi Publik (PMPEPD),PAYMENT OUTSIDE SYSTEM,1921426,1921426
KAB. TANGGAMUS,BAGIAN UMUM SEKRETARIAT DAERAH - 4.01.5.06.0.00.01.0007,01KGRK3NQ8SS8PTPY1RAFN5G6W,63537624,2026,E-Katalog 6.0,APBD,SWARA ANTAR NUSA,E-Purchasing,Barang,Belanja Pakaian Batik Tradisional Bupati dan Wakil Bupati,ON PROCESS,8400000,8400000
KAB. TANGGAMUS,"BADAN PERENCANAAN PEMBANGUNAN, RISET DAN INOVASI DAERAH - 5.01.5.05.0.00.01.0000",10942106000,67262058,2026,Pencatatan,APBD,,Pengadaan Langsung,Pengadaan Barang,Belanja Jasa Penyelenggaraan Acara - Sub Kegiatan Pelaksanaan Musrenbang Kabupaten/Kota (PMPEPD),PAKET SELESAI,1625000,1625000
KAB. TANGGAMUS,DINAS KOMUNIKASI DAN INFORMATIKA - 2.16.2.20.2.21.04.0000,01KKK4C2HTQ42NX0771Z2XGXE6,66007827,2026,E-Katalog 6.0,APBD,SIGERINDO MEDIA NUSA,E-Purchasing,Jasa Lainnya,Belanja Langganan Jurnal/Surat Kabar/Majalah,ON PROCESS,2850000,2850000
KAB. TANGGAMUS,"BADAN PERENCANAAN PEMBANGUNAN, RISET DAN INOVASI DAERAH - 5.01.5.05.0.00.01.0000",01KJHE3K6DZSJGGSETJPACVRB0,64483904,2026,E-Katalog 6.0,APBD,BERTIGA JAYA,E-Purchasing,Barang,Belanja Alat/Bahan untuk Kegiatan Kantor-Alat Listrik Sub Kegiatan Penyediaan Peralatan dan Perlengkapan Kantor,PAYMENT OUTSIDE SYSTEM,921300,921300
KAB. TANGGAMUS,DINAS KOMUNIKASI DAN INFORMATIKA - 2.16.2.20.2.21.04.0000,01KKKQ48207XQ337NBYFPEYP7M,66007827,2026,E-Katalog 6.0,APBD,HIKMAH KIRANA FATRIALIS,E-Purchasing,Jasa Lainnya,Belanja Langganan Jurnal/Surat Kabar/Majalah,ON PROCESS,285000,285000
KAB. TANGGAMUS,"BADAN PERENCANAAN PEMBANGUNAN, RISET DAN INOVASI DAERAH - 5.01.5.05.0.00.01.0000",01KX0DCQGR4T0RKC6G906XZWNT,64118061,2026,E-Katalog 6.0,APBD,ABID FAMILI,E-Purchasing,Barang,"Belanja Alat/Bahan untuk Kegiatan Kantor - Bahan Cetak - Sub Kegiatan Analisis Kondisi Daerah, Permasalahan, dan Isu Strategis Pembangunan Daerah (PMPEPD)",ON PROCESS,449550,449550
KAB. TANGGAMUS,SEKRETARIAT DPRD - 4.02.0.00.0.00.01.0000,01KWK3NMZ87W7YRFXN2MHEWDCY,63313099,2026,E-Katalog 6.0,APBD,MEDIA LAMPUNG CITY BERKARYA,E-Purchasing,Jasa Lainnya," Belanja Langganan Jurnal/Surat Kabar/Majalah",ON PROCESS,4750000,4750000
KAB. TANGGAMUS,SEKRETARIAT DPRD - 4.02.0.00.0.00.01.0000,01KS26RYRTH7JKHC0YENKNX2T3,63313099,2026,E-Katalog 6.0,APBD,KEMUNING POST MANDIRI,E-Purchasing,Jasa Lainnya," Belanja Langganan Jurnal/Surat Kabar/Majalah",ON PROCESS,950000,950000
KAB. TANGGAMUS,BADAN KESATUAN BANGSA DAN POLITIK - 8.01.0.00.0.00.01.0000,01KKX52978WQF8XEJWBQ6N8QNN,66205203,2026,E-Katalog 6.0,APBD,MAHARANI GROUP,E-Purchasing,Barang,Belanja Sewa Alat Kantor Lainnya Hut Tanggamus,PAYMENT OUTSIDE SYSTEM,24100000,24100000
KAB. TANGGAMUS,BAGIAN UMUM SEKRETARIAT DAERAH - 4.01.5.06.0.00.01.0007,01KFHZRXSHS4JKM7SKKFYA1VBS,63823470,2026,E-Katalog 6.0,APBD,MAHARANI GROUP,E-Purchasing,Jasa Lainnya,Belanja Sewa Alat Kantor Lainnya,ON PROCESS,20000000,20000000
KAB. TANGGAMUS,DINAS KOMUNIKASI DAN INFORMATIKA - 2.16.2.20.2.21.04.0000,01KKJT1Y6RG75JDJB4WSG9VYXE,66007827,2026,E-Katalog 6.0,APBD,MAISTRO GLOBAL INDONESIA,E-Purchasing,Jasa Lainnya,Belanja Langganan Jurnal/Surat Kabar/Majalah,ON PROCESS,2850000,2850000
KAB. TANGGAMUS,RUMAH SAKIT UMUM DAERAH BATIN MANGUNANG KOTA AGUNG - 1.02.0.00.0.00.01.0001,10917924000,67140274,2026,Pencatatan,APBD,CV. INDAH NURANI,Pengadaan Langsung,Pekerjaan Konstruksi,Belanja Modal Gedung dan Bangunan BLUD (Rehabilitasi Kamar Mandi Ruang VK Inpeksius dan Non Inpeksius Gedung Kebidanan),PAKET SELESAI,23604650,23604650
KAB. TANGGAMUS,DINAS KOMUNIKASI DAN INFORMATIKA - 2.16.2.20.2.21.04.0000,01KQ6Z338QRV3SVVE1E7AEM6T8,66007827,2026,E-Katalog 6.0,APBD,SULUH MEDIA INDONESIA,E-Purchasing,Jasa Lainnya,Belanja Langganan Jurnal/Surat Kabar/Majalah,ON PROCESS,9500000,9500000
KAB. TANGGAMUS,DINAS PERKEBUNAN DAN PETERNAKAN - 3.27.0.00.0.00.05.0000,01KJVV9NA8BCKGXWM6AEX4BQAN,65662640,2026,E-Katalog 6.0,APBD,ABID FAMILI,E-Purchasing,Barang,Belanja Alat/Bahan untuk Kegiatan Kantor-Alat Tulis Kantor ,PAYMENT OUTSIDE SYSTEM,4628656,4628656
KAB. TANGGAMUS,BADAN KEPEGAWAIAN DAN PENGEMBANGAN SUMBER DAYA MANUSIA - 5.03.5.04.0.00.01.0000,01KVQ7N25AFZB8NZSMAF07EZS3,63298566,2026,E-Katalog 6.0,APBD,CV Solusi Arya Prima Lampung,E-Purchasing,Barang,Belanja Modal Alat Studio Lainnya,ON PROCESS,19092000,0
KAB. TANGGAMUS,SEKRETARIAT DPRD - 4.02.0.00.0.00.01.0000,01KKTMJT8DT9W22YNHK111X2EH,63313099,2026,E-Katalog 6.0,APBD,RAKATA NEWS MULTIMEDIA,E-Purchasing,Jasa Lainnya," Belanja Langganan Jurnal/Surat Kabar/Majalah",PAYMENT OUTSIDE SYSTEM,4750000,4750000
KAB. TANGGAMUS,DINAS KOMUNIKASI DAN INFORMATIKA - 2.16.2.20.2.21.04.0000,01KKGKV23B8NHJ9TRB42MDG6CT,66007827,2026,E-Katalog 6.0,APBD,BINTANG ADHYAKSA JAYA,E-Purchasing,Jasa Lainnya,Belanja Langganan Jurnal/Surat Kabar/Majalah,ON PROCESS,4750000,4750000
KAB. TANGGAMUS,RUMAH SAKIT UMUM DAERAH BATIN MANGUNANG KOTA AGUNG - 1.02.0.00.0.00.01.0001,01KS4DRS0FEV0JRSSH51QWYC7N,66173623,2026,E-Katalog 6.0,APBD,WE DHE WE,E-Purchasing,Barang,Belanja Alat/Bahan untuk Kegiatan Kantor-Alat Tulis Kantor,ON PROCESS,693750,693750
KAB. TANGGAMUS,PLT.DINAS KESEHATAN - 1.02.0.00.0.00.01.0000,01KSEK7QBFCJMYAQC2JM46Q1YE,65192022,2026,E-Katalog 6.0,APBD,ABID FAMILI,E-Purchasing,Barang,Belanja Alat/Bahan untuk Kegiatan Kantor- Bahan Cetak subkegiatan  Evaluasi Kinerja Perangkat Daerah,ON PROCESS,5194400,5194400
KAB. TANGGAMUS,SEKRETARIAT DPRD - 4.02.0.00.0.00.01.0000,01KKTZ52F0Z8BN31R7ZYQ2376B,63313099,2026,E-Katalog 6.0,APBD,SUMATERA NEWS MEDIA,E-Purchasing,Jasa Lainnya," Belanja Langganan Jurnal/Surat Kabar/Majalah",PAYMENT OUTSIDE SYSTEM,2850000,2850000
KAB. TANGGAMUS,DINAS PERKEBUNAN DAN PETERNAKAN - 3.27.0.00.0.00.05.0000,01KTTCKW8HB1M5VP5TPDAWH309,65669838,2026,E-Katalog 6.0,APBD,ZIDAN PRATAMA,E-Purchasing,Barang,Belanja Modal Alat Kantor Lainnya ,ON PROCESS,3885000,3885000
KAB. TANGGAMUS,"BADAN PERENCANAAN PEMBANGUNAN, RISET DAN INOVASI DAERAH - 5.01.5.05.0.00.01.0000",01KTNKGYMGMDRBGQH8DM4EA2C6,67226420,2026,E-Katalog 6.0,APBD,LANGGENG JAYA TANGGAMUS,E-Purchasing,Barang,Belanja Alat/Bahan untuk Kegiatan Kantor-Alat Tulis Kantor - Sub Analisis Data dan Informasi Perencanaan Pembangunan Daerah,ON PROCESS,1249416,1249416
KAB. TANGGAMUS,BAGIAN UMUM SEKRETARIAT DAERAH - 4.01.5.06.0.00.01.0007,01KKX0FFVAV5N5W6J1ZBCA8F3E,65985044,2026,E-Katalog 6.0,APBD,MANDALA WANGI INDONESIA,E-Purchasing,Barang,Belanja Modal Peralatan Personal Computer,PAYMENT OUTSIDE SYSTEM,59940000,59940000
KAB. TANGGAMUS,"BADAN PERENCANAAN PEMBANGUNAN, RISET DAN INOVASI DAERAH - 5.01.5.05.0.00.01.0000",01KX0D2WDZ32HGMC16ADR4ASRM,64082519,2026,E-Katalog 6.0,APBD,BERTIGA JAYA,E-Purchasing,Barang,Belanja Peralatan dan Mesin - Alat Kantor dan Rumah Tangga - Alat Kantor - Alat Kantor Lainnya - Sub Kegiatan Pelaksanaan Konsultasi Publik (PMPEPD),ON PROCESS,4495500,4495500
KAB. TANGGAMUS,"BADAN PERENCANAAN PEMBANGUNAN, RISET DAN INOVASI DAERAH - 5.01.5.05.0.00.01.0000",01KJ47BWV1FDJW2479MAVMZ699,64431574,2026,E-Katalog 6.0,APBD,LANGGENG JAYA TANGGAMUS,E-Purchasing,Jasa Lainnya,Belanja Alat/Bahan untuk Kegiatan Kantor- Bahan Cetak Sub Kegiatan Penyusunan Dokumen Perencanaan Perangkat Daerah,PAYMENT OUTSIDE SYSTEM,1970028,1970028
KAB. TANGGAMUS,BAGIAN UMUM SEKRETARIAT DAERAH - 4.01.5.06.0.00.01.0007,01KGRFN78DNFV1GZY42FHSZWKP,65477343,2026,E-Katalog 6.0,APBD,SWARA ANTAR NUSA,E-Purchasing,Jasa Lainnya,"Belanja Pakaian Sipil (PSH) Sekretaris Daerah, Assisten dan Staf Ahli",ON PROCESS,13000000,13000000
KAB. TANGGAMUS,DINAS KOMUNIKASI DAN INFORMATIKA - 2.16.2.20.2.21.04.0000,01KK85XE3VYTYHWEAZ5MFR3E8E,66005396,2026,E-Katalog 6.0,APBD,MULTIMEDIA CIPTA MANDIRI,E-Purchasing,Jasa Lainnya,"Belanja Jasa Iklan/Reklame, Film, dan Pemotretan",ON PROCESS,19000000,19000000
KAB. TANGGAMUS,SEKRETARIAT DPRD - 4.02.0.00.0.00.01.0000,01KKTYYQ60XKDCYTJMWEVXPQEQ,63313099,2026,E-Katalog 6.0,APBD,CAMP TINTA ELITE,E-Purchasing,Jasa Lainnya," Belanja Langganan Jurnal/Surat Kabar/Majalah",PAYMENT OUTSIDE SYSTEM,2850000,2850000
KAB. TANGGAMUS,DINAS PEMUDA DAN OLAHRAGA - 2.19.0.00.0.00.01.0000,01KJC7K409YSEAGPZ5YA7Z0YC4,65021183,2026,E-Katalog 6.0,APBD,SWARA ANTAR NUSA,E-Purchasing,Jasa Lainnya,Belanja Modal Peralatan Personal Computer,PAYMENT OUTSIDE SYSTEM,8880000,8880000
KAB. TANGGAMUS,BAGIAN UMUM SEKRETARIAT DAERAH - 4.01.5.06.0.00.01.0007,01KP27S16K6NNSDJWY55ZQ62RY,66366166,2026,E-Katalog 6.0,APBD,HARIA FITRI. S,E-Purchasing,Jasa Lainnya,Belanja Pemeliharaan Alat Angkutan-Alat Angkutan Darat Bermotor-Kendaraan,ON PROCESS,4500000,4500000
KAB. TANGGAMUS,SEKRETARIAT DPRD - 4.02.0.00.0.00.01.0000,01KWV1XKVFMADHCZJV8ZDR0527,63313099,2026,E-Katalog 6.0,APBD,MEDIA EXPRES NEWS,E-Purchasing,Jasa Lainnya," Belanja Langganan Jurnal/Surat Kabar/Majalah",ON PROCESS,2850000,2850000
KAB. TANGGAMUS,SEKRETARIAT DPRD - 4.02.0.00.0.00.01.0000,01KMM2Q6PMYK06Q90J2KW7CYHW,63313099,2026,E-Katalog 6.0,APBD,SWARA DIRGANTARA JAYA,E-Purchasing,Jasa Lainnya," Belanja Langganan Jurnal/Surat Kabar/Majalah",PAYMENT OUTSIDE SYSTEM,950000,950000
KAB. TANGGAMUS,SEKRETARIAT DPRD - 4.02.0.00.0.00.01.0000,01KKTYCVXF36WVD527N1QYRK42,63313099,2026,E-Katalog 6.0,APBD,MEDIA EXPRES NEWS,E-Purchasing,Jasa Lainnya," Belanja Langganan Jurnal/Surat Kabar/Majalah",PAYMENT OUTSIDE SYSTEM,2850000,2850000
KAB. TANGGAMUS,"BADAN PERENCANAAN PEMBANGUNAN, RISET DAN INOVASI DAERAH - 5.01.5.05.0.00.01.0000",01KTNDGG11AM69Q9KBTADSY1Q8,64585264,2026,E-Katalog 6.0,APBD,BERTIGA JAYA,E-Purchasing,Barang,Belanja Modal Alat Rumah Tangga Lainnya (Home Use) Sub Kegiatan Penyediaan Peralatan dan Perlengkapan Kantor,ON PROCESS,2103228,2103228
KAB. TANGGAMUS,DINAS KOMUNIKASI DAN INFORMATIKA - 2.16.2.20.2.21.04.0000,01KRZ6GTBA0PSD9SBR8MQS1MVA,66007827,2026,E-Katalog 6.0,APBD,PRO MEDIA TANGGAMUS,E-Purchasing,Jasa Lainnya,Belanja Langganan Jurnal/Surat Kabar/Majalah,ON PROCESS,9499999,9499999
KAB. TANGGAMUS,BAGIAN UMUM SEKRETARIAT DAERAH - 4.01.5.06.0.00.01.0007,01KP27BEV4TNVMMFQQDVG1777H,63528326,2026,E-Katalog 6.0,APBD,HARIA FITRI. S,E-Purchasing,Jasa Lainnya," Belanja Service Kendaraan Dinas Double Garden",ON PROCESS,1800000,1800000
KAB. TANGGAMUS,DINAS KOMUNIKASI DAN INFORMATIKA - 2.16.2.20.2.21.04.0000,01KKJQ9Q7M9R3TTMPA1YDBAC9D,66007827,2026,E-Katalog 6.0,APBD,IRAWANSYAH,E-Purchasing,Jasa Lainnya,Belanja Langganan Jurnal/Surat Kabar/Majalah,ON PROCESS,2850000,2850000
KAB. TANGGAMUS,BADAN KEUANGAN DAN ASET DAERAH - 5.02.0.00.0.00.06.0000,01KS23DBC08CJERPE9XZ6WD5FS,67161082,2026,E-Katalog 6.0,APBD,GLOBALINDO MEDIA DIGITAL,E-Purchasing,Barang,Belanja Alat/Bahan untuk Kegiatan Kantor- Bahan Cetak,PAYMENT OUTSIDE SYSTEM,69303960,69303960
KAB. TANGGAMUS,DINAS LINGKUNGAN HIDUP - 2.11.0.00.0.00.01.0000,01KGEAZ1SHHTZRVXWHYKCFKF53,64034772,2026,E-Katalog 6.0,APBD,LANGGENG JAYA TANGGAMUS,E-Purchasing,Barang,Belanja Alat/Bahan untuk Kegiatan Kantor - Bahan Cetak Sub Kegiatan Penyediaan Barang Cetakan dan Penggandaan,ON PROCESS,14814675,14814675
KAB. TANGGAMUS,BAGIAN UMUM SEKRETARIAT DAERAH - 4.01.5.06.0.00.01.0007,01KN3JVJF62XCQEJ363D2SP9W0,66365316,2026,E-Katalog 6.0,APBD,HARIA FITRI. S,E-Purchasing,Jasa Lainnya,Belanja Pemeliharaan Alat Angkutan-Alat Angkutan Darat Bermotor-Kendaraan,ON PROCESS,1400000,1400000
KAB. TANGGAMUS,SEKRETARIAT DPRD - 4.02.0.00.0.00.01.0000,01KWVTF5ZFMMES2N45S81PESVH,63313099,2026,E-Katalog 6.0,APBD,MEDIA TINTA INFORMASI LAMPUNG,E-Purchasing,Jasa Lainnya," Belanja Langganan Jurnal/Surat Kabar/Majalah",ON PROCESS,2850000,2850000
KAB. TANGGAMUS,SEKRETARIAT DPRD - 4.02.0.00.0.00.01.0000,01KKTFWAPAAWA07D7P2NDPWHST,63313099,2026,E-Katalog 6.0,APBD,PRATAMA KREASI NUSANTARA,E-Purchasing,Jasa Lainnya," Belanja Langganan Jurnal/Surat Kabar/Majalah",PAYMENT OUTSIDE SYSTEM,4750000,4750000
KAB. TANGGAMUS,DINAS KOMUNIKASI DAN INFORMATIKA - 2.16.2.20.2.21.04.0000,01KQRW61GRATEYY7DTP0BS25YK,66007827,2026,E-Katalog 6.0,APBD,MEDIA ONLINE NEWS TANGGAMUS,E-Purchasing,Jasa Lainnya,Belanja Langganan Jurnal/Surat Kabar/Majalah,ON PROCESS,1900000,1900000
KAB. TANGGAMUS,DINAS PARIWISATA DAN KEBUDAYAAN - 3.26.2.22.2.19.02.0000,01KRGA1EFMWVSP6RNTYQG6Y4XJ,66773605,2026,E-Katalog 6.0,APBD,LANGGENG JAYA TANGGAMUS,E-Purchasing,Barang,Belanja Cetak,PAYMENT OUTSIDE SYSTEM,1627815,1627815
KAB. TANGGAMUS,PUSKESMAS TALANG PADANG - 1.02.0.00.0.00.01.0014,01KQW4K0NA7737DXBT1PSNNCHR,66843100,2026,E-Katalog 6.0,APBD,ABDUL AZIS,E-Purchasing,Barang,Belanja Barang dan Jasa BLUD,COMPLETED,1559250,1559250
KAB. TANGGAMUS,DINAS KOMUNIKASI DAN INFORMATIKA - 2.16.2.20.2.21.04.0000,01KRZ808QAKNSZR4JCARBP64NM,66007827,2026,E-Katalog 6.0,APBD,WAHANA SEMESTA KARANG,E-Purchasing,Jasa Lainnya,Belanja Langganan Jurnal/Surat Kabar/Majalah,ON PROCESS,23750000,23750000
KAB. TANGGAMUS,DINAS KEPENDUDUKAN DAN PENCATATAN SIPIL - 2.12.2.12.0.00.01.0000,01KQ9666Z5B9AZHS0M40YRWM5W,62902206,2026,E-Katalog 6.0,APBD,SHAFIRA BERKAH ABADI,E-Purchasing,Barang,Belanja Modal Personal Computer,ON PROCESS,49728000,49728000
KAB. TANGGAMUS,DINAS KOMUNIKASI DAN INFORMATIKA - 2.16.2.20.2.21.04.0000,01KQ6RR8S37XE3YXT2P66MYMY1,66005396,2026,E-Katalog 6.0,APBD,RADAR LAMPUNG VISUAL,E-Purchasing,Jasa Lainnya,"Belanja Jasa Iklan/Reklame, Film, dan Pemotretan",ON PROCESS,19000000,19000000
KAB. TANGGAMUS,SEKRETARIAT DPRD - 4.02.0.00.0.00.01.0000,01KKTGX1WT6C9W8ZQJRBSSAPAZ,63313099,2026,E-Katalog 6.0,APBD,AZDA ANUGRAH SEMESTA,E-Purchasing,Jasa Lainnya," Belanja Langganan Jurnal/Surat Kabar/Majalah",PAYMENT OUTSIDE SYSTEM,4750000,4750000
KAB. TANGGAMUS,DINAS KOMUNIKASI DAN INFORMATIKA - 2.16.2.20.2.21.04.0000,01KKGYQK4BQ8TRV8WMRFSPABTV,66007827,2026,E-Katalog 6.0,APBD,SULUH MEDIA INDONESIA,E-Purchasing,Jasa Lainnya,Belanja Langganan Jurnal/Surat Kabar/Majalah,ON PROCESS,4750000,4750000
KAB. TANGGAMUS,SEKRETARIAT DPRD - 4.02.0.00.0.00.01.0000,01KKTWKEP361V0710NXMMH883K,63313099,2026,E-Katalog 6.0,APBD,SECARIK KERTAS INDONESIA,E-Purchasing,Jasa Lainnya," Belanja Langganan Jurnal/Surat Kabar/Majalah",PAYMENT OUTSIDE SYSTEM,2850000,2850000
KAB. TANGGAMUS,BAGIAN UMUM SEKRETARIAT DAERAH - 4.01.5.06.0.00.01.0007,01KS1VVWPCXXVPFWCJDD6BH1H8,66359724,2026,E-Katalog 6.0,APBD,SWARA ANTAR NUSA,E-Purchasing,Barang,Belanja Pakaian Olah Raga Bupati dan Wakil Bupati,PAYMENT OUTSIDE SYSTEM,3000000,3000000
KAB. TANGGAMUS,SEKRETARIAT DPRD - 4.02.0.00.0.00.01.0000,01KN5ZSSCY6PAMYX13BZ4T63PQ,63313099,2026,E-Katalog 6.0,APBD,LOZY MADUMA NUSANTARA,E-Purchasing,Jasa Lainnya," Belanja Langganan Jurnal/Surat Kabar/Majalah",PAYMENT OUTSIDE SYSTEM,2850000,2850000
KAB. TANGGAMUS,PLT.DINAS KESEHATAN - 1.02.0.00.0.00.01.0000,01KJVDG9HWE67H9TNSZXVA2CEM,65110394,2026,E-Katalog 6.0,APBD,PERUSAHAAN PERSEROAN (PERSERO) PT. BIO FARMA DISINGKAT PT. BIO FARMA (PERSERO),E-Purchasing,Barang,Pengadaan Obat Pelayanan Kesehatan Dasar (DAK),ON PROCESS,102120000,102120000
KAB. TANGGAMUS,BADAN KEPEGAWAIAN DAN PENGEMBANGAN SUMBER DAYA MANUSIA - 5.03.5.04.0.00.01.0000,01KVSARJX0MDE9YW27ZTKE9YGW,67177986,2026,E-Katalog 6.0,APBD,DENAYA AZZAHRA,E-Purchasing,Barang,Belanja Pakaian Batik Tradisional,ON PROCESS,14208000,14208000
KAB. TANGGAMUS,DINAS KOMUNIKASI DAN INFORMATIKA - 2.16.2.20.2.21.04.0000,01KKJHT9ZED0DRX1GGE9VZ4PXK,66007827,2026,E-Katalog 6.0,APBD,AIM CIPTA MEDIA,E-Purchasing,Jasa Lainnya,Belanja Langganan Jurnal/Surat Kabar/Majalah,ON PROCESS,2850000,2850000
KAB. TANGGAMUS,SEKRETARIAT DPRD - 4.02.0.00.0.00.01.0000,01KQYE6WXDPPS3WY59Y0XE6CFE,63299089,2026,E-Katalog 6.0,APBD,ZIDAN PRATAMA,E-Purchasing,Barang,Belanja Modal Alat Pendingin,ON PROCESS,152514000,152514000
KAB. TANGGAMUS,DINAS KOMUNIKASI DAN INFORMATIKA - 2.16.2.20.2.21.04.0000,01KKKP1M9K58YBVRDHK6X5ERYB,66007827,2026,E-Katalog 6.0,APBD,MELAWAI CITRA MEDIA,E-Purchasing,Jasa Lainnya,Belanja Langganan Jurnal/Surat Kabar/Majalah,ON PROCESS,4750000,4750000
KAB. TANGGAMUS,SEKRETARIAT DPRD - 4.02.0.00.0.00.01.0000,01KWKEH1D6Q25SX053G6RVBZE3,63313099,2026,E-Katalog 6.0,APBD,SABURAI LAMPUNG MEDIA UTAMA,E-Purchasing,Jasa Lainnya," Belanja Langganan Jurnal/Surat Kabar/Majalah",ON PROCESS,4750000,4750000
KAB. TANGGAMUS,DINAS KOMUNIKASI DAN INFORMATIKA - 2.16.2.20.2.21.04.0000,01KKK221VYPX4ESW47FH9VNW0A,66007827,2026,E-Katalog 6.0,APBD,PUTRA CAHAYA KEHIDUPAN INDONESIA,E-Purchasing,Jasa Lainnya,Belanja Langganan Jurnal/Surat Kabar/Majalah,ON PROCESS,2850000,2850000
KAB. TANGGAMUS,BAGIAN UMUM SEKRETARIAT DAERAH - 4.01.5.06.0.00.01.0007,01KS1WGEDHV1Z98E2BC3E7KKZA,63537297,2026,E-Katalog 6.0,APBD,SWARA ANTAR NUSA,E-Purchasing,Barang,Belanja Pakaian Dinas Harian (PDH),PAYMENT OUTSIDE SYSTEM,7000000,7000000
KAB. TANGGAMUS,DINAS KOMUNIKASI DAN INFORMATIKA - 2.16.2.20.2.21.04.0000,01KKK42J971DVBXPZJCT7SQQZ2,66007827,2026,E-Katalog 6.0,APBD,SECARIK KERTAS MULTIMEDIA,E-Purchasing,Jasa Lainnya,Belanja Langganan Jurnal/Surat Kabar/Majalah,ON PROCESS,5700000,5700000
KAB. TANGGAMUS,BAGIAN PERENCANAAN DAN KEUANGAN SEKRETARIAT DAERAH - 4.01.5.06.0.00.01.0010,01KWC7KW8FVHCTH26G170HG1JW,63811342,2026,E-Katalog 6.0,APBD,ALGHIF JAYA,E-Purchasing,Barang,Belanja Alat/Bahan untuk Kegiatan Kantor- Bahan Cetak,ON PROCESS,1198800,1198800
KAB. TANGGAMUS,RUMAH SAKIT UMUM DAERAH BATIN MANGUNANG KOTA AGUNG - 1.02.0.00.0.00.01.0001,01KJPWMZM8GP2DSJAYJ850ZF28,65997317,2026,E-Katalog 6.0,BLUD,INDAH NURANI,E-Purchasing,Jasa Lainnya,Belanja Barang dan Jasa BLUD ,ON PROCESS,11544000,11544000
KAB. TANGGAMUS,DINAS KOMUNIKASI DAN INFORMATIKA - 2.16.2.20.2.21.04.0000,01KFVYPYXA63RRZ9F3Q1ZGCE1K,63928963,2026,E-Katalog 6.0,APBD,ADI SARANA ARMADA,E-Purchasing,Jasa Lainnya,Belanja Sewa Kendaraan Dinas Bermotor Perorangan,ON PROCESS,166199989,166199989
KAB. TANGGAMUS,DINAS PENDIDIKAN DAN KEBUDAYAAN - 1.01.2.22.0.00.02.0000,01KRNAGFJ4ZW0JG48BY24WDC4E,67027562,2026,E-Katalog 6.0,APBD,NAMASTEE SINEMA INVESTAMA,E-Purchasing,Barang,Belanja Alat/Bahan untuk Kegiatan Kantor- Bahan Cetak,PAYMENT OUTSIDE SYSTEM,727050,727050
KAB. TANGGAMUS,"BADAN PERENCANAAN PEMBANGUNAN, RISET DAN INOVASI DAERAH - 5.01.5.05.0.00.01.0000",01KR0CCFDBXPHS54MHG6PBCXCQ,66913086,2026,E-Katalog 6.0,APBD,LANGGENG JAYA TANGGAMUS,E-Purchasing,Barang,"Belanja Alat/Bahan untuk Kegiatan Kantor-Alat Tulis Kantor - Sub Diseminasi Jenis, Prosedur dan Metode Penyelenggaraan Pemerintahan Daerah yang Bersifat Inovatif",PAYMENT OUTSIDE SYSTEM,2133198,2133198
KAB. TANGGAMUS,BAGIAN UMUM SEKRETARIAT DAERAH - 4.01.5.06.0.00.01.0007,01KFASMW0253GH3M89V6KSQ4YH,63823470,2026,E-Katalog 6.0,APBD,MAHARANI GROUP,E-Purchasing,Jasa Lainnya,Belanja Sewa Alat Kantor Lainnya,ON PROCESS,31000000,31000000
KAB. TANGGAMUS,DINAS KOMUNIKASI DAN INFORMATIKA - 2.16.2.20.2.21.04.0000,01KKKS3V5CEKPHQZEB0WWRP59T,66007827,2026,E-Katalog 6.0,APBD,PRO MEDIA TANGGAMUS,E-Purchasing,Jasa Lainnya,Belanja Langganan Jurnal/Surat Kabar/Majalah,ON PROCESS,285000,285000
KAB. TANGGAMUS,DINAS KOMUNIKASI DAN INFORMATIKA - 2.16.2.20.2.21.04.0000,01KNNV9700WMME2F8KKQY69A9J,66007827,2026,E-Katalog 6.0,APBD,ARIZKY MULI PRATAMA,E-Purchasing,Jasa Lainnya,Belanja Langganan Jurnal/Surat Kabar/Majalah,ON PROCESS,1900000,1900000
KAB. TANGGAMUS,DINAS KOMUNIKASI DAN INFORMATIKA - 2.16.2.20.2.21.04.0000,01KPA73RXX6TRXX3JZPM5JYW83,66007827,2026,E-Katalog 6.0,APBD,RAKATA NEWS MULTIMEDIA,E-Purchasing,Jasa Lainnya,Belanja Langganan Jurnal/Surat Kabar/Majalah,ON PROCESS,4750000,4750000
KAB. TANGGAMUS,DINAS KOMUNIKASI DAN INFORMATIKA - 2.16.2.20.2.21.04.0000,01KKGJF0R1ZB5Q84JXBEKBTBS5,66007827,2026,E-Katalog 6.0,APBD,AKURAT MEDIA INDONESIA,E-Purchasing,Jasa Lainnya,Belanja Langganan Jurnal/Surat Kabar/Majalah,ON PROCESS,4750000,4750000
KAB. TANGGAMUS,BAGIAN UMUM SEKRETARIAT DAERAH - 4.01.5.06.0.00.01.0007,01KH5W3HV7094HACSVR2XVDVB8,63823470,2026,E-Katalog 6.0,APBD,MAHARANI GROUP,E-Purchasing,Jasa Lainnya,Belanja Sewa Alat Kantor Lainnya,PAYMENT OUTSIDE SYSTEM,16250000,16250000
KAB. TANGGAMUS,SEKRETARIAT DPRD - 4.02.0.00.0.00.01.0000,01KN42AB4W1S1060D0TN8B8QVE,63313099,2026,E-Katalog 6.0,APBD,PUTRA RIAU TAMA NEWS,E-Purchasing,Jasa Lainnya," Belanja Langganan Jurnal/Surat Kabar/Majalah",PAYMENT OUTSIDE SYSTEM,1900000,1900000
KAB. TANGGAMUS,DINAS PERHUBUNGAN - 2.15.0.00.0.00.01.0000,01KP2KXFFWB7E4C6547F2JRAEB,66133104,2026,E-Katalog 6.0,APBD,LANGGENG JAYA TANGGAMUS,E-Purchasing,Barang,Belanja Pakaian Dinas Lapangan (PDL),PAYMENT OUTSIDE SYSTEM,76890810,76890810
KAB. TANGGAMUS,DINAS PENDIDIKAN DAN KEBUDAYAAN - 1.01.2.22.0.00.02.0000,01KSHSWX5ZQW6F9EFBSZF6CFKR,67050947,2026,E-Katalog 6.0,APBD,BERTIGA JAYA,E-Purchasing,Barang,"GEBYAR PAUD TK,KB,SPS  (Belanja Pengadaan Jersey)",PAYMENT OUTSIDE SYSTEM,8325000,8325000
KAB. TANGGAMUS,SEKRETARIAT DPRD - 4.02.0.00.0.00.01.0000,01KS271K8DW125SEKPHZKQP5VC,63313099,2026,E-Katalog 6.0,APBD,RIZKY PRATAMA MANDIRI KAUR,E-Purchasing,Jasa Lainnya," Belanja Langganan Jurnal/Surat Kabar/Majalah",ON PROCESS,950000,950000
KAB. TANGGAMUS,SEKRETARIAT DPRD - 4.02.0.00.0.00.01.0000,01KNRD9JNP6VZYNEDF5CMVRHDD,63313099,2026,E-Katalog 6.0,APBD,COKRO SAMBUNG ROSO,E-Purchasing,Jasa Lainnya," Belanja Langganan Jurnal/Surat Kabar/Majalah",PAYMENT OUTSIDE SYSTEM,2850000,2850000
KAB. TANGGAMUS,DINAS PARIWISATA DAN KEBUDAYAAN - 3.26.2.22.2.19.02.0000,01KRG79AG24TFZQDYKCQSZ7NNB,66773270,2026,E-Katalog 6.0,APBD,AN-NISA,E-Purchasing,Barang,Belanja Makanan dan Minuman Rapat,PAYMENT OUTSIDE SYSTEM,3360000,3360000
KAB. TANGGAMUS,DINAS LINGKUNGAN HIDUP - 2.11.0.00.0.00.01.0000,01KPMMNV68YQMDFYJMTKMGDE67,64002720,2026,E-Katalog 6.0,APBD,JEMBAR JAYA PRATAMA,E-Purchasing,Barang,Belanja Modal Alat Kantor Lainnya [-] Belanja Modal Pengadaan Tong Sampah Tiga Pilah Sub Kegiatan Penyediaan Peralatan dan Perlengkapan Kantor,ON PROCESS,48618000,48618000
KAB. TANGGAMUS,BAGIAN UMUM SEKRETARIAT DAERAH - 4.01.5.06.0.00.01.0007,01KVCWAK4JCEYSWE7MDZKV2XZG,63823470,2026,E-Katalog 6.0,APBD,MAHARANI GROUP,E-Purchasing,Jasa Lainnya,Belanja Sewa Alat Kantor Lainnya,ON PROCESS,14000000,14000000
KAB. TANGGAMUS,SEKRETARIAT DPRD - 4.02.0.00.0.00.01.0000,01KKTZ0XWPEDVCD6P7XG2Y2FVD,63313099,2026,E-Katalog 6.0,APBD,REALITA LAMPUNG MANDIRI,E-Purchasing,Jasa Lainnya," Belanja Langganan Jurnal/Surat Kabar/Majalah",PAYMENT OUTSIDE SYSTEM,2850000,2850000
KAB. TANGGAMUS,DINAS KOMUNIKASI DAN INFORMATIKA - 2.16.2.20.2.21.04.0000,01KKK7P35MVYJQTDNXVREE95GR,66007827,2026,E-Katalog 6.0,APBD,MEDIA RISKI ANANDA,E-Purchasing,Jasa Lainnya,Belanja Langganan Jurnal/Surat Kabar/Majalah,ON PROCESS,950000,950000
KAB. TANGGAMUS,SEKRETARIAT DPRD - 4.02.0.00.0.00.01.0000,01KN6A8XS50SR6Y258AYBQW4V9,63313099,2026,E-Katalog 6.0,APBD,DAYU SATRIA JAYA ABADI,E-Purchasing,Jasa Lainnya," Belanja Langganan Jurnal/Surat Kabar/Majalah",PAYMENT OUTSIDE SYSTEM,4750000,4750000
KAB. TANGGAMUS,DINAS PENDIDIKAN DAN KEBUDAYAAN - 1.01.2.22.0.00.02.0000,01KR0RY222BYB80Y8JMWCJ5PXM,67030845,2026,E-Katalog 6.0,APBD,BERTIGA JAYA,E-Purchasing,Barang,Belanja Spanduk Indoor Tahap I,ON PROCESS,959839,959839
KAB. TANGGAMUS,SEKRETARIAT DPRD - 4.02.0.00.0.00.01.0000,01KKTRATCDSVYV087P4W3ZYA8J,63313099,2026,E-Katalog 6.0,APBD,IRAWANSYAH,E-Purchasing,Jasa Lainnya," Belanja Langganan Jurnal/Surat Kabar/Majalah",PAYMENT OUTSIDE SYSTEM,2850000,2850000
KAB. TANGGAMUS,PLT.DINAS KESEHATAN - 1.02.0.00.0.00.01.0000,01KSEMMT3W58FK7TYS9HGYMHGW,67199780,2026,E-Katalog 6.0,APBD,ABID FAMILI,E-Purchasing,Barang,Belanja Alat/Bahan untuk Kegiatan Kantor- Bahan Cetak Subkegiatan Pengelolaan Sistem Informasi Kesehatan,ON PROCESS,7879002,7879002
KAB. TANGGAMUS,DINAS KOMUNIKASI DAN INFORMATIKA - 2.16.2.20.2.21.04.0000,01KPA5T2A6MT0V2X719DSAZ2M6,66007827,2026,E-Katalog 6.0,APBD,GEMA MEDIA AKBAR,E-Purchasing,Jasa Lainnya,Belanja Langganan Jurnal/Surat Kabar/Majalah,ON PROCESS,2850000,2850000
KAB. TANGGAMUS,DINAS PENANAMAN MODAL DAN PELAYANAN TERPADU SATU PINTU - 2.18.0.00.0.00.01.0000,01KRAVCEMA6D206AW7V5CGC2TK,66936396,2026,E-Katalog 6.0,APBD,SOWAN RAGA INTI LAMPUNG,E-Purchasing,Barang,Belanja Modal Alat Rumah Tangga,PAYMENT OUTSIDE SYSTEM,7972431,7972431
KAB. TANGGAMUS,DINAS LINGKUNGAN HIDUP - 2.11.0.00.0.00.01.0000,10129519000,63861976,2026,Tender,APBD,Hasta Tunggal Pratama,Seleksi,Jasa Konsultansi Badan Usaha Non Konstruksi,Penyusunan Dokumen Lingkungan TPA Kalimiring,SELESAI,249161700,249161700
KAB. TANGGAMUS,SEKRETARIAT DPRD - 4.02.0.00.0.00.01.0000,01KGPGKDZEQS0JD8TD2RKJ8BB2,63244788,2026,E-Katalog 6.0,APBD,LANGGENG JAYA TANGGAMUS,E-Purchasing,Jasa Lainnya,Cetak Kalender Spesifikasi : Kalender Dinding ,PAYMENT OUTSIDE SYSTEM,36702150,36702150
KAB. TANGGAMUS,"DINAS KOPERASI, USAHA KECIL DAN MENENGAH, PERINDUSTRIAN DAN PERDAGANGAN - 2.17.3.31.3.30.07.0000",01KMYX6A6D7Z0BHHZEJACDBV8X,64959760,2026,E-Katalog 6.0,APBD,GLOBAL FUTURINDO,E-Purchasing,Jasa Lainnya,Belanja Jasa Penyelenggaraan Acara,PAYMENT OUTSIDE SYSTEM,174700000,174700000
KAB. TANGGAMUS,BAGIAN UMUM SEKRETARIAT DAERAH - 4.01.5.06.0.00.01.0007,10765177000,63544136,2026,Non Tender,APBD,CV. NUANSA TEKNIK KONSULTAN,Pengadaan Langsung,Jasa Konsultansi Badan Usaha Konstruksi,Belanja Konsultan Perencanaan Pemeliharaan Aset Tetap Lainnya,SELESAI,49517100,49517100
KAB. TANGGAMUS,"BADAN PERENCANAAN PEMBANGUNAN, RISET DAN INOVASI DAERAH - 5.01.5.05.0.00.01.0000",01KWK85FYYZ6XNCEC5DJ62KNSA,64431247,2026,E-Katalog 6.0,APBD,LANGGENG JAYA TANGGAMUS,E-Purchasing,Barang,Belanja Alat/Bahan untuk Kegiatan Kantor-Alat Tulis Kantor Sub Kegiatan Penyusunan Dokumen Perencanaan Perangkat Daerah,ON PROCESS,509490,509490
KAB. TANGGAMUS,BAGIAN UMUM SEKRETARIAT DAERAH - 4.01.5.06.0.00.01.0007,01KRZS2K01Z339G78SJB5EZZTS,63825669,2026,E-Katalog 6.0,APBD,LANGGENG JAYA TANGGAMUS,E-Purchasing,Barang,Belanja Penggandaan,ON PROCESS,5487207,5487207
KAB. TANGGAMUS,BAGIAN PERENCANAAN DAN KEUANGAN SEKRETARIAT DAERAH - 4.01.5.06.0.00.01.0010,01KWC8AHY6X2AXVDAGYGVJCM5Q,63815176,2026,E-Katalog 6.0,APBD,ALGHIF JAYA,E-Purchasing,Barang,Belanja Alat/Bahan untuk Kegiatan Kantor- Bahan Cetak,ON PROCESS,1198800,1198800
KAB. TANGGAMUS,RUMAH SAKIT UMUM DAERAH BATIN MANGUNANG KOTA AGUNG - 1.02.0.00.0.00.01.0001,01KKXPB9BCKCQ73SBHP1SDNV02,66177012,2026,E-Katalog 6.0,APBD,WE DHE WE,E-Purchasing,Barang,Belanja Alat/Bahan untuk Kegiatan Kantor- Bahan Cetak,ON PROCESS,5411250,5411250
KAB. TANGGAMUS,DINAS PEKERJAAN UMUM DAN PERUMAHAN RAKYAT - 1.03.1.04.2.10.10.0000,10111002000,63695048,2026,Tender,APBD,PT.ASTADIPATI BIRO INSINJUR DAN ARSITEK,Seleksi,Jasa Konsultansi Badan Usaha Konstruksi,Perencanaan Teknis Pembangunan Jalan Wilayah Selatan,SELESAI,200754600,200754600
KAB. TANGGAMUS,PUSKESMAS SUKARAJA - 1.02.0.00.0.00.01.0005,01KWJV0FCZRRN1Q3PJ32EVKZVV,67079560,2026,E-Katalog 6.0,APBD,AKHMAD RAFE'I ( DAPUR EDL ),E-Purchasing,Barang,"Belanja bahan, dan penyiapan PMT lokal Bumil KEK dan Risiko KEK",PAYMENT OUTSIDE SYSTEM,9636809,9636809
KAB. TANGGAMUS,DINAS KOMUNIKASI DAN INFORMATIKA - 2.16.2.20.2.21.04.0000,01KKGSNEFRKHHEW1S6Y4K4DEMJ,66007827,2026,E-Katalog 6.0,APBD,MEDIA LAMPUNG CITY BERKARYA,E-Purchasing,Jasa Lainnya,Belanja Langganan Jurnal/Surat Kabar/Majalah,ON PROCESS,4750000,4750000
KAB. TANGGAMUS,SEKRETARIAT DPRD - 4.02.0.00.0.00.01.0000,01KWKDS9GQZCFVW8VXWVS6PEXG,63313099,2026,E-Katalog 6.0,APBD,WAHANA SEMESTA WONOSOBO,E-Purchasing,Jasa Lainnya," Belanja Langganan Jurnal/Surat Kabar/Majalah",ON PROCESS,4750000,4750000
KAB. TANGGAMUS,SEKRETARIAT DPRD - 4.02.0.00.0.00.01.0000,01KKB3ZR58R08635KXEB36VNQ2,63491378,2026,E-Katalog 6.0,APBD,LANGGENG JAYA TANGGAMUS,E-Purchasing,Barang,cetak Kwintansi dan Blanko SPPD,PAYMENT OUTSIDE SYSTEM,46176000,46176000
KAB. TANGGAMUS,DINAS PEKERJAAN UMUM DAN PERUMAHAN RAKYAT - 1.03.1.04.2.10.10.0000,10145978000,67314367,2026,Tender,APBD,,Seleksi,Jasa Konsultansi Badan Usaha Konstruksi,Pengawasan Teknis Pemeliharaan Berkala Wilayah Selatan,BERLANGSUNG,199972000,199972000
KAB. TANGGAMUS,DINAS KOMUNIKASI DAN INFORMATIKA - 2.16.2.20.2.21.04.0000,01KNK3XWFERBBK3DSQCPKG2CNT,66005396,2026,E-Katalog 6.0,APBD,TEGAR MEDIA LAMPUNG,E-Purchasing,Jasa Lainnya,"Belanja Jasa Iklan/Reklame, Film, dan Pemotretan",ON PROCESS,38000000,38000000
KAB. TANGGAMUS,SEKRETARIAT DPRD - 4.02.0.00.0.00.01.0000,01KWKKZEWXGSWSR45Q642ZX7YV,63313099,2026,E-Katalog 6.0,APBD,HALUAN LAMPUNG GRUP,E-Purchasing,Jasa Lainnya," Belanja Langganan Jurnal/Surat Kabar/Majalah",ON PROCESS,1900000,1900000
KAB. TANGGAMUS,DINAS PENDIDIKAN DAN KEBUDAYAAN - 1.01.2.22.0.00.02.0000,01KS2MYJZ8WRYBGGNMZV0PMS3T,67151571,2026,E-Katalog 6.0,APBD,BERTIGA JAYA,E-Purchasing,Barang,Belanja Alat/Bahan untuk Kegiatan Kantor- Bahan Cetak,ON PROCESS,2136750,2136750
KAB. TANGGAMUS,SEKRETARIAT DPRD - 4.02.0.00.0.00.01.0000,01KN6MYCA1G7M3Y5CNXJ2Q37WD,63313099,2026,E-Katalog 6.0,APBD,WAHANA SEMESTA KARANG,E-Purchasing,Jasa Lainnya," Belanja Langganan Jurnal/Surat Kabar/Majalah",PAYMENT OUTSIDE SYSTEM,4750000,4750000
KAB. TANGGAMUS,DINAS PEKERJAAN UMUM DAN PERUMAHAN RAKYAT - 1.03.1.04.2.10.10.0000,10110950000,63694956,2026,Tender,APBD,CV.DEN BAGOES CONSULTANT,Seleksi,Jasa Konsultansi Badan Usaha Konstruksi,Redisain Perencanaan Teknis Pemeliharaan Berkala Wilayah Barat,SELESAI,156698700,156698700
KAB. TANGGAMUS,SEKRETARIAT DPRD - 4.02.0.00.0.00.01.0000,01KMM50RWP83T4E8HY9FNCQJ0J,63313099,2026,E-Katalog 6.0,APBD,AGUNG MULTIMEDIA GRUP,E-Purchasing,Jasa Lainnya," Belanja Langganan Jurnal/Surat Kabar/Majalah",PAYMENT OUTSIDE SYSTEM,950000,950000
KAB. TANGGAMUS,BAGIAN PERENCANAAN DAN KEUANGAN SEKRETARIAT DAERAH - 4.01.5.06.0.00.01.0010,01KWC73BSRP06Z5NA9J5S38ZXN,63794912,2026,E-Katalog 6.0,APBD,ALGHIF JAYA,E-Purchasing,Barang,Belanja Alat/Bahan untuk Kegiatan Kantor- Bahan Cetak ,ON PROCESS,1198800,1198800
KAB. TANGGAMUS,"BADAN PERENCANAAN PEMBANGUNAN, RISET DAN INOVASI DAERAH - 5.01.5.05.0.00.01.0000",01KQBX29JR4BR73ACMY44RG66P,64516740,2026,E-Katalog 6.0,APBD,ALGHIF JAYA,E-Purchasing,Barang,Belanja Alat/Bahan untuk Kegiatan Kantor-Alat Tulis Kantor,PAYMENT OUTSIDE SYSTEM,721178,721178
KAB. TANGGAMUS,DINAS KOMUNIKASI DAN INFORMATIKA - 2.16.2.20.2.21.04.0000,01KPA53BRVHYSHBTTCR5DZYQJ9,66007827,2026,E-Katalog 6.0,APBD,PAYUNG TEDUH MEDIA GRUP,E-Purchasing,Jasa Lainnya,Belanja Langganan Jurnal/Surat Kabar/Majalah,ON PROCESS,4750000,4750000
KAB. TANGGAMUS,BAGIAN UMUM SEKRETARIAT DAERAH - 4.01.5.06.0.00.01.0007,01KVF42HZKA1E7TM13N6Z6P0GY,63605333,2026,E-Katalog 6.0,APBD,HENIWATI,E-Purchasing,Jasa Lainnya,Belanja Makanan Dan Minuman Tamu Pemerintah Daerah,ON PROCESS,27945000,27945000
KAB. TANGGAMUS,DINAS KOMUNIKASI DAN INFORMATIKA - 2.16.2.20.2.21.04.0000,01KQ726Y0SMNJY73BW1MJB76XQ,66005396,2026,E-Katalog 6.0,APBD,TEGAR MEDIA LAMPUNG,E-Purchasing,Jasa Lainnya,"Belanja Jasa Iklan/Reklame, Film, dan Pemotretan",ON PROCESS,28500000,28500000
KAB. TANGGAMUS,RUMAH SAKIT UMUM DAERAH BATIN MANGUNANG KOTA AGUNG - 1.02.0.00.0.00.01.0001,01KJF6AMDSVP8187A87ZTVD8HK,65997317,2026,E-Katalog 6.0,BLUD,INDAH NURANI,E-Purchasing,Jasa Lainnya,Belanja Barang dan Jasa BLUD ,ON PROCESS,94921650,94921650
KAB. TANGGAMUS,DINAS KOMUNIKASI DAN INFORMATIKA - 2.16.2.20.2.21.04.0000,01KKJKXW908G7B2F17C330FYT1,66007827,2026,E-Katalog 6.0,APBD,CAMP TINTA ELITE,E-Purchasing,Jasa Lainnya,Belanja Langganan Jurnal/Surat Kabar/Majalah,ON PROCESS,5700000,5700000
KAB. TANGGAMUS,"BADAN PERENCANAAN PEMBANGUNAN, RISET DAN INOVASI DAERAH - 5.01.5.05.0.00.01.0000",01KTNDQ4YF6TG9X6BV0SG0K0T9,64594962,2026,E-Katalog 6.0,APBD,BERTIGA JAYA,E-Purchasing,Barang,Belanja Modal Peralatan Studio Audio Sub Kegitan Penyediaan Peralatan dan Perlengkapan Kantor,ON PROCESS,3885000,3885000
KAB. TANGGAMUS,SEKRETARIAT DPRD - 4.02.0.00.0.00.01.0000,01KWVT866VHBE87HR7FVP81W7F,63313099,2026,E-Katalog 6.0,APBD,TARAKAN MEDIA INDONESIA,E-Purchasing,Jasa Lainnya," Belanja Langganan Jurnal/Surat Kabar/Majalah",ON PROCESS,2850000,2850000
KAB. TANGGAMUS,SEKRETARIAT DPRD - 4.02.0.00.0.00.01.0000,01KKTFHP75B8V7R8J003NK8E4J,63313099,2026,E-Katalog 6.0,APBD,MEDINAS JAYA PERKASA,E-Purchasing,Jasa Lainnya," Belanja Langganan Jurnal/Surat Kabar/Majalah",PAYMENT OUTSIDE SYSTEM,4750000,4750000
KAB. TANGGAMUS,DINAS PEMUDA DAN OLAHRAGA - 2.19.0.00.0.00.01.0000,01KNNT40F2RX9T78R54HRVFJWG,65019206,2026,E-Katalog 6.0,APBD,LANGGENG JAYA TANGGAMUS,E-Purchasing,Jasa Lainnya,Belanja Modal Alat Kantor Lainnya,PAYMENT OUTSIDE SYSTEM,1665000,1665000
KAB. TANGGAMUS,DINAS PEMUDA DAN OLAHRAGA - 2.19.0.00.0.00.01.0000,01KTJVPQ6XKRN4F1T37Z6PB59A,65022011,2026,E-Katalog 6.0,APBD,MELATI JAYA CATERING,E-Purchasing,Jasa Lainnya,Belanja Makanan dan Minuman Jamuan Tamu,ON PROCESS,486402,486402
KAB. TANGGAMUS,"BADAN PERENCANAAN PEMBANGUNAN, RISET DAN INOVASI DAERAH - 5.01.5.05.0.00.01.0000",01KWKCGF64DPPAT3QGNPRR7KD9,64409371,2026,E-Katalog 6.0,"APBD,APBDP",ALGHIF JAYA,E-Purchasing,Barang,Belanja Alat/Bahan untuk Kegiatan Kantor-Alat Tulis Kantor,ON PROCESS,2007737,2007737
KAB. TANGGAMUS,DINAS KOMUNIKASI DAN INFORMATIKA - 2.16.2.20.2.21.04.0000,01KNKG2F2TAD33QQEV42XCR2AN,66007827,2026,E-Katalog 6.0,APBD,SEMAKA MEDIA AGUNG,E-Purchasing,Jasa Lainnya,Belanja Langganan Jurnal/Surat Kabar/Majalah,ON PROCESS,1900000,1900000
KAB. TANGGAMUS,BADAN PENDAPATAN DAERAH - 5.02.0.00.0.00.02.0000,01KW0TSG0HRERGTSRX0A4W6PT9,64355862,2026,E-Katalog 6.0,APBD,ALGHIF JAYA,E-Purchasing,Barang,Belanja Alat/Bahan Untuk Kegiatan Kantor-Alat Tulis Kantor,ON PROCESS,1581750,1581750
KAB. TANGGAMUS,DINAS PENDIDIKAN DAN KEBUDAYAAN - 1.01.2.22.0.00.02.0000,01KSJDXF601749W97A1TJAEFKT,67051341,2026,E-Katalog 6.0,APBD,BERTIGA JAYA,E-Purchasing,Barang,"Gebyar PAUD (Belanja Doorprize Peserta Gebyar PAUD TK,KB,SPS)",PAYMENT OUTSIDE SYSTEM,8416575,8416575
KAB. TANGGAMUS,DINAS PERKEBUNAN DAN PETERNAKAN - 3.27.0.00.0.00.05.0000,01KJYE553E66D8WD5WRVSE8NMQ,65818381,2026,E-Katalog 6.0,APBD,ABID FAMILI,E-Purchasing,Barang," Belanja Alat Tulis Kantor Keg. Pelaksanaan Surveilans Penyakit Hewan dan Zoonosis pada Hewan ",PAYMENT OUTSIDE SYSTEM,2197380,2197380
KAB. TANGGAMUS,BAGIAN TATA PEMERINTAHAN SEKRETARIAT DAERAH - 4.01.5.06.0.00.01.0001,01KHWKWRADAEF4K1MJ9JFHP8BK,64378834,2026,E-Katalog 6.0,APBD,NAMASTEE SINEMA INVESTAMA,E-Purchasing,Barang,Belanja Alat/Bahan untuk Kegiatan Kantor-Alat Tulis Kantor Monitoring Administrasi Kewilayahan,PAYMENT OUTSIDE SYSTEM,1643910,1643910
KAB. TANGGAMUS,DINAS PENDIDIKAN DAN KEBUDAYAAN - 1.01.2.22.0.00.02.0000,01KJEY73WN54WKGZ4X89HXR9EQ,65997237,2026,E-Katalog 6.0,APBD,GINK TECHNOLOGY,E-Purchasing,Barang,SPMB (Sistem Penerimaan Murid Baru),ON PROCESS,198690000,198690000
KAB. TANGGAMUS,DINAS PENDIDIKAN DAN KEBUDAYAAN - 1.01.2.22.0.00.02.0000,01KK10RWDX0JA8VYF46AJRD5YA,65988218,2026,E-Katalog 6.0,APBD,BERTIGA JAYA,E-Purchasing,Barang,Belanja Alat/Bahan untuk Kegiatan Kantor-Alat Tulis Kantor,ON PROCESS,92657250,92657250
KAB. TANGGAMUS,BAGIAN KESEJAHTERAAN RAKYAT SEKRETARIAT DAERAH - 4.01.5.06.0.00.01.0002,01KQXTAE8ERH9960JBDDSJW1EV,63736052,2026,E-Katalog 6.0,APBD,SWARA ANTAR NUSA,E-Purchasing,Jasa Lainnya,Belanja Sewa Electric Generating Set,ON PROCESS,3500000,3500000
KAB. TANGGAMUS,PUSKESMAS TALANG PADANG - 1.02.0.00.0.00.01.0014,01KTX0QSW4BH0RDEAMK4WB81P7,66843100,2026,E-Katalog 6.0,APBD,PUTRA TEKNIK,E-Purchasing,Barang,Belanja Barang dan Jasa BLUD,ON PROCESS,5072700,5072700
KAB. TANGGAMUS,PLT.DINAS KESEHATAN - 1.02.0.00.0.00.01.0000,01KK0N225KCQZ8CFTDRR8AYFMG,65192022,2026,E-Katalog 6.0,APBD,ABID FAMILI,E-Purchasing,Barang,Belanja Alat/Bahan untuk Kegiatan Kantor- Bahan Cetak subkegiatan  Evaluasi Kinerja Perangkat Daerah,PAYMENT OUTSIDE SYSTEM,4858470,4858470
KAB. TANGGAMUS,DINAS KOMUNIKASI DAN INFORMATIKA - 2.16.2.20.2.21.04.0000,01KKK3XTDMZN9HF1NF09QC51EJ,66007827,2026,E-Katalog 6.0,APBD,SECARIK KERTAS INDONESIA,E-Purchasing,Jasa Lainnya,Belanja Langganan Jurnal/Surat Kabar/Majalah,ON PROCESS,2850000,2850000
KAB. TANGGAMUS,BADAN KEUANGAN DAN ASET DAERAH - 5.02.0.00.0.00.06.0000,01KTJRZY1EBP2XP3XRQBW07GMT,67252101,2026,E-Katalog 6.0,APBD,ALGHIF JAYA,E-Purchasing,Jasa Lainnya,Belanja Alat/Bahan untuk Kegiatan Kantor- Bahan Cetak,PAYMENT OUTSIDE SYSTEM,12570750,12570750
KAB. TANGGAMUS,PUSKESMAS SUKARAJA - 1.02.0.00.0.00.01.0005,01KWBBYHRW4PBD4PYK5MX0CCQY,67079562,2026,E-Katalog 6.0,APBD,AKHMAD RAFE'I ( DAPUR EDL ),E-Purchasing,Barang,"Belanja bahan, dan penyiapan PMT lokal Balita Bermasalah Gizi",PAYMENT OUTSIDE SYSTEM,7580987,7580987
KAB. TANGGAMUS,"BADAN PERENCANAAN PEMBANGUNAN, RISET DAN INOVASI DAERAH - 5.01.5.05.0.00.01.0000",01KWK9N1RCX4C4Z3MF59AKR7TZ,64576338,2026,E-Katalog 6.0,APBD,VAJRA MANDALA LAMPUNG,E-Purchasing,Barang,Belanja Modal Alat Pendingin Sub Kegiatan Penyediaan Peralatan dan Perlengkapan Kantor,ON PROCESS,12987000,12987000
KAB. TANGGAMUS,PUSKESMAS SUKARAJA - 1.02.0.00.0.00.01.0005,01KWDY4WR7FSEP674Z53EPR8S8,67079557,2026,E-Katalog 6.0,APBD,AKHMAD RAFE'I ( DAPUR EDL ),E-Purchasing,Barang,"Belanja bahan, dan penyiapan PMT lokal Balita Bermasalah Gizi",PAYMENT OUTSIDE SYSTEM,11835976,11835976
KAB. TANGGAMUS,INSPEKTORAT DAERAH - 6.01.0.00.0.00.01.0000,01KV500V77GDQAPBYQM8CNM11G,66911210,2026,E-Katalog 6.0,APBD,BINTANG JAGAT,E-Purchasing,Barang,Belanja Modal Alat Kantor Lainnya,ON PROCESS,2497500,2497500
KAB. TANGGAMUS,DINAS PENDIDIKAN DAN KEBUDAYAAN - 1.01.2.22.0.00.02.0000,01KS2KEFKZ6RJZCYWR53HGM7EH,67151758,2026,E-Katalog 6.0,APBD,AN-NISA,E-Purchasing,Barang,Belanja Makanan dan Minuman Jamuan Tamu,ON PROCESS,20245500,20245500
KAB. TANGGAMUS,DINAS PEKERJAAN UMUM DAN PERUMAHAN RAKYAT - 1.03.1.04.2.10.10.0000,01KS01BY9V03F087MT8QW9X9EF,66684622,2026,E-Katalog 6.0,APBD,ABID FAMILI,E-Purchasing,Barang,Belanja Alat Tulis Kantor,ON PROCESS,7168824,7168824
KAB. TANGGAMUS,"BADAN PERENCANAAN PEMBANGUNAN, RISET DAN INOVASI DAERAH - 5.01.5.05.0.00.01.0000",01KQBX5RHJZYKZXR3QGBKB8E9Q,64518033,2026,E-Katalog 6.0,APBD,ALGHIF JAYA,E-Purchasing,Barang,Belanja Alat/Bahan untuk Kegiatan Kantor- Bahan Cetak,PAYMENT OUTSIDE SYSTEM,599400,599400
KAB. TANGGAMUS,PLT.DINAS KESEHATAN - 1.02.0.00.0.00.01.0000,01KPD4YJ8KYT11K6RT2HDDXA9J,66920497,2026,E-Katalog 6.0,APBD,ERSA MEDIKA USAHATAMA,E-Purchasing,Barang,Belanja Modal Alat Kesehatan Puskesmas Pulau Tabuan,ON PROCESS,23044400,23044400
KAB. TANGGAMUS,SEKRETARIAT DPRD - 4.02.0.00.0.00.01.0000,01KNREA53Q666M4KM4RGF30R2M,63313099,2026,E-Katalog 6.0,APBD,SERUMPUN POST LAMPUNG,E-Purchasing,Jasa Lainnya," Belanja Langganan Jurnal/Surat Kabar/Majalah",PAYMENT OUTSIDE SYSTEM,2850000,2850000
KAB. TANGGAMUS,SEKRETARIAT DPRD - 4.02.0.00.0.00.01.0000,01KWXRXFECJ5BJP1AGP0GPZJ80,63313099,2026,E-Katalog 6.0,APBD,JEA INVESTASI FAMILI,E-Purchasing,Jasa Lainnya," Belanja Langganan Jurnal/Surat Kabar/Majalah",ON PROCESS,1900000,1900000
KAB. TANGGAMUS,PUSKESMAS TALANG PADANG - 1.02.0.00.0.00.01.0014,01KTVCQF5PKVY6635VYKTP8KMD,66843100,2026,E-Katalog 6.0,APBD,PUTRA TEKNIK,E-Purchasing,Barang,Belanja Barang dan Jasa BLUD,ON PROCESS,371850,371850
KAB. TANGGAMUS,BAGIAN UMUM SEKRETARIAT DAERAH - 4.01.5.06.0.00.01.0007,01KFWJRPPV33HBDQ9NX72H8ENV,63535118,2026,E-Katalog 6.0,APBD,SWARA ANTAR NUSA,E-Purchasing,Jasa Lainnya,Belanja Sewa Kursi Dan Sarung Kursi Keperluan Pemda,ON PROCESS,17395000,17395000
KAB. TANGGAMUS,BAGIAN UMUM SEKRETARIAT DAERAH - 4.01.5.06.0.00.01.0007,01KS1TVDT7V9QQMNVR573SF0W1,65744818,2026,E-Katalog 6.0,APBD,SWARA ANTAR NUSA,E-Purchasing,Jasa Lainnya,Pakaian Sipil Resmi (PSR) Bupati dan Wakil Bupati,PAYMENT OUTSIDE SYSTEM,4900000,4900000
KAB. TANGGAMUS,DINAS KOMUNIKASI DAN INFORMATIKA - 2.16.2.20.2.21.04.0000,01KKK3C0TJ7X8AJWK6HVNSXQNW,66007827,2026,E-Katalog 6.0,APBD,RISKY FARIANSYAH MULTIMEDIA,E-Purchasing,Jasa Lainnya,Belanja Langganan Jurnal/Surat Kabar/Majalah,ON PROCESS,2850000,2850000
KAB. TANGGAMUS,DINAS KOMUNIKASI DAN INFORMATIKA - 2.16.2.20.2.21.04.0000,01KVTAFFC65V77M7HSR68AHEBQ,66005396,2026,E-Katalog 6.0,APBD,SELATAN WAHANA MEDIA VISUAL,E-Purchasing,Jasa Lainnya,"Belanja Jasa Iklan/Reklame, Film, dan Pemotretan",ON PROCESS,19000000,19000000
KAB. TANGGAMUS,SEKRETARIAT DPRD - 4.02.0.00.0.00.01.0000,01KNP0R7QVAF6MYXSQ11F0Y1J1,63313099,2026,E-Katalog 6.0,APBD,MEDIA SEMBILAN BERJAYA,E-Purchasing,Jasa Lainnya," Belanja Langganan Jurnal/Surat Kabar/Majalah",PAYMENT OUTSIDE SYSTEM,285000,285000
KAB. TANGGAMUS,RUMAH SAKIT UMUM DAERAH BATIN MANGUNANG KOTA AGUNG - 1.02.0.00.0.00.01.0001,01KHBF85M3GQ52CDYN6AAWJT56,63968218,2026,E-Katalog 6.0,APBD,AHON BAKRY AND CAKE,E-Purchasing,Jasa Lainnya,Belanja Makanan dan Minuman Rapat,ON PROCESS,85470000,85470000
KAB. TANGGAMUS,PLT.DINAS KESEHATAN - 1.02.0.00.0.00.01.0000,01KNGFTBFW7ZA5F72AW1CV1KJT,65110394,2026,E-Katalog 6.0,APBD,PERUSAHAAN PERSEROAN (PERSERO) PT. BIO FARMA DISINGKAT PT. BIO FARMA (PERSERO),E-Purchasing,Barang,Pengadaan Obat Pelayanan Kesehatan Dasar (DAK),ON PROCESS,64102500,64102500
KAB. TANGGAMUS,DINAS PENDIDIKAN DAN KEBUDAYAAN - 1.01.2.22.0.00.02.0000,01KTBBR67464DX54FRYA0KSNTR,67253878,2026,E-Katalog 6.0,APBD,LANGGENG JAYA TANGGAMUS,E-Purchasing,Barang,Belanja Cetak Sertifikat OSN SD Tingkat Kabupaten,ON PROCESS,2830500,2830500
KAB. TANGGAMUS,DINAS KOMUNIKASI DAN INFORMATIKA - 2.16.2.20.2.21.04.0000,01KNK1WYF9MQDK5AD3QDMA2F8T,66005396,2026,E-Katalog 6.0,APBD,PRIMA DELTA INDONESIA,E-Purchasing,Jasa Lainnya,"Belanja Jasa Iklan/Reklame, Film, dan Pemotretan",ON PROCESS,38000000,38000000
KAB. TANGGAMUS,DINAS KOMUNIKASI DAN INFORMATIKA - 2.16.2.20.2.21.04.0000,01KKJQXMMBP1C9ZWJS6M0BWBGT,66007827,2026,E-Katalog 6.0,APBD,KARTA CIPTA MEDIA KARYA,E-Purchasing,Jasa Lainnya,Belanja Langganan Jurnal/Surat Kabar/Majalah,ON PROCESS,2850000,2850000
KAB. TANGGAMUS,PUSKESMAS PUTIH DOH - 1.02.0.00.0.00.01.0021,01KRBX077ZEC26D6V25VW5C0RC,67067292,2026,E-Katalog 6.0,APBD,PHAPROS,E-Purchasing,Barang,-,ON PROCESS,2579640,2579640
KAB. TANGGAMUS,BAGIAN KESEJAHTERAAN RAKYAT SEKRETARIAT DAERAH - 4.01.5.06.0.00.01.0002,01KKBBNP70F3F6PKCGPBTEX47Z,63736052,2026,E-Katalog 6.0,APBD,SWARA ANTAR NUSA,E-Purchasing,Jasa Lainnya,Belanja Sewa Electric Generating Set,PAYMENT OUTSIDE SYSTEM,3450000,3450000
KAB. TANGGAMUS,DINAS PERIKANAN - 3.25.0.00.0.00.02.0000,01KWXBXVX907FHWS5NMSGHX7PS,67341052,2026,E-Katalog 6.0,APBD,JEMBAR JAYA PRATAMA,E-Purchasing,Barang,Belanja Bahan Cetak dan Penggandaan,ON PROCESS,19922280,19922280
KAB. TANGGAMUS,RUMAH SAKIT UMUM DAERAH BATIN MANGUNANG KOTA AGUNG - 1.02.0.00.0.00.01.0001,01KKXNGSMHGKXKJWP49657ACMY,66176807,2026,E-Katalog 6.0,APBD,WE DHE WE,E-Purchasing,Barang,Belanja Alat/Bahan untuk Kegiatan Kantor- Bahan Cetak,ON PROCESS,1248750,1248750
KAB. TANGGAMUS,"BADAN PERENCANAAN PEMBANGUNAN, RISET DAN INOVASI DAERAH - 5.01.5.05.0.00.01.0000",01KX0B0H52QSMYW76KKMSJK9H7,64092413,2026,E-Katalog 6.0,APBD,BERTIGA JAYA,E-Purchasing,Barang,Belanja Alat/Bahan untuk Kegiatan Kantor-Alat Tulis Kantor - Sub Kegiatan Koordinasi Penyusunan dan Penetapan Dokumen Perencanaan Pembangunan Daerah Kabupaten/Kota (PMPEPD),ON PROCESS,1913307,1913307
KAB. TANGGAMUS,PLT.DINAS KESEHATAN - 1.02.0.00.0.00.01.0000,01KJ9DDWR4YS31H7GTMQRB9YZZ,65110149,2026,E-Katalog 6.0,APBD,NIRA MEDIKA NUSANTARA,E-Purchasing,Barang,Pengadaan BMHP Pelayanan Dasar (DAK),ON PROCESS,414585000,414585000
KAB. TANGGAMUS,SEKRETARIAT DPRD - 4.02.0.00.0.00.01.0000,01KKTV89XYMJDDTN83CJ5PJ3JC,63313099,2026,E-Katalog 6.0,APBD,ARKAZIA BERKAH INTERMEDIA,E-Purchasing,Jasa Lainnya," Belanja Langganan Jurnal/Surat Kabar/Majalah",ON PROCESS,6000000,6000000
KAB. TANGGAMUS,SEKRETARIAT DPRD - 4.02.0.00.0.00.01.0000,01KKTY299ZWKE0CHXC9788GT0Y,63313099,2026,E-Katalog 6.0,APBD,SECARIK KERTAS MULTIMEDIA,E-Purchasing,Jasa Lainnya," Belanja Langganan Jurnal/Surat Kabar/Majalah",PAYMENT OUTSIDE SYSTEM,2850000,2850000
KAB. TANGGAMUS,SEKRETARIAT DPRD - 4.02.0.00.0.00.01.0000,01KMQ7446F5TA891K631661BYG,63313099,2026,E-Katalog 6.0,APBD,DELI LINTAS BERSAMA,E-Purchasing,Jasa Lainnya," Belanja Langganan Jurnal/Surat Kabar/Majalah",PAYMENT OUTSIDE SYSTEM,190000,190000
KAB. TANGGAMUS,SEKRETARIAT DPRD - 4.02.0.00.0.00.01.0000,01KTNC4J6E75MR05TAYME28A8G,63313099,2026,E-Katalog 6.0,APBD,SELATAN WAHANA MEDIA VISUAL,E-Purchasing,Jasa Lainnya," Belanja Langganan Jurnal/Surat Kabar/Majalah",ON PROCESS,28500000,28500000
KAB. TANGGAMUS,BAGIAN UMUM SEKRETARIAT DAERAH - 4.01.5.06.0.00.01.0007,01KFWM4R55VPVJEX6AZK7QDE4F,63823470,2026,E-Katalog 6.0,APBD,MAHARANI GROUP,E-Purchasing,Jasa Lainnya,Belanja Sewa Alat Kantor Lainnya,PAYMENT OUTSIDE SYSTEM,15000000,15000000
KAB. TANGGAMUS,SEKRETARIAT DPRD - 4.02.0.00.0.00.01.0000,01KN5ZJF8T85DYAQPT5ZT0G44G,63313099,2026,E-Katalog 6.0,APBD,SABURAI LAMPUNG MEDIA UTAMA,E-Purchasing,Jasa Lainnya," Belanja Langganan Jurnal/Surat Kabar/Majalah",PAYMENT OUTSIDE SYSTEM,4750000,4750000
KAB. TANGGAMUS,BAGIAN PROTOKOL DAN KOMUNIKASI PIMPINAN SEKRETARIAT DAERAH - 4.01.5.06.0.00.01.0009,01KW112MRJMVNZFW2Q3QP1RX3E,63489213,2026,E-Katalog 6.0,APBD,LANGGENG JAYA TANGGAMUS,E-Purchasing,Barang,Belanja Alat/Bahan untuk Kegiatan Kantor- Bahan Cetak,ON PROCESS,1498500,1498500
KAB. TANGGAMUS,DINAS KOMUNIKASI DAN INFORMATIKA - 2.16.2.20.2.21.04.0000,01KKK964DR8K1VQ8ZNHG5QZ3XV,66007827,2026,E-Katalog 6.0,APBD,MEDIA MENARA MERCUSUAR,E-Purchasing,Jasa Lainnya,Belanja Langganan Jurnal/Surat Kabar/Majalah,ON PROCESS,1900000,1900000
KAB. TANGGAMUS,SEKRETARIAT DPRD - 4.02.0.00.0.00.01.0000,01KMQ0VRWB1EYDMDKYPNV0N1DG,63313099,2026,E-Katalog 6.0,APBD,ZOUZA MULTIMEDIA LAMPUNG,E-Purchasing,Jasa Lainnya," Belanja Langganan Jurnal/Surat Kabar/Majalah",PAYMENT OUTSIDE SYSTEM,2850000,2850000
KAB. TANGGAMUS,SEKRETARIAT DPRD - 4.02.0.00.0.00.01.0000,01KWVVQKJYQRBD37CN8RESDTG9,63313099,2026,E-Katalog 6.0,APBD,SIGER LAMPUNG INTER MEDIA,E-Purchasing,Jasa Lainnya," Belanja Langganan Jurnal/Surat Kabar/Majalah",ON PROCESS,285000,285000
KAB. TANGGAMUS,BAGIAN PROTOKOL DAN KOMUNIKASI PIMPINAN SEKRETARIAT DAERAH - 4.01.5.06.0.00.01.0009,01KNNX3CZG22YJHNBVC9NJZWVQ,63488383,2026,E-Katalog 6.0,APBD,LANGGENG JAYA TANGGAMUS,E-Purchasing,Barang,Belanja Alat/Bahan untuk Kegiatan Kantor-Alat Tulis Kantor,PAYMENT OUTSIDE SYSTEM,7781100,7781100
KAB. TANGGAMUS,PLT.DINAS KESEHATAN - 1.02.0.00.0.00.01.0000,01KJVAXS3A5RDPZMG6BHYTCK4F,65110394,2026,E-Katalog 6.0,APBD,MEPROFARM,E-Purchasing,Barang,Pengadaan Obat Pelayanan Kesehatan Dasar (DAK),ON PROCESS,532312310,532312310
KAB. TANGGAMUS,DINAS KOMUNIKASI DAN INFORMATIKA - 2.16.2.20.2.21.04.0000,01KRZCDNKNASQH6QJ8KC5MBY40,66007827,2026,E-Katalog 6.0,APBD,PARADIGMA MEDIA NUSANTARA,E-Purchasing,Jasa Lainnya,Belanja Langganan Jurnal/Surat Kabar/Majalah,ON PROCESS,11400000,11400000
KAB. TANGGAMUS,"BADAN PERENCANAAN PEMBANGUNAN, RISET DAN INOVASI DAERAH - 5.01.5.05.0.00.01.0000",01KWKCTEMA9QQJ5ZHW96MHHJRC,64403637,2026,E-Katalog 6.0,APBD,ALGHIF JAYA,E-Purchasing,Barang,Belanja Alat/Bahan untuk Kegiatan Kantor-Alat Tulis Kantor,ON PROCESS,1202685,1202685
KAB. TANGGAMUS,"BADAN PERENCANAAN PEMBANGUNAN, RISET DAN INOVASI DAERAH - 5.01.5.05.0.00.01.0000",01KKG5CKKBX9P88414DQQYCE7F,64086528,2026,E-Katalog 6.0,APBD,BERTIGA JAYA,E-Purchasing,Barang," Belanja Suku Cadang - Suku Cadang Lainnya - Sub Kegiatan Pelaksanaan Musrenbang Kabupaten/Kota (PMPEPD)",PAYMENT OUTSIDE SYSTEM,48529200,48529200
KAB. TANGGAMUS,DINAS PEMUDA DAN OLAHRAGA - 2.19.0.00.0.00.01.0000,01KW8HRBR2SRE5CVX8G2TMTYV9,65093259,2026,E-Katalog 6.0,APBD,LANGGENG JAYA TANGGAMUS,E-Purchasing,Barang,Belanja Modal Peralatan Olahraga Lainnya,ON PROCESS,799200,799200
KAB. TANGGAMUS,PUSKESMAS GISTING - 1.02.0.00.0.00.01.0016,01KV4NAPMGANE144746VCJFEDB,66810700,2026,E-Katalog 6.0,APBD,SARANA MEGAMEDILAB SENTOSA,E-Purchasing,Barang,Belanja Barang dan Jasa BLUD,COMPLETED,4229100,0
KAB. TANGGAMUS,SEKRETARIAT DPRD - 4.02.0.00.0.00.01.0000,01KMM4F7T6ES27H38EF6B39HEN,63313099,2026,E-Katalog 6.0,APBD,WANTARA JABAT PERKASA MEDIA,E-Purchasing,Jasa Lainnya," Belanja Langganan Jurnal/Surat Kabar/Majalah",PAYMENT OUTSIDE SYSTEM,950000,950000
KAB. TANGGAMUS,BAGIAN UMUM SEKRETARIAT DAERAH - 4.01.5.06.0.00.01.0007,01KS1VCS4Q83AEC9Y0WD6N5GYY,65473552,2026,E-Katalog 6.0,APBD,SWARA ANTAR NUSA,E-Purchasing,Barang,Belanja Pakaian Sipil Harian (PSH) Bupati dan Wakil Bupati,PAYMENT OUTSIDE SYSTEM,9800000,9800000
KAB. TANGGAMUS,DINAS PEKERJAAN UMUM DAN PERUMAHAN RAKYAT - 1.03.1.04.2.10.10.0000,01KTX84PCHCD67MN2BVSTZRE6N,66821796,2026,E-Katalog 6.0,APBD,DHAVIN UTAMA,E-Purchasing,Barang,Pengadaan CCTV Dinas PUPR Kab. Tanggamus,ON PROCESS,14652000,14652000
KAB. TANGGAMUS,DINAS KOMUNIKASI DAN INFORMATIKA - 2.16.2.20.2.21.04.0000,01KKGRYQ2G9FKGXENE6HRBYTH6,66007827,2026,E-Katalog 6.0,APBD,MEDIA AZKA SEJATI,E-Purchasing,Jasa Lainnya,Belanja Langganan Jurnal/Surat Kabar/Majalah,ON PROCESS,4750000,4750000
KAB. TANGGAMUS,"BADAN PERENCANAAN PEMBANGUNAN, RISET DAN INOVASI DAERAH - 5.01.5.05.0.00.01.0000",10900176000,67026588,2026,Pencatatan,APBD,,Pengadaan Langsung,Pengadaan Barang,Belanja Makanan dan Minuman Rapat - Sub Kegiatan Pelaksanaan Musrenbang Kabupaten/Kota (PMPEPD),PAKET SELESAI,2138400,2138400
KAB. TANGGAMUS,"BADAN PERENCANAAN PEMBANGUNAN, RISET DAN INOVASI DAERAH - 5.01.5.05.0.00.01.0000",01KR0MTYSP4CYDDWVX6WHNXK90,64087215,2026,E-Katalog 6.0,APBD,ABID FAMILI,E-Purchasing,Barang,Belanja Alat/Bahan untuk Kegiatan Kantor- Bahan Cetak - Sub Kegiatan Pelaksanaan Musrenbang Kabupaten/Kota (PMPEPD),PAYMENT OUTSIDE SYSTEM,899100,899100
KAB. TANGGAMUS,DINAS PEMUDA DAN OLAHRAGA - 2.19.0.00.0.00.01.0000,01KNNTF7HTQRNRGBXGYTFB56QN,65018517,2026,E-Katalog 6.0,APBD,LANGGENG JAYA TANGGAMUS,E-Purchasing,Jasa Lainnya,Belanja Alat/Bahan untuk Kegiatan Kantor-Perabot Kantor,PAYMENT OUTSIDE SYSTEM,1221000,1221000
KAB. TANGGAMUS,PLT.DINAS KESEHATAN - 1.02.0.00.0.00.01.0000,01KQ657F4YF6Y70CWJ2MAENMWY,67007662,2026,E-Katalog 6.0,APBD,MEDIKAL PRINTING,E-Purchasing,Barang,Belanja Alat/Bahan untuk Kegiatan Kantor- Bahan Cetak Subkegiatan  Pengelolaan Pelayanan Kesehatan Penderita Diabetes Melitus,PAYMENT OUTSIDE SYSTEM,220000,220000
KAB. TANGGAMUS,DINAS KOMUNIKASI DAN INFORMATIKA - 2.16.2.20.2.21.04.0000,01KS1Q65NE6KXN6BMQ2H1HJJ0H,66007827,2026,E-Katalog 6.0,APBD,DISWAY DIGITAL LAMPUNG,E-Purchasing,Jasa Lainnya,Belanja Langganan Jurnal/Surat Kabar/Majalah,ON PROCESS,5700000,5700000
KAB. TANGGAMUS,DINAS KOMUNIKASI DAN INFORMATIKA - 2.16.2.20.2.21.04.0000,01KKKM7WW6Q9WNDDJWHC9QWBFR,66007827,2026,E-Katalog 6.0,APBD,INTERMEDIA DINAMIS ABADI,E-Purchasing,Jasa Lainnya,Belanja Langganan Jurnal/Surat Kabar/Majalah,ON PROCESS,475000,475000
KAB. TANGGAMUS,SEKRETARIAT DPRD - 4.02.0.00.0.00.01.0000,01KWK1XNKFEJBZTF067XWA52B6,63313099,2026,E-Katalog 6.0,APBD,RESONANSI MEDIA LAMPUNG,E-Purchasing,Jasa Lainnya," Belanja Langganan Jurnal/Surat Kabar/Majalah",ON PROCESS,4750000,4750000
KAB. TANGGAMUS,PUSKESMAS WONOSOBO - 1.02.0.00.0.00.01.0003,01KRYYR1FGASRTRF1ZW8HDQ8VD,67046620,2026,E-Katalog 6.0,APBD,MULYA DAMAS PERSADA,E-Purchasing,Barang,Belanja Modal Peralatan dan Mesin BLUD,COMPLETED,9990000,9990000
KAB. TANGGAMUS,DINAS KOMUNIKASI DAN INFORMATIKA - 2.16.2.20.2.21.04.0000,01KWBMSD7EX9K9V3DHA8WCQKS6,66007827,2026,E-Katalog 6.0,APBD,ATMOS EDITOR LAMPUNG,E-Purchasing,Jasa Lainnya,Belanja Langganan Jurnal/Surat Kabar/Majalah,ON PROCESS,4750000,4750000
KAB. TANGGAMUS,DINAS KOMUNIKASI DAN INFORMATIKA - 2.16.2.20.2.21.04.0000,01KKGK7T7VZZK6PDJBJ67EH1G0,66007827,2026,E-Katalog 6.0,APBD,ATLANTA ENTERTAIN GROUP,E-Purchasing,Jasa Lainnya,Belanja Langganan Jurnal/Surat Kabar/Majalah,ON PROCESS,4750000,4750000
KAB. TANGGAMUS,PUSKESMAS GISTING - 1.02.0.00.0.00.01.0016,01KWK7K7BR3HFEWQ5M04XA05H2,66810700,2026,E-Katalog 6.0,APBD,TRIMAN,E-Purchasing,Barang,Belanja Barang dan Jasa BLUD,ON PROCESS,4952545,4952545
KAB. TANGGAMUS,BAGIAN UMUM SEKRETARIAT DAERAH - 4.01.5.06.0.00.01.0007,01KG6X6K74GN1STPM3RBDZKVC8,63823470,2026,E-Katalog 6.0,APBD,SWARA ANTAR NUSA,E-Purchasing,Jasa Lainnya,Belanja Sewa Alat Kantor Lainnya,ON PROCESS,122500000,122500000
KAB. TANGGAMUS,DINAS LINGKUNGAN HIDUP - 2.11.0.00.0.00.01.0000,01KGH0312GNXXFKFSHPR88TT9N,64005717,2026,E-Katalog 6.0,APBD,SURYA TRI ATMAJA,E-Purchasing,Barang,Belanja Modal Personal Computer ,ON PROCESS,27528000,27528000
KAB. TANGGAMUS,DINAS LINGKUNGAN HIDUP - 2.11.0.00.0.00.01.0000,10767674000,63785422,2026,Non Tender,APBD,Hasta Tunggal Pratama,Pengadaan Langsung,Jasa Konsultansi Badan Usaha Non Konstruksi,Penyusunan Dokumen Inventarisasi GRK dan Penyusunan Profil Emisi GRK,SELESAI,29582610,29582610
KAB. TANGGAMUS,PUSKESMAS KLUMBAYAN BARAT - 1.02.0.00.0.00.01.0024,01KVXBS9W70Y7BKPSWJ3Y6FDPS,67299044,2026,E-Katalog 6.0,APBD,BERKAH WISESHA,E-Purchasing,Barang,Belanja Modal Peralatan dan Mesin BLUD,ON PROCESS,4795200,4795200
KAB. TANGGAMUS,DINAS PENDIDIKAN DAN KEBUDAYAAN - 1.01.2.22.0.00.02.0000,01KX0S0X0B2A570ZHZNN05RBYF,67437352,2026,E-Katalog 6.0,APBD,LANGGENG JAYA TANGGAMUS,E-Purchasing,Barang,Belanja Cetak Banner Kegiatan Sosialisasi,ON PROCESS,1498500,1498500
KAB. TANGGAMUS,SEKRETARIAT DPRD - 4.02.0.00.0.00.01.0000,01KNP1RBY2G58RWXQ6DDYJK59M,63313099,2026,E-Katalog 6.0,APBD,MEDIA INFO SOLUTION,E-Purchasing,Jasa Lainnya," Belanja Langganan Jurnal/Surat Kabar/Majalah",PAYMENT OUTSIDE SYSTEM,190000,190000
KAB. TANGGAMUS,SEKRETARIAT DPRD - 4.02.0.00.0.00.01.0000,01KT8W81X3VSQZNV85PCMVSP0E,66870194,2026,E-Katalog 6.0,APBD,PERDANA KARYA GEMILANG,E-Purchasing,Barang,Belanja Pakaian Dinas Sekretariat ,ON PROCESS,65234700,65234700
KAB. TANGGAMUS,DINAS KOMUNIKASI DAN INFORMATIKA - 2.16.2.20.2.21.04.0000,01KKGR0B4CRNP87ZM2J2TM8G1M,66007827,2026,E-Katalog 6.0,APBD,LAMPUNG MEDIA PERS,E-Purchasing,Jasa Lainnya,Belanja Langganan Jurnal/Surat Kabar/Majalah,ON PROCESS,4750000,4750000
KAB. TANGGAMUS,SEKRETARIAT DPRD - 4.02.0.00.0.00.01.0000,01KS25K75393RFTXG7K1CJVMSJ,63313099,2026,E-Katalog 6.0,APBD,MEDIA SABANA LAMPUNG,E-Purchasing,Jasa Lainnya," Belanja Langganan Jurnal/Surat Kabar/Majalah",ON PROCESS,2850000,2850000
KAB. TANGGAMUS,DINAS PEMUDA DAN OLAHRAGA - 2.19.0.00.0.00.01.0000,01KQV2MGVB434WPK19BKNG2EG9,65161550,2026,E-Katalog 6.0,APBD,LANGGENG JAYA TANGGAMUS,E-Purchasing,Jasa Lainnya,Belanja Alat/Bahan untuk Kegiatan Kantor- Bahan Cetak,PAYMENT OUTSIDE SYSTEM,1268730,1268730
KAB. TANGGAMUS,SEKRETARIAT DPRD - 4.02.0.00.0.00.01.0000,01KWVREEYDN0A3V4KPDSZMA9QS,63313099,2026,E-Katalog 6.0,APBD,BANYU BIRU MULTIMEDIA,E-Purchasing,Jasa Lainnya," Belanja Langganan Jurnal/Surat Kabar/Majalah",ON PROCESS,2850000,2850000
KAB. TANGGAMUS,SEKRETARIAT DPRD - 4.02.0.00.0.00.01.0000,01KKTZGS0BYR5XGRZHJRTMAF1D,63313099,2026,E-Katalog 6.0,APBD,RESTOE BOEMI MEDIA,E-Purchasing,Jasa Lainnya," Belanja Langganan Jurnal/Surat Kabar/Majalah",PAYMENT OUTSIDE SYSTEM,2850000,2850000
KAB. TANGGAMUS,DINAS KOMUNIKASI DAN INFORMATIKA - 2.16.2.20.2.21.04.0000,01KKGXR5BJJE0FBBAQKHWH054H,66007827,2026,E-Katalog 6.0,APBD,RATU MEDIA JAYA,E-Purchasing,Jasa Lainnya,Belanja Langganan Jurnal/Surat Kabar/Majalah,ON PROCESS,4750000,4750000
KAB. TANGGAMUS,PLT.DINAS KESEHATAN - 1.02.0.00.0.00.01.0000,01KRD54ME9QMBK6PECQ789TQNZ,67123382,2026,E-Katalog 6.0,APBD,ALGHIF JAYA,E-Purchasing,Barang,"Belanja Alat/Bahan untuk Kegiatan Kantor-Alat Tulis Kantor Subkegiatan Pengadaan Obat, Bahan Habis Pakai, Bahan Medis Habis Pakai,, Vaksin, Makanan dan Minuman di Fasilitas Kesehatan",PAYMENT OUTSIDE SYSTEM,4314170,4314170
KAB. TANGGAMUS,DINAS KEPENDUDUKAN DAN PENCATATAN SIPIL - 2.12.2.12.0.00.01.0000,01KGEMA5H362C1ZG9QA0936049,63132152,2026,E-Katalog 6.0,APBD,SERASI AUTORAYA,E-Purchasing,Barang,BELANJA SEWA PERALATAN DAN MESIN BELANJA SEWA KENDARAAN DINAS BERMOTOR PERONGAN,PAYMENT OUTSIDE SYSTEM,113299997,113299997
KAB. TANGGAMUS,PUSKESMAS TALANG PADANG - 1.02.0.00.0.00.01.0014,01KT9ARZPTRGJHCZ96NMZRXJX6,66843100,2026,E-Katalog 6.0,APBD,TRIMAN,E-Purchasing,Barang,Belanja Barang dan Jasa BLUD,ON PROCESS,1684092,1684092
KAB. TANGGAMUS,DINAS PEMUDA DAN OLAHRAGA - 2.19.0.00.0.00.01.0000,01KK0NW4Z8P217PHZAFPYMVV0S,65015738,2026,E-Katalog 6.0,APBD,LANGGENG JAYA TANGGAMUS,E-Purchasing,Jasa Lainnya,Belanja Alat/Bahan untuk Kegiatan Kantor-Alat Tulis Kantor,PAYMENT OUTSIDE SYSTEM,18796518,18796518
KAB. TANGGAMUS,"BADAN PERENCANAAN PEMBANGUNAN, RISET DAN INOVASI DAERAH - 5.01.5.05.0.00.01.0000",01KTNJ7TEQ0W778R0NWEYY6DEK,64585264,2026,E-Katalog 6.0,APBD,BERTIGA JAYA,E-Purchasing,Barang,Belanja Modal Alat Rumah Tangga Lainnya (Home Use) Sub Kegiatan Penyediaan Peralatan dan Perlengkapan Kantor,ON PROCESS,199800,199800
KAB. TANGGAMUS,BADAN PENDAPATAN DAERAH - 5.02.0.00.0.00.02.0000,01KH37AA8GF04NS4NHE8K9BFXN,64004961,2026,E-Katalog 6.0,APBD,AN-NISA,E-Purchasing,Barang,Belanja Makanan Minuman Rapat,PAYMENT OUTSIDE SYSTEM,8000000,8000000
KAB. TANGGAMUS,SEKRETARIAT DPRD - 4.02.0.00.0.00.01.0000,01KNRGVBCPCDHXQDVZVXYFVBZF,63313099,2026,E-Katalog 6.0,APBD,SEMAKA MEDIA AGUNG,E-Purchasing,Jasa Lainnya," Belanja Langganan Jurnal/Surat Kabar/Majalah",PAYMENT OUTSIDE SYSTEM,1900000,1900000
KAB. TANGGAMUS,DINAS PEMADAM KEBAKARAN DAN PENYELAMATAN - 1.05.0.00.0.00.02.0000,01KP2ENW6V5T6W9YTE7MSGNGDW,66200200,2026,E-Katalog 6.0,APBD,PRABU GUNTUR SAKETI,E-Purchasing,Barang,Belanja Modal Mebel,PAYMENT OUTSIDE SYSTEM,62483010,62483010
KAB. TANGGAMUS,BAGIAN UMUM SEKRETARIAT DAERAH - 4.01.5.06.0.00.01.0007,10826971000,66851757,2026,Non Tender,APBD,CV ZIDAN PRATAMA,Pengadaan Langsung,Pekerjaan Konstruksi,Pemeliharaan Plafon Rumah Dinas Asisten Ekonomi dan Pembangunan,SELESAI,9706950,9706950
KAB. TANGGAMUS,BAGIAN PERENCANAAN DAN KEUANGAN SEKRETARIAT DAERAH - 4.01.5.06.0.00.01.0010,01KPQBS89MNP393Z8EGPP84029,63820527,2026,E-Katalog 6.0,APBD,ALGHIF JAYA,E-Purchasing,Barang,Belanja Alat/Bahan untuk Kegiatan Kantor- Bahan Cetak,PAYMENT OUTSIDE SYSTEM,1198800,1198800
KAB. TANGGAMUS,SEKRETARIAT DPRD - 4.02.0.00.0.00.01.0000,01KWH45MQ7MYE87RNDBWBQY33Y,63313099,2026,E-Katalog 6.0,APBD,MEDIA ZASKIA PUTRI,E-Purchasing,Jasa Lainnya," Belanja Langganan Jurnal/Surat Kabar/Majalah",ON PROCESS,4750000,4750000
KAB. TANGGAMUS,DINAS KOMUNIKASI DAN INFORMATIKA - 2.16.2.20.2.21.04.0000,01KVT8W9DJSXDY6Z6WER6JK8PX,66007827,2026,E-Katalog 6.0,APBD,LAMPUNG MEDIA BERSERI,E-Purchasing,Jasa Lainnya,Belanja Langganan Jurnal/Surat Kabar/Majalah,ON PROCESS,9500000,9500000
KAB. TANGGAMUS,SEKRETARIAT DPRD - 4.02.0.00.0.00.01.0000,01KWH3HNGHDJ8QQ7B4A0717E91,63313099,2026,E-Katalog 6.0,APBD,NADI MEDIA NEWS,E-Purchasing,Jasa Lainnya," Belanja Langganan Jurnal/Surat Kabar/Majalah",ON PROCESS,4750000,4750000
KAB. TANGGAMUS,"BADAN PERENCANAAN PEMBANGUNAN, RISET DAN INOVASI DAERAH - 5.01.5.05.0.00.01.0000",01KS1R6XF8PBSJ26J1KZ6QPFF7,64569810,2026,E-Katalog 6.0,APBD,LANGGENG JAYA TANGGAMUS,E-Purchasing,Barang,Belanja alat/Bahan untuk Kegiatan Kantor-Alat Tulis Kantor-Sub Kegiatan Penyediaan Administrasi Pelaksanaan Tugas ASN,ON PROCESS,2266787,2266787
KAB. TANGGAMUS,DINAS KOMUNIKASI DAN INFORMATIKA - 2.16.2.20.2.21.04.0000,01KKGKD39E52KFFYZT5C198JHW,66007827,2026,E-Katalog 6.0,APBD,ATMOS EDITOR LAMPUNG,E-Purchasing,Jasa Lainnya,Belanja Langganan Jurnal/Surat Kabar/Majalah,ON PROCESS,4750000,4750000
KAB. TANGGAMUS,DINAS KOMUNIKASI DAN INFORMATIKA - 2.16.2.20.2.21.04.0000,01KKJXJAJGXB3CR8B3F1M82Y06,66007827,2026,E-Katalog 6.0,APBD,MAJU BERSAMA ALFAQI,E-Purchasing,Jasa Lainnya,Belanja Langganan Jurnal/Surat Kabar/Majalah,ON PROCESS,2850000,2850000
KAB. TANGGAMUS,BADAN PENDAPATAN DAERAH - 5.02.0.00.0.00.02.0000,01KVYDAFASQJWGRP8YK9451D9K,67209251,2026,E-Katalog 6.0,APBD,BERTIGA JAYA,E-Purchasing,Barang,Belanja Modal Alat Pendingin,ON PROCESS,19447200,19447200
KAB. TANGGAMUS,"BADAN PERENCANAAN PEMBANGUNAN, RISET DAN INOVASI DAERAH - 5.01.5.05.0.00.01.0000",01KRG24APNV8Q0Z9R8ZWVV9KXG,67095035,2026,E-Katalog 6.0,APBD,ABID FAMILI,E-Purchasing,Barang,Fotokopi Monev SDA Bidang PP,ON PROCESS,449550,449550
KAB. TANGGAMUS,DINAS KOMUNIKASI DAN INFORMATIKA - 2.16.2.20.2.21.04.0000,01KKGM4DCCH4DVAET6AX4VR014,66007827,2026,E-Katalog 6.0,APBD,DAYU SATRIA JAYA ABADI,E-Purchasing,Jasa Lainnya,Belanja Langganan Jurnal/Surat Kabar/Majalah,ON PROCESS,4750000,4750000
KAB. TANGGAMUS,SEKRETARIAT DPRD - 4.02.0.00.0.00.01.0000,01KNRD4W0P2YR0CF6818G51ZAG,63313099,2026,E-Katalog 6.0,APBD,MEDIA ZASKIA PUTRI,E-Purchasing,Jasa Lainnya," Belanja Langganan Jurnal/Surat Kabar/Majalah",PAYMENT OUTSIDE SYSTEM,2850000,2850000
KAB. TANGGAMUS,"BADAN PERENCANAAN PEMBANGUNAN, RISET DAN INOVASI DAERAH - 5.01.5.05.0.00.01.0000",01KJWHBAZ3SAG2QVYA2GJSPERV,63931068,2026,E-Katalog 6.0,APBD,ABID FAMILI,E-Purchasing,Barang,Belanja Alat/Bahan untuk Kegiatan Kantor-Alat Tulis Kantor,PAYMENT OUTSIDE SYSTEM,1126172,1126172
KAB. TANGGAMUS,RUMAH SAKIT UMUM DAERAH BATIN MANGUNANG KOTA AGUNG - 1.02.0.00.0.00.01.0001,01KSHDHSNG8DC6K2QCDXEM3XS7,67140279,2026,E-Katalog 6.0,APBD,LINTANG MEDIKA,E-Purchasing,Barang,Belanja Modal Peralatan dan Mesin BLUD,ON PROCESS,53400000,53400000
KAB. TANGGAMUS,SEKRETARIAT DPRD - 4.02.0.00.0.00.01.0000,01KWKD3A978EJRC14H7R8C87WZ,63313099,2026,E-Katalog 6.0,APBD,WIRADILAGA GEMINI MEDIA,E-Purchasing,Jasa Lainnya," Belanja Langganan Jurnal/Surat Kabar/Majalah",ON PROCESS,4750000,4750000
KAB. TANGGAMUS,BAGIAN UMUM SEKRETARIAT DAERAH - 4.01.5.06.0.00.01.0007,01KPWDE6ARWDJM1CKJDKKX16QC,63537539,2026,E-Katalog 6.0,APBD,SWARA ANTAR NUSA,E-Purchasing,Barang,Belanja Pakaian Resmi Lampung Lengkap (PRLL) Bupati dan Wakil Bupati,PAYMENT OUTSIDE SYSTEM,9600000,9600000
KAB. TANGGAMUS,SEKRETARIAT DPRD - 4.02.0.00.0.00.01.0000,01KKTG50QQEJ7ZFAV6D4P1E1KP,63313099,2026,E-Katalog 6.0,APBD,INTERMEDIA NUSA BHAKTI,E-Purchasing,Jasa Lainnya," Belanja Langganan Jurnal/Surat Kabar/Majalah",PAYMENT OUTSIDE SYSTEM,4750000,4750000
KAB. TANGGAMUS,SEKRETARIAT DPRD - 4.02.0.00.0.00.01.0000,01KKTWSDP7T7264JRTZCWJZCM0,63313099,2026,E-Katalog 6.0,APBD,MEDIA HALUAN INDONESIA,E-Purchasing,Jasa Lainnya," Belanja Langganan Jurnal/Surat Kabar/Majalah",PAYMENT OUTSIDE SYSTEM,2850000,2850000
KAB. TANGGAMUS,BADAN KEUANGAN DAN ASET DAERAH - 5.02.0.00.0.00.06.0000,01KKBB7T3WX2P7041Q5B1KWCWR,65823515,2026,E-Katalog 6.0,APBD,GLOBALINDO MEDIA DIGITAL,E-Purchasing,Barang,Belanja Modal Peralatan Personal Computer,PAYMENT OUTSIDE SYSTEM,45221400,45221400
KAB. TANGGAMUS,BAGIAN UMUM SEKRETARIAT DAERAH - 4.01.5.06.0.00.01.0007,01KE93496T1M6C7Z5375A84WEF,62342348,2026,E-Katalog 6.0,APBD,SIGER INOVASI,E-Purchasing,Jasa Lainnya,Belanja Sewa Untuk Asisten,PAYMENT OUTSIDE SYSTEM,335664000,335664000
KAB. TANGGAMUS,DINAS PENDIDIKAN DAN KEBUDAYAAN - 1.01.2.22.0.00.02.0000,01KVCP9M45XKVNF8QGGMJFWHZ9,67027756,2026,E-Katalog 6.0,APBD,AN-NISA,E-Purchasing,Barang,Belanja Makanan dan Minuman Jamuan Tamu,ON PROCESS,1780000,1780000
KAB. TANGGAMUS,PUSKESMAS SUMBEREJO - 1.02.0.00.0.00.01.0025,01KQYDM1MX8HS6YZAB99G5Y8HT,66863684,2026,E-Katalog 6.0,APBD,ABDUL AZIS,E-Purchasing,Barang,Jamuan Snack,PAYMENT OUTSIDE SYSTEM,1620000,1620000
KAB. TANGGAMUS,"BADAN PERENCANAAN PEMBANGUNAN, RISET DAN INOVASI DAERAH - 5.01.5.05.0.00.01.0000",01KMYK2Z0FGPNH1QT3BCP4X3PD,66616964,2026,E-Katalog 6.0,APBD,ARIHANKA MANDIRI,E-Purchasing,Jasa Lainnya,Belanja Sewa Alat Kantor Lainnya,ON PROCESS,24753000,24753000
KAB. TANGGAMUS,RUMAH SAKIT UMUM DAERAH BATIN MANGUNANG KOTA AGUNG - 1.02.0.00.0.00.01.0001,01KSSJG6C8QNDVWKSMEQ1VZWGF,67140288,2026,E-Katalog 6.0,APBD,INDAH NURANI,E-Purchasing,Jasa Lainnya,Belanja Barang dan Jasa BLUD,ON PROCESS,13653000,13653000
KAB. TANGGAMUS,SEKRETARIAT DPRD - 4.02.0.00.0.00.01.0000,01KS25D8FD89NE35P7TWPH85NC,63313099,2026,E-Katalog 6.0,APBD,RESONANSI MEDIA LAMPUNG,E-Purchasing,Jasa Lainnya," Belanja Langganan Jurnal/Surat Kabar/Majalah",ON PROCESS,4750000,4750000
KAB. TANGGAMUS,SEKRETARIAT DPRD - 4.02.0.00.0.00.01.0000,01KKB431DZVPFK4QYEEX473DTG,63490295,2026,E-Katalog 6.0,APBD,LANGGENG JAYA TANGGAMUS,E-Purchasing,Barang,Cetak KOP Surat Sekretariat DPRD,PAYMENT OUTSIDE SYSTEM,16650000,16650000
KAB. TANGGAMUS,DINAS PEMBERDAYAAN MASYARAKAT DAN DESA - 2.13.0.00.0.00.01.0000,01KPADEHXVQWMNWQNFZS53DQKA,66182186,2026,E-Katalog 6.0,APBD,AN-NISA,E-Purchasing,Barang,Belanja Makanan dan Minuman Jamuan Tamu,ON PROCESS,12800000,12800000
KAB. TANGGAMUS,BAGIAN HUKUM SEKRETARIAT DAERAH - 4.01.5.06.0.00.01.0003,01KRDEC84978KCPSWYAVJTMABK,63586006,2026,E-Katalog 6.0,APBD,WE DHE WE,E-Purchasing,Barang,BELANJA PENJILIDAN,PAYMENT OUTSIDE SYSTEM,3496500,3496500
KAB. TANGGAMUS,BAGIAN UMUM SEKRETARIAT DAERAH - 4.01.5.06.0.00.01.0007,01KHTF6S30WM5EV1ZQMHQN0E1W,63513963,2026,E-Katalog 6.0,APBD,ADI SETIAWAN,E-Purchasing,Jasa Lainnya,Belanja Pemeliharaan AC,PAYMENT OUTSIDE SYSTEM,39488000,39488000
KAB. TANGGAMUS,RUMAH SAKIT UMUM DAERAH BATIN MANGUNANG KOTA AGUNG - 1.02.0.00.0.00.01.0001,01KTWMXN3FQ5T8P1B8X0MQ0G0P,65937631,2026,E-Katalog 6.0,APBD,UNIVERSAL ECO PASIFIC,E-Purchasing,Jasa Lainnya,Jasa Pelayanan Kesehatan Limbah/Sampah,ON PROCESS,28860000,28860000
KAB. TANGGAMUS,DINAS PARIWISATA DAN KEBUDAYAAN - 3.26.2.22.2.19.02.0000,01KMYFZCS8VH21JKDJBP3ZMA67,64243630,2026,E-Katalog 6.0,APBD,LANGGENG JAYA TANGGAMUS,E-Purchasing,Barang,Belanja Alat Tulis Kantor ,PAYMENT OUTSIDE SYSTEM,66600,66600
KAB. TANGGAMUS,DINAS PARIWISATA DAN KEBUDAYAAN - 3.26.2.22.2.19.02.0000,01KJ4DYYBMA31JKJNED9TVKNKM,64176675,2026,E-Katalog 6.0,APBD,LANGGENG JAYA TANGGAMUS,E-Purchasing,Barang,Belanja Alat/Bahan untuk Kegiatan Kantor-Perabot Kantor,PAYMENT OUTSIDE SYSTEM,1506825,1506825
KAB. TANGGAMUS,PLT.DINAS KESEHATAN - 1.02.0.00.0.00.01.0000,10782797000,65107114,2026,Non Tender,APBD,TUNAS NUSANTARA KONSULTAN,Pengadaan Langsung,Jasa Konsultansi Badan Usaha Konstruksi,"Konsultan Perencanaan Renovasi, Pembangunan Pustu dan Rumah Dinas",SELESAI,61859112,61859112
KAB. TANGGAMUS,DINAS KOMUNIKASI DAN INFORMATIKA - 2.16.2.20.2.21.04.0000,01KRZC26JNE8YHRC8RN0F22YYJ,66007827,2026,E-Katalog 6.0,APBD,MEDIA ZASKIA PUTRI,E-Purchasing,Jasa Lainnya,Belanja Langganan Jurnal/Surat Kabar/Majalah,ON PROCESS,2850000,2850000
KAB. TANGGAMUS,SEKRETARIAT DPRD - 4.02.0.00.0.00.01.0000,01KKTDRWY2J330NM9Y31DYVP39,63313099,2026,E-Katalog 6.0,APBD,EXCALIBUR MEDIA TAMA,E-Purchasing,Jasa Lainnya," Belanja Langganan Jurnal/Surat Kabar/Majalah",PAYMENT OUTSIDE SYSTEM,4750000,4750000
KAB. TANGGAMUS,"BADAN PERENCANAAN PEMBANGUNAN, RISET DAN INOVASI DAERAH - 5.01.5.05.0.00.01.0000",01KJC40ETTY0XVTM92NA414SNX,64379034,2026,E-Katalog 6.0,APBD,ABID FAMILI,E-Purchasing,Barang,Belanja Alat/Bahan untuk Kegiatan Kantor-Alat Tulis Kantor,PAYMENT OUTSIDE SYSTEM,1213230,1213230
KAB. TANGGAMUS,BAGIAN KESEJAHTERAAN RAKYAT SEKRETARIAT DAERAH - 4.01.5.06.0.00.01.0002,01KKBBVJVNQ6CM2WWQXC8CQ7VZ,63728472,2026,E-Katalog 6.0,APBD,LANGGENG JAYA TANGGAMUS,E-Purchasing,Jasa Lainnya,Belanja Alat/Bahan untuk Kegiatan Kantor- Bahan Cetak,PAYMENT OUTSIDE SYSTEM,1776000,1776000
KAB. TANGGAMUS,SEKRETARIAT DPRD - 4.02.0.00.0.00.01.0000,01KKTJ7DBMZGA5F15EPJ7NTAM6,63313099,2026,E-Katalog 6.0,APBD,ATLANTA ENTERTAIN GROUP,E-Purchasing,Jasa Lainnya," Belanja Langganan Jurnal/Surat Kabar/Majalah",PAYMENT OUTSIDE SYSTEM,4750000,4750000
KAB. TANGGAMUS,DINAS KOMUNIKASI DAN INFORMATIKA - 2.16.2.20.2.21.04.0000,01KWE0NTXWD9WC92P8Z26F1QS5,66005396,2026,E-Katalog 6.0,APBD,TEGAR MEDIA LAMPUNG,E-Purchasing,Jasa Lainnya,"Belanja Jasa Iklan/Reklame, Film, dan Pemotretan",ON PROCESS,19000000,19000000
KAB. TANGGAMUS,"BADAN PERENCANAAN PEMBANGUNAN, RISET DAN INOVASI DAERAH - 5.01.5.05.0.00.01.0000",01KJVWAXAAH3TX5JX89KXD98TQ,64118061,2026,E-Katalog 6.0,APBD,ABID FAMILI,E-Purchasing,Barang,"Belanja Alat/Bahan untuk Kegiatan Kantor - Bahan Cetak - Sub Kegiatan Analisis Kondisi Daerah, Permasalahan, dan Isu Strategis Pembangunan Daerah (PMPEPD)",PAYMENT OUTSIDE SYSTEM,12498600,12498600
KAB. TANGGAMUS,DINAS KOMUNIKASI DAN INFORMATIKA - 2.16.2.20.2.21.04.0000,01KKJM23C79P9YYBMTPZPFT0QX,66007827,2026,E-Katalog 6.0,APBD,DANIEL PUETRA PERTAMA,E-Purchasing,Jasa Lainnya,Belanja Langganan Jurnal/Surat Kabar/Majalah,ON PROCESS,2850000,2850000
KAB. TANGGAMUS,DINAS PENDIDIKAN DAN KEBUDAYAAN - 1.01.2.22.0.00.02.0000,01KH0BS4Y3TDJ41GT58GRA9TVE,63472021,2026,E-Katalog 6.0,APBD,MADENA PUTRA MAS,E-Purchasing,Barang,Alat Permainan Edukasi (APE) PAUD OUTDOOR,ON PROCESS,196470000,196470000
KAB. TANGGAMUS,BADAN KEUANGAN DAN ASET DAERAH - 5.02.0.00.0.00.06.0000,01KRWJD9WHZ81CHNWE5GJXNR13,65758693,2026,E-Katalog 6.0,APBD,WE DHE WE,E-Purchasing,Barang,Belanja Modal Alat Pendingin,PAYMENT OUTSIDE SYSTEM,37407000,37407000
KAB. TANGGAMUS,BAGIAN UMUM SEKRETARIAT DAERAH - 4.01.5.06.0.00.01.0007,01KS6ZEJSGQTM0HJGB40W6PS5H,63616107,2026,E-Katalog 6.0,APBD,MELATI JAYA CATERING,E-Purchasing,Jasa Lainnya,Belanja Makanan Dan Minuman Untuk Acara Open House Hari Raya Idul Adha,PAYMENT OUTSIDE SYSTEM,20576000,20576000
KAB. TANGGAMUS,PLT.DINAS KESEHATAN - 1.02.0.00.0.00.01.0000,01KSEN7EN5AQZVDBD7RH330VE2,65192354,2026,E-Katalog 6.0,APBD,SOWAN RAGA INTI LAMPUNG,E-Purchasing,Barang,Belanja Modal Alat Pendingin Penyediaan Peralatan dan Perlengkapan Kantor,ON PROCESS,17454750,17454750
KAB. TANGGAMUS,PLT.DINAS KESEHATAN - 1.02.0.00.0.00.01.0000,01KJVHSGQV72R5YS8RVDSYGFC6,65110394,2026,E-Katalog 6.0,APBD,MERSIFARMA TIRMAKU MERCUSANA,E-Purchasing,Barang,Pengadaan Obat Pelayanan Kesehatan Dasar (DAK),ON PROCESS,46793160,46793160
KAB. TANGGAMUS,"BADAN PERENCANAAN PEMBANGUNAN, RISET DAN INOVASI DAERAH - 5.01.5.05.0.00.01.0000",01KJ9HTCYTRWY4XSFHC4V45CG3,64405413,2026,E-Katalog 6.0,APBD,ABID FAMILI,E-Purchasing,Barang,Belanja Alat/Bahan untuk Kegiatan Kantor-Alat Tulis Kantor,PAYMENT OUTSIDE SYSTEM,643356,643356
KAB. TANGGAMUS,DINAS KEPENDUDUKAN DAN PENCATATAN SIPIL - 2.12.2.12.0.00.01.0000,01KQRQW3P3TPP56M67DJF20CJ5,62900902,2026,E-Katalog 6.0,APBD,LANGGENG JAYA TANGGAMUS,E-Purchasing,Barang,Belanja Alat/Bahan untuk Kegiatan Kantor- Bahan Cetak,PAYMENT OUTSIDE SYSTEM,10224765,10224765
KAB. TANGGAMUS,SEKRETARIAT DPRD - 4.02.0.00.0.00.01.0000,01KNP115ZW1RCJJZTKM3CBFMJC,63313099,2026,E-Katalog 6.0,APBD,CAHAYA GRAHA SUARA,E-Purchasing,Jasa Lainnya," Belanja Langganan Jurnal/Surat Kabar/Majalah",PAYMENT OUTSIDE SYSTEM,285000,285000
KAB. TANGGAMUS,BAGIAN PROTOKOL DAN KOMUNIKASI PIMPINAN SEKRETARIAT DAERAH - 4.01.5.06.0.00.01.0009,01KJ4JSD1CB42PMHS6AJ4X8NWV,63487120,2026,E-Katalog 6.0,APBD,DUA ENAM,E-Purchasing,Barang,Belanja Alat/Bahan untuk Kegiatan Kantor- Bahan Cetak ,PAYMENT OUTSIDE SYSTEM,21242736,21242736
KAB. TANGGAMUS,SEKRETARIAT DPRD - 4.02.0.00.0.00.01.0000,01KKTQFH5ETVB6MBC6QJXT01KN,63313099,2026,E-Katalog 6.0,APBD,ALIF MEDIA TAMA,E-Purchasing,Jasa Lainnya," Belanja Langganan Jurnal/Surat Kabar/Majalah",PAYMENT OUTSIDE SYSTEM,2850000,2850000
KAB. TANGGAMUS,SEKRETARIAT DPRD - 4.02.0.00.0.00.01.0000,01KS276TGZ5Y4JP3T663HJ2Y44,63313099,2026,E-Katalog 6.0,APBD,MEDIA AMPUN NEWS,E-Purchasing,Jasa Lainnya," Belanja Langganan Jurnal/Surat Kabar/Majalah",ON PROCESS,285000,285000
KAB. TANGGAMUS,BAGIAN PERENCANAAN DAN KEUANGAN SEKRETARIAT DAERAH - 4.01.5.06.0.00.01.0010,01KPQB5757NMG5GSKQD7DDY5EG,63791094,2026,E-Katalog 6.0,APBD,ALGHIF JAYA,E-Purchasing,Barang,Belanja Alat/Bahan untuk Kegiatan Kantor- Bahan Cetak ,PAYMENT OUTSIDE SYSTEM,899100,899100
KAB. TANGGAMUS,PUSKESMAS SANGGI - 1.02.0.00.0.00.01.0006,01KX07MC22WGGYF6K036RVSGDG,66798485,2026,E-Katalog 6.0,APBD,PHAPROS,E-Purchasing,Barang,-,ON PROCESS,1854766,1854766
KAB. TANGGAMUS,PLT.DINAS KESEHATAN - 1.02.0.00.0.00.01.0000,01KN0YHMHJQZ45NWPDJV4WDZ8B,65110394,2026,E-Katalog 6.0,APBD,LAPI LABORATORIES,E-Purchasing,Barang,Pengadaan Obat Pelayanan Kesehatan Dasar (DAK),ON PROCESS,200088378,200088378
KAB. TANGGAMUS,PLT.DINAS KESEHATAN - 1.02.0.00.0.00.01.0000,10122088000,66421440,2026,Tender,APBD,SAHABAT ALAM KONSULTAN,Seleksi,Jasa Konsultansi Badan Usaha Konstruksi,Jasa Konsultansi Analisis Dampak Lingkungan Pembangunan Rumah Sakit Kelas D,SELESAI,248000640,248000640
KAB. TANGGAMUS,DINAS LINGKUNGAN HIDUP - 2.11.0.00.0.00.01.0000,10129466000,63858794,2026,Tender,APBD,CV. Daya Cipta Konsultan,Seleksi,Jasa Konsultansi Badan Usaha Non Konstruksi,Belanja Jasa Konsultansi Penyusunan Rencana Perlindungan Pengelolaan Mutu AIr (RPPMA),SELESAI,249028500,249028500
KAB. TANGGAMUS,DINAS LINGKUNGAN HIDUP - 2.11.0.00.0.00.01.0000,10834547000,63866713,2026,Non Tender,APBD,CV.Jembar Jaya Pratama,Pengadaan Langsung,Pekerjaan Konstruksi,Belanja Pembuaatan Lubang Biopori,SELESAI,39604800,39604800
KAB. TANGGAMUS,DINAS PEKERJAAN UMUM DAN PERUMAHAN RAKYAT - 1.03.1.04.2.10.10.0000,10111701000,64304762,2026,Tender,APBD,CV. MEDYA TEKNIK CONSULTANT,Seleksi,Jasa Konsultansi Badan Usaha Konstruksi,Survei Lalu Lintas (Kelas Jalan) di Jalan Kabupaten,SELESAI,348456750,348456750
KAB. TANGGAMUS,BAGIAN UMUM SEKRETARIAT DAERAH - 4.01.5.06.0.00.01.0007,01KVFDD6FBXV1180E56YVTBDV4,65477343,2026,E-Katalog 6.0,APBD,SWARA ANTAR NUSA,E-Purchasing,Jasa Lainnya,"Belanja Pakaian Sipil (PSH) Sekretaris Daerah, Assisten dan Staf Ahli",ON PROCESS,17600000,17600000
KAB. TANGGAMUS,DINAS KOMUNIKASI DAN INFORMATIKA - 2.16.2.20.2.21.04.0000,01KKGZ5XVGVWFSD88JJB6JK4FN,66007827,2026,E-Katalog 6.0,APBD,TONAS TEGOU CAHYOU,E-Purchasing,Jasa Lainnya,Belanja Langganan Jurnal/Surat Kabar/Majalah,ON PROCESS,4750000,4750000
KAB. TANGGAMUS,BAGIAN UMUM SEKRETARIAT DAERAH - 4.01.5.06.0.00.01.0007,01KGRQ4BVZ6HCGF641BVBJ65J2,63537564,2026,E-Katalog 6.0,APBD,SWARA ANTAR NUSA,E-Purchasing,Barang,Pakaian Sipil Resmi (PSR) Bupati dan Wakil Bupati,ON PROCESS,11200000,11200000
KAB. TANGGAMUS,DINAS KOMUNIKASI DAN INFORMATIKA - 2.16.2.20.2.21.04.0000,01KKGTV4YZ8QTTS5CJ5Q3F824W,66007827,2026,E-Katalog 6.0,APBD,MEDIA ZASKIA PUTRI,E-Purchasing,Jasa Lainnya,Belanja Langganan Jurnal/Surat Kabar/Majalah,ON PROCESS,4750000,4750000
KAB. TANGGAMUS,DINAS KOMUNIKASI DAN INFORMATIKA - 2.16.2.20.2.21.04.0000,01KKK074VV23SWSZBM0S1EC8T1,66007827,2026,E-Katalog 6.0,APBD,MEDIA ZASKIA PUTRI,E-Purchasing,Jasa Lainnya,Belanja Langganan Jurnal/Surat Kabar/Majalah,ON PROCESS,2850000,2850000
KAB. TANGGAMUS,DINAS PENDIDIKAN DAN KEBUDAYAAN - 1.01.2.22.0.00.02.0000,01KW1JPXJ8E7812ZF7NSSQSJW5,67030843,2026,E-Katalog 6.0,APBD,LANGGENG JAYA TANGGAMUS,E-Purchasing,Barang,Belanja CetakSpanduk Indoor Tahap II,ON PROCESS,799200,799200
KAB. TANGGAMUS,SEKRETARIAT DPRD - 4.02.0.00.0.00.01.0000,01KWXMC9MF9DPS38FJFD012K50,63313099,2026,E-Katalog 6.0,APBD,SWARA DIRGANTARA JAYA,E-Purchasing,Jasa Lainnya," Belanja Langganan Jurnal/Surat Kabar/Majalah",ON PROCESS,950000,950000
KAB. TANGGAMUS,"BADAN PERENCANAAN PEMBANGUNAN, RISET DAN INOVASI DAERAH - 5.01.5.05.0.00.01.0000",01KRG4ZM37KJ8S9B4YRF48B7QM,64571909,2026,E-Katalog 6.0,APBD,VAJRA MANDALA LAMPUNG,E-Purchasing,Barang,Belanja Modal Mebel Sub Kegiatan Penyediaan Peralatan dan Perlengkapan Kantor,PAYMENT OUTSIDE SYSTEM,2775000,2775000
KAB. TANGGAMUS,DINAS KOMUNIKASI DAN INFORMATIKA - 2.16.2.20.2.21.04.0000,01KNK4THX2AYNPPMJ15FFMQ199,66005396,2026,E-Katalog 6.0,APBD,MULTIMEDIA CIPTA MANDIRI,E-Purchasing,Jasa Lainnya,"Belanja Jasa Iklan/Reklame, Film, dan Pemotretan",ON PROCESS,38000000,38000000
KAB. TANGGAMUS,DINAS KOMUNIKASI DAN INFORMATIKA - 2.16.2.20.2.21.04.0000,01KRZ60A1BPME96HXZQ7KZEYQJ,66007827,2026,E-Katalog 6.0,APBD,PAYUNG TEDUH MEDIA GRUP,E-Purchasing,Jasa Lainnya,Belanja Langganan Jurnal/Surat Kabar/Majalah,ON PROCESS,9500000,9500000
KAB. TANGGAMUS,SEKRETARIAT DPRD - 4.02.0.00.0.00.01.0000,01KMPYEHHEFEM2AYW05C2CY5TP,63313099,2026,E-Katalog 6.0,APBD,RAWAS INDO MEDIA,E-Purchasing,Jasa Lainnya," Belanja Langganan Jurnal/Surat Kabar/Majalah",PAYMENT OUTSIDE SYSTEM,1900000,1900000
KAB. TANGGAMUS,SEKRETARIAT DPRD - 4.02.0.00.0.00.01.0000,01KN5Z16AAHDSRWBTAD036N79Z,63313099,2026,E-Katalog 6.0,APBD,MEDIA TANGGAMUS EKSPRES,E-Purchasing,Jasa Lainnya," Belanja Langganan Jurnal/Surat Kabar/Majalah",PAYMENT OUTSIDE SYSTEM,4750000,4750000
KAB. TANGGAMUS,SEKRETARIAT DPRD - 4.02.0.00.0.00.01.0000,01KKK3YARNXMHT8AZG5JDA5ZVP,63313099,2026,E-Katalog 6.0,APBD,PRIMA DELTA INDONESIA,E-Purchasing,Jasa Lainnya," Belanja Langganan Jurnal/Surat Kabar/Majalah",PAYMENT OUTSIDE SYSTEM,28500000,28500000
KAB. TANGGAMUS,SEKRETARIAT DPRD - 4.02.0.00.0.00.01.0000,01KKTWWJWC0AFM29V91CX37KA9,63313099,2026,E-Katalog 6.0,APBD,CAKRAWALA BILABUNG JANNAH,E-Purchasing,Jasa Lainnya," Belanja Langganan Jurnal/Surat Kabar/Majalah",PAYMENT OUTSIDE SYSTEM,2850000,2850000
KAB. TANGGAMUS,BAGIAN UMUM SEKRETARIAT DAERAH - 4.01.5.06.0.00.01.0007,01KRX2VYC1H9GGEW47X61WSW6G,63605333,2026,E-Katalog 6.0,APBD,HENIWATI,E-Purchasing,Jasa Lainnya,Belanja Makanan Dan Minuman Tamu Pemerintah Daerah,PAYMENT OUTSIDE SYSTEM,9580000,9580000
KAB. TANGGAMUS,SEKRETARIAT DPRD - 4.02.0.00.0.00.01.0000,01KKTMFGJGHBT8JA5KV626ZD8H,63313099,2026,E-Katalog 6.0,APBD,MEDIA ZASKIA PUTRI,E-Purchasing,Jasa Lainnya," Belanja Langganan Jurnal/Surat Kabar/Majalah",PAYMENT OUTSIDE SYSTEM,4750000,4750000
KAB. TANGGAMUS,PUSKESMAS SUMBEREJO - 1.02.0.00.0.00.01.0025,01KT3HZKPJD81HDQE4SAHYZG9Z,66863801,2026,E-Katalog 6.0,APBD,ABDUL AZIS,E-Purchasing,Barang,Jamuan Snack,PAYMENT OUTSIDE SYSTEM,247000,247000
KAB. TANGGAMUS,"DINAS KOPERASI, USAHA KECIL DAN MENENGAH, PERINDUSTRIAN DAN PERDAGANGAN - 2.17.3.31.3.30.07.0000",10808435000,64920825,2026,Non Tender,APBD,CV ZIDAN PRATAMA,Pengadaan Langsung,Pekerjaan Konstruksi,Belanja Pemeliharaan Bangunan Gedung-Bangunan Gedung Tempat Kerja-Bangunan Gedung Kantor,SELESAI,53460000,53460000
KAB. TANGGAMUS,PLT.DINAS KESEHATAN - 1.02.0.00.0.00.01.0000,01KQ65DEN0Y3VPKCA0ZCVDTK3R,67007651,2026,E-Katalog 6.0,APBD,MEDIKAL PRINTING,E-Purchasing,Barang,Belanja Alat/Bahan untuk Kegiatan Kantor- Bahan Cetak Subkegiatan Pengelolaan Pelayanan Kesehatan Penderita Hipertensi,PAYMENT OUTSIDE SYSTEM,660000,660000
KAB. TANGGAMUS,SEKRETARIAT DPRD - 4.02.0.00.0.00.01.0000,01KKG6NHZHHKH5NBYVS45XE9H4,63491982,2026,E-Katalog 6.0,APBD,LANGGENG JAYA TANGGAMUS,E-Purchasing,Barang," Belanja Foto Copy Kantor",PAYMENT OUTSIDE SYSTEM,21794184,21794184
KAB. TANGGAMUS,DINAS PEMUDA DAN OLAHRAGA - 2.19.0.00.0.00.01.0000,01KTJXB0EVJ315PHMGSR37X5Y8,65023413,2026,E-Katalog 6.0,APBD,LANGGENG JAYA TANGGAMUS,E-Purchasing,Jasa Lainnya,Belanja Alat/Bahan untuk Kegiatan Kantor- Bahan Cetak,ON PROCESS,3873900,3873900
KAB. TANGGAMUS,PUSKESMAS SUDIMORO - 1.02.0.00.0.00.01.0004,01KR6H6VD1T2WFHWWM07MGJA0T,66801904,2026,E-Katalog 6.0,APBD,MEDIKAL PRINTING,E-Purchasing,Barang,Belanja Modal Peralatan dan Mesin BLUD,COMPLETED,26795400,26795400
KAB. TANGGAMUS,SEKRETARIAT DPRD - 4.02.0.00.0.00.01.0000,01KWVQDTY81EF04EYCC6QZ34DM,63313099,2026,E-Katalog 6.0,APBD,CAMP TINTA BKP,E-Purchasing,Jasa Lainnya," Belanja Langganan Jurnal/Surat Kabar/Majalah",ON PROCESS,2850000,2850000
KAB. TANGGAMUS,SEKRETARIAT DPRD - 4.02.0.00.0.00.01.0000,01KN401GSQF420VEY907JC1MNK,63313099,2026,E-Katalog 6.0,APBD,SINERGI USAHA NUR,E-Purchasing,Jasa Lainnya," Belanja Langganan Jurnal/Surat Kabar/Majalah",PAYMENT OUTSIDE SYSTEM,2220000,2220000
KAB. TANGGAMUS,SEKRETARIAT DPRD - 4.02.0.00.0.00.01.0000,01KKTWFN8FNK28S6RYYQKS5FFH,63313099,2026,E-Katalog 6.0,APBD,ANGGA RIO SANJAYA,E-Purchasing,Jasa Lainnya," Belanja Langganan Jurnal/Surat Kabar/Majalah",ON PROCESS,2850000,2850000
KAB. TANGGAMUS,SEKRETARIAT DPRD - 4.02.0.00.0.00.01.0000,01KMQ0SEK7CQZBZSZDECQYD9KZ,63313099,2026,E-Katalog 6.0,APBD,ENZAGI MULTIMEDIA JAYA,E-Purchasing,Jasa Lainnya," Belanja Langganan Jurnal/Surat Kabar/Majalah",PAYMENT OUTSIDE SYSTEM,2850000,2850000
KAB. TANGGAMUS,RUMAH SAKIT UMUM DAERAH BATIN MANGUNANG KOTA AGUNG - 1.02.0.00.0.00.01.0001,01KGEDSJEPRTEQNTW25NN6Y9K0,63967417,2026,E-Katalog 6.0,APBD,WE DHE WE,E-Purchasing,Barang,Belanja Alat/Bahan untuk Kegiatan Kantor-Alat Tulis Kantor,ON PROCESS,26732297,26732297
KAB. TANGGAMUS,BAGIAN PERENCANAAN DAN KEUANGAN SEKRETARIAT DAERAH - 4.01.5.06.0.00.01.0010,01KWC7DGA6RFB7HS90KX3TRHAQ,63799454,2026,E-Katalog 6.0,APBD,ALGHIF JAYA,E-Purchasing,Barang,Belanja Alat/Bahan untuk Kegiatan Kantor- Bahan Cetak,ON PROCESS,899100,899100
KAB. TANGGAMUS,DINAS PARIWISATA DAN KEBUDAYAAN - 3.26.2.22.2.19.02.0000,01KWB92TRP7EJDT4A4J70MZMGP,64956495,2026,E-Katalog 6.0,APBD,SWARA ANTAR NUSA,E-Purchasing,Barang,Belanja Modal Mebel,ON PROCESS,9800000,9800000
KAB. TANGGAMUS,DINAS PENDIDIKAN DAN KEBUDAYAAN - 1.01.2.22.0.00.02.0000,01KR0S5PEEE1DFCN5ZJYVBYZNT,67030818,2026,E-Katalog 6.0,APBD,BERTIGA JAYA,E-Purchasing,Barang,"Belanja Alat Tulis Kantor Peserta,Narasumber dan Moderator Sosialisasi Pengembangan Deep Learning dan Coding",ON PROCESS,14985000,14985000
KAB. TANGGAMUS,BADAN PENDAPATAN DAERAH - 5.02.0.00.0.00.02.0000,01KSHF3393WYGFQE7030TXHV98,67210244,2026,E-Katalog 6.0,APBD,AIYRHA JAYA,E-Purchasing,Barang,Belanja Alat /Bahan Untuk Kegiatan Kantor - Alat Tulis Kantor,PAYMENT OUTSIDE SYSTEM,9573750,9573750
KAB. TANGGAMUS,DINAS KOMUNIKASI DAN INFORMATIKA - 2.16.2.20.2.21.04.0000,01KKK6N3SSKKJWKRXXKA9ZKP47,66007827,2026,E-Katalog 6.0,APBD,RIZKY PRATAMA MANDIRI KAUR,E-Purchasing,Jasa Lainnya,Belanja Langganan Jurnal/Surat Kabar/Majalah,ON PROCESS,950000,950000
KAB. TANGGAMUS,SEKRETARIAT DPRD - 4.02.0.00.0.00.01.0000,01KWV3RJK48FAVQX4770S9KJH0,63313099,2026,E-Katalog 6.0,APBD,CAMP TINTA ELITE,E-Purchasing,Jasa Lainnya," Belanja Langganan Jurnal/Surat Kabar/Majalah",ON PROCESS,2850000,2850000
KAB. TANGGAMUS,DINAS KOMUNIKASI DAN INFORMATIKA - 2.16.2.20.2.21.04.0000,01KKK6T9SG038NYTZ580DPTCFK,66007827,2026,E-Katalog 6.0,APBD,JURNAL TARUNA NUSANTARA,E-Purchasing,Jasa Lainnya,Belanja Langganan Jurnal/Surat Kabar/Majalah,ON PROCESS,950000,950000
KAB. TANGGAMUS,SEKRETARIAT DPRD - 4.02.0.00.0.00.01.0000,01KS254BQPT6MRVKRVZAD0QYJ3,63313099,2026,E-Katalog 6.0,APBD,BERITA LAMPUNG PLUS ENAM DUA,E-Purchasing,Jasa Lainnya," Belanja Langganan Jurnal/Surat Kabar/Majalah",ON PROCESS,4750000,4750000
KAB. TANGGAMUS,PUSKESMAS SANGGI - 1.02.0.00.0.00.01.0006,01KPQ4F1N465B574TDDGVW9J1E,66798485,2026,E-Katalog 6.0,APBD,ALFA QINAN ANUGERAH MANDIRI,E-Purchasing,Barang,-,COMPLETED,5200350,5200350
KAB. TANGGAMUS,DINAS KOMUNIKASI DAN INFORMATIKA - 2.16.2.20.2.21.04.0000,01KK8W3WYXH1RJJKEX25JAG4EJ,66010937,2026,E-Katalog 6.0,APBD,PUTRA CIOMAS GRUP,E-Purchasing,Barang,Belanja Modal Peralatan Studio Video dan Film,ON PROCESS,48802260,48802260
KAB. TANGGAMUS,DINAS PERIKANAN - 3.25.0.00.0.00.02.0000,10850660000,65806683;67089781,2026,Non Tender,APBD,CV PRADANA,Pengadaan Langsung,Pengadaan Barang,Bantuan Sarana dan Prasarana Budidaya Ikan Air Laut,SELESAI,149266970,0
KAB. TANGGAMUS,PUSKESMAS SUMBEREJO - 1.02.0.00.0.00.01.0025,01KT39BJVFC2AW5T5WKD39WFKJ,66938747,2026,E-Katalog 6.0,APBD,ABDUL AZIS,E-Purchasing,Barang,Jamuan Makan,PAYMENT OUTSIDE SYSTEM,621000,621000
KAB. TANGGAMUS,DINAS KOMUNIKASI DAN INFORMATIKA - 2.16.2.20.2.21.04.0000,01KQRVR8FGZJDR8DRJAW2N1FH1,66007827,2026,E-Katalog 6.0,APBD,MEDIA ONLINE NEWS TANGGAMUS,E-Purchasing,Jasa Lainnya,Belanja Langganan Jurnal/Surat Kabar/Majalah,ON PROCESS,1900000,1900000
KAB. TANGGAMUS,SEKRETARIAT DPRD - 4.02.0.00.0.00.01.0000,01KWK526AFV3586Y2QKP3J4VX6,63313099,2026,E-Katalog 6.0,APBD,LAMPUNG MEDIA BERSERI,E-Purchasing,Jasa Lainnya," Belanja Langganan Jurnal/Surat Kabar/Majalah",ON PROCESS,4750000,4750000
KAB. TANGGAMUS,BADAN KEPEGAWAIAN DAN PENGEMBANGAN SUMBER DAYA MANUSIA - 5.03.5.04.0.00.01.0000,01KVW19MR0REZDQ75DDWETH1V3,63306048,2026,E-Katalog 6.0,APBD,INDOJAYA TALENTA GLOBAL,E-Purchasing,Barang,Belanja Modal Peralatan Mini Computer,ON PROCESS,4939500,4939500
KAB. TANGGAMUS,PLT.DINAS KESEHATAN - 1.02.0.00.0.00.01.0000,10122026000,66421253,2026,Tender,APBD,PT. Remon Putra Mandiri,Seleksi,Jasa Konsultansi Badan Usaha Non Konstruksi,Jasa Konsultansi Penyusunan Feasibilty Studi Pembangunan Rumah Sakit Kelas D,SELESAI,244621800,244621800
KAB. TANGGAMUS,SEKRETARIAT DPRD - 4.02.0.00.0.00.01.0000,01KKTNGSY9YD728735S7NX36R1,63313099,2026,E-Katalog 6.0,APBD,AIM CIPTA MEDIA,E-Purchasing,Jasa Lainnya," Belanja Langganan Jurnal/Surat Kabar/Majalah",PAYMENT OUTSIDE SYSTEM,4750000,4750000
KAB. TANGGAMUS,DINAS PARIWISATA DAN KEBUDAYAAN - 3.26.2.22.2.19.02.0000,01KRGACNZDWV3SPSNA0P3GNYQB,66773605,2026,E-Katalog 6.0,APBD,LANGGENG JAYA TANGGAMUS,E-Purchasing,Barang,Belanja Cetak,PAYMENT OUTSIDE SYSTEM,599400,599400
KAB. TANGGAMUS,DINAS KOMUNIKASI DAN INFORMATIKA - 2.16.2.20.2.21.04.0000,01KK8318JNNPA81RJZZYGAQAAM,66005396,2026,E-Katalog 6.0,APBD,PRIMA DELTA INDONESIA,E-Purchasing,Jasa Lainnya,"Belanja Jasa Iklan/Reklame, Film, dan Pemotretan",ON PROCESS,47500000,47500000
KAB. TANGGAMUS,SEKRETARIAT DPRD - 4.02.0.00.0.00.01.0000,01KPMW4TTG3X44D2DJ49NQ2TYE,63496597,2026,E-Katalog 6.0,APBD,EFIKA REZA,E-Purchasing,Barang,Belanja Makanan dan Minuman Rapat,ON PROCESS,36630000,36630000
KAB. TANGGAMUS,DINAS KOMUNIKASI DAN INFORMATIKA - 2.16.2.20.2.21.04.0000,01KKJMK510JZT8KK63HZCCE500,66007827,2026,E-Katalog 6.0,APBD,DISWAY DIGITAL LAMPUNG,E-Purchasing,Jasa Lainnya,Belanja Langganan Jurnal/Surat Kabar/Majalah,ON PROCESS,2850000,2850000
KAB. TANGGAMUS,DINAS KOMUNIKASI DAN INFORMATIKA - 2.16.2.20.2.21.04.0000,01KRZER3MSRDYSSRQYQ86P9C5V,66007827,2026,E-Katalog 6.0,APBD,RESONANSI MEDIA LAMPUNG,E-Purchasing,Jasa Lainnya,Belanja Langganan Jurnal/Surat Kabar/Majalah,ON PROCESS,4750000,4750000
KAB. TANGGAMUS,DINAS PARIWISATA DAN KEBUDAYAAN - 3.26.2.22.2.19.02.0000,01KRNBY5PM6RMH1DQJZ3QXQ7PR,66775283,2026,E-Katalog 6.0,APBD,LANGGENG JAYA TANGGAMUS,E-Purchasing,Barang,Belanja Alat/Bahan Souvenir atau Cendera Mata,PAYMENT OUTSIDE SYSTEM,732600,732600
KAB. TANGGAMUS,DINAS KOMUNIKASI DAN INFORMATIKA - 2.16.2.20.2.21.04.0000,01KWZZ20VZR6607PYBCMH5K5ES,66005396,2026,E-Katalog 6.0,APBD,RADAR LAMPUNG VISUAL,E-Purchasing,Jasa Lainnya,"Belanja Jasa Iklan/Reklame, Film, dan Pemotretan",ON PROCESS,19000000,19000000
KAB. TANGGAMUS,SEKRETARIAT DPRD - 4.02.0.00.0.00.01.0000,01KS25SSGSWS0DCDVVAKXSA0DR,63313099,2026,E-Katalog 6.0,APBD,TARAKAN MEDIA INDONESIA,E-Purchasing,Jasa Lainnya," Belanja Langganan Jurnal/Surat Kabar/Majalah",ON PROCESS,2850000,2850000
KAB. TANGGAMUS,DINAS KOMUNIKASI DAN INFORMATIKA - 2.16.2.20.2.21.04.0000,10874502000,66964513;67179787,2026,Non Tender,APBD,CV. MEGA CIPTA PERKASA,Pengadaan Langsung,Jasa Konsultansi Badan Usaha Konstruksi,",Belanja Jasa Konsultansi Perencanaan Arsitektur-Jasa Arsitektur Lainnya",SELESAI,19772630,19772630
KAB. TANGGAMUS,DINAS KOMUNIKASI DAN INFORMATIKA - 2.16.2.20.2.21.04.0000,01KKK17JKYCXBJDRE46EPGAMT0,66007827,2026,E-Katalog 6.0,APBD,PAYUNG TEDUH MEDIA LAMPUNG,E-Purchasing,Jasa Lainnya,Belanja Langganan Jurnal/Surat Kabar/Majalah,ON PROCESS,5700000,5700000
KAB. TANGGAMUS,DINAS PENDIDIKAN DAN KEBUDAYAAN - 1.01.2.22.0.00.02.0000,01KRDNFAKT8HQWFYBMND1SPT33,67022765,2026,E-Katalog 6.0,APBD,JEMBAR JAYA PRATAMA,E-Purchasing,Barang,Belanja Alat/Bahan untuk Kegiatan Kantor- Suvenir/Cendera Mata Piala Pemenang Tingkat Kabupaten,ON PROCESS,3862800,3862800
KAB. TANGGAMUS,DINAS KOMUNIKASI DAN INFORMATIKA - 2.16.2.20.2.21.04.0000,01KKJG91M6JVP23D9MVSGSX2WB,66007827,2026,E-Katalog 6.0,APBD,HASUMBA JAYA PRATAMA,E-Purchasing,Jasa Lainnya,Belanja Langganan Jurnal/Surat Kabar/Majalah,ON PROCESS,4750000,4750000
KAB. TANGGAMUS,BAGIAN UMUM SEKRETARIAT DAERAH - 4.01.5.06.0.00.01.0007,01KH5WDZBMZM1X2JWW05GGNH41,63823470,2026,E-Katalog 6.0,APBD,MAHARANI GROUP,E-Purchasing,Jasa Lainnya,Belanja Sewa Alat Kantor Lainnya,PAYMENT OUTSIDE SYSTEM,15000000,15000000
KAB. TANGGAMUS,DINAS PENDIDIKAN DAN KEBUDAYAAN - 1.01.2.22.0.00.02.0000,01KS5NK7G63YHHYW8Y6BTWH5ZN,67151706,2026,E-Katalog 6.0,APBD,JEMBAR JAYA PRATAMA,E-Purchasing,Barang,Belanja Alat/Bahan untuk Kegiatan Kantor- Suvenir/Cendera Mata,ON PROCESS,19047600,19047600
KAB. TANGGAMUS,DINAS PEMBERDAYAAN MASYARAKAT DAN DESA - 2.13.0.00.0.00.01.0000,01KPAC1RAQCNMVGTAA8T1TQSKJ,66182186,2026,E-Katalog 6.0,APBD,AN-NISA,E-Purchasing,Barang,Belanja Makanan dan Minuman Jamuan Tamu,ON PROCESS,4500000,4500000
KAB. TANGGAMUS,SEKRETARIAT DPRD - 4.02.0.00.0.00.01.0000,01KKTJA621NRSTDDX4QNG737HT,63313099,2026,E-Katalog 6.0,APBD,HELO INDONESIA LAMPUNG,E-Purchasing,Jasa Lainnya," Belanja Langganan Jurnal/Surat Kabar/Majalah",PAYMENT OUTSIDE SYSTEM,4750000,4750000
KAB. TANGGAMUS,SEKRETARIAT DPRD - 4.02.0.00.0.00.01.0000,01KGPGZDM10NDGA7VVG35GRX4X,63245526,2026,E-Katalog 6.0,APBD,LANGGENG JAYA TANGGAMUS,E-Purchasing,Jasa Lainnya,Cetak Kalender Spesifikasi : Kalender Duduk ,PAYMENT OUTSIDE SYSTEM,36879750,36879750
KAB. TANGGAMUS,BADAN KEUANGAN DAN ASET DAERAH - 5.02.0.00.0.00.06.0000,01KV53XHMVNZ9NQDMNNC1YMJ3T,65330523,2026,E-Katalog 6.0,APBD,WE DHE WE,E-Purchasing,Barang,Belanja Alat/Bahan untuk Kegiatan Kantor- Bahan Cetak,PAYMENT OUTSIDE SYSTEM,85808550,85808550
KAB. TANGGAMUS,SEKRETARIAT DPRD - 4.02.0.00.0.00.01.0000,01KKTSQHPS08YF31X9WCJZSKZC,63313099,2026,E-Katalog 6.0,APBD,BRATA POS MEDIA,E-Purchasing,Jasa Lainnya," Belanja Langganan Jurnal/Surat Kabar/Majalah",ON PROCESS,1900000,1900000
KAB. TANGGAMUS,PLT.DINAS KESEHATAN - 1.02.0.00.0.00.01.0000,01KTNEDBS75ZZA2EMZ6Z0DQC7M,67273780,2026,E-Katalog 6.0,APBD,REGENCY GROUP,E-Purchasing,Jasa Lainnya,Belanja Sewa Bangunan Gedung Tempat Pertemuan Subkegiatan  Pelayanan Kesehatan Penyakit Menular dan Tidak Menular,ON PROCESS,121000000,121000000
KAB. TANGGAMUS,SEKRETARIAT DPRD - 4.02.0.00.0.00.01.0000,01KKTN1V1KGC2YRMJ1P36YQHMN,63313099,2026,E-Katalog 6.0,APBD,AGUNG MEDIA BERJAYA,E-Purchasing,Jasa Lainnya," Belanja Langganan Jurnal/Surat Kabar/Majalah",ON PROCESS,4750000,4750000
KAB. TANGGAMUS,BAGIAN UMUM SEKRETARIAT DAERAH - 4.01.5.06.0.00.01.0007,01KKAVKCAGCAYQJWTTYJWPDRN4,63528326,2026,E-Katalog 6.0,APBD,HARIA FITRI. S,E-Purchasing,Jasa Lainnya," Belanja Service Kendaraan Dinas Double Garden",PAYMENT OUTSIDE SYSTEM,27905000,27905000
KAB. TANGGAMUS,DINAS KOMUNIKASI DAN INFORMATIKA - 2.16.2.20.2.21.04.0000,01KKJGC2V1HNRP6733R743Z2WW,66007827,2026,E-Katalog 6.0,APBD,WAHANA SEMESTA WONOSOBO,E-Purchasing,Jasa Lainnya,Belanja Langganan Jurnal/Surat Kabar/Majalah,ON PROCESS,4750000,4750000
KAB. TANGGAMUS,BAGIAN UMUM SEKRETARIAT DAERAH - 4.01.5.06.0.00.01.0007,01KP2H92VRDYQFM69R3RQFG0G5,63604488,2026,E-Katalog 6.0,APBD,HENIWATI,E-Purchasing,Jasa Lainnya,Belanja Makanan Dan Minuman Tamu Bupati,PAYMENT OUTSIDE SYSTEM,6400000,6400000
KAB. TANGGAMUS,SEKRETARIAT DPRD - 4.02.0.00.0.00.01.0000,01KKK1EZP9R4NY8YPKQ9K598Y7,63313099,2026,E-Katalog 6.0,APBD,HOME MEDIA GROUP,E-Purchasing,Jasa Lainnya," Belanja Langganan Jurnal/Surat Kabar/Majalah",PAYMENT OUTSIDE SYSTEM,19000980,19000980
KAB. TANGGAMUS,DINAS PARIWISATA DAN KEBUDAYAAN - 3.26.2.22.2.19.02.0000,01KS2QK7JAJV9CC6BV922VT17C,66861400,2026,E-Katalog 6.0,APBD,LANGGENG JAYA TANGGAMUS,E-Purchasing,Barang,Belanja Alat/Bahan untuk Kegiatan Kantor-Alat Tulis Kantor,PAYMENT OUTSIDE SYSTEM,1417470,1417470
KAB. TANGGAMUS,BAGIAN UMUM SEKRETARIAT DAERAH - 4.01.5.06.0.00.01.0007,01KJF2M61KT1YF0MF8JS2Q75GJ,65985044,2026,E-Katalog 6.0,APBD,MANDALA WANGI INDONESIA,E-Purchasing,Barang,Belanja Modal Peralatan Personal Computer,PAYMENT OUTSIDE SYSTEM,79897800,79897800
KAB. TANGGAMUS,DINAS KOMUNIKASI DAN INFORMATIKA - 2.16.2.20.2.21.04.0000,01KRZ0XMQF70BGZ9CY2AP2WWT1,66007827,2026,E-Katalog 6.0,APBD,EXCALIBUR MEDIA TAMA,E-Purchasing,Jasa Lainnya,Belanja Langganan Jurnal/Surat Kabar/Majalah,ON PROCESS,4750000,4750000
KAB. TANGGAMUS,DINAS PEMUDA DAN OLAHRAGA - 2.19.0.00.0.00.01.0000,01KQE804NG43J58202S32GKZ1H,65162765,2026,E-Katalog 6.0,APBD,MELATI JAYA CATERING,E-Purchasing,Jasa Lainnya,Belanja Makanan dan Minuman Rapat,PAYMENT OUTSIDE SYSTEM,2697500,2697500
KAB. TANGGAMUS,DINAS TENAGA KERJA - 2.07.3.29.3.32.01.0000,01KQ976GW0X1DMVD2A73F7VD3M,66748442,2026,E-Katalog 6.0,APBD,ARIHANKA MANDIRI,E-Purchasing,Barang,Belanja Modal Personal Computer,ON PROCESS,67377000,67377000
KAB. TANGGAMUS,DINAS PENDIDIKAN DAN KEBUDAYAAN - 1.01.2.22.0.00.02.0000,01KS81WYPBJ1P1HAQX6GQ5EY1R,67164314,2026,E-Katalog 6.0,APBD,BERTIGA JAYA,E-Purchasing,Barang,Belanja Alat/Bahan untuk Kegiatan Kantor- Bahan Cetak Piagam/Sertifikat Kegiatan O2SN Jenjang SD Tingkat Kabupaten,ON PROCESS,2830500,2830500
KAB. TANGGAMUS,SEKRETARIAT DPRD - 4.02.0.00.0.00.01.0000,01KMYKR2M58XWVX371BCF9ZDMY,63313099,2026,E-Katalog 6.0,APBD,PESONA LAMPUNG BARU,E-Purchasing,Jasa Lainnya," Belanja Langganan Jurnal/Surat Kabar/Majalah",PAYMENT OUTSIDE SYSTEM,2850000,2850000
KAB. TANGGAMUS,DINAS PERKEBUNAN DAN PETERNAKAN - 3.27.0.00.0.00.05.0000,01KJ9WR93XM9F8E8NBT2NC3XCH,65823231,2026,E-Katalog 6.0,APBD,ABID FAMILI,E-Purchasing,Barang,"Belanja ATk Kegiatan Pengendalian Organisme Pengganggu Tumbuhan (OPT) Tanaman Pangan, Hortikultura, dan Perkebunan",PAYMENT OUTSIDE SYSTEM,1319143,1319143
KAB. TANGGAMUS,BAGIAN UMUM SEKRETARIAT DAERAH - 4.01.5.06.0.00.01.0007,01KKJKQCVZ79NT5AZ0GXY3CSR2,63624731,2026,E-Katalog 6.0,APBD,MELATI JAYA CATERING,E-Purchasing,Jasa Lainnya,Belanja Makanan Dan Minuman Untuk Acara Open House Hari Raya Idul Fitri,PAYMENT OUTSIDE SYSTEM,77825000,77825000
KAB. TANGGAMUS,BADAN KEUANGAN DAN ASET DAERAH - 5.02.0.00.0.00.06.0000,01KTT4ESXQPYBBX7YY64WM1DXM,67283877,2026,E-Katalog 6.0,APBD,BERTIGA JAYA,E-Purchasing,Barang,Belanja Pakaian Batik Tradisional,PAYMENT OUTSIDE SYSTEM,19980000,19980000
KAB. TANGGAMUS,PUSKESMAS TALANG PADANG - 1.02.0.00.0.00.01.0014,01KSH707444S990M9Q1PDY9TG4,66843100,2026,E-Katalog 6.0,APBD,AZZAM JAYA,E-Purchasing,Barang,Belanja Barang dan Jasa BLUD,COMPLETED,5540930,5540930
KAB. TANGGAMUS,BADAN KEUANGAN DAN ASET DAERAH - 5.02.0.00.0.00.06.0000,01KS1W61N9WTY4MXZYR2V1VGTC,67160953,2026,E-Katalog 6.0,APBD,GLOBALINDO MEDIA DIGITAL,E-Purchasing,Barang,Belanja Alat/Bahan untuk Kegiatan Kantor- Bahan Cetak,PAYMENT OUTSIDE SYSTEM,24153600,24153600
KAB. TANGGAMUS,DINAS KOMUNIKASI DAN INFORMATIKA - 2.16.2.20.2.21.04.0000,01KRZ2SCA97H14YVZ8D9DX6DRF,66007827,2026,E-Katalog 6.0,APBD,MASA KINI MANDIRI,E-Purchasing,Jasa Lainnya,Belanja Langganan Jurnal/Surat Kabar/Majalah,ON PROCESS,4750000,4750000
KAB. TANGGAMUS,PUSKESMAS WONOSOBO - 1.02.0.00.0.00.01.0003,01KR01W9MWXTEA114P2HKZG3Q3,67046829,2026,E-Katalog 6.0,APBD,MULYA DAMAS PERSADA,E-Purchasing,Barang,Belanja obat dan BMHP,COMPLETED,23752335,23752335
KAB. TANGGAMUS,DINAS KOMUNIKASI DAN INFORMATIKA - 2.16.2.20.2.21.04.0000,01KKKRK8NV3DWNQPN50XPW0830,66007827,2026,E-Katalog 6.0,APBD,SIGER LAMPUNG INTER MEDIA,E-Purchasing,Jasa Lainnya,Belanja Langganan Jurnal/Surat Kabar/Majalah,ON PROCESS,285000,285000
KAB. TANGGAMUS,DINAS KOMUNIKASI DAN INFORMATIKA - 2.16.2.20.2.21.04.0000,01KKGS4TWRXCVSSR1C5V2M288G,66007827,2026,E-Katalog 6.0,APBD,MEDIA HALUAN LAMPUNG,E-Purchasing,Jasa Lainnya,Belanja Langganan Jurnal/Surat Kabar/Majalah,ON PROCESS,4750000,4750000
KAB. TANGGAMUS,BAGIAN UMUM SEKRETARIAT DAERAH - 4.01.5.06.0.00.01.0007,01KVFDH818VHY31AZ71YGZ2W6S,65401835,2026,E-Katalog 6.0,APBD,SWARA ANTAR NUSA,E-Purchasing,Barang,"Belanja Pakaian Sipil Resmi (PSR) Belanja Pakaian Sipil Resmi (PSR) Sekretaris Daerah, Assisten dan Staf Ahli",ON PROCESS,12250000,12250000
KAB. TANGGAMUS,BAGIAN PENGADAAN BARANG DAN JASA SEKRETARIAT DAERAH - 4.01.5.06.0.00.01.0006,01KJ6YZG9KTMFWGANNVDY25ATX,63559832,2026,E-Katalog 6.0,APBD,NEWTON CIPTA INFORMATIKA,E-Purchasing,Barang,Belanja Aplikasi Smart Mind,PAYMENT OUTSIDE SYSTEM,144716250,144716250
KAB. TANGGAMUS,SEKRETARIAT DPRD - 4.02.0.00.0.00.01.0000,01KKTKEWTW5M7EP83MJCJ23HD4,63313099,2026,E-Katalog 6.0,APBD,DJADIN MEDIA INSIDER,E-Purchasing,Jasa Lainnya," Belanja Langganan Jurnal/Surat Kabar/Majalah",PAYMENT OUTSIDE SYSTEM,2850000,2850000
KAB. TANGGAMUS,DINAS KOMUNIKASI DAN INFORMATIKA - 2.16.2.20.2.21.04.0000,01KKGW4F36Z6WT17V9ZDHB3C0N,66007827,2026,E-Katalog 6.0,APBD,PRATAMA INDERPAL MEDIA,E-Purchasing,Jasa Lainnya,Belanja Langganan Jurnal/Surat Kabar/Majalah,ON PROCESS,4750000,4750000
KAB. TANGGAMUS,BADAN PENDAPATAN DAERAH - 5.02.0.00.0.00.02.0000,01KW1ERPHYMD6GB8AXZZJGY1A0,64238626,2026,E-Katalog 6.0,APBD,ALGHIF JAYA,E-Purchasing,Barang,Belanja Alat /Bahan Untuk Kegiatan Kantor - Alat Tulis Kantor,ON PROCESS,2193360,2193360
KAB. TANGGAMUS,PUSKESMAS WAY NIPAH - 1.02.0.00.0.00.01.0008,01KWVRYRPHQ90EX2EXHGYRA3HX,66813718,2026,E-Katalog 6.0,APBD,BERKAH WISESHA,E-Purchasing,Barang,"Belanja bahan, dan penyiapan PMT lokal Balita Bermasalah Gizi",ON PROCESS,10609161,10609161
KAB. TANGGAMUS,"BADAN PERENCANAAN PEMBANGUNAN, RISET DAN INOVASI DAERAH - 5.01.5.05.0.00.01.0000",01KWK80VYDPXMVD7F6V8C95JMQ,64406061,2026,E-Katalog 6.0,APBD,ABID FAMILI,E-Purchasing,Barang,Belanja Alat/Bahan untuk Kegiatan Kantor-Alat Tulis Kantor Sub Kegiatan Evaluasi Kinerja Perangkat Daerah,ON PROCESS,1398640,1398640
KAB. TANGGAMUS,DINAS PEKERJAAN UMUM DAN PERUMAHAN RAKYAT - 1.03.1.04.2.10.10.0000,10139477000,64417385,2026,Tender,APBD,,Seleksi,Jasa Konsultansi Badan Usaha Konstruksi,Penyusunan DED Optimalisasi SPAM Jaringan Perpipaan Way Biah III,BERLANGSUNG,250000000,250000000
KAB. TANGGAMUS,DINAS PENDIDIKAN DAN KEBUDAYAAN - 1.01.2.22.0.00.02.0000,01KW1JWH3YMH3VAFEJ6EJ34QHK,67030823,2026,E-Katalog 6.0,APBD,LANGGENG JAYA TANGGAMUS,E-Purchasing,Barang,Belanja Cetak Piagam,ON PROCESS,1332000,1332000
KAB. TANGGAMUS,"BADAN PERENCANAAN PEMBANGUNAN, RISET DAN INOVASI DAERAH - 5.01.5.05.0.00.01.0000",10900147000,67026311,2026,Pencatatan,APBD,,Pengadaan Langsung,Pengadaan Barang,Belanja Makanan dan Minuman Rapat - Sub Kegiatan Koordinasi Penyusunan dan Penetapan Dokumen Perencanaan Pembangunan Daerah Kabupaten/Kota (PMPEPD),PAKET SELESAI,3118500,3118500
KAB. TANGGAMUS,"BADAN PERENCANAAN PEMBANGUNAN, RISET DAN INOVASI DAERAH - 5.01.5.05.0.00.01.0000",01KR0AS2AYF4W4NS8PFSF04JR1,66912179,2026,E-Katalog 6.0,APBD,LANGGENG JAYA TANGGAMUS,E-Purchasing,Barang,Belanja Alat/Bahan untuk Kegiatan Kantor-Alat Tulis Kantor - Sub Penyusunan Profil Pembangunan Daerah Kabupaten Kota,PAYMENT OUTSIDE SYSTEM,1246308,1246308
KAB. TANGGAMUS,SEKRETARIAT DPRD - 4.02.0.00.0.00.01.0000,01KMM4XB2ZN54ST7YZYYQ9RWQW,63313099,2026,E-Katalog 6.0,APBD,MEDIA GEMA SEJAHTERA,E-Purchasing,Jasa Lainnya," Belanja Langganan Jurnal/Surat Kabar/Majalah",PAYMENT OUTSIDE SYSTEM,950000,950000
KAB. TANGGAMUS,SEKRETARIAT DPRD - 4.02.0.00.0.00.01.0000,01KKK4CF7DFCB49W69HV7GKVQT,63313099,2026,E-Katalog 6.0,APBD,RAJAWALI VISUAL NUSANTARA,E-Purchasing,Jasa Lainnya," Belanja Langganan Jurnal/Surat Kabar/Majalah",PAYMENT OUTSIDE SYSTEM,58508100,58508100
KAB. TANGGAMUS,BAGIAN UMUM SEKRETARIAT DAERAH - 4.01.5.06.0.00.01.0007,01KH7X66KXDGQDGSNR9Y2484FS,65452817,2026,E-Katalog 6.0,APBD,SWARA ANTAR NUSA,E-Purchasing,Jasa Lainnya,"Belanja Pakaian Adat Daerah Sekretaris Daerah, Assisten dan Staf Ahli",ON PROCESS,45600000,45600000
KAB. TANGGAMUS,SEKRETARIAT DPRD - 4.02.0.00.0.00.01.0000,01KQXQVBY4QJ6FW6675WQ6FRR3,66870152,2026,E-Katalog 6.0,APBD,VENDY MEGAH SEJAHTERA,E-Purchasing,Barang,Pengadaan Pakaian Dinas dan Atribut DPRD ,ON PROCESS,88411500,88411500
KAB. TANGGAMUS,DINAS PEKERJAAN UMUM DAN PERUMAHAN RAKYAT - 1.03.1.04.2.10.10.0000,10110918000,63694785,2026,Tender,APBD,PT ANUGERAH REKAYASA MANDIRI,Seleksi,Jasa Konsultansi Badan Usaha Non Konstruksi,Pembuatan Study Kelayakan Pekerjaan Penanganan Jalan Sumber Dana Pinjaman Daerah,SELESAI,298423500,298423500
KAB. TANGGAMUS,DINAS KEPENDUDUKAN DAN PENCATATAN SIPIL - 2.12.2.12.0.00.01.0000,01KTNMCEFNTDJHVK3M03JGDM0D,67262459,2026,E-Katalog 6.0,APBD,SEPAKAT TEKNOLOGI NUSANTARA,E-Purchasing,Barang,"Belanja Film Data Card KTP-el, Film fargo Ribbon, Ribbon data card KTP-el CR707",ON PROCESS,222973559,0
KAB. TANGGAMUS,BAGIAN PROTOKOL DAN KOMUNIKASI PIMPINAN SEKRETARIAT DAERAH - 4.01.5.06.0.00.01.0009,01KJ4JHQ69X7AFSTQ7A7GMB1YE,63497051,2026,E-Katalog 6.0,APBD,SWARA ANTAR NUSA,E-Purchasing,Barang,Belanja Pakaian Dinas Lapangan (PDL),PAYMENT OUTSIDE SYSTEM,98000000,98000000
KAB. TANGGAMUS,DINAS PENDIDIKAN DAN KEBUDAYAAN - 1.01.2.22.0.00.02.0000,01KS7EDNAHVGWQQTH7H9FVQPG8,67143196,2026,E-Katalog 6.0,APBD,JEMBAR JAYA PRATAMA,E-Purchasing,Barang,Belanja Alat/Bahan untuk Kegiatan Kantor- Suvenir/Cendera Mata,ON PROCESS,4828500,4828500
KAB. TANGGAMUS,DINAS KOMUNIKASI DAN INFORMATIKA - 2.16.2.20.2.21.04.0000,01KQ712TA0G3BQ235605AV4AB9,66007827,2026,E-Katalog 6.0,APBD,SAHABAT MEDIA SUMSEL,E-Purchasing,Jasa Lainnya,Belanja Langganan Jurnal/Surat Kabar/Majalah,ON PROCESS,285000,285000
KAB. TANGGAMUS,DINAS PARIWISATA DAN KEBUDAYAAN - 3.26.2.22.2.19.02.0000,01KRZD7NNKM1Y5YX1DMQJVHKHM,64948697,2026,E-Katalog 6.0,APBD,LANGGENG JAYA TANGGAMUS,E-Purchasing,Barang,Belanja Alat/Bahan untuk Kegiatan Kantor-Bahan cetak (Fotocopy Bahan Desk),PAYMENT OUTSIDE SYSTEM,1798200,1798200
KAB. TANGGAMUS,SEKRETARIAT DPRD - 4.02.0.00.0.00.01.0000,01KKTZ6NZWWXEHHQKE9G5MMAW8,63313099,2026,E-Katalog 6.0,APBD,RISKY FARIANSYAH MULTIMEDIA,E-Purchasing,Jasa Lainnya," Belanja Langganan Jurnal/Surat Kabar/Majalah",PAYMENT OUTSIDE SYSTEM,2850000,2850000
KAB. TANGGAMUS,DINAS KOMUNIKASI DAN INFORMATIKA - 2.16.2.20.2.21.04.0000,01KKK0BYRFAASM6SWBZ23BJBKV,66007827,2026,E-Katalog 6.0,APBD,MELAWAI CITRA MEDIA,E-Purchasing,Jasa Lainnya,Belanja Langganan Jurnal/Surat Kabar/Majalah,ON PROCESS,5000000,5000000
KAB. TANGGAMUS,DINAS PEKERJAAN UMUM DAN PERUMAHAN RAKYAT - 1.03.1.04.2.10.10.0000,01KW0Z32VRYS13J1PMQG19BC6A,66821779,2026,E-Katalog 6.0,APBD,TUNAS ACC SEHATI,E-Purchasing,Barang,Pengadaan Seragam Olahraga/Lapangan Dinas PUPR Kab. Tanggamus,ON PROCESS,28771200,28771200
KAB. TANGGAMUS,DINAS PEKERJAAN UMUM DAN PERUMAHAN RAKYAT - 1.03.1.04.2.10.10.0000,10117425000,63694719,2026,Tender,APBD,CV. NUSANTARA KARYA REKAYASA,Seleksi,Jasa Konsultansi Badan Usaha Konstruksi,Pembuatan UKL/UPL Pekerjaan Strategis Bidang Bina Marga,SELESAI,298656600,298656600
KAB. TANGGAMUS,SEKRETARIAT DPRD - 4.02.0.00.0.00.01.0000,01KKTW5MANPQNA1QSMQQ77NWSA,63313099,2026,E-Katalog 6.0,APBD,BASKARA MEDIA LAMPUNG,E-Purchasing,Jasa Lainnya," Belanja Langganan Jurnal/Surat Kabar/Majalah",PAYMENT OUTSIDE SYSTEM,2850000,2850000
KAB. TANGGAMUS,DINAS PEMUDA DAN OLAHRAGA - 2.19.0.00.0.00.01.0000,01KWH144YX9SPRGX9YHBTQHF71,65084465,2026,E-Katalog 6.0,APBD,ABDUL AZIS,E-Purchasing,Jasa Lainnya,Belanja Makanan dan Minuman Rapat,ON PROCESS,5040000,5040000
KAB. TANGGAMUS,BAGIAN PROTOKOL DAN KOMUNIKASI PIMPINAN SEKRETARIAT DAERAH - 4.01.5.06.0.00.01.0009,01KJ4M59D7454N4S9C79JEE4HR,63489213,2026,E-Katalog 6.0,APBD,DUA ENAM,E-Purchasing,Barang,Belanja Alat/Bahan untuk Kegiatan Kantor- Bahan Cetak,PAYMENT OUTSIDE SYSTEM,27980969,27980969
KAB. TANGGAMUS,DINAS KOMUNIKASI DAN INFORMATIKA - 2.16.2.20.2.21.04.0000,01KN1DF2CE2S625X6H0XR9TFEM,66010795,2026,E-Katalog 6.0,APBD,BERTIGA JAYA,E-Purchasing,Barang,Belanja Modal Lemari dan Arsip Pejabat,ON PROCESS,25474500,25474500
KAB. TANGGAMUS,SEKRETARIAT DPRD - 4.02.0.00.0.00.01.0000,01KWXHRKX2RSJJD3FCET7AZE5B,63313099,2026,E-Katalog 6.0,APBD,AGUNG MULTIMEDIA GRUP,E-Purchasing,Jasa Lainnya," Belanja Langganan Jurnal/Surat Kabar/Majalah",ON PROCESS,950000,950000
KAB. TANGGAMUS,SEKRETARIAT DPRD - 4.02.0.00.0.00.01.0000,01KWXN84FHR5WP5YECXM09YMJR,63313099,2026,E-Katalog 6.0,APBD,BINTANG ANSAR JAYA,E-Purchasing,Jasa Lainnya," Belanja Langganan Jurnal/Surat Kabar/Majalah",ON PROCESS,950000,950000
KAB. TANGGAMUS,DINAS PEKERJAAN UMUM DAN PERUMAHAN RAKYAT - 1.03.1.04.2.10.10.0000,10801351000,66168044,2026,Non Tender,APBD,CV.Jembar Jaya Pratama,Pengadaan Langsung,Pekerjaan Konstruksi,Pemeliharaan/rehabilitasi Sarana dan Prasarana Gedung Kantor atau Bangunan Lainnya,SELESAI,48913765,48913765
KAB. TANGGAMUS,PUSKESMAS TALANG PADANG - 1.02.0.00.0.00.01.0014,01KSEP6H5Y05V0YMEF29C3ZB7Q,66843100,2026,E-Katalog 6.0,APBD,BERNOFARM,E-Purchasing,Barang,Belanja Barang dan Jasa BLUD,COMPLETED,1298700,1298700
KAB. TANGGAMUS,BAGIAN UMUM SEKRETARIAT DAERAH - 4.01.5.06.0.00.01.0007,01KS1T9QTQVTDVDQ0VXQDCMMKV,63537624,2026,E-Katalog 6.0,APBD,SWARA ANTAR NUSA,E-Purchasing,Barang,Belanja Pakaian Batik Tradisional Bupati dan Wakil Bupati,PAYMENT OUTSIDE SYSTEM,15400000,15400000
KAB. TANGGAMUS,DINAS PARIWISATA DAN KEBUDAYAAN - 3.26.2.22.2.19.02.0000,01KP2P4D2J1T7ZRW1W6FZZ9JB2,64173668,2026,E-Katalog 6.0,APBD,LANGGENG JAYA TANGGAMUS,E-Purchasing,Barang,Belanja Alat/Bahan untuk Kegiatan kantor Alat Tulis Kantor,PAYMENT OUTSIDE SYSTEM,1890330,1890330
KAB. TANGGAMUS,PLT.DINAS KESEHATAN - 1.02.0.00.0.00.01.0000,01KJ65ZACYYN9Y3Z4P9HJAHR3Y,65834134,2026,E-Katalog 6.0,APBD,INSCIENPRO INSTRUMEN INDONESIA,E-Purchasing,Barang,Pengadaan Reagent Sanitarian Kit,ON PROCESS,1414379978,1414379978
KAB. TANGGAMUS,DINAS KOMUNIKASI DAN INFORMATIKA - 2.16.2.20.2.21.04.0000,01KKP9ES0JGNPZXQ1KXHQN1633,66007827,2026,E-Katalog 6.0,APBD,MEDINAS JAYA PERKASA,E-Purchasing,Jasa Lainnya,Belanja Langganan Jurnal/Surat Kabar/Majalah,ON PROCESS,4750000,4750000
KAB. TANGGAMUS,DINAS PENDIDIKAN DAN KEBUDAYAAN - 1.01.2.22.0.00.02.0000,01KVFNMSHJ8X3B1Y5D1AS1Q58A,67300121,2026,E-Katalog 6.0,APBD,LANGGENG JAYA TANGGAMUS,E-Purchasing,Barang,Belanja ATK Kegiatan Workshop Koding dan Kecerdasan Artifisial ( KKA ),ON PROCESS,1842600,1842600
KAB. TANGGAMUS,DINAS KOMUNIKASI DAN INFORMATIKA - 2.16.2.20.2.21.04.0000,01KKK9JHYXEMYRZYP68XTQ1XZN,66007827,2026,E-Katalog 6.0,APBD,JEA INVESTASI FAMILI,E-Purchasing,Jasa Lainnya,Belanja Langganan Jurnal/Surat Kabar/Majalah,ON PROCESS,1900000,1900000
KAB. TANGGAMUS,BAGIAN PERENCANAAN DAN KEUANGAN SEKRETARIAT DAERAH - 4.01.5.06.0.00.01.0010,01KPQF7Z2GYM7Y4R201E3BMAVF,63799454,2026,E-Katalog 6.0,APBD,LANGGENG JAYA TANGGAMUS,E-Purchasing,Barang,Belanja Alat/Bahan untuk Kegiatan Kantor- Bahan Cetak,PAYMENT OUTSIDE SYSTEM,1498500,1498500
KAB. TANGGAMUS,BAGIAN PERENCANAAN DAN KEUANGAN SEKRETARIAT DAERAH - 4.01.5.06.0.00.01.0010,01KPQBAXGAVAV4QEDXZSNHKHXD,63794912,2026,E-Katalog 6.0,APBD,ALGHIF JAYA,E-Purchasing,Barang,Belanja Alat/Bahan untuk Kegiatan Kantor- Bahan Cetak ,PAYMENT OUTSIDE SYSTEM,1498500,1498500
KAB. TANGGAMUS,"BADAN PERENCANAAN PEMBANGUNAN, RISET DAN INOVASI DAERAH - 5.01.5.05.0.00.01.0000",01KR0MQVYS4D6AGRGAG0NRF6YN,64087215,2026,E-Katalog 6.0,APBD,ABID FAMILI,E-Purchasing,Barang,Belanja Alat/Bahan untuk Kegiatan Kantor- Bahan Cetak - Sub Kegiatan Pelaksanaan Musrenbang Kabupaten/Kota (PMPEPD),PAYMENT OUTSIDE SYSTEM,64824,64824
KAB. TANGGAMUS,SEKRETARIAT DPRD - 4.02.0.00.0.00.01.0000,01KNREQZJ4RPM4T5WRDPMRNEYR,63313099,2026,E-Katalog 6.0,APBD,BUANA JAYA ELEKTRIK,E-Purchasing,Jasa Lainnya," Belanja Langganan Jurnal/Surat Kabar/Majalah",PAYMENT OUTSIDE SYSTEM,2850000,2850000
KAB. TANGGAMUS,SEKRETARIAT DPRD - 4.02.0.00.0.00.01.0000,01KKTN46FK885DRWN0PD9K0JR5,63313099,2026,E-Katalog 6.0,APBD,GUBA JAYA MEDIA,E-Purchasing,Jasa Lainnya," Belanja Langganan Jurnal/Surat Kabar/Majalah",PAYMENT OUTSIDE SYSTEM,2850000,2850000
KAB. TANGGAMUS,"BADAN PERENCANAAN PEMBANGUNAN, RISET DAN INOVASI DAERAH - 5.01.5.05.0.00.01.0000",01KX0BPRVA4PJP63PZNR7BTHGN,64086668,2026,E-Katalog 6.0,APBD,BERTIGA JAYA,E-Purchasing,Barang,Belanja Alat/Bahan untuk Kegiatan Kantor - Alat Tulis Kantor - Sub Kegiatan Pelaksanaan Musrenbang Kabupaten/Kota (PMPEPD),ON PROCESS,1819734,1819734
KAB. TANGGAMUS,DINAS PEKERJAAN UMUM DAN PERUMAHAN RAKYAT - 1.03.1.04.2.10.10.0000,01KQBQHT7ARX92Q0J9C76J270P,63695354,2026,E-Katalog 6.0,APBD,MANDALA WANGI INDONESIA,E-Purchasing,Barang,Pengadaan Leptop Dinas  PUPR Kab. Tanggamus,ON PROCESS,29970000,29970000
KAB. TANGGAMUS,DINAS KOMUNIKASI DAN INFORMATIKA - 2.16.2.20.2.21.04.0000,01KRZ6QD3831G1MJXCT5XJ7JGF,66007827,2026,E-Katalog 6.0,APBD,RATU MEDIA JAYA,E-Purchasing,Jasa Lainnya,Belanja Langganan Jurnal/Surat Kabar/Majalah,ON PROCESS,4750000,4750000
KAB. TANGGAMUS,DINAS KOMUNIKASI DAN INFORMATIKA - 2.16.2.20.2.21.04.0000,01KN1FESXTPW7EE2Q33D689033,66261801,2026,E-Katalog 6.0,APBD,PUTRA CIOMAS GRUP,E-Purchasing,Barang,Belanja Modal Peralatan Studio Video dan Film,ON PROCESS,24420000,24420000
KAB. TANGGAMUS,DINAS KOMUNIKASI DAN INFORMATIKA - 2.16.2.20.2.21.04.0000,01KRZ1R7GTD78ABNKX8DD3SX5J,66007827,2026,E-Katalog 6.0,APBD,HEADLINE MULTIMEDIA LAMPUNG,E-Purchasing,Jasa Lainnya,Belanja Langganan Jurnal/Surat Kabar/Majalah,ON PROCESS,9500000,9500000
KAB. TANGGAMUS,DINAS KOMUNIKASI DAN INFORMATIKA - 2.16.2.20.2.21.04.0000,01KRZEJRJ5G5A7KQE8AN4XPZPB,66007827,2026,E-Katalog 6.0,APBD,BERITA LAMPUNG PLUS ENAM DUA,E-Purchasing,Jasa Lainnya,Belanja Langganan Jurnal/Surat Kabar/Majalah,ON PROCESS,4750000,4750000
KAB. TANGGAMUS,SEKRETARIAT DPRD - 4.02.0.00.0.00.01.0000,01KWKP3DAMYXTD6SZPY99Z0NP6,63313099,2026,E-Katalog 6.0,APBD,MEDIA DELIMA BERJAYA,E-Purchasing,Jasa Lainnya," Belanja Langganan Jurnal/Surat Kabar/Majalah",ON PROCESS,1425000,1425000
KAB. TANGGAMUS,DINAS KOMUNIKASI DAN INFORMATIKA - 2.16.2.20.2.21.04.0000,01KRZDKP5TXRKC198FBBD1NSHE,66007827,2026,E-Katalog 6.0,APBD,PIKIRAN LAMPUNG BERJAYA,E-Purchasing,Jasa Lainnya,Belanja Langganan Jurnal/Surat Kabar/Majalah,ON PROCESS,2850000,2850000
KAB. TANGGAMUS,BADAN PENDAPATAN DAERAH - 5.02.0.00.0.00.02.0000,01KK8D61JQ7HHCVSCSMXWE34SY,64016552,2026,E-Katalog 6.0,APBD,DEVINTA,E-Purchasing,Barang,Belanja Pakaian Dinas Lapangan (PDL ),PAYMENT OUTSIDE SYSTEM,4400000,4400000
KAB. TANGGAMUS,SEKRETARIAT DPRD - 4.02.0.00.0.00.01.0000,01KWTWARH6NWMWPTQ9EHTNYSJJ,63313099,2026,E-Katalog 6.0,APBD,ANGGA RIO SANJAYA,E-Purchasing,Jasa Lainnya," Belanja Langganan Jurnal/Surat Kabar/Majalah",ON PROCESS,2850000,2850000
KAB. TANGGAMUS,DINAS PENDIDIKAN DAN KEBUDAYAAN - 1.01.2.22.0.00.02.0000,01KR0G39Z2MR2XVH057VVN6CJC,67022867,2026,E-Katalog 6.0,APBD,AN-NISA,E-Purchasing,Barang,Belanja Makanan dan Minuman Jamuan Tamu FLS3N Tingkat Kabupaten,ON PROCESS,672000,672000
KAB. TANGGAMUS,SEKRETARIAT DPRD - 4.02.0.00.0.00.01.0000,01KWK5H8MX5TDT206ZVF46TCEP,63313099,2026,E-Katalog 6.0,APBD,HASUMBA JAYA PRATAMA,E-Purchasing,Jasa Lainnya," Belanja Langganan Jurnal/Surat Kabar/Majalah",ON PROCESS,4750000,4750000
KAB. TANGGAMUS,DINAS PENDIDIKAN DAN KEBUDAYAAN - 1.01.2.22.0.00.02.0000,10109986000,63139157,2026,Tender,APBD,PT. GUPETA WIRA UTAMA,Seleksi,Jasa Konsultansi Badan Usaha Konstruksi,Belanja Jasa Konsultansi Perencanaan SD APBD 2026,SELESAI,237387375,237387375
KAB. TANGGAMUS,SEKRETARIAT DPRD - 4.02.0.00.0.00.01.0000,01KWV1A71WAZWYRJ0KJEB6T4E5,63313099,2026,E-Katalog 6.0,APBD,DISWAY DIGITAL LAMPUNG,E-Purchasing,Jasa Lainnya," Belanja Langganan Jurnal/Surat Kabar/Majalah",ON PROCESS,2850000,2850000
KAB. TANGGAMUS,DINAS KOMUNIKASI DAN INFORMATIKA - 2.16.2.20.2.21.04.0000,01KKK9SHQPYHAQMNW2EXVABXNC,66007827,2026,E-Katalog 6.0,APBD,TUGAS BANGSA JAYA,E-Purchasing,Jasa Lainnya,Belanja Langganan Jurnal/Surat Kabar/Majalah,ON PROCESS,1900000,1900000
KAB. TANGGAMUS,DINAS KOMUNIKASI DAN INFORMATIKA - 2.16.2.20.2.21.04.0000,01KKK4G1FSEWPG2D14HFDH0VZZ,66007827,2026,E-Katalog 6.0,APBD,STM LAMPUNG ABADI,E-Purchasing,Jasa Lainnya,Belanja Langganan Jurnal/Surat Kabar/Majalah,ON PROCESS,2850000,2850000
KAB. TANGGAMUS,DINAS PARIWISATA DAN KEBUDAYAAN - 3.26.2.22.2.19.02.0000,01KRZCRK3F09P92AKKC6SD0WTB,64949108,2026,E-Katalog 6.0,APBD,LANGGENG JAYA TANGGAMUS,E-Purchasing,Barang,Belanja Alat/Bahan untuk Kegiatan Kantor-Bahan cetak (Fotocopy Hering RKA),PAYMENT OUTSIDE SYSTEM,1798200,1798200
KAB. TANGGAMUS,SEKRETARIAT DPRD - 4.02.0.00.0.00.01.0000,01KWKHZVE05HW0AE5XXYEW9N9N,63313099,2026,E-Katalog 6.0,APBD,HELO INDONESIA LAMPUNG,E-Purchasing,Jasa Lainnya," Belanja Langganan Jurnal/Surat Kabar/Majalah",ON PROCESS,4750000,4750000
KAB. TANGGAMUS,SEKRETARIAT DPRD - 4.02.0.00.0.00.01.0000,01KKTH346K2J14Z30SYD2E56WA,63313099,2026,E-Katalog 6.0,APBD,DEWA MEDIA INVESTAMA,E-Purchasing,Jasa Lainnya," Belanja Langganan Jurnal/Surat Kabar/Majalah",PAYMENT OUTSIDE SYSTEM,4750000,4750000
KAB. TANGGAMUS,"BADAN PERENCANAAN PEMBANGUNAN, RISET DAN INOVASI DAERAH - 5.01.5.05.0.00.01.0000",01KJW9DKNK72KQC3ZSYNNTVJGD,66010549,2026,E-Katalog 6.0,APBD,DENAYA AZZAHRA,E-Purchasing,Barang,Belanja Pakaian Batik Tradisional,ON PROCESS,8924400,8924400
KAB. TANGGAMUS,DINAS KOMUNIKASI DAN INFORMATIKA - 2.16.2.20.2.21.04.0000,01KPAE71Q7R71NSNQN7S6DSAPC,66007827,2026,E-Katalog 6.0,APBD,SEMAKA MEDIA AGUNG,E-Purchasing,Jasa Lainnya,Belanja Langganan Jurnal/Surat Kabar/Majalah,ON PROCESS,1900000,1900000
KAB. TANGGAMUS,"BADAN PERENCANAAN PEMBANGUNAN, RISET DAN INOVASI DAERAH - 5.01.5.05.0.00.01.0000",01KS1NJ8W74YA64156ZHNTEGAD,64118061,2026,E-Katalog 6.0,APBD,ABID FAMILI,E-Purchasing,Barang,"Belanja Alat/Bahan untuk Kegiatan Kantor - Bahan Cetak - Sub Kegiatan Analisis Kondisi Daerah, Permasalahan, dan Isu Strategis Pembangunan Daerah (PMPEPD)",ON PROCESS,8991000,8991000
KAB. TANGGAMUS,SEKRETARIAT DPRD - 4.02.0.00.0.00.01.0000,01KNP1MW95RPQRFFDJWEZZ0RZN,63313099,2026,E-Katalog 6.0,APBD,MEDIA SEMBILAN BERJAYA,E-Purchasing,Jasa Lainnya," Belanja Langganan Jurnal/Surat Kabar/Majalah",PAYMENT OUTSIDE SYSTEM,190000,190000
KAB. TANGGAMUS,DINAS KOMUNIKASI DAN INFORMATIKA - 2.16.2.20.2.21.04.0000,01KKGGN0X2JFJ4EEN518WZ6PSV,66005396,2026,E-Katalog 6.0,APBD,LAMPUNGRAYA TELEVISI INDONESIA,E-Purchasing,Jasa Lainnya,"Belanja Jasa Iklan/Reklame, Film, dan Pemotretan",ON PROCESS,9500000,9500000
KAB. TANGGAMUS,SEKRETARIAT DPRD - 4.02.0.00.0.00.01.0000,01KWKHP4M8F74WMMEQ7Q7TK1H3,63313099,2026,E-Katalog 6.0,APBD,MEDIA SANDI INFORMASI,E-Purchasing,Jasa Lainnya," Belanja Langganan Jurnal/Surat Kabar/Majalah",ON PROCESS,4750000,4750000
KAB. TANGGAMUS,DINAS KOMUNIKASI DAN INFORMATIKA - 2.16.2.20.2.21.04.0000,01KKGKKPRCKM9J41VGNDHGG56E,66446664,2026,E-Katalog 6.0,APBD,BAHARI JAYA PERKASA NEWS,E-Purchasing,Barang,Belanja Bahan-Bahan Lainnya_Pembinaan Sistem Promosi dan Pemasaran Hasil Hortikultura / Bazaar_Pengolahan_Horti_P3H (08),ON PROCESS,4750000,4750000
KAB. TANGGAMUS,DINAS PEMUDA DAN OLAHRAGA - 2.19.0.00.0.00.01.0000,01KJRSR58KNA9J593S8YW5VGDR,65020964,2026,E-Katalog 6.0,APBD,SWARA ANTAR NUSA,E-Purchasing,Jasa Lainnya,Belanja Modal Personal Computer,PAYMENT OUTSIDE SYSTEM,32412000,32412000
KAB. TANGGAMUS,BAGIAN PERENCANAAN DAN KEUANGAN SEKRETARIAT DAERAH - 4.01.5.06.0.00.01.0010,01KWED7BKZB1MCQ8P7XF32G361,63796613,2026,E-Katalog 6.0,APBD,ALGHIF JAYA,E-Purchasing,Barang,Belanja Alat/Bahan untuk Kegiatan Kantor-Alat Tulis Kantor,ON PROCESS,1116032,1116032
KAB. TANGGAMUS,DINAS KOMUNIKASI DAN INFORMATIKA - 2.16.2.20.2.21.04.0000,01KKK8VAP1V1QCVFGZTXAPT8QP,66007827,2026,E-Katalog 6.0,APBD,TIGA DARA INDONESIA,E-Purchasing,Jasa Lainnya,Belanja Langganan Jurnal/Surat Kabar/Majalah,ON PROCESS,1900000,1900000
KAB. TANGGAMUS,DINAS KOMUNIKASI DAN INFORMATIKA - 2.16.2.20.2.21.04.0000,01KVT5K9Q75CSV1SHCSRY2GBE4,66007827,2026,E-Katalog 6.0,APBD,JURNAL MULTIMEDIA BERSINAR,E-Purchasing,Jasa Lainnya,Belanja Langganan Jurnal/Surat Kabar/Majalah,ON PROCESS,2850000,2850000
KAB. TANGGAMUS,DINAS PEKERJAAN UMUM DAN PERUMAHAN RAKYAT - 1.03.1.04.2.10.10.0000,10111703000,64305941,2026,Tender,APBD,CV.TRIJAYA ENGINEERING,Seleksi,Jasa Konsultansi Badan Usaha Konstruksi,Redisain dan Perencanaan Teknis Kegiatan yang di danai APBN,SELESAI,298069632,298069632
KAB. TANGGAMUS,SEKRETARIAT DPRD - 4.02.0.00.0.00.01.0000,01KKTZYWZXQ29F9PBFGGCWARGN,63313099,2026,E-Katalog 6.0,APBD,OPTIMAL LENSA MEDIA,E-Purchasing,Jasa Lainnya," Belanja Langganan Jurnal/Surat Kabar/Majalah",PAYMENT OUTSIDE SYSTEM,2850000,2850000
KAB. TANGGAMUS,DINAS PEMUDA DAN OLAHRAGA - 2.19.0.00.0.00.01.0000,01KMM1KM6B7K1ZF452DSQBYZE0,65090252,2026,E-Katalog 6.0,APBD,SWARA ANTAR NUSA,E-Purchasing,Jasa Lainnya,Belanja Sewa Alat Kantor Lainnya ,PAYMENT OUTSIDE SYSTEM,10000000,10000000
KAB. TANGGAMUS,DINAS PENDIDIKAN DAN KEBUDAYAAN - 1.01.2.22.0.00.02.0000,01KS7KDBNY1WPJ6HG7BEK0DK13,67164435,2026,E-Katalog 6.0,APBD,AN-NISA,E-Purchasing,Barang,Belanja Makanan dan Minuman Jamuan Tamu Kegiatan O2SN Jenjang SD Tingkat Kabupaten,ON PROCESS,981600,981600
KAB. TANGGAMUS,DINAS KOMUNIKASI DAN INFORMATIKA - 2.16.2.20.2.21.04.0000,01KRZE4JQ0FQ7058NYY4AE35E3,66007827,2026,E-Katalog 6.0,APBD,TARAKAN MEDIA INDONESIA,E-Purchasing,Jasa Lainnya,Belanja Langganan Jurnal/Surat Kabar/Majalah,ON PROCESS,2850000,2850000
KAB. TANGGAMUS,SATUAN POLISI PAMONG PRAJA - 1.05.0.00.0.00.01.0000,01KJS8N2RF6FS07EVNXHSK9X8Z,65448738,2026,E-Katalog 6.0,APBD,FAREL MARINDRA,E-Purchasing,Barang,Pengadaan Pakaian Dinas beserta Atribut Kelengkapannya ( PDH),ON PROCESS,17657000,17657000
KAB. TANGGAMUS,"BADAN PERENCANAAN PEMBANGUNAN, RISET DAN INOVASI DAERAH - 5.01.5.05.0.00.01.0000",01KRG3TB616Q8SVAMRBF92X906,67095169,2026,E-Katalog 6.0,APBD,ABID FAMILI,E-Purchasing,Barang,Cetak RAT Kemiskinan,ON PROCESS,5994000,5994000
KAB. TANGGAMUS,DINAS KOMUNIKASI DAN INFORMATIKA - 2.16.2.20.2.21.04.0000,01KPA61XS9BKBW8AJXKNNXCT16,66007827,2026,E-Katalog 6.0,APBD,GUBA JAYA MEDIA,E-Purchasing,Jasa Lainnya,Belanja Langganan Jurnal/Surat Kabar/Majalah,ON PROCESS,2850000,2850000
KAB. TANGGAMUS,DINAS PARIWISATA DAN KEBUDAYAAN - 3.26.2.22.2.19.02.0000,01KHX3HEY9B4N54CE6XCASP248,64157084,2026,E-Katalog 6.0,APBD,IKFAL MOTOR,E-Purchasing,Barang,Belanja Pemeliharaan Alat Angkutan-Alat Angkutan Darat Bermotor - Kendaraan Dinas Bermotor Perorangan,PAYMENT OUTSIDE SYSTEM,1381950,1381950
KAB. TANGGAMUS,BAGIAN ORGANISASI SEKRETARIAT DAERAH - 4.01.5.06.0.00.01.0008,01KWGZHK4TAWX4V7BBR9F5E0HK,63411135,2026,E-Katalog 6.0,APBD,WE DHE WE,E-Purchasing,Barang,Belanja Alat/Bahan untuk Kegiatan Kantor-Alat Tulis Kantor,ON PROCESS,2686200,2686200
KAB. TANGGAMUS,SEKRETARIAT DPRD - 4.02.0.00.0.00.01.0000,01KPAF9TPKECYNYEF5BHEJGXQM,63313099,2026,E-Katalog 6.0,APBD,MEDIA KRISMA SEJAHTERA SEMESTA,E-Purchasing,Jasa Lainnya," Belanja Langganan Jurnal/Surat Kabar/Majalah",PAYMENT OUTSIDE SYSTEM,950000,950000
KAB. TANGGAMUS,DINAS KOMUNIKASI DAN INFORMATIKA - 2.16.2.20.2.21.04.0000,01KPWQ5GNWM4P0J1TH9JF3AN0X,66010638,2026,E-Katalog 6.0,APBD,SWARA ANTAR NUSA,E-Purchasing,Barang,Belanja Modal Alat Pendingin,ON PROCESS,11516250,11516250
KAB. TANGGAMUS,"BADAN PERENCANAAN PEMBANGUNAN, RISET DAN INOVASI DAERAH - 5.01.5.05.0.00.01.0000",01KKGBRG0ZN1AKK7N76SNK904W,64585264,2026,E-Katalog 6.0,APBD,BERTIGA JAYA,E-Purchasing,Barang,Belanja Modal Alat Rumah Tangga Lainnya (Home Use) Sub Kegiatan Penyediaan Peralatan dan Perlengkapan Kantor,PAYMENT OUTSIDE SYSTEM,4773000,4773000
KAB. TANGGAMUS,BAGIAN UMUM SEKRETARIAT DAERAH - 4.01.5.06.0.00.01.0007,01KN3N51V4EAG1V65GN48EYWCS,63516787,2026,E-Katalog 6.0,APBD,HARIA FITRI. S,E-Purchasing,Jasa Lainnya,"Belanja Pemeliharaan, Pembelian Aksesoris dan Ban Kendaraan Dinas Roda 4 dan Kendaraan Dinas Roda 2",ON PROCESS,7350000,7350000
KAB. TANGGAMUS,"BADAN PERENCANAAN PEMBANGUNAN, RISET DAN INOVASI DAERAH - 5.01.5.05.0.00.01.0000",01KX0E2X67TD9XWDSH8XYV00X2,64117099,2026,E-Katalog 6.0,APBD,BERTIGA JAYA,E-Purchasing,Barang,"Belanja Alat/Bahan untuk Kegiatan Kantor-Alat Tulis Kantor - Sub Kegiatan Analisis Kondisi Daerah, Permasalahan, dan Isu Strategis Pembangunan Daerah (PMPEPD)",ON PROCESS,1686090,1686090
KAB. TANGGAMUS,"BADAN PERENCANAAN PEMBANGUNAN, RISET DAN INOVASI DAERAH - 5.01.5.05.0.00.01.0000",01KWKD5HBRTGYT775VFVWMPM9S,64571909,2026,E-Katalog 6.0,APBD,BIRAWA,E-Purchasing,Barang,Belanja Modal Mebel Sub Kegiatan Penyediaan Peralatan dan Perlengkapan Kantor,ON PROCESS,5932950,5932950
KAB. TANGGAMUS,BADAN PENDAPATAN DAERAH - 5.02.0.00.0.00.02.0000,01KPWNQQ2HP02D5ZFVJS5EXMEX,66025260,2026,E-Katalog 6.0,APBD,VALEN SUKSES MANDIRI,E-Purchasing,Barang,Belanja Modal Personal Computer,PAYMENT OUTSIDE SYSTEM,68709000,68709000
KAB. TANGGAMUS,SEKRETARIAT DPRD - 4.02.0.00.0.00.01.0000,01KWK5RRD361QVYVP781MCZVAA,63313099,2026,E-Katalog 6.0,APBD,PRO MEDIA TANGGAMUS,E-Purchasing,Jasa Lainnya," Belanja Langganan Jurnal/Surat Kabar/Majalah",ON PROCESS,4750000,4750000
KAB. TANGGAMUS,DINAS KOMUNIKASI DAN INFORMATIKA - 2.16.2.20.2.21.04.0000,01KNKBE79MWMZ8TGKTPKXMR2VF,66007827,2026,E-Katalog 6.0,APBD,LAMPUNG JAYA MANDIRI,E-Purchasing,Jasa Lainnya,Belanja Langganan Jurnal/Surat Kabar/Majalah,ON PROCESS,9500000,9500000
KAB. TANGGAMUS,PLT.DINAS KESEHATAN - 1.02.0.00.0.00.01.0000,01KJY2ZSRCWQT9ZNFBFR8S4NF9,65110394,2026,E-Katalog 6.0,APBD,DUTA KAISAR PHARMACY,E-Purchasing,Barang,Pengadaan Obat Pelayanan Kesehatan Dasar (DAK),PAYMENT OUTSIDE SYSTEM,4670056,4670056
KAB. TANGGAMUS,SEKRETARIAT DPRD - 4.02.0.00.0.00.01.0000,01KKTGT4NVCNNKEN8B8XF53CM7,63313099,2026,E-Katalog 6.0,APBD,HASUMBA JAYA PRATAMA,E-Purchasing,Jasa Lainnya," Belanja Langganan Jurnal/Surat Kabar/Majalah",PAYMENT OUTSIDE SYSTEM,4750000,4750000
KAB. TANGGAMUS,DINAS PERHUBUNGAN - 2.15.0.00.0.00.01.0000,01KP2JBKWVET4GVF4C929N05F2,66133253,2026,E-Katalog 6.0,APBD,LANGGENG JAYA TANGGAMUS,E-Purchasing,Barang,Belanja Pakaian Penyelamatan,PAYMENT OUTSIDE SYSTEM,22061250,22061250
KAB. TANGGAMUS,PUSKESMAS TALANG PADANG - 1.02.0.00.0.00.01.0014,01KSRX368DYH2PAXT1X4029HGQ,66843100,2026,E-Katalog 6.0,APBD,SAMPHARINDO PERDANA,E-Purchasing,Barang,Belanja Barang dan Jasa BLUD,ON PROCESS,4367850,4367850
KAB. TANGGAMUS,SEKRETARIAT DPRD - 4.02.0.00.0.00.01.0000,01KKTWA4RNMV9Q9QR391V0JQBA,63313099,2026,E-Katalog 6.0,APBD,MEDIA GLOBAL ART,E-Purchasing,Jasa Lainnya," Belanja Langganan Jurnal/Surat Kabar/Majalah",ON PROCESS,2850000,2850000
KAB. TANGGAMUS,"BADAN PERENCANAAN PEMBANGUNAN, RISET DAN INOVASI DAERAH - 5.01.5.05.0.00.01.0000",01KJWPTAZSJ8QXM2KRKCTD366J,63933257,2026,E-Katalog 6.0,APBD,ABID FAMILI,E-Purchasing,Barang,Belanja Alat/Bahan untuk Kegiatan Kantor-Alat Tulis Kantor,PAYMENT OUTSIDE SYSTEM,702948,702948
KAB. TANGGAMUS,SEKRETARIAT DPRD - 4.02.0.00.0.00.01.0000,01KWXQ2A3KCD50FV1464V5T2YP,63313099,2026,E-Katalog 6.0,APBD,BRATA POS MEDIA,E-Purchasing,Jasa Lainnya," Belanja Langganan Jurnal/Surat Kabar/Majalah",ON PROCESS,1900000,1900000
KAB. TANGGAMUS,BAGIAN UMUM SEKRETARIAT DAERAH - 4.01.5.06.0.00.01.0007,01KQBMYNAVDCXJXN4BY7WGWQ7F,63605333,2026,E-Katalog 6.0,APBD,HENIWATI,E-Purchasing,Jasa Lainnya,Belanja Makanan Dan Minuman Tamu Pemerintah Daerah,PAYMENT OUTSIDE SYSTEM,7245000,7245000
KAB. TANGGAMUS,DINAS PEKERJAAN UMUM DAN PERUMAHAN RAKYAT - 1.03.1.04.2.10.10.0000,10814421000,65496993,2026,Non Tender,APBD,CV. REKA KARYA KONSULTAN,Pengadaan Langsung,Jasa Konsultansi Badan Usaha Non Konstruksi,Jasa Konsultasi Tenaga Teknis Drafter dan Surveyor Bidang Bina Marga,SELESAI,79240680,79240680
KAB. TANGGAMUS,PLT.DINAS KESEHATAN - 1.02.0.00.0.00.01.0000,01KVQ4E3QKQFZK6P31TY4T7ERE,67343112,2026,E-Katalog 6.0,APBD,MEDQUEST JAYA GLOBAL,E-Purchasing,Barang,Pengadaan Kartrid TCM,ON PROCESS,1203596310,0
KAB. TANGGAMUS,DINAS PENDIDIKAN DAN KEBUDAYAAN - 1.01.2.22.0.00.02.0000,01KSHPF7ZAJKN2B7DDVSZE55T1,67051154,2026,E-Katalog 6.0,APBD,MAHARANI GROUP,E-Purchasing,Jasa Lainnya," GEBYAR PAUD (TK,KB,SPS) Belanja Sewa DEKORASI",PAYMENT OUTSIDE SYSTEM,9850000,9850000
KAB. TANGGAMUS,DINAS SOSIAL - 1.06.0.00.0.00.01.0000,01KRZ442EWZKSPP0KDRV150K09,66921750,2026,E-Katalog 6.0,APBD,MANDALA WANGI INDONESIA,E-Purchasing,Barang,Penyediaan Alat Bantu,ON PROCESS,41754176,41754176
KAB. TANGGAMUS,DINAS PENDIDIKAN DAN KEBUDAYAAN - 1.01.2.22.0.00.02.0000,01KS2N80V1J5FTZEEP2Y2GNHB8,67151644,2026,E-Katalog 6.0,APBD,BERTIGA JAYA,E-Purchasing,Barang,Belanja Alat/Bahan untuk Kegiatan Kantor- Bahan Cetak,ON PROCESS,2075700,2075700
KAB. TANGGAMUS,PLT.DINAS KESEHATAN - 1.02.0.00.0.00.01.0000,10887887000,67225229,2026,Non Tender,APBD,TUNAS NUSANTARA KONSULTAN,Pengadaan Langsung,Jasa Konsultansi Badan Usaha Konstruksi,Jasa Konsultansi Perencanaan Fasilitas Kesehatan Lainnya,SELESAI,17642820,17642820
KAB. TANGGAMUS,DINAS KOMUNIKASI DAN INFORMATIKA - 2.16.2.20.2.21.04.0000,01KKGX475TAT5VR03RQDRAT9EE,66007827,2026,E-Katalog 6.0,APBD,PRATAMA KREASI NUSANTARA,E-Purchasing,Jasa Lainnya,Belanja Langganan Jurnal/Surat Kabar/Majalah,ON PROCESS,4750000,4750000
KAB. TANGGAMUS,SEKRETARIAT DPRD - 4.02.0.00.0.00.01.0000,01KMQ76HBCJGMDP47NK9DEN38N,63313099,2026,E-Katalog 6.0,APBD,RAKYAT EMPAT LIMA PERS,E-Purchasing,Jasa Lainnya," Belanja Langganan Jurnal/Surat Kabar/Majalah",PAYMENT OUTSIDE SYSTEM,190000,190000
KAB. TANGGAMUS,BAGIAN UMUM SEKRETARIAT DAERAH - 4.01.5.06.0.00.01.0007,01KPAB959K2Z284ZP7RMEAFA7M,66919880,2026,E-Katalog 6.0,APBD,PRABU GUNTUR SAKETI,E-Purchasing,Barang,Belanja Alat Pendingin Suhu Portable Penunjang Kegiatan Kedinasan Setdakab,ON PROCESS,51948000,51948000
KAB. TANGGAMUS,SEKRETARIAT DPRD - 4.02.0.00.0.00.01.0000,01KKTAX52VCM3P155VK0S4TZJS,63313099,2026,E-Katalog 6.0,APBD,GLOBAL JAYA GRAFIKA,E-Purchasing,Jasa Lainnya," Belanja Langganan Jurnal/Surat Kabar/Majalah",PAYMENT OUTSIDE SYSTEM,4750000,4750000
KAB. TANGGAMUS,PUSKESMAS SUMBEREJO - 1.02.0.00.0.00.01.0025,01KTFV58WBJV4T8M1A3Y65Q1FZ,66939202,2026,E-Katalog 6.0,APBD,ABDUL AZIS,E-Purchasing,Barang,Jamuan Makan,PAYMENT OUTSIDE SYSTEM,793500,793500
KAB. TANGGAMUS,PUSKESMAS SUMBEREJO - 1.02.0.00.0.00.01.0025,01KWYH16K64TY2ZWK96BFS46SD,66863684,2026,E-Katalog 6.0,APBD,ABDUL AZIS,E-Purchasing,Barang,Jamuan Snack,ON PROCESS,1620000,1620000
KAB. TANGGAMUS,BAGIAN UMUM SEKRETARIAT DAERAH - 4.01.5.06.0.00.01.0007,01KHWV9RYRRCSMYQ4CJWM4G8PE,65744818,2026,E-Katalog 6.0,APBD,SWARA ANTAR NUSA,E-Purchasing,Jasa Lainnya,Pakaian Sipil Resmi (PSR) Bupati dan Wakil Bupati,PAYMENT OUTSIDE SYSTEM,14700000,14700000
KAB. TANGGAMUS,"BADAN PERENCANAAN PEMBANGUNAN, RISET DAN INOVASI DAERAH - 5.01.5.05.0.00.01.0000",01KRG58A9T9MNRAYGAE8E7YN3J,64569209,2026,E-Katalog 6.0,APBD,VAJRA MANDALA LAMPUNG,E-Purchasing,Barang,Belanja Modal Alat Kantor Lainnya Sub Kegiatan Penyediaan Peralatan dan Perlengkapan Kantor,PAYMENT OUTSIDE SYSTEM,24808500,24808500
KAB. TANGGAMUS,"BADAN PERENCANAAN PEMBANGUNAN, RISET DAN INOVASI DAERAH - 5.01.5.05.0.00.01.0000",01KRAD90J4MV77PAEZCSDMJZCK,66215603,2026,E-Katalog 6.0,APBD,ABID FAMILI,E-Purchasing,Jasa Lainnya,Belanja Alat/Bahan untuk Kegiatan Kantor- Bahan Cetak ( Foto Copy) Asistensi Penyusunan Dokumen Perencanaan Pembangunan Perangkat Daerah Bidang Kewilayahan,ON PROCESS,434565,434565
KAB. TANGGAMUS,BAGIAN UMUM SEKRETARIAT DAERAH - 4.01.5.06.0.00.01.0007,10774854000,63544051,2026,Non Tender,APBD,CV. AKBAR ARSITAMA KONSULTAN,Pengadaan Langsung,Jasa Konsultansi Badan Usaha Konstruksi,Belanja Jasa Konsultansi Perencanaan Komplek Islamic Center,SELESAI,49001783,49001783
KAB. TANGGAMUS,BADAN KESATUAN BANGSA DAN POLITIK - 8.01.0.00.0.00.01.0000,01KKDHE4FQREQAWM3S7W7R5QNQ,66206306,2026,E-Katalog 6.0,APBD,MAHARANI GROUP,E-Purchasing,Barang,Belanja Sewa Mebel Hut Tanggamus,PAYMENT OUTSIDE SYSTEM,2100000,2100000
KAB. TANGGAMUS,DINAS PARIWISATA DAN KEBUDAYAAN - 3.26.2.22.2.19.02.0000,01KJ7CC4RK0HY07EA010TMK7HK,63537018,2026,E-Katalog 6.0,APBD,LANGGENG JAYA TANGGAMUS,E-Purchasing,Barang,Belanja Alat/Bahan untuk Kegiatan Kantor- Bahan Cetak ,PAYMENT OUTSIDE SYSTEM,2220000,2220000
KAB. TANGGAMUS,DINAS KOMUNIKASI DAN INFORMATIKA - 2.16.2.20.2.21.04.0000,01KVYGTCTC6VVENGGCTJQ7HV7V,66007827,2026,E-Katalog 6.0,APBD,GEMA MEDIA AKBAR,E-Purchasing,Jasa Lainnya,Belanja Langganan Jurnal/Surat Kabar/Majalah,ON PROCESS,5700000,5700000
KAB. TANGGAMUS,DINAS PENDIDIKAN DAN KEBUDAYAAN - 1.01.2.22.0.00.02.0000,01KR0RCC5172VFZSTSCC3TEXYS,67030829,2026,E-Katalog 6.0,APBD,BERTIGA JAYA,E-Purchasing,Barang,"Belanja Alat Tulis Kantor Peserta,Narasumber dan Moderator Sosialisasi Pengembangan Deep Learning dan Coding",ON PROCESS,2448383,2448383
KAB. TANGGAMUS,DINAS PEKERJAAN UMUM DAN PERUMAHAN RAKYAT - 1.03.1.04.2.10.10.0000,10851773000,66887812,2026,Non Tender,APBD,DEKKA MITRA CONSULTANT,Pengadaan Langsung,Jasa Konsultansi Badan Usaha Non Konstruksi,Penyusunan Standar Harga Satuan ( Basic price ) Kabupaten Tanggamus Tahun 2026,SELESAI,99179610,99179610
KAB. TANGGAMUS,SEKRETARIAT DPRD - 4.02.0.00.0.00.01.0000,01KKTXC6B7KJE0DXY52JGEZAJT,63313099,2026,E-Katalog 6.0,APBD,MEDIA JENDELA LAMPUNG NEWS,E-Purchasing,Jasa Lainnya," Belanja Langganan Jurnal/Surat Kabar/Majalah",PAYMENT OUTSIDE SYSTEM,2850000,2850000
KAB. TANGGAMUS,DINAS PARIWISATA DAN KEBUDAYAAN - 3.26.2.22.2.19.02.0000,01KSHEPZ02Q2P8V6PD2A9KDPNR,63537310,2026,E-Katalog 6.0,APBD,LANGGENG JAYA TANGGAMUS,E-Purchasing,Barang,Belanja Alat/Bahan untuk Kegiatan Kantor-Perabot Kantor,ON PROCESS,1110000,1110000
KAB. TANGGAMUS,BAGIAN UMUM SEKRETARIAT DAERAH - 4.01.5.06.0.00.01.0007,01KS79WV2ZBH9PT9PSP81W7WJN,67151904,2026,E-Katalog 6.0,APBD,LAMPUNG MEDIA BERSERI,E-Purchasing,Barang,Meja Pelantikan,ON PROCESS,4500000,4500000
KAB. TANGGAMUS,BADAN KEUANGAN DAN ASET DAERAH - 5.02.0.00.0.00.06.0000,01KH2VCH6ENS923792J0EQQY8A,65331050,2026,E-Katalog 6.0,APBD,WE DHE WE,E-Purchasing,Barang,Belanja Alat/Bahan untuk Kegiatan Kantor-Alat Tulis Kantor,PAYMENT OUTSIDE SYSTEM,47023763,47023763
KAB. TANGGAMUS,DINAS PENDIDIKAN DAN KEBUDAYAAN - 1.01.2.22.0.00.02.0000,01KH0E1DA6Y886G9NPS51QPZXC,63471125,2026,E-Katalog 6.0,APBD,ARTO MORO PERSADA,E-Purchasing,Barang,Alat Permainan Edukasi (APE) PAUD Indoor,ON PROCESS,198503791,198503791
KAB. TANGGAMUS,DINAS KOMUNIKASI DAN INFORMATIKA - 2.16.2.20.2.21.04.0000,01KKJH6EA0AKSYK684PXZMETJJ,66007827,2026,E-Katalog 6.0,APBD,ZAHRA NAYAKA AFKAR MEDIA,E-Purchasing,Jasa Lainnya,Belanja Langganan Jurnal/Surat Kabar/Majalah,ON PROCESS,4750000,4750000
KAB. TANGGAMUS,SEKRETARIAT DPRD - 4.02.0.00.0.00.01.0000,01KKTY9NV6E8TQE4GQNYK5WYTE,63313099,2026,E-Katalog 6.0,APBD,MEDIA EXPRES NEWS,E-Purchasing,Jasa Lainnya," Belanja Langganan Jurnal/Surat Kabar/Majalah",PAYMENT OUTSIDE SYSTEM,2850000,2850000
KAB. TANGGAMUS,SEKRETARIAT DPRD - 4.02.0.00.0.00.01.0000,01KKTRP9651E6GDY5ECY94HC8P,63313099,2026,E-Katalog 6.0,APBD,SIGERINDO MEDIA NUSA,E-Purchasing,Jasa Lainnya," Belanja Langganan Jurnal/Surat Kabar/Majalah",PAYMENT OUTSIDE SYSTEM,2850000,2850000
KAB. TANGGAMUS,SEKRETARIAT DPRD - 4.02.0.00.0.00.01.0000,01KMQ25XH9XQR6AVCDX6KZTWJ7,63313099,2026,E-Katalog 6.0,APBD,AMOURA MEDIA GROUP,E-Purchasing,Jasa Lainnya," Belanja Langganan Jurnal/Surat Kabar/Majalah",PAYMENT OUTSIDE SYSTEM,1400000,1400000
KAB. TANGGAMUS,"BADAN PERENCANAAN PEMBANGUNAN, RISET DAN INOVASI DAERAH - 5.01.5.05.0.00.01.0000",01KJHFBH44H3TNAHM28RF23WPN,64585264,2026,E-Katalog 6.0,APBD,BERTIGA JAYA,E-Purchasing,Barang,Belanja Modal Alat Rumah Tangga Lainnya (Home Use) Sub Kegiatan Penyediaan Peralatan dan Perlengkapan Kantor,PAYMENT OUTSIDE SYSTEM,2353200,2353200
KAB. TANGGAMUS,DINAS PEMUDA DAN OLAHRAGA - 2.19.0.00.0.00.01.0000,01KKG16V5XSC7B870M1GYZVAF6,65022011,2026,E-Katalog 6.0,APBD,MELATI JAYA CATERING,E-Purchasing,Jasa Lainnya,Belanja Makanan dan Minuman Jamuan Tamu,PAYMENT OUTSIDE SYSTEM,387500,387500
KAB. TANGGAMUS,DINAS KOMUNIKASI DAN INFORMATIKA - 2.16.2.20.2.21.04.0000,01KRZ9Z20CYMMXW2MBW17MVRXB,66007827,2026,E-Katalog 6.0,APBD,JURNAL MULTIMEDIA BERSINAR,E-Purchasing,Jasa Lainnya,Belanja Langganan Jurnal/Surat Kabar/Majalah,ON PROCESS,2850000,2850000
KAB. TANGGAMUS,DINAS PEKERJAAN UMUM DAN PERUMAHAN RAKYAT - 1.03.1.04.2.10.10.0000,10147648000,66816081,2026,Tender,APBD,,Tender,Pekerjaan Konstruksi,Pemeliharaan Berkala Ruas (208) Talang Padang - Sumanda Kecamatan Talang Padang,BERLANGSUNG,9765961000,9765961000
KAB. TANGGAMUS,SEKRETARIAT DPRD - 4.02.0.00.0.00.01.0000,01KMPZ93R46WY9F5SHV14C60BV,63313099,2026,E-Katalog 6.0,APBD,TRI SATRIA SENTOSA,E-Purchasing,Jasa Lainnya," Belanja Langganan Jurnal/Surat Kabar/Majalah",PAYMENT OUTSIDE SYSTEM,1425000,1425000
KAB. TANGGAMUS,SEKRETARIAT DPRD - 4.02.0.00.0.00.01.0000,01KWXT4SS09BM1RB59Q82B5DAH,63313099,2026,E-Katalog 6.0,APBD,SINERGI USAHA NUR,E-Purchasing,Jasa Lainnya," Belanja Langganan Jurnal/Surat Kabar/Majalah",ON PROCESS,1900000,1900000
KAB. TANGGAMUS,DINAS KOMUNIKASI DAN INFORMATIKA - 2.16.2.20.2.21.04.0000,01KPA83ZJZG87TVF60VWSW5JHM,66007827,2026,E-Katalog 6.0,APBD,SECARIK KERTAS MULTIMEDIA,E-Purchasing,Jasa Lainnya,Belanja Langganan Jurnal/Surat Kabar/Majalah,ON PROCESS,2850000,2850000
KAB. TANGGAMUS,BADAN KEPEGAWAIAN DAN PENGEMBANGAN SUMBER DAYA MANUSIA - 5.03.5.04.0.00.01.0000,01KVW0MWSR0BZNP71HAZF70TM7,63306526,2026,E-Katalog 6.0,APBD,INDOJAYA TALENTA GLOBAL,E-Purchasing,Barang,Belanja Modal Peralatan Personal Computer,ON PROCESS,11766000,11766000
KAB. TANGGAMUS,DINAS KOMUNIKASI DAN INFORMATIKA - 2.16.2.20.2.21.04.0000,01KKJSB56CC35RCAD302YNGXB5,66007827,2026,E-Katalog 6.0,APBD,LENSA CAKRAWALA NUANTARA,E-Purchasing,Jasa Lainnya,Belanja Langganan Jurnal/Surat Kabar/Majalah,ON PROCESS,2850000,2850000
KAB. TANGGAMUS,PUSKESMAS KLUMBAYAN - 1.02.0.00.0.00.01.0022,01KVPAVH1Q7BPRBJP2Y4WA072N,67190064,2026,E-Katalog 6.0,APBD,MULYA DAMAS PERSADA,E-Purchasing,Barang,Pelayanan dan Penunjang Pelayanan BLUD,COMPLETED,14998320,14998320
KAB. TANGGAMUS,"BADAN PERENCANAAN PEMBANGUNAN, RISET DAN INOVASI DAERAH - 5.01.5.05.0.00.01.0000",01KRFX42DXGR9MX6SXTJBT4145,67094722,2026,E-Katalog 6.0,APBD,ABID FAMILI,E-Purchasing,Barang,ATK Bidang PP,ON PROCESS,1039056,1039056
KAB. TANGGAMUS,BAGIAN UMUM SEKRETARIAT DAERAH - 4.01.5.06.0.00.01.0007,10819051000,63544383,2026,Non Tender,APBD,CV. BIRAWA,Pengadaan Langsung,Pekerjaan Konstruksi,Pemeliharaan Lapangan Upacara,SELESAI,48974865,48974865
KAB. TANGGAMUS,BADAN PENDAPATAN DAERAH - 5.02.0.00.0.00.02.0000,01KWGH3BSVBNYT8K8XYJM4PQJT,67210382,2026,E-Katalog 6.0,APBD,BERTIGA JAYA,E-Purchasing,Barang,Belanja Pakaian Batik Tradisional,ON PROCESS,10744800,10744800
KAB. TANGGAMUS,PLT.DINAS KESEHATAN - 1.02.0.00.0.00.01.0000,01KQ65QZ53Z5EZW2SABMCW4DSF,67007651,2026,E-Katalog 6.0,APBD,ALGHIF JAYA,E-Purchasing,Barang,Belanja Alat/Bahan untuk Kegiatan Kantor- Bahan Cetak Subkegiatan Pengelolaan Pelayanan Kesehatan Penderita Hipertensi,PAYMENT OUTSIDE SYSTEM,1312686,1312686
KAB. TANGGAMUS,"BADAN PERENCANAAN PEMBANGUNAN, RISET DAN INOVASI DAERAH - 5.01.5.05.0.00.01.0000",10938048000,67026588,2026,Pencatatan,APBD,,Pengadaan Langsung,Pengadaan Barang,Belanja Makanan dan Minuman Rapat - Sub Kegiatan Pelaksanaan Musrenbang Kabupaten/Kota (PMPEPD),PAKET SELESAI,1603800,1603800
KAB. TANGGAMUS,BAGIAN UMUM SEKRETARIAT DAERAH - 4.01.5.06.0.00.01.0007,01KS79DW2TTHGT1Q9V2GWZRH5W,67152396,2026,E-Katalog 6.0,APBD,LAMPUNG MEDIA BERSERI,E-Purchasing,Barang,Belanja Meja Pidato Portabel,ON PROCESS,9800000,9800000
KAB. TANGGAMUS,"BADAN PERENCANAAN PEMBANGUNAN, RISET DAN INOVASI DAERAH - 5.01.5.05.0.00.01.0000",10900180000,67026822,2026,Pencatatan,APBD,,Pengadaan Langsung,Pengadaan Barang,"Belanja Makanan dan Minuman Rapat - Sub Kegiatan Analisis Kondisi Daerah, Permasalahan, dan Isu Strategis Pembangunan Daerah (PMPEPD)",PAKET SELESAI,801900,801900
KAB. TANGGAMUS,PUSKESMAS NGARIP - 1.02.0.00.0.00.01.0012,01KJWFQQS2YZCZ3BZ1T6VDX4TJ,65732321,2026,E-Katalog 6.0,APBD,PUTRA TEKNIK,E-Purchasing,Barang,Pelayanan dan Penunjang Pelayanan BLUD,COMPLETED,3054454,3054454
KAB. TANGGAMUS,DINAS PENDIDIKAN DAN KEBUDAYAAN - 1.01.2.22.0.00.02.0000,01KTBCK10MCGXP68WA5EE4QTKD,67253913,2026,E-Katalog 6.0,APBD,BERTIGA JAYA,E-Purchasing,Barang,Belanja Pakaian Batik Tradisional OSN SD Tingkat Kabupaten,ON PROCESS,4440000,4440000
KAB. TANGGAMUS,BAGIAN PENGADAAN BARANG DAN JASA SEKRETARIAT DAERAH - 4.01.5.06.0.00.01.0006,01KJ6YSG5Y2GZ90VCPPB6FH1HW,63559584,2026,E-Katalog 6.0,APBD,NEWTON CIPTA INFORMATIKA,E-Purchasing,Barang,Belanja Jasa Aplikasi E-Procurement Virtual Assistant Lanjutan,PAYMENT OUTSIDE SYSTEM,134809500,134809500
KAB. TANGGAMUS,PUSKESMAS GISTING - 1.02.0.00.0.00.01.0016,01KPST4MYJJ5HXYRKAH407T1RC,66810700,2026,E-Katalog 6.0,APBD,MEDIKAL PRINTING,E-Purchasing,Barang,Belanja Barang dan Jasa BLUD,COMPLETED,600000,600000
KAB. TANGGAMUS,DINAS KOMUNIKASI DAN INFORMATIKA - 2.16.2.20.2.21.04.0000,01KKJY0YR3YN3HPHC5953QT07G,66007827,2026,E-Katalog 6.0,APBD,MEDIA EXPRES NEWS,E-Purchasing,Jasa Lainnya,Belanja Langganan Jurnal/Surat Kabar/Majalah,ON PROCESS,2850000,2850000
KAB. TANGGAMUS,DINAS PEKERJAAN UMUM DAN PERUMAHAN RAKYAT - 1.03.1.04.2.10.10.0000,10142494000,67253625,2026,Tender,APBD,,Seleksi,Jasa Konsultansi Badan Usaha Konstruksi,Pengawasan Teknis Pembangunan Jembatan Way Pertiwi Tahap II Kecamatan Cukuh Balak,BERLANGSUNG,249906000,249906000
KAB. TANGGAMUS,SEKRETARIAT DPRD - 4.02.0.00.0.00.01.0000,01KWXFBB937YHP5TEKVKDT3R6G,63313099,2026,E-Katalog 6.0,APBD,MEDIA ZASKIA PUTRI,E-Purchasing,Jasa Lainnya," Belanja Langganan Jurnal/Surat Kabar/Majalah",ON PROCESS,2850000,2850000
KAB. TANGGAMUS,SEKRETARIAT DPRD - 4.02.0.00.0.00.01.0000,01KKBA67CJKHPRTEWAD0HPC4M9,63906204,2026,E-Katalog 6.0,APBD,LANGGENG JAYA TANGGAMUS,E-Purchasing,Barang,Belanja Alat Tulis Kantor,PAYMENT OUTSIDE SYSTEM,85749942,85749942
KAB. TANGGAMUS,DINAS KOMUNIKASI DAN INFORMATIKA - 2.16.2.20.2.21.04.0000,01KKK0JQGF6SKYYFKDW1KETS60,66007827,2026,E-Katalog 6.0,APBD,MENGGALA MEDIA GLOBAL,E-Purchasing,Jasa Lainnya,Belanja Langganan Jurnal/Surat Kabar/Majalah,ON PROCESS,5700000,5700000
KAB. TANGGAMUS,"BADAN PERENCANAAN PEMBANGUNAN, RISET DAN INOVASI DAERAH - 5.01.5.05.0.00.01.0000",01KR0MZ8SA7FCR5FQB1XJYNYKQ,64087215,2026,E-Katalog 6.0,APBD,ABID FAMILI,E-Purchasing,Barang,Belanja Alat/Bahan untuk Kegiatan Kantor- Bahan Cetak - Sub Kegiatan Pelaksanaan Musrenbang Kabupaten/Kota (PMPEPD),PAYMENT OUTSIDE SYSTEM,341325,341325
KAB. TANGGAMUS,BAGIAN UMUM SEKRETARIAT DAERAH - 4.01.5.06.0.00.01.0007,01KFFDPFQRH98Z9HCRAE64Q0H7,63535118,2026,E-Katalog 6.0,APBD,SWARA ANTAR NUSA,E-Purchasing,Jasa Lainnya,Belanja Sewa Kursi Dan Sarung Kursi Keperluan Pemda,ON PROCESS,1400000,1400000
KAB. TANGGAMUS,PUSKESMAS GISTING - 1.02.0.00.0.00.01.0016,01KVSEMYTVXSZ74F5G0K01V7CZ,66810700,2026,E-Katalog 6.0,APBD,ERLANGGA EDI LABORATORIES,E-Purchasing,Barang,Belanja Barang dan Jasa BLUD,ON PROCESS,1811254,1811254
KAB. TANGGAMUS,DINAS KOMUNIKASI DAN INFORMATIKA - 2.16.2.20.2.21.04.0000,01KNK73E3VHBMC7PS007QBXKT6,66007827,2026,E-Katalog 6.0,APBD,ARTHA KINI MEDIA,E-Purchasing,Jasa Lainnya,Belanja Langganan Jurnal/Surat Kabar/Majalah,ON PROCESS,4750000,4750000
KAB. TANGGAMUS,PLT.DINAS KESEHATAN - 1.02.0.00.0.00.01.0000,01KTWXFT0C9EBNQZ89F2JW2AAM,67293833,2026,E-Katalog 6.0,APBD,ALGHIF JAYA,E-Purchasing,Barang,Belanja Alat/Bahan untuk Kegiatan Kantor-Alat Tulis Kantor Subkegiatan Pengelolaan Jaminan Kesehatan Masyarakat,ON PROCESS,2338548,2338548
KAB. TANGGAMUS,DINAS KOMUNIKASI DAN INFORMATIKA - 2.16.2.20.2.21.04.0000,01KKKRE5WV16574Y2DX93Q7JCK,66007827,2026,E-Katalog 6.0,APBD,MASA KINI MANDIRI,E-Purchasing,Jasa Lainnya,Belanja Langganan Jurnal/Surat Kabar/Majalah,ON PROCESS,4500000,4500000
KAB. TANGGAMUS,BAGIAN UMUM SEKRETARIAT DAERAH - 4.01.5.06.0.00.01.0007,01KVCWM54DB2B186SNYDH62A2T,63535118,2026,E-Katalog 6.0,APBD,MAHARANI GROUP,E-Purchasing,Jasa Lainnya,Belanja Sewa Kursi Dan Sarung Kursi Keperluan Pemda,ON PROCESS,14000000,14000000
KAB. TANGGAMUS,DINAS KOMUNIKASI DAN INFORMATIKA - 2.16.2.20.2.21.04.0000,01KKKT0G4P58WQRR7B3XJBVMSQ,66007827,2026,E-Katalog 6.0,APBD,SAHABAT MEDIA SUMSEL,E-Purchasing,Jasa Lainnya,Belanja Langganan Jurnal/Surat Kabar/Majalah,ON PROCESS,285000,285000
KAB. TANGGAMUS,DINAS PEKERJAAN UMUM DAN PERUMAHAN RAKYAT - 1.03.1.04.2.10.10.0000,10110996000,63694988,2026,Tender,APBD,PT. Manunggal Raksa Pratama,Seleksi,Jasa Konsultansi Badan Usaha Konstruksi,Redesain Perencanaan Teknis Pemeliharaan Berkala Wilayah Timur,SELESAI,270118500,270118500
KAB. TANGGAMUS,PUSKESMAS SUMBEREJO - 1.02.0.00.0.00.01.0025,01KW8RNWFEBFG9GZFT5BF32C52,66863586,2026,E-Katalog 6.0,APBD,ABDUL AZIS,E-Purchasing,Barang,Jamuan Snack,ON PROCESS,198000,198000
KAB. TANGGAMUS,DINAS KOMUNIKASI DAN INFORMATIKA - 2.16.2.20.2.21.04.0000,01KKGJXV3BS8B2023H5X57074G,66007827,2026,E-Katalog 6.0,APBD,ANTIKA RAYA CHANDRA KIRANA,E-Purchasing,Jasa Lainnya,Belanja Langganan Jurnal/Surat Kabar/Majalah,ON PROCESS,4750000,4750000
KAB. TANGGAMUS,DINAS PEMUDA DAN OLAHRAGA - 2.19.0.00.0.00.01.0000,01KNNTK00B3W8RKJ5FZ0PPT2NR,65018517,2026,E-Katalog 6.0,APBD,LANGGENG JAYA TANGGAMUS,E-Purchasing,Jasa Lainnya,Belanja Alat/Bahan untuk Kegiatan Kantor-Perabot Kantor,PAYMENT OUTSIDE SYSTEM,399600,399600
KAB. TANGGAMUS,SEKRETARIAT DPRD - 4.02.0.00.0.00.01.0000,01KWV2DHBN15YFRPNXM0ME1CTA,63313099,2026,E-Katalog 6.0,APBD,GEMA MEDIA AKBAR,E-Purchasing,Jasa Lainnya," Belanja Langganan Jurnal/Surat Kabar/Majalah",ON PROCESS,2850000,2850000
KAB. TANGGAMUS,DINAS KOMUNIKASI DAN INFORMATIKA - 2.16.2.20.2.21.04.0000,01KKGQ9C5469GS13ZH86GYS0PD,66007827,2026,E-Katalog 6.0,APBD,HELO INDONESIA LAMPUNG,E-Purchasing,Jasa Lainnya,Belanja Langganan Jurnal/Surat Kabar/Majalah,ON PROCESS,4750000,4750000
KAB. TANGGAMUS,"DINAS KOPERASI, USAHA KECIL DAN MENENGAH, PERINDUSTRIAN DAN PERDAGANGAN - 2.17.3.31.3.30.07.0000",01KP2MBAH89YBWQDQ1XXGFX0JA,65325517,2026,E-Katalog 6.0,APBD,JASMINE GRAFIKA UTAMA,E-Purchasing,Barang,Belanja Alat/Bahan untuk Kegiatan Kantor-Alat Tulis Kantor,PAYMENT OUTSIDE SYSTEM,14074911,14074911
KAB. TANGGAMUS,DINAS PENDIDIKAN DAN KEBUDAYAAN - 1.01.2.22.0.00.02.0000,01KSHS9VSB98FG4AA1HBVP20PT,67033787,2026,E-Katalog 6.0,APBD,BERTIGA JAYA,E-Purchasing,Barang,"GEBYAR PAUD TK,KB,SPS (Belanja Alat Tulis Kantor)",PAYMENT OUTSIDE SYSTEM,5550000,5550000
KAB. TANGGAMUS,SEKRETARIAT DPRD - 4.02.0.00.0.00.01.0000,01KKTYT55XWRGMZ9VKDGA6A373,63313099,2026,E-Katalog 6.0,APBD,MEDIA ZASKIA PUTRI,E-Purchasing,Jasa Lainnya," Belanja Langganan Jurnal/Surat Kabar/Majalah",PAYMENT OUTSIDE SYSTEM,2850000,2850000
KAB. TANGGAMUS,SEKRETARIAT DPRD - 4.02.0.00.0.00.01.0000,01KWVM2QE0E3DT7HXMWGCTKKM3,63313099,2026,E-Katalog 6.0,APBD,AQJ MEDIA INDONESIA,E-Purchasing,Jasa Lainnya," Belanja Langganan Jurnal/Surat Kabar/Majalah",ON PROCESS,2850000,2850000
KAB. TANGGAMUS,SEKRETARIAT DPRD - 4.02.0.00.0.00.01.0000,01KNP1B6ECC1FBF84VZ7M81ET5,63313099,2026,E-Katalog 6.0,APBD,RIDER MEDIA CHANNEL,E-Purchasing,Jasa Lainnya," Belanja Langganan Jurnal/Surat Kabar/Majalah",PAYMENT OUTSIDE SYSTEM,285000,285000
KAB. TANGGAMUS,DINAS KOMUNIKASI DAN INFORMATIKA - 2.16.2.20.2.21.04.0000,01KWBMZYVV63A5B6NMKBYGEKM8,66007827,2026,E-Katalog 6.0,APBD,MEDIA TANGGAMUS EKSPRES,E-Purchasing,Jasa Lainnya,Belanja Langganan Jurnal/Surat Kabar/Majalah,ON PROCESS,4750000,4750000
KAB. TANGGAMUS,DINAS PENDIDIKAN DAN KEBUDAYAAN - 1.01.2.22.0.00.02.0000,01KQBT8T25RB6QGFVB9A6B245A,67027803,2026,E-Katalog 6.0,APBD,NAMASTEE SINEMA INVESTAMA,E-Purchasing,Jasa Lainnya,"Belanja Jasa Iklan/Reklame, Film, dan Pemotretan",ON PROCESS,14652000,14652000
KAB. TANGGAMUS,DINAS KOMUNIKASI DAN INFORMATIKA - 2.16.2.20.2.21.04.0000,01KS1PB01G7S1WPZG7MPE40HCN,66007827,2026,E-Katalog 6.0,APBD,MARGARETHA JAYA GROUP,E-Purchasing,Jasa Lainnya,Belanja Langganan Jurnal/Surat Kabar/Majalah,ON PROCESS,2850000,2850000
KAB. TANGGAMUS,DINAS PENDIDIKAN DAN KEBUDAYAAN - 1.01.2.22.0.00.02.0000,01KRFZC05NQ9AKNC8BRZM9WCFS,67130629,2026,E-Katalog 6.0,APBD,JEMBAR JAYA PRATAMA,E-Purchasing,Barang,Piala Pemenang,ON PROCESS,3862800,3862800
KAB. TANGGAMUS,BAGIAN UMUM SEKRETARIAT DAERAH - 4.01.5.06.0.00.01.0007,01KJ7CM216W9E3F6R53SJX7PXE,63823470,2026,E-Katalog 6.0,APBD,MAHARANI GROUP,E-Purchasing,Jasa Lainnya,Belanja Sewa Alat Kantor Lainnya,PAYMENT OUTSIDE SYSTEM,17500000,17500000
KAB. TANGGAMUS,SEKRETARIAT DPRD - 4.02.0.00.0.00.01.0000,01KN5Y7BSJ3SF1S79VMXMYY2AP,63313099,2026,E-Katalog 6.0,APBD,DISWAY DIGITAL LAMPUNG,E-Purchasing,Jasa Lainnya," Belanja Langganan Jurnal/Surat Kabar/Majalah",PAYMENT OUTSIDE SYSTEM,2850000,2850000
KAB. TANGGAMUS,DINAS LINGKUNGAN HIDUP - 2.11.0.00.0.00.01.0000,01KPMM30X689HJE1CH1CEPH3C9,63898123,2026,E-Katalog 6.0,APBD,JEMBAR JAYA PRATAMA,E-Purchasing,Barang,Belanja Modal Alat Kantor Lainnya [-] Belanja Modal Pengadaan Tong Sampah Tiga Pilah,ON PROCESS,48618000,48618000
KAB. TANGGAMUS,BAGIAN UMUM SEKRETARIAT DAERAH - 4.01.5.06.0.00.01.0007,01KPWCMDZRDKZSSBBD8D44KK3Q,63537624,2026,E-Katalog 6.0,APBD,SWARA ANTAR NUSA,E-Purchasing,Barang,Belanja Pakaian Batik Tradisional Bupati dan Wakil Bupati,PAYMENT OUTSIDE SYSTEM,1400000,1400000
KAB. TANGGAMUS,DINAS PEMBERDAYAAN MASYARAKAT DAN DESA - 2.13.0.00.0.00.01.0000,01KPADBPK7Y74ZEDH1M7DMWN88,66182186,2026,E-Katalog 6.0,APBD,AN-NISA,E-Purchasing,Barang,Belanja Makanan dan Minuman Jamuan Tamu,ON PROCESS,12800000,12800000
KAB. TANGGAMUS,DINAS KOMUNIKASI DAN INFORMATIKA - 2.16.2.20.2.21.04.0000,01KRZ1HDJ8PTB9CR2MCBYHRD2H,66007827,2026,E-Katalog 6.0,APBD,GLOBAL JAYA GRAFIKA,E-Purchasing,Jasa Lainnya,Belanja Langganan Jurnal/Surat Kabar/Majalah,ON PROCESS,4750000,4750000
KAB. TANGGAMUS,PUSKESMAS PUTIH DOH - 1.02.0.00.0.00.01.0021,01KRBT12HADK8BZVSNESWCXYZY,67067292,2026,E-Katalog 6.0,APBD,NOVAPHARIN,E-Purchasing,Barang,-,ON PROCESS,1484114,1484114
KAB. TANGGAMUS,BAGIAN UMUM SEKRETARIAT DAERAH - 4.01.5.06.0.00.01.0007,01KNNENEC130NV6BHDHQND74QH,63535364,2026,E-Katalog 6.0,APBD,SWARA ANTAR NUSA,E-Purchasing,Jasa Lainnya,Belanja Sewa Sound System,PAYMENT OUTSIDE SYSTEM,10500000,10500000
KAB. TANGGAMUS,SEKRETARIAT DPRD - 4.02.0.00.0.00.01.0000,01KWXTBDEV3MVYNAJ2M9NAFC83,63313099,2026,E-Katalog 6.0,APBD,MEDIA MENARA MERCUSUAR,E-Purchasing,Jasa Lainnya," Belanja Langganan Jurnal/Surat Kabar/Majalah",ON PROCESS,1900000,1900000
KAB. TANGGAMUS,DINAS KEPENDUDUKAN DAN PENCATATAN SIPIL - 2.12.2.12.0.00.01.0000,01KJ75QSJRYR6ACA0TQ5VJWTB6,62900370,2026,E-Katalog 6.0,APBD,SIK ESA MULTINDO,E-Purchasing,Barang,Belanja Reffil Toner ( Cartridge ) Pelayanan,PAYMENT OUTSIDE SYSTEM,185999814,185999814
KAB. TANGGAMUS,BAGIAN HUKUM SEKRETARIAT DAERAH - 4.01.5.06.0.00.01.0003,01KRDFQ7W214WZ24QK5CCPBWJP,63586733,2026,E-Katalog 6.0,APBD,WE DHE WE,E-Purchasing,Barang,BELANJA SPANDUK,PAYMENT OUTSIDE SYSTEM,284160,284160
KAB. TANGGAMUS,DINAS KOMUNIKASI DAN INFORMATIKA - 2.16.2.20.2.21.04.0000,01KKK80AEYQ27DBGPYKAVWWPJS,66007827,2026,E-Katalog 6.0,APBD,NARASI INDONESIA MEDIA ABADI,E-Purchasing,Jasa Lainnya,Belanja Langganan Jurnal/Surat Kabar/Majalah,ON PROCESS,1900000,1900000
KAB. TANGGAMUS,BAGIAN UMUM SEKRETARIAT DAERAH - 4.01.5.06.0.00.01.0007,01KFB92SERX4ZABDFVSQD1RBEV,63605333,2026,E-Katalog 6.0,APBD,MELATI JAYA CATERING,E-Purchasing,Jasa Lainnya,Belanja Makanan Dan Minuman Tamu Pemerintah Daerah,ON PROCESS,1748540000,1748540000
KAB. TANGGAMUS,SEKRETARIAT DPRD - 4.02.0.00.0.00.01.0000,01KKTF5MF353EFYGJPNM5F2CA0,63313099,2026,E-Katalog 6.0,APBD,MASA KINI MANDIRI,E-Purchasing,Jasa Lainnya," Belanja Langganan Jurnal/Surat Kabar/Majalah",PAYMENT OUTSIDE SYSTEM,4750000,4750000
KAB. TANGGAMUS,DINAS KOMUNIKASI DAN INFORMATIKA - 2.16.2.20.2.21.04.0000,01KNK7GMTVX2E25YKKK1555MHP,66007827,2026,E-Katalog 6.0,APBD,ATMOS EDITOR LAMPUNG,E-Purchasing,Jasa Lainnya,Belanja Langganan Jurnal/Surat Kabar/Majalah,ON PROCESS,4750000,4750000
KAB. TANGGAMUS,SEKRETARIAT DPRD - 4.02.0.00.0.00.01.0000,01KN6ADFE459TQDAAY9WANBRM7,63313099,2026,E-Katalog 6.0,APBD,MEDIA INDAH PERKASA,E-Purchasing,Jasa Lainnya," Belanja Langganan Jurnal/Surat Kabar/Majalah",PAYMENT OUTSIDE SYSTEM,2850000,2850000
KAB. TANGGAMUS,"BADAN PERENCANAAN PEMBANGUNAN, RISET DAN INOVASI DAERAH - 5.01.5.05.0.00.01.0000",10942131000,67262076,2026,Pencatatan,APBD,,Pengadaan Langsung,Pengadaan Barang,Belanja Sewa Electric Generating Set - Sub Kegiatan Pelaksanaan Musrenbang Kabupaten/Kota (PMPEPD),PAKET SELESAI,7000000,7000000
KAB. TANGGAMUS,DINAS KOMUNIKASI DAN INFORMATIKA - 2.16.2.20.2.21.04.0000,01KKK9GDEFNPAK8CYM1PY8F7RW,66007827,2026,E-Katalog 6.0,APBD,RIZKY PRATAMA MANDIRI KAUR,E-Purchasing,Jasa Lainnya,Belanja Langganan Jurnal/Surat Kabar/Majalah,ON PROCESS,950000,950000
KAB. TANGGAMUS,SEKRETARIAT DPRD - 4.02.0.00.0.00.01.0000,01KWK2S3VVCJX12GAR976D2HCE,63313099,2026,E-Katalog 6.0,APBD,ATMOS EDITOR LAMPUNG,E-Purchasing,Jasa Lainnya," Belanja Langganan Jurnal/Surat Kabar/Majalah",ON PROCESS,4750000,4750000
KAB. TANGGAMUS,BAGIAN HUKUM SEKRETARIAT DAERAH - 4.01.5.06.0.00.01.0003,01KRDRDH80S4AAG1EQA0Y1V9XV,63583388,2026,E-Katalog 6.0,APBD,WE DHE WE,E-Purchasing,Barang,BELANJA ALAT TULIS KANTOR,PAYMENT OUTSIDE SYSTEM,447996,447996
KAB. TANGGAMUS,DINAS PERIKANAN - 3.25.0.00.0.00.02.0000,10873292000,66971223;67165745,2026,Non Tender,APBD,CV.Jembar Jaya Pratama,Pengadaan Langsung,Pekerjaan Konstruksi,",Pemeliharaan Bangunan Dinas Perikanan",SELESAI,60622714,60622714
KAB. TANGGAMUS,RUMAH SAKIT UMUM DAERAH BATIN MANGUNANG KOTA AGUNG - 1.02.0.00.0.00.01.0001,01KJPVSE4ZF3VHEWKNDXQ89VQV,65937631,2026,E-Katalog 6.0,APBD,UNIVERSAL ECO PASIFIC,E-Purchasing,Jasa Lainnya,Jasa Pelayanan Kesehatan Limbah/Sampah,ON PROCESS,57720000,57720000
KAB. TANGGAMUS,PLT.DINAS KESEHATAN - 1.02.0.00.0.00.01.0000,01KKDX8XE07VDEW5M5X9DDS1N9,65110394,2026,E-Katalog 6.0,APBD,NOVAPHARIN,E-Purchasing,Barang,Pengadaan Obat Pelayanan Kesehatan Dasar (DAK),ON PROCESS,77505750,77505750
KAB. TANGGAMUS,DINAS PERHUBUNGAN - 2.15.0.00.0.00.01.0000,01KVWCMYGA8QB6N8P7H9D2M8SN,66133191,2026,E-Katalog 6.0,APBD,WAY LALAAN,E-Purchasing,Jasa Lainnya,Belanja Alat/Bahan untuk Kegiatan Kantor-Alat Listrik,ON PROCESS,82793901,82793901
KAB. TANGGAMUS,SEKRETARIAT DPRD - 4.02.0.00.0.00.01.0000,01KKTVQHJZS791FZ50PG74Y0VN,63313099,2026,E-Katalog 6.0,APBD,MEDIA GLOBAL ART,E-Purchasing,Jasa Lainnya," Belanja Langganan Jurnal/Surat Kabar/Majalah",ON PROCESS,2850000,2850000
KAB. TANGGAMUS,DINAS LINGKUNGAN HIDUP - 2.11.0.00.0.00.01.0000,10767577000,63479977,2026,Non Tender,APBD,CV.Jembar Jaya Pratama,Pengadaan Langsung,Pekerjaan Konstruksi,Belanja Pemeliharaan Bangunan Gedung Kantor,SELESAI,98243440,98243440
KAB. TANGGAMUS,BAGIAN UMUM SEKRETARIAT DAERAH - 4.01.5.06.0.00.01.0007,01KG6VENGY7WNF1DXW800Q26G0,63823470,2026,E-Katalog 6.0,APBD,SWARA ANTAR NUSA,E-Purchasing,Jasa Lainnya,Belanja Sewa Alat Kantor Lainnya,ON PROCESS,49500000,49500000
KAB. TANGGAMUS,PLT.DINAS KESEHATAN - 1.02.0.00.0.00.01.0000,01KJ6X0FKQ2J73P6SH1SE2C9QJ,65110598,2026,E-Katalog 6.0,APBD,MEPROFARM,E-Purchasing,Barang," Pengadaan Obat Pelayanan Kesehatan Dasar (DAU)",PAYMENT OUTSIDE SYSTEM,7326000,7326000
KAB. TANGGAMUS,BAGIAN UMUM SEKRETARIAT DAERAH - 4.01.5.06.0.00.01.0007,01KJ9SK4XHK9S7CRQAH2684Z5T,63605945,2026,E-Katalog 6.0,APBD,MELATI JAYA CATERING,E-Purchasing,Jasa Lainnya,Belanja Makanan Dan Minuman Untuk Acara Buka Puasa Bersama,PAYMENT OUTSIDE SYSTEM,54375000,54375000
KAB. TANGGAMUS,SEKRETARIAT DPRD - 4.02.0.00.0.00.01.0000,01KWKMDB4YTP571Q8TWHFM22F6,63313099,2026,E-Katalog 6.0,APBD,SEMAKA MEDIA AGUNG,E-Purchasing,Jasa Lainnya," Belanja Langganan Jurnal/Surat Kabar/Majalah",ON PROCESS,1900000,1900000
KAB. TANGGAMUS,SEKRETARIAT DPRD - 4.02.0.00.0.00.01.0000,01KGPGAKM6CBQAKM0QSW7FKTWS,63245883,2026,E-Katalog 6.0,APBD,LANGGENG JAYA TANGGAMUS,E-Purchasing,Jasa Lainnya,Cetak Buku Kerja  Spesifikasi : Soft Cover Warna ,PAYMENT OUTSIDE SYSTEM,64801800,64801800
KAB. TANGGAMUS,BADAN KEUANGAN DAN ASET DAERAH - 5.02.0.00.0.00.06.0000,01KH5E58QCCKFBJ5061SES53YT,65330523,2026,E-Katalog 6.0,APBD,WE DHE WE,E-Purchasing,Barang,Belanja Alat/Bahan untuk Kegiatan Kantor- Bahan Cetak,PAYMENT OUTSIDE SYSTEM,73806675,73806675
KAB. TANGGAMUS,SEKRETARIAT DPRD - 4.02.0.00.0.00.01.0000,01KWVAZ1X54BK33ZDVXS2KCPPD,63313099,2026,E-Katalog 6.0,APBD,WAHANA TUBA MULTIMEDIA,E-Purchasing,Jasa Lainnya," Belanja Langganan Jurnal/Surat Kabar/Majalah",ON PROCESS,2850000,2850000
KAB. TANGGAMUS,DINAS PEKERJAAN UMUM DAN PERUMAHAN RAKYAT - 1.03.1.04.2.10.10.0000,10111705000,64305999,2026,Tender,APBD,CV. Prawita Utama Konsultan,Seleksi,Jasa Konsultansi Badan Usaha Konstruksi,Perencanaan Teknis Pembangunan Jalan menuju TPA Pungkut (Program LSDP),SELESAI,247840800,247840800
KAB. TANGGAMUS,SEKRETARIAT DPRD - 4.02.0.00.0.00.01.0000,01KMQ5PBS7BQWF83S16QNMR5A4,63313099,2026,E-Katalog 6.0,APBD,SIGER LAMPUNG INTER MEDIA,E-Purchasing,Jasa Lainnya," Belanja Langganan Jurnal/Surat Kabar/Majalah",PAYMENT OUTSIDE SYSTEM,285000,285000
KAB. TANGGAMUS,SEKRETARIAT DPRD - 4.02.0.00.0.00.01.0000,01KWKDAS5HKR818812AXQ6GR4K,63313099,2026,E-Katalog 6.0,APBD,PRATAMA KREASI NUSANTARA,E-Purchasing,Jasa Lainnya," Belanja Langganan Jurnal/Surat Kabar/Majalah",ON PROCESS,4750000,4750000
KAB. TANGGAMUS,DINAS KOMUNIKASI DAN INFORMATIKA - 2.16.2.20.2.21.04.0000,01KKK93JMEFZQPREEK6A95AFR9,66007827,2026,E-Katalog 6.0,APBD,RIZKY PRATAMA MANDIRI KAUR,E-Purchasing,Jasa Lainnya,Belanja Langganan Jurnal/Surat Kabar/Majalah,ON PROCESS,950000,950000
KAB. TANGGAMUS,DINAS PENDIDIKAN DAN KEBUDAYAAN - 1.01.2.22.0.00.02.0000,01KTBE6J1T4S5W4FMMBHSXM26T,67253709,2026,E-Katalog 6.0,APBD,LANGGENG JAYA TANGGAMUS,E-Purchasing,Barang,Belanja Piala Pemenang OSN SMP Tingkat kabupaten,ON PROCESS,1448550,1448550
KAB. TANGGAMUS,BAGIAN UMUM SEKRETARIAT DAERAH - 4.01.5.06.0.00.01.0007,01KKJWFAQ6MMBYT83A3QQGETY3,66366166,2026,E-Katalog 6.0,APBD,HARIA FITRI. S,E-Purchasing,Jasa Lainnya,Belanja Pemeliharaan Alat Angkutan-Alat Angkutan Darat Bermotor-Kendaraan,PAYMENT OUTSIDE SYSTEM,15270000,15270000
KAB. TANGGAMUS,BAGIAN UMUM SEKRETARIAT DAERAH - 4.01.5.06.0.00.01.0007,01KFAS8X3DKVZ1NSPYWX7SG71K,63535364,2026,E-Katalog 6.0,APBD,SWARA ANTAR NUSA,E-Purchasing,Jasa Lainnya,Belanja Sewa Sound System,PAYMENT OUTSIDE SYSTEM,7000000,7000000
KAB. TANGGAMUS,DINAS KOMUNIKASI DAN INFORMATIKA - 2.16.2.20.2.21.04.0000,01KKTP9J7NPNKNDV8TGCTBA7NH,66007827,2026,E-Katalog 6.0,APBD,MANDIRI MIMA CAHAYA FAJAR,E-Purchasing,Jasa Lainnya,Belanja Langganan Jurnal/Surat Kabar/Majalah,ON PROCESS,1425000,1425000
KAB. TANGGAMUS,DINAS PENDIDIKAN DAN KEBUDAYAAN - 1.01.2.22.0.00.02.0000,01KK0VMD5RTGV9Z6JV8PR9PVSE,66042780,2026,E-Katalog 6.0,APBD,BERTIGA JAYA,E-Purchasing,Barang,Belanja LED RUNNING TEXT,ON PROCESS,1931400,1931400
KAB. TANGGAMUS,DINAS PERKEBUNAN DAN PETERNAKAN - 3.27.0.00.0.00.05.0000,01KKBHGX9GP11ERXHRWREKB2EX,65742906,2026,E-Katalog 6.0,APBD,ALGHIF JAYA,E-Purchasing,Barang,"Belanja Alat/Bahan untuk Kegiatan Kantor-Alat Tulis Kantor Keg. Pengawasan Peredaran Bahan Pakan/Pakan, Benih/Bibit Hijauan Pakan Ternak",PAYMENT OUTSIDE SYSTEM,1188810,1188810
KAB. TANGGAMUS,SEKRETARIAT DPRD - 4.02.0.00.0.00.01.0000,01KMQ112T0J1E3VKG19ZH5BR4A,63313099,2026,E-Katalog 6.0,APBD,MEDIA INFO SOSIAL,E-Purchasing,Jasa Lainnya," Belanja Langganan Jurnal/Surat Kabar/Majalah",PAYMENT OUTSIDE SYSTEM,1425000,1425000
KAB. TANGGAMUS,SEKRETARIAT DPRD - 4.02.0.00.0.00.01.0000,01KWVRQC17C81HC51B7MC8DDTG,63313099,2026,E-Katalog 6.0,APBD,PAYUNG TEDUH MEDIA LAMPUNG,E-Purchasing,Jasa Lainnya," Belanja Langganan Jurnal/Surat Kabar/Majalah",ON PROCESS,2850000,2850000
KAB. TANGGAMUS,PLT.DINAS KESEHATAN - 1.02.0.00.0.00.01.0000,01KJQCEC5HYJE7HV1N28M6B5N7,65110394,2026,E-Katalog 6.0,APBD,SATORIA ANEKA INDUSTRI,E-Purchasing,Barang,Pengadaan Obat Pelayanan Kesehatan Dasar (DAK),ON PROCESS,202214072,202214072
KAB. TANGGAMUS,SEKRETARIAT DPRD - 4.02.0.00.0.00.01.0000,01KNRDSSK3AQM496ZM2SAPM15J,63313099,2026,E-Katalog 6.0,APBD,INTAN LAMPUNG PERS,E-Purchasing,Jasa Lainnya," Belanja Langganan Jurnal/Surat Kabar/Majalah",PAYMENT OUTSIDE SYSTEM,2850000,2850000
KAB. TANGGAMUS,SEKRETARIAT DPRD - 4.02.0.00.0.00.01.0000,01KWKE8RQZ04GGZ06B9VDCKG14,63313099,2026,E-Katalog 6.0,APBD,RILIS MULTIMEDIA INDONESIA,E-Purchasing,Jasa Lainnya," Belanja Langganan Jurnal/Surat Kabar/Majalah",ON PROCESS,4750000,4750000
KAB. TANGGAMUS,"BADAN PERENCANAAN PEMBANGUNAN, RISET DAN INOVASI DAERAH - 5.01.5.05.0.00.01.0000",01KTNDZSVFX5T0HMT4VH4510MH,64603499,2026,E-Katalog 6.0,APBD,EFIKA REZA,E-Purchasing,Barang,Belanja Modal Personal Computer Sub Kegiatan Penyediaan Peralatan dan Perlengkapan Kantor,ON PROCESS,59979960,59979960
KAB. TANGGAMUS,SEKRETARIAT DPRD - 4.02.0.00.0.00.01.0000,01KKTX5VD90YSXH6JMJ2SMQP2T,63313099,2026,E-Katalog 6.0,APBD,LENSA CAKRAWALA NUANTARA,E-Purchasing,Jasa Lainnya," Belanja Langganan Jurnal/Surat Kabar/Majalah",PAYMENT OUTSIDE SYSTEM,2850000,2850000
KAB. TANGGAMUS,DINAS PEMADAM KEBAKARAN DAN PENYELAMATAN - 1.05.0.00.0.00.02.0000,01KP2B85KBFEQAAH98CNK0GQYQ,66113084,2026,E-Katalog 6.0,APBD,INDOJAYA TALENTA GLOBAL,E-Purchasing,Barang,Belanja Pakaian Dinas Lapangan (PDL,ON PROCESS,149961000,149961000
KAB. TANGGAMUS,BAGIAN KESEJAHTERAAN RAKYAT SEKRETARIAT DAERAH - 4.01.5.06.0.00.01.0002,01KVSDE9RN9N9RKEJMH6V95D2Q,63728472,2026,E-Katalog 6.0,APBD,LANGGENG JAYA TANGGAMUS,E-Purchasing,Jasa Lainnya,Belanja Alat/Bahan untuk Kegiatan Kantor- Bahan Cetak,ON PROCESS,1978020,1978020
KAB. TANGGAMUS,BAGIAN UMUM SEKRETARIAT DAERAH - 4.01.5.06.0.00.01.0007,01KPAAPR3KTY5FC72P2BQ97SE6,66919737,2026,E-Katalog 6.0,APBD,MITRA JASA SEJAHTERA PRINGSEWU,E-Purchasing,Barang,Belanja CCTV Masjid Islamic Center,PAYMENT OUTSIDE SYSTEM,14499930,14499930
KAB. TANGGAMUS,DINAS KOMUNIKASI DAN INFORMATIKA - 2.16.2.20.2.21.04.0000,01KKKA2BYP67EPK8WG9J9WWXYB,66007827,2026,E-Katalog 6.0,APBD,WANTARA JABAT PERKASA MEDIA,E-Purchasing,Jasa Lainnya,Belanja Langganan Jurnal/Surat Kabar/Majalah,ON PROCESS,950000,950000
KAB. TANGGAMUS,BAGIAN UMUM SEKRETARIAT DAERAH - 4.01.5.06.0.00.01.0007,01KRZSEB44RGY75PEWTQK7W5FF,65458831,2026,E-Katalog 6.0,APBD,LANGGENG JAYA TANGGAMUS,E-Purchasing,Jasa Lainnya,Belanja Foto Copy Kegiatan,ON PROCESS,5994000,5994000
KAB. TANGGAMUS,SEKRETARIAT DPRD - 4.02.0.00.0.00.01.0000,01KMM444CB44QH12TWYTVJGJNY,63313099,2026,E-Katalog 6.0,APBD,REFORMASI JAYA GROUP,E-Purchasing,Jasa Lainnya," Belanja Langganan Jurnal/Surat Kabar/Majalah",ON PROCESS,950000,950000
KAB. TANGGAMUS,DINAS KOMUNIKASI DAN INFORMATIKA - 2.16.2.20.2.21.04.0000,01KKKCHSHC14MHX58SS1B86CXT,66007827,2026,E-Katalog 6.0,APBD,RAWAS INDO MEDIA,E-Purchasing,Jasa Lainnya,Belanja Langganan Jurnal/Surat Kabar/Majalah,ON PROCESS,1900000,1900000
KAB. TANGGAMUS,SEKRETARIAT DPRD - 4.02.0.00.0.00.01.0000,01KWV5S5SM052BDBWZ28HBKE4Q,63313099,2026,E-Katalog 6.0,APBD,SECARIK KERTAS INDONESIA,E-Purchasing,Jasa Lainnya," Belanja Langganan Jurnal/Surat Kabar/Majalah",ON PROCESS,2850000,2850000
KAB. TANGGAMUS,PUSKESMAS SIRING BETIK - 1.02.0.00.0.00.01.0002,01KTWYE1K01MF0NP7R49TVX16M,67073218,2026,E-Katalog 6.0,APBD,SLARA PHARMINDO JAYA,E-Purchasing,Barang,Belanja Barang dan Jasa,COMPLETED,2992000,2992000
KAB. TANGGAMUS,"BADAN PERENCANAAN PEMBANGUNAN, RISET DAN INOVASI DAERAH - 5.01.5.05.0.00.01.0000",01KJHDG99HKXAQ1RRKMY7TQW98,64540769,2026,E-Katalog 6.0,APBD,BERTIGA JAYA,E-Purchasing,Jasa Lainnya,Belanja Pemeliharaan Alat Kantor dan Rumah Tangga-Alat Kantor-Alat Penyimpan Perlengkapan Kantor,PAYMENT OUTSIDE SYSTEM,943500,943500
KAB. TANGGAMUS,BAGIAN UMUM SEKRETARIAT DAERAH - 4.01.5.06.0.00.01.0007,01KNNEXENZXX26W4C038VQ4AYM,63535118,2026,E-Katalog 6.0,APBD,SWARA ANTAR NUSA,E-Purchasing,Jasa Lainnya,Belanja Sewa Kursi Dan Sarung Kursi Keperluan Pemda,PAYMENT OUTSIDE SYSTEM,10920000,10920000
KAB. TANGGAMUS,DINAS KOMUNIKASI DAN INFORMATIKA - 2.16.2.20.2.21.04.0000,01KVT5A5EVY1NW1TZJZ5SQKTX7,66007827,2026,E-Katalog 6.0,APBD,CYBER RAKYAT INDONESIA,E-Purchasing,Jasa Lainnya,Belanja Langganan Jurnal/Surat Kabar/Majalah,ON PROCESS,2850000,2850000
KAB. TANGGAMUS,DINAS KOMUNIKASI DAN INFORMATIKA - 2.16.2.20.2.21.04.0000,01KKGFPFBJ0KVZ95KP0NGSJ1XJ,66005396,2026,E-Katalog 6.0,APBD,SIGER MEDIA LAMPUNG,E-Purchasing,Jasa Lainnya,"Belanja Jasa Iklan/Reklame, Film, dan Pemotretan",ON PROCESS,9500000,9500000
KAB. TANGGAMUS,BADAN KEUANGAN DAN ASET DAERAH - 5.02.0.00.0.00.06.0000,01KTJXNVWVVJQ4VH5SNYKZPJ1B,67252086,2026,E-Katalog 6.0,APBD,ALGHIF JAYA,E-Purchasing,Jasa Lainnya,Belanja Alat/Bahan untuk Kegiatan Kantor- Bahan Cetak,PAYMENT OUTSIDE SYSTEM,26506800,26506800
KAB. TANGGAMUS,DINAS KOMUNIKASI DAN INFORMATIKA - 2.16.2.20.2.21.04.0000,01KQ6YWVQYGEAFPSK9C7PD8QVZ,66007827,2026,E-Katalog 6.0,APBD,PARADIGMA MEDIA NUSANTARA,E-Purchasing,Jasa Lainnya,Belanja Langganan Jurnal/Surat Kabar/Majalah,ON PROCESS,5700000,5700000
KAB. TANGGAMUS,BAGIAN UMUM SEKRETARIAT DAERAH - 4.01.5.06.0.00.01.0007,01KKG3DWYABKT0HKQH12MYGEH9,63588581,2026,E-Katalog 6.0,APBD,ABID FAMILI,E-Purchasing,Jasa Lainnya,Pembuatan Kartu RFID Pendukung Kantor Setdakab,PAYMENT OUTSIDE SYSTEM,12210000,12210000
KAB. TANGGAMUS,BAGIAN PERENCANAAN DAN KEUANGAN SEKRETARIAT DAERAH - 4.01.5.06.0.00.01.0010,01KPQFXCWRD5QB1D7AXT8H1G5Z,63813686,2026,E-Katalog 6.0,APBD,ALGHIF JAYA,E-Purchasing,Barang,Belanja Alat/Bahan untuk Kegiatan Kantor- Bahan Cetak,PAYMENT OUTSIDE SYSTEM,1498500,1498500
KAB. TANGGAMUS,DINAS KOMUNIKASI DAN INFORMATIKA - 2.16.2.20.2.21.04.0000,01KK856ZR08Z46R4FXR36PZ0PM,66005396,2026,E-Katalog 6.0,APBD,TEGAR MEDIA LAMPUNG,E-Purchasing,Jasa Lainnya,"Belanja Jasa Iklan/Reklame, Film, dan Pemotretan",ON PROCESS,52250000,52250000
KAB. TANGGAMUS,BAGIAN PROTOKOL DAN KOMUNIKASI PIMPINAN SEKRETARIAT DAERAH - 4.01.5.06.0.00.01.0009,01KW0YB3R1QADPRF082V2B6Y7K,63497051,2026,E-Katalog 6.0,APBD,SWARA ANTAR NUSA,E-Purchasing,Barang,Belanja Pakaian Dinas Lapangan (PDL),ON PROCESS,15400000,15400000
KAB. TANGGAMUS,PUSKESMAS GISTING - 1.02.0.00.0.00.01.0016,01KW114TG0MWBK20BGHC1Q9XHS,66810700,2026,E-Katalog 6.0,APBD,MEGA LIFESCIENCES INDONESIA,E-Purchasing,Barang,Belanja Barang dan Jasa BLUD,ON PROCESS,1731600,1731600
KAB. TANGGAMUS,PLT.DINAS KESEHATAN - 1.02.0.00.0.00.01.0000,01KJD2AYWJ5C24TY5ZGPGRBACS,65969044,2026,E-Katalog 6.0,APBD,GLOBAL DISPOMEDIKA,E-Purchasing,Barang," Pengadaan BMHP Pelayanan Dasar (DAU)",ON PROCESS,214489074,214489074
KAB. TANGGAMUS,DINAS PENDIDIKAN DAN KEBUDAYAAN - 1.01.2.22.0.00.02.0000,01KVFJYS1ANMRSRPR8P0202EVQ,67300132,2026,E-Katalog 6.0,APBD,ABDUL AZIS,E-Purchasing,Barang,Belanja Makanan dan Minuman Kegiatan Workshop Koding dan Kecerdasan Artifisial ( KKA ),ON PROCESS,16807500,16807500
KAB. TANGGAMUS,DINAS KOMUNIKASI DAN INFORMATIKA - 2.16.2.20.2.21.04.0000,01KKKN6F0XJRQBBZ9BSZQACQ2V,66007827,2026,E-Katalog 6.0,APBD,CAHAYA GRAHA SUARA,E-Purchasing,Jasa Lainnya,Belanja Langganan Jurnal/Surat Kabar/Majalah,ON PROCESS,285000,285000
KAB. TANGGAMUS,SEKRETARIAT DPRD - 4.02.0.00.0.00.01.0000,01KMQ67CQCAD0EAHXWZDN078V2,63313099,2026,E-Katalog 6.0,APBD,MEDIA PRIORITAS TIVI,E-Purchasing,Jasa Lainnya," Belanja Langganan Jurnal/Surat Kabar/Majalah",PAYMENT OUTSIDE SYSTEM,285000,285000
KAB. TANGGAMUS,"BADAN PERENCANAAN PEMBANGUNAN, RISET DAN INOVASI DAERAH - 5.01.5.05.0.00.01.0000",01KS1PXKZ32ARHT5V81FSC077C,64080102,2026,E-Katalog 6.0,APBD,BERTIGA JAYA,E-Purchasing,Barang,Belanja Alat/Bahan Untuk Kegiatan Kantor - Alat Tulis Kantor - Sub Kegiatan Pelaksanaan Konsultasi Publik (PMPEPD),PAYMENT OUTSIDE SYSTEM,1797312,1797312
KAB. TANGGAMUS,DINAS PARIWISATA DAN KEBUDAYAAN - 3.26.2.22.2.19.02.0000,01KMMED9D2AKBADJESZETDM56Q,64343104,2026,E-Katalog 6.0,APBD,AN-NISA,E-Purchasing,Barang,Belanja Makanan dan Minuman Jamuan Tamu,PAYMENT OUTSIDE SYSTEM,8300000,8300000
KAB. TANGGAMUS,BAGIAN HUKUM SEKRETARIAT DAERAH - 4.01.5.06.0.00.01.0003,01KJSBYHAG6JGW80YRMP9X7FCE,63884521,2026,E-Katalog 6.0,APBD,LANGGENG JAYA TANGGAMUS,E-Purchasing,Barang,BELANJA FOTOCOPY,PAYMENT OUTSIDE SYSTEM,817981,817981
KAB. TANGGAMUS,DINAS KOMUNIKASI DAN INFORMATIKA - 2.16.2.20.2.21.04.0000,01KKJN8GKKZN97C2T1C0KRF1QV,66007827,2026,E-Katalog 6.0,APBD,ENZAGI MULTIMEDIA JAYA,E-Purchasing,Jasa Lainnya,Belanja Langganan Jurnal/Surat Kabar/Majalah,ON PROCESS,2850000,2850000
KAB. TANGGAMUS,BAGIAN UMUM SEKRETARIAT DAERAH - 4.01.5.06.0.00.01.0007,01KKTCMPEKPKTH43AMAK0ESAWZ,65985044,2026,E-Katalog 6.0,APBD,MANDALA WANGI INDONESIA,E-Purchasing,Barang,Belanja Modal Peralatan Personal Computer,PAYMENT OUTSIDE SYSTEM,34854000,34854000
KAB. TANGGAMUS,DINAS PENDIDIKAN DAN KEBUDAYAAN - 1.01.2.22.0.00.02.0000,01KTBD4970T5PXD5XPR69GNCWZ,67253688,2026,E-Katalog 6.0,APBD,LANGGENG JAYA TANGGAMUS,E-Purchasing,Barang,Belanja Cetak OSN SMP Tingkat Kabupaten,ON PROCESS,2830500,2830500
KAB. TANGGAMUS,BADAN PENANGGULANGAN BENCANA DAERAH - 1.05.0.00.0.00.04.0000,01KTTE44MMAZM7VA5EN88CMG96,67149667,2026,E-Katalog 6.0,APBD,SOWAN RAGA INTI LAMPUNG,E-Purchasing,Barang,Belanja Modal Personal Computer,ON PROCESS,24059250,24059250
KAB. TANGGAMUS,DINAS KOMUNIKASI DAN INFORMATIKA - 2.16.2.20.2.21.04.0000,01KPA680YCBA1MARMHBZ0XVMNZ,66007827,2026,E-Katalog 6.0,APBD,ARKAZIA BERKAH INTERMEDIA,E-Purchasing,Jasa Lainnya,Belanja Langganan Jurnal/Surat Kabar/Majalah,ON PROCESS,2850000,2850000
KAB. TANGGAMUS,BADAN KESATUAN BANGSA DAN POLITIK - 8.01.0.00.0.00.01.0000,01KN639R10GT90T4HXKSY87MZT,66636689,2026,E-Katalog 6.0,APBD,AHON BAKRY AND CAKE,E-Purchasing,Barang,Belanja Makanan dan Minuman Jamuan Tamu,ON PROCESS,103602500,103602500
KAB. TANGGAMUS,PLT.DINAS KESEHATAN - 1.02.0.00.0.00.01.0000,01KJ6RA2Y11J32AGZPR21DEZG2,65110780,2026,E-Katalog 6.0,APBD,MEPROFARM,E-Purchasing,Barang,Pengadaan Obat Pelayanan Kesehatan Dasar,ON PROCESS,999948007,999948007
KAB. TANGGAMUS,BAGIAN UMUM SEKRETARIAT DAERAH - 4.01.5.06.0.00.01.0007,01KH5WXFK90B758866MQFA8R51,63823470,2026,E-Katalog 6.0,APBD,MAHARANI GROUP,E-Purchasing,Jasa Lainnya,Belanja Sewa Alat Kantor Lainnya,PAYMENT OUTSIDE SYSTEM,25000000,25000000
KAB. TANGGAMUS,DINAS PENDIDIKAN DAN KEBUDAYAAN - 1.01.2.22.0.00.02.0000,01KS7MGRN9K10TCCPP3V8T333D,67164519,2026,E-Katalog 6.0,APBD,MAHARANI GROUP,E-Purchasing,Barang,Belanja Sewa Peralatan Studio Audio Kegiatan O2SN Jenjang SD Tingkat Kabupaten,ON PROCESS,2600000,2600000
KAB. TANGGAMUS,PLT.DINAS KESEHATAN - 1.02.0.00.0.00.01.0000,01KQEF3HFMQ6SEZ38QGW5MZTWD,67050271,2026,E-Katalog 6.0,APBD,MEDIKAL PRINTING,E-Purchasing,Barang,Belanja Alat/Bahan untuk Kegiatan Kantor- Bahan Cetak Subkegiatan  Pengelolaan Pelayanan Kesehatan pada Usia Pendidikan Dasar,ON PROCESS,24852200,24852200
KAB. TANGGAMUS,DINAS KOMUNIKASI DAN INFORMATIKA - 2.16.2.20.2.21.04.0000,01KKGTGV7410VQP6J7YR07J2T4,66007827,2026,E-Katalog 6.0,APBD,MEDIA SANDI INFORMASI,E-Purchasing,Jasa Lainnya,Belanja Langganan Jurnal/Surat Kabar/Majalah,ON PROCESS,4750000,4750000
KAB. TANGGAMUS,PUSKESMAS SIRING BETIK - 1.02.0.00.0.00.01.0002,01KVF73C7X23Y6F9VD83KM833M,67073218,2026,E-Katalog 6.0,APBD,BERNOFARM,E-Purchasing,Barang,Belanja Barang dan Jasa,ON PROCESS,4921141,4921141
KAB. TANGGAMUS,SEKRETARIAT DPRD - 4.02.0.00.0.00.01.0000,01KTNC7SSXCW4E3AQB02774W60,63313099,2026,E-Katalog 6.0,APBD,SIGER MEDIA LAMPUNG,E-Purchasing,Jasa Lainnya," Belanja Langganan Jurnal/Surat Kabar/Majalah",ON PROCESS,28500000,28500000
KAB. TANGGAMUS,PLT.DINAS KESEHATAN - 1.02.0.00.0.00.01.0000,01KJY177MJKPBY0J6X5D7FND2R,65110394,2026,E-Katalog 6.0,APBD,TRIMAN,E-Purchasing,Barang,Pengadaan Obat Pelayanan Kesehatan Dasar (DAK),ON PROCESS,57442500,57442500
KAB. TANGGAMUS,PUSKESMAS AIR NANINGAN - 1.02.0.00.0.00.01.0013,01KSVFTE9NMP7A4HPV9GQ2EGNG,66969092,2026,E-Katalog 6.0,APBD,PUTRA TEKNIK,E-Purchasing,Barang,-,COMPLETED,4885221,4885221
KAB. TANGGAMUS,BAGIAN PERENCANAAN DAN KEUANGAN SEKRETARIAT DAERAH - 4.01.5.06.0.00.01.0010,01KQ931DCGSF9SD8D2Z4FMMPVD,63823627,2026,E-Katalog 6.0,APBD,ALGHIF JAYA,E-Purchasing,Barang,Belanja Alat/Bahan untuk Kegiatan Kantor-Alat Tulis Kantor,PAYMENT OUTSIDE SYSTEM,905760,905760
KAB. TANGGAMUS,PLT.DINAS KESEHATAN - 1.02.0.00.0.00.01.0000,01KRD2ZWMP2FS03RJ74YRMSVX6,65111150,2026,E-Katalog 6.0,APBD,ANDALAN MANFAAT INDONESIA,E-Purchasing,Jasa Lainnya,Belanja Jasa Kalibrasi Alat Kesehatan (DAU),ON PROCESS,114968250,114968250
KAB. TANGGAMUS,BAGIAN PERENCANAAN DAN KEUANGAN SEKRETARIAT DAERAH - 4.01.5.06.0.00.01.0010,01KJY4B38MWJ0KQQHJ51DRW4Q4,63815176,2026,E-Katalog 6.0,APBD,ALGHIF JAYA,E-Purchasing,Barang,Belanja Alat/Bahan untuk Kegiatan Kantor- Bahan Cetak,PAYMENT OUTSIDE SYSTEM,1498500,1498500
KAB. TANGGAMUS,DINAS PEKERJAAN UMUM DAN PERUMAHAN RAKYAT - 1.03.1.04.2.10.10.0000,01KVA0C0AKPWGC4C6BQS184F4W,66939293,2026,E-Katalog 6.0,APBD,ABID FAMILI,E-Purchasing,Barang,Belanja Alat/Bahan untuk Kegiatan Kantor-Alat Tulis Kantor ( Sekretariat Dinas ),ON PROCESS,13449268,13449268
KAB. TANGGAMUS,"BADAN PERENCANAAN PEMBANGUNAN, RISET DAN INOVASI DAERAH - 5.01.5.05.0.00.01.0000",01KJH9XSP0HRT58JG9WTS232JR,64413159,2026,E-Katalog 6.0,APBD,ALGHIF JAYA,E-Purchasing,Barang,Belanja Alat/Bahan untuk Kegiatan Kantor- Bahan Cetak,PAYMENT OUTSIDE SYSTEM,599400,599400
KAB. TANGGAMUS,BAGIAN PERENCANAAN DAN KEUANGAN SEKRETARIAT DAERAH - 4.01.5.06.0.00.01.0010,01KJY1B5022688T9Y7H2J07S0M,63810575,2026,E-Katalog 6.0,APBD,ALGHIF JAYA,E-Purchasing,Barang,Belanja Alat/Bahan untuk Kegiatan Kantor-Alat Tulis Kantor ,PAYMENT OUTSIDE SYSTEM,1016760,1016760
KAB. TANGGAMUS,DINAS PEKERJAAN UMUM DAN PERUMAHAN RAKYAT - 1.03.1.04.2.10.10.0000,10111691000,64304521,2026,Tender,APBD,CV.SRI SADANA,Seleksi,Jasa Konsultansi Badan Usaha Konstruksi,Perencanaan Teknis Pemeliharaan Berkala Wilayah Utara,SELESAI,187723200,187723200
KAB. TANGGAMUS,DINAS PARIWISATA DAN KEBUDAYAAN - 3.26.2.22.2.19.02.0000,01KRWZND3WMJ97S183W1P50K1W,66773524,2026,E-Katalog 6.0,APBD,LANGGENG JAYA TANGGAMUS,E-Purchasing,Barang,Belanja ATK,PAYMENT OUTSIDE SYSTEM,1112220,1112220
KAB. TANGGAMUS,DINAS PARIWISATA DAN KEBUDAYAAN - 3.26.2.22.2.19.02.0000,01KMMH2A1V1V77A1RGKZ55HR41,64333615,2026,E-Katalog 6.0,APBD,LANGGENG JAYA TANGGAMUS,E-Purchasing,Barang,Belanja Bahan Cetak,PAYMENT OUTSIDE SYSTEM,55389,55389
KAB. TANGGAMUS,SEKRETARIAT DPRD - 4.02.0.00.0.00.01.0000,01KMM3DSGERW7SZSJEJZTGPQ3P,63313099,2026,E-Katalog 6.0,APBD,RIZKY PRATAMA MANDIRI KAUR,E-Purchasing,Jasa Lainnya," Belanja Langganan Jurnal/Surat Kabar/Majalah",PAYMENT OUTSIDE SYSTEM,950000,950000
KAB. TANGGAMUS,BAGIAN UMUM SEKRETARIAT DAERAH - 4.01.5.06.0.00.01.0007,01KHWVQX88YS2KN704DHHDF89N,65741711,2026,E-Katalog 6.0,APBD,SWARA ANTAR NUSA,E-Purchasing,Jasa Lainnya,Belanja Pakaian Sipil Lengkap (PSL) Bupati dan Wakil Bupati,PAYMENT OUTSIDE SYSTEM,20700000,20700000
KAB. TANGGAMUS,DINAS PARIWISATA DAN KEBUDAYAAN - 3.26.2.22.2.19.02.0000,01KVA9RQSR350CB22QAHH7R5AM,66773270,2026,E-Katalog 6.0,APBD,AN-NISA,E-Purchasing,Barang,Belanja Makanan dan Minuman Rapat,ON PROCESS,3272000,3272000
KAB. TANGGAMUS,"BADAN PERENCANAAN PEMBANGUNAN, RISET DAN INOVASI DAERAH - 5.01.5.05.0.00.01.0000",01KTNGFDECDTVB4F1V27J6GJWF,64540920,2026,E-Katalog 6.0,APBD,BERTIGA JAYA,E-Purchasing,Jasa Lainnya,Belanja Pemeliharaan Alat Kantor dan Rumah Tangga-Alat Rumah Tangga-Alat Pendingin,ON PROCESS,2997000,2997000
KAB. TANGGAMUS,BAGIAN KESEJAHTERAAN RAKYAT SEKRETARIAT DAERAH - 4.01.5.06.0.00.01.0002,01KQXTESY8VPTX7EXY68JK7GHF,63739954,2026,E-Katalog 6.0,APBD,SWARA ANTAR NUSA,E-Purchasing,Jasa Lainnya,Belanja Sewa Peralatan Studio Audio,ON PROCESS,5850000,5850000
KAB. TANGGAMUS,BAGIAN UMUM SEKRETARIAT DAERAH - 4.01.5.06.0.00.01.0007,01KHWVGYJ1D7CD5YK1CZJ4MWA9,65473552,2026,E-Katalog 6.0,APBD,SWARA ANTAR NUSA,E-Purchasing,Barang,Belanja Pakaian Sipil Harian (PSH) Bupati dan Wakil Bupati,PAYMENT OUTSIDE SYSTEM,14700000,14700000
KAB. TANGGAMUS,SEKRETARIAT DPRD - 4.02.0.00.0.00.01.0000,01KNRG3054WS2X66G2HEXPV291,63313099,2026,E-Katalog 6.0,APBD,JAWAPES INDONESIA SEMESTA,E-Purchasing,Jasa Lainnya," Belanja Langganan Jurnal/Surat Kabar/Majalah",PAYMENT OUTSIDE SYSTEM,950000,950000
KAB. TANGGAMUS,DINAS LINGKUNGAN HIDUP - 2.11.0.00.0.00.01.0000,10767312000,63796449,2026,Non Tender,APBD,CV. MUSI TERANG,Pengadaan Langsung,Jasa Konsultansi Badan Usaha Non Konstruksi,Penyusunan DIKPLHD,SELESAI,29527110,29527110
KAB. TANGGAMUS,DINAS KOMUNIKASI DAN INFORMATIKA - 2.16.2.20.2.21.04.0000,01KKGMRPW9QB473F21A0Z54HCA,66007827,2026,E-Katalog 6.0,APBD,FAJAR INTERMEDIA UTAMA,E-Purchasing,Jasa Lainnya,Belanja Langganan Jurnal/Surat Kabar/Majalah,ON PROCESS,4750000,4750000
KAB. TANGGAMUS,BAGIAN PERENCANAAN DAN KEUANGAN SEKRETARIAT DAERAH - 4.01.5.06.0.00.01.0010,01KWEDNXNF4MWYKRGFYQ7WC6XY,63791094,2026,E-Katalog 6.0,APBD,ALGHIF JAYA,E-Purchasing,Barang,Belanja Alat/Bahan untuk Kegiatan Kantor- Bahan Cetak ,ON PROCESS,2448660,2448660
KAB. TANGGAMUS,SEKRETARIAT DPRD - 4.02.0.00.0.00.01.0000,01KWV1NW9VMWCGCB98FP81334X,63313099,2026,E-Katalog 6.0,APBD,MEDIA EXPRES NEWS,E-Purchasing,Jasa Lainnya," Belanja Langganan Jurnal/Surat Kabar/Majalah",ON PROCESS,2850000,2850000
KAB. TANGGAMUS,BAGIAN UMUM SEKRETARIAT DAERAH - 4.01.5.06.0.00.01.0007,01KJF5XFB4FDS0XX0EG2DDHQKC,63545215,2026,E-Katalog 6.0,APBD,EFIKA REZA,E-Purchasing,Barang,Belanja Tangga Lipat / Teleskopik panjang 8 Meter,PAYMENT OUTSIDE SYSTEM,14333306,14333306
KAB. TANGGAMUS,PUSKESMAS NGARIP - 1.02.0.00.0.00.01.0012,01KTJXM7MTA4P6HMJ6X5W3VAZ1,65732321,2026,E-Katalog 6.0,APBD,PUTRA TEKNIK,E-Purchasing,Barang,Pelayanan dan Penunjang Pelayanan BLUD,COMPLETED,4198020,4198020
KAB. TANGGAMUS,DINAS PEMUDA DAN OLAHRAGA - 2.19.0.00.0.00.01.0000,01KWTMT5NRZHGH394ND7295VBQ,65085172,2026,E-Katalog 6.0,APBD,MELATI JAYA CATERING,E-Purchasing,Jasa Lainnya,Belanja Makanan dan Minuman Jamuan Tamu,ON PROCESS,900000,900000
KAB. TANGGAMUS,BAGIAN HUKUM SEKRETARIAT DAERAH - 4.01.5.06.0.00.01.0003,01KRDKNZ90KMQ1X26209ND5BYC,63583388,2026,E-Katalog 6.0,APBD,WE DHE WE,E-Purchasing,Barang,BELANJA ALAT TULIS KANTOR,PAYMENT OUTSIDE SYSTEM,715950,715950
KAB. TANGGAMUS,SEKRETARIAT DPRD - 4.02.0.00.0.00.01.0000,01KWH60WSJ3J55F77FSEAG559N,63313099,2026,E-Katalog 6.0,APBD,AGUNG MEDIA BERJAYA,E-Purchasing,Jasa Lainnya," Belanja Langganan Jurnal/Surat Kabar/Majalah",ON PROCESS,4750000,4750000
KAB. TANGGAMUS,DINAS KOMUNIKASI DAN INFORMATIKA - 2.16.2.20.2.21.04.0000,01KKGPTPGCH7693ZJF9C59A74D,66007827,2026,E-Katalog 6.0,APBD,HASUMBA JAYA PRATAMA,E-Purchasing,Jasa Lainnya,Belanja Langganan Jurnal/Surat Kabar/Majalah,ON PROCESS,4750000,4750000
KAB. TANGGAMUS,SEKRETARIAT DPRD - 4.02.0.00.0.00.01.0000,01KKTVMMY0PDNXSPB2H0GF3HQH,63313099,2026,E-Katalog 6.0,APBD,DANIEL PUETRA PERTAMA,E-Purchasing,Jasa Lainnya," Belanja Langganan Jurnal/Surat Kabar/Majalah",PAYMENT OUTSIDE SYSTEM,2850000,2850000
KAB. TANGGAMUS,BADAN PENDAPATAN DAERAH - 5.02.0.00.0.00.02.0000,01KJPQSQ5D5KM3PJ2254FKDQWC,64012045,2026,E-Katalog 6.0,APBD,AIYRHA JAYA,E-Purchasing,Barang,Belanja Alat /Bahan Untuk Kegiatan Kantor - Alat Tulis Kantor,PAYMENT OUTSIDE SYSTEM,17678550,17678550
KAB. TANGGAMUS,PLT.DINAS KESEHATAN - 1.02.0.00.0.00.01.0000,01KNGH1VNXZ2C34VCERTTHD4G8,65110394,2026,E-Katalog 6.0,APBD,NOVAPHARIN,E-Purchasing,Barang,Pengadaan Obat Pelayanan Kesehatan Dasar (DAK),ON PROCESS,52447500,52447500
KAB. TANGGAMUS,SEKRETARIAT DPRD - 4.02.0.00.0.00.01.0000,01KMM3QJX4XHGBRKSNCK4AYZHF,63313099,2026,E-Katalog 6.0,APBD,MEDIA PEWARTA SENUSANTARA,E-Purchasing,Jasa Lainnya," Belanja Langganan Jurnal/Surat Kabar/Majalah",PAYMENT OUTSIDE SYSTEM,950000,950000
KAB. TANGGAMUS,BADAN KEPEGAWAIAN DAN PENGEMBANGAN SUMBER DAYA MANUSIA - 5.03.5.04.0.00.01.0000,01KWED2D3BS2DCND4K5SZZDE4T,63087182,2026,E-Katalog 6.0,APBD,ABID FAMILI,E-Purchasing,Barang,Belanja Alat/Bahan untuk Kegiatan Kantor-Alat Listrik,ON PROCESS,4535460,4535460
KAB. TANGGAMUS,DINAS KOMUNIKASI DAN INFORMATIKA - 2.16.2.20.2.21.04.0000,01KNKATM6RQYBDYRSGMX31PP7V,66007827,2026,E-Katalog 6.0,APBD,DEWA MEDIA INVESTAMA,E-Purchasing,Jasa Lainnya,Belanja Langganan Jurnal/Surat Kabar/Majalah,ON PROCESS,4750000,4750000
KAB. TANGGAMUS,DINAS KOMUNIKASI DAN INFORMATIKA - 2.16.2.20.2.21.04.0000,01KKJH0MS63EAKE3SHRDS9GKPG,66007827,2026,E-Katalog 6.0,APBD,YOBEL IRENE MEDIA,E-Purchasing,Jasa Lainnya,Belanja Langganan Jurnal/Surat Kabar/Majalah,ON PROCESS,4750000,4750000
KAB. TANGGAMUS,BADAN PENDAPATAN DAERAH - 5.02.0.00.0.00.02.0000,01KVWDSA6KKKSE98K3CFT7DEJP,64238626,2026,E-Katalog 6.0,APBD,AIYRHA JAYA,E-Purchasing,Barang,Belanja Alat /Bahan Untuk Kegiatan Kantor - Alat Tulis Kantor,ON PROCESS,1963146,1963146
KAB. TANGGAMUS,SEKRETARIAT DPRD - 4.02.0.00.0.00.01.0000,01KWVP8YMB8ABEN8SRH9GM9SQH,63313099,2026,E-Katalog 6.0,APBD,MENGGALA MEDIA GLOBAL,E-Purchasing,Jasa Lainnya," Belanja Langganan Jurnal/Surat Kabar/Majalah",ON PROCESS,2850000,2850000
KAB. TANGGAMUS,SEKRETARIAT DPRD - 4.02.0.00.0.00.01.0000,01KMQ5JKKMD6VC09Y6QKFESYV6,63313099,2026,E-Katalog 6.0,APBD,HIKMAH KIRANA FATRIALIS,E-Purchasing,Jasa Lainnya," Belanja Langganan Jurnal/Surat Kabar/Majalah",PAYMENT OUTSIDE SYSTEM,285000,285000
KAB. TANGGAMUS,DINAS PEKERJAAN UMUM DAN PERUMAHAN RAKYAT - 1.03.1.04.2.10.10.0000,10810676000,65495818,2026,Non Tender,APBD,cv. arazaak konsultan,Pengadaan Langsung,Jasa Konsultansi Badan Usaha Non Konstruksi,Survei Kondisi Jalan Wilayah 1,SELESAI,99193929,99193929
KAB. TANGGAMUS,SEKRETARIAT DPRD - 4.02.0.00.0.00.01.0000,01KWKFFXER8MZFD04Q7FSZAHNT,63313099,2026,E-Katalog 6.0,APBD,BINTANG ADHYAKSA JAYA,E-Purchasing,Jasa Lainnya," Belanja Langganan Jurnal/Surat Kabar/Majalah",ON PROCESS,4750000,4750000
KAB. TANGGAMUS,SEKRETARIAT DPRD - 4.02.0.00.0.00.01.0000,01KWJYHHQA5Q4QWDA7RDWFSVE5,63313099,2026,E-Katalog 6.0,APBD,ANDAN JEJAMA MULTIMEDIA INDONESIA,E-Purchasing,Jasa Lainnya," Belanja Langganan Jurnal/Surat Kabar/Majalah",ON PROCESS,4750000,4750000
KAB. TANGGAMUS,SEKRETARIAT DPRD - 4.02.0.00.0.00.01.0000,01KKTR5FEC96Y87ZYJQ68Z4BGG,63313099,2026,E-Katalog 6.0,APBD,JEA INVESTASI FAMILI,E-Purchasing,Jasa Lainnya," Belanja Langganan Jurnal/Surat Kabar/Majalah",PAYMENT OUTSIDE SYSTEM,1900000,1900000
KAB. TANGGAMUS,"BADAN PERENCANAAN PEMBANGUNAN, RISET DAN INOVASI DAERAH - 5.01.5.05.0.00.01.0000",01KJHAA1RX162PZVDT7JEV967K,64418968,2026,E-Katalog 6.0,APBD,ALGHIF JAYA,E-Purchasing,Barang,Belanja Alat/Bahan untuk Kegiatan Kantor- Bahan Cetak,PAYMENT OUTSIDE SYSTEM,749250,749250
KAB. TANGGAMUS,BADAN KEPEGAWAIAN DAN PENGEMBANGAN SUMBER DAYA MANUSIA - 5.03.5.04.0.00.01.0000,01KS6SFH3JWWYGCBWBD41VMDFK,63294153,2026,E-Katalog 6.0,APBD,CV Solusi Arya Prima Lampung,E-Purchasing,Barang,Belanja Modal Alat Pendingin,PAYMENT OUTSIDE SYSTEM,63999992,63999992
KAB. TANGGAMUS,DINAS PENDIDIKAN DAN KEBUDAYAAN - 1.01.2.22.0.00.02.0000,01KVD0MT2XX5XEWDFR0SAE7FP2,67300125,2026,E-Katalog 6.0,APBD,LANGGENG JAYA TANGGAMUS,E-Purchasing,Barang,Belanja Album Foto Kegiatan Workshop Koding dan Kecerdasan Artifisial ( KKA ),ON PROCESS,294150,294150
KAB. TANGGAMUS,SEKRETARIAT DPRD - 4.02.0.00.0.00.01.0000,01KPATD71R3YSGJEC9KVABTKHK,63294788,2026,E-Katalog 6.0,APBD,MANDALA WANGI INDONESIA,E-Purchasing,Barang,Perlengkapan Kantor,PAYMENT OUTSIDE SYSTEM,2449770,2449770
KAB. TANGGAMUS,PUSKESMAS SIRING BETIK - 1.02.0.00.0.00.01.0002,01KVHP7FRN409ENRTRHA15ECPY,67073218,2026,E-Katalog 6.0,APBD,ALFA QINAN ANUGERAH MANDIRI,E-Purchasing,Barang,Belanja Barang dan Jasa,COMPLETED,6893100,6893100
KAB. TANGGAMUS,DINAS PEKERJAAN UMUM DAN PERUMAHAN RAKYAT - 1.03.1.04.2.10.10.0000,01KSF5ZXPKR1VZ2TQ0PY4Z7VGS,66821808,2026,E-Katalog 6.0,APBD,DHAVIN UTAMA,E-Purchasing,Barang,Pengadaan Air Conditioner ( AC ) Dinas PUPR Kab. Tanggamus,ON PROCESS,40515000,40515000
KAB. TANGGAMUS,SEKRETARIAT DPRD - 4.02.0.00.0.00.01.0000,01KWKNG2BND0ZZWKF364S2D78Z,63313099,2026,E-Katalog 6.0,APBD,MEDIA INFO SOSIAL,E-Purchasing,Jasa Lainnya," Belanja Langganan Jurnal/Surat Kabar/Majalah",ON PROCESS,1425000,1425000
KAB. TANGGAMUS,BAGIAN UMUM SEKRETARIAT DAERAH - 4.01.5.06.0.00.01.0007,01KPWG4CZT3AJ2XG6G5NBRE1ZK,65478007,2026,E-Katalog 6.0,APBD,SWARA ANTAR NUSA,E-Purchasing,Jasa Lainnya,"Belanja Pakaian Dinas Harian (PDH) Sekretaris Daerah, Assisten dan Staf Ahli",PAYMENT OUTSIDE SYSTEM,4900000,4900000
KAB. TANGGAMUS,SEKRETARIAT DPRD - 4.02.0.00.0.00.01.0000,01KKTDPEPND0Y76H22RTJX43FT,63313099,2026,E-Katalog 6.0,APBD,MEDIA SANDI INFORMASI,E-Purchasing,Jasa Lainnya," Belanja Langganan Jurnal/Surat Kabar/Majalah",PAYMENT OUTSIDE SYSTEM,4750000,4750000
KAB. TANGGAMUS,DINAS LINGKUNGAN HIDUP - 2.11.0.00.0.00.01.0000,01KG6BCABRCRA14513SMVZ2KZH,63957644,2026,E-Katalog 6.0,APBD,CAHAYA PRATAMA TANGGAMUS,E-Purchasing,Jasa Lainnya,Belanja Barang untuk Dijual/Diserahkan Kepada Pihak Ketiga/Pihak Lain- Belanja Jasa Pegawai Kebersihan Outsortcing,ON PROCESS,237885540,237885540
KAB. TANGGAMUS,SEKRETARIAT DPRD - 4.02.0.00.0.00.01.0000,01KKTXMRCM0C02WR382YCPY9BZ,63313099,2026,E-Katalog 6.0,APBD,PAYUNG TEDUH MEDIA LAMPUNG,E-Purchasing,Jasa Lainnya," Belanja Langganan Jurnal/Surat Kabar/Majalah",PAYMENT OUTSIDE SYSTEM,2850000,2850000
KAB. TANGGAMUS,SEKRETARIAT DPRD - 4.02.0.00.0.00.01.0000,01KKTR2YNKXGV3Q9H1DZT4NKQ1,63313099,2026,E-Katalog 6.0,APBD,DJADIN PANTAU MEDIA,E-Purchasing,Jasa Lainnya," Belanja Langganan Jurnal/Surat Kabar/Majalah",PAYMENT OUTSIDE SYSTEM,1900000,1900000
KAB. TANGGAMUS,PUSKESMAS SUMBEREJO - 1.02.0.00.0.00.01.0025,01KWYGNP2SP5N84SE0EMTQ54RH,66863683,2026,E-Katalog 6.0,APBD,ABDUL AZIS,E-Purchasing,Barang,Jamuan Snack,ON PROCESS,540000,540000
KAB. TANGGAMUS,INSPEKTORAT DAERAH - 6.01.0.00.0.00.01.0000,01KV50PKPJABVW9Q3W3Q47M091,66911211,2026,E-Katalog 6.0,APBD,BINTANG JAGAT,E-Purchasing,Barang,Belanja Modal Mebel,ON PROCESS,6393600,6393600
KAB. TANGGAMUS,PLT.DINAS KESEHATAN - 1.02.0.00.0.00.01.0000,01KK0KRW5GZ477D99XSN5M0HBW,65191812,2026,E-Katalog 6.0,APBD,ABID FAMILI,E-Purchasing,Barang,Belanja Alat/Bahan untuk Kegiatan Kantor- Bahan Cetak subkegiatan  Koordinasi dan Penyusunan Dokumen RKA-SKPD,PAYMENT OUTSIDE SYSTEM,7192800,7192800
KAB. TANGGAMUS,DINAS KOMUNIKASI DAN INFORMATIKA - 2.16.2.20.2.21.04.0000,01KRZBTA8QZV0Z92H7XN7NRVPY,66007827,2026,E-Katalog 6.0,APBD,MEDIA SABANA LAMPUNG,E-Purchasing,Jasa Lainnya,Belanja Langganan Jurnal/Surat Kabar/Majalah,ON PROCESS,2850000,2850000
KAB. TANGGAMUS,SEKRETARIAT DPRD - 4.02.0.00.0.00.01.0000,01KWXS57FBMMK8KGR6YMWKTMYS,63313099,2026,E-Katalog 6.0,APBD,MEDIA RADAR BANGSA,E-Purchasing,Jasa Lainnya," Belanja Langganan Jurnal/Surat Kabar/Majalah",ON PROCESS,1900000,1900000
KAB. TANGGAMUS,BAGIAN PEREKONOMIAN DAN SUMBER DAYA ALAM SEKRETARIAT DAERAH - 4.01.5.06.0.00.01.0005,01KJ9WMQ0KRMA4SXHHRC7G71ZX,63946193,2026,E-Katalog 6.0,APBD,LANGGENG JAYA TANGGAMUS,E-Purchasing,Barang,Belanja Alat Tulis Kantor (ATK) Kegiatan BUMD dan BLUD,PAYMENT OUTSIDE SYSTEM,2216670,2216670
KAB. TANGGAMUS,DINAS PENDIDIKAN DAN KEBUDAYAAN - 1.01.2.22.0.00.02.0000,01KRZFDY3NFSVEV2Z7ZPCDMWJG,67142850,2026,E-Katalog 6.0,APBD,BERTIGA JAYA,E-Purchasing,Barang,Belanja Alat/Bahan untuk Kegiatan Kantor- Bahan Cetak,ON PROCESS,3205125,3205125
KAB. TANGGAMUS,BAGIAN UMUM SEKRETARIAT DAERAH - 4.01.5.06.0.00.01.0007,01KPAPK88RAN8VT88E1P7AF935,66921416,2026,E-Katalog 6.0,APBD,ALKHAIRA PUSTAKA ABADI,E-Purchasing,Barang,Belanja vacum cleaner Kering & Basah Kantor Setdakab,PAYMENT OUTSIDE SYSTEM,10656000,10656000
KAB. TANGGAMUS,BAGIAN UMUM SEKRETARIAT DAERAH - 4.01.5.06.0.00.01.0007,01KPARZ8AQN6GSAYCBD7D2MM1P,66926918,2026,E-Katalog 6.0,APBD,ZIDAN PRATAMA,E-Purchasing,Barang,Perlengkapan  Sound Sistem Kantor Setdakab,PAYMENT OUTSIDE SYSTEM,49839000,49839000
KAB. TANGGAMUS,SEKRETARIAT DPRD - 4.02.0.00.0.00.01.0000,01KMM53CZ5WD2TBVRXWKFRRFTJ,63313099,2026,E-Katalog 6.0,APBD,PEWARTA GROUP MEDIA NUSANTARA,E-Purchasing,Jasa Lainnya," Belanja Langganan Jurnal/Surat Kabar/Majalah",PAYMENT OUTSIDE SYSTEM,950000,950000
KAB. TANGGAMUS,SEKRETARIAT DPRD - 4.02.0.00.0.00.01.0000,01KPMSM8GVZM79XJ25SPBR0EAK,62815935,2026,E-Katalog 6.0,APBD,EFIKA REZA,E-Purchasing,Barang,Belanja Alat/Bahan untuk Kegiatan Kantor-Alat Listrik,ON PROCESS,24475500,24475500
KAB. TANGGAMUS,DINAS KEPENDUDUKAN DAN PENCATATAN SIPIL - 2.12.2.12.0.00.01.0000,01KJ98JZ4WANC8G0GDM2P3J8Q2,62900567,2026,E-Katalog 6.0,APBD,SIK ESA MULTINDO,E-Purchasing,Barang," Belanja Ribbon Fargo KTP-el",PAYMENT OUTSIDE SYSTEM,322158075,0
KAB. TANGGAMUS,SEKRETARIAT DPRD - 4.02.0.00.0.00.01.0000,01KMYKM0Q6KTSZ7F0YKRV558RF,63313099,2026,E-Katalog 6.0,APBD,SINAR INFORMASI PUBLIK,E-Purchasing,Jasa Lainnya," Belanja Langganan Jurnal/Surat Kabar/Majalah",PAYMENT OUTSIDE SYSTEM,1900000,1900000
KAB. TANGGAMUS,PUSKESMAS GISTING - 1.02.0.00.0.00.01.0016,01KVW3RZD9KMJTCKWQY3ZTYC50,66810700,2026,E-Katalog 6.0,APBD,PIM PHARMACEUTICALS,E-Purchasing,Barang,Belanja Barang dan Jasa BLUD,COMPLETED,1422354,1422354
KAB. TANGGAMUS,BAGIAN UMUM SEKRETARIAT DAERAH - 4.01.5.06.0.00.01.0007,01KSEYAKY5WW2AFHNA1BX0RTR6,67162183,2026,E-Katalog 6.0,APBD,ARIHANKA MANDIRI,E-Purchasing,Barang,Belanja Pengadaan Kursi Stanlis + Sarung untuk Acara Kedinasan,PAYMENT OUTSIDE SYSTEM,64380000,64380000
KAB. TANGGAMUS,PLT.DINAS KESEHATAN - 1.02.0.00.0.00.01.0000,01KK0MEF5AK1SY7210HNE9EQHX,65191592,2026,E-Katalog 6.0,APBD,ABID FAMILI,E-Purchasing,Barang,Belanja Alat/Bahan untuk Kegiatan Kantor- Bahan Cetak Subkeg. Penyusunan Dokumen Perencanaan Perangkat Daerah,PAYMENT OUTSIDE SYSTEM,4195800,4195800
KAB. TANGGAMUS,DINAS PEMUDA DAN OLAHRAGA - 2.19.0.00.0.00.01.0000,01KJC800RZ4NMMJFN1VXWAQPNH,65023413,2026,E-Katalog 6.0,APBD,LANGGENG JAYA TANGGAMUS,E-Purchasing,Jasa Lainnya,Belanja Alat/Bahan untuk Kegiatan Kantor- Bahan Cetak,PAYMENT OUTSIDE SYSTEM,2375400,2375400
KAB. TANGGAMUS,DINAS PENDIDIKAN DAN KEBUDAYAAN - 1.01.2.22.0.00.02.0000,01KT38PPMYSGCA7Z26GW6MXTD2,67125103,2026,E-Katalog 6.0,APBD,AN-NISA,E-Purchasing,Barang,Belanja Makanan dan Minuman Jamuan Tamu,ON PROCESS,1958000,1958000
KAB. TANGGAMUS,SEKRETARIAT DPRD - 4.02.0.00.0.00.01.0000,01KWVXHXZ499MPAGH23BK0R8V1,63313099,2026,E-Katalog 6.0,APBD,MEDIA SEMBILAN BERJAYA,E-Purchasing,Jasa Lainnya," Belanja Langganan Jurnal/Surat Kabar/Majalah",ON PROCESS,285000,285000
KAB. TANGGAMUS,DINAS KOMUNIKASI DAN INFORMATIKA - 2.16.2.20.2.21.04.0000,01KPA3TP1RZ3CPCCJZGCZGTD5B,66007827,2026,E-Katalog 6.0,APBD,HEADLINE MULTIMEDIA LAMPUNG,E-Purchasing,Jasa Lainnya,Belanja Langganan Jurnal/Surat Kabar/Majalah,ON PROCESS,4750000,4750000
KAB. TANGGAMUS,DINAS KEPENDUDUKAN DAN PENCATATAN SIPIL - 2.12.2.12.0.00.01.0000,01KJPR7Y7VET74VXEKAEHT96M4,62902206,2026,E-Katalog 6.0,APBD,SEPAKAT TEKNOLOGI NUSANTARA,E-Purchasing,Barang,Belanja Modal Personal Computer,PAYMENT OUTSIDE SYSTEM,52164450,52164450
KAB. TANGGAMUS,BAGIAN ORGANISASI SEKRETARIAT DAERAH - 4.01.5.06.0.00.01.0008,01KWGZ4KKYN5N10B72XTD9ZSGW,63360027,2026,E-Katalog 6.0,APBD,WE DHE WE,E-Purchasing,Barang,Belanja Alat/Bahan untuk Kegiatan Kantor-Alat Tulis Kantor,ON PROCESS,4129200,4129200
KAB. TANGGAMUS,SEKRETARIAT DPRD - 4.02.0.00.0.00.01.0000,01KWH4RZW21X243QYAJFVA2EX5,63313099,2026,E-Katalog 6.0,APBD,GEMA BERITA NUSANTARA,E-Purchasing,Jasa Lainnya," Belanja Langganan Jurnal/Surat Kabar/Majalah",ON PROCESS,4750000,4750000
KAB. TANGGAMUS,BAGIAN UMUM SEKRETARIAT DAERAH - 4.01.5.06.0.00.01.0007,01KKK58QYWA6YGKNVEKS0DFFH6,66365316,2026,E-Katalog 6.0,APBD,HARIA FITRI. S,E-Purchasing,Jasa Lainnya,Belanja Pemeliharaan Alat Angkutan-Alat Angkutan Darat Bermotor-Kendaraan,PAYMENT OUTSIDE SYSTEM,18280000,18280000
KAB. TANGGAMUS,DINAS PENDIDIKAN DAN KEBUDAYAAN - 1.01.2.22.0.00.02.0000,01KQXJ2QD6DHP5DC3NXR7EE8X4,66008637,2026,E-Katalog 6.0,APBD,BERTIGA JAYA,E-Purchasing,Barang,Belanja Biaya Bahan Cetak,ON PROCESS,41835900,41835900
KAB. TANGGAMUS,PLT.DINAS KESEHATAN - 1.02.0.00.0.00.01.0000,01KQBQ18ST6BFW2Q3W6SMGJKXE,67007662,2026,E-Katalog 6.0,APBD,ALGHIF JAYA,E-Purchasing,Barang,Belanja Alat/Bahan untuk Kegiatan Kantor- Bahan Cetak Subkegiatan  Pengelolaan Pelayanan Kesehatan Penderita Diabetes Melitus,PAYMENT OUTSIDE SYSTEM,959040,959040
KAB. TANGGAMUS,PLT.DINAS KESEHATAN - 1.02.0.00.0.00.01.0000,01KTVHJCEYZ1DQYEDVK2SFE4CA,67293849,2026,E-Katalog 6.0,APBD,SOWAN RAGA INTI LAMPUNG,E-Purchasing,Barang,Belanja Modal Kursi Lipat ,ON PROCESS,7992500,7992500
KAB. TANGGAMUS,SEKRETARIAT DPRD - 4.02.0.00.0.00.01.0000,01KKTDY5754ZXV2F0BYHHW2Y88,63313099,2026,E-Katalog 6.0,APBD,MEDIA INDEPENDEN MANDIRI,E-Purchasing,Jasa Lainnya," Belanja Langganan Jurnal/Surat Kabar/Majalah",PAYMENT OUTSIDE SYSTEM,4750000,4750000
KAB. TANGGAMUS,BAGIAN UMUM SEKRETARIAT DAERAH - 4.01.5.06.0.00.01.0007,01KKDFZ9GZEYMAZ13CVTAN3T3A,65478836,2026,E-Katalog 6.0,APBD,SWARA ANTAR NUSA,E-Purchasing,Jasa Lainnya,"Belanja Pakaian Olah Raga, Sekretaris Daerah, Assisten dan Staf Ahli",PAYMENT OUTSIDE SYSTEM,6000000,6000000
KAB. TANGGAMUS,"BADAN PERENCANAAN PEMBANGUNAN, RISET DAN INOVASI DAERAH - 5.01.5.05.0.00.01.0000",01KJVV6BYGSW2WVKWH2N1EVQQ8,64118061,2026,E-Katalog 6.0,APBD,ABID FAMILI,E-Purchasing,Barang,"Belanja Alat/Bahan untuk Kegiatan Kantor - Bahan Cetak - Sub Kegiatan Analisis Kondisi Daerah, Permasalahan, dan Isu Strategis Pembangunan Daerah (PMPEPD)",PAYMENT OUTSIDE SYSTEM,2999975,2999975
KAB. TANGGAMUS,SEKRETARIAT DPRD - 4.02.0.00.0.00.01.0000,01KG7HN4ZPXY33NTWYQBHZYB6K,62816507,2026,E-Katalog 6.0,APBD,EFIKA REZA,E-Purchasing,Barang," Belanja Makanan dan Minuman Jamuan Tamu",ON PROCESS,268672960,268672960
KAB. TANGGAMUS,BAGIAN PERENCANAAN DAN KEUANGAN SEKRETARIAT DAERAH - 4.01.5.06.0.00.01.0010,01KJY0W33Q746T93NET08872VE,63793124,2026,E-Katalog 6.0,APBD,ALGHIF JAYA,E-Purchasing,Barang,Belanja Alat/Bahan untuk Kegiatan Kantor-Alat Tulis Kantor ,PAYMENT OUTSIDE SYSTEM,633477,633477
KAB. TANGGAMUS,SEKRETARIAT DPRD - 4.02.0.00.0.00.01.0000,01KMQ6593Z50AS081K1BWYGWPE,63313099,2026,E-Katalog 6.0,APBD,RIZKI ARYA MEDIA,E-Purchasing,Jasa Lainnya," Belanja Langganan Jurnal/Surat Kabar/Majalah",PAYMENT OUTSIDE SYSTEM,285000,285000
KAB. TANGGAMUS,BAGIAN PERENCANAAN DAN KEUANGAN SEKRETARIAT DAERAH - 4.01.5.06.0.00.01.0010,01KPQBJDSGHAE1NDR50QMHGWP7,63810575,2026,E-Katalog 6.0,APBD,ALGHIF JAYA,E-Purchasing,Barang,Belanja Alat/Bahan untuk Kegiatan Kantor-Alat Tulis Kantor ,PAYMENT OUTSIDE SYSTEM,1067154,1067154
KAB. TANGGAMUS,PUSKESMAS SUMBEREJO - 1.02.0.00.0.00.01.0025,01KT39R4PNERRFVJBDX6ZJE2TY,66938739,2026,E-Katalog 6.0,APBD,ABDUL AZIS,E-Purchasing,Barang,Jamuan Snack,PAYMENT OUTSIDE SYSTEM,171000,171000
KAB. TANGGAMUS,SEKRETARIAT DPRD - 4.02.0.00.0.00.01.0000,01KWXNZEEK6JF0WXFH2TT8QCK7,63313099,2026,E-Katalog 6.0,APBD,PANDAWA CITRA MULTIMEDIA,E-Purchasing,Jasa Lainnya," Belanja Langganan Jurnal/Surat Kabar/Majalah",ON PROCESS,4750000,4750000
KAB. TANGGAMUS,PUSKESMAS TALANG PADANG - 1.02.0.00.0.00.01.0014,01KRG95R6V844DJK30SKJ1K17F,66843549,2026,E-Katalog 6.0,APBD,ABDUL AZIS,E-Purchasing,Jasa Lainnya,Jamuan Makan dan snack,PAYMENT OUTSIDE SYSTEM,6682500,6682500
KAB. TANGGAMUS,PLT.DINAS KESEHATAN - 1.02.0.00.0.00.01.0000,10887965000,65192918,2026,Non Tender,APBD,CV ZIDAN PRATAMA,Pengadaan Langsung,Pekerjaan Konstruksi,Pemeliharaan Gedung Kantor Dinas Kesehatan,SELESAI,24247950,24247950
KAB. TANGGAMUS,BAGIAN ORGANISASI SEKRETARIAT DAERAH - 4.01.5.06.0.00.01.0008,01KWEF8BRR955ABTG4CBZTN56J,63455934,2026,E-Katalog 6.0,APBD,ABDUL AZIS,E-Purchasing,Jasa Lainnya,Belanja Makanan dan Minuman Rapat,ON PROCESS,14580000,14580000
KAB. TANGGAMUS,DINAS PARIWISATA DAN KEBUDAYAAN - 3.26.2.22.2.19.02.0000,01KS84YMK27KKDQYAGW0N2GEYS,64023384,2026,E-Katalog 6.0,APBD,LANGGENG JAYA TANGGAMUS,E-Purchasing,Barang,Belanja Alat/Bahan untuk Kegiatan Kantor- Bahan Cetak,PAYMENT OUTSIDE SYSTEM,64380,64380
KAB. TANGGAMUS,BAGIAN UMUM SEKRETARIAT DAERAH - 4.01.5.06.0.00.01.0007,01KRZT0CYB8FW3562JZSNZJR4S,63587964,2026,E-Katalog 6.0,APBD,LANGGENG JAYA TANGGAMUS,E-Purchasing,Jasa Lainnya,Belanja Cetak Penunjang Kegiatan Kantor,ON PROCESS,4079250,4079250
KAB. TANGGAMUS,DINAS KOMUNIKASI DAN INFORMATIKA - 2.16.2.20.2.21.04.0000,01KRZA7P7CC7GKQE92EVNCK07V,66007827,2026,E-Katalog 6.0,APBD,LENTERA TIMUR ABADI,E-Purchasing,Jasa Lainnya,Belanja Langganan Jurnal/Surat Kabar/Majalah,ON PROCESS,2850000,2850000
KAB. TANGGAMUS,DINAS KOMUNIKASI DAN INFORMATIKA - 2.16.2.20.2.21.04.0000,01KQ71M1PYH4TZB2G2VPZPHPSX,66007827,2026,E-Katalog 6.0,APBD,MEDIA PRIORITAS TIVI,E-Purchasing,Jasa Lainnya,Belanja Langganan Jurnal/Surat Kabar/Majalah,ON PROCESS,855000,855000
KAB. TANGGAMUS,DINAS KOMUNIKASI DAN INFORMATIKA - 2.16.2.20.2.21.04.0000,01KKGTPF6JGS77AJFD5DSSMSHH,66007827,2026,E-Katalog 6.0,APBD,MEDIA WAWAI PERSADA,E-Purchasing,Jasa Lainnya,Belanja Langganan Jurnal/Surat Kabar/Majalah,ON PROCESS,4750000,4750000
KAB. TANGGAMUS,SEKRETARIAT DPRD - 4.02.0.00.0.00.01.0000,01KKTNJPER12GWNSMYP8XTQ7ME,63313099,2026,E-Katalog 6.0,APBD,MEDIA HALUAN LAMPUNG,E-Purchasing,Jasa Lainnya," Belanja Langganan Jurnal/Surat Kabar/Majalah",PAYMENT OUTSIDE SYSTEM,4750000,4750000
KAB. TANGGAMUS,DINAS KOMUNIKASI DAN INFORMATIKA - 2.16.2.20.2.21.04.0000,01KNKAMA4EXA936KWNZA44V8M6,66007827,2026,E-Katalog 6.0,APBD,DAYU SATRIA JAYA ABADI,E-Purchasing,Jasa Lainnya,Belanja Langganan Jurnal/Surat Kabar/Majalah,ON PROCESS,9500000,9500000
KAB. TANGGAMUS,DINAS KOMUNIKASI DAN INFORMATIKA - 2.16.2.20.2.21.04.0000,01KKK7S7K95A8QNRSWCH1ZWY9A,66007827,2026,E-Katalog 6.0,APBD,MEDIA DINAMIKA MGD,E-Purchasing,Jasa Lainnya,Belanja Langganan Jurnal/Surat Kabar/Majalah,ON PROCESS,1900000,1900000
KAB. TANGGAMUS,"BADAN PERENCANAAN PEMBANGUNAN, RISET DAN INOVASI DAERAH - 5.01.5.05.0.00.01.0000",10941868000,67261893,2026,Pencatatan,APBD,,Pengadaan Langsung,Pengadaan Barang,Belanja Alat/Bahan untuk Kegiatan Kantor- Bahan Cetak - Sub Kegiatan Pelaksanaan Musrenbang Kabupaten/Kota (PMPEPD),PAKET SELESAI,3000000,3000000
KAB. TANGGAMUS,DINAS KOMUNIKASI DAN INFORMATIKA - 2.16.2.20.2.21.04.0000,01KRZ5QNA46HGK50FBR7GPH8H5,66007827,2026,E-Katalog 6.0,APBD,MUARA ANTAR BERITA,E-Purchasing,Jasa Lainnya,Belanja Langganan Jurnal/Surat Kabar/Majalah,ON PROCESS,4750000,4750000
KAB. TANGGAMUS,DINAS KOMUNIKASI DAN INFORMATIKA - 2.16.2.20.2.21.04.0000,01KKKM0FF7AJWY26X0DXP0Y3WH,66007827,2026,E-Katalog 6.0,APBD,TRI SATRIA SENTOSA,E-Purchasing,Jasa Lainnya,Belanja Langganan Jurnal/Surat Kabar/Majalah,ON PROCESS,1425000,1425000
KAB. TANGGAMUS,PUSKESMAS TALANG PADANG - 1.02.0.00.0.00.01.0014,01KV40E4P4G6N0VSAYYK7W2Y7Q,66843100,2026,E-Katalog 6.0,APBD,PUTRA TEKNIK,E-Purchasing,Barang,Belanja Barang dan Jasa BLUD,ON PROCESS,9638130,9638130
KAB. TANGGAMUS,BAGIAN HUKUM SEKRETARIAT DAERAH - 4.01.5.06.0.00.01.0003,01KR0F7HQJS0P5YDWEW03SDGWM,63918774,2026,E-Katalog 6.0,APBD,WE DHE WE,E-Purchasing,Barang,BELANJA CETAK,ON PROCESS,70762500,70762500
KAB. TANGGAMUS,DINAS PEMUDA DAN OLAHRAGA - 2.19.0.00.0.00.01.0000,01KJYFFPB63T5W65B5V5MBW971,66228069,2026,E-Katalog 6.0,APBD,SWARA ANTAR NUSA,E-Purchasing,Jasa Lainnya,Belanja Pemeliharaan Alat Kantor dan Rumah Tangga-Alat Rumah Tangga-Alat Pendingin,PAYMENT OUTSIDE SYSTEM,4384000,4384000
KAB. TANGGAMUS,DINAS PARIWISATA DAN KEBUDAYAAN - 3.26.2.22.2.19.02.0000,01KNTQ3GPYS09V7BTSPMWCA5K1,64956070,2026,E-Katalog 6.0,APBD,LANGGENG JAYA TANGGAMUS,E-Purchasing,Barang,Belanja Alat/Bahan untuk Kegiatan Kantor-Bahan cetak,PAYMENT OUTSIDE SYSTEM,2983514,2983514
KAB. TANGGAMUS,SEKRETARIAT DPRD - 4.02.0.00.0.00.01.0000,01KKTE1DB58MD3PRZ3VP9Q6Q7R,63313099,2026,E-Katalog 6.0,APBD,ANTIKA RAYA CHANDRA KIRANA,E-Purchasing,Jasa Lainnya," Belanja Langganan Jurnal/Surat Kabar/Majalah",PAYMENT OUTSIDE SYSTEM,4750000,4750000
KAB. TANGGAMUS,DINAS PARIWISATA DAN KEBUDAYAAN - 3.26.2.22.2.19.02.0000,01KG439TTJYGE26QE8210QW300,64528810,2026,E-Katalog 6.0,APBD,CAHAYA PRATAMA TANGGAMUS,E-Purchasing,Jasa Lainnya,Belanja Jasa yang Diberikan kepada Pihak Ketiga/Pihak Lain,PAYMENT OUTSIDE SYSTEM,107392500,107392500
KAB. TANGGAMUS,SEKRETARIAT DPRD - 4.02.0.00.0.00.01.0000,01KNP0YMTPJ6J81AT0TDXRSZ20,63313099,2026,E-Katalog 6.0,APBD,SAHABAT MEDIA SUMSEL,E-Purchasing,Jasa Lainnya," Belanja Langganan Jurnal/Surat Kabar/Majalah",PAYMENT OUTSIDE SYSTEM,285000,285000
KAB. TANGGAMUS,DINAS PEMUDA DAN OLAHRAGA - 2.19.0.00.0.00.01.0000,01KWH101PK3JRVK4J1M77F48H2,65091428,2026,E-Katalog 6.0,APBD,SWARA ANTAR NUSA,E-Purchasing,Jasa Lainnya,Belanja Sewa Mebel,ON PROCESS,1220000,1220000
KAB. TANGGAMUS,DINAS KOMUNIKASI DAN INFORMATIKA - 2.16.2.20.2.21.04.0000,01KN41KMM2916P60FKZQF1NPJV,66011149,2026,E-Katalog 6.0,APBD,MY ICON TECHNOLOGY,E-Purchasing,Barang,Belanja Modal Personal Computer,ON PROCESS,104157960,104157960
KAB. TANGGAMUS,DINAS KOMUNIKASI DAN INFORMATIKA - 2.16.2.20.2.21.04.0000,01KWZZGEVSH6FM5S7YP36MHAVP,66005396,2026,E-Katalog 6.0,APBD,PRIMA DELTA INDONESIA,E-Purchasing,Jasa Lainnya,"Belanja Jasa Iklan/Reklame, Film, dan Pemotretan",ON PROCESS,19000000,19000000
KAB. TANGGAMUS,PLT.DINAS KESEHATAN - 1.02.0.00.0.00.01.0000,01KK0MSF2JDCF785PRJYB9Q3VX,65191592,2026,E-Katalog 6.0,APBD,ABID FAMILI,E-Purchasing,Barang,Belanja Alat/Bahan untuk Kegiatan Kantor- Bahan Cetak Subkeg. Penyusunan Dokumen Perencanaan Perangkat Daerah,PAYMENT OUTSIDE SYSTEM,6293700,6293700
KAB. TANGGAMUS,DINAS KOMUNIKASI DAN INFORMATIKA - 2.16.2.20.2.21.04.0000,01KKKSD385YKNCGZTX2S7YKA6J,66007827,2026,E-Katalog 6.0,APBD,AFIQA JEA INTERMEDIA,E-Purchasing,Jasa Lainnya,Belanja Langganan Jurnal/Surat Kabar/Majalah,ON PROCESS,285000,285000
KAB. TANGGAMUS,SEKRETARIAT DPRD - 4.02.0.00.0.00.01.0000,01KKTWA6M8J029E5MDTRWS2HPY,63313099,2026,E-Katalog 6.0,APBD,SHAQEERANA WIJAYA MULTIMEDIA,E-Purchasing,Jasa Lainnya," Belanja Langganan Jurnal/Surat Kabar/Majalah",PAYMENT OUTSIDE SYSTEM,2850000,2850000
KAB. TANGGAMUS,DINAS KOMUNIKASI DAN INFORMATIKA - 2.16.2.20.2.21.04.0000,01KKJJ64ZKCSJFCC5WZ8DN56FA,66007827,2026,E-Katalog 6.0,APBD,ALMAHYRA BUGUH WAWAY,E-Purchasing,Jasa Lainnya,Belanja Langganan Jurnal/Surat Kabar/Majalah,ON PROCESS,2850000,2850000
KAB. TANGGAMUS,SEKRETARIAT DPRD - 4.02.0.00.0.00.01.0000,01KNRBWZ6GQ49D5TK6GK5JYPHW,63313099,2026,E-Katalog 6.0,APBD,LAMPUNG JAYA MANDIRI,E-Purchasing,Jasa Lainnya," Belanja Langganan Jurnal/Surat Kabar/Majalah",PAYMENT OUTSIDE SYSTEM,4750000,4750000
KAB. TANGGAMUS,DINAS KOMUNIKASI DAN INFORMATIKA - 2.16.2.20.2.21.04.0000,01KNNZ72FWAKF3ZZJPSJK6JE40,66007827,2026,E-Katalog 6.0,APBD,ALDO SANJAYA INVESTAMA,E-Purchasing,Jasa Lainnya,Belanja Langganan Jurnal/Surat Kabar/Majalah,ON PROCESS,190000,190000
KAB. TANGGAMUS,"BADAN PERENCANAAN PEMBANGUNAN, RISET DAN INOVASI DAERAH - 5.01.5.05.0.00.01.0000",01KQ6M8BJJTJPZP5TZX5CRRSG9,64361340,2026,E-Katalog 6.0,APBD,LANGGENG JAYA TANGGAMUS,E-Purchasing,Jasa Lainnya,Belanja Alat/Bahan untuk Kegiatan Kantor- Bahan Cetak Sub Kegiatan  Koordinasi dan Penyusunan DPA-SKPD,PAYMENT OUTSIDE SYSTEM,3316181,3316181
KAB. TANGGAMUS,SEKRETARIAT DPRD - 4.02.0.00.0.00.01.0000,01KWVR6YG6T2SH3V0Q9043CRHQ,63313099,2026,E-Katalog 6.0,APBD,DWI ANUGERAH LAMPUNG,E-Purchasing,Jasa Lainnya," Belanja Langganan Jurnal/Surat Kabar/Majalah",ON PROCESS,2850000,2850000
KAB. TANGGAMUS,DINAS KOMUNIKASI DAN INFORMATIKA - 2.16.2.20.2.21.04.0000,01KKK1Y0KVF0W7M9TRFZWB6BZE,66007827,2026,E-Katalog 6.0,APBD,PREZZIO MITRA PERDANA,E-Purchasing,Jasa Lainnya,Belanja Langganan Jurnal/Surat Kabar/Majalah,ON PROCESS,2850000,2850000
KAB. TANGGAMUS,SEKRETARIAT DPRD - 4.02.0.00.0.00.01.0000,01KKTNRMP7CECR1RWG32WM9C7C,63313099,2026,E-Katalog 6.0,APBD,BERKAH JAYA MULTI MEDIA INDONESIA PERKASA,E-Purchasing,Jasa Lainnya," Belanja Langganan Jurnal/Surat Kabar/Majalah",PAYMENT OUTSIDE SYSTEM,4750000,4750000
KAB. TANGGAMUS,DINAS KOMUNIKASI DAN INFORMATIKA - 2.16.2.20.2.21.04.0000,01KPMHEZVX50SJM494WEPEWSRZ,66842132,2026,E-Katalog 6.0,APBD,BROTHER MEDIA GROUP,E-Purchasing,Barang,Belanja Alat/Bahan untuk Kegiatan Kantor- Bahan Cetak,ON PROCESS,10805850,10805850
KAB. TANGGAMUS,PLT.DINAS KESEHATAN - 1.02.0.00.0.00.01.0000,01KPD4EDHSFEJ2GB3KZ0GDRVVE,66920497,2026,E-Katalog 6.0,APBD,GEISHA MEDIKA UTAMA,E-Purchasing,Barang,Belanja Modal Alat Kesehatan Puskesmas Pulau Tabuan,ON PROCESS,421056998,421056998
KAB. TANGGAMUS,RUMAH SAKIT UMUM DAERAH BATIN MANGUNANG KOTA AGUNG - 1.02.0.00.0.00.01.0001,01KJF3EQQZP6892VNZRZAQRPVD,63968804,2026,E-Katalog 6.0,APBD,BERNOFARM,E-Purchasing,Barang,Belanja Obat-Obatan-Obat,ON PROCESS,42182220,42182220
KAB. TANGGAMUS,DINAS KOMUNIKASI DAN INFORMATIKA - 2.16.2.20.2.21.04.0000,01KPA89W6KEG3ZPMDY68R8Q6AW,66007827,2026,E-Katalog 6.0,APBD,WAHANA TUBA MULTIMEDIA,E-Purchasing,Jasa Lainnya,Belanja Langganan Jurnal/Surat Kabar/Majalah,ON PROCESS,2850000,2850000
KAB. TANGGAMUS,SEKRETARIAT DPRD - 4.02.0.00.0.00.01.0000,01KWVQN3ZAYTQDJ93HVBZJ7T40,63313099,2026,E-Katalog 6.0,APBD,REALITA LAMPUNG MANDIRI,E-Purchasing,Jasa Lainnya," Belanja Langganan Jurnal/Surat Kabar/Majalah",ON PROCESS,2850000,2850000
KAB. TANGGAMUS,BAGIAN PERENCANAAN DAN KEUANGAN SEKRETARIAT DAERAH - 4.01.5.06.0.00.01.0010,01KPQCMZ970XK9EV74BPN02HHR,63814587,2026,E-Katalog 6.0,APBD,ALGHIF JAYA,E-Purchasing,Barang,Belanja Alat/Bahan untuk Kegiatan Kantor-Alat Tulis Kantor,PAYMENT OUTSIDE SYSTEM,778776,778776
KAB. TANGGAMUS,SEKRETARIAT DPRD - 4.02.0.00.0.00.01.0000,01KWKG4ZZNXJRA9V2DH49TZ447,63313099,2026,E-Katalog 6.0,APBD,MEDIA TANGGAMUS EKSPRES,E-Purchasing,Jasa Lainnya," Belanja Langganan Jurnal/Surat Kabar/Majalah",ON PROCESS,4750000,4750000
KAB. TANGGAMUS,SEKRETARIAT DPRD - 4.02.0.00.0.00.01.0000,01KWXR0RRNAQC0MEHHAAMAPDBZ,63313099,2026,E-Katalog 6.0,APBD,MEDIA ONLINE NEWS TANGGAMUS,E-Purchasing,Jasa Lainnya," Belanja Langganan Jurnal/Surat Kabar/Majalah",ON PROCESS,1900000,1900000
KAB. TANGGAMUS,DINAS PEMUDA DAN OLAHRAGA - 2.19.0.00.0.00.01.0000,01KW8PTFTG4PBEF92PRKAS0AZ5,65080787,2026,E-Katalog 6.0,APBD,LANGGENG JAYA TANGGAMUS,E-Purchasing,Jasa Lainnya,Belanja Alat/Bahan untuk Kegiatan Kantor- Bahan Cetak,ON PROCESS,1466310,1466310
KAB. TANGGAMUS,SEKRETARIAT DPRD - 4.02.0.00.0.00.01.0000,01KPATX87FZV294XJBRFJARGQ3,63312899,2026,E-Katalog 6.0,APBD,MANDALA WANGI INDONESIA,E-Purchasing,Barang," Belanja Perlengkapan Alat Dokumentas",PAYMENT OUTSIDE SYSTEM,17519130,17519130
KAB. TANGGAMUS,DINAS PENDIDIKAN DAN KEBUDAYAAN - 1.01.2.22.0.00.02.0000,01KR0RRRS4EZ17S2WNV1BM9AZT,67030822,2026,E-Katalog 6.0,APBD,BERTIGA JAYA,E-Purchasing,Barang,Belanja Cetak Dokumentasi Sosialisasi Pengembangan Deep Learning dan Coding,PAYMENT OUTSIDE SYSTEM,299700,299700
KAB. TANGGAMUS,RUMAH SAKIT UMUM DAERAH BATIN MANGUNANG KOTA AGUNG - 1.02.0.00.0.00.01.0001,01KEC61NYBR678B3XK7AR7C0RV,62732517,2026,E-Katalog 6.0,APBD,GARUDA HITAM PERKASA,E-Purchasing,Jasa Lainnya,Jasa Outsourching Kebersihan,ON PROCESS,466279276,466279276
KAB. TANGGAMUS,DINAS LINGKUNGAN HIDUP - 2.11.0.00.0.00.01.0000,10834762000,64001610,2026,Non Tender,APBD,CV. BIRAWA,Pengadaan Langsung,Pengadaan Barang,Belanja Modal Pembuatan Papan Peringatan Lingkungan Hidup,SELESAI,49117500,49117500
KAB. TANGGAMUS,BAGIAN UMUM SEKRETARIAT DAERAH - 4.01.5.06.0.00.01.0007,01KKJM47XKW8RHAVKZSP3ESDH9,63626274,2026,E-Katalog 6.0,APBD,MELATI JAYA CATERING,E-Purchasing,Jasa Lainnya,Belanja Makanan Dan Minuman Untuk Acara Open House Hari Raya Idul Fitri,PAYMENT OUTSIDE SYSTEM,54196000,54196000
KAB. TANGGAMUS,SEKRETARIAT DPRD - 4.02.0.00.0.00.01.0000,01KP2TXDX6ZSXM3Q3SC9J8QGDE,66897145,2026,E-Katalog 6.0,APBD,AHON BAKRY AND CAKE,E-Purchasing,Barang,Belanja Makanan dan Minuman Rapat ,ON PROCESS,204706700,204706700
KAB. TANGGAMUS,BAGIAN UMUM SEKRETARIAT DAERAH - 4.01.5.06.0.00.01.0007,01KPAA8V7DFCB7VQF5MEFN955B,63545357,2026,E-Katalog 6.0,APBD,MITRA JASA SEJAHTERA PRINGSEWU,E-Purchasing,Barang,Belanja CCTV Gedung Mespemda,PAYMENT OUTSIDE SYSTEM,14499930,14499930
KAB. TANGGAMUS,BAGIAN UMUM SEKRETARIAT DAERAH - 4.01.5.06.0.00.01.0007,01KGRKKVMXNHRC0E6TNK5XKH2Z,63537680,2026,E-Katalog 6.0,APBD,SWARA ANTAR NUSA,E-Purchasing,Barang,Belanja Pakaian Olah Raga Bupati dan Wakil Bupati,ON PROCESS,4800000,4800000
KAB. TANGGAMUS,SEKRETARIAT DPRD - 4.02.0.00.0.00.01.0000,01KKTRWVP588840R48G9QKANC9,63313099,2026,E-Katalog 6.0,APBD,MEDIA ONLINE NEWS TANGGAMUS,E-Purchasing,Jasa Lainnya," Belanja Langganan Jurnal/Surat Kabar/Majalah",PAYMENT OUTSIDE SYSTEM,1900000,1900000
KAB. TANGGAMUS,DINAS KOMUNIKASI DAN INFORMATIKA - 2.16.2.20.2.21.04.0000,01KNKABD3C2EXBBXQ7MAW124Z6,66007827,2026,E-Katalog 6.0,APBD,CAKRAWALA BILABUNG JANNAH,E-Purchasing,Jasa Lainnya,Belanja Langganan Jurnal/Surat Kabar/Majalah,ON PROCESS,4750000,4750000
KAB. TANGGAMUS,SEKRETARIAT DPRD - 4.02.0.00.0.00.01.0000,01KKTKS137X28KT1D402NVD2Z3,63313099,2026,E-Katalog 6.0,APBD,MEDIA BACA BOS INDONESIA,E-Purchasing,Jasa Lainnya," Belanja Langganan Jurnal/Surat Kabar/Majalah",PAYMENT OUTSIDE SYSTEM,2850000,2850000
KAB. TANGGAMUS,PUSKESMAS SUMBEREJO - 1.02.0.00.0.00.01.0025,01KTFV9S8XGSP6ZDSHTTMVXPVZ,66939201,2026,E-Katalog 6.0,APBD,ABDUL AZIS,E-Purchasing,Barang,Jamuan Snack,PAYMENT OUTSIDE SYSTEM,226550,226550
KAB. TANGGAMUS,SEKRETARIAT DPRD - 4.02.0.00.0.00.01.0000,01KNREF1K8BBZV4T59RXCE20WJ,63313099,2026,E-Katalog 6.0,APBD,NAIRA LAMPUNG PERS,E-Purchasing,Jasa Lainnya," Belanja Langganan Jurnal/Surat Kabar/Majalah",PAYMENT OUTSIDE SYSTEM,2850000,2850000
KAB. TANGGAMUS,DINAS PENDIDIKAN DAN KEBUDAYAAN - 1.01.2.22.0.00.02.0000,01KK0Z36Y51G1EZGXWGRBSGQXS,66043045,2026,E-Katalog 6.0,APBD,BERTIGA JAYA,E-Purchasing,Barang,Belanja Modal Personal Computer,ON PROCESS,78588000,0
KAB. TANGGAMUS,DINAS PENDIDIKAN DAN KEBUDAYAAN - 1.01.2.22.0.00.02.0000,01KSKYMCX0SJVM5SJH62W6A7NB,67048566,2026,E-Katalog 6.0,APBD,ABDUL AZIS,E-Purchasing,Barang,"Belanja Makan dan Minum Panitia Gebyar PAUD(TK,KB,SPS)",ON PROCESS,45650000,45650000
KAB. TANGGAMUS,SEKRETARIAT DPRD - 4.02.0.00.0.00.01.0000,01KX020JCVTXJH1MPAD443JQ86,63313099,2026,E-Katalog 6.0,APBD,TIGA DARA INDONESIA,E-Purchasing,Jasa Lainnya," Belanja Langganan Jurnal/Surat Kabar/Majalah",ON PROCESS,1900000,1900000
KAB. TANGGAMUS,SEKRETARIAT DPRD - 4.02.0.00.0.00.01.0000,01KWKF8AZ5KSKTF47S8JV1DTD2,63313099,2026,E-Katalog 6.0,APBD,SERUNTING SAKTI INDAH,E-Purchasing,Jasa Lainnya," Belanja Langganan Jurnal/Surat Kabar/Majalah",ON PROCESS,4750000,4750000
KAB. TANGGAMUS,SEKRETARIAT DPRD - 4.02.0.00.0.00.01.0000,01KKTF17TXQB1W7MW7VAP0XEY5,63313099,2026,E-Katalog 6.0,APBD,BINTANG NUSANTARA SERAYA,E-Purchasing,Jasa Lainnya," Belanja Langganan Jurnal/Surat Kabar/Majalah",PAYMENT OUTSIDE SYSTEM,4750000,4750000
KAB. TANGGAMUS,BAGIAN UMUM SEKRETARIAT DAERAH - 4.01.5.06.0.00.01.0007,01KH8JNMW4BME7CR4TYKQPFCXE,63573607,2026,E-Katalog 6.0,APBD,DUA ENAM,E-Purchasing,Barang,"Belanja Alat Tulis Kantor Kebutuhan Pimpinan ( Bupati, Wakil Bupati dan Sekda )",PAYMENT OUTSIDE SYSTEM,22558000,22558000
KAB. TANGGAMUS,BAGIAN UMUM SEKRETARIAT DAERAH - 4.01.5.06.0.00.01.0007,01KPA9V5VZ7C93RRMA9G6MZ32B,63545262,2026,E-Katalog 6.0,APBD,MITRA JASA SEJAHTERA PRINGSEWU,E-Purchasing,Barang,Belanja CCTV Gedung GSG,PAYMENT OUTSIDE SYSTEM,14499930,14499930
KAB. TANGGAMUS,SEKRETARIAT DPRD - 4.02.0.00.0.00.01.0000,01KKTRYSTN7V0Q6PBKYD5351DD,63313099,2026,E-Katalog 6.0,APBD,MEDIA RADAR BANGSA,E-Purchasing,Jasa Lainnya," Belanja Langganan Jurnal/Surat Kabar/Majalah",PAYMENT OUTSIDE SYSTEM,1900000,1900000
KAB. TANGGAMUS,DINAS PARIWISATA DAN KEBUDAYAAN - 3.26.2.22.2.19.02.0000,01KHX1TARY09MATACMCVJ8NWVM,64157084,2026,E-Katalog 6.0,APBD,IKFAL MOTOR,E-Purchasing,Barang,Belanja Pemeliharaan Alat Angkutan-Alat Angkutan Darat Bermotor - Kendaraan Dinas Bermotor Perorangan,PAYMENT OUTSIDE SYSTEM,3318900,3318900
KAB. TANGGAMUS,DINAS KOMUNIKASI DAN INFORMATIKA - 2.16.2.20.2.21.04.0000,01KRZ7GN4S3NGJ45EKEDG92JDB,66007827,2026,E-Katalog 6.0,APBD,SINARMERDEKA JAYA LAMPUNG,E-Purchasing,Jasa Lainnya,Belanja Langganan Jurnal/Surat Kabar/Majalah,ON PROCESS,4750000,4750000
KAB. TANGGAMUS,SEKRETARIAT DPRD - 4.02.0.00.0.00.01.0000,01KKTGNTTNRNF8D3JWCFJJAJN2,63313099,2026,E-Katalog 6.0,APBD,JAYA BERJAMA LAMPUNG,E-Purchasing,Jasa Lainnya," Belanja Langganan Jurnal/Surat Kabar/Majalah",PAYMENT OUTSIDE SYSTEM,4750000,4750000
KAB. TANGGAMUS,BAGIAN UMUM SEKRETARIAT DAERAH - 4.01.5.06.0.00.01.0007,01KJF1JZX58QYTJAM11GJENMZ9,63545174,2026,E-Katalog 6.0,APBD,EFIKA REZA,E-Purchasing,Barang,Belanja Alat Absensi Kantor Setdakab,PAYMENT OUTSIDE SYSTEM,9568200,9568200
KAB. TANGGAMUS,DINAS KOMUNIKASI DAN INFORMATIKA - 2.16.2.20.2.21.04.0000,01KKKT51AZCGFGMD3A3A9456PN,66007827,2026,E-Katalog 6.0,APBD,RIZKI ARYA MEDIA,E-Purchasing,Jasa Lainnya,Belanja Langganan Jurnal/Surat Kabar/Majalah,ON PROCESS,285000,285000
KAB. TANGGAMUS,DINAS PERKEBUNAN DAN PETERNAKAN - 3.27.0.00.0.00.05.0000,01KN43KRSAC9GTHQ3EYG1SZ7QN,65674435,2026,E-Katalog 6.0,APBD,SWARA ANTAR NUSA,E-Purchasing,Jasa Lainnya,Belanja Sewa Alat Kantor Lainnya Keg. Penyediaan Jasa Pelayanan Umum Kantor ,PAYMENT OUTSIDE SYSTEM,23250000,23250000
KAB. TANGGAMUS,SEKRETARIAT DPRD - 4.02.0.00.0.00.01.0000,01KWVMBEJ34JQ7JT6H8DK12RW5,63313099,2026,E-Katalog 6.0,APBD,MEDIA JENDELA LAMPUNG NEWS,E-Purchasing,Jasa Lainnya," Belanja Langganan Jurnal/Surat Kabar/Majalah",ON PROCESS,2850000,2850000
KAB. TANGGAMUS,BADAN KESATUAN BANGSA DAN POLITIK - 8.01.0.00.0.00.01.0000,01KKDJ4WH33G9TV8EY9RAAM6KT,66207797,2026,E-Katalog 6.0,APBD,MAHARANI GROUP,E-Purchasing,Barang,Belanja Sewa Peralatan Studio Audio Hut Tanggamus,PAYMENT OUTSIDE SYSTEM,4500000,4500000
KAB. TANGGAMUS,DINAS KOMUNIKASI DAN INFORMATIKA - 2.16.2.20.2.21.04.0000,01KQEDANK3TDG6A6AN59R0THQC,66007827,2026,E-Katalog 6.0,APBD,RIZKY PRATAMA MANDIRI KAUR,E-Purchasing,Jasa Lainnya,Belanja Langganan Jurnal/Surat Kabar/Majalah,ON PROCESS,1900000,1900000
KAB. TANGGAMUS,BAGIAN PERENCANAAN DAN KEUANGAN SEKRETARIAT DAERAH - 4.01.5.06.0.00.01.0010,01KWED0VEAQRBWM3MEVQZ6E3XH,63793124,2026,E-Katalog 6.0,APBD,ALGHIF JAYA,E-Purchasing,Barang,Belanja Alat/Bahan untuk Kegiatan Kantor-Alat Tulis Kantor ,ON PROCESS,773042,773042
KAB. TANGGAMUS,"BADAN PERENCANAAN PEMBANGUNAN, RISET DAN INOVASI DAERAH - 5.01.5.05.0.00.01.0000",01KWKBS1A5PRERMMBEG1DGXW6S,66428044,2026,E-Katalog 6.0,APBDP,ALGHIF JAYA,E-Purchasing,Jasa Lainnya,Belanja Alat/Bahan untuk Kegiatan Kantor- Bahan Cetak,ON PROCESS,1424774,1424774
KAB. TANGGAMUS,PLT.DINAS KESEHATAN - 1.02.0.00.0.00.01.0000,01KRZ8DJSH4797PS4JNT3504QZ,65192581,2026,E-Katalog 6.0,APBD,ALGHIF JAYA,E-Purchasing,Barang,Belanja Alat/Bahan untuk Kegiatan Kantor- Bahan Cetak subkegiatan Penyediaan Barang Cetakan dan Penggandaan ,ON PROCESS,2997000,2997000
KAB. TANGGAMUS,DINAS PEKERJAAN UMUM DAN PERUMAHAN RAKYAT - 1.03.1.04.2.10.10.0000,01KQBQY0JRBQK6DG87X5XT9HME,66938716,2026,E-Katalog 6.0,APBD,MANDALA WANGI INDONESIA,E-Purchasing,Barang,Pengadaan Leptop Core I7 Dinas  PUPR Kab. Tanggamus,ON PROCESS,74925000,74925000
KAB. TANGGAMUS,DINAS KOMUNIKASI DAN INFORMATIKA - 2.16.2.20.2.21.04.0000,01KKK85WWWA99VSPTFDN99NXRS,66007827,2026,E-Katalog 6.0,APBD,MEDIA RADAR BANGSA,E-Purchasing,Jasa Lainnya,Belanja Langganan Jurnal/Surat Kabar/Majalah,ON PROCESS,1900000,1900000
KAB. TANGGAMUS,RUMAH SAKIT UMUM DAERAH BATIN MANGUNANG KOTA AGUNG - 1.02.0.00.0.00.01.0001,01KPQ2DCM8PERJG920G48TF7X7,66168555,2026,E-Katalog 6.0,APBD,GARUDA HITAM PERKASA,E-Purchasing,Jasa Lainnya,Jasa Outsourching Kebersihan,ON PROCESS,933669408,933669408
KAB. TANGGAMUS,SEKRETARIAT DPRD - 4.02.0.00.0.00.01.0000,01KKTE96J2PSQ5WFTGP547BRHD,63313099,2026,E-Katalog 6.0,APBD,WIRADILAGA GEMINI MEDIA,E-Purchasing,Jasa Lainnya," Belanja Langganan Jurnal/Surat Kabar/Majalah",PAYMENT OUTSIDE SYSTEM,4750000,4750000
KAB. TANGGAMUS,BAGIAN PEREKONOMIAN DAN SUMBER DAYA ALAM SEKRETARIAT DAERAH - 4.01.5.06.0.00.01.0005,01KJ9V9V0SMBJV7DAMR5D325NJ,63946193,2026,E-Katalog 6.0,APBD,LANGGENG JAYA TANGGAMUS,E-Purchasing,Barang,Belanja Alat Tulis Kantor (ATK) Kegiatan BUMD dan BLUD,PAYMENT OUTSIDE SYSTEM,1078920,1078920
KAB. TANGGAMUS,SEKRETARIAT DPRD - 4.02.0.00.0.00.01.0000,01KKTRTV5QM0T5ERPYJNK9S9YC,63313099,2026,E-Katalog 6.0,APBD,MEDIA ONLINE NEWS TANGGAMUS,E-Purchasing,Jasa Lainnya," Belanja Langganan Jurnal/Surat Kabar/Majalah",PAYMENT OUTSIDE SYSTEM,1900000,1900000
KAB. TANGGAMUS,PUSKESMAS NGARIP - 1.02.0.00.0.00.01.0012,01KPQHDDJ3CG1EJ3F7DB2D4BSC,65732321,2026,E-Katalog 6.0,APBD,PUTRA TEKNIK,E-Purchasing,Barang,Pelayanan dan Penunjang Pelayanan BLUD,COMPLETED,3579883,3579883
KAB. TANGGAMUS,DINAS KOMUNIKASI DAN INFORMATIKA - 2.16.2.20.2.21.04.0000,01KKK88MXS5XY6804T3JW5THEF,66007827,2026,E-Katalog 6.0,APBD,PENUTUR KREASI MUDA,E-Purchasing,Jasa Lainnya,Belanja Langganan Jurnal/Surat Kabar/Majalah,ON PROCESS,950000,950000
KAB. TANGGAMUS,RUMAH SAKIT UMUM DAERAH BATIN MANGUNANG KOTA AGUNG - 1.02.0.00.0.00.01.0001,01KGKNFD6DRW6E9XTRK09FHKXW,63967826,2026,E-Katalog 6.0,APBD,BHAGAWANTA CAKRA MEDIKA,E-Purchasing,Jasa Lainnya,Belanja Pemeliharaan Alat Kedokteran dan Kesehatan-Alat Kedokteran-AlatKedokteran Umum,ON PROCESS,599999999,599999999
KAB. TANGGAMUS,DINAS KOMUNIKASI DAN INFORMATIKA - 2.16.2.20.2.21.04.0000,01KKKN1HP3G6S3RCBKSMKVJ53Q,66007827,2026,E-Katalog 6.0,APBD,ARQILA JAYA GRAHA,E-Purchasing,Jasa Lainnya,Belanja Langganan Jurnal/Surat Kabar/Majalah,ON PROCESS,285000,285000
KAB. TANGGAMUS,DINAS KOMUNIKASI DAN INFORMATIKA - 2.16.2.20.2.21.04.0000,01KKGRFY8FWZ56ABAGNNXNCE0N,66007827,2026,E-Katalog 6.0,APBD,LEMOU MEBAY SEJAHTERA,E-Purchasing,Jasa Lainnya,Belanja Langganan Jurnal/Surat Kabar/Majalah,ON PROCESS,4750000,4750000
KAB. TANGGAMUS,SEKRETARIAT DPRD - 4.02.0.00.0.00.01.0000,01KWKBSJBZY8AENG6M1QS9DH2S,63313099,2026,E-Katalog 6.0,APBD,LEMOU MEBAY SEJAHTERA,E-Purchasing,Jasa Lainnya," Belanja Langganan Jurnal/Surat Kabar/Majalah",ON PROCESS,4750000,4750000
KAB. TANGGAMUS,DINAS PERKEBUNAN DAN PETERNAKAN - 3.27.0.00.0.00.05.0000,01KRDRZD6ZA3NNJN8C7KW8C1Z2,65662421,2026,E-Katalog 6.0,APBD,ABID FAMILI,E-Purchasing,Jasa Lainnya,Belanja Alat/Bahan untuk Kegiatan Kantor- Bahan Cetak ,PAYMENT OUTSIDE SYSTEM,5328000,5328000
KAB. TANGGAMUS,DINAS PARIWISATA DAN KEBUDAYAAN - 3.26.2.22.2.19.02.0000,01KNTQZ1JVB326D04QATZ90W95,64160240,2026,E-Katalog 6.0,APBD,LANGGENG JAYA TANGGAMUS,E-Purchasing,Barang,Belanja Alat/Bahan untuk Kegiatan Kantor-Bahan cetak,PAYMENT OUTSIDE SYSTEM,2997000,2997000
KAB. TANGGAMUS,BADAN PENANGGULANGAN BENCANA DAERAH - 1.05.0.00.0.00.04.0000,01KQRNRGTGJXSWTJFBTA5M4V7W,63771497,2026,E-Katalog 6.0,APBD,SIGER INOVASI,E-Purchasing,Jasa Lainnya,Belanja Sewa Kendaraan Dinas Bermotor Perorangan,ON PROCESS,76012800,76012800
KAB. TANGGAMUS,PUSKESMAS SUMBEREJO - 1.02.0.00.0.00.01.0025,01KTN9A89J1D4BAMNY4K5B2EMY,66863633,2026,E-Katalog 6.0,APBD,ABDUL AZIS,E-Purchasing,Barang,Jamuan Makan,ON PROCESS,2040000,2040000
KAB. TANGGAMUS,SEKRETARIAT DPRD - 4.02.0.00.0.00.01.0000,01KKTX2P18SWW2N2PJ1C5AV37N,63313099,2026,E-Katalog 6.0,APBD,MEDIA PUTRI CEMPAKA GROUP,E-Purchasing,Jasa Lainnya," Belanja Langganan Jurnal/Surat Kabar/Majalah",PAYMENT OUTSIDE SYSTEM,2850000,2850000
KAB. TANGGAMUS,SEKRETARIAT DPRD - 4.02.0.00.0.00.01.0000,01KKK0RPGJ5R3BR6TS9EK8R29W,63313099,2026,E-Katalog 6.0,APBD,MULTIMEDIA CIPTA MANDIRI,E-Purchasing,Jasa Lainnya," Belanja Langganan Jurnal/Surat Kabar/Majalah",PAYMENT OUTSIDE SYSTEM,19000000,19000000
KAB. TANGGAMUS,SEKRETARIAT DPRD - 4.02.0.00.0.00.01.0000,01KNRBS9MFDB24XPK8M15XZK8Z,63313099,2026,E-Katalog 6.0,APBD,EKSPOS BERSAMA KITA,E-Purchasing,Jasa Lainnya," Belanja Langganan Jurnal/Surat Kabar/Majalah",PAYMENT OUTSIDE SYSTEM,4750000,4750000
KAB. TANGGAMUS,BAGIAN UMUM SEKRETARIAT DAERAH - 4.01.5.06.0.00.01.0007,01KK16KCXY4GR8M2GBDQ4CXA06,63516787,2026,E-Katalog 6.0,APBD,HARIA FITRI. S,E-Purchasing,Jasa Lainnya,"Belanja Pemeliharaan, Pembelian Aksesoris dan Ban Kendaraan Dinas Roda 4 dan Kendaraan Dinas Roda 2",PAYMENT OUTSIDE SYSTEM,17180000,17180000
KAB. TANGGAMUS,"DINAS KETAHANAN PANGAN, TANAMAN PANGAN DAN HORTIKULTURA - 2.09.3.27.0.00.02.0000",01KPSVJR5ZAYZ9325YTEQ8VFRX,65226206,2026,E-Katalog 6.0,APBD,LANGGENG JAYA TANGGAMUS,E-Purchasing,Barang,Belanja Alat/Bahan untuk Kegiatan Kantor-Alat Tulis Kantor,PAYMENT OUTSIDE SYSTEM,17751675,17751675
KAB. TANGGAMUS,DINAS KOMUNIKASI DAN INFORMATIKA - 2.16.2.20.2.21.04.0000,01KS4JFE6EQBJ8QW6FA3TWKT7N,66007827,2026,E-Katalog 6.0,APBD,JAWAPES INDONESIA SEMESTA,E-Purchasing,Jasa Lainnya,Belanja Langganan Jurnal/Surat Kabar/Majalah,ON PROCESS,950000,950000
KAB. TANGGAMUS,SEKRETARIAT DPRD - 4.02.0.00.0.00.01.0000,01KWXCHVXN3BBVR40SP6THY4Z6,63313099,2026,E-Katalog 6.0,APBD,RADAR LAMPUNG VISUAL,E-Purchasing,Jasa Lainnya," Belanja Langganan Jurnal/Surat Kabar/Majalah",ON PROCESS,57000000,57000000
KAB. TANGGAMUS,SEKRETARIAT DPRD - 4.02.0.00.0.00.01.0000,01KKTDM3DX3DT23ZT05SJYEDB6,63313099,2026,E-Katalog 6.0,APBD,LEMOU MEBAY SEJAHTERA,E-Purchasing,Jasa Lainnya," Belanja Langganan Jurnal/Surat Kabar/Majalah",PAYMENT OUTSIDE SYSTEM,4750000,4750000
KAB. TANGGAMUS,DINAS KOMUNIKASI DAN INFORMATIKA - 2.16.2.20.2.21.04.0000,01KKGY1FY6A81QD0MYM6TXRBYD,66007827,2026,E-Katalog 6.0,APBD,RILIS MULTIMEDIA INDONESIA,E-Purchasing,Jasa Lainnya,Belanja Langganan Jurnal/Surat Kabar/Majalah,ON PROCESS,4750000,4750000
KAB. TANGGAMUS,DINAS PEKERJAAN UMUM DAN PERUMAHAN RAKYAT - 1.03.1.04.2.10.10.0000,10784169000,65496552,2026,Non Tender,APBD,CV. Trijaya Waskita,Pengadaan Langsung,Jasa Konsultansi Badan Usaha Non Konstruksi,Perencanaan Teknis Pembangunan Jalan Wilayah Utara,SELESAI,84082722,84082722
KAB. TANGGAMUS,BADAN PENANGGULANGAN BENCANA DAERAH - 1.05.0.00.0.00.04.0000,01KWDZB3M7S1DRKD85952SRC56,65155177,2026,E-Katalog 6.0,APBD,LANGGENG JAYA TANGGAMUS,E-Purchasing,Barang,Belanja Alat/Bahan untuk Kegiatan Kantor-Alat Tulis Kantor,ON PROCESS,9932835,9932835
KAB. TANGGAMUS,SEKRETARIAT DPRD - 4.02.0.00.0.00.01.0000,01KQXK1VRSW6VMGGX9F2YN9357,63293864,2026,E-Katalog 6.0,APBD,EFIKA REZA,E-Purchasing,Barang,Belanja Peralatan Kebersihan dan Bahan Pembersih,PAYMENT OUTSIDE SYSTEM,4995000,4995000
KAB. TANGGAMUS,BAGIAN UMUM SEKRETARIAT DAERAH - 4.01.5.06.0.00.01.0007,01KGRQMJEV6ENEKVKA7G8FF55B,65473552,2026,E-Katalog 6.0,APBD,SWARA ANTAR NUSA,E-Purchasing,Barang,Belanja Pakaian Sipil Harian (PSH) Bupati dan Wakil Bupati,ON PROCESS,10400000,10400000
KAB. TANGGAMUS,BAGIAN TATA PEMERINTAHAN SEKRETARIAT DAERAH - 4.01.5.06.0.00.01.0001,01KHWMCWYNNRWHZ9R067T45TRW,64344531,2026,E-Katalog 6.0,APBD,NAMASTEE SINEMA INVESTAMA,E-Purchasing,Barang," Belanja Alat/Bahan untuk Kegiatan Kantor-Alat Tulis Kantor Kegiatan Evaluasi Penyelenggaraan Pemerintah Daerah",PAYMENT OUTSIDE SYSTEM,1738260,1738260
KAB. TANGGAMUS,"BADAN PERENCANAAN PEMBANGUNAN, RISET DAN INOVASI DAERAH - 5.01.5.05.0.00.01.0000",01KS1KTWQ7NJ1DP7XRRGB3MGGJ,64138021,2026,E-Katalog 6.0,APBD,BERTIGA JAYA,E-Purchasing,Barang,Belanja Peralatan dan Mesin - Alat Kantor dan Rumah Tangga - Alat Kantor - Alat Kantor Lainnya - Sub Kegiatan Koordinasi Pelaksanaan Forum Perangkat Daerah/Lintas Perangkat Daerah (PMPEPD),PAYMENT OUTSIDE SYSTEM,3252300,3252300
KAB. TANGGAMUS,BADAN KEUANGAN DAN ASET DAERAH - 5.02.0.00.0.00.06.0000,01KV4Q2XMNN1B6EAFVNHZHN5CG,65331050,2026,E-Katalog 6.0,APBD,WE DHE WE,E-Purchasing,Barang,Belanja Alat/Bahan untuk Kegiatan Kantor-Alat Tulis Kantor,PAYMENT OUTSIDE SYSTEM,63838875,63838875
KAB. TANGGAMUS,SEKRETARIAT DPRD - 4.02.0.00.0.00.01.0000,01KNP1JF9FPHE233XCGRK0JZCA,63313099,2026,E-Katalog 6.0,APBD,RKR NUSANTARA MEDIA,E-Purchasing,Jasa Lainnya," Belanja Langganan Jurnal/Surat Kabar/Majalah",PAYMENT OUTSIDE SYSTEM,190000,190000
KAB. TANGGAMUS,PLT.DINAS KESEHATAN - 1.02.0.00.0.00.01.0000,01KNGFMBH36SSJK7JWQNWMXJBH,65110394,2026,E-Katalog 6.0,APBD,MERSIFARMA TIRMAKU MERCUSANA,E-Purchasing,Barang,Pengadaan Obat Pelayanan Kesehatan Dasar (DAK),ON PROCESS,24453300,24453300
KAB. TANGGAMUS,DINAS PEKERJAAN UMUM DAN PERUMAHAN RAKYAT - 1.03.1.04.2.10.10.0000,10111009000,63695076,2026,Tender,APBD,CV.TRIJAYA ENGINEERING,Seleksi,Jasa Konsultansi Badan Usaha Konstruksi,Perencanaan Teknis Pemeliharaan Berkala Wilayah Selatan,SELESAI,278814240,278814240
KAB. TANGGAMUS,"BADAN PERENCANAAN PEMBANGUNAN, RISET DAN INOVASI DAERAH - 5.01.5.05.0.00.01.0000",01KJHEKQ8PE78Z3A41HG3QGTJN,64483904,2026,E-Katalog 6.0,APBD,BERTIGA JAYA,E-Purchasing,Barang,Belanja Alat/Bahan untuk Kegiatan Kantor-Alat Listrik Sub Kegiatan Penyediaan Peralatan dan Perlengkapan Kantor,PAYMENT OUTSIDE SYSTEM,1720500,1720500
KAB. TANGGAMUS,DINAS KOMUNIKASI DAN INFORMATIKA - 2.16.2.20.2.21.04.0000,01KKKSV47FRD5BNNBHSTEMVMSM,66007827,2026,E-Katalog 6.0,APBD,PRO MEDIA TANGGAMUS,E-Purchasing,Jasa Lainnya,Belanja Langganan Jurnal/Surat Kabar/Majalah,ON PROCESS,285000,285000
KAB. TANGGAMUS,DINAS KOMUNIKASI DAN INFORMATIKA - 2.16.2.20.2.21.04.0000,01KPA6N3FSBAW1V8SVZQ6V0G2Q,66007827,2026,E-Katalog 6.0,APBD,RATU MEDIA JAYA,E-Purchasing,Jasa Lainnya,Belanja Langganan Jurnal/Surat Kabar/Majalah,ON PROCESS,4750000,4750000
KAB. TANGGAMUS,PUSKESMAS SIRING BETIK - 1.02.0.00.0.00.01.0002,01KTWTP0G7GGHBG549TFKVTDRT,67073217,2026,E-Katalog 6.0,APBD,BERKAH WISESHA,E-Purchasing,Barang,Belanja Air Conditioner,COMPLETED,4551000,4551000
KAB. TANGGAMUS,DINAS PENDIDIKAN DAN KEBUDAYAAN - 1.01.2.22.0.00.02.0000,01KRZEGCRXG9FR9H42MJ0WFW2H,67142832,2026,E-Katalog 6.0,APBD,BERTIGA JAYA,E-Purchasing,Barang,Belanja Alat/Bahan untuk Kegiatan Kantor- Bahan Cetak,ON PROCESS,2167275,2167275
KAB. TANGGAMUS,SEKRETARIAT DPRD - 4.02.0.00.0.00.01.0000,01KKTHRPXCG4ERRBCT8VASRRY7,63313099,2026,E-Katalog 6.0,APBD,SULUH MEDIA INDONESIA,E-Purchasing,Jasa Lainnya," Belanja Langganan Jurnal/Surat Kabar/Majalah",PAYMENT OUTSIDE SYSTEM,4750000,4750000
KAB. TANGGAMUS,DINAS KOMUNIKASI DAN INFORMATIKA - 2.16.2.20.2.21.04.0000,01KRZ3NQY3XKJKRV2712TT9W56,66007827,2026,E-Katalog 6.0,APBD,MEDIA ONLINE NEWS TANGGAMUS,E-Purchasing,Jasa Lainnya,Belanja Langganan Jurnal/Surat Kabar/Majalah,ON PROCESS,4750000,4750000
KAB. TANGGAMUS,DINAS PEKERJAAN UMUM DAN PERUMAHAN RAKYAT - 1.03.1.04.2.10.10.0000,01KRDD4Y0JFGNHQ1T91SPG51S9,66821812,2026,E-Katalog 6.0,APBD,ACHAZIA PRANAJA,E-Purchasing,Barang,Pengadaan Televisi Dinas PUPR Kab. Tanggamus,ON PROCESS,11999100,11999100
KAB. TANGGAMUS,DINAS KOMUNIKASI DAN INFORMATIKA - 2.16.2.20.2.21.04.0000,01KKKMGSJX2MW4176CRPAZYTX6,66007827,2026,E-Katalog 6.0,APBD,ALTERI JAYA MEDIA,E-Purchasing,Jasa Lainnya,Belanja Langganan Jurnal/Surat Kabar/Majalah,ON PROCESS,285000,285000
KAB. TANGGAMUS,PLT.DINAS KESEHATAN - 1.02.0.00.0.00.01.0000,01KPN05RM1918DXVXZD7J9WS7C,66965163,2026,E-Katalog 6.0,APBD,ABDUL AZIS,E-Purchasing,Barang,Belanja Makanan dan Minuman Rapat,PAYMENT OUTSIDE SYSTEM,1683000,1683000
KAB. TANGGAMUS,"BADAN PERENCANAAN PEMBANGUNAN, RISET DAN INOVASI DAERAH - 5.01.5.05.0.00.01.0000",01KJVS5E6B5MCKB5X2TWEF19Q9,64409371,2026,E-Katalog 6.0,"APBD,APBDP",ABID FAMILI,E-Purchasing,Barang,Belanja Alat/Bahan untuk Kegiatan Kantor-Alat Tulis Kantor,PAYMENT OUTSIDE SYSTEM,1771116,1771116
KAB. TANGGAMUS,BAGIAN UMUM SEKRETARIAT DAERAH - 4.01.5.06.0.00.01.0007,01KKDFQFW0K9A9JGCV6JNR4BCT,65401835,2026,E-Katalog 6.0,APBD,SWARA ANTAR NUSA,E-Purchasing,Barang,"Belanja Pakaian Sipil Resmi (PSR) Belanja Pakaian Sipil Resmi (PSR) Sekretaris Daerah, Assisten dan Staf Ahli",PAYMENT OUTSIDE SYSTEM,24500000,24500000
KAB. TANGGAMUS,DINAS PENDIDIKAN DAN KEBUDAYAAN - 1.01.2.22.0.00.02.0000,01KQVK7ES8HT49CNXHC7ZC1YHQ,67025821,2026,E-Katalog 6.0,APBD,BERTIGA JAYA,E-Purchasing,Barang,Belanja Alat/Bahan untuk Kegiatan Kantor- Bahan Cetak,PAYMENT OUTSIDE SYSTEM,8691300,8691300
KAB. TANGGAMUS,BAGIAN PERENCANAAN DAN KEUANGAN SEKRETARIAT DAERAH - 4.01.5.06.0.00.01.0010,01KWEDJ50RGRQ1R9KFG9K58JS0,63812838,2026,E-Katalog 6.0,APBD,ALGHIF JAYA,E-Purchasing,Barang,Belanja Alat/Bahan untuk Kegiatan Kantor-Alat Tulis Kantor,ON PROCESS,669571,669571
KAB. TANGGAMUS,DINAS KOMUNIKASI DAN INFORMATIKA - 2.16.2.20.2.21.04.0000,01KVYG1BAPP9ZHXPC11PKPMWAZ,66007827,2026,E-Katalog 6.0,APBD,PRO MEDIA TANGGAMUS,E-Purchasing,Jasa Lainnya,Belanja Langganan Jurnal/Surat Kabar/Majalah,ON PROCESS,9499999,9499999
KAB. TANGGAMUS,SEKRETARIAT DPRD - 4.02.0.00.0.00.01.0000,01KDKTM851RGNZGPJ21HJXRX5B,62513551,2026,E-Katalog 6.0,APBD,SERASI AUTORAYA,E-Purchasing,Jasa Lainnya,Belanja Sewa Kendaraan Dinas Bermotor Perorangan,ON PROCESS,123599996,123599996
KAB. TANGGAMUS,PLT.DINAS KESEHATAN - 1.02.0.00.0.00.01.0000,01KTJGYZK3WTN3Z3429SKDXC09,67261159,2026,E-Katalog 6.0,APBD,ABDUL AZIS,E-Purchasing,Barang,Belanja Makanan dan Minuman Rapat Subkegiatan  Pelaksanaan Kewaspadaan Dini dan Respon Wabah,ON PROCESS,1900500,1900500
KAB. TANGGAMUS,SEKRETARIAT DPRD - 4.02.0.00.0.00.01.0000,01KNRGRCVQW7VZSM3EVXF05V6W,63313099,2026,E-Katalog 6.0,APBD,JURNAL MEDIA SUKSES,E-Purchasing,Jasa Lainnya," Belanja Langganan Jurnal/Surat Kabar/Majalah",PAYMENT OUTSIDE SYSTEM,1900000,1900000
KAB. TANGGAMUS,PUSKESMAS SUMBEREJO - 1.02.0.00.0.00.01.0025,01KWYHAM9ZBKY151EV5TT5PKWX,66863634,2026,E-Katalog 6.0,APBD,ABDUL AZIS,E-Purchasing,Barang,Jamuan Snack,ON PROCESS,540000,540000
KAB. TANGGAMUS,BADAN KEPEGAWAIAN DAN PENGEMBANGAN SUMBER DAYA MANUSIA - 5.03.5.04.0.00.01.0000,01KWBJ9JJNHNDPWZAQM6XX29W2,63353831,2026,E-Katalog 6.0,APBD,ABID FAMILI,E-Purchasing,Barang,Belanja Alat/Bahan untuk Kegiatan Kantor-Alat Tulis Kantor,ON PROCESS,14912385,14912385
KAB. TANGGAMUS,PLT.DINAS KESEHATAN - 1.02.0.00.0.00.01.0000,01KJ78R34208M621ZZ0BDQ07KR,65110149,2026,E-Katalog 6.0,APBD,ERSA MEDIKA USAHATAMA,E-Purchasing,Barang,Pengadaan BMHP Pelayanan Dasar (DAK),ON PROCESS,397976181,397976181
KAB. TANGGAMUS,SEKRETARIAT DPRD - 4.02.0.00.0.00.01.0000,01KNRCKEWS1Y7NXVNCY2NWH3V1,63313099,2026,E-Katalog 6.0,APBD,SERUNTING SAKTI INDAH,E-Purchasing,Jasa Lainnya," Belanja Langganan Jurnal/Surat Kabar/Majalah",PAYMENT OUTSIDE SYSTEM,4750000,4750000
KAB. TANGGAMUS,SATUAN POLISI PAMONG PRAJA - 1.05.0.00.0.00.01.0000,01KJW0XAM5H105M681VJ7WP5TD,65451150,2026,E-Katalog 6.0,APBD,FAREL MARINDRA,E-Purchasing,Barang,Pengadaan Pakaian Dinas beserta Atribut Kelengkapannya (PDL),ON PROCESS,296487000,296487000
KAB. TANGGAMUS,PUSKESMAS SUDIMORO - 1.02.0.00.0.00.01.0004,01KRN051XHS4EVHWBQ01761F2F,67111106,2026,E-Katalog 6.0,APBD,SLARA PHARMINDO JAYA,E-Purchasing,Barang,Belanja Barang dan Jasa BLUD,ON PROCESS,3676465,3676465
KAB. TANGGAMUS,SEKRETARIAT DPRD - 4.02.0.00.0.00.01.0000,01KWVS5T8N651NVWPW0M5HSQFB,63313099,2026,E-Katalog 6.0,APBD,ALIF MEDIA TAMA,E-Purchasing,Jasa Lainnya," Belanja Langganan Jurnal/Surat Kabar/Majalah",ON PROCESS,2850000,2850000
KAB. TANGGAMUS,DINAS PENDIDIKAN DAN KEBUDAYAAN - 1.01.2.22.0.00.02.0000,01KQVKJ450XXRCZC9G78TYJEZY,67025628,2026,E-Katalog 6.0,APBD,BERTIGA JAYA,E-Purchasing,Barang,Belanja Alat/Bahan untuk Kegiatan Kantor-Alat Tulis Kantor,PAYMENT OUTSIDE SYSTEM,3987675,3987675
KAB. TANGGAMUS,PLT.DINAS KESEHATAN - 1.02.0.00.0.00.01.0000,01KJRZGT34PEQYV7V4N6080SDS,65946863,2026,E-Katalog 6.0,APBD,INDEC DIAGNOSTICS,E-Purchasing,Barang,Pengadaan Rapid HIV Combo Syphilis,ON PROCESS,207569798,207569798
KAB. TANGGAMUS,BAGIAN ORGANISASI SEKRETARIAT DAERAH - 4.01.5.06.0.00.01.0008,01KKB9KGFFJN6ZPPC2PT3YMHHF,63357185,2026,E-Katalog 6.0,APBD,LANGGENG JAYA TANGGAMUS,E-Purchasing,Jasa Lainnya,Belanja Alat/Bahan untuk Kegiatan Kantor- Bahan Cetak,ON PROCESS,1498500,1498500
KAB. TANGGAMUS,PLT.DINAS KESEHATAN - 1.02.0.00.0.00.01.0000,01KRD4C7R4XWKSNRCTHMJ7N4W0,67123340,2026,E-Katalog 6.0,APBD,ALGHIF JAYA,E-Purchasing,Barang,"Belanja Alat/Bahan untuk Kegiatan Kantor-Alat/Bahan untuk Kegiatan Kantor Lainnya Subkegiatan Pengadaan Obat, Bahan Habis Pakai, Bahan Medis Habis Pakai, Vaksin, Makanan dan Minuman di Fasilitas Kesehatan",PAYMENT OUTSIDE SYSTEM,935064,935064
KAB. TANGGAMUS,SEKRETARIAT DPRD - 4.02.0.00.0.00.01.0000,01KN3YXKEKMRBJVZ2PQD5MKCGR,63313099,2026,E-Katalog 6.0,APBD,TIGA DARA INDONESIA,E-Purchasing,Jasa Lainnya," Belanja Langganan Jurnal/Surat Kabar/Majalah",PAYMENT OUTSIDE SYSTEM,1900000,1900000
KAB. TANGGAMUS,DINAS LINGKUNGAN HIDUP - 2.11.0.00.0.00.01.0000,01KGGZPSBXDRE241EFCBBX5MZ3,64006689,2026,E-Katalog 6.0,APBD,SURYA TRI ATMAJA,E-Purchasing,Barang,Belanja Modal Peralatan Personal Computer [#] Pengadaan Printer,ON PROCESS,8214000,8214000
KAB. TANGGAMUS,SEKRETARIAT DPRD - 4.02.0.00.0.00.01.0000,01KKTETBTTQRD18S3C84VZX01B,63313099,2026,E-Katalog 6.0,APBD,MELAWAI CITRA MEDIA,E-Purchasing,Jasa Lainnya," Belanja Langganan Jurnal/Surat Kabar/Majalah",PAYMENT OUTSIDE SYSTEM,4750000,4750000
KAB. TANGGAMUS,PUSKESMAS SUMBEREJO - 1.02.0.00.0.00.01.0025,01KT3J30VX63NXNG7RQAK6P0AT,66863798,2026,E-Katalog 6.0,APBD,ABDUL AZIS,E-Purchasing,Barang,Jamuan Makan,PAYMENT OUTSIDE SYSTEM,897000,897000
KAB. TANGGAMUS,DINAS KOMUNIKASI DAN INFORMATIKA - 2.16.2.20.2.21.04.0000,01KKJZSY69CKRSPHGP9TDN80RS,66007827,2026,E-Katalog 6.0,APBD,MEDIA TINTA INFORMASI LAMPUNG,E-Purchasing,Jasa Lainnya,Belanja Langganan Jurnal/Surat Kabar/Majalah,ON PROCESS,2850000,2850000
KAB. TANGGAMUS,SEKRETARIAT DPRD - 4.02.0.00.0.00.01.0000,01KTNBY5DGFBY8VEACVGF4M8VY,63313099,2026,E-Katalog 6.0,APBD,PRIMA DELTA INDONESIA,E-Purchasing,Jasa Lainnya," Belanja Langganan Jurnal/Surat Kabar/Majalah",ON PROCESS,28500000,28500000
KAB. TANGGAMUS,DINAS KOMUNIKASI DAN INFORMATIKA - 2.16.2.20.2.21.04.0000,01KNNXEP73AKF3V7N66EHDNZNV,66007827,2026,E-Katalog 6.0,APBD,JURNAL MEDIA SUKSES,E-Purchasing,Jasa Lainnya,Belanja Langganan Jurnal/Surat Kabar/Majalah,ON PROCESS,1900000,1900000
KAB. TANGGAMUS,SEKRETARIAT DPRD - 4.02.0.00.0.00.01.0000,01KS25969J208MS2D9351K9FJR,63313099,2026,E-Katalog 6.0,APBD,INTISARI BERITA LAMPUNG,E-Purchasing,Jasa Lainnya," Belanja Langganan Jurnal/Surat Kabar/Majalah",ON PROCESS,4750000,4750000
KAB. TANGGAMUS,PUSKESMAS SUKARAJA - 1.02.0.00.0.00.01.0005,01KWC035V5MS679Y7RR5EQEE5Y,67079561,2026,E-Katalog 6.0,APBD,AKHMAD RAFE'I ( DAPUR EDL ),E-Purchasing,Barang,"Belanja bahan, dan penyiapan PMT lokal Balita Bermasalah Gizi",PAYMENT OUTSIDE SYSTEM,11095231,11095231
KAB. TANGGAMUS,PUSKESMAS SANGGI - 1.02.0.00.0.00.01.0006,01KRFKT5WS357Z42XCZRGRAZA0,66798485,2026,E-Katalog 6.0,APBD,MEDIKAL PRINTING,E-Purchasing,Barang,-,COMPLETED,3678600,3678600
KAB. TANGGAMUS,DINAS KOMUNIKASI DAN INFORMATIKA - 2.16.2.20.2.21.04.0000,01KKGMCRJQ6GHB30QBGBR64KAJ,66007827,2026,E-Katalog 6.0,APBD,DEWA MEDIA INVESTAMA,E-Purchasing,Jasa Lainnya,Belanja Langganan Jurnal/Surat Kabar/Majalah,ON PROCESS,4750000,4750000
KAB. TANGGAMUS,SEKRETARIAT DPRD - 4.02.0.00.0.00.01.0000,01KKTQXXZ6C47XE7WDBP0JWT1B,63313099,2026,E-Katalog 6.0,APBD,LENTERA TIMUR ABADI,E-Purchasing,Jasa Lainnya," Belanja Langganan Jurnal/Surat Kabar/Majalah",ON PROCESS,2850000,2850000
KAB. TANGGAMUS,DINAS KOMUNIKASI DAN INFORMATIKA - 2.16.2.20.2.21.04.0000,01KVYEXSV7TNY5M8MPQQRZF9A0,66007827,2026,E-Katalog 6.0,APBD,BRATA POS MEDIA,E-Purchasing,Jasa Lainnya,Belanja Langganan Jurnal/Surat Kabar/Majalah,ON PROCESS,5699998,5699998
KAB. TANGGAMUS,"BADAN PERENCANAAN PEMBANGUNAN, RISET DAN INOVASI DAERAH - 5.01.5.05.0.00.01.0000",10934163000,67230800,2026,Pencatatan,APBD,,Pengadaan Langsung,Pengadaan Barang,Belanja Makanan dan Minuman Rapat - Sub Kegiatan Koordinasi Pelaksanaan Forum Perangkat Daerah/Lintas Perangkat Daerah (PMPEPD),PAKET SELESAI,1603800,1603800
KAB. TANGGAMUS,SEKRETARIAT DPRD - 4.02.0.00.0.00.01.0000,01KKTNWQZV70M9SQX71GE9CYT8,63313099,2026,E-Katalog 6.0,APBD,SINARMERDEKA JAYA LAMPUNG,E-Purchasing,Jasa Lainnya," Belanja Langganan Jurnal/Surat Kabar/Majalah",PAYMENT OUTSIDE SYSTEM,4750000,4750000
KAB. TANGGAMUS,SEKRETARIAT DPRD - 4.02.0.00.0.00.01.0000,01KKK2S623WDYSQTRCV6KD46FE,63313099,2026,E-Katalog 6.0,APBD,SIGER MEDIA LAMPUNG,E-Purchasing,Jasa Lainnya," Belanja Langganan Jurnal/Surat Kabar/Majalah",PAYMENT OUTSIDE SYSTEM,9000000,9000000
KAB. TANGGAMUS,DINAS KOMUNIKASI DAN INFORMATIKA - 2.16.2.20.2.21.04.0000,01KKK7E2MMX19B3YWWYXSBYTY7,66007827,2026,E-Katalog 6.0,APBD,DJADIN PANTAU MEDIA,E-Purchasing,Jasa Lainnya,Belanja Langganan Jurnal/Surat Kabar/Majalah,ON PROCESS,1900000,1900000
KAB. TANGGAMUS,SEKRETARIAT DPRD - 4.02.0.00.0.00.01.0000,01KWXMQH4G0KPJNBA4W3A80149,63313099,2026,E-Katalog 6.0,APBD,PENUTUR KREASI MUDA,E-Purchasing,Jasa Lainnya," Belanja Langganan Jurnal/Surat Kabar/Majalah",ON PROCESS,950000,950000
KAB. TANGGAMUS,DINAS PEKERJAAN UMUM DAN PERUMAHAN RAKYAT - 1.03.1.04.2.10.10.0000,10145973000,67314492,2026,Tender,APBD,,Seleksi,Jasa Konsultansi Badan Usaha Konstruksi,Pengawasan Teknis Pemeliharaan Berkala Wilayah Barat,BERLANGSUNG,246618000,246618000
KAB. TANGGAMUS,SEKRETARIAT DPRD - 4.02.0.00.0.00.01.0000,01KKTVBCSZ1Q5VEWFANJJYC3PM,63313099,2026,E-Katalog 6.0,APBD,BANYU BIRU MULTIMEDIA,E-Purchasing,Jasa Lainnya," Belanja Langganan Jurnal/Surat Kabar/Majalah",PAYMENT OUTSIDE SYSTEM,2850000,2850000
KAB. TANGGAMUS,DINAS KOMUNIKASI DAN INFORMATIKA - 2.16.2.20.2.21.04.0000,01KKGV9ZSE7XTJR8R19GDQA79B,66007827,2026,E-Katalog 6.0,APBD,MULTI INDO GRAFIKA,E-Purchasing,Jasa Lainnya,Belanja Langganan Jurnal/Surat Kabar/Majalah,ON PROCESS,4750000,4750000
KAB. TANGGAMUS,SEKRETARIAT DPRD - 4.02.0.00.0.00.01.0000,01KWK00ZX2D1P8S55M4E77N048,63313099,2026,E-Katalog 6.0,APBD,TONAS TEGOU CAHYOU,E-Purchasing,Jasa Lainnya," Belanja Langganan Jurnal/Surat Kabar/Majalah",ON PROCESS,4750000,4750000
KAB. TANGGAMUS,BAGIAN UMUM SEKRETARIAT DAERAH - 4.01.5.06.0.00.01.0007,01KFWJX204YKDETFTFT8KBX8AR,63823470,2026,E-Katalog 6.0,APBD,SWARA ANTAR NUSA,E-Purchasing,Jasa Lainnya,Belanja Sewa Alat Kantor Lainnya,ON PROCESS,45500000,45500000
KAB. TANGGAMUS,"BADAN PERENCANAAN PEMBANGUNAN, RISET DAN INOVASI DAERAH - 5.01.5.05.0.00.01.0000",01KJVQ087NHT7V22WT1RXCDS82,64383627,2026,E-Katalog 6.0,"APBD,APBDP",ABID FAMILI,E-Purchasing,Barang,Belanja Alat/Bahan untuk Kegiatan Kantor-Alat Tulis Kantor,PAYMENT OUTSIDE SYSTEM,1078476,1078476
KAB. TANGGAMUS,BAGIAN UMUM SEKRETARIAT DAERAH - 4.01.5.06.0.00.01.0007,01KNRJS7GFRA1WJ9FNBEPYAGNJ,63605333,2026,E-Katalog 6.0,APBD,HENIWATI,E-Purchasing,Jasa Lainnya,Belanja Makanan Dan Minuman Tamu Pemerintah Daerah,PAYMENT OUTSIDE SYSTEM,8000000,8000000
KAB. TANGGAMUS,PLT.DINAS KESEHATAN - 1.02.0.00.0.00.01.0000,01KTJGJD0QWAFMS2M8PT2EQSWF,67261334,2026,E-Katalog 6.0,APBD,ABDUL AZIS,E-Purchasing,Barang,Belanja Makanan dan Minuman Rapat Pengelolaan Pelayanan Kesehatan Orang dengan Gangguan Jiwa Berat,ON PROCESS,3258000,3258000
KAB. TANGGAMUS,BAGIAN UMUM SEKRETARIAT DAERAH - 4.01.5.06.0.00.01.0007,01KS205465PCTVNH9CFQ6B0PEH,66802447,2026,E-Katalog 6.0,APBD,SWARA ANTAR NUSA,E-Purchasing,Jasa Lainnya,Belanja Pakaian Batik Tradisional,PAYMENT OUTSIDE SYSTEM,21700000,21700000
KAB. TANGGAMUS,SEKRETARIAT DPRD - 4.02.0.00.0.00.01.0000,01KS4C0D1ES9MBRYJA7F39W0M7,63313099,2026,E-Katalog 6.0,APBD,TUGAS BANGSA JAYA,E-Purchasing,Jasa Lainnya," Belanja Langganan Jurnal/Surat Kabar/Majalah",ON PROCESS,1900000,1900000
KAB. TANGGAMUS,BAGIAN UMUM SEKRETARIAT DAERAH - 4.01.5.06.0.00.01.0007,01KK12KM2ACVXM69EG1Q8PEDBX,66210862,2026,E-Katalog 6.0,APBD,HARIA FITRI. S,E-Purchasing,Jasa Lainnya,"Belanja Pemeliharaan, Pembelian Aksesoris dan Ban Kendaraan Dinas Roda 4 dan Kendaraan Dinas Roda 2",PAYMENT OUTSIDE SYSTEM,110107000,110107000
KAB. TANGGAMUS,SEKRETARIAT DPRD - 4.02.0.00.0.00.01.0000,01KKTH0G1SRG2QAWFVPSCZ726M,63313099,2026,E-Katalog 6.0,APBD,OPTIMAL LAMPUNG MEDIA,E-Purchasing,Jasa Lainnya," Belanja Langganan Jurnal/Surat Kabar/Majalah",PAYMENT OUTSIDE SYSTEM,4750000,4750000
KAB. TANGGAMUS,DINAS KOMUNIKASI DAN INFORMATIKA - 2.16.2.20.2.21.04.0000,01KVT9XAAVBD77EYPYN3YZ0TGC,66007827,2026,E-Katalog 6.0,APBD,SELIDIK POST INDONESIA,E-Purchasing,Jasa Lainnya,Belanja Langganan Jurnal/Surat Kabar/Majalah,ON PROCESS,9500000,9500000
KAB. TANGGAMUS,PUSKESMAS WAY NIPAH - 1.02.0.00.0.00.01.0008,01KWVYAV4VBRM9CB2NJZB10V6F,66813719,2026,E-Katalog 6.0,APBD,BERKAH WISESHA,E-Purchasing,Barang,"Belanja bahan, dan penyiapan PMT lokal Balita Bermasalah Gizi",ON PROCESS,24866919,24866919
KAB. TANGGAMUS,BAGIAN UMUM SEKRETARIAT DAERAH - 4.01.5.06.0.00.01.0007,01KQVQC2DVDYR2GET3KS78BYCG,66923060,2026,E-Katalog 6.0,APBD,ZIDAN PRATAMA,E-Purchasing,Barang,Belanja Speaker Portable Hardwell New RX 15 Pro,ON PROCESS,49499895,49499895
KAB. TANGGAMUS,SEKRETARIAT DPRD - 4.02.0.00.0.00.01.0000,01KNP1V6GPSTABX0JHG1V4DS89,63313099,2026,E-Katalog 6.0,APBD,MULTIMEDIA BUKTI PETUNJUK,E-Purchasing,Jasa Lainnya," Belanja Langganan Jurnal/Surat Kabar/Majalah",PAYMENT OUTSIDE SYSTEM,950000,950000
KAB. TANGGAMUS,SEKRETARIAT DPRD - 4.02.0.00.0.00.01.0000,01KWVX9F7PVJYDRYAER5500W8F,63313099,2026,E-Katalog 6.0,APBD,HIKMAH KIRANA FATRIALIS,E-Purchasing,Jasa Lainnya," Belanja Langganan Jurnal/Surat Kabar/Majalah",ON PROCESS,285000,285000
KAB. TANGGAMUS,RUMAH SAKIT UMUM DAERAH BATIN MANGUNANG KOTA AGUNG - 1.02.0.00.0.00.01.0001,01KJSBY8PKR4BNJJY7KW78P8RP,66165710,2026,E-Katalog 6.0,APBD,GE OPERATIONS INDONESIA,E-Purchasing,Barang,Belanja Modal Alat Kesehatan Umum Lainnya,ON PROCESS,806000001,0
KAB. TANGGAMUS,DINAS PEKERJAAN UMUM DAN PERUMAHAN RAKYAT - 1.03.1.04.2.10.10.0000,10145964000,67314882,2026,Tender,APBD,,Seleksi,Jasa Konsultansi Badan Usaha Konstruksi,Pengawasan Teknis Pembangunan Jalan Wilayah Selatan,BERLANGSUNG,145917000,145917000
KAB. TANGGAMUS,SEKRETARIAT DPRD - 4.02.0.00.0.00.01.0000,01KNRF3WWNB2CSR58B2N0E3BW5,63313099,2026,E-Katalog 6.0,APBD,BUANA INTI MEDIA,E-Purchasing,Jasa Lainnya," Belanja Langganan Jurnal/Surat Kabar/Majalah",PAYMENT OUTSIDE SYSTEM,2850000,2850000
KAB. TANGGAMUS,SEKRETARIAT DPRD - 4.02.0.00.0.00.01.0000,01KNS2MXNEJVHN2BWXRAJFAQES,66873355,2026,E-Katalog 6.0,APBD,AHON BAKRY AND CAKE,E-Purchasing,Barang,Makan minum rapat paripurna dan PAW ,ON PROCESS,312700000,312700000
KAB. TANGGAMUS,BAGIAN HUKUM SEKRETARIAT DAERAH - 4.01.5.06.0.00.01.0003,01KN6S83R9R3NM6YQSAN7G0MYM,63884521,2026,E-Katalog 6.0,APBD,LANGGENG JAYA TANGGAMUS,E-Purchasing,Barang,BELANJA FOTOCOPY,PAYMENT OUTSIDE SYSTEM,806719,806719
KAB. TANGGAMUS,DINAS KOMUNIKASI DAN INFORMATIKA - 2.16.2.20.2.21.04.0000,01KS6WHHM9RQV089PQGT1EPDJV,66007827,2026,E-Katalog 6.0,APBD,PANDAWA CITRA MULTIMEDIA,E-Purchasing,Jasa Lainnya,Belanja Langganan Jurnal/Surat Kabar/Majalah,ON PROCESS,9500000,9500000
KAB. TANGGAMUS,BAGIAN PERENCANAAN DAN KEUANGAN SEKRETARIAT DAERAH - 4.01.5.06.0.00.01.0010,01KJY3YJRBDHKBAZCPMZ75S96X,63794912,2026,E-Katalog 6.0,APBD,ALGHIF JAYA,E-Purchasing,Barang,Belanja Alat/Bahan untuk Kegiatan Kantor- Bahan Cetak ,PAYMENT OUTSIDE SYSTEM,1198800,1198800
KAB. TANGGAMUS,BAGIAN UMUM SEKRETARIAT DAERAH - 4.01.5.06.0.00.01.0007,01KGRNVSEBVJ8NEK6CZ3CRND7T,63537393,2026,E-Katalog 6.0,APBD,SWARA ANTAR NUSA,E-Purchasing,Barang,Belanja Pakaian Dinas Upacara (PDU) Bupati dan Wakil Bupati,ON PROCESS,11700000,11700000
KAB. TANGGAMUS,SEKRETARIAT DPRD - 4.02.0.00.0.00.01.0000,01KMM4SSYKFY515RD80QE0SPE2,63313099,2026,E-Katalog 6.0,APBD,MEDIA NEWS CENTER,E-Purchasing,Jasa Lainnya," Belanja Langganan Jurnal/Surat Kabar/Majalah",PAYMENT OUTSIDE SYSTEM,950000,950000
KAB. TANGGAMUS,SEKRETARIAT DPRD - 4.02.0.00.0.00.01.0000,01KNRE6QDTVWQ1P07B54CY3WDG,63313099,2026,E-Katalog 6.0,APBD,PIKIRAN LAMPUNG BERJAYA,E-Purchasing,Jasa Lainnya," Belanja Langganan Jurnal/Surat Kabar/Majalah",PAYMENT OUTSIDE SYSTEM,2850000,2850000
KAB. TANGGAMUS,PUSKESMAS SUDIMORO - 1.02.0.00.0.00.01.0004,01KRDE6J0YPGD4TK9M7538ATEZ,67111106,2026,E-Katalog 6.0,APBD,BERNOFARM,E-Purchasing,Barang,Belanja Barang dan Jasa BLUD,ON PROCESS,4221613,4221613
KAB. TANGGAMUS,DINAS KOMUNIKASI DAN INFORMATIKA - 2.16.2.20.2.21.04.0000,01KRZED8VJ44ZYNMCMGTA7HVBF,66007827,2026,E-Katalog 6.0,APBD,INTISARI BERITA LAMPUNG,E-Purchasing,Jasa Lainnya,Belanja Langganan Jurnal/Surat Kabar/Majalah,ON PROCESS,4750000,4750000
KAB. TANGGAMUS,SEKRETARIAT DPRD - 4.02.0.00.0.00.01.0000,01KNP13BNC3S77HNBB40MA1RE8,63313099,2026,E-Katalog 6.0,APBD,ALTERI JAYA MEDIA,E-Purchasing,Jasa Lainnya," Belanja Langganan Jurnal/Surat Kabar/Majalah",PAYMENT OUTSIDE SYSTEM,285000,285000
KAB. TANGGAMUS,BAGIAN ORGANISASI SEKRETARIAT DAERAH - 4.01.5.06.0.00.01.0008,01KKBCTAXTGHY0NV41BPXR9BGX,63404038,2026,E-Katalog 6.0,APBD,WE DHE WE,E-Purchasing,Jasa Lainnya,Belanja Alat/Bahan untuk Kegiatan Kantor- Bahan Cetak,PAYMENT OUTSIDE SYSTEM,22299900,22299900
KAB. TANGGAMUS,BAGIAN KERJASAMA SEKRETARIAT DAERAH - 4.01.5.06.0.00.01.0004,01KSF2H3WH33GPHEJC19ZK2378,64046727,2026,E-Katalog 6.0,APBD,ABID FAMILI,E-Purchasing,Barang,Belanja Alat/Bahan untuk Kegiatan Kantor - Alat Tulis Kantor,ON PROCESS,1600065,1600065
KAB. TANGGAMUS,SEKRETARIAT DPRD - 4.02.0.00.0.00.01.0000,01KWK59WTJM3BDR9YQNS0MTATT,63313099,2026,E-Katalog 6.0,APBD,MASA KINI MANDIRI,E-Purchasing,Jasa Lainnya," Belanja Langganan Jurnal/Surat Kabar/Majalah",ON PROCESS,4750000,4750000
KAB. TANGGAMUS,DINAS KOMUNIKASI DAN INFORMATIKA - 2.16.2.20.2.21.04.0000,01KKGNFQA4BVRR688R9BGCDRS5,66007827,2026,E-Katalog 6.0,APBD,GLOBAL JAYA GRAFIKA,E-Purchasing,Jasa Lainnya,Belanja Langganan Jurnal/Surat Kabar/Majalah,ON PROCESS,4750000,4750000
KAB. TANGGAMUS,SEKRETARIAT DPRD - 4.02.0.00.0.00.01.0000,01KMYJ7A8WEYFXBEF0QDSJ90TK,63313099,2026,E-Katalog 6.0,APBD,AFIQA JEA INTERMEDIA,E-Purchasing,Jasa Lainnya," Belanja Langganan Jurnal/Surat Kabar/Majalah",PAYMENT OUTSIDE SYSTEM,285000,285000
KAB. TANGGAMUS,BAGIAN UMUM SEKRETARIAT DAERAH - 4.01.5.06.0.00.01.0007,01KGRM42Y4NS7K0N612CMQJC4Z,63579815,2026,E-Katalog 6.0,APBD,SWARA ANTAR NUSA,E-Purchasing,Barang,Belanja Pakaian Dinas Harian (PDH),ON PROCESS,5600000,5600000
KAB. TANGGAMUS,DINAS KOMUNIKASI DAN INFORMATIKA - 2.16.2.20.2.21.04.0000,01KKJZ9P2MDAJ1DYSCQDGWVD88,66007827,2026,E-Katalog 6.0,APBD,MEDIA INDAH PERKASA,E-Purchasing,Jasa Lainnya,Belanja Langganan Jurnal/Surat Kabar/Majalah,ON PROCESS,2850000,2850000
KAB. TANGGAMUS,INSPEKTORAT DAERAH - 6.01.0.00.0.00.01.0000,01KV503S92YWFY6K8EJWJC8VFK,66911209,2026,E-Katalog 6.0,APBD,BERTIGA JAYA,E-Purchasing,Barang,Belanja Modal Peralatan Personal Computer,ON PROCESS,5994000,5994000
KAB. TANGGAMUS,BAGIAN UMUM SEKRETARIAT DAERAH - 4.01.5.06.0.00.01.0007,01KKDGBJJ9ABNE6TTB2N1KZ3WP,63537297,2026,E-Katalog 6.0,APBD,SWARA ANTAR NUSA,E-Purchasing,Barang,Belanja Pakaian Dinas Harian (PDH),PAYMENT OUTSIDE SYSTEM,8400000,8400000
KAB. TANGGAMUS,SEKRETARIAT DPRD - 4.02.0.00.0.00.01.0000,01KWVKEVVZ6XCCB369YMPG2NNZ,63313099,2026,E-Katalog 6.0,APBD,SAKA NEWS BRILLIANT,E-Purchasing,Jasa Lainnya," Belanja Langganan Jurnal/Surat Kabar/Majalah",ON PROCESS,2850000,2850000
KAB. TANGGAMUS,DINAS KOMUNIKASI DAN INFORMATIKA - 2.16.2.20.2.21.04.0000,01KKJQ3D65AMFCKXR3697YDS3M,66007827,2026,E-Katalog 6.0,APBD,INTAI MEDIA GROUP,E-Purchasing,Jasa Lainnya,Belanja Langganan Jurnal/Surat Kabar/Majalah,ON PROCESS,2850000,2850000
KAB. TANGGAMUS,PLT.DINAS KESEHATAN - 1.02.0.00.0.00.01.0000,01KJBXES878NTCZYZDQ7JK23DT,65947556,2026,E-Katalog 6.0,APBD,KIMIA FARMA TRADING & DISTRIBUTION,E-Purchasing,Barang,Pengadaan Larvasida Malaria,ON PROCESS,29693610,29693610
KAB. TANGGAMUS,SEKRETARIAT DPRD - 4.02.0.00.0.00.01.0000,01KKTP0Q1G68SPTKED2NEAYAYN,63313099,2026,E-Katalog 6.0,APBD,GEMA MEDIA AKBAR,E-Purchasing,Jasa Lainnya," Belanja Langganan Jurnal/Surat Kabar/Majalah",PAYMENT OUTSIDE SYSTEM,2850000,2850000
KAB. TANGGAMUS,PLT.DINAS KESEHATAN - 1.02.0.00.0.00.01.0000,01KQEFE4YYA67DQZ92KCZH6V5A,67050112,2026,E-Katalog 6.0,APBD,ABID FAMILI,E-Purchasing,Barang,Belanja Alat/Bahan untuk Kegiatan Kantor- Bahan Cetak Subkegiatan Pelaksanaan Penatausahaan dan Pengujian/Verifikasi Keuangan SKPD,ON PROCESS,3596400,3596400
KAB. TANGGAMUS,DINAS KEPENDUDUKAN DAN PENCATATAN SIPIL - 2.12.2.12.0.00.01.0000,01KQRR4Z1NNS11DWHSPERNXANX,62907306,2026,E-Katalog 6.0,APBD,ALGHIF JAYA,E-Purchasing,Barang,Belanja Fotocopy,PAYMENT OUTSIDE SYSTEM,12137850,12137850
KAB. TANGGAMUS,BADAN KEPEGAWAIAN DAN PENGEMBANGAN SUMBER DAYA MANUSIA - 5.03.5.04.0.00.01.0000,01KS27Z4C9BCQBGCARRMGS0RQS,63305162,2026,E-Katalog 6.0,APBD,CV Solusi Arya Prima Lampung,E-Purchasing,Barang,Belanja Modal Personal Computer,ON PROCESS,190499995,190499995
KAB. TANGGAMUS,SEKRETARIAT DPRD - 4.02.0.00.0.00.01.0000,01KNRC1E5P7JW4XPGF4CT5C94T,63313099,2026,E-Katalog 6.0,APBD,ABIZARD MEDIA PRATAMA,E-Purchasing,Jasa Lainnya," Belanja Langganan Jurnal/Surat Kabar/Majalah",PAYMENT OUTSIDE SYSTEM,4750000,4750000
KAB. TANGGAMUS,DINAS SOSIAL - 1.06.0.00.0.00.01.0000,01KRZ4DJ7WJMFC19QKHGKT0SMC,67028327,2026,E-Katalog 6.0,APBD,EFIKA REZA,E-Purchasing,Barang,Penyediaan Permakanan,PAYMENT OUTSIDE SYSTEM,56760000,56760000
KAB. TANGGAMUS,DINAS PEKERJAAN UMUM DAN PERUMAHAN RAKYAT - 1.03.1.04.2.10.10.0000,10146007000,67314184,2026,Tender,APBD,,Seleksi,Jasa Konsultansi Badan Usaha Konstruksi,Pengawasan Teknis Pemeliharaan Berkala Wilayah Timur,BERLANGSUNG,220905000,220905000
KAB. TANGGAMUS,DINAS KOMUNIKASI DAN INFORMATIKA - 2.16.2.20.2.21.04.0000,01KKKTCYKKJNAR4GB6M0SA9Z4Q,66007827,2026,E-Katalog 6.0,APBD,ABABIL TRIBUANA MUDA,E-Purchasing,Jasa Lainnya,Belanja Langganan Jurnal/Surat Kabar/Majalah,ON PROCESS,285000,285000
KAB. TANGGAMUS,DINAS PERHUBUNGAN - 2.15.0.00.0.00.01.0000,01KPQEMKSKNZ7Y0G8NQGQW36HB,66133152,2026,E-Katalog 6.0,APBD,WAY LALAAN,E-Purchasing,Jasa Lainnya,Belanja Alat/Bahan untuk Kegiatan Kantor-Alat Listrik,PAYMENT OUTSIDE SYSTEM,87539040,87539040
KAB. TANGGAMUS,PLT.DINAS KESEHATAN - 1.02.0.00.0.00.01.0000,01KJ6S42VA8Q99SCAF7X0N3G0M,65110598,2026,E-Katalog 6.0,APBD,MEPROFARM,E-Purchasing,Barang," Pengadaan Obat Pelayanan Kesehatan Dasar (DAU)",ON PROCESS,1992304035,1992304035
KAB. TANGGAMUS,BAGIAN UMUM SEKRETARIAT DAERAH - 4.01.5.06.0.00.01.0007,01KGRPWHTK473WD7NR6KDYRA85,63537248,2026,E-Katalog 6.0,APBD,SWARA ANTAR NUSA,E-Purchasing,Barang,Belanja Pakaian Sipil Lengkap (PSL) Bupati dan Wakil Bupati,ON PROCESS,15600000,15600000
KAB. TANGGAMUS,DINAS KOMUNIKASI DAN INFORMATIKA - 2.16.2.20.2.21.04.0000,01KPA7R36HTDZ8CWYSG7EZJQFP,66007827,2026,E-Katalog 6.0,APBD,SAKA NEWS BRILLIANT,E-Purchasing,Jasa Lainnya,Belanja Langganan Jurnal/Surat Kabar/Majalah,ON PROCESS,2850000,2850000
KAB. TANGGAMUS,DINAS PARIWISATA DAN KEBUDAYAAN - 3.26.2.22.2.19.02.0000,01KMMGQ9STZ1P4S1JGSCDVYA6A,64333615,2026,E-Katalog 6.0,APBD,LANGGENG JAYA TANGGAMUS,E-Purchasing,Barang,Belanja Bahan Cetak,PAYMENT OUTSIDE SYSTEM,4460224,4460224
KAB. TANGGAMUS,"BADAN PERENCANAAN PEMBANGUNAN, RISET DAN INOVASI DAERAH - 5.01.5.05.0.00.01.0000",01KRABKJF2078H7KPH6WRFRP6H,64356149,2026,E-Katalog 6.0,"APBD,APBDP",ABID FAMILI,E-Purchasing,Barang,Belanja Alat/Bahan untuk Kegiatan Kantor-Alat Tulis Kantor Asistensi Penyusunan Dokumen Perencanaan Pembangunan Perangkat Daerah Bidang infrastruktur,PAYMENT OUTSIDE SYSTEM,2086062,2086062
KAB. TANGGAMUS,SEKRETARIAT DPRD - 4.02.0.00.0.00.01.0000,01KWXGKQ4N05Q8KXDH99G9XDT0,63313099,2026,E-Katalog 6.0,APBD,EMPAT BERSAUDARA INDOTAMA,E-Purchasing,Jasa Lainnya," Belanja Langganan Jurnal/Surat Kabar/Majalah",ON PROCESS,1900000,1900000
KAB. TANGGAMUS,BAGIAN UMUM SEKRETARIAT DAERAH - 4.01.5.06.0.00.01.0007,01KGRHBW5VNJJG11HY4ED1HQP3,65401835,2026,E-Katalog 6.0,APBD,SWARA ANTAR NUSA,E-Purchasing,Barang,"Belanja Pakaian Sipil Resmi (PSR) Belanja Pakaian Sipil Resmi (PSR) Sekretaris Daerah, Assisten dan Staf Ahli",ON PROCESS,8400000,8400000
KAB. TANGGAMUS,BAGIAN UMUM SEKRETARIAT DAERAH - 4.01.5.06.0.00.01.0007,01KGKZQ49X7JCVSAEWSCV1JEKT,65478563,2026,E-Katalog 6.0,APBD,SWARA ANTAR NUSA,E-Purchasing,Jasa Lainnya,4.01.01.2.05.00025.1.02.01.001.00075,PAYMENT OUTSIDE SYSTEM,8400000,8400000
KAB. TANGGAMUS,DINAS KOMUNIKASI DAN INFORMATIKA - 2.16.2.20.2.21.04.0000,01KVTAMZRSYHYVW0ZF09SBQ76N,66005396,2026,E-Katalog 6.0,APBD,SIGER MEDIA LAMPUNG,E-Purchasing,Jasa Lainnya,"Belanja Jasa Iklan/Reklame, Film, dan Pemotretan",ON PROCESS,28500000,28500000
KAB. TANGGAMUS,SEKRETARIAT DPRD - 4.02.0.00.0.00.01.0000,01KWVNEDYEW8VTYJA6KZ2E5A3Y,63313099,2026,E-Katalog 6.0,APBD,GUBA JAYA MEDIA,E-Purchasing,Jasa Lainnya," Belanja Langganan Jurnal/Surat Kabar/Majalah",ON PROCESS,2850000,2850000
KAB. TANGGAMUS,SEKRETARIAT DPRD - 4.02.0.00.0.00.01.0000,01KWH50QBV2ZHBF5PRY11DWKC6,63313099,2026,E-Katalog 6.0,APBD,GLOBAL JAYA GRAFIKA,E-Purchasing,Jasa Lainnya," Belanja Langganan Jurnal/Surat Kabar/Majalah",ON PROCESS,4750000,4750000
KAB. TANGGAMUS,SEKRETARIAT DPRD - 4.02.0.00.0.00.01.0000,01KNRBZ5C25Y6C6JVHDBY2CQVC,63313099,2026,E-Katalog 6.0,APBD,MEDIA ZASKIA PUTRI,E-Purchasing,Jasa Lainnya," Belanja Langganan Jurnal/Surat Kabar/Majalah",PAYMENT OUTSIDE SYSTEM,4750000,4750000
KAB. TANGGAMUS,PLT.DINAS KESEHATAN - 1.02.0.00.0.00.01.0000,01KQ66Q8XW1W8EXJ8BYNZ8899G,65111259,2026,E-Katalog 6.0,APBD,ANDALAN MANFAAT INDONESIA,E-Purchasing,Jasa Lainnya,Jasa Kalibrasi Alat Kesehatan (BOK),ON PROCESS,122005650,122005650
KAB. TANGGAMUS,SEKRETARIAT DPRD - 4.02.0.00.0.00.01.0000,01KWK41B04D5FGVMNW7WHH7779,63313099,2026,E-Katalog 6.0,APBD,LAMPUNG MULTIMEDIA INDONESIA,E-Purchasing,Jasa Lainnya," Belanja Langganan Jurnal/Surat Kabar/Majalah",ON PROCESS,4750000,4750000
KAB. TANGGAMUS,SEKRETARIAT DPRD - 4.02.0.00.0.00.01.0000,01KX0EHCHKPKKCEZ23ESG8ZEXG,63312241,2026,E-Katalog 6.0,APBD,SIGER MEDIA LAMPUNG,E-Purchasing,Jasa Lainnya,"Belanja Jasa Iklan/Reklame, Film, dan Pemotretan",ON PROCESS,19000000,19000000
KAB. TANGGAMUS,DINAS PARIWISATA DAN KEBUDAYAAN - 3.26.2.22.2.19.02.0000,01KJ7BJCY28Z2FBSSHGBRKRBF9,63530925,2026,E-Katalog 6.0,APBD,LANGGENG JAYA TANGGAMUS,E-Purchasing,Barang,Belanja Alat/Bahan untuk Kegiatan Kantor-Alat Tulis Kantor,PAYMENT OUTSIDE SYSTEM,1052502,1052502
KAB. TANGGAMUS,DINAS KEPENDUDUKAN DAN PENCATATAN SIPIL - 2.12.2.12.0.00.01.0000,01KRZM5264DD69W9MW2RYZHBSM,62900474,2026,E-Katalog 6.0,APBD,LANGGENG JAYA TANGGAMUS,E-Purchasing,Barang,Belanja Reffil Toner ( Pelayanan ),PAYMENT OUTSIDE SYSTEM,16650000,16650000
KAB. TANGGAMUS,BAGIAN UMUM SEKRETARIAT DAERAH - 4.01.5.06.0.00.01.0007,01KGREWVYGYNP774Q9VR8P1S5G,63581182,2026,E-Katalog 6.0,APBD,SWARA ANTAR NUSA,E-Purchasing,Barang,"Belanja Pakaian Sipil Resmi (PSR) Belanja Pakaian Adat Daerah Sekretaris Daerah, Assisten dan Staf Ahli",ON PROCESS,17400000,17400000
KAB. TANGGAMUS,PUSKESMAS TALANG PADANG - 1.02.0.00.0.00.01.0014,01KPYG2R07Q6B4KXWT40WXQP87,66843100,2026,E-Katalog 6.0,APBD,PUTRA TEKNIK,E-Purchasing,Barang,Belanja Barang dan Jasa BLUD,COMPLETED,35964000,35964000
KAB. TANGGAMUS,SEKRETARIAT DPRD - 4.02.0.00.0.00.01.0000,01KWXST8M59YD37G6N48BGR3W8,63313099,2026,E-Katalog 6.0,APBD,NARASI INDONESIA MEDIA ABADI,E-Purchasing,Jasa Lainnya," Belanja Langganan Jurnal/Surat Kabar/Majalah",ON PROCESS,1900000,1900000
KAB. TANGGAMUS,DINAS KOMUNIKASI DAN INFORMATIKA - 2.16.2.20.2.21.04.0000,01KKK9AV1HQWBJXTJ3C8XN80PR,66007827,2026,E-Katalog 6.0,APBD,MEDIA NEWS CENTER,E-Purchasing,Jasa Lainnya,Belanja Langganan Jurnal/Surat Kabar/Majalah,ON PROCESS,950000,950000
KAB. TANGGAMUS,SEKRETARIAT DPRD - 4.02.0.00.0.00.01.0000,01KS278YGBKGE76JWJJRDDQXM5,63313099,2026,E-Katalog 6.0,APBD,BINTANG ANSAR JAYA,E-Purchasing,Jasa Lainnya," Belanja Langganan Jurnal/Surat Kabar/Majalah",ON PROCESS,285000,285000
KAB. TANGGAMUS,"BADAN PERENCANAAN PEMBANGUNAN, RISET DAN INOVASI DAERAH - 5.01.5.05.0.00.01.0000",01KKG5TAB66AFAZZGVEKSF57WG,64091642,2026,E-Katalog 6.0,APBD,SWARA ANTAR NUSA,E-Purchasing,Barang,Belanja Modal Alat Kantor Lainnya - Sub Kegiatan Pelaksanaan Musrenbang Kabupaten/Kota (PMPEPD),PAYMENT OUTSIDE SYSTEM,48000000,48000000
KAB. TANGGAMUS,BAGIAN PENGADAAN BARANG DAN JASA SEKRETARIAT DAERAH - 4.01.5.06.0.00.01.0006,01KNRGVQV1WA01DJYX0K4CY53S,63563795,2026,E-Katalog 6.0,APBD,CV Solusi Arya Prima Lampung,E-Purchasing,Barang,Belanja Modal Personal Computer,ON PROCESS,49800001,0
KAB. TANGGAMUS,BAGIAN UMUM SEKRETARIAT DAERAH - 4.01.5.06.0.00.01.0007,01KFFD28013074W9QFGYF4MXA2,63823470,2026,E-Katalog 6.0,APBD,SWARA ANTAR NUSA,E-Purchasing,Jasa Lainnya,Belanja Sewa Alat Kantor Lainnya,ON PROCESS,4500000,4500000
KAB. TANGGAMUS,"BADAN PERENCANAAN PEMBANGUNAN, RISET DAN INOVASI DAERAH - 5.01.5.05.0.00.01.0000",01KWK223JD07QW89NTGTZQJ8QB,64518659,2026,E-Katalog 6.0,APBD,LANGGENG JAYA TANGGAMUS,E-Purchasing,Barang,Belanja Alat/Bahan untuk Kegiatan Kantor-Alat Tulis Kantor Sub Kegiatan Penyediaan Bahan/Material,ON PROCESS,4126203,4126203
KAB. TANGGAMUS,DINAS KOMUNIKASI DAN INFORMATIKA - 2.16.2.20.2.21.04.0000,01KKK8E8A8PWNZ94TK110ASWMR,66007827,2026,E-Katalog 6.0,APBD,PEWARTA GROUP MEDIA NUSANTARA,E-Purchasing,Jasa Lainnya,Belanja Langganan Jurnal/Surat Kabar/Majalah,ON PROCESS,950000,950000
KAB. TANGGAMUS,SEKRETARIAT DPRD - 4.02.0.00.0.00.01.0000,01KKTRRHSB2EDEV3DPMYQQBDXW,63313099,2026,E-Katalog 6.0,APBD,MIGLOBAL POS NUSANTARA,E-Purchasing,Jasa Lainnya," Belanja Langganan Jurnal/Surat Kabar/Majalah",PAYMENT OUTSIDE SYSTEM,1900000,1900000
KAB. TANGGAMUS,SEKRETARIAT DPRD - 4.02.0.00.0.00.01.0000,01KWK4AD2F5G97GAARXDJG50KW,63313099,2026,E-Katalog 6.0,APBD,PRATAMA INDERPAL MEDIA,E-Purchasing,Jasa Lainnya," Belanja Langganan Jurnal/Surat Kabar/Majalah",ON PROCESS,4750000,4750000
KAB. TANGGAMUS,DINAS KOMUNIKASI DAN INFORMATIKA - 2.16.2.20.2.21.04.0000,01KKGQ31FMYQDJRTHYEP62HTC6,66007827,2026,E-Katalog 6.0,APBD,HEADLINE MULTIMEDIA LAMPUNG,E-Purchasing,Jasa Lainnya,Belanja Langganan Jurnal/Surat Kabar/Majalah,ON PROCESS,4750000,4750000
KAB. TANGGAMUS,DINAS PARIWISATA DAN KEBUDAYAAN - 3.26.2.22.2.19.02.0000,01KVCHENNCC641S9TBP94AMBXG,66775672,2026,E-Katalog 6.0,APBD,AN-NISA,E-Purchasing,Barang,Belanja Makanan dan Minuman Jamuan Tamu,ON PROCESS,6544000,6544000
KAB. TANGGAMUS,DINAS PENANAMAN MODAL DAN PELAYANAN TERPADU SATU PINTU - 2.18.0.00.0.00.01.0000,01KQVJ9ZVRQ49E8DP8XRPFSCZQ,66936112,2026,E-Katalog 6.0,APBD,EFIKA REZA,E-Purchasing,Barang,Belanja Pakaian Batik Tradisional ,PAYMENT OUTSIDE SYSTEM,2639997,2639997
KAB. TANGGAMUS,BADAN PENDAPATAN DAERAH - 5.02.0.00.0.00.02.0000,01KQEGCS22TKFSHZTVP67X1BMW,64261020,2026,E-Katalog 6.0,APBD,MITRA PANCA MANDIRI,E-Purchasing,Barang,Belanja Barang Untuk Dijual/Diserahkan Kepada Pihak Ketiga/Pihak Lain,PAYMENT OUTSIDE SYSTEM,21811500,21811500
KAB. TANGGAMUS,BAGIAN HUKUM SEKRETARIAT DAERAH - 4.01.5.06.0.00.01.0003,01KTK8ZTBA5NXJ1C9EYQF7A9P5,63889213,2026,E-Katalog 6.0,APBD,MELATI JAYA CATERING,E-Purchasing,Barang,BELANJA MAKANAN DAN MINUMAN,ON PROCESS,2835000,2835000
KAB. TANGGAMUS,"BADAN PERENCANAAN PEMBANGUNAN, RISET DAN INOVASI DAERAH - 5.01.5.05.0.00.01.0000",01KJWN7FFWCCNH0YV5GSVX9ART,64519657,2026,E-Katalog 6.0,APBD,LANGGENG JAYA TANGGAMUS,E-Purchasing,Barang,Belanja Alat/Bahan untuk Kegiatan Kantor-Alat Tulis Kantor - Sub Pembinaan dan Pemanfaatan Data dan Informasi Perencanaan Pembangunan Perangkat Daerah,PAYMENT OUTSIDE SYSTEM,1127094,1127094
KAB. TANGGAMUS,SEKRETARIAT DPRD - 4.02.0.00.0.00.01.0000,01KWJZDMT05KB5XP0DQPXC72FN,63313099,2026,E-Katalog 6.0,APBD,INTERMEDIA NUSA BHAKTI,E-Purchasing,Jasa Lainnya," Belanja Langganan Jurnal/Surat Kabar/Majalah",ON PROCESS,4750000,4750000
KAB. TANGGAMUS,BAGIAN UMUM SEKRETARIAT DAERAH - 4.01.5.06.0.00.01.0007,01KW8X09REK4JQQEETRQX183DY,67305746,2026,E-Katalog 6.0,APBD,PRADANA,E-Purchasing,Barang,Belanja Almari Kaca Pajangan Ruang Tunggu Bupati,ON PROCESS,14799630,14799630
KAB. TANGGAMUS,PLT.DINAS KESEHATAN - 1.02.0.00.0.00.01.0000,01KVF0KP71SP8Y2FJ8DBHX2GHG,67330696,2026,E-Katalog 6.0,APBD,ABDUL AZIS,E-Purchasing,Barang,Belanja Makanan dan Minuman Rapat Subkegiatan Pengelolaan Surveilans Kesehatan,ON PROCESS,2854400,2854400
KAB. TANGGAMUS,BAGIAN PERENCANAAN DAN KEUANGAN SEKRETARIAT DAERAH - 4.01.5.06.0.00.01.0010,01KJY4DH0AEGNE5GNJG59F8R91,63799454,2026,E-Katalog 6.0,APBD,ALGHIF JAYA,E-Purchasing,Barang,Belanja Alat/Bahan untuk Kegiatan Kantor- Bahan Cetak,PAYMENT OUTSIDE SYSTEM,1498500,1498500
KAB. TANGGAMUS,BAGIAN KERJASAMA SEKRETARIAT DAERAH - 4.01.5.06.0.00.01.0004,01KKDMV0VK3V0G9KNAT3ADS4XS,64047059,2026,E-Katalog 6.0,APBD,ABID FAMILI,E-Purchasing,Barang,Belanja Alat/Bahan untuk Kegiatan Kantor - Bahan Cetak,ON PROCESS,899100,899100
KAB. TANGGAMUS,SEKRETARIAT DPRD - 4.02.0.00.0.00.01.0000,01KKTEMGFH6E7P9CWYQW2MARAS,63313099,2026,E-Katalog 6.0,APBD,SELIDIK POST INDONESIA,E-Purchasing,Jasa Lainnya," Belanja Langganan Jurnal/Surat Kabar/Majalah",PAYMENT OUTSIDE SYSTEM,4750000,4750000
KAB. TANGGAMUS,PLT.DINAS KESEHATAN - 1.02.0.00.0.00.01.0000,01KJW1C7VM0JJP92YX5WCJA5HJ,65110394,2026,E-Katalog 6.0,APBD,BERNOFARM,E-Purchasing,Barang,Pengadaan Obat Pelayanan Kesehatan Dasar (DAK),PAYMENT OUTSIDE SYSTEM,50505000,50505000
KAB. TANGGAMUS,DINAS PEKERJAAN UMUM DAN PERUMAHAN RAKYAT - 1.03.1.04.2.10.10.0000,10909670000,64417799,2026,Non Tender,APBD,CV. GAGAS NAULI JAYA,Pengadaan Langsung,Jasa Konsultansi Badan Usaha Non Konstruksi,Review Penyusunan DED DAK Air Minum Tahun 2027,BERLANGSUNG,99710190,99710190
KAB. TANGGAMUS,SEKRETARIAT DPRD - 4.02.0.00.0.00.01.0000,01KWVYP5VC2MKYYB7R5XRG09PT,63313099,2026,E-Katalog 6.0,APBD,MEDIA SEMBILAN BERJAYA,E-Purchasing,Jasa Lainnya," Belanja Langganan Jurnal/Surat Kabar/Majalah",ON PROCESS,190000,190000
KAB. TANGGAMUS,BAGIAN UMUM SEKRETARIAT DAERAH - 4.01.5.06.0.00.01.0007,01KPWECG9R4RAW1ZBDHV09DQ2J,65744818,2026,E-Katalog 6.0,APBD,SWARA ANTAR NUSA,E-Purchasing,Jasa Lainnya,Pakaian Sipil Resmi (PSR) Bupati dan Wakil Bupati,PAYMENT OUTSIDE SYSTEM,14700000,14700000
KAB. TANGGAMUS,PLT.DINAS KESEHATAN - 1.02.0.00.0.00.01.0000,01KQ64JBHM22BSW2KWVBX8RBND,66970717,2026,E-Katalog 6.0,APBD,ABDUL AZIS,E-Purchasing,Barang,Belanja Makanan dan Minuman Rapat Subkegiatan Pengelolaan Pelayanan Promosi Kesehatan,ON PROCESS,8740000,8740000
KAB. TANGGAMUS,BAGIAN KESEJAHTERAAN RAKYAT SEKRETARIAT DAERAH - 4.01.5.06.0.00.01.0002,01KJ6WQZ4CJDQVX6J0RT05VF3K,63727298,2026,E-Katalog 6.0,APBD,LANGGENG JAYA TANGGAMUS,E-Purchasing,Jasa Lainnya,Belanja Alat/Bahan untuk Kegiatan Kantor-Alat Tulis Kantor,PAYMENT OUTSIDE SYSTEM,6243195,6243195
KAB. TANGGAMUS,SEKRETARIAT DPRD - 4.02.0.00.0.00.01.0000,01KWKFXYA1S7JQTTQ5P3XKF9JZ,63313099,2026,E-Katalog 6.0,APBD,SULUH MEDIA INDONESIA,E-Purchasing,Jasa Lainnya," Belanja Langganan Jurnal/Surat Kabar/Majalah",ON PROCESS,4750000,4750000
KAB. TANGGAMUS,BAGIAN PERENCANAAN DAN KEUANGAN SEKRETARIAT DAERAH - 4.01.5.06.0.00.01.0010,01KJY489Y3YQHSSGSCS1ZY1192,63820527,2026,E-Katalog 6.0,APBD,ALGHIF JAYA,E-Purchasing,Barang,Belanja Alat/Bahan untuk Kegiatan Kantor- Bahan Cetak,PAYMENT OUTSIDE SYSTEM,1498500,1498500
KAB. TANGGAMUS,BAGIAN UMUM SEKRETARIAT DAERAH - 4.01.5.06.0.00.01.0007,10857526000,67043635,2026,Non Tender,APBD,CV. BIRAWA,Pengadaan Langsung,Pekerjaan Konstruksi,Pemeliharaan Gedung Kantor Setdakab,SELESAI,99070164,99070164
KAB. TANGGAMUS,SEKRETARIAT DPRD - 4.02.0.00.0.00.01.0000,01KWVBAA96JKBT9DTPCDJ6CE4T,63313099,2026,E-Katalog 6.0,APBD,DJADIN MEDIA INSIDER,E-Purchasing,Jasa Lainnya," Belanja Langganan Jurnal/Surat Kabar/Majalah",ON PROCESS,2850000,2850000
KAB. TANGGAMUS,DINAS KOMUNIKASI DAN INFORMATIKA - 2.16.2.20.2.21.04.0000,01KKJKSFGD6N6Q0FAWEPF64WR7,66007827,2026,E-Katalog 6.0,APBD,CAMP TINTA BKP,E-Purchasing,Jasa Lainnya,Belanja Langganan Jurnal/Surat Kabar/Majalah,ON PROCESS,2850000,2850000
KAB. TANGGAMUS,PLT.DINAS KESEHATAN - 1.02.0.00.0.00.01.0000,01KJY25VHT5S7GSHE54MNJP9MF,65110394,2026,E-Katalog 6.0,APBD,KIMIA FARMA TRADING & DISTRIBUTION,E-Purchasing,Barang,Pengadaan Obat Pelayanan Kesehatan Dasar (DAK),PAYMENT OUTSIDE SYSTEM,2973690,2973690
KAB. TANGGAMUS,SEKRETARIAT DPRD - 4.02.0.00.0.00.01.0000,01KTNA16D0CQW924BKM89F2465,63313099,2026,E-Katalog 6.0,APBD,MULTIMEDIA CIPTA MANDIRI,E-Purchasing,Jasa Lainnya," Belanja Langganan Jurnal/Surat Kabar/Majalah",ON PROCESS,57000000,57000000
KAB. TANGGAMUS,DINAS KOMUNIKASI DAN INFORMATIKA - 2.16.2.20.2.21.04.0000,01KKGNM5T4DKR4BR5HGX40GQE5,66007827,2026,E-Katalog 6.0,APBD,GRAFIK CIPTA MEDIA,E-Purchasing,Jasa Lainnya,Belanja Langganan Jurnal/Surat Kabar/Majalah,ON PROCESS,4750000,4750000
KAB. TANGGAMUS,SEKRETARIAT DPRD - 4.02.0.00.0.00.01.0000,01KKTXGX2JES3DDQ63WXD2AJPY,63313099,2026,E-Katalog 6.0,APBD,MENGGALA MEDIA GLOBAL,E-Purchasing,Jasa Lainnya," Belanja Langganan Jurnal/Surat Kabar/Majalah",PAYMENT OUTSIDE SYSTEM,2850000,2850000
KAB. TANGGAMUS,DINAS KOMUNIKASI DAN INFORMATIKA - 2.16.2.20.2.21.04.0000,01KS4K70AWCS8BG1X31EQQ63N2,66007827,2026,E-Katalog 6.0,APBD,GLOBAL MEDIATAMA ADIGUNA,E-Purchasing,Jasa Lainnya,Belanja Langganan Jurnal/Surat Kabar/Majalah,ON PROCESS,1900000,1900000
KAB. TANGGAMUS,BAGIAN UMUM SEKRETARIAT DAERAH - 4.01.5.06.0.00.01.0007,01KH5X5FACVRW8H4K9JNB3RWA4,63823470,2026,E-Katalog 6.0,APBD,MAHARANI GROUP,E-Purchasing,Jasa Lainnya,Belanja Sewa Alat Kantor Lainnya,PAYMENT OUTSIDE SYSTEM,25000000,25000000
KAB. TANGGAMUS,BAGIAN KESEJAHTERAAN RAKYAT SEKRETARIAT DAERAH - 4.01.5.06.0.00.01.0002,01KJ6XW6DGMR37A8NN47XF9YKD,63735049,2026,E-Katalog 6.0,APBD,MELATI JAYA CATERING,E-Purchasing,Jasa Lainnya,Belanja Makanan dan Minuman Jamuan Tamu,PAYMENT OUTSIDE SYSTEM,77400000,77400000
KAB. TANGGAMUS,"BADAN PERENCANAAN PEMBANGUNAN, RISET DAN INOVASI DAERAH - 5.01.5.05.0.00.01.0000",10900157000,67026745,2026,Pencatatan,APBD,CV. RATU INTAN,Pengadaan Langsung,Pengadaan Barang,Belanja Alat /Bahan untuk Kegiatan Kantor - Souvenir/Cendera Mata - Sub Kegiatan Pelaksanaan Konsultasi Publik (PMPEPD),PAKET SELESAI,2500000,2500000
KAB. TANGGAMUS,SEKRETARIAT DPRD - 4.02.0.00.0.00.01.0000,01KN3RCXGDYFXQ6D7HGTDK0131,63313099,2026,E-Katalog 6.0,APBD,SINERGI USAHA NUR,E-Purchasing,Jasa Lainnya," Belanja Langganan Jurnal/Surat Kabar/Majalah",ON PROCESS,950000,950000
KAB. TANGGAMUS,BAGIAN HUKUM SEKRETARIAT DAERAH - 4.01.5.06.0.00.01.0003,01KTK88TPD33N2SR9X1NZBKFZR,63902914,2026,E-Katalog 6.0,APBD,MELATI JAYA CATERING,E-Purchasing,Barang,BELANJA MAKANAN DAN MINUMAN,ON PROCESS,405000,405000
KAB. TANGGAMUS,SEKRETARIAT DPRD - 4.02.0.00.0.00.01.0000,01KKTNCS38077GB356HN8NS28D,63313099,2026,E-Katalog 6.0,APBD,MEDIA AZKA SEJATI,E-Purchasing,Jasa Lainnya," Belanja Langganan Jurnal/Surat Kabar/Majalah",PAYMENT OUTSIDE SYSTEM,4750000,4750000
KAB. TANGGAMUS,DINAS PERKEBUNAN DAN PETERNAKAN - 3.27.0.00.0.00.05.0000,01KJ9TZFZ5C3C8DSN5VFD0C408,65738157,2026,E-Katalog 6.0,APBD,ABID FAMILI,E-Purchasing,Barang,Belanja Alat/Bahan untuk Kegiatan Kantor-Alat Tulis Kantor Keg. Pemanfaatan SDG Hewan/Tanaman,PAYMENT OUTSIDE SYSTEM,743139,743139
KAB. TANGGAMUS,BAGIAN UMUM SEKRETARIAT DAERAH - 4.01.5.06.0.00.01.0007,01KPMES04TNEJ48Q28M2DGYAB1,66923973,2026,E-Katalog 6.0,APBD,HANANIA BERSAUDARA,E-Purchasing,Barang,Pengadaan Kursi Lipat + Sarung untuk GSG,PAYMENT OUTSIDE SYSTEM,120000000,120000000
KAB. TANGGAMUS,SEKRETARIAT DPRD - 4.02.0.00.0.00.01.0000,01KN60D0G9QJY3T5MC3SYMECEH,63313099,2026,E-Katalog 6.0,APBD,RIZKY PRATAMA MANDIRI KAUR,E-Purchasing,Jasa Lainnya," Belanja Langganan Jurnal/Surat Kabar/Majalah",PAYMENT OUTSIDE SYSTEM,2850000,2850000
KAB. TANGGAMUS,SEKRETARIAT DPRD - 4.02.0.00.0.00.01.0000,01KWVY22ETJSYAV1623TVS0KH6,63313099,2026,E-Katalog 6.0,APBD,SUARA SIBER INDONESIA,E-Purchasing,Jasa Lainnya," Belanja Langganan Jurnal/Surat Kabar/Majalah",ON PROCESS,190000,190000
KAB. TANGGAMUS,SEKRETARIAT DPRD - 4.02.0.00.0.00.01.0000,01KWV56WDTWBVKJ3XSEPM9GAKQ,63313099,2026,E-Katalog 6.0,APBD,MEDIA PUTRI CEMPAKA GROUP,E-Purchasing,Jasa Lainnya," Belanja Langganan Jurnal/Surat Kabar/Majalah",ON PROCESS,2850000,2850000
KAB. TANGGAMUS,DINAS PARIWISATA DAN KEBUDAYAAN - 3.26.2.22.2.19.02.0000,01KVA7JFY6YRSFP5AWEWNY92JM,66773985,2026,E-Katalog 6.0,APBD,ANEKA PRINTING JAYA SENTOSA,E-Purchasing,Barang,Belanja Pakaian Dinas Lapangan,ON PROCESS,19758000,19758000
KAB. TANGGAMUS,BAGIAN HUKUM SEKRETARIAT DAERAH - 4.01.5.06.0.00.01.0003,01KTKAA12NSQH71B2AEM56M81E,63882923,2026,E-Katalog 6.0,APBD,LANGGENG JAYA TANGGAMUS,E-Purchasing,Barang,BELANJA ALAT TULIS KANTOR,ON PROCESS,604950,604950
KAB. TANGGAMUS,DINAS KOMUNIKASI DAN INFORMATIKA - 2.16.2.20.2.21.04.0000,01KRZ6ZM7510X48P5YBTPEX4HD,66007827,2026,E-Katalog 6.0,APBD,RILIS MULTIMEDIA INDONESIA,E-Purchasing,Jasa Lainnya,Belanja Langganan Jurnal/Surat Kabar/Majalah,ON PROCESS,4750000,4750000
KAB. TANGGAMUS,SEKRETARIAT DPRD - 4.02.0.00.0.00.01.0000,01KKTEX0KW6GWJDMJB71R7H03Q,63313099,2026,E-Katalog 6.0,APBD,LAMPUNG MEDIA BERSERI,E-Purchasing,Jasa Lainnya," Belanja Langganan Jurnal/Surat Kabar/Majalah",PAYMENT OUTSIDE SYSTEM,4750000,4750000
KAB. TANGGAMUS,SEKRETARIAT DPRD - 4.02.0.00.0.00.01.0000,01KWVK3ZBPG9VJR5W6GCK58QFP,63313099,2026,E-Katalog 6.0,APBD,INTAI MEDIA GROUP,E-Purchasing,Jasa Lainnya," Belanja Langganan Jurnal/Surat Kabar/Majalah",ON PROCESS,2850000,2850000
KAB. TANGGAMUS,SEKRETARIAT DPRD - 4.02.0.00.0.00.01.0000,01KWVYFS2224S50SMRC3TSHRJR,63313099,2026,E-Katalog 6.0,APBD,RKR NUSANTARA MEDIA,E-Purchasing,Jasa Lainnya," Belanja Langganan Jurnal/Surat Kabar/Majalah",ON PROCESS,190000,190000
KAB. TANGGAMUS,DINAS KOMUNIKASI DAN INFORMATIKA - 2.16.2.20.2.21.04.0000,01KNKEKPHQRVJ2G7VQBWMANZVR,66007827,2026,E-Katalog 6.0,APBD,MOMENTUM MATA PENA,E-Purchasing,Jasa Lainnya,Belanja Langganan Jurnal/Surat Kabar/Majalah,ON PROCESS,4750000,4750000
KAB. TANGGAMUS,SEKRETARIAT DPRD - 4.02.0.00.0.00.01.0000,01KKTX95A53VC365JN6SD8JZ8B,63313099,2026,E-Katalog 6.0,APBD,MAISTRO GLOBAL INDONESIA,E-Purchasing,Jasa Lainnya," Belanja Langganan Jurnal/Surat Kabar/Majalah",PAYMENT OUTSIDE SYSTEM,2850000,2850000
KAB. TANGGAMUS,SEKRETARIAT DPRD - 4.02.0.00.0.00.01.0000,01KMQ5WSFNP8PBS2TJ52HHZK4B,63313099,2026,E-Katalog 6.0,APBD,ABABIL TRIBUANA MUDA,E-Purchasing,Jasa Lainnya," Belanja Langganan Jurnal/Surat Kabar/Majalah",PAYMENT OUTSIDE SYSTEM,285000,285000
KAB. TANGGAMUS,SEKRETARIAT DPRD - 4.02.0.00.0.00.01.0000,01KKTNMMN57YYR7S4R9WC18R3T,63313099,2026,E-Katalog 6.0,APBD,PANARAGAN CIPTA MEDIA,E-Purchasing,Jasa Lainnya," Belanja Langganan Jurnal/Surat Kabar/Majalah",PAYMENT OUTSIDE SYSTEM,4750000,4750000
KAB. TANGGAMUS,"BADAN PERENCANAAN PEMBANGUNAN, RISET DAN INOVASI DAERAH - 5.01.5.05.0.00.01.0000",10941944000,67261893,2026,Pencatatan,APBD,,Pengadaan Langsung,Pengadaan Barang,Belanja Alat/Bahan untuk Kegiatan Kantor- Bahan Cetak - Sub Kegiatan Pelaksanaan Musrenbang Kabupaten/Kota (PMPEPD),PAKET SELESAI,720000,720000
KAB. TANGGAMUS,PUSKESMAS SUMBEREJO - 1.02.0.00.0.00.01.0025,01KS9W5K0YMF541JHYA3PKZ8NP,66921258,2026,E-Katalog 6.0,APBD,MEDIKAL PRINTING,E-Purchasing,Barang,-,COMPLETED,15206800,15206800
KAB. TANGGAMUS,SEKRETARIAT DPRD - 4.02.0.00.0.00.01.0000,01KWXRFBEY2KGB42DZ8ETQ6ER3,63313099,2026,E-Katalog 6.0,APBD,BAYANGKARASINDO MULTI GROUP,E-Purchasing,Jasa Lainnya," Belanja Langganan Jurnal/Surat Kabar/Majalah",ON PROCESS,1900000,1900000
KAB. TANGGAMUS,BAGIAN PEREKONOMIAN DAN SUMBER DAYA ALAM SEKRETARIAT DAERAH - 4.01.5.06.0.00.01.0005,01KJ9VKBNGZ56TMS438EJ9S9CR,64159094,2026,E-Katalog 6.0,APBD,LANGGENG JAYA TANGGAMUS,E-Purchasing,Barang,"Belanja Alat Tulis Kantor (ATK) Kegiatan Kordinasi, Sinkronisasi dan Evaluasi Kebijakan Pertambangan dan Lingkungan Hidup",PAYMENT OUTSIDE SYSTEM,479076,479076
KAB. TANGGAMUS,SEKRETARIAT DPRD - 4.02.0.00.0.00.01.0000,01KNRDH29Q9X0AD1DN7BX8FC9D,63313099,2026,E-Katalog 6.0,APBD,MEDIA ZASKIA PUTRI,E-Purchasing,Jasa Lainnya," Belanja Langganan Jurnal/Surat Kabar/Majalah",PAYMENT OUTSIDE SYSTEM,2850000,2850000
KAB. TANGGAMUS,"BADAN PERENCANAAN PEMBANGUNAN, RISET DAN INOVASI DAERAH - 5.01.5.05.0.00.01.0000",01KJVWX0PC82V0QSCYAX5T8A1Z,64118061,2026,E-Katalog 6.0,APBD,ABID FAMILI,E-Purchasing,Barang,"Belanja Alat/Bahan untuk Kegiatan Kantor - Bahan Cetak - Sub Kegiatan Analisis Kondisi Daerah, Permasalahan, dan Isu Strategis Pembangunan Daerah (PMPEPD)",PAYMENT OUTSIDE SYSTEM,29999970,29999970
KAB. TANGGAMUS,"BADAN PERENCANAAN PEMBANGUNAN, RISET DAN INOVASI DAERAH - 5.01.5.05.0.00.01.0000",01KJHA6CABPXJXBKJYE23X6HFZ,64406319,2026,E-Katalog 6.0,APBD,ALGHIF JAYA,E-Purchasing,Barang,Belanja Alat/Bahan untuk Kegiatan Kantor- Bahan Cetak,PAYMENT OUTSIDE SYSTEM,599400,599400
KAB. TANGGAMUS,DINAS KOMUNIKASI DAN INFORMATIKA - 2.16.2.20.2.21.04.0000,01KKJZFYKV7EDS43X5W6VK81CV,66007827,2026,E-Katalog 6.0,APBD,MEDIA JENDELA LAMPUNG NEWS,E-Purchasing,Jasa Lainnya,Belanja Langganan Jurnal/Surat Kabar/Majalah,ON PROCESS,2850000,2850000
KAB. TANGGAMUS,BAGIAN HUKUM SEKRETARIAT DAERAH - 4.01.5.06.0.00.01.0003,01KNGVTVPYHNGAZ5ETV6S39MYD,63889213,2026,E-Katalog 6.0,APBD,MELATI JAYA CATERING,E-Purchasing,Barang,BELANJA MAKANAN DAN MINUMAN,PAYMENT OUTSIDE SYSTEM,607500,607500
KAB. TANGGAMUS,DINAS PARIWISATA DAN KEBUDAYAAN - 3.26.2.22.2.19.02.0000,01KMYST6E81RD7BEM8RZAM1ZK0,64003199,2026,E-Katalog 6.0,APBD,DENAYA AZZAHRA,E-Purchasing,Barang,Belanja Pakaian Batik Tradisional,PAYMENT OUTSIDE SYSTEM,2690640,2690640
KAB. TANGGAMUS,BADAN KESATUAN BANGSA DAN POLITIK - 8.01.0.00.0.00.01.0000,01KN64T3FF6TX61MSFQ61SRWS0,65553321,2026,E-Katalog 6.0,APBD,AFIF BERKAH JAYA,E-Purchasing,Barang,BELANJA PAKAIAN PASKIBRAKA,PAYMENT OUTSIDE SYSTEM,106110450,106110450
KAB. TANGGAMUS,"BADAN PERENCANAAN PEMBANGUNAN, RISET DAN INOVASI DAERAH - 5.01.5.05.0.00.01.0000",01KX0D04252QJ3RX49E7FHP8R0,64082519,2026,E-Katalog 6.0,APBD,BERTIGA JAYA,E-Purchasing,Barang,Belanja Peralatan dan Mesin - Alat Kantor dan Rumah Tangga - Alat Kantor - Alat Kantor Lainnya - Sub Kegiatan Pelaksanaan Konsultasi Publik (PMPEPD),ON PROCESS,1898100,1898100
KAB. TANGGAMUS,"BADAN PERENCANAAN PEMBANGUNAN, RISET DAN INOVASI DAERAH - 5.01.5.05.0.00.01.0000",01KJHA2YTEND2819PR1QQF7DRX,64416224,2026,E-Katalog 6.0,APBD,ALGHIF JAYA,E-Purchasing,Barang,Belanja Alat/Bahan untuk Kegiatan Kantor- Bahan Cetak,PAYMENT OUTSIDE SYSTEM,299700,299700
KAB. TANGGAMUS,DINAS PEMUDA DAN OLAHRAGA - 2.19.0.00.0.00.01.0000,01KJC97GKCNW23TE8N4HMWWYTN,65030904,2026,E-Katalog 6.0,APBD,LANGGENG JAYA TANGGAMUS,E-Purchasing,Jasa Lainnya,Belanja Alat/Bahan untuk Kegiatan Kantor- Bahan Cetak,PAYMENT OUTSIDE SYSTEM,1938060,1938060
KAB. TANGGAMUS,BAGIAN HUKUM SEKRETARIAT DAERAH - 4.01.5.06.0.00.01.0003,01KRDJ2Z33E9H4CHCPQVDHB0TA,63588541,2026,E-Katalog 6.0,APBD,MELATI JAYA CATERING,E-Purchasing,Barang,BELANJA MAKANAN DAN MINUMAN,ON PROCESS,3645000,3645000
KAB. TANGGAMUS,DINAS KOMUNIKASI DAN INFORMATIKA - 2.16.2.20.2.21.04.0000,01KKJYWM72WKZ3F96ERQ7TSCMW,66007827,2026,E-Katalog 6.0,APBD,MEDIA GLOBAL ART,E-Purchasing,Jasa Lainnya,Belanja Langganan Jurnal/Surat Kabar/Majalah,ON PROCESS,2850000,2850000
KAB. TANGGAMUS,SEKRETARIAT DPRD - 4.02.0.00.0.00.01.0000,01KNRCHDT6CJJ132R4AGATVHJS,63313099,2026,E-Katalog 6.0,APBD,TODAY TELEVISI INDONESIA,E-Purchasing,Jasa Lainnya," Belanja Langganan Jurnal/Surat Kabar/Majalah",PAYMENT OUTSIDE SYSTEM,4750000,4750000
KAB. TANGGAMUS,PUSKESMAS WAY NIPAH - 1.02.0.00.0.00.01.0008,01KWVVDS7S5P3CG57AMJEYDEZJ,66813717,2026,E-Katalog 6.0,APBD,BERKAH WISESHA,E-Purchasing,Barang,"Belanja bahan, dan penyiapan PMT lokal Balita Bermasalah Gizi",ON PROCESS,18714539,18714539
KAB. TANGGAMUS,DINAS KOMUNIKASI DAN INFORMATIKA - 2.16.2.20.2.21.04.0000,01KKGSE3WJH0A2589DTNDCM53S,66007827,2026,E-Katalog 6.0,APBD,MEDIA INDEPENDEN MANDIRI,E-Purchasing,Jasa Lainnya,Belanja Langganan Jurnal/Surat Kabar/Majalah,ON PROCESS,4750000,4750000
KAB. TANGGAMUS,SEKRETARIAT DPRD - 4.02.0.00.0.00.01.0000,01KWVPH2MDJZ31E4WNRGDW3R67,63313099,2026,E-Katalog 6.0,APBD,ZOUZA MULTIMEDIA LAMPUNG,E-Purchasing,Jasa Lainnya," Belanja Langganan Jurnal/Surat Kabar/Majalah",ON PROCESS,2850000,2850000
KAB. TANGGAMUS,PLT.DINAS KESEHATAN - 1.02.0.00.0.00.01.0000,01KKDXF4ZV8Q3E0SVY7HNHPGSP,65110394,2026,E-Katalog 6.0,APBD,PHAPROS,E-Purchasing,Barang,Pengadaan Obat Pelayanan Kesehatan Dasar (DAK),ON PROCESS,12121200,12121200
KAB. TANGGAMUS,SEKRETARIAT DPRD - 4.02.0.00.0.00.01.0000,01KWKE16G9X4FGD9ZFGGZ8D22C,63313099,2026,E-Katalog 6.0,APBD,WAHANA SEMESTA KARANG,E-Purchasing,Jasa Lainnya," Belanja Langganan Jurnal/Surat Kabar/Majalah",ON PROCESS,4750000,4750000
KAB. TANGGAMUS,RUMAH SAKIT UMUM DAERAH BATIN MANGUNANG KOTA AGUNG - 1.02.0.00.0.00.01.0001,01KQC1MD0Z3VTVSK96JPMYR0DK,66790241,2026,E-Katalog 6.0,APBD,GLOBAL DISPOMEDIKA,E-Purchasing,Barang,Belanja Obat-Obatan-Obat dan Bahan Medis Habis Pakai,ON PROCESS,40118064,40118064
KAB. TANGGAMUS,SEKRETARIAT DPRD - 4.02.0.00.0.00.01.0000,01KKTVZ4JEQMNQRAKAA9FAECS7,63313099,2026,E-Katalog 6.0,APBD,DWI ANUGERAH LAMPUNG,E-Purchasing,Jasa Lainnya," Belanja Langganan Jurnal/Surat Kabar/Majalah",PAYMENT OUTSIDE SYSTEM,2850000,2850000
KAB. TANGGAMUS,DINAS PEMUDA DAN OLAHRAGA - 2.19.0.00.0.00.01.0000,01KQE8Q2F7BXQX2KZ67D72D3W1,65163632,2026,E-Katalog 6.0,APBD,LANGGENG JAYA TANGGAMUS,E-Purchasing,Jasa Lainnya,Belanja Pakaian Olahraga,PAYMENT OUTSIDE SYSTEM,3907200,3907200
KAB. TANGGAMUS,DINAS PEMUDA DAN OLAHRAGA - 2.19.0.00.0.00.01.0000,01KNNT0DQSWFD1GSM127VCA465,65023413,2026,E-Katalog 6.0,APBD,LANGGENG JAYA TANGGAMUS,E-Purchasing,Jasa Lainnya,Belanja Alat/Bahan untuk Kegiatan Kantor- Bahan Cetak,PAYMENT OUTSIDE SYSTEM,2375400,2375400
KAB. TANGGAMUS,DINAS KOMUNIKASI DAN INFORMATIKA - 2.16.2.20.2.21.04.0000,01KKGQW4XPZ7A2YD8B4NE45D9B,66007827,2026,E-Katalog 6.0,APBD,LAMPUNG MEDIA BERSERI,E-Purchasing,Jasa Lainnya,Belanja Langganan Jurnal/Surat Kabar/Majalah,ON PROCESS,4750000,4750000
KAB. TANGGAMUS,DINAS PEKERJAAN UMUM DAN PERUMAHAN RAKYAT - 1.03.1.04.2.10.10.0000,10142008000,64646003,2026,Tender,APBD,PT. Manunggal Raksa Pratama,Seleksi,Jasa Konsultansi Badan Usaha Konstruksi,Perencanaan Teknis Pembangunan Jalan Poros/Perdesaan Kabupaten (Panas Bumi),SELESAI,325468650,325468650
KAB. TANGGAMUS,DINAS PARIWISATA DAN KEBUDAYAAN - 3.26.2.22.2.19.02.0000,01KWBE0GT85M6QMYKVRTRQ5KN8,64956852,2026,E-Katalog 6.0,APBD,BERTIGA JAYA,E-Purchasing,Barang,Belnja Modal Peralatan Studio Video dan Film,ON PROCESS,24642000,24642000
KAB. TANGGAMUS,SEKRETARIAT DPRD - 4.02.0.00.0.00.01.0000,01KKTSFQCAYWAVCM279QRX48KG,63313099,2026,E-Katalog 6.0,APBD,MEDIA DINAMIKA MGD,E-Purchasing,Jasa Lainnya," Belanja Langganan Jurnal/Surat Kabar/Majalah",PAYMENT OUTSIDE SYSTEM,1900000,1900000
KAB. TANGGAMUS,DINAS KOMUNIKASI DAN INFORMATIKA - 2.16.2.20.2.21.04.0000,01KKK4PWZSX7C3HK8TWY57G6S0,66007827,2026,E-Katalog 6.0,APBD,SUMATERA NEWS MEDIA,E-Purchasing,Jasa Lainnya,Belanja Langganan Jurnal/Surat Kabar/Majalah,ON PROCESS,2850000,2850000
KAB. TANGGAMUS,DINAS KOMUNIKASI DAN INFORMATIKA - 2.16.2.20.2.21.04.0000,01KKJNJC2211WVP01Y87EWKG4V,66007827,2026,E-Katalog 6.0,APBD,GEMA MEDIA AKBAR,E-Purchasing,Jasa Lainnya,Belanja Langganan Jurnal/Surat Kabar/Majalah,ON PROCESS,2850000,2850000
KAB. TANGGAMUS,BADAN KEUANGAN DAN ASET DAERAH - 5.02.0.00.0.00.06.0000,01KR083FDRK4HYDR9QKBHRXW30,65801847,2026,E-Katalog 6.0,APBD,GLOBALINDO MEDIA DIGITAL,E-Purchasing,Barang,Belanja Modal Personal Computer,PAYMENT OUTSIDE SYSTEM,115884000,115884000
KAB. TANGGAMUS,DINAS KOMUNIKASI DAN INFORMATIKA - 2.16.2.20.2.21.04.0000,01KNK2MV9JCMB933W27YYW75AM,66005396,2026,E-Katalog 6.0,APBD,RADAR LAMPUNG VISUAL,E-Purchasing,Jasa Lainnya,"Belanja Jasa Iklan/Reklame, Film, dan Pemotretan",ON PROCESS,38000000,38000000
KAB. TANGGAMUS,BAGIAN UMUM SEKRETARIAT DAERAH - 4.01.5.06.0.00.01.0007,01KGRBYR6WR91QH14TN62XHJAA,63586651,2026,E-Katalog 6.0,APBD,SWARA ANTAR NUSA,E-Purchasing,Barang,"Belanja Pakaian Olah Raga, Sekretaris Daerah, Assisten dan Staf Ahli",ON PROCESS,3600000,3600000
KAB. TANGGAMUS,DINAS KOMUNIKASI DAN INFORMATIKA - 2.16.2.20.2.21.04.0000,01KNKGNV9PYA8DZXRDTXV728KQ,66007827,2026,E-Katalog 6.0,APBD,TRANS LAMPUNG PERS,E-Purchasing,Jasa Lainnya,Belanja Langganan Jurnal/Surat Kabar/Majalah,ON PROCESS,4750000,4750000
KAB. TANGGAMUS,SEKRETARIAT DPRD - 4.02.0.00.0.00.01.0000,01KMQ7G16VCXTB1YCXQRSGX2GT,63313099,2026,E-Katalog 6.0,APBD,SUARA SIBER INDONESIA,E-Purchasing,Jasa Lainnya," Belanja Langganan Jurnal/Surat Kabar/Majalah",PAYMENT OUTSIDE SYSTEM,190000,190000
KAB. TANGGAMUS,DINAS KOMUNIKASI DAN INFORMATIKA - 2.16.2.20.2.21.04.0000,01KKGXX75AHQA3MBXKG27BWQ4F,66007827,2026,E-Katalog 6.0,APBD,REALITA LAMPUNG MANDIRI,E-Purchasing,Jasa Lainnya,Belanja Langganan Jurnal/Surat Kabar/Majalah,ON PROCESS,4750000,4750000
KAB. TANGGAMUS,DINAS KOMUNIKASI DAN INFORMATIKA - 2.16.2.20.2.21.04.0000,01KWBMC10CZB6F1XARZ1XCK6K7,66007827,2026,E-Katalog 6.0,APBD,ARKAZIA BERKAH INTERMEDIA,E-Purchasing,Jasa Lainnya,Belanja Langganan Jurnal/Surat Kabar/Majalah,ON PROCESS,2850000,2850000
KAB. TANGGAMUS,PLT.DINAS KESEHATAN - 1.02.0.00.0.00.01.0000,01KPD66KX5GQ9R5WM4AA1X9M48,65109700,2026,E-Katalog 6.0,APBD,ERSA MEDIKA USAHATAMA,E-Purchasing,Barang,Belanja Modal Alat Kesehatan Puskesmas Pembantu,ON PROCESS,15633200,15633200
KAB. TANGGAMUS,DINAS PEKERJAAN UMUM DAN PERUMAHAN RAKYAT - 1.03.1.04.2.10.10.0000,10145986000,67314247,2026,Tender,APBD,,Seleksi,Jasa Konsultansi Badan Usaha Konstruksi,Pengawasan Teknis Pemeliharaan Berkala Wilayah Utara,BERLANGSUNG,199972000,199972000
KAB. TANGGAMUS,DINAS PENDIDIKAN DAN KEBUDAYAAN - 1.01.2.22.0.00.02.0000,01KK0Z6NTPEKMDE8SMJV0332GN,66043056,2026,E-Katalog 6.0,APBD,BERTIGA JAYA,E-Purchasing,Barang,Belanja Modal Peralatan Personal Computer,ON PROCESS,49395000,0
KAB. TANGGAMUS,SEKRETARIAT DPRD - 4.02.0.00.0.00.01.0000,01KWK0H3G0TXQ3SKQSAVQ9EQ6K,63313099,2026,E-Katalog 6.0,APBD,HEADLINE MULTIMEDIA LAMPUNG,E-Purchasing,Jasa Lainnya," Belanja Langganan Jurnal/Surat Kabar/Majalah",ON PROCESS,4750000,4750000
KAB. TANGGAMUS,DINAS KEPENDUDUKAN DAN PENCATATAN SIPIL - 2.12.2.12.0.00.01.0000,01KP5K1J2AZW3VXJSNC771FSWQ,62902029,2026,E-Katalog 6.0,APBD,MITRA JASA SEJAHTERA PRINGSEWU,E-Purchasing,Barang,Belanja Modal Alat Pendingin ,PAYMENT OUTSIDE SYSTEM,10267500,10267500
KAB. TANGGAMUS,DINAS KOMUNIKASI DAN INFORMATIKA - 2.16.2.20.2.21.04.0000,01KQ6RH9HD1DDWSTHQ90M211JS,66005396,2026,E-Katalog 6.0,APBD,PRIMA DELTA INDONESIA,E-Purchasing,Jasa Lainnya,"Belanja Jasa Iklan/Reklame, Film, dan Pemotretan",ON PROCESS,7600000,7600000
KAB. TANGGAMUS,SEKRETARIAT DPRD - 4.02.0.00.0.00.01.0000,01KWXPSXFCGJ98G1H2X0BX5HQ4,63313099,2026,E-Katalog 6.0,APBD,WANTARA JABAT PERKASA MEDIA,E-Purchasing,Jasa Lainnya," Belanja Langganan Jurnal/Surat Kabar/Majalah",ON PROCESS,950000,950000
KAB. TANGGAMUS,DINAS KOMUNIKASI DAN INFORMATIKA - 2.16.2.20.2.21.04.0000,01KN1CR9EFDT6VYXA10HEC0765,66011244,2026,E-Katalog 6.0,APBD,BERTIGA JAYA,E-Purchasing,Barang,Belanja Modal Peralatan Personal Computer,ON PROCESS,14152500,14152500
KAB. TANGGAMUS,PUSKESMAS GISTING - 1.02.0.00.0.00.01.0016,01KW1110Y612GWGA8BM0KZMPDH,66810700,2026,E-Katalog 6.0,APBD,INTERBAT,E-Purchasing,Barang,Belanja Barang dan Jasa BLUD,ON PROCESS,374625,374625
KAB. TANGGAMUS,SEKRETARIAT DPRD - 4.02.0.00.0.00.01.0000,01KWV2N0T58544ZQ552QQPXGN9,63313099,2026,E-Katalog 6.0,APBD,DEVINA MEDIA GROUP,E-Purchasing,Jasa Lainnya," Belanja Langganan Jurnal/Surat Kabar/Majalah",ON PROCESS,2850000,2850000
KAB. TANGGAMUS,DINAS PERKEBUNAN DAN PETERNAKAN - 3.27.0.00.0.00.05.0000,01KKBGN2YJZA0H5C6MVZ78FJPY,65749496,2026,E-Katalog 6.0,APBD,ALGHIF JAYA,E-Purchasing,Barang,Belanja Alat Tulis Kantor  Keg. Pengadaan Bibit Ternak yang Sumbernya dari Daerah Kabupaten/Kota Lain,PAYMENT OUTSIDE SYSTEM,1119990,1119990
KAB. TANGGAMUS,SEKRETARIAT DPRD - 4.02.0.00.0.00.01.0000,01KKTW2GR30ER8YQX4YNWD1VM7,63313099,2026,E-Katalog 6.0,APBD,SASANA NUSANTARA WARTINDO,E-Purchasing,Jasa Lainnya," Belanja Langganan Jurnal/Surat Kabar/Majalah",PAYMENT OUTSIDE SYSTEM,2850000,2850000
KAB. TANGGAMUS,DINAS KOMUNIKASI DAN INFORMATIKA - 2.16.2.20.2.21.04.0000,01KN1EWE0MV9TT6WC2TRZVF7YG,66010937,2026,E-Katalog 6.0,APBD,BERTIGA JAYA,E-Purchasing,Barang,Belanja Modal Peralatan Studio Video dan Film,ON PROCESS,48840000,0
KAB. TANGGAMUS,SEKRETARIAT DPRD - 4.02.0.00.0.00.01.0000,01KX0CX7K45T8HK62NHXGHE6PJ,63312241,2026,E-Katalog 6.0,APBD,TEGAR MEDIA LAMPUNG,E-Purchasing,Jasa Lainnya,"Belanja Jasa Iklan/Reklame, Film, dan Pemotretan",ON PROCESS,57000000,57000000
KAB. TANGGAMUS,DINAS PEMUDA DAN OLAHRAGA - 2.19.0.00.0.00.01.0000,01KSS2ZRG9H6KDZTAGZD8JHN16,65084465,2026,E-Katalog 6.0,APBD,ABDUL AZIS,E-Purchasing,Jasa Lainnya,Belanja Makanan dan Minuman Rapat,ON PROCESS,190000,190000
KAB. TANGGAMUS,DINAS PERHUBUNGAN - 2.15.0.00.0.00.01.0000,01KWDTG91X4GM84FCSFTVHWHBX,67276022,2026,E-Katalog 6.0,APBD,LANGGENG JAYA TANGGAMUS,E-Purchasing,Barang,Belanja Alat Tulis Kantor,ON PROCESS,16099440,16099440
KAB. TANGGAMUS,DINAS KOMUNIKASI DAN INFORMATIKA - 2.16.2.20.2.21.04.0000,01KQ981FSZ13MNYV5W7MB988DF,66007827,2026,E-Katalog 6.0,APBD,FAJAR INTERMEDIA UTAMA,E-Purchasing,Jasa Lainnya,Belanja Langganan Jurnal/Surat Kabar/Majalah,ON PROCESS,9500000,9500000
KAB. TANGGAMUS,"BADAN PERENCANAAN PEMBANGUNAN, RISET DAN INOVASI DAERAH - 5.01.5.05.0.00.01.0000",01KQBV5KZFPC91PBMZP5WWZBD9,64511634,2026,E-Katalog 6.0,APBD,ALGHIF JAYA,E-Purchasing,Barang,Belanja Alat/Bahan untuk Kegiatan Kantor-Alat Tulis Kantor,PAYMENT OUTSIDE SYSTEM,1342038,1342038
KAB. TANGGAMUS,BAGIAN UMUM SEKRETARIAT DAERAH - 4.01.5.06.0.00.01.0007,01KVCVYKDJ4EYQJRMNJ286GZFQ,63823470,2026,E-Katalog 6.0,APBD,MAHARANI GROUP,E-Purchasing,Jasa Lainnya,Belanja Sewa Alat Kantor Lainnya,ON PROCESS,7500000,7500000
KAB. TANGGAMUS,DINAS KOMUNIKASI DAN INFORMATIKA - 2.16.2.20.2.21.04.0000,01KKKMN50JPKE8QEZ6XDY7VJ10,66007827,2026,E-Katalog 6.0,APBD,MEDIA AMPUN NEWS,E-Purchasing,Jasa Lainnya,Belanja Langganan Jurnal/Surat Kabar/Majalah,ON PROCESS,285000,285000
KAB. TANGGAMUS,DINAS PEKERJAAN UMUM DAN PERUMAHAN RAKYAT - 1.03.1.04.2.10.10.0000,10143018000,64645903,2026,Tender,APBD,CV. INTI MULYA KONSULTAN,Seleksi,Jasa Konsultansi Badan Usaha Konstruksi,"Perencanaan Teknis Pembangunan Jalan, Drainase Kabupaten Tanggamus (DAU)",SELESAI,261782400,261782400
KAB. TANGGAMUS,RUMAH SAKIT UMUM DAERAH BATIN MANGUNANG KOTA AGUNG - 1.02.0.00.0.00.01.0001,01KJPBBVFBB9Y8RSPPBE4B7RC2,63968804,2026,E-Katalog 6.0,APBD,ETHICA INDUSTRI FARMASI,E-Purchasing,Barang,Belanja Obat-Obatan-Obat,ON PROCESS,6291924,6291924
KAB. TANGGAMUS,SEKRETARIAT DPRD - 4.02.0.00.0.00.01.0000,01KWK1DH081444717J7ZNDRANP,63313099,2026,E-Katalog 6.0,APBD,INTISARI BERITA LAMPUNG,E-Purchasing,Jasa Lainnya," Belanja Langganan Jurnal/Surat Kabar/Majalah",ON PROCESS,4750000,4750000
KAB. TANGGAMUS,BAGIAN UMUM SEKRETARIAT DAERAH - 4.01.5.06.0.00.01.0007,10826965000,66851715,2026,Non Tender,APBD,CV ZIDAN PRATAMA,Pengadaan Langsung,Pekerjaan Konstruksi,Pengecatan Pagar Luar RD wakil - Guest House,SELESAI,49328500,49328500
KAB. TANGGAMUS,DINAS KOMUNIKASI DAN INFORMATIKA - 2.16.2.20.2.21.04.0000,01KPA3E515VMYZYNF1CYGKKQ0B,66007827,2026,E-Katalog 6.0,APBD,EXCALIBUR MEDIA TAMA,E-Purchasing,Jasa Lainnya,Belanja Langganan Jurnal/Surat Kabar/Majalah,ON PROCESS,4750000,4750000
KAB. TANGGAMUS,PLT.DINAS KESEHATAN - 1.02.0.00.0.00.01.0000,01KJHQMXY4DPW4MYARWT9GS50E,65110394,2026,E-Katalog 6.0,APBD,PERUSAHAAN PERSEROAN (PERSERO) PT KIMIA FARMA,E-Purchasing,Barang,Pengadaan Obat Pelayanan Kesehatan Dasar (DAK),ON PROCESS,869828856,869828856
KAB. TANGGAMUS,DINAS KOMUNIKASI DAN INFORMATIKA - 2.16.2.20.2.21.04.0000,01KKK73C6F4CT69E0SWX5S04K7,66007827,2026,E-Katalog 6.0,APBD,MEDIA ONLINE NEWS TANGGAMUS,E-Purchasing,Jasa Lainnya,Belanja Langganan Jurnal/Surat Kabar/Majalah,ON PROCESS,1900000,1900000
KAB. TANGGAMUS,DINAS KOMUNIKASI DAN INFORMATIKA - 2.16.2.20.2.21.04.0000,01KNKETWC6ENY16ZKCPFJA8N1D,66007827,2026,E-Katalog 6.0,APBD,PARADIGMA MEDIA NUSANTARA,E-Purchasing,Jasa Lainnya,Belanja Langganan Jurnal/Surat Kabar/Majalah,ON PROCESS,5700000,5700000
KAB. TANGGAMUS,DINAS PEKERJAAN UMUM DAN PERUMAHAN RAKYAT - 1.03.1.04.2.10.10.0000,10147649000,66816114,2026,Tender,APBD,,Tender,Pekerjaan Konstruksi,Pembangunan Jembatan Rangka Baja Way Pertiwi Tahap II Kecamatan Cukuh Balak,BERLANGSUNG,8779982000,8779982000
KAB. TANGGAMUS,DINAS KOMUNIKASI DAN INFORMATIKA - 2.16.2.20.2.21.04.0000,01KRZ4C466P10PB412Q9Y1MS5S,66007827,2026,E-Katalog 6.0,APBD,MEDINAS JAYA PERKASA,E-Purchasing,Jasa Lainnya,Belanja Langganan Jurnal/Surat Kabar/Majalah,ON PROCESS,4750000,4750000
KAB. TANGGAMUS,BAGIAN KERJASAMA SEKRETARIAT DAERAH - 4.01.5.06.0.00.01.0004,01KSF1CH60R3DXF76DHFC944W3,64021187,2026,E-Katalog 6.0,APBD,ABID FAMILI,E-Purchasing,Barang,Belanja Alat/Bahan untuk Kegiatan Kantor - Alat Tulis Kantor,ON PROCESS,2691022,2691022
KAB. TANGGAMUS,"BADAN PERENCANAAN PEMBANGUNAN, RISET DAN INOVASI DAERAH - 5.01.5.05.0.00.01.0000",01KKB0F4F9V3CDPYA9BGSZA4N4,64525577,2026,E-Katalog 6.0,APBD,LANGGENG JAYA TANGGAMUS,E-Purchasing,Barang,"Belanja Alat/Bahan untuk Kegiatan Kantor-Alat Tulis Kantor - Sub Fasilitasi, Pelaksanaan dan evaluasi Penelitian dan Pengembangan Bidang Aparatur dan Reformasi Birokrasi",PAYMENT OUTSIDE SYSTEM,1279053,1279053
KAB. TANGGAMUS,"BADAN PERENCANAAN PEMBANGUNAN, RISET DAN INOVASI DAERAH - 5.01.5.05.0.00.01.0000",01KJVTWBRDQEW25APW8MK0AYQ2,64081305,2026,E-Katalog 6.0,APBD,LANGGENG JAYA TANGGAMUS,E-Purchasing,Barang,Belanja Alat/Bahan untuk Kegiatan Kantor- Bahan Cetak - Sub Kegiatan Pelaksanaan Konsultasi Publik (PMPEPD),PAYMENT OUTSIDE SYSTEM,449550,449550
KAB. TANGGAMUS,SEKRETARIAT DPRD - 4.02.0.00.0.00.01.0000,01KWJZSKZ4W7XACC58F1C3FYQJ,63313099,2026,E-Katalog 6.0,APBD,MELAWAI CITRA MEDIA,E-Purchasing,Jasa Lainnya," Belanja Langganan Jurnal/Surat Kabar/Majalah",ON PROCESS,4750000,4750000
KAB. TANGGAMUS,DINAS KOMUNIKASI DAN INFORMATIKA - 2.16.2.20.2.21.04.0000,01KNKFM42KJRNHFFJPZD84WZP8,66007827,2026,E-Katalog 6.0,APBD,RIZKY PRATAMA MANDIRI KAUR,E-Purchasing,Jasa Lainnya,Belanja Langganan Jurnal/Surat Kabar/Majalah,ON PROCESS,2850000,2850000
KAB. TANGGAMUS,"BADAN PERENCANAAN PEMBANGUNAN, RISET DAN INOVASI DAERAH - 5.01.5.05.0.00.01.0000",01KQ6P1TEC4F5DKEH4C88H4799,64430286,2026,E-Katalog 6.0,APBD,LANGGENG JAYA TANGGAMUS,E-Purchasing,Jasa Lainnya,Belanja Alat/Bahan untuk Kegiatan Kantor- Bahan Cetak Sub Kegiatan  Koordinasi dan Penyusunan Laporan Capaian Kinerja dan Ikhtisar,PAYMENT OUTSIDE SYSTEM,1648350,1648350
KAB. TANGGAMUS,DINAS PENDIDIKAN DAN KEBUDAYAAN - 1.01.2.22.0.00.02.0000,01KS7YPEC2BGPEEB7JCP5A31V4,67143189,2026,E-Katalog 6.0,APBD,BERTIGA JAYA,E-Purchasing,Barang,Belanja Alat/Bahan untuk Kegiatan Kantor- Bahan Cetak,ON PROCESS,2830500,2830500
KAB. TANGGAMUS,SEKRETARIAT DPRD - 4.02.0.00.0.00.01.0000,01KWKFPTXC11NFJ3PD39BSP4CW,63313099,2026,E-Katalog 6.0,APBD,ZAHRA NAYAKA AFKAR MEDIA,E-Purchasing,Jasa Lainnya," Belanja Langganan Jurnal/Surat Kabar/Majalah",ON PROCESS,4750000,4750000
KAB. TANGGAMUS,DINAS KOMUNIKASI DAN INFORMATIKA - 2.16.2.20.2.21.04.0000,01KKK1NFCZWCT2XG976T7QE60W,66007827,2026,E-Katalog 6.0,APBD,PEMAIN LINTAS PESISIR,E-Purchasing,Jasa Lainnya,Belanja Langganan Jurnal/Surat Kabar/Majalah,ON PROCESS,2850000,2850000
KAB. TANGGAMUS,DINAS KOMUNIKASI DAN INFORMATIKA - 2.16.2.20.2.21.04.0000,01KRZ7BD0C72DCGE2JAD9FKBXQ,66007827,2026,E-Katalog 6.0,APBD,SERUNTING SAKTI INDAH,E-Purchasing,Jasa Lainnya,Belanja Langganan Jurnal/Surat Kabar/Majalah,ON PROCESS,4750000,4750000
KAB. TANGGAMUS,PUSKESMAS NGARIP - 1.02.0.00.0.00.01.0012,01KVHPXPQ1NTY5K89F7QH8JJK3,65732321,2026,E-Katalog 6.0,APBD,PUTRA TEKNIK,E-Purchasing,Barang,Pelayanan dan Penunjang Pelayanan BLUD,COMPLETED,3396600,3396600
KAB. TANGGAMUS,SEKRETARIAT DPRD - 4.02.0.00.0.00.01.0000,01KWKDJ2DTSPFP3NFJV83R3EZ0,63313099,2026,E-Katalog 6.0,APBD,MULTI INDO GRAFIKA,E-Purchasing,Jasa Lainnya," Belanja Langganan Jurnal/Surat Kabar/Majalah",ON PROCESS,4750000,4750000
KAB. TANGGAMUS,BAGIAN UMUM SEKRETARIAT DAERAH - 4.01.5.06.0.00.01.0007,01KRB1Z8GPQV768BZRHNJYEGMN,63605333,2026,E-Katalog 6.0,APBD,HENIWATI,E-Purchasing,Jasa Lainnya,Belanja Makanan Dan Minuman Tamu Pemerintah Daerah,PAYMENT OUTSIDE SYSTEM,38470000,38470000
KAB. TANGGAMUS,PLT.DINAS KESEHATAN - 1.02.0.00.0.00.01.0000,01KTPC2B7V5YP74EAP16SZWR7W,67277227,2026,E-Katalog 6.0,APBD,REGENCY GROUP,E-Purchasing,Jasa Lainnya,Fullday Orientasi Pembinaan Posyandu Bidang Kesehatan Bagi Tenaga Kesehatan Puskesmas,ON PROCESS,19600000,19600000
KAB. TANGGAMUS,PUSKESMAS GISTING - 1.02.0.00.0.00.01.0016,01KSF5ZT6E2S1EPY253Q9VBPTD,66810700,2026,E-Katalog 6.0,APBD,LANGGENG JAYA TANGGAMUS,E-Purchasing,Barang,Belanja Barang dan Jasa BLUD,COMPLETED,6475740,6475740
KAB. TANGGAMUS,DINAS KEPENDUDUKAN DAN PENCATATAN SIPIL - 2.12.2.12.0.00.01.0000,01KJ74JPW19PESCEWAT6WCYPGG,62900935,2026,E-Katalog 6.0,APBD,BETAWIMAS CEMERLANG,E-Purchasing,Barang,Belanja Cetak Blanko KIA,PAYMENT OUTSIDE SYSTEM,137642276,137642276
KAB. TANGGAMUS,BAGIAN UMUM SEKRETARIAT DAERAH - 4.01.5.06.0.00.01.0007,01KHQSWFXFPMKA656EAB5RRTJD,63577563,2026,E-Katalog 6.0,APBD,LANGGENG JAYA TANGGAMUS,E-Purchasing,Barang,Belanja Cetak Kebutuhan Kantor,PAYMENT OUTSIDE SYSTEM,28264097,28264097
KAB. TANGGAMUS,RUMAH SAKIT UMUM DAERAH BATIN MANGUNANG KOTA AGUNG - 1.02.0.00.0.00.01.0001,01KJERRRE5G18GPDYQ352V83QN,63975242,2026,E-Katalog 6.0,APBD,LINTANG MEDIKA,E-Purchasing,Barang,Belanja Modal Alat Kesehatan Umum Lainnya,ON PROCESS,57855992,57855992
KAB. TANGGAMUS,DINAS KOMUNIKASI DAN INFORMATIKA - 2.16.2.20.2.21.04.0000,01KKKXGDVCZE6WKGSP7JER4VP1,66007827,2026,E-Katalog 6.0,APBD,MEDIA DELIMA BERJAYA,E-Purchasing,Jasa Lainnya,Belanja Langganan Jurnal/Surat Kabar/Majalah,ON PROCESS,1425000,1425000
KAB. TANGGAMUS,SEKRETARIAT DPRD - 4.02.0.00.0.00.01.0000,01KMM326N61SQ9Q29MJF2MDRN6,63313099,2026,E-Katalog 6.0,APBD,RIZKY PRATAMA MANDIRI KAUR,E-Purchasing,Jasa Lainnya," Belanja Langganan Jurnal/Surat Kabar/Majalah",PAYMENT OUTSIDE SYSTEM,950000,950000
KAB. TANGGAMUS,BAGIAN KESEJAHTERAAN RAKYAT SEKRETARIAT DAERAH - 4.01.5.06.0.00.01.0002,01KVSE51XXQM2TQV0EP1JXEDG2,63736052,2026,E-Katalog 6.0,APBD,SWARA ANTAR NUSA,E-Purchasing,Jasa Lainnya,Belanja Sewa Electric Generating Set,ON PROCESS,3500000,3500000
KAB. TANGGAMUS,"BADAN PERENCANAAN PEMBANGUNAN, RISET DAN INOVASI DAERAH - 5.01.5.05.0.00.01.0000",10941809000,67261893,2026,Pencatatan,APBD,,Pengadaan Langsung,Pengadaan Barang,Belanja Alat/Bahan untuk Kegiatan Kantor- Bahan Cetak - Sub Kegiatan Pelaksanaan Musrenbang Kabupaten/Kota (PMPEPD),PAKET SELESAI,2000000,2000000
KAB. TANGGAMUS,DINAS PEMUDA DAN OLAHRAGA - 2.19.0.00.0.00.01.0000,01KWH0STXYDE3YS693AH0WE8EE,67386695,2026,E-Katalog 6.0,APBD,SWARA ANTAR NUSA,E-Purchasing,Jasa Lainnya,Belanja Jasa Penyelenggaraan Acara,ON PROCESS,1590000,1590000
KAB. TANGGAMUS,BADAN KEPEGAWAIAN DAN PENGEMBANGAN SUMBER DAYA MANUSIA - 5.03.5.04.0.00.01.0000,01KS2EVDWX1YZ39XEJC9ANSG3N,67170961,2026,E-Katalog 6.0,APBD,PRAMESWARI CITA MEDIA,E-Purchasing,Barang,Belanja Alat/Bahan untuk Kegiatan Kantor- Bahan Cetak,PAYMENT OUTSIDE SYSTEM,2251913,2251913
KAB. TANGGAMUS,BAGIAN KESEJAHTERAAN RAKYAT SEKRETARIAT DAERAH - 4.01.5.06.0.00.01.0002,01KJ6XH2454707VZXYHHX4CDFY,63728472,2026,E-Katalog 6.0,APBD,LANGGENG JAYA TANGGAMUS,E-Purchasing,Jasa Lainnya,Belanja Alat/Bahan untuk Kegiatan Kantor- Bahan Cetak,PAYMENT OUTSIDE SYSTEM,3796200,3796200
KAB. TANGGAMUS,SEKRETARIAT DPRD - 4.02.0.00.0.00.01.0000,01KKTPA7M7TXHRS0JF2ZXQ3PYG,63313099,2026,E-Katalog 6.0,APBD,INTAI MEDIA GROUP,E-Purchasing,Jasa Lainnya," Belanja Langganan Jurnal/Surat Kabar/Majalah",PAYMENT OUTSIDE SYSTEM,2850000,2850000
KAB. TANGGAMUS,"BADAN PERENCANAAN PEMBANGUNAN, RISET DAN INOVASI DAERAH - 5.01.5.05.0.00.01.0000",01KJ9N1JK0V0WMNB7K1J5TMCBR,64415781,2026,E-Katalog 6.0,APBD,ABID FAMILI,E-Purchasing,Barang,Belanja Alat/Bahan untuk Kegiatan Kantor-Alat Tulis Kantor,PAYMENT OUTSIDE SYSTEM,667110,667110
KAB. TANGGAMUS,BAGIAN KERJASAMA SEKRETARIAT DAERAH - 4.01.5.06.0.00.01.0004,01KKDMDKM78PX25822RMBZSW1H,64033463,2026,E-Katalog 6.0,APBD,ABID FAMILI,E-Purchasing,Barang,Belanja Pakaian Batik Tradisional,ON PROCESS,1776000,1776000
KAB. TANGGAMUS,SEKRETARIAT DPRD - 4.02.0.00.0.00.01.0000,01KWV5FZTWQPCD5DHAP38HMG6F,63313099,2026,E-Katalog 6.0,APBD,FAUZAN DINDA MEDIA,E-Purchasing,Jasa Lainnya," Belanja Langganan Jurnal/Surat Kabar/Majalah",ON PROCESS,2850000,2850000
KAB. TANGGAMUS,"BADAN PERENCANAAN PEMBANGUNAN, RISET DAN INOVASI DAERAH - 5.01.5.05.0.00.01.0000",10941981000,67261978,2026,Pencatatan,APBD,,Pengadaan Langsung,Pengadaan Barang,Belanja Alat/Bahan untuk Kegiatan Kantor - Suvenir/Cendera Mata - Sub Kegiatan Pelaksanaan Musrenbang Kabupaten/Kota (PMPEPD),PAKET SELESAI,6000000,6000000
KAB. TANGGAMUS,BAGIAN PERENCANAAN DAN KEUANGAN SEKRETARIAT DAERAH - 4.01.5.06.0.00.01.0010,01KPQCQKFR75F58ZSFFPQ2MQPX,63815176,2026,E-Katalog 6.0,APBD,ALGHIF JAYA,E-Purchasing,Barang,Belanja Alat/Bahan untuk Kegiatan Kantor- Bahan Cetak,PAYMENT OUTSIDE SYSTEM,1498500,1498500
KAB. TANGGAMUS,SEKRETARIAT DPRD - 4.02.0.00.0.00.01.0000,01KWKMMMH5VJ08YFY6AB2DWJ6T,63313099,2026,E-Katalog 6.0,APBD,RAWAS INDO MEDIA,E-Purchasing,Jasa Lainnya," Belanja Langganan Jurnal/Surat Kabar/Majalah",ON PROCESS,1900000,1900000
KAB. TANGGAMUS,SEKRETARIAT DPRD - 4.02.0.00.0.00.01.0000,01KKTG8684SXEQH5XTC075TKZT,63313099,2026,E-Katalog 6.0,APBD,AGUNG MULTIMEDIA GRUP,E-Purchasing,Jasa Lainnya," Belanja Langganan Jurnal/Surat Kabar/Majalah",PAYMENT OUTSIDE SYSTEM,4750000,4750000
KAB. TANGGAMUS,SEKRETARIAT DPRD - 4.02.0.00.0.00.01.0000,01KKTYQP2P8E43XKAWFXK60EX5,63313099,2026,E-Katalog 6.0,APBD,POTRAIT LAMPUNG MULTIMEDIA,E-Purchasing,Jasa Lainnya," Belanja Langganan Jurnal/Surat Kabar/Majalah",PAYMENT OUTSIDE SYSTEM,2850000,2850000
KAB. TANGGAMUS,BAGIAN KESEJAHTERAAN RAKYAT SEKRETARIAT DAERAH - 4.01.5.06.0.00.01.0002,01KQXTSNR37G8FXRD6XZGHN31H,63728472,2026,E-Katalog 6.0,APBD,LANGGENG JAYA TANGGAMUS,E-Purchasing,Jasa Lainnya,Belanja Alat/Bahan untuk Kegiatan Kantor- Bahan Cetak,PAYMENT OUTSIDE SYSTEM,2525250,2525250
KAB. TANGGAMUS,PUSKESMAS PULAU PANGGUNG - 1.02.0.00.0.00.01.0011,01KW1J8FCCDW62895QDJ6FV6E9,67036527,2026,E-Katalog 6.0,APBD,BERKAH WISESHA,E-Purchasing,Barang,"Belanja bahan, dan penyiapan PMT lokal Bumil KEK dan Risiko KEK",ON PROCESS,4172443,4172443
KAB. TANGGAMUS,DINAS PEKERJAAN UMUM DAN PERUMAHAN RAKYAT - 1.03.1.04.2.10.10.0000,10810732000,65496330,2026,Non Tender,APBD,cv. arazaak konsultan,Pengadaan Langsung,Jasa Konsultansi Badan Usaha Non Konstruksi,Survei Kondisi Jalan Wilayah 2,SELESAI,99193929,99193929
KAB. TANGGAMUS,BAGIAN PROTOKOL DAN KOMUNIKASI PIMPINAN SEKRETARIAT DAERAH - 4.01.5.06.0.00.01.0009,01KNNX7A8TV1Q9FVM6BKY7128E,63497560,2026,E-Katalog 6.0,APBD,SWARA ANTAR NUSA,E-Purchasing,Barang,Belanja Pakaian Batik Tradisional,PAYMENT OUTSIDE SYSTEM,9000000,9000000
KAB. TANGGAMUS,"DINAS KOPERASI, USAHA KECIL DAN MENENGAH, PERINDUSTRIAN DAN PERDAGANGAN - 2.17.3.31.3.30.07.0000",01KMYWKXJX3Y2RCDY4EH8ZSE8R,64951143,2026,E-Katalog 6.0,APBD,MELATI JAYA CATERING,E-Purchasing,Jasa Lainnya,Belanja Makanan dan Minuman Jamuan Tamu,PAYMENT OUTSIDE SYSTEM,27800000,27800000
KAB. TANGGAMUS,DINAS PARIWISATA DAN KEBUDAYAAN - 3.26.2.22.2.19.02.0000,01KJ4NHA194AGP1KZ9289P6TD6,64022208,2026,E-Katalog 6.0,APBD,LANGGENG JAYA TANGGAMUS,E-Purchasing,Barang," Belanja Alat/Bahan untuk Kegiatan Kantor-Alat Tulis Kantor",PAYMENT OUTSIDE SYSTEM,751004,751004
KAB. TANGGAMUS,BAGIAN UMUM SEKRETARIAT DAERAH - 4.01.5.06.0.00.01.0007,01KJF8MMD6QVEVQDWRQ5B3P6MW,63545474,2026,E-Katalog 6.0,APBD,EFIKA REZA,E-Purchasing,Barang,Belanja Kipas Angin,PAYMENT OUTSIDE SYSTEM,7335999,7335999
KAB. TANGGAMUS,PUSKESMAS GISTING - 1.02.0.00.0.00.01.0016,01KVSFK8Z1YYG7Q1SGSQC8VM04,66810700,2026,E-Katalog 6.0,APBD,PHAPROS,E-Purchasing,Barang,Belanja Barang dan Jasa BLUD,ON PROCESS,612720,612720
KAB. TANGGAMUS,DINAS KOMUNIKASI DAN INFORMATIKA - 2.16.2.20.2.21.04.0000,01KQ6TBR4NT426MTRFNFAFT30T,66005396,2026,E-Katalog 6.0,APBD,MULTIMEDIA CIPTA MANDIRI,E-Purchasing,Jasa Lainnya,"Belanja Jasa Iklan/Reklame, Film, dan Pemotretan",ON PROCESS,28500000,28500000
KAB. TANGGAMUS,PUSKESMAS SANGGI - 1.02.0.00.0.00.01.0006,01KTB85R6QSG64YMR6WVKYSK70,66798486,2026,E-Katalog 6.0,APBD,MULYA ALAM SEJAHTERA,E-Purchasing,Barang,Belanja Modal Peralatan dan Mesin BLUD,COMPLETED,8999998,8999998
KAB. TANGGAMUS,SEKRETARIAT DPRD - 4.02.0.00.0.00.01.0000,01KWXR85RGY8FBWEDM1DY1CH0N,63313099,2026,E-Katalog 6.0,APBD,DJADIN PANTAU MEDIA,E-Purchasing,Jasa Lainnya," Belanja Langganan Jurnal/Surat Kabar/Majalah",ON PROCESS,1900000,1900000
KAB. TANGGAMUS,SEKRETARIAT DPRD - 4.02.0.00.0.00.01.0000,01KKTMVQ59CVB3RY2WWYZFAF5H,63313099,2026,E-Katalog 6.0,APBD,HARIAN GLOBAL NUSANTARA,E-Purchasing,Jasa Lainnya," Belanja Langganan Jurnal/Surat Kabar/Majalah",PAYMENT OUTSIDE SYSTEM,2850000,2850000
KAB. TANGGAMUS,SEKRETARIAT DPRD - 4.02.0.00.0.00.01.0000,01KWK14MJA96YGTC7DMVXAD5D0,63313099,2026,E-Katalog 6.0,APBD,MEDIA INDEPENDEN MANDIRI,E-Purchasing,Jasa Lainnya," Belanja Langganan Jurnal/Surat Kabar/Majalah",ON PROCESS,4750000,4750000
KAB. TANGGAMUS,DINAS PENDIDIKAN DAN KEBUDAYAAN - 1.01.2.22.0.00.02.0000,01KSHRE3348JTEQSHSY32WBCCY,67051192,2026,E-Katalog 6.0,APBD,MAHARANI GROUP,E-Purchasing,Jasa Lainnya,"GEBYAR PAUD TK,KB,SPS (Belanja Sewa Sound Sistem)",ON PROCESS,1450000,1450000
KAB. TANGGAMUS,BAGIAN ORGANISASI SEKRETARIAT DAERAH - 4.01.5.06.0.00.01.0008,01KWGZRHNH49AEAZA92CFS1DRF,63448861,2026,E-Katalog 6.0,APBD,WE DHE WE,E-Purchasing,Barang,Belanja Alat/Bahan untuk Kegiatan Kantor-Alat Tulis Kantor,ON PROCESS,3280050,3280050
KAB. TANGGAMUS,"BADAN PERENCANAAN PEMBANGUNAN, RISET DAN INOVASI DAERAH - 5.01.5.05.0.00.01.0000",01KJ9GRX3VG17X11Y51WXTT989,64392722,2026,E-Katalog 6.0,APBD,ABID FAMILI,E-Purchasing,Barang,Belanja Alat/Bahan untuk Kegiatan Kantor-Alat Tulis Kantor,PAYMENT OUTSIDE SYSTEM,1078698,1078698
KAB. TANGGAMUS,BADAN KEPEGAWAIAN DAN PENGEMBANGAN SUMBER DAYA MANUSIA - 5.03.5.04.0.00.01.0000,01KVQAA72SVBZSKSRSEHRGJ0T6,63297746,2026,E-Katalog 6.0,APBD,CV Solusi Arya Prima Lampung,E-Purchasing,Barang,Belanja Modal Peralatan Studio Video dan Film,ON PROCESS,24420000,0
KAB. TANGGAMUS,DINAS KOMUNIKASI DAN INFORMATIKA - 2.16.2.20.2.21.04.0000,01KNKGEVRKG64FXDQTXYBDTS3Z,66007827,2026,E-Katalog 6.0,APBD,SINARMERDEKA JAYA LAMPUNG,E-Purchasing,Jasa Lainnya,Belanja Langganan Jurnal/Surat Kabar/Majalah,ON PROCESS,9500000,9500000
KAB. TANGGAMUS,DINAS KOMUNIKASI DAN INFORMATIKA - 2.16.2.20.2.21.04.0000,01KRZ97AEJAKKXTHDZ1FSQ2N52,66007827,2026,E-Katalog 6.0,APBD,COKRO SAMBUNG ROSO,E-Purchasing,Jasa Lainnya,Belanja Langganan Jurnal/Surat Kabar/Majalah,ON PROCESS,2850000,2850000
KAB. TANGGAMUS,PLT.DINAS KESEHATAN - 1.02.0.00.0.00.01.0000,01KJAF1VTNH2A0SXZ2N83FYVXX,65110149,2026,E-Katalog 6.0,APBD,ALIMA SARANA BERSAMA,E-Purchasing,Barang,Pengadaan BMHP Pelayanan Dasar (DAK),ON PROCESS,202852500,202852500
KAB. TANGGAMUS,PUSKESMAS SIRING BETIK - 1.02.0.00.0.00.01.0002,01KTNNA54BW64WZK49R6NQZCSQ,67073218,2026,E-Katalog 6.0,APBD,MULYA ALAM SEJAHTERA,E-Purchasing,Barang,Belanja Barang dan Jasa,COMPLETED,4799640,4799640
KAB. TANGGAMUS,DINAS TENAGA KERJA - 2.07.3.29.3.32.01.0000,01KN0Y6QTP9WM5G4DFAK9HS20V,66748353,2026,E-Katalog 6.0,APBD,JEMBAR JAYA PRATAMA,E-Purchasing,Jasa Lainnya,Belanja Pakaian Batik Tradisional,PAYMENT OUTSIDE SYSTEM,14973900,14973900
KAB. TANGGAMUS,BAGIAN UMUM SEKRETARIAT DAERAH - 4.01.5.06.0.00.01.0007,01KJF6FW4V1WMFSFNF9SM4HHY0,63545423,2026,E-Katalog 6.0,APBD,EFIKA REZA,E-Purchasing,Barang,Belanja TANK SPRAYER 2IN1 ELEKTRIK,PAYMENT OUTSIDE SYSTEM,9554170,9554170
KAB. TANGGAMUS,BAGIAN PEREKONOMIAN DAN SUMBER DAYA ALAM SEKRETARIAT DAERAH - 4.01.5.06.0.00.01.0005,01KJ9W8S375VDBJJADS8MJG4PQ,64001532,2026,E-Katalog 6.0,APBD,LANGGENG JAYA TANGGAMUS,E-Purchasing,Barang,Belanja Alat Tulis Kantor (ATK) Kegiatan Pengendalian dan Distribusi Perekonomian,PAYMENT OUTSIDE SYSTEM,3267840,3267840
KAB. TANGGAMUS,BAGIAN UMUM SEKRETARIAT DAERAH - 4.01.5.06.0.00.01.0007,01KPQN052Q6TVN48943N39Y7BD,63586035,2026,E-Katalog 6.0,APBD,EFIKA REZA,E-Purchasing,Barang,Belanja Pengadaan Bingkai Foto Kantor,PAYMENT OUTSIDE SYSTEM,14208000,14208000
KAB. TANGGAMUS,DINAS KOMUNIKASI DAN INFORMATIKA - 2.16.2.20.2.21.04.0000,01KKKSQEDBP8MYRA21333S0VQT,66007827,2026,E-Katalog 6.0,APBD,DELI LINTAS BERSAMA,E-Purchasing,Jasa Lainnya,Belanja Langganan Jurnal/Surat Kabar/Majalah,ON PROCESS,190000,190000
KAB. TANGGAMUS,DINAS KOMUNIKASI DAN INFORMATIKA - 2.16.2.20.2.21.04.0000,01KKJK8A733TJHVBG17HRF7SQQ,66007827,2026,E-Katalog 6.0,APBD,BANYU BIRU MULTIMEDIA,E-Purchasing,Jasa Lainnya,Belanja Langganan Jurnal/Surat Kabar/Majalah,ON PROCESS,2850000,2850000
KAB. TANGGAMUS,DINAS PERIKANAN - 3.25.0.00.0.00.02.0000,10837554000,65797001,2026,Non Tender,APBD,CV. INTI MULYA KONSULTAN,Pengadaan Langsung,Jasa Konsultansi Badan Usaha Konstruksi,Jasa Konsultansi Perencanaan Talud Bronjong Abrasi Pantai,SELESAI,19747433,19747433
KAB. TANGGAMUS,"BADAN PERENCANAAN PEMBANGUNAN, RISET DAN INOVASI DAERAH - 5.01.5.05.0.00.01.0000",01KJ6QT60W5Z1YYAKYR9TK4A9Y,64518659,2026,E-Katalog 6.0,APBD,LANGGENG JAYA TANGGAMUS,E-Purchasing,Barang,Belanja Alat/Bahan untuk Kegiatan Kantor-Alat Tulis Kantor Sub Kegiatan Penyediaan Bahan/Material,PAYMENT OUTSIDE SYSTEM,6403035,6403035
KAB. TANGGAMUS,DINAS KOMUNIKASI DAN INFORMATIKA - 2.16.2.20.2.21.04.0000,01KKK8AVQKEVVVWVG3T871H96D,66007827,2026,E-Katalog 6.0,APBD,PUTRA RIAU TAMA NEWS,E-Purchasing,Jasa Lainnya,Belanja Langganan Jurnal/Surat Kabar/Majalah,ON PROCESS,1900000,1900000
KAB. TANGGAMUS,DINAS KOMUNIKASI DAN INFORMATIKA - 2.16.2.20.2.21.04.0000,01KRZDZ131SZ3R89GFKNV5F65T,66007827,2026,E-Katalog 6.0,APBD,SERUMPUN POST LAMPUNG,E-Purchasing,Jasa Lainnya,Belanja Langganan Jurnal/Surat Kabar/Majalah,ON PROCESS,2850000,2850000
KAB. TANGGAMUS,SEKRETARIAT DPRD - 4.02.0.00.0.00.01.0000,01KX0DRMXKA7ECFQRDTH6BK5C8,63312241,2026,E-Katalog 6.0,APBD,LAMPUNGRAYA TELEVISI INDONESIA,E-Purchasing,Jasa Lainnya,"Belanja Jasa Iklan/Reklame, Film, dan Pemotretan",ON PROCESS,19000000,19000000
KAB. TANGGAMUS,PUSKESMAS SUMBEREJO - 1.02.0.00.0.00.01.0025,01KT8H0MGMHEHWX7S6AJH72EXB,66863521,2026,E-Katalog 6.0,APBD,MEDIKAL PRINTING,E-Purchasing,Barang,-,ON PROCESS,3768000,3768000
KAB. TANGGAMUS,DINAS KOMUNIKASI DAN INFORMATIKA - 2.16.2.20.2.21.04.0000,01KKGM078BQVA3WYJ60FTEYD27,66007827,2026,E-Katalog 6.0,APBD,BINTANG NUSANTARA SERAYA,E-Purchasing,Jasa Lainnya,Belanja Langganan Jurnal/Surat Kabar/Majalah,ON PROCESS,4750000,4750000
KAB. TANGGAMUS,DINAS KOMUNIKASI DAN INFORMATIKA - 2.16.2.20.2.21.04.0000,01KKJNTSY7XRN2YHPRQVRE7AQN,66007827,2026,E-Katalog 6.0,APBD,GUBA JAYA MEDIA,E-Purchasing,Jasa Lainnya,Belanja Langganan Jurnal/Surat Kabar/Majalah,ON PROCESS,2850000,2850000
KAB. TANGGAMUS,"BADAN PERENCANAAN PEMBANGUNAN, RISET DAN INOVASI DAERAH - 5.01.5.05.0.00.01.0000",01KWK9ENX5Y2VN2Z4TWGMEF0RS,64594962,2026,E-Katalog 6.0,APBD,VAJRA MANDALA LAMPUNG,E-Purchasing,Barang,Belanja Modal Peralatan Studio Audio Sub Kegitan Penyediaan Peralatan dan Perlengkapan Kantor,ON PROCESS,4899540,4899540
KAB. TANGGAMUS,"DINAS KOPERASI, USAHA KECIL DAN MENENGAH, PERINDUSTRIAN DAN PERDAGANGAN - 2.17.3.31.3.30.07.0000",01KJVKJBA5GBKF1FJQBA2HH59Q,64952456,2026,E-Katalog 6.0,APBD,DENAYA AZZAHRA,E-Purchasing,Barang,Belanja Pakaian Batik Tradisional,PAYMENT OUTSIDE SYSTEM,49084200,49084200
KAB. TANGGAMUS,DINAS PEKERJAAN UMUM DAN PERUMAHAN RAKYAT - 1.03.1.04.2.10.10.0000,10784323000,64811017,2026,Non Tender,APBD,PT ANUGERAH REKAYASA MANDIRI,Pengadaan Langsung,Jasa Konsultansi Badan Usaha Non Konstruksi,Redesain Perencanaan Teknis Pembangunan Jembatan,SELESAI,30136500,30136500
KAB. TANGGAMUS,DINAS PENDIDIKAN DAN KEBUDAYAAN - 1.01.2.22.0.00.02.0000,01KTBDS9TCKSJWJHJ9A28JKNXR,67253897,2026,E-Katalog 6.0,APBD,LANGGENG JAYA TANGGAMUS,E-Purchasing,Barang,Belanja Piala Pemenang OSN SD Tingkat Kabupaten,ON PROCESS,1448550,1448550
KAB. TANGGAMUS,SEKRETARIAT DPRD - 4.02.0.00.0.00.01.0000,01KNRCY44WEXZ8NHNCZ46E7R00,63313099,2026,E-Katalog 6.0,APBD,TRANS LAMPUNG PERS,E-Purchasing,Jasa Lainnya," Belanja Langganan Jurnal/Surat Kabar/Majalah",PAYMENT OUTSIDE SYSTEM,4750000,4750000
KAB. TANGGAMUS,DINAS KOMUNIKASI DAN INFORMATIKA - 2.16.2.20.2.21.04.0000,01KRZDC51B8AFFK461F6CWYBQQ,66007827,2026,E-Katalog 6.0,APBD,PEMAIN LINTAS PESISIR,E-Purchasing,Jasa Lainnya,Belanja Langganan Jurnal/Surat Kabar/Majalah,ON PROCESS,2850000,2850000
KAB. TANGGAMUS,PLT.DINAS KESEHATAN - 1.02.0.00.0.00.01.0000,01KTVH7XNWR8APGJMBMZR8GGVG,67293819,2026,E-Katalog 6.0,APBD,SOWAN RAGA INTI LAMPUNG,E-Purchasing,Barang,Pengadaan Komputer / Laptop Subkegiatan Pengadaan Peralatan dan Mesin Lainnya,ON PROCESS,8210670,8210670
KAB. TANGGAMUS,BAGIAN UMUM SEKRETARIAT DAERAH - 4.01.5.06.0.00.01.0007,01KW8WQTXCTCP20KNXRWXX40BR,67148034,2026,E-Katalog 6.0,APBD,PRADANA,E-Purchasing,Barang,Belanja Scaner,ON PROCESS,28493700,28493700
KAB. TANGGAMUS,SEKRETARIAT DPRD - 4.02.0.00.0.00.01.0000,01KWKCAQFFDGN9X8T37M1N44J1,63313099,2026,E-Katalog 6.0,APBD,MOMENTUM MATA PENA,E-Purchasing,Jasa Lainnya," Belanja Langganan Jurnal/Surat Kabar/Majalah",ON PROCESS,4750000,4750000
KAB. TANGGAMUS,PLT.DINAS KESEHATAN - 1.02.0.00.0.00.01.0000,01KK8BQKDNBBTZJP4PHCFDJ19F,65192226,2026,E-Katalog 6.0,APBD,EFIKA REZA,E-Purchasing,Barang,Belanja Alat/Bahan untuk Kegiatan Kantor-Alat Listrik subkegiatan  Penyediaan Komponen Instalasi Listrik/Penerangan Bangunan Kantor,PAYMENT OUTSIDE SYSTEM,7940557,7940557
KAB. TANGGAMUS,DINAS KOMUNIKASI DAN INFORMATIKA - 2.16.2.20.2.21.04.0000,01KKJME8DEHVYER821XK5XPBT4,66007827,2026,E-Katalog 6.0,APBD,DEVINA MEDIA GROUP,E-Purchasing,Jasa Lainnya,Belanja Langganan Jurnal/Surat Kabar/Majalah,ON PROCESS,2850000,2850000
KAB. TANGGAMUS,DINAS PEKERJAAN UMUM DAN PERUMAHAN RAKYAT - 1.03.1.04.2.10.10.0000,10813383000,66779522,2026,Non Tender,APBD,RC CONSULTANT,Pengadaan Langsung,Jasa Konsultansi Badan Usaha Non Konstruksi,Perencanaan Teknis Perkuatan Tebing/Aliran Sungai Kabupaten,SELESAI,44126152,44126152
KAB. TANGGAMUS,DINAS KOMUNIKASI DAN INFORMATIKA - 2.16.2.20.2.21.04.0000,01KKKV5GXMHP8FHNVX6RQHB2BK,66007827,2026,E-Katalog 6.0,APBD,MEDIA EXPRES NEWS,E-Purchasing,Jasa Lainnya,Belanja Langganan Jurnal/Surat Kabar/Majalah,ON PROCESS,2850000,2850000
KAB. TANGGAMUS,DINAS KOMUNIKASI DAN INFORMATIKA - 2.16.2.20.2.21.04.0000,01KQ9B3G6W3AD7WR5Y8TKE9DHW,66007827,2026,E-Katalog 6.0,APBD,INTERMEDIA NUSA BHAKTI,E-Purchasing,Jasa Lainnya,Belanja Langganan Jurnal/Surat Kabar/Majalah,ON PROCESS,9500000,9500000
KAB. TANGGAMUS,PUSKESMAS SUMBEREJO - 1.02.0.00.0.00.01.0025,01KWYJ6AZPERFFXM4B8SCRWSZK,66863632,2026,E-Katalog 6.0,APBD,ABDUL AZIS,E-Purchasing,Barang,Jamuan Makan,ON PROCESS,2040000,2040000
KAB. TANGGAMUS,BAGIAN UMUM SEKRETARIAT DAERAH - 4.01.5.06.0.00.01.0007,10857533000,63544808,2026,Non Tender,APBD,CV ZIDAN PRATAMA,Pengadaan Langsung,Pekerjaan Konstruksi,Pembuatan Ruang Biding Bagian ULP,SELESAI,29336279,29336279
KAB. TANGGAMUS,DINAS PEMUDA DAN OLAHRAGA - 2.19.0.00.0.00.01.0000,01KWTMR5S4BXEMXCZPDYF1AYMN,65085172,2026,E-Katalog 6.0,APBD,LANGGENG JAYA TANGGAMUS,E-Purchasing,Jasa Lainnya,Belanja Makanan dan Minuman Jamuan Tamu,ON PROCESS,419580,419580
KAB. TANGGAMUS,BAGIAN PERENCANAAN DAN KEUANGAN SEKRETARIAT DAERAH - 4.01.5.06.0.00.01.0010,01KJY0M8RTHVQ5GR0HKXHG9KQ9,63790208,2026,E-Katalog 6.0,APBD,ALGHIF JAYA,E-Purchasing,Barang,Belanja Alat/Bahan untuk Kegiatan Kantor-Alat Tulis Kantor,PAYMENT OUTSIDE SYSTEM,633477,633477
KAB. TANGGAMUS,DINAS KOMUNIKASI DAN INFORMATIKA - 2.16.2.20.2.21.04.0000,01KKGN4TVSMAFN7TD2MJE68RTW,66007827,2026,E-Katalog 6.0,APBD,GEMA BERITA NUSANTARA,E-Purchasing,Jasa Lainnya,Belanja Langganan Jurnal/Surat Kabar/Majalah,ON PROCESS,4750000,4750000
KAB. TANGGAMUS,SEKRETARIAT DPRD - 4.02.0.00.0.00.01.0000,01KKTH5AVX77RED9VC7BNWSDFE,63313099,2026,E-Katalog 6.0,APBD,ATMOS EDITOR LAMPUNG,E-Purchasing,Jasa Lainnya," Belanja Langganan Jurnal/Surat Kabar/Majalah",PAYMENT OUTSIDE SYSTEM,4750000,4750000
KAB. TANGGAMUS,BAGIAN UMUM SEKRETARIAT DAERAH - 4.01.5.06.0.00.01.0007,01KPAQYHQ5XJQBDE6BE267SBVA,66923814,2026,E-Katalog 6.0,APBD,ZIDAN PRATAMA,E-Purchasing,Barang,Sound System ( Hardwell 15 In ),PAYMENT OUTSIDE SYSTEM,43734000,43734000
KAB. TANGGAMUS,SEKRETARIAT DPRD - 4.02.0.00.0.00.01.0000,01KKTVKC0P45GDW4HGMJWDTDMV,63313099,2026,E-Katalog 6.0,APBD,PEMAIN LINTAS PESISIR,E-Purchasing,Jasa Lainnya," Belanja Langganan Jurnal/Surat Kabar/Majalah",PAYMENT OUTSIDE SYSTEM,2850000,2850000
KAB. TANGGAMUS,BAGIAN PERENCANAAN DAN KEUANGAN SEKRETARIAT DAERAH - 4.01.5.06.0.00.01.0010,01KPQFGK1H3QX43ZXC9NPQJ2D4,63823855,2026,E-Katalog 6.0,APBD,ALGHIF JAYA,E-Purchasing,Barang,Belanja Alat/Bahan untuk Kegiatan Kantor- Bahan Cetak,PAYMENT OUTSIDE SYSTEM,1198800,1198800
KAB. TANGGAMUS,BAGIAN PENGADAAN BARANG DAN JASA SEKRETARIAT DAERAH - 4.01.5.06.0.00.01.0006,01KFFMG2N7137H6SMRTJ6V2C1K,63562440,2026,E-Katalog 6.0,APBD,NEWTON CIPTA INFORMATIKA,E-Purchasing,Jasa Lainnya,Belanja Jasa SSL (Secure Socket Layer) dan Firewall,PAYMENT OUTSIDE SYSTEM,99075000,99075000
KAB. TANGGAMUS,DINAS KOMUNIKASI DAN INFORMATIKA - 2.16.2.20.2.21.04.0000,01KRZC7VH3F0RP8DHD5KZCTFF2,66007827,2026,E-Katalog 6.0,APBD,NAIRA LAMPUNG PERS,E-Purchasing,Jasa Lainnya,Belanja Langganan Jurnal/Surat Kabar/Majalah,ON PROCESS,2850000,2850000
KAB. TANGGAMUS,SEKRETARIAT DPRD - 4.02.0.00.0.00.01.0000,01KN690M72NB5P7PV963DV25ER,63313099,2026,E-Katalog 6.0,APBD,KARTA CIPTA MEDIA KARYA,E-Purchasing,Jasa Lainnya," Belanja Langganan Jurnal/Surat Kabar/Majalah",PAYMENT OUTSIDE SYSTEM,2750000,2750000
KAB. TANGGAMUS,BAGIAN UMUM SEKRETARIAT DAERAH - 4.01.5.06.0.00.01.0007,01KS6YYHY2NJ9QQFXXV4JAEVSW,63613739,2026,E-Katalog 6.0,APBD,MELATI JAYA CATERING,E-Purchasing,Jasa Lainnya,Belanja Makanan Dan Minuman Untuk Acara Open House Hari Raya Idul Adha (BUPATI),PAYMENT OUTSIDE SYSTEM,60560000,60560000
KAB. TANGGAMUS,DINAS PENDIDIKAN DAN KEBUDAYAAN - 1.01.2.22.0.00.02.0000,01KVFM68T3T8MAZQZ7978QYNEV,67300127,2026,E-Katalog 6.0,APBD,LANGGENG JAYA TANGGAMUS,E-Purchasing,Barang,Belanja Cetak Kegiatan Workshop Koding dan Kecerdasan Artifisial ( KKA ),ON PROCESS,5614380,5614380
KAB. TANGGAMUS,DINAS KOMUNIKASI DAN INFORMATIKA - 2.16.2.20.2.21.04.0000,01KQRV3CM6G0HDJK6X04WXKD9X,66007827,2026,E-Katalog 6.0,APBD,MEDIA ONLINE NEWS TANGGAMUS,E-Purchasing,Jasa Lainnya,Belanja Langganan Jurnal/Surat Kabar/Majalah,ON PROCESS,9500000,9500000
KAB. TANGGAMUS,SEKRETARIAT DPRD - 4.02.0.00.0.00.01.0000,01KWH5BEBCWTJ0M2QNGDGK1NAH,63313099,2026,E-Katalog 6.0,APBD,FAJAR INTERMEDIA UTAMA,E-Purchasing,Jasa Lainnya," Belanja Langganan Jurnal/Surat Kabar/Majalah",ON PROCESS,4750000,4750000
KAB. TANGGAMUS,DINAS KOMUNIKASI DAN INFORMATIKA - 2.16.2.20.2.21.04.0000,01KQ72VPMFEHGXRYG6QN1Q5BJR,66005396,2026,E-Katalog 6.0,APBD,TEGAR MEDIA LAMPUNG,E-Purchasing,Jasa Lainnya,"Belanja Jasa Iklan/Reklame, Film, dan Pemotretan",ON PROCESS,11400000,11400000
KAB. TANGGAMUS,DINAS KOMUNIKASI DAN INFORMATIKA - 2.16.2.20.2.21.04.0000,01KRZ8644Z7GCH0K4PV736QKH6,66007827,2026,E-Katalog 6.0,APBD,WAHANA SEMESTA WONOSOBO,E-Purchasing,Jasa Lainnya,Belanja Langganan Jurnal/Surat Kabar/Majalah,ON PROCESS,4750000,4750000
KAB. TANGGAMUS,RUMAH SAKIT UMUM DAERAH BATIN MANGUNANG KOTA AGUNG - 1.02.0.00.0.00.01.0001,01KSSJ8PTPQBF5JFAJ3H12WEE2,67140288,2026,E-Katalog 6.0,APBD,INDAH NURANI,E-Purchasing,Jasa Lainnya,Belanja Barang dan Jasa BLUD,ON PROCESS,15096000,15096000
KAB. TANGGAMUS,PUSKESMAS SUDIMORO - 1.02.0.00.0.00.01.0004,01KRCYEZH2T8P3V6HWMHBKJVSP,67111106,2026,E-Katalog 6.0,APBD,MEDIKAL PRINTING,E-Purchasing,Barang,Belanja Barang dan Jasa BLUD,COMPLETED,6978560,6978560
KAB. TANGGAMUS,DINAS KEPENDUDUKAN DAN PENCATATAN SIPIL - 2.12.2.12.0.00.01.0000,01KP81SDTQQCB5EJB9XBANMPWH,62902270,2026,E-Katalog 6.0,APBD,MULYA ALAM SEJAHTERA,E-Purchasing,Barang,Belanja Modal Peralatan Personal Computer,PAYMENT OUTSIDE SYSTEM,24836250,24836250
KAB. TANGGAMUS,BAGIAN UMUM SEKRETARIAT DAERAH - 4.01.5.06.0.00.01.0007,10819056000,63544187,2026,Non Tender,APBD,CV ZIDAN PRATAMA,Pengadaan Langsung,Pekerjaan Konstruksi,Pemeliharaan Gedung Messpemda,SELESAI,148158060,148158060
KAB. TANGGAMUS,DINAS KOMUNIKASI DAN INFORMATIKA - 2.16.2.20.2.21.04.0000,01KKJZ1JPAQFYSHVT25BND8773,66007827,2026,E-Katalog 6.0,APBD,MEDIA HALUAN INDONESIA,E-Purchasing,Jasa Lainnya,Belanja Langganan Jurnal/Surat Kabar/Majalah,ON PROCESS,2850000,2850000
KAB. TANGGAMUS,BADAN KEPEGAWAIAN DAN PENGEMBANGAN SUMBER DAYA MANUSIA - 5.03.5.04.0.00.01.0000,01KS2BJQF13TRNR364RRNSJ51Q,67170992,2026,E-Katalog 6.0,APBD,PRAMESWARI CITA MEDIA,E-Purchasing,Barang,Belanja Alat/Bahan untuk Kegiatan Kantor-Alat Tulis Kantor,PAYMENT OUTSIDE SYSTEM,3885000,3885000
KAB. TANGGAMUS,BAGIAN UMUM SEKRETARIAT DAERAH - 4.01.5.06.0.00.01.0007,01KPWFMVPZ1507MMKQ13X2C9AZ,65477343,2026,E-Katalog 6.0,APBD,SWARA ANTAR NUSA,E-Purchasing,Jasa Lainnya,"Belanja Pakaian Sipil (PSH) Sekretaris Daerah, Assisten dan Staf Ahli",PAYMENT OUTSIDE SYSTEM,11000000,11000000
KAB. TANGGAMUS,SEKRETARIAT DPRD - 4.02.0.00.0.00.01.0000,01KWKHF1K82ANFBY04S3XEQAGP,63313099,2026,E-Katalog 6.0,APBD,EXCALIBUR MEDIA TAMA,E-Purchasing,Jasa Lainnya," Belanja Langganan Jurnal/Surat Kabar/Majalah",ON PROCESS,4750000,4750000
KAB. TANGGAMUS,RUMAH SAKIT UMUM DAERAH BATIN MANGUNANG KOTA AGUNG - 1.02.0.00.0.00.01.0001,01KEC6XJ5XTKAECQSYAM52YF4M,62732486,2026,E-Katalog 6.0,APBD,GARUDA HITAM PERKASA,E-Purchasing,Jasa Lainnya,Jasa Outsourching Keamanan,ON PROCESS,228382196,228382196
KAB. TANGGAMUS,PUSKESMAS WAY NIPAH - 1.02.0.00.0.00.01.0008,01KWW5TA7DQABGV7A0K8PVBSQ1,66813716,2026,E-Katalog 6.0,APBD,BERKAH WISESHA,E-Purchasing,Barang,"Belanja bahan, dan penyiapan PMT lokal Bumil KEK dan Risiko KEK",ON PROCESS,19731722,19731722
KAB. TANGGAMUS,DINAS PARIWISATA DAN KEBUDAYAAN - 3.26.2.22.2.19.02.0000,01KSS1JKGNS6NMZ3ZH08DYDVR1,66773270,2026,E-Katalog 6.0,APBD,AN-NISA,E-Purchasing,Barang,Belanja Makanan dan Minuman Rapat,ON PROCESS,2045000,2045000
KAB. TANGGAMUS,SEKRETARIAT DPRD - 4.02.0.00.0.00.01.0000,01KWVYZJ3J6T9NMQY5QDBVZ8AK,63313099,2026,E-Katalog 6.0,APBD,ALDO SANJAYA INVESTAMA,E-Purchasing,Jasa Lainnya," Belanja Langganan Jurnal/Surat Kabar/Majalah",ON PROCESS,190000,190000
KAB. TANGGAMUS,PUSKESMAS SANGGI - 1.02.0.00.0.00.01.0006,01KRFJRE7T9ZCAT4598W31FYNW,66798485,2026,E-Katalog 6.0,APBD,HOLI PHARMA,E-Purchasing,Barang,-,ON PROCESS,259740,259740
KAB. TANGGAMUS,DINAS KOMUNIKASI DAN INFORMATIKA - 2.16.2.20.2.21.04.0000,01KRZ19E0BBANCJ0SP39Y3SY18,66007827,2026,E-Katalog 6.0,APBD,FAJAR INTERMEDIA UTAMA,E-Purchasing,Jasa Lainnya,Belanja Langganan Jurnal/Surat Kabar/Majalah,ON PROCESS,9500000,9500000
KAB. TANGGAMUS,BAGIAN UMUM SEKRETARIAT DAERAH - 4.01.5.06.0.00.01.0007,01KPWDW6J3F4TB6QC3BC37RRW5,65473552,2026,E-Katalog 6.0,APBD,SWARA ANTAR NUSA,E-Purchasing,Barang,Belanja Pakaian Sipil Harian (PSH) Bupati dan Wakil Bupati,PAYMENT OUTSIDE SYSTEM,14700000,14700000
KAB. TANGGAMUS,BADAN KEPEGAWAIAN DAN PENGEMBANGAN SUMBER DAYA MANUSIA - 5.03.5.04.0.00.01.0000,01KVSBW7T4JM17R76JTK6FJD8P,63292320,2026,E-Katalog 6.0,APBD,INDOJAYA TALENTA GLOBAL,E-Purchasing,Barang,Belanja Modal Alat Kantor Lainnya,ON PROCESS,14707500,14707500
KAB. TANGGAMUS,DINAS PEKERJAAN UMUM DAN PERUMAHAN RAKYAT - 1.03.1.04.2.10.10.0000,01KSHDMS2PD0B3FQCGD3WWCEM8,63695544,2026,E-Katalog 6.0,APBD,DHAVIN UTAMA,E-Purchasing,Barang,Pengadaan Proyektor Dinas PUPR Kab. Tanggamus,ON PROCESS,19536000,19536000
KAB. TANGGAMUS,BADAN KEPEGAWAIAN DAN PENGEMBANGAN SUMBER DAYA MANUSIA - 5.03.5.04.0.00.01.0000,01KWBC8KWXYFD0SXR53FS3Z0DG,63293252,2026,E-Katalog 6.0,APBD,CV Solusi Arya Prima Lampung,E-Purchasing,Barang,Belanja Modal Mebel,ON PROCESS,13852800,13852800
KAB. TANGGAMUS,DINAS KOMUNIKASI DAN INFORMATIKA - 2.16.2.20.2.21.04.0000,01KKGXKRPF2W7XQHCNTQFSZCMP,66007827,2026,E-Katalog 6.0,APBD,RAKATA NEWS MULTIMEDIA,E-Purchasing,Jasa Lainnya,Belanja Langganan Jurnal/Surat Kabar/Majalah,ON PROCESS,9500000,9500000
KAB. TANGGAMUS,PUSKESMAS SUMBEREJO - 1.02.0.00.0.00.01.0025,01KT38XZKM35W4K8ZF37N7FFX9,66938741,2026,E-Katalog 6.0,APBD,BERKAH WISESHA,E-Purchasing,Barang,Pembelian Bahan Makanan untuk praktik,PAYMENT OUTSIDE SYSTEM,683358,683358
KAB. TANGGAMUS,"BADAN PERENCANAAN PEMBANGUNAN, RISET DAN INOVASI DAERAH - 5.01.5.05.0.00.01.0000",01KWKBNG2TAXVS8MVRGES73E12,64387743,2026,E-Katalog 6.0,APBD,ALGHIF JAYA,E-Purchasing,Barang,Belanja Alat/Bahan untuk Kegiatan Kantor-Alat Tulis Kantor,ON PROCESS,1236829,1236829
KAB. TANGGAMUS,PLT.DINAS KESEHATAN - 1.02.0.00.0.00.01.0000,01KTPAKKMWECMYV31NZK6RW2E5,67277134,2026,E-Katalog 6.0,APBD,ABID FAMILI,E-Purchasing,Barang,Belanja Alat/Bahan untuk Kegiatan Kantor- Bahan Cetak Subkegiatan Pelayanan Kesehatan Penyakit Menular dan Tidak Menular,ON PROCESS,998900,998900
KAB. TANGGAMUS,BAGIAN HUKUM SEKRETARIAT DAERAH - 4.01.5.06.0.00.01.0003,01KNGV7GNWNSXHQ0VCM1K7680T,63889213,2026,E-Katalog 6.0,APBD,MELATI JAYA CATERING,E-Purchasing,Barang,BELANJA MAKANAN DAN MINUMAN,PAYMENT OUTSIDE SYSTEM,1215000,1215000
KAB. TANGGAMUS,SEKRETARIAT DPRD - 4.02.0.00.0.00.01.0000,01KWVKSHEV7BB742FSGJSCHNN8,63313099,2026,E-Katalog 6.0,APBD,PIKIRAN LAMPUNG BERJAYA,E-Purchasing,Jasa Lainnya," Belanja Langganan Jurnal/Surat Kabar/Majalah",ON PROCESS,2850000,2850000
KAB. TANGGAMUS,SEKRETARIAT DPRD - 4.02.0.00.0.00.01.0000,01KKK330YBS8FDSXE0QHSVCGSH,63313099,2026,E-Katalog 6.0,APBD,LAMPUNGRAYA TELEVISI INDONESIA,E-Purchasing,Jasa Lainnya," Belanja Langganan Jurnal/Surat Kabar/Majalah",PAYMENT OUTSIDE SYSTEM,9500000,9500000
KAB. TANGGAMUS,DINAS KOMUNIKASI DAN INFORMATIKA - 2.16.2.20.2.21.04.0000,01KKK6JPDQ70MVTYY7V7EXJMGR,66007827,2026,E-Katalog 6.0,APBD,PESONA LAMPUNG BARU,E-Purchasing,Jasa Lainnya,Belanja Langganan Jurnal/Surat Kabar/Majalah,ON PROCESS,2850000,2850000
KAB. TANGGAMUS,"BADAN PERENCANAAN PEMBANGUNAN, RISET DAN INOVASI DAERAH - 5.01.5.05.0.00.01.0000",10900138000,67026311,2026,Pencatatan,APBD,,Pengadaan Langsung,Pengadaan Barang,Belanja Makanan dan Minuman Rapat - Sub Kegiatan Koordinasi Penyusunan dan Penetapan Dokumen Perencanaan Pembangunan Daerah Kabupaten/Kota (PMPEPD),PAKET SELESAI,3118500,3118500
KAB. TANGGAMUS,BAGIAN UMUM SEKRETARIAT DAERAH - 4.01.5.06.0.00.01.0007,10765178000,63544739,2026,Non Tender,APBD,CV. ARMEECO INDOSARANA,Pengadaan Langsung,Jasa Konsultansi Badan Usaha Konstruksi,Belanja Jasa Konsultansi Perencanaan Pemeliharaan/Rehabilitasi Sarana dan Prasarana Pendukung Gedung Kantor atau Bangunan Lainnya,SELESAI,39516000,39516000
KAB. TANGGAMUS,DINAS KOMUNIKASI DAN INFORMATIKA - 2.16.2.20.2.21.04.0000,01KVYFDHQ48CJJJXME8QTMBMZP,66007827,2026,E-Katalog 6.0,APBD,FAJAR INTERMEDIA UTAMA,E-Purchasing,Jasa Lainnya,Belanja Langganan Jurnal/Surat Kabar/Majalah,ON PROCESS,4750000,4750000
KAB. TANGGAMUS,PUSKESMAS SUMBEREJO - 1.02.0.00.0.00.01.0025,01KTDSZRZZJWNZMV7Y0YMJDCEG,66863683,2026,E-Katalog 6.0,APBD,ABDUL AZIS,E-Purchasing,Barang,Jamuan Snack,ON PROCESS,591000,591000
KAB. TANGGAMUS,PLT.DINAS KESEHATAN - 1.02.0.00.0.00.01.0000,01KQ647V5F66DYZ18QF691JVB7,67007657,2026,E-Katalog 6.0,APBD,ABDUL AZIS,E-Purchasing,Barang,Belanja Makanan dan Minuman Rapat Subkegiatan  Pengelolaan Pelayanan Kesehatan Penderita Diabetes Melitus,ON PROCESS,2296200,2296200
KAB. TANGGAMUS,SEKRETARIAT DPRD - 4.02.0.00.0.00.01.0000,01KWXRPS342FTP8CJYBXGHE27Y,63313099,2026,E-Katalog 6.0,APBD,MEDIA ONLINE NEWS TANGGAMUS,E-Purchasing,Jasa Lainnya," Belanja Langganan Jurnal/Surat Kabar/Majalah",ON PROCESS,1900000,1900000
KAB. TANGGAMUS,DINAS KOMUNIKASI DAN INFORMATIKA - 2.16.2.20.2.21.04.0000,01KKJZMF2SDKGBTWWKADED1GW8,66007827,2026,E-Katalog 6.0,APBD,MEDIA PUTRI CEMPAKA GROUP,E-Purchasing,Jasa Lainnya,Belanja Langganan Jurnal/Surat Kabar/Majalah,ON PROCESS,2850000,2850000
KAB. TANGGAMUS,DINAS PERIKANAN - 3.25.0.00.0.00.02.0000,01KQC29G5F739AFXXKY7WM0F3Q,66928830,2026,E-Katalog 6.0,APBD,LANGGENG JAYA TANGGAMUS,E-Purchasing,Barang,Belanja Alat Tulis Kantor,PAYMENT OUTSIDE SYSTEM,17784975,17784975
KAB. TANGGAMUS,"BADAN PERENCANAAN PEMBANGUNAN, RISET DAN INOVASI DAERAH - 5.01.5.05.0.00.01.0000",01KJVQXB41BPWC2KE86M66KX4A,64387743,2026,E-Katalog 6.0,APBD,ABID FAMILI,E-Purchasing,Barang,Belanja Alat/Bahan untuk Kegiatan Kantor-Alat Tulis Kantor,PAYMENT OUTSIDE SYSTEM,917970,917970
KAB. TANGGAMUS,DINAS KOMUNIKASI DAN INFORMATIKA - 2.16.2.20.2.21.04.0000,01KKGVZW04G267DBMCJ30G6GXJ,66007827,2026,E-Katalog 6.0,APBD,PAYUNG TEDUH MEDIA GRUP,E-Purchasing,Jasa Lainnya,Belanja Langganan Jurnal/Surat Kabar/Majalah,ON PROCESS,9500000,9500000
KAB. TANGGAMUS,DINAS KOMUNIKASI DAN INFORMATIKA - 2.16.2.20.2.21.04.0000,01KNKFC3XSCDYY97N10ZTRVXGD,66007827,2026,E-Katalog 6.0,APBD,PAYUNG TEDUH MEDIA GRUP,E-Purchasing,Jasa Lainnya,Belanja Langganan Jurnal/Surat Kabar/Majalah,ON PROCESS,4750000,4750000
KAB. TANGGAMUS,BAGIAN UMUM SEKRETARIAT DAERAH - 4.01.5.06.0.00.01.0007,01KFWJJYJBFSMH0TRFDZK2ATRG,63535364,2026,E-Katalog 6.0,APBD,SWARA ANTAR NUSA,E-Purchasing,Jasa Lainnya,Belanja Sewa Sound System,ON PROCESS,19500000,19500000
KAB. TANGGAMUS,"BADAN PERENCANAAN PEMBANGUNAN, RISET DAN INOVASI DAERAH - 5.01.5.05.0.00.01.0000",01KTNJ0A30NDBW11P3VVAB6V2M,64585264,2026,E-Katalog 6.0,APBD,BERTIGA JAYA,E-Purchasing,Barang,Belanja Modal Alat Rumah Tangga Lainnya (Home Use) Sub Kegiatan Penyediaan Peralatan dan Perlengkapan Kantor,ON PROCESS,449550,449550
KAB. TANGGAMUS,SEKRETARIAT DPRD - 4.02.0.00.0.00.01.0000,01KWVXSAYMEB6QX6FH4XXGQA7K,63313099,2026,E-Katalog 6.0,APBD,DELI LINTAS BERSAMA,E-Purchasing,Jasa Lainnya," Belanja Langganan Jurnal/Surat Kabar/Majalah",ON PROCESS,190000,190000
KAB. TANGGAMUS,BAGIAN PEREKONOMIAN DAN SUMBER DAYA ALAM SEKRETARIAT DAERAH - 4.01.5.06.0.00.01.0005,01KN6M7B4C6M5FFHYDJPW6QF9B,64156297,2026,E-Katalog 6.0,APBD,MAHARANI GROUP,E-Purchasing,Jasa Lainnya,"Belanja Sewa Alat Kantor Lainya Kegiatan Koordinasi Sinkronisasi dan Evaluasi Kebijakan Pertanian, Kehutanan, Kelautan dan Perikanan",ON PROCESS,12850000,12850000
KAB. TANGGAMUS,SEKRETARIAT DPRD - 4.02.0.00.0.00.01.0000,01KKK37RHSRBJ0V9G6N9N31FG0,63313099,2026,E-Katalog 6.0,APBD,SELATAN WAHANA MEDIA VISUAL,E-Purchasing,Jasa Lainnya," Belanja Langganan Jurnal/Surat Kabar/Majalah",PAYMENT OUTSIDE SYSTEM,9500000,9500000
KAB. TANGGAMUS,SEKRETARIAT DPRD - 4.02.0.00.0.00.01.0000,01KMPYBGS8VC01KG2WF06TSZTD,63313099,2026,E-Katalog 6.0,APBD,ARIZKY MULI PRATAMA,E-Purchasing,Jasa Lainnya," Belanja Langganan Jurnal/Surat Kabar/Majalah",PAYMENT OUTSIDE SYSTEM,1900000,1900000
KAB. TANGGAMUS,DINAS KOMUNIKASI DAN INFORMATIKA - 2.16.2.20.2.21.04.0000,01KQ71EYVHQMCWMYCV60VDVV2Z,66007827,2026,E-Katalog 6.0,APBD,MEDIA INFO SOLUTION,E-Purchasing,Jasa Lainnya,Belanja Langganan Jurnal/Surat Kabar/Majalah,ON PROCESS,190000,190000
KAB. TANGGAMUS,SEKRETARIAT DPRD - 4.02.0.00.0.00.01.0000,01KKTS8QXGHPJTQA4ANXGANSP5,63313099,2026,E-Katalog 6.0,APBD,PARADIGMA MEDIA NUSANTARA,E-Purchasing,Jasa Lainnya," Belanja Langganan Jurnal/Surat Kabar/Majalah",PAYMENT OUTSIDE SYSTEM,2850000,2850000
KAB. TANGGAMUS,DINAS KOMUNIKASI DAN INFORMATIKA - 2.16.2.20.2.21.04.0000,01KKGTZXF9AM4S89WPH8MYAHAA,66007827,2026,E-Katalog 6.0,APBD,MOMENTUM MATA PENA,E-Purchasing,Jasa Lainnya,Belanja Langganan Jurnal/Surat Kabar/Majalah,ON PROCESS,9500000,9500000
KAB. TANGGAMUS,PUSKESMAS PASAR SIMPANG - 1.02.0.00.0.00.01.0009,01KVPNCEPEGHY816XGXYF7X77X,67010330,2026,E-Katalog 6.0,APBD,LANGGENG JAYA TANGGAMUS,E-Purchasing,Barang,Belanja Barang dan Jasa BLUD,COMPLETED,6560100,6560100
KAB. TANGGAMUS,DINAS KOMUNIKASI DAN INFORMATIKA - 2.16.2.20.2.21.04.0000,01KVYFM7NG9R663N5M30NFV5XV,66007827,2026,E-Katalog 6.0,APBD,MOMENTUM MATA PENA,E-Purchasing,Jasa Lainnya,Belanja Langganan Jurnal/Surat Kabar/Majalah,ON PROCESS,14250000,14250000
KAB. TANGGAMUS,SEKRETARIAT DPRD - 4.02.0.00.0.00.01.0000,01KKTQ4D9ZEY364EJJVWSP9FRP,63313099,2026,E-Katalog 6.0,APBD,PREZZIO MITRA PERDANA,E-Purchasing,Jasa Lainnya," Belanja Langganan Jurnal/Surat Kabar/Majalah",PAYMENT OUTSIDE SYSTEM,2850000,2850000
KAB. TANGGAMUS,"BADAN PERENCANAAN PEMBANGUNAN, RISET DAN INOVASI DAERAH - 5.01.5.05.0.00.01.0000",01KTNHN3TGR007Q4YVVWT1P8FG,64541008,2026,E-Katalog 6.0,APBD,BERTIGA JAYA,E-Purchasing,Jasa Lainnya,Belanja Pemeliharaan Komputer-Komputer Unit-Personal Computer,ON PROCESS,3446550,3446550
KAB. TANGGAMUS,BAGIAN HUKUM SEKRETARIAT DAERAH - 4.01.5.06.0.00.01.0003,01KJSCCT3QB2GTRAPA8AN00AHW,63884521,2026,E-Katalog 6.0,APBD,LANGGENG JAYA TANGGAMUS,E-Purchasing,Barang,BELANJA FOTOCOPY,PAYMENT OUTSIDE SYSTEM,449297,449297
KAB. TANGGAMUS,PLT.DINAS KESEHATAN - 1.02.0.00.0.00.01.0000,01KJW4YE15KDRPKBG6MZ1AVYF7,65110394,2026,E-Katalog 6.0,APBD,NOVAPHARIN,E-Purchasing,Barang,Pengadaan Obat Pelayanan Kesehatan Dasar (DAK),ON PROCESS,170609220,170609220
KAB. TANGGAMUS,BAGIAN UMUM SEKRETARIAT DAERAH - 4.01.5.06.0.00.01.0007,01KS78H59BMS4RRV0HVH5XV3J3,67151600,2026,E-Katalog 6.0,APBD,LAMPUNG MEDIA BERSERI,E-Purchasing,Barang,Belanja Cetak Umbul Umbul Tinggi 5 Meter x Lebar 1 Meter ( Plus Bambu 7 Meter ),ON PROCESS,49000000,49000000
KAB. TANGGAMUS,SEKRETARIAT DPRD - 4.02.0.00.0.00.01.0000,01KKTFFKACRJ9CEZXMB3KXFQZ4,63313099,2026,E-Katalog 6.0,APBD,AGUNG MEDIA BERJAYA,E-Purchasing,Jasa Lainnya," Belanja Langganan Jurnal/Surat Kabar/Majalah",PAYMENT OUTSIDE SYSTEM,4750000,4750000
KAB. TANGGAMUS,"BADAN PERENCANAAN PEMBANGUNAN, RISET DAN INOVASI DAERAH - 5.01.5.05.0.00.01.0000",01KWKAEFGG75GW5A5RFEFSYSAS,64406061,2026,E-Katalog 6.0,APBD,LANGGENG JAYA TANGGAMUS,E-Purchasing,Barang,Belanja Alat/Bahan untuk Kegiatan Kantor-Alat Tulis Kantor Sub Kegiatan Evaluasi Kinerja Perangkat Daerah,ON PROCESS,2614494,2614494
KAB. TANGGAMUS,PUSKESMAS SUMBEREJO - 1.02.0.00.0.00.01.0025,01KSAK02NX71PM83N87CNQKRKH,66863521,2026,E-Katalog 6.0,APBD,ALFA QINAN ANUGERAH MANDIRI,E-Purchasing,Barang,-,COMPLETED,16704390,16704390
KAB. TANGGAMUS,SEKRETARIAT DPRD - 4.02.0.00.0.00.01.0000,01KWXQRXTM6ERQ1RRRMZNQFQX7,63313099,2026,E-Katalog 6.0,APBD,MIGLOBAL POS NUSANTARA,E-Purchasing,Jasa Lainnya," Belanja Langganan Jurnal/Surat Kabar/Majalah",ON PROCESS,1900000,1900000
KAB. TANGGAMUS,DINAS PERKEBUNAN DAN PETERNAKAN - 3.27.0.00.0.00.05.0000,01KJVQMXX7H6K3VJ1C80XBMPZC,65663331,2026,E-Katalog 6.0,APBD,ABID FAMILI,E-Purchasing,Jasa Lainnya,Belanja Cetak Kegiatan,PAYMENT OUTSIDE SYSTEM,2982015,2982015
KAB. TANGGAMUS,SEKRETARIAT DPRD - 4.02.0.00.0.00.01.0000,01KTN9PYPAAVT0MJ3FBCNQ80Q8,63313099,2026,E-Katalog 6.0,APBD,TEGAR MEDIA LAMPUNG,E-Purchasing,Jasa Lainnya," Belanja Langganan Jurnal/Surat Kabar/Majalah",ON PROCESS,57000000,57000000
KAB. TANGGAMUS,DINAS KOMUNIKASI DAN INFORMATIKA - 2.16.2.20.2.21.04.0000,01KKGQKG2GSVV504ZAJSJ7YV8K,66007827,2026,E-Katalog 6.0,APBD,INTERMEDIA NUSA BHAKTI,E-Purchasing,Jasa Lainnya,Belanja Langganan Jurnal/Surat Kabar/Majalah,ON PROCESS,9500000,9500000
KAB. TANGGAMUS,DINAS KOMUNIKASI DAN INFORMATIKA - 2.16.2.20.2.21.04.0000,01KRZ0C5606QRV16PZEJJBZQ4X,66007827,2026,E-Katalog 6.0,APBD,BINTANG NUSANTARA SERAYA,E-Purchasing,Jasa Lainnya,Belanja Langganan Jurnal/Surat Kabar/Majalah,ON PROCESS,19000000,19000000
KAB. TANGGAMUS,PUSKESMAS SUMBEREJO - 1.02.0.00.0.00.01.0025,01KVWG0H0GF08C28PJ7PR2H56M,66863589,2026,E-Katalog 6.0,APBD,ABDUL AZIS,E-Purchasing,Barang,Jamuan Makan,ON PROCESS,748000,748000
KAB. TANGGAMUS,BADAN PENDAPATAN DAERAH - 5.02.0.00.0.00.02.0000,01KWGGSP3TTQBK8S8D8YY4SJSV,67210488,2026,E-Katalog 6.0,APBD,BERTIGA JAYA,E-Purchasing,Barang,Belanja Pakaian Olahraga,ON PROCESS,10656000,10656000
KAB. TANGGAMUS,DINAS KOMUNIKASI DAN INFORMATIKA - 2.16.2.20.2.21.04.0000,01KKJPJE86XHVWMKABGGB65NWS,66007827,2026,E-Katalog 6.0,APBD,HARIAN DETIK NEWS,E-Purchasing,Jasa Lainnya,Belanja Langganan Jurnal/Surat Kabar/Majalah,ON PROCESS,2850000,2850000
KAB. TANGGAMUS,SEKRETARIAT DPRD - 4.02.0.00.0.00.01.0000,01KKTFA0P8T27XYDE432HCT1A8,63313099,2026,E-Katalog 6.0,APBD,MEDIA ADINDA PUTRI,E-Purchasing,Jasa Lainnya," Belanja Langganan Jurnal/Surat Kabar/Majalah",PAYMENT OUTSIDE SYSTEM,4750000,4750000
KAB. TANGGAMUS,DINAS KOMUNIKASI DAN INFORMATIKA - 2.16.2.20.2.21.04.0000,01KKGTBQRQ1EKRQTB96051EZR6,66007827,2026,E-Katalog 6.0,APBD,MEDIA ONLINE NEWS TANGGAMUS,E-Purchasing,Jasa Lainnya,Belanja Langganan Jurnal/Surat Kabar/Majalah,ON PROCESS,4750000,4750000
KAB. TANGGAMUS,SEKRETARIAT DPRD - 4.02.0.00.0.00.01.0000,01KKTYH2R1YGBCZ91JYGR1S79V,63313099,2026,E-Katalog 6.0,APBD,HARIAN DETIK NEWS,E-Purchasing,Jasa Lainnya," Belanja Langganan Jurnal/Surat Kabar/Majalah",PAYMENT OUTSIDE SYSTEM,2850000,2850000
KAB. TANGGAMUS,SEKRETARIAT DPRD - 4.02.0.00.0.00.01.0000,01KMM46KRCVDAX72JQXZT64DZT,63313099,2026,E-Katalog 6.0,APBD,MEDIA RISKI ANANDA,E-Purchasing,Jasa Lainnya," Belanja Langganan Jurnal/Surat Kabar/Majalah",ON PROCESS,950000,950000
KAB. TANGGAMUS,"DINAS KOPERASI, USAHA KECIL DAN MENENGAH, PERINDUSTRIAN DAN PERDAGANGAN - 2.17.3.31.3.30.07.0000",01KMYWS9V1QBF8RKTFP4ZGSK47,64950331,2026,E-Katalog 6.0,APBD,MELATI JAYA CATERING,E-Purchasing,Jasa Lainnya,Belanja Makanan dan Minuman Rapat,PAYMENT OUTSIDE SYSTEM,26975000,26975000
KAB. TANGGAMUS,DINAS PEMUDA DAN OLAHRAGA - 2.19.0.00.0.00.01.0000,01KW8JJM4W4EV6HJZ2QVQ78F8F,65083362,2026,E-Katalog 6.0,APBD,LANGGENG JAYA TANGGAMUS,E-Purchasing,Jasa Lainnya,Belanja Alat/Bahan untuk Kegiatan Kantor- Suvenir/Cendera Mata,ON PROCESS,599400,599400
KAB. TANGGAMUS,PLT.DINAS KESEHATAN - 1.02.0.00.0.00.01.0000,10127843000,66421403,2026,Tender,APBD,PT. Zakafa Tunas Cipta,Seleksi,Jasa Konsultansi Badan Usaha Non Konstruksi,Jasa Konsultansi Analisis Dampak Lalu Lintas Pembangunan Rumah Sakit Kelas D,SELESAI,197113800,197113800
KAB. TANGGAMUS,"BADAN PERENCANAAN PEMBANGUNAN, RISET DAN INOVASI DAERAH - 5.01.5.05.0.00.01.0000",01KWK9SZ0ZSHHF57HSVCXKRSG2,64602539,2026,E-Katalog 6.0,APBD,VAJRA MANDALA LAMPUNG,E-Purchasing,Barang,Belanja Modal Peralatan Personal Computer Sub Kegiatan Penyediaan Peralatan dan Perlengkapan Kantor,ON PROCESS,14985000,14985000
KAB. TANGGAMUS,DINAS KEPENDUDUKAN DAN PENCATATAN SIPIL - 2.12.2.12.0.00.01.0000,10855400000,62915746,2026,Non Tender,APBD,CV ZIDAN PRATAMA,Pengadaan Langsung,Pekerjaan Konstruksi,Pemeliharaan Gedung,SELESAI,19594951,19594951
KAB. TANGGAMUS,RUMAH SAKIT UMUM DAERAH BATIN MANGUNANG KOTA AGUNG - 1.02.0.00.0.00.01.0001,01KPMZ7N7H0BHB37W6A020VFWX,66168298,2026,E-Katalog 6.0,APBD,GARUDA HITAM PERKASA,E-Purchasing,Jasa Lainnya,Jasa Outsourching Keamanan,ON PROCESS,471598120,471598120
KAB. TANGGAMUS,DINAS KOMUNIKASI DAN INFORMATIKA - 2.16.2.20.2.21.04.0000,01KKGNSFQFM4J3M0BC6VF2EHPG,66007827,2026,E-Katalog 6.0,APBD,HALUAN LAMPUNG GRUP,E-Purchasing,Jasa Lainnya,Belanja Langganan Jurnal/Surat Kabar/Majalah,ON PROCESS,4750000,4750000
KAB. TANGGAMUS,BAGIAN UMUM SEKRETARIAT DAERAH - 4.01.5.06.0.00.01.0007,01KPWF3859K29MXTBG72RYBBW7,65452817,2026,E-Katalog 6.0,APBD,SWARA ANTAR NUSA,E-Purchasing,Jasa Lainnya,"Belanja Pakaian Adat Daerah Sekretaris Daerah, Assisten dan Staf Ahli",PAYMENT OUTSIDE SYSTEM,11400000,11400000
KAB. TANGGAMUS,"BADAN PERENCANAAN PEMBANGUNAN, RISET DAN INOVASI DAERAH - 5.01.5.05.0.00.01.0000",01KWK5MPMNWY02DYY4EYPBZHXM,64525577,2026,E-Katalog 6.0,APBD,LANGGENG JAYA TANGGAMUS,E-Purchasing,Barang,"Belanja Alat/Bahan untuk Kegiatan Kantor-Alat Tulis Kantor - Sub Fasilitasi, Pelaksanaan dan evaluasi Penelitian dan Pengembangan Bidang Aparatur dan Reformasi Birokrasi",ON PROCESS,1748472,1748472
KAB. TANGGAMUS,SEKRETARIAT DPRD - 4.02.0.00.0.00.01.0000,01KWVPSSWR4PCZ3N79YZP38M36,63313099,2026,E-Katalog 6.0,APBD,PARADIGMA MEDIA NUSANTARA,E-Purchasing,Jasa Lainnya," Belanja Langganan Jurnal/Surat Kabar/Majalah",ON PROCESS,2850000,2850000
KAB. TANGGAMUS,SEKRETARIAT DPRD - 4.02.0.00.0.00.01.0000,01KKTZAGE4K67VACGYM6WVHBHE,63313099,2026,E-Katalog 6.0,APBD,PUTRA CAHAYA KEHIDUPAN INDONESIA,E-Purchasing,Jasa Lainnya," Belanja Langganan Jurnal/Surat Kabar/Majalah",ON PROCESS,2850000,2850000
KAB. TANGGAMUS,SEKRETARIAT DPRD - 4.02.0.00.0.00.01.0000,01KWVSKPQZKXSCY3PPA25REH0S,63313099,2026,E-Katalog 6.0,APBD,BUANA INTI MEDIA,E-Purchasing,Jasa Lainnya," Belanja Langganan Jurnal/Surat Kabar/Majalah",ON PROCESS,2850000,2850000
KAB. TANGGAMUS,BAGIAN TATA PEMERINTAHAN SEKRETARIAT DAERAH - 4.01.5.06.0.00.01.0001,01KH7YZNP9H6YVAPYMT1BEEEJC,64565996,2026,E-Katalog 6.0,APBD,MELATI JAYA CATERING,E-Purchasing,Barang,Belanja Makanan dan Minuman Rapat Asistensi fasilitasi penyusunan LPPD,PAYMENT OUTSIDE SYSTEM,8200000,8200000
KAB. TANGGAMUS,PUSKESMAS TALANG PADANG - 1.02.0.00.0.00.01.0014,01KS1MDM15QTY895HX4QXK488D,66843094,2026,E-Katalog 6.0,APBD,PUTRA TEKNIK,E-Purchasing,Barang,Belanja Modal Peralatan dan Mesin BLUD,COMPLETED,3400000,3400000
KAB. TANGGAMUS,DINAS KOMUNIKASI DAN INFORMATIKA - 2.16.2.20.2.21.04.0000,01KKGVK7MJTFMBCH96AMTHNASH,66007827,2026,E-Katalog 6.0,APBD,OPTIMAL LAMPUNG MEDIA,E-Purchasing,Jasa Lainnya,Belanja Langganan Jurnal/Surat Kabar/Majalah,ON PROCESS,4750000,4750000
KAB. TANGGAMUS,DINAS PENANAMAN MODAL DAN PELAYANAN TERPADU SATU PINTU - 2.18.0.00.0.00.01.0000,01KQVJ3SKAHDJ4TQD7BRNA3D17,66936042,2026,E-Katalog 6.0,APBD,EFIKA REZA,E-Purchasing,Barang,Belanja Alat/Bahan untuk Kegiatan Kantor- Bahan Cetak  Kegiatan Promosi Penanaman Modal Daerah Kabupaten/Kota,PAYMENT OUTSIDE SYSTEM,985003,985003
KAB. TANGGAMUS,PLT.DINAS KESEHATAN - 1.02.0.00.0.00.01.0000,01KT5PG2P4H040FQCE5EYD5C1A,67235661,2026,E-Katalog 6.0,APBD,ABDUL AZIS,E-Purchasing,Barang,Belanja Makanan dan Minuman Rapat Subkegiatan  Pengelolaan upaya kesehatan Ibu dan Anak,ON PROCESS,2675800,2675800
KAB. TANGGAMUS,DINAS KOMUNIKASI DAN INFORMATIKA - 2.16.2.20.2.21.04.0000,01KNK7Y5EKYCXMR6MA9H54D0FD,66007827,2026,E-Katalog 6.0,APBD,BINTANG NUSANTARA SERAYA,E-Purchasing,Jasa Lainnya,Belanja Langganan Jurnal/Surat Kabar/Majalah,ON PROCESS,14250000,14250000
KAB. TANGGAMUS,BAGIAN ORGANISASI SEKRETARIAT DAERAH - 4.01.5.06.0.00.01.0008,01KKB8ZMY7QGZCKSKA3N522A7F,63355937,2026,E-Katalog 6.0,APBD,LANGGENG JAYA TANGGAMUS,E-Purchasing,Barang,Belanja Alat/Bahan untuk Kegiatan Kantor-Alat Tulis Kantor,ON PROCESS,5538900,5538900
KAB. TANGGAMUS,BAGIAN PERENCANAAN DAN KEUANGAN SEKRETARIAT DAERAH - 4.01.5.06.0.00.01.0010,01KJY41DKYQ0APXEVR0ZFKZSR1,63811342,2026,E-Katalog 6.0,APBD,ALGHIF JAYA,E-Purchasing,Barang,Belanja Alat/Bahan untuk Kegiatan Kantor- Bahan Cetak,PAYMENT OUTSIDE SYSTEM,899100,899100
KAB. TANGGAMUS,PUSKESMAS SUMBEREJO - 1.02.0.00.0.00.01.0025,01KRX9GZPA6YD2ZMX3PNW3HBJ9,66863588,2026,E-Katalog 6.0,APBD,ABDUL AZIS,E-Purchasing,Barang,Jamuan Makan,PAYMENT OUTSIDE SYSTEM,759000,759000
KAB. TANGGAMUS,DINAS KOMUNIKASI DAN INFORMATIKA - 2.16.2.20.2.21.04.0000,01KNNV3S70SE7JJK364AR89V8R,66007827,2026,E-Katalog 6.0,APBD,AMOURA MEDIA GROUP,E-Purchasing,Jasa Lainnya,Belanja Langganan Jurnal/Surat Kabar/Majalah,ON PROCESS,1425000,1425000
KAB. TANGGAMUS,DINAS KOMUNIKASI DAN INFORMATIKA - 2.16.2.20.2.21.04.0000,01KKK6EQG2G06NY5M74WZG6XZY,66007827,2026,E-Katalog 6.0,APBD,AGUNG MULTIMEDIA GRUP,E-Purchasing,Jasa Lainnya,Belanja Langganan Jurnal/Surat Kabar/Majalah,ON PROCESS,950000,950000
KAB. TANGGAMUS,SEKRETARIAT DPRD - 4.02.0.00.0.00.01.0000,01KNRHM8BWQS5VRD42B33TSD8P,63313099,2026,E-Katalog 6.0,APBD,BAYANGKARASINDO MULTI GROUP,E-Purchasing,Jasa Lainnya," Belanja Langganan Jurnal/Surat Kabar/Majalah",PAYMENT OUTSIDE SYSTEM,1900000,1900000
KAB. TANGGAMUS,"BADAN PERENCANAAN PEMBANGUNAN, RISET DAN INOVASI DAERAH - 5.01.5.05.0.00.01.0000",01KRFXWDDCBKS6E6VQE6FBRD81,67094774,2026,E-Katalog 6.0,APBD,ABID FAMILI,E-Purchasing,Barang,Fotokopi Bidang PP,ON PROCESS,449550,449550
KAB. TANGGAMUS,SEKRETARIAT DPRD - 4.02.0.00.0.00.01.0000,01KKTHXRME97YJN30EZPGM0S0A,63313099,2026,E-Katalog 6.0,APBD,MUARA ANTAR BERITA,E-Purchasing,Jasa Lainnya," Belanja Langganan Jurnal/Surat Kabar/Majalah",PAYMENT OUTSIDE SYSTEM,4750000,4750000
KAB. TANGGAMUS,DINAS KOMUNIKASI DAN INFORMATIKA - 2.16.2.20.2.21.04.0000,01KRZ9MF2KVT7Z936HYZVNXJ6Q,66007827,2026,E-Katalog 6.0,APBD,INTAI MEDIA GROUP,E-Purchasing,Jasa Lainnya,Belanja Langganan Jurnal/Surat Kabar/Majalah,ON PROCESS,2850000,2850000
KAB. TANGGAMUS,BAGIAN PEREKONOMIAN DAN SUMBER DAYA ALAM SEKRETARIAT DAERAH - 4.01.5.06.0.00.01.0005,01KJ9W1DAMM40CFD6T3JVKE41K,64028606,2026,E-Katalog 6.0,APBD,LANGGENG JAYA TANGGAMUS,E-Purchasing,Barang,"Belanja Alat Tulis Kantor (ATK) Kegiatan Koordinasi dan Evaluasi Kebijakan Pertanian, Kelauatan dan Perikanan",PAYMENT OUTSIDE SYSTEM,796980,796980
KAB. TANGGAMUS,"BADAN PERENCANAAN PEMBANGUNAN, RISET DAN INOVASI DAERAH - 5.01.5.05.0.00.01.0000",01KJH95HTDYXFG9AYHTM26MCJ6,64396792,2026,E-Katalog 6.0,APBD,ALGHIF JAYA,E-Purchasing,Barang,Belanja Alat/Bahan untuk Kegiatan Kantor- Bahan Cetak,PAYMENT OUTSIDE SYSTEM,599400,599400
KAB. TANGGAMUS,DINAS KOMUNIKASI DAN INFORMATIKA - 2.16.2.20.2.21.04.0000,01KVTA2XGFYHTSRB289J7B9G5M,66007827,2026,E-Katalog 6.0,APBD,SINARMERDEKA JAYA LAMPUNG,E-Purchasing,Jasa Lainnya,Belanja Langganan Jurnal/Surat Kabar/Majalah,ON PROCESS,9500000,9500000
KAB. TANGGAMUS,SEKRETARIAT DPRD - 4.02.0.00.0.00.01.0000,01KWVRZ3REVZ4FP5DMQXEB7Q3A,63313099,2026,E-Katalog 6.0,APBD,SECARIK KERTAS MULTIMEDIA,E-Purchasing,Jasa Lainnya," Belanja Langganan Jurnal/Surat Kabar/Majalah",ON PROCESS,2850000,2850000
KAB. TANGGAMUS,DINAS PARIWISATA DAN KEBUDAYAAN - 3.26.2.22.2.19.02.0000,01KG42GP47Q6AHKPSPCYQK6MDN,64531421,2026,E-Katalog 6.0,APBD,CAHAYA PRATAMA TANGGAMUS,E-Purchasing,Jasa Lainnya,Belanja Jasa yang Diberikan kepada Pihak Ketiga/Pihak Lain,PAYMENT OUTSIDE SYSTEM,111370000,111370000
KAB. TANGGAMUS,BADAN KEUANGAN DAN ASET DAERAH - 5.02.0.00.0.00.06.0000,10789860000,63515300,2026,Non Tender,APBD,MAJU BERKAH SETIA,Pengadaan Langsung,Jasa Konsultansi Badan Usaha Non Konstruksi,Belanja Jasa Konsultansi Berorientasi Bidang-Keuangan,SELESAI,49827900,49827900
KAB. TANGGAMUS,SEKRETARIAT DPRD - 4.02.0.00.0.00.01.0000,01KR0NNE5BGZMNA8ZG3CXYN8S7,62815824,2026,E-Katalog 6.0,APBD,EFIKA REZA,E-Purchasing,Barang," Belanja Alat/Bahan untuk Kegiatan Kantor-Perabot Kantor",PAYMENT OUTSIDE SYSTEM,586080,586080
KAB. TANGGAMUS,BAGIAN UMUM SEKRETARIAT DAERAH - 4.01.5.06.0.00.01.0007,01KG6XMTAQKQF4XFBCGFTBY56T,63535118,2026,E-Katalog 6.0,APBD,SWARA ANTAR NUSA,E-Purchasing,Jasa Lainnya,Belanja Sewa Kursi Dan Sarung Kursi Keperluan Pemda,ON PROCESS,49420000,49420000
KAB. TANGGAMUS,"BADAN PERENCANAAN PEMBANGUNAN, RISET DAN INOVASI DAERAH - 5.01.5.05.0.00.01.0000",01KRFVKZQCPR6V1SC6V97CY09X,63935570,2026,E-Katalog 6.0,APBD,ABID FAMILI,E-Purchasing,Barang,Belanja Alat/Bahan untuk Kegiatan Kantor-Alat Tulis Kantor,ON PROCESS,1003584,1003584
KAB. TANGGAMUS,SEKRETARIAT DPRD - 4.02.0.00.0.00.01.0000,01KKTJ2EG0Z8BD8ZHD73X18EE4,63313099,2026,E-Katalog 6.0,APBD,MEDIA LAMPUNG CITY BERKARYA,E-Purchasing,Jasa Lainnya," Belanja Langganan Jurnal/Surat Kabar/Majalah",PAYMENT OUTSIDE SYSTEM,4750000,4750000
KAB. TANGGAMUS,SEKRETARIAT DPRD - 4.02.0.00.0.00.01.0000,01KKTPTKH0DQWS7H2DTQMF61PZ,63313099,2026,E-Katalog 6.0,APBD,SAKA NEWS BRILLIANT,E-Purchasing,Jasa Lainnya," Belanja Langganan Jurnal/Surat Kabar/Majalah",PAYMENT OUTSIDE SYSTEM,2850000,2850000
KAB. TANGGAMUS,SEKRETARIAT DPRD - 4.02.0.00.0.00.01.0000,01KWJZ513QT804B623Z5DAYY9K,63313099,2026,E-Katalog 6.0,APBD,AGUNG MULTIMEDIA GRUP,E-Purchasing,Jasa Lainnya," Belanja Langganan Jurnal/Surat Kabar/Majalah",ON PROCESS,4750000,4750000
KAB. TANGGAMUS,SEKRETARIAT DPRD - 4.02.0.00.0.00.01.0000,01KWJYVHJMEN97Q5WFPYJB7V6H,63313099,2026,E-Katalog 6.0,APBD,ABIZARD MEDIA PRATAMA,E-Purchasing,Jasa Lainnya," Belanja Langganan Jurnal/Surat Kabar/Majalah",ON PROCESS,4750000,4750000
KAB. TANGGAMUS,SEKRETARIAT DPRD - 4.02.0.00.0.00.01.0000,01KRZ8J94VWE8DQ1K16HZNNA97,66870152,2026,E-Katalog 6.0,APBD,VENDY MEGAH SEJAHTERA,E-Purchasing,Barang,Pengadaan Pakaian Dinas dan Atribut DPRD ,ON PROCESS,240958800,240958800
KAB. TANGGAMUS,SEKRETARIAT DPRD - 4.02.0.00.0.00.01.0000,01KKTJ0FE0B3KVB02TQNY1T7CV,63313099,2026,E-Katalog 6.0,APBD,GRAFIK CIPTA MEDIA,E-Purchasing,Jasa Lainnya," Belanja Langganan Jurnal/Surat Kabar/Majalah",PAYMENT OUTSIDE SYSTEM,4750000,4750000
KAB. TANGGAMUS,SEKRETARIAT DPRD - 4.02.0.00.0.00.01.0000,01KWKKPMXDRD0KZ8AJA9TNJ7YG,63313099,2026,E-Katalog 6.0,APBD,ARIZKY MULI PRATAMA,E-Purchasing,Jasa Lainnya," Belanja Langganan Jurnal/Surat Kabar/Majalah",ON PROCESS,1900000,1900000
KAB. TANGGAMUS,DINAS KOMUNIKASI DAN INFORMATIKA - 2.16.2.20.2.21.04.0000,01KKK12CQK26677HVSYQDF5NCE,66007827,2026,E-Katalog 6.0,APBD,PARADIGMA MEDIA NUSANTARA,E-Purchasing,Jasa Lainnya,Belanja Langganan Jurnal/Surat Kabar/Majalah,ON PROCESS,5700000,5700000
KAB. TANGGAMUS,RUMAH SAKIT UMUM DAERAH BATIN MANGUNANG KOTA AGUNG - 1.02.0.00.0.00.01.0001,10917915000,67140274,2026,Pencatatan,APBD,CV. JEMBAR JAYA PRATAMA,Pengadaan Langsung,Pekerjaan Konstruksi,Belanja Modal Gedung dan Bangunan BLUD ( Pengecatan Pagar Rumah Sakit),PAKET SELESAI,35000000,35000000
KAB. TANGGAMUS,DINAS PEMUDA DAN OLAHRAGA - 2.19.0.00.0.00.01.0000,01KKJNMSVCKK7MWCSKZNXPGQRF,65089446,2026,E-Katalog 6.0,APBD,MELATI JAYA CATERING,E-Purchasing,Barang,Belanja Makanan dan Minuman Jamuan Tamu,PAYMENT OUTSIDE SYSTEM,174825,174825
KAB. TANGGAMUS,"BADAN PERENCANAAN PEMBANGUNAN, RISET DAN INOVASI DAERAH - 5.01.5.05.0.00.01.0000",10900183000,67026822,2026,Pencatatan,APBD,,Pengadaan Langsung,Pengadaan Barang,"Belanja Makanan dan Minuman Rapat - Sub Kegiatan Analisis Kondisi Daerah, Permasalahan, dan Isu Strategis Pembangunan Daerah (PMPEPD)",PAKET SELESAI,2673000,2673000
KAB. TANGGAMUS,BADAN KESATUAN BANGSA DAN POLITIK - 8.01.0.00.0.00.01.0000,01KMM0GX04G5W8WPX6SHE1EB2Z,66200343,2026,E-Katalog 6.0,APBD,AHON BAKRY AND CAKE,E-Purchasing,Barang,Makan Minum HUT TANGGAMUS,PAYMENT OUTSIDE SYSTEM,16425000,16425000
KAB. TANGGAMUS,SEKRETARIAT DPRD - 4.02.0.00.0.00.01.0000,01KKTVG7VF71KRJSCJ9A22597G,63313099,2026,E-Katalog 6.0,APBD,ANDALAH MULTI MEDIA,E-Purchasing,Jasa Lainnya," Belanja Langganan Jurnal/Surat Kabar/Majalah",PAYMENT OUTSIDE SYSTEM,2850000,2850000
KAB. TANGGAMUS,RUMAH SAKIT UMUM DAERAH BATIN MANGUNANG KOTA AGUNG - 1.02.0.00.0.00.01.0001,01KMMFC19J8PZBVZE40CD6816B,66179260,2026,E-Katalog 6.0,APBD,INDAH NURANI,E-Purchasing,Jasa Lainnya,Belanja Barang dan Jasa BLUD,ON PROCESS,101842500,101842500
KAB. TANGGAMUS,SEKRETARIAT DPRD - 4.02.0.00.0.00.01.0000,01KWXNGWGBGZJ8EV42HPSN19B4,63313099,2026,E-Katalog 6.0,APBD,RIZKY PRATAMA MANDIRI KAUR,E-Purchasing,Jasa Lainnya," Belanja Langganan Jurnal/Surat Kabar/Majalah",ON PROCESS,950000,950000
KAB. TANGGAMUS,DINAS KOMUNIKASI DAN INFORMATIKA - 2.16.2.20.2.21.04.0000,01KWBPVX7SJ656HZT9YEP6TW68,66007827,2026,E-Katalog 6.0,APBD,SABURAI LAMPUNG MEDIA UTAMA,E-Purchasing,Jasa Lainnya,Belanja Langganan Jurnal/Surat Kabar/Majalah,ON PROCESS,4750000,4750000
KAB. TANGGAMUS,BAGIAN UMUM SEKRETARIAT DAERAH - 4.01.5.06.0.00.01.0007,01KHWYH2R1XCTCK5TZDZ7QZZCZ,65472526,2026,E-Katalog 6.0,APBD,SWARA ANTAR NUSA,E-Purchasing,Jasa Lainnya,Belanja Pakaian Dinas Upacara (PDU) Bupati dan Wakil Bupati,PAYMENT OUTSIDE SYSTEM,17800000,17800000
KAB. TANGGAMUS,RUMAH SAKIT UMUM DAERAH BATIN MANGUNANG KOTA AGUNG - 1.02.0.00.0.00.01.0001,01KWBBXXFNEB8G3DBQBVZNCWH8,67140288,2026,E-Katalog 6.0,APBD,GLOBAL DISPOMEDIKA,E-Purchasing,Jasa Lainnya,Belanja Barang dan Jasa BLUD,ON PROCESS,56040892,56040892
KAB. TANGGAMUS,DINAS KOMUNIKASI DAN INFORMATIKA - 2.16.2.20.2.21.04.0000,01KKJGHEF71PC6ZRNX4FBW9NJ5,66007827,2026,E-Katalog 6.0,APBD,WAHANA TUBA MULTIMEDIA,E-Purchasing,Jasa Lainnya,Belanja Langganan Jurnal/Surat Kabar/Majalah,ON PROCESS,4750000,4750000
KAB. TANGGAMUS,DINAS LINGKUNGAN HIDUP - 2.11.0.00.0.00.01.0000,01KN3VZY6R0K4NHPSD82NRZ78G,66699570,2026,E-Katalog 6.0,APBD,STAR LABORATORIUM INDONESIA,E-Purchasing,Jasa Lainnya,Belanja Jasa Tenaga Ahli - Belanja Uji Kualitas Air,ON PROCESS,132511800,132511800
KAB. TANGGAMUS,SEKRETARIAT DPRD - 4.02.0.00.0.00.01.0000,01KKTH7HZ14FZA5AM6C1REB5FE,63313099,2026,E-Katalog 6.0,APBD,TONAS TEGOU CAHYOU,E-Purchasing,Jasa Lainnya," Belanja Langganan Jurnal/Surat Kabar/Majalah",PAYMENT OUTSIDE SYSTEM,4750000,4750000
KAB. TANGGAMUS,"BADAN PERENCANAAN PEMBANGUNAN, RISET DAN INOVASI DAERAH - 5.01.5.05.0.00.01.0000",01KRAD21BXDBBRFG2DDXXVN8PE,64383627,2026,E-Katalog 6.0,"APBD,APBDP",ABID FAMILI,E-Purchasing,Barang,Belanja Alat/Bahan untuk Kegiatan Kantor-Alat Tulis Kantor,PAYMENT OUTSIDE SYSTEM,1113031,1113031
KAB. TANGGAMUS,DINAS KOMUNIKASI DAN INFORMATIKA - 2.16.2.20.2.21.04.0000,01KPAEK3AKVYMTAY8F1P5E7KG5,66932637,2026,E-Katalog 6.0,APBD,BERTIGA JAYA,E-Purchasing,Barang,Belanja Modal Alat Rumah Tangga Lainnya (Home Use),ON PROCESS,23754000,23754000
KAB. TANGGAMUS,BAGIAN UMUM SEKRETARIAT DAERAH - 4.01.5.06.0.00.01.0007,01KS6YE9SG38EAM4S46V4MM9F5,63616107,2026,E-Katalog 6.0,APBD,MELATI JAYA CATERING,E-Purchasing,Jasa Lainnya,Belanja Makanan Dan Minuman Untuk Acara Open House Hari Raya Idul Adha,ON PROCESS,1553445,1553445
KAB. TANGGAMUS,BAGIAN UMUM SEKRETARIAT DAERAH - 4.01.5.06.0.00.01.0007,01KPANSN0VTYZHXF45KJT6A9DH,66920012,2026,E-Katalog 6.0,APBD,EFIKA REZA,E-Purchasing,Barang,Belanja Blower Pendukung Kegiatan,PAYMENT OUTSIDE SYSTEM,25974000,25974000
KAB. TANGGAMUS,SEKRETARIAT DPRD - 4.02.0.00.0.00.01.0000,01KNRV5RWX39EAHCND0EDKBY1M,62816263,2026,E-Katalog 6.0,APBD,EFIKA REZA,E-Purchasing,Barang," Belanja Modal Alat Kantor Lainnya",PAYMENT OUTSIDE SYSTEM,24464400,24464400
KAB. TANGGAMUS,SEKRETARIAT DPRD - 4.02.0.00.0.00.01.0000,01KMM49SDJMZ40EWJZPS56DPEB,63313099,2026,E-Katalog 6.0,APBD,BINTANG ANSAR JAYA,E-Purchasing,Jasa Lainnya," Belanja Langganan Jurnal/Surat Kabar/Majalah",PAYMENT OUTSIDE SYSTEM,950000,950000
KAB. TANGGAMUS,DINAS LINGKUNGAN HIDUP - 2.11.0.00.0.00.01.0000,01KVA8P4J4GATFG2D67E7WWYS8,63954483,2026,E-Katalog 6.0,APBD,BIRAWA,E-Purchasing,Barang,Belanja Modal Alat Rumah Tangga Lainnya (Home Use) [-] Belanja Pengadaan Kontainer Sampah,ON PROCESS,99123000,99123000
KAB. TANGGAMUS,SEKRETARIAT DPRD - 4.02.0.00.0.00.01.0000,01KWVVFX52PXCREEMEE2Q0E1K5,63313099,2026,E-Katalog 6.0,APBD,INTERMEDIA DINAMIS ABADI,E-Purchasing,Jasa Lainnya," Belanja Langganan Jurnal/Surat Kabar/Majalah",ON PROCESS,475000,475000
KAB. TANGGAMUS,SEKRETARIAT DPRD - 4.02.0.00.0.00.01.0000,01KN5YP3H4WVY8ZH32VN5C06BP,63313099,2026,E-Katalog 6.0,APBD,MEDIA TINTA INFORMASI LAMPUNG,E-Purchasing,Jasa Lainnya," Belanja Langganan Jurnal/Surat Kabar/Majalah",PAYMENT OUTSIDE SYSTEM,2850000,2850000
KAB. TANGGAMUS,SEKRETARIAT DPRD - 4.02.0.00.0.00.01.0000,01KKTFQ132SQ1EV3M08PWED9FC,63313099,2026,E-Katalog 6.0,APBD,RILIS MULTIMEDIA INDONESIA,E-Purchasing,Jasa Lainnya," Belanja Langganan Jurnal/Surat Kabar/Majalah",PAYMENT OUTSIDE SYSTEM,4750000,4750000
KAB. TANGGAMUS,DINAS PENDIDIKAN DAN KEBUDAYAAN - 1.01.2.22.0.00.02.0000,01KS7F6FXTF7HFKESQ055CN06C,67143237,2026,E-Katalog 6.0,APBD,AN-NISA,E-Purchasing,Barang,Belanja Makanan dan Minuman Jamuan Tamu,ON PROCESS,1424000,1424000
KAB. TANGGAMUS,PUSKESMAS KLUMBAYAN - 1.02.0.00.0.00.01.0022,01KS78RF1GWTFQJNVQK43KDBWJ,67190064,2026,E-Katalog 6.0,APBD,MULYA ALAM SEJAHTERA,E-Purchasing,Barang,Pelayanan dan Penunjang Pelayanan BLUD,COMPLETED,12995122,12995122
KAB. TANGGAMUS,DINAS LINGKUNGAN HIDUP - 2.11.0.00.0.00.01.0000,01KG1HBG23XWFM4ZW0DWHMXAVS,63762438,2026,E-Katalog 6.0,APBD,BANTIGA MOTO PRIMA,E-Purchasing,Barang,Belanja Modal Kendaraan Dinas Bermotor Perorangan [-] Belanja Modal Pengadaan Motor Roda Tiga Pengangkut Sampah,ON PROCESS,45124500,45124500
KAB. TANGGAMUS,DINAS KOMUNIKASI DAN INFORMATIKA - 2.16.2.20.2.21.04.0000,01KNRS7MCC06AFN32AYNJBSVMF,66007827,2026,E-Katalog 6.0,APBD,MEDIA KRISMA SEJAHTERA SEMESTA,E-Purchasing,Jasa Lainnya,Belanja Langganan Jurnal/Surat Kabar/Majalah,ON PROCESS,950000,950000
KAB. TANGGAMUS,DINAS PARIWISATA DAN KEBUDAYAAN - 3.26.2.22.2.19.02.0000,01KMME4HJVSX4Q67C15NZVJJ3G,63537627,2026,E-Katalog 6.0,APBD,LANGGENG JAYA TANGGAMUS,E-Purchasing,Barang,Belanja Alat/Bahan untuk Kegiatan Kantor-Alat/Bahan untuk Kegiatan Kantor Lainnya,PAYMENT OUTSIDE SYSTEM,4118100,4118100
KAB. TANGGAMUS,SEKRETARIAT DPRD - 4.02.0.00.0.00.01.0000,01KP85EYSP52P7W946BY633DQR,63309048,2026,E-Katalog 6.0,APBD,EFIKA REZA,E-Purchasing,Jasa Lainnya,Belanja Makan Minum Pameran HUT Tanggamus,PAYMENT OUTSIDE SYSTEM,5100000,5100000
KAB. TANGGAMUS,SEKRETARIAT DPRD - 4.02.0.00.0.00.01.0000,01KWK1NY5ZYD7WJTFZ99Z699XA,63313099,2026,E-Katalog 6.0,APBD,DEWA MEDIA INVESTAMA,E-Purchasing,Jasa Lainnya," Belanja Langganan Jurnal/Surat Kabar/Majalah",ON PROCESS,4750000,4750000
KAB. TANGGAMUS,DINAS KOMUNIKASI DAN INFORMATIKA - 2.16.2.20.2.21.04.0000,01KKGJ4584ZNCRVYFBF3TA1HAY,66007827,2026,E-Katalog 6.0,APBD,AGUNG MULTIMEDIA GRUP,E-Purchasing,Jasa Lainnya,Belanja Langganan Jurnal/Surat Kabar/Majalah,ON PROCESS,4750000,4750000
KAB. TANGGAMUS,DINAS KOMUNIKASI DAN INFORMATIKA - 2.16.2.20.2.21.04.0000,01KQ721NVYMTKHZV5KZK5GPMFJ,66005396,2026,E-Katalog 6.0,APBD,TEGAR MEDIA LAMPUNG,E-Purchasing,Jasa Lainnya,"Belanja Jasa Iklan/Reklame, Film, dan Pemotretan",ON PROCESS,19000000,19000000
KAB. TANGGAMUS,DINAS KOMUNIKASI DAN INFORMATIKA - 2.16.2.20.2.21.04.0000,01KWBNDFZMM83883DC18K8E7YN,66007827,2026,E-Katalog 6.0,APBD,PREZZIO MITRA PERDANA,E-Purchasing,Jasa Lainnya,Belanja Langganan Jurnal/Surat Kabar/Majalah,ON PROCESS,2850000,2850000
KAB. TANGGAMUS,DINAS PERKEBUNAN DAN PETERNAKAN - 3.27.0.00.0.00.05.0000,01KKBJEC8PVSC2X2AF116JDGCD,65674334,2026,E-Katalog 6.0,APBD,ABID FAMILI,E-Purchasing,Barang,Belanja Pakaian Batik Tradisional,PAYMENT OUTSIDE SYSTEM,9990000,9990000
KAB. TANGGAMUS,DINAS KOMUNIKASI DAN INFORMATIKA - 2.16.2.20.2.21.04.0000,01KKJMZMMDCZR87X9FAW84W0RJ,66007827,2026,E-Katalog 6.0,APBD,DJADIN MEDIA INSIDER,E-Purchasing,Jasa Lainnya,Belanja Langganan Jurnal/Surat Kabar/Majalah,ON PROCESS,2850000,2850000
KAB. TANGGAMUS,BAGIAN KERJASAMA SEKRETARIAT DAERAH - 4.01.5.06.0.00.01.0004,01KKDVV0S4T8SC8Z7RGW17QVE1,64021187,2026,E-Katalog 6.0,APBD,ABID FAMILI,E-Purchasing,Barang,Belanja Alat/Bahan untuk Kegiatan Kantor - Alat Tulis Kantor,ON PROCESS,3059070,3059070
KAB. TANGGAMUS,BADAN PENDAPATAN DAERAH - 5.02.0.00.0.00.02.0000,01KVA2ZSXFEBXG3C87GKPEV2HQ,64009894,2026,E-Katalog 6.0,APBD,AIYRHA JAYA,E-Purchasing,Barang,Belanja Alat /Bahan Untuk Kegiatan Kantor - Bahan Cetak,ON PROCESS,7367625,7367625
KAB. TANGGAMUS,SEKRETARIAT DPRD - 4.02.0.00.0.00.01.0000,01KQXK5WZ59SQMG1843Y4ACZAM,62816101,2026,E-Katalog 6.0,APBD,EFIKA REZA,E-Purchasing,Barang," Belanja Alat/Bahan untuk Kegiatan Kantor-Alat/Bahan untuk Kegiatan Kantor Lainnya",PAYMENT OUTSIDE SYSTEM,2397600,2397600
KAB. TANGGAMUS,PLT.BADAN KEPEGAWAIAN DAN PENGEMBANGAN SUMBER DAYA MANUSIA - 5.03.5.04.0.00.01.0000,10935419000,67245737,2026,Pencatatan,APBD,PT. Sumber Niaga Inti Perkasa ,Pengadaan Langsung,Jasa Lainnya,Belanja Sewa Bangunan Gedung Tempat Pertemuan,PAKET SEDANG BERJALAN,6300000,6300000
KAB. TANGGAMUS,BADAN KEPEGAWAIAN DAN PENGEMBANGAN SUMBER DAYA MANUSIA - 5.03.5.04.0.00.01.0000,01KRG1GPA3ERBSV2QQ2DMHKS90,63353831,2026,E-Katalog 6.0,APBD,ABID FAMILI,E-Purchasing,Barang,Belanja Alat/Bahan untuk Kegiatan Kantor-Alat Tulis Kantor,PAYMENT OUTSIDE SYSTEM,7717700,7717700
KAB. TANGGAMUS,PLT.DINAS KESEHATAN - 1.02.0.00.0.00.01.0000,01KN0W2R85FE3P2JS5PQ3TZWXN,66710873,2026,E-Katalog 6.0,APBD,BERKAH MEDIKA WIBAWATAMA,E-Purchasing,Barang,Pengadaan Ambulance Putih Doh,ON PROCESS,949000000,949000000
KAB. TANGGAMUS,SEKRETARIAT DPRD - 4.02.0.00.0.00.01.0000,01KRWX2HGV5Z74T9KRV6HVVHFF,67152058,2026,E-Katalog 6.0,APBD,JEMBAR JAYA PRATAMA,E-Purchasing,Barang,Belanja pemeliharaan bangunan gedung - bangunan gedung tempat kerja ,ON PROCESS,42393120,42393120
KAB. TANGGAMUS,SEKRETARIAT DPRD - 4.02.0.00.0.00.01.0000,01KWKJ5DR4E6C6KPMKW1QWD711,63313099,2026,E-Katalog 6.0,APBD,MEDIA WAWAI PERSADA,E-Purchasing,Jasa Lainnya," Belanja Langganan Jurnal/Surat Kabar/Majalah",ON PROCESS,4750000,4750000
KAB. TANGGAMUS,RUMAH SAKIT UMUM DAERAH BATIN MANGUNANG KOTA AGUNG - 1.02.0.00.0.00.01.0001,01KS4RN4ESDBB3PQF6ASP616P0,66174262,2026,E-Katalog 6.0,APBD,WE DHE WE,E-Purchasing,Barang,Belanja Alat/Bahan untuk Kegiatan Kantor-Alat Tulis Kantor,ON PROCESS,6144405,6144405
KAB. TANGGAMUS,DINAS PENDIDIKAN DAN KEBUDAYAAN - 1.01.2.22.0.00.02.0000,01KQVK260QXQ4CH0QWTWXN7EXX,67028123,2026,E-Katalog 6.0,APBD,BERTIGA JAYA,E-Purchasing,Barang,Belanja Alat/Bahan untuk Kegiatan Kantor-Alat Tulis Kantor,PAYMENT OUTSIDE SYSTEM,4120875,4120875
KAB. TANGGAMUS,SEKRETARIAT DPRD - 4.02.0.00.0.00.01.0000,01KWK361S3BR9KFYMDCMZ247BE,63313099,2026,E-Katalog 6.0,APBD,YOBEL IRENE MEDIA,E-Purchasing,Jasa Lainnya," Belanja Langganan Jurnal/Surat Kabar/Majalah",ON PROCESS,4750000,4750000
KAB. TANGGAMUS,SEKRETARIAT DPRD - 4.02.0.00.0.00.01.0000,01KWKGDEY5Z0G5C1KCWVB5MBXR,63313099,2026,E-Katalog 6.0,APBD,TRANS LAMPUNG PERS,E-Purchasing,Jasa Lainnya," Belanja Langganan Jurnal/Surat Kabar/Majalah",ON PROCESS,4750000,4750000
KAB. TANGGAMUS,DINAS KOMUNIKASI DAN INFORMATIKA - 2.16.2.20.2.21.04.0000,01KPA4AD56ZNBDP69DJDAA2AQE,66007827,2026,E-Katalog 6.0,APBD,INTAI MEDIA GROUP,E-Purchasing,Jasa Lainnya,Belanja Langganan Jurnal/Surat Kabar/Majalah,ON PROCESS,4750000,4750000
KAB. TANGGAMUS,DINAS PEMUDA DAN OLAHRAGA - 2.19.0.00.0.00.01.0000,01KWH0WSJZ2RKQ47C7HHSSSNG2,65091621,2026,E-Katalog 6.0,APBD,SWARA ANTAR NUSA,E-Purchasing,Jasa Lainnya,Belanja Sewa Peralatan Studio Audio,ON PROCESS,1450000,1450000
KAB. TANGGAMUS,PLT.DINAS KESEHATAN - 1.02.0.00.0.00.01.0000,10783302000,65100674,2026,Non Tender,APBD,TUNAS NUSANTARA KONSULTAN,Pengadaan Langsung,Jasa Konsultansi Badan Usaha Konstruksi,Jasa Konsultan Perencanaan Relokasi Puskesmas Gisting,SELESAI,33586230,33586230
KAB. TANGGAMUS,PUSKESMAS SUMBEREJO - 1.02.0.00.0.00.01.0025,01KVWFTNGJWYGBM7FFKPZ8DDSS,66863591,2026,E-Katalog 6.0,APBD,ABDUL AZIS,E-Purchasing,Barang,Jamuan Snack,ON PROCESS,198000,198000
KAB. TANGGAMUS,"BADAN PERENCANAAN PEMBANGUNAN, RISET DAN INOVASI DAERAH - 5.01.5.05.0.00.01.0000",01KTNH9RNM36JDQ2578QS0V1ED,64541008,2026,E-Katalog 6.0,APBD,BERTIGA JAYA,E-Purchasing,Jasa Lainnya,Belanja Pemeliharaan Komputer-Komputer Unit-Personal Computer,ON PROCESS,3646350,3646350
KAB. TANGGAMUS,DINAS KOMUNIKASI DAN INFORMATIKA - 2.16.2.20.2.21.04.0000,01KKGVESZHGHQ5AX1FBCTE3CE5,66007827,2026,E-Katalog 6.0,APBD,NADI MEDIA NEWS,E-Purchasing,Jasa Lainnya,Belanja Langganan Jurnal/Surat Kabar/Majalah,ON PROCESS,4750000,4750000
KAB. TANGGAMUS,DINAS KOMUNIKASI DAN INFORMATIKA - 2.16.2.20.2.21.04.0000,01KKJJBHMC7X9AQ09R25W7GXG1,66007827,2026,E-Katalog 6.0,APBD,ANDALAH MULTI MEDIA,E-Purchasing,Jasa Lainnya,Belanja Langganan Jurnal/Surat Kabar/Majalah,ON PROCESS,2850000,2850000
KAB. TANGGAMUS,BAGIAN UMUM SEKRETARIAT DAERAH - 4.01.5.06.0.00.01.0007,01KSEYY2JHX4MHTWDHW2T6M7FM,67169051,2026,E-Katalog 6.0,APBD,ALKHAIRA PUSTAKA ABADI,E-Purchasing,Barang,Pengadaan Meja Kerja Pegawai Kantor Setdakab,PAYMENT OUTSIDE SYSTEM,22500000,22500000
KAB. TANGGAMUS,PLT.DINAS KESEHATAN - 1.02.0.00.0.00.01.0000,01KTZJWSAV9D1VGZYDBGF0DQ6P,65110149,2026,E-Katalog 6.0,APBD,NAZHA MEDIKAL INDONESIA,E-Purchasing,Barang,Pengadaan BMHP Pelayanan Dasar (DAK),ON PROCESS,284278992,284278992
KAB. TANGGAMUS,DINAS KOMUNIKASI DAN INFORMATIKA - 2.16.2.20.2.21.04.0000,01KKK32N39TP3FGKMN0TJ04R9P,66007827,2026,E-Katalog 6.0,APBD,RESTOE BOEMI MEDIA,E-Purchasing,Jasa Lainnya,Belanja Langganan Jurnal/Surat Kabar/Majalah,ON PROCESS,5700000,5700000
KAB. TANGGAMUS,DINAS PARIWISATA DAN KEBUDAYAAN - 3.26.2.22.2.19.02.0000,01KN6MSPZPNVNP88FX86951A1X,66335438,2026,E-Katalog 6.0,APBD,LANGGENG JAYA TANGGAMUS,E-Purchasing,Barang,Belanja Alat/Bahan untuk Kegiatan Kantor - Alat Tulis Kantor,PAYMENT OUTSIDE SYSTEM,1208790,1208790
KAB. TANGGAMUS,SEKRETARIAT DPRD - 4.02.0.00.0.00.01.0000,01KN3S961Z8BQ1QWF6RVHF31BK,63313099,2026,E-Katalog 6.0,APBD,JURNAL TARUNA NUSANTARA,E-Purchasing,Jasa Lainnya," Belanja Langganan Jurnal/Surat Kabar/Majalah",PAYMENT OUTSIDE SYSTEM,950000,950000
KAB. TANGGAMUS,DINAS KOMUNIKASI DAN INFORMATIKA - 2.16.2.20.2.21.04.0000,01KS1PY4WA5ZZNT3ZC5RH6XGD2,66007827,2026,E-Katalog 6.0,APBD,BRATA POS MEDIA,E-Purchasing,Jasa Lainnya,Belanja Langganan Jurnal/Surat Kabar/Majalah,ON PROCESS,3799998,3799998
KAB. TANGGAMUS,BAGIAN UMUM SEKRETARIAT DAERAH - 4.01.5.06.0.00.01.0007,01KFARTG6F5B81VGEBJ7T656V9,63535118,2026,E-Katalog 6.0,APBD,MAHARANI GROUP,E-Purchasing,Jasa Lainnya,Belanja Sewa Kursi Dan Sarung Kursi Keperluan Pemda,ON PROCESS,10500000,10500000
KAB. TANGGAMUS,PUSKESMAS SANGGI - 1.02.0.00.0.00.01.0006,01KRFJMDGNRKPZKE62MZ79TFEH,66798485,2026,E-Katalog 6.0,APBD,TRIMAN,E-Purchasing,Barang,-,ON PROCESS,2364300,2364300
KAB. TANGGAMUS,SEKRETARIAT DPRD - 4.02.0.00.0.00.01.0000,01KMM3FVRTBN5XHQSNPVK1Y2J3,63313099,2026,E-Katalog 6.0,APBD,PENUTUR KREASI MUDA,E-Purchasing,Jasa Lainnya," Belanja Langganan Jurnal/Surat Kabar/Majalah",PAYMENT OUTSIDE SYSTEM,950000,950000
KAB. TANGGAMUS,PUSKESMAS SUMBEREJO - 1.02.0.00.0.00.01.0025,01KRX98TN48PA4ZT6QS1GP9DAK,66863590,2026,E-Katalog 6.0,APBD,ABDUL AZIS,E-Purchasing,Barang,Jamuan Snack,PAYMENT OUTSIDE SYSTEM,209000,209000
KAB. TANGGAMUS,DINAS PENDIDIKAN DAN KEBUDAYAAN - 1.01.2.22.0.00.02.0000,01KK0YJ4W5RD9670D5EG86DT05,66025784,2026,E-Katalog 6.0,APBD,BANGUN LAMPUNG MANDIRI,E-Purchasing,Barang,Aplikasi pelaporan akhir BOSP,ON PROCESS,197025000,197025000
KAB. TANGGAMUS,"BADAN PERENCANAAN PEMBANGUNAN, RISET DAN INOVASI DAERAH - 5.01.5.05.0.00.01.0000",01KQ6G8T9PTY8X2C96HK2KW7WY,64081305,2026,E-Katalog 6.0,APBD,ABID FAMILI,E-Purchasing,Barang,Belanja Alat/Bahan untuk Kegiatan Kantor- Bahan Cetak - Sub Kegiatan Pelaksanaan Konsultasi Publik (PMPEPD),PAYMENT OUTSIDE SYSTEM,449550,449550
KAB. TANGGAMUS,BAGIAN UMUM SEKRETARIAT DAERAH - 4.01.5.06.0.00.01.0007,01KHSSJ0WSVT87D78PA19JZV0V,63823470,2026,E-Katalog 6.0,APBD,MAHARANI GROUP,E-Purchasing,Jasa Lainnya,Belanja Sewa Alat Kantor Lainnya,PAYMENT OUTSIDE SYSTEM,18750000,18750000
KAB. TANGGAMUS,PLT.DINAS KESEHATAN - 1.02.0.00.0.00.01.0000,01KPD63X9WANPHC1Z4BAJFYB20,65109700,2026,E-Katalog 6.0,APBD,GEISHA MEDIKA UTAMA,E-Purchasing,Barang,Belanja Modal Alat Kesehatan Puskesmas Pembantu,ON PROCESS,63546651,63546651
KAB. TANGGAMUS,DINAS PENDIDIKAN DAN KEBUDAYAAN - 1.01.2.22.0.00.02.0000,01KQVKRNWW46X5YBP1G7PWA8J1,67025303,2026,E-Katalog 6.0,APBD,BERTIGA JAYA,E-Purchasing,Barang,Belanja Alat/Bahan untuk Kegiatan Kantor-Alat Tulis Kantor,PAYMENT OUTSIDE SYSTEM,2845485,2845485
KAB. TANGGAMUS,"BADAN PERENCANAAN PEMBANGUNAN, RISET DAN INOVASI DAERAH - 5.01.5.05.0.00.01.0000",01KWKD03VEA5GHGVM1QF3192FP,66309988,2026,E-Katalog 6.0,APBD,ALGHIF JAYA,E-Purchasing,Barang,Belanja Alat/Bahan untuk Kegiatan Kantor- Bahan Cetak  Koordinasi Pelaksanaan Sinergitas dan Harmonisasi Perencanaan Pembangunan Daerah Bidang Infrastruktur,ON PROCESS,1303695,1303695
KAB. TANGGAMUS,BAGIAN TATA PEMERINTAHAN SEKRETARIAT DAERAH - 4.01.5.06.0.00.01.0001,01KH7ZM1WNE9P5D8X9HKSW55SP,64567146,2026,E-Katalog 6.0,APBD,MELATI JAYA CATERING,E-Purchasing,Barang,Belanja Makanan dan Minuman Rapat - Rapat tim penyusun,PAYMENT OUTSIDE SYSTEM,1845000,1845000
KAB. TANGGAMUS,"BADAN PERENCANAAN PEMBANGUNAN, RISET DAN INOVASI DAERAH - 5.01.5.05.0.00.01.0000",01KJ9NZ6J65CKT1GWNWZQ6ANG9,64418373,2026,E-Katalog 6.0,APBD,ABID FAMILI,E-Purchasing,Barang,Belanja Alat/Bahan untuk Kegiatan Kantor-Alat Tulis Kantor,PAYMENT OUTSIDE SYSTEM,1940724,1940724
KAB. TANGGAMUS,PUSKESMAS SUMBEREJO - 1.02.0.00.0.00.01.0025,01KS9SW2PX25ZNC5B0CZZEBCYD,66863521,2026,E-Katalog 6.0,APBD,HEXPHARM JAYA LABORATORIES,E-Purchasing,Barang,-,ON PROCESS,1983015,1983015
KAB. TANGGAMUS,DINAS PENDIDIKAN DAN KEBUDAYAAN - 1.01.2.22.0.00.02.0000,01KK0ZAETEXVK2TPZ64ZNB80KP,66043022,2026,E-Katalog 6.0,APBD,BERTIGA JAYA,E-Purchasing,Barang,Belanja Modal Alat Pendingin,ON PROCESS,49284000,49284000
KAB. TANGGAMUS,DINAS KOMUNIKASI DAN INFORMATIKA - 2.16.2.20.2.21.04.0000,01KKK6AYAS7TVKTD7BHPCQCQBP,66007827,2026,E-Katalog 6.0,APBD,BAYANGKARASINDO MULTI GROUP,E-Purchasing,Jasa Lainnya,Belanja Langganan Jurnal/Surat Kabar/Majalah,ON PROCESS,1900000,1900000
KAB. TANGGAMUS,BAGIAN UMUM SEKRETARIAT DAERAH - 4.01.5.06.0.00.01.0007,01KKJQD0M6GAQ92AJHBKR25ZA2,63626274,2026,E-Katalog 6.0,APBD,MELATI JAYA CATERING,E-Purchasing,Jasa Lainnya,Belanja Makanan Dan Minuman Untuk Acara Open House Hari Raya Idul Fitri,PAYMENT OUTSIDE SYSTEM,979020,979020
KAB. TANGGAMUS,DINAS PEMUDA DAN OLAHRAGA - 2.19.0.00.0.00.01.0000,01KPSX92N7AWH72J39S5SE1CFH,65029983,2026,E-Katalog 6.0,APBD,LANGGENG JAYA TANGGAMUS,E-Purchasing,Jasa Lainnya,Belanja Alat/Bahan untuk Kegiatan Kantor- Bahan Cetak,PAYMENT OUTSIDE SYSTEM,879120,879120
KAB. TANGGAMUS,"BADAN PERENCANAAN PEMBANGUNAN, RISET DAN INOVASI DAERAH - 5.01.5.05.0.00.01.0000",01KS1MHT45FEWZ2AZFN3Z2H2D2,64092606,2026,E-Katalog 6.0,APBD,ABID FAMILI,E-Purchasing,Barang,Belanja Alat/Bahan untuk Kegiatan Kantor- Bahan Cetak - Sub Kegiatan Koordinasi Penyusunan dan Penetapan Dokumen Perencanaan Pembangunan Daerah Kabupaten/Kota (PMPEPD),ON PROCESS,4495500,4495500
KAB. TANGGAMUS,DINAS PEMUDA DAN OLAHRAGA - 2.19.0.00.0.00.01.0000,01KQE8J23BAM1RQAF1SKX1MV2Q,65163271,2026,E-Katalog 6.0,APBD,LANGGENG JAYA TANGGAMUS,E-Purchasing,Jasa Lainnya,Belanja Makanan dan Minuman Jamuan Tamu,PAYMENT OUTSIDE SYSTEM,225885,225885
KAB. TANGGAMUS,DINAS PEMBERDAYAAN MASYARAKAT DAN DESA - 2.13.0.00.0.00.01.0000,01KPADN5NS14BYP1C0Y1MDE7AQ,66182186,2026,E-Katalog 6.0,APBD,AN-NISA,E-Purchasing,Barang,Belanja Makanan dan Minuman Jamuan Tamu,ON PROCESS,7200000,7200000
KAB. TANGGAMUS,"BADAN PERENCANAAN PEMBANGUNAN, RISET DAN INOVASI DAERAH - 5.01.5.05.0.00.01.0000",01KS1N3AGK5RQQV5NJZ2NHBK8C,64118061,2026,E-Katalog 6.0,APBD,ABID FAMILI,E-Purchasing,Barang,"Belanja Alat/Bahan untuk Kegiatan Kantor - Bahan Cetak - Sub Kegiatan Analisis Kondisi Daerah, Permasalahan, dan Isu Strategis Pembangunan Daerah (PMPEPD)",ON PROCESS,8991000,8991000
KAB. TANGGAMUS,"BADAN PERENCANAAN PEMBANGUNAN, RISET DAN INOVASI DAERAH - 5.01.5.05.0.00.01.0000",01KJ45DEJ36HY0YN3GKZ3NTDTJ,64540920,2026,E-Katalog 6.0,APBD,BERTIGA JAYA,E-Purchasing,Jasa Lainnya,Belanja Pemeliharaan Alat Kantor dan Rumah Tangga-Alat Rumah Tangga-Alat Pendingin,PAYMENT OUTSIDE SYSTEM,2375400,2375400
KAB. TANGGAMUS,DINAS KOMUNIKASI DAN INFORMATIKA - 2.16.2.20.2.21.04.0000,01KKJKC9AVDCX1KQJAMRSWJ90M,66007827,2026,E-Katalog 6.0,APBD,BASKARA MEDIA LAMPUNG,E-Purchasing,Jasa Lainnya,Belanja Langganan Jurnal/Surat Kabar/Majalah,ON PROCESS,2850000,2850000
KAB. TANGGAMUS,BAGIAN PERENCANAAN DAN KEUANGAN SEKRETARIAT DAERAH - 4.01.5.06.0.00.01.0010,01KPQBN5KQMSTMPTEFYPQB1D6Q,63811342,2026,E-Katalog 6.0,APBD,ALGHIF JAYA,E-Purchasing,Barang,Belanja Alat/Bahan untuk Kegiatan Kantor- Bahan Cetak,PAYMENT OUTSIDE SYSTEM,1498500,1498500
KAB. TANGGAMUS,DINAS KOMUNIKASI DAN INFORMATIKA - 2.16.2.20.2.21.04.0000,01KN1HHGNMR7H9B8P7JVPRC04G,66186259,2026,E-Katalog 6.0,APBD,PRADANA,E-Purchasing,Barang,Belanja Modal Personal Computer,ON PROCESS,50469480,50469480
KAB. TANGGAMUS,DINAS PARIWISATA DAN KEBUDAYAAN - 3.26.2.22.2.19.02.0000,01KS6SNE38KB843K4V5MZJPCEQ,66969130,2026,E-Katalog 6.0,APBD,LANGGENG JAYA TANGGAMUS,E-Purchasing,Barang,Belanja Alat/Bahan untuk Kegiatan Kantor - Bahan Cetak,PAYMENT OUTSIDE SYSTEM,527250,527250
KAB. TANGGAMUS,SEKRETARIAT DPRD - 4.02.0.00.0.00.01.0000,01KWVNYA1DD1M27WRXXJJ9CDM6,63313099,2026,E-Katalog 6.0,APBD,SHAQEERANA WIJAYA MULTIMEDIA,E-Purchasing,Jasa Lainnya," Belanja Langganan Jurnal/Surat Kabar/Majalah",ON PROCESS,2850000,2850000
KAB. TANGGAMUS,DINAS PEKERJAAN UMUM DAN PERUMAHAN RAKYAT - 1.03.1.04.2.10.10.0000,01KQBRGF5VSGZAP04WKMR9SS01,66938760,2026,E-Katalog 6.0,APBD,MANDALA WANGI INDONESIA,E-Purchasing,Barang,Pengadaan PC All in One  Dinas  PUPR Kab. Tanggamus,ON PROCESS,14985000,14985000
KAB. TANGGAMUS,DINAS PERKEBUNAN DAN PETERNAKAN - 3.27.0.00.0.00.05.0000,01KJCCQEK82HEPB6VK6AXGC3XY,65673960,2026,E-Katalog 6.0,APBD,LANGGENG JAYA TANGGAMUS,E-Purchasing,Barang,Belanja Alat/Bahan untuk Kegiatan Kantor-Alat Tulis Kantor  keg. Penyediaan Bahan/Material ,PAYMENT OUTSIDE SYSTEM,12296935,12296935
KAB. TANGGAMUS,RUMAH SAKIT UMUM DAERAH BATIN MANGUNANG KOTA AGUNG - 1.02.0.00.0.00.01.0001,01KJVPQV987HCRJQWNGBNFRCMD,63968804,2026,E-Katalog 6.0,APBD,LAPI LABORATORIES,E-Purchasing,Barang,Belanja Obat-Obatan-Obat,ON PROCESS,14683080,14683080
KAB. TANGGAMUS,"BADAN PERENCANAAN PEMBANGUNAN, RISET DAN INOVASI DAERAH - 5.01.5.05.0.00.01.0000",10853857000,64542072,2026,Pencatatan,APBD,Eko Prasetyo S,Pengadaan Langsung,Jasa Lainnya,Belanja Pemeliharaan Bangunan Gedung-Bangunan Gedung Tempat Kerja-Bangunan Gedung Kantor,PAKET SELESAI,950000,950000
KAB. TANGGAMUS,RUMAH SAKIT UMUM DAERAH BATIN MANGUNANG KOTA AGUNG - 1.02.0.00.0.00.01.0001,01KJPEP1Y9Y1W0MW019BC1KQHW,63968804,2026,E-Katalog 6.0,APBD,SARANA MEGAMEDILAB SENTOSA,E-Purchasing,Barang,Belanja Obat-Obatan-Obat,ON PROCESS,48135150,0
KAB. TANGGAMUS,DINAS KOMUNIKASI DAN INFORMATIKA - 2.16.2.20.2.21.04.0000,01KKK908YWD07TC1VM262HBX41,66007827,2026,E-Katalog 6.0,APBD,SINERGI USAHA NUR,E-Purchasing,Jasa Lainnya,Belanja Langganan Jurnal/Surat Kabar/Majalah,ON PROCESS,1900000,1900000
KAB. TANGGAMUS,SEKRETARIAT DPRD - 4.02.0.00.0.00.01.0000,01KWV4FN159Z9YYFA2VJP21WF2,63313099,2026,E-Katalog 6.0,APBD,MEDIA GLOBAL ART,E-Purchasing,Jasa Lainnya," Belanja Langganan Jurnal/Surat Kabar/Majalah",ON PROCESS,2850000,2850000
KAB. TANGGAMUS,DINAS KOMUNIKASI DAN INFORMATIKA - 2.16.2.20.2.21.04.0000,01KQ9BAMYHDYQ92AZ9GXRN3HCP,66007827,2026,E-Katalog 6.0,APBD,WAHANA SEMESTA KARANG,E-Purchasing,Jasa Lainnya,Belanja Langganan Jurnal/Surat Kabar/Majalah,ON PROCESS,9500000,9500000
KAB. TANGGAMUS,BADAN PENDAPATAN DAERAH - 5.02.0.00.0.00.02.0000,01KW0Z3GRZ5XMMABQCZYKCHBR9,64266155,2026,E-Katalog 6.0,APBD,ALGHIF JAYA,E-Purchasing,Barang,Belanja Alat /Bahan Untuk Kegiatan Kantor - Alat Tulis Kantor,ON PROCESS,1519701,1519701
KAB. TANGGAMUS,DINAS KOMUNIKASI DAN INFORMATIKA - 2.16.2.20.2.21.04.0000,01KPADW4RKZG7BTG1JNBWRWAGM,66007827,2026,E-Katalog 6.0,APBD,PRO MEDIA TANGGAMUS,E-Purchasing,Jasa Lainnya,Belanja Langganan Jurnal/Surat Kabar/Majalah,ON PROCESS,9500002,9500002
KAB. TANGGAMUS,"DINAS KETAHANAN PANGAN, TANAMAN PANGAN DAN HORTIKULTURA - 2.09.3.27.0.00.02.0000",01KPWN6AF6YAGQYANJ3B3ZE7MZ,65035970,2026,E-Katalog 6.0,APBD,EFIKA REZA,E-Purchasing,Barang,Belanja Modal Alat Kantor Lainnya,PAYMENT OUTSIDE SYSTEM,14707500,14707500
KAB. TANGGAMUS,DINAS KOMUNIKASI DAN INFORMATIKA - 2.16.2.20.2.21.04.0000,01KKGRSG98KRSCBS7X497H598T,66007827,2026,E-Katalog 6.0,APBD,MEDIA ADINDA PUTRI,E-Purchasing,Jasa Lainnya,Belanja Langganan Jurnal/Surat Kabar/Majalah,ON PROCESS,4750000,4750000
KAB. TANGGAMUS,"BADAN PERENCANAAN PEMBANGUNAN, RISET DAN INOVASI DAERAH - 5.01.5.05.0.00.01.0000",01KQ6NTWVK5GEVWTVJHH7YZ8DF,64430094,2026,E-Katalog 6.0,APBD,LANGGENG JAYA TANGGAMUS,E-Purchasing,Barang,Belanja Alat/Bahan untuk Kegiatan Kantor-Alat Tulis Kantor Sub Kegiatan Koordinasi dan Penyusunan Laporan Capaian Kinerja dan Ikhtisar,PAYMENT OUTSIDE SYSTEM,850260,850260
KAB. TANGGAMUS,DINAS PENDIDIKAN DAN KEBUDAYAAN - 1.01.2.22.0.00.02.0000,01KK0YERA29R1J8P5B52K50P2R,66258508,2026,E-Katalog 6.0,APBD,BERTIGA JAYA,E-Purchasing,Barang,Belanja Modal Mebel,ON PROCESS,39072000,39072000
KAB. TANGGAMUS,PLT.DINAS KESEHATAN - 1.02.0.00.0.00.01.0000,01KNXKJK7H9ACTFV968P9G2PX2,65192581,2026,E-Katalog 6.0,APBD,MEDIKAL PRINTING,E-Purchasing,Barang,Belanja Alat/Bahan untuk Kegiatan Kantor- Bahan Cetak subkegiatan Penyediaan Barang Cetakan dan Penggandaan ,ON PROCESS,17087000,17087000
KAB. TANGGAMUS,BAGIAN HUKUM SEKRETARIAT DAERAH - 4.01.5.06.0.00.01.0003,01KRFYXCXYTM4YPP346X02XMBW,63587457,2026,E-Katalog 6.0,APBD,WE DHE WE,E-Purchasing,Barang,BELANJA TAS PESERTA,PAYMENT OUTSIDE SYSTEM,7326000,7326000
KAB. TANGGAMUS,BADAN KESATUAN BANGSA DAN POLITIK - 8.01.0.00.0.00.01.0000,01KEDR3150DM4VQEMWVBSEQQQ2,62871068,2026,E-Katalog 6.0,APBD,SIGER INOVASI,E-Purchasing,Barang,Sewa Kendaraan Dinas,ON PROCESS,110889000,110889000
KAB. TANGGAMUS,RUMAH SAKIT UMUM DAERAH BATIN MANGUNANG KOTA AGUNG - 1.02.0.00.0.00.01.0001,01KQRX0QF1S7MKQTVDHKQWPSS0,66179260,2026,E-Katalog 6.0,APBD,MEDIKAL PRINTING,E-Purchasing,Jasa Lainnya,Belanja Barang dan Jasa BLUD,ON PROCESS,5000000,5000000
KAB. TANGGAMUS,DINAS PEMUDA DAN OLAHRAGA - 2.19.0.00.0.00.01.0000,01KQE8729FWCNYWKCWPBGSNC57,65163271,2026,E-Katalog 6.0,APBD,MELATI JAYA CATERING,E-Purchasing,Jasa Lainnya,Belanja Makanan dan Minuman Jamuan Tamu,PAYMENT OUTSIDE SYSTEM,375000,375000
KAB. TANGGAMUS,SEKRETARIAT DPRD - 4.02.0.00.0.00.01.0000,01KWKERYMWGHG7JPN3BAMZ0YS2,63313099,2026,E-Katalog 6.0,APBD,SELIDIK POST INDONESIA,E-Purchasing,Jasa Lainnya," Belanja Langganan Jurnal/Surat Kabar/Majalah",ON PROCESS,4750000,4750000
KAB. TANGGAMUS,DINAS KOMUNIKASI DAN INFORMATIKA - 2.16.2.20.2.21.04.0000,01KK83K97EF9MKNHFAJB0VXV2J,66005396,2026,E-Katalog 6.0,APBD,RAJAWALI VISUAL NUSANTARA,E-Purchasing,Jasa Lainnya,"Belanja Jasa Iklan/Reklame, Film, dan Pemotretan",ON PROCESS,19000001,19000001
KAB. TANGGAMUS,DINAS KOMUNIKASI DAN INFORMATIKA - 2.16.2.20.2.21.04.0000,01KRZ4HVETH09B42DM4Q439CX4,66007827,2026,E-Katalog 6.0,APBD,MOMENTUM MATA PENA,E-Purchasing,Jasa Lainnya,Belanja Langganan Jurnal/Surat Kabar/Majalah,ON PROCESS,4750000,4750000
KAB. TANGGAMUS,DINAS PARIWISATA DAN KEBUDAYAAN - 3.26.2.22.2.19.02.0000,01KRX1VG80QG1X2KE9B40PGB0P,64948246,2026,E-Katalog 6.0,APBD,LANGGENG JAYA TANGGAMUS,E-Purchasing,Barang,Belanja Alat/Bahan untuk Kegiatan Kantor-Bahan cetak (Fotocopy),PAYMENT OUTSIDE SYSTEM,1348650,1348650
KAB. TANGGAMUS,DINAS PEMUDA DAN OLAHRAGA - 2.19.0.00.0.00.01.0000,01KPSXK8YF6HAVY5N2T4GP49E1,65022257,2026,E-Katalog 6.0,APBD,LANGGENG JAYA TANGGAMUS,E-Purchasing,Jasa Lainnya,Belanja Alat/Bahan untuk Kegiatan Kantor- Bahan Cetak,PAYMENT OUTSIDE SYSTEM,879120,879120
KAB. TANGGAMUS,INSPEKTORAT DAERAH - 6.01.0.00.0.00.01.0000,01KVYK3M6PYZQ4P3WPVRDTXX88,66911237,2026,E-Katalog 6.0,APBD,BERTIGA JAYA,E-Purchasing,Barang,Belanja Alat/Bahan untuk Kegiatan Kantor-Alat Tulis Kantor,ON PROCESS,33132390,33132390
KAB. TANGGAMUS,DINAS KOMUNIKASI DAN INFORMATIKA - 2.16.2.20.2.21.04.0000,01KRZ7P13NECV9TC2YBRGMRBAR,66007827,2026,E-Katalog 6.0,APBD,SULUH MEDIA INDONESIA,E-Purchasing,Jasa Lainnya,Belanja Langganan Jurnal/Surat Kabar/Majalah,ON PROCESS,9500000,9500000
KAB. TANGGAMUS,SEKRETARIAT DPRD - 4.02.0.00.0.00.01.0000,01KWV4754QY3QEATF1WWCHJXQ2,63313099,2026,E-Katalog 6.0,APBD,HARIAN DETIK NEWS,E-Purchasing,Jasa Lainnya," Belanja Langganan Jurnal/Surat Kabar/Majalah",ON PROCESS,2850000,2850000
KAB. TANGGAMUS,SEKRETARIAT DPRD - 4.02.0.00.0.00.01.0000,01KPAG0HCE9NXC4S3CDA888Z1H,63313099,2026,E-Katalog 6.0,APBD,CYBER RAKYAT INDONESIA,E-Purchasing,Jasa Lainnya," Belanja Langganan Jurnal/Surat Kabar/Majalah",PAYMENT OUTSIDE SYSTEM,2850000,2850000
KAB. TANGGAMUS,SEKRETARIAT DPRD - 4.02.0.00.0.00.01.0000,01KKTMMJDYHN1QKD0PNY1Q33S6,63313099,2026,E-Katalog 6.0,APBD,AKURAT MEDIA INDONESIA,E-Purchasing,Jasa Lainnya," Belanja Langganan Jurnal/Surat Kabar/Majalah",PAYMENT OUTSIDE SYSTEM,4750000,4750000
KAB. TANGGAMUS,BAGIAN TATA PEMERINTAHAN SEKRETARIAT DAERAH - 4.01.5.06.0.00.01.0001,01KHVXZ1Q9QHQ16AQVKNDNP18E,64130150,2026,E-Katalog 6.0,APBD,NAMASTEE SINEMA INVESTAMA,E-Purchasing,Barang,Belanja Alat/Bahan untuk Kegiatan Kantor Alat Tulis Kantor Kegiatan rapat koordinasi ,PAYMENT OUTSIDE SYSTEM,573315,573315
KAB. TANGGAMUS,SEKRETARIAT DPRD - 4.02.0.00.0.00.01.0000,01KWH5QERAP5AJ1CGF76KRQNRM,63313099,2026,E-Katalog 6.0,APBD,BAHARI JAYA PERKASA NEWS,E-Purchasing,Jasa Lainnya," Belanja Langganan Jurnal/Surat Kabar/Majalah",ON PROCESS,4750000,4750000
KAB. TANGGAMUS,SEKRETARIAT DPRD - 4.02.0.00.0.00.01.0000,01KWKMV84VS5EC2J90SGHKSRD4,63313099,2026,E-Katalog 6.0,APBD,SINAR INFORMASI PUBLIK,E-Purchasing,Jasa Lainnya," Belanja Langganan Jurnal/Surat Kabar/Majalah",ON PROCESS,1900000,1900000
KAB. TANGGAMUS,DINAS KOMUNIKASI DAN INFORMATIKA - 2.16.2.20.2.21.04.0000,01KKK8K59C1Y9HS8XQ2NGWJ0AE,66007827,2026,E-Katalog 6.0,APBD,MEDIA PEWARTA SENUSANTARA,E-Purchasing,Jasa Lainnya,Belanja Langganan Jurnal/Surat Kabar/Majalah,ON PROCESS,950000,950000
KAB. TANGGAMUS,SEKRETARIAT DPRD - 4.02.0.00.0.00.01.0000,01KWVW06082THAAPRENBMZKBRM,63313099,2026,E-Katalog 6.0,APBD,AFIQA JEA INTERMEDIA,E-Purchasing,Jasa Lainnya," Belanja Langganan Jurnal/Surat Kabar/Majalah",ON PROCESS,285000,285000
KAB. TANGGAMUS,BAGIAN UMUM SEKRETARIAT DAERAH - 4.01.5.06.0.00.01.0007,01KK1527FZ75JRB91YZCSNQTW6,63516787,2026,E-Katalog 6.0,APBD,HARIA FITRI. S,E-Purchasing,Jasa Lainnya,"Belanja Pemeliharaan, Pembelian Aksesoris dan Ban Kendaraan Dinas Roda 4 dan Kendaraan Dinas Roda 2",PAYMENT OUTSIDE SYSTEM,21465000,21465000
KAB. TANGGAMUS,DINAS KOMUNIKASI DAN INFORMATIKA - 2.16.2.20.2.21.04.0000,01KKGMJRNEZC3SM9NVV7NBYD9D,66007827,2026,E-Katalog 6.0,APBD,EXCALIBUR MEDIA TAMA,E-Purchasing,Jasa Lainnya,Belanja Langganan Jurnal/Surat Kabar/Majalah,ON PROCESS,4750000,4750000
KAB. TANGGAMUS,PUSKESMAS SUMBEREJO - 1.02.0.00.0.00.01.0025,01KW8RZ4RXY85756TQD8HDRP2K,66863592,2026,E-Katalog 6.0,APBD,ABDUL AZIS,E-Purchasing,Barang,Jamuan Makan,ON PROCESS,759000,759000
KAB. TANGGAMUS,BAGIAN UMUM SEKRETARIAT DAERAH - 4.01.5.06.0.00.01.0007,01KHAS2175J5RT4QEY7Z5FR66N,65477343,2026,E-Katalog 6.0,APBD,SWARA ANTAR NUSA,E-Purchasing,Jasa Lainnya,"Belanja Pakaian Sipil (PSH) Sekretaris Daerah, Assisten dan Staf Ahli",ON PROCESS,17600000,17600000
KAB. TANGGAMUS,SEKRETARIAT DPRD - 4.02.0.00.0.00.01.0000,01KWH2V9P5AA2F76V8T5H7XW2D,63313099,2026,E-Katalog 6.0,APBD,AKURAT MEDIA INDONESIA,E-Purchasing,Jasa Lainnya," Belanja Langganan Jurnal/Surat Kabar/Majalah",ON PROCESS,4750000,4750000
KAB. TANGGAMUS,SEKRETARIAT DPRD - 4.02.0.00.0.00.01.0000,01KN6APJHPBBE0HA93QWF4DC18,63313099,2026,E-Katalog 6.0,APBD,MAJU BERSAMA ALFAQI,E-Purchasing,Jasa Lainnya," Belanja Langganan Jurnal/Surat Kabar/Majalah",PAYMENT OUTSIDE SYSTEM,2850000,2850000
KAB. TANGGAMUS,"BADAN PERENCANAAN PEMBANGUNAN, RISET DAN INOVASI DAERAH - 5.01.5.05.0.00.01.0000",01KWK0QDM44BG0JYSVQAY6Q5SY,64511229,2026,E-Katalog 6.0,APBD,LANGGENG JAYA TANGGAMUS,E-Purchasing,Barang,Belanja Alat/Bahan untuk Kegiatan Kantor- Bahan Cetak Sub KPenyediaan Barang Cetakan dan Penggandaan,ON PROCESS,2863800,2863800
KAB. TANGGAMUS,"BADAN PERENCANAAN PEMBANGUNAN, RISET DAN INOVASI DAERAH - 5.01.5.05.0.00.01.0000",01KWK3Y5YM6KNHPMN1K9745SRV,67306039,2026,E-Katalog 6.0,APBD,LANGGENG JAYA TANGGAMUS,E-Purchasing,Barang,"Belanja Alat/Bahan untuk Kegiatan Kantor-Cetak - Sub Diseminasi Jenis, Prosedur dan Metode Penyelenggaraan Pemerintahan Daerah yang Bersifat Inovatif",ON PROCESS,892829,892829
KAB. TANGGAMUS,DINAS PARIWISATA DAN KEBUDAYAAN - 3.26.2.22.2.19.02.0000,01KJ4PKM7CJ5QQHQTJHF2956BH,63996996,2026,E-Katalog 6.0,APBD,LANGGENG JAYA TANGGAMUS,E-Purchasing,Barang,Belanja Alat/Bahan untuk Kegiatan Kantor - Bahan Cetak,PAYMENT OUTSIDE SYSTEM,266733,266733
KAB. TANGGAMUS,BAGIAN PENGADAAN BARANG DAN JASA SEKRETARIAT DAERAH - 4.01.5.06.0.00.01.0006,01KQ94ACNS5W8DNYXXJQKMMFA8,63566779,2026,E-Katalog 6.0,APBD,ALGHIF JAYA,E-Purchasing,Barang,Belanja Alat/Bahan untuk Kegiatan Kantor- Bahan Cetak (Fotocopy),ON PROCESS,4000995,4000995
KAB. TANGGAMUS,DINAS KOMUNIKASI DAN INFORMATIKA - 2.16.2.20.2.21.04.0000,01KKGQQR9CTS6PX7DD3AK71JC6,66007827,2026,E-Katalog 6.0,APBD,JAYA BERJAMA LAMPUNG,E-Purchasing,Jasa Lainnya,Belanja Langganan Jurnal/Surat Kabar/Majalah,ON PROCESS,4750000,4750000
KAB. TANGGAMUS,DINAS PENDIDIKAN DAN KEBUDAYAAN - 1.01.2.22.0.00.02.0000,10110489000,63245987,2026,Tender,APBD,CV. ADIKA KONSULTAN,Seleksi,Jasa Konsultansi Badan Usaha Konstruksi,Belanja Jasa Konsultansi Perencanaan SMP APBD 2026,SELESAI,103662900,103662900
KAB. TANGGAMUS,PUSKESMAS SUMBEREJO - 1.02.0.00.0.00.01.0025,01KW1AY62FG39T22J9PWQ8FHKW,66921258,2026,E-Katalog 6.0,APBD,MEPROFARM,E-Purchasing,Barang,-,ON PROCESS,1543011,1543011
KAB. TANGGAMUS,BADAN KEUANGAN DAN ASET DAERAH - 5.02.0.00.0.00.06.0000,01KEV394T6ZWZTCT7TY2F3KY7X,63259738,2026,E-Katalog 6.0,APBD,SIGER INOVASI,E-Purchasing,Jasa Lainnya,Belanja Sewa Kendaraan Dinas Bermotor Perorangan,PAYMENT OUTSIDE SYSTEM,113220000,113220000
KAB. TANGGAMUS,BAGIAN UMUM SEKRETARIAT DAERAH - 4.01.5.06.0.00.01.0007,01KKDG50V9BV8M39BJD4FYJZHN,66359724,2026,E-Katalog 6.0,APBD,SWARA ANTAR NUSA,E-Purchasing,Barang,Belanja Pakaian Olah Raga Bupati dan Wakil Bupati,PAYMENT OUTSIDE SYSTEM,3600000,3600000
KAB. TANGGAMUS,DINAS KOMUNIKASI DAN INFORMATIKA - 2.16.2.20.2.21.04.0000,01KKKRRD8A7JQX0X4A4ZNNPQF3,66007827,2026,E-Katalog 6.0,APBD,LENSA NUSANTARA MULTIMEDIA,E-Purchasing,Jasa Lainnya,Belanja Langganan Jurnal/Surat Kabar/Majalah,ON PROCESS,285000,285000
KAB. TANGGAMUS,BAGIAN TATA PEMERINTAHAN SEKRETARIAT DAERAH - 4.01.5.06.0.00.01.0001,01KH8286DSZZC3X6816T2YX967,64514073,2026,E-Katalog 6.0,APBD,NAMASTEE SINEMA INVESTAMA,E-Purchasing,Barang,Belanja Alat/Bahan untuk Kegiatan Kantor- Bahan Cetak  Kegiatan Fasilitasi Penyusunan LPPD,PAYMENT OUTSIDE SYSTEM,8341583,8341583
KAB. TANGGAMUS,PLT.DINAS KESEHATAN - 1.02.0.00.0.00.01.0000,01KQEEST5W3FNTQBWKB13Z3DV4,67050038,2026,E-Katalog 6.0,APBD,MEDIKAL PRINTING,E-Purchasing,Barang,Belanja Alat/Bahan untuk Kegiatan Kantor- Bahan Cetak Subkegiatan Pengelolaan Pelayanan Kesehatan pada Usia Lanjut,ON PROCESS,49003200,49003200
KAB. TANGGAMUS,BAGIAN UMUM SEKRETARIAT DAERAH - 4.01.5.06.0.00.01.0007,01KFWKVFY9H0W1HKGDNYNZR53X,63823470,2026,E-Katalog 6.0,APBD,MAHARANI GROUP,E-Purchasing,Jasa Lainnya,Belanja Sewa Alat Kantor Lainnya,ON PROCESS,12500000,12500000
KAB. TANGGAMUS,BADAN PENDAPATAN DAERAH - 5.02.0.00.0.00.02.0000,01KJS5R78VSNVJ73QTGHZ43W0E,64009894,2026,E-Katalog 6.0,APBD,JADI JAYA,E-Purchasing,Barang,Belanja Alat /Bahan Untuk Kegiatan Kantor - Bahan Cetak,ON PROCESS,56832000,56832000
KAB. TANGGAMUS,DINAS PEKERJAAN UMUM DAN PERUMAHAN RAKYAT - 1.03.1.04.2.10.10.0000,10124866000,66799651,2026,Tender,APBD,PT ANUGERAH REKAYASA MANDIRI,Seleksi,Jasa Konsultansi Badan Usaha Konstruksi,Perencanaan Teknis DAK Pengairan Tahun 2027,SELESAI,298362400,298362400
KAB. TANGGAMUS,DINAS PEMUDA DAN OLAHRAGA - 2.19.0.00.0.00.01.0000,01KQV2TM0XS04V7MDRQN9HZ8T4,65161550,2026,E-Katalog 6.0,APBD,LANGGENG JAYA TANGGAMUS,E-Purchasing,Jasa Lainnya,Belanja Alat/Bahan untuk Kegiatan Kantor- Bahan Cetak,PAYMENT OUTSIDE SYSTEM,899100,899100
KAB. TANGGAMUS,DINAS KOMUNIKASI DAN INFORMATIKA - 2.16.2.20.2.21.04.0000,01KKJKGJJCQRM465248ET96SKC,66007827,2026,E-Katalog 6.0,APBD,BRIYAN GLOBAL MEDIA,E-Purchasing,Jasa Lainnya,Belanja Langganan Jurnal/Surat Kabar/Majalah,ON PROCESS,2850000,2850000
KAB. TANGGAMUS,DINAS KOMUNIKASI DAN INFORMATIKA - 2.16.2.20.2.21.04.0000,01KNNTB1AF5APNA37KGYN3DGFC,66842132,2026,E-Katalog 6.0,APBD,BROTHER MEDIA GROUP,E-Purchasing,Barang,Belanja Alat/Bahan untuk Kegiatan Kantor- Bahan Cetak,ON PROCESS,10821113,10821113
KAB. TANGGAMUS,BADAN KEUANGAN DAN ASET DAERAH - 5.02.0.00.0.00.06.0000,01KJ43YX3CQJW0GN94ZHS30WDF,65758360,2026,E-Katalog 6.0,APBD,EFIKA REZA,E-Purchasing,Barang,Belanja Modal Alat Kantor Lainnya,ON PROCESS,9435000,9435000
KAB. TANGGAMUS,BAGIAN KESEJAHTERAAN RAKYAT SEKRETARIAT DAERAH - 4.01.5.06.0.00.01.0002,01KVSDRRDPRSE67Q1RYQDQVWN3,63735049,2026,E-Katalog 6.0,APBD,MELATI JAYA CATERING,E-Purchasing,Jasa Lainnya,Belanja Makanan dan Minuman Jamuan Tamu,ON PROCESS,4975000,4975000
KAB. TANGGAMUS,SEKRETARIAT DPRD - 4.02.0.00.0.00.01.0000,01KMQ14WBCJCCAEHG0QV1E7QYT,63313099,2026,E-Katalog 6.0,APBD,MEDIA DELIMA BERJAYA,E-Purchasing,Jasa Lainnya," Belanja Langganan Jurnal/Surat Kabar/Majalah",PAYMENT OUTSIDE SYSTEM,1425000,1425000
KAB. TANGGAMUS,PUSKESMAS SUMBEREJO - 1.02.0.00.0.00.01.0025,01KTDSGK8W1V0Y71QCW5FE0RF3,66863684,2026,E-Katalog 6.0,APBD,ABDUL AZIS,E-Purchasing,Barang,Jamuan Snack,ON PROCESS,1773000,1773000
KAB. TANGGAMUS,DINAS PEKERJAAN UMUM DAN PERUMAHAN RAKYAT - 1.03.1.04.2.10.10.0000,01KWBRD3Z1TY85RWSTJHKAT9SS,66821792,2026,E-Katalog 6.0,APBD,TUNAS ACC SEHATI,E-Purchasing,Barang,Pakaian Seragam spesifikasi : Belanja Seragam batik Kegiatan,ON PROCESS,43178112,43178112
KAB. TANGGAMUS,DINAS KOMUNIKASI DAN INFORMATIKA - 2.16.2.20.2.21.04.0000,01KKK0S8EVZNZRZT6MM5TFY46J,66007827,2026,E-Katalog 6.0,APBD,OPTIMAL LENSA MEDIA,E-Purchasing,Jasa Lainnya,Belanja Langganan Jurnal/Surat Kabar/Majalah,ON PROCESS,2850000,2850000
KAB. TANGGAMUS,BAGIAN UMUM SEKRETARIAT DAERAH - 4.01.5.06.0.00.01.0007,01KKDGJBFXVW5Q3ZVH7P79MRZQ,65478007,2026,E-Katalog 6.0,APBD,SWARA ANTAR NUSA,E-Purchasing,Jasa Lainnya,"Belanja Pakaian Dinas Harian (PDH) Sekretaris Daerah, Assisten dan Staf Ahli",PAYMENT OUTSIDE SYSTEM,9100000,9100000
KAB. TANGGAMUS,BADAN KEUANGAN DAN ASET DAERAH - 5.02.0.00.0.00.06.0000,01KVFEDVK1VZYHK7VRWS2SHMZA,67323851,2026,E-Katalog 6.0,APBD,PRADANA,E-Purchasing,Barang,Belanja Alat/Bahan untuk Kegiatan Kantor-Perlengkapan Dinas,ON PROCESS,178987500,178987500
KAB. TANGGAMUS,DINAS KOMUNIKASI DAN INFORMATIKA - 2.16.2.20.2.21.04.0000,01KQ6T3S0JGWRSWWB2M1ER9954,66005396,2026,E-Katalog 6.0,APBD,MULTIMEDIA CIPTA MANDIRI,E-Purchasing,Jasa Lainnya,"Belanja Jasa Iklan/Reklame, Film, dan Pemotretan",ON PROCESS,19000000,19000000
KAB. TANGGAMUS,DINAS PEKERJAAN UMUM DAN PERUMAHAN RAKYAT - 1.03.1.04.2.10.10.0000,10124862000,66799718,2026,Tender,APBD,CV. INTI MULYA KONSULTAN,Seleksi,Jasa Konsultansi Badan Usaha Konstruksi,Survey Kondisi Jaringan Irigasi Kabupaten Tanggamus,SELESAI,298972800,298972800
KAB. TANGGAMUS,DINAS KOMUNIKASI DAN INFORMATIKA - 2.16.2.20.2.21.04.0000,01KKGV5W52GS4GS1QX2HV3SE3E,66007827,2026,E-Katalog 6.0,APBD,MUARA ANTAR BERITA,E-Purchasing,Jasa Lainnya,Belanja Langganan Jurnal/Surat Kabar/Majalah,ON PROCESS,4750000,4750000
KAB. TANGGAMUS,DINAS KOMUNIKASI DAN INFORMATIKA - 2.16.2.20.2.21.04.0000,01KVT8KJ3SRFG9P87AKXFSYF6S,66007827,2026,E-Katalog 6.0,APBD,INTERMEDIA NUSA BHAKTI,E-Purchasing,Jasa Lainnya,Belanja Langganan Jurnal/Surat Kabar/Majalah,ON PROCESS,9500000,9500000
KAB. TANGGAMUS,BAGIAN UMUM SEKRETARIAT DAERAH - 4.01.5.06.0.00.01.0007,01KKJPBNQC4QHT4SNT3DM3WNW5,63624731,2026,E-Katalog 6.0,APBD,MELATI JAYA CATERING,E-Purchasing,Jasa Lainnya,Belanja Makanan Dan Minuman Untuk Acara Open House Hari Raya Idul Fitri,PAYMENT OUTSIDE SYSTEM,1923075,1923075
KAB. TANGGAMUS,DINAS PENDIDIKAN DAN KEBUDAYAAN - 1.01.2.22.0.00.02.0000,01KQBTHDA8CPTD41P363F5DVDE,67027715,2026,E-Katalog 6.0,APBD,AHON BAKRY AND CAKE,E-Purchasing,Barang,Belanja Makanan dan Minuman Rapat,PAYMENT OUTSIDE SYSTEM,830000,830000
KAB. TANGGAMUS,BAGIAN UMUM SEKRETARIAT DAERAH - 4.01.5.06.0.00.01.0007,01KGRGNQ2FF46W6DGCM9TEF649,63578044,2026,E-Katalog 6.0,APBD,SWARA ANTAR NUSA,E-Purchasing,Barang,"Belanja Pakaian Sipil Lengkap (PSL) Belanja Pakaian Jas/Safari, Sekretaris Daerah, Assisten dan Staf Ahli",ON PROCESS,19500000,19500000
KAB. TANGGAMUS,"BADAN PERENCANAAN PEMBANGUNAN, RISET DAN INOVASI DAERAH - 5.01.5.05.0.00.01.0000",10942057000,67262010,2026,Pencatatan,APBD,CV. RATU INTAN,Pengadaan Langsung,Pengadaan Barang,Belanja Alat/Bahan untuk Kegiatan Kantor - Alat/Bahan untuk Kegiatan Kantor Lainnya - Sub Kegiatan Pelaksanaan Musrenbang Kabupaten/Kota (PMPEPD),PAKET SELESAI,1050000,1050000
KAB. TANGGAMUS,DINAS KOMUNIKASI DAN INFORMATIKA - 2.16.2.20.2.21.04.0000,01KKGS9D3XP1GRPEHPPMRCR20F,66007827,2026,E-Katalog 6.0,APBD,BERKAH JAYA MULTI MEDIA INDONESIA PERKASA,E-Purchasing,Jasa Lainnya,Belanja Langganan Jurnal/Surat Kabar/Majalah,ON PROCESS,4750000,4750000
KAB. TANGGAMUS,SEKRETARIAT DPRD - 4.02.0.00.0.00.01.0000,01KNP15FR48RWJGYM1NXNZYQ83,63313099,2026,E-Katalog 6.0,APBD,ARQILA JAYA GRAHA,E-Purchasing,Jasa Lainnya," Belanja Langganan Jurnal/Surat Kabar/Majalah",PAYMENT OUTSIDE SYSTEM,285000,285000
KAB. TANGGAMUS,BAGIAN PROTOKOL DAN KOMUNIKASI PIMPINAN SEKRETARIAT DAERAH - 4.01.5.06.0.00.01.0009,01KW10Z0083XHDNNFT0JFGTH8Q,63488383,2026,E-Katalog 6.0,APBD,LANGGENG JAYA TANGGAMUS,E-Purchasing,Barang,Belanja Alat/Bahan untuk Kegiatan Kantor-Alat Tulis Kantor,ON PROCESS,5040732,5040732
KAB. TANGGAMUS,SEKRETARIAT DPRD - 4.02.0.00.0.00.01.0000,01KKTKJ9NNMG8Z6GWCFH29TWG4,63313099,2026,E-Katalog 6.0,APBD,MEDIA WAWAI PERSADA,E-Purchasing,Jasa Lainnya," Belanja Langganan Jurnal/Surat Kabar/Majalah",PAYMENT OUTSIDE SYSTEM,4750800,4750800
KAB. TANGGAMUS,DINAS PENDIDIKAN DAN KEBUDAYAAN - 1.01.2.22.0.00.02.0000,01KS7H49P5VSMMC1SN49271QTV,67164371,2026,E-Katalog 6.0,APBD,JEMBAR JAYA PRATAMA,E-Purchasing,Barang,Belanja Alat/Bahan untuk Kegiatan Kantor- Suvenir/Cendera Mata Piala Pemenang O2SN Jenjang SD Tingkat Kabupaten,ON PROCESS,4828500,4828500
KAB. TANGGAMUS,SEKRETARIAT DPRD - 4.02.0.00.0.00.01.0000,01KWKGPM7F474D6XEMTSMVH9SV,63313099,2026,E-Katalog 6.0,APBD,ARIF CIPTA USAHA,E-Purchasing,Jasa Lainnya," Belanja Langganan Jurnal/Surat Kabar/Majalah",ON PROCESS,4750000,4750000
KAB. TANGGAMUS,SEKRETARIAT DPRD - 4.02.0.00.0.00.01.0000,01KX0CH3K4RT18E8XBA34BNFYE,63312241,2026,E-Katalog 6.0,APBD,MULTIMEDIA CIPTA MANDIRI,E-Purchasing,Jasa Lainnya,"Belanja Jasa Iklan/Reklame, Film, dan Pemotretan",ON PROCESS,38000000,38000000
KAB. TANGGAMUS,BAGIAN HUKUM SEKRETARIAT DAERAH - 4.01.5.06.0.00.01.0003,01KTK7RRZE8FV37XM53N1CBJPZ,63897690,2026,E-Katalog 6.0,APBD,LANGGENG JAYA TANGGAMUS,E-Purchasing,Barang,BELANJA ALAT TULIS KANTOR,ON PROCESS,903540,903540
KAB. TANGGAMUS,DINAS PEMBERDAYAAN MASYARAKAT DAN DESA - 2.13.0.00.0.00.01.0000,01KPAD8QM2HEEW7C7EB156JGBM,66182186,2026,E-Katalog 6.0,APBD,AN-NISA,E-Purchasing,Barang,Belanja Makanan dan Minuman Jamuan Tamu,ON PROCESS,3600000,3600000
KAB. TANGGAMUS,SEKRETARIAT DPRD - 4.02.0.00.0.00.01.0000,01KWVSTHGMNDYN16WT42TSQGVS,63313099,2026,E-Katalog 6.0,APBD,BUANA JAYA ELEKTRIK,E-Purchasing,Jasa Lainnya," Belanja Langganan Jurnal/Surat Kabar/Majalah",ON PROCESS,2850000,2850000
KAB. TANGGAMUS,"BADAN PERENCANAAN PEMBANGUNAN, RISET DAN INOVASI DAERAH - 5.01.5.05.0.00.01.0000",01KEB9G5DR8QAQHK40MXYXYMYB,62527072,2026,E-Katalog 6.0,APBD,SIGER INOVASI,E-Purchasing,Jasa Lainnya,Belanja Sewa Kendaraan Dinas Bermotor Perorangan,ON PROCESS,114002550,114002550
KAB. TANGGAMUS,DINAS PARIWISATA DAN KEBUDAYAAN - 3.26.2.22.2.19.02.0000,01KS2WREVNRXSYA5DTY9Y6JT8V,64023384,2026,E-Katalog 6.0,APBD,LANGGENG JAYA TANGGAMUS,E-Purchasing,Barang,Belanja Alat/Bahan untuk Kegiatan Kantor- Bahan Cetak,PAYMENT OUTSIDE SYSTEM,668042,668042
KAB. TANGGAMUS,DINAS PENDIDIKAN DAN KEBUDAYAAN - 1.01.2.22.0.00.02.0000,01KR0PE3GRRFWE8SY2280T6S2A,67030799,2026,E-Katalog 6.0,APBD,ABDUL AZIS,E-Purchasing,Barang,Belanja Makan Minum Sosialisasi Pengembangan Deep Learning dan Coding,ON PROCESS,13695000,13695000
KAB. TANGGAMUS,SEKRETARIAT DPRD - 4.02.0.00.0.00.01.0000,01KMPY6XNG2EQTAHBRQ9FS5M1T,63313099,2026,E-Katalog 6.0,APBD,HALUAN LAMPUNG GRUP,E-Purchasing,Jasa Lainnya," Belanja Langganan Jurnal/Surat Kabar/Majalah",PAYMENT OUTSIDE SYSTEM,1900000,1900000
KAB. TANGGAMUS,DINAS PENDIDIKAN DAN KEBUDAYAAN - 1.01.2.22.0.00.02.0000,01KRB2HHTVK5Y6N1K8P1QHA459,67030824,2026,E-Katalog 6.0,APBD,BERTIGA JAYA,E-Purchasing,Barang,"Belanja Alat Tulis Kantor Peserta, Narasumber dan Moderator Sosialisasi Pengembangan Deep Learning dan Coding",ON PROCESS,573870,573870
KAB. TANGGAMUS,DINAS PERKEBUNAN DAN PETERNAKAN - 3.27.0.00.0.00.05.0000,01KJVT1JCCQGZV9KBWA3C4BRW3,65668684,2026,E-Katalog 6.0,APBD,ABID FAMILI,E-Purchasing,Barang,Belanja Alat/Bahan untuk Kegiatan Kantor-Alat Tulis Kantor ,PAYMENT OUTSIDE SYSTEM,3693403,3693403
KAB. TANGGAMUS,DINAS KOMUNIKASI DAN INFORMATIKA - 2.16.2.20.2.21.04.0000,01KPA7Y2T1WFZ68B75DPA86T7E,66007827,2026,E-Katalog 6.0,APBD,SECARIK KERTAS INDONESIA,E-Purchasing,Jasa Lainnya,Belanja Langganan Jurnal/Surat Kabar/Majalah,ON PROCESS,2850000,2850000
KAB. TANGGAMUS,SEKRETARIAT DPRD - 4.02.0.00.0.00.01.0000,01KKTHJQVYXBTN79N0HV517GBZ,63313099,2026,E-Katalog 6.0,APBD,HEADLINE MULTIMEDIA LAMPUNG,E-Purchasing,Jasa Lainnya," Belanja Langganan Jurnal/Surat Kabar/Majalah",PAYMENT OUTSIDE SYSTEM,4750000,4750000
KAB. TANGGAMUS,"BADAN PERENCANAAN PEMBANGUNAN, RISET DAN INOVASI DAERAH - 5.01.5.05.0.00.01.0000",01KJ4B6GJ2QBRWVXHF8K5VWVG0,64417774,2026,E-Katalog 6.0,APBD,LANGGENG JAYA TANGGAMUS,E-Purchasing,Jasa Lainnya,Belanja Alat/Bahan untuk Kegiatan Kantor- Bahan Cetak Sub Kegiatan Evaluasi Kinerja Perangkat Daerah,PAYMENT OUTSIDE SYSTEM,2135363,2135363
KAB. TANGGAMUS,BAGIAN HUKUM SEKRETARIAT DAERAH - 4.01.5.06.0.00.01.0003,01KRDEVDVSVQS4XP7FY3146BZ4,63585406,2026,E-Katalog 6.0,APBD,WE DHE WE,E-Purchasing,Barang,BELANJA FOTOCOPY,PAYMENT OUTSIDE SYSTEM,3140257,3140257
KAB. TANGGAMUS,DINAS KOMUNIKASI DAN INFORMATIKA - 2.16.2.20.2.21.04.0000,01KKK5YE0J8PGQWNXEEA6E0WRX,66007827,2026,E-Katalog 6.0,APBD,MEDIA GEMA SEJAHTERA,E-Purchasing,Jasa Lainnya,Belanja Langganan Jurnal/Surat Kabar/Majalah,ON PROCESS,950000,950000
KAB. TANGGAMUS,"BADAN PERENCANAAN PEMBANGUNAN, RISET DAN INOVASI DAERAH - 5.01.5.05.0.00.01.0000",01KRACD0P279AJ6SCM626TWPT5,64379034,2026,E-Katalog 6.0,APBD,ABID FAMILI,E-Purchasing,Barang,Belanja Alat/Bahan untuk Kegiatan Kantor-Alat Tulis Kantor,PAYMENT OUTSIDE SYSTEM,914731,914731
KAB. TANGGAMUS,DINAS PENDIDIKAN DAN KEBUDAYAAN - 1.01.2.22.0.00.02.0000,01KW1KB9CJJ74QAWGG54DRVZ23,67030799,2026,E-Katalog 6.0,APBD,ABDUL AZIS,E-Purchasing,Barang,Belanja Makan Minum Sosialisasi Pengembangan Deep Learning dan Coding,ON PROCESS,13695000,13695000
KAB. TANGGAMUS,BAGIAN UMUM SEKRETARIAT DAERAH - 4.01.5.06.0.00.01.0007,01KS244GCG6TYRZ8R5TD1S3VZR,65452817,2026,E-Katalog 6.0,APBD,SWARA ANTAR NUSA,E-Purchasing,Jasa Lainnya,"Belanja Pakaian Adat Daerah Sekretaris Daerah, Assisten dan Staf Ahli",ON PROCESS,3800000,3800000
KAB. TANGGAMUS,DINAS KOMUNIKASI DAN INFORMATIKA - 2.16.2.20.2.21.04.0000,01KPA2PSJRJZTW02BQYCKXETDY,66007827,2026,E-Katalog 6.0,APBD,CAMP TINTA BKP,E-Purchasing,Jasa Lainnya,Belanja Langganan Jurnal/Surat Kabar/Majalah,ON PROCESS,2850000,2850000
KAB. TANGGAMUS,"BADAN PERENCANAAN PEMBANGUNAN, RISET DAN INOVASI DAERAH - 5.01.5.05.0.00.01.0000",01KJ46DY4RGFV00TD6PN2KH66C,64511229,2026,E-Katalog 6.0,APBD,LANGGENG JAYA TANGGAMUS,E-Purchasing,Barang,Belanja Alat/Bahan untuk Kegiatan Kantor- Bahan Cetak Sub KPenyediaan Barang Cetakan dan Penggandaan,PAYMENT OUTSIDE SYSTEM,7992000,7992000
KAB. TANGGAMUS,SEKRETARIAT DPRD - 4.02.0.00.0.00.01.0000,01KWH3WWC3CQZABQ0ZCF36EFGS,63313099,2026,E-Katalog 6.0,APBD,PAYUNG TEDUH MEDIA GRUP,E-Purchasing,Jasa Lainnya," Belanja Langganan Jurnal/Surat Kabar/Majalah",ON PROCESS,4750000,4750000
KAB. TANGGAMUS,PUSKESMAS NGARIP - 1.02.0.00.0.00.01.0012,01KQ9WSYYHDB55GJPJT3SYSKDR,65732321,2026,E-Katalog 6.0,APBD,MULYA ALAM SEJAHTERA,E-Purchasing,Barang,Pelayanan dan Penunjang Pelayanan BLUD,COMPLETED,29970000,29970000
KAB. TANGGAMUS,SEKRETARIAT DPRD - 4.02.0.00.0.00.01.0000,01KPMW922V7WGG071C3ZPCT6WG,63496597,2026,E-Katalog 6.0,APBD,EFIKA REZA,E-Purchasing,Barang,Belanja Makanan dan Minuman Rapat,ON PROCESS,36500000,36500000
KAB. TANGGAMUS,"BADAN PERENCANAAN PEMBANGUNAN, RISET DAN INOVASI DAERAH - 5.01.5.05.0.00.01.0000",10942165000,67262096,2026,Pencatatan,APBD,,Pengadaan Langsung,Pengadaan Barang,Belanja Sewa Peralatan Studio Audio - Sub Kegiatan Pelaksanaan Musrenbang Kabupaten/Kota (PMPEPD),PAKET SELESAI,3000000,3000000
KAB. TANGGAMUS,PLT.DINAS KESEHATAN - 1.02.0.00.0.00.01.0000,01KP4YC4N6DBGX112VKQ7CBYRG,65110394,2026,E-Katalog 6.0,APBD,ERLANGGA EDI LABORATORIES,E-Purchasing,Barang,Pengadaan Obat Pelayanan Kesehatan Dasar (DAK),ON PROCESS,38586797,38586797
KAB. TANGGAMUS,DINAS PARIWISATA DAN KEBUDAYAAN - 3.26.2.22.2.19.02.0000,01KP2QTRFWE1482MVJY5FNAGF3,64958436,2026,E-Katalog 6.0,APBD,LANGGENG JAYA TANGGAMUS,E-Purchasing,Barang,Belanja Alat/Bahan untuk Kegiatan Kantor-Alat Tulis Kantor,PAYMENT OUTSIDE SYSTEM,2929845,2929845
KAB. TANGGAMUS,BAGIAN TATA PEMERINTAHAN SEKRETARIAT DAERAH - 4.01.5.06.0.00.01.0001,01KH7XQ99DAZ16S1BWC0ARZR17,64517695,2026,E-Katalog 6.0,APBD,NAMASTEE SINEMA INVESTAMA,E-Purchasing,Barang,Belanja Alat/Bahan untuk Kegiatan Kantor- Bahan Cetak Cetak Peraturan Bupati tentang Penerapan Standar Pelayanan Minima,PAYMENT OUTSIDE SYSTEM,5883000,5883000
KAB. TANGGAMUS,DINAS PARIWISATA DAN KEBUDAYAAN - 3.26.2.22.2.19.02.0000,01KJ4F9DZPKCQ9T0RZH15NVEFB,64173668,2026,E-Katalog 6.0,APBD,LANGGENG JAYA TANGGAMUS,E-Purchasing,Barang,Belanja Alat/Bahan untuk Kegiatan kantor Alat Tulis Kantor,PAYMENT OUTSIDE SYSTEM,1856614,1856614
KAB. TANGGAMUS,SEKRETARIAT DPRD - 4.02.0.00.0.00.01.0000,01KPAVAEQSZV3ASXNAVTQZ0026,63314263,2026,E-Katalog 6.0,APBD,MANDALA WANGI INDONESIA,E-Purchasing,Barang,Pembelian Laptop,PAYMENT OUTSIDE SYSTEM,29953350,29953350
KAB. TANGGAMUS,RUMAH SAKIT UMUM DAERAH BATIN MANGUNANG KOTA AGUNG - 1.02.0.00.0.00.01.0001,01KJPC5YGVJX96W4Q7C8HMWN56,63968804,2026,E-Katalog 6.0,APBD,CENDO,E-Purchasing,Barang,Belanja Obat-Obatan-Obat,ON PROCESS,7436556,7436556
KAB. TANGGAMUS,BAGIAN UMUM SEKRETARIAT DAERAH - 4.01.5.06.0.00.01.0007,01KN3HH85CPTY2S4YP308VGB4B,63753780,2026,E-Katalog 6.0,APBD,SWARA ANTAR NUSA,E-Purchasing,Barang,Belanja Meubelair,PAYMENT OUTSIDE SYSTEM,30525000,30525000
KAB. TANGGAMUS,DINAS PENDIDIKAN DAN KEBUDAYAAN - 1.01.2.22.0.00.02.0000,01KSJAZQ4D4ZS2FRWHM9DS3NXW,67034092,2026,E-Katalog 6.0,APBD,BERTIGA JAYA,E-Purchasing,Barang,"Gebyar PAUD TK,KB,SPS (Belanja Cetak)",PAYMENT OUTSIDE SYSTEM,294150,294150
KAB. TANGGAMUS,SEKRETARIAT DPRD - 4.02.0.00.0.00.01.0000,01KWVTNHQGB8V22E7CE7KVHE74,63313099,2026,E-Katalog 6.0,APBD,RESTOE BOEMI MEDIA,E-Purchasing,Jasa Lainnya," Belanja Langganan Jurnal/Surat Kabar/Majalah",ON PROCESS,2850000,2850000
KAB. TANGGAMUS,SEKRETARIAT DPRD - 4.02.0.00.0.00.01.0000,01KKTHNK2M9D31AYHR9MFHDN6P,63313099,2026,E-Katalog 6.0,APBD,PAYUNG TEDUH MEDIA GRUP,E-Purchasing,Jasa Lainnya," Belanja Langganan Jurnal/Surat Kabar/Majalah",PAYMENT OUTSIDE SYSTEM,4750000,4750000
KAB. TANGGAMUS,PUSKESMAS PUTIH DOH - 1.02.0.00.0.00.01.0021,01KRBWDMV4MK9714EJMA14N7PQ,67067292,2026,E-Katalog 6.0,APBD,MEPROFARM,E-Purchasing,Barang,-,ON PROCESS,4282935,4282935
KAB. TANGGAMUS,BAGIAN UMUM SEKRETARIAT DAERAH - 4.01.5.06.0.00.01.0007,01KPAQ0NHD2F25RPQM4XEEHM2H,66921468,2026,E-Katalog 6.0,APBD,ALKHAIRA PUSTAKA ABADI,E-Purchasing,Barang,Belanja Mesin Pemotong Rumput Dorong,PAYMENT OUTSIDE SYSTEM,9990000,9990000
KAB. TANGGAMUS,SEKRETARIAT DPRD - 4.02.0.00.0.00.01.0000,01KKTEQRSCBT6H7PNHDBDMZTG1,63313099,2026,E-Katalog 6.0,APBD,BAHARI JAYA PERKASA NEWS,E-Purchasing,Jasa Lainnya," Belanja Langganan Jurnal/Surat Kabar/Majalah",PAYMENT OUTSIDE SYSTEM,4750000,4750000
KAB. TANGGAMUS,DINAS KOMUNIKASI DAN INFORMATIKA - 2.16.2.20.2.21.04.0000,01KKJHB1CF1R355FFZAZ17J6AA,66007827,2026,E-Katalog 6.0,APBD,ZERITEC INDO WIJAYA,E-Purchasing,Jasa Lainnya,Belanja Langganan Jurnal/Surat Kabar/Majalah,ON PROCESS,4750000,4750000
KAB. TANGGAMUS,SEKRETARIAT DPRD - 4.02.0.00.0.00.01.0000,01KWK0VKWSXD8FGR8N3WAMYH8V,63313099,2026,E-Katalog 6.0,APBD,MEDIA ONLINE NEWS TANGGAMUS,E-Purchasing,Jasa Lainnya," Belanja Langganan Jurnal/Surat Kabar/Majalah",ON PROCESS,4750000,4750000
KAB. TANGGAMUS,DINAS KOMUNIKASI DAN INFORMATIKA - 2.16.2.20.2.21.04.0000,01KVT999Y80HXT62HCEKD9T7KC,66007827,2026,E-Katalog 6.0,APBD,MELAWAI CITRA MEDIA,E-Purchasing,Jasa Lainnya,Belanja Langganan Jurnal/Surat Kabar/Majalah,ON PROCESS,9500000,9500000
KAB. TANGGAMUS,DINAS KOMUNIKASI DAN INFORMATIKA - 2.16.2.20.2.21.04.0000,01KNNVR371KJJKE24ZF3EAFPPM,66007827,2026,E-Katalog 6.0,APBD,BERITA JURNAL KOTA,E-Purchasing,Jasa Lainnya,Belanja Langganan Jurnal/Surat Kabar/Majalah,ON PROCESS,1900000,1900000
KAB. TANGGAMUS,"BADAN PERENCANAAN PEMBANGUNAN, RISET DAN INOVASI DAERAH - 5.01.5.05.0.00.01.0000",01KJVTKRHGKZTWRT9HH013PASC,64136845,2026,E-Katalog 6.0,APBD,LANGGENG JAYA TANGGAMUS,E-Purchasing,Barang,Belanja Alat/Bahan untuk Kegiatan Kantor-Bahan Cetak - Sub Kegiatan Koordinasi Pelaksanaan Forum Perangkat Daerah/Lintas Perangkat Daerah (PMPEPD),PAYMENT OUTSIDE SYSTEM,149850,149850
KAB. TANGGAMUS,SEKRETARIAT DPRD - 4.02.0.00.0.00.01.0000,01KMPXSQK9Q8J6RTRHCVM7JEA7,63313099,2026,E-Katalog 6.0,APBD,PRO MEDIA TANGGAMUS,E-Purchasing,Jasa Lainnya," Belanja Langganan Jurnal/Surat Kabar/Majalah",PAYMENT OUTSIDE SYSTEM,285000,285000
KAB. TANGGAMUS,SEKRETARIAT DPRD - 4.02.0.00.0.00.01.0000,01KKTE3HH14N60BK4T5H16FNW9,63313099,2026,E-Katalog 6.0,APBD,PANDAWA CITRA MULTIMEDIA,E-Purchasing,Jasa Lainnya," Belanja Langganan Jurnal/Surat Kabar/Majalah",PAYMENT OUTSIDE SYSTEM,4750000,4750000
KAB. TANGGAMUS,PUSKESMAS GISTING - 1.02.0.00.0.00.01.0016,01KVSF5P50GJZCDK6237KQJ0WC,66810700,2026,E-Katalog 6.0,APBD,HEXPHARM JAYA LABORATORIES,E-Purchasing,Barang,Belanja Barang dan Jasa BLUD,ON PROCESS,1489509,1489509
KAB. TANGGAMUS,SEKRETARIAT DPRD - 4.02.0.00.0.00.01.0000,01KKTEH1H8ABTVD84TRVVVPWVA,63313099,2026,E-Katalog 6.0,APBD,YOBEL IRENE MEDIA,E-Purchasing,Jasa Lainnya," Belanja Langganan Jurnal/Surat Kabar/Majalah",PAYMENT OUTSIDE SYSTEM,4750800,4750800
KAB. TANGGAMUS,SEKRETARIAT DPRD - 4.02.0.00.0.00.01.0000,01KKTNPWJ72Q0NW09WYKJJ3XZC,63313099,2026,E-Katalog 6.0,APBD,MULTI INDO GRAFIKA,E-Purchasing,Jasa Lainnya," Belanja Langganan Jurnal/Surat Kabar/Majalah",PAYMENT OUTSIDE SYSTEM,4750000,4750000
KAB. TANGGAMUS,DINAS KOMUNIKASI DAN INFORMATIKA - 2.16.2.20.2.21.04.0000,01KK84428BGPN82YBHWM8WPT00,66005396,2026,E-Katalog 6.0,APBD,RADAR LAMPUNG VISUAL,E-Purchasing,Jasa Lainnya,"Belanja Jasa Iklan/Reklame, Film, dan Pemotretan",ON PROCESS,38000000,38000000
KAB. TANGGAMUS,"BADAN PERENCANAAN PEMBANGUNAN, RISET DAN INOVASI DAERAH - 5.01.5.05.0.00.01.0000",01KWK4WB16GM122AV3PXMJSTYX,66913086,2026,E-Katalog 6.0,APBD,LANGGENG JAYA TANGGAMUS,E-Purchasing,Barang,"Belanja Alat/Bahan untuk Kegiatan Kantor-Alat Tulis Kantor - Sub Diseminasi Jenis, Prosedur dan Metode Penyelenggaraan Pemerintahan Daerah yang Bersifat Inovatif",ON PROCESS,1834386,1834386
KAB. TANGGAMUS,BAGIAN UMUM SEKRETARIAT DAERAH - 4.01.5.06.0.00.01.0007,01KGRDYYN64YA4VCS1CHYNWR3P,63579815,2026,E-Katalog 6.0,APBD,SWARA ANTAR NUSA,E-Purchasing,Barang,Belanja Pakaian Dinas Harian (PDH),ON PROCESS,5600000,5600000
KAB. TANGGAMUS,DINAS KOMUNIKASI DAN INFORMATIKA - 2.16.2.20.2.21.04.0000,01KWBN766ZA6V60TQWBWNCHKDR,66007827,2026,E-Katalog 6.0,APBD,PARADIGMA MEDIA NUSANTARA,E-Purchasing,Jasa Lainnya,Belanja Langganan Jurnal/Surat Kabar/Majalah,ON PROCESS,5700000,5700000
KAB. TANGGAMUS,DINAS PENDIDIKAN DAN KEBUDAYAAN - 1.01.2.22.0.00.02.0000,01KPA99PX7ETVHQMJ2880WN871,66043423,2026,E-Katalog 6.0,APBD,BERTIGA JAYA,E-Purchasing,Barang,Belanja Pakaian Batik Tradisional,PAYMENT OUTSIDE SYSTEM,8880000,8880000
KAB. TANGGAMUS,SEKRETARIAT DPRD - 4.02.0.00.0.00.01.0000,01KKK0KBMWEEHY4KJKRWH43HMA,63313099,2026,E-Katalog 6.0,APBD,RADAR LAMPUNG VISUAL,E-Purchasing,Jasa Lainnya," Belanja Langganan Jurnal/Surat Kabar/Majalah",PAYMENT OUTSIDE SYSTEM,19000000,19000000
KAB. TANGGAMUS,PUSKESMAS SUDIMORO - 1.02.0.00.0.00.01.0004,01KPZ3370XC7W3DHMZWQXD4SQ2,66801903,2026,E-Katalog 6.0,APBD,MULYA ALAM SEJAHTERA,E-Purchasing,Barang,Belanja Modal Aset Tetap Lainnya BLUD,COMPLETED,7999992,7999992
KAB. TANGGAMUS,DINAS KOMUNIKASI DAN INFORMATIKA - 2.16.2.20.2.21.04.0000,01KWBQBMAC4KXZWBK9Y6TA2KHH,66007827,2026,E-Katalog 6.0,APBD,SINARMERDEKA JAYA LAMPUNG,E-Purchasing,Jasa Lainnya,Belanja Langganan Jurnal/Surat Kabar/Majalah,ON PROCESS,4750000,4750000
KAB. TANGGAMUS,BAGIAN HUKUM SEKRETARIAT DAERAH - 4.01.5.06.0.00.01.0003,01KJVJ980VZD3PGJ4AM0VCCX37,63882923,2026,E-Katalog 6.0,APBD,WE DHE WE,E-Purchasing,Barang,BELANJA ALAT TULIS KANTOR,PAYMENT OUTSIDE SYSTEM,2709311,2709311
KAB. TANGGAMUS,DINAS PEMUDA DAN OLAHRAGA - 2.19.0.00.0.00.01.0000,01KWXDMGQVVTQ0ZRPH7NXBZG78,65022011,2026,E-Katalog 6.0,APBD,MELATI JAYA CATERING,E-Purchasing,Jasa Lainnya,Belanja Makanan dan Minuman Jamuan Tamu,ON PROCESS,225000,225000
KAB. TANGGAMUS,SEKRETARIAT DPRD - 4.02.0.00.0.00.01.0000,01KWXG0RV5RY6BCBJMPJP7S0KM,63313099,2026,E-Katalog 6.0,APBD,PESONA LAMPUNG BARU,E-Purchasing,Jasa Lainnya," Belanja Langganan Jurnal/Surat Kabar/Majalah",ON PROCESS,2850000,2850000
KAB. TANGGAMUS,DINAS KOMUNIKASI DAN INFORMATIKA - 2.16.2.20.2.21.04.0000,01KVYG6J7RCGVG27PA0HAFJTAV,66007827,2026,E-Katalog 6.0,APBD,SULUH MEDIA INDONESIA,E-Purchasing,Jasa Lainnya,Belanja Langganan Jurnal/Surat Kabar/Majalah,ON PROCESS,4750000,4750000
KAB. TANGGAMUS,SEKRETARIAT DPRD - 4.02.0.00.0.00.01.0000,01KX02H4AE7TFND0YVHM60BFWN,63313099,2026,E-Katalog 6.0,APBD,JAWAPES INDONESIA SEMESTA,E-Purchasing,Jasa Lainnya," Belanja Langganan Jurnal/Surat Kabar/Majalah",ON PROCESS,950000,950000
KAB. TANGGAMUS,SEKRETARIAT DPRD - 4.02.0.00.0.00.01.0000,01KKTJ4M5B0JG0WHCEF06YH535,63313099,2026,E-Katalog 6.0,APBD,BINTANG ADHYAKSA JAYA,E-Purchasing,Jasa Lainnya," Belanja Langganan Jurnal/Surat Kabar/Majalah",PAYMENT OUTSIDE SYSTEM,4750000,4750000
KAB. TANGGAMUS,BAGIAN UMUM SEKRETARIAT DAERAH - 4.01.5.06.0.00.01.0007,01KKJMMYJ10M8RVTT0CA689A32,63625807,2026,E-Katalog 6.0,APBD,MELATI JAYA CATERING,E-Purchasing,Jasa Lainnya,Belanja Makanan Dan Minuman Untuk Acara Open House Hari Raya Idul Fitri,PAYMENT OUTSIDE SYSTEM,22848000,22848000
KAB. TANGGAMUS,DINAS PEKERJAAN UMUM DAN PERUMAHAN RAKYAT - 1.03.1.04.2.10.10.0000,10109861000,63484875,2026,Tender,APBD,PT. GUPETA WIRA UTAMA,Seleksi,Jasa Konsultansi Badan Usaha Konstruksi,Perencanaan Teknis Pembangunan Bangunan Gedung Negara,SELESAI,174938400,174938400
KAB. TANGGAMUS,"DINAS KETAHANAN PANGAN, TANAMAN PANGAN DAN HORTIKULTURA - 2.09.3.27.0.00.02.0000",10131803000,65896594,2026,Tender,APBD,SAHABAT ALAM KONSULTAN,Seleksi,Jasa Konsultansi Badan Usaha Non Konstruksi,Pembuatan Peta LP2B,SELESAI,357012519,357012519
KAB. TANGGAMUS,DINAS KEPENDUDUKAN DAN PENCATATAN SIPIL - 2.12.2.12.0.00.01.0000,01KP5KPCRZ2J6HWSAZPCQXE718,62901890,2026,E-Katalog 6.0,APBD,MITRA JASA SEJAHTERA PRINGSEWU,E-Purchasing,Barang,Belanja CCTV,PAYMENT OUTSIDE SYSTEM,14874000,14874000
KAB. TANGGAMUS,BAGIAN PERENCANAAN DAN KEUANGAN SEKRETARIAT DAERAH - 4.01.5.06.0.00.01.0010,01KWC85TQ4QQ791WY9QNWYST31,63820527,2026,E-Katalog 6.0,APBD,LANGGENG JAYA TANGGAMUS,E-Purchasing,Barang,Belanja Alat/Bahan untuk Kegiatan Kantor- Bahan Cetak,ON PROCESS,1198800,1198800
KAB. TANGGAMUS,BAGIAN ORGANISASI SEKRETARIAT DAERAH - 4.01.5.06.0.00.01.0008,01KWEEYMMVJACWT43YSY9P4JGK,63404038,2026,E-Katalog 6.0,APBD,LANGGENG JAYA TANGGAMUS,E-Purchasing,Jasa Lainnya,Belanja Alat/Bahan untuk Kegiatan Kantor- Bahan Cetak,ON PROCESS,20479500,20479500
KAB. TANGGAMUS,SEKRETARIAT DPRD - 4.02.0.00.0.00.01.0000,01KWKH76TNHKTKTMA5A8BGVYD6,63313099,2026,E-Katalog 6.0,APBD,ANTIKA RAYA CHANDRA KIRANA,E-Purchasing,Jasa Lainnya," Belanja Langganan Jurnal/Surat Kabar/Majalah",ON PROCESS,4750000,4750000
KAB. TANGGAMUS,BADAN KESATUAN BANGSA DAN POLITIK - 8.01.0.00.0.00.01.0000,01KN6305F7S6G9BMFXEPQ7W2X7,65552215,2026,E-Katalog 6.0,APBD,AFIF BERKAH JAYA,E-Purchasing,Barang,BELANJA PAKAIAN OLAHRAGA,PAYMENT OUTSIDE SYSTEM,28860000,28860000
KAB. TANGGAMUS,SEKRETARIAT DPRD - 4.02.0.00.0.00.01.0000,01KWKN90Q94RGH6BZR70NYE0Q1,63313099,2026,E-Katalog 6.0,APBD,MANDIRI MIMA CAHAYA FAJAR,E-Purchasing,Jasa Lainnya," Belanja Langganan Jurnal/Surat Kabar/Majalah",ON PROCESS,1425000,1425000
KAB. TANGGAMUS,DINAS PARIWISATA DAN KEBUDAYAAN - 3.26.2.22.2.19.02.0000,01KS572D1F9NV9ZZEMTY6KZKCV,63537310,2026,E-Katalog 6.0,APBD,LANGGENG JAYA TANGGAMUS,E-Purchasing,Barang,Belanja Alat/Bahan untuk Kegiatan Kantor-Perabot Kantor,PAYMENT OUTSIDE SYSTEM,3651900,3651900
KAB. TANGGAMUS,BAGIAN UMUM SEKRETARIAT DAERAH - 4.01.5.06.0.00.01.0007,01KJRT4SK15H6KP99CG8BRA2QG,63575657,2026,E-Katalog 6.0,APBD,DUA ENAM,E-Purchasing,Barang,Belanja Cetak Pengadaan Tas Souvenir,PAYMENT OUTSIDE SYSTEM,16750000,16750000
KAB. TANGGAMUS,BAGIAN UMUM SEKRETARIAT DAERAH - 4.01.5.06.0.00.01.0007,01KE94R8TDXTR4GS6T5499ZJ4T,62341983,2026,E-Katalog 6.0,APBD,SIGER INOVASI,E-Purchasing,Jasa Lainnya,Belanja Sewa Kendaraan Dinas Roda 4 Untuk Camat,PAYMENT OUTSIDE SYSTEM,805860000,805860000
KAB. TANGGAMUS,SEKRETARIAT DPRD - 4.02.0.00.0.00.01.0000,01KWKAX3ZD7EFBJQM6C1GC87YX,63313099,2026,E-Katalog 6.0,APBD,RAKATA NEWS MULTIMEDIA,E-Purchasing,Jasa Lainnya," Belanja Langganan Jurnal/Surat Kabar/Majalah",ON PROCESS,4750000,4750000
KAB. TANGGAMUS,BAGIAN PERENCANAAN DAN KEUANGAN SEKRETARIAT DAERAH - 4.01.5.06.0.00.01.0010,01KWEDDRWJ0MVRES75E3BHKGQ1,63798565,2026,E-Katalog 6.0,APBD,ALGHIF JAYA,E-Purchasing,Barang,Belanja Alat/Bahan untuk Kegiatan Kantor-Alat Tulis Kantor,ON PROCESS,1427498,1427498
KAB. TANGGAMUS,"BADAN PERENCANAAN PEMBANGUNAN, RISET DAN INOVASI DAERAH - 5.01.5.05.0.00.01.0000",01KQ6RTJRG4H8F2Y102EM6FG7R,64431247,2026,E-Katalog 6.0,APBD,ABID FAMILI,E-Purchasing,Barang,Belanja Alat/Bahan untuk Kegiatan Kantor-Alat Tulis Kantor Sub Kegiatan Penyusunan Dokumen Perencanaan Perangkat Daerah,PAYMENT OUTSIDE SYSTEM,605280,605280
KAB. TANGGAMUS,PUSKESMAS NGARIP - 1.02.0.00.0.00.01.0012,01KNCB6GKKGW8EVKY5B0XFX7KJ,65732321,2026,E-Katalog 6.0,APBD,PUTRA TEKNIK,E-Purchasing,Barang,Pelayanan dan Penunjang Pelayanan BLUD,COMPLETED,14150746,14150746
KAB. TANGGAMUS,DINAS KOMUNIKASI DAN INFORMATIKA - 2.16.2.20.2.21.04.0000,01KKJXWB2V1TBKV0TVKNFPM9MG,66007827,2026,E-Katalog 6.0,APBD,MEDIA BACA BOS INDONESIA,E-Purchasing,Jasa Lainnya,Belanja Langganan Jurnal/Surat Kabar/Majalah,ON PROCESS,2850000,2850000
KAB. TANGGAMUS,SEKRETARIAT DPRD - 4.02.0.00.0.00.01.0000,01KWK4HK8R3TR5DBNTJYATWBEZ,63313099,2026,E-Katalog 6.0,APBD,JAYA BERJAMA LAMPUNG,E-Purchasing,Jasa Lainnya," Belanja Langganan Jurnal/Surat Kabar/Majalah",ON PROCESS,4750000,4750000
KAB. TANGGAMUS,DINAS LINGKUNGAN HIDUP - 2.11.0.00.0.00.01.0000,01KGE4D6HRMBSWS25N77HDFCHW,64029917,2026,E-Katalog 6.0,APBD,LANGGENG JAYA TANGGAMUS,E-Purchasing,Barang,Belanja Bahan-Bahan Lainnya [-] Belanja Alat Kebersihan - Peralatan Rumah Tangga,ON PROCESS,5147625,5147625
KAB. TANGGAMUS,DINAS KOMUNIKASI DAN INFORMATIKA - 2.16.2.20.2.21.04.0000,01KKK67Z5EG0GAMAFWZF3M9KCD,66007827,2026,E-Katalog 6.0,APBD,MULTIMEDIA BUKTI PETUNJUK,E-Purchasing,Jasa Lainnya,Belanja Langganan Jurnal/Surat Kabar/Majalah,ON PROCESS,2850000,2850000
KAB. TANGGAMUS,DINAS PEMUDA DAN OLAHRAGA - 2.19.0.00.0.00.01.0000,01KMM20GAZMZ9S7CK07T9CZ11W,65090572,2026,E-Katalog 6.0,APBD,SWARA ANTAR NUSA,E-Purchasing,Jasa Lainnya,Belanja Sewa Peralatan Studio Audio ,PAYMENT OUTSIDE SYSTEM,1300000,1300000
KAB. TANGGAMUS,BADAN KESATUAN BANGSA DAN POLITIK - 8.01.0.00.0.00.01.0000,01KKGGBN8MP1SK87F5NDTCS5R9,66380004,2026,E-Katalog 6.0,APBD,MAHARANI GROUP,E-Purchasing,Barang," Belanja Sewa Alat Kantor Lainnya (Tanggamus Ekspo)",ON PROCESS,12850000,12850000
KAB. TANGGAMUS,PUSKESMAS SANGGI - 1.02.0.00.0.00.01.0006,01KRFJ5JQ34QRK9XWPW3F83KFB,66798485,2026,E-Katalog 6.0,APBD,SATORIA ANEKA INDUSTRI,E-Purchasing,Barang,-,ON PROCESS,2105226,2105226
KAB. TANGGAMUS,DINAS KOMUNIKASI DAN INFORMATIKA - 2.16.2.20.2.21.04.0000,01KKK5CJMNQP0BHCAD7DREKM5Y,66007827,2026,E-Katalog 6.0,APBD,BRATA POS MEDIA,E-Purchasing,Jasa Lainnya,Belanja Langganan Jurnal/Surat Kabar/Majalah,ON PROCESS,1900000,1900000
KAB. TANGGAMUS,PUSKESMAS SUMBEREJO - 1.02.0.00.0.00.01.0025,01KQYE799E3QEYDAGAZ4ED614G,66863684,2026,E-Katalog 6.0,APBD,ABDUL AZIS,E-Purchasing,Barang,Jamuan Snack,PAYMENT OUTSIDE SYSTEM,540000,540000
KAB. TANGGAMUS,DINAS PEMUDA DAN OLAHRAGA - 2.19.0.00.0.00.01.0000,01KPSXBBCYWVV2KNHD1QTPKY63,65029983,2026,E-Katalog 6.0,APBD,LANGGENG JAYA TANGGAMUS,E-Purchasing,Jasa Lainnya,Belanja Alat/Bahan untuk Kegiatan Kantor- Bahan Cetak,PAYMENT OUTSIDE SYSTEM,149850,149850
KAB. TANGGAMUS,BAGIAN ORGANISASI SEKRETARIAT DAERAH - 4.01.5.06.0.00.01.0008,01KWEFEKK6RG2WP4H8H50AZ5YM,63408111,2026,E-Katalog 6.0,APBD,ABDUL AZIS,E-Purchasing,Jasa Lainnya,Belanja Makanan dan Minuman Rapat,ON PROCESS,7290000,7290000
KAB. TANGGAMUS,DINAS KOMUNIKASI DAN INFORMATIKA - 2.16.2.20.2.21.04.0000,01KRZ9T0WEAQRVP1J6Q7TKRCBZ,66007827,2026,E-Katalog 6.0,APBD,INTAN LAMPUNG PERS,E-Purchasing,Jasa Lainnya,Belanja Langganan Jurnal/Surat Kabar/Majalah,ON PROCESS,2850000,2850000
KAB. TANGGAMUS,SEKRETARIAT DPRD - 4.02.0.00.0.00.01.0000,01KWXHABH23449K6SQ22GXDWYV,63313099,2026,E-Katalog 6.0,APBD,MEDIA GEMA SEJAHTERA,E-Purchasing,Jasa Lainnya," Belanja Langganan Jurnal/Surat Kabar/Majalah",ON PROCESS,950000,950000
KAB. TANGGAMUS,SEKRETARIAT DPRD - 4.02.0.00.0.00.01.0000,01KX0D7A8JKZ8F2D7PW2CNVVXK,63312241,2026,E-Katalog 6.0,APBD,PRIMA DELTA INDONESIA,E-Purchasing,Jasa Lainnya,"Belanja Jasa Iklan/Reklame, Film, dan Pemotretan",ON PROCESS,28500000,28500000
KAB. TANGGAMUS,BADAN KEUANGAN DAN ASET DAERAH - 5.02.0.00.0.00.06.0000,01KQ6G55AGQE07QEJY1CJTBZXX,66156195,2026,E-Katalog 6.0,APBD,BERTIGA JAYA,E-Purchasing,Barang,Belanja Alat/Bahan untuk Kegiatan Kantor- Bahan Cetak,PAYMENT OUTSIDE SYSTEM,53280000,53280000
KAB. TANGGAMUS,DINAS PEMBERDAYAAN MASYARAKAT DAN DESA - 2.13.0.00.0.00.01.0000,01KPAC5GGP42MVYVB8MNBH9D8Q,66182186,2026,E-Katalog 6.0,APBD,AN-NISA,E-Purchasing,Barang,Belanja Makanan dan Minuman Jamuan Tamu,ON PROCESS,4500000,4500000
KAB. TANGGAMUS,DINAS PERIKANAN - 3.25.0.00.0.00.02.0000,10888498000,65807553,2026,Non Tender,APBD,CV VIRDA ART,Pengadaan Langsung,Pengadaan Barang,Pengadaan Sarana dan Prasarana Budidaya Ikan Air Tawar (Lele),SELESAI,147155000,0
KAB. TANGGAMUS,SEKRETARIAT DPRD - 4.02.0.00.0.00.01.0000,01KWH4FDM2Q0TWVJ6E40REYPY2,63313099,2026,E-Katalog 6.0,APBD,BERITA LAMPUNG PLUS ENAM DUA,E-Purchasing,Jasa Lainnya," Belanja Langganan Jurnal/Surat Kabar/Majalah",ON PROCESS,4750000,4750000
KAB. TANGGAMUS,DINAS KOMUNIKASI DAN INFORMATIKA - 2.16.2.20.2.21.04.0000,01KVT84N8F2EST1XZMP2HGZEJJ,66007827,2026,E-Katalog 6.0,APBD,DEWA MEDIA INVESTAMA,E-Purchasing,Jasa Lainnya,Belanja Langganan Jurnal/Surat Kabar/Majalah,ON PROCESS,4750000,4750000
KAB. TANGGAMUS,BAGIAN UMUM SEKRETARIAT DAERAH - 4.01.5.06.0.00.01.0007,01KH5WP2QZGRV3N870JHVBDRE0,63823470,2026,E-Katalog 6.0,APBD,MAHARANI GROUP,E-Purchasing,Jasa Lainnya,Belanja Sewa Alat Kantor Lainnya,PAYMENT OUTSIDE SYSTEM,25000000,25000000
KAB. TANGGAMUS,BADAN KEPEGAWAIAN DAN PENGEMBANGAN SUMBER DAYA MANUSIA - 5.03.5.04.0.00.01.0000,01KVVYN20QXTXCYFE29GWZBNP0,63299216,2026,E-Katalog 6.0,APBD,CV Solusi Arya Prima Lampung,E-Purchasing,Barang,Belanja Modal Alat Komunikasi Telephone,ON PROCESS,3219000,3219000
KAB. TANGGAMUS,DINAS KOMUNIKASI DAN INFORMATIKA - 2.16.2.20.2.21.04.0000,01KKK3HV632MXV8SKY6ZXGVTPK,66007827,2026,E-Katalog 6.0,APBD,SAKA NEWS BRILLIANT,E-Purchasing,Jasa Lainnya,Belanja Langganan Jurnal/Surat Kabar/Majalah,ON PROCESS,2850000,2850000
KAB. TANGGAMUS,DINAS PEMUDA DAN OLAHRAGA - 2.19.0.00.0.00.01.0000,01KKG1HPEKEVMX3W0TWHT0C2FH,65089107,2026,E-Katalog 6.0,APBD,MELATI JAYA CATERING,E-Purchasing,Barang,Belanja Makanan dan Minuman Rapat,PAYMENT OUTSIDE SYSTEM,3255000,3255000
KAB. TANGGAMUS,SEKRETARIAT DPRD - 4.02.0.00.0.00.01.0000,01KWV4QWFZG8AAATQ80RVQZYH7,63313099,2026,E-Katalog 6.0,APBD,IRAWANSYAH,E-Purchasing,Jasa Lainnya," Belanja Langganan Jurnal/Surat Kabar/Majalah",ON PROCESS,2850000,2850000
KAB. TANGGAMUS,SEKRETARIAT DPRD - 4.02.0.00.0.00.01.0000,01KN6A3EPTVX96C7EMSF02P765,63313099,2026,E-Katalog 6.0,APBD,MEDIA TINTA INFORMASI LAMPUNG,E-Purchasing,Jasa Lainnya," Belanja Langganan Jurnal/Surat Kabar/Majalah",ON PROCESS,2850000,2850000
KAB. TANGGAMUS,"BADAN PERENCANAAN PEMBANGUNAN, RISET DAN INOVASI DAERAH - 5.01.5.05.0.00.01.0000",01KQ6K3RNRSJ7KK3M71G67PY57,64354970,2026,E-Katalog 6.0,APBD,LANGGENG JAYA TANGGAMUS,E-Purchasing,Barang,Belanja Alat/Bahan untuk Kegiatan Kantor-Alat Tulis Kantor Sub Kegiatan Koordinasi dan Penyusunan DPA-SKPD ,PAYMENT OUTSIDE SYSTEM,347208,347208
KAB. TANGGAMUS,DINAS KOMUNIKASI DAN INFORMATIKA - 2.16.2.20.2.21.04.0000,01KKK9CNG13X6474KPM79ZTX4Q,66007827,2026,E-Katalog 6.0,APBD,MIGLOBAL POS NUSANTARA,E-Purchasing,Jasa Lainnya,Belanja Langganan Jurnal/Surat Kabar/Majalah,ON PROCESS,1900000,1900000
KAB. TANGGAMUS,DINAS PEKERJAAN UMUM DAN PERUMAHAN RAKYAT - 1.03.1.04.2.10.10.0000,10111698000,64304613,2026,Tender,APBD,CV.DEN BAGOES CONSULTANT,Seleksi,Jasa Konsultansi Badan Usaha Konstruksi,Perencanaan Teknis Pembangunan Jalan Wilayah Barat,SELESAI,123797745,123797745
KAB. TANGGAMUS,DINAS PEKERJAAN UMUM DAN PERUMAHAN RAKYAT - 1.03.1.04.2.10.10.0000,10124852000,66799758,2026,Tender,APBD,CV. GAGAS NAULI JAYA,Seleksi,Jasa Konsultansi Badan Usaha Konstruksi,Perencanaan Teknis Rehabilitasi Jaringan Irigasi Permukaan,SELESAI,111512800,111512800
KAB. TANGGAMUS,RUMAH SAKIT UMUM DAERAH BATIN MANGUNANG KOTA AGUNG - 1.02.0.00.0.00.01.0001,01KG2122KHGT53JTFQVMKTE9R5,63968804,2026,E-Katalog 6.0,APBD,GLOBAL DISPOMEDIKA,E-Purchasing,Barang,Belanja Obat-Obatan-Obat,ON PROCESS,121120092,121120092
KAB. TANGGAMUS,DINAS PERIKANAN - 3.25.0.00.0.00.02.0000,10873293000,66971158,2026,Non Tender,APBD,CV ZIDAN PRATAMA,Pengadaan Langsung,Pekerjaan Konstruksi,Belanja Pemeliharaan Halaman Dinas,SELESAI,14487246,14487246
KAB. TANGGAMUS,SEKRETARIAT DPRD - 4.02.0.00.0.00.01.0000,01KKK2XJ6PCYTVJDX090P0YACW,63313099,2026,E-Katalog 6.0,APBD,UNTUKMU INDONESIA LAMPUNG,E-Purchasing,Jasa Lainnya," Belanja Langganan Jurnal/Surat Kabar/Majalah",PAYMENT OUTSIDE SYSTEM,9500000,9500000
KAB. TANGGAMUS,BAGIAN UMUM SEKRETARIAT DAERAH - 4.01.5.06.0.00.01.0007,10909541000,67293958,2026,Non Tender,APBD,CV ZIDAN PRATAMA,Pengadaan Langsung,Pekerjaan Konstruksi,"Pengecatan Belah Ketupat Rumah Dinas Bupati, Wakil dan Gueshouse",SELESAI,48440345,48440345
KAB. TANGGAMUS,DINAS KOMUNIKASI DAN INFORMATIKA - 2.16.2.20.2.21.04.0000,01KKJJJTNGZWN1ZHNZHKX6ZVNC,66007827,2026,E-Katalog 6.0,APBD,ANGGA RIO SANJAYA,E-Purchasing,Jasa Lainnya,Belanja Langganan Jurnal/Surat Kabar/Majalah,ON PROCESS,2850000,2850000
KAB. TANGGAMUS,DINAS KOMUNIKASI DAN INFORMATIKA - 2.16.2.20.2.21.04.0000,01KKJSVN6KMP1WXGSS2QAHCY7A,66007827,2026,E-Katalog 6.0,APBD,LOZY MADUMA NUSANTARA,E-Purchasing,Jasa Lainnya,Belanja Langganan Jurnal/Surat Kabar/Majalah,ON PROCESS,2850000,2850000
KAB. TANGGAMUS,BAGIAN UMUM SEKRETARIAT DAERAH - 4.01.5.06.0.00.01.0007,01KPAQDTFTYKCGJS6QY5DVXZ8G,66921590,2026,E-Katalog 6.0,APBD,BIRAWA,E-Purchasing,Barang,Belanja Mesin Pemotong Rumput Gendong,PAYMENT OUTSIDE SYSTEM,38295000,38295000
KAB. TANGGAMUS,SEKRETARIAT DPRD - 4.02.0.00.0.00.01.0000,01KWK61X21TXQE1WH3F82RFE8Y,63313099,2026,E-Katalog 6.0,APBD,MEDIA AZKA SEJATI,E-Purchasing,Jasa Lainnya," Belanja Langganan Jurnal/Surat Kabar/Majalah",ON PROCESS,4750000,4750000
KAB. TANGGAMUS,SEKRETARIAT DPRD - 4.02.0.00.0.00.01.0000,01KWV3GYPMSSJY6JMX0ZB72BZC,63313099,2026,E-Katalog 6.0,APBD,SUMATERA NEWS MEDIA,E-Purchasing,Jasa Lainnya," Belanja Langganan Jurnal/Surat Kabar/Majalah",ON PROCESS,2850000,2850000
KAB. TANGGAMUS,SEKRETARIAT DPRD - 4.02.0.00.0.00.01.0000,01KPAVP6E4X184QR80TSV4B9ET,63314621,2026,E-Katalog 6.0,APBD,MANDALA WANGI INDONESIA,E-Purchasing,Barang,Pembelian Printer,PAYMENT OUTSIDE SYSTEM,14921730,14921730
KAB. TANGGAMUS,SEKRETARIAT DPRD - 4.02.0.00.0.00.01.0000,01KWK4TJM9JF2KY326K9398YKJ,63313099,2026,E-Katalog 6.0,APBD,LAMPUNG MEDIA PERS,E-Purchasing,Jasa Lainnya," Belanja Langganan Jurnal/Surat Kabar/Majalah",ON PROCESS,4750000,4750000
KAB. TANGGAMUS,PLT.DINAS KESEHATAN - 1.02.0.00.0.00.01.0000,01KVF0GGXFVAKRQANBXGJHKMRQ,67235661,2026,E-Katalog 6.0,APBD,ABDUL AZIS,E-Purchasing,Barang,Belanja Makanan dan Minuman Rapat Subkegiatan  Pengelolaan upaya kesehatan Ibu dan Anak,ON PROCESS,2720000,2720000
KAB. TANGGAMUS,"BADAN PERENCANAAN PEMBANGUNAN, RISET DAN INOVASI DAERAH - 5.01.5.05.0.00.01.0000",01KJ9E5DBDKKMDG326EN92DBFT,64403637,2026,E-Katalog 6.0,APBD,ABID FAMILI,E-Purchasing,Barang,Belanja Alat/Bahan untuk Kegiatan Kantor-Alat Tulis Kantor,PAYMENT OUTSIDE SYSTEM,969696,969696
KAB. TANGGAMUS,"BADAN PERENCANAAN PEMBANGUNAN, RISET DAN INOVASI DAERAH - 5.01.5.05.0.00.01.0000",01KWKCXE5YNZZCM6ZZSN47YXB6,66894599,2026,E-Katalog 6.0,APBD,ALGHIF JAYA,E-Purchasing,Barang,Belanja Alat/Bahan untuk Kegiatan Kantor- Bahan Cetak,ON PROCESS,1176323,1176323
KAB. TANGGAMUS,DINAS PENDIDIKAN DAN KEBUDAYAAN - 1.01.2.22.0.00.02.0000,01KR0RMZ88C7N28Z725NNMERH1,67030822,2026,E-Katalog 6.0,APBD,BERTIGA JAYA,E-Purchasing,Barang,Belanja Cetak Dokumentasi Sosialisasi Pengembangan Deep Learning dan Coding,ON PROCESS,349650,349650
KAB. TANGGAMUS,SEKRETARIAT DPRD - 4.02.0.00.0.00.01.0000,01KKK0XH7X8P8BC3WFZRDFDFJ2,63313099,2026,E-Katalog 6.0,APBD,TEGAR MEDIA LAMPUNG,E-Purchasing,Jasa Lainnya," Belanja Langganan Jurnal/Surat Kabar/Majalah",PAYMENT OUTSIDE SYSTEM,19500000,19500000
KAB. TANGGAMUS,PUSKESMAS GISTING - 1.02.0.00.0.00.01.0016,01KV9ZZQNXPGQ0SW73RVDP88HS,66810700,2026,E-Katalog 6.0,APBD,BERNOFARM,E-Purchasing,Barang,Belanja Barang dan Jasa BLUD,COMPLETED,4297076,4297076
KAB. TANGGAMUS,SEKRETARIAT DPRD - 4.02.0.00.0.00.01.0000,01KWKPB6P97ZRPS9BZ228XQ8RS,63313099,2026,E-Katalog 6.0,APBD,TRI SATRIA SENTOSA,E-Purchasing,Jasa Lainnya," Belanja Langganan Jurnal/Surat Kabar/Majalah",ON PROCESS,1425000,1425000
KAB. TANGGAMUS,PLT.DINAS KESEHATAN - 1.02.0.00.0.00.01.0000,01KRFWMDM00PE8C6SRCR15X0ER,67132775,2026,E-Katalog 6.0,APBD,ALGHIF JAYA,E-Purchasing,Barang,Belanja Alat/Bahan untuk Kegiatan Kantor-Alat Tulis Kantor Subkegiatan Investigasi Awal Kejadian Tidak Diharapkan (Kejadian Ikutan Pasca Imunisasi dan Pemberian Obat Massal),ON PROCESS,2382060,2382060
KAB. TANGGAMUS,BAGIAN KESEJAHTERAAN RAKYAT SEKRETARIAT DAERAH - 4.01.5.06.0.00.01.0002,01KVSEPTMV5TT4D2723CBX050M,63739954,2026,E-Katalog 6.0,APBD,SWARA ANTAR NUSA,E-Purchasing,Jasa Lainnya,Belanja Sewa Peralatan Studio Audio,ON PROCESS,5850000,5850000
KAB. TANGGAMUS,BAGIAN UMUM SEKRETARIAT DAERAH - 4.01.5.06.0.00.01.0007,01KGRP6ZJGPRH9XHQ1ET2P34QS,63537539,2026,E-Katalog 6.0,APBD,SWARA ANTAR NUSA,E-Purchasing,Barang,Belanja Pakaian Resmi Lampung Lengkap (PRLL) Bupati dan Wakil Bupati,ON PROCESS,11600000,11600000
KAB. TANGGAMUS,"BADAN PERENCANAAN PEMBANGUNAN, RISET DAN INOVASI DAERAH - 5.01.5.05.0.00.01.0000",01KWK0MYM58T5964821BANR4T7,64511229,2026,E-Katalog 6.0,APBD,LANGGENG JAYA TANGGAMUS,E-Purchasing,Barang,Belanja Alat/Bahan untuk Kegiatan Kantor- Bahan Cetak Sub KPenyediaan Barang Cetakan dan Penggandaan,ON PROCESS,2297700,2297700
KAB. TANGGAMUS,PUSKESMAS NGARIP - 1.02.0.00.0.00.01.0012,01KT90EHK67WXD2ST6NH24RY6C,65732321,2026,E-Katalog 6.0,APBD,MULYA DAMAS PERSADA,E-Purchasing,Barang,Pelayanan dan Penunjang Pelayanan BLUD,COMPLETED,10848030,10848030
KAB. TANGGAMUS,DINAS PENDIDIKAN DAN KEBUDAYAAN - 1.01.2.22.0.00.02.0000,01KK0VF8EP8WAYJB7NXF5J1ASV,66042847,2026,E-Katalog 6.0,APBD,BERTIGA JAYA,E-Purchasing,Barang,Belanja Modal Penghancur Kertas,ON PROCESS,5661000,5661000
KAB. TANGGAMUS,DINAS KOMUNIKASI DAN INFORMATIKA - 2.16.2.20.2.21.04.0000,01KKK3PWYJ67XBCP7ZFF41TQ5D,66007827,2026,E-Katalog 6.0,APBD,SASANA NUSANTARA WARTINDO,E-Purchasing,Jasa Lainnya,Belanja Langganan Jurnal/Surat Kabar/Majalah,ON PROCESS,2850000,2850000
KAB. TANGGAMUS,DINAS KOMUNIKASI DAN INFORMATIKA - 2.16.2.20.2.21.04.0000,01KVVNJTYDNWQHSB7ZK49C6MED,66007827,2026,E-Katalog 6.0,APBD,DAYU SATRIA JAYA ABADI,E-Purchasing,Jasa Lainnya,Belanja Langganan Jurnal/Surat Kabar/Majalah,ON PROCESS,9500000,9500000
KAB. TANGGAMUS,PLT.DINAS KESEHATAN - 1.02.0.00.0.00.01.0000,01KNGG32NT49SVY60REG1CDGKB,65110394,2026,E-Katalog 6.0,APBD,MEPROFARM,E-Purchasing,Barang,Pengadaan Obat Pelayanan Kesehatan Dasar (DAK),ON PROCESS,37543752,37543752
KAB. TANGGAMUS,"BADAN PERENCANAAN PEMBANGUNAN, RISET DAN INOVASI DAERAH - 5.01.5.05.0.00.01.0000",01KR0A56B6BXZ4H0YJT3G6G311,66912351,2026,E-Katalog 6.0,APBD,LANGGENG JAYA TANGGAMUS,E-Purchasing,Barang,Belanja Alat/Bahan untuk Kegiatan Kantor-Bahan Cetak - Sub Penyusunan Profil Pembangunan Daerah Kabupaten Kota,PAYMENT OUTSIDE SYSTEM,8541450,8541450
KAB. TANGGAMUS,"DINAS KOPERASI, USAHA KECIL DAN MENENGAH, PERINDUSTRIAN DAN PERDAGANGAN - 2.17.3.31.3.30.07.0000",01KP2F72A7QCVP7Z4XQYQ29EA5,65300136,2026,E-Katalog 6.0,APBD,PRAMESWARI CITA MEDIA,E-Purchasing,Barang,Belanja Alat/Bahan untuk Kegiatan Kantor- Bahan Cetak,PAYMENT OUTSIDE SYSTEM,28832250,28832250
KAB. TANGGAMUS,SEKRETARIAT DPRD - 4.02.0.00.0.00.01.0000,01KKTMD64HHMY1XAS4Y608DFH8,63313099,2026,E-Katalog 6.0,APBD,STM LAMPUNG ABADI,E-Purchasing,Jasa Lainnya," Belanja Langganan Jurnal/Surat Kabar/Majalah",PAYMENT OUTSIDE SYSTEM,2850000,2850000
KAB. TANGGAMUS,BAGIAN UMUM SEKRETARIAT DAERAH - 4.01.5.06.0.00.01.0007,01KH7ZG8FSGSD5BQGBB4J9DF2Y,65402577,2026,E-Katalog 6.0,APBD,SWARA ANTAR NUSA,E-Purchasing,Jasa Lainnya,"Belanja Pakaian Jas/Safari, Sekretaris Daerah, Asisten dan Staf Ahli",ON PROCESS,15000000,15000000
KAB. TANGGAMUS,DINAS KOMUNIKASI DAN INFORMATIKA - 2.16.2.20.2.21.04.0000,01KKK7XP19NYTBVYSMQEQJV549,66007827,2026,E-Katalog 6.0,APBD,SWARA DIRGANTARA JAYA,E-Purchasing,Jasa Lainnya,Belanja Langganan Jurnal/Surat Kabar/Majalah,ON PROCESS,950000,950000
KAB. TANGGAMUS,SEKRETARIAT DPRD - 4.02.0.00.0.00.01.0000,01KS26EHCPXEQ9GFBV5SEJASTE,63313099,2026,E-Katalog 6.0,APBD,FUTIH HATIS SALIH,E-Purchasing,Jasa Lainnya," Belanja Langganan Jurnal/Surat Kabar/Majalah",ON PROCESS,1900000,1900000
KAB. TANGGAMUS,DINAS KOMUNIKASI DAN INFORMATIKA - 2.16.2.20.2.21.04.0000,01KKKEVN1XH0HPH8BHSXHM2B3J,66007827,2026,E-Katalog 6.0,APBD,MEDIA INFO SOSIAL,E-Purchasing,Jasa Lainnya,Belanja Langganan Jurnal/Surat Kabar/Majalah,ON PROCESS,1425000,1425000
KAB. TANGGAMUS,BAGIAN TATA PEMERINTAHAN SEKRETARIAT DAERAH - 4.01.5.06.0.00.01.0001,01KHWNEEN8N2WYJJTEDMZDG2JQ,64509007,2026,E-Katalog 6.0,APBD,NAMASTEE SINEMA INVESTAMA,E-Purchasing,Barang," Belanja Alat/Bahan untuk Kegiatan Kantor-Alat Tulis Kantor  Kegiatan Fasilitasi Penyusunan LPPD",PAYMENT OUTSIDE SYSTEM,1013874,1013874
KAB. TANGGAMUS,SEKRETARIAT DPRD - 4.02.0.00.0.00.01.0000,01KMM4BNDKZ52CXNS290HA946W,63313099,2026,E-Katalog 6.0,APBD,MEDIA DINAMIKA MGD,E-Purchasing,Jasa Lainnya," Belanja Langganan Jurnal/Surat Kabar/Majalah",ON PROCESS,950000,950000
KAB. TANGGAMUS,SEKRETARIAT DPRD - 4.02.0.00.0.00.01.0000,01KWJY6N4CJF36WXVPTW5MGE56,63313099,2026,E-Katalog 6.0,APBD,GRAFIK CIPTA MEDIA,E-Purchasing,Jasa Lainnya," Belanja Langganan Jurnal/Surat Kabar/Majalah",ON PROCESS,4750000,4750000
KAB. TANGGAMUS,SEKRETARIAT DPRD - 4.02.0.00.0.00.01.0000,01KWVSCQ75GFTVB49A1HMXRGXC,63313099,2026,E-Katalog 6.0,APBD,ENZAGI MULTIMEDIA JAYA,E-Purchasing,Jasa Lainnya," Belanja Langganan Jurnal/Surat Kabar/Majalah",ON PROCESS,2850000,2850000
KAB. TANGGAMUS,RUMAH SAKIT UMUM DAERAH BATIN MANGUNANG KOTA AGUNG - 1.02.0.00.0.00.01.0001,01KMQ64SXDDH9TM9GWZNN1317S,66175546,2026,E-Katalog 6.0,APBD,GLOBAL DISPOMEDIKA,E-Purchasing,Barang,Belanja Obat-Obatan-Obat,ON PROCESS,60654840,60654840
KAB. TANGGAMUS,BAGIAN UMUM SEKRETARIAT DAERAH - 4.01.5.06.0.00.01.0007,01KP7RYVPNH4XN54QJ2X14RWH1,63603106,2026,E-Katalog 6.0,APBD,HENIWATI,E-Purchasing,Jasa Lainnya," Belanja Makanan Dan Minuman Rapat Kepala Daerah",PAYMENT OUTSIDE SYSTEM,6880000,6880000
KAB. TANGGAMUS,SEKRETARIAT DPRD - 4.02.0.00.0.00.01.0000,01KNRFE3N7HY700DN46ZHFQZE4,63313099,2026,E-Katalog 6.0,APBD,INTERMEDIA DINAMIS ABADI,E-Purchasing,Jasa Lainnya," Belanja Langganan Jurnal/Surat Kabar/Majalah",PAYMENT OUTSIDE SYSTEM,475000,475000
KAB. TANGGAMUS,DINAS KOMUNIKASI DAN INFORMATIKA - 2.16.2.20.2.21.04.0000,01KKGVQATMW4X67MGW7H9YZQAV,66007827,2026,E-Katalog 6.0,APBD,PANARAGAN CIPTA MEDIA,E-Purchasing,Jasa Lainnya,Belanja Langganan Jurnal/Surat Kabar/Majalah,ON PROCESS,4750000,4750000
KAB. TANGGAMUS,SEKRETARIAT DPRD - 4.02.0.00.0.00.01.0000,01KWKCKCHKZCCVJDG8CMFFAJ3C,63313099,2026,E-Katalog 6.0,APBD,MUARA ANTAR BERITA,E-Purchasing,Jasa Lainnya," Belanja Langganan Jurnal/Surat Kabar/Majalah",ON PROCESS,4750000,4750000
KAB. TANGGAMUS,BAGIAN KERJASAMA SEKRETARIAT DAERAH - 4.01.5.06.0.00.01.0004,01KKDKWEV8NQBE79P312NNNQ9Y,64022412,2026,E-Katalog 6.0,APBD,ABID FAMILI,E-Purchasing,Barang,Belanja Cetak,ON PROCESS,1198800,1198800
KAB. TANGGAMUS,"BADAN PERENCANAAN PEMBANGUNAN, RISET DAN INOVASI DAERAH - 5.01.5.05.0.00.01.0000",01KQBW2RKQAPVAKRMZETXN9TDH,64526026,2026,E-Katalog 6.0,APBD,ALGHIF JAYA,E-Purchasing,Barang,Belanja Alat/Bahan untuk Kegiatan Kantor-Alat Tulis Kantor,PAYMENT OUTSIDE SYSTEM,572636,572636
KAB. TANGGAMUS,BAGIAN KESEJAHTERAAN RAKYAT SEKRETARIAT DAERAH - 4.01.5.06.0.00.01.0002,01KKGC05D2YPZFJAFTZRMWS7D4,63739954,2026,E-Katalog 6.0,APBD,SWARA ANTAR NUSA,E-Purchasing,Jasa Lainnya,Belanja Sewa Peralatan Studio Audio,PAYMENT OUTSIDE SYSTEM,5850000,5850000
KAB. TANGGAMUS,BADAN PENANGGULANGAN BENCANA DAERAH - 1.05.0.00.0.00.04.0000,01KTTK9RDK7JA8N4ZDMBH09WR8,65632910,2026,E-Katalog 6.0,APBD,BIRAWA,E-Purchasing,Barang,Belanja Modal Rambu-Rambu Lalu Lintas Darat Lainnya,ON PROCESS,31135500,31135500
KAB. TANGGAMUS,"BADAN PERENCANAAN PEMBANGUNAN, RISET DAN INOVASI DAERAH - 5.01.5.05.0.00.01.0000",01KX0C7S1J70JS9W2SWXHKA3XV,64090920,2026,E-Katalog 6.0,APBD,BERTIGA JAYA,E-Purchasing,Barang,"Belanja Peralatan dan Mesin - Alat Studio, Komunikasi, dan Pemancar - Alat Studio - Peralatan Studio Gambar - Sub Kegiatan Pelaksanaan Musrenbang Kabupaten/Kota (PMPEPD)",ON PROCESS,1716282,1716282
KAB. TANGGAMUS,SEKRETARIAT DPRD - 4.02.0.00.0.00.01.0000,01KWXSBX7YJT42GN4GEAFV489B,63313099,2026,E-Katalog 6.0,APBD,PUTRA RIAU TAMA NEWS,E-Purchasing,Jasa Lainnya," Belanja Langganan Jurnal/Surat Kabar/Majalah",ON PROCESS,1900000,1900000
KAB. TANGGAMUS,SEKRETARIAT DPRD - 4.02.0.00.0.00.01.0000,01KKTK6FXPW5BHZ4TJZK6W855M,63313099,2026,E-Katalog 6.0,APBD,ARIF CIPTA USAHA,E-Purchasing,Jasa Lainnya," Belanja Langganan Jurnal/Surat Kabar/Majalah",PAYMENT OUTSIDE SYSTEM,4490000,4490000
KAB. TANGGAMUS,SEKRETARIAT DPRD - 4.02.0.00.0.00.01.0000,01KKTNEVK9FSKS1SV8XZ6RP25E,63313099,2026,E-Katalog 6.0,APBD,RATU MEDIA JAYA,E-Purchasing,Jasa Lainnya," Belanja Langganan Jurnal/Surat Kabar/Majalah",PAYMENT OUTSIDE SYSTEM,4750000,4750000
KAB. TANGGAMUS,DINAS KOMUNIKASI DAN INFORMATIKA - 2.16.2.20.2.21.04.0000,01KQ6R4VJ92Z80QPAAHHC66AW9,66005396,2026,E-Katalog 6.0,APBD,PRIMA DELTA INDONESIA,E-Purchasing,Jasa Lainnya,"Belanja Jasa Iklan/Reklame, Film, dan Pemotretan",ON PROCESS,19000000,19000000
KAB. TANGGAMUS,DINAS KOMUNIKASI DAN INFORMATIKA - 2.16.2.20.2.21.04.0000,01KKGJRXZ7PMZ41HFE1YTKZ06T,66007827,2026,E-Katalog 6.0,APBD,ANDAN JEJAMA MULTIMEDIA INDONESIA,E-Purchasing,Jasa Lainnya,Belanja Langganan Jurnal/Surat Kabar/Majalah,ON PROCESS,4750000,4750000
KAB. TANGGAMUS,BAGIAN UMUM SEKRETARIAT DAERAH - 4.01.5.06.0.00.01.0007,01KJVC1S4QQBHKS6JH7XJJJSVA,63576407,2026,E-Katalog 6.0,APBD,LANGGENG JAYA TANGGAMUS,E-Purchasing,Barang,Belanja Cetak Kartu Ucapan Hari Raya,PAYMENT OUTSIDE SYSTEM,19980000,19980000
KAB. TANGGAMUS,BAGIAN UMUM SEKRETARIAT DAERAH - 4.01.5.06.0.00.01.0007,01KQ6YDH6R1M7BRS25TBFQCMN2,63605333,2026,E-Katalog 6.0,APBD,HENIWATI,E-Purchasing,Jasa Lainnya,Belanja Makanan Dan Minuman Tamu Pemerintah Daerah,PAYMENT OUTSIDE SYSTEM,5380000,5380000
KAB. TANGGAMUS,DINAS LINGKUNGAN HIDUP - 2.11.0.00.0.00.01.0000,01KG1AGY1X4ZMSK1QH9DHSWFS9,63761833,2026,E-Katalog 6.0,APBD,BANTIGA MOTO PRIMA,E-Purchasing,Barang,Belanja Barang untuk Dijual/Diserahkan Kepada Masyarakat [-] Belanja Pengadaan Motor Roda Tiga,ON PROCESS,315871500,315871500
KAB. TANGGAMUS,PLT.DINAS KESEHATAN - 1.02.0.00.0.00.01.0000,01KK0PDXH6RQN9DRXF14THRAMW,65192581,2026,E-Katalog 6.0,APBD,ALGHIF JAYA,E-Purchasing,Barang,Belanja Alat/Bahan untuk Kegiatan Kantor- Bahan Cetak subkegiatan Penyediaan Barang Cetakan dan Penggandaan ,PAYMENT OUTSIDE SYSTEM,4941154,4941154
KAB. TANGGAMUS,BAGIAN PERENCANAAN DAN KEUANGAN SEKRETARIAT DAERAH - 4.01.5.06.0.00.01.0010,01KPQB13Q37M50XX5FR6P27W9J,63790208,2026,E-Katalog 6.0,APBD,ALGHIF JAYA,E-Purchasing,Barang,Belanja Alat/Bahan untuk Kegiatan Kantor-Alat Tulis Kantor,PAYMENT OUTSIDE SYSTEM,864135,864135
KAB. TANGGAMUS,DINAS PERHUBUNGAN - 2.15.0.00.0.00.01.0000,01KK0REJARZFJJAC24W13Y9RHP,65975785,2026,E-Katalog 6.0,APBD,HENIWATI,E-Purchasing,Jasa Lainnya,Belanja Makanan dan Minuman Rapat,PAYMENT OUTSIDE SYSTEM,21952000,21952000
KAB. TANGGAMUS,SEKRETARIAT DPRD - 4.02.0.00.0.00.01.0000,01KKTN6Z773MEH32ATP0B70E2S,63313099,2026,E-Katalog 6.0,APBD,ANDAN JEJAMA MULTIMEDIA INDONESIA,E-Purchasing,Jasa Lainnya," Belanja Langganan Jurnal/Surat Kabar/Majalah",PAYMENT OUTSIDE SYSTEM,4750000,4750000
KAB. TANGGAMUS,DINAS KOMUNIKASI DAN INFORMATIKA - 2.16.2.20.2.21.04.0000,01KRZ2ZJM4ZVH5J53CAPZ8RSRS,66007827,2026,E-Katalog 6.0,APBD,MEDIA INDEPENDEN MANDIRI,E-Purchasing,Jasa Lainnya,Belanja Langganan Jurnal/Surat Kabar/Majalah,ON PROCESS,4750000,4750000
KAB. TANGGAMUS,SEKRETARIAT DPRD - 4.02.0.00.0.00.01.0000,01KWKF0FPZS4997WKMQ3N1X24Z,63313099,2026,E-Katalog 6.0,APBD,MEDIA ADINDA PUTRI,E-Purchasing,Jasa Lainnya," Belanja Langganan Jurnal/Surat Kabar/Majalah",ON PROCESS,4750000,4750000
KAB. TANGGAMUS,BAGIAN UMUM SEKRETARIAT DAERAH - 4.01.5.06.0.00.01.0007,10781905000,63544700,2026,Non Tender,APBD,CV. DAFARA KONSULTAN,Pengadaan Langsung,Jasa Konsultansi Badan Usaha Konstruksi,Belanja Jasa Konsultan Pengawasan Pemeliharaan/Rehabilitasi Sarana dan Prasarana Pendukung Gedung Kantor atau Bangunan Lainnya,SELESAI,24514350,24514350
KAB. TANGGAMUS,BADAN PENDAPATAN DAERAH - 5.02.0.00.0.00.02.0000,01KS6X9KGMYGVDNJCMMR57KRN0,65824123,2026,E-Katalog 6.0,APBD,LANGGENG JAYA TANGGAMUS,E-Purchasing,Barang,Belanja Alat /Bahan Untuk Kegiatan Kantor - Bahan Cetak,PAYMENT OUTSIDE SYSTEM,4795200,4795200
KAB. TANGGAMUS,SEKRETARIAT DPRD - 4.02.0.00.0.00.01.0000,01KNRGPA992FXG9CZE5TDYKZ9G,63313099,2026,E-Katalog 6.0,APBD,BERITA JURNAL KOTA,E-Purchasing,Jasa Lainnya," Belanja Langganan Jurnal/Surat Kabar/Majalah",PAYMENT OUTSIDE SYSTEM,1900000,1900000
KAB. TANGGAMUS,DINAS PENDIDIKAN DAN KEBUDAYAAN - 1.01.2.22.0.00.02.0000,01KRG0VA9HVMH32Z1AQ9QGEZWP,67130631,2026,E-Katalog 6.0,APBD,BERTIGA JAYA,E-Purchasing,Barang,Cetak Piagam Peserta,ON PROCESS,2963700,2963700
KAB. TANGGAMUS,SEKRETARIAT DPRD - 4.02.0.00.0.00.01.0000,01KKTH9QT793G4F4WY75ECF88B,63313099,2026,E-Katalog 6.0,APBD,LAMPUNG MULTIMEDIA INDONESIA,E-Purchasing,Jasa Lainnya," Belanja Langganan Jurnal/Surat Kabar/Majalah",PAYMENT OUTSIDE SYSTEM,4750000,4750000
KAB. TANGGAMUS,RUMAH SAKIT UMUM DAERAH BATIN MANGUNANG KOTA AGUNG - 1.02.0.00.0.00.01.0001,01KHQQJRXJS5HD5FEX6AZHMWM1,63968804,2026,E-Katalog 6.0,APBD,SATORIA ANEKA INDUSTRI,E-Purchasing,Barang,Belanja Obat-Obatan-Obat,ON PROCESS,46167653,46167653
KAB. TANGGAMUS,"BADAN PERENCANAAN PEMBANGUNAN, RISET DAN INOVASI DAERAH - 5.01.5.05.0.00.01.0000",01KJWKX749HSVEYY1JBDRB0823,63934024,2026,E-Katalog 6.0,APBD,ABID FAMILI,E-Purchasing,Barang,Belanja Alat/Bahan untuk Kegiatan Kantor-Alat Tulis Kantor,PAYMENT OUTSIDE SYSTEM,716964,716964
KAB. TANGGAMUS,RUMAH SAKIT UMUM DAERAH BATIN MANGUNANG KOTA AGUNG - 1.02.0.00.0.00.01.0001,01KMMH4DD14EX01PTD90K6QBHQ,66179260,2026,E-Katalog 6.0,APBD,INDAH NURANI,E-Purchasing,Jasa Lainnya,Belanja Barang dan Jasa BLUD,ON PROCESS,4773000,4773000
KAB. TANGGAMUS,DINAS KEPENDUDUKAN DAN PENCATATAN SIPIL - 2.12.2.12.0.00.01.0000,01KVA77FGM0213BCXBMRPASV2V,62900044,2026,E-Katalog 6.0,APBD,INDOJAYA TALENTA GLOBAL,E-Purchasing,Barang,Belanja Alat/Bahan untuk Kegiatan Kantor-Alat Tulis Kantor,ON PROCESS,39244383,39244383
KAB. TANGGAMUS,DINAS PENDIDIKAN DAN KEBUDAYAAN - 1.01.2.22.0.00.02.0000,01KRZDSYGKE96NDAGC2B4RT4MY,67142859,2026,E-Katalog 6.0,APBD,AN-NISA,E-Purchasing,Barang,Belanja Makanan dan Minuman Jamuan Tamu,ON PROCESS,11247500,11247500
KAB. TANGGAMUS,SEKRETARIAT DPRD - 4.02.0.00.0.00.01.0000,01KKTS2VWZKY0Y50SAGJFH87W3,63313099,2026,E-Katalog 6.0,APBD,BRATA POS MEDIA,E-Purchasing,Jasa Lainnya," Belanja Langganan Jurnal/Surat Kabar/Majalah",PAYMENT OUTSIDE SYSTEM,1900000,1900000
KAB. TANGGAMUS,DINAS KEPENDUDUKAN DAN PENCATATAN SIPIL - 2.12.2.12.0.00.01.0000,01KK8HEH5XK8J0EXSVA2DAWWZK,62925252,2026,E-Katalog 6.0,APBD,IKFAL MOTOR,E-Purchasing,Barang,Belanja Service Rutin/ Suku Cadang Kendaraan Operasional,PAYMENT OUTSIDE SYSTEM,7817730,7817730
KAB. TANGGAMUS,SEKRETARIAT DPRD - 4.02.0.00.0.00.01.0000,01KKTFT538YF4VX7N1D3AXGAB1,63313099,2026,E-Katalog 6.0,APBD,PRATAMA INDERPAL MEDIA,E-Purchasing,Jasa Lainnya," Belanja Langganan Jurnal/Surat Kabar/Majalah",PAYMENT OUTSIDE SYSTEM,4750000,4750000
KAB. TANGGAMUS,PUSKESMAS SUMBEREJO - 1.02.0.00.0.00.01.0025,01KW1AJVM3AT9417FHJMR4P516,66921258,2026,E-Katalog 6.0,APBD,NOVAPHARIN,E-Purchasing,Barang,-,ON PROCESS,3087132,3087132
KAB. TANGGAMUS,BAGIAN TATA PEMERINTAHAN SEKRETARIAT DAERAH - 4.01.5.06.0.00.01.0001,01KHWN3S9N327V039VQ400QWMZ,64511673,2026,E-Katalog 6.0,APBD,NAMASTEE SINEMA INVESTAMA,E-Purchasing,Barang," Belanja Alat/Bahan untuk Kegiatan Kantor-Alat Tulis Kantor Kegiatan Penerapan  SPM",PAYMENT OUTSIDE SYSTEM,678210,678210
KAB. TANGGAMUS,BAGIAN PENGADAAN BARANG DAN JASA SEKRETARIAT DAERAH - 4.01.5.06.0.00.01.0006,01KQ93R5SSACC5CEDPWDA1WHM6,63566250,2026,E-Katalog 6.0,APBD,ALGHIF JAYA,E-Purchasing,Barang,Belanja Alat/Bahan untuk Kegiatan Kantor-Alat Tulis Kantor,PAYMENT OUTSIDE SYSTEM,6333660,6333660
KAB. TANGGAMUS,DINAS PARIWISATA DAN KEBUDAYAAN - 3.26.2.22.2.19.02.0000,01KS2WYW8BXHDM5MEYK9TCZX69,64023384,2026,E-Katalog 6.0,APBD,LANGGENG JAYA TANGGAMUS,E-Purchasing,Barang,Belanja Alat/Bahan untuk Kegiatan Kantor- Bahan Cetak,PAYMENT OUTSIDE SYSTEM,79920,79920
KAB. TANGGAMUS,DINAS KOMUNIKASI DAN INFORMATIKA - 2.16.2.20.2.21.04.0000,01KQED3JQ5CND1R2V0HEGGJTHC,66007827,2026,E-Katalog 6.0,APBD,PENUTUR KREASI MUDA,E-Purchasing,Jasa Lainnya,Belanja Langganan Jurnal/Surat Kabar/Majalah,ON PROCESS,1900000,1900000
KAB. TANGGAMUS,DINAS KOMUNIKASI DAN INFORMATIKA - 2.16.2.20.2.21.04.0000,01KKJSPVC95A34TNFR9DRH6W85,66007827,2026,E-Katalog 6.0,APBD,LENTERA TIMUR ABADI,E-Purchasing,Jasa Lainnya,Belanja Langganan Jurnal/Surat Kabar/Majalah,ON PROCESS,2850000,2850000
KAB. TANGGAMUS,DINAS KEPENDUDUKAN DAN PENCATATAN SIPIL - 2.12.2.12.0.00.01.0000,01KR2RND05J5Q9GAM0KPGP9V13,67098739,2026,E-Katalog 6.0,APBD,IKFAL MOTOR,E-Purchasing,Barang,Belanja Cutting Sticker Mobil,ON PROCESS,4828500,4828500
KAB. TANGGAMUS,SEKRETARIAT DPRD - 4.02.0.00.0.00.01.0000,01KQXMPFNQ375810Y5TBP44GY4,66870152,2026,E-Katalog 6.0,APBD,VENDY MEGAH SEJAHTERA,E-Purchasing,Barang,Pengadaan Pakaian Dinas dan Atribut DPRD ,ON PROCESS,133366500,133366500
KAB. TANGGAMUS,PUSKESMAS SUMBEREJO - 1.02.0.00.0.00.01.0025,01KT8FQ124FBTD3VG1KWT72J7T,66863803,2026,E-Katalog 6.0,APBD,BERKAH WISESHA,E-Purchasing,Barang,Pembelian Bahan Makanan untuk praktik,PAYMENT OUTSIDE SYSTEM,683358,683358
KAB. TANGGAMUS,DINAS KOMUNIKASI DAN INFORMATIKA - 2.16.2.20.2.21.04.0000,01KKGXEQATZ08G80NBXDH0SPAF,66007827,2026,E-Katalog 6.0,APBD,PRO MEDIA TANGGAMUS,E-Purchasing,Jasa Lainnya,Belanja Langganan Jurnal/Surat Kabar/Majalah,ON PROCESS,4750000,4750000
KAB. TANGGAMUS,SEKRETARIAT DPRD - 4.02.0.00.0.00.01.0000,01KWVMXKEJ284H08MQCKD9S7EX,63313099,2026,E-Katalog 6.0,APBD,STM LAMPUNG ABADI,E-Purchasing,Jasa Lainnya," Belanja Langganan Jurnal/Surat Kabar/Majalah",ON PROCESS,2850000,2850000
KAB. TANGGAMUS,SEKRETARIAT DPRD - 4.02.0.00.0.00.01.0000,01KS26XD3B1T9V1G2NE5WDV8WZ,63313099,2026,E-Katalog 6.0,APBD,MEDIA RAYA SENTOSA,E-Purchasing,Jasa Lainnya," Belanja Langganan Jurnal/Surat Kabar/Majalah",ON PROCESS,950000,950000
KAB. TANGGAMUS,DINAS KOMUNIKASI DAN INFORMATIKA - 2.16.2.20.2.21.04.0000,01KKGNASB5V707FFSPV7PD8SJ4,66007827,2026,E-Katalog 6.0,APBD,GERBANG INDONESIA GROUP,E-Purchasing,Jasa Lainnya,Belanja Langganan Jurnal/Surat Kabar/Majalah,ON PROCESS,4750000,4750000
KAB. TANGGAMUS,BADAN KESATUAN BANGSA DAN POLITIK - 8.01.0.00.0.00.01.0000,01KKDHQCR302EQ0V6Y712JEHG4,65559522,2026,E-Katalog 6.0,APBD,PRADANA,E-Purchasing,Barang,Belanja Modal Personal Computer,ON PROCESS,9978900,9978900
KAB. TANGGAMUS,PUSKESMAS PUTIH DOH - 1.02.0.00.0.00.01.0021,01KRD3AQHCQ0QRHX5DK8H750DT,67067292,2026,E-Katalog 6.0,APBD,TRIMAN,E-Purchasing,Barang,-,ON PROCESS,1698300,1698300
KAB. TANGGAMUS,PLT.DINAS KESEHATAN - 1.02.0.00.0.00.01.0000,01KQ65BF5AYCCAXB4V2G4S3XZ9,67007651,2026,E-Katalog 6.0,APBD,ALGHIF JAYA,E-Purchasing,Barang,Belanja Alat/Bahan untuk Kegiatan Kantor- Bahan Cetak Subkegiatan Pengelolaan Pelayanan Kesehatan Penderita Hipertensi,PAYMENT OUTSIDE SYSTEM,878121,878121
KAB. TANGGAMUS,DINAS LINGKUNGAN HIDUP - 2.11.0.00.0.00.01.0000,01KVCY1ZFGV8Z15G5851AK6KN4,64030329,2026,E-Katalog 6.0,APBD,JEMBAR JAYA PRATAMA,E-Purchasing,Barang,Belanja Bahan-Bahan Lainnya [-] Belanja Kantong Sampah Trash Bag,ON PROCESS,23698500,23698500
KAB. TANGGAMUS,BAGIAN UMUM SEKRETARIAT DAERAH - 4.01.5.06.0.00.01.0007,01KS6XX0KV1MWM879KYT2CNZGE,63613739,2026,E-Katalog 6.0,APBD,MELATI JAYA CATERING,E-Purchasing,Jasa Lainnya,Belanja Makanan Dan Minuman Untuk Acara Open House Hari Raya Idul Adha (BUPATI),ON PROCESS,2927070,2927070
KAB. TANGGAMUS,"BADAN PERENCANAAN PEMBANGUNAN, RISET DAN INOVASI DAERAH - 5.01.5.05.0.00.01.0000",10900167000,67026761,2026,Pencatatan,APBD,,Pengadaan Langsung,Pengadaan Barang,Belanja Makanan dan Minuman Rapat - Sub Kegiatan Pelaksanaan Konsultasi Publik (PMPEPD),PAKET SELESAI,668250,668250
KAB. TANGGAMUS,BAGIAN UMUM SEKRETARIAT DAERAH - 4.01.5.06.0.00.01.0007,01KK112TZWA7KWS8RSS7E88ZSM,63516787,2026,E-Katalog 6.0,APBD,HARIA FITRI. S,E-Purchasing,Jasa Lainnya,"Belanja Pemeliharaan, Pembelian Aksesoris dan Ban Kendaraan Dinas Roda 4 dan Kendaraan Dinas Roda 2",PAYMENT OUTSIDE SYSTEM,21600000,21600000
KAB. TANGGAMUS,DINAS KOMUNIKASI DAN INFORMATIKA - 2.16.2.20.2.21.04.0000,01KKGJ9MRSSZJSZSCX8WHQHX2G,66007827,2026,E-Katalog 6.0,APBD,AGUNG MEDIA BERJAYA,E-Purchasing,Jasa Lainnya,Belanja Langganan Jurnal/Surat Kabar/Majalah,ON PROCESS,4750000,4750000
KAB. TANGGAMUS,RUMAH SAKIT UMUM DAERAH BATIN MANGUNANG KOTA AGUNG - 1.02.0.00.0.00.01.0001,01KJPPT3Q823R8WVKDWQVE40NT,63968804,2026,E-Katalog 6.0,APBD,LAPI LABORATORIES,E-Purchasing,Barang,Belanja Obat-Obatan-Obat,ON PROCESS,11238750,11238750
KAB. TANGGAMUS,SEKRETARIAT DPRD - 4.02.0.00.0.00.01.0000,01KKTM78A7VK17V541CPJ0ZD9D,63313099,2026,E-Katalog 6.0,APBD,GEMA BERITA NUSANTARA,E-Purchasing,Jasa Lainnya," Belanja Langganan Jurnal/Surat Kabar/Majalah",PAYMENT OUTSIDE SYSTEM,4750800,4750800
KAB. TANGGAMUS,DINAS PEKERJAAN UMUM DAN PERUMAHAN RAKYAT - 1.03.1.04.2.10.10.0000,10894911000,66902665,2026,Non Tender,APBD,DEKKA MITRA CONSULTANT,Pengadaan Langsung,Jasa Konsultansi Badan Usaha Non Konstruksi,Pendataan dan Verifikasi RTLH Kabupaten Tanggamus,SELESAI,99422700,99422700
KAB. TANGGAMUS,DINAS PARIWISATA DAN KEBUDAYAAN - 3.26.2.22.2.19.02.0000,01KS4TDB49FB64T9E0G47WNCN8,64022208,2026,E-Katalog 6.0,APBD,LANGGENG JAYA TANGGAMUS,E-Purchasing,Barang," Belanja Alat/Bahan untuk Kegiatan Kantor-Alat Tulis Kantor",PAYMENT OUTSIDE SYSTEM,801420,801420
KAB. TANGGAMUS,SEKRETARIAT DPRD - 4.02.0.00.0.00.01.0000,01KWV11VTP3R7QAF67TC6PZ74J,63313099,2026,E-Katalog 6.0,APBD,CAKRAWALA BILABUNG JANNAH,E-Purchasing,Jasa Lainnya," Belanja Langganan Jurnal/Surat Kabar/Majalah",ON PROCESS,2850000,2850000
KAB. TANGGAMUS,DINAS SOSIAL - 1.06.0.00.0.00.01.0000,01KRZ5TMXK8BJJD1T26BH24BKX,67028491,2026,E-Katalog 6.0,APBD,MANDALA WANGI INDONESIA,E-Purchasing,Barang,Penyediaan Sandang,ON PROCESS,42369218,42369218
KAB. TANGGAMUS,DINAS KOMUNIKASI DAN INFORMATIKA - 2.16.2.20.2.21.04.0000,01KKJN48E3XPG4C7R799FR10PZ,66007827,2026,E-Katalog 6.0,APBD,DWI ANUGERAH LAMPUNG,E-Purchasing,Jasa Lainnya,Belanja Langganan Jurnal/Surat Kabar/Majalah,ON PROCESS,5700000,5700000
KAB. TANGGAMUS,DINAS KOMUNIKASI DAN INFORMATIKA - 2.16.2.20.2.21.04.0000,01KKGG9Q9MGBGGHMVCZX7WK9TM,66005396,2026,E-Katalog 6.0,APBD,UNTUKMU INDONESIA LAMPUNG,E-Purchasing,Jasa Lainnya,"Belanja Jasa Iklan/Reklame, Film, dan Pemotretan",ON PROCESS,9500000,9500000
KAB. TANGGAMUS,PUSKESMAS SUMBEREJO - 1.02.0.00.0.00.01.0025,01KW1BBCB8RR9KD8ATWKY4YNQ6,66921258,2026,E-Katalog 6.0,APBD,TRIMAN,E-Purchasing,Barang,-,ON PROCESS,4246602,4246602
KAB. TANGGAMUS,DINAS KOMUNIKASI DAN INFORMATIKA - 2.16.2.20.2.21.04.0000,01KKGYJYHR1FPNQK8MCE2XRK87,66007827,2026,E-Katalog 6.0,APBD,SINARMERDEKA JAYA LAMPUNG,E-Purchasing,Jasa Lainnya,Belanja Langganan Jurnal/Surat Kabar/Majalah,ON PROCESS,4750000,4750000
KAB. TANGGAMUS,DINAS KOMUNIKASI DAN INFORMATIKA - 2.16.2.20.2.21.04.0000,01KVT7CEMAP43ZNSAW71593Y6D,66007827,2026,E-Katalog 6.0,APBD,TODAY TELEVISI INDONESIA,E-Purchasing,Jasa Lainnya,Belanja Langganan Jurnal/Surat Kabar/Majalah,ON PROCESS,4750000,4750000
KAB. TANGGAMUS,DINAS KEPENDUDUKAN DAN PENCATATAN SIPIL - 2.12.2.12.0.00.01.0000,01KRZJEBXVA6HGXXZ6WR18MP6Y,62900044,2026,E-Katalog 6.0,APBD,LANGGENG JAYA TANGGAMUS,E-Purchasing,Barang,Belanja Alat/Bahan untuk Kegiatan Kantor-Alat Tulis Kantor,PAYMENT OUTSIDE SYSTEM,10545000,10545000
KAB. TANGGAMUS,DINAS KOMUNIKASI DAN INFORMATIKA - 2.16.2.20.2.21.04.0000,01KKKSKAA76CWKQ3CQ2DEE06JY,66007827,2026,E-Katalog 6.0,APBD,MEDIA PRIORITAS TIVI,E-Purchasing,Jasa Lainnya,Belanja Langganan Jurnal/Surat Kabar/Majalah,ON PROCESS,285000,285000
KAB. TANGGAMUS,BAGIAN HUKUM SEKRETARIAT DAERAH - 4.01.5.06.0.00.01.0003,01KTK6BTAPCD29A37YNAS514WT,63899293,2026,E-Katalog 6.0,APBD,LANGGENG JAYA TANGGAMUS,E-Purchasing,Barang,BELANJA FOTOCOPY,ON PROCESS,1366632,1366632
KAB. TANGGAMUS,INSPEKTORAT DAERAH - 6.01.0.00.0.00.01.0000,01KV4ZVT0H1PFFE6S3KDHC9WFM,66911211,2026,E-Katalog 6.0,APBD,BINTANG JAGAT,E-Purchasing,Barang,Belanja Modal Mebel,ON PROCESS,8791200,8791200
KAB. TANGGAMUS,SEKRETARIAT DPRD - 4.02.0.00.0.00.01.0000,01KNRC3EVHZA0Q43SDFS0H3KQY,63313099,2026,E-Katalog 6.0,APBD,ARTHA KINI MEDIA,E-Purchasing,Jasa Lainnya," Belanja Langganan Jurnal/Surat Kabar/Majalah",PAYMENT OUTSIDE SYSTEM,4750000,4750000
KAB. TANGGAMUS,"BADAN PERENCANAAN PEMBANGUNAN, RISET DAN INOVASI DAERAH - 5.01.5.05.0.00.01.0000",01KR0MFC1EBV583E3HQRCQMZQC,64086668,2026,E-Katalog 6.0,APBD,ABID FAMILI,E-Purchasing,Barang,Belanja Alat/Bahan untuk Kegiatan Kantor - Alat Tulis Kantor - Sub Kegiatan Pelaksanaan Musrenbang Kabupaten/Kota (PMPEPD),PAYMENT OUTSIDE SYSTEM,1907815,1907815
KAB. TANGGAMUS,DINAS KOMUNIKASI DAN INFORMATIKA - 2.16.2.20.2.21.04.0000,01KQ6RXRFDHSPKBADS9KFFREJS,66005396,2026,E-Katalog 6.0,APBD,RADAR LAMPUNG VISUAL,E-Purchasing,Jasa Lainnya,"Belanja Jasa Iklan/Reklame, Film, dan Pemotretan",ON PROCESS,28500000,28500000
KAB. TANGGAMUS,DINAS LINGKUNGAN HIDUP - 2.11.0.00.0.00.01.0000,01KGEHNBSYK94R5PQ2DH4FMMB1,64035873,2026,E-Katalog 6.0,APBD,LANGGENG JAYA TANGGAMUS,E-Purchasing,Barang,Belanja Alat/Bahan untuk Kegiatan Kantor - Alat Tulis Kantor - Sub Kegiatan Penyediaan Bahan/Material,ON PROCESS,13791084,13791084
KAB. TANGGAMUS,PUSKESMAS SUMBEREJO - 1.02.0.00.0.00.01.0025,01KTN928B958VKYRQTGD97M50Q,66863635,2026,E-Katalog 6.0,APBD,ABDUL AZIS,E-Purchasing,Barang,Jamuan Snack,ON PROCESS,570000,570000
KAB. TANGGAMUS,RUMAH SAKIT UMUM DAERAH BATIN MANGUNANG KOTA AGUNG - 1.02.0.00.0.00.01.0001,01KEEHYAC8ZMZ6C1NC76ESZ754,63103256,2026,E-Katalog 6.0,APBD,SIGER INOVASI,E-Purchasing,Jasa Lainnya,Belanja sewa kendaraan dinas operasional,ON PROCESS,266133600,266133600
KAB. TANGGAMUS,DINAS KOMUNIKASI DAN INFORMATIKA - 2.16.2.20.2.21.04.0000,01KVT8CRCKJYS56DVZ95FT31AR,66007827,2026,E-Katalog 6.0,APBD,EKSPOS BERSAMA KITA,E-Purchasing,Jasa Lainnya,Belanja Langganan Jurnal/Surat Kabar/Majalah,ON PROCESS,4750000,4750000
KAB. TANGGAMUS,DINAS PEMBERDAYAAN MASYARAKAT DAN DESA - 2.13.0.00.0.00.01.0000,01KPADRHYEVRC67BJ7KHDVM3J7,66182186,2026,E-Katalog 6.0,APBD,AN-NISA,E-Purchasing,Barang,Belanja Makanan dan Minuman Jamuan Tamu,ON PROCESS,2025000,2025000
KAB. TANGGAMUS,BAGIAN UMUM SEKRETARIAT DAERAH - 4.01.5.06.0.00.01.0007,01KJF542R3YBG1DVCYTE4DETSQ,63545080,2026,E-Katalog 6.0,APBD,EFIKA REZA,E-Purchasing,Barang,Belanja Bendera Merah Putih,PAYMENT OUTSIDE SYSTEM,2715449,2715449
KAB. TANGGAMUS,BAGIAN UMUM SEKRETARIAT DAERAH - 4.01.5.06.0.00.01.0007,10857517000,67043627,2026,Non Tender,APBD,CV.Jembar Jaya Pratama,Pengadaan Langsung,Pekerjaan Konstruksi,Pengecatan Belah Ketupat Kantor Setdakab,SELESAI,48708132,48708132
KAB. TANGGAMUS,DINAS KOMUNIKASI DAN INFORMATIKA - 2.16.2.20.2.21.04.0000,01KKGK2KNRWCGP3MQYVPTX70YA,66007827,2026,E-Katalog 6.0,APBD,ARIF CIPTA USAHA,E-Purchasing,Jasa Lainnya,Belanja Langganan Jurnal/Surat Kabar/Majalah,ON PROCESS,4750000,4750000
KAB. TANGGAMUS,SEKRETARIAT DPRD - 4.02.0.00.0.00.01.0000,01KX0E8NXBE4CRF6XE9M7Z8739,63312241,2026,E-Katalog 6.0,APBD,SELATAN WAHANA MEDIA VISUAL,E-Purchasing,Jasa Lainnya,"Belanja Jasa Iklan/Reklame, Film, dan Pemotretan",ON PROCESS,19000000,19000000
KAB. TANGGAMUS,SEKRETARIAT DPRD - 4.02.0.00.0.00.01.0000,01KKTHVJPTM0G6T0S7K2E092X6,63313099,2026,E-Katalog 6.0,APBD,LAMPUNG MEDIA PERS,E-Purchasing,Jasa Lainnya," Belanja Langganan Jurnal/Surat Kabar/Majalah",PAYMENT OUTSIDE SYSTEM,4750000,4750000
KAB. TANGGAMUS,DINAS PERKEBUNAN DAN PETERNAKAN - 3.27.0.00.0.00.05.0000,01KP53FR8KAKD3VPQ3HD7NSPD3,65719900,2026,E-Katalog 6.0,APBD,ABID FAMILI,E-Purchasing,Barang," Belanja Alat Tulis Kantor Keg. Peningkatan Kualitas SDG Hewan/Tanaman",PAYMENT OUTSIDE SYSTEM,1163280,1163280
KAB. TANGGAMUS,PLT.DINAS KESEHATAN - 1.02.0.00.0.00.01.0000,01KN3FXZE1SKS2X0B0DWVBBZQY,65110394,2026,E-Katalog 6.0,APBD,MEPROFARM,E-Purchasing,Barang,Pengadaan Obat Pelayanan Kesehatan Dasar (DAK),ON PROCESS,927604800,927604800
KAB. TANGGAMUS,BAGIAN PENGADAAN BARANG DAN JASA SEKRETARIAT DAERAH - 4.01.5.06.0.00.01.0006,01KFAKEV11ZGR7HGTPF9X5Q97R,63560673,2026,E-Katalog 6.0,APBD,NEWTON CIPTA INFORMATIKA,E-Purchasing,Jasa Lainnya,Belanja Kawat/Faksimili/Internet/TV Berlangganan,ON PROCESS,309600010,309600010
KAB. TANGGAMUS,SEKRETARIAT DPRD - 4.02.0.00.0.00.01.0000,01KKTSJXMZCQ3JDRWQVG1YPD2W,63313099,2026,E-Katalog 6.0,APBD,ZAHRA NAYAKA AFKAR MEDIA,E-Purchasing,Jasa Lainnya," Belanja Langganan Jurnal/Surat Kabar/Majalah",PAYMENT OUTSIDE SYSTEM,4750000,4750000
KAB. TANGGAMUS,"BADAN PERENCANAAN PEMBANGUNAN, RISET DAN INOVASI DAERAH - 5.01.5.05.0.00.01.0000",01KJWQKPXDF3H7NHYMWJ5EZ5FR,63930087,2026,E-Katalog 6.0,APBD,ABID FAMILI,E-Purchasing,Barang,Belanja Alat/Bahan untuk Kegiatan Kantor-Alat Tulis Kantor,PAYMENT OUTSIDE SYSTEM,725436,725436
KAB. TANGGAMUS,SEKRETARIAT DPRD - 4.02.0.00.0.00.01.0000,01KWKGZX8VMP9CQRKT4JY5F82E,63313099,2026,E-Katalog 6.0,APBD,DAYU SATRIA JAYA ABADI,E-Purchasing,Jasa Lainnya," Belanja Langganan Jurnal/Surat Kabar/Majalah",ON PROCESS,4750000,4750000
KAB. TANGGAMUS,SEKRETARIAT DPRD - 4.02.0.00.0.00.01.0000,01KKTGGXFFJ120HFB7DWQ2Q4H4,63313099,2026,E-Katalog 6.0,APBD,MEDIA ONLINE NEWS TANGGAMUS,E-Purchasing,Jasa Lainnya," Belanja Langganan Jurnal/Surat Kabar/Majalah",PAYMENT OUTSIDE SYSTEM,4750800,4750800
KAB. TANGGAMUS,SEKRETARIAT DPRD - 4.02.0.00.0.00.01.0000,01KKTDDWNAAPDEKPSZPXJ8EMNW,63313099,2026,E-Katalog 6.0,APBD,PRO MEDIA TANGGAMUS,E-Purchasing,Jasa Lainnya," Belanja Langganan Jurnal/Surat Kabar/Majalah",PAYMENT OUTSIDE SYSTEM,4750800,4750800
KAB. TANGGAMUS,DINAS KOMUNIKASI DAN INFORMATIKA - 2.16.2.20.2.21.04.0000,01KKK7BJD3JYF34G88XP10NYBK,66007827,2026,E-Katalog 6.0,APBD,ZAVIRA BIANCA PUTRI,E-Purchasing,Jasa Lainnya,Belanja Langganan Jurnal/Surat Kabar/Majalah,ON PROCESS,950000,950000
KAB. TANGGAMUS,"BADAN PERENCANAAN PEMBANGUNAN, RISET DAN INOVASI DAERAH - 5.01.5.05.0.00.01.0000",01KQ6RG24R54K5A51QZBF570RF,64431247,2026,E-Katalog 6.0,APBD,BERTIGA JAYA,E-Purchasing,Barang,Belanja Alat/Bahan untuk Kegiatan Kantor-Alat Tulis Kantor Sub Kegiatan Penyusunan Dokumen Perencanaan Perangkat Daerah,PAYMENT OUTSIDE SYSTEM,2861913,2861913
KAB. TANGGAMUS,DINAS KOMUNIKASI DAN INFORMATIKA - 2.16.2.20.2.21.04.0000,01KKJGS0BXDNDVB49SCK6589YQ,66007827,2026,E-Katalog 6.0,APBD,WIRADILAGA GEMINI MEDIA,E-Purchasing,Jasa Lainnya,Belanja Langganan Jurnal/Surat Kabar/Majalah,ON PROCESS,4750000,4750000
KAB. TANGGAMUS,DINAS PENDIDIKAN DAN KEBUDAYAAN - 1.01.2.22.0.00.02.0000,01KRDD4RRT1NVKJHW061RTCYF3,67096063,2026,E-Katalog 6.0,APBD,BERTIGA JAYA,E-Purchasing,Barang,Belanja Pakaian Batik Tradisional,ON PROCESS,7770000,7770000
KAB. TANGGAMUS,DINAS PEMUDA DAN OLAHRAGA - 2.19.0.00.0.00.01.0000,01KJCAQS0E6ZJPWMRVFM310NAX,64571207,2026,E-Katalog 6.0,APBD,LANGGENG JAYA TANGGAMUS,E-Purchasing,Jasa Lainnya,Belanja Alat/Bahan untuk Kegiatan Kantor- Bahan Cetak,PAYMENT OUTSIDE SYSTEM,1938060,1938060
KAB. TANGGAMUS,DINAS KOMUNIKASI DAN INFORMATIKA - 2.16.2.20.2.21.04.0000,01KKGR4PF3JA7FEQSWHC8QGRRC,66007827,2026,E-Katalog 6.0,APBD,LAMPUNG MULTIMEDIA INDONESIA,E-Purchasing,Jasa Lainnya,Belanja Langganan Jurnal/Surat Kabar/Majalah,ON PROCESS,4750000,4750000
KAB. TANGGAMUS,SATUAN POLISI PAMONG PRAJA - 1.05.0.00.0.00.01.0000,01KDQ5DVCWM6Q19RPADBB5M1WM,62544518,2026,E-Katalog 6.0,APBD,SERASI AUTORAYA,E-Purchasing,Jasa Lainnya,Belanja Sewa Kendaraan Dinas Bermotor,ON PROCESS,123719996,123719996
KAB. TANGGAMUS,DINAS KOMUNIKASI DAN INFORMATIKA - 2.16.2.20.2.21.04.0000,01KRZ3VPTM19VXXFB02RGZCE7C,66007827,2026,E-Katalog 6.0,APBD,MEDIA SANDI INFORMASI,E-Purchasing,Jasa Lainnya,Belanja Langganan Jurnal/Surat Kabar/Majalah,ON PROCESS,4750000,4750000
KAB. TANGGAMUS,"BADAN PERENCANAAN PEMBANGUNAN, RISET DAN INOVASI DAERAH - 5.01.5.05.0.00.01.0000",01KJVXE7S3P8KMHFMM9967XX8J,64086668,2026,E-Katalog 6.0,APBD,ABID FAMILI,E-Purchasing,Barang,Belanja Alat/Bahan untuk Kegiatan Kantor - Alat Tulis Kantor - Sub Kegiatan Pelaksanaan Musrenbang Kabupaten/Kota (PMPEPD),PAYMENT OUTSIDE SYSTEM,1198800,1198800
KAB. TANGGAMUS,DINAS PEMUDA DAN OLAHRAGA - 2.19.0.00.0.00.01.0000,01KNNS6J224NN07XP7F9GCG3D2,65015738,2026,E-Katalog 6.0,APBD,LANGGENG JAYA TANGGAMUS,E-Purchasing,Jasa Lainnya,Belanja Alat/Bahan untuk Kegiatan Kantor-Alat Tulis Kantor,PAYMENT OUTSIDE SYSTEM,2497500,2497500
KAB. TANGGAMUS,DINAS KOMUNIKASI DAN INFORMATIKA - 2.16.2.20.2.21.04.0000,01KPA4TZWM37XATXTW49929DND,66007827,2026,E-Katalog 6.0,APBD,MEDIA SANDI INFORMASI,E-Purchasing,Jasa Lainnya,Belanja Langganan Jurnal/Surat Kabar/Majalah,ON PROCESS,4750000,4750000
KAB. TANGGAMUS,SEKRETARIAT DPRD - 4.02.0.00.0.00.01.0000,01KKTECYKZFW2C9H84PS6W0RB4,63313099,2026,E-Katalog 6.0,APBD,LAURA CITRA MEDIA,E-Purchasing,Jasa Lainnya," Belanja Langganan Jurnal/Surat Kabar/Majalah",PAYMENT OUTSIDE SYSTEM,4750000,4750000
KAB. TANGGAMUS,DINAS KEPENDUDUKAN DAN PENCATATAN SIPIL - 2.12.2.12.0.00.01.0000,01KK8FDAC1E2KH4Z5Q2ZCNATHY,62925252,2026,E-Katalog 6.0,APBD,IKFAL MOTOR,E-Purchasing,Barang,Belanja Service Rutin/ Suku Cadang Kendaraan Operasional,PAYMENT OUTSIDE SYSTEM,3967695,3967695
KAB. TANGGAMUS,SEKRETARIAT DPRD - 4.02.0.00.0.00.01.0000,01KWVN6986EJQPMBW59WWVAQC0,63313099,2026,E-Katalog 6.0,APBD,RISKY FARIANSYAH MULTIMEDIA,E-Purchasing,Jasa Lainnya," Belanja Langganan Jurnal/Surat Kabar/Majalah",ON PROCESS,2850000,2850000
KAB. TANGGAMUS,SEKRETARIAT DPRD - 4.02.0.00.0.00.01.0000,01KWXPGRZA0GH9QT3PF8SY23AN,63313099,2026,E-Katalog 6.0,APBD,MEDIA KRISMA SEJAHTERA SEMESTA,E-Purchasing,Jasa Lainnya," Belanja Langganan Jurnal/Surat Kabar/Majalah",ON PROCESS,950000,950000
KAB. TANGGAMUS,DINAS KOMUNIKASI DAN INFORMATIKA - 2.16.2.20.2.21.04.0000,01KVYF7SP0RWSBAZGJ1JN2B26N,66007827,2026,E-Katalog 6.0,APBD,BINTANG NUSANTARA SERAYA,E-Purchasing,Jasa Lainnya,Belanja Langganan Jurnal/Surat Kabar/Majalah,ON PROCESS,19000000,19000000
KAB. TANGGAMUS,BAGIAN PERENCANAAN DAN KEUANGAN SEKRETARIAT DAERAH - 4.01.5.06.0.00.01.0010,01KWC78C36412JCZKXVFN8M2N3,63797315,2026,E-Katalog 6.0,APBD,ALGHIF JAYA,E-Purchasing,Barang,Belanja Alat/Bahan untuk Kegiatan Kantor- Bahan Cetak,ON PROCESS,1498500,1498500
KAB. TANGGAMUS,BAGIAN KERJASAMA SEKRETARIAT DAERAH - 4.01.5.06.0.00.01.0004,01KSF1SBGXGZQ4VW7RPQ5Q0WS7,64022412,2026,E-Katalog 6.0,APBD,ABID FAMILI,E-Purchasing,Barang,Belanja Cetak,ON PROCESS,1270129,1270129
KAB. TANGGAMUS,BAGIAN PROTOKOL DAN KOMUNIKASI PIMPINAN SEKRETARIAT DAERAH - 4.01.5.06.0.00.01.0009,01KPCSHV20GDFK4Y13FCH22BJY,63490071,2026,E-Katalog 6.0,APBD,SWARA ANTAR NUSA,E-Purchasing,Barang,Belanja Pakaian Olahraga ,PAYMENT OUTSIDE SYSTEM,13800000,13800000
KAB. TANGGAMUS,DINAS KOMUNIKASI DAN INFORMATIKA - 2.16.2.20.2.21.04.0000,01KQ6RAEQZ5NHYSFR3MVENKKYY,66005396,2026,E-Katalog 6.0,APBD,PRIMA DELTA INDONESIA,E-Purchasing,Jasa Lainnya,"Belanja Jasa Iklan/Reklame, Film, dan Pemotretan",ON PROCESS,28500000,28500000
KAB. TANGGAMUS,BAGIAN UMUM SEKRETARIAT DAERAH - 4.01.5.06.0.00.01.0007,01KFFD67W0F5XNP6WTJG922RCT,63535364,2026,E-Katalog 6.0,APBD,SWARA ANTAR NUSA,E-Purchasing,Jasa Lainnya,Belanja Sewa Sound System,ON PROCESS,1500000,1500000
KAB. TANGGAMUS,"BADAN PERENCANAAN PEMBANGUNAN, RISET DAN INOVASI DAERAH - 5.01.5.05.0.00.01.0000",01KJ9KCH9961DR05GZ91C4QGFD,64411465,2026,E-Katalog 6.0,APBD,ABID FAMILI,E-Purchasing,Barang,Belanja Alat/Bahan untuk Kegiatan Kantor-Alat Tulis Kantor,PAYMENT OUTSIDE SYSTEM,624486,624486
KAB. TANGGAMUS,SEKRETARIAT DPRD - 4.02.0.00.0.00.01.0000,01KKTM0B7QWEHTNNEXEA37Z8SZ,63313099,2026,E-Katalog 6.0,APBD,WAHANA SEMESTA WONOSOBO,E-Purchasing,Jasa Lainnya," Belanja Langganan Jurnal/Surat Kabar/Majalah",PAYMENT OUTSIDE SYSTEM,4750000,4750000
KAB. TANGGAMUS,SEKRETARIAT DPRD - 4.02.0.00.0.00.01.0000,01KKTXT8GYD3DGWJQWN580V42X,63313099,2026,E-Katalog 6.0,APBD,PAYUNG TEDUH MEDIA LAMPUNG,E-Purchasing,Jasa Lainnya," Belanja Langganan Jurnal/Surat Kabar/Majalah",ON PROCESS,2850000,2850000
KAB. TANGGAMUS,DINAS KOMUNIKASI DAN INFORMATIKA - 2.16.2.20.2.21.04.0000,01KPA5EDTGMAKCZC4Y8G7BM388,66007827,2026,E-Katalog 6.0,APBD,PAYUNG TEDUH MEDIA LAMPUNG,E-Purchasing,Jasa Lainnya,Belanja Langganan Jurnal/Surat Kabar/Majalah,ON PROCESS,2850000,2850000
KAB. TANGGAMUS,PUSKESMAS WAY NIPAH - 1.02.0.00.0.00.01.0008,01KRBQPJJGP2XEVZZKG07JKGGY,66813466,2026,E-Katalog 6.0,APBD,TRIMAN,E-Purchasing,Barang,-,ON PROCESS,5850810,5850810
KAB. TANGGAMUS,SEKRETARIAT DPRD - 4.02.0.00.0.00.01.0000,01KMM4P5PGCF45V9HHGKK75HA2,63313099,2026,E-Katalog 6.0,APBD,MEDIA MENARA MERCUSUAR,E-Purchasing,Jasa Lainnya," Belanja Langganan Jurnal/Surat Kabar/Majalah",PAYMENT OUTSIDE SYSTEM,950000,950000
KAB. TANGGAMUS,RUMAH SAKIT UMUM DAERAH BATIN MANGUNANG KOTA AGUNG - 1.02.0.00.0.00.01.0001,01KSHETXZ0EX03F7X4KWBXG5R6,67140279,2026,E-Katalog 6.0,APBD,LINTANG MEDIKA,E-Purchasing,Barang,Belanja Modal Peralatan dan Mesin BLUD,ON PROCESS,4500000,4500000
KAB. TANGGAMUS,DINAS KOMUNIKASI DAN INFORMATIKA - 2.16.2.20.2.21.04.0000,01KKGVVHEWA5X54A7TZP61PJSZ,66007827,2026,E-Katalog 6.0,APBD,PANDAWA CITRA MULTIMEDIA,E-Purchasing,Jasa Lainnya,Belanja Langganan Jurnal/Surat Kabar/Majalah,ON PROCESS,4750000,4750000
KAB. TANGGAMUS,SEKRETARIAT DPRD - 4.02.0.00.0.00.01.0000,01KWKNQ6TQC928NSCYMXXDQ8WB,63313099,2026,E-Katalog 6.0,APBD,AMOURA MEDIA GROUP,E-Purchasing,Jasa Lainnya," Belanja Langganan Jurnal/Surat Kabar/Majalah",ON PROCESS,1425000,1425000
KAB. TANGGAMUS,SEKRETARIAT DPRD - 4.02.0.00.0.00.01.0000,01KKTX9N9VD8C3F62HBZM1HX13,63313099,2026,E-Katalog 6.0,APBD,WAHANA TUBA MULTIMEDIA,E-Purchasing,Jasa Lainnya," Belanja Langganan Jurnal/Surat Kabar/Majalah",PAYMENT OUTSIDE SYSTEM,2850000,2850000
KAB. TANGGAMUS,DINAS KOMUNIKASI DAN INFORMATIKA - 2.16.2.20.2.21.04.0000,01KKGYE9B17EBC0ZXCBDMYXCGQ,66007827,2026,E-Katalog 6.0,APBD,SELIDIK POST INDONESIA,E-Purchasing,Jasa Lainnya,Belanja Langganan Jurnal/Surat Kabar/Majalah,ON PROCESS,4750000,4750000
KAB. TANGGAMUS,BAGIAN PERENCANAAN DAN KEUANGAN SEKRETARIAT DAERAH - 4.01.5.06.0.00.01.0010,01KPQFR0HA4W16X46RS6NNA80D,63812838,2026,E-Katalog 6.0,APBD,ALGHIF JAYA,E-Purchasing,Barang,Belanja Alat/Bahan untuk Kegiatan Kantor-Alat Tulis Kantor,PAYMENT OUTSIDE SYSTEM,1138638,1138638
KAB. TANGGAMUS,DINAS PENDIDIKAN DAN KEBUDAYAAN - 1.01.2.22.0.00.02.0000,01KS7BS483X1KBBNCGKVQS5JR2,67143241,2026,E-Katalog 6.0,APBD,AN-NISA,E-Purchasing,Barang,Belanja Makanan dan Minuman Jamuan Tamu,ON PROCESS,2560000,2560000
KAB. TANGGAMUS,BAGIAN UMUM SEKRETARIAT DAERAH - 4.01.5.06.0.00.01.0007,01KH62CNR5P3YVPCGWMXCT99PC,63572485,2026,E-Katalog 6.0,APBD,DUA ENAM,E-Purchasing,Barang,Belanja Alat Tulis Kantor Kebutuhan Kantor Setdakab,PAYMENT OUTSIDE SYSTEM,61589000,61589000
KAB. TANGGAMUS,DINAS PEMUDA DAN OLAHRAGA - 2.19.0.00.0.00.01.0000,01KTN9XAXP97Y147T9S2N79KTY,65022011,2026,E-Katalog 6.0,APBD,MELATI JAYA CATERING,E-Purchasing,Jasa Lainnya,Belanja Makanan dan Minuman Jamuan Tamu,ON PROCESS,361000,361000
KAB. TANGGAMUS,SEKRETARIAT DPRD - 4.02.0.00.0.00.01.0000,01KMQ6FQWF12C8F013M7ZCK2T8,63313099,2026,E-Katalog 6.0,APBD,LENSA NUSANTARA MULTIMEDIA,E-Purchasing,Jasa Lainnya," Belanja Langganan Jurnal/Surat Kabar/Majalah",PAYMENT OUTSIDE SYSTEM,285000,285000
KAB. TANGGAMUS,BADAN KEPEGAWAIAN DAN PENGEMBANGAN SUMBER DAYA MANUSIA - 5.03.5.04.0.00.01.0000,01KX07KK7459A38VMH6SQHQ3PN,63296826,2026,E-Katalog 6.0,APBD,CV Solusi Arya Prima Lampung,E-Purchasing,Barang,Belanja Modal Peralatan Studio Audio,ON PROCESS,14763000,0
KAB. TANGGAMUS,"BADAN PERENCANAAN PEMBANGUNAN, RISET DAN INOVASI DAERAH - 5.01.5.05.0.00.01.0000",10942005000,67261978,2026,Pencatatan,APBD,CV. RATU INTAN,Pengadaan Langsung,Pengadaan Barang,Belanja Alat/Bahan untuk Kegiatan Kantor - Suvenir/Cendera Mata - Sub Kegiatan Pelaksanaan Musrenbang Kabupaten/Kota (PMPEPD),PAKET SELESAI,5000000,5000000
KAB. TANGGAMUS,DINAS PEMUDA DAN OLAHRAGA - 2.19.0.00.0.00.01.0000,01KW8JC5B8WRNS5A68QZE6HAXW,65084465,2026,E-Katalog 6.0,APBD,ABDUL AZIS,E-Purchasing,Jasa Lainnya,Belanja Makanan dan Minuman Rapat,ON PROCESS,1660000,1660000
KAB. TANGGAMUS,DINAS KOMUNIKASI DAN INFORMATIKA - 2.16.2.20.2.21.04.0000,01KKK83PMP4F2NH5KDAAZG2KQP,66007827,2026,E-Katalog 6.0,APBD,MEDIA RAYA SENTOSA,E-Purchasing,Jasa Lainnya,Belanja Langganan Jurnal/Surat Kabar/Majalah,ON PROCESS,950000,950000
KAB. TANGGAMUS,SEKRETARIAT DPRD - 4.02.0.00.0.00.01.0000,01KWVQZMXC3B64CRH150FTNATF,63313099,2026,E-Katalog 6.0,APBD,ZERITEC INDO WIJAYA,E-Purchasing,Jasa Lainnya," Belanja Langganan Jurnal/Surat Kabar/Majalah",ON PROCESS,2850000,2850000
KAB. TANGGAMUS,PUSKESMAS AIR NANINGAN - 1.02.0.00.0.00.01.0013,01KS1SERZ8M9M2F5Z5PDA95RXE,66969092,2026,E-Katalog 6.0,APBD,WE DHE WE,E-Purchasing,Barang,-,COMPLETED,4471302,4471302
KAB. TANGGAMUS,SEKRETARIAT DPRD - 4.02.0.00.0.00.01.0000,01KWKAKQAM0CNG8XPQXZPGRXBD,63313099,2026,E-Katalog 6.0,APBD,RATU MEDIA JAYA,E-Purchasing,Jasa Lainnya," Belanja Langganan Jurnal/Surat Kabar/Majalah",ON PROCESS,4750000,4750000
KAB. TANGGAMUS,PLT.DINAS KESEHATAN - 1.02.0.00.0.00.01.0000,01KTJH4WD82JK9VPBQASDW3NSG,67261273,2026,E-Katalog 6.0,APBD,ABDUL AZIS,E-Purchasing,Barang,Belanja Makanan dan Minuman Rapat Subkegiatan Pengelolaan Pelayanan Kesehatan bagi Penduduk pada Kondisi Kejadian Luar Biasa (KLB),ON PROCESS,2676000,2676000
KAB. TANGGAMUS,DINAS PEKERJAAN UMUM DAN PERUMAHAN RAKYAT - 1.03.1.04.2.10.10.0000,01KQBQSPWABZCGGEWCXNXT8F7F,66938693,2026,E-Katalog 6.0,APBD,MANDALA WANGI INDONESIA,E-Purchasing,Barang,Pengadaan Leptop Core I5  Dinas  PUPR Kab. Tanggamus,ON PROCESS,59940000,59940000
KAB. TANGGAMUS,"BADAN PERENCANAAN PEMBANGUNAN, RISET DAN INOVASI DAERAH - 5.01.5.05.0.00.01.0000",01KRAEJ1ZQSYVJ1NXP34414148,64389412,2026,E-Katalog 6.0,"APBD,APBDP",ABID FAMILI,E-Purchasing,Barang,Belanja Alat/Bahan untuk Kegiatan Kantor-Alat Tulis Kantor,PAYMENT OUTSIDE SYSTEM,2040351,2040351
KAB. TANGGAMUS,DINAS PENDIDIKAN DAN KEBUDAYAAN - 1.01.2.22.0.00.02.0000,01KSJ9RPN7NRKMG18CG37FPBZJ,67034092,2026,E-Katalog 6.0,APBD,BERTIGA JAYA,E-Purchasing,Barang,"Gebyar PAUD TK,KB,SPS (Belanja Cetak)",PAYMENT OUTSIDE SYSTEM,5749800,5749800
KAB. TANGGAMUS,RUMAH SAKIT UMUM DAERAH BATIN MANGUNANG KOTA AGUNG - 1.02.0.00.0.00.01.0001,01KH0CHAP1M0M87W00HCFDP34C,63966671,2026,E-Katalog 6.0,APBD,MANDALA WANGI INDONESIA,E-Purchasing,Barang,Belanja Modal Personal Computer,ON PROCESS,410598990,410598990
KAB. TANGGAMUS,DINAS KOMUNIKASI DAN INFORMATIKA - 2.16.2.20.2.21.04.0000,01KKK1SVKP67Z0EVHXGVRPXD4J,66007827,2026,E-Katalog 6.0,APBD,POTRAIT LAMPUNG MULTIMEDIA,E-Purchasing,Jasa Lainnya,Belanja Langganan Jurnal/Surat Kabar/Majalah,ON PROCESS,2850000,2850000
KAB. TANGGAMUS,BAGIAN UMUM SEKRETARIAT DAERAH - 4.01.5.06.0.00.01.0007,10909477000,67293946,2026,Non Tender,APBD,CV.Jembar Jaya Pratama,Pengadaan Langsung,Pekerjaan Konstruksi,Pemeliharaan Pintu dan Jendela,SELESAI,49639200,49639200
KAB. TANGGAMUS,DINAS KOMUNIKASI DAN INFORMATIKA - 2.16.2.20.2.21.04.0000,01KNKEE3D64D13MF4RKHP30PY9,66007827,2026,E-Katalog 6.0,APBD,LAURA CITRA MEDIA,E-Purchasing,Jasa Lainnya,Belanja Langganan Jurnal/Surat Kabar/Majalah,ON PROCESS,4750000,4750000
KAB. TANGGAMUS,DINAS PEKERJAAN UMUM DAN PERUMAHAN RAKYAT - 1.03.1.04.2.10.10.0000,10795521000,65497782,2026,Non Tender,APBD,CV. Trimitra Jaya Konsultan,Pengadaan Langsung,Jasa Konsultansi Badan Usaha Non Konstruksi,Perencanaan Teknis Rehabilitasi Jalan Ruas (299) Jembatan Kuning - Datar Lebauai Kecamatan Air Naningan,SELESAI,67295970,67295970
KAB. TANGGAMUS,DINAS PARIWISATA DAN KEBUDAYAAN - 3.26.2.22.2.19.02.0000,01KMYFMPKFWK95HKHCSTWW1VEZ,64243630,2026,E-Katalog 6.0,APBD,LANGGENG JAYA TANGGAMUS,E-Purchasing,Barang,Belanja Alat Tulis Kantor ,PAYMENT OUTSIDE SYSTEM,733155,733155
KAB. TANGGAMUS,BAGIAN PERENCANAAN DAN KEUANGAN SEKRETARIAT DAERAH - 4.01.5.06.0.00.01.0010,01KWC7GR6APA5S25FVFX8ADXEC,63819850,2026,E-Katalog 6.0,APBD,ALGHIF JAYA,E-Purchasing,Barang,Belanja Alat/Bahan untuk Kegiatan Kantor- Bahan Cetak,ON PROCESS,1498500,1498500
KAB. TANGGAMUS,DINAS KOMUNIKASI DAN INFORMATIKA - 2.16.2.20.2.21.04.0000,01KKKTX7F4KQ2KG50A69XFF0Z4,66007827,2026,E-Katalog 6.0,APBD,RAKYAT EMPAT LIMA PERS,E-Purchasing,Jasa Lainnya,Belanja Langganan Jurnal/Surat Kabar/Majalah,ON PROCESS,190000,190000
KAB. TANGGAMUS,DINAS KOMUNIKASI DAN INFORMATIKA - 2.16.2.20.2.21.04.0000,01KNKB1VD6C3NMTR1F47SV6BWN,66007827,2026,E-Katalog 6.0,APBD,HEADLINE MULTIMEDIA LAMPUNG,E-Purchasing,Jasa Lainnya,Belanja Langganan Jurnal/Surat Kabar/Majalah,ON PROCESS,4750000,4750000
KAB. TANGGAMUS,SEKRETARIAT DPRD - 4.02.0.00.0.00.01.0000,01KKTNA13HAJRPTD1670APNXZC,63313099,2026,E-Katalog 6.0,APBD,ERLANGGA PRATAMA MULTIMEDIA,E-Purchasing,Jasa Lainnya," Belanja Langganan Jurnal/Surat Kabar/Majalah",PAYMENT OUTSIDE SYSTEM,4750000,4750000
KAB. TANGGAMUS,SEKRETARIAT DPRD - 4.02.0.00.0.00.01.0000,01KKTW0P7TEQSSYTXHAD3J4HW3,63313099,2026,E-Katalog 6.0,APBD,ZERITEC INDO WIJAYA,E-Purchasing,Jasa Lainnya," Belanja Langganan Jurnal/Surat Kabar/Majalah",PAYMENT OUTSIDE SYSTEM,2850000,2850000
KAB. TANGGAMUS,SEKRETARIAT DPRD - 4.02.0.00.0.00.01.0000,01KKTMCQH2G5AHTA9N1PT0RYMQ,63313099,2026,E-Katalog 6.0,APBD,MOMENTUM MATA PENA,E-Purchasing,Jasa Lainnya," Belanja Langganan Jurnal/Surat Kabar/Majalah",PAYMENT OUTSIDE SYSTEM,4750000,4750000
KAB. TANGGAMUS,PUSKESMAS GISTING - 1.02.0.00.0.00.01.0016,01KVF427YE168S44X1ZQN6HG9R,66810700,2026,E-Katalog 6.0,APBD,QUANTUM LABORATORIS INTERNASIONAL,E-Purchasing,Barang,Belanja Barang dan Jasa BLUD,ON PROCESS,749916,749916
KAB. TANGGAMUS,SEKRETARIAT DPRD - 4.02.0.00.0.00.01.0000,01KWVAJDVSA63YE3HJHB5QAFPM,63313099,2026,E-Katalog 6.0,APBD,POTRAIT LAMPUNG MULTIMEDIA,E-Purchasing,Jasa Lainnya," Belanja Langganan Jurnal/Surat Kabar/Majalah",ON PROCESS,2850000,2850000
KAB. TANGGAMUS,DINAS PENDIDIKAN DAN KEBUDAYAAN - 1.01.2.22.0.00.02.0000,01KS7D9J54E14M3SVPCJV6G025,67143243,2026,E-Katalog 6.0,APBD,BERTIGA JAYA,E-Purchasing,Barang,Belanja pakaian olahraga,ON PROCESS,8658000,8658000
KAB. TANGGAMUS,SEKRETARIAT DPRD - 4.02.0.00.0.00.01.0000,01KWVT1B2T4N60CEXF7KTN2H8Y,63313099,2026,E-Katalog 6.0,APBD,LENTERA TIMUR ABADI,E-Purchasing,Jasa Lainnya," Belanja Langganan Jurnal/Surat Kabar/Majalah",ON PROCESS,2850000,2850000
KAB. TANGGAMUS,DINAS KOMUNIKASI DAN INFORMATIKA - 2.16.2.20.2.21.04.0000,01KRZ2K87FTBS94V342A82Q101,66007827,2026,E-Katalog 6.0,APBD,LAMPUNG MEDIA PERS,E-Purchasing,Jasa Lainnya,Belanja Langganan Jurnal/Surat Kabar/Majalah,ON PROCESS,14250000,14250000
KAB. TANGGAMUS,SEKRETARIAT DPRD - 4.02.0.00.0.00.01.0000,01KWXJ1A82C589F5T8H1MNSVE4,63313099,2026,E-Katalog 6.0,APBD,RIZKY PRATAMA MANDIRI KAUR,E-Purchasing,Jasa Lainnya," Belanja Langganan Jurnal/Surat Kabar/Majalah",ON PROCESS,950000,950000
KAB. TANGGAMUS,DINAS KOMUNIKASI DAN INFORMATIKA - 2.16.2.20.2.21.04.0000,01KNKB84KNWNHHR2BJK5SVV7A8,66007827,2026,E-Katalog 6.0,APBD,INTERMEDIA NUSA BHAKTI,E-Purchasing,Jasa Lainnya,Belanja Langganan Jurnal/Surat Kabar/Majalah,ON PROCESS,14250000,14250000
KAB. TANGGAMUS,BAGIAN UMUM SEKRETARIAT DAERAH - 4.01.5.06.0.00.01.0007,01KVCVGERXWA5W3Z7D8Q047332,63535364,2026,E-Katalog 6.0,APBD,MAHARANI GROUP,E-Purchasing,Jasa Lainnya,Belanja Sewa Sound System,ON PROCESS,22500000,22500000
KAB. TANGGAMUS,SEKRETARIAT DPRD - 4.02.0.00.0.00.01.0000,01KWVQ1Q02YM04Q1P0Q14HE39P,63313099,2026,E-Katalog 6.0,APBD,PUTRA CAHAYA KEHIDUPAN INDONESIA,E-Purchasing,Jasa Lainnya," Belanja Langganan Jurnal/Surat Kabar/Majalah",ON PROCESS,2850000,2850000
KAB. TANGGAMUS,PLT.DINAS KESEHATAN - 1.02.0.00.0.00.01.0000,01KJW6MNBPP38MMYETNG22YE5Z,65110394,2026,E-Katalog 6.0,APBD,PHAPROS,E-Purchasing,Barang,Pengadaan Obat Pelayanan Kesehatan Dasar (DAK),ON PROCESS,101709300,101709300
KAB. TANGGAMUS,BAGIAN UMUM SEKRETARIAT DAERAH - 4.01.5.06.0.00.01.0007,01KS6ZR6NRD525XGRTPE85NFV0,63617056,2026,E-Katalog 6.0,APBD,MELATI JAYA CATERING,E-Purchasing,Jasa Lainnya,Belanja Makanan Dan Minuman Untuk Acara Open House Hari Raya Idul Adha,PAYMENT OUTSIDE SYSTEM,51646000,51646000
KAB. TANGGAMUS,"DINAS PEMBERDAYAAN PEREMPUAN, PERLINDUNGAN ANAK, PENGENDALIAN PENDUDUK DAN KELUARGA BERENCANA - 2.08.2.14.0.00.02.0000",01KVCWQ7GC6376B0KSX0HT0YWY,66909568,2026,E-Katalog 6.0,APBD,SWARA ANTAR NUSA,E-Purchasing,Barang,Belanja Modal Peralatan Personal Computer,ON PROCESS,7000000,7000000
KAB. TANGGAMUS,"BADAN PERENCANAAN PEMBANGUNAN, RISET DAN INOVASI DAERAH - 5.01.5.05.0.00.01.0000",01KJVRFYFVWJ3GRS5H2PBCR921,64389412,2026,E-Katalog 6.0,"APBD,APBDP",ABID FAMILI,E-Purchasing,Barang,Belanja Alat/Bahan untuk Kegiatan Kantor-Alat Tulis Kantor,PAYMENT OUTSIDE SYSTEM,1305027,1305027
KAB. TANGGAMUS,BADAN PENDAPATAN DAERAH - 5.02.0.00.0.00.02.0000,01KPYP3EWGARHF36EFTXSH1NG1,66024262,2026,E-Katalog 6.0,APBD,VALEN SUKSES MANDIRI,E-Purchasing,Barang,Belanja Modal peralatan Personal Computer,PAYMENT OUTSIDE SYSTEM,10489500,10489500
KAB. TANGGAMUS,DINAS PARIWISATA DAN KEBUDAYAAN - 3.26.2.22.2.19.02.0000,01KJ79HV4Y32QVWAM9F6XPCXVD,63537310,2026,E-Katalog 6.0,APBD,LANGGENG JAYA TANGGAMUS,E-Purchasing,Barang,Belanja Alat/Bahan untuk Kegiatan Kantor-Perabot Kantor,PAYMENT OUTSIDE SYSTEM,1389720,1389720
KAB. TANGGAMUS,SEKRETARIAT DPRD - 4.02.0.00.0.00.01.0000,01KN6ER7PZM08JZ5FAPSA4PHNM,66812745,2026,E-Katalog 6.0,APBD,PRADANA,E-Purchasing,Barang,Perlengkapan Peralatan Ruang Fraksi DPRD Kabupaten Tanggamus ,ON PROCESS,523032000,523032000
KAB. TANGGAMUS,SEKRETARIAT DPRD - 4.02.0.00.0.00.01.0000,01KWV25EQH6N3ADWCX4WFFTKE3,63313099,2026,E-Katalog 6.0,APBD,LOZY MADUMA NUSANTARA,E-Purchasing,Jasa Lainnya," Belanja Langganan Jurnal/Surat Kabar/Majalah",ON PROCESS,2850000,2850000
KAB. TANGGAMUS,BAGIAN UMUM SEKRETARIAT DAERAH - 4.01.5.06.0.00.01.0007,01KG6XXH4RRZC24H2D6TX8CVC6,63535364,2026,E-Katalog 6.0,APBD,SWARA ANTAR NUSA,E-Purchasing,Jasa Lainnya,Belanja Sewa Sound System,ON PROCESS,52500000,52500000
KAB. TANGGAMUS,SEKRETARIAT DPRD - 4.02.0.00.0.00.01.0000,01KKTXX19DA9PWF822K7ZTT1PT,63313099,2026,E-Katalog 6.0,APBD,DEVINA MEDIA GROUP,E-Purchasing,Jasa Lainnya," Belanja Langganan Jurnal/Surat Kabar/Majalah",PAYMENT OUTSIDE SYSTEM,2850000,2850000
KAB. TANGGAMUS,DINAS PENDIDIKAN DAN KEBUDAYAAN - 1.01.2.22.0.00.02.0000,01KK0V99QD9KKRKWYP3GREGWJA,66026212,2026,E-Katalog 6.0,APBD,BERTIGA JAYA,E-Purchasing,Barang,Belanja CCTV,ON PROCESS,14430000,14430000
KAB. TANGGAMUS,BAGIAN PERENCANAAN DAN KEUANGAN SEKRETARIAT DAERAH - 4.01.5.06.0.00.01.0010,01KJY2TES74CHES1MK5QS7N0MS,63791094,2026,E-Katalog 6.0,APBD,ALGHIF JAYA,E-Purchasing,Barang,Belanja Alat/Bahan untuk Kegiatan Kantor- Bahan Cetak ,PAYMENT OUTSIDE SYSTEM,1498500,1498500
KAB. TANGGAMUS,BAGIAN PERENCANAAN DAN KEUANGAN SEKRETARIAT DAERAH - 4.01.5.06.0.00.01.0010,01KJY4H8KWW048BWQ1AK8SRG4D,63823855,2026,E-Katalog 6.0,APBD,ALGHIF JAYA,E-Purchasing,Barang,Belanja Alat/Bahan untuk Kegiatan Kantor- Bahan Cetak,PAYMENT OUTSIDE SYSTEM,1498500,1498500
KAB. TANGGAMUS,DINAS PEKERJAAN UMUM DAN PERUMAHAN RAKYAT - 1.03.1.04.2.10.10.0000,01KSHEC2B1KNZ11Y28SE20VBMX,66821815,2026,E-Katalog 6.0,APBD,DHAVIN UTAMA,E-Purchasing,Barang,Pengadaan Printer Dinas PUPR Kab. Tanggamus,ON PROCESS,39016500,39016500
KAB. TANGGAMUS,DINAS KOMUNIKASI DAN INFORMATIKA - 2.16.2.20.2.21.04.0000,01KKK8N21NCEZK5S36XSJF8DXY,66007827,2026,E-Katalog 6.0,APBD,MEDIA ONLINE NEWS TANGGAMUS,E-Purchasing,Jasa Lainnya,Belanja Langganan Jurnal/Surat Kabar/Majalah,ON PROCESS,1900000,1900000
KAB. TANGGAMUS,"BADAN PERENCANAAN PEMBANGUNAN, RISET DAN INOVASI DAERAH - 5.01.5.05.0.00.01.0000",01KJHF3HQ4YGX79DM3JC5XF3D6,64585264,2026,E-Katalog 6.0,APBD,BERTIGA JAYA,E-Purchasing,Barang,Belanja Modal Alat Rumah Tangga Lainnya (Home Use) Sub Kegiatan Penyediaan Peralatan dan Perlengkapan Kantor,PAYMENT OUTSIDE SYSTEM,2900097,2900097
KAB. TANGGAMUS,DINAS PEMBERDAYAAN MASYARAKAT DAN DESA - 2.13.0.00.0.00.01.0000,01KPAD19DJCPT3DRKS1SWQKH4M,66182186,2026,E-Katalog 6.0,APBD,AN-NISA,E-Purchasing,Barang,Belanja Makanan dan Minuman Jamuan Tamu,ON PROCESS,3600000,3600000
KAB. TANGGAMUS,"BADAN PERENCANAAN PEMBANGUNAN, RISET DAN INOVASI DAERAH - 5.01.5.05.0.00.01.0000",01KQ6GQR8YXKH0DHDWAJVH2WY2,64082519,2026,E-Katalog 6.0,APBD,BERTIGA JAYA,E-Purchasing,Barang,Belanja Peralatan dan Mesin - Alat Kantor dan Rumah Tangga - Alat Kantor - Alat Kantor Lainnya - Sub Kegiatan Pelaksanaan Konsultasi Publik (PMPEPD),PAYMENT OUTSIDE SYSTEM,2747250,2747250
KAB. TANGGAMUS,DINAS KOMUNIKASI DAN INFORMATIKA - 2.16.2.20.2.21.04.0000,01KKJG5PQ1ENT3CQD56ZCS7BQB,66007827,2026,E-Katalog 6.0,APBD,WAHANA SEMESTA KARANG,E-Purchasing,Jasa Lainnya,Belanja Langganan Jurnal/Surat Kabar/Majalah,ON PROCESS,4750000,4750000
KAB. TANGGAMUS,SEKRETARIAT DPRD - 4.02.0.00.0.00.01.0000,01KWK093TK515JQC6B2BP2EYFF,63313099,2026,E-Katalog 6.0,APBD,AZDA ANUGRAH SEMESTA,E-Purchasing,Jasa Lainnya," Belanja Langganan Jurnal/Surat Kabar/Majalah",ON PROCESS,4750000,4750000
KAB. TANGGAMUS,PLT.DINAS KESEHATAN - 1.02.0.00.0.00.01.0000,01KJVF6PVSHAD1TVP0SEN6MJQA,65110394,2026,E-Katalog 6.0,APBD,HOLI PHARMA,E-Purchasing,Barang,Pengadaan Obat Pelayanan Kesehatan Dasar (DAK),ON PROCESS,124808400,124808400
KAB. TANGGAMUS,BADAN PENDAPATAN DAERAH - 5.02.0.00.0.00.02.0000,01KDT5NCQY64SWEA26BDSFBFYQ,62343078,2026,E-Katalog 6.0,APBD,SERASI AUTORAYA,E-Purchasing,Barang,Belanja sewa Kendaraan Dinas Bermotor Perorangan,PAYMENT OUTSIDE SYSTEM,203999996,203999996
KAB. TANGGAMUS,DINAS KOMUNIKASI DAN INFORMATIKA - 2.16.2.20.2.21.04.0000,01KKK560WPASPXWKTFSE3V6JK8,66007827,2026,E-Katalog 6.0,APBD,ZOUZA MULTIMEDIA LAMPUNG,E-Purchasing,Jasa Lainnya,Belanja Langganan Jurnal/Surat Kabar/Majalah,ON PROCESS,2850000,2850000
KAB. TANGGAMUS,"BADAN PERENCANAAN PEMBANGUNAN, RISET DAN INOVASI DAERAH - 5.01.5.05.0.00.01.0000",01KQ6GF4B2PZZ2H6DC17JDSJYE,64081606,2026,E-Katalog 6.0,APBD,ABID FAMILI,E-Purchasing,Barang,Bahan untuk Kegiatan Kantor -Alat Listrik - Sub Kegiatan Pelaksanaan Konsultasi Publik (PMPEPD),PAYMENT OUTSIDE SYSTEM,593850,593850
KAB. TANGGAMUS,PLT.DINAS KESEHATAN - 1.02.0.00.0.00.01.0000,01KPQ373BB9V1BHSF7YVNKAPYE,66970680,2026,E-Katalog 6.0,APBD,MEDIKAL PRINTING,E-Purchasing,Barang,Belanja Alat/Bahan untuk Kegiatan Kantor- Bahan Cetak Subkegiatan  Pengelolaan Pelayanan Promosi Kesehatan,ON PROCESS,2380000,2380000
KAB. TANGGAMUS,SEKRETARIAT DPRD - 4.02.0.00.0.00.01.0000,01KWKKC95YXF1N978PQ0JK8APV,63313099,2026,E-Katalog 6.0,APBD,BERITA JURNAL KOTA,E-Purchasing,Jasa Lainnya," Belanja Langganan Jurnal/Surat Kabar/Majalah",ON PROCESS,1900000,1900000
KAB. TANGGAMUS,BAGIAN UMUM SEKRETARIAT DAERAH - 4.01.5.06.0.00.01.0007,01KKJR16FAXNPEVJ6GHWP9AHCP,63625807,2026,E-Katalog 6.0,APBD,MELATI JAYA CATERING,E-Purchasing,Jasa Lainnya,Belanja Makanan Dan Minuman Untuk Acara Open House Hari Raya Idul Fitri,PAYMENT OUTSIDE SYSTEM,2232765,2232765
KAB. TANGGAMUS,SEKRETARIAT DPRD - 4.02.0.00.0.00.01.0000,01KWKM6CGA3428N5F2KD7TWHG0,63313099,2026,E-Katalog 6.0,APBD,JURNAL MEDIA SUKSES,E-Purchasing,Jasa Lainnya," Belanja Langganan Jurnal/Surat Kabar/Majalah",ON PROCESS,1900000,1900000
KAB. TANGGAMUS,BAGIAN UMUM SEKRETARIAT DAERAH - 4.01.5.06.0.00.01.0007,01KFWK2H4BA5QD2CBQXKWNJSNS,63823470,2026,E-Katalog 6.0,APBD,SWARA ANTAR NUSA,E-Purchasing,Jasa Lainnya,Belanja Sewa Alat Kantor Lainnya,ON PROCESS,19000000,19000000
KAB. TANGGAMUS,PUSKESMAS NGARIP - 1.02.0.00.0.00.01.0012,01KWY99T3AR59SXPX1T82G0823,65732321,2026,E-Katalog 6.0,APBD,PUTRA TEKNIK,E-Purchasing,Barang,Pelayanan dan Penunjang Pelayanan BLUD,ON PROCESS,8991000,8991000
