nama_instansi,nama_satuan_kerja,kode_paket,kode_rup,tahun_anggaran,sumber_transaksi,sumber_dana,nama_penyedia,metode_pengadaan,jenis_pengadaan,nama_paket,status_paket,total_nilai,nilai_pdn
KAB. ACEH BARAT,DINAS PEKERJAAN UMUM DAN PENATAAN RUANG - 1.03.0.00.0.00.06.0000,10823164000,65221410,2026,Non Tender,APBD,CV. SABAN PAKAT KARYA,Pengadaan Langsung,Pekerjaan Konstruksi,Galian Saluran Pembuang Kec. Johan Pahlawan Kab. Aceh Barat,SELESAI,185821701,185821701
KAB. ACEH BARAT,DINAS PERKEBUNAN DAN PETERNAKAN - 3.27.0.00.0.00.25.0000,01KHQJY0YFG78R2KK0877S80E0,65603580,2026,E-Katalog 6.0,APBD,ARAFAH MAKMUR TERNAK,E-Purchasing,Barang,Bantuan Daging Sapi Dari Presiden untk Meugang Kab. Aceh Barat,ON PROCESS,996000000,996000000
KAB. ACEH BARAT,DINAS PEKERJAAN UMUM DAN PENATAAN RUANG - 1.03.0.00.0.00.06.0000,10920334000,65477853,2026,Non Tender,APBD,CV JM GROUP PROJECT,Pengadaan Langsung,Pekerjaan Konstruksi,Rehabilitasi Lantai Workshop PUPR,SELESAI,278885813,278885813
KAB. ACEH BARAT,DINAS PERUMAHAN RAKYAT DAN KAWASAN PERMUKIMAN - 1.04.1.03.0.00.07.0000,01KJF40VR1Q0ZMJAY959D7RYA7,66019500,2026,E-Katalog 6.0,APBD,TUJUH ENAM COMPUTER,E-Purchasing,Barang,Printer,ON PROCESS,14652000,14652000
KAB. ACEH BARAT,DINAS PEKERJAAN UMUM DAN PENATAAN RUANG - 1.03.0.00.0.00.06.0000,10825745000,65475345,2026,Non Tender,APBD,CV.MULTY POWER ENGINEERING,Pengadaan Langsung,Jasa Konsultansi Badan Usaha Konstruksi,Pengawasan Rehabilitasi Pendopo Wakil Bupati,SELESAI,44899500,44899500
KAB. ACEH BARAT,DINAS PEKERJAAN UMUM DAN PENATAAN RUANG - 1.03.0.00.0.00.06.0000,10773005000,65199147,2026,Non Tender,APBD,CV.MULTY POWER ENGINEERING,Pengadaan Langsung,Jasa Konsultansi Badan Usaha Konstruksi,Pengawasan Teknis SPAM DAK Wilayah II,SELESAI,38961000,38961000
KAB. ACEH BARAT,DINAS PEKERJAAN UMUM DAN PENATAAN RUANG - 1.03.0.00.0.00.06.0000,10811844000,66696627,2026,Non Tender,APBD,CV. SEPAKAT KARYA CONSULTANT,Pengadaan Langsung,Jasa Konsultansi Badan Usaha Konstruksi,Pengawasan Teknis Pembangunan Jembatan Wilayah I,SELESAI,62937000,62937000
KAB. ACEH BARAT,BLUD RUMAH SAKIT CUT NYAK DHIEN MEULABOH - 1.02.0.00.0.00.05.0020,01KJGQCFSVRTEZEQ43DF62DFAE,65896780,2026,E-Katalog 6.0,BLUD,GLOBAL PROMEDIKA SERVICES,E-Purchasing,Jasa Lainnya,Belanja Jasa Kalibrasi,ON PROCESS,240456900,240456900
KAB. ACEH BARAT,DINAS PEKERJAAN UMUM DAN PENATAAN RUANG - 1.03.0.00.0.00.06.0000,10111682000,62702221,2026,Tender,APBD,CV MELATI,Tender,Pekerjaan Konstruksi,Pembangunan Jembatan Gantung Mugo - Blang Teungoh,SELESAI,4844839000,4844839000
KAB. ACEH BARAT,DINAS PERUMAHAN RAKYAT DAN KAWASAN PERMUKIMAN - 1.04.1.03.0.00.07.0000,10868637000,65334571,2026,Non Tender,APBD,CV. TRIPA KARYA CIPTA,Pengadaan Langsung,Jasa Konsultansi Badan Usaha Konstruksi,Perencanaan Pembangunan Paving Block Halaman Mesjid Miftahul Jannah Gp. Pasi Ara Kec. Woyla Barat,SELESAI,1494000,1494000
KAB. ACEH BARAT,DINAS PEKERJAAN UMUM DAN PENATAAN RUANG - 1.03.0.00.0.00.06.0000,10762676000,64354601,2026,Non Tender,APBD,CV. AUTO LEVEL CONSULTANT,Pengadaan Langsung,Jasa Konsultansi Badan Usaha Konstruksi,Perencanaan Teknis Pembangunan Jembatan Wilayah I,SELESAI,83916000,83916000
KAB. ACEH BARAT,BLUD RUMAH SAKIT CUT NYAK DHIEN MEULABOH - 1.02.0.00.0.00.05.0020,01KHB3DDZ94FJ78CAN08T7T57X,64756557,2026,E-Katalog 6.0,BLUD,MEDIFARMA LABORATORIES,E-Purchasing,Barang,Belanja Obat-Obatan-Obat,ON PROCESS,10767000,10767000
KAB. ACEH BARAT,DINAS PEKERJAAN UMUM DAN PENATAAN RUANG - 1.03.0.00.0.00.06.0000,10857550000,65477524,2026,Non Tender,APBD,CV. Pelita Hati Engineering,Pengadaan Langsung,Pekerjaan Konstruksi,Rehabilitasi Mushalla DPRK Aceh Barat,SELESAI,185778279,185778279
KAB. ACEH BARAT,DINAS PEKERJAAN UMUM DAN PENATAAN RUANG - 1.03.0.00.0.00.06.0000,10920913000,65221356,2026,Non Tender,APBD,CV.HAIKAL BARUNA,Pengadaan Langsung,Pekerjaan Konstruksi,Galian Saluran Gp. Seuneubok Dalam Kec. Woyla,SELESAI,167279913,167279913
KAB. ACEH BARAT,DINAS PERKEBUNAN DAN PETERNAKAN - 3.27.0.00.0.00.25.0000,10898086000,66082136,2026,Non Tender,APBD,CV. MUDA BARONA,Pengadaan Langsung,Pekerjaan Konstruksi,Terobosan Jalan Perkebunan Gp. Geudong Kec. Sungai Mas,SELESAI,185866930,185866930
KAB. ACEH BARAT,DINAS SYARIAT ISLAM - 9.01.0.00.0.00.47.0000,10938692000,67283833,2026,Non Tender,APBD,CV. PELITA MEUGAH MANDIRi,Pengadaan Langsung,Pekerjaan Konstruksi,Pembangunan Tempat Wudhu Mesjid Darul Salami  Gp. Alue Permen Kec. Woyla Barat,SELESAI,99770000,99770000
KAB. ACEH BARAT,DINAS PEKERJAAN UMUM DAN PENATAAN RUANG - 1.03.0.00.0.00.06.0000,10806763000,65221360,2026,Non Tender,APBD,CV. DWI KARYA TABINA,Pengadaan Langsung,Pekerjaan Konstruksi,Galian Saluran Pembuang Gp. Ulee Blang Kec. Bubon,SELESAI,185850767,185850767
KAB. ACEH BARAT,DINAS PEKERJAAN UMUM DAN PENATAAN RUANG - 1.03.0.00.0.00.06.0000,10920331000,67258028,2026,Non Tender,APBD,CV.AGRA PERMATA INDAH,Pengadaan Langsung,Pekerjaan Konstruksi,Galian Saluran Pembuang Gp. Rambong Pinto Kec. Woyla Timur Zona 1,SELESAI,185874282,185874282
KAB. ACEH BARAT,DINAS PERUMAHAN RAKYAT DAN KAWASAN PERMUKIMAN - 1.04.1.03.0.00.07.0000,10868592000,66930658,2026,Non Tender,APBD,CV. TRIPA KARYA CIPTA,Pengadaan Langsung,Jasa Konsultansi Badan Usaha Konstruksi,Perencanaan Peningkatan Jalan Lingkungan Gp. Padang Jawa Kec. Woyla,SELESAI,5365740,5365740
KAB. ACEH BARAT,DINAS PEKERJAAN UMUM DAN PENATAAN RUANG - 1.03.0.00.0.00.06.0000,10817739000,65221387,2026,Non Tender,APBD,CV. PALUGADA VAN JAVA,Pengadaan Langsung,Pekerjaan Konstruksi,Normalisasi Saluran Pembuang Gp. Lapang Kec. Johan Pahlawan,SELESAI,278834530,278834530
KAB. ACEH BARAT,DINAS PERKEBUNAN DAN PETERNAKAN - 3.27.0.00.0.00.25.0000,10858225000,66074421,2026,Non Tender,APBD,"KARYA IRAMA AGUNG, CV",Pengadaan Langsung,Pekerjaan Konstruksi,Peningkatan Jalan Perkebunan Gp. Seumara Kec. Pante Ceureumen,SELESAI,185742017,185742017
KAB. ACEH BARAT,DINAS PERUMAHAN RAKYAT DAN KAWASAN PERMUKIMAN - 1.04.1.03.0.00.07.0000,10868635000,65334566,2026,Non Tender,APBD,CV. TRIPA KARYA CIPTA,Pengadaan Langsung,Jasa Konsultansi Badan Usaha Konstruksi,Perencanaan Rehabilitasi Mushalla Raudhatusshalin Gp. Ujong Tanjong Kec. Meureubo,SELESAI,1494060,1494060
KAB. ACEH BARAT,DINAS KESEHATAN - 1.02.0.00.0.00.05.0000,10131264000,65089459,2026,Tender,APBD,PT. TUNGGAI CONSULTANT,Seleksi,Jasa Konsultansi Badan Usaha Konstruksi,Jasa Konsultan Pengawas Pembangunan Puskesmas Kuta Padang Layung,SELESAI,267621000,267621000
KAB. ACEH BARAT,DINAS PEKERJAAN UMUM DAN PENATAAN RUANG - 1.03.0.00.0.00.06.0000,10763918000,63709798,2026,Non Tender,APBD,CV. SEPAKAT KARYA CONSULTANT,Pengadaan Langsung,Jasa Konsultansi Badan Usaha Konstruksi,Pengawasan Teknis Rehabilitasi Drainase Jl. Kesehatan Kec. Johan Pahlawan,SELESAI,19957800,19957800
KAB. ACEH BARAT,DINAS PEKERJAAN UMUM DAN PENATAAN RUANG - 1.03.0.00.0.00.06.0000,10819197000,65221340,2026,Non Tender,APBD,CV. SABAN PAKAT KARYA,Pengadaan Langsung,Pekerjaan Konstruksi,Galian Saluran Pembuang Gp. Padang Jawa Kec. Woyla,SELESAI,185790821,185790821
KAB. ACEH BARAT,DINAS PEKERJAAN UMUM DAN PENATAAN RUANG - 1.03.0.00.0.00.06.0000,10920195000,67258023,2026,Non Tender,APBD,CV.AGRA PERMATA INDAH,Pengadaan Langsung,Pekerjaan Konstruksi,Galian Saluran Pembuang Gp. Paya Peunaga Kec. Meureubo Zona 1,SELESAI,167273280,167273280
KAB. ACEH BARAT,DINAS PEKERJAAN UMUM DAN PENATAAN RUANG - 1.03.0.00.0.00.06.0000,10817084000,65221408,2026,Non Tender,APBD,CV.ABYAN MAKMUR,Pengadaan Langsung,Pekerjaan Konstruksi,Galian Saluran Pembuangan Air Gp. Cot Keumuneng Kec. Bubon,SELESAI,185861983,185861983
KAB. ACEH BARAT,DINAS PEKERJAAN UMUM DAN PENATAAN RUANG - 1.03.0.00.0.00.06.0000,10762698000,64353429,2026,Non Tender,APBD,CV. SEPAKAT KARYA CONSULTANT,Pengadaan Langsung,Jasa Konsultansi Badan Usaha Konstruksi,Perencanaan Teknis Rehabilitasi Jalan Wilayah I,SELESAI,67932000,67932000
KAB. ACEH BARAT,DINAS PERUMAHAN RAKYAT DAN KAWASAN PERMUKIMAN - 1.04.1.03.0.00.07.0000,10904590000,65334569,2026,Non Tender,APBD,BARSELA ACEH CONSULTANT,Pengadaan Langsung,Jasa Konsultansi Badan Usaha Konstruksi,Pengawasan Pembangunan Pagar Kuburan Gp. Drien Rampak Kec. Johan Pahlawan,SELESAI,7958700,7958700
KAB. ACEH BARAT,DINAS PEKERJAAN UMUM DAN PENATAAN RUANG - 1.03.0.00.0.00.06.0000,10107006000,62489754,2026,Tender,APBD,CV. ATTHARIQ BEUJAYA,Tender,Pekerjaan Konstruksi,Perluasan SPAM Perkotaan,SELESAI,928615162,928615162
KAB. ACEH BARAT,DINAS KESEHATAN - 1.02.0.00.0.00.05.0000,10131060000,65089451,2026,Tender,APBD,CV. ILHAM REZEKI MANDIRI,Tender,Pekerjaan Konstruksi,Pembangunan Puskesmas Kuta Padang Layung,SELESAI,9054001100,9054001100
KAB. ACEH BARAT,DINAS PEKERJAAN UMUM DAN PENATAAN RUANG - 1.03.0.00.0.00.06.0000,10896110000,67232274,2026,Non Tender,APBD,CV. SEPAKAT KARYA CONSULTANT,Pengadaan Langsung,Jasa Konsultansi Badan Usaha Konstruksi,Perencanaan Teknis Pembangunan sarana dan Prasarana Tempat Ibadah,SELESAI,19980000,19980000
KAB. ACEH BARAT,DINAS PERUMAHAN RAKYAT DAN KAWASAN PERMUKIMAN - 1.04.1.03.0.00.07.0000,10874504000,66930653,2026,Non Tender,APBD,CV. PUTRA JAYA KONSULTAN,Pengadaan Langsung,Jasa Konsultansi Badan Usaha Konstruksi,Perencanaan Pembangunan Jalan Serak kerikil Gp. Lapang Kec. Johan Pahlawan,SELESAI,4459900,4459900
KAB. ACEH BARAT,DINAS PEKERJAAN UMUM DAN PENATAAN RUANG - 1.03.0.00.0.00.06.0000,10801147000,65593437,2026,Non Tender,APBD,CV. KARYA WAJA DUA,Pengadaan Langsung,Pekerjaan Konstruksi,Terobosan Jalan Gp. Alue Batee Kec. Arongan Lambalek,SELESAI,185805000,185805000
KAB. ACEH BARAT,DINAS PEKERJAAN UMUM DAN PENATAAN RUANG - 1.03.0.00.0.00.06.0000,10812034000,65593443,2026,Non Tender,APBD,CV. TRIPA KARYA CIPTA,Pengadaan Langsung,Jasa Konsultansi Badan Usaha Konstruksi,Pengawasan Teknis Pembangunan Jalan Wilayah I,SELESAI,59951100,59951100
KAB. ACEH BARAT,DINAS LINGKUNGAN HIDUP - 2.11.0.00.0.00.14.0000,01KQBK4SZHN0P86QH4GK3QEDQC,66074371,2026,E-Katalog 6.0,APBD,SADIM KARYA PRATAMA,E-Purchasing,Jasa Lainnya,Belanja Jasa Tenaga Kebersihan,ON PROCESS,234383500,234383500
KAB. ACEH BARAT,DINAS PEKERJAAN UMUM DAN PENATAAN RUANG - 1.03.0.00.0.00.06.0000,10821548000,65221418,2026,Non Tender,APBD,CV. NASTI ANUGERAH SEJAHTERA,Pengadaan Langsung,Pekerjaan Konstruksi,Galian Saluran Pembuang Gp. Ujong Tanoh Darat Kec Meureubo,SELESAI,185875269,185875269
KAB. ACEH BARAT,DINAS KESEHATAN - 1.02.0.00.0.00.05.0000,01KRG363YG69AJ20HZHB401FPA,65090551,2026,E-Katalog 6.0,APBD,FARMAHUSADA MILLENNIA,E-Purchasing,Barang,Belanja Obat-Obatan,ON PROCESS,157405548,157405548
KAB. ACEH BARAT,DINAS LINGKUNGAN HIDUP - 2.11.0.00.0.00.14.0000,01KJYNNQV0A4STZWQAC2D8PCZ8,66074371,2026,E-Katalog 6.0,APBD,BANTU KAWAN KAWAN,E-Purchasing,Jasa Lainnya,Belanja Jasa Tenaga Kebersihan,ON PROCESS,240955000,240955000
KAB. ACEH BARAT,DINAS PEKERJAAN UMUM DAN PENATAAN RUANG - 1.03.0.00.0.00.06.0000,10805549000,65221402,2026,Non Tender,APBD,CV. Gamas Mandiri,Pengadaan Langsung,Pekerjaan Konstruksi,Galian Drainase Gp. Kuta Padang Layung Kec. Bubon,SELESAI,185887705,185887705
KAB. ACEH BARAT,DINAS PEKERJAAN UMUM DAN PENATAAN RUANG - 1.03.0.00.0.00.06.0000,10812068000,65593432,2026,Non Tender,APBD,CV. SEPAKAT KARYA CONSULTANT,Pengadaan Langsung,Jasa Konsultansi Badan Usaha Konstruksi,Pengawasan Teknis Pembangunan Jalan Wilayah II,SELESAI,56354700,56354700
KAB. ACEH BARAT,DINAS PEKERJAAN UMUM DAN PENATAAN RUANG - 1.03.0.00.0.00.06.0000,10933230000,66696625,2026,Non Tender,APBD,CV. DRIJA CIPTA,Pengadaan Langsung,Pekerjaan Konstruksi,Pembangunan Jembatan Simpang Peunia,SELESAI,371730000,371730000
KAB. ACEH BARAT,DINAS PEMBERDAYAAN PEREMPUAN PERLINDUNGAN ANAK DAN KELUARGA BERENCANA - 2.08.2.14.0.00.11.0000,01KVF1S8DV8EXSBG0FH7YXPP90,67324475,2026,E-Katalog 6.0,APBD,ACEH MUDA SARE,E-Purchasing,Jasa Lainnya,Upah Tenaga Outsourcing,ON PROCESS,14400000,14400000
KAB. ACEH BARAT,DINAS PERKEBUNAN DAN PETERNAKAN - 3.27.0.00.0.00.25.0000,10856497000,66077403,2026,Non Tender,APBD,CV.ABYAN MAKMUR,Pengadaan Langsung,Pekerjaan Konstruksi,Terobosan Jalan Perkebunan Gp. Kuala Plieng Kec. Bubon,SELESAI,185733730,185733730
KAB. ACEH BARAT,DINAS PERUMAHAN RAKYAT DAN KAWASAN PERMUKIMAN - 1.04.1.03.0.00.07.0000,10866569000,66930623,2026,Non Tender,APBD,BARSELA ACEH CONSULTANT,Pengadaan Langsung,Jasa Konsultansi Badan Usaha Konstruksi,Perencanaan Pembangunan Jalan Terobosan / Jalan Baru Gp. Kuta Padang Kec. Bubon,SELESAI,5989500,5989500
KAB. ACEH BARAT,DINAS PEKERJAAN UMUM DAN PENATAAN RUANG - 1.03.0.00.0.00.06.0000,10921082000,65221416,2026,Non Tender,APBD,CV.CEURANA,Pengadaan Langsung,Pekerjaan Konstruksi,Galian Saluran Pembuang Gp. Suak Ie Beso Kec. Arongan Lambalek,SELESAI,185819287,185819287
KAB. ACEH BARAT,DINAS PERUMAHAN RAKYAT DAN KAWASAN PERMUKIMAN - 1.04.1.03.0.00.07.0000,10866796000,65334604,2026,Non Tender,APBD,SADA KONSULTAN,Pengadaan Langsung,Pekerjaan Konstruksi,Perencanaan Pembangunan MCK Mesjid AL- Muklisin Gp. Ujong Drien Kec. Meureubo,SELESAI,5987340,5987340
KAB. ACEH BARAT,DINAS PEKERJAAN UMUM DAN PENATAAN RUANG - 1.03.0.00.0.00.06.0000,10806748000,65221351,2026,Non Tender,APBD,CV.CEURANA,Pengadaan Langsung,Pekerjaan Konstruksi,Galian Saluran Pembuang Gp. Keulembah,SELESAI,185860434,185860434
KAB. ACEH BARAT,BLUD RUMAH SAKIT CUT NYAK DHIEN MEULABOH - 1.02.0.00.0.00.05.0020,01KQAC72DVQR48CN2QR3XS5C0E,67027083,2026,E-Katalog 6.0,BLUD,FERHO UTAMA NUSANTARA,E-Purchasing,Barang,Pengadaan Ambulance - Hibah,ON PROCESS,1998000000,1998000000
KAB. ACEH BARAT,DINAS PEKERJAAN UMUM DAN PENATAAN RUANG - 1.03.0.00.0.00.06.0000,10894078000,65593462,2026,Non Tender,APBD,CV.DETHA PRATAMA,Pengadaan Langsung,Pekerjaan Konstruksi,Peningkatan Jalan Menuju Perumahan Relokasi Cot Kumbang,SELESAI,185845000,185845000
KAB. ACEH BARAT,DINAS PEKERJAAN UMUM DAN PENATAAN RUANG - 1.03.0.00.0.00.06.0000,10881901000,65472695,2026,Non Tender,APBD,CV. Batee Roo Away,Pengadaan Langsung,Pekerjaan Konstruksi,Rehabilitasi Gedung Kantor dan Pengadaan Mobiler Dinas Lingkungan Hidup,SELESAI,232303723,232303723
KAB. ACEH BARAT,DINAS KESEHATAN - 1.02.0.00.0.00.05.0000,01KWTR8TD3QQNNG3FNTSF59EC6,66293300,2026,E-Katalog 6.0,APBD,SINAR HARAPAN BERSAUDARA,E-Purchasing,Barang,Belanja Katrid TCM,ON PROCESS,529669800,529669800
KAB. ACEH BARAT,DINAS PERUMAHAN RAKYAT DAN KAWASAN PERMUKIMAN - 1.04.1.03.0.00.07.0000,10929000000,66318929,2026,Non Tender,APBD,CV. NASTI ANUGERAH SEJAHTERA,Pengadaan Langsung,Pekerjaan Konstruksi,Normalisasi Saluran Gp. Kuta Padang Kec. Bubon,BERLANGSUNG,185391000,185391000
KAB. ACEH BARAT,DINAS PERUMAHAN RAKYAT DAN KAWASAN PERMUKIMAN - 1.04.1.03.0.00.07.0000,10147346000,67349337,2026,Tender,APBD,,Tender,Pekerjaan Konstruksi,Pengaspalan Jalan Beurambang Dan Sekitar Gp.Seuneubok Kec. Johan Pahlawan,BERLANGSUNG,557995330,557995330
KAB. ACEH BARAT,DINAS PEKERJAAN UMUM DAN PENATAAN RUANG - 1.03.0.00.0.00.06.0000,10906496000,65472898,2026,Non Tender,APBD,CV POTENSI AGRO LESTARI,Pengadaan Langsung,Pekerjaan Konstruksi,Rehabilitasi Gedung Kantor Sekretariat MAA,SELESAI,139243862,139243862
KAB. ACEH BARAT,DINAS PEKERJAAN UMUM DAN PENATAAN RUANG - 1.03.0.00.0.00.06.0000,10793386000,64412542,2026,Non Tender,APBD,CV. TRIPA KARYA CIPTA,Pengadaan Langsung,Jasa Konsultansi Badan Usaha Konstruksi,Perencanaan Teknis Rehabilitasi Gedung Wilayah I,SELESAI,43116840,43116840
KAB. ACEH BARAT,DINAS PEKERJAAN UMUM DAN PENATAAN RUANG - 1.03.0.00.0.00.06.0000,10832340000,65593459,2026,Non Tender,APBD,CV.DETHA PRATAMA,Pengadaan Langsung,Pekerjaan Konstruksi,Terobosan Jalan Gp. Alue Panyang,SELESAI,185832000,185832000
KAB. ACEH BARAT,DINAS PERHUBUNGAN - 2.15.0.00.0.00.17.0000,01KT31WCWRD7FYVKDWZK60ZP9C,67160665,2026,E-Katalog 6.0,APBD,A U L I A,E-Purchasing,Barang,Belanja Pakaian Dinas Lapangan (PDL),ON PROCESS,85470000,85470000
KAB. ACEH BARAT,DINAS PERUMAHAN RAKYAT DAN KAWASAN PERMUKIMAN - 1.04.1.03.0.00.07.0000,10851593000,65334576,2026,Non Tender,APBD,SADA KONSULTAN,Pengadaan Langsung,Jasa Konsultansi Badan Usaha Konstruksi,Perencanaan Pembangunan pagar mesjid Al- Hidayah Gp. Kuta Padang Kec. Johan Pahlawan,SELESAI,5987300,5987300
KAB. ACEH BARAT,DINAS PEKERJAAN UMUM DAN PENATAAN RUANG - 1.03.0.00.0.00.06.0000,10868811000,66696544,2026,Non Tender,APBD,CV. AGAM ACEH,Pengadaan Langsung,Pekerjaan Konstruksi,Pergantian Lantai Jembatan Gantung Lhok Malee,SELESAI,185770000,185770000
KAB. ACEH BARAT,DINAS PEKERJAAN UMUM DAN PENATAAN RUANG - 1.03.0.00.0.00.06.0000,10821556000,65221392,2026,Non Tender,APBD,CV.CEURANA,Pengadaan Langsung,Pekerjaan Konstruksi,Galian Saluran Pembuang Gp. Seuneubok Trap Kec. Bubon,SELESAI,167248265,167248265
KAB. ACEH BARAT,DINAS PEKERJAAN UMUM DAN PENATAAN RUANG - 1.03.0.00.0.00.06.0000,10811922000,66696535,2026,Non Tender,APBD,CV. PUTRA JAYA KONSULTAN,Pengadaan Langsung,Jasa Konsultansi Badan Usaha Konstruksi,Pengawasan Teknis Rehabilitasi Jembatan Gantung Cot Punti,SELESAI,43788390,43788390
KAB. ACEH BARAT,DINAS KESEHATAN - 1.02.0.00.0.00.05.0000,01KJVVNVHAX23BHRJT5G7PV38Y,65090122,2026,E-Katalog 6.0,APBD,FERHO UTAMA NUSANTARA,E-Purchasing,Barang,Belanja Modal Kendaraan Bermotor Khusus,ON PROCESS,649350000,649350000
KAB. ACEH BARAT,DINAS PEKERJAAN UMUM DAN PENATAAN RUANG - 1.03.0.00.0.00.06.0000,10811977000,66130716,2026,Non Tender,APBD,CV. TRIPA KARYA CIPTA,Pengadaan Langsung,Jasa Konsultansi Badan Usaha Konstruksi,Pengawasan Teknis Rehabilitasi Jalan Wilayah I,SELESAI,50955660,50955660
KAB. ACEH BARAT,DINAS PEKERJAAN UMUM DAN PENATAAN RUANG - 1.03.0.00.0.00.06.0000,10106968000,62489799,2026,Tender,APBD,CV. ILHAM REZEKI MANDIRI,Tender,Pekerjaan Konstruksi,Pembangunan Instalasi Pengolahan Air (IPA)/Broncaptering/Sumur Dalam Terlindungi Gp. Kuala Pling Kec. Bubon,SELESAI,1652743224,1652743224
KAB. ACEH BARAT,DINAS PEKERJAAN UMUM DAN PENATAAN RUANG - 1.03.0.00.0.00.06.0000,10793390000,64412923,2026,Non Tender,APBD,CV. SEPAKAT KARYA CONSULTANT,Pengadaan Langsung,Jasa Konsultansi Badan Usaha Konstruksi,Perencanaan Teknis Rehabilitasi Gedung Wilayah II,SELESAI,65907360,65907360
KAB. ACEH BARAT,BLUD RUMAH SAKIT CUT NYAK DHIEN MEULABOH - 1.02.0.00.0.00.05.0020,01KJPHT67NB81WB42CBWTCVE53,64756557,2026,E-Katalog 6.0,BLUD,BAYER INDONESIA,E-Purchasing,Barang,Belanja Obat-Obatan-Obat,ON PROCESS,7908750,7908750
KAB. ACEH BARAT,DINAS KESEHATAN - 1.02.0.00.0.00.05.0000,01KWTRNK0WW3RV96MAT3FT77R7,65090117,2026,E-Katalog 6.0,APBD,SINAR DAYA ENERGI,E-Purchasing,Barang,Pengadaan Lampu Penerangan Halaman Puskesmas,ON PROCESS,313131000,313131000
KAB. ACEH BARAT,DINAS PEKERJAAN UMUM DAN PENATAAN RUANG - 1.03.0.00.0.00.06.0000,10888423000,65478505,2026,Non Tender,APBD,CV. JAYA ANDESMON,Pengadaan Langsung,Pekerjaan Konstruksi,Landscape Pendopo Bupati Ujong Karang,SELESAI,139330487,139330487
KAB. ACEH BARAT,DINAS PEKERJAAN UMUM DAN PENATAAN RUANG - 1.03.0.00.0.00.06.0000,10822493000,65593478,2026,Non Tender,APBD,Seurapong Jaya,Pengadaan Langsung,Pekerjaan Konstruksi,Pembukaan Jalan Baru Gunong Kayee Lhon Gampong Pungki Kec. Sungai Mas,SELESAI,185780000,185780000
KAB. ACEH BARAT,DINAS PERUMAHAN RAKYAT DAN KAWASAN PERMUKIMAN - 1.04.1.03.0.00.07.0000,10935486000,66930679,2026,Non Tender,APBD,BARSELA ACEH CONSULTANT,Pengadaan Langsung,Jasa Konsultansi Badan Usaha Konstruksi,Pengawasan Pembangunan jalan Gp. Lapang Kec. Johan Pahlawan,BERLANGSUNG,7974240,7974240
KAB. ACEH BARAT,DINAS PEKERJAAN UMUM DAN PENATAAN RUANG - 1.03.0.00.0.00.06.0000,10826129000,65473971,2026,Non Tender,APBD,CV. RAMARAKAS,Pengadaan Langsung,Jasa Konsultansi Badan Usaha Konstruksi,Pengawasan Teknis Rehabilitasi Gedung Kantor Sekretariat Kecamatan,SELESAI,14935050,14935050
KAB. ACEH BARAT,DINAS PEKERJAAN UMUM DAN PENATAAN RUANG - 1.03.0.00.0.00.06.0000,10935482000,67277893,2026,Non Tender,APBD,CV. DZUHA PUTRA,Pengadaan Langsung,Pekerjaan Konstruksi,Pembangunan Pengaman tebing Mesjid Sungai mas,BERLANGSUNG,185855061,185855061
KAB. ACEH BARAT,DINAS PERUMAHAN RAKYAT DAN KAWASAN PERMUKIMAN - 1.04.1.03.0.00.07.0000,10876127000,66318936,2026,Non Tender,APBD,CV. SEPAKAT KARYA CONSULTANT,Pengadaan Langsung,Jasa Konsultansi Badan Usaha Konstruksi,Perencanaan Pembangunan Saluran Drainase Lingkungan Gp. Paya Dua Kec. Woyla,SELESAI,3870500,3870500
KAB. ACEH BARAT,DINAS PEKERJAAN UMUM DAN PENATAAN RUANG - 1.03.0.00.0.00.06.0000,10108002000,62690627,2026,Tender,APBD,CV. RAHMAD,Tender,Pekerjaan Konstruksi,Peningkatan Jalan Akses Puskesmas Samatiga,SELESAI,1330400000,1330400000
KAB. ACEH BARAT,DINAS PEKERJAAN UMUM DAN PENATAAN RUANG - 1.03.0.00.0.00.06.0000,10899585000,66624909,2026,Non Tender,APBD,SADA KONSULTAN,Pengadaan Langsung,Jasa Konsultansi Badan Usaha Konstruksi,Penyusunan Database Sanitasi,SELESAI,49894500,49894500
KAB. ACEH BARAT,DINAS PEKERJAAN UMUM DAN PENATAAN RUANG - 1.03.0.00.0.00.06.0000,10797167000,65221389,2026,Non Tender,APBD,UTARI MITRA MANDIRI,Pengadaan Langsung,Pekerjaan Konstruksi,Galian Saluran Pembuang Gp. Suak Nie Zona II,SELESAI,185859266,185859266
KAB. ACEH BARAT,DINAS PEKERJAAN UMUM DAN PENATAAN RUANG - 1.03.0.00.0.00.06.0000,10857586000,67080361,2026,Non Tender,APBD,CV.MULTY POWER ENGINEERING,Pengadaan Langsung,Jasa Konsultansi Badan Usaha Konstruksi,Perencanaan Teknis Perluasan SPAM Perkotaan (Mendukung Sekolah Rakyat),SELESAI,27854840,27854840
KAB. ACEH BARAT,DINAS PEKERJAAN UMUM DAN PENATAAN RUANG - 1.03.0.00.0.00.06.0000,10899581000,66083635,2026,Non Tender,APBD,SADA KONSULTAN,Pengadaan Langsung,Jasa Konsultansi Badan Usaha Konstruksi,Update Database Air Minum,SELESAI,49894500,49894500
KAB. ACEH BARAT,DINAS PEKERJAAN UMUM DAN PENATAAN RUANG - 1.03.0.00.0.00.06.0000,10844837000,65593463,2026,Non Tender,APBD,CV. PEDULI UTAMA,Pengadaan Langsung,Pekerjaan Konstruksi,Peningkatan Jalan Alue Lhee - Teuladan,BERLANGSUNG,278755350,278755350
KAB. ACEH BARAT,DINAS PEKERJAAN UMUM DAN PENATAAN RUANG - 1.03.0.00.0.00.06.0000,10881636000,65593420,2026,Non Tender,APBD,CV.DETHA PRATAMA,Pengadaan Langsung,Pekerjaan Konstruksi,Peningkatan Jalan Sepakat Dua Gampa,SELESAI,92900000,92900000
KAB. ACEH BARAT,DINAS PEKERJAAN UMUM DAN PENATAAN RUANG - 1.03.0.00.0.00.06.0000,10821559000,65221368,2026,Non Tender,APBD,"KARYA IRAMA AGUNG, CV",Pengadaan Langsung,Pekerjaan Konstruksi,Galian Saluran Pembuang Gp. Rambong Pinto Kec. Woyla Timur,SELESAI,185859509,185859509
KAB. ACEH BARAT,DINAS PEKERJAAN UMUM DAN PENATAAN RUANG - 1.03.0.00.0.00.06.0000,10797704000,65593484,2026,Non Tender,APBD,CV. Batee Roo Away,Pengadaan Langsung,Pekerjaan Konstruksi,Peningkatan Bahu Jalan Gp. Mesjid (Jl. Bulis) Kec. Kaway XVI,SELESAI,278750000,278750000
KAB. ACEH BARAT,DINAS PERUMAHAN RAKYAT DAN KAWASAN PERMUKIMAN - 1.04.1.03.0.00.07.0000,10876218000,66318919,2026,Non Tender,APBD,CV. SEPAKAT KARYA CONSULTANT,Pengadaan Langsung,Jasa Konsultansi Badan Usaha Konstruksi,Perencanaan Pembangunan Sistem Drainase Lingkungan Gp. Krueng Meulaboh Kec. Kaway XVI,SELESAI,3726200,3726200
KAB. ACEH BARAT,DINAS SOSIAL - 1.06.0.00.0.00.10.0000,01KP7QWP6MCZMACAKFQWZFE9JS,64488393,2026,E-Katalog 6.0,APBD,AMI CAHAYA MATA,E-Purchasing,Barang,Walker,ON PROCESS,21645000,21645000
KAB. ACEH BARAT,BLUD RUMAH SAKIT CUT NYAK DHIEN MEULABOH - 1.02.0.00.0.00.05.0020,01KHKDE7JXVBKD8QCYTXHBGA03,65484844,2026,E-Katalog 6.0,BLUD,GOLDEN MANDIRI GEMILANG,E-Purchasing,Barang,Belanja Modal Alat Rumah Tangga Lainnya (Home Use),ON PROCESS,246318990,246318990
KAB. ACEH BARAT,DINAS PEKERJAAN UMUM DAN PENATAAN RUANG - 1.03.0.00.0.00.06.0000,10817605000,65221350,2026,Non Tender,APBD,CV. PUTRI REZEKI,Pengadaan Langsung,Pekerjaan Konstruksi,Normalisasi Galian Lhong Gong - TPA Mata Ie Gp. Pasi Teungoh Kec. Kaway XVI,SELESAI,179812922,179812922
KAB. ACEH BARAT,DINAS PEKERJAAN UMUM DAN PENATAAN RUANG - 1.03.0.00.0.00.06.0000,10934549000,65593454,2026,Non Tender,APBD,CV.PUTRA IDM,Pengadaan Langsung,Pekerjaan Konstruksi,Peningkatan Jalan Seulanga I,BERLANGSUNG,232238232,232238232
KAB. ACEH BARAT,DINAS PEKERJAAN UMUM DAN PENATAAN RUANG - 1.03.0.00.0.00.06.0000,10907661000,67184602,2026,Non Tender,APBD,"KARYA IRAMA AGUNG, CV",Pengadaan Langsung,Pekerjaan Konstruksi,Pelebaran dan Penimbunan Jalan Relokasi Ruas Jambak-Sikundo titik II Alue Keube,SELESAI,370725000,370725000
KAB. ACEH BARAT,DINAS PEKERJAAN UMUM DAN PENATAAN RUANG - 1.03.0.00.0.00.06.0000,10818638000,65221404,2026,Non Tender,APBD,CV. PALUGADA VAN JAVA,Pengadaan Langsung,Pekerjaan Konstruksi,Galian Saluran Pembuang Gp. Pasi Meugat Kec. Kaway XVI,SELESAI,185855985,185855985
KAB. ACEH BARAT,DINAS PEKERJAAN UMUM DAN PENATAAN RUANG - 1.03.0.00.0.00.06.0000,10832336000,65593441,2026,Non Tender,APBD,CV. BERKAH KARYA NUSANTARA,Pengadaan Langsung,Pekerjaan Konstruksi,Pembangunan Badan Jalan Gp. Seuradeuk,SELESAI,185777000,185777000
KAB. ACEH BARAT,DINAS PEKERJAAN UMUM DAN PENATAAN RUANG - 1.03.0.00.0.00.06.0000,10793928000,66061141,2026,Non Tender,APBD,CV. NUSANTARA,Pengadaan Langsung,Pekerjaan Konstruksi,Pembangunan Saluran Drainase Jalan Nasional,SELESAI,278359223,278359223
KAB. ACEH BARAT,DINAS PEKERJAAN UMUM DAN PENATAAN RUANG - 1.03.0.00.0.00.06.0000,10108006000,62690636,2026,Tender,APBD,CV. RAHMAD,Tender,Pekerjaan Konstruksi,Peningkatan Jalan Akses Pendidikan Panton Reu,SELESAI,470380000,470380000
KAB. ACEH BARAT,DINAS PEKERJAAN UMUM DAN PENATAAN RUANG - 1.03.0.00.0.00.06.0000,10934542000,65593405,2026,Non Tender,APBD,CV. BERKAH PERKASA,Pengadaan Langsung,Pekerjaan Konstruksi,Peningkatan Jalan Pinang Gp. Lapang,BERLANGSUNG,185733821,185733821
KAB. ACEH BARAT,DINAS PEKERJAAN UMUM DAN PENATAAN RUANG - 1.03.0.00.0.00.06.0000,10772142000,64539469,2026,Non Tender,APBD,CV. GRIYA ARCHITECTURE DESIGN,Pengadaan Langsung,Jasa Konsultansi Badan Usaha Konstruksi,Perencanaan Teknis Normalisasi dan Galian Saluran Pembuang Wilayah V,SELESAI,87912000,87912000
KAB. ACEH BARAT,BLUD RUMAH SAKIT CUT NYAK DHIEN MEULABOH - 1.02.0.00.0.00.05.0020,01KRZPKGAFJQ3Q0X0EM7RRPQXQ,65895765,2026,E-Katalog 6.0,BLUD,KARYA PRATAMA,E-Purchasing,Barang,Belanja Modal Alat Kesehatan Umum Lainnya,ON PROCESS,164169000,164169000
KAB. ACEH BARAT,DINAS PERUMAHAN RAKYAT DAN KAWASAN PERMUKIMAN - 1.04.1.03.0.00.07.0000,01KS22ECVW7Z2XW3ZK022TG000,66019649,2026,E-Katalog 6.0,APBD,TUJUH ENAM COMPUTER,E-Purchasing,Barang,Tab,ON PROCESS,13908300,13908300
KAB. ACEH BARAT,DINAS PEKERJAAN UMUM DAN PENATAAN RUANG - 1.03.0.00.0.00.06.0000,10146949000,67184739,2026,Tender,APBD,,Tender,Pekerjaan Konstruksi,Pembangunan dan Rehabilitasi Tanggul Longsor Badan Jalan Ruas Jawi-Sipot titik II,BERLANGSUNG,737991000,737991000
KAB. ACEH BARAT,DINAS PERUMAHAN RAKYAT DAN KAWASAN PERMUKIMAN - 1.04.1.03.0.00.07.0000,10868607000,66930642,2026,Non Tender,APBD,SADA KONSULTAN,Pengadaan Langsung,Jasa Konsultansi Badan Usaha Konstruksi,Perencanaan Peningkatan Jalan Serak Kerikil Dusun Pematang Gp.Meureubo Kec. Meureubo,SELESAI,5980500,5980500
KAB. ACEH BARAT,DINAS PEKERJAAN UMUM DAN PENATAAN RUANG - 1.03.0.00.0.00.06.0000,10797724000,66130718,2026,Non Tender,APBD,CV.DETHA PRATAMA,Pengadaan Langsung,Pekerjaan Konstruksi,Pembersihan Lahan Area Sekolah Rakyat (SR),SELESAI,299815000,299815000
KAB. ACEH BARAT,DINAS SYARIAT ISLAM - 9.01.0.00.0.00.47.0000,01KTKMC73AVDPM7EMWPE70EFCX,67247051,2026,E-Katalog 6.0,APBD,CAKRA DONYA KREASINDO,E-Purchasing,Jasa Lainnya,Tablik Akbar dan Halal Bihalal,ON PROCESS,176268000,176268000
KAB. ACEH BARAT,DINAS PEKERJAAN UMUM DAN PENATAAN RUANG - 1.03.0.00.0.00.06.0000,10820412000,65221352,2026,Non Tender,APBD,CV. MUDA BARONA,Pengadaan Langsung,Pekerjaan Konstruksi,Galian Saluran Pembuang Gp. Pasi Aceh Tunong Kec. Meureubo,SELESAI,185890464,185890464
KAB. ACEH BARAT,DINAS PERUMAHAN RAKYAT DAN KAWASAN PERMUKIMAN - 1.04.1.03.0.00.07.0000,10868584000,66930681,2026,Non Tender,APBD,SADA KONSULTAN,Pengadaan Langsung,Jasa Konsultansi Badan Usaha Konstruksi,Perencanaan Peningkatan Jalan Lingkungan Gp. Pasie Aceh Kec. Woyla,SELESAI,6267000,6267000
KAB. ACEH BARAT,BADAN PENGELOLAAN KEUANGAN DAERAH - 5.02.0.00.0.00.31.0000,10837424000,66133287,2026,Non Tender,APBD,DONKIB,Pengadaan Langsung,Pengadaan Barang,Belanja Modal Aset Tidak Berwujud-Software,SELESAI,39960000,0
KAB. ACEH BARAT,DINAS PEKERJAAN UMUM DAN PENATAAN RUANG - 1.03.0.00.0.00.06.0000,01KQY85C0YT6FN5DMV1CH6E0YP,67079758,2026,E-Katalog 6.0,APBD,ROTOTAMA BERLIANPLAST,E-Purchasing,Barang,Penyediaan Tangki Septik Pabrikasi Individual Minimal 50 KK Gp. Kuala Pling Kec. Bubon (51 Unit),ON PROCESS,239699987,239699987
KAB. ACEH BARAT,DINAS PERUMAHAN RAKYAT DAN KAWASAN PERMUKIMAN - 1.04.1.03.0.00.07.0000,10928069000,66930630,2026,Non Tender,APBD,CV. PALUGADA VAN JAVA,Pengadaan Langsung,Pekerjaan Konstruksi,Pembangunan jalan Lingkungan Gp. Drien Rampak Kec. Johan Pahlawan,BERLANGSUNG,139015000,139015000
KAB. ACEH BARAT,BLUD RUMAH SAKIT CUT NYAK DHIEN MEULABOH - 1.02.0.00.0.00.05.0020,10783870000,65648190,2026,Non Tender,BLUD,CV. ONG TECHNOLOGY,Pengadaan Langsung,Pengadaan Barang,Pengadaan Portal Parkir,SELESAI,199800000,0
KAB. ACEH BARAT,DINAS PEKERJAAN UMUM DAN PENATAAN RUANG - 1.03.0.00.0.00.06.0000,10782186000,65199191,2026,Non Tender,APBD,CV.MULTY POWER ENGINEERING,Pengadaan Langsung,Jasa Konsultansi Badan Usaha Konstruksi,Pengawasan Teknis Perluasan SPAM Perkotaan,SELESAI,39926700,39926700
KAB. ACEH BARAT,DINAS PEKERJAAN UMUM DAN PENATAAN RUANG - 1.03.0.00.0.00.06.0000,10133110000,65593404,2026,Tender,APBD,TAKUSANGKA JAYA,Tender,Pekerjaan Konstruksi,Peningkatan Jalan Samudera I,SELESAI,646116000,646116000
KAB. ACEH BARAT,DINAS KESEHATAN - 1.02.0.00.0.00.05.0000,01KT5MGZ4J9C45ZN3H2XYR3MQA,65090550,2026,E-Katalog 6.0,APBD,KOMA INDO UTAMA,E-Purchasing,Barang,Belanja Bahan-Bahan Lainnya,ON PROCESS,19968301,19968301
KAB. ACEH BARAT,DINAS PEKERJAAN UMUM DAN PENATAAN RUANG - 1.03.0.00.0.00.06.0000,10811896000,66696538,2026,Non Tender,APBD,CV. SEPAKAT KARYA CONSULTANT,Pengadaan Langsung,Jasa Konsultansi Badan Usaha Konstruksi,Pengawasan Teknis Rehabilitasi Jembatan,SELESAI,44622000,44622000
KAB. ACEH BARAT,DINAS PEKERJAAN UMUM DAN PENATAAN RUANG - 1.03.0.00.0.00.06.0000,10107038000,62489690,2026,Tender,APBD,UTARI MITRA MANDIRI,Tender,Pekerjaan Konstruksi,Pembangunan Drainase Jl. Bungong Jaroe Kec. Johan Pahlawan (Lanjutan),SELESAI,460505913,460505913
KAB. ACEH BARAT,DINAS PEKERJAAN UMUM DAN PENATAAN RUANG - 1.03.0.00.0.00.06.0000,10832333000,65593424,2026,Non Tender,APBD,CV.PUTRI JAYA UTAMA,Pengadaan Langsung,Pekerjaan Konstruksi,Pembangunan Jalan Gp. Baro WT - Alue Eumpeuk,SELESAI,185847000,185847000
KAB. ACEH BARAT,DINAS PEKERJAAN UMUM DAN PENATAAN RUANG - 1.03.0.00.0.00.06.0000,10811823000,66696621,2026,Non Tender,APBD,CV. Axis Grid Desain,Pengadaan Langsung,Jasa Konsultansi Badan Usaha Konstruksi,Pengawasan Teknis Pembangunan Pengaman Tebing Jembatan Pasi Mesjid - Ranto Panyang Barat,SELESAI,12720600,12720600
KAB. ACEH BARAT,DINAS PEKERJAAN UMUM DAN PENATAAN RUANG - 1.03.0.00.0.00.06.0000,10825722000,65593471,2026,Non Tender,APBD,"KARYA IRAMA AGUNG, CV",Pengadaan Langsung,Pekerjaan Konstruksi,Terobosan Jalan Gp. Menuang Kec. Pante Ceureumen Kab. Aceh Barat,SELESAI,185820000,185820000
KAB. ACEH BARAT,DINAS PEKERJAAN UMUM DAN PENATAAN RUANG - 1.03.0.00.0.00.06.0000,10818982000,65221339,2026,Non Tender,APBD,CV. DARMAWAN BROTHERS,Pengadaan Langsung,Pekerjaan Konstruksi,Normalisasi saluran pembuangan kecamatan johan pahlawan Zona II,SELESAI,185812778,185812778
KAB. ACEH BARAT,BLUD RUMAH SAKIT CUT NYAK DHIEN MEULABOH - 1.02.0.00.0.00.05.0020,01KK0KBNV4JKCA2F2YZ8NYX212,64756557,2026,E-Katalog 6.0,BLUD,QUANTUM LABORATORIS INTERNASIONAL,E-Purchasing,Barang,Belanja Obat-Obatan-Obat,ON PROCESS,1379952,1379952
KAB. ACEH BARAT,DINAS PEKERJAAN UMUM DAN PENATAAN RUANG - 1.03.0.00.0.00.06.0000,10844745000,65593409,2026,Non Tender,APBD,CV. BERKAH PERKASA,Pengadaan Langsung,Pekerjaan Konstruksi,Peningkatan Jalan Buloh,SELESAI,371520000,371520000
KAB. ACEH BARAT,DINAS PEKERJAAN UMUM DAN PENATAAN RUANG - 1.03.0.00.0.00.06.0000,10766458000,64741722,2026,Non Tender,APBD,CV. AUTO LEVEL CONSULTANT,Pengadaan Langsung,Jasa Konsultansi Badan Usaha Konstruksi,Perencanaan Teknis Rehabilitasi Drainase,SELESAI,12193350,12193350
KAB. ACEH BARAT,BLUD RUMAH SAKIT CUT NYAK DHIEN MEULABOH - 1.02.0.00.0.00.05.0020,01KPYHP0CEK1G4HQS7F286RDBN,66992057,2026,E-Katalog 6.0,BLUD,BERKAH REZEKI IKHLAS,E-Purchasing,Jasa Lainnya,Belanja Pengangkutan dan Pemusnahan Limbah,ON PROCESS,674999325,674999325
KAB. ACEH BARAT,DINAS PERUMAHAN RAKYAT DAN KAWASAN PERMUKIMAN - 1.04.1.03.0.00.07.0000,10874440000,66318912,2026,Non Tender,APBD,CV. PUTRA JAYA KONSULTAN,Pengadaan Langsung,Jasa Konsultansi Badan Usaha Konstruksi,Perencanaan Normalisasi Saluran Gp. Kuala Bhee Kec. Woyla,SELESAI,5988400,5988400
KAB. ACEH BARAT,DINAS PERUMAHAN RAKYAT DAN KAWASAN PERMUKIMAN - 1.04.1.03.0.00.07.0000,10928992000,66318943,2026,Non Tender,APBD,CV. NASTI ANUGERAH SEJAHTERA,Pengadaan Langsung,Pekerjaan Konstruksi,Normalisasi Saluran Gp. Rambung Kec. Bubon,BERLANGSUNG,185459400,185459400
KAB. ACEH BARAT,DINAS PEKERJAAN UMUM DAN PENATAAN RUANG - 1.03.0.00.0.00.06.0000,10136081000,62702114,2026,Tender,APBD,CV. AGAM ACEH,Tender,Pekerjaan Konstruksi,Pembangunan Jembatan Gantung Cot Manggi,SELESAI,1895084000,1895084000
KAB. ACEH BARAT,DINAS PERKEBUNAN DAN PETERNAKAN - 3.27.0.00.0.00.25.0000,10856451000,66082804,2026,Non Tender,APBD,Seurapong Jaya,Pengadaan Langsung,Pekerjaan Konstruksi,Peningkatan Jalan Perkebunan Gp. Suak Bidok Kec. Arongan Lambalek,SELESAI,185717407,185717407
KAB. ACEH BARAT,DINAS PERUMAHAN RAKYAT DAN KAWASAN PERMUKIMAN - 1.04.1.03.0.00.07.0000,10880751000,66930616,2026,Non Tender,APBD,SADA KONSULTAN,Pengadaan Langsung,Jasa Konsultansi Badan Usaha Konstruksi,Perencanaan Pembangunan Jalan Rabat Beton Gp. Meureubo dan Ujong Tanjong Kec. Meureubo,SELESAI,5989500,5989500
KAB. ACEH BARAT,DINAS PEKERJAAN UMUM DAN PENATAAN RUANG - 1.03.0.00.0.00.06.0000,10106990000,62489784,2026,Tender,APBD,CV. ILHAM REZEKI MANDIRI,Tender,Pekerjaan Konstruksi,Pembangunan Instalasi Pengolahan Air (IPA)/Broncaptering/Sumur Dalam Terlindungi Gp. Suak Sigadeng Kec. Johan Pahlawan,SELESAI,972051893,972051893
KAB. ACEH BARAT,DINAS PEKERJAAN UMUM DAN PENATAAN RUANG - 1.03.0.00.0.00.06.0000,10909558000,65474201,2026,Non Tender,APBD,SURYA BELANTARA INDO NIAGA,Pengadaan Langsung,Pekerjaan Konstruksi,Rehabilitasi Gedung Kantor Sekretariat MPD,SELESAI,139358736,139358736
KAB. ACEH BARAT,DINAS KESEHATAN - 1.02.0.00.0.00.05.0000,01KRADGG9R0PZ1NMJFXZ5C9X3Z,65010177,2026,E-Katalog 6.0,APBD,INMED TEKNOTAMA CEMERLANG,E-Purchasing,Barang,Belanja Modal Alat Kedokteran Gigi,ON PROCESS,278610000,0
KAB. ACEH BARAT,DINAS PERKEBUNAN DAN PETERNAKAN - 3.27.0.00.0.00.25.0000,10856182000,66075348,2026,Non Tender,APBD,CV.NA JAYA BERSAMA,Pengadaan Langsung,Pekerjaan Konstruksi,Terobosan Jalan Perkebunan Gp. Tanjong Meulaboh Kec. Kaway XVI,SELESAI,185778130,185778130
KAB. ACEH BARAT,DINAS PEKERJAAN UMUM DAN PENATAAN RUANG - 1.03.0.00.0.00.06.0000,10793411000,66061096,2026,Non Tender,APBD,CV.ABYAN MAKMUR,Pengadaan Langsung,Pekerjaan Konstruksi,Rehabilitasi Drainase Jl. Garuda,SELESAI,148397028,148397028
KAB. ACEH BARAT,DINAS PEKERJAAN UMUM DAN PENATAAN RUANG - 1.03.0.00.0.00.06.0000,10143394000,67267988,2026,Tender,APBD,CV MELATI,Tender,Pekerjaan Konstruksi,Rehabilitasi Jembatan Gantung Canggai,SELESAI,990861000,990861000
KAB. ACEH BARAT,DINAS SYARIAT ISLAM - 9.01.0.00.0.00.47.0000,10918971000,67283832,2026,Non Tender,APBD,"KARYA IRAMA AGUNG, CV",Pengadaan Langsung,Pekerjaan Konstruksi,Rehab MCK Masjid Baitul Qairi Gp. Peuribu Kec. Arongan Lambalek,SELESAI,98726000,98726000
KAB. ACEH BARAT,DINAS PERUMAHAN RAKYAT DAN KAWASAN PERMUKIMAN - 1.04.1.03.0.00.07.0000,10935489000,65334609,2026,Non Tender,APBD,BARSELA ACEH CONSULTANT,Pengadaan Langsung,Jasa Konsultansi Badan Usaha Konstruksi,Pengawasan Rehabilitasi Mesjid Gp. Tungkop Kec. sungai Mas,BERLANGSUNG,7958700,7958700
KAB. ACEH BARAT,DINAS PEKERJAAN UMUM DAN PENATAAN RUANG - 1.03.0.00.0.00.06.0000,10106997000,62489771,2026,Tender,APBD,Ezgavoe Jr,Tender,Pekerjaan Konstruksi,Uprating IPA/Pembangunan IPA baru/Penambahan sumur dalam terlindungi/broncaptering Gp. Gampong Baro Kec. Panton Reu,SELESAI,481921150,481921150
KAB. ACEH BARAT,DINAS PERUMAHAN RAKYAT DAN KAWASAN PERMUKIMAN - 1.04.1.03.0.00.07.0000,10866768000,65334556,2026,Non Tender,APBD,CV. TRIPA KARYA CIPTA,Pengadaan Langsung,Jasa Konsultansi Badan Usaha Konstruksi,Perencanaan Pembangunan MCK Masjid Gp. Antong Kec. Panton Reu,SELESAI,2991450,2991450
KAB. ACEH BARAT,DINAS PEKERJAAN UMUM DAN PENATAAN RUANG - 1.03.0.00.0.00.06.0000,10860741000,64883342,2026,Non Tender,APBD,CV. SEPAKAT KARYA CONSULTANT,Pengadaan Langsung,Jasa Konsultansi Badan Usaha Konstruksi,Pengawasan Teknis Rehabilitasi Workshop TPA,SELESAI,9967800,9967800
KAB. ACEH BARAT,SEKRETARIAT DAERAH - 4.01.0.00.0.00.28.0000,01KGP3TX4HSSJM2511NZEDCZWA,62723654,2026,E-Katalog 6.0,APBD,CV. INOVASI JAYA,E-Purchasing,Jasa Lainnya,Belanja Sewa Kendaraan Bermotor Penumpang,ON PROCESS,346320000,346320000
KAB. ACEH BARAT,DINAS PEKERJAAN UMUM DAN PENATAAN RUANG - 1.03.0.00.0.00.06.0000,10793389000,64414394,2026,Non Tender,APBD,cv.rupa karya architect and engineer,Pengadaan Langsung,Jasa Konsultansi Badan Usaha Konstruksi,Perencanaan Teknis Penataan Bangunan dan Lingkungan,SELESAI,35908500,35908500
KAB. ACEH BARAT,DINAS PEKERJAAN UMUM DAN PENATAAN RUANG - 1.03.0.00.0.00.06.0000,10801143000,65593479,2026,Non Tender,APBD,CV. KARYA WAJA DUA,Pengadaan Langsung,Pekerjaan Konstruksi,Peningkatan Jalan Gp. Alue Batee Kec. Arongan Lambalek,SELESAI,185810000,185810000
KAB. ACEH BARAT,BLUD RUMAH SAKIT CUT NYAK DHIEN MEULABOH - 1.02.0.00.0.00.05.0020,01KNSFAPNRYYP1PTCQA1A505HN,65895765,2026,E-Katalog 6.0,BLUD,ENESERS MITRA BERKAH,E-Purchasing,Barang,Belanja Modal Alat Kesehatan Umum Lainnya,ON PROCESS,170486512,170486512
KAB. ACEH BARAT,BLUD RUMAH SAKIT CUT NYAK DHIEN MEULABOH - 1.02.0.00.0.00.05.0020,01KJP70TT9WATD61HMS8TFT212,64756557,2026,E-Katalog 6.0,BLUD,DEXA MEDICA,E-Purchasing,Barang,Belanja Obat-Obatan-Obat,ON PROCESS,39427200,39427200
KAB. ACEH BARAT,DINAS PEKERJAAN UMUM DAN PENATAAN RUANG - 1.03.0.00.0.00.06.0000,10812090000,65593431,2026,Non Tender,APBD,CV. Axis Grid Desain,Pengadaan Langsung,Jasa Konsultansi Badan Usaha Konstruksi,Pengawasan Teknis Pembangunan Jalan Wilayah III,SELESAI,70410630,70410630
KAB. ACEH BARAT,DINAS PEKERJAAN UMUM DAN PENATAAN RUANG - 1.03.0.00.0.00.06.0000,10925671000,65478722,2026,Non Tender,APBD,CV.CEURANA,Pengadaan Langsung,Pekerjaan Konstruksi,Rehabilitasi Gedung dan Landscape (Timbunan) Kawasan Mess Atlet,SELESAI,185820518,185820518
KAB. ACEH BARAT,DINAS PERUMAHAN RAKYAT DAN KAWASAN PERMUKIMAN - 1.04.1.03.0.00.07.0000,10902776000,65334608,2026,Non Tender,APBD,CV. NUSANTARA,Pengadaan Langsung,Pekerjaan Konstruksi,Pembangunan Tempat Wudhu dan Balai Pengajian Meunasah Alif-Ba Gp. Gampa Kec. Johan,SELESAI,138841000,138841000
KAB. ACEH BARAT,DINAS PEKERJAAN UMUM DAN PENATAAN RUANG - 1.03.0.00.0.00.06.0000,10844786000,65593402,2026,Non Tender,APBD,CV. PALUGADA VAN JAVA,Pengadaan Langsung,Pekerjaan Konstruksi,Lanjutan Talud Pasie Jumpa,SELESAI,185775000,185775000
KAB. ACEH BARAT,DINAS PERUMAHAN RAKYAT DAN KAWASAN PERMUKIMAN - 1.04.1.03.0.00.07.0000,01KT3PNA3KYZ1G0FSM8VYKQTDP,67145394,2026,E-Katalog 6.0,APBD,ACEH MUDA SARE,E-Purchasing,Jasa Lainnya,Upah Tenaga Outsourcing Tenaga Kebersihan,ON PROCESS,22000000,22000000
KAB. ACEH BARAT,DINAS PEKERJAAN UMUM DAN PENATAAN RUANG - 1.03.0.00.0.00.06.0000,01KTJGMPWZAXX8HTQ1JKBMWGAR,67231538,2026,E-Katalog 6.0,APBD,ANEUK NANGGROE KREATIF,E-Purchasing,Barang,Pemberdayaan Industri Kecil dan Menengah Pengadaan Mesin Jahit Singer ,ON PROCESS,199723810,199723810
KAB. ACEH BARAT,BLUD RUMAH SAKIT CUT NYAK DHIEN MEULABOH - 1.02.0.00.0.00.05.0020,01KHWY2DZDFCAMXN04H9KS6XHQ,64756609,2026,E-Katalog 6.0,BLUD,ERA MANUNGGAL SEJAHTERA,E-Purchasing,Barang,Belanja Bahan Medis Habis Pakai (BMHP),ON PROCESS,14500041,0
KAB. ACEH BARAT,DINAS PEKERJAAN UMUM DAN PENATAAN RUANG - 1.03.0.00.0.00.06.0000,10821549000,65221414,2026,Non Tender,APBD,CV.ABYAN MAKMUR,Pengadaan Langsung,Pekerjaan Konstruksi,Galian Saluran Pembuangan Air Gp. Suak Pangkat Kec. Bubon,SELESAI,185862087,185862087
KAB. ACEH BARAT,DINAS PEKERJAAN UMUM DAN PENATAAN RUANG - 1.03.0.00.0.00.06.0000,10798573000,64754235,2026,Non Tender,APBD,CV. PELITA MEUGAH MANDIRi,Pengadaan Langsung,Pekerjaan Konstruksi,Galian Saluran Pembuangan Air Gp. Paya Meugenderang Kec. Woyla Timur,SELESAI,185865483,185865483
KAB. ACEH BARAT,BLUD RUMAH SAKIT CUT NYAK DHIEN MEULABOH - 1.02.0.00.0.00.05.0020,01KJPDGE3JF7QMP4Y0PMC5RZWF,64756557,2026,E-Katalog 6.0,BLUD,YARINDO FARMATAMA,E-Purchasing,Barang,Belanja Obat-Obatan-Obat,ON PROCESS,971250,971250
KAB. ACEH BARAT,DINAS PEKERJAAN UMUM DAN PENATAAN RUANG - 1.03.0.00.0.00.06.0000,10766371000,64736475,2026,Non Tender,APBD,CV. AUTO LEVEL CONSULTANT,Pengadaan Langsung,Jasa Konsultansi Badan Usaha Konstruksi,Perencanaan Teknis Pembangunan Drainase,SELESAI,57991950,57991950
KAB. ACEH BARAT,DINAS KESEHATAN - 1.02.0.00.0.00.05.0000,01KRWRP4MVG1815CJM6H0J6SWG,65010178,2026,E-Katalog 6.0,APBD,SEKARPUTRI MEKAR WANGI,E-Purchasing,Barang,Belanja Modal Alat Kesehatan Kebidanan dan Penyakit Kandungan,ON PROCESS,169440540,169440540
KAB. ACEH BARAT,DINAS SYARIAT ISLAM - 9.01.0.00.0.00.47.0000,10932322000,67283816,2026,Non Tender,APBD,cvbaronagenerasi,Pengadaan Langsung,Pekerjaan Konstruksi,Pembangunan Tempat Wudhu Mesjid Al-Israk Gp. Gampa Kec. Johan Pahlawan,SELESAI,99750000,99750000
KAB. ACEH BARAT,DINAS PEKERJAAN UMUM DAN PENATAAN RUANG - 1.03.0.00.0.00.06.0000,10844685000,64348276,2026,Non Tender,APBD,BARSELA ACEH CONSULTANT,Pengadaan Langsung,Jasa Konsultansi Badan Usaha Konstruksi,Perencanaan Teknis Jalan DBH Sawit,SELESAI,59940000,59940000
KAB. ACEH BARAT,DINAS PEKERJAAN UMUM DAN PENATAAN RUANG - 1.03.0.00.0.00.06.0000,10915525000,67248607,2026,Non Tender,APBD,BARSELA ACEH CONSULTANT,Pengadaan Langsung,Jasa Konsultansi Badan Usaha Konstruksi,Perencanaan Teknis Normalisasi dan Galian Saluran Pembuang Wilayah VII,SELESAI,29992200,29992200
KAB. ACEH BARAT,DINAS PEKERJAAN UMUM DAN PENATAAN RUANG - 1.03.0.00.0.00.06.0000,10895061000,67232347,2026,Non Tender,APBD,CV. RAMARAKAS,Pengadaan Langsung,Jasa Konsultansi Badan Usaha Konstruksi,Perencanaan Teknis Pembangunan dan Rehabilitasi Kantor,SELESAI,35431200,35431200
KAB. ACEH BARAT,DINAS PEKERJAAN UMUM DAN PENATAAN RUANG - 1.03.0.00.0.00.06.0000,10772113000,64539329,2026,Non Tender,APBD,CV. SEPAKAT KARYA CONSULTANT,Pengadaan Langsung,Jasa Konsultansi Badan Usaha Konstruksi,Perencanaan Teknis Normalisasi dan Galian Saluran Pembuang Wilayah II,SELESAI,71123250,71123250
KAB. ACEH BARAT,DINAS PEKERJAAN UMUM DAN PENATAAN RUANG - 1.03.0.00.0.00.06.0000,10818761000,65221406,2026,Non Tender,APBD,CV. PALUGADA VAN JAVA,Pengadaan Langsung,Pekerjaan Konstruksi,Normalisasi Saluran Pembuang Ujong Beurasok - Cot Seumeureung Kec. Johan Pahlawan,SELESAI,371839149,371839149
KAB. ACEH BARAT,DINAS PEKERJAAN UMUM DAN PENATAAN RUANG - 1.03.0.00.0.00.06.0000,10762194000,64352474,2026,Non Tender,APBD,BARSELA ACEH CONSULTANT,Pengadaan Langsung,Jasa Konsultansi Badan Usaha Konstruksi,Perencanaan Teknis Pembangunan Jalan Wilayah VII,SELESAI,89932000,89932000
KAB. ACEH BARAT,DINAS PERUMAHAN RAKYAT DAN KAWASAN PERMUKIMAN - 1.04.1.03.0.00.07.0000,10851802000,65334575,2026,Non Tender,APBD,CV. TRIPA KARYA CIPTA,Pengadaan Langsung,Jasa Konsultansi Badan Usaha Konstruksi,Perencanaan Pembangunan Paving Block Halaman Mesjid Darul Ulum Gp. Pasi Mali Kec. Woyla Barat,SELESAI,3745100,3745100
KAB. ACEH BARAT,DINAS PEKERJAAN UMUM DAN PENATAAN RUANG - 1.03.0.00.0.00.06.0000,10821546000,65221342,2026,Non Tender,APBD,CV. NASTI ANUGERAH SEJAHTERA,Pengadaan Langsung,Pekerjaan Konstruksi,Galian Saluran Pembuang Gp. Pasi Aceh Baroh Kec. Meureubo,SELESAI,362523841,362523841
KAB. ACEH BARAT,DINAS PEKERJAAN UMUM DAN PENATAAN RUANG - 1.03.0.00.0.00.06.0000,10919258000,65221411,2026,Non Tender,APBD,CV.CEURANA,Pengadaan Langsung,Pekerjaan Konstruksi,Galian Saluran Pembuang Gp. Alue Lhok Kec. Kaway XVI,SELESAI,185878347,185878347
KAB. ACEH BARAT,DINAS PEKERJAAN UMUM DAN PENATAAN RUANG - 1.03.0.00.0.00.06.0000,10892789000,67113631,2026,Non Tender,APBD,BARSELA ACEH CONSULTANT,Pengadaan Langsung,Jasa Konsultansi Badan Usaha Konstruksi,Perencanaan Teknis Pembangunan Pengaman Tebing Sungai Gp. Jambak Segmen 5,SELESAI,44993850,44993850
KAB. ACEH BARAT,DINAS PERUMAHAN RAKYAT DAN KAWASAN PERMUKIMAN - 1.04.1.03.0.00.07.0000,10836486000,66958061,2026,Non Tender,APBD,BARSELA ACEH CONSULTANT,Pengadaan Langsung,Jasa Konsultansi Badan Usaha Konstruksi,Perencanaan Pengaspalan Jalan Beurambang Dan Sekitar Gp.Seuneubok Kec. Johan Pahlawan,SELESAI,17915400,17915400
KAB. ACEH BARAT,DINAS PERUMAHAN RAKYAT DAN KAWASAN PERMUKIMAN - 1.04.1.03.0.00.07.0000,10897025000,65334585,2026,Non Tender,APBD,CV.SARTIKA37STEEL,Pengadaan Langsung,Pekerjaan Konstruksi,Pengadaan kubah masjid Gp. Blang Sibeutong Kec. Bubon,SELESAI,185798000,185798000
KAB. ACEH BARAT,DINAS PERKEBUNAN DAN PETERNAKAN - 3.27.0.00.0.00.25.0000,10888091000,66076714,2026,Non Tender,APBD,CV. PELITA MEUGAH MANDIRi,Pengadaan Langsung,Pekerjaan Konstruksi,Pembuatan Box Curvert (Gorong-Gorong) Gp. Darul Huda Kec. Woyla,SELESAI,185778128,185778128
KAB. ACEH BARAT,DINAS PEKERJAAN UMUM DAN PENATAAN RUANG - 1.03.0.00.0.00.06.0000,10908067000,66061185,2026,Non Tender,APBD,CV. PUTRI REZEKI,Pengadaan Langsung,Pekerjaan Konstruksi,Penyediaan Sumur resapan banjir,SELESAI,232301777,232301777
KAB. ACEH BARAT,DINAS PERUMAHAN RAKYAT DAN KAWASAN PERMUKIMAN - 1.04.1.03.0.00.07.0000,10851597000,65334615,2026,Non Tender,APBD,SADA KONSULTAN,Pengadaan Langsung,Jasa Konsultansi Badan Usaha Konstruksi,Perencanaan Pengadaan kubah masjid Gp. Blang Sibeutong Kec. Bubon,SELESAI,5987300,5987300
KAB. ACEH BARAT,BLUD RUMAH SAKIT CUT NYAK DHIEN MEULABOH - 1.02.0.00.0.00.05.0020,01KH31RRJ3ARN8M9AWH3GQE21Z,64756557,2026,E-Katalog 6.0,BLUD,NOVELL PHARMACEUTICAL LABORATORIES,E-Purchasing,Barang,Belanja Obat-Obatan-Obat,ON PROCESS,3283380,3283380
KAB. ACEH BARAT,DINAS PERUMAHAN RAKYAT DAN KAWASAN PERMUKIMAN - 1.04.1.03.0.00.07.0000,10845564000,66870906,2026,Non Tender,APBD,CV. SEPAKAT KARYA CONSULTANT,Pengadaan Langsung,Jasa Konsultansi Badan Usaha Konstruksi,Perencanaan Pembangunan Rumah Tidak Layak Huni atas nama MANIH CUT Gp. Keutambang Kec.Pante Ceureumen,SELESAI,3296700,3296700
KAB. ACEH BARAT,DINAS PEKERJAAN UMUM DAN PENATAAN RUANG - 1.03.0.00.0.00.06.0000,10793412000,66061104,2026,Non Tender,APBD,CV. PUSAKA SUBUR JAYA,Pengadaan Langsung,Pekerjaan Konstruksi,Rehabilitasi Drainase Jalan Bakti Pemuda (Crossing Jalan),SELESAI,139178459,139178459
KAB. ACEH BARAT,DINAS PEKERJAAN UMUM DAN PENATAAN RUANG - 1.03.0.00.0.00.06.0000,10915833000,64588308,2026,Non Tender,APBD,CV. BATOR ACEH CONSULTANT,Pengadaan Langsung,Jasa Konsultansi Badan Usaha Konstruksi,Perencanaan Teknis Normalisasi Sungai dan Saluran,SELESAI,19497150,19497150
KAB. ACEH BARAT,DINAS PENDIDIKAN DAN KEBUDAYAAN - 1.01.2.22.0.00.03.0000,10900578000,67010277,2026,Non Tender,APBD,CV. OTTOMAN ENGINEERING,Pengadaan Langsung,Jasa Konsultansi Badan Usaha Konstruksi,PERENCANAAN TEKNIS REHABILITASI TOILET SEKOLAH DASAR (TKD) (DAU),SELESAI,37168350,37168350
KAB. ACEH BARAT,DINAS PERUMAHAN RAKYAT DAN KAWASAN PERMUKIMAN - 1.04.1.03.0.00.07.0000,10874470000,66930683,2026,Non Tender,APBD,CV. PUTRA JAYA KONSULTAN,Pengadaan Langsung,Jasa Konsultansi Badan Usaha Konstruksi,Perencanaan Pembangunan Jalan Serak kerikil Gp. Alue Leuho Kec. Woyla,SELESAI,4459900,4459900
KAB. ACEH BARAT,DINAS PEKERJAAN UMUM DAN PENATAAN RUANG - 1.03.0.00.0.00.06.0000,10892826000,67113783,2026,Non Tender,APBD,SADA KONSULTAN,Pengadaan Langsung,Jasa Konsultansi Badan Usaha Konstruksi,Perencanaan Teknis Pembangunan Pengaman Tebing Canggai,SELESAI,49983300,49983300
KAB. ACEH BARAT,DINAS PERUMAHAN RAKYAT DAN KAWASAN PERMUKIMAN - 1.04.1.03.0.00.07.0000,10847002000,66870905,2026,Non Tender,APBD,CV. SEPAKAT KARYA CONSULTANT,Pengadaan Langsung,Jasa Konsultansi Badan Usaha Konstruksi,Perencanaan Pembangunan Rumah Tidak Layak Huni atas nama SALAMUDDIN Gp. Keutambang Kec.Pante Ceureumen,SELESAI,3278000,3278000
KAB. ACEH BARAT,DINAS PEKERJAAN UMUM DAN PENATAAN RUANG - 1.03.0.00.0.00.06.0000,10801677000,65221419,2026,Non Tender,APBD,CV. SEPAKAT KARYA CONSULTANT,Pengadaan Langsung,Jasa Konsultansi Badan Usaha Konstruksi,Pengawasan Teknis Normalisasi dan Galian Saluran Pembuang Wilayah III,SELESAI,56326950,56326950
KAB. ACEH BARAT,DINAS PEKERJAAN UMUM DAN PENATAAN RUANG - 1.03.0.00.0.00.06.0000,10801654000,65221344,2026,Non Tender,APBD,SADA KONSULTAN,Pengadaan Langsung,Jasa Konsultansi Badan Usaha Konstruksi,Pengawasan Teknis Normalisasi dan Galian Saluran Pembuang Wilayah I,SELESAI,59097510,59097510
KAB. ACEH BARAT,DINAS SOSIAL - 1.06.0.00.0.00.10.0000,01KP7JEYV8CD1VFTZ1RBTCTN5H,64487375,2026,E-Katalog 6.0,APBD,AMI CAHAYA MATA,E-Purchasing,Barang,Kursi Roda,ON PROCESS,226617600,226617600
KAB. ACEH BARAT,DINAS PERUMAHAN RAKYAT DAN KAWASAN PERMUKIMAN - 1.04.1.03.0.00.07.0000,10877840000,66318938,2026,Non Tender,APBD,CV. SEPAKAT KARYA CONSULTANT,Pengadaan Langsung,Jasa Konsultansi Badan Usaha Konstruksi,Perencanaan Pembagunan Saluran Drainase Gp. Langung Kec. Meureubo,SELESAI,3870500,3870500
KAB. ACEH BARAT,DINAS PERKEBUNAN DAN PETERNAKAN - 3.27.0.00.0.00.25.0000,10856262000,66074872,2026,Non Tender,APBD,CV. TUAH KARYA,Pengadaan Langsung,Pekerjaan Konstruksi,Peningkatan Jalan Perkebunan Gp. Pulo Teungoh Kec. Pante Ceureumen,SELESAI,185764092,185764092
KAB. ACEH BARAT,DINAS PEKERJAAN UMUM DAN PENATAAN RUANG - 1.03.0.00.0.00.06.0000,10798549000,64754576,2026,Non Tender,APBD,CV. EDY BROTHERS,Pengadaan Langsung,Pekerjaan Konstruksi,Galian Saluran Pembuangan Gp. Alue Keumuneng Kec. Woyla Barat,SELESAI,185851510,185851510
KAB. ACEH BARAT,DINAS KESEHATAN - 1.02.0.00.0.00.05.0000,10113824000,62576909,2026,Tender,APBD,CV. ADAN PRAKARSA,Tender,Pekerjaan Konstruksi,Pembangunan Rumah Singgah Pasien Kab. Aceh Barat,SELESAI,3125925926,3125925926
KAB. ACEH BARAT,DINAS PEKERJAAN UMUM DAN PENATAAN RUANG - 1.03.0.00.0.00.06.0000,10762706000,64353669,2026,Non Tender,APBD,CV. Axis Grid Desain,Pengadaan Langsung,Jasa Konsultansi Badan Usaha Konstruksi,Perencanaan Teknis Rehabilitasi Jalan Wilayah II,SELESAI,73926000,73926000
KAB. ACEH BARAT,DINAS PEKERJAAN UMUM DAN PENATAAN RUANG - 1.03.0.00.0.00.06.0000,10146221000,67237968,2026,Tender,APBD,,Tender,Pekerjaan Konstruksi,Penataan dan Rehabilitasi Lueng Aneuk Ayee (Lanjutan),BERLANGSUNG,634990500,634990500
KAB. ACEH BARAT,DINAS PEKERJAAN UMUM DAN PENATAAN RUANG - 1.03.0.00.0.00.06.0000,10793388000,65476875,2026,Non Tender,APBD,HARRIS ARCHITECTURE & BUILD,Pengadaan Langsung,Pekerjaan Konstruksi,Lanjutan Rehabilitasi Pendopo Ujong Karang,SELESAI,139217825,139217825
KAB. ACEH BARAT,DINAS PEKERJAAN UMUM DAN PENATAAN RUANG - 1.03.0.00.0.00.06.0000,10762331000,64350471,2026,Non Tender,APBD,CV. Axis Grid Desain,Pengadaan Langsung,Jasa Konsultansi Badan Usaha Konstruksi,Perencanaan Teknis Pembangunan Jalan Wilayah II,SELESAI,75113000,75113000
KAB. ACEH BARAT,DINAS PEKERJAAN UMUM DAN PENATAAN RUANG - 1.03.0.00.0.00.06.0000,10907680000,67184623,2026,Non Tender,APBD,CV NISKALA KITA BERSAMA,Pengadaan Langsung,Pekerjaan Konstruksi,Penimbunan Jalan Relokasi Ruas Kubu Capang- Pasie Ara WT,SELESAI,370680000,370680000
KAB. ACEH BARAT,DINAS PEKERJAAN UMUM DAN PENATAAN RUANG - 1.03.0.00.0.00.06.0000,10905817000,67277896,2026,Non Tender,APBD,SADA KONSULTAN,Pengadaan Langsung,Jasa Konsultansi Badan Usaha Konstruksi,Perencanaan Pembangunan Pengaman tebing Mesjid Sungai mas,SELESAI,9995550,9995550
KAB. ACEH BARAT,DINAS KELAUTAN DAN PERIKANAN - 3.25.0.00.0.00.22.0000,10898411000,65034712,2026,Non Tender,APBD,CV. BANTU KAWAN KAWAN,Pengadaan Langsung,Pengadaan Barang,Bantuan Bibit Ikan Lele dan Pakan untuk Kab. Aceh Barat,SELESAI,99825460,0
KAB. ACEH BARAT,DINAS PEKERJAAN UMUM DAN PENATAAN RUANG - 1.03.0.00.0.00.06.0000,10875109000,66061226,2026,Non Tender,APBD,BARSELA ACEH CONSULTANT,Pengadaan Langsung,Jasa Konsultansi Badan Usaha Konstruksi,Perencanaan Drainase Kab. Aceh Barat,SELESAI,74986050,74986050
KAB. ACEH BARAT,DINAS PERUMAHAN RAKYAT DAN KAWASAN PERMUKIMAN - 1.04.1.03.0.00.07.0000,10851584000,65334579,2026,Non Tender,APBD,CV. TRIPA KARYA CIPTA,Pengadaan Langsung,Jasa Konsultansi Badan Usaha Konstruksi,Perencanaan Pembangunan pagar kuburan Gp. Kampung Belakang Kec. Johan Pahlawan,SELESAI,4034800,4034800
KAB. ACEH BARAT,DINAS PERUMAHAN RAKYAT DAN KAWASAN PERMUKIMAN - 1.04.1.03.0.00.07.0000,10870325000,65334584,2026,Non Tender,APBD,CV. NUSANTARA,Pengadaan Langsung,Pekerjaan Konstruksi,Pembangunan Penggantian Kubah Masjid Babul Jannah Gp. Suak Indrapuri Kec. Johan Pahlawan,SELESAI,185509000,185509000
KAB. ACEH BARAT,DINAS PEKERJAAN UMUM DAN PENATAAN RUANG - 1.03.0.00.0.00.06.0000,01KQY9PDNZEJJAKAK4354TJ0FT,67079914,2026,E-Katalog 6.0,APBD,ROTOTAMA BERLIANPLAST,E-Purchasing,Barang,Penyediaan Tangki Septik Pabrikasi Individual Minimal 50 KK Gp. Paya Baro Meuko Kec. Panton Reu (54 Unit),ON PROCESS,253799986,253799986
KAB. ACEH BARAT,DINAS KESEHATAN - 1.02.0.00.0.00.05.0000,10109845000,63470979,2026,Tender,APBD,CV.MULTY POWER ENGINEERING,Seleksi,Jasa Konsultansi Badan Usaha Konstruksi,Jasa Konsultan Pengawasan Teknis Pembangunan Rumah Singgah Pasien,SELESAI,125374500,125374500
KAB. ACEH BARAT,DINAS PERHUBUNGAN - 2.15.0.00.0.00.17.0000,10874288000,67165131,2026,Non Tender,APBD,CV.AL-KAUTSAR CONSULTANT,Pengadaan Langsung,Jasa Konsultansi Badan Usaha Konstruksi,"Perencanaan Pengecatan Marka Jalan, Perlengkapan Paku Jalan, Perlengkapan Cermin Cembung, dan Perlengkapan Rambu Jalan",SELESAI,38150700,38150700
KAB. ACEH BARAT,DINAS PERUMAHAN RAKYAT DAN KAWASAN PERMUKIMAN - 1.04.1.03.0.00.07.0000,10843130000,66318918,2026,Non Tender,APBD,CV. PUTRA JAYA KONSULTAN,Pengadaan Langsung,Jasa Konsultansi Badan Usaha Konstruksi,Perencanaan Normalisasi Saluran Gp. Cot Kec. Samatiga,SELESAI,5989500,5989500
KAB. ACEH BARAT,DINAS PENANAMAN MODAL DAN PELAYANAN TERPADU SATU PINTU - 2.18.0.00.0.00.19.0000,01KPSDRXNKQXDCEMSWTKBF7SXS,64865964,2026,E-Katalog 6.0,APBD,SADIM KARYA PRATAMA,E-Purchasing,Jasa Lainnya,Upah Tenaga Outsourcing Spesifikasi -,ON PROCESS,53964000,53964000
KAB. ACEH BARAT,DINAS PEKERJAAN UMUM DAN PENATAAN RUANG - 1.03.0.00.0.00.06.0000,10797718000,65221405,2026,Non Tender,APBD,CV ET GROUP,Pengadaan Langsung,Pekerjaan Konstruksi,Galian Saluran Pembuang Gp. Suak Raya Zona III,SELESAI,185841744,185841744
KAB. ACEH BARAT,DINAS PERUMAHAN RAKYAT DAN KAWASAN PERMUKIMAN - 1.04.1.03.0.00.07.0000,10880612000,66930645,2026,Non Tender,APBD,BARSELA ACEH CONSULTANT,Pengadaan Langsung,Jasa Konsultansi Badan Usaha Konstruksi,Perencanaan Pembangunan Jalan Rabat Beton Dusun H.Dariah Gp. Langung Kec. Meureubo,SELESAI,7437000,7437000
KAB. ACEH BARAT,DINAS SYARIAT ISLAM - 9.01.0.00.0.00.47.0000,10932765000,67283808,2026,Non Tender,APBD,"KARYA IRAMA AGUNG, CV",Pengadaan Langsung,Pekerjaan Konstruksi,Rehabilitasi Tempat Wudhu Mesjid Darul Ulum Gampong Pasi Mali Kecamatan Woyla Barat,SELESAI,99720000,99720000
KAB. ACEH BARAT,BLUD RUMAH SAKIT CUT NYAK DHIEN MEULABOH - 1.02.0.00.0.00.05.0020,01KN4XNTY06QKC97S9KAS9YSG6,65895765,2026,E-Katalog 6.0,BLUD,KARYA PRATAMA,E-Purchasing,Barang,Belanja Modal Alat Kesehatan Umum Lainnya,ON PROCESS,917970002,917970002
KAB. ACEH BARAT,DINAS PEKERJAAN UMUM DAN PENATAAN RUANG - 1.03.0.00.0.00.06.0000,10762275000,64352117,2026,Non Tender,APBD,CV. PUTRA JAYA KONSULTAN,Pengadaan Langsung,Jasa Konsultansi Badan Usaha Konstruksi,Perencanaan Teknis Pembangunan Jalan Wilayah VI,SELESAI,71950000,71950000
KAB. ACEH BARAT,DINAS PEKERJAAN UMUM DAN PENATAAN RUANG - 1.03.0.00.0.00.06.0000,10766982000,64883273,2026,Non Tender,APBD,CV. AUTO LEVEL CONSULTANT,Pengadaan Langsung,Jasa Konsultansi Badan Usaha Konstruksi,Perencanaan Teknis Rehabilitasi Workshop TPA,SELESAI,9978900,9978900
KAB. ACEH BARAT,DINAS PERKEBUNAN DAN PETERNAKAN - 3.27.0.00.0.00.25.0000,10858191000,66076488,2026,Non Tender,APBD,CV. GRAHA MANDIRI,Pengadaan Langsung,Pekerjaan Konstruksi,Normalisasi Saluran Perkebunan Gp. Ujong Simpang Kec. Arongan Lambalek,SELESAI,185755330,185755330
KAB. ACEH BARAT,BADAN PENGELOLAAN KEUANGAN DAERAH - 5.02.0.00.0.00.31.0000,01KS482TTN81Q78Y2B5PKQ2TZJ,66110602,2026,E-Katalog 6.0,APBD,PERUSAHAAN PERSEROAN (PERSERO) PT. TELEKOMUNIKASI INDONESIA,E-Purchasing,Jasa Lainnya,Belanja Kawat/Faksimili/Internet/TV Berlangganan,ON PROCESS,78892584,78892584
KAB. ACEH BARAT,DINAS PEKERJAAN UMUM DAN PENATAAN RUANG - 1.03.0.00.0.00.06.0000,10852481000,64349489,2026,Non Tender,APBD,CV. RAMARAKAS,Pengadaan Langsung,Jasa Konsultansi Badan Usaha Konstruksi,Perencanaan Teknis Jalan DOKA Wilayah III,SELESAI,99900000,99900000
KAB. ACEH BARAT,DINAS PEKERJAAN UMUM DAN PENATAAN RUANG - 1.03.0.00.0.00.06.0000,10133075000,62702133,2026,Tender,APBD,CV. NAGAH BERLIAN,Tender,Pekerjaan Konstruksi,Rehabilitasi Jembatan Gantung Cot Punti,SELESAI,1429000000,1429000000
KAB. ACEH BARAT,DINAS PEKERJAAN UMUM DAN PENATAAN RUANG - 1.03.0.00.0.00.06.0000,10815860000,65593470,2026,Non Tender,APBD,CV MELATI,Pengadaan Langsung,Pekerjaan Konstruksi,Terobosan Jalan Gp. Blang Teungoh Kec. Panton Reu,SELESAI,185777000,185777000
KAB. ACEH BARAT,DINAS PERUMAHAN RAKYAT DAN KAWASAN PERMUKIMAN - 1.04.1.03.0.00.07.0000,10874375000,66930634,2026,Non Tender,APBD,CV. PUTRA JAYA KONSULTAN,Pengadaan Langsung,Jasa Konsultansi Badan Usaha Konstruksi,Perencanaan Pembangunan jalan Lingkungan Gp. Pasi Pinang Kec. Meureubo,SELESAI,4459900,4459900
KAB. ACEH BARAT,DINAS PEKERJAAN UMUM DAN PENATAAN RUANG - 1.03.0.00.0.00.06.0000,10801668000,65221354,2026,Non Tender,APBD,CV. TRIPA KARYA CIPTA,Pengadaan Langsung,Jasa Konsultansi Badan Usaha Konstruksi,Pengawasan Teknis Normalisasi dan Galian Saluran Pembuang Wilayah II,SELESAI,53329950,53329950
KAB. ACEH BARAT,DINAS PERKEBUNAN DAN PETERNAKAN - 3.27.0.00.0.00.25.0000,10856389000,66076945,2026,Non Tender,APBD,CV. PELITA MEUGAH MANDIRi,Pengadaan Langsung,Pekerjaan Konstruksi,Peningkatan Jalan Perkebunan Gp. Aron Baroh Kec. Woyla,SELESAI,185755832,185755832
KAB. ACEH BARAT,DINAS PEKERJAAN UMUM DAN PENATAAN RUANG - 1.03.0.00.0.00.06.0000,10811993000,66130707,2026,Non Tender,APBD,PT. TUNGGAI CONSULTANT,Pengadaan Langsung,Jasa Konsultansi Badan Usaha Konstruksi,Pengawasan Teknis Rehabilitasi Jalan Wilayah II,SELESAI,54978300,54978300
KAB. ACEH BARAT,DINAS PEKERJAAN UMUM DAN PENATAAN RUANG - 1.03.0.00.0.00.06.0000,10831982000,65593460,2026,Non Tender,APBD,CV. JAYA ANDESMON,Pengadaan Langsung,Pekerjaan Konstruksi,Terobosan Jalan Cot Rambong,SELESAI,185810000,185810000
KAB. ACEH BARAT,DINAS PEKERJAAN UMUM DAN PENATAAN RUANG - 1.03.0.00.0.00.06.0000,10895188000,64587505,2026,Non Tender,APBD,CV. PUTRA JAYA KONSULTAN,Pengadaan Langsung,Jasa Konsultansi Badan Usaha Konstruksi,Perencanaan Teknis Pembangunan Tanggul Pengaman,SELESAI,7464750,7464750
KAB. ACEH BARAT,DINAS SYARIAT ISLAM - 9.01.0.00.0.00.47.0000,10919277000,67283806,2026,Non Tender,APBD,CV.CEURANA,Pengadaan Langsung,Pekerjaan Konstruksi,Rehab MCK Mesjid Baitul Kharamah,SELESAI,98890000,98890000
KAB. ACEH BARAT,BADAN PENANGGULANGAN BENCANA DAERAH - 1.05.0.00.0.00.09.0000,01KPTG6JBFT2AB4Z1NGCAVTPBW,64371270,2026,E-Katalog 6.0,APBD,FERHO UTAMA NUSANTARA,E-Purchasing,Barang,Belanja Modal Kendaraan Bermotor Khusus,ON PROCESS,1198800000,1198800000
KAB. ACEH BARAT,SEKRETARIAT DAERAH - 4.01.0.00.0.00.28.0000,01KWVDRVX4DR93RFH4WN87ZKK6,67403756,2026,E-Katalog 6.0,APBD,TELEKOMUNIKASI INTERNET INDONESIA,E-Purchasing,Barang,Belanja Alat Kantor Lainnya,ON PROCESS,172510981,172510981
KAB. ACEH BARAT,DINAS PEKERJAAN UMUM DAN PENATAAN RUANG - 1.03.0.00.0.00.06.0000,10821555000,65221361,2026,Non Tender,APBD,CV.AGRA PERMATA INDAH,Pengadaan Langsung,Pekerjaan Konstruksi,Galian Saluran Pembuang Gp. semuleng Kec. Bubon,SELESAI,185888902,185888902
KAB. ACEH BARAT,DINAS PEKERJAAN UMUM DAN PENATAAN RUANG - 1.03.0.00.0.00.06.0000,10108019000,62702055,2026,Tender,APBD,CV. B Y KONSTRUKSI,Tender,Pekerjaan Konstruksi,Peningkatan Jalan Balee - Reudeup - Buloh - Bukit Jaya,SELESAI,470700000,470700000
KAB. ACEH BARAT,DINAS TRANSMIGRASI DAN TENAGA KERJA - 3.32.2.07.0.00.27.0000,10916041000,67334144,2026,Non Tender,APBD,CV. CAHAYA MENARA AGUNG,Pengadaan Langsung,Pengadaan Barang,BANTUAN ALAT UNTUK PESERTA PELATIHAN AC,SELESAI,105800000,0
KAB. ACEH BARAT,DINAS PEKERJAAN UMUM DAN PENATAAN RUANG - 1.03.0.00.0.00.06.0000,10785164000,65832968,2026,Non Tender,APBD,CV. KARYA CREATIF CONSULTANT,Pengadaan Langsung,Jasa Konsultansi Badan Usaha Konstruksi,Pengawasan Teknis Peningkatan Jalan Alue Keumuneng - Simpang Teumarom,SELESAI,11960250,11960250
KAB. ACEH BARAT,DINAS PERUMAHAN RAKYAT DAN KAWASAN PERMUKIMAN - 1.04.1.03.0.00.07.0000,10877122000,66318920,2026,Non Tender,APBD,CV. TRIPA KARYA CIPTA,Pengadaan Langsung,Jasa Konsultansi Badan Usaha Konstruksi,Perencanaan Rehabilitasi Drainase Dusun Meulur Kec. Johan Pahlawan,SELESAI,3678500,3678500
KAB. ACEH BARAT,DINAS PEKERJAAN UMUM DAN PENATAAN RUANG - 1.03.0.00.0.00.06.0000,10852515000,65593452,2026,Non Tender,APBD,CV. DRIJA CIPTA,Pengadaan Langsung,Pekerjaan Konstruksi,Pembangunan Badan Jalan Gp. Meunasah Buloh,SELESAI,185770000,185770000
KAB. ACEH BARAT,DINAS PENANAMAN MODAL DAN PELAYANAN TERPADU SATU PINTU - 2.18.0.00.0.00.19.0000,01KPSD8KQKFD5C5JYWZD44FXTY,64865968,2026,E-Katalog 6.0,APBD,SADIM KARYA PRATAMA,E-Purchasing,Jasa Lainnya,Upah Tenaga Outsourcing Spesifikasi -,ON PROCESS,13491000,13491000
KAB. ACEH BARAT,DINAS PEKERJAAN UMUM DAN PENATAAN RUANG - 1.03.0.00.0.00.06.0000,01KS2030VCTT6093PJ163Z4TB3,66061009,2026,E-Katalog 6.0,APBD,ASTRA INTERNATIONAL - Toyota Sales Operation,E-Purchasing,Barang,Pengadaan Mobil Pengendali Banjir,ON PROCESS,476667075,0
KAB. ACEH BARAT,DINAS PEKERJAAN UMUM DAN PENATAAN RUANG - 1.03.0.00.0.00.06.0000,10907713000,66061178,2026,Non Tender,APBD,CV.NA JAYA BERSAMA,Pengadaan Langsung,Pekerjaan Konstruksi,Penyedian dan Pemasangan Bio pori,SELESAI,185836200,185836200
KAB. ACEH BARAT,DINAS PERUMAHAN RAKYAT DAN KAWASAN PERMUKIMAN - 1.04.1.03.0.00.07.0000,10868634000,65334580,2026,Non Tender,APBD,CV. TRIPA KARYA CIPTA,Pengadaan Langsung,Jasa Konsultansi Badan Usaha Konstruksi,Perencanaan Pembanguna Pagar Kuburan Gp. Ujong Tanjong Kec. Meureubo,SELESAI,2995890,2995890
KAB. ACEH BARAT,DINAS PEKERJAAN UMUM DAN PENATAAN RUANG - 1.03.0.00.0.00.06.0000,10797348000,65593415,2026,Non Tender,APBD,CV.NA JAYA BERSAMA,Pengadaan Langsung,Pekerjaan Konstruksi,Peningkatan/Rehabilitasi Jalan Singgahmata II Cs,SELESAI,185800000,185800000
KAB. ACEH BARAT,DINAS SYARIAT ISLAM - 9.01.0.00.0.00.47.0000,10932508000,67283819,2026,Non Tender,APBD,CV. PUSAKA SUBUR JAYA,Pengadaan Langsung,Pekerjaan Konstruksi,Pembangunan MCK + Tempat Wudhu Mesjid Nurul Yaqin Gp. Pasi Mesjid Kec. Meureubo,SELESAI,149880000,149880000
KAB. ACEH BARAT,DINAS PEKERJAAN UMUM DAN PENATAAN RUANG - 1.03.0.00.0.00.06.0000,10852455000,64349017,2026,Non Tender,APBD,CV. SEPAKAT KARYA CONSULTANT,Pengadaan Langsung,Jasa Konsultansi Badan Usaha Konstruksi,Perencanaan Teknis Jalan DOKA Wilayah II,SELESAI,99900000,99900000
KAB. ACEH BARAT,DINAS PEKERJAAN UMUM DAN PENATAAN RUANG - 1.03.0.00.0.00.06.0000,10907668000,67184597,2026,Non Tender,APBD,SURYA BELANTARA INDO NIAGA,Pengadaan Langsung,Pekerjaan Konstruksi,Penimbunan Jalan Relokasi Ruas Jambak-Sikundo Titik I,SELESAI,370751000,370751000
KAB. ACEH BARAT,DINAS PEKERJAAN UMUM DAN PENATAAN RUANG - 1.03.0.00.0.00.06.0000,10817693000,65221341,2026,Non Tender,APBD,CV RIZKINA JAYA MANDIRI,Pengadaan Langsung,Pekerjaan Konstruksi,Galian Saluran Pembuang Gp. Tanjong Meulaboh Kec. Kaway XVI,SELESAI,167264283,167264283
KAB. ACEH BARAT,DINAS PEMBERDAYAAN PEREMPUAN PERLINDUNGAN ANAK DAN KELUARGA BERENCANA - 2.08.2.14.0.00.11.0000,01KVF1NAXZX3JF45J8J8RBTEWF,67324474,2026,E-Katalog 6.0,APBD,ACEH MUDA SARE,E-Purchasing,Jasa Lainnya,Upah Tenaga Outsourcing,ON PROCESS,14400000,14400000
KAB. ACEH BARAT,DINAS PEKERJAAN UMUM DAN PENATAAN RUANG - 1.03.0.00.0.00.06.0000,10892822000,67113711,2026,Non Tender,APBD,SADA KONSULTAN,Pengadaan Langsung,Jasa Konsultansi Badan Usaha Konstruksi,Perencanaan Teknis Pembangunan Pengaman Tebing Sungai Gp. Lawet Segmen 1,SELESAI,79992150,79992150
KAB. ACEH BARAT,DINAS PERUMAHAN RAKYAT DAN KAWASAN PERMUKIMAN - 1.04.1.03.0.00.07.0000,10879280000,66930670,2026,Non Tender,APBD,CV. TRIPA KARYA CIPTA,Pengadaan Langsung,Jasa Konsultansi Badan Usaha Konstruksi,Perencanaan Pembangunan Box Curvert Gp. Langung,SELESAI,3569700,3569700
KAB. ACEH BARAT,DINAS PEKERJAAN UMUM DAN PENATAAN RUANG - 1.03.0.00.0.00.06.0000,10793199000,66074562,2026,Non Tender,APBD,CV. B Y KONSTRUKSI,Pengadaan Langsung,Pekerjaan Konstruksi,Lanjutan Jalan Idris yahya,SELESAI,371780000,371780000
KAB. ACEH BARAT,DINAS PEKERJAAN UMUM DAN PENATAAN RUANG - 1.03.0.00.0.00.06.0000,10772131000,64539367,2026,Non Tender,APBD,CV. RAMARAKAS,Pengadaan Langsung,Jasa Konsultansi Badan Usaha Konstruksi,Perencanaan Teknis Normalisasi dan Galian Saluran Pembuang Wilayah III,SELESAI,75119250,75119250
KAB. ACEH BARAT,DINAS PEKERJAAN UMUM DAN PENATAAN RUANG - 1.03.0.00.0.00.06.0000,10107023000,62489735,2026,Tender,APBD,SURYA BELANTARA INDO NIAGA,Tender,Pekerjaan Konstruksi,Rehabilitasi Drainase Jl. Nasional Kec. Johan Pahlawan,SELESAI,465047882,465047882
KAB. ACEH BARAT,DINAS PEKERJAAN UMUM DAN PENATAAN RUANG - 1.03.0.00.0.00.06.0000,10772136000,64539399,2026,Non Tender,APBD,CV. RAMARAKAS,Pengadaan Langsung,Jasa Konsultansi Badan Usaha Konstruksi,Perencanaan Teknis Normalisasi dan Galian Saluran Pembuang Wilayah IV,SELESAI,87135000,87135000
KAB. ACEH BARAT,BLUD RUMAH SAKIT CUT NYAK DHIEN MEULABOH - 1.02.0.00.0.00.05.0020,01KJPEWVGYYSS6XJ9Z057DSV4H,64756557,2026,E-Katalog 6.0,BLUD,MEPROFARM,E-Purchasing,Barang,Belanja Obat-Obatan-Obat,ON PROCESS,2331000,2331000
KAB. ACEH BARAT,DINAS PEKERJAAN UMUM DAN PENATAAN RUANG - 1.03.0.00.0.00.06.0000,10767692000,64412092,2026,Non Tender,APBD,CV. TRIPA KARYA CIPTA,Pengadaan Langsung,Jasa Konsultansi Badan Usaha Konstruksi,Perencanaan Teknis Pembangunan dan Rehabilitasi Pendopo Bupati Aceh Barat,SELESAI,25951800,25951800
KAB. ACEH BARAT,DINAS PEKERJAAN UMUM DAN PENATAAN RUANG - 1.03.0.00.0.00.06.0000,10798580000,64754312,2026,Non Tender,APBD,CV. PELITA MEUGAH MANDIRi,Pengadaan Langsung,Pekerjaan Konstruksi,Galian Saluran Pembuangan Air Gp. Tuwi Eumpeuk Kec. Woyla Timur,SELESAI,185843422,185843422
KAB. ACEH BARAT,DINAS PEKERJAAN UMUM DAN PENATAAN RUANG - 1.03.0.00.0.00.06.0000,10818520000,65593417,2026,Non Tender,APBD,CV.GUNAMA JAYA,Pengadaan Langsung,Pekerjaan Konstruksi,Peningkatan Jalan Cot Lawang,BERLANGSUNG,232215924,232215924
KAB. ACEH BARAT,DINAS PEKERJAAN UMUM DAN PENATAAN RUANG - 1.03.0.00.0.00.06.0000,10844799000,65593461,2026,Non Tender,APBD,CV. JAYA ANDESMON,Pengadaan Langsung,Pekerjaan Konstruksi,"Serak Batu Sayeung Gp. Keub Kec. Arongan Lambalek, Kab. Aceh Barat",SELESAI,185789000,185789000
KAB. ACEH BARAT,DINAS PERUMAHAN RAKYAT DAN KAWASAN PERMUKIMAN - 1.04.1.03.0.00.07.0000,10860006000,66870918,2026,Non Tender,APBD,CV. SEPAKAT KARYA CONSULTANT,Pengadaan Langsung,Jasa Konsultansi Badan Usaha Konstruksi,Perencanaan Pembangunan Rumah Tidak Layak Huni atas nama SAMSUDDIN Gp. Seumantok Kec. Pante Ceureumen,SELESAI,3296700,3296700
KAB. ACEH BARAT,DINAS PEKERJAAN UMUM DAN PENATAAN RUANG - 1.03.0.00.0.00.06.0000,10818351000,65221403,2026,Non Tender,APBD,CV. PALUGADA VAN JAVA,Pengadaan Langsung,Pekerjaan Konstruksi,Galian Saluran Pembuang Gp. Putim Kec. Kaway XVI,SELESAI,185847489,185847489
KAB. ACEH BARAT,DINAS PERKEBUNAN DAN PETERNAKAN - 3.27.0.00.0.00.25.0000,10856469000,66075581,2026,Non Tender,APBD,putrakualawoyla,Pengadaan Langsung,Pekerjaan Konstruksi,Terobosan Jalan Perkebunan Gp. Suak Seuke Kec. Samatiga,SELESAI,185722630,185722630
KAB. ACEH BARAT,DINAS PEKERJAAN UMUM DAN PENATAAN RUANG - 1.03.0.00.0.00.06.0000,10813845000,65477159,2026,Non Tender,APBD,CV.MULTY POWER ENGINEERING,Pengadaan Langsung,Jasa Konsultansi Badan Usaha Konstruksi,Pengawasan Teknis Pembangunan dan Rehabilitasi Pendopo Bupati Aceh Barat,SELESAI,19480500,19480500
KAB. ACEH BARAT,DINAS PEKERJAAN UMUM DAN PENATAAN RUANG - 1.03.0.00.0.00.06.0000,10815859000,65593413,2026,Non Tender,APBD,SURYA BELANTARA INDO NIAGA,Pengadaan Langsung,Pekerjaan Konstruksi,Peningkatan Jalan Kantor Keuchik Suak Raya,BERLANGSUNG,278795761,278795761
KAB. ACEH BARAT,DINAS KESEHATAN - 1.02.0.00.0.00.05.0000,01KR56GZ528YHJ82YV3SKBEQZ8,67073122,2026,E-Katalog 6.0,APBD,MULTIPLUS MEDILAB,E-Purchasing,Barang,Belanja Reagen Sanitarian Kit,ON PROCESS,707189989,707189989
KAB. ACEH BARAT,DINAS PENDIDIKAN DAN KEBUDAYAAN - 1.01.2.22.0.00.03.0000,10897819000,67010140,2026,Non Tender,APBD,CV. OTTOMAN ENGINEERING,Pengadaan Langsung,Jasa Konsultansi Badan Usaha Konstruksi,PERENCANAAN  REHABILITASI RUANG KELAS SDN 01 PERCONTOHAN (DAU),SELESAI,43956000,43956000
KAB. ACEH BARAT,DINAS PEKERJAAN UMUM DAN PENATAAN RUANG - 1.03.0.00.0.00.06.0000,10812107000,65593421,2026,Non Tender,APBD,CV. Axis Grid Desain,Pengadaan Langsung,Jasa Konsultansi Badan Usaha Konstruksi,Pengawasan Teknis Pembangunan Jalan Wilayah IV,SELESAI,74917230,74917230
KAB. ACEH BARAT,BADAN PENANGGULANGAN BENCANA DAERAH - 1.05.0.00.0.00.09.0000,10126249000,66844458,2026,Tender,APBD,cvbaronagenerasi,Tender,Pekerjaan Konstruksi,Pekerjaan Konstruksi Hanggar dan Gudang Logistik,SELESAI,1184498920,1184498920
KAB. ACEH BARAT,DINAS PERUMAHAN RAKYAT DAN KAWASAN PERMUKIMAN - 1.04.1.03.0.00.07.0000,10845541000,66870902,2026,Non Tender,APBD,CV. SEPAKAT KARYA CONSULTANT,Pengadaan Langsung,Jasa Konsultansi Badan Usaha Konstruksi,Perencanaan Pembangunan Rumah Tidak Layak Huni atas nama JAMALUDDIN Gp. Keutambang Kec.Pante Ceureumen,SELESAI,3296700,3296700
KAB. ACEH BARAT,DINAS PERUMAHAN RAKYAT DAN KAWASAN PERMUKIMAN - 1.04.1.03.0.00.07.0000,10824752000,66318906,2026,Non Tender,APBD,BARSELA ACEH CONSULTANT,Pengadaan Langsung,Jasa Konsultansi Badan Usaha Konstruksi,Perencanaan Pembangunan Drainase Lingkungan Gp. Ujung Baroh (komplek Pasar) Kec. johan Pahlawan,SELESAI,15540000,15540000
KAB. ACEH BARAT,DINAS PEKERJAAN UMUM DAN PENATAAN RUANG - 1.03.0.00.0.00.06.0000,01KW8WGPGVY6ZA6C41JGNHJKJK,64883446,2026,E-Katalog 6.0,APBD,RASINDO UTAMA,E-Purchasing,Barang,Pengadaan Becak Sampah (8 Unit),ON PROCESS,475999995,475999995
KAB. ACEH BARAT,DINAS PEMBERDAYAAN PEREMPUAN PERLINDUNGAN ANAK DAN KELUARGA BERENCANA - 2.08.2.14.0.00.11.0000,01KVF1X7FEEA5FY7K04BY6YGWG,67324473,2026,E-Katalog 6.0,APBD,ACEH MUDA SARE,E-Purchasing,Jasa Lainnya,Upah Tenaga Outsourcing,ON PROCESS,50400000,50400000
KAB. ACEH BARAT,DINAS PEKERJAAN UMUM DAN PENATAAN RUANG - 1.03.0.00.0.00.06.0000,10798560000,64754183,2026,Non Tender,APBD,CV. PELITA MEUGAH MANDIRi,Pengadaan Langsung,Pekerjaan Konstruksi,Galian Saluran Pembuangan Air Gp. Pasi Janeng Kec. Woyla Timur,SELESAI,185874308,185874308
KAB. ACEH BARAT,DINAS PEKERJAAN UMUM DAN PENATAAN RUANG - 1.03.0.00.0.00.06.0000,10898630000,67184578,2026,Non Tender,APBD,CV. SEPAKAT KARYA CONSULTANT,Pengadaan Langsung,Jasa Konsultansi Badan Usaha Konstruksi,Perencanaan Teknis Pembangunan Jalan Wilayah IX,SELESAI,15995000,15995000
KAB. ACEH BARAT,DINAS PEKERJAAN UMUM DAN PENATAAN RUANG - 1.03.0.00.0.00.06.0000,10826032000,65477686,2026,Non Tender,APBD,CV. RAMARAKAS,Pengadaan Langsung,Jasa Konsultansi Badan Usaha Konstruksi,Pengawasan Teknis Rehabilitasi Gedung Wilayah II,SELESAI,49444950,49444950
KAB. ACEH BARAT,DINAS SYARIAT ISLAM - 9.01.0.00.0.00.47.0000,10919254000,67283807,2026,Non Tender,APBD,CV.CEURANA,Pengadaan Langsung,Pekerjaan Konstruksi,Pemeliharaan Mesjid Baitul Mukminin Gp. Ranub Dong Kec. Meureubo,SELESAI,172044000,172044000
KAB. ACEH BARAT,DINAS PEKERJAAN UMUM DAN PENATAAN RUANG - 1.03.0.00.0.00.06.0000,10844833000,65593477,2026,Non Tender,APBD,Seurapong Jaya,Pengadaan Langsung,Pekerjaan Konstruksi,Pembukaan Jalan Baru Tumikeut Ano Gampong Mon Pasong Kec. Woyla Barat,SELESAI,185783000,185783000
KAB. ACEH BARAT,DINAS PENANAMAN MODAL DAN PELAYANAN TERPADU SATU PINTU - 2.18.0.00.0.00.19.0000,01KPSDKBWZS8W4KHS82FPFS3W6,64865970,2026,E-Katalog 6.0,APBD,SADIM KARYA PRATAMA,E-Purchasing,Jasa Lainnya,Upah Tenaga Outsourcing Spesifikasi -,ON PROCESS,53964000,53964000
KAB. ACEH BARAT,DINAS PEKERJAAN UMUM DAN PENATAAN RUANG - 1.03.0.00.0.00.06.0000,10838057000,65474662,2026,Non Tender,APBD,CV TRC COMPANY,Pengadaan Langsung,Pekerjaan Konstruksi,Rehabilitasi Pendopo Wakil Bupati,SELESAI,373085807,373085807
KAB. ACEH BARAT,DINAS PEKERJAAN UMUM DAN PENATAAN RUANG - 1.03.0.00.0.00.06.0000,10823013000,65221328,2026,Non Tender,APBD,CV. CAHAYA MENARA AGUNG,Pengadaan Langsung,Pekerjaan Konstruksi,Galian Saluran Pembuang Gp. Suak Bidok Kec. Arongan Lambalek,SELESAI,185826970,185826970
KAB. ACEH BARAT,DINAS PEKERJAAN UMUM DAN PENATAAN RUANG - 1.03.0.00.0.00.06.0000,10108023000,62690634,2026,Tender,APBD,TAKUSANGKA JAYA,Tender,Pekerjaan Konstruksi,Peningkatan Jalan Pasi Janeng - Paya Baro - Leubok Beutong,SELESAI,700501000,700501000
KAB. ACEH BARAT,DINAS PEKERJAAN UMUM DAN PENATAAN RUANG - 1.03.0.00.0.00.06.0000,10797693000,65221400,2026,Non Tender,APBD,UTARI MITRA MANDIRI,Pengadaan Langsung,Pekerjaan Konstruksi,Galian Saluran Pembuang Gp. Suak Raya Zona II,SELESAI,185872427,185872427
KAB. ACEH BARAT,DINAS PEKERJAAN UMUM DAN PENATAAN RUANG - 1.03.0.00.0.00.06.0000,10797640000,65221399,2026,Non Tender,APBD,UTARI MITRA MANDIRI,Pengadaan Langsung,Pekerjaan Konstruksi,Galian Saluran Pembuang Gp. Suak Raya Zona I,SELESAI,185850758,185850758
KAB. ACEH BARAT,DINAS PEKERJAAN UMUM DAN PENATAAN RUANG - 1.03.0.00.0.00.06.0000,10871479000,65593485,2026,Non Tender,APBD,CV. DZUHA PUTRA,Pengadaan Langsung,Pekerjaan Konstruksi,Peningkatan Jalan Kubu Capang - Pasie Ara Wt,SELESAI,232212000,232212000
KAB. ACEH BARAT,DINAS PEKERJAAN UMUM DAN PENATAAN RUANG - 1.03.0.00.0.00.06.0000,10124044000,66696638,2026,Tender,APBD,CV. SEPAKAT KARYA CONSULTANT,Seleksi,Jasa Konsultansi Badan Usaha Konstruksi,Pengawasan Teknis Pembangunan Jembatan Gantung Mugo - Blang Teungoh,SELESAI,123000210,123000210
KAB. ACEH BARAT,DINAS PERUMAHAN RAKYAT DAN KAWASAN PERMUKIMAN - 1.04.1.03.0.00.07.0000,10909033000,65334624,2026,Non Tender,APBD,BARSELA ACEH CONSULTANT,Pengadaan Langsung,Jasa Konsultansi Badan Usaha Konstruksi,Pengawasan Pembangunan Tempat Wudhu dan Balai Pengajian Meunasah Alif-Ba Gp. Gampa,SELESAI,5964030,5964030
KAB. ACEH BARAT,DINAS PEKERJAAN UMUM DAN PENATAAN RUANG - 1.03.0.00.0.00.06.0000,10859509000,64597743,2026,Non Tender,APBD,CV. OPTIMIS DESIGN,Pengadaan Langsung,Jasa Konsultansi Badan Usaha Konstruksi,Perencanaan Daerah Irigasi 2026 Wilayah II,SELESAI,99678000,99678000
KAB. ACEH BARAT,DINAS PEKERJAAN UMUM DAN PENATAAN RUANG - 1.03.0.00.0.00.06.0000,10919468000,65221413,2026,Non Tender,APBD,CV. JAYA ANDESMON,Pengadaan Langsung,Pekerjaan Konstruksi,Galian Saluran Pembuang Gp. Kelembah Kec. Woyla,SELESAI,185897017,185897017
KAB. ACEH BARAT,BLUD RUMAH SAKIT CUT NYAK DHIEN MEULABOH - 1.02.0.00.0.00.05.0020,01KHB4R5CVNTMC76Y4ANQ0GQVN,64756557,2026,E-Katalog 6.0,BLUD,DARYA-VARIA LABORATORIA,E-Purchasing,Barang,Belanja Obat-Obatan-Obat,ON PROCESS,7828830,7828830
KAB. ACEH BARAT,DINAS PEKERJAAN UMUM DAN PENATAAN RUANG - 1.03.0.00.0.00.06.0000,10806764000,65221363,2026,Non Tender,APBD,CV. DWI KARYA TABINA,Pengadaan Langsung,Pekerjaan Konstruksi,Galian Saluran Pembuang Gp. kuala pling Kec. Bubon,SELESAI,185851401,185851401
KAB. ACEH BARAT,DINAS PERUMAHAN RAKYAT DAN KAWASAN PERMUKIMAN - 1.04.1.03.0.00.07.0000,10834227000,66930635,2026,Non Tender,APBD,BARSELA ACEH CONSULTANT,Pengadaan Langsung,Jasa Konsultansi Badan Usaha Konstruksi,Perencanaan Pengaspalan Lr. TGk Chik Gp. Lapang Kec. Johan Pahlawan,SELESAI,8968800,8968800
KAB. ACEH BARAT,DINAS KESEHATAN - 1.02.0.00.0.00.05.0000,10894437000,67250005,2026,Non Tender,APBDP,CV.MULTY POWER ENGINEERING,Pengadaan Langsung,Jasa Konsultansi Badan Usaha Non Konstruksi,Jasa Konsultan Desain Perencanaan Pembangunan SPAM Puskesmas Kajeung,SELESAI,23127405,23127405
KAB. ACEH BARAT,DINAS PEKERJAAN UMUM DAN PENATAAN RUANG - 1.03.0.00.0.00.06.0000,10811884000,66696619,2026,Non Tender,APBD,CV. TRIPA KARYA CIPTA,Pengadaan Langsung,Jasa Konsultansi Badan Usaha Konstruksi,Pengawasan Teknis Pembangunan Jembatan Wilayah II,SELESAI,63834435,63834435
KAB. ACEH BARAT,DINAS PEKERJAAN UMUM DAN PENATAAN RUANG - 1.03.0.00.0.00.06.0000,10798546000,64754656,2026,Non Tender,APBD,CV. HANAN JAYA KONSTRUKSI,Pengadaan Langsung,Pekerjaan Konstruksi,Galian Saluran Pembuang Gp. Pasi Janeng,SELESAI,185856899,185856899
KAB. ACEH BARAT,DINAS PEKERJAAN UMUM DAN PENATAAN RUANG - 1.03.0.00.0.00.06.0000,10844793000,66130712,2026,Non Tender,APBD,CV.DETHA PRATAMA,Pengadaan Langsung,Pekerjaan Konstruksi,Rehabilitasi Jalan Pasie Aceh - Pasie Malie,SELESAI,371805000,371805000
KAB. ACEH BARAT,DINAS PEKERJAAN UMUM DAN PENATAAN RUANG - 1.03.0.00.0.00.06.0000,10798536000,64753886,2026,Non Tender,APBD,CV.CEURANA,Pengadaan Langsung,Pekerjaan Konstruksi,Galian Saluran Pembuang Air Gp. Simpang Kec. Kaway XVI,SELESAI,185859365,185859365
KAB. ACEH BARAT,DINAS PEKERJAAN UMUM DAN PENATAAN RUANG - 1.03.0.00.0.00.06.0000,10763989000,63710125,2026,Non Tender,APBD,CV. RAMARAKAS,Pengadaan Langsung,Jasa Konsultansi Badan Usaha Konstruksi,Pengawasan Teknis Pembangunan Drainase Jl. Iskandar Muda Kec. Johan Pahlawan (Lanjutan),SELESAI,19935600,19935600
KAB. ACEH BARAT,DINAS PEKERJAAN UMUM DAN PENATAAN RUANG - 1.03.0.00.0.00.06.0000,10762137000,64352777,2026,Non Tender,APBD,CV. RAMARAKAS,Pengadaan Langsung,Jasa Konsultansi Badan Usaha Konstruksi,Perencanaan Teknis Pembangunan Jalan Wilayah VIII,SELESAI,89948000,89948000
KAB. ACEH BARAT,DINAS PERUMAHAN RAKYAT DAN KAWASAN PERMUKIMAN - 1.04.1.03.0.00.07.0000,10839042000,66318923,2026,Non Tender,APBD,CV. PUTRA JAYA KONSULTAN,Pengadaan Langsung,Jasa Konsultansi Badan Usaha Konstruksi,Perencanaan Normalisasi Saluran Gp.Gampa Kec. Johan Pahlawan,SELESAI,5989500,5989500
KAB. ACEH BARAT,DINAS PEKERJAAN UMUM DAN PENATAAN RUANG - 1.03.0.00.0.00.06.0000,10805547000,65221401,2026,Non Tender,APBD,CV. Gamas Mandiri,Pengadaan Langsung,Pekerjaan Konstruksi,Galian Drainase Gp. Liceh Kec. Bubon,SELESAI,185990079,185990079
KAB. ACEH BARAT,DINAS PERUMAHAN RAKYAT DAN KAWASAN PERMUKIMAN - 1.04.1.03.0.00.07.0000,10843133000,66318930,2026,Non Tender,APBD,CV. TRIPA KARYA CIPTA,Pengadaan Langsung,Jasa Konsultansi Badan Usaha Konstruksi,Perencanaan Normalisasi Saluran Gp. Kuta Padang Kec. Bubon,SELESAI,5987300,5987300
KAB. ACEH BARAT,DINAS SYARIAT ISLAM - 9.01.0.00.0.00.47.0000,01KVW8CCMV72EF629XWWTK1S2N,67284144,2026,E-Katalog 6.0,APBDP,MITRA SEJATI,E-Purchasing,Barang,Pengadaan Wareless,ON PROCESS,99789000,99789000
KAB. ACEH BARAT,DINAS PERUMAHAN RAKYAT DAN KAWASAN PERMUKIMAN - 1.04.1.03.0.00.07.0000,10890419000,65334553,2026,Non Tender,APBD,BARSELA ACEH CONSULTANT,Pengadaan Langsung,Jasa Konsultansi Badan Usaha Konstruksi,Perencanaan Pembangunan Leher Kubah Masjid Gp. Peulanteu Kec. Bubon,SELESAI,5987340,5987340
KAB. ACEH BARAT,DINAS PERUMAHAN RAKYAT DAN KAWASAN PERMUKIMAN - 1.04.1.03.0.00.07.0000,10935488000,66930648,2026,Non Tender,APBD,CV. TRIPA KARYA CIPTA,Pengadaan Langsung,Jasa Konsultansi Badan Usaha Konstruksi,Pengawasan Pembangunan jalan Lingkungan Gp. Drien Rampak Kec. Johan Pahlawan,BERLANGSUNG,5971800,5971800
KAB. ACEH BARAT,DINAS PEKERJAAN UMUM DAN PENATAAN RUANG - 1.03.0.00.0.00.06.0000,10826053000,65478574,2026,Non Tender,APBD,CV. GRIYA ARCHITECTURE DESIGN,Pengadaan Langsung,Jasa Konsultansi Badan Usaha Konstruksi,Pengawasan Teknis Penataan Bangunan dan Lingkungan,SELESAI,26973000,26973000
KAB. ACEH BARAT,DINAS PENDIDIKAN DAN KEBUDAYAAN - 1.01.2.22.0.00.03.0000,10917512000,67323622,2026,Non Tender,APBD,CV. OTTOMAN ENGINEERING,Pengadaan Langsung,Jasa Konsultansi Badan Usaha Konstruksi,PERENCANAAN TEKNIS REHABILITASI SEDANG/BERAT RUANG KELAS SEKOLAH DASAR (DAU),SELESAI,26606700,26606700
KAB. ACEH BARAT,DINAS PERUMAHAN RAKYAT DAN KAWASAN PERMUKIMAN - 1.04.1.03.0.00.07.0000,10879290000,66930677,2026,Non Tender,APBD,CV. TRIPA KARYA CIPTA,Pengadaan Langsung,Jasa Konsultansi Badan Usaha Konstruksi,Perencanaan Pembangunan Box Curvert Gp. Rambong Pinto Kec. Woyla Timur,SELESAI,4757400,4757400
KAB. ACEH BARAT,DINAS PEKERJAAN UMUM DAN PENATAAN RUANG - 1.03.0.00.0.00.06.0000,10801693000,65221415,2026,Non Tender,APBD,CV. TRIPA KARYA CIPTA,Pengadaan Langsung,Jasa Konsultansi Badan Usaha Konstruksi,Pengawasan Teknis Normalisasi dan Galian Saluran Pembuang Wilayah VI,SELESAI,58318290,58318290
KAB. ACEH BARAT,DINAS PEKERJAAN UMUM DAN PENATAAN RUANG - 1.03.0.00.0.00.06.0000,10108011000,62690637,2026,Tender,APBD,SURYA BELANTARA INDO NIAGA,Tender,Pekerjaan Konstruksi,Peningkatan Jalan Pulo Teungoh - Jambak - Sikundo,SELESAI,471250000,471250000
KAB. ACEH BARAT,DINAS PERUMAHAN RAKYAT DAN KAWASAN PERMUKIMAN - 1.04.1.03.0.00.07.0000,10904281000,67292999,2026,Non Tender,APBD,BARSELA ACEH CONSULTANT,Pengadaan Langsung,Jasa Konsultansi Badan Usaha Konstruksi,Perencanaan Pembangunan Rumah Layak Huni (DOKA),SELESAI,17982000,17982000
KAB. ACEH BARAT,DINAS PERKEBUNAN DAN PETERNAKAN - 3.27.0.00.0.00.25.0000,01KKZTYDX8HVEA8S5DKM5C9H5W,65603580,2026,E-Katalog 6.0,APBD,ARAFAH MAKMUR TERNAK,E-Purchasing,Barang,Bantuan Daging Sapi Dari Presiden untk Meugang Kab. Aceh Barat,ON PROCESS,996000000,996000000
KAB. ACEH BARAT,DINAS PERUMAHAN RAKYAT DAN KAWASAN PERMUKIMAN - 1.04.1.03.0.00.07.0000,10880396000,66930619,2026,Non Tender,APBD,CV. SEPAKAT KARYA CONSULTANT,Pengadaan Langsung,Jasa Konsultansi Badan Usaha Konstruksi,Perencanaan Rabat Beton,SELESAI,3870500,3870500
KAB. ACEH BARAT,BLUD RUMAH SAKIT CUT NYAK DHIEN MEULABOH - 1.02.0.00.0.00.05.0020,01KJYF2W9BX759J20EZTW8PT6J,64756557,2026,E-Katalog 6.0,BLUD,GLAXO WELLCOME INDONESIA,E-Purchasing,Barang,Belanja Obat-Obatan-Obat,ON PROCESS,26538546,0
KAB. ACEH BARAT,DINAS PEKERJAAN UMUM DAN PENATAAN RUANG - 1.03.0.00.0.00.06.0000,10762685000,64354905,2026,Non Tender,APBD,CV. SEPAKAT KARYA CONSULTANT,Pengadaan Langsung,Jasa Konsultansi Badan Usaha Konstruksi,Perencanaan Teknis Pembangunan Jembatan Wilayah II,SELESAI,85175000,85175000
KAB. ACEH BARAT,DINAS PENDIDIKAN DAN KEBUDAYAAN - 1.01.2.22.0.00.03.0000,10901136000,66999610,2026,Non Tender,APBD,CV. OTTOMAN ENGINEERING,Pengadaan Langsung,Jasa Konsultansi Badan Usaha Konstruksi,"Perencanaan Teknis Pembangunan Sarana, Prasarana dan Utilitas Sekolah Dasar (Pembuatan Sumur Bor) (DAU)",SELESAI,11976900,11976900
KAB. ACEH BARAT,DINAS PEKERJAAN UMUM DAN PENATAAN RUANG - 1.03.0.00.0.00.06.0000,10859084000,65279836,2026,Non Tender,APBD,CV. SADIM KARYA PRATAMA,Pengadaan Langsung,Pekerjaan Konstruksi,Lanjutan Rehabilitasi Gedung Pertemuan Masyarakat di Bappeda,SELESAI,371483385,371483385
KAB. ACEH BARAT,DINAS KESEHATAN - 1.02.0.00.0.00.05.0000,01KRB31J45KHRH2KMKSCKCF6PP,65090550,2026,E-Katalog 6.0,APBD,SENTRA ASIA GEMILANG,E-Purchasing,Barang,Belanja Bahan-Bahan Lainnya,ON PROCESS,349022517,0
KAB. ACEH BARAT,DINAS PERUMAHAN RAKYAT DAN KAWASAN PERMUKIMAN - 1.04.1.03.0.00.07.0000,10892252000,67249419,2026,Non Tender,APBD,SADA KONSULTAN,Pengadaan Langsung,Jasa Konsultansi Badan Usaha Konstruksi,Perencanaan Pembangunan Kanopi Mesjid Al-Azhar Dusun Ujong Parasok Lapang,SELESAI,5987340,5987340
KAB. ACEH BARAT,DINAS PEKERJAAN UMUM DAN PENATAAN RUANG - 1.03.0.00.0.00.06.0000,10907605000,66696617,2026,Non Tender,APBD,CV. AGAM ACEH,Pengadaan Langsung,Pekerjaan Konstruksi,Pembangunan Box Ruas Jalan Kubu Capang - Pasie Ara WT,SELESAI,167250000,167250000
KAB. ACEH BARAT,DINAS SOSIAL - 1.06.0.00.0.00.10.0000,01KTKJV6T1QHN7RBH7A8K5356Q,67190749,2026,E-Katalog 6.0,APBD,AMI CAHAYA MATA,E-Purchasing,Barang,Belanja Barang untuk Dijual/Diserahkan kepada Masyarakat,ON PROCESS,89910000,89910000
KAB. ACEH BARAT,DINAS PERKEBUNAN DAN PETERNAKAN - 3.27.0.00.0.00.25.0000,10856139000,66071634,2026,Non Tender,APBD,CV. MUDA BARONA,Pengadaan Langsung,Pekerjaan Konstruksi,Terobosan Jalan Perkebunan Gp. Manjeng Kec. Pante Ceureumen,SELESAI,185721431,185721431
KAB. ACEH BARAT,DINAS PERKEBUNAN DAN PETERNAKAN - 3.27.0.00.0.00.25.0000,10858063000,66075092,2026,Non Tender,APBD,CV. TUAH KARYA,Pengadaan Langsung,Pekerjaan Konstruksi,Peningkatan Jalan Perkebunan Gp. Teupin Panah Kec. Kaway XVI,SELESAI,185697450,185697450
KAB. ACEH BARAT,DINAS PERUMAHAN RAKYAT DAN KAWASAN PERMUKIMAN - 1.04.1.03.0.00.07.0000,10866665000,66930655,2026,Non Tender,APBD,BARSELA ACEH CONSULTANT,Pengadaan Langsung,Jasa Konsultansi Badan Usaha Konstruksi,Perencanaan Peningkatan jalan Gp. Ujong Kalak Kec. Johan Pahlawan,SELESAI,5989560,5989560
KAB. ACEH BARAT,DINAS SYARIAT ISLAM - 9.01.0.00.0.00.47.0000,01KVW9576TNMFBNRSSAWB8PAYV,67284144,2026,E-Katalog 6.0,APBDP,PELITA HATI ENGINEERING,E-Purchasing,Barang,Pengadaan Wareless,ON PROCESS,99678000,99678000
KAB. ACEH BARAT,DINAS PEKERJAAN UMUM DAN PENATAAN RUANG - 1.03.0.00.0.00.06.0000,10826805000,64411667,2026,Non Tender,APBD,CV. SEPAKAT KARYA CONSULTANT,Pengadaan Langsung,Jasa Konsultansi Badan Usaha Konstruksi,Perencanaan Teknis Rehabilitasi Gedung Kantor Sekretariat Kecamatan,SELESAI,14842920,14842920
KAB. ACEH BARAT,DINAS PEKERJAAN UMUM DAN PENATAAN RUANG - 1.03.0.00.0.00.06.0000,10845598000,65475582,2026,Non Tender,APBD,CV TRC COMPANY,Pengadaan Langsung,Pekerjaan Konstruksi,Lanjutan Interior Pendopo Wakil Bupati,SELESAI,367977979,367977979
KAB. ACEH BARAT,DINAS PEKERJAAN UMUM DAN PENATAAN RUANG - 1.03.0.00.0.00.06.0000,10820548000,65281339,2026,Non Tender,APBD,CV. JAYA ANDESMON,Pengadaan Langsung,Pekerjaan Konstruksi,Pembangunan Kanopi dan Garasi Belakang Mess Pendopo Bupati Ujong Karang,SELESAI,399600175,399600175
KAB. ACEH BARAT,DINAS PEKERJAAN UMUM DAN PENATAAN RUANG - 1.03.0.00.0.00.06.0000,10106936000,62489843,2026,Tender,APBD,Ezgavoe Jr,Tender,Pekerjaan Konstruksi,Pembangunan Instalasi Pengolahan Air (IPA)/Broncaptering/Sumur Dalam Terlindungi Gp. Pasi Pandan Kec. Woyla,SELESAI,737748685,737748685
KAB. ACEH BARAT,BLUD RUMAH SAKIT CUT NYAK DHIEN MEULABOH - 1.02.0.00.0.00.05.0020,01KPB94620W2JSQGDQJDM5PJ5D,66913972,2026,E-Katalog 6.0,BLUD,INDOMULTI MITRA SENTOSA,E-Purchasing,Barang,Belanja Apron,ON PROCESS,122307570,122307570
KAB. ACEH BARAT,BLUD RUMAH SAKIT CUT NYAK DHIEN MEULABOH - 1.02.0.00.0.00.05.0020,01KN9E0W9SFG0EKVX0B3ZTD1KX,65895765,2026,E-Katalog 6.0,BLUD,AGINTA SURGICALINDO,E-Purchasing,Barang,Belanja Modal Alat Kesehatan Umum Lainnya,ON PROCESS,195915000,0
KAB. ACEH BARAT,DINAS PERUMAHAN RAKYAT DAN KAWASAN PERMUKIMAN - 1.04.1.03.0.00.07.0000,10866584000,65334557,2026,Non Tender,APBD,BARSELA ACEH CONSULTANT,Pengadaan Langsung,Jasa Konsultansi Badan Usaha Konstruksi,Perencanaan Pembangunan Masjid Baitul Arifin Gp. Pucok Reudeup Kec. Meureubo,SELESAI,5988450,5988450
KAB. ACEH BARAT,DINAS PEKERJAAN UMUM DAN PENATAAN RUANG - 1.03.0.00.0.00.06.0000,10817170000,65221332,2026,Non Tender,APBD,CV. TUAH KARYA,Pengadaan Langsung,Pekerjaan Konstruksi,Galian Saluran Pembuang Gp. Pasi Jambu Kec. Kaway XVI,SELESAI,185873742,185873742
KAB. ACEH BARAT,DINAS PEKERJAAN UMUM DAN PENATAAN RUANG - 1.03.0.00.0.00.06.0000,10764000000,63710198,2026,Non Tender,APBD,CV. RAMARAKAS,Pengadaan Langsung,Jasa Konsultansi Badan Usaha Konstruksi,Pengawasan Teknis Rehabilitasi Drainase Jl. Nasional Kec. Johan Pahlawan,SELESAI,19951140,19951140
KAB. ACEH BARAT,DINAS PEKERJAAN UMUM DAN PENATAAN RUANG - 1.03.0.00.0.00.06.0000,10785173000,65832984,2026,Non Tender,APBD,CV. PUTRA JAYA KONSULTAN,Pengadaan Langsung,Jasa Konsultansi Badan Usaha Konstruksi,Pengawasan Teknis Peningkatan Jalan Blang Dalam - Teupin Panah,SELESAI,11946375,11946375
KAB. ACEH BARAT,DINAS PEKERJAAN UMUM DAN PENATAAN RUANG - 1.03.0.00.0.00.06.0000,10107041000,62489650,2026,Tender,APBD,CV. CAHAYA MENARA AGUNG,Tender,Pekerjaan Konstruksi,Rehabilitasi Drainase Jl. Kesehatan Kec. Johan Pahlawan,SELESAI,460000502,460000502
KAB. ACEH BARAT,DINAS PEKERJAAN UMUM DAN PENATAAN RUANG - 1.03.0.00.0.00.06.0000,10785142000,65832981,2026,Non Tender,APBD,CV. ARIGA KARYA,Pengadaan Langsung,Jasa Konsultansi Badan Usaha Konstruksi,Pengawasan Teknis Peningkatan Jalan Akses Puskesmas Samatiga,SELESAI,41380800,41380800
KAB. ACEH BARAT,DINAS PEKERJAAN UMUM DAN PENATAAN RUANG - 1.03.0.00.0.00.06.0000,10144561000,67080368,2026,Tender,APBD,,Tender,Pekerjaan Konstruksi,Perluasan SPAM Perkotaan (Mendukung Sekolah Rakyat),BERLANGSUNG,799986000,799986000
KAB. ACEH BARAT,DINAS PEKERJAAN UMUM DAN PENATAAN RUANG - 1.03.0.00.0.00.06.0000,10907626000,66696614,2026,Non Tender,APBD,CV NISKALA KITA BERSAMA,Pengadaan Langsung,Pekerjaan Konstruksi,Pembangunan Box Culvert Pasi Ara WT,SELESAI,232300000,232300000
KAB. ACEH BARAT,DINAS PEKERJAAN UMUM DAN PENATAAN RUANG - 1.03.0.00.0.00.06.0000,10785185000,65832965,2026,Non Tender,APBD,CV. BINTARA ENGINEERING CONSULTANT,Pengadaan Langsung,Jasa Konsultansi Badan Usaha Konstruksi,Pengawasan Teknis Peningkatan Jalan Pulo Teungoh - Jambak - Sikundo,SELESAI,18185130,18185130
KAB. ACEH BARAT,DINAS PEKERJAAN UMUM DAN PENATAAN RUANG - 1.03.0.00.0.00.06.0000,10108009000,62690631,2026,Tender,APBD,CV.NA JAYA BERSAMA,Tender,Pekerjaan Konstruksi,Peningkatan Jalan Blang Mee - Seuradek,SELESAI,470586000,470586000
KAB. ACEH BARAT,DINAS PEKERJAAN UMUM DAN PENATAAN RUANG - 1.03.0.00.0.00.06.0000,10881633000,67184724,2026,Non Tender,APBD,CV. GRIYA ARCHITECTURE DESIGN,Pengadaan Langsung,Jasa Konsultansi Badan Usaha Konstruksi,Perencanaan Teknis Pelebaran dan Penimbunan Jalan Relokasi,SELESAI,47952000,47952000
KAB. ACEH BARAT,DINAS SYARIAT ISLAM - 9.01.0.00.0.00.47.0000,10919714000,67345886,2026,Non Tender,APBD,CV. AGAM ACEH,Pengadaan Langsung,Pekerjaan Konstruksi,Rehab MCK Mesjid Ashabul Khafi Gp. Suak Geudebang Kec. Samatiga,SELESAI,98923000,98923000
KAB. ACEH BARAT,DINAS PERUMAHAN RAKYAT DAN KAWASAN PERMUKIMAN - 1.04.1.03.0.00.07.0000,10909562000,65334625,2026,Non Tender,APBD,CV. DARMAWAN BROTHERS,Pengadaan Langsung,Pekerjaan Konstruksi,Pembangunan pagar mesjid Al- Hidayah Gp. Kuta Padang Kec. Johan Pahlawan,SELESAI,92698000,92698000
KAB. ACEH BARAT,DINAS PEKERJAAN UMUM DAN PENATAAN RUANG - 1.03.0.00.0.00.06.0000,10817433000,65221333,2026,Non Tender,APBD,CV.AGRA PERMATA INDAH,Pengadaan Langsung,Pekerjaan Konstruksi,"Galian Saluran Pembuang Gp. Blang Luah LM Kec. Woyla Barat, Kab. Aceh Barat",SELESAI,185875592,185875592
KAB. ACEH BARAT,DINAS PEKERJAAN UMUM DAN PENATAAN RUANG - 1.03.0.00.0.00.06.0000,10793815000,66061137,2026,Non Tender,APBD,CV. Batee Roo Away,Pengadaan Langsung,Pekerjaan Konstruksi,Pembangunan Drainase Gp. Suak Raya,SELESAI,185524606,185524606
KAB. ACEH BARAT,DINAS PEKERJAAN UMUM DAN PENATAAN RUANG - 1.03.0.00.0.00.06.0000,10825621000,65593453,2026,Non Tender,APBD,CV POTENSI AGRO LESTARI,Pengadaan Langsung,Pekerjaan Konstruksi,Pembukaan Jalan Baru Gp. Pante Ceureumen Kec. Pante Ceureumen,SELESAI,185750000,185750000
KAB. ACEH BARAT,DINAS PEKERJAAN UMUM DAN PENATAAN RUANG - 1.03.0.00.0.00.06.0000,10797712000,65593440,2026,Non Tender,APBD,CV. PUTRI REZEKI,Pengadaan Langsung,Pekerjaan Konstruksi,Peningkatan Bahu Jalan Gp. Pasie Teungoh Kec Kaway XVI,SELESAI,278775000,278775000
KAB. ACEH BARAT,DINAS PEKERJAAN UMUM DAN PENATAAN RUANG - 1.03.0.00.0.00.06.0000,10895186000,64590194,2026,Non Tender,APBD,CV. BATOR ACEH CONSULTANT,Pengadaan Langsung,Jasa Konsultansi Badan Usaha Konstruksi,Perencanaan Teknis Rehabilitasi Jaringan Irigasi,SELESAI,7109550,7109550
KAB. ACEH BARAT,DINAS PEKERJAAN UMUM DAN PENATAAN RUANG - 1.03.0.00.0.00.06.0000,10821085000,65221329,2026,Non Tender,APBD,CV. PELITA MEUGAH MANDIRi,Pengadaan Langsung,Pekerjaan Konstruksi,Galian Saluran Gp. Suak Trieng Kec. Woyla,SELESAI,185836615,185836615
KAB. ACEH BARAT,DINAS PERUMAHAN RAKYAT DAN KAWASAN PERMUKIMAN - 1.04.1.03.0.00.07.0000,10906781000,65879369,2026,Non Tender,APBD,CV. TRIPA KARYA CIPTA,Pengadaan Langsung,Jasa Konsultansi Badan Usaha Konstruksi,Perencanaan Pembangunan MASJID BAITUL MUKMIN Gp. Babah Krueng Teplep Kec. Pante Ceureumen,SELESAI,2995890,2995890
KAB. ACEH BARAT,DINAS PEKERJAAN UMUM DAN PENATAAN RUANG - 1.03.0.00.0.00.06.0000,10895338000,67232399,2026,Non Tender,APBD,CV. RAMARAKAS,Pengadaan Langsung,Jasa Konsultansi Badan Usaha Konstruksi,"Perencanaan Teknis Pembangunan Jalan, Landscape dan Prasarana Puskesmas Kuta Padang Layung",SELESAI,37133940,37133940
KAB. ACEH BARAT,DINAS PERUMAHAN RAKYAT DAN KAWASAN PERMUKIMAN - 1.04.1.03.0.00.07.0000,10843137000,66318939,2026,Non Tender,APBD,SADA KONSULTAN,Pengadaan Langsung,Jasa Konsultansi Badan Usaha Konstruksi,Perencanaan Galian Drainase Gp. Arongan Kec. Arongan Lambalek,SELESAI,5988400,5988400
KAB. ACEH BARAT,BLUD RUMAH SAKIT CUT NYAK DHIEN MEULABOH - 1.02.0.00.0.00.05.0020,01KHWRWMVH8292643MEP3NDEDS,64756557,2026,E-Katalog 6.0,BLUD,MENARINI INDRIA LABORATORIES,E-Purchasing,Barang,Belanja Obat-Obatan-Obat,ON PROCESS,14212440,14212440
KAB. ACEH BARAT,DINAS PERTANIAN TANAMAN PANGAN DAN HORTIKULTURA - 3.27.0.00.0.00.24.0000,10894963000,64708462,2026,Non Tender,APBD,SADA KONSULTAN,Pengadaan Langsung,Jasa Konsultansi Badan Usaha Konstruksi,Perencanaan Pembangunan Bangunan Bagi Irigasi di Gampong Keude Tanjong Kec. Kaway XVI,SELESAI,4094790,4094790
KAB. ACEH BARAT,DINAS PERKEBUNAN DAN PETERNAKAN - 3.27.0.00.0.00.25.0000,10858144000,66076331,2026,Non Tender,APBD,CV. SABAN PAKAT KARYA,Pengadaan Langsung,Pekerjaan Konstruksi,Galian Saluran Perkebunan Gp. Blang Luah Kec. Woyla Timur,SELESAI,92811217,92811217
KAB. ACEH BARAT,DINAS PEKERJAAN UMUM DAN PENATAAN RUANG - 1.03.0.00.0.00.06.0000,10822579000,65593475,2026,Non Tender,APBD,CV.ABYAN MAKMUR,Pengadaan Langsung,Pekerjaan Konstruksi,Terobosan Jalan Baru Gp. Alue Sundak Kec. Woyla,SELESAI,185800000,185800000
KAB. ACEH BARAT,DINAS PENANAMAN MODAL DAN PELAYANAN TERPADU SATU PINTU - 2.18.0.00.0.00.19.0000,01KPSDX9465Y5AY7GC31554C4Q,64865967,2026,E-Katalog 6.0,APBD,SADIM KARYA PRATAMA,E-Purchasing,Jasa Lainnya,Upah Tenaga Outsourcing Spesifikasi -,ON PROCESS,80946000,80946000
KAB. ACEH BARAT,DINAS PEKERJAAN UMUM DAN PENATAAN RUANG - 1.03.0.00.0.00.06.0000,10785178000,65832976,2026,Non Tender,APBD,CV. BINTARA ENGINEERING CONSULTANT,Pengadaan Langsung,Jasa Konsultansi Badan Usaha Konstruksi,Pengawasan Teknis Peningkatan Jalan Jawi - Sipot (Alue Surin),SELESAI,18188460,18188460
KAB. ACEH BARAT,DINAS PEKERJAAN UMUM DAN PENATAAN RUANG - 1.03.0.00.0.00.06.0000,10821557000,65221322,2026,Non Tender,APBD,"KARYA IRAMA AGUNG, CV",Pengadaan Langsung,Pekerjaan Konstruksi,Galian Saluran Pembuang Gp. Paya Peunaga Kec. Meureubo,SELESAI,167236958,167236958
KAB. ACEH BARAT,BLUD RUMAH SAKIT CUT NYAK DHIEN MEULABOH - 1.02.0.00.0.00.05.0020,01KJYFSWTZBJR09XHY0JQYM66N,64756557,2026,E-Katalog 6.0,BLUD,DARYA-VARIA LABORATORIA,E-Purchasing,Barang,Belanja Obat-Obatan-Obat,ON PROCESS,8827697,8827697
KAB. ACEH BARAT,DINAS PEKERJAAN UMUM DAN PENATAAN RUANG - 1.03.0.00.0.00.06.0000,10108003000,62702235,2026,Tender,APBD,CV.GUNAMA JAYA,Tender,Pekerjaan Konstruksi,Peningkatan Jalan Alue Keumuneng - Simpang Teumarom,SELESAI,479659000,479659000
KAB. ACEH BARAT,DINAS PERHUBUNGAN - 2.15.0.00.0.00.17.0000,10879147000,67164664,2026,Non Tender,APBD,CV. JAYA ANDESMON,Pengadaan Langsung,Pekerjaan Konstruksi,Pemeliharaan Ruangan Kerja pada Dinas Perhubungan,SELESAI,55827783,55827783
KAB. ACEH BARAT,DINAS KESEHATAN - 1.02.0.00.0.00.05.0000,01KRDWDWF9F6H9WAN3PHXKJRFA,65090551,2026,E-Katalog 6.0,APBD,SALFIX,E-Purchasing,Barang,Belanja Obat-Obatan,ON PROCESS,1124252096,1124252096
KAB. ACEH BARAT,DINAS PEKERJAAN UMUM DAN PENATAAN RUANG - 1.03.0.00.0.00.06.0000,01KRZPE5F3G0ZBHQF1VT0SJQY3,64883460,2026,E-Katalog 6.0,APBD,SANG GENERAL INDUSTRI,E-Purchasing,Barang,Pengadaan Kontainer Sampah,ON PROCESS,194205600,194205600
KAB. ACEH BARAT,DINAS PEKERJAAN UMUM DAN PENATAAN RUANG - 1.03.0.00.0.00.06.0000,10801131000,65593408,2026,Non Tender,APBD,CV. RAHMAD,Pengadaan Langsung,Pekerjaan Konstruksi,Peningkatan/Rehabilitasi Jalan Kiblat,SELESAI,232250000,232250000
KAB. ACEH BARAT,BLUD RUMAH SAKIT CUT NYAK DHIEN MEULABOH - 1.02.0.00.0.00.05.0020,01KH2YVKHMVXF6C54N7GY6CG9Q,64756557,2026,E-Katalog 6.0,BLUD,DEXA MEDICA,E-Purchasing,Barang,Belanja Obat-Obatan-Obat,ON PROCESS,12672648,12672648
KAB. ACEH BARAT,BLUD RUMAH SAKIT CUT NYAK DHIEN MEULABOH - 1.02.0.00.0.00.05.0020,01KJF5PGNHDNJNXK75J5W2PCDW,65484844,2026,E-Katalog 6.0,BLUD,MITRA SARANA LANGGENG PRATAMA,E-Purchasing,Barang,Belanja Modal Alat Rumah Tangga Lainnya (Home Use),ON PROCESS,139937700,139937700
KAB. ACEH BARAT,DINAS PEKERJAAN UMUM DAN PENATAAN RUANG - 1.03.0.00.0.00.06.0000,10762305000,64351062,2026,Non Tender,APBD,CV. RAMARAKAS,Pengadaan Langsung,Jasa Konsultansi Badan Usaha Konstruksi,Perencanaan Teknis Pembangunan Jalan Wilayah III,SELESAI,93955000,93955000
KAB. ACEH BARAT,DINAS PEKERJAAN UMUM DAN PENATAAN RUANG - 1.03.0.00.0.00.06.0000,10813873000,64737595,2026,Non Tender,APBD,SADA KONSULTAN,Pengadaan Langsung,Jasa Konsultansi Badan Usaha Konstruksi,Pengawasan Teknis Pembangunan Drainase,SELESAI,43496460,43496460
KAB. ACEH BARAT,BLUD RUMAH SAKIT CUT NYAK DHIEN MEULABOH - 1.02.0.00.0.00.05.0020,01KJEQ3Y2XYAPBHTT32GMHA7NB,65484844,2026,E-Katalog 6.0,BLUD,KARYA PRATAMA,E-Purchasing,Barang,Belanja Modal Alat Rumah Tangga Lainnya (Home Use),ON PROCESS,168625001,168625001
KAB. ACEH BARAT,DINAS PEKERJAAN UMUM DAN PENATAAN RUANG - 1.03.0.00.0.00.06.0000,10921176000,65221421,2026,Non Tender,APBD,CV.CEURANA,Pengadaan Langsung,Pekerjaan Konstruksi,Galian Saluran Pembuang Gp. Suak Ule Kec. Arongan Lambalek,SELESAI,185788891,185788891
KAB. ACEH BARAT,DINAS PEKERJAAN UMUM DAN PENATAAN RUANG - 1.03.0.00.0.00.06.0000,10820730000,65221337,2026,Non Tender,APBD,CV. KARYA WAJA DUA,Pengadaan Langsung,Pekerjaan Konstruksi,Galian Saluran Pembuang Gp. Pasi Birah Kec. Woyla,SELESAI,185856712,185856712
KAB. ACEH BARAT,DINAS PEKERJAAN UMUM DAN PENATAAN RUANG - 1.03.0.00.0.00.06.0000,10763960000,63709922,2026,Non Tender,APBD,CV. Axis Grid Desain,Pengadaan Langsung,Jasa Konsultansi Badan Usaha Konstruksi,Pengawasan Teknis Pembangunan Drainase Jl. Bungong Jaroe Kec. Johan Pahlawan (Lanjutan),SELESAI,19940040,19940040
KAB. ACEH BARAT,DINAS PEKERJAAN UMUM DAN PENATAAN RUANG - 1.03.0.00.0.00.06.0000,10867138000,66061112,2026,Non Tender,APBD,BARSELA ACEH CONSULTANT,Pengadaan Langsung,Jasa Konsultansi Badan Usaha Konstruksi,Pengawasan Teknis Rehabilitasi Drainase,SELESAI,9490500,9490500
KAB. ACEH BARAT,DINAS PEKERJAAN UMUM DAN PENATAAN RUANG - 1.03.0.00.0.00.06.0000,10823172000,65221367,2026,Non Tender,APBD,CV MARYAM JAYA BERSAMA,Pengadaan Langsung,Pekerjaan Konstruksi,Galian/Cucian Parit Sekeliling Komplek Perumahan Budha Tzu Chi Gp. Paya Peunaga,SELESAI,185830841,185830841
KAB. ACEH BARAT,DINAS PERKEBUNAN DAN PETERNAKAN - 3.27.0.00.0.00.25.0000,10856104000,67075432,2026,Non Tender,APBD,CV.NA JAYA BERSAMA,Pengadaan Langsung,Pekerjaan Konstruksi,Peningkatan Jalan Perkebunan Gp. Babah Lueng Kec. Pante Ceureumen,SELESAI,185752950,185752950
KAB. ACEH BARAT,DINAS PERKEBUNAN DAN PETERNAKAN - 3.27.0.00.0.00.25.0000,10813159000,66070017,2026,Non Tender,APBD,CV. OTTOMAN ENGINEERING,Pengadaan Langsung,Jasa Konsultansi Badan Usaha Konstruksi,"Perencanaan Jalan Perkebunan Zona I (Kec. Pante Ceureumen, Kaway XVI dan Samatiga)",SELESAI,67401420,67401420
KAB. ACEH BARAT,DINAS PEKERJAAN UMUM DAN PENATAAN RUANG - 1.03.0.00.0.00.06.0000,10114521000,64142525,2026,Tender,APBD,CV. AGAM ACEH,Tender,Pekerjaan Konstruksi,Lanjutan Pembangunan Jembatan Lango - Lawet,SELESAI,923403000,923403000
KAB. ACEH BARAT,DINAS PEKERJAAN UMUM DAN PENATAAN RUANG - 1.03.0.00.0.00.06.0000,10767693000,64410843,2026,Non Tender,APBD,CV. RAMARAKAS,Pengadaan Langsung,Jasa Konsultansi Badan Usaha Konstruksi,Perencanaan Rehabilitasi Dan Renovasi Pendopo Wakil Bupati,SELESAI,96941850,96941850
KAB. ACEH BARAT,DINAS PEKERJAAN UMUM DAN PENATAAN RUANG - 1.03.0.00.0.00.06.0000,10881628000,67184742,2026,Non Tender,APBD,CV. GRIYA ARCHITECTURE DESIGN,Pengadaan Langsung,Jasa Konsultansi Badan Usaha Konstruksi,Perencanaan Teknis Penanganan Tanggul Badan Jalan,SELESAI,63936000,63936000
KAB. ACEH BARAT,DINAS PEKERJAAN UMUM DAN PENATAAN RUANG - 1.03.0.00.0.00.06.0000,10826288000,65475919,2026,Non Tender,APBD,CV. TRIPA KARYA CIPTA,Pengadaan Langsung,Jasa Konsultansi Badan Usaha Konstruksi,Pengawasan Lanjutan Interior Pendopo Wakil Bupati,SELESAI,44960550,44960550
KAB. ACEH BARAT,DINAS PEKERJAAN UMUM DAN PENATAAN RUANG - 1.03.0.00.0.00.06.0000,10876430000,66696632,2026,Non Tender,APBD,CV. SEPAKAT KARYA CONSULTANT,Pengadaan Langsung,Jasa Konsultansi Badan Usaha Konstruksi,Pengawasan Teknis Pembangunan Jembatan Gantung Cot Manggi,SELESAI,58201740,58201740
KAB. ACEH BARAT,DINAS PERUMAHAN RAKYAT DAN KAWASAN PERMUKIMAN - 1.04.1.03.0.00.07.0000,10834451000,65334592,2026,Non Tender,APBD,SADA KONSULTAN,Pengadaan Langsung,Jasa Konsultansi Badan Usaha Konstruksi,Perencanaan Pembangunan Penggantian Kubah Masjid Babul Jannah Gp. Suak Indrapuri Kec. Johan Pahlawan,SELESAI,5988400,5988400
KAB. ACEH BARAT,DINAS SOSIAL - 1.06.0.00.0.00.10.0000,01KTKKC5DP2Z3PBSP5ZMSZ7544,67190842,2026,E-Katalog 6.0,APBD,AMI CAHAYA MATA,E-Purchasing,Barang,Belanja Alat/Bahan untuk Kegiatan Kantor-Alat Tulis Kantor,ON PROCESS,20065648,20065648
KAB. ACEH BARAT,DINAS PERUMAHAN RAKYAT DAN KAWASAN PERMUKIMAN - 1.04.1.03.0.00.07.0000,10851577000,65334568,2026,Non Tender,APBD,SADA KONSULTAN,Pengadaan Langsung,Jasa Konsultansi Badan Usaha Konstruksi,Perencanaan Pembangunan Pagar Kuburan Gp. Drien Rampak Kec. Johan Pahlawan,SELESAI,5987300,5987300
KAB. ACEH BARAT,DINAS PEKERJAAN UMUM DAN PENATAAN RUANG - 1.03.0.00.0.00.06.0000,10798532000,64754610,2026,Non Tender,APBD,CV. PUTRI REZEKI,Pengadaan Langsung,Pekerjaan Konstruksi,Galian Saluran Pembuangan Gp. Babah Meulaboh,SELESAI,185820981,185820981
KAB. ACEH BARAT,DINAS PERKEBUNAN DAN PETERNAKAN - 3.27.0.00.0.00.25.0000,10813135000,66071073,2026,Non Tender,APBD,CV. OTTOMAN ENGINEERING,Pengadaan Langsung,Jasa Konsultansi Badan Usaha Konstruksi,"Perencanaan Jalan Perkebunan Zona II (Kec. Woyla, Bubon, Sungai Mas dan Arongan Lambalek)",SELESAI,59973300,59973300
KAB. ACEH BARAT,DINAS PEKERJAAN UMUM DAN PENATAAN RUANG - 1.03.0.00.0.00.06.0000,01KQY94WZWXGK6VHAV4FZ23FZ7,67079780,2026,E-Katalog 6.0,APBD,ROTOTAMA BERLIANPLAST,E-Purchasing,Barang,Penyediaan Tangki Septik Pabrikasi Individual Minimal 50 KK Gp. Lhok Guci Kec. Pante Ceureumen (52 Unit),ON PROCESS,244399986,244399986
KAB. ACEH BARAT,DINAS PERUMAHAN RAKYAT DAN KAWASAN PERMUKIMAN - 1.04.1.03.0.00.07.0000,10866513000,65334605,2026,Non Tender,APBD,CV. SEPAKAT KARYA CONSULTANT,Pengadaan Langsung,Jasa Konsultansi Badan Usaha Konstruksi,Perencanaan Pembangunan kubah mesjid Gp. Panggong Kec. Johan Pahlawan,SELESAI,3740700,3740700
KAB. ACEH BARAT,DINAS PERUMAHAN RAKYAT DAN KAWASAN PERMUKIMAN - 1.04.1.03.0.00.07.0000,10897081000,65334614,2026,Non Tender,APBD,CV. PALUGADA VAN JAVA,Pengadaan Langsung,Pekerjaan Konstruksi,Pembangunan Pagar Kuburan Gp. Drien Rampak Kec. Johan Pahlawan,SELESAI,185814000,185814000
KAB. ACEH BARAT,DINAS PEKERJAAN UMUM DAN PENATAAN RUANG - 1.03.0.00.0.00.06.0000,10821552000,65221366,2026,Non Tender,APBD,CV. DWI KARYA TABINA,Pengadaan Langsung,Pekerjaan Konstruksi,Galian Saluran Pembuang Gp. Paya Dua Kec. Woyla,SELESAI,185834624,185834624
KAB. ACEH BARAT,DINAS PERUMAHAN RAKYAT DAN KAWASAN PERMUKIMAN - 1.04.1.03.0.00.07.0000,10866649000,65334602,2026,Non Tender,APBD,BARSELA ACEH CONSULTANT,Pengadaan Langsung,Jasa Konsultansi Badan Usaha Konstruksi,Perencanaan Pembangunan Masjid Baitul Paizin Gp. Balee Kec. Meureubo,SELESAI,5988450,5988450
KAB. ACEH BARAT,DINAS PEKERJAAN UMUM DAN PENATAAN RUANG - 1.03.0.00.0.00.06.0000,10794139000,66061131,2026,Non Tender,APBD,CV. PUTRI REZEKI,Pengadaan Langsung,Pekerjaan Konstruksi,Pembangunan Drainase Gp. Lapang,SELESAI,139095926,139095926
KAB. ACEH BARAT,BLUD RUMAH SAKIT CUT NYAK DHIEN MEULABOH - 1.02.0.00.0.00.05.0020,01KJF6PCVDD1NSB7SFFQF3FWJG,65876739,2026,E-Katalog 6.0,BLUD,FALITECHNO MANDIRI INDONESIA,E-Purchasing,Barang,Belanja Software Manajemen Pemeliharaan (SAMRS Cloud) (UU RI No 44 Tahun 2009 Pasal 16 ayat 5,PAYMENT OUTSIDE SYSTEM,32745000,32745000
KAB. ACEH BARAT,DINAS PERUMAHAN RAKYAT DAN KAWASAN PERMUKIMAN - 1.04.1.03.0.00.07.0000,10851587000,65334558,2026,Non Tender,APBD,SADA KONSULTAN,Pengadaan Langsung,Jasa Konsultansi Badan Usaha Konstruksi,Perencanaan Pembangunan Tempat Wudhu dan Balai Pengajian Meunasah Alif-Ba Gp. Gampa Kec. Johan Pahlawan,SELESAI,4473300,4473300
KAB. ACEH BARAT,DINAS PEKERJAAN UMUM DAN PENATAAN RUANG - 1.03.0.00.0.00.06.0000,10812448000,65593465,2026,Non Tender,APBD,CV. TRIPA KARYA CIPTA,Pengadaan Langsung,Jasa Konsultansi Badan Usaha Konstruksi,Pengawasan Teknis Pembangunan Jalan Wilayah VIII,SELESAI,67444710,67444710
KAB. ACEH BARAT,DINAS PEKERJAAN UMUM DAN PENATAAN RUANG - 1.03.0.00.0.00.06.0000,10878088000,65593428,2026,Non Tender,APBD,CV. PUTRI REZEKI,Pengadaan Langsung,Pekerjaan Konstruksi,Peningkatan Jalan Serikat Gp. Alue Tampak Kec. Kaway XVI,SELESAI,249740000,249740000
KAB. ACEH BARAT,DINAS PEKERJAAN UMUM DAN PENATAAN RUANG - 1.03.0.00.0.00.06.0000,10930640000,65478652,2026,Non Tender,APBD,Meraq Karya Mandiri,Pengadaan Langsung,Pekerjaan Konstruksi,Rehabilitasi Pagar dan Pemasangan Lampu Lapangan Tennis Aceh Barat,BERLANGSUNG,139258476,139258476
KAB. ACEH BARAT,DINAS PEKERJAAN UMUM DAN PENATAAN RUANG - 1.03.0.00.0.00.06.0000,10821551000,65221364,2026,Non Tender,APBD,CV. DWI KARYA TABINA,Pengadaan Langsung,Pekerjaan Konstruksi,Galian Saluran Pembuang Gp. Alue Panyang Kec. Woyla,SELESAI,185843326,185843326
KAB. ACEH BARAT,DINAS PEKERJAAN UMUM DAN PENATAAN RUANG - 1.03.0.00.0.00.06.0000,10111683000,62702202,2026,Tender,APBD,CV. NAGAH BERLIAN,Tender,Pekerjaan Konstruksi,Lanjutan Pembangunan Jembatan Alue Tampak,SELESAI,3257918000,3257918000
KAB. ACEH BARAT,DINAS PERKEBUNAN DAN PETERNAKAN - 3.27.0.00.0.00.25.0000,10856630000,66072662,2026,Non Tender,APBD,CV. TUAH KARYA,Pengadaan Langsung,Pekerjaan Konstruksi,Peningkatan Jalan Perkebunan Dusun Krueng Meulaboh Gp. Manjeng Kec. Pante Ceureumen,SELESAI,185675292,185675292
KAB. ACEH BARAT,DINAS SYARIAT ISLAM - 9.01.0.00.0.00.47.0000,10919132000,67283830,2026,Non Tender,APBD,CV. PELITA MEUGAH MANDIRi,Pengadaan Langsung,Pekerjaan Konstruksi,Pembangunan MCK + Tempat Wudhu Masjid Baital Nur,SELESAI,149552000,149552000
KAB. ACEH BARAT,DINAS PERUMAHAN RAKYAT DAN KAWASAN PERMUKIMAN - 1.04.1.03.0.00.07.0000,01KN3CR98AVVJ467FMPNKZ03F4,65879371,2026,E-Katalog 6.0,APBD,MAKMUR CAHAYA SEMESTA,E-Purchasing,Barang,Pengadaan Pergantian Lampu Penerangan Jalan Umum (PJU),ON PROCESS,1083806220,1083806220
KAB. ACEH BARAT,DINAS PEKERJAAN UMUM DAN PENATAAN RUANG - 1.03.0.00.0.00.06.0000,10826265000,65476735,2026,Non Tender,APBD,CV. SEPAKAT KARYA CONSULTANT,Pengadaan Langsung,Jasa Konsultansi Badan Usaha Konstruksi,Pengawasan Landskap dan Prasarana Pendukung Pendopo Wakil Bupati,SELESAI,44916150,44916150
KAB. ACEH BARAT,DINAS PEKERJAAN UMUM DAN PENATAAN RUANG - 1.03.0.00.0.00.06.0000,10812147000,65593446,2026,Non Tender,APBD,CV. TRIPA KARYA CIPTA,Pengadaan Langsung,Jasa Konsultansi Badan Usaha Konstruksi,Pengawasan Teknis Pembangunan Jalan Wilayah VI,SELESAI,53938230,53938230
KAB. ACEH BARAT,DINAS PEKERJAAN UMUM DAN PENATAAN RUANG - 1.03.0.00.0.00.06.0000,10898602000,67267992,2026,Non Tender,APBD,CV. AUTO LEVEL CONSULTANT,Pengadaan Langsung,Jasa Konsultansi Badan Usaha Konstruksi,Perencanaan Teknis Rehabilitasi Jembatan Gantung Canggai,SELESAI,39405000,39405000
KAB. ACEH BARAT,DINAS PEKERJAAN UMUM DAN PENATAAN RUANG - 1.03.0.00.0.00.06.0000,10815856000,65593476,2026,Non Tender,APBD,CV.ABYAN MAKMUR,Pengadaan Langsung,Pekerjaan Konstruksi,Serak Kerikil Gp. Ie Sayang Kec. Woyla Barat,SELESAI,185830000,185830000
KAB. ACEH BARAT,DINAS PERUMAHAN RAKYAT DAN KAWASAN PERMUKIMAN - 1.04.1.03.0.00.07.0000,01KT3Q01PJKMVWFFDTREX4WDY6,67145395,2026,E-Katalog 6.0,APBD,ACEH MUDA SARE,E-Purchasing,Jasa Lainnya,Upah Tenaga Outsourcing Tenaga Keamanan,ON PROCESS,22000000,22000000
KAB. ACEH BARAT,DINAS PERUMAHAN RAKYAT DAN KAWASAN PERMUKIMAN - 1.04.1.03.0.00.07.0000,10866375000,65334623,2026,Non Tender,APBD,CV. SEPAKAT KARYA CONSULTANT,Pengadaan Langsung,Jasa Konsultansi Badan Usaha Konstruksi,Perencanaan Pemasangan paving block halaman masjid Gp. Teladan Kec. Kaway XVI,SELESAI,2991450,2991450
KAB. ACEH BARAT,DINAS PEKERJAAN UMUM DAN PENATAAN RUANG - 1.03.0.00.0.00.06.0000,10801684000,65221326,2026,Non Tender,APBD,CV. SEPAKAT KARYA CONSULTANT,Pengadaan Langsung,Jasa Konsultansi Badan Usaha Konstruksi,Pengawasan Teknis Normalisasi dan Galian Saluran Pembuang Wilayah IV,SELESAI,65317950,65317950
KAB. ACEH BARAT,BADAN PENANGGULANGAN BENCANA DAERAH - 1.05.0.00.0.00.09.0000,01KQ00PQX351TX2FKJQZBNNYZ9,67003606,2026,E-Katalog 6.0,APBD,SEFTY UTAMA NUSANTARA,E-Purchasing,Barang,Belanja Modal Alat Pemadam Kebakaran,ON PROCESS,994538022,994538022
KAB. ACEH BARAT,DINAS KESEHATAN - 1.02.0.00.0.00.05.0000,01KJVRPKE7N2470AHPH982Q0ES,65090121,2026,E-Katalog 6.0,APBD,SEFTY UTAMA NUSANTARA,E-Purchasing,Barang,Belanja Modal Alat Kantor Lainnya - Mesin Fogging Nyamuk,ON PROCESS,197802000,197802000
KAB. ACEH BARAT,DINAS PEKERJAAN UMUM DAN PENATAAN RUANG - 1.03.0.00.0.00.06.0000,10825949000,65593483,2026,Non Tender,APBD,CV. PILAR JAYA,Pengadaan Langsung,Pekerjaan Konstruksi,"Pemasangan Lening Jalan Makmur Gp. Blang Beurandang Kec Johan Pahlawan, Kab. Aceh Barat",SELESAI,185742000,185742000
KAB. ACEH BARAT,DINAS PERUMAHAN RAKYAT DAN KAWASAN PERMUKIMAN - 1.04.1.03.0.00.07.0000,10851602000,65334613,2026,Non Tender,APBD,CV. TRIPA KARYA CIPTA,Pengadaan Langsung,Jasa Konsultansi Badan Usaha Konstruksi,Perencanaan Pembangunan Pintu Gerbang Mesjid (Gapura) Gp. Lapang Kec. Johan Pahlawan,SELESAI,2990300,2990300
KAB. ACEH BARAT,DINAS KESEHATAN - 1.02.0.00.0.00.05.0000,10114637000,62587254,2026,Tender,APBD,CV. RAMARAKAS,Seleksi,Jasa Konsultansi Badan Usaha Konstruksi,Jasa Konsultan Desain Perencanaan Pembangunan Puskesmas Kuta Padang Layung,SELESAI,174922680,174922680
KAB. ACEH BARAT,DINAS PEKERJAAN UMUM DAN PENATAAN RUANG - 1.03.0.00.0.00.06.0000,10785181000,65832963,2026,Non Tender,APBD,CV. BINTARA ENGINEERING CONSULTANT,Pengadaan Langsung,Jasa Konsultansi Badan Usaha Konstruksi,Pengawasan Teknis Peningkatan Jalan Pasi Janeng - Paya Baro - Leubok Beutong,SELESAI,17449200,17449200
KAB. ACEH BARAT,DINAS PEKERJAAN UMUM DAN PENATAAN RUANG - 1.03.0.00.0.00.06.0000,10801133000,65593406,2026,Non Tender,APBD,CV.ABYAN MAKMUR,Pengadaan Langsung,Pekerjaan Konstruksi,Peningkatan jalan Babah Meulaboh,SELESAI,185800000,185800000
KAB. ACEH BARAT,SEKRETARIAT DAERAH - 4.01.0.00.0.00.28.0000,01KP2H5HG71CVFJEQE0PZ16G8S,62723854,2026,E-Katalog 6.0,APBD,SADIM KARYA PRATAMA,E-Purchasing,Jasa Lainnya,Belanja Jasa Tenaga Keamanan,ON PROCESS,312000000,312000000
KAB. ACEH BARAT,DINAS PERUMAHAN RAKYAT DAN KAWASAN PERMUKIMAN - 1.04.1.03.0.00.07.0000,10877907000,66318937,2026,Non Tender,APBD,CV. SEPAKAT KARYA CONSULTANT,Pengadaan Langsung,Jasa Konsultansi Badan Usaha Konstruksi,Perencanaan Pembersihan/pemeliharaan rutin saluran pembuangan kota (Drainase),SELESAI,1494000,1494000
KAB. ACEH BARAT,DINAS PEKERJAAN UMUM DAN PENATAAN RUANG - 1.03.0.00.0.00.06.0000,10812397000,65593457,2026,Non Tender,APBD,CV. AUTO LEVEL CONSULTANT,Pengadaan Langsung,Jasa Konsultansi Badan Usaha Konstruksi,Pengawasan Teknis Pembangunan Jalan Wilayah VII,SELESAI,67488000,67488000
KAB. ACEH BARAT,DINAS PEKERJAAN UMUM DAN PENATAAN RUANG - 1.03.0.00.0.00.06.0000,10899924000,65478000,2026,Non Tender,APBD,cvbaronagenerasi,Pengadaan Langsung,Pekerjaan Konstruksi,Lanjutan Rehabilitasi Mess Pendopo Bupati Aceh Barat,SELESAI,186770678,186770678
KAB. ACEH BARAT,DINAS PERKEBUNAN DAN PETERNAKAN - 3.27.0.00.0.00.25.0000,10856520000,66077274,2026,Non Tender,APBD,CV. FAHRI PERDANA MULIA,Pengadaan Langsung,Pekerjaan Konstruksi,Peningkatan Jalan Perkebunan Gp. Panton Kec. Woyla,SELESAI,185697492,185697492
KAB. ACEH BARAT,DINAS PEKERJAAN UMUM DAN PENATAAN RUANG - 1.03.0.00.0.00.06.0000,10923315000,65221412,2026,Non Tender,APBD,CV ET GROUP,Pengadaan Langsung,Pekerjaan Konstruksi,Normalisasi Saluran Pembuang Gp. Blang Beurandang Kec. Johan Pahlawan,SELESAI,185802774,185802774
KAB. ACEH BARAT,DINAS PERUMAHAN RAKYAT DAN KAWASAN PERMUKIMAN - 1.04.1.03.0.00.07.0000,10873139000,65334600,2026,Non Tender,APBD,BARSELA ACEH CONSULTANT,Pengadaan Langsung,Jasa Konsultansi Badan Usaha Konstruksi,Pengawasan Pembangunan Penggantian Kubah Masjid Babul Jannah Gp. Suak Indrapuri Kec. Johan Pahlawan,SELESAI,7958700,7958700
KAB. ACEH BARAT,DINAS KESEHATAN - 1.02.0.00.0.00.05.0000,10897063000,65090118,2026,Non Tender,APBD,PT TRIPA CAHAYA SEJAHTERA,Pengadaan Langsung,Pekerjaan Konstruksi,Pekerjaan Penambahan Daya dan Perbaikan Jaringan Listrik Puskesmas,SELESAI,168791605,168791605
KAB. ACEH BARAT,DINAS PEKERJAAN UMUM DAN PENATAAN RUANG - 1.03.0.00.0.00.06.0000,10823999000,65221409,2026,Non Tender,APBD,CV NISKALA KITA BERSAMA,Pengadaan Langsung,Pekerjaan Konstruksi,Normalisasi Saluran Pembuang Gp. Leuhan Kec. Johan Pahlawan,SELESAI,185843008,185843008
KAB. ACEH BARAT,DINAS PEKERJAAN UMUM DAN PENATAAN RUANG - 1.03.0.00.0.00.06.0000,10832008000,65593456,2026,Non Tender,APBD,CV.GUNAMA JAYA,Pengadaan Langsung,Pekerjaan Konstruksi,Peningkatan Jalan Paya Balok,BERLANGSUNG,371717082,371717082
KAB. ACEH BARAT,DINAS PEKERJAAN UMUM DAN PENATAAN RUANG - 1.03.0.00.0.00.06.0000,10797719000,65593439,2026,Non Tender,APBD,SURYA BELANTARA INDO NIAGA,Pengadaan Langsung,Pekerjaan Konstruksi,Peningkatan Bahu Jalan Gp. Tumpok Ladang Kec. Kaway XVI,SELESAI,278795000,278795000
KAB. ACEH BARAT,DINAS KELAUTAN DAN PERIKANAN - 3.25.0.00.0.00.22.0000,10898407000,65034707,2026,Non Tender,APBD,CV. BANTU KAWAN KAWAN,Pengadaan Langsung,Pengadaan Barang,Bantuan Bibit Ikan Lele Kec. Johan Pahlawan,SELESAI,198888690,0
KAB. ACEH BARAT,DINAS PEKERJAAN UMUM DAN PENATAAN RUANG - 1.03.0.00.0.00.06.0000,10821560000,65221369,2026,Non Tender,APBD,"KARYA IRAMA AGUNG, CV",Pengadaan Langsung,Pekerjaan Konstruksi,Galian Saluran Pembuang Gp. Blang Geunang Kec. Kaway XVI,SELESAI,185832656,185832656
KAB. ACEH BARAT,DINAS PEKERJAAN UMUM DAN PENATAAN RUANG - 1.03.0.00.0.00.06.0000,10772146000,64539502,2026,Non Tender,APBD,CV. GRIYA ARCHITECTURE DESIGN,Pengadaan Langsung,Jasa Konsultansi Badan Usaha Konstruksi,Perencanaan Teknis Normalisasi dan Galian Saluran Pembuang Wilayah VI,SELESAI,77811000,77811000
KAB. ACEH BARAT,BLUD RUMAH SAKIT CUT NYAK DHIEN MEULABOH - 1.02.0.00.0.00.05.0020,01KH2YBQM5FJZ10WD3XEG21DRV,64756557,2026,E-Katalog 6.0,BLUD,MERSIFARMA TIRMAKU MERCUSANA,E-Purchasing,Barang,Belanja Obat-Obatan-Obat,ON PROCESS,2517480,2517480
KAB. ACEH BARAT,DINAS PEKERJAAN UMUM DAN PENATAAN RUANG - 1.03.0.00.0.00.06.0000,10772061000,64539277,2026,Non Tender,APBD,BARSELA ACEH CONSULTANT,Pengadaan Langsung,Jasa Konsultansi Badan Usaha Konstruksi,Perencanaan Teknis Normalisasi dan Galian Saluran Pembuang Wilayah I,SELESAI,78798900,78798900
KAB. ACEH BARAT,DINAS PEKERJAAN UMUM DAN PENATAAN RUANG - 1.03.0.00.0.00.06.0000,10800183000,65221417,2026,Non Tender,APBD,CV ET GROUP,Pengadaan Langsung,Pekerjaan Konstruksi,Galian Saluran Pembuang Gp. Suak Raya Zona IV,SELESAI,185869591,185869591
KAB. ACEH BARAT,DINAS PEKERJAAN UMUM DAN PENATAAN RUANG - 1.03.0.00.0.00.06.0000,10815862000,65593411,2026,Non Tender,APBD,CV. PEDULI UTAMA,Pengadaan Langsung,Pekerjaan Konstruksi,Peningkatan Jalan Abdullah PK - Generasi,BERLANGSUNG,371757674,371757674
KAB. ACEH BARAT,DINAS KOMUNIKASI INFORMATIKA DAN PERSANDIAN - 2.16.2.21.2.20.18.0000,01KKCBBSF1P4FGYJE0ERV1DWVX,66365715,2026,E-Katalog 6.0,APBD,MEDIA NOA INDONESIA,E-Purchasing,Jasa Lainnya,Belanja Jasa Tenaga Ahli  ,ON PROCESS,249500000,249500000
KAB. ACEH BARAT,BLUD RUMAH SAKIT CUT NYAK DHIEN MEULABOH - 1.02.0.00.0.00.05.0020,01KJPG252JBTNS097KXZWWNPVX,64756557,2026,E-Katalog 6.0,BLUD,HEXPHARM JAYA LABORATORIES,E-Purchasing,Barang,Belanja Obat-Obatan-Obat,ON PROCESS,1228437,1228437
KAB. ACEH BARAT,DINAS PEKERJAAN UMUM DAN PENATAAN RUANG - 1.03.0.00.0.00.06.0000,10106927000,62489860,2026,Tender,APBD,CV. ATTHARIQ BEUJAYA,Tender,Pekerjaan Konstruksi,Pembangunan Instalasi Pengolahan Air (IPA)/Broncaptering/Sumur Dalam Terlindungi Gp. Puuk Kec. Kaway XVI,SELESAI,738647408,738647408
KAB. ACEH BARAT,DINAS PERUMAHAN RAKYAT DAN KAWASAN PERMUKIMAN - 1.04.1.03.0.00.07.0000,10887337000,66930684,2026,Non Tender,APBD,SADA KONSULTAN,Pengadaan Langsung,Jasa Konsultansi Badan Usaha Konstruksi,Perencanaan Pembangunan jalan Gp. Lapang Kec. Johan Pahlawan,SELESAI,5989500,5989500
KAB. ACEH BARAT,DINAS SYARIAT ISLAM - 9.01.0.00.0.00.47.0000,10935184000,67396223,2026,Non Tender,APBD,PUTRA BRAWIJAYA,Pengadaan Langsung,Pekerjaan Konstruksi,Pembangunan MCK + Tempat Wudhu Mesjid Al-Hidayah Maghfira Gp. Ranto Panyang Kec. Woyla,SELESAI,149740000,149740000
KAB. ACEH BARAT,DINAS PEKERJAAN UMUM DAN PENATAAN RUANG - 1.03.0.00.0.00.06.0000,10817651000,65221334,2026,Non Tender,APBD,CV. PUTRI REZEKI,Pengadaan Langsung,Pekerjaan Konstruksi,Normalisasi Galian Saluran Gp. Alue Tampak Kec. Kaway XVI,SELESAI,179813616,179813616
KAB. ACEH BARAT,DINAS PEKERJAAN UMUM DAN PENATAAN RUANG - 1.03.0.00.0.00.06.0000,10108021000,62702071,2026,Tender,APBD,TAKUSANGKA JAYA,Tender,Pekerjaan Konstruksi,Peningkatan Jalan Blang Dalam - Teupin Panah,SELESAI,480866000,480866000
KAB. ACEH BARAT,DINAS PEKERJAAN UMUM DAN PENATAAN RUANG - 1.03.0.00.0.00.06.0000,10859457000,64596863,2026,Non Tender,APBD,CV. OPTIMIS DESIGN,Pengadaan Langsung,Jasa Konsultansi Badan Usaha Konstruksi,Perencanaan Daerah Irigasi 2026 Wilayah I,SELESAI,99789000,99789000
KAB. ACEH BARAT,BLUD RUMAH SAKIT CUT NYAK DHIEN MEULABOH - 1.02.0.00.0.00.05.0020,01KH32034W8QWQMQ8C71XHRP1D,64756557,2026,E-Katalog 6.0,BLUD,HEXPHARM JAYA LABORATORIES,E-Purchasing,Barang,Belanja Obat-Obatan-Obat,ON PROCESS,7044060,7044060
KAB. ACEH BARAT,DINAS PEKERJAAN UMUM DAN PENATAAN RUANG - 1.03.0.00.0.00.06.0000,10818461000,65593430,2026,Non Tender,APBD,CV. MITRA BERSAUDARA,Pengadaan Langsung,Pekerjaan Konstruksi,Pembangunan Jalan Pante Ceuremen,SELESAI,167240000,167240000
KAB. ACEH BARAT,DINAS PEKERJAAN UMUM DAN PENATAAN RUANG - 1.03.0.00.0.00.06.0000,10852441000,64348684,2026,Non Tender,APBD,CV. SEPAKAT KARYA CONSULTANT,Pengadaan Langsung,Jasa Konsultansi Badan Usaha Konstruksi,Perencanaan Teknis Jalan DOKA Wilayah I,SELESAI,99900000,99900000
KAB. ACEH BARAT,DINAS PERUMAHAN RAKYAT DAN KAWASAN PERMUKIMAN - 1.04.1.03.0.00.07.0000,10868622000,66930663,2026,Non Tender,APBD,BARSELA ACEH CONSULTANT,Pengadaan Langsung,Jasa Konsultansi Badan Usaha Konstruksi,Perencanaan Penimbunan Halaman Pesantren Dan Halaman Kantor Keuchik Ujong Tanjong Kec. Meureubo,SELESAI,5989500,5989500
KAB. ACEH BARAT,DINAS PEKERJAAN UMUM DAN PENATAAN RUANG - 1.03.0.00.0.00.06.0000,10762298000,64351309,2026,Non Tender,APBD,CV. RAMARAKAS,Pengadaan Langsung,Jasa Konsultansi Badan Usaha Konstruksi,Perencanaan Teknis Pembangunan Jalan Wilayah IV,SELESAI,93955000,93955000
KAB. ACEH BARAT,DINAS PEKERJAAN UMUM DAN PENATAAN RUANG - 1.03.0.00.0.00.06.0000,10860740000,64883384,2026,Non Tender,APBD,CV MARYAM JAYA BERSAMA,Pengadaan Langsung,Pekerjaan Konstruksi,Rehabilitasi Workshop TPA,SELESAI,129940426,129940426
KAB. ACEH BARAT,DINAS PEKERJAAN UMUM DAN PENATAAN RUANG - 1.03.0.00.0.00.06.0000,10785159000,65832958,2026,Non Tender,APBD,CV. SEPAKAT KARYA CONSULTANT,Pengadaan Langsung,Jasa Konsultansi Badan Usaha Konstruksi,Pengawasan Teknis Peningkatan Jalan Akses Pendidikan Panton Reu,SELESAI,18165150,18165150
KAB. ACEH BARAT,DINAS PERUMAHAN RAKYAT DAN KAWASAN PERMUKIMAN - 1.04.1.03.0.00.07.0000,10904588000,65334616,2026,Non Tender,APBD,BARSELA ACEH CONSULTANT,Pengadaan Langsung,Jasa Konsultansi Badan Usaha Konstruksi,Pengawasan Pengadaan kubah masjid Gp. Blang Sibeutong Kec. Bubon,SELESAI,7958700,7958700
KAB. ACEH BARAT,SEKRETARIAT MAJELIS PENDIDIKAN DAERAH - 1.01.0.00.0.00.01.0000,01KJYEYS3BJM10C6GW2PQCJSEP,63780621,2026,E-Katalog 6.0,APBD,DIGITAL GASING EDUKASI,E-Purchasing,Jasa Lainnya,Belanja Jasa Tenaga Pendidikan,ON PROCESS,394272000,394272000
KAB. ACEH BARAT,DINAS PEKERJAAN UMUM DAN PENATAAN RUANG - 1.03.0.00.0.00.06.0000,10820471000,65221336,2026,Non Tender,APBD,CV. MUDA BARONA,Pengadaan Langsung,Pekerjaan Konstruksi,Pembersihan Saluran Gampong Paya Baro Kec. Meureubo,SELESAI,185890316,185890316
KAB. ACEH BARAT,DINAS PEKERJAAN UMUM DAN PENATAAN RUANG - 1.03.0.00.0.00.06.0000,10806754000,65221355,2026,Non Tender,APBD,CV MELATI,Pengadaan Langsung,Pekerjaan Konstruksi,Galian Saluran Pembuang Gp. Darul Huda Kec. Woyla,SELESAI,185841982,185841982
KAB. ACEH BARAT,DINAS PEKERJAAN UMUM DAN PENATAAN RUANG - 1.03.0.00.0.00.06.0000,10773071000,65199129,2026,Non Tender,APBD,CV. ARIGA KARYA,Pengadaan Langsung,Jasa Konsultansi Badan Usaha Konstruksi,Pengawasan Teknis SPAM DAK Wilayah I,SELESAI,99800100,99800100
KAB. ACEH BARAT,DINAS PEKERJAAN UMUM DAN PENATAAN RUANG - 1.03.0.00.0.00.06.0000,10762279000,64351648,2026,Non Tender,APBD,CV. GRIYA ARCHITECTURE DESIGN,Pengadaan Langsung,Jasa Konsultansi Badan Usaha Konstruksi,Perencanaan Teknis Pembangunan Jalan Wilayah V,SELESAI,87884000,87884000
KAB. ACEH BARAT,DINAS PEKERJAAN UMUM DAN PENATAAN RUANG - 1.03.0.00.0.00.06.0000,10880974000,65472442,2026,Non Tender,APBD,CV. ADHIE JAYA DUANA,Pengadaan Langsung,Pekerjaan Konstruksi,Rehabilitasi Gedung Kantor Disdukcapil,SELESAI,139343045,139343045
KAB. ACEH BARAT,DINAS PERTANIAN TANAMAN PANGAN DAN HORTIKULTURA - 3.27.0.00.0.00.24.0000,10870290000,65101302,2026,Non Tender,APBD,SADA KONSULTAN,Pengadaan Langsung,Jasa Konsultansi Badan Usaha Konstruksi,"Perencanaan Lanjutan Pembangunan Jalan Usaha Tani Gampong Gampa, Kecamatan Johan Pahlawan",SELESAI,7395930,7395930
KAB. ACEH BARAT,DINAS PEKERJAAN UMUM DAN PENATAAN RUANG - 1.03.0.00.0.00.06.0000,10762692000,64354161,2026,Non Tender,APBD,CV. AUTO LEVEL CONSULTANT,Pengadaan Langsung,Jasa Konsultansi Badan Usaha Konstruksi,Perencanaan Teknis Rehabilitasi Jembatan,SELESAI,59945000,59945000
KAB. ACEH BARAT,DINAS PERUMAHAN RAKYAT DAN KAWASAN PERMUKIMAN - 1.04.1.03.0.00.07.0000,10877075000,66318910,2026,Non Tender,APBD,SADA KONSULTAN,Pengadaan Langsung,Jasa Konsultansi Badan Usaha Konstruksi,Perencanaan Galian Saluran Drainase Gp. Padang Sikabu Kec Kaway XVI,SELESAI,5988400,5988400
KAB. ACEH BARAT,BLUD RUMAH SAKIT CUT NYAK DHIEN MEULABOH - 1.02.0.00.0.00.05.0020,10794601000,65896352,2026,Non Tender,BLUD,PT ASIA INDOTAMA,Pengadaan Langsung,Pengadaan Barang,Belanja Pengadaan Mesin Cuci Laundry,SELESAI,194900000,194900000
KAB. ACEH BARAT,DINAS PERUMAHAN RAKYAT DAN KAWASAN PERMUKIMAN - 1.04.1.03.0.00.07.0000,10146703000,66318908,2026,Tender,APBD,,Tender,Pekerjaan Konstruksi,Pembangunan Drainase Lingkungan Gp. Ujung Baroh (komplek Pasar) Kec. johan Pahlawan,BERLANGSUNG,483403131,483403131
KAB. ACEH BARAT,DINAS PEKERJAAN UMUM DAN PENATAAN RUANG - 1.03.0.00.0.00.06.0000,10821561000,65221372,2026,Non Tender,APBD,"KARYA IRAMA AGUNG, CV",Pengadaan Langsung,Pekerjaan Konstruksi,Galian Saluran Pembuang Gp. Cot Manggie Kec. Panton Reu,SELESAI,185855312,185855312
KAB. ACEH BARAT,DINAS PEKERJAAN UMUM DAN PENATAAN RUANG - 1.03.0.00.0.00.06.0000,10931976000,65280541,2026,Non Tender,APBD,CV. KARYA BUKIT JAYA,Pengadaan Langsung,Pekerjaan Konstruksi,Pembangunan Gedung Kompetisi Sains MAN 1 Meulaboh,BERLANGSUNG,92822847,92822847
KAB. ACEH BARAT,BLUD RUMAH SAKIT CUT NYAK DHIEN MEULABOH - 1.02.0.00.0.00.05.0020,01KGPE9KKPKTJYZ5E8KJ3AWQXZ,64756557,2026,E-Katalog 6.0,BLUD,PRATAPA NIRMALA,E-Purchasing,Barang,Belanja Obat-Obatan-Obat,ON PROCESS,20800845,20800845
KAB. ACEH BARAT,DINAS PERUMAHAN RAKYAT DAN KAWASAN PERMUKIMAN - 1.04.1.03.0.00.07.0000,10843134000,66318945,2026,Non Tender,APBD,CV. TRIPA KARYA CIPTA,Pengadaan Langsung,Jasa Konsultansi Badan Usaha Konstruksi,Perencanaan Normalisasi Saluran Gp. Rambung Kec. Bubon,SELESAI,5987300,5987300
KAB. ACEH BARAT,DINAS PERKEBUNAN DAN PETERNAKAN - 3.27.0.00.0.00.25.0000,10851906000,67058927,2026,Non Tender,APBD,CV. SEPAKAT KARYA CONSULTANT,Pengadaan Langsung,Jasa Konsultansi Badan Usaha Non Konstruksi,Perencanaan Pembuatan Kandang Ayam Petelur dan Itik Petelur,SELESAI,9095340,9095340
KAB. ACEH BARAT,DINAS PERUMAHAN RAKYAT DAN KAWASAN PERMUKIMAN - 1.04.1.03.0.00.07.0000,01KT3PV8XF4B515CTT1Y8G8F76,67204765,2026,E-Katalog 6.0,APBD,ACEH MUDA SARE,E-Purchasing,Jasa Lainnya,Belanja Jasa Tenaga Supir,ON PROCESS,11000000,11000000
KAB. ACEH BARAT,DINAS KELAUTAN DAN PERIKANAN - 3.25.0.00.0.00.22.0000,10898414000,65034713,2026,Non Tender,APBD,CV. BANTU KAWAN KAWAN,Pengadaan Langsung,Pengadaan Barang,Bantuan Pakan Ikan Kec. Johan Pahlawan,SELESAI,99489850,0
KAB. ACEH BARAT,DINAS PEKERJAAN UMUM DAN PENATAAN RUANG - 1.03.0.00.0.00.06.0000,10107032000,62489715,2026,Tender,APBD,CV. PUTRI REZEKI,Tender,Pekerjaan Konstruksi,Pembangunan Drainase Jl. Iskandar Muda Kec. Johan Pahlawan (Lanjutan),SELESAI,467068510,467068510
KAB. ACEH BARAT,DINAS PERTANIAN TANAMAN PANGAN DAN HORTIKULTURA - 3.27.0.00.0.00.24.0000,10894958000,64708463,2026,Non Tender,APBD,SADA KONSULTAN,Pengadaan Langsung,Jasa Konsultansi Badan Usaha Konstruksi,Perencanaan Pembangunan Irigasi Perpompaan Besar di Gampong Pasi Jambu Kec. Kaway XVI,SELESAI,5547780,5547780
KAB. ACEH BARAT,DINAS PEKERJAAN UMUM DAN PENATAAN RUANG - 1.03.0.00.0.00.06.0000,10922062000,65221335,2026,Non Tender,APBD,CV.AGRA PERMATA INDAH,Pengadaan Langsung,Pekerjaan Konstruksi,Galian Saluran Pembuang Gp. Paya Megendrang Kec. Woyla Timur,SELESAI,185874653,185874653
KAB. ACEH BARAT,DINAS PEKERJAAN UMUM DAN PENATAAN RUANG - 1.03.0.00.0.00.06.0000,10794024000,66061126,2026,Non Tender,APBD,CV. BERKAH KARYA NUSANTARA,Pengadaan Langsung,Pekerjaan Konstruksi,Pembangunan Drainase Gp. Kuta Padang (Lanjutan),SELESAI,185448468,185448468
KAB. ACEH BARAT,DINAS PERUMAHAN RAKYAT DAN KAWASAN PERMUKIMAN - 1.04.1.03.0.00.07.0000,10842310000,66318907,2026,Non Tender,APBD,CV. SEPAKAT KARYA CONSULTANT,Pengadaan Langsung,Jasa Konsultansi Badan Usaha Konstruksi,Perencanaan Pembangunan Saluran Drainase Lr. Hibah Gp. Gampa Kec. Johan Pahlawan,SELESAI,5990600,5990600
KAB. ACEH BARAT,DINAS PEKERJAAN UMUM DAN PENATAAN RUANG - 1.03.0.00.0.00.06.0000,10870334000,64883419,2026,Non Tender,APBD,AHZAFA PUTRA,Pengadaan Langsung,Pengadaan Barang,Pengadaan Tong Sampah,SELESAI,149939244,0
KAB. ACEH BARAT,DINAS PERKEBUNAN DAN PETERNAKAN - 3.27.0.00.0.00.25.0000,10858132000,66082627,2026,Non Tender,APBD,CV.SMMANDIRI,Pengadaan Langsung,Pekerjaan Konstruksi,Terobosan Jalan Perkebunan Gp. Tungkop Kec. Sungai Mas,SELESAI,185733430,185733430
KAB. ACEH BARAT,DINAS PEKERJAAN UMUM DAN PENATAAN RUANG - 1.03.0.00.0.00.06.0000,10824861000,66696620,2026,Non Tender,APBD,cv.rupa karya architect and engineer,Pengadaan Langsung,Jasa Konsultansi Badan Usaha Konstruksi,Pengawasan Teknis Lanjutan Pembangunan Jembatan Alue Tampak,SELESAI,86691000,86691000
KAB. ACEH BARAT,DINAS PEKERJAAN UMUM DAN PENATAAN RUANG - 1.03.0.00.0.00.06.0000,10825844000,65474415,2026,Non Tender,APBD,CV.MULTY POWER ENGINEERING,Pengadaan Langsung,Jasa Konsultansi Badan Usaha Konstruksi,Pengawasan Teknis Rehabilitasi Gedung Wilayah I,SELESAI,32356500,32356500
KAB. ACEH BARAT,DINAS PEKERJAAN UMUM DAN PENATAAN RUANG - 1.03.0.00.0.00.06.0000,10806761000,65221358,2026,Non Tender,APBD,CV MELATI,Pengadaan Langsung,Pekerjaan Konstruksi,Galian Saluran Pembuang Gp. Cot lada Kec. Bubon,SELESAI,185846902,185846902
KAB. ACEH BARAT,DINAS PERUMAHAN RAKYAT DAN KAWASAN PERMUKIMAN - 1.04.1.03.0.00.07.0000,10922150000,65334598,2026,Non Tender,APBD,BARSELA ACEH CONSULTANT,Pengadaan Langsung,Jasa Konsultansi Badan Usaha Konstruksi,Pengawasan Pembangunan pagar mesjid Al- Hidayah Gp. Kuta Padang Kec. Johan Pahlawan,SELESAI,7958700,7958700
KAB. ACEH BARAT,DINAS SYARIAT ISLAM - 9.01.0.00.0.00.47.0000,10932230000,67283815,2026,Non Tender,APBD,CV. Gamas Mandiri,Pengadaan Langsung,Pekerjaan Konstruksi,Rehab Tempat Wudhu Mesjid Darul Jabbal Rahman Gp. Ie Itam Tunong Kec. Woyla,SELESAI,99870000,99870000
KAB. ACEH BARAT,DINAS PEKERJAAN UMUM DAN PENATAAN RUANG - 1.03.0.00.0.00.06.0000,10798542000,64754007,2026,Non Tender,APBD,CV. PALUGADA VAN JAVA,Pengadaan Langsung,Pekerjaan Konstruksi,Galian Saluran Pembuang Air Gp. Suak Geudeubang Kec. Samatiga,SELESAI,185837749,185837749
KAB. ACEH BARAT,DINAS PEKERJAAN UMUM DAN PENATAAN RUANG - 1.03.0.00.0.00.06.0000,10801687000,65221395,2026,Non Tender,APBD,CV. TRIPA KARYA CIPTA,Pengadaan Langsung,Jasa Konsultansi Badan Usaha Konstruksi,Pengawasan Teknis Normalisasi dan Galian Saluran Pembuang Wilayah V,SELESAI,65950650,65950650
KAB. ACEH BARAT,BLUD RUMAH SAKIT CUT NYAK DHIEN MEULABOH - 1.02.0.00.0.00.05.0020,01KJYG3418F28PSKCVJPPWHB8D,64756557,2026,E-Katalog 6.0,BLUD,MEPROFARM,E-Purchasing,Barang,Belanja Obat-Obatan-Obat,ON PROCESS,7426344,7426344
KAB. ACEH BARAT,DINAS PEKERJAAN UMUM DAN PENATAAN RUANG - 1.03.0.00.0.00.06.0000,10871480000,65593414,2026,Non Tender,APBD,CV. PUSAKA SUBUR JAYA,Pengadaan Langsung,Pekerjaan Konstruksi,Peningkatan Bahu Jalan Lapang,SELESAI,185763000,185763000
KAB. ACEH BARAT,DINAS PERUMAHAN RAKYAT DAN KAWASAN PERMUKIMAN - 1.04.1.03.0.00.07.0000,10925587000,66930673,2026,Non Tender,APBD,CV. PALUGADA VAN JAVA,Pengadaan Langsung,Pekerjaan Konstruksi,Pembangunan jalan Gp. Lapang Kec. Johan Pahlawan,BERLANGSUNG,185655700,185655700
KAB. ACEH BARAT,DINAS PEKERJAAN UMUM DAN PENATAAN RUANG - 1.03.0.00.0.00.06.0000,10892827000,67248331,2026,Non Tender,APBD,BARSELA ACEH CONSULTANT,Pengadaan Langsung,Jasa Konsultansi Badan Usaha Konstruksi,Perencanaan Teknis Pembangunan Pengaman Tebing Sungai Gp. Lawet Segmen 2,SELESAI,45992850,45992850
KAB. ACEH BARAT,DINAS PEKERJAAN UMUM DAN PENATAAN RUANG - 1.03.0.00.0.00.06.0000,10785188000,65832969,2026,Non Tender,APBD,CV. PUTRA JAYA KONSULTAN,Pengadaan Langsung,Jasa Konsultansi Badan Usaha Konstruksi,Pengawasan Teknis Peningkatan Jalan Rimba Langgeh - Suak Bidok,SELESAI,18181800,18181800
KAB. ACEH BARAT,DINAS PEKERJAAN UMUM DAN PENATAAN RUANG - 1.03.0.00.0.00.06.0000,10832330000,65593442,2026,Non Tender,APBD,CV. DZUHA PUTRA,Pengadaan Langsung,Pekerjaan Konstruksi,Peningkatan Bahu jalan Desa Lung Buloh,BERLANGSUNG,185811000,185811000
KAB. ACEH BARAT,DINAS PEKERJAAN UMUM DAN PENATAAN RUANG - 1.03.0.00.0.00.06.0000,10915808000,66636299,2026,Non Tender,APBD,BARSELA ACEH CONSULTANT,Pengadaan Langsung,Jasa Konsultansi Badan Usaha Konstruksi,Perencanaan Teknis Peningkatan Jaringan dan Tanggul Irigasi,SELESAI,18981000,18981000
KAB. ACEH BARAT,DINAS PEKERJAAN UMUM DAN PENATAAN RUANG - 1.03.0.00.0.00.06.0000,10108233000,62708049,2026,Tender,APBD,SURYA BELANTARA INDO NIAGA,Tender,Pekerjaan Konstruksi,Peningkatan Jalan Jawi - Sipot (Alue Surin),SELESAI,471250000,471250000
KAB. ACEH BARAT,DINAS PERUMAHAN RAKYAT DAN KAWASAN PERMUKIMAN - 1.04.1.03.0.00.07.0000,10868631000,65334611,2026,Non Tender,APBD,CV. TRIPA KARYA CIPTA,Pengadaan Langsung,Jasa Konsultansi Badan Usaha Konstruksi,Perencanaan Rehab MASJID JAMIK ALMUKARRAMAH GP. Pante Ceremin Kec. Pante Ceureumen,SELESAI,2995890,2995890
KAB. ACEH BARAT,DINAS PEKERJAAN UMUM DAN PENATAAN RUANG - 1.03.0.00.0.00.06.0000,01KQY9D0GBEZPVYY9116Z24T4A,67079792,2026,E-Katalog 6.0,APBD,ROTOTAMA BERLIANPLAST,E-Purchasing,Barang,Penyediaan Tangki Septik Pabrikasi Individual Minimal 50 KK Gp. Mugo Cut Kec. Panton Reu (55 Unit),ON PROCESS,258499986,258499986
KAB. ACEH BARAT,DINAS PERUMAHAN RAKYAT DAN KAWASAN PERMUKIMAN - 1.04.1.03.0.00.07.0000,10866628000,66930662,2026,Non Tender,APBD,BARSELA ACEH CONSULTANT,Pengadaan Langsung,Jasa Konsultansi Badan Usaha Konstruksi,Perencanaan  Peningkatan jalan Gp. Leuhan Kec. Johan Pahlawan,SELESAI,5989500,5989500
KAB. ACEH BARAT,DINAS PEKERJAAN UMUM DAN PENATAAN RUANG - 1.03.0.00.0.00.06.0000,10806751000,65221353,2026,Non Tender,APBD,CV.CEURANA,Pengadaan Langsung,Pekerjaan Konstruksi,Galian Saluran Pembuang Gp. Cot situah Kec. Woyla,SELESAI,185842150,185842150
KAB. ACEH BARAT,DINAS PERUMAHAN RAKYAT DAN KAWASAN PERMUKIMAN - 1.04.1.03.0.00.07.0000,10874341000,66930629,2026,Non Tender,APBD,CV. PUTRA JAYA KONSULTAN,Pengadaan Langsung,Jasa Konsultansi Badan Usaha Konstruksi,Perencanaan Pembangunan jalan Gp. Drien Rampak Kec. Johan Pahlawan,SELESAI,4459900,4459900
KAB. ACEH BARAT,DINAS PERKEBUNAN DAN PETERNAKAN - 3.27.0.00.0.00.25.0000,10858033000,66074642,2026,Non Tender,APBD,CV.NA JAYA BERSAMA,Pengadaan Langsung,Pekerjaan Konstruksi,Terobosan Jalan Perkebunan Gp. Lango Kec. Pante Ceureumen,SELESAI,185844730,185844730
KAB. ACEH BARAT,DINAS PEKERJAAN UMUM DAN PENATAAN RUANG - 1.03.0.00.0.00.06.0000,10934310000,65221323,2026,Non Tender,APBD,CV POTENSI AGRO LESTARI,Pengadaan Langsung,Pekerjaan Konstruksi,Galian Saluran Pembuang Gp. Suak Nie Kec. Johan Pahlawan,SELESAI,167276650,167276650
KAB. ACEH BARAT,DINAS PEKERJAAN UMUM DAN PENATAAN RUANG - 1.03.0.00.0.00.06.0000,10822590000,65593403,2026,Non Tender,APBD,CV.NA JAYA BERSAMA,Pengadaan Langsung,Pekerjaan Konstruksi,Peningkatan Jalan Lhok Sari - Berdikari,SELESAI,232190000,232190000
KAB. ACEH BARAT,DINAS PERKEBUNAN DAN PETERNAKAN - 3.27.0.00.0.00.25.0000,10858112000,66082344,2026,Non Tender,APBD,CV.SMMANDIRI,Pengadaan Langsung,Pekerjaan Konstruksi,Terobosan Jalan Perkebunan Gp. Tanoh Mirah Kec. Sungai Mas,SELESAI,185776631,185776631
KAB. ACEH BARAT,DINAS PEKERJAAN UMUM DAN PENATAAN RUANG - 1.03.0.00.0.00.06.0000,10817586000,66130710,2026,Non Tender,APBD,CV.PUTRA IDM,Pengadaan Langsung,Pekerjaan Konstruksi,Rehabilitasi Jalan Pante Ceureumen - Keutambang,SELESAI,278600000,278600000
KAB. ACEH BARAT,DINAS PEKERJAAN UMUM DAN PENATAAN RUANG - 1.03.0.00.0.00.06.0000,10108018000,62702033,2026,Tender,APBD,CV. B Y KONSTRUKSI,Tender,Pekerjaan Konstruksi,Peningkatan Jalan Rimba Langgeh - Suak Bidok,SELESAI,470650000,470650000
KAB. ACEH BARAT,DINAS PERUMAHAN RAKYAT DAN KAWASAN PERMUKIMAN - 1.04.1.03.0.00.07.0000,10845462000,66870907,2026,Non Tender,APBD,CV. SEPAKAT KARYA CONSULTANT,Pengadaan Langsung,Jasa Konsultansi Badan Usaha Konstruksi,Perencanaan Pembangunan Rumah Tidak Layak Huni atas nama HENDRI Gp. Gampa Kec.Johan Pahlawan,SELESAI,3296000,3296000
KAB. ACEH BARAT,DINAS PEKERJAAN UMUM DAN PENATAAN RUANG - 1.03.0.00.0.00.06.0000,10934305000,65221330,2026,Non Tender,APBD,CV POTENSI AGRO LESTARI,Pengadaan Langsung,Pekerjaan Konstruksi,Galian Saluran Pembuang Gp. Seuneubok Kec. Johan Pahlawan,SELESAI,167278908,167278908
KAB. ACEH BARAT,DINAS PEKERJAAN UMUM DAN PENATAAN RUANG - 1.03.0.00.0.00.06.0000,10868816000,66696540,2026,Non Tender,APBD,CV. AGAM ACEH,Pengadaan Langsung,Pekerjaan Konstruksi,Pergantian Lantai Jembatan Gantung Leubok Beutong,SELESAI,185776000,185776000
KAB. ACEH BARAT,DINAS PEKERJAAN UMUM DAN PENATAAN RUANG - 1.03.0.00.0.00.06.0000,10821193000,65221331,2026,Non Tender,APBD,CV. PELITA MEUGAH MANDIRi,Pengadaan Langsung,Pekerjaan Konstruksi,Galian Saluran Gp. Teumarom Kec. Woyla,SELESAI,185838435,185838435
KAB. ACEH BARAT,DINAS PEKERJAAN UMUM DAN PENATAAN RUANG - 1.03.0.00.0.00.06.0000,10794926000,66061163,2026,Non Tender,APBD,CV. NUSANTARA,Pengadaan Langsung,Pekerjaan Konstruksi,Pembangunan Drainase Meutulang,SELESAI,139184910,139184910
KAB. ACEH BARAT,DINAS PEKERJAAN UMUM DAN PENATAAN RUANG - 1.03.0.00.0.00.06.0000,10818864000,65221338,2026,Non Tender,APBD,CV. DARMAWAN BROTHERS,Pengadaan Langsung,Pekerjaan Konstruksi,Normalisasi saluran pembuangan kecamatan johan pahlawan Zona I,SELESAI,185835744,185835744
KAB. ACEH BARAT,DINAS PEKERJAAN UMUM DAN PENATAAN RUANG - 1.03.0.00.0.00.06.0000,10763943000,63709633,2026,Non Tender,APBD,CV. SEPAKAT KARYA CONSULTANT,Pengadaan Langsung,Jasa Konsultansi Badan Usaha Konstruksi,Pengawasan Teknis Rehabilitasi Drainase Jl. Sisingamangaraja Kec. Johan Pahlawan,SELESAI,19946700,19946700
KAB. ACEH BARAT,DINAS PEKERJAAN UMUM DAN PENATAAN RUANG - 1.03.0.00.0.00.06.0000,10785154000,65832956,2026,Non Tender,APBD,CV. ARIGA KARYA,Pengadaan Langsung,Jasa Konsultansi Badan Usaha Konstruksi,Pengawasan Teknis Peningkatan Jalan Blang Mee - Seuradek,SELESAI,18198450,18198450
KAB. ACEH BARAT,DINAS PEKERJAAN UMUM DAN PENATAAN RUANG - 1.03.0.00.0.00.06.0000,10898614000,67267981,2026,Non Tender,APBD,CV. RAMARAKAS,Pengadaan Langsung,Jasa Konsultansi Badan Usaha Konstruksi,Perencanaan Teknis Rehabilitasi Jalan Gp. Canggai Kec. Pante Ceureumen,SELESAI,19941000,19941000
KAB. ACEH BARAT,DINAS PEKERJAAN UMUM DAN PENATAAN RUANG - 1.03.0.00.0.00.06.0000,10798534000,64754148,2026,Non Tender,APBD,CV. TUAH KARYA,Pengadaan Langsung,Pekerjaan Konstruksi,Galian Saluran Pembuangan Air Gp. Meunasah Buloh Kec. Kaway XVI,SELESAI,185868410,185868410
KAB. ACEH BARAT,DINAS PEKERJAAN UMUM DAN PENATAAN RUANG - 1.03.0.00.0.00.06.0000,10806762000,65221359,2026,Non Tender,APBD,CV. DWI KARYA TABINA,Pengadaan Langsung,Pekerjaan Konstruksi,Galian Saluran Pembuang Gp. Peulanteu SP Kec. Bubon,SELESAI,185944799,185944799
KAB. ACEH BARAT,DINAS PEKERJAAN UMUM DAN PENATAAN RUANG - 1.03.0.00.0.00.06.0000,10852523000,65593435,2026,Non Tender,APBD,CV. BERKAH KARYA NUSANTARA,Pengadaan Langsung,Pekerjaan Konstruksi,Terobosan Jalan Gp. Putim,SELESAI,185817000,185817000
KAB. ACEH BARAT,DINAS PEKERJAAN UMUM DAN PENATAAN RUANG - 1.03.0.00.0.00.06.0000,10857311000,66624614,2026,Non Tender,APBD,CV. NUSANTARA,Pengadaan Langsung,Pekerjaan Konstruksi,Pembangunan SPAM Gp. Paya Baro Panton Reu,SELESAI,129834480,129834480
KAB. ACEH BARAT,DINAS PERUMAHAN RAKYAT DAN KAWASAN PERMUKIMAN - 1.04.1.03.0.00.07.0000,10868603000,66930617,2026,Non Tender,APBD,SADA KONSULTAN,Pengadaan Langsung,Jasa Konsultansi Badan Usaha Konstruksi,Perencanaan Perkerasan Jalan Gp. Desa Tuwie Empeuk Kec. Woyla Timur,SELESAI,5989500,5989500
KAB. ACEH BARAT,DINAS PEKERJAAN UMUM DAN PENATAAN RUANG - 1.03.0.00.0.00.06.0000,10806727000,65221347,2026,Non Tender,APBD,CV.CEURANA,Pengadaan Langsung,Pekerjaan Konstruksi,Galian Saluran Pembuang Gp. Alue sundak Kec. Woyla,SELESAI,185855310,185855310
KAB. ACEH BARAT,DINAS SYARIAT ISLAM - 9.01.0.00.0.00.47.0000,10902739000,67283805,2026,Non Tender,APBD,CV. CAHAYA MENARA AGUNG,Pengadaan Langsung,Pekerjaan Konstruksi,Rehab MCK Mesjid Darul Huda,SELESAI,98705912,98705912
KAB. ACEH BARAT,DINAS PERUMAHAN RAKYAT DAN KAWASAN PERMUKIMAN - 1.04.1.03.0.00.07.0000,01KV9Y89SX0WBSA50P8J4D6F4A,66019604,2026,E-Katalog 6.0,APBD,TUJUH ENAM COMPUTER,E-Purchasing,Barang,Printer,ON PROCESS,12920400,12920400
KAB. ACEH BARAT,DINAS PEKERJAAN UMUM DAN PENATAAN RUANG - 1.03.0.00.0.00.06.0000,10762348000,64350238,2026,Non Tender,APBD,CV. SEPAKAT KARYA CONSULTANT,Pengadaan Langsung,Jasa Konsultansi Badan Usaha Konstruksi,Perencanaan Teknis Pembangunan Jalan Wilayah I,SELESAI,79975000,79975000
KAB. ACEH BARAT,DINAS PEKERJAAN UMUM DAN PENATAAN RUANG - 1.03.0.00.0.00.06.0000,10806758000,65221407,2026,Non Tender,APBD,CV MELATI,Pengadaan Langsung,Pekerjaan Konstruksi,Galian Saluran Pembuang Gp. liceh Kec. Bubon,SELESAI,185869104,185869104
KAB. ACEH BARAT,BLUD RUMAH SAKIT CUT NYAK DHIEN MEULABOH - 1.02.0.00.0.00.05.0020,01KJC8C6CKPW38VF42MVVDXP1D,64756557,2026,E-Katalog 6.0,BLUD,FERRON PAR PHARMACEUTICALS,E-Purchasing,Barang,Belanja Obat-Obatan-Obat,ON PROCESS,17549100,17549100
KAB. ACEH BARAT,DINAS PERUMAHAN RAKYAT DAN KAWASAN PERMUKIMAN - 1.04.1.03.0.00.07.0000,10868598000,66930626,2026,Non Tender,APBD,SADA KONSULTAN,Pengadaan Langsung,Jasa Konsultansi Badan Usaha Konstruksi,Perencanaan Terobosan jalan Gp.Blang Beurandang Kec. Johan Pahlawan,SELESAI,5989560,5989560
KAB. ACEH BARAT,BLUD RUMAH SAKIT CUT NYAK DHIEN MEULABOH - 1.02.0.00.0.00.05.0020,01KJD9NG6SJSJVVSFTR6AXRXR2,65484844,2026,E-Katalog 6.0,BLUD,KARYA PRATAMA,E-Purchasing,Barang,Belanja Modal Alat Rumah Tangga Lainnya (Home Use),ON PROCESS,372254999,372254999
KAB. ACEH BARAT,DINAS PEKERJAAN UMUM DAN PENATAAN RUANG - 1.03.0.00.0.00.06.0000,10843754000,65476133,2026,Non Tender,APBD,CV NISKALA KITA BERSAMA,Pengadaan Langsung,Pekerjaan Konstruksi,Rehabilitasi Bangunan Pendukung Pendopo Wakil Bupati,SELESAI,367035650,367035650
KAB. ACEH BARAT,DINAS PERUMAHAN RAKYAT DAN KAWASAN PERMUKIMAN - 1.04.1.03.0.00.07.0000,10928988000,66318916,2026,Non Tender,APBD,CV. NASTI ANUGERAH SEJAHTERA,Pengadaan Langsung,Pekerjaan Konstruksi,Normalisasi Saluran Gp. Cot Kec. Samatiga,BERLANGSUNG,185644700,185644700
KAB. ACEH BARAT,DINAS SOSIAL - 1.06.0.00.0.00.10.0000,01KTSZMD9PRHMVM1EN91MPD3HH,67191392,2026,E-Katalog 6.0,APBD,AMI CAHAYA MATA,E-Purchasing,Barang,Belanja Barang untuk Dijual/Diserahkan kepada Masyarakat,ON PROCESS,105136425,105136425
KAB. ACEH BARAT,DINAS PEKERJAAN UMUM DAN PENATAAN RUANG - 1.03.0.00.0.00.06.0000,10825640000,65593473,2026,Non Tender,APBD,CV. DZUHA PUTRA,Pengadaan Langsung,Pekerjaan Konstruksi,Pembangunan Jalan Dsn Gunong Manyang Gp. Alue Keumuneng,SELESAI,185748000,185748000
KAB. ACEH BARAT,DINAS PEKERJAAN UMUM DAN PENATAAN RUANG - 1.03.0.00.0.00.06.0000,10770833000,64738799,2026,Non Tender,APBD,CV.MULTY POWER ENGINEERING,Pengadaan Langsung,Jasa Konsultansi Badan Usaha Konstruksi,Perencanaan Teknis Pembangunan SPAM,SELESAI,9956700,9956700
KAB. ACEH BARAT,DINAS PEKERJAAN UMUM DAN PENATAAN RUANG - 1.03.0.00.0.00.06.0000,10146948000,67184737,2026,Tender,APBD,,Tender,Pekerjaan Konstruksi,Pembangunan dan Rehabilitasi Tanggul Longsor Badan Jalan Ruas Jawi - Sipot Titik I,BERLANGSUNG,737996000,737996000
KAB. ACEH BARAT,DINAS PERUMAHAN RAKYAT DAN KAWASAN PERMUKIMAN - 1.04.1.03.0.00.07.0000,10925515000,65334593,2026,Non Tender,APBD,CV POTENSI AGRO LESTARI,Pengadaan Langsung,Pekerjaan Konstruksi,Rehabilitasi Mesjid Gp. Tungkop Kec. sungai Mas,BERLANGSUNG,185748200,185748200
KAB. ACEH BARAT,DINAS PEKERJAAN UMUM DAN PENATAAN RUANG - 1.03.0.00.0.00.06.0000,10881022000,65472039,2026,Non Tender,APBD,CV NISKALA KITA BERSAMA,Pengadaan Langsung,Pekerjaan Konstruksi,Rehabilitasi Gedung Kantor Diskominsa,SELESAI,92850641,92850641
KAB. ACEH BARAT,DINAS PEKERJAAN UMUM DAN PENATAAN RUANG - 1.03.0.00.0.00.06.0000,10812115000,65593448,2026,Non Tender,APBD,CV. AUTO LEVEL CONSULTANT,Pengadaan Langsung,Jasa Konsultansi Badan Usaha Konstruksi,Pengawasan Teknis Pembangunan Jalan Wilayah V,SELESAI,65934000,65934000
KAB. ACEH BARAT,SEKRETARIAT DPRK - 4.02.0.00.0.00.29.0000,01KT3MHH7A7WAR71N8SRFRM97K,67185613,2026,E-Katalog 6.0,APBD,ACEH MUDA SARE,E-Purchasing,Jasa Lainnya,Belanja Jasa Tenaga Kebersihan,ON PROCESS,64750000,64750000
KAB. ACEH BARAT,DINAS PERUMAHAN RAKYAT DAN KAWASAN PERMUKIMAN - 1.04.1.03.0.00.07.0000,10890364000,65334594,2026,Non Tender,APBD,SADA KONSULTAN,Pengadaan Langsung,Jasa Konsultansi Badan Usaha Konstruksi,Perencanaan Rehabilitasi Mesjid Gp. Tungkop Kec. sungai Mas,SELESAI,5989500,5989500
KAB. ACEH BARAT,DINAS PEKERJAAN UMUM DAN PENATAAN RUANG - 1.03.0.00.0.00.06.0000,10892825000,67113674,2026,Non Tender,APBD,SADA KONSULTAN,Pengadaan Langsung,Jasa Konsultansi Badan Usaha Konstruksi,Perencanaan Teknis Pembangunan Bangunan Perkuatan Tebing Gp. Sikundo,SELESAI,44993850,44993850
KAB. ACEH BARAT,DINAS PEKERJAAN UMUM DAN PENATAAN RUANG - 1.03.0.00.0.00.06.0000,10785168000,65832971,2026,Non Tender,APBD,CV. KARYA CREATIF CONSULTANT,Pengadaan Langsung,Jasa Konsultansi Badan Usaha Konstruksi,Pengawasan Teknis Peningkatan Jalan Balee - Reudeup - Buloh - Bukit Jaya,SELESAI,18198450,18198450
KAB. ACEH BARAT,DINAS PEKERJAAN UMUM DAN PENATAAN RUANG - 1.03.0.00.0.00.06.0000,10107045000,62489576,2026,Tender,APBD,CV.ALFATIR,Tender,Pekerjaan Konstruksi,Rehabilitasi Drainase Jl. Sisingamangaraja Kec. Johan Pahlawan,SELESAI,461781874,461781874
KAB. ACEH BARAT,DINAS PERKEBUNAN DAN PETERNAKAN - 3.27.0.00.0.00.25.0000,10858088000,66077111,2026,Non Tender,APBD,CV. PELITA MEUGAH MANDIRi,Pengadaan Langsung,Pekerjaan Konstruksi,Terobosan Jalan Perkebunan Gp. Gle Siblah Kec. Woyla,SELESAI,185700430,185700430
KAB. ACEH BARAT,DINAS PEKERJAAN UMUM DAN PENATAAN RUANG - 1.03.0.00.0.00.06.0000,10133095000,62702154,2026,Tender,APBD,PT. ARHINDO ARTHA UTAMA,Tender,Pekerjaan Konstruksi,Pembangunan Pengaman Tebing Jembatan Pasi Mesjid - Ranto Panyang Barat,SELESAI,479999000,479999000
KAB. ACEH BARAT,DINAS KESEHATAN - 1.02.0.00.0.00.05.0000,01KRAEGY38WKH2ES87S0P5Y579,65090550,2026,E-Katalog 6.0,APBD,ALEXA MEDIKA,E-Purchasing,Barang,Belanja Bahan-Bahan Lainnya,ON PROCESS,130010748,130010748
KAB. ACEH BARAT,DINAS LINGKUNGAN HIDUP - 2.11.0.00.0.00.14.0000,01KN166D6QMSKM6D21GQGXMJMN,66074371,2026,E-Katalog 6.0,APBD,BANTU KAWAN KAWAN,E-Purchasing,Jasa Lainnya,Belanja Jasa Tenaga Kebersihan,ON PROCESS,240955000,240955000
KAB. ACEH BARAT,DINAS PEKERJAAN UMUM DAN PENATAAN RUANG - 1.03.0.00.0.00.06.0000,10868803000,66696612,2026,Non Tender,APBD,CV. CAHAYA MENARA AGUNG,Pengadaan Langsung,Pekerjaan Konstruksi,Pembangunan Box Ruas Jalan Jambak - Sikundo,SELESAI,371522000,371522000
KAB. ACEH BARAT,DINAS PEKERJAAN UMUM DAN PENATAAN RUANG - 1.03.0.00.0.00.06.0000,10825702000,65593423,2026,Non Tender,APBD,CV. DZUHA PUTRA,Pengadaan Langsung,Pekerjaan Konstruksi,Peningkatan Jalan SMK Perikanan Pante Ceureumen,SELESAI,371500000,371500000
KAB. ACEH BARAT,DINAS PEKERJAAN UMUM DAN PENATAAN RUANG - 1.03.0.00.0.00.06.0000,10862181000,64739440,2026,Non Tender,APBD,CV. ARIGA KARYA,Pengadaan Langsung,Jasa Konsultansi Badan Usaha Konstruksi,Pengawasan Teknis Pembangunan SPAM,SELESAI,9990000,9990000
KAB. ACEH BARAT,DINAS PERUMAHAN RAKYAT DAN KAWASAN PERMUKIMAN - 1.04.1.03.0.00.07.0000,10843138000,66318924,2026,Non Tender,APBD,CV. SEPAKAT KARYA CONSULTANT,Pengadaan Langsung,Jasa Konsultansi Badan Usaha Konstruksi,Perencanaan Pembangunan Saluran Drainase Gp. Ujung Baroh Kec.Johan Pahlawan,SELESAI,5990600,5990600
KAB. ACEH BARAT,BLUD RUMAH SAKIT CUT NYAK DHIEN MEULABOH - 1.02.0.00.0.00.05.0020,01KPB9MK81VGQ5Z2YS2VR9HVBT,66913970,2026,E-Katalog 6.0,BLUD,INDOMULTI MITRA SENTOSA,E-Purchasing,Barang,Belanja Safety Box,ON PROCESS,60700998,60700998
