nama_instansi,nama_satuan_kerja,kode_paket,kode_rup,tahun_anggaran,sumber_transaksi,sumber_dana,nama_penyedia,metode_pengadaan,jenis_pengadaan,nama_paket,status_paket,total_nilai,nilai_pdn
KAB. WAJO,PUSKESMAS MANIANGPAJO - 1.02.0.00.0.00.01.0021,01KPAV78BQDTHHBZ3MSRHBTJ6G,66067847,2026,E-Katalog 6.0,APBD,ARSYAD M,E-Purchasing,Barang,Belanja Barang dan Jasa BLUD,ON PROCESS,3201368,3201368
KAB. WAJO,DINAS KESEHATAN - 1.02.0.00.0.00.01.0000,01KVPB9TNW8MH4APCS644RETEX,66827272,2026,E-Katalog 6.0,APBD,ARSYAD M,E-Purchasing,Barang,Belanja Alat/Bahan untuk Kegiatan Kantor- Bahan Cetak pada sub kegiatan Pemeriksaan Post Market pada Produk Makanan-Minuman Industri Rumah Tangga yang Beredar dan Pengawasan serta Tindak Lanjut Pengawasan,ON PROCESS,407592,407592
KAB. WAJO,PUSKESMAS PENRANG - 1.02.0.00.0.00.01.0014,01KWTW9AB5A54306YYCTEZEJKA,66076986,2026,E-Katalog 6.0,APBD,ANDI JUNENNI,E-Purchasing,Barang,Belanja barang dan jasa BOK puskesmas pada sub kegiatan Pengelolaan Pelayanan Kesehatan Ibu Hamil,ON PROCESS,304300,304300
KAB. WAJO,RSUD SIWA - 1.02.0.00.0.00.01.0002,01KR2S8V8C8KM72DJQN1MX83RN,66883851,2026,E-Katalog 6.0,BLUD,JAYA SAKTI PRASETYA,E-Purchasing,Barang,Belanja Barang dan Jasa BLUD,ON PROCESS,144000000,144000000
KAB. WAJO,BADAN PENGELOLAAN KEUANGAN DAN PENDAPATAN DAERAH - 5.02.0.00.0.00.01.0000,01KQZRWEVZMVHVK44PVSQK49DP,63464855,2026,E-Katalog 6.0,APBD,ASTI WAHYUNI,E-Purchasing,Barang,Belanja Makanan dan Minuman Rapat,ON PROCESS,634800,634800
KAB. WAJO,DINAS PERUMAHAN DAN KAWASAN PERMUKIMAN - 1.04.0.00.0.00.01.0000,01KV57HBQ5WKXA4RGZVC4KFAXD,67263946,2026,E-Katalog 6.0,APBD,ANDI AKHYAR SULAIMAN,E-Purchasing,Barang,Belanja Bahan Cetak pada Kegiatan Koordinasi dan Penyusunan Laporan Capaian Kinerja dan Ikhtisar Realisasi Kinerja SKPD,ON PROCESS,422500,422500
KAB. WAJO,BADAN PENGELOLAAN KEUANGAN DAN PENDAPATAN DAERAH - 5.02.0.00.0.00.01.0000,01KN46C9H481EVYWV165PP7GEK,63560013,2026,E-Katalog 6.0,APBD,AQILAHDAFFA,E-Purchasing,Barang,Belanja Makanan dan Minuman Rapat,ON PROCESS,995000,995000
KAB. WAJO,KECAMATAN GILIRENG - 7.01.0.00.0.00.03.0000,01KJ9QZ3ZFYM7Z36YS4QCHC76T,65887287,2026,E-Katalog 6.0,APBD,ANDI AKHYAR SULAIMAN,E-Purchasing,Barang,Belanja Alat/Bahan untuk Kegiatan Kantor-Alat Tulis Kantor,ON PROCESS,1969499,1969499
KAB. WAJO,RSUD LAMADDUKELLENG - 1.02.0.00.0.00.01.0001,01KR0S6VM2DAKMZ1NZ911V3V2J,65300982,2026,E-Katalog 6.0,BLUD,HORIBA INDONESIA,E-Purchasing,Barang,Belanja Barang dan Jasa BLUD,ON PROCESS,14758096,0
KAB. WAJO,"SATUAN POLISI PAMONG PRAJA, PEMADAM KEBAKARAN DAN PENYELAMATAN - 1.05.0.00.0.00.01.0000",01KN6ZYMSSB9PHJ3JSWFG2NHNK,64065048,2026,E-Katalog 6.0,APBD,DARNAWATI,E-Purchasing,Barang,Belanja Makanan dan Minuman Rapat,ON PROCESS,807000,807000
KAB. WAJO,PUSKESMAS TAKKALALLA - 1.02.0.00.0.00.01.0011,01KPAFJT7VJ6FC519YXQ8KHBHV,66026020,2026,E-Katalog 6.0,APBD,SITTI AISYAH,E-Purchasing,Barang,Belanja Barang dan Jasa BOK Puskesmas Sub Kegiatan Bimbingan Teknis dan Supervisi Pengembangan dan Pelaksanaan Upaya Kesehatan Bersumber Daya Masyarakat (UKBM),ON PROCESS,225000,225000
KAB. WAJO,RSUD LAMADDUKELLENG - 1.02.0.00.0.00.01.0001,01KPMVCKEPB4BHAG8JCRATBBVF,65300982,2026,E-Katalog 6.0,BLUD,MEPROFARM,E-Purchasing,Barang,Belanja Barang dan Jasa BLUD,ON PROCESS,16249290,16249290
KAB. WAJO,RSUD LAMADDUKELLENG - 1.02.0.00.0.00.01.0001,01KSSBEFYKM5H20RG7E7EN6C1Z,65300982,2026,E-Katalog 6.0,BLUD,SANBE FARMA,E-Purchasing,Barang,Belanja Barang dan Jasa BLUD,ON PROCESS,4855140,4855140
KAB. WAJO,DINAS KEPENDUDUKAN DAN PENCATATAN SIPIL - 2.12.0.00.0.00.01.0000,01KSGXSK236ZB8WPZS3CZYFAPW,66536837,2026,E-Katalog 6.0,APBD,ANDI AKHYAR SULAIMAN,E-Purchasing,Barang,Belanja Alat/Bahan untuk Kegiatan Kantor-Alat Tulis Kantor,ON PROCESS,1278497,1278497
KAB. WAJO,PUSKESMAS SOLO - 1.02.0.00.0.00.01.0010,01KR00MPBQR2GVH4R4J4TPTNAC,66023206,2026,E-Katalog 6.0,APBD,NURFAIDAH,E-Purchasing,Barang,Belanja barang dan jasa BOK puskesmas pada sub kegiatan Pengelolaan Pelayanan Kesehatan Ibu Hamil,ON PROCESS,225000,225000
KAB. WAJO,BADAN KESATUAN BANGSA DAN POLITIK - 8.01.0.00.0.00.01.0000,01KGKJM5VM2FN645XTVMVRDYRY,63062754,2026,E-Katalog 6.0,APBD,A. NASRAH,E-Purchasing,Barang,Belanja Makanan dan Minuman Rapat,ON PROCESS,1840000,1840000
KAB. WAJO,RSUD LAMADDUKELLENG - 1.02.0.00.0.00.01.0001,01KQEJK32ZKSFV382EY42DRR4F,65300982,2026,E-Katalog 6.0,BLUD,KIMIA FARMA TRADING & DISTRIBUTION,E-Purchasing,Barang,Belanja Barang dan Jasa BLUD,ON PROCESS,3219000,3219000
KAB. WAJO,DINAS KEPENDUDUKAN DAN PENCATATAN SIPIL - 2.12.0.00.0.00.01.0000,01KN4A507P2MQKV6Y3W8W72Y2X,66540287,2026,E-Katalog 6.0,APBD,GUNAWAN TJANDRA,E-Purchasing,Barang,Belanja Modal Alat Pendingin,ON PROCESS,27000000,27000000
KAB. WAJO,KELURAHAN DOPING - 7.01.0.00.0.00.08.0001,01KVEXH7Y9XT5YXW1BHEKE0BN8,67244112,2026,E-Katalog 6.0,APBD,ANDI AKHYAR SULAIMAN,E-Purchasing,Barang,Penyediaan Jasa Surat Menyurat,ON PROCESS,2095950,2095950
KAB. WAJO,PUSKESMAS TOSORA - 1.02.0.00.0.00.01.0016,01KVSK9TGMF0B496GGQB53YBBP,66114293,2026,E-Katalog 6.0,APBD,ARSYAD M,E-Purchasing,Barang,Belanja Barang dan Jasa BLUD,ON PROCESS,2499964,2499964
KAB. WAJO,DINAS LINGKUNGAN HIDUP - 2.11.0.00.0.00.01.0000,01KN1A3P2GF6FX5HXDMS4ER921,65712920,2026,E-Katalog 6.0,APBD,ANANCI,E-Purchasing,Barang,Belanja Alat/Bahan untuk Kegiatan Kantor-alat Bahan untuk Kegiatan Kantor Lainnya,ON PROCESS,7514700,7514700
KAB. WAJO,RSUD LAMADDUKELLENG - 1.02.0.00.0.00.01.0001,01KRB1MAFE16DEEVG45YSCGAK4,65300982,2026,E-Katalog 6.0,BLUD,HORIBA INDONESIA,E-Purchasing,Barang,Belanja Barang dan Jasa BLUD,ON PROCESS,18148500,0
KAB. WAJO,BADAN PENGELOLAAN KEUANGAN DAN PENDAPATAN DAERAH - 5.02.0.00.0.00.01.0000,01KSS6ERCXWZJVGX6AZ3V1NB7N,64000030,2026,E-Katalog 6.0,APBD,ANDI JUNENNI,E-Purchasing,Barang,Belanja Makanan dan Minuman Rapat,ON PROCESS,840000,840000
KAB. WAJO,SEKRETARIAT DEWAN PERWAKILAN RAKYAT DAERAH - 4.02.0.00.0.00.01.0000,01KWC0KVYE8YS44MGJDQCYR6JW,63930035,2026,E-Katalog 6.0,APBD,ANDI PARENRENGI,E-Purchasing,Barang,Belanja Makanan dan Minuman Jamuan Tamu,ON PROCESS,626500,626500
KAB. WAJO,RSUD LAMADDUKELLENG - 1.02.0.00.0.00.01.0001,01KKG9M2YQH0C8RDK2Q60QVZX2,65300982,2026,E-Katalog 6.0,BLUD,OTTO PHARMACEUTICAL INDUSTRIES,E-Purchasing,Barang,Belanja Barang dan Jasa BLUD,ON PROCESS,16247625,16247625
KAB. WAJO,SEKRETARIAT DAERAH - 4.01.0.00.0.00.01.0000,01KN6KNKA26WFTAEYBXFMD7KX0,66615727,2026,E-Katalog 6.0,APBD,ANDI AKHYAR SULAIMAN,E-Purchasing,Barang,Belanja Alat/Bahan untuk Kegiatan Kantor- Bahan Cetak,ON PROCESS,6900000,6900000
KAB. WAJO,KELURAHAN PADDUPPA - 7.01.0.00.0.00.14.0010,01KVQNWNV5ZK05W25KV9F25ZC3,66968199,2026,E-Katalog 6.0,APBD,GUNAWAN TJANDRA,E-Purchasing,Barang,Belanja Modal Peralatan Studio Audio,ON PROCESS,8436000,8436000
KAB. WAJO,BADAN PENGELOLAAN KEUANGAN DAN PENDAPATAN DAERAH - 5.02.0.00.0.00.01.0000,01KVYHEYGPF30J1SNS3X1FBMAF,63462897,2026,E-Katalog 6.0,APBD,MUHAMMAD ZULKARNAIN,E-Purchasing,Barang,Belanja Makanan dan Minuman Rapat,ON PROCESS,634800,634800
KAB. WAJO,DINAS PENDIDIKAN DAN KEBUDAYAAN - 1.01.2.22.0.00.02.0000,01KQ9Z7E33XAAPQ7V19CYVRKHS,63028090,2026,E-Katalog 6.0,APBD,HARIANTO,E-Purchasing,Jasa Lainnya,Belanja Alat/Bahan untuk Kegiatan Kantor- Bahan Cetak,ON PROCESS,488400,488400
KAB. WAJO,PUSKESMAS KEERA - 1.02.0.00.0.00.01.0020,01KTK1EN0RQMYP7FFFH77BC7MR,66812850,2026,E-Katalog 6.0,APBD,ROSNAENI,E-Purchasing,Barang,Belanja barang jasa BOK Puskesmas pada sub kegiatan Pengelolaan Pelayanan Kesehatan Ibu Hamil,ON PROCESS,195000,195000
KAB. WAJO,"DINAS KOMUNIKASI, INFORMATIKA DAN STATISTIK - 2.16.2.20.2.21.02.0000",01KVWDCCMH066YSWYQAF203V0J,65606990,2026,E-Katalog 6.0,APBD,HALILINTAR NEWS GROUP,E-Purchasing,Barang,Belanja Kawat/Faksimili/Internet/TV Berlangganan - Relasi Media ,ON PROCESS,4895100,4895100
KAB. WAJO,"BADAN PERENCANAAN PEMBANGUNAN, RISET DAN INOVASI DAERAH - 5.01.5.05.0.00.01.0000",01KMVH69DBF7DEYN71RWY2JZFE,65633279,2026,E-Katalog 6.0,APBD,ANDI AKHYAR SULAIMAN,E-Purchasing,Barang,Belanja Alat/Bahan untuk Kegiatan Kantor- Bahan Cetak,ON PROCESS,100000,100000
KAB. WAJO,SEKRETARIAT DAERAH - 4.01.0.00.0.00.01.0000,01KVA0H20R5DG0JQ1M5SP7EC7K,66615724,2026,E-Katalog 6.0,APBD,ANDI AKHYAR SULAIMAN,E-Purchasing,Barang,Belanja Alat/Bahan untuk Kegiatan Kantor- Suvenir/Cendera Mata,ON PROCESS,38745000,38745000
KAB. WAJO,"BADAN PERENCANAAN PEMBANGUNAN, RISET DAN INOVASI DAERAH - 5.01.5.05.0.00.01.0000",01KPTHPJ2W3ZG6RA49KT3VMXYP,65676908,2026,E-Katalog 6.0,APBD,ANDI AKHYAR SULAIMAN,E-Purchasing,Barang,Belanja Alat/Bahan untuk Kegiatan Kantor-Benda Pos,ON PROCESS,252000,252000
KAB. WAJO,RSUD LAMADDUKELLENG - 1.02.0.00.0.00.01.0001,01KVYHRQWNGEP4SFTFMM7F8M8X,65300982,2026,E-Katalog 6.0,BLUD,GLOBAL DISPOMEDIKA,E-Purchasing,Barang,Belanja Barang dan Jasa BLUD,ON PROCESS,88189500,88189500
KAB. WAJO,RSUD SIWA - 1.02.0.00.0.00.01.0002,01KR2V3F9MHF16Y4PQWEYPT6EW,66883851,2026,E-Katalog 6.0,BLUD,MERCK,E-Purchasing,Barang,Belanja Barang dan Jasa BLUD,ON PROCESS,379620,0
KAB. WAJO,SEKRETARIAT DAERAH - 4.01.0.00.0.00.01.0000,01KQK7KH4P6H62ZKH266Q3PZSC,63590760,2026,E-Katalog 6.0,APBD,BUNGARATU MEGATAMA,E-Purchasing,Barang,Belanja Alat/Bahan untuk Kegiatan Kantor- Suvenir/Cendera Mata,ON PROCESS,777000,777000
KAB. WAJO,DINAS LINGKUNGAN HIDUP - 2.11.0.00.0.00.01.0000,01KJSEW0GMJYDVH4CM38Z3D2DM,64573941,2026,E-Katalog 6.0,APBD,ANANCI,E-Purchasing,Barang,Belanja Alat Tulis Kantor,ON PROCESS,2901000,2901000
KAB. WAJO,RSUD LAMADDUKELLENG - 1.02.0.00.0.00.01.0001,01KMHEZ3TQ85V0NFSF3V9AM2RN,65300982,2026,E-Katalog 6.0,BLUD,GLOBAL DISPOMEDIKA,E-Purchasing,Barang,Belanja Barang dan Jasa BLUD,ON PROCESS,114613050,114613050
KAB. WAJO,PUSKESMAS SALOBULO - 1.02.0.00.0.00.01.0013,01KQEZ437DW4HK3VV88FQR30ZS,66080648,2026,E-Katalog 6.0,APBD,ANDI JUNENNI,E-Purchasing,Barang,Belanja Barang dan Jasa BOK Puskesmas pada sub kegiatan Pengelolaan Gizi Masyarakat,ON PROCESS,598000,598000
KAB. WAJO,RSUD LAMADDUKELLENG - 1.02.0.00.0.00.01.0001,01KVSBZ4B46ZR73NNH47N4YCC3,65300982,2026,E-Katalog 6.0,BLUD,MEDIFARMA LABORATORIES,E-Purchasing,Barang,Belanja Barang dan Jasa BLUD,ON PROCESS,13458750,13458750
KAB. WAJO,BADAN PENGELOLAAN KEUANGAN DAN PENDAPATAN DAERAH - 5.02.0.00.0.00.01.0000,01KP3EPCWGC71C726JEAF1WM8F,63995368,2026,E-Katalog 6.0,APBD,A. MUH. ABRAR,E-Purchasing,Barang,Belanja Alat/Bahan untuk Kegiatan Kantor-Alat Tulis Kantor,ON PROCESS,703000,703000
KAB. WAJO,PUSKESMAS BELAWA - 1.02.0.00.0.00.01.0025,01KVST3GFYJ0ZGN1MJ56JC0KBA,66598483,2026,E-Katalog 6.0,APBD,MASDAWATI,E-Purchasing,Barang,Belanja Barang dan Jasa BLUD,ON PROCESS,449000,449000
KAB. WAJO,SEKRETARIAT DAERAH - 4.01.0.00.0.00.01.0000,01KQNYA5341H0QM3S7E7JPTS9Z,63590760,2026,E-Katalog 6.0,APBD,BUNGARATU MEGATAMA,E-Purchasing,Barang,Belanja Alat/Bahan untuk Kegiatan Kantor- Suvenir/Cendera Mata,ON PROCESS,3108000,3108000
KAB. WAJO,RSUD LAMADDUKELLENG - 1.02.0.00.0.00.01.0001,01KS21G5Q9XRKSP1NY31BEMMJK,65300982,2026,E-Katalog 6.0,BLUD,DEXA MEDICA,E-Purchasing,Barang,Belanja Barang dan Jasa BLUD,ON PROCESS,15734250,15734250
KAB. WAJO,PUSKESMAS SALEWANGENG - 1.02.0.00.0.00.01.0008,01KWKSM1YFRBKRMV4KAE9225H2,66766659,2026,E-Katalog 6.0,APBD,AQILAHDAFFA,E-Purchasing,Barang,Belanaj Barang dan Jasa BOK puskesmas PADA SUB KEGIATAN Bimbingan Teknis dan Supervisi Pengembangan dan Pelaksanaan Upaya Kesehatan Bersumber Daya Masyarakat (UKBM),ON PROCESS,179000,179000
KAB. WAJO,"SATUAN POLISI PAMONG PRAJA, PEMADAM KEBAKARAN DAN PENYELAMATAN - 1.05.0.00.0.00.01.0000",01KRWX569BR9T9D1CAZJP96K4H,67132100,2026,E-Katalog 6.0,APBD,IVA YULIANTI,E-Purchasing,Barang,Belanja Makanan dan Minuman Rapat,ON PROCESS,1435000,1435000
KAB. WAJO,SEKRETARIAT DAERAH - 4.01.0.00.0.00.01.0000,01KRFYF3R454GR3G1M0C77VMN6,63636068,2026,E-Katalog 6.0,APBD,ANDI ERNA,E-Purchasing,Barang,Belanja Natura dan Pakan-Natura,ON PROCESS,5100000,5100000
KAB. WAJO,DINAS KESEHATAN - 1.02.0.00.0.00.01.0000,01KQCH9F2AFZZ4Q5R13M556KZM,67034564,2026,E-Katalog 6.0,APBD,MITRA SERMANI HOTEL,E-Purchasing,Jasa Lainnya,Belanja Sewa Hotel pada sub kegiatan Pemeliharaan Rutin dan Berkala Alat Kesehatan-Alat Penunjang Medik Fasilitas Pelayanan Kesehatan,ON PROCESS,16800000,16800000
KAB. WAJO,PUSKESMAS PATTIROSOMPE - 1.02.0.00.0.00.01.0007,01KVSV8F0EB2GWR8M0HZ7DF6F3,66629944,2026,E-Katalog 6.0,APBD,ANDI AZIS ASHAR,E-Purchasing,Barang,"Sub Kegiatan Peningkatan Upaya Promosi Kesehatan, Advokasi, Kemitraan dan Pemberdayaan Masyarakat",ON PROCESS,573600,573600
KAB. WAJO,PUSKESMAS MAJAULENG - 1.02.0.00.0.00.01.0015,01KVSD67558NWG0TAWGWQ9VBNW,66228185,2026,E-Katalog 6.0,APBD,REZKY JAYA ABADI,E-Purchasing,Barang,Belanja Barang dan Jasa BOK Puskesmas pada Sub kegiatan Bimbingan Teknis dan Supervisi Pengembangan dan Pelaksanaan Upaya Kesehatan Bersumber Daya Masyarakat (UKBM),ON PROCESS,537000,537000
KAB. WAJO,SEKRETARIAT DEWAN PERWAKILAN RAKYAT DAERAH - 4.02.0.00.0.00.01.0000,01KFJF6T3R634F4923X94FXSSY,63931773,2026,E-Katalog 6.0,APBD,FIRMANSYAH,E-Purchasing,Barang,Belanja Makanan dan Minuman Rapat Pelaksanaan Reses,ON PROCESS,6900000,6900000
KAB. WAJO,RSUD LAMADDUKELLENG - 1.02.0.00.0.00.01.0001,01KSVVVSRZ93G6B1YXZ0BQXDJZ,65300982,2026,E-Katalog 6.0,BLUD,TROPICA MAS PHARMACEUTICALS,E-Purchasing,Barang,Belanja Barang dan Jasa BLUD,ON PROCESS,2175600,2175600
KAB. WAJO,PUSKESMAS TAKKALALLA - 1.02.0.00.0.00.01.0011,01KTNHHZCP941ZME8HAAX82FTK,66026020,2026,E-Katalog 6.0,APBD,SITTI AISYAH,E-Purchasing,Barang,Belanja Barang dan Jasa BOK Puskesmas Sub Kegiatan Bimbingan Teknis dan Supervisi Pengembangan dan Pelaksanaan Upaya Kesehatan Bersumber Daya Masyarakat (UKBM),ON PROCESS,225000,225000
KAB. WAJO,BADAN KESATUAN BANGSA DAN POLITIK - 8.01.0.00.0.00.01.0000,01KWGJFJ85PSG8PCNHPPW8319A,63062798,2026,E-Katalog 6.0,APBD,HASDIMAN,E-Purchasing,Barang,Belanja Alat/Bahan untuk Kegiatan Kantor-Benda Pos,ON PROCESS,473000,473000
KAB. WAJO,"SATUAN POLISI PAMONG PRAJA, PEMADAM KEBAKARAN DAN PENYELAMATAN - 1.05.0.00.0.00.01.0000",01KVC29NSTVJ5ZY14K3CBF5ZX8,64219561,2026,E-Katalog 6.0,APBD,ANDI MAKKULAWU,E-Purchasing,Barang,Belanja Alat/Bahan untuk Kegiatan Kantor-Alat Tulis Kantor,ON PROCESS,563714,563714
KAB. WAJO,SEKRETARIAT DAERAH - 4.01.0.00.0.00.01.0000,01KRG3MYJ0HVF4XSD72VRQMSPF,65287973,2026,E-Katalog 6.0,APBD,FITRIANI,E-Purchasing,Barang,Belanja Makanan dan Minuman Jamuan Tamu,ON PROCESS,16730000,16730000
KAB. WAJO,DINAS TENAGA KERJA DAN TRANSMIGRASI - 2.07.3.32.0.00.02.0000,01KRD42T9W8Q52162B8BBWM5W3,67070665,2026,E-Katalog 6.0,APBD,AQILAHDAFFA,E-Purchasing,Barang,Belanja Alat/Bahan untuk Kegiatan Kantor-Alat Tulis Kantor,ON PROCESS,4068400,4068400
KAB. WAJO,SEKRETARIAT DEWAN PERWAKILAN RAKYAT DAERAH - 4.02.0.00.0.00.01.0000,01KH5WAQ8NY4VDQYYPGYKTYBX7,64722306,2026,E-Katalog 6.0,APBD,MALOMO UTAMA DALLENA,E-Purchasing,Jasa Lainnya,Jasa yang Diberikan kepada Pihak Ketiga/Pihak Lain ( Penyedia Tenaga Outsourcing Pengamanan ),ON PROCESS,38610000,38610000
KAB. WAJO,"SATUAN POLISI PAMONG PRAJA, PEMADAM KEBAKARAN DAN PENYELAMATAN - 1.05.0.00.0.00.01.0000",01KQS8QNGHHNQGC9HD10FHRFPG,66911575,2026,E-Katalog 6.0,APBD,MUH. ARFAN SETIAWAN,E-Purchasing,Barang,Belanja Alat/Bahan untuk Kegiatan Kantor-Alat Tulis Kantor  ,ON PROCESS,1555700,1555700
KAB. WAJO,BADAN KESATUAN BANGSA DAN POLITIK - 8.01.0.00.0.00.01.0000,01KNN848BSK8GC1TADXMM1NR7P,63062613,2026,E-Katalog 6.0,APBD,HASDIMAN,E-Purchasing,Barang,Belanja Alat/Bahan untuk Kegiatan Kantor-Benda Pos,ON PROCESS,132000,132000
KAB. WAJO,DINAS LINGKUNGAN HIDUP - 2.11.0.00.0.00.01.0000,01KH2WGZDBTZJX95ZPCH9PSJ15,64519543,2026,E-Katalog 6.0,APBD,ANANCI,E-Purchasing,Barang,Belanja Alat Tulis Kantor,ON PROCESS,1411055,1411055
KAB. WAJO,BADAN KESATUAN BANGSA DAN POLITIK - 8.01.0.00.0.00.01.0000,01KKK32MP4NB7D29AYTVEFZHRD,63063451,2026,E-Katalog 6.0,APBD,HASDIMAN,E-Purchasing,Barang,Belanja Alat/Bahan untuk Kegiatan Kantor-Benda Pos,ON PROCESS,220000,220000
KAB. WAJO,BADAN PENGELOLAAN KEUANGAN DAN PENDAPATAN DAERAH - 5.02.0.00.0.00.01.0000,01KKK0E5T5P8HXSJDGXHM0YRW7,63367645,2026,E-Katalog 6.0,APBD,LISDAFIK,E-Purchasing,Barang,Belanja Alat/Bahan untuk Kegiatan Kantor- Bahan Cetak,ON PROCESS,1840000,1840000
KAB. WAJO,DINAS PENANAMAN MODAL DAN PELAYANAN TERPADU SATU PINTU - 2.18.0.00.0.00.01.0000,01KV51WD9CASM6QP4NMYMZE1QN,65004769,2026,E-Katalog 6.0,APBD,TAMIYA NURUL WULANDA,E-Purchasing,Barang,Belanja Makanan dan Minuman Rapat,ON PROCESS,2245000,2245000
KAB. WAJO,"DINAS KOMUNIKASI, INFORMATIKA DAN STATISTIK - 2.16.2.20.2.21.02.0000",01KQSDPMFFHT3465VHA5EN5AW3,66971164,2026,E-Katalog 6.0,APBD,M. JABAL QUBAIS,E-Purchasing,Jasa Lainnya,"Honorarium Tim Penyusunan Jurnal, Buletin, Majalah, Pengelola Teknologi Informasi dan Pengelola Website - Koordinasi pelaksanaan Manajemen SPBE",ON PROCESS,120000000,120000000
KAB. WAJO,RSUD LAMADDUKELLENG - 1.02.0.00.0.00.01.0001,01KTX1E2PH59S53X3DCQJFTTMY,65300982,2026,E-Katalog 6.0,BLUD,YARINDO FARMATAMA,E-Purchasing,Barang,Belanja Barang dan Jasa BLUD,ON PROCESS,6593400,6593400
KAB. WAJO,RSUD SIWA - 1.02.0.00.0.00.01.0002,01KSETEH8QQCRAV6QHTNHJ0K2V,66883851,2026,E-Katalog 6.0,BLUD,MEDIHOP,E-Purchasing,Barang,Belanja Barang dan Jasa BLUD,ON PROCESS,5201460,5201460
KAB. WAJO,PUSKESMAS SAPPA - 1.02.0.00.0.00.01.0022,01KT98MS62F9CRSYWYV5P8NK4R,66281634,2026,E-Katalog 6.0,APBD,ST.AJIRAH,E-Purchasing,Barang,Belanja Barang dan Jasa BLUD,ON PROCESS,1673000,1673000
KAB. WAJO,"BADAN PERENCANAAN PEMBANGUNAN, RISET DAN INOVASI DAERAH - 5.01.5.05.0.00.01.0000",01KHQS7N00G8Z10Q5TYMQBJ9XJ,63386665,2026,E-Katalog 6.0,APBD,ANDI AKHYAR SULAIMAN,E-Purchasing,Barang,Belanja Alat/Bahan untuk Kegiatan Kantor-Alat Tulis Kantor,ON PROCESS,1403500,1403500
KAB. WAJO,DINAS PERUMAHAN DAN KAWASAN PERMUKIMAN - 1.04.0.00.0.00.01.0000,01KV58HY64CBD7GW9BEZ8HRQR1,67264381,2026,E-Katalog 6.0,APBD,ANDI AKHYAR SULAIMAN,E-Purchasing,Barang,Belanja Bahan Cetak pada Kegiatan Peningkatan Kinerja dan Reformasi Birokrasi,ON PROCESS,108000,108000
KAB. WAJO,SEKRETARIAT DAERAH - 4.01.0.00.0.00.01.0000,01KVVRY8N2GA2Z6NJKDTMC2Q2H,64737465,2026,E-Katalog 6.0,APBD,ANDI NIRWANA,E-Purchasing,Barang,Belanja Makanan dan Minuman Rapat,ON PROCESS,50999,50999
KAB. WAJO,BADAN KESATUAN BANGSA DAN POLITIK - 8.01.0.00.0.00.01.0000,01KW8R9GCHNKE7MPDDF5NKAGHQ,63062268,2026,E-Katalog 6.0,APBD,ANDI ERNA,E-Purchasing,Barang,Belanja Makanan dan Minuman Rapat,ON PROCESS,5356800,5356800
KAB. WAJO,PUSKESMAS SAPPA - 1.02.0.00.0.00.01.0022,01KWV9XWNXVBYPA9BK1K05B96Q,66281522,2026,E-Katalog 6.0,APBD,ST.AJIRAH,E-Purchasing,Barang,Kue / Snack,ON PROCESS,268500,268500
KAB. WAJO,SEKRETARIAT DAERAH - 4.01.0.00.0.00.01.0000,01KRP3MY1FB3TJ0HM1KWDYXZF1,63636068,2026,E-Katalog 6.0,APBD,ANDI ERNA,E-Purchasing,Barang,Belanja Natura dan Pakan-Natura,ON PROCESS,4500000,4500000
KAB. WAJO,"DINAS KOMUNIKASI, INFORMATIKA DAN STATISTIK - 2.16.2.20.2.21.02.0000",01KJS75JMM0P29RV352WE1H7ND,65606990,2026,E-Katalog 6.0,APBD,MEDIA RESONANSI INDONESIA,E-Purchasing,Barang,Belanja Kawat/Faksimili/Internet/TV Berlangganan - Relasi Media ,ON PROCESS,2099965,2099965
KAB. WAJO,PUSKESMAS WEWANGREWU - 1.02.0.00.0.00.01.0018,01KPQ3KAD6511FWF6PTCEQ7WZW,66766397,2026,E-Katalog 6.0,APBD,ANDI JUNENNI,E-Purchasing,Barang,Belanja Barang dan Jasa BOK Puskesmas pada sub kegiatan Pengelolaan Pelayanan Kesehatan Gizi Masyarakat,ON PROCESS,717000,717000
KAB. WAJO,"DINAS KOMUNIKASI, INFORMATIKA DAN STATISTIK - 2.16.2.20.2.21.02.0000",01KVEW2KMJ9NYGJWP0JDKW6H0H,65718399,2026,E-Katalog 6.0,APBD,MUHAMMAD TASLIM,E-Purchasing,Jasa Lainnya,Belanja Jasa Tenaga Ahli - Penyusunan Konten,ON PROCESS,2000000,2000000
KAB. WAJO,RSUD LAMADDUKELLENG - 1.02.0.00.0.00.01.0001,01KHBAN5PDFTBT0CCMFDD9R167,65300982,2026,E-Katalog 6.0,BLUD,DAYA MUDA AGUNG,E-Purchasing,Barang,Belanja Barang dan Jasa BLUD,ON PROCESS,416250,416250
KAB. WAJO,PUSKESMAS TAKKALALLA - 1.02.0.00.0.00.01.0011,01KP84G2M1HVRA0W4CYXMJGVM4,66025540,2026,E-Katalog 6.0,APBD,SITTI AISYAH,E-Purchasing,Barang,Belanja Barang dan Jasa BOK Puskesmas Sub Kegiatan Pengelolaan Pelayanan Kesehatan Ibu Hamil,ON PROCESS,180000,180000
KAB. WAJO,PUSKESMAS SOLO - 1.02.0.00.0.00.01.0010,01KS1GD25VRMQHKQZT11BVJ8RB,66023206,2026,E-Katalog 6.0,APBD,NURFAIDAH,E-Purchasing,Barang,Belanja barang dan jasa BOK puskesmas pada sub kegiatan Pengelolaan Pelayanan Kesehatan Ibu Hamil,ON PROCESS,225000,225000
KAB. WAJO,SEKRETARIAT DEWAN PERWAKILAN RAKYAT DAERAH - 4.02.0.00.0.00.01.0000,01KQ75G29259RRSBDT6CXJ4CPN,63928679,2026,E-Katalog 6.0,APBD,ANDI ROHANA,E-Purchasing,Barang,Belanja Natura dan Pakan-Natura Penyediaan Kebutuhan Rumah Tangga,ON PROCESS,7506696,7506696
KAB. WAJO,PUSKESMAS PENRANG - 1.02.0.00.0.00.01.0014,01KSEJT1D6964F97XHQCAV4M05,66095741,2026,E-Katalog 6.0,APBD,ANDI JUNENNI,E-Purchasing,Barang,"Belanja barang dan jasa BOK puskesmas pada sub kegiatan Peningkatan Upaya Promosi Kesehatan, Advokasi, Kemitraan dan Pemberdayaan Masyarakat",ON PROCESS,1322500,1322500
KAB. WAJO,PUSKESMAS SALOBULO - 1.02.0.00.0.00.01.0013,01KQEZ7KTFD18CMBBG53FP4MQN,66080555,2026,E-Katalog 6.0,APBD,ANDI JUNENNI,E-Purchasing,Barang,Belanja Barang dan Jasa BOK Puskesmas pada sub kegiatan Pengelolaan Gizi Masyarakat,ON PROCESS,358000,358000
KAB. WAJO,SEKRETARIAT DAERAH - 4.01.0.00.0.00.01.0000,01KNS1EEKDY8MCTNCSQD23X2D2,63637426,2026,E-Katalog 6.0,APBD,SALLO HOTEL SENGKANG,E-Purchasing,Barang,Belanja Sewa Hotel,ON PROCESS,13100000,13100000
KAB. WAJO,PUSKESMAS MAJAULENG - 1.02.0.00.0.00.01.0015,01KVAB9WQAP7R5QFHXS4DKJGVA,66228185,2026,E-Katalog 6.0,APBD,REZKY JAYA ABADI,E-Purchasing,Barang,Belanja Barang dan Jasa BOK Puskesmas pada Sub kegiatan Bimbingan Teknis dan Supervisi Pengembangan dan Pelaksanaan Upaya Kesehatan Bersumber Daya Masyarakat (UKBM),ON PROCESS,537000,537000
KAB. WAJO,"DINAS KOMUNIKASI, INFORMATIKA DAN STATISTIK - 2.16.2.20.2.21.02.0000",01KVEV0324DBAK6D01S2JVXJ56,65606989,2026,E-Katalog 6.0,APBD,MEDIA RAKYAT PUBLIK,E-Purchasing,Barang,Belanja Langganan Jurnal/Surat Kabar/Majalah - Relasi Media ,ON PROCESS,5000000,5000000
KAB. WAJO,SEKRETARIAT DAERAH - 4.01.0.00.0.00.01.0000,01KV52PKVCKHSFVQ3ANDT6FVWM,63590760,2026,E-Katalog 6.0,APBD,BUNGARATU MEGATAMA,E-Purchasing,Barang,Belanja Alat/Bahan untuk Kegiatan Kantor- Suvenir/Cendera Mata,ON PROCESS,1554000,1554000
KAB. WAJO,PUSKESMAS TEMPE - 1.02.0.00.0.00.01.0006,01KRDJPF39EJDFHACMKG4SHM1S,65899121,2026,E-Katalog 6.0,APBD,GUNAWAN TJANDRA,E-Purchasing,Barang,Belanja Modal Peralatan dan Mesin BLUD,ON PROCESS,6150001,6150001
KAB. WAJO,KECAMATAN PAMMANA - 7.01.0.00.0.00.07.0000,01KJ22KRP8B47NDWEYWCWF6T8T,65752576,2026,E-Katalog 6.0,APBD,ANDI ROHANA,E-Purchasing,Barang,Belanja Barang Pakai Habis,ON PROCESS,1176258,1176258
KAB. WAJO,"SATUAN POLISI PAMONG PRAJA, PEMADAM KEBAKARAN DAN PENYELAMATAN - 1.05.0.00.0.00.01.0000",01KGRW4FQVBK2EDCJYZ02B2GH9,64064061,2026,E-Katalog 6.0,APBD,DARNAWATI,E-Purchasing,Barang,Belanja Makanan dan Minuman Aktivitas Lapangan,ON PROCESS,430400,430400
KAB. WAJO,PUSKESMAS SAJOANGING - 1.02.0.00.0.00.01.0012,01KPPZPJSXWNQ5CTPCV0PDEFX7,66621191,2026,E-Katalog 6.0,APBD,SALWA NABILAH IDRIS,E-Purchasing,Barang,Belanja barang dan Jasa BOK Puskesmas pada sub kegiatan Pengelolaan Pelayanan Kesehatan Gizi Masyarakat,ON PROCESS,478000,478000
KAB. WAJO,SEKRETARIAT DAERAH - 4.01.0.00.0.00.01.0000,01KVST7FTG8EJYMZBQV1X7PBNS,63636068,2026,E-Katalog 6.0,APBD,ANDI ERNA,E-Purchasing,Barang,Belanja Natura dan Pakan-Natura,ON PROCESS,333900,333900
KAB. WAJO,KECAMATAN GILIRENG - 7.01.0.00.0.00.03.0000,01KRWS4STY7YNP4B1AJ5EVFHQA,67119921,2026,E-Katalog 6.0,APBD,JUMRITA,E-Purchasing,Barang,Belanja Makan dan Minuman Rapat,ON PROCESS,1575000,1575000
KAB. WAJO,PUSKESMAS PITUMPANUA - 1.02.0.00.0.00.01.0024,01KQY4FVQB2DG36QG37GXSHDPE,66779849,2026,E-Katalog 6.0,APBD,ANDI JUNENNI,E-Purchasing,Barang,Belanja Barang dan Jasa BLUD,ON PROCESS,1485700,1485700
KAB. WAJO,BADAN KESATUAN BANGSA DAN POLITIK - 8.01.0.00.0.00.01.0000,01KS1J2J7HKYWZDEKR0DJ9A25P,63062318,2026,E-Katalog 6.0,APBD,ANDI ERNA,E-Purchasing,Barang,Belanja Makanan dan Minuman Aktivitas Lapangan,ON PROCESS,2861900,2861900
KAB. WAJO,DINAS PENANAMAN MODAL DAN PELAYANAN TERPADU SATU PINTU - 2.18.0.00.0.00.01.0000,01KNVGM6XJC8Y49F1AYYY19J09,65004767,2026,E-Katalog 6.0,APBD,SYAMSU ALAM,E-Purchasing,Barang,Belanja Natura dan Pakan-Natura,ON PROCESS,2385901,2385901
KAB. WAJO,RSUD SIWA - 1.02.0.00.0.00.01.0002,01KVW8DQC4CPB156RSAWX3K9FJ,66883851,2026,E-Katalog 6.0,BLUD,CAHAYA MUDA ABADI,E-Purchasing,Barang,Belanja Barang dan Jasa BLUD,ON PROCESS,19131960,19131960
KAB. WAJO,KELURAHAN CEMPALAGI - 7.01.0.00.0.00.14.0003,01KVCQG8ZJFPERB4ZQF3RN6WNA,66972484,2026,E-Katalog 6.0,APBD,LUSI SUSANTI,E-Purchasing,Jasa Lainnya,Belanja Makanan dan Minuman Rapat,ON PROCESS,1375000,1375000
KAB. WAJO,DINAS PENANAMAN MODAL DAN PELAYANAN TERPADU SATU PINTU - 2.18.0.00.0.00.01.0000,01KPWJ2JFP6ATJ5EVJC158PHQT,64995644,2026,E-Katalog 6.0,APBD,BOSTECH PRIMA ENGINEERING,E-Purchasing,Barang,Belanja Modal Alat Kantor Lainnya,ON PROCESS,6105000,6105000
KAB. WAJO,DINAS KESEHATAN - 1.02.0.00.0.00.01.0000,01KPYFNGAYMDEQJW1JNFV441M6,66827323,2026,E-Katalog 6.0,APBD,LAPI LABORATORIES,E-Purchasing,Barang,"Belanja Obat-Obatan-Obat pada sub kegiatan Pengadaan Obat, Bahan Habis Pakai, Bahan Medis Habis Pakai,, Vaksin, Makanan dan Minuman di Fasilitas Kesehatan",ON PROCESS,9590400,9590400
KAB. WAJO,KELURAHAN SIENGKANG - 7.01.0.00.0.00.14.0002,01KTWVBY8R5MR1BQEJ47DMY20R,66992088,2026,E-Katalog 6.0,APBD,ANANCI,E-Purchasing,Barang,Belanja Alat/Bahan untuk Kegiatan Kantor-Alat Tulis Kantor,ON PROCESS,4404790,4404790
KAB. WAJO,PUSKESMAS KEERA - 1.02.0.00.0.00.01.0020,01KP2ASSSJZ0VP1VM8HQWG7Z7R,66089711,2026,E-Katalog 6.0,APBD,ASA ATMA HARSA,E-Purchasing,Barang,Belanja Barang dan Jasa BLUD,ON PROCESS,28162365,28162365
KAB. WAJO,PUSKESMAS SOLO - 1.02.0.00.0.00.01.0010,01KNNCX94WVA0Q1FQ0J2HMTQDN,66023206,2026,E-Katalog 6.0,APBD,NURFAIDAH,E-Purchasing,Barang,Belanja barang dan jasa BOK puskesmas pada sub kegiatan Pengelolaan Pelayanan Kesehatan Ibu Hamil,ON PROCESS,225000,225000
KAB. WAJO,BADAN PENGELOLAAN KEUANGAN DAN PENDAPATAN DAERAH - 5.02.0.00.0.00.01.0000,01KPSZYDTEXZDQ81KDYP6H8MVT,63997778,2026,E-Katalog 6.0,APBD,AQILAHDAFFA,E-Purchasing,Barang,Belanja Makanan dan Minuman Rapat,ON PROCESS,2500000,2500000
KAB. WAJO,"DINAS KOMUNIKASI, INFORMATIKA DAN STATISTIK - 2.16.2.20.2.21.02.0000",01KVFFWK8Q3060HPS0MXFF7QCS,65606990,2026,E-Katalog 6.0,APBD,MEDIA PERTIWI INDONESIA,E-Purchasing,Barang,Belanja Kawat/Faksimili/Internet/TV Berlangganan - Relasi Media ,ON PROCESS,5100000,5100000
KAB. WAJO,PUSKESMAS BELAWA - 1.02.0.00.0.00.01.0025,01KPYXAW25YC9WY28TQW5JK8FG,66598483,2026,E-Katalog 6.0,APBD,AQILAHDAFFA,E-Purchasing,Barang,Belanja Barang dan Jasa BLUD,ON PROCESS,6167690,6167690
KAB. WAJO,DINAS KESEHATAN - 1.02.0.00.0.00.01.0000,01KPADGVSM4B26ZSY870CZ92FM,66791069,2026,E-Katalog 6.0,APBD,MEDQUEST JAYA GLOBAL,E-Purchasing,Barang,Belanja Suku Cadang-Suku Cadang Alat Kedokteran pada sub kegiatan Pengelolaan Pelayanan Kesehatan Orang Terduga Tuberkulosis,ON PROCESS,1331655900,0
KAB. WAJO,"DINAS KOMUNIKASI, INFORMATIKA DAN STATISTIK - 2.16.2.20.2.21.02.0000",01KJMDJ1A8X1SK0BBK1B9M6T23,65606990,2026,E-Katalog 6.0,APBD,MEDIA BAHANA INDONESIA,E-Purchasing,Barang,Belanja Kawat/Faksimili/Internet/TV Berlangganan - Relasi Media ,ON PROCESS,2125000,2125000
KAB. WAJO,SEKRETARIAT DAERAH - 4.01.0.00.0.00.01.0000,01KQ4DA4Z1QPX8YTKQPZJAK9AM,63637419,2026,E-Katalog 6.0,APBD,andi musriadi,E-Purchasing,Barang,Belanja Alat/Bahan untuk Kegiatan Kantor- Suvenir/Cendera Mata,ON PROCESS,4500000,4500000
KAB. WAJO,"DINAS KOMUNIKASI, INFORMATIKA DAN STATISTIK - 2.16.2.20.2.21.02.0000",01KJPN8KTR8C76FJGNPRVXR9G4,65606990,2026,E-Katalog 6.0,APBD,ARDIES MEDIA MANDIRI,E-Purchasing,Barang,Belanja Kawat/Faksimili/Internet/TV Berlangganan - Relasi Media ,ON PROCESS,2125000,2125000
KAB. WAJO,SEKRETARIAT DAERAH - 4.01.0.00.0.00.01.0000,01KQRVYJ0Y1YY3469FTEGR4RPZ,65287973,2026,E-Katalog 6.0,APBD,FITRIANI,E-Purchasing,Barang,Belanja Makanan dan Minuman Jamuan Tamu,ON PROCESS,953978,953978
KAB. WAJO,PUSKESMAS LIU - 1.02.0.00.0.00.01.0005,01KVAG8R1D9RV3KAEMXAWY96HX,66778417,2026,E-Katalog 6.0,APBD,ASTI WAHYUNI,E-Purchasing,Barang,Belanja Barang dan Jasa BOK Puskesmas pada Sub Kegiatan Pengelolaan Pelayanan Kesehatan Ibu Hamil,ON PROCESS,161100,161100
KAB. WAJO,"SATUAN POLISI PAMONG PRAJA, PEMADAM KEBAKARAN DAN PENYELAMATAN - 1.05.0.00.0.00.01.0000",01KNVP3821N93ZJ9TWM3AJPYGW,64064061,2026,E-Katalog 6.0,APBD,MEGAWATI,E-Purchasing,Barang,Belanja Makanan dan Minuman Aktivitas Lapangan,ON PROCESS,403500,403500
KAB. WAJO,PUSKESMAS TEMPE - 1.02.0.00.0.00.01.0006,01KNRS73R21T3SE516CPWB16H9,66750958,2026,E-Katalog 6.0,APBD,MUHAMMAD ZULKARNAIN,E-Purchasing,Barang,Belanja Barang dan Jasa BOK Puskesmas pada Sub Kegiatan Pengelolaan Pelayanan Kesehatan Ibu Hamil,ON PROCESS,322200,322200
KAB. WAJO,DINAS PERIKANAN - 3.25.0.00.0.00.01.0000,01KP331PA27PQY5G4QXF7ZD04X,64498214,2026,E-Katalog 6.0,APBD,FADLIAH MAPPANGANRO,E-Purchasing,Barang,Belanja Alat/Bahan untuk Kegiatan Kantor- Bahan Cetak kegiatan Koordinasi dan Penyusunan DPA-SKPD,ON PROCESS,1194000,1194000
KAB. WAJO,PUSKESMAS TOSORA - 1.02.0.00.0.00.01.0016,01KT8THWP22T6WW5QEH6CETRJ9,66096187,2026,E-Katalog 6.0,APBD,ASTI WAHYUNI,E-Purchasing,Barang,Belanja Barang dan Jasa BOK Puskesmas pada Sub Kegiatan Pengelolaan Pelayanan Kesehatan Ibu Hamil ,ON PROCESS,286400,286400
KAB. WAJO,SEKRETARIAT DAERAH - 4.01.0.00.0.00.01.0000,01KRGE9FDQ423XC3D0157EYRRR,65287972,2026,E-Katalog 6.0,APBD,FITRIANI,E-Purchasing,Barang,Belanja Makanan dan Minuman Rapat,ON PROCESS,2510000,2510000
KAB. WAJO,KELURAHAN CINA - 7.01.0.00.0.00.07.0001,01KSCFQZXB5PR4PFPVB769EG28,67184464,2026,E-Katalog 6.0,APBD,ANDI ERNA,E-Purchasing,Barang,Belanja Makanan dan Minuman Rapat,ON PROCESS,112495,112495
KAB. WAJO,"DINAS PERINDUSTRIAN, PERDAGANGAN, KOPERASI, USAHA KECIL DAN MENENGAH - 2.17.3.30.3.31.01.0000",01KWGR4D00CCGGS0RBTVQ6T2BK,65729465,2026,E-Katalog 6.0,APBD,ANDI BISMAWATI,E-Purchasing,Barang,Belanja Alat/Bahan untuk Kegiatan Kantor-Alat Tulis Kantor Pada Sub Kegiatan Pelaporan Pengelolaan Retribusi Daerah,ON PROCESS,971000,971000
KAB. WAJO,PUSKESMAS TANASITOLO - 1.02.0.00.0.00.01.0017,01KTK9181YB3M8YR2KJXT00GDD,66697929,2026,E-Katalog 6.0,APBD,RIO SANJAYA PUTRA,E-Purchasing,Barang,Belanja Barang dan Jasa BLUD,ON PROCESS,7292700,7292700
KAB. WAJO,KECAMATAN KEERA - 7.01.0.00.0.00.04.0000,01KW94FADZABVTR2CNTCG21BTA,65606923,2026,E-Katalog 6.0,APBD,DARNAWATI BAHAR,E-Purchasing,Barang,Penyediaan Jasa Surat Menyurat,ON PROCESS,1000000,1000000
KAB. WAJO,BADAN PENGELOLAAN KEUANGAN DAN PENDAPATAN DAERAH - 5.02.0.00.0.00.01.0000,01KHSQV7GFHF0GP9VEKVB8JBZR,63370153,2026,E-Katalog 6.0,APBD,LISDAFIK,E-Purchasing,Barang,Belanja Alat/Bahan untuk Kegiatan Kantor-Benda Pos,ON PROCESS,3000000,3000000
KAB. WAJO,PUSKESMAS SOLO - 1.02.0.00.0.00.01.0010,01KWTRRMQFMBZTBWYRPMGQQGZH,66313239,2026,E-Katalog 6.0,APBD,NURFAIDAH,E-Purchasing,Barang,"Belanja barang dan jasa BOK Puskesmas pada sub kegiatan Peningkatan Upaya Promosi Kesehatan, Advokasi, Kemitraan dan Pemberdayaan Masyarakat",ON PROCESS,670400,670400
KAB. WAJO,SEKRETARIAT DAERAH - 4.01.0.00.0.00.01.0000,01KW8MGE9MMGZ6WA8QHJZ9W1XB,64737465,2026,E-Katalog 6.0,APBD,TAMIYA NURUL WULANDA,E-Purchasing,Barang,Belanja Makanan dan Minuman Rapat,ON PROCESS,5892600,5892600
KAB. WAJO,KECAMATAN PENRANG - 7.01.0.00.0.00.08.0000,01KKK4580PPAZRKHMRYMRPEHRW,66126902,2026,E-Katalog 6.0,APBD,ANDI AKHYAR SULAIMAN,E-Purchasing,Barang,Belanja Alat/Bahan untuk Kegiatan Kantor-Alat Tulis Kantor,ON PROCESS,1939000,1939000
KAB. WAJO,"BADAN PERENCANAAN PEMBANGUNAN, RISET DAN INOVASI DAERAH - 5.01.5.05.0.00.01.0000",01KN6CP7F8N9CM7RQA377B3YK4,65676909,2026,E-Katalog 6.0,APBD,ANDI ERNA,E-Purchasing,Barang,Belanja Makanan dan Minuman Rapat,ON PROCESS,2990000,2990000
KAB. WAJO,PUSKESMAS PITUMPANUA - 1.02.0.00.0.00.01.0024,01KTTB2548EZ4NGWXEJZH2MARP,66779849,2026,E-Katalog 6.0,APBD,ANDI JUNENNI,E-Purchasing,Barang,Belanja Barang dan Jasa BLUD,ON PROCESS,1467800,1467800
KAB. WAJO,KECAMATAN PENRANG - 7.01.0.00.0.00.08.0000,01KPZA1DJEVGZN0700ZZYEDK63,66465856,2026,E-Katalog 6.0,APBD,JUMRITA,E-Purchasing,Barang,Belanja Makanan dan Minuman Rapat,ON PROCESS,2940000,2940000
KAB. WAJO,SEKRETARIAT DEWAN PERWAKILAN RAKYAT DAERAH - 4.02.0.00.0.00.01.0000,01KFMACK37QRR8BZZZHYK8NP89,63931773,2026,E-Katalog 6.0,APBD,BESSE WIDYASRINI,E-Purchasing,Barang,Belanja Makanan dan Minuman Rapat Pelaksanaan Reses,ON PROCESS,6900000,6900000
KAB. WAJO,"DINAS KOMUNIKASI, INFORMATIKA DAN STATISTIK - 2.16.2.20.2.21.02.0000",01KJEH30EE302JHPAYNY3DQ8HV,65606989,2026,E-Katalog 6.0,APBD,INTERMEDIA INVESTIGASI NUSANTARA,E-Purchasing,Barang,Belanja Langganan Jurnal/Surat Kabar/Majalah - Relasi Media ,ON PROCESS,5000000,5000000
KAB. WAJO,DINAS PENDIDIKAN DAN KEBUDAYAAN - 1.01.2.22.0.00.02.0000,01KRFCSP8KH4HFK1NMZV7G3BVY,63028090,2026,E-Katalog 6.0,APBD,HARIANTO,E-Purchasing,Jasa Lainnya,Belanja Alat/Bahan untuk Kegiatan Kantor- Bahan Cetak,ON PROCESS,98790,98790
KAB. WAJO,PUSKESMAS MANIANGPAJO - 1.02.0.00.0.00.01.0021,01KNGBAM6HAZTPJYFKMKPFTPZ6,66071513,2026,E-Katalog 6.0,APBD,MASDAWATI,E-Purchasing,Barang,Belanja Barang dan Jasa BOK Puskesmas Pada Sub Kegiatan Pengelolaan Pelayanan Kesehatan Ibu Hamil,ON PROCESS,150000,150000
KAB. WAJO,"BADAN PERENCANAAN PEMBANGUNAN, RISET DAN INOVASI DAERAH - 5.01.5.05.0.00.01.0000",01KJXZQ4Z7HJSC1HQWSJN9Q86D,65675884,2026,E-Katalog 6.0,APBD,ANDI AKHYAR SULAIMAN,E-Purchasing,Barang,Belanja Alat/Bahan untuk Kegiatan Kantor-Alat Tulis Kantor,ON PROCESS,1276999,1276999
KAB. WAJO,RSUD LAMADDUKELLENG - 1.02.0.00.0.00.01.0001,01KPT042EDBHEF310ZV2WRH32R,65300982,2026,E-Katalog 6.0,BLUD,JAYAMAS MEDICA INDUSTRI,E-Purchasing,Barang,Belanja Barang dan Jasa BLUD,ON PROCESS,10812993,10812993
KAB. WAJO,BADAN PENGELOLAAN KEUANGAN DAN PENDAPATAN DAERAH - 5.02.0.00.0.00.01.0000,01KJPAPE3AADY5NCVQ6WA3SP1G,63370155,2026,E-Katalog 6.0,APBD,AQILAHDAFFA,E-Purchasing,Barang,Belanja Alat/Bahan untuk Kegiatan Kantor-Alat Tulis Kantor,ON PROCESS,13499495,13499495
KAB. WAJO,"DINAS KOMUNIKASI, INFORMATIKA DAN STATISTIK - 2.16.2.20.2.21.02.0000",01KJEG3Y3H4CJVSJT9547B1HKZ,65606990,2026,E-Katalog 6.0,APBD,KABARSULSEL SAKTI PERKASA,E-Purchasing,Barang,Belanja Kawat/Faksimili/Internet/TV Berlangganan - Relasi Media ,ON PROCESS,2125000,2125000
KAB. WAJO,"DINAS KOMUNIKASI, INFORMATIKA DAN STATISTIK - 2.16.2.20.2.21.02.0000",01KJEEVEEJ2ADKVRD7D03DY4F4,65606990,2026,E-Katalog 6.0,APBD,MEDIA INILAH CELEBES,E-Purchasing,Barang,Belanja Kawat/Faksimili/Internet/TV Berlangganan - Relasi Media ,ON PROCESS,2124984,2124984
KAB. WAJO,"DINAS KOMUNIKASI, INFORMATIKA DAN STATISTIK - 2.16.2.20.2.21.02.0000",01KVF5YE155AEQYJ41V67HMSF6,65606990,2026,E-Katalog 6.0,APBD,INFO NASIONAL INTERMEDIA,E-Purchasing,Barang,Belanja Kawat/Faksimili/Internet/TV Berlangganan - Relasi Media ,ON PROCESS,5100000,5100000
KAB. WAJO,PUSKESMAS PARIGI - 1.02.0.00.0.00.01.0023,01KWKRK9KWD9WCB6TZVX4JQ7AF,67191993,2026,E-Katalog 6.0,APBD,NURHAENI,E-Purchasing,Barang,Belanja Barang dan Jasa BLUD,ON PROCESS,299000,299000
KAB. WAJO,RSUD LAMADDUKELLENG - 1.02.0.00.0.00.01.0001,01KJC58FGM67XFFH3YRY56XFVF,65300982,2026,E-Katalog 6.0,BLUD,GLOBAL DISPOMEDIKA,E-Purchasing,Barang,Belanja Barang dan Jasa BLUD,ON PROCESS,79920000,79920000
KAB. WAJO,"DINAS KOMUNIKASI, INFORMATIKA DAN STATISTIK - 2.16.2.20.2.21.02.0000",01KN3HX03YYGSRMTBV64TH2RC6,65606990,2026,E-Katalog 6.0,APBD,SUAR CITRA UTAMA,E-Purchasing,Barang,Belanja Kawat/Faksimili/Internet/TV Berlangganan - Relasi Media ,ON PROCESS,2125000,2125000
KAB. WAJO,PUSKESMAS KEERA - 1.02.0.00.0.00.01.0020,01KTK1NMQ8VGK2TZ7V68WPJTG7,66812850,2026,E-Katalog 6.0,APBD,ROSNAENI,E-Purchasing,Barang,Belanja barang jasa BOK Puskesmas pada sub kegiatan Pengelolaan Pelayanan Kesehatan Ibu Hamil,ON PROCESS,210000,210000
KAB. WAJO,SEKRETARIAT DAERAH - 4.01.0.00.0.00.01.0000,01KNB80XFMWWHZ68G5AA1PCM78,63637419,2026,E-Katalog 6.0,APBD,ANDI ROHANA,E-Purchasing,Barang,Belanja Alat/Bahan untuk Kegiatan Kantor- Suvenir/Cendera Mata,ON PROCESS,1250000,1250000
KAB. WAJO,PUSKESMAS SALOBULO - 1.02.0.00.0.00.01.0013,01KS46VYX7JJBG0KHH78ZC56NP,66083230,2026,E-Katalog 6.0,APBD,ANDI JUNENNI,E-Purchasing,Barang,Belanja Barang dan Jasa BLUD,ON PROCESS,747500,747500
KAB. WAJO,SEKRETARIAT DAERAH - 4.01.0.00.0.00.01.0000,01KRWY6EKYBFHNESZQXQCK956E,65287975,2026,E-Katalog 6.0,APBD,TENRI MAWAR,E-Purchasing,Barang,Belanja Sewa Kendaraan Bermotor Angkutan Barang,ON PROCESS,5500000,5500000
KAB. WAJO,SEKRETARIAT DEWAN PERWAKILAN RAKYAT DAERAH - 4.02.0.00.0.00.01.0000,01KQ9W1D6VCWZXDF1G6G8RCKST,63929805,2026,E-Katalog 6.0,APBD,AMRAN SURYADI,E-Purchasing,Barang,Belanja Alat/Bahan untuk Kegiatan Kantor- Bahan Cetak sub Kegiatan Koordinasi dan Penyusunan Laporan Keuangan Akhir  Tahun SKPD,ON PROCESS,490620,490620
KAB. WAJO,SEKRETARIAT DAERAH - 4.01.0.00.0.00.01.0000,01KRCVDPQWS8ADC4B9XYAS7T2J,63637426,2026,E-Katalog 6.0,APBD,MITRA SERMANI HOTEL,E-Purchasing,Barang,Belanja Sewa Hotel,ON PROCESS,12900000,12900000
KAB. WAJO,SEKRETARIAT DEWAN PERWAKILAN RAKYAT DAERAH - 4.02.0.00.0.00.01.0000,01KS2A2SHFG1679TS1F48Y7631,63928679,2026,E-Katalog 6.0,APBD,ANDI ROHANA,E-Purchasing,Barang,Belanja Natura dan Pakan-Natura Penyediaan Kebutuhan Rumah Tangga,ON PROCESS,23613486,23613486
KAB. WAJO,SEKRETARIAT DEWAN PERWAKILAN RAKYAT DAERAH - 4.02.0.00.0.00.01.0000,01KWK5SX3YDK5Y2ACX5XWHX25P,63930880,2026,E-Katalog 6.0,APBD,MUSTAFA HI. BANDUNG,E-Purchasing,Barang,Belanja Makanan dan Minuman Rapat Pengawasan Urusan Pemerintahan Bidang Kesejahteraan Rakyat,ON PROCESS,2737000,2737000
KAB. WAJO,PUSKESMAS SABBANGPARU - 1.02.0.00.0.00.01.0003,01KPM2EPJZJ2BM66JK3FZNTS3H,66481720,2026,E-Katalog 6.0,APBD,ASTI WAHYUNI,E-Purchasing,Barang,Belanja Barang dan Jasa BLUD,ON PROCESS,390000,390000
KAB. WAJO,SEKRETARIAT DEWAN PERWAKILAN RAKYAT DAERAH - 4.02.0.00.0.00.01.0000,01KP3EQTBJWESBC20CX92MYQVW,63930791,2026,E-Katalog 6.0,APBD,MUSTAFA HI. BANDUNG,E-Purchasing,Barang,Belanja Makanan dan Minuman Rapat_Pembahasan_LKPJ,ON PROCESS,471750,471750
KAB. WAJO,PUSKESMAS PENRANG - 1.02.0.00.0.00.01.0014,01KWTWG0P1HBF1TE1429S0TKMB,66076986,2026,E-Katalog 6.0,APBD,ANDI JUNENNI,E-Purchasing,Barang,Belanja barang dan jasa BOK puskesmas pada sub kegiatan Pengelolaan Pelayanan Kesehatan Ibu Hamil,ON PROCESS,304300,304300
KAB. WAJO,RSUD LAMADDUKELLENG - 1.02.0.00.0.00.01.0001,01KPVWYT8B9P1VJH52F4H98C4C,65300982,2026,E-Katalog 6.0,BLUD,JAYAMAS MEDICA INDUSTRI,E-Purchasing,Barang,Belanja Barang dan Jasa BLUD,ON PROCESS,24092772,24092772
KAB. WAJO,"SATUAN POLISI PAMONG PRAJA, PEMADAM KEBAKARAN DAN PENYELAMATAN - 1.05.0.00.0.00.01.0000",01KR10PV9F10YF4ZX0WFEP8J1S,66910838,2026,E-Katalog 6.0,APBD,MEGAWATI,E-Purchasing,Barang,Belanja Makanan dan Minuman Aktivitas Lapangan,ON PROCESS,397500,397500
KAB. WAJO,PUSKESMAS SALEWANGENG - 1.02.0.00.0.00.01.0008,01KWE82F2KTKB38ZJ4HC3C1TR4,66766659,2026,E-Katalog 6.0,APBD,AQILAHDAFFA,E-Purchasing,Barang,Belanaj Barang dan Jasa BOK puskesmas PADA SUB KEGIATAN Bimbingan Teknis dan Supervisi Pengembangan dan Pelaksanaan Upaya Kesehatan Bersumber Daya Masyarakat (UKBM),ON PROCESS,179000,179000
KAB. WAJO,DINAS PERUMAHAN DAN KAWASAN PERMUKIMAN - 1.04.0.00.0.00.01.0000,01KW1H0ZX1JFQAG9WBG0PSGNBM,66963993,2026,E-Katalog 6.0,APBD,TAMIYA NURUL WULANDA,E-Purchasing,Barang,Belanja Makan dan Minum Rapat Kegiatan Pembentukan/Pembinaan Kelompok Swadaya Masyarakat di Permukiman Kumuh,ON PROCESS,860000,860000
KAB. WAJO,PUSKESMAS SOLO - 1.02.0.00.0.00.01.0010,01KS43Q15QZXV8DQ28XRJ3P78R,66023206,2026,E-Katalog 6.0,APBD,NURFAIDAH,E-Purchasing,Barang,Belanja barang dan jasa BOK puskesmas pada sub kegiatan Pengelolaan Pelayanan Kesehatan Ibu Hamil,ON PROCESS,225000,225000
KAB. WAJO,SEKRETARIAT DAERAH - 4.01.0.00.0.00.01.0000,01KHK2F6JRV751QFXYNJSJVJ7F,63636744,2026,E-Katalog 6.0,APBD,KARTINI TAHIR,E-Purchasing,Barang,Belanja Natura dan Pakan-Natura,ON PROCESS,2160000,2160000
KAB. WAJO,"DINAS SOSIAL, PENGENDALIAN PENDUDUK, KELUARGA BERENCANA, PEMBERDAYAAN PEREMPUAN DAN PERLINDUNGAN ANAK - 1.06.2.08.2.14.06.0000",01KVWCWDRMMJSEXF9SPR460XWE,67025202,2026,E-Katalog 6.0,APBD,AMRAN SURYADI,E-Purchasing,Jasa Lainnya,Belanja Alat/Bahan untuk Kegiatan Kantor- Bahan Cetak,ON PROCESS,488400,488400
KAB. WAJO,PUSKESMAS PENRANG - 1.02.0.00.0.00.01.0014,01KQYE3Q4SVGWN7TK9HH1NWFQ5,66069389,2026,E-Katalog 6.0,APBD,FEBY RUDISRA,E-Purchasing,Barang,Belanja Barang dan Jasa BLUD,ON PROCESS,1200000,1200000
KAB. WAJO,SEKRETARIAT DEWAN PERWAKILAN RAKYAT DAERAH - 4.02.0.00.0.00.01.0000,01KFQGENK63EA2KYSQ8WGKT6E2,63931767,2026,E-Katalog 6.0,APBD,MULTI SARANA SOLUTION,E-Purchasing,Barang,Belanja Sewa Alat Bantu Lainnya Pelaksanaan Reses,ON PROCESS,750000,750000
KAB. WAJO,"DINAS PEKERJAAN UMUM, PENATAAN RUANG DAN PERTANAHAN - 1.03.2.10.0.00.01.0000",01KV55JGA14ZHMY8WRQT86NG43,66611933,2026,E-Katalog 6.0,APBD,HAJRA,E-Purchasing,Barang,Belanja Makanan dan Minuman Rapat,ON PROCESS,3143000,3143000
KAB. WAJO,"SATUAN POLISI PAMONG PRAJA, PEMADAM KEBAKARAN DAN PENYELAMATAN - 1.05.0.00.0.00.01.0000",01KNH87CWK621DMPQDVZM4HG72,64064061,2026,E-Katalog 6.0,APBD,MEGAWATI,E-Purchasing,Barang,Belanja Makanan dan Minuman Aktivitas Lapangan,ON PROCESS,860800,860800
KAB. WAJO,PUSKESMAS TANASITOLO - 1.02.0.00.0.00.01.0017,01KPD9DQEW5K0KT33D6TRH399E,66697929,2026,E-Katalog 6.0,APBD,MUHAMMAD ZULKARNAIN,E-Purchasing,Barang,Belanja Barang dan Jasa BLUD,ON PROCESS,2541500,2541500
KAB. WAJO,PUSKESMAS MANIANGPAJO - 1.02.0.00.0.00.01.0021,01KN3JTRD7MRRP8DGY5V72BB6Z,66067847,2026,E-Katalog 6.0,APBD,MASDAWATI,E-Purchasing,Barang,Belanja Barang dan Jasa BLUD,ON PROCESS,1644500,1644500
KAB. WAJO,PUSKESMAS LEMPA - 1.02.0.00.0.00.01.0004,01KRZPFKDKBBSB2EAAKKHTMCQC,66579247,2026,E-Katalog 6.0,APBD,MUHAMMAD ZULKARNAIN,E-Purchasing,Barang,Belanja Barang dan Jasa BLUD,ON PROCESS,1196000,1196000
KAB. WAJO,PUSKESMAS TOSORA - 1.02.0.00.0.00.01.0016,01KT8S6C1V3FNC7066XV0DYHC4,66114293,2026,E-Katalog 6.0,APBD,ASTI WAHYUNI,E-Purchasing,Barang,Belanja Barang dan Jasa BLUD,ON PROCESS,948600,948600
KAB. WAJO,PUSKESMAS PENRANG - 1.02.0.00.0.00.01.0014,01KRB6XCVENX1C15GTH7WE31SK,66120525,2026,E-Katalog 6.0,APBD,ANDI JUNENNI,E-Purchasing,Barang,Belanja Barang dan Jasa Bok pada Sub Kegiatan Bimbingan Teknis dan Supervisi Pengembangan dan Pelaksanaan Upaya Kesehatan Bersumber Daya Masyarakat,ON PROCESS,793500,793500
KAB. WAJO,PUSKESMAS SAPPA - 1.02.0.00.0.00.01.0022,01KW8GJ8Z29T4B2TV44TZFYA9T,66281634,2026,E-Katalog 6.0,APBD,ST.AJIRAH,E-Purchasing,Barang,Belanja Barang dan Jasa BLUD,ON PROCESS,573600,573600
KAB. WAJO,SEKRETARIAT DAERAH - 4.01.0.00.0.00.01.0000,01KQRVMNXMEVFT5Q0VDTAA7GEF,65287973,2026,E-Katalog 6.0,APBD,FITRIANI,E-Purchasing,Barang,Belanja Makanan dan Minuman Jamuan Tamu,ON PROCESS,31375000,31375000
KAB. WAJO,DINAS LINGKUNGAN HIDUP - 2.11.0.00.0.00.01.0000,01KJSFDZPEBMNSZFKKDDQMER81,64589453,2026,E-Katalog 6.0,APBD,ANANCI,E-Purchasing,Barang,Belanja Alat/Bahan untuk kegiatan Kantor-Perabot Kantor,ON PROCESS,1697190,1697190
KAB. WAJO,"BADAN PERENCANAAN PEMBANGUNAN, RISET DAN INOVASI DAERAH - 5.01.5.05.0.00.01.0000",01KMVGYXHR9EYB98SEZ98Z7N35,62968549,2026,E-Katalog 6.0,APBD,ANDI ERNA,E-Purchasing,Barang,Belanja Makanan dan Minuman Rapat,ON PROCESS,2215000,2215000
KAB. WAJO,PUSKESMAS TAKKALALLA - 1.02.0.00.0.00.01.0011,01KNJWKR5FT92JRJHQRBNPQKQN,66026188,2026,E-Katalog 6.0,APBD,SITTI AISYAH,E-Purchasing,Barang,Belanja Barang dan Jasa BOK Puskesmas Sub Keg Pengelolaan Pelayanan Kesehatan Gizi Masyarakat,ON PROCESS,299000,299000
KAB. WAJO,PUSKESMAS TOSORA - 1.02.0.00.0.00.01.0016,01KNKK2YNGGMY5X5M70FX6AZ6H,66096187,2026,E-Katalog 6.0,APBD,ASTI WAHYUNI,E-Purchasing,Barang,Belanja Barang dan Jasa BOK Puskesmas pada Sub Kegiatan Pengelolaan Pelayanan Kesehatan Ibu Hamil ,ON PROCESS,286400,286400
KAB. WAJO,RSUD LAMADDUKELLENG - 1.02.0.00.0.00.01.0001,01KPCQ7K8C5HCAKE8RDFQX2S9B,65300982,2026,E-Katalog 6.0,BLUD,ARKANINDOPLAST UTAMA,E-Purchasing,Barang,Belanja Barang dan Jasa BLUD,ON PROCESS,6700004,6700004
KAB. WAJO,RSUD LAMADDUKELLENG - 1.02.0.00.0.00.01.0001,01KKTQ6JPG020E3FS18BT2A73T,65300982,2026,E-Katalog 6.0,BLUD,WIRA USAHA INTI SUKSES,E-Purchasing,Barang,Belanja Barang dan Jasa BLUD,ON PROCESS,33388800,33388800
KAB. WAJO,RSUD LAMADDUKELLENG - 1.02.0.00.0.00.01.0001,01KJS7JW368GRJ371ADGECJ2WZ,65300982,2026,E-Katalog 6.0,BLUD,HORIBA INDONESIA,E-Purchasing,Barang,Belanja Barang dan Jasa BLUD,ON PROCESS,93262423,0
KAB. WAJO,SEKRETARIAT DAERAH - 4.01.0.00.0.00.01.0000,01KTR2ZQ016FFJF9KKBQDXBH4V,65287973,2026,E-Katalog 6.0,APBD,FITRIANI,E-Purchasing,Barang,Belanja Makanan dan Minuman Jamuan Tamu,ON PROCESS,32870000,32870000
KAB. WAJO,DINAS KESEHATAN - 1.02.0.00.0.00.01.0000,01KR8ZMWYPY3J046KNB3J7NVYM,66827323,2026,E-Katalog 6.0,APBD,PERUSAHAAN PERSEROAN (PERSERO) PT KIMIA FARMA,E-Purchasing,Barang,"Belanja Obat-Obatan-Obat pada sub kegiatan Pengadaan Obat, Bahan Habis Pakai, Bahan Medis Habis Pakai,, Vaksin, Makanan dan Minuman di Fasilitas Kesehatan",ON PROCESS,14430000,14430000
KAB. WAJO,"DINAS KOMUNIKASI, INFORMATIKA DAN STATISTIK - 2.16.2.20.2.21.02.0000",01KVEWYEHDK16Y2WJ32H8WBFZJ,65606990,2026,E-Katalog 6.0,APBD,CELOTEH MEDIA UTAMA PERSADA,E-Purchasing,Barang,Belanja Kawat/Faksimili/Internet/TV Berlangganan - Relasi Media ,ON PROCESS,5100000,5100000
KAB. WAJO,PUSKESMAS MANIANGPAJO - 1.02.0.00.0.00.01.0021,01KTJY1W2DAAN57DPR9N1YFDVQ,66071513,2026,E-Katalog 6.0,APBD,MASDAWATI,E-Purchasing,Barang,Belanja Barang dan Jasa BOK Puskesmas Pada Sub Kegiatan Pengelolaan Pelayanan Kesehatan Ibu Hamil,ON PROCESS,150000,150000
KAB. WAJO,SEKRETARIAT DAERAH - 4.01.0.00.0.00.01.0000,01KQRTV7BBJS2VCB6JYQBQBKT9,65287977,2026,E-Katalog 6.0,APBD,MEDIA SIPADUPA PROMOSINDO,E-Purchasing,Barang,Belanja Sewa Alat Kantor Lainnya,ON PROCESS,9350000,9350000
KAB. WAJO,PUSKESMAS MANIANGPAJO - 1.02.0.00.0.00.01.0021,01KTJXHSJCC3NQHGBTF4A42F5X,66071513,2026,E-Katalog 6.0,APBD,MASDAWATI,E-Purchasing,Barang,Belanja Barang dan Jasa BOK Puskesmas Pada Sub Kegiatan Pengelolaan Pelayanan Kesehatan Ibu Hamil,ON PROCESS,150000,150000
KAB. WAJO,PUSKESMAS TEMPE - 1.02.0.00.0.00.01.0006,01KWE8FJBVCYDXDNAHVR6GFMCS,65899120,2026,E-Katalog 6.0,APBD,MUHAMMAD ZULKARNAIN,E-Purchasing,Barang,Belanja Barang dan Jasa BLUD,ON PROCESS,1127700,1127700
KAB. WAJO,RSUD LAMADDUKELLENG - 1.02.0.00.0.00.01.0001,01KMPRZXKDAWP6TVJ5GPSM20M4,65300982,2026,E-Katalog 6.0,BLUD,MEDIHOP,E-Purchasing,Barang,Belanja Barang dan Jasa BLUD,ON PROCESS,68717880,68717880
KAB. WAJO,PUSKESMAS PENRANG - 1.02.0.00.0.00.01.0014,01KTKH984MW18JZ0CHSCEHMY8Y,66069389,2026,E-Katalog 6.0,APBD,BINTANG LIMA MEDIKA,E-Purchasing,Barang,Belanja Barang dan Jasa BLUD,ON PROCESS,23667420,23667420
KAB. WAJO,PUSKESMAS TOSORA - 1.02.0.00.0.00.01.0016,01KQS2NQ3HWCVG2YTWH05R910F,66096187,2026,E-Katalog 6.0,APBD,ASTI WAHYUNI,E-Purchasing,Barang,Belanja Barang dan Jasa BOK Puskesmas pada Sub Kegiatan Pengelolaan Pelayanan Kesehatan Ibu Hamil ,ON PROCESS,304300,304300
KAB. WAJO,"DINAS KOMUNIKASI, INFORMATIKA DAN STATISTIK - 2.16.2.20.2.21.02.0000",01KVFJ3X0YEP88NE9AJTYCB176,65606990,2026,E-Katalog 6.0,APBD,SUARA CELEBES MEDIA,E-Purchasing,Barang,Belanja Kawat/Faksimili/Internet/TV Berlangganan - Relasi Media ,ON PROCESS,5100000,5100000
KAB. WAJO,DINAS KESEHATAN - 1.02.0.00.0.00.01.0000,01KQX3WK3VS0FAEACQM9V0VCH1,66827324,2026,E-Katalog 6.0,APBD,TOP-POINT MEDICAL,E-Purchasing,Barang,"Belanja Suku Cadang-Suku Cadang Alat Kedokteran pada sub kegiatan Pengadaan Obat, Bahan Habis Pakai, Bahan Medis Habis Pakai,, Vaksin, Makanan dan Minuman di Fasilitas Kesehatan",ON PROCESS,80417835,80417835
KAB. WAJO,BADAN PENGELOLAAN KEUANGAN DAN PENDAPATAN DAERAH - 5.02.0.00.0.00.01.0000,01KW3C4SZ7WM6CEPN4EP26GDBR,63462897,2026,E-Katalog 6.0,APBD,MUHAMMAD ZULKARNAIN,E-Purchasing,Barang,Belanja Makanan dan Minuman Rapat,ON PROCESS,634800,634800
KAB. WAJO,"BADAN PERENCANAAN PEMBANGUNAN, RISET DAN INOVASI DAERAH - 5.01.5.05.0.00.01.0000",01KNGQSFKPQRWG0BN5WT5JT2Z3,62968549,2026,E-Katalog 6.0,APBD,ANDI ERNA,E-Purchasing,Barang,Belanja Makanan dan Minuman Rapat,ON PROCESS,2870400,2870400
KAB. WAJO,"DINAS KOMUNIKASI, INFORMATIKA DAN STATISTIK - 2.16.2.20.2.21.02.0000",01KJEJAB3JGT1RH4YJQC0RWEJK,65606990,2026,E-Katalog 6.0,APBD,NOIS MEDIA INDONESIA,E-Purchasing,Barang,Belanja Kawat/Faksimili/Internet/TV Berlangganan - Relasi Media ,ON PROCESS,2125000,2125000
KAB. WAJO,SEKRETARIAT DEWAN PERWAKILAN RAKYAT DAERAH - 4.02.0.00.0.00.01.0000,01KFM7CZ5AKM1R4BZ4CEJ9SXVB,63931773,2026,E-Katalog 6.0,APBD,FIRMANSYAH,E-Purchasing,Barang,Belanja Makanan dan Minuman Rapat Pelaksanaan Reses,ON PROCESS,6900000,6900000
KAB. WAJO,"BADAN PERENCANAAN PEMBANGUNAN, RISET DAN INOVASI DAERAH - 5.01.5.05.0.00.01.0000",01KJBWJA9Y2139D0XJ4BSSZR74,65209301,2026,E-Katalog 6.0,APBD,ANDI AKHYAR SULAIMAN,E-Purchasing,Barang,Belanja Alat/Bahan untuk Kegiatan Kantor-Benda Pos,ON PROCESS,480000,480000
KAB. WAJO,SEKRETARIAT DEWAN PERWAKILAN RAKYAT DAERAH - 4.02.0.00.0.00.01.0000,01KQSD1N4ESGG23QQ62N8XYS51,63930880,2026,E-Katalog 6.0,APBD,MUSTAFA HI. BANDUNG,E-Purchasing,Barang,Belanja Makanan dan Minuman Rapat Pengawasan Urusan Pemerintahan Bidang Kesejahteraan Rakyat,ON PROCESS,1610000,1610000
KAB. WAJO,"SATUAN POLISI PAMONG PRAJA, PEMADAM KEBAKARAN DAN PENYELAMATAN - 1.05.0.00.0.00.01.0000",01KW1HA7PFS3AJWHQ0QQ8CQD0F,64219424,2026,E-Katalog 6.0,APBD,DARNAWATI,E-Purchasing,Barang,Belanja Makanan dan Minuman Aktivitas Lapangan,ON PROCESS,403500,403500
KAB. WAJO,"SATUAN POLISI PAMONG PRAJA, PEMADAM KEBAKARAN DAN PENYELAMATAN - 1.05.0.00.0.00.01.0000",01KN3SDTS5TKKNQMNEKZZRVYZT,64200895,2026,E-Katalog 6.0,APBD,MUH. ARFAN SETIAWAN,E-Purchasing,Barang,Belanja Alat/Bahan untuk Kegiatan Kantor-Alat Tulis Kantor,ON PROCESS,1508000,1508000
KAB. WAJO,BADAN PENGELOLAAN KEUANGAN DAN PENDAPATAN DAERAH - 5.02.0.00.0.00.01.0000,01KN2YSJPSJ61GBNDCQ5VQ3WWC,63993432,2026,E-Katalog 6.0,APBD,A. MUH. ABRAR,E-Purchasing,Barang,Belanja Alat/Bahan untuk Kegiatan Kantor-Alat Tulis Kantor,ON PROCESS,10070500,10070500
KAB. WAJO,PUSKESMAS PENRANG - 1.02.0.00.0.00.01.0014,01KT8J50YPAP7Y22TZ7JE4ZMA3,66069389,2026,E-Katalog 6.0,APBD,ANDI JUNENNI,E-Purchasing,Barang,Belanja Barang dan Jasa BLUD,ON PROCESS,1434000,1434000
KAB. WAJO,PUSKESMAS SOLO - 1.02.0.00.0.00.01.0010,01KQS3YCZCFH29NZEF316F1453,66313733,2026,E-Katalog 6.0,APBD,BUMI MEDIKA INDONESIA,E-Purchasing,Barang,Belanja Barang dan Jasa BLUD,ON PROCESS,12441590,12441590
KAB. WAJO,PUSKESMAS GILIRENG - 1.02.0.00.0.00.01.0019,01KPWX0G9ZTP8RGFKYZ9ZC783W,66073569,2026,E-Katalog 6.0,APBD,GEDDONG,E-Purchasing,Barang,Belanja Barang dan Jasa BOK Puskesmas pada Sub Kegiatan Pengelolaan Pelayanan Kesehatan Ibu Hamil,ON PROCESS,268500,268500
KAB. WAJO,DINAS PERTANIAN DAN KETAHANAN PANGAN - 2.09.3.27.0.00.02.0000,01KQ9JPSZ22HGEDC211GKC672T,66410797,2026,E-Katalog 6.0,APBD,REZKY JAYA ABADI,E-Purchasing,Barang,Belanja Suku Cadang-Suku Cadang Alat Laboratorium,ON PROCESS,28749000,28749000
KAB. WAJO,"DINAS SOSIAL, PENGENDALIAN PENDUDUK, KELUARGA BERENCANA, PEMBERDAYAAN PEREMPUAN DAN PERLINDUNGAN ANAK - 1.06.2.08.2.14.06.0000",01KVA3B6NPSV1GRX5EJEHWZGJ3,67025260,2026,E-Katalog 6.0,APBD,ANDI ERNA,E-Purchasing,Barang,Belanja Makanan dan Minuman Rapat,ON PROCESS,2242500,2242500
KAB. WAJO,SEKRETARIAT DEWAN PERWAKILAN RAKYAT DAERAH - 4.02.0.00.0.00.01.0000,01KFW6S8NQ46P8KWB667PG26GK,63931773,2026,E-Katalog 6.0,APBD,ANDI SUKMAWATI TABRANI,E-Purchasing,Barang,Belanja Makanan dan Minuman Rapat Pelaksanaan Reses,ON PROCESS,6900000,6900000
KAB. WAJO,INSPEKTORAT DAERAH - 6.01.0.00.0.00.01.0000,01KRWP4E3BN70SXBA7D8FDX7MM,67008085,2026,E-Katalog 6.0,APBD,ANDI ERNA,E-Purchasing,Barang,Belanja Makanan dan Minuman Rapat,ON PROCESS,6692000,6692000
KAB. WAJO,BADAN KESATUAN BANGSA DAN POLITIK - 8.01.0.00.0.00.01.0000,01KV4RQKFPKP1TD9XB48DZ11BA,63062461,2026,E-Katalog 6.0,APBD,HASDIMAN,E-Purchasing,Barang,Belanja Alat/Bahan untuk Kegiatan Kantor- Bahan Cetak,ON PROCESS,440100,440100
KAB. WAJO,DINAS LINGKUNGAN HIDUP - 2.11.0.00.0.00.01.0000,01KP2BHD48PG3EJ2P1JA21C445,64666074,2026,E-Katalog 6.0,APBD,ANANCI,E-Purchasing,Barang,Belanja Alat/Bahan untuk Kegiatan Kantor-Alat Tulis Kantor,ON PROCESS,1492270,1492270
KAB. WAJO,PUSKESMAS SALEWANGENG - 1.02.0.00.0.00.01.0008,01KTK7V06TMJMKET46QPGT6H28,66764245,2026,E-Katalog 6.0,APBD,TAMIYA NURUL WULANDA,E-Purchasing,Barang,Belanja Barang dan Jasa BLUD,ON PROCESS,985500,985500
KAB. WAJO,"SATUAN POLISI PAMONG PRAJA, PEMADAM KEBAKARAN DAN PENYELAMATAN - 1.05.0.00.0.00.01.0000",01KRGAFP2JPZ446GHHWHPF3VMX,67132122,2026,E-Katalog 6.0,APBD,IVA YULIANTI,E-Purchasing,Barang,Belanja Makanan dan Minuman Aktivitas Lapangan,ON PROCESS,1200000,1200000
KAB. WAJO,RSUD SIWA - 1.02.0.00.0.00.01.0002,01KTWWG0ZBTYHW69HHS3N1BMSR,66883851,2026,E-Katalog 6.0,BLUD,LESTARI MULIA SEMPURNA,E-Purchasing,Barang,Belanja Barang dan Jasa BLUD,ON PROCESS,1028187,1028187
KAB. WAJO,PUSKESMAS GILIRENG - 1.02.0.00.0.00.01.0019,01KRG8FNPWVZEMCW3303H0997D,66073569,2026,E-Katalog 6.0,APBD,GEDDONG,E-Purchasing,Barang,Belanja Barang dan Jasa BOK Puskesmas pada Sub Kegiatan Pengelolaan Pelayanan Kesehatan Ibu Hamil,ON PROCESS,268500,268500
KAB. WAJO,BADAN KESATUAN BANGSA DAN POLITIK - 8.01.0.00.0.00.01.0000,01KNVCTBJC5GVJ77QSJWH8RHVA,63264006,2026,E-Katalog 6.0,APBD,ANDI ERNA,E-Purchasing,Barang,Belanja Makanan dan Minuman Rapat,ON PROCESS,747500,747500
KAB. WAJO,"SATUAN POLISI PAMONG PRAJA, PEMADAM KEBAKARAN DAN PENYELAMATAN - 1.05.0.00.0.00.01.0000",01KJS275TY7BDE7BH1EG3FH41R,64219561,2026,E-Katalog 6.0,APBD,AMRAN SURYADI,E-Purchasing,Barang,Belanja Alat/Bahan untuk Kegiatan Kantor-Alat Tulis Kantor,ON PROCESS,567210,567210
KAB. WAJO,PUSKESMAS TOSORA - 1.02.0.00.0.00.01.0016,01KKBH3W8G8A6PZJ9FZ0D3FBAR,66114293,2026,E-Katalog 6.0,APBD,ASTI WAHYUNI,E-Purchasing,Barang,Belanja Barang dan Jasa BLUD,ON PROCESS,1088100,1088100
KAB. WAJO,PUSKESMAS SAJOANGING - 1.02.0.00.0.00.01.0012,01KQZX94Z03WHVNNFSDC15355T,66621011,2026,E-Katalog 6.0,APBD,SALWA NABILAH IDRIS,E-Purchasing,Barang,Belanja barang dan Jasa BOK Puskesmas pada sub kegiatan Bimbingan Teknis dan Supervisi Pengembangan dan Pelaksanaan Upaya Kesehatan Bersumber Daya Masyarakat (UKBM),ON PROCESS,161100,161100
KAB. WAJO,PUSKESMAS BELAWA - 1.02.0.00.0.00.01.0025,01KW1HJFYEFWQ7ZX8B3NWRZGRE,66750913,2026,E-Katalog 6.0,APBD,MASDAWATI,E-Purchasing,Barang,Belanja Barang dan Jasa BOK Puskesmas pada sub kegiatan Pengelolaan Pelayanan Kesehatan Ibu Hamil,ON PROCESS,195000,195000
KAB. WAJO,SEKRETARIAT DAERAH - 4.01.0.00.0.00.01.0000,01KNS174RAD7GK1CVDZ9E0SGDK,63636068,2026,E-Katalog 6.0,APBD,ANDI ERNA,E-Purchasing,Barang,Belanja Natura dan Pakan-Natura,ON PROCESS,15000000,15000000
KAB. WAJO,SEKRETARIAT DAERAH - 4.01.0.00.0.00.01.0000,01KHTCK0Q2YJ7R18GEQ3VNPPEM,65710335,2026,E-Katalog 6.0,APBD,MUDAMA,E-Purchasing,Barang,Belanja Sewa Peralatan Umum,ON PROCESS,34999996,34999996
KAB. WAJO,SEKRETARIAT DEWAN PERWAKILAN RAKYAT DAERAH - 4.02.0.00.0.00.01.0000,01KFWMRW8K20ENE44M5GS6894Q,63928449,2026,E-Katalog 6.0,APBD,ANDI PARENRENGI,E-Purchasing,Barang,Belanja Makanan dan Minuman Rapat Sub Kegiatan Fasiilitasi Rappat Koordiinasi dan Konsultasi DPRD,ON PROCESS,322000,322000
KAB. WAJO,KECAMATAN SABBANGPARU - 7.01.0.00.0.00.10.0000,01KR121JD6RM1XRBJT0SC7JRVQ,65655545,2026,E-Katalog 6.0,APBD,ASTI WAHYUNI,E-Purchasing,Barang,Belanja Makanan dan Minuman Rapat Kegiatan Penyediaan Jasa Pelayanan Umum Kantor,ON PROCESS,1720000,1720000
KAB. WAJO,PUSKESMAS TANASITOLO - 1.02.0.00.0.00.01.0017,01KVYYNG046FSSZ1XFZWAK2Y3K,66697929,2026,E-Katalog 6.0,APBD,MUHAMMAD ZULKARNAIN,E-Purchasing,Barang,Belanja Barang dan Jasa BLUD,ON PROCESS,538800,538800
KAB. WAJO,PUSKESMAS LIU - 1.02.0.00.0.00.01.0005,01KVAF17CC4PP50E5SY2Q2E4V2,66778417,2026,E-Katalog 6.0,APBD,ASTI WAHYUNI,E-Purchasing,Barang,Belanja Barang dan Jasa BOK Puskesmas pada Sub Kegiatan Pengelolaan Pelayanan Kesehatan Ibu Hamil,ON PROCESS,161100,161100
KAB. WAJO,PUSKESMAS PENRANG - 1.02.0.00.0.00.01.0014,01KSRZ9GRJRF962NR1CRHX0BZ5,66076986,2026,E-Katalog 6.0,APBD,ANDI JUNENNI,E-Purchasing,Barang,Belanja barang dan jasa BOK puskesmas pada sub kegiatan Pengelolaan Pelayanan Kesehatan Ibu Hamil,ON PROCESS,304300,304300
KAB. WAJO,"SATUAN POLISI PAMONG PRAJA, PEMADAM KEBAKARAN DAN PENYELAMATAN - 1.05.0.00.0.00.01.0000",01KNVP02EEJ96MD67A7P7509RF,64064061,2026,E-Katalog 6.0,APBD,MEGAWATI,E-Purchasing,Barang,Belanja Makanan dan Minuman Aktivitas Lapangan,ON PROCESS,430400,430400
KAB. WAJO,PUSKESMAS TAKKALALLA - 1.02.0.00.0.00.01.0011,01KS74XSM25YD2QQ390AVDE0MQ,66025540,2026,E-Katalog 6.0,APBD,SITTI AISYAH,E-Purchasing,Barang,Belanja Barang dan Jasa BOK Puskesmas Sub Kegiatan Pengelolaan Pelayanan Kesehatan Ibu Hamil,ON PROCESS,180000,180000
KAB. WAJO,SEKRETARIAT DAERAH - 4.01.0.00.0.00.01.0000,01KSHTVF1DAFE4XXAGQFFAFT1N,63592166,2026,E-Katalog 6.0,APBD,MUKHTAR,E-Purchasing,Barang,Belanja Pemeliharaan Komputer-Komputer Unit-Personal Computer,ON PROCESS,100000,100000
KAB. WAJO,BADAN PENGELOLAAN KEUANGAN DAN PENDAPATAN DAERAH - 5.02.0.00.0.00.01.0000,01KG6NNENA7RNK6CNTVV2HNVCK,63991975,2026,E-Katalog 6.0,APBD,ASTI WAHYUNI,E-Purchasing,Barang,Belanja Makanan dan Minuman Rapat,ON PROCESS,1050000,1050000
KAB. WAJO,DINAS PENDIDIKAN DAN KEBUDAYAAN - 1.01.2.22.0.00.02.0000,01KRFZTEV3M361M5ASTXV2ZQ38,63028087,2026,E-Katalog 6.0,APBD,HARIANTO,E-Purchasing,Barang,Belanja Alat/Bahan untuk Kegiatan Kantor-Alat Tulis Kantor,ON PROCESS,858100,858100
KAB. WAJO,PUSKESMAS BELAWA - 1.02.0.00.0.00.01.0025,01KPYTW439RYSHH2NKKW1K6FQT,66598483,2026,E-Katalog 6.0,APBD,ARSYAD M,E-Purchasing,Barang,Belanja Barang dan Jasa BLUD,ON PROCESS,7162273,7162273
KAB. WAJO,SEKRETARIAT DAERAH - 4.01.0.00.0.00.01.0000,01KSCB8YX4TZ5H61615ZT721XC,63636744,2026,E-Katalog 6.0,APBD,ANDI ROHANA,E-Purchasing,Barang,Belanja Natura dan Pakan-Natura,ON PROCESS,44956961,44956961
KAB. WAJO,RSUD SIWA - 1.02.0.00.0.00.01.0002,01KPSW7XHF2Z5AF9Z6Z1JG7W95,66883851,2026,E-Katalog 6.0,BLUD,KALBIO GLOBAL MEDIKA,E-Purchasing,Barang,Belanja Barang dan Jasa BLUD,ON PROCESS,4766285,0
KAB. WAJO,SEKRETARIAT DAERAH - 4.01.0.00.0.00.01.0000,01KH3EN4QAMZ0HH0PS56SSVVV2,63636744,2026,E-Katalog 6.0,APBD,KARTINI TAHIR,E-Purchasing,Barang,Belanja Natura dan Pakan-Natura,ON PROCESS,47700,47700
KAB. WAJO,"DINAS KOMUNIKASI, INFORMATIKA DAN STATISTIK - 2.16.2.20.2.21.02.0000",01KP8541S1ZDRB18VF90SWZ97P,65607055,2026,E-Katalog 6.0,APBD,ANDI AKHYAR SULAIMAN,E-Purchasing,Barang,Belanja Alat/Bahan untuk Kegiatan Kantor- Bahan Cetak - Pelayanan Informasi Publik ,ON PROCESS,750000,750000
KAB. WAJO,KECAMATAN KEERA - 7.01.0.00.0.00.04.0000,01KV54PSPYS6HWBFT35WVD74K4,65625428,2026,E-Katalog 6.0,APBD,NOVI ASTIKA,E-Purchasing,Barang,Harmonisasi Hubungan dengan Tokoh Agama dan Tokoh Masyarakat,ON PROCESS,2000000,2000000
KAB. WAJO,"DINAS KOMUNIKASI, INFORMATIKA DAN STATISTIK - 2.16.2.20.2.21.02.0000",01KQA0SNQZWKHV12G31DQYJCG5,65606990,2026,E-Katalog 6.0,APBD,KLIK INTERMEDIA GRUP,E-Purchasing,Barang,Belanja Kawat/Faksimili/Internet/TV Berlangganan - Relasi Media ,ON PROCESS,7225000,7225000
KAB. WAJO,KECAMATAN PAMMANA - 7.01.0.00.0.00.07.0000,01KR0H2XWJCST3TB0GFPMPMAFR,65756780,2026,E-Katalog 6.0,APBD,ANDI ERNA,E-Purchasing,Barang,Belanja Makanan dan Minuman Rapat ,ON PROCESS,2890800,2890800
KAB. WAJO,SEKRETARIAT DAERAH - 4.01.0.00.0.00.01.0000,01KPDEJP9TKBWQ2TD70XNZRPXR,65287973,2026,E-Katalog 6.0,APBD,FITRIANI,E-Purchasing,Barang,Belanja Makanan dan Minuman Jamuan Tamu,ON PROCESS,953978,953978
KAB. WAJO,DINAS PERUMAHAN DAN KAWASAN PERMUKIMAN - 1.04.0.00.0.00.01.0000,01KSE7C4BDJZA7YEJ7N8QMET1D,67154272,2026,E-Katalog 6.0,APBD,ANDI AKHYAR SULAIMAN,E-Purchasing,Barang,Belanja Alat Tulis Kantor pada Kegiatan Penyediaan Administrasi Pelaksanaan Tugas ASN,ON PROCESS,220000,220000
KAB. WAJO,BAGIAN UMUM - 4.01.2.23.2.24.01.0007,10858636000,63726613;63726623,2026,Non Tender,APBD,CV. ADI PERMATA KONSULTAN,Pengadaan Langsung,Jasa Konsultansi Badan Usaha Konstruksi,PERENCANAAN REHAB KANTOR BUPATI DAN PERENCANAAN REHAB WC KANTOR BUPATI,SELESAI,21725608,21725608
KAB. WAJO,PUSKESMAS PATTIROSOMPE - 1.02.0.00.0.00.01.0007,01KVS6AZXKR62WT0RFA6NWSHBB,66714536,2026,E-Katalog 6.0,APBD,ANDI AZIS ASHAR,E-Purchasing,Barang,Belanja Modal Peralatan dan Mesin BLUD,ON PROCESS,382400,382400
KAB. WAJO,RSUD LAMADDUKELLENG - 1.02.0.00.0.00.01.0001,01KPVQ69TFK6MF1CBQQRNE0BRE,65300982,2026,E-Katalog 6.0,BLUD,KALBE FARMA,E-Purchasing,Barang,Belanja Barang dan Jasa BLUD,ON PROCESS,39999960,39999960
KAB. WAJO,DINAS PERUMAHAN DAN KAWASAN PERMUKIMAN - 1.04.0.00.0.00.01.0000,01KTK9FVRKJWN33NVC509ZX9RR,67254342,2026,E-Katalog 6.0,APBD,SUDWIKATMONO,E-Purchasing,Barang,"Belanja Pelumas Kendaraan Operasional Roda 4 Kegiatan Pemeliharaan Prasarana, Sarana dan Utilitas Umum",ON PROCESS,777000,777000
KAB. WAJO,PUSKESMAS GILIRENG - 1.02.0.00.0.00.01.0019,01KRG8P72BFAM3XSX2AFEKJXFP,66073569,2026,E-Katalog 6.0,APBD,GEDDONG,E-Purchasing,Barang,Belanja Barang dan Jasa BOK Puskesmas pada Sub Kegiatan Pengelolaan Pelayanan Kesehatan Ibu Hamil,ON PROCESS,268500,268500
KAB. WAJO,"BADAN PERENCANAAN PEMBANGUNAN, RISET DAN INOVASI DAERAH - 5.01.5.05.0.00.01.0000",01KHTBJW05A4770FSGXETDRAQM,65278903,2026,E-Katalog 6.0,APBD,ANDI AKHYAR SULAIMAN,E-Purchasing,Barang,Belanja Alat/Bahan untuk Kegiatan Kantor- Bahan Cetak,ON PROCESS,1150500,1150500
KAB. WAJO,"BADAN PERENCANAAN PEMBANGUNAN, RISET DAN INOVASI DAERAH - 5.01.5.05.0.00.01.0000",01KR0TAQ3TECSHAGN9BMN3AN3B,65640598,2026,E-Katalog 6.0,APBD,AMRAN SURYADI,E-Purchasing,Barang,Belanja Alat/Bahan untuk Kegiatan Kantor-Alat Tulis Kantor,ON PROCESS,2589408,2589408
KAB. WAJO,PUSKESMAS MANIANGPAJO - 1.02.0.00.0.00.01.0021,01KNGAY593N9CMPHYHXX742S2H,66071513,2026,E-Katalog 6.0,APBD,MASDAWATI,E-Purchasing,Barang,Belanja Barang dan Jasa BOK Puskesmas Pada Sub Kegiatan Pengelolaan Pelayanan Kesehatan Ibu Hamil,ON PROCESS,150000,150000
KAB. WAJO,BADAN PENGELOLAAN KEUANGAN DAN PENDAPATAN DAERAH - 5.02.0.00.0.00.01.0000,01KN42CGTKADXE6FT2BMAXH4G6,63993947,2026,E-Katalog 6.0,APBD,ANDI AKHYAR SULAIMAN,E-Purchasing,Barang,Belanja Alat/Bahan untuk Kegiatan Kantor-Alat Tulis Kantor,ON PROCESS,6965481,6965481
KAB. WAJO,"DINAS SOSIAL, PENGENDALIAN PENDUDUK, KELUARGA BERENCANA, PEMBERDAYAAN PEREMPUAN DAN PERLINDUNGAN ANAK - 1.06.2.08.2.14.06.0000",01KSGYFZTR0FKA6HC10X2YSFWH,67156046,2026,E-Katalog 6.0,APBD,AMRAN SURYADI,E-Purchasing,Jasa Lainnya,Belanja Alat/Bahan untuk Kegiatan Kantor- Bahan Cetak,ON PROCESS,4395600,4395600
KAB. WAJO,"SATUAN POLISI PAMONG PRAJA, PEMADAM KEBAKARAN DAN PENYELAMATAN - 1.05.0.00.0.00.01.0000",01KJ4X2Q7VGB96NZ65ADX57ZRS,64200491,2026,E-Katalog 6.0,APBD,ANDI MARWANAH,E-Purchasing,Barang,Belanja Makanan dan Minuman Aktivitas Lapangan,ON PROCESS,4357800,4357800
KAB. WAJO,DINAS PENDIDIKAN DAN KEBUDAYAAN - 1.01.2.22.0.00.02.0000,01KQ9YYZ2KCWEZAQ6Y46Z3XZDM,63028094,2026,E-Katalog 6.0,APBD,MUDAMA,E-Purchasing,Jasa Lainnya,Belanja Sewa Alat Rumah Tangga Lainnya (Home Use),ON PROCESS,700000,700000
KAB. WAJO,"SATUAN POLISI PAMONG PRAJA, PEMADAM KEBAKARAN DAN PENYELAMATAN - 1.05.0.00.0.00.01.0000",01KR03WTC4ASR15EQ18GD94GGP,64064652,2026,E-Katalog 6.0,APBD,ANDI FADLI,E-Purchasing,Barang,Belanja Peralatan dan Mesin-Alat Angkutan-Alat Angkutan Darat Bermotor-Kendaraan Bermotor Penumpang,ON PROCESS,1227660,1227660
KAB. WAJO,PUSKESMAS MANIANGPAJO - 1.02.0.00.0.00.01.0021,01KWBH8EF37MCYFXZBGQX7HJGP,66067847,2026,E-Katalog 6.0,APBD,MASDAWATI,E-Purchasing,Barang,Belanja Barang dan Jasa BLUD,ON PROCESS,1644500,1644500
KAB. WAJO,"DINAS PERINDUSTRIAN, PERDAGANGAN, KOPERASI, USAHA KECIL DAN MENENGAH - 2.17.3.30.3.31.01.0000",01KSEXJYFD6T19K4GS42XYH9SV,65729836,2026,E-Katalog 6.0,APBD,ANDI BISMAWATI,E-Purchasing,Barang,Belanja Alat/Bahan untuk Kegiatan Kantor- Bahan Cetak Pada Sub Kegiatan Pelaporan Pengelolaan Retribusi Daerah,ON PROCESS,2500000,0
KAB. WAJO,"BADAN PERENCANAAN PEMBANGUNAN, RISET DAN INOVASI DAERAH - 5.01.5.05.0.00.01.0000",01KMN1AGB8F0PGQZTW6MNCN7ZH,62968550,2026,E-Katalog 6.0,APBD,AQILAHDAFFA,E-Purchasing,Barang,Belanja Natura dan Pakan-Natura,ON PROCESS,1950270,1950270
KAB. WAJO,PUSKESMAS TAKKALALLA - 1.02.0.00.0.00.01.0011,01KR39GNZYPX77CTJ5J5YE904X,66025540,2026,E-Katalog 6.0,APBD,SITTI AISYAH,E-Purchasing,Barang,Belanja Barang dan Jasa BOK Puskesmas Sub Kegiatan Pengelolaan Pelayanan Kesehatan Ibu Hamil,ON PROCESS,180000,180000
KAB. WAJO,KELURAHAN MATTIROTAPPARENG - 7.01.0.00.0.00.14.0012,01KTT2H7B3C6SS1XWSXXM6M45C,66959484,2026,E-Katalog 6.0,APBD,CINTA ALAM RAYA,E-Purchasing,Barang,Belanja Modal Personal Computer,ON PROCESS,12000000,12000000
KAB. WAJO,DINAS PERUMAHAN DAN KAWASAN PERMUKIMAN - 1.04.0.00.0.00.01.0000,01KQY2Z6193FR8WTC3VE9QNT0T,66993986,2026,E-Katalog 6.0,APBD,ANDI AKHYAR SULAIMAN,E-Purchasing,Barang,Belanja Alat/Bahan untuk Kegiatan Kantor - Alat Tulis Kantor pada kegiatan Pembangunan Rumah bagi Korban Bencana,ON PROCESS,1920000,1920000
KAB. WAJO,"DINAS KOMUNIKASI, INFORMATIKA DAN STATISTIK - 2.16.2.20.2.21.02.0000",01KPAA1N9DSBMQVC4DZ2D7N2VZ,65611356,2026,E-Katalog 6.0,APBD,ANDI AKHYAR SULAIMAN,E-Purchasing,Barang,Belanja Alat/Bahan untuk Kegiatan Kantor-Alat Tulis Kantor - Pengingkatan Kapasitas Kelembagaan Statistik Sektoral,ON PROCESS,477497,477497
KAB. WAJO,SEKRETARIAT DAERAH - 4.01.0.00.0.00.01.0000,01KH0SF3KXMJZFPRR4XE80NFJB,63636744,2026,E-Katalog 6.0,APBD,ANDI NIRWANA,E-Purchasing,Barang,Belanja Natura dan Pakan-Natura,ON PROCESS,16470000,16470000
KAB. WAJO,"DINAS KOMUNIKASI, INFORMATIKA DAN STATISTIK - 2.16.2.20.2.21.02.0000",01KJS6FG8FVM00YSE02XGV7BK1,65606990,2026,E-Katalog 6.0,APBD,ZONA INFO INTIM,E-Purchasing,Barang,Belanja Kawat/Faksimili/Internet/TV Berlangganan - Relasi Media ,ON PROCESS,2099965,2099965
KAB. WAJO,"SATUAN POLISI PAMONG PRAJA, PEMADAM KEBAKARAN DAN PENYELAMATAN - 1.05.0.00.0.00.01.0000",01KJS325VH60ECV6WDQDBT4DVQ,64064061,2026,E-Katalog 6.0,APBD,DARNAWATI,E-Purchasing,Barang,Belanja Makanan dan Minuman Aktivitas Lapangan,ON PROCESS,403500,403500
KAB. WAJO,DINAS PENANAMAN MODAL DAN PELAYANAN TERPADU SATU PINTU - 2.18.0.00.0.00.01.0000,01KPN1K5FNHVCKKK78BK6GHSCE,64983179,2026,E-Katalog 6.0,APBD,ANDI AKHYAR SULAIMAN,E-Purchasing,Barang,Belanja Alat/Bahan untuk Kegiatan Kantor-Alat Tulis Kantor,ON PROCESS,1616999,1616999
KAB. WAJO,DINAS KESEHATAN - 1.02.0.00.0.00.01.0000,01KNT46RD7K1D9C6HEJFA21PJT,66768551,2026,E-Katalog 6.0,APBD,ARSYAD M,E-Purchasing,Barang,Belanja Alat/Bahan untuk Kegiatan Kantor-Alat Tulis Kantor pada sub kegiatan Koordinasi dan Penyusunan Laporan Capaian Kinerja dan Ikhtisar Realisasi Kinerja SKPD,ON PROCESS,503499,503499
KAB. WAJO,PUSKESMAS WEWANGREWU - 1.02.0.00.0.00.01.0018,01KW94E9ZQ9FMQJV0EY4BNR7RW,66766433,2026,E-Katalog 6.0,APBD,MUHAMMAD RESKY,E-Purchasing,Barang,"Belanja Barang dan Jasa BOK Puskesmas pada sub kegiatan Peningkatan Upaya Promosi Kesehatan, Advokasi, Kemitraan dan Pemberdayaan Masyarakat",ON PROCESS,418600,418600
KAB. WAJO,RSUD SIWA - 1.02.0.00.0.00.01.0002,01KSF38D2FZYBW0R2CVE1F8SHV,66883851,2026,E-Katalog 6.0,BLUD,MEDIHOP,E-Purchasing,Barang,Belanja Barang dan Jasa BLUD,ON PROCESS,5822172,5822172
KAB. WAJO,SEKRETARIAT DEWAN PERWAKILAN RAKYAT DAERAH - 4.02.0.00.0.00.01.0000,01KS4ZWEBMHS7Y9T42AKQP7V4H,63930237,2026,E-Katalog 6.0,APBD,SYAMSU ALAM,E-Purchasing,Barang,Belanja Alat/Bahan untuk Kegiatan Kantor-Alat Tulis Kantor Jasa Surat Menyurat,ON PROCESS,4981500,4981500
KAB. WAJO,KECAMATAN PAMMANA - 7.01.0.00.0.00.07.0000,01KPMY56PFNEFNG1HVP7290KF2,65751282,2026,E-Katalog 6.0,APBD,RISMA,E-Purchasing,Barang,Belanja Alat/Bahan untuk Kegiatan Kantor - Alat Tulis Kantor,ON PROCESS,499000,499000
KAB. WAJO,BADAN PENGELOLAAN KEUANGAN DAN PENDAPATAN DAERAH - 5.02.0.00.0.00.01.0000,01KRG0SKY5B9WGXY589CBEBM29,64000028,2026,E-Katalog 6.0,APBD,ANDI BISMAWATI,E-Purchasing,Barang,Belanja Alat/Bahan untuk Kegiatan Kantor-Alat Tulis Kantor,ON PROCESS,2501300,2501300
KAB. WAJO,"DINAS KOMUNIKASI, INFORMATIKA DAN STATISTIK - 2.16.2.20.2.21.02.0000",01KVWGGCZVJRA76V46M1HHGWM5,65606990,2026,E-Katalog 6.0,APBD,MEDIA KOMPAK NUSANTARA,E-Purchasing,Barang,Belanja Kawat/Faksimili/Internet/TV Berlangganan - Relasi Media ,ON PROCESS,4895100,4895100
KAB. WAJO,"DINAS SOSIAL, PENGENDALIAN PENDUDUK, KELUARGA BERENCANA, PEMBERDAYAAN PEREMPUAN DAN PERLINDUNGAN ANAK - 1.06.2.08.2.14.06.0000",01KWGDX4FVG0Z8ZWFBWHTVSA1C,67025337,2026,E-Katalog 6.0,APBD,AMRAN SURYADI,E-Purchasing,Jasa Lainnya,Belanja Alat/Bahan untuk Kegiatan Kantor- Bahan Cetak,ON PROCESS,293040,293040
KAB. WAJO,PUSKESMAS PAMMANA - 1.02.0.00.0.00.01.0009,01KPWMMVSKR9F3ASW19YHGFVP2,65993331,2026,E-Katalog 6.0,APBD,GUNAWAN TJANDRA,E-Purchasing,Barang,Belanja Modal Peralatan dan Mesin BLUD,PAYMENT OUTSIDE SYSTEM,6660000,6660000
KAB. WAJO,PUSKESMAS GILIRENG - 1.02.0.00.0.00.01.0019,01KWK5DZD62DFCFHNWKK1N127X,66073569,2026,E-Katalog 6.0,APBD,GEDDONG,E-Purchasing,Barang,Belanja Barang dan Jasa BOK Puskesmas pada Sub Kegiatan Pengelolaan Pelayanan Kesehatan Ibu Hamil,ON PROCESS,268500,268500
KAB. WAJO,PUSKESMAS GILIRENG - 1.02.0.00.0.00.01.0019,01KPCZE9X1CQRGXZD4G5TJRH4M,66073569,2026,E-Katalog 6.0,APBD,GEDDONG,E-Purchasing,Barang,Belanja Barang dan Jasa BOK Puskesmas pada Sub Kegiatan Pengelolaan Pelayanan Kesehatan Ibu Hamil,ON PROCESS,268500,268500
KAB. WAJO,PUSKESMAS TOSORA - 1.02.0.00.0.00.01.0016,01KNKJAPS9HAFRN9G3S7Z1D3MY,66096187,2026,E-Katalog 6.0,APBD,ASTI WAHYUNI,E-Purchasing,Barang,Belanja Barang dan Jasa BOK Puskesmas pada Sub Kegiatan Pengelolaan Pelayanan Kesehatan Ibu Hamil ,ON PROCESS,304300,304300
KAB. WAJO,"DINAS KOMUNIKASI, INFORMATIKA DAN STATISTIK - 2.16.2.20.2.21.02.0000",01KQB5EA0CRJBC5X5DSDEYQPJX,65606990,2026,E-Katalog 6.0,APBD,BOSOWA MEDIA GRAFIKA,E-Purchasing,Barang,Belanja Kawat/Faksimili/Internet/TV Berlangganan - Relasi Media ,ON PROCESS,14985000,14985000
KAB. WAJO,PUSKESMAS WEWANGREWU - 1.02.0.00.0.00.01.0018,01KVFBQTRQQKH1FPZYB4F2FWJZ,66766459,2026,E-Katalog 6.0,APBD,MUHAMMAD RESKY,E-Purchasing,Barang,Belanja Barang dan Jasa BOK Puskesmas pada sub kegiatan Pengelolaan Pelayanan Kesehatan Ibu Hamil,ON PROCESS,179000,179000
KAB. WAJO,DINAS PERUMAHAN DAN KAWASAN PERMUKIMAN - 1.04.0.00.0.00.01.0000,01KQYF9G97GGSRW973FK1H3SQW,67070092,2026,E-Katalog 6.0,APBD,ANANCI,E-Purchasing,Barang,Belanja Alat/Bahan untuk Kegiatan Kantor-Alat Tulis Kantor pada kegiatan Pembentukan/Pembinaan Kelompok Swadaya Masyarakat di Permukiman Kumuh,ON PROCESS,580300,580300
KAB. WAJO,SEKRETARIAT DAERAH - 4.01.0.00.0.00.01.0000,01KN1A2ZW461GZAFGPHM7KF5NS,64472575,2026,E-Katalog 6.0,APBD,ANDI AKHYAR SULAIMAN,E-Purchasing,Barang,Belanja Alat/Bahan untuk Kegiatan Kantor-Alat Tulis Kantor,ON PROCESS,1997900,1997900
KAB. WAJO,"SATUAN POLISI PAMONG PRAJA, PEMADAM KEBAKARAN DAN PENYELAMATAN - 1.05.0.00.0.00.01.0000",01KJ4WAEGASV6NWK4P4696DVSF,64200491,2026,E-Katalog 6.0,APBD,ANDI MARWANAH,E-Purchasing,Barang,Belanja Makanan dan Minuman Aktivitas Lapangan,ON PROCESS,4357800,4357800
KAB. WAJO,PUSKESMAS PATTIROSOMPE - 1.02.0.00.0.00.01.0007,01KVC57S1MF144T24W32YRVCPC,66714536,2026,E-Katalog 6.0,APBD,ANDI AZIS ASHAR,E-Purchasing,Barang,Belanja Modal Peralatan dan Mesin BLUD,ON PROCESS,478000,478000
KAB. WAJO,"SATUAN POLISI PAMONG PRAJA, PEMADAM KEBAKARAN DAN PENYELAMATAN - 1.05.0.00.0.00.01.0000",01KVC8XHR2VYAXDMQ7K3KSS8WD,64200533,2026,E-Katalog 6.0,APBD,ANDI MARWANAH,E-Purchasing,Barang,Belanja Makanan dan Minuman Rapat,ON PROCESS,941500,941500
KAB. WAJO,PUSKESMAS TAKKALALLA - 1.02.0.00.0.00.01.0011,01KNNT58K4RJ2MSJMNZAVZ64BA,66026020,2026,E-Katalog 6.0,APBD,SITTI AISYAH,E-Purchasing,Barang,Belanja Barang dan Jasa BOK Puskesmas Sub Kegiatan Bimbingan Teknis dan Supervisi Pengembangan dan Pelaksanaan Upaya Kesehatan Bersumber Daya Masyarakat (UKBM),ON PROCESS,225000,225000
KAB. WAJO,"DINAS PEMUDA, OLAHRAGA DAN PARIWISATA - 2.19.3.26.0.00.02.0000",01KQS6DJEFZNPCGPZF08C7CMKK,63977849,2026,E-Katalog 6.0,APBD,ANDI AKHYAR SULAIMAN,E-Purchasing,Barang,Belanja Alat/Bahan untuk Kegiatan Kantor- Bahan Cetak (Belanja Penggandaan) Kegiatan Pelatihan Kewirausahaan,ON PROCESS,303197,303197
KAB. WAJO,"DINAS KOMUNIKASI, INFORMATIKA DAN STATISTIK - 2.16.2.20.2.21.02.0000",01KVFH92ACNQCKD251FM29DZ53,65606990,2026,E-Katalog 6.0,APBD,RAKYAT SULSEL BIRO WAJO,E-Purchasing,Barang,Belanja Kawat/Faksimili/Internet/TV Berlangganan - Relasi Media ,ON PROCESS,11250000,11250000
KAB. WAJO,SEKRETARIAT DEWAN PERWAKILAN RAKYAT DAERAH - 4.02.0.00.0.00.01.0000,01KVFEP5GTCJQFA4XEZQJ4YB6C,63931075,2026,E-Katalog 6.0,APBD,MUSTAFA HI. BANDUNG,E-Purchasing,Barang,Belanja Makanan dan Minuman Rapat Pengawasan Bidang Pemerintahhan dan Hukum,ON PROCESS,1610000,1610000
KAB. WAJO,DINAS KEPENDUDUKAN DAN PENCATATAN SIPIL - 2.12.0.00.0.00.01.0000,01KP5MTG5CFPESY5FQRW84ZKA8,66537428,2026,E-Katalog 6.0,APBD,MEGAWATI,E-Purchasing,Barang,Belanja Makanan dan Minuman Rapat,ON PROCESS,1652000,1652000
KAB. WAJO,BADAN PENGELOLAAN KEUANGAN DAN PENDAPATAN DAERAH - 5.02.0.00.0.00.01.0000,01KQ9W93AEY8WASEGQV0V7G04K,63996124,2026,E-Katalog 6.0,APBD,LISDAFIK,E-Purchasing,Barang,Belanja Alat/Bahan untuk Kegiatan Kantor-Alat Tulis Kantor,ON PROCESS,14317500,14317500
KAB. WAJO,"BADAN PERENCANAAN PEMBANGUNAN, RISET DAN INOVASI DAERAH - 5.01.5.05.0.00.01.0000",01KMVXN4E2AFW7V4M3V0W3A96G,65633280,2026,E-Katalog 6.0,APBD,ANDI ERNA,E-Purchasing,Barang,Belanja Makanan dan Minuman Rapat,ON PROCESS,66600,66600
KAB. WAJO,PUSKESMAS TEMPE - 1.02.0.00.0.00.01.0006,01KNNF2YVNRA9RK0RJZQ0XX4D9,65899120,2026,E-Katalog 6.0,APBD,ARSYAD M,E-Purchasing,Barang,Belanja Barang dan Jasa BLUD,ON PROCESS,1200000,1200000
KAB. WAJO,SEKRETARIAT DEWAN PERWAKILAN RAKYAT DAERAH - 4.02.0.00.0.00.01.0000,01KFWPQ4TM7K045MBXRT1AF3KX,63931773,2026,E-Katalog 6.0,APBD,SURIANI,E-Purchasing,Barang,Belanja Makanan dan Minuman Rapat Pelaksanaan Reses,ON PROCESS,6900000,6900000
KAB. WAJO,RSUD LAMADDUKELLENG - 1.02.0.00.0.00.01.0001,01KT63BSS2HJEQGT0KF5TGK9HK,65300982,2026,E-Katalog 6.0,BLUD,GLOBAL DISPOMEDIKA,E-Purchasing,Barang,Belanja Barang dan Jasa BLUD,ON PROCESS,52913700,52913700
KAB. WAJO,SEKRETARIAT DEWAN PERWAKILAN RAKYAT DAERAH - 4.02.0.00.0.00.01.0000,01KVAET0YXT0079REHAYZWSJ6E,63929616,2026,E-Katalog 6.0,APBD,SYAMSU ALAM,E-Purchasing,Barang,"Belanja Alat/Bahan untuk Kegiatan Kantor-Alat Tulis Kantor sub Kegiatan Monitoing, Evaluasi dan Kinerja Pegawai",ON PROCESS,516000,516000
KAB. WAJO,DINAS LINGKUNGAN HIDUP - 2.11.0.00.0.00.01.0000,01KPWEM1ZS9Z36NY98PY10669A,64510990,2026,E-Katalog 6.0,APBD,ANANCI,E-Purchasing,Barang,Belanja Alat Tulis Kantor,ON PROCESS,1886586,1886586
KAB. WAJO,"SATUAN POLISI PAMONG PRAJA, PEMADAM KEBAKARAN DAN PENYELAMATAN - 1.05.0.00.0.00.01.0000",01KJ4WEW8KDPPXN4WJE6W7MKCS,64200491,2026,E-Katalog 6.0,APBD,FAJRIN,E-Purchasing,Barang,Belanja Makanan dan Minuman Aktivitas Lapangan,ON PROCESS,4438500,4438500
KAB. WAJO,SEKRETARIAT DEWAN PERWAKILAN RAKYAT DAERAH - 4.02.0.00.0.00.01.0000,01KFQC9QNEN1BD5G7H6DAZ2DFW,63931767,2026,E-Katalog 6.0,APBD,MULTI SARANA SOLUTION,E-Purchasing,Barang,Belanja Sewa Alat Bantu Lainnya Pelaksanaan Reses,ON PROCESS,750000,750000
KAB. WAJO,DINAS KEPENDUDUKAN DAN PENCATATAN SIPIL - 2.12.0.00.0.00.01.0000,01KSE6A2886JJBXAGTN8SWVF10,66537009,2026,E-Katalog 6.0,APBD,ANDI AKHYAR SULAIMAN,E-Purchasing,Barang,Belanja Alat/Bahan untuk Kegiatan Kantor- Bahan Cetak,ON PROCESS,1500000,1500000
KAB. WAJO,PUSKESMAS BELAWA - 1.02.0.00.0.00.01.0025,01KP4VA82CXP177MN1XF99W44H,66598483,2026,E-Katalog 6.0,APBD,BINTANG LIMA MEDIKA,E-Purchasing,Barang,Belanja Barang dan Jasa BLUD,ON PROCESS,23109090,23109090
KAB. WAJO,SEKRETARIAT DEWAN PERWAKILAN RAKYAT DAERAH - 4.02.0.00.0.00.01.0000,01KHTB0GG3KDB5W4Z3TXPS6DKK,63930161,2026,E-Katalog 6.0,APBD,BUNGARATU MEGATAMA,E-Purchasing,Barang,Belanja Alat/Bahan untuk Kegiatan Kantor- Suvenir/Cendera Mata,ON PROCESS,1054500,1054500
KAB. WAJO,RSUD LAMADDUKELLENG - 1.02.0.00.0.00.01.0001,01KJYQ55SYGS6PW8ZCV2Q0HGJ0,65300982,2026,E-Katalog 6.0,BLUD,JAYAMAS MEDICA INDUSTRI,E-Purchasing,Barang,Belanja Barang dan Jasa BLUD,ON PROCESS,1021200,1021200
KAB. WAJO,"SATUAN POLISI PAMONG PRAJA, PEMADAM KEBAKARAN DAN PENYELAMATAN - 1.05.0.00.0.00.01.0000",01KJS2QPVF29T6JJ60Z6WTGSQC,64064061,2026,E-Katalog 6.0,APBD,DARNAWATI,E-Purchasing,Barang,Belanja Makanan dan Minuman Aktivitas Lapangan,ON PROCESS,1667800,1667800
KAB. WAJO,KECAMATAN PAMMANA - 7.01.0.00.0.00.07.0000,01KPMXZJPPDT47RJYRRWNXPMCD,65756173,2026,E-Katalog 6.0,APBD,RISMA,E-Purchasing,Barang,Belanja Alat/Bahan untuk Kegiatan Kantor - Alat Tulis Kantor,ON PROCESS,1860000,1860000
KAB. WAJO,"DINAS PEMUDA, OLAHRAGA DAN PARIWISATA - 2.19.3.26.0.00.02.0000",01KQ9RBHRXBNJT5JJST6M8ZZDP,63936813,2026,E-Katalog 6.0,APBD,ANANCI,E-Purchasing,Barang,Belanja Alat/Bahan untuk Kegiatan Kantor-Alat Tulis Kantor (Dokumen Perjanjian Kinerja),ON PROCESS,1323993,1323993
KAB. WAJO,DINAS PEMBERDAYAAN MASYARAKAT DAN DESA - 2.13.0.00.0.00.01.0000,01KPQNCGYS7G73GCC007HCHEDY,65633937,2026,E-Katalog 6.0,APBD,ANDI ERNA,E-Purchasing,Barang,Belanja Makanan dan Minuman Rapat,ON PROCESS,747500,747500
KAB. WAJO,"SATUAN POLISI PAMONG PRAJA, PEMADAM KEBAKARAN DAN PENYELAMATAN - 1.05.0.00.0.00.01.0000",01KQSGEWVBMV6V0WXZGA838D96,66916167,2026,E-Katalog 6.0,APBD,JUMAYA,E-Purchasing,Barang,Belanja Makanan dan Minuman Aktivitas Lapangan,ON PROCESS,5837300,5837300
KAB. WAJO,"SATUAN POLISI PAMONG PRAJA, PEMADAM KEBAKARAN DAN PENYELAMATAN - 1.05.0.00.0.00.01.0000",01KJ4GVBBMS6213DF6FMSAQZZP,64219427,2026,E-Katalog 6.0,APBD,ANDI MAKKULAWU,E-Purchasing,Barang,Belanja Alat/Bahan untuk Kegiatan Kantor-Alat Tulis Kantor,ON PROCESS,3190140,3190140
KAB. WAJO,"DINAS KOMUNIKASI, INFORMATIKA DAN STATISTIK - 2.16.2.20.2.21.02.0000",01KVWC7JKX3QYBD4M289SNY5RS,65606989,2026,E-Katalog 6.0,APBD,BOSOWA MEDIA GRAFIKA,E-Purchasing,Barang,Belanja Langganan Jurnal/Surat Kabar/Majalah - Relasi Media ,ON PROCESS,20229750,20229750
KAB. WAJO,RSUD SIWA - 1.02.0.00.0.00.01.0002,01KVSF2RTAW3DE0DTTFPDVXARE,66883851,2026,E-Katalog 6.0,BLUD,MEDEQ MANDIRI UTAMA,E-Purchasing,Barang,Belanja Barang dan Jasa BLUD,ON PROCESS,2102784,2102784
KAB. WAJO,PUSKESMAS SOLO - 1.02.0.00.0.00.01.0010,01KMPMCPV054B6N5ZV5S2HP22P,66023206,2026,E-Katalog 6.0,APBD,NURFAIDAH,E-Purchasing,Barang,Belanja barang dan jasa BOK puskesmas pada sub kegiatan Pengelolaan Pelayanan Kesehatan Ibu Hamil,ON PROCESS,225000,225000
KAB. WAJO,RSUD LAMADDUKELLENG - 1.02.0.00.0.00.01.0001,01KH1JF3GQYGQ2YTQWXZK47MAF,65300982,2026,E-Katalog 6.0,BLUD,TRISA LIKUID FARMA,E-Purchasing,Barang,Belanja Barang dan Jasa BLUD,ON PROCESS,32215419,32215419
KAB. WAJO,DINAS PENDIDIKAN DAN KEBUDAYAAN - 1.01.2.22.0.00.02.0000,01KRDM4RY2R4W5T8FK8YHM9GGX,63029967,2026,E-Katalog 6.0,APBD,MUH IQBAL MASTAL,E-Purchasing,Barang,Belanja Makanan dan Minuman Rapat,ON PROCESS,11964000,11964000
KAB. WAJO,SEKRETARIAT DAERAH - 4.01.0.00.0.00.01.0000,01KH9Z3RA2KHSNSP8DJ8EEE1WV,63636744,2026,E-Katalog 6.0,APBD,KARTINI TAHIR,E-Purchasing,Barang,Belanja Natura dan Pakan-Natura,ON PROCESS,3880000,3880000
KAB. WAJO,SEKRETARIAT DAERAH - 4.01.0.00.0.00.01.0000,01KRD52WT6JDXF4CA1X7X7H2SF,66853007,2026,E-Katalog 6.0,APBD,ANDI ERNA,E-Purchasing,Barang,Belanja Makanan dan Minuman Rapat,ON PROCESS,537000,537000
KAB. WAJO,RSUD LAMADDUKELLENG - 1.02.0.00.0.00.01.0001,01KH2QD97YBZ6VX5FDA0NQDR04,65300982,2026,E-Katalog 6.0,BLUD,TRISA LIKUID FARMA,E-Purchasing,Barang,Belanja Barang dan Jasa BLUD,ON PROCESS,2713395,2713395
KAB. WAJO,RSUD SIWA - 1.02.0.00.0.00.01.0002,01KRZNJJ31GQ05RP0PBFM0B7FM,66883851,2026,E-Katalog 6.0,BLUD,TRISA LIKUID FARMA,E-Purchasing,Barang,Belanja Barang dan Jasa BLUD,ON PROCESS,5610884,5610884
KAB. WAJO,DINAS KESEHATAN - 1.02.0.00.0.00.01.0000,01KQZN92T1M2DFRK8D9ZBSN2ZK,66827324,2026,E-Katalog 6.0,APBD,ELANG KARYA SEJAHTERA,E-Purchasing,Barang,"Belanja Suku Cadang-Suku Cadang Alat Kedokteran pada sub kegiatan Pengadaan Obat, Bahan Habis Pakai, Bahan Medis Habis Pakai,, Vaksin, Makanan dan Minuman di Fasilitas Kesehatan",ON PROCESS,29403900,29403900
KAB. WAJO,SEKRETARIAT DAERAH - 4.01.0.00.0.00.01.0000,01KQ9VZJ2WA1GM68GN5WZ5MF7K,63637426,2026,E-Katalog 6.0,APBD,MITRA SERMANI HOTEL,E-Purchasing,Barang,Belanja Sewa Hotel,ON PROCESS,1800000,1800000
KAB. WAJO,PUSKESMAS TEMPE - 1.02.0.00.0.00.01.0006,01KPD7YVGG5S38NQSB65KQCTJX,66750958,2026,E-Katalog 6.0,APBD,MUHAMMAD ZULKARNAIN,E-Purchasing,Barang,Belanja Barang dan Jasa BOK Puskesmas pada Sub Kegiatan Pengelolaan Pelayanan Kesehatan Ibu Hamil,ON PROCESS,322200,322200
KAB. WAJO,"SATUAN POLISI PAMONG PRAJA, PEMADAM KEBAKARAN DAN PENYELAMATAN - 1.05.0.00.0.00.01.0000",01KH2EB9K3Q9HM32DABMNMJDCG,64064061,2026,E-Katalog 6.0,APBD,DARNAWATI,E-Purchasing,Barang,Belanja Makanan dan Minuman Aktivitas Lapangan,ON PROCESS,430400,430400
KAB. WAJO,RSUD LAMADDUKELLENG - 1.02.0.00.0.00.01.0001,01KH0AX4RXKGCXDD4K7A9SMM7F,65300982,2026,E-Katalog 6.0,BLUD,HARUM DEWA PERSADA INDONESIA,E-Purchasing,Barang,Belanja Barang dan Jasa BLUD,ON PROCESS,28657425,0
KAB. WAJO,KECAMATAN SABBANGPARU - 7.01.0.00.0.00.10.0000,01KS16YW5QXP0V3F6TJRYJ0Y09,65631157,2026,E-Katalog 6.0,APBD,ANDI AKHYAR SULAIMAN,E-Purchasing,Barang,"Belanja Alat/Bahan untuk Kegiatan Kantor-Alat Tulis Kantor Kegiatan Perencanaan, Penganggaran, dan Evaluasi Kinerja Perangkat Daerah",ON PROCESS,963000,963000
KAB. WAJO,"DINAS PEKERJAAN UMUM, PENATAAN RUANG DAN PERTANAHAN - 1.03.2.10.0.00.01.0000",01KVC793NX2H10TCX0R6YJCNVR,66615365,2026,E-Katalog 6.0,APBD,ANDI AKHYAR SULAIMAN,E-Purchasing,Barang,Belanja Alat/Bahan untuk Kegiatan Kantor-Alat Tulis Kantor,ON PROCESS,5485008,5485008
KAB. WAJO,RSUD SIWA - 1.02.0.00.0.00.01.0002,01KVFBBE153TTTRV990475SBDX,66883851,2026,E-Katalog 6.0,BLUD,BINTANG SHAFWAN,E-Purchasing,Barang,Belanja Barang dan Jasa BLUD,ON PROCESS,4068674,0
KAB. WAJO,DINAS KEPENDUDUKAN DAN PENCATATAN SIPIL - 2.12.0.00.0.00.01.0000,01KV5A4GQC4VWBHXJC1YW2PHRJ,66535405,2026,E-Katalog 6.0,APBD,ANDI ERNA,E-Purchasing,Barang,Belanja Makanan dan Minuman Rapat,ON PROCESS,8464000,8464000
KAB. WAJO,BADAN PENANGGGULANGAN BENCANA DAERAH - 1.05.0.00.0.00.04.0000,01KR0KZ34GGD7JFVF7RJKKC3T3,66843259,2026,E-Katalog 6.0,APBD,ANDI NIRWANA,E-Purchasing,Barang,Belanja Makanan dan Minuman Rapat,ON PROCESS,1852100,1852100
KAB. WAJO,"BADAN PERENCANAAN PEMBANGUNAN, RISET DAN INOVASI DAERAH - 5.01.5.05.0.00.01.0000",01KJSCTEN9YNY58SH86JZD26XV,65282471,2026,E-Katalog 6.0,APBD,AQILAHDAFFA,E-Purchasing,Barang,Belanja Alat/Bahan untuk Kegiatan Kantor-Perabot Kantor,ON PROCESS,5683700,5683700
KAB. WAJO,"SATUAN POLISI PAMONG PRAJA, PEMADAM KEBAKARAN DAN PENYELAMATAN - 1.05.0.00.0.00.01.0000",01KGHV25ZK2QP5E35WQHQB23C2,64200879,2026,E-Katalog 6.0,APBD,IVA YULIANTI,E-Purchasing,Barang,Belanja Makanan dan Minuman Aktivitas Lapangan,ON PROCESS,1500000,1500000
KAB. WAJO,PUSKESMAS PENRANG - 1.02.0.00.0.00.01.0014,01KQYJWQZQ5QHT1QDWP69ECM6M,66069389,2026,E-Katalog 6.0,APBD,FAIZAL,E-Purchasing,Barang,Belanja Barang dan Jasa BLUD,ON PROCESS,4899354,4899354
KAB. WAJO,PUSKESMAS SABBANGPARU - 1.02.0.00.0.00.01.0003,01KT35T5CFVHGHN2YKGBV4GHJF,66481720,2026,E-Katalog 6.0,APBD,ASTI WAHYUNI,E-Purchasing,Barang,Belanja Barang dan Jasa BLUD,ON PROCESS,2868000,2868000
KAB. WAJO,"DINAS PERINDUSTRIAN, PERDAGANGAN, KOPERASI, USAHA KECIL DAN MENENGAH - 2.17.3.30.3.31.01.0000",01KTNDDFHMS9PGA5QEJYWQGRWF,65731075,2026,E-Katalog 6.0,APBD,AMRAN SURYADI,E-Purchasing,Barang,Belanja Alat/Bahan untuk Kegiatan Kantor- Bahan Cetak Pada Sub Kegiatan Penyediaan Barang Cetakan dan Penggandaan,ON PROCESS,2396823,2396823
KAB. WAJO,RSUD LAMADDUKELLENG - 1.02.0.00.0.00.01.0001,01KKK0PM5E9YH18D9JGYBB6NZE,65300982,2026,E-Katalog 6.0,BLUD,DARYA-VARIA LABORATORIA,E-Purchasing,Barang,Belanja Barang dan Jasa BLUD,ON PROCESS,37781514,37781514
KAB. WAJO,BADAN KESATUAN BANGSA DAN POLITIK - 8.01.0.00.0.00.01.0000,01KJEX3NCKH88P232YND2BV6HN,63062318,2026,E-Katalog 6.0,APBD,ANDI ERNA,E-Purchasing,Barang,Belanja Makanan dan Minuman Aktivitas Lapangan,ON PROCESS,29988700,29988700
KAB. WAJO,"SATUAN POLISI PAMONG PRAJA, PEMADAM KEBAKARAN DAN PENYELAMATAN - 1.05.0.00.0.00.01.0000",01KQSHRMZ6PTQE3WEM4TP4TEJW,66916167,2026,E-Katalog 6.0,APBD,ANDI MARWANAH,E-Purchasing,Barang,Belanja Makanan dan Minuman Aktivitas Lapangan,ON PROCESS,5111000,5111000
KAB. WAJO,SEKRETARIAT DAERAH - 4.01.0.00.0.00.01.0000,01KSHMKNTABTGZ07G5SG06GFBB,65287973,2026,E-Katalog 6.0,APBD,FITRIANI,E-Purchasing,Barang,Belanja Makanan dan Minuman Jamuan Tamu,ON PROCESS,953978,953978
KAB. WAJO,"BADAN PERENCANAAN PEMBANGUNAN, RISET DAN INOVASI DAERAH - 5.01.5.05.0.00.01.0000",01KJY0SKY0KJ5X4NRPKANDQYRH,65657801,2026,E-Katalog 6.0,APBD,ANDI AKHYAR SULAIMAN,E-Purchasing,Barang,Belanja Alat/Bahan untuk Kegiatan Kantor-Alat Tulis Kantor,ON PROCESS,979001,979001
KAB. WAJO,SEKRETARIAT DEWAN PERWAKILAN RAKYAT DAERAH - 4.02.0.00.0.00.01.0000,01KN3VQZJ8JHXJJY4KXKYS8YQA,63930160,2026,E-Katalog 6.0,APBD,AMRAN SURYADI,E-Purchasing,Barang,Belanja Alat/Bahan untuk Kegiatan Kantor- Bahan Cetak,ON PROCESS,586080,586080
KAB. WAJO,PUSKESMAS TANASITOLO - 1.02.0.00.0.00.01.0017,01KTXG4JR63DW53HYF3QNF12KD,66682556,2026,E-Katalog 6.0,APBD,MUHAMMAD ZULKARNAIN,E-Purchasing,Barang,Belanja Barang dan Jasa  BOK Puskesmas Pada Sub Kegiatan Pengelolaan Pelayanan Kesehatan Ibu Hamil,ON PROCESS,300000,300000
KAB. WAJO,BADAN PENGELOLAAN KEUANGAN DAN PENDAPATAN DAERAH - 5.02.0.00.0.00.01.0000,01KMM8GQ3ZQH92M5QHMZSZS8AN,63463228,2026,E-Katalog 6.0,APBD,ASTI WAHYUNI,E-Purchasing,Barang,Belanja Makanan dan Minuman Rapat,ON PROCESS,385000,385000
KAB. WAJO,"DINAS PEMUDA, OLAHRAGA DAN PARIWISATA - 2.19.3.26.0.00.02.0000",01KQVN7M0YD04P1KNS0HKT0TYY,63977851,2026,E-Katalog 6.0,APBD,ANDI AKHYAR SULAIMAN,E-Purchasing,Barang,Belanja Alat/Bahan untuk Kegiatan Kantor- Suvenir/Cendera Mata Kegiatan Pelatihan Kewirausahaan,ON PROCESS,5525000,5525000
KAB. WAJO,SEKRETARIAT DAERAH - 4.01.0.00.0.00.01.0000,01KQEHS9NHB15S4Y6BSSZ24YSX,67018999,2026,E-Katalog 6.0,APBD,SAHAJA ATMA ADIPATI,E-Purchasing,Jasa Lainnya,Belanja Jasa Tenaga Kebersihan,ON PROCESS,75460000,75460000
KAB. WAJO,KELURAHAN CINA - 7.01.0.00.0.00.07.0001,01KSCE4FHNWHS6MME5NCA30BJ0,67184443,2026,E-Katalog 6.0,APBD,RISMA,E-Purchasing,Barang,Belanja Alat/Bahan untuk Kegiatan Kantor-Alat Tulis Kantor,ON PROCESS,999000,999000
KAB. WAJO,BADAN PENGELOLAAN KEUANGAN DAN PENDAPATAN DAERAH - 5.02.0.00.0.00.01.0000,01KRA3P5X63NYRV2Z2535242JW,63464855,2026,E-Katalog 6.0,APBD,ASTI WAHYUNI,E-Purchasing,Barang,Belanja Makanan dan Minuman Rapat,ON PROCESS,634800,634800
KAB. WAJO,SEKRETARIAT DEWAN PERWAKILAN RAKYAT DAERAH - 4.02.0.00.0.00.01.0000,01KQSD6XSB1B902819D2M0ECQT,63930999,2026,E-Katalog 6.0,APBD,MUSTAFA HI. BANDUNG,E-Purchasing,Barang,Belanja Makanan dan Minuman Rapat sub Kegiatan Pengawasan Urusan Pemerintahan Bidang Perekonomian,ON PROCESS,238500,238500
KAB. WAJO,DINAS TENAGA KERJA DAN TRANSMIGRASI - 2.07.3.32.0.00.02.0000,01KP5HRHM4AWZJMBDFY71A56V7,66842237,2026,E-Katalog 6.0,APBD,AQILAHDAFFA,E-Purchasing,Barang,Belanja Alat/Bahan untuk Kegiatan Kantor-Alat Tulis Kantor,ON PROCESS,1138620,1138620
KAB. WAJO,"SATUAN POLISI PAMONG PRAJA, PEMADAM KEBAKARAN DAN PENYELAMATAN - 1.05.0.00.0.00.01.0000",01KN6JXJEK98XNRR6YJBSWDR4T,64064216,2026,E-Katalog 6.0,APBD,DARNAWATI,E-Purchasing,Barang,Belanja Makanan dan Minuman Rapat,ON PROCESS,299000,299000
KAB. WAJO,SEKRETARIAT DEWAN PERWAKILAN RAKYAT DAERAH - 4.02.0.00.0.00.01.0000,10876343000,67156285,2026,Non Tender,APBD,CV. Tiga Tiga Tujuh Consultant,Pengadaan Langsung,Jasa Konsultansi Badan Usaha Konstruksi,Perencanaan Pemeliharaan/Rehabilitasi Gedung Kantor dan Bangunan Lainnya,SELESAI,2380000,2380000
KAB. WAJO,PUSKESMAS LIU - 1.02.0.00.0.00.01.0005,01KRGB62KKKN6BR9R6Z0MQ2K0C,66776960,2026,E-Katalog 6.0,APBD,GUNAWAN TJANDRA,E-Purchasing,Barang,Belanja Modal Peralatan dan Mesin BLUD,ON PROCESS,7200001,7200001
KAB. WAJO,PUSKESMAS PENRANG - 1.02.0.00.0.00.01.0014,01KWTSK9G2Z0YMXD5QTMYZ63TJ,66076986,2026,E-Katalog 6.0,APBD,ANDI JUNENNI,E-Purchasing,Barang,Belanja barang dan jasa BOK puskesmas pada sub kegiatan Pengelolaan Pelayanan Kesehatan Ibu Hamil,ON PROCESS,304300,304300
KAB. WAJO,KECAMATAN GILIRENG - 7.01.0.00.0.00.03.0000,01KR4XN57GSAZK18EY8WRSX3SH,67102967,2026,E-Katalog 6.0,APBD,JUMRITA,E-Purchasing,Barang,Belanja Makan dan Minuman Rapat,ON PROCESS,1400000,1400000
KAB. WAJO,RSUD LAMADDUKELLENG - 1.02.0.00.0.00.01.0001,01KW8PSHSZFP1MZQ69E2ZST8EQ,65300982,2026,E-Katalog 6.0,BLUD,MAHAKAM BETA FARMA,E-Purchasing,Barang,Belanja Barang dan Jasa BLUD,ON PROCESS,17700060,17700060
KAB. WAJO,PUSKESMAS SAJOANGING - 1.02.0.00.0.00.01.0012,01KPYJAWA6RVDTS8NJM5B4XP44,66620220,2026,E-Katalog 6.0,APBD,SALWA NABILAH IDRIS,E-Purchasing,Barang,Belanja Barang dan jasa BOK Puskesmas pada sub kegiatan Pengelolaan Pelayanan Kesehatan Ibu Hamil,ON PROCESS,322200,322200
KAB. WAJO,"SATUAN POLISI PAMONG PRAJA, PEMADAM KEBAKARAN DAN PENYELAMATAN - 1.05.0.00.0.00.01.0000",01KPQJYNWKNG87BDYB5XXZDA0H,64200561,2026,E-Katalog 6.0,APBD,ANDI MAKKULAWU,E-Purchasing,Barang,Belanja Alat/Bahan untuk Kegiatan Kantor-Alat Tulis Kantor,ON PROCESS,764790,764790
KAB. WAJO,RSUD SIWA - 1.02.0.00.0.00.01.0002,01KRWHZFGMVVWC6CZMA5B6ED8R,66883851,2026,E-Katalog 6.0,BLUD,ANUGRAH SALMAN MEDIKA,E-Purchasing,Barang,Belanja Barang dan Jasa BLUD,ON PROCESS,1865999,1865999
KAB. WAJO,"DINAS KOMUNIKASI, INFORMATIKA DAN STATISTIK - 2.16.2.20.2.21.02.0000",01KQGCN3GGK08QZ6RA5W3RRTXB,65718399,2026,E-Katalog 6.0,APBD,TOMMYDARMAWANSYAH,E-Purchasing,Jasa Lainnya,Belanja Jasa Tenaga Ahli - Penyusunan Konten,ON PROCESS,4000000,4000000
KAB. WAJO,SEKRETARIAT DEWAN PERWAKILAN RAKYAT DAERAH - 4.02.0.00.0.00.01.0000,01KFN0TRRXN8T2V0P2SRF4NSAF,63931767,2026,E-Katalog 6.0,APBD,MUDAMA,E-Purchasing,Barang,Belanja Sewa Alat Bantu Lainnya Pelaksanaan Reses,ON PROCESS,749250,749250
KAB. WAJO,SEKRETARIAT DAERAH - 4.01.0.00.0.00.01.0000,01KSHME0EW00XTTD4KMF7NCWAS,65287977,2026,E-Katalog 6.0,APBD,MEDIA SIPADUPA PROMOSINDO,E-Purchasing,Barang,Belanja Sewa Alat Kantor Lainnya,ON PROCESS,8250000,8250000
KAB. WAJO,BAGIAN UMUM - 4.01.2.23.2.24.01.0007,01KQEPK603D0SJKFGX5B1DKX8A,67018959,2026,E-Katalog 6.0,APBD,SAHAJA ATMA ADIPATI,E-Purchasing,Jasa Lainnya,Belanja Jasa Tenaga Kebersihan,ON PROCESS,274160000,274160000
KAB. WAJO,"SATUAN POLISI PAMONG PRAJA, PEMADAM KEBAKARAN DAN PENYELAMATAN - 1.05.0.00.0.00.01.0000",01KVPJHGFR3R7YJC4T53YWK34T,64064654,2026,E-Katalog 6.0,APBD,ANDI FADLI,E-Purchasing,Barang,Belanja Pemeliharaan Alat Angkutan-Alat Angkutan Darat Bermotor-Kendaraan Bermotor Khusus,ON PROCESS,11021190,11021190
KAB. WAJO,KECAMATAN KEERA - 7.01.0.00.0.00.04.0000,01KPA9H17A7W25JR2H77S6XKEQ,65606866,2026,E-Katalog 6.0,APBD,DARNAWATI BAHAR,E-Purchasing,Barang,Koordinasi dan Penyusunan Laporan Keuangan Bulanan/ Triwulanan/ Semesteran SKPD,ON PROCESS,1000000,1000000
KAB. WAJO,"DINAS PEMUDA, OLAHRAGA DAN PARIWISATA - 2.19.3.26.0.00.02.0000",01KVQ8WSNWDSAJ29JWQ594736V,63977853,2026,E-Katalog 6.0,APBD,A. MUH. RIZAL,E-Purchasing,Barang,Belanja Makanan dan Minuman Aktivitas Lapangan Kegiatan Pelatihan Kewirausahaan,ON PROCESS,5060000,5060000
KAB. WAJO,PUSKESMAS WEWANGREWU - 1.02.0.00.0.00.01.0018,01KPQ32G3S17VE5WGQZFVSP86F,66766397,2026,E-Katalog 6.0,APBD,ANDI JUNENNI,E-Purchasing,Barang,Belanja Barang dan Jasa BOK Puskesmas pada sub kegiatan Pengelolaan Pelayanan Kesehatan Gizi Masyarakat,ON PROCESS,717000,717000
KAB. WAJO,RSUD SIWA - 1.02.0.00.0.00.01.0002,01KTMY7GFMW9ZT72JAR36WSP4C,66883851,2026,E-Katalog 6.0,BLUD,PALAKKA JAYA ABADI,E-Purchasing,Barang,Belanja Barang dan Jasa BLUD,ON PROCESS,1098900,1098900
KAB. WAJO,DINAS LINGKUNGAN HIDUP - 2.11.0.00.0.00.01.0000,01KNKA4GQDZYTZF2VT1RTNP186,64576648,2026,E-Katalog 6.0,APBD,A. MUH. ABRAR,E-Purchasing,Barang,Belanja Benda Pos,ON PROCESS,1080000,1080000
KAB. WAJO,SEKRETARIAT DEWAN PERWAKILAN RAKYAT DAERAH - 4.02.0.00.0.00.01.0000,01KG1V7TF1CR2EM62SMFY3NE69,63928679,2026,E-Katalog 6.0,APBD,ANDI RISNAPATI,E-Purchasing,Barang,Belanja Natura dan Pakan-Natura Penyediaan Kebutuhan Rumah Tangga,ON PROCESS,8794550,8794550
KAB. WAJO,PUSKESMAS TAKKALALLA - 1.02.0.00.0.00.01.0011,01KQ6QYG0E9G6J22ZYWWF306W9,66025540,2026,E-Katalog 6.0,APBD,SITTI AISYAH,E-Purchasing,Barang,Belanja Barang dan Jasa BOK Puskesmas Sub Kegiatan Pengelolaan Pelayanan Kesehatan Ibu Hamil,ON PROCESS,180000,180000
KAB. WAJO,DINAS KESEHATAN - 1.02.0.00.0.00.01.0000,01KVA6BWZFVAFXTSXCAWAJNXS8,66768621,2026,E-Katalog 6.0,APBD,ARSYAD M,E-Purchasing,Barang,Belanja Alat/Bahan untuk Kegiatan Kantor-Alat Tulis Kantor pada sub kegiatan Penyediaan Jasa Surat Menyurat,ON PROCESS,10417956,10417956
KAB. WAJO,"DINAS PERINDUSTRIAN, PERDAGANGAN, KOPERASI, USAHA KECIL DAN MENENGAH - 2.17.3.30.3.31.01.0000",01KTNGDH0DJE9472B0KZHC049C,65732210,2026,E-Katalog 6.0,APBD,"ANDI DILAYANTI, S.E.",E-Purchasing,Barang,Belanja Alat/Bahan untuk Kegiatan Kantor-Alat Tulis Kantor Pada Sub Kegiatan Penyediaan Jasa Surat Menyurat,ON PROCESS,6004989,6004989
KAB. WAJO,RSUD LAMADDUKELLENG - 1.02.0.00.0.00.01.0001,01KH39X8TW3M55T6H5VRN476ZN,65300982,2026,E-Katalog 6.0,BLUD,ANDI WAHYUDI WIJAYANTO,E-Purchasing,Barang,Belanja Barang dan Jasa BLUD,ON PROCESS,13764000,13764000
KAB. WAJO,SEKRETARIAT DEWAN PERWAKILAN RAKYAT DAERAH - 4.02.0.00.0.00.01.0000,01KQ9VWTTZGXADWWW9ZXMPZHS7,63930331,2026,E-Katalog 6.0,APBD,ANDI AKHYAR SULAIMAN,E-Purchasing,Barang,Belanja Alat/Bahan untuk Kegiatan Kantor-Alat Tulis Kantor sub Kegiatan Koordinasi dan Penyusunan Laporan Capaian Kinerja dan Ikhtisar Realisasi Kinerja SKPD,ON PROCESS,449000,449000
KAB. WAJO,DINAS PENDIDIKAN DAN KEBUDAYAAN - 1.01.2.22.0.00.02.0000,01KQ9Z3R9802D77AZJQBB2D1GF,63028095,2026,E-Katalog 6.0,APBD,MUDAMA,E-Purchasing,Jasa Konsultansi,Belanja Sewa Peralatan Umum,ON PROCESS,1200000,1200000
KAB. WAJO,INSPEKTORAT DAERAH - 6.01.0.00.0.00.01.0000,01KWDJ6R3G1EXXTEV44WFC551Z,67008087,2026,E-Katalog 6.0,APBD,ANDI AKHYAR SULAIMAN,E-Purchasing,Barang,Belanja Alat/Bahan untuk Kegiatan Kantor-Alat Tulis Kantor,ON PROCESS,12462375,12462375
KAB. WAJO,PUSKESMAS SALEWANGENG - 1.02.0.00.0.00.01.0008,01KV9JY3CZ74WEB5C0B7JJRAS5,66766659,2026,E-Katalog 6.0,APBD,AQILAHDAFFA,E-Purchasing,Barang,Belanaj Barang dan Jasa BOK puskesmas PADA SUB KEGIATAN Bimbingan Teknis dan Supervisi Pengembangan dan Pelaksanaan Upaya Kesehatan Bersumber Daya Masyarakat (UKBM),ON PROCESS,179000,179000
KAB. WAJO,DINAS LINGKUNGAN HIDUP - 2.11.0.00.0.00.01.0000,01KP7R0RPACAG9C7Y1D0B4RYX3,66649352,2026,E-Katalog 6.0,APBD,MARIO CEMERLANG PERKASA,E-Purchasing,Jasa Lainnya,Belanja pemeliharaan alat berat darat,ON PROCESS,149850000,149850000
KAB. WAJO,SEKRETARIAT DEWAN PERWAKILAN RAKYAT DAERAH - 4.02.0.00.0.00.01.0000,01KRZEW9XR0SWZNWPB383K24DX,63930790,2026,E-Katalog 6.0,APBD,ANDI AKHYAR SULAIMAN,E-Purchasing,Barang,Belanja Alat/Bahan untuk Kegiatan Kantor- Bahan Cetak_Pembahasan_LKPJ,ON PROCESS,125000,125000
KAB. WAJO,PUSKESMAS MAJAULENG - 1.02.0.00.0.00.01.0015,01KT3D2SN784ME1MZGV4J4CVWH,66223778,2026,E-Katalog 6.0,APBD,REZKY JAYA ABADI,E-Purchasing,Barang,Belanja Barang dan Jasa BLUD,ON PROCESS,2541500,2541500
KAB. WAJO,PUSKESMAS PARIGI - 1.02.0.00.0.00.01.0023,01KVWETF5XP1JK9VMBE60T1ACA,66570663,2026,E-Katalog 6.0,APBD,NURHAENI,E-Purchasing,Barang,Kue / Snack,ON PROCESS,161100,161100
KAB. WAJO,PUSKESMAS TANASITOLO - 1.02.0.00.0.00.01.0017,01KVWAKSBTS3BT1EV26YJWY714,66682569,2026,E-Katalog 6.0,APBD,MUHAMMAD ZULKARNAIN,E-Purchasing,Barang,Belanja Barang dan Jasa  BOK Puskesmas Pada Sub Kegiatan Pengelolaan Pelayanan Kesehatan Gizi Masyarakat,ON PROCESS,1360000,1360000
KAB. WAJO,"DINAS KOMUNIKASI, INFORMATIKA DAN STATISTIK - 2.16.2.20.2.21.02.0000",01KVWCDN1MFCWW2QYW48EGXQK3,65606989,2026,E-Katalog 6.0,APBD,UJUNGPANDANG EKSPRES BIRO WAJO,E-Purchasing,Barang,Belanja Langganan Jurnal/Surat Kabar/Majalah - Relasi Media ,ON PROCESS,9720000,9720000
KAB. WAJO,BADAN KESATUAN BANGSA DAN POLITIK - 8.01.0.00.0.00.01.0000,01KNVBPAWH8ZM6DFJM6334SDZQ,63062796,2026,E-Katalog 6.0,APBD,ANANCI,E-Purchasing,Barang,Belanja Alat/Bahan untuk Kegiatan Kantor-Alat Tulis Kantor,ON PROCESS,2812585,2812585
KAB. WAJO,PUSKESMAS GILIRENG - 1.02.0.00.0.00.01.0019,01KNGR3FBADWKSVWJ07C9EKCXH,66067911,2026,E-Katalog 6.0,APBD,GEDDONG,E-Purchasing,Barang,Belanja Barang dan Jasa BLUD,ON PROCESS,1196000,1196000
KAB. WAJO,SEKRETARIAT DAERAH - 4.01.0.00.0.00.01.0000,01KPZ3VZF7V5T46VFJD3WXBNVE,66615727,2026,E-Katalog 6.0,APBD,AMRAN SURYADI,E-Purchasing,Barang,Belanja Alat/Bahan untuk Kegiatan Kantor- Bahan Cetak,ON PROCESS,3223440,3223440
KAB. WAJO,"SATUAN POLISI PAMONG PRAJA, PEMADAM KEBAKARAN DAN PENYELAMATAN - 1.05.0.00.0.00.01.0000",01KQSH6SHXH9505VCVNNRH97CK,66916167,2026,E-Katalog 6.0,APBD,ANDI MARWANAH,E-Purchasing,Barang,Belanja Makanan dan Minuman Aktivitas Lapangan,ON PROCESS,5326200,5326200
KAB. WAJO,"DINAS KOMUNIKASI, INFORMATIKA DAN STATISTIK - 2.16.2.20.2.21.02.0000",01KQE1J5SAY9FWZK071QNPF9AQ,65606990,2026,E-Katalog 6.0,APBD,HERALD INDONESIA MEDIA,E-Purchasing,Barang,Belanja Kawat/Faksimili/Internet/TV Berlangganan - Relasi Media ,ON PROCESS,7208340,7208340
KAB. WAJO,RSUD LAMADDUKELLENG - 1.02.0.00.0.00.01.0001,01KQZXXANV7BJR7MNTK1892Z65,65300982,2026,E-Katalog 6.0,BLUD,SAHAJA ATMA ADIPATI,E-Purchasing,Barang,Belanja Barang dan Jasa BLUD,ON PROCESS,35789464,35789464
KAB. WAJO,"SATUAN POLISI PAMONG PRAJA, PEMADAM KEBAKARAN DAN PENYELAMATAN - 1.05.0.00.0.00.01.0000",01KQVQMJ9RD8BGS8QG49M92TCM,64200583,2026,E-Katalog 6.0,APBD,SOLO WAJO,E-Purchasing,Barang,Belanja Makanan dan Minuman Aktivitas Lapangan,ON PROCESS,2003300,2003300
KAB. WAJO,SEKRETARIAT DAERAH - 4.01.0.00.0.00.01.0000,01KG9J9EBC7BXNV7KPVTWZ2FF0,63590760,2026,E-Katalog 6.0,APBD,BUNGARATU MEGATAMA,E-Purchasing,Barang,Belanja Alat/Bahan untuk Kegiatan Kantor- Suvenir/Cendera Mata,ON PROCESS,777000,777000
KAB. WAJO,KECAMATAN TEMPE - 7.01.0.00.0.00.14.0000,01KG6RWHV05T7KJNQX3J11EVP9,64762999,2026,E-Katalog 6.0,APBD,ANDI AKHYAR SULAIMAN,E-Purchasing,Barang,Belanja Alat/Bahan untuk Kegiatan Kantor- Bahan Cetak,ON PROCESS,2000000,2000000
KAB. WAJO,"DINAS KOMUNIKASI, INFORMATIKA DAN STATISTIK - 2.16.2.20.2.21.02.0000",01KVF5TRPVNC49BJM7F7CF5RHC,65606990,2026,E-Katalog 6.0,APBD,MEDIA FAJAR INDONESIA,E-Purchasing,Barang,Belanja Kawat/Faksimili/Internet/TV Berlangganan - Relasi Media ,ON PROCESS,11250000,11250000
KAB. WAJO,KECAMATAN PAMMANA - 7.01.0.00.0.00.07.0000,01KR0JAEW3CST8R1E0CG1DR4Q4,65752056,2026,E-Katalog 6.0,APBD,RISMA,E-Purchasing,Barang,Belanja Barang Pakai Habis,ON PROCESS,499500,499500
KAB. WAJO,PUSKESMAS SAJOANGING - 1.02.0.00.0.00.01.0012,01KWDVPKE1K918K9FS6Q0RKGEJ,66620220,2026,E-Katalog 6.0,APBD,SALWA NABILAH IDRIS,E-Purchasing,Barang,Belanja Barang dan jasa BOK Puskesmas pada sub kegiatan Pengelolaan Pelayanan Kesehatan Ibu Hamil,ON PROCESS,322200,322200
KAB. WAJO,BADAN PENGELOLAAN KEUANGAN DAN PENDAPATAN DAERAH - 5.02.0.00.0.00.01.0000,01KPYH7KNXXHV74KCCE8Z408XQ,66992326,2026,E-Katalog 6.0,APBD,PRAKARSA PRIMA PERKASA,E-Purchasing,Jasa Lainnya,Belanja Modal Aset Tidak Berwujud-Software,ON PROCESS,192000000,192000000
KAB. WAJO,PUSKESMAS SABBANGPARU - 1.02.0.00.0.00.01.0003,01KPDWV85PX69B3DYEH04JW9PP,66481720,2026,E-Katalog 6.0,APBD,ANDI AMINAH BAKHTIAR,E-Purchasing,Barang,Belanja Barang dan Jasa BLUD,ON PROCESS,2442000,2442000
KAB. WAJO,BADAN PENGELOLAAN KEUANGAN DAN PENDAPATAN DAERAH - 5.02.0.00.0.00.01.0000,01KNJQBTPFXC9439PEGWC7JBWS,63464855,2026,E-Katalog 6.0,APBD,ASTI WAHYUNI,E-Purchasing,Barang,Belanja Makanan dan Minuman Rapat,ON PROCESS,634800,634800
KAB. WAJO,BADAN PENGELOLAAN KEUANGAN DAN PENDAPATAN DAERAH - 5.02.0.00.0.00.01.0000,01KWE56BM8K3YWAH9E4A4AF970,63994002,2026,E-Katalog 6.0,APBD,ANDI AKHYAR SULAIMAN,E-Purchasing,Barang,Belanja Alat/Bahan untuk Kegiatan Kantor- Bahan Cetak,ON PROCESS,999000,999000
KAB. WAJO,SEKRETARIAT DAERAH - 4.01.0.00.0.00.01.0000,01KSHKWEWAT2CN7T3AK18Q9FMT,65287975,2026,E-Katalog 6.0,APBD,TENRI MAWAR,E-Purchasing,Barang,Belanja Sewa Kendaraan Bermotor Angkutan Barang,ON PROCESS,5500000,5500000
KAB. WAJO,PUSKESMAS TANASITOLO - 1.02.0.00.0.00.01.0017,01KP864DSTRKY0X01XP7KZQYTK,66682556,2026,E-Katalog 6.0,APBD,MUHAMMAD ZULKARNAIN,E-Purchasing,Barang,Belanja Barang dan Jasa  BOK Puskesmas Pada Sub Kegiatan Pengelolaan Pelayanan Kesehatan Ibu Hamil,ON PROCESS,300000,300000
KAB. WAJO,KECAMATAN TANASITOLO - 7.01.0.00.0.00.13.0000,01KVPY3NAHJBXY0V4N2V13PD2S,67338141,2026,E-Katalog 6.0,APBD,AQILAHDAFFA,E-Purchasing,Barang,Harmonisasi Hubungan dengan Tokoh Agama dan Tokoh Masyarakat,ON PROCESS,9560000,9560000
KAB. WAJO,RSUD SIWA - 1.02.0.00.0.00.01.0002,01KS21BFYG58QG626879Q91W90,66883851,2026,E-Katalog 6.0,BLUD,INFION,E-Purchasing,Barang,Belanja Barang dan Jasa BLUD,ON PROCESS,3552000,3552000
KAB. WAJO,PUSKESMAS PATTIROSOMPE - 1.02.0.00.0.00.01.0007,01KS1GNM0KA2CMMX12NT1MAR3M,66629944,2026,E-Katalog 6.0,APBD,ANDI AZIS ASHAR,E-Purchasing,Barang,"Sub Kegiatan Peningkatan Upaya Promosi Kesehatan, Advokasi, Kemitraan dan Pemberdayaan Masyarakat",ON PROCESS,573600,573600
KAB. WAJO,RSUD LAMADDUKELLENG - 1.02.0.00.0.00.01.0001,01KTJQVCFAC7K70BFVNXR3CH2R,65300982,2026,E-Katalog 6.0,BLUD,CAHAYA MUDA ABADI,E-Purchasing,Barang,Belanja Barang dan Jasa BLUD,ON PROCESS,2664000,0
KAB. WAJO,"DINAS KOMUNIKASI, INFORMATIKA DAN STATISTIK - 2.16.2.20.2.21.02.0000",01KQ6ZJXEA5NBTY6E89E6R2JPY,65570923,2026,E-Katalog 6.0,APBD,AMRAN SURYADI,E-Purchasing,Barang,Belanja Alat/Bahan untuk Kegiatan Kantor- Bahan Cetak -  Koordinasi dan Penyusunan Laporan Capaian Kinerja dan Ikhtisar Realisasi Kinerja SKPD,ON PROCESS,195360,195360
KAB. WAJO,DINAS PENDIDIKAN DAN KEBUDAYAAN - 1.01.2.22.0.00.02.0000,01KPFWCN024YH1Z1PJ50JJ7Z3A,63029277,2026,E-Katalog 6.0,APBD,AQILAHDAFFA,E-Purchasing,Barang,Belanja Alat/Bahan untuk Kegiatan Kantor- Bahan Cetak,ON PROCESS,205000,205000
KAB. WAJO,SEKRETARIAT DAERAH - 4.01.0.00.0.00.01.0000,01KVVR7D804ACGBS4ARD43289F,64737465,2026,E-Katalog 6.0,APBD,ANDI NIRWANA,E-Purchasing,Barang,Belanja Makanan dan Minuman Rapat,ON PROCESS,2904600,2904600
KAB. WAJO,BADAN KESATUAN BANGSA DAN POLITIK - 8.01.0.00.0.00.01.0000,01KG6TV3PWXSA1KKM8Y1HRTVCS,63062752,2026,E-Katalog 6.0,APBD,ANDI NIRWANA,E-Purchasing,Barang,Belanja Makanan dan Minuman Aktivitas Lapangan,ON PROCESS,986700,986700
KAB. WAJO,DINAS PERTANIAN DAN KETAHANAN PANGAN - 2.09.3.27.0.00.02.0000,10882449000,66410752;66410753,2026,Non Tender,APBD,CV. Annur Consultant,Pengadaan Langsung,Jasa Konsultansi Badan Usaha Konstruksi,"Pengawasan Teknis Pembangunan Jalan Usaha Tani (JUT) DAK (Kec. Pammana, Kec. Majauleng) Konsolidasi",SELESAI,11918403,11918403
KAB. WAJO,PUSKESMAS MAJAULENG - 1.02.0.00.0.00.01.0015,01KN15FPWMVR0486AM22CG91GB,66223778,2026,E-Katalog 6.0,APBD,REZKY JAYA ABADI,E-Purchasing,Barang,Belanja Barang dan Jasa BLUD,ON PROCESS,3679000,3679000
KAB. WAJO,DINAS KESEHATAN - 1.02.0.00.0.00.01.0000,01KRYXFJJ819MXTFE6HRRHE972,66775959,2026,E-Katalog 6.0,APBD,ANDI JUNENNI,E-Purchasing,Barang,Belanja Makanan dan Minuman Rapat pada sub kegiatan Pengelolaan Pelayanan Kesehatan pada Usia Pendidikan Dasar,ON PROCESS,5508000,5508000
KAB. WAJO,PUSKESMAS PENRANG - 1.02.0.00.0.00.01.0014,01KRB6P5PM8D2KC7J405G5CQ66,66120525,2026,E-Katalog 6.0,APBD,ANDI JUNENNI,E-Purchasing,Barang,Belanja Barang dan Jasa Bok pada Sub Kegiatan Bimbingan Teknis dan Supervisi Pengembangan dan Pelaksanaan Upaya Kesehatan Bersumber Daya Masyarakat,ON PROCESS,793500,793500
KAB. WAJO,SEKRETARIAT DEWAN PERWAKILAN RAKYAT DAERAH - 4.02.0.00.0.00.01.0000,01KG1TFAXBSAFFRXWP2XXHK3PR,63928679,2026,E-Katalog 6.0,APBD,ANDI RISNAPATI,E-Purchasing,Barang,Belanja Natura dan Pakan-Natura Penyediaan Kebutuhan Rumah Tangga,ON PROCESS,642000,642000
KAB. WAJO,SEKRETARIAT DEWAN PERWAKILAN RAKYAT DAERAH - 4.02.0.00.0.00.01.0000,01KFJGCRAE27QY318QEDK4RH4Y,63931773,2026,E-Katalog 6.0,APBD,FIRMANSYAH,E-Purchasing,Barang,Belanja Makanan dan Minuman Rapat Pelaksanaan Reses,ON PROCESS,6900000,6900000
KAB. WAJO,PUSKESMAS TOSORA - 1.02.0.00.0.00.01.0016,01KPAMZKHNQYNEESF6H8DXYKRY,66114293,2026,E-Katalog 6.0,APBD,ARSYAD M,E-Purchasing,Barang,Belanja Barang dan Jasa BLUD,ON PROCESS,5372746,5372746
KAB. WAJO,PUSKESMAS KEERA - 1.02.0.00.0.00.01.0020,01KQVH2HZM1JBHTRWK0S3J9R3B,66812345,2026,E-Katalog 6.0,APBD,ROSNAENI,E-Purchasing,Barang,Kue / Snack pada sub kegiatan Pengelolaan Pelayanan Kesehatan Gizi Masyarakat,ON PROCESS,1125000,1125000
KAB. WAJO,SEKRETARIAT DEWAN PERWAKILAN RAKYAT DAERAH - 4.02.0.00.0.00.01.0000,01KKWZ4N556D6SAZ8Z0GW3PCQ8,63930161,2026,E-Katalog 6.0,APBD,BUNGARATU MEGATAMA,E-Purchasing,Barang,Belanja Alat/Bahan untuk Kegiatan Kantor- Suvenir/Cendera Mata,ON PROCESS,1054500,1054500
KAB. WAJO,PUSKESMAS PATTIROSOMPE - 1.02.0.00.0.00.01.0007,01KVYZQ72FRDSV54D0B3QQMQSD,66629961,2026,E-Katalog 6.0,APBD,ANDI AZIS ASHAR,E-Purchasing,Barang,Sub Kegiatan Pengelolaan Pelayanan Kesehatan Ibu Hamil,ON PROCESS,268500,268500
KAB. WAJO,SEKRETARIAT DAERAH - 4.01.0.00.0.00.01.0000,01KVA3PJZQ2TGREKWE45B5CHMH,65287973,2026,E-Katalog 6.0,APBD,FITRIANI,E-Purchasing,Barang,Belanja Makanan dan Minuman Jamuan Tamu,ON PROCESS,953978,953978
KAB. WAJO,KECAMATAN TANASITOLO - 7.01.0.00.0.00.13.0000,01KGRVP0PA7CN74NZYY3HADYEP,65089414,2026,E-Katalog 6.0,APBD,AQILAHDAFFA,E-Purchasing,Barang,Peningkatan Partisipasi Masyarakat dalam Forum Musyawarah Perencanaan Pembangunan di Kelurahan,ON PROCESS,7170000,7170000
KAB. WAJO,"DINAS PEKERJAAN UMUM, PENATAAN RUANG DAN PERTANAHAN - 1.03.2.10.0.00.01.0000",01KVPF5XXJS2SWTKN4P3J5QETH,67079460,2026,E-Katalog 6.0,APBD,ANDI AKHYAR SULAIMAN,E-Purchasing,Barang,Belanja Alat/Bahan untuk Kegiatan Kantor-Alat Tulis Kantor,ON PROCESS,3776999,3776999
KAB. WAJO,PUSKESMAS LIU - 1.02.0.00.0.00.01.0005,01KQV9FQTF3E3DRH5RWKYWZ6RV,66778417,2026,E-Katalog 6.0,APBD,ASTI WAHYUNI,E-Purchasing,Barang,Belanja Barang dan Jasa BOK Puskesmas pada Sub Kegiatan Pengelolaan Pelayanan Kesehatan Ibu Hamil,ON PROCESS,483300,483300
KAB. WAJO,PUSKESMAS WEWANGREWU - 1.02.0.00.0.00.01.0018,01KPQ2WE40V7GZ2Q7G5470GN14,66766397,2026,E-Katalog 6.0,APBD,ANDI JUNENNI,E-Purchasing,Barang,Belanja Barang dan Jasa BOK Puskesmas pada sub kegiatan Pengelolaan Pelayanan Kesehatan Gizi Masyarakat,ON PROCESS,717000,717000
KAB. WAJO,PUSKESMAS SAJOANGING - 1.02.0.00.0.00.01.0012,01KVYSEMD794TFWJ7M7AYH4X8J,66620220,2026,E-Katalog 6.0,APBD,SALWA NABILAH IDRIS,E-Purchasing,Barang,Belanja Barang dan jasa BOK Puskesmas pada sub kegiatan Pengelolaan Pelayanan Kesehatan Ibu Hamil,ON PROCESS,358000,358000
KAB. WAJO,"DINAS PEKERJAAN UMUM, PENATAAN RUANG DAN PERTANAHAN - 1.03.2.10.0.00.01.0000",01KNZG7DR8C57EZ3GVR2RC879R,66883820,2026,E-Katalog 6.0,APBD,JULIA SALSABILA,E-Purchasing,Barang,Belanja Cetak dan Penggandaan kegiatan Rapat Komisi Irigasi (Komir),ON PROCESS,675000,675000
KAB. WAJO,RSUD LAMADDUKELLENG - 1.02.0.00.0.00.01.0001,01KVSM6CB0DN43DQPK8VTW6XHH,65300982,2026,E-Katalog 6.0,BLUD,SYSMEX INDONESIA,E-Purchasing,Barang,Belanja Barang dan Jasa BLUD,ON PROCESS,23034720,0
KAB. WAJO,RSUD LAMADDUKELLENG - 1.02.0.00.0.00.01.0001,01KTK18HSD1T17TGYD738HACKC,65300982,2026,E-Katalog 6.0,BLUD,DAYA MUDA AGUNG,E-Purchasing,Barang,Belanja Barang dan Jasa BLUD,ON PROCESS,5394600,5394600
KAB. WAJO,PUSKESMAS PATTIROSOMPE - 1.02.0.00.0.00.01.0007,01KS443YFJS58KPB57Z6SDDNXK,66629961,2026,E-Katalog 6.0,APBD,ANDI AZIS ASHAR,E-Purchasing,Barang,Sub Kegiatan Pengelolaan Pelayanan Kesehatan Ibu Hamil,ON PROCESS,268500,268500
KAB. WAJO,KECAMATAN TEMPE - 7.01.0.00.0.00.14.0000,01KTNRM64PCVK05VRQS1J83M08,64714019,2026,E-Katalog 6.0,APBD,INTIM,E-Purchasing,Jasa Lainnya,Belanja Pemeliharaan Alat Kantor dan Rumah Tangga-Alat Kantor-Alat Kantor Lainnya,ON PROCESS,1899999,1899999
KAB. WAJO,SEKRETARIAT DAERAH - 4.01.0.00.0.00.01.0000,01KNER7X6EJ695ZH1QTRZ9PYJX,63637426,2026,E-Katalog 6.0,APBD,SALLO HOTEL SENGKANG,E-Purchasing,Barang,Belanja Sewa Hotel,ON PROCESS,600000,600000
KAB. WAJO,"SATUAN POLISI PAMONG PRAJA, PEMADAM KEBAKARAN DAN PENYELAMATAN - 1.05.0.00.0.00.01.0000",01KRDAG098VM9EZ824R48T75ZG,64200532,2026,E-Katalog 6.0,APBD,AMRAN SURYADI,E-Purchasing,Barang,Belanja Alat/Bahan untuk Kegiatan Kantor- Bahan Cetak,ON PROCESS,48840,48840
KAB. WAJO,DINAS KESEHATAN - 1.02.0.00.0.00.01.0000,01KPYF6NBQ6C6KQY850CJ6R179,66827323,2026,E-Katalog 6.0,APBD,HEXPHARM JAYA LABORATORIES,E-Purchasing,Barang,"Belanja Obat-Obatan-Obat pada sub kegiatan Pengadaan Obat, Bahan Habis Pakai, Bahan Medis Habis Pakai,, Vaksin, Makanan dan Minuman di Fasilitas Kesehatan",ON PROCESS,5411250,5411250
KAB. WAJO,RSUD LAMADDUKELLENG - 1.02.0.00.0.00.01.0001,01KN10SDNVZ5MCFMTY0R3CW4F8,65300982,2026,E-Katalog 6.0,BLUD,YARINDO FARMATAMA,E-Purchasing,Barang,Belanja Barang dan Jasa BLUD,ON PROCESS,41025600,41025600
KAB. WAJO,SEKRETARIAT DAERAH - 4.01.0.00.0.00.01.0000,01KSS0AY68SYK1QAC3SXT4DMFD,65287976,2026,E-Katalog 6.0,APBD,MULTI MITRA USAHA,E-Purchasing,Barang,Belanja Sewa Kendaraan Bermotor Khusus,ON PROCESS,145925000,145925000
KAB. WAJO,PUSKESMAS BELAWA - 1.02.0.00.0.00.01.0025,01KVQ4A2JDA0XMG7NPX2HJE0G3,66750913,2026,E-Katalog 6.0,APBD,MASDAWATI,E-Purchasing,Barang,Belanja Barang dan Jasa BOK Puskesmas pada sub kegiatan Pengelolaan Pelayanan Kesehatan Ibu Hamil,ON PROCESS,195000,195000
KAB. WAJO,PUSKESMAS LIU - 1.02.0.00.0.00.01.0005,01KWC680ZNXAD2SFBWGZ66M5G6,66777050,2026,E-Katalog 6.0,APBD,ASTI WAHYUNI,E-Purchasing,Barang,Nasi Kotak pada Sub Kegiatan Pengelolaan Pelayanan Kesehatan Gizi Masyarakat,ON PROCESS,299000,299000
KAB. WAJO,RSUD LAMADDUKELLENG - 1.02.0.00.0.00.01.0001,01KJEWFCTX8VSKXNMW9M312AYD,65300982,2026,E-Katalog 6.0,BLUD,NOVAPHARIN,E-Purchasing,Barang,Belanja Barang dan Jasa BLUD,ON PROCESS,4096178,4096178
KAB. WAJO,"DINAS KOMUNIKASI, INFORMATIKA DAN STATISTIK - 2.16.2.20.2.21.02.0000",01KQB55ZZ182EA3ZRRPWD9HBZ0,65606990,2026,E-Katalog 6.0,APBD,MEDIA REZKYNURHIDAYAH INTERNASIONAL,E-Purchasing,Barang,Belanja Kawat/Faksimili/Internet/TV Berlangganan - Relasi Media ,ON PROCESS,6993000,6993000
KAB. WAJO,RSUD SIWA - 1.02.0.00.0.00.01.0002,01KPZEC4KTJMW8SFW6FZACFVEB,66883851,2026,E-Katalog 6.0,BLUD,MEDEQ MANDIRI UTAMA,E-Purchasing,Barang,Belanja Barang dan Jasa BLUD,ON PROCESS,5672100,0
KAB. WAJO,DINAS KESEHATAN - 1.02.0.00.0.00.01.0000,01KPB3XB2V5Q5HDB8NETY64GX4,66791060,2026,E-Katalog 6.0,APBD,ASTI WAHYUNI,E-Purchasing,Barang,Belanja Makanan dan Minuman Aktivitas Lapangan pada sub kegiatan Pengelolaan Pelayanan Kesehatan pada Usia Produktif,ON PROCESS,1969000,1969000
KAB. WAJO,"DINAS KOMUNIKASI, INFORMATIKA DAN STATISTIK - 2.16.2.20.2.21.02.0000",01KJ9PE31V5HNVSY8S12JB0FXR,65611196,2026,E-Katalog 6.0,APBD,4NESIA DIGITAL SOLUTION,E-Purchasing,Barang,Belanja Sewa Peralatan Jaringan - Pengelolaan Nama Domain dan Sub Domain Penyelenggaraan Pemerintah Daerah dan Pengelolaan Nama Domain Pemerintah Desa ,PAYMENT OUTSIDE SYSTEM,196260000,196260000
KAB. WAJO,DINAS PENDIDIKAN DAN KEBUDAYAAN - 1.01.2.22.0.00.02.0000,01KS2KJ120FSS9MNXZ77JDHK0R,63027443,2026,E-Katalog 6.0,APBD,AQILAHDAFFA,E-Purchasing,Barang,Belanja Makanan dan Minuman Rapat,ON PROCESS,3348000,3348000
KAB. WAJO,BADAN KEPEGAWAIAN DAN PENGEMBANGAN SUMBER DAYA MANUSIA - 5.03.5.04.0.00.01.0000,01KQS4PAW9K4GARB4RKPBPGWF4,67064916,2026,E-Katalog 6.0,APBD,ANANCI,E-Purchasing,Barang,Belanja Alat/Bahan untuk Kegiatan Kantor-Perabot Kantor pada Kegiatan Penyediaan Peralatan Rumah Tangga,ON PROCESS,2354000,2354000
KAB. WAJO,KECAMATAN TEMPE - 7.01.0.00.0.00.14.0000,01KVQ3XYDXWXKH84HVZM955CS1,64721402,2026,E-Katalog 6.0,APBD,ANDI ERNA,E-Purchasing,Barang,Belanja Makanan dan Minuman Rapat,ON PROCESS,4600000,4600000
KAB. WAJO,DINAS PENDIDIKAN DAN KEBUDAYAAN - 1.01.2.22.0.00.02.0000,01KPFWNYYXPRSKWF1KCYEV34FV,63029091,2026,E-Katalog 6.0,APBD,MUH IQBAL MASTAL,E-Purchasing,Barang,Belanja Makanan dan Minuman Rapat,ON PROCESS,7520000,7520000
KAB. WAJO,KECAMATAN PAMMANA - 7.01.0.00.0.00.07.0000,01KTNEKA4JWGSCNMR1XF0VRNDP,65756780,2026,E-Katalog 6.0,APBD,ANDI ERNA,E-Purchasing,Barang,Belanja Makanan dan Minuman Rapat ,ON PROCESS,1759700,1759700
KAB. WAJO,KECAMATAN MAJAULENG - 7.01.0.00.0.00.05.0000,01KHQ5XSTJ7N43Q22MVJZ5PP17,65624248,2026,E-Katalog 6.0,APBD,MEGAWATI,E-Purchasing,Barang,Peningkatan Partisipasi Masyarakat dalam Forum Musyawarah Perencanaan Pembangunan di Desa,ON PROCESS,4635000,4635000
KAB. WAJO,RSUD LAMADDUKELLENG - 1.02.0.00.0.00.01.0001,01KPYR5RS3QZBWHPXGYR0SXC21,65300982,2026,E-Katalog 6.0,BLUD,SAHABAT ALIANSI,E-Purchasing,Barang,Belanja Barang dan Jasa BLUD,ON PROCESS,4710000,4710000
KAB. WAJO,BADAN KEPEGAWAIAN DAN PENGEMBANGAN SUMBER DAYA MANUSIA - 5.03.5.04.0.00.01.0000,01KJC1X4YGJEWJ9WQSWY1WYTD1,65960106,2026,E-Katalog 6.0,APBD,PINTU DATA INDONESIA,E-Purchasing,Jasa Lainnya," Belanja Modal Aset Tidak Berwujud-Software pada Kegiatan  Pengadaan Sarana dan Prasarana Gedung Kantor atau Bangunan Lainnya",ON PROCESS,199999800,199999800
KAB. WAJO,SEKRETARIAT DAERAH - 4.01.0.00.0.00.01.0000,01KTQKS8RFXG33403BZR7XZ6SX,66617012,2026,E-Katalog 6.0,APBD,ANDI AKHYAR SULAIMAN,E-Purchasing,Barang,Belanja Alat/Bahan untuk Kegiatan Kantor-Alat Tulis Kantor,ON PROCESS,3310000,3310000
KAB. WAJO,RSUD LAMADDUKELLENG - 1.02.0.00.0.00.01.0001,01KSSB2VQGFJ941A8DAPFW7QNJ,65300982,2026,E-Katalog 6.0,BLUD,PRATAPA NIRMALA,E-Purchasing,Barang,Belanja Barang dan Jasa BLUD,ON PROCESS,9990000,9990000
KAB. WAJO,KECAMATAN SAJOANGING - 7.01.0.00.0.00.11.0000,01KHNDCD8WACKPP8G467V6G3AX,65378660,2026,E-Katalog 6.0,APBD,ANDI AKHYAR SULAIMAN,E-Purchasing,Barang,Belanja Alat/Bahan untuk Kegiatan Kantor- Bahan Cetak,ON PROCESS,200000,200000
KAB. WAJO,SEKRETARIAT DAERAH - 4.01.0.00.0.00.01.0000,01KQ9KXJCCRBD8QS3Y4PB3V4C2,65287973,2026,E-Katalog 6.0,APBD,FITRIANI,E-Purchasing,Barang,Belanja Makanan dan Minuman Jamuan Tamu,ON PROCESS,32870000,32870000
KAB. WAJO,SEKRETARIAT DEWAN PERWAKILAN RAKYAT DAERAH - 4.02.0.00.0.00.01.0000,01KFW5MJSFWRKVDGH59Z6TR454,63931773,2026,E-Katalog 6.0,APBD,FIRMANSYAH,E-Purchasing,Barang,Belanja Makanan dan Minuman Rapat Pelaksanaan Reses,ON PROCESS,6900000,6900000
KAB. WAJO,KELURAHAN ATAKKAE - 7.01.0.00.0.00.14.0001,01KVSVVKH5Z0HZDQ1DTA44DKYB,66972213,2026,E-Katalog 6.0,APBD,CINTA ALAM RAYA,E-Purchasing,Barang,Belanja Modal Personal Computer,ON PROCESS,6438000,6438000
KAB. WAJO,PUSKESMAS SAPPA - 1.02.0.00.0.00.01.0022,01KTK2BFM2262CGX2VZVRQ57PK,66281522,2026,E-Katalog 6.0,APBD,ST.AJIRAH,E-Purchasing,Barang,Kue / Snack,ON PROCESS,268500,268500
KAB. WAJO,PUSKESMAS LEMPA - 1.02.0.00.0.00.01.0004,01KT3CCB1H7T3VF6EDG0PWFBFH,66580019,2026,E-Katalog 6.0,APBD,MUHAMMAD ZULKARNAIN,E-Purchasing,Barang,Belanja Barang dan Jasa BOK Puskesmas pada sub kegiatan Bimbingan Teknis dan Supervisi Pengembangan dan Pelaksanaan Upaya Kesehatan Bersumber Daya Masyarakat (UKBM),ON PROCESS,1673000,1673000
KAB. WAJO,DINAS KEPENDUDUKAN DAN PENCATATAN SIPIL - 2.12.0.00.0.00.01.0000,01KSGXDCPPHTEWRFYR63GG4P95,66536838,2026,E-Katalog 6.0,APBD,ANDI AKHYAR SULAIMAN,E-Purchasing,Barang,Belanja Alat/Bahan untuk Kegiatan Kantor- Bahan Cetak,ON PROCESS,500000,500000
KAB. WAJO,"DINAS KOMUNIKASI, INFORMATIKA DAN STATISTIK - 2.16.2.20.2.21.02.0000",01KJEHJVQ6TJZMVD2PTG7VTS3Y,65606990,2026,E-Katalog 6.0,APBD,INDO MEDIA PANRITA,E-Purchasing,Barang,Belanja Kawat/Faksimili/Internet/TV Berlangganan - Relasi Media ,ON PROCESS,2124984,2124984
KAB. WAJO,PUSKESMAS PARIGI - 1.02.0.00.0.00.01.0023,01KVCZKNRY4K688W79MGCNT1JS,66570663,2026,E-Katalog 6.0,APBD,NURHAENI,E-Purchasing,Barang,Kue / Snack,ON PROCESS,161100,161100
KAB. WAJO,DINAS PERTANIAN DAN KETAHANAN PANGAN - 2.09.3.27.0.00.02.0000,10825761000,66410725;66410726;66410737;66410738;66410739;66410747;66410748;66410749;66410761;66410763;66410764,2026,Non Tender,APBD,CV. SABANA HARSA,Pengadaan Langsung,Jasa Konsultansi Badan Usaha Konstruksi,"Perencanaan Teknis Pembangunan Jalan Usaha Tani (JUT) (Kec. Tempe, Kec. Majauleng, Kec. Maniangpajo, Kec. Belawa, Kec. Keera, Kec.Pitumpanua, Kec. Sajoanging, Kec. Tanasitolo, Kec. Sabbangparu) Konsolidasi",SELESAI,91888020,91888020
KAB. WAJO,SEKRETARIAT DEWAN PERWAKILAN RAKYAT DAERAH - 4.02.0.00.0.00.01.0000,01KNVS08FWT0424T6Y4GSR7Q5E,63930791,2026,E-Katalog 6.0,APBD,MUSTAFA HI. BANDUNG,E-Purchasing,Barang,Belanja Makanan dan Minuman Rapat_Pembahasan_LKPJ,ON PROCESS,1127000,1127000
KAB. WAJO,PUSKESMAS SOLO - 1.02.0.00.0.00.01.0010,01KPAGCYHAX6CTXJM2FGK553C0,66023206,2026,E-Katalog 6.0,APBD,NURFAIDAH,E-Purchasing,Barang,Belanja barang dan jasa BOK puskesmas pada sub kegiatan Pengelolaan Pelayanan Kesehatan Ibu Hamil,ON PROCESS,225000,225000
KAB. WAJO,KECAMATAN TANASITOLO - 7.01.0.00.0.00.13.0000,01KGRVFK0ZWTMD7W1KW5WGSFZP,65090026,2026,E-Katalog 6.0,APBD,AQILAHDAFFA,E-Purchasing,Barang,Belanja Makanan dan Minuman Rapat,ON PROCESS,4780000,4780000
KAB. WAJO,PUSKESMAS GILIRENG - 1.02.0.00.0.00.01.0019,01KR2QNQKAX5ZAT7MP5N2YYFV9,66073569,2026,E-Katalog 6.0,APBD,GEDDONG,E-Purchasing,Barang,Belanja Barang dan Jasa BOK Puskesmas pada Sub Kegiatan Pengelolaan Pelayanan Kesehatan Ibu Hamil,ON PROCESS,268500,268500
KAB. WAJO,"BADAN PERENCANAAN PEMBANGUNAN, RISET DAN INOVASI DAERAH - 5.01.5.05.0.00.01.0000",01KNX7HN15KAA5D6VB2MKP3ZQW,65658597,2026,E-Katalog 6.0,APBD,ANDI AKHYAR SULAIMAN,E-Purchasing,Barang,Belanja Alat/Bahan untuk Kegiatan Kantor-Alat Tulis Kantor,ON PROCESS,2005000,2005000
KAB. WAJO,SEKRETARIAT DEWAN PERWAKILAN RAKYAT DAERAH - 4.02.0.00.0.00.01.0000,01KRAXQV7Y2DZ05MFKXRSP7NGW,63928680,2026,E-Katalog 6.0,APBD,SYAMSU ALAM,E-Purchasing,Barang,Belanja Peralatan dan Mesin-Alat Kantor dan Rumah Tangga-Alat Rumah Tangga-Alat Pembersih Penyediiaan Kebutuhan Rumah Tangga DPRD,ON PROCESS,3202800,3202800
KAB. WAJO,SEKRETARIAT DAERAH - 4.01.0.00.0.00.01.0000,01KS76HMDWQKN3VZMAX7NESQ4D,63554860,2026,E-Katalog 6.0,APBD,"ANDI DILAYANTI, S.E.",E-Purchasing,Barang,Belanja Alat/Bahan untuk Kegiatan Kantor- Bahan Cetak,ON PROCESS,5723785,5723785
KAB. WAJO,PUSKESMAS SALEWANGENG - 1.02.0.00.0.00.01.0008,01KS6J7FCPMBJ50P2G87MV6PXH,66764245,2026,E-Katalog 6.0,APBD,PALAKKA JAYA ABADI,E-Purchasing,Barang,Belanja Barang dan Jasa BLUD,ON PROCESS,36352500,36352500
KAB. WAJO,RSUD LAMADDUKELLENG - 1.02.0.00.0.00.01.0001,01KT8RM0TQJV1RA4RDZESJC195,65300982,2026,E-Katalog 6.0,BLUD,SAFELOCK MEDICAL,E-Purchasing,Barang,Belanja Barang dan Jasa BLUD,ON PROCESS,16525014,16525014
KAB. WAJO,SEKRETARIAT DEWAN PERWAKILAN RAKYAT DAERAH - 4.02.0.00.0.00.01.0000,01KG1WKD5QF6X6X8JM4Q79VB5S,63928679,2026,E-Katalog 6.0,APBD,ANDI ROHANA,E-Purchasing,Barang,Belanja Natura dan Pakan-Natura Penyediaan Kebutuhan Rumah Tangga,ON PROCESS,14013600,14013600
KAB. WAJO,SEKRETARIAT DAERAH - 4.01.0.00.0.00.01.0000,01KRD58VFF3GJAAVY0R22CNSBQ,66853007,2026,E-Katalog 6.0,APBD,ANDI ERNA,E-Purchasing,Barang,Belanja Makanan dan Minuman Rapat,ON PROCESS,716000,716000
KAB. WAJO,DINAS KESEHATAN - 1.02.0.00.0.00.01.0000,01KPMV1FAW0H3E902K8EW8RD78,66827323,2026,E-Katalog 6.0,APBD,MERSIFARMA TIRMAKU MERCUSANA,E-Purchasing,Barang,"Belanja Obat-Obatan-Obat pada sub kegiatan Pengadaan Obat, Bahan Habis Pakai, Bahan Medis Habis Pakai,, Vaksin, Makanan dan Minuman di Fasilitas Kesehatan",ON PROCESS,3596400,3596400
KAB. WAJO,PUSKESMAS WEWANGREWU - 1.02.0.00.0.00.01.0018,01KT3B5RP28A985XG9249B3BPM,66731115,2026,E-Katalog 6.0,APBD,MUHAMMAD RESKY,E-Purchasing,Barang,Belanja Barang dan Jasa BLUD,ON PROCESS,577500,577500
KAB. WAJO,PUSKESMAS BELAWA - 1.02.0.00.0.00.01.0025,01KPYXT1A7T7VBC24M3FA1ZQ3N,66598484,2026,E-Katalog 6.0,APBD,BINTANG LIMA MEDIKA,E-Purchasing,Barang,Belanja Modal Peralatan dan Mesin BLUD,ON PROCESS,2442000,2442000
KAB. WAJO,PUSKESMAS GILIRENG - 1.02.0.00.0.00.01.0019,01KPCZA48JBBM0Y4AJBJ0YGZ9H,66067911,2026,E-Katalog 6.0,APBD,GEDDONG,E-Purchasing,Barang,Belanja Barang dan Jasa BLUD,ON PROCESS,1196000,1196000
KAB. WAJO,SEKRETARIAT DAERAH - 4.01.0.00.0.00.01.0000,01KQ74CC11JW347R3GPGK8D8M2,63637426,2026,E-Katalog 6.0,APBD,MITRA SERMANI HOTEL,E-Purchasing,Barang,Belanja Sewa Hotel,ON PROCESS,1800000,1800000
KAB. WAJO,KECAMATAN PENRANG - 7.01.0.00.0.00.08.0000,01KQ9VRJVVHJF6JV005RS8W7VT,67014305,2026,E-Katalog 6.0,APBD,R-2,E-Purchasing,Barang,Belanja Pakaian Paskibraka,ON PROCESS,6740996,6740996
KAB. WAJO,DINAS LINGKUNGAN HIDUP - 2.11.0.00.0.00.01.0000,01KNKKA92K34PZ1HA4CRSVBJXY,64630727,2026,E-Katalog 6.0,APBD,ANANCI,E-Purchasing,Barang,Belanja Alat Perabot Kantor,ON PROCESS,1389170,1389170
KAB. WAJO,DINAS PERTANIAN DAN KETAHANAN PANGAN - 2.09.3.27.0.00.02.0000,01KTTT49QYRZRNQGV927MD2YXT,66410658,2026,E-Katalog 6.0,APBD,"ANDI DILAYANTI, S.E.",E-Purchasing,Barang,Belanja Alat/Bahan untuk Kegiatan Kantor- Bahan Cetak,ON PROCESS,799200,799200
KAB. WAJO,"BADAN PERENCANAAN PEMBANGUNAN, RISET DAN INOVASI DAERAH - 5.01.5.05.0.00.01.0000",01KVWBYCA94ZVR34BFTKJ8J6VE,65676270,2026,E-Katalog 6.0,APBD,TAMIYA NURUL WULANDA,E-Purchasing,Barang,Belanja Makanan dan Minuman Rapat,ON PROCESS,717600,717600
KAB. WAJO,PUSKESMAS GILIRENG - 1.02.0.00.0.00.01.0019,01KNGR6JX46PVVKMT5W1PYXRXN,66073569,2026,E-Katalog 6.0,APBD,GEDDONG,E-Purchasing,Barang,Belanja Barang dan Jasa BOK Puskesmas pada Sub Kegiatan Pengelolaan Pelayanan Kesehatan Ibu Hamil,ON PROCESS,268500,268500
KAB. WAJO,BADAN KESATUAN BANGSA DAN POLITIK - 8.01.0.00.0.00.01.0000,01KS1HYS9TCASRSW8ZAXVSVKP7,63062318,2026,E-Katalog 6.0,APBD,ANDI ERNA,E-Purchasing,Barang,Belanja Makanan dan Minuman Aktivitas Lapangan,ON PROCESS,2832000,2832000
KAB. WAJO,RSUD LAMADDUKELLENG - 1.02.0.00.0.00.01.0001,01KJC7R3T049Z5WMX0WKJF9N2W,65300982,2026,E-Katalog 6.0,BLUD,HORIBA INDONESIA,E-Purchasing,Barang,Belanja Barang dan Jasa BLUD,ON PROCESS,8765985,0
KAB. WAJO,DINAS PENDIDIKAN DAN KEBUDAYAAN - 1.01.2.22.0.00.02.0000,01KVCNP4AYDKY8VBJZH8B6W2AZ,63027441,2026,E-Katalog 6.0,APBD,AQILAHDAFFA,E-Purchasing,Barang,Belanja Alat/Bahan untuk Kegiatan Kantor-Alat Tulis Kantor,ON PROCESS,1808000,1808000
KAB. WAJO,DINAS PERUMAHAN DAN KAWASAN PERMUKIMAN - 1.04.0.00.0.00.01.0000,01KRWXM7XN1FQZ4VHV1D83N659,67140391,2026,E-Katalog 6.0,APBD,GUNAWAN TJANDRA,E-Purchasing,Barang,Belanja Modal Alat Pendingin (AC) pada Kegiatan Pengadaan Sarana dan Prasarana Gedung Kantor atau Bangunan Lainnya,ON PROCESS,6660000,6660000
KAB. WAJO,PUSKESMAS SAJOANGING - 1.02.0.00.0.00.01.0012,01KNK92ASPH9W9ZGRCWYVT91W5,66620636,2026,E-Katalog 6.0,APBD,FEBY RUDISRA,E-Purchasing,Barang,Belanja barang dan Jasa BOK Puskesmas pada sub kegiatan Pelayanan Kesehatan Penyakit Menular dan Tidak Menular,ON PROCESS,999000,999000
KAB. WAJO,DINAS PENDIDIKAN DAN KEBUDAYAAN - 1.01.2.22.0.00.02.0000,01KVCNTH0RQAEMSZXHSV42MSSK,63027440,2026,E-Katalog 6.0,APBD,AQILAHDAFFA,E-Purchasing,Barang,Belanja Alat/Bahan untuk Kegiatan Kantor- Bahan Cetak,ON PROCESS,1150000,1150000
KAB. WAJO,PUSKESMAS PATTIROSOMPE - 1.02.0.00.0.00.01.0007,01KVSVPX3MS2NSGFQ07YVZ8HMR,66714536,2026,E-Katalog 6.0,APBD,ANDI AZIS ASHAR,E-Purchasing,Barang,Belanja Modal Peralatan dan Mesin BLUD,ON PROCESS,478000,478000
KAB. WAJO,BADAN PENGELOLAAN KEUANGAN DAN PENDAPATAN DAERAH - 5.02.0.00.0.00.01.0000,01KS46Z216Y5WT08BK3M70GM4P,64000030,2026,E-Katalog 6.0,APBD,ANDI JUNENNI,E-Purchasing,Barang,Belanja Makanan dan Minuman Rapat,ON PROCESS,420000,420000
KAB. WAJO,KELURAHAN MACERO - 7.01.0.00.0.00.01.0002,01KTMXXVCAKGZPC387SHKDSG3A,67145940,2026,E-Katalog 6.0,APBD,MASDAWATI,E-Purchasing,Barang,Belanja Makanan dan Minuman Rapat,ON PROCESS,1590000,1590000
KAB. WAJO,PUSKESMAS LIU - 1.02.0.00.0.00.01.0005,01KP234TMFF0YPDNE2ZS1FYEHZ,66778417,2026,E-Katalog 6.0,APBD,ASTI WAHYUNI,E-Purchasing,Barang,Belanja Barang dan Jasa BOK Puskesmas pada Sub Kegiatan Pengelolaan Pelayanan Kesehatan Ibu Hamil,ON PROCESS,304300,304300
KAB. WAJO,KECAMATAN MAJAULENG - 7.01.0.00.0.00.05.0000,01KHQ770HTE1M5B50DHTBFT0YZ,65624248,2026,E-Katalog 6.0,APBD,MEGAWATI,E-Purchasing,Barang,Peningkatan Partisipasi Masyarakat dalam Forum Musyawarah Perencanaan Pembangunan di Desa,ON PROCESS,63270,63270
KAB. WAJO,BADAN PENGELOLAAN KEUANGAN DAN PENDAPATAN DAERAH - 5.02.0.00.0.00.01.0000,01KT63X18QTZJPM49MJNGR84KV,63464855,2026,E-Katalog 6.0,APBD,ASTI WAHYUNI,E-Purchasing,Barang,Belanja Makanan dan Minuman Rapat,ON PROCESS,634800,634800
KAB. WAJO,BADAN KESATUAN BANGSA DAN POLITIK - 8.01.0.00.0.00.01.0000,01KN67XAX3GNAG4N46AVF999KE,63062320,2026,E-Katalog 6.0,APBD,ANDI ERNA,E-Purchasing,Barang,Belanja Makanan dan Minuman Rapat,ON PROCESS,2294400,2294400
KAB. WAJO,"DINAS PEKERJAAN UMUM, PENATAAN RUANG DAN PERTANAHAN - 1.03.2.10.0.00.01.0000",01KT8HR6TM3FWY01SPDHM6AMYK,67201820,2026,E-Katalog 6.0,APBD,AQILAHDAFFA,E-Purchasing,Barang,Belanja Alat /Bahan untuk Kegiatan Kantor - Alat/Bahan untuk kegiatan Kantor Lainnya,ON PROCESS,1222500,1222500
KAB. WAJO,RSUD LAMADDUKELLENG - 1.02.0.00.0.00.01.0001,01KS795Z5MF2M64WF6A27HPKT7,65300982,2026,E-Katalog 6.0,BLUD,HOLI PHARMA,E-Purchasing,Barang,Belanja Barang dan Jasa BLUD,ON PROCESS,8791200,8791200
KAB. WAJO,DINAS PEMBERDAYAAN MASYARAKAT DAN DESA - 2.13.0.00.0.00.01.0000,01KRB5ANTP6FJ03R8CMA29H2WM,65633632,2026,E-Katalog 6.0,APBD,TAMIYA NURUL WULANDA,E-Purchasing,Barang,Belanja Makanan dan Minuman Rapat,ON PROCESS,8300000,8300000
KAB. WAJO,BADAN PENGELOLAAN KEUANGAN DAN PENDAPATAN DAERAH - 5.02.0.00.0.00.01.0000,01KT3CRB3Q0F6XEYRMWN1APRVD,64000030,2026,E-Katalog 6.0,APBD,ANDI JUNENNI,E-Purchasing,Barang,Belanja Makanan dan Minuman Rapat,ON PROCESS,315000,315000
KAB. WAJO,"SATUAN POLISI PAMONG PRAJA, PEMADAM KEBAKARAN DAN PENYELAMATAN - 1.05.0.00.0.00.01.0000",01KR0FM9RPRQ82MWEGAQBJTFJB,64064652,2026,E-Katalog 6.0,APBD,ANDI FADLI,E-Purchasing,Barang,Belanja Peralatan dan Mesin-Alat Angkutan-Alat Angkutan Darat Bermotor-Kendaraan Bermotor Penumpang,ON PROCESS,530025,530025
KAB. WAJO,PUSKESMAS PENRANG - 1.02.0.00.0.00.01.0014,01KWTT53A7DJS0T7WR0BWSWB7Q,66076986,2026,E-Katalog 6.0,APBD,ANDI JUNENNI,E-Purchasing,Barang,Belanja barang dan jasa BOK puskesmas pada sub kegiatan Pengelolaan Pelayanan Kesehatan Ibu Hamil,ON PROCESS,304300,304300
KAB. WAJO,DINAS KESEHATAN - 1.02.0.00.0.00.01.0000,01KVWCVY7PC8WNM29MJ0JEV6J0,66827324,2026,E-Katalog 6.0,APBD,MUKTI REJO ABADI,E-Purchasing,Barang,"Belanja Suku Cadang-Suku Cadang Alat Kedokteran pada sub kegiatan Pengadaan Obat, Bahan Habis Pakai, Bahan Medis Habis Pakai,, Vaksin, Makanan dan Minuman di Fasilitas Kesehatan",ON PROCESS,43252704,43252704
KAB. WAJO,KELURAHAN SOLO - 7.01.0.00.0.00.02.0001,01KVSR7NQBAY09VD3CGCPMWJAF,67064936,2026,E-Katalog 6.0,APBD,SOLO WAJO,E-Purchasing,Barang,Belanja Makanan dan Minuman Rapat,ON PROCESS,3980000,3980000
KAB. WAJO,DINAS PERUMAHAN DAN KAWASAN PERMUKIMAN - 1.04.0.00.0.00.01.0000,01KRDK27FAEAYZ4X4M0VEPRX4R,67101559,2026,E-Katalog 6.0,APBD,GUNAWAN TJANDRA,E-Purchasing,Barang,Belanja Modal Alat Rumah Tangga Lainnya (Home Use) (Televisi) pada Kegiatan Pengadaan Sarana dan Prasarana Gedung Kantor atau Bangunan Lainnya,ON PROCESS,6200000,6200000
KAB. WAJO,"DINAS KOMUNIKASI, INFORMATIKA DAN STATISTIK - 2.16.2.20.2.21.02.0000",01KJ9SYF4DRNGB8ZTN727Q2PRW,65606989,2026,E-Katalog 6.0,APBD,MEDIA NUSANTARA CREASI,E-Purchasing,Barang,Belanja Langganan Jurnal/Surat Kabar/Majalah - Relasi Media ,ON PROCESS,19980000,19980000
KAB. WAJO,SEKRETARIAT DAERAH - 4.01.0.00.0.00.01.0000,01KQK86E8NV46KVM0HZ36N3ECE,63636068,2026,E-Katalog 6.0,APBD,ANDI ERNA,E-Purchasing,Barang,Belanja Natura dan Pakan-Natura,ON PROCESS,190800,190800
KAB. WAJO,RSUD LAMADDUKELLENG - 1.02.0.00.0.00.01.0001,01KK842B53RP3KWR38H9VD532V,65300982,2026,E-Katalog 6.0,BLUD,OTSUKA INDONESIA,E-Purchasing,Barang,Belanja Barang dan Jasa BLUD,ON PROCESS,51425190,51425190
KAB. WAJO,PUSKESMAS TAKKALALLA - 1.02.0.00.0.00.01.0011,01KTK5H0T5GRQHGW009EW8AY2J,66026020,2026,E-Katalog 6.0,APBD,SITTI AISYAH,E-Purchasing,Barang,Belanja Barang dan Jasa BOK Puskesmas Sub Kegiatan Bimbingan Teknis dan Supervisi Pengembangan dan Pelaksanaan Upaya Kesehatan Bersumber Daya Masyarakat (UKBM),ON PROCESS,225000,225000
KAB. WAJO,PUSKESMAS PARIGI - 1.02.0.00.0.00.01.0023,01KW8FA2D9Q7D9YWN6EDNVD2PD,66570663,2026,E-Katalog 6.0,APBD,NURHAENI,E-Purchasing,Barang,Kue / Snack,ON PROCESS,161100,161100
KAB. WAJO,PUSKESMAS SOLO - 1.02.0.00.0.00.01.0010,01KT6BW7BSTSVVP9B97D13GKJH,66313733,2026,E-Katalog 6.0,APBD,ARSYAD M,E-Purchasing,Barang,Belanja Barang dan Jasa BLUD,ON PROCESS,8210508,8210508
KAB. WAJO,BADAN PENGELOLAAN KEUANGAN DAN PENDAPATAN DAERAH - 5.02.0.00.0.00.01.0000,01KMYVTFJQFNGB69J478KET88D,63367643,2026,E-Katalog 6.0,APBD,LISDAFIK,E-Purchasing,Barang,Belanja Alat/Bahan untuk Kegiatan Kantor-Alat Tulis Kantor,ON PROCESS,120000,120000
KAB. WAJO,RSUD SIWA - 1.02.0.00.0.00.01.0002,01KTTV5EQCDG85P17YQAVBEZKE,66883851,2026,E-Katalog 6.0,BLUD,ASA ATMA HARSA,E-Purchasing,Barang,Belanja Barang dan Jasa BLUD,ON PROCESS,6304889,0
KAB. WAJO,DINAS PENANAMAN MODAL DAN PELAYANAN TERPADU SATU PINTU - 2.18.0.00.0.00.01.0000,01KPN1VCXNJEXGBQ74DM99NTKH,64988059,2026,E-Katalog 6.0,APBD,ANDI AKHYAR SULAIMAN,E-Purchasing,Barang,Belanja Alat/Bahan untuk Kegiatan Kantor- Bahan Cetak,ON PROCESS,280000,280000
KAB. WAJO,"SATUAN POLISI PAMONG PRAJA, PEMADAM KEBAKARAN DAN PENYELAMATAN - 1.05.0.00.0.00.01.0000",01KR10XQ6RC421ARE3X8A04FT2,66910838,2026,E-Katalog 6.0,APBD,MEGAWATI,E-Purchasing,Barang,Belanja Makanan dan Minuman Aktivitas Lapangan,ON PROCESS,397500,397500
KAB. WAJO,PUSKESMAS TAKKALALLA - 1.02.0.00.0.00.01.0011,01KVQ15ZFNJWN7V4THY3R7M4GX,66009374,2026,E-Katalog 6.0,APBD,SITTI AISYAH,E-Purchasing,Barang,"Belanja Barang dan Jasa BOK Puskesmas Sub Kegiatan Peningkatan Upaya Promosi Kesehatan, Advokasi, Kemitraan dan Pemberdayaan Masyarakat",ON PROCESS,225000,225000
KAB. WAJO,RSUD LAMADDUKELLENG - 1.02.0.00.0.00.01.0001,01KJ78SDQTT98CAQNRBEMJ6TWN,65300982,2026,E-Katalog 6.0,BLUD,PRATAPA NIRMALA,E-Purchasing,Barang,Belanja Barang dan Jasa BLUD,ON PROCESS,9990000,9990000
KAB. WAJO,PUSKESMAS PENRANG - 1.02.0.00.0.00.01.0014,01KTNQVYPS9Z7ARB0V66W84HSE,66120525,2026,E-Katalog 6.0,APBD,ANDI JUNENNI,E-Purchasing,Barang,Belanja Barang dan Jasa Bok pada Sub Kegiatan Bimbingan Teknis dan Supervisi Pengembangan dan Pelaksanaan Upaya Kesehatan Bersumber Daya Masyarakat,ON PROCESS,793500,793500
KAB. WAJO,PUSKESMAS TANASITOLO - 1.02.0.00.0.00.01.0017,01KRAP7BYHKQ1VPW106EH9YWZJ,66682556,2026,E-Katalog 6.0,APBD,MUHAMMAD ZULKARNAIN,E-Purchasing,Barang,Belanja Barang dan Jasa  BOK Puskesmas Pada Sub Kegiatan Pengelolaan Pelayanan Kesehatan Ibu Hamil,ON PROCESS,300000,300000
KAB. WAJO,PUSKESMAS TANASITOLO - 1.02.0.00.0.00.01.0017,01KVYYE15A4Q3TT4XHEK10TSHZ,66697929,2026,E-Katalog 6.0,APBD,MUHAMMAD ZULKARNAIN,E-Purchasing,Barang,Belanja Barang dan Jasa BLUD,ON PROCESS,538800,538800
KAB. WAJO,SEKRETARIAT DAERAH - 4.01.0.00.0.00.01.0000,01KRK63QD007FTVMJ2VYF9WCHQ,63636068,2026,E-Katalog 6.0,APBD,ANDI ERNA,E-Purchasing,Barang,Belanja Natura dan Pakan-Natura,ON PROCESS,7275000,7275000
KAB. WAJO,SEKRETARIAT DAERAH - 4.01.0.00.0.00.01.0000,01KP85Y77KX9Q8VKCBC5NGRFH8,64473972,2026,E-Katalog 6.0,APBD,TAMIYA NURUL WULANDA,E-Purchasing,Barang,Belanja Makanan dan Minuman Rapat,ON PROCESS,836000,836000
KAB. WAJO,BADAN PENGELOLAAN KEUANGAN DAN PENDAPATAN DAERAH - 5.02.0.00.0.00.01.0000,01KG6NGNWTHRFS0ZD52Q7RT4JK,63991975,2026,E-Katalog 6.0,APBD,ASTI WAHYUNI,E-Purchasing,Barang,Belanja Makanan dan Minuman Rapat,ON PROCESS,525000,525000
KAB. WAJO,PUSKESMAS PENRANG - 1.02.0.00.0.00.01.0014,01KPDHJ5XD6282AE8MNED2ZEYY,66069389,2026,E-Katalog 6.0,APBD,ANDI JUNENNI,E-Purchasing,Barang,Belanja Barang dan Jasa BLUD,ON PROCESS,2198800,2198800
KAB. WAJO,"SATUAN POLISI PAMONG PRAJA, PEMADAM KEBAKARAN DAN PENYELAMATAN - 1.05.0.00.0.00.01.0000",01KP2TK89Q2E1X9DC77M50Z0M7,64064215,2026,E-Katalog 6.0,APBD,ANDI MAKKULAWU,E-Purchasing,Barang,Belanja Alat/Bahan untuk Kegiatan Kantor-Alat Tulis Kantor,ON PROCESS,157620,157620
KAB. WAJO,SEKRETARIAT DAERAH - 4.01.0.00.0.00.01.0000,01KRVAN4Y6WZ9KTCEVPEHCJ93X,63636068,2026,E-Katalog 6.0,APBD,ANDI ERNA,E-Purchasing,Barang,Belanja Natura dan Pakan-Natura,ON PROCESS,381600,381600
KAB. WAJO,PUSKESMAS PENRANG - 1.02.0.00.0.00.01.0014,01KWC04BAJRFQWV3ANZECCMCX4,66069389,2026,E-Katalog 6.0,APBD,ANDI JUNENNI,E-Purchasing,Barang,Belanja Barang dan Jasa BLUD,ON PROCESS,2198800,2198800
KAB. WAJO,PUSKESMAS BELAWA - 1.02.0.00.0.00.01.0025,01KVST9H0TQ9A050NBZNRDAZ9K,66598483,2026,E-Katalog 6.0,APBD,MASDAWATI,E-Purchasing,Barang,Belanja Barang dan Jasa BLUD,ON PROCESS,449000,449000
KAB. WAJO,SEKRETARIAT DEWAN PERWAKILAN RAKYAT DAERAH - 4.02.0.00.0.00.01.0000,01KG1WSREQ81F7X8AAZHK5FFDK,63930035,2026,E-Katalog 6.0,APBD,ANDI SULTAN HASSANAL,E-Purchasing,Barang,Belanja Makanan dan Minuman Jamuan Tamu,ON PROCESS,447500,447500
KAB. WAJO,SEKRETARIAT DAERAH - 4.01.0.00.0.00.01.0000,01KTNE964HWSWPDXW0287YPPPC,63637417,2026,E-Katalog 6.0,APBD,"ANDI DILAYANTI, S.E.",E-Purchasing,Barang,Belanja Alat/Bahan untuk Kegiatan Kantor-Alat Tulis Kantor,ON PROCESS,3970304,3970304
KAB. WAJO,"DINAS PERINDUSTRIAN, PERDAGANGAN, KOPERASI, USAHA KECIL DAN MENENGAH - 2.17.3.30.3.31.01.0000",01KV9GV1D594MFJJFRASPY0WB4,65734099,2026,E-Katalog 6.0,APBD,SUDWIKATMONO,E-Purchasing,Barang,"Belanja Pemeliharaan Alat Angkutan-Alat Angkutan Darat Bermotor-Kendaraan Dinas Bermotor Perorangan Pada Sub Kegiatan Penyediaan Jasa Pemeliharaan, Biaya Pemeliharaan, dan Pajak Kendaraan Perorangan Dinas atau Kendaraan Dinas Jabatan",ON PROCESS,5749800,5749800
KAB. WAJO,"SATUAN POLISI PAMONG PRAJA, PEMADAM KEBAKARAN DAN PENYELAMATAN - 1.05.0.00.0.00.01.0000",01KQM43S5JX1AKK0ANQ6S62RH6,66910838,2026,E-Katalog 6.0,APBD,MEGAWATI,E-Purchasing,Barang,Belanja Makanan dan Minuman Aktivitas Lapangan,ON PROCESS,403500,403500
KAB. WAJO,BADAN KESATUAN BANGSA DAN POLITIK - 8.01.0.00.0.00.01.0000,01KGP7PMYXQ2EVK035EWERQP0A,63063545,2026,E-Katalog 6.0,APBD,HASDIMAN,E-Purchasing,Barang,Belanja Alat/Bahan untuk Kegiatan Kantor-Alat Tulis Kantor,ON PROCESS,399500,399500
KAB. WAJO,PUSKESMAS PARIGI - 1.02.0.00.0.00.01.0023,01KVPCKWPRG3R78M0BD1A0D6S0,66570619,2026,E-Katalog 6.0,APBD,NURHAENI,E-Purchasing,Barang,Nasi Kotak,ON PROCESS,299000,299000
KAB. WAJO,PUSKESMAS SOLO - 1.02.0.00.0.00.01.0010,01KVPKQ1CJ6PEM42K342VSNCXA,66313239,2026,E-Katalog 6.0,APBD,NURFAIDAH,E-Purchasing,Barang,"Belanja barang dan jasa BOK Puskesmas pada sub kegiatan Peningkatan Upaya Promosi Kesehatan, Advokasi, Kemitraan dan Pemberdayaan Masyarakat",ON PROCESS,670400,670400
KAB. WAJO,SEKRETARIAT DAERAH - 4.01.0.00.0.00.01.0000,01KQ6NHV6GPX8XWA50X1Q2M1EP,64471454,2026,E-Katalog 6.0,APBD,TAMIYA NURUL WULANDA,E-Purchasing,Barang,Belanja Makanan dan Minuman Rapat,ON PROCESS,447500,447500
KAB. WAJO,"DINAS PEMUDA, OLAHRAGA DAN PARIWISATA - 2.19.3.26.0.00.02.0000",10813411000,66586298,2026,Non Tender,APBD,CV. DUA PILAR,Pengadaan Langsung,Jasa Konsultansi Badan Usaha Konstruksi,Reviu Desain Perencanaan Lanjutan Rehabilitasi Kawasan Wisata Bangsalae,SELESAI,39894510,39894510
KAB. WAJO,SEKRETARIAT DAERAH - 4.01.0.00.0.00.01.0000,01KQXJJDKZ23ZXJ74519R1DZG0,66853007,2026,E-Katalog 6.0,APBD,ANDI ERNA,E-Purchasing,Barang,Belanja Makanan dan Minuman Rapat,ON PROCESS,537000,537000
KAB. WAJO,PUSKESMAS PAMMANA - 1.02.0.00.0.00.01.0009,01KQC1AY31MMYSHEG9EC72EVRV,65993330,2026,E-Katalog 6.0,APBD,BINTANG LIMA MEDIKA,E-Purchasing,Barang,Belanja Barang dan Jasa BLUD,ON PROCESS,8836813,8836813
KAB. WAJO,PUSKESMAS KEERA - 1.02.0.00.0.00.01.0020,01KNTBMWT25D5MFNWXT2R22RB0,66089711,2026,E-Katalog 6.0,APBD,BUMI MEDIKA INDONESIA,E-Purchasing,Barang,Belanja Barang dan Jasa BLUD,ON PROCESS,6800637,6800637
KAB. WAJO,PUSKESMAS TOSORA - 1.02.0.00.0.00.01.0016,01KTK04BKZRW82Z31J9RPF9997,66096340,2026,E-Katalog 6.0,APBD,ASTI WAHYUNI,E-Purchasing,Barang,"Belanja Barang dan Jasa BOK Puskesmas pada sub kegiatan Peningkatan Upaya Promosi Kesehatan, Advokasi, Kemitraan dan Pemberdayaan Masyarakat",ON PROCESS,758100,758100
KAB. WAJO,BADAN PENANGGGULANGAN BENCANA DAERAH - 1.05.0.00.0.00.04.0000,01KTE7YYC85R64HTX0RSAGBR6Y,66837395,2026,E-Katalog 6.0,APBD,DYA RAHAYU AISYAH PUTRI,E-Purchasing,Barang,Belanja Makanan dan Minuman Rapat,ON PROCESS,2400000,2400000
KAB. WAJO,RSUD LAMADDUKELLENG - 1.02.0.00.0.00.01.0001,01KVSMN3A86RCPX75VFBTAQ56P,65300982,2026,E-Katalog 6.0,BLUD,SAHABAT MITRA SENTOSA,E-Purchasing,Barang,Belanja Barang dan Jasa BLUD,ON PROCESS,19780200,0
KAB. WAJO,KECAMATAN GILIRENG - 7.01.0.00.0.00.03.0000,01KV9JQB9XEAX7D2MWF844KREE,67310481,2026,E-Katalog 6.0,APBD,JUMRITA,E-Purchasing,Barang,Belanja Makan dan Minuman Rapat,ON PROCESS,5000000,5000000
KAB. WAJO,"DINAS KOMUNIKASI, INFORMATIKA DAN STATISTIK - 2.16.2.20.2.21.02.0000",01KN3J9HWSER9Z199BWTV94BMB,65606990,2026,E-Katalog 6.0,APBD,MAMMIRI CITRA MEDIA,E-Purchasing,Barang,Belanja Kawat/Faksimili/Internet/TV Berlangganan - Relasi Media ,ON PROCESS,2125000,2125000
KAB. WAJO,DINAS PERTANIAN DAN KETAHANAN PANGAN - 2.09.3.27.0.00.02.0000,01KPDGTKD2HF3DH2QRMYGQ5D4H,66410657,2026,E-Katalog 6.0,APBD,"ANDI DILAYANTI, S.E.",E-Purchasing,Barang,Belanja Alat/Bahan untuk Kegiatan Kantor-Alat Tulis Kantor,ON PROCESS,9024855,9024855
KAB. WAJO,PUSKESMAS PAMMANA - 1.02.0.00.0.00.01.0009,01KW8EPNX5RHFGZZGGPYR6P8R0,65993330,2026,E-Katalog 6.0,APBD,PRIMARY PERSADA MEDIKA,E-Purchasing,Barang,Belanja Barang dan Jasa BLUD,ON PROCESS,25109144,25109144
KAB. WAJO,BADAN PENGELOLAAN KEUANGAN DAN PENDAPATAN DAERAH - 5.02.0.00.0.00.01.0000,01KW8KPWV8V95V7JC13GKPDNB0,63371031,2026,E-Katalog 6.0,APBD,LISDAFIK,E-Purchasing,Barang,Belanja Alat/Bahan untuk Kegiatan Kantor-Alat Tulis Kantor,ON PROCESS,8684500,8684500
KAB. WAJO,PUSKESMAS SAJOANGING - 1.02.0.00.0.00.01.0012,01KQBC44M4077EZTAC156FP80N,66621191,2026,E-Katalog 6.0,APBD,SALWA NABILAH IDRIS,E-Purchasing,Barang,Belanja barang dan Jasa BOK Puskesmas pada sub kegiatan Pengelolaan Pelayanan Kesehatan Gizi Masyarakat,ON PROCESS,478000,478000
KAB. WAJO,PUSKESMAS PENRANG - 1.02.0.00.0.00.01.0014,01KQYKPVM99J66RSKSXDW8S0CH,66069389,2026,E-Katalog 6.0,APBD,FEBY RUDISRA,E-Purchasing,Barang,Belanja Barang dan Jasa BLUD,ON PROCESS,10338388,10338388
KAB. WAJO,PUSKESMAS SAJOANGING - 1.02.0.00.0.00.01.0012,01KNVS74EFVPCRTTKGPA7SXS9R,66203175,2026,E-Katalog 6.0,APBD,SALWA NABILAH IDRIS,E-Purchasing,Barang,Belanja Barang dan Jasa BLUD,ON PROCESS,1345500,1345500
KAB. WAJO,PUSKESMAS PAMMANA - 1.02.0.00.0.00.01.0009,01KVYJJATHS0B3SK7ZMRN9VMZ1,65993330,2026,E-Katalog 6.0,APBD,BUMI MEDIKA INDONESIA,E-Purchasing,Barang,Belanja Barang dan Jasa BLUD,ON PROCESS,11191020,11191020
KAB. WAJO,PUSKESMAS PATTIROSOMPE - 1.02.0.00.0.00.01.0007,01KS74QW04VTNRSVQ0DE9RC1WE,66629773,2026,E-Katalog 6.0,APBD,ANDI AZIS ASHAR,E-Purchasing,Barang,Belanja Barang dan Jasa BOK Puskesmas Sub Kegiatan Bimbingan Teknis dan Supervisi Pengembangan dan Pelaksanaan Upaya Kesehatan Bersumber Daya Masyarakat (UKBM),ON PROCESS,573600,573600
KAB. WAJO,BADAN KESATUAN BANGSA DAN POLITIK - 8.01.0.00.0.00.01.0000,01KWGWJ39ER2Z3QPTMBBV688DQ,63062752,2026,E-Katalog 6.0,APBD,MUSTAFA HI. BANDUNG,E-Purchasing,Barang,Belanja Makanan dan Minuman Aktivitas Lapangan,ON PROCESS,1434000,1434000
KAB. WAJO,RSUD LAMADDUKELLENG - 1.02.0.00.0.00.01.0001,01KJC6YMS3FHK2J5R9ABPEBHWK,65300982,2026,E-Katalog 6.0,BLUD,DANKOS FARMA,E-Purchasing,Barang,Belanja Barang dan Jasa BLUD,ON PROCESS,862470,862470
KAB. WAJO,SEKRETARIAT DAERAH - 4.01.0.00.0.00.01.0000,01KT318VXXP3N8P14YAZFK8DS2,63636068,2026,E-Katalog 6.0,APBD,ANDI ERNA,E-Purchasing,Barang,Belanja Natura dan Pakan-Natura,ON PROCESS,4800000,4800000
KAB. WAJO,BADAN PENGELOLAAN KEUANGAN DAN PENDAPATAN DAERAH - 5.02.0.00.0.00.01.0000,01KMYPBDXFDJC5C0BJE4BFEBJA,63367386,2026,E-Katalog 6.0,APBD,LISDAFIK,E-Purchasing,Barang,Belanja Alat/Bahan untuk Kegiatan Kantor-Alat Tulis Kantor,ON PROCESS,120000,120000
KAB. WAJO,SEKRETARIAT DAERAH - 4.01.0.00.0.00.01.0000,01KP3DHB78MCF6EDJY5SER38WG,63636744,2026,E-Katalog 6.0,APBD,ANDI ERNA,E-Purchasing,Barang,Belanja Natura dan Pakan-Natura,ON PROCESS,1600000,1600000
KAB. WAJO,KECAMATAN KEERA - 7.01.0.00.0.00.04.0000,01KP2SG2HWJMGFVX3PA6DQJ9ME,65624662,2026,E-Katalog 6.0,APBD,NOVI ASTIKA,E-Purchasing,Barang,Penyediaan Jasa Pelayanan Umum Kantor,ON PROCESS,1000000,1000000
KAB. WAJO,SEKRETARIAT DAERAH - 4.01.0.00.0.00.01.0000,01KR0KS57D2ZMPDZTWBW0TEC5C,63636068,2026,E-Katalog 6.0,APBD,ANDI ERNA,E-Purchasing,Barang,Belanja Natura dan Pakan-Natura,ON PROCESS,238500,238500
KAB. WAJO,PUSKESMAS TAKKALALLA - 1.02.0.00.0.00.01.0011,01KTNH5V1JX22KNKEJQH39BW4T,66009374,2026,E-Katalog 6.0,APBD,SITTI AISYAH,E-Purchasing,Barang,"Belanja Barang dan Jasa BOK Puskesmas Sub Kegiatan Peningkatan Upaya Promosi Kesehatan, Advokasi, Kemitraan dan Pemberdayaan Masyarakat",ON PROCESS,225000,225000
KAB. WAJO,DINAS KESEHATAN - 1.02.0.00.0.00.01.0000,01KP87F8VCFCMRFFK4FG14VHR0,66827272,2026,E-Katalog 6.0,APBD,ARSYAD M,E-Purchasing,Barang,Belanja Alat/Bahan untuk Kegiatan Kantor- Bahan Cetak pada sub kegiatan Pemeriksaan Post Market pada Produk Makanan-Minuman Industri Rumah Tangga yang Beredar dan Pengawasan serta Tindak Lanjut Pengawasan,ON PROCESS,239760,239760
KAB. WAJO,BADAN KESATUAN BANGSA DAN POLITIK - 8.01.0.00.0.00.01.0000,01KNJS3A9E4072A9GJQRGDMHNT,63062752,2026,E-Katalog 6.0,APBD,MUSTAFA HI. BANDUNG,E-Purchasing,Barang,Belanja Makanan dan Minuman Aktivitas Lapangan,ON PROCESS,1426000,1426000
KAB. WAJO,PUSKESMAS PENRANG - 1.02.0.00.0.00.01.0014,01KQRZDYB2M82N37MCZAS3DWBZ,66095372,2026,E-Katalog 6.0,APBD,ANDI JUNENNI,E-Purchasing,Barang,Belanja barang dan jasa BOK puskesmas pada sub kegiatan Pengelolaan Pelayanan Kesehatan Gizi Masyarakat,ON PROCESS,2380500,2380500
KAB. WAJO,BADAN KESATUAN BANGSA DAN POLITIK - 8.01.0.00.0.00.01.0000,01KTX6MXPGZNDTRXHPFKDC2KH4,63062320,2026,E-Katalog 6.0,APBD,MUSTAFA HI. BANDUNG,E-Purchasing,Barang,Belanja Makanan dan Minuman Rapat,ON PROCESS,2390000,2390000
KAB. WAJO,SEKRETARIAT DAERAH - 4.01.0.00.0.00.01.0000,01KVW5BQH42XYVYH1J8F3WYM9F,65287975,2026,E-Katalog 6.0,APBD,TENRI MAWAR,E-Purchasing,Barang,Belanja Sewa Kendaraan Bermotor Angkutan Barang,ON PROCESS,11000000,11000000
KAB. WAJO,DINAS LINGKUNGAN HIDUP - 2.11.0.00.0.00.01.0000,01KH2VXHR9R47J79TNM6X37YDA,64554430,2026,E-Katalog 6.0,APBD,HASDIMAN,E-Purchasing,Barang,Belanja alat bahan untuk kegiatan kantor alat tulis kantor,ON PROCESS,1439000,1439000
KAB. WAJO,KECAMATAN SABBANGPARU - 7.01.0.00.0.00.10.0000,01KPYHYXRB77HGSBE9HJ79ZT84,65655545,2026,E-Katalog 6.0,APBD,ASTI WAHYUNI,E-Purchasing,Barang,Belanja Makanan dan Minuman Rapat Kegiatan Penyediaan Jasa Pelayanan Umum Kantor,ON PROCESS,860000,860000
KAB. WAJO,KECAMATAN PAMMANA - 7.01.0.00.0.00.07.0000,01KPJZ2PZWHX57T91ZD720VKHC,65756780,2026,E-Katalog 6.0,APBD,ANDI ERNA,E-Purchasing,Barang,Belanja Makanan dan Minuman Rapat ,ON PROCESS,4704000,4704000
KAB. WAJO,PUSKESMAS GILIRENG - 1.02.0.00.0.00.01.0019,01KWK575707PZ8NWCK6TQNZMTE,66073569,2026,E-Katalog 6.0,APBD,GEDDONG,E-Purchasing,Barang,Belanja Barang dan Jasa BOK Puskesmas pada Sub Kegiatan Pengelolaan Pelayanan Kesehatan Ibu Hamil,ON PROCESS,268500,268500
KAB. WAJO,RSUD SIWA - 1.02.0.00.0.00.01.0002,01KR35T2HMHCG1K4W8A8KJ6P3X,66883851,2026,E-Katalog 6.0,BLUD,PERUSAHAAN PERSEROAN (PERSERO) PT KIMIA FARMA,E-Purchasing,Barang,Belanja Barang dan Jasa BLUD,ON PROCESS,613319,613319
KAB. WAJO,RSUD LAMADDUKELLENG - 1.02.0.00.0.00.01.0001,01KW93GNZ1M2EDA7890G84H2NV,65300982,2026,E-Katalog 6.0,BLUD,MERCK,E-Purchasing,Barang,Belanja Barang dan Jasa BLUD,ON PROCESS,4608720,0
KAB. WAJO,BADAN PENANGGGULANGAN BENCANA DAERAH - 1.05.0.00.0.00.04.0000,01KR0JTEACE7E5T8P2SGXR1NS4,66843258,2026,E-Katalog 6.0,APBD,ANDI AKHYAR SULAIMAN,E-Purchasing,Barang,Belanja Alat/Bahan untuk Kegiatan Kantor- Bahan Cetak,ON PROCESS,760000,760000
KAB. WAJO,KELURAHAN GILIRENG - 7.01.0.00.0.00.03.0001,01KVSHJBN34EQAF7H6K9E9DXRK,67263029,2026,E-Katalog 6.0,APBD,ANDI AKHYAR SULAIMAN,E-Purchasing,Barang,Belanja Alat/Bahan untuk Kegiatan Kantor-Alat Tulis Kantor,ON PROCESS,1988999,1988999
KAB. WAJO,PUSKESMAS TOSORA - 1.02.0.00.0.00.01.0016,01KPMV53A3NKGZMVG9NWPZ5KWD,66114293,2026,E-Katalog 6.0,APBD,ARSYAD M,E-Purchasing,Barang,Belanja Barang dan Jasa BLUD,ON PROCESS,1200000,1200000
KAB. WAJO,PUSKESMAS PATTIROSOMPE - 1.02.0.00.0.00.01.0007,01KQ6V0T4DXK8BCN98WY2C45YX,66629976,2026,E-Katalog 6.0,APBD,ANDI AZIS ASHAR,E-Purchasing,Barang,Sub Kegiatan Pengelolaan Pelayanan Kesehatan Gizi Masyarakat,ON PROCESS,1434000,1434000
KAB. WAJO,PUSKESMAS PITUMPANUA - 1.02.0.00.0.00.01.0024,01KQBCVRY4Z6YNJGVANAZ0WXMJ,66786925,2026,E-Katalog 6.0,APBD,ANDI JUNENNI,E-Purchasing,Barang,Belanja Barang dan Jasa BOK Puskesmas Pada Sub Kegiatan pengelolaan pelayanan kesehatan gizi masyarakat,ON PROCESS,5162400,5162400
KAB. WAJO,"DINAS PEMUDA, OLAHRAGA DAN PARIWISATA - 2.19.3.26.0.00.02.0000",01KSEX67P05DN35SRYP6YYD54G,63936103,2026,E-Katalog 6.0,APBD,ANDI AKHYAR SULAIMAN,E-Purchasing,Barang,Belanja Alat/Bahan untuk Kegiatan Kantor-Alat Tulis Kantor Kegiatan Penyediaan Jasa Surat Menyurat,ON PROCESS,12133985,12133985
KAB. WAJO,RSUD SIWA - 1.02.0.00.0.00.01.0002,01KSF5P9P1JZW2J5JZ7VR1M9HD,66877437,2026,E-Katalog 6.0,BLUD,DENTSPLY SIRONA INDONESIA,E-Purchasing,Barang,Belanja Modal Peralatan dan Mesin BLUD,ON PROCESS,49395000,0
KAB. WAJO,PUSKESMAS TAKKALALLA - 1.02.0.00.0.00.01.0011,01KPWJEZDPABQESP1DZ9Z8GQGF,66026020,2026,E-Katalog 6.0,APBD,SITTI AISYAH,E-Purchasing,Barang,Belanja Barang dan Jasa BOK Puskesmas Sub Kegiatan Bimbingan Teknis dan Supervisi Pengembangan dan Pelaksanaan Upaya Kesehatan Bersumber Daya Masyarakat (UKBM),ON PROCESS,225000,225000
KAB. WAJO,"SATUAN POLISI PAMONG PRAJA, PEMADAM KEBAKARAN DAN PENYELAMATAN - 1.05.0.00.0.00.01.0000",01KSHJW4XNX9YHWJRKPHXN87W1,64219803,2026,E-Katalog 6.0,APBD,DARNAWATI,E-Purchasing,Barang,Belanja Makanan dan Minuman Aktivitas Lapangan,ON PROCESS,837200,837200
KAB. WAJO,PUSKESMAS BELAWA - 1.02.0.00.0.00.01.0025,01KTRBTX2VZ73F7M3NB14E88D7,66750913,2026,E-Katalog 6.0,APBD,MASDAWATI,E-Purchasing,Barang,Belanja Barang dan Jasa BOK Puskesmas pada sub kegiatan Pengelolaan Pelayanan Kesehatan Ibu Hamil,ON PROCESS,195000,195000
KAB. WAJO,DINAS KESEHATAN - 1.02.0.00.0.00.01.0000,01KQXCBJJ256S6GNF79AA02DPN,66768684,2026,E-Katalog 6.0,APBD,BUANA MEGA KUALITASINDO,E-Purchasing,Barang,Belanja Modal Alat Kesehatan Umum Lainnya pada Pengadaan Alat Kesehatan-Alat Penunjang Medik Fasilitas Pelayanan Kesehatan,ON PROCESS,269744985,269744985
KAB. WAJO,RSUD SIWA - 1.02.0.00.0.00.01.0002,01KPX5DZKGB6DHW1KAJWYB42EA,66883851,2026,E-Katalog 6.0,BLUD,MERCK,E-Purchasing,Barang,Belanja Barang dan Jasa BLUD,ON PROCESS,1177488,1177488
KAB. WAJO,RSUD LAMADDUKELLENG - 1.02.0.00.0.00.01.0001,01KST1CR3TV4RBP4NKZG0S310T,65300982,2026,E-Katalog 6.0,BLUD,TRIMAN,E-Purchasing,Barang,Belanja Barang dan Jasa BLUD,ON PROCESS,3888330,3888330
KAB. WAJO,SEKRETARIAT DAERAH - 4.01.0.00.0.00.01.0000,01KNR095N3AD16S8EEEEDPV0Q2,63637419,2026,E-Katalog 6.0,APBD,ANDI ROHANA,E-Purchasing,Barang,Belanja Alat/Bahan untuk Kegiatan Kantor- Suvenir/Cendera Mata,ON PROCESS,4500000,4500000
KAB. WAJO,PUSKESMAS PENRANG - 1.02.0.00.0.00.01.0014,01KTB2J2C4ZXG4HTDW8T6JYCJ1,66076986,2026,E-Katalog 6.0,APBD,ANDI JUNENNI,E-Purchasing,Barang,Belanja barang dan jasa BOK puskesmas pada sub kegiatan Pengelolaan Pelayanan Kesehatan Ibu Hamil,ON PROCESS,304300,304300
KAB. WAJO,PUSKESMAS GILIRENG - 1.02.0.00.0.00.01.0019,01KRDP0BZ1FM88ERZ264Y5CX0S,66073569,2026,E-Katalog 6.0,APBD,GEDDONG,E-Purchasing,Barang,Belanja Barang dan Jasa BOK Puskesmas pada Sub Kegiatan Pengelolaan Pelayanan Kesehatan Ibu Hamil,ON PROCESS,268500,268500
KAB. WAJO,PUSKESMAS SOLO - 1.02.0.00.0.00.01.0010,01KPD32EQ1SHC889H2G4JGSV9B,66023206,2026,E-Katalog 6.0,APBD,NURFAIDAH,E-Purchasing,Barang,Belanja barang dan jasa BOK puskesmas pada sub kegiatan Pengelolaan Pelayanan Kesehatan Ibu Hamil,ON PROCESS,225000,225000
KAB. WAJO,DINAS LINGKUNGAN HIDUP - 2.11.0.00.0.00.01.0000,01KPZ0HPFM0SC9P2C0D95FX174,65712015,2026,E-Katalog 6.0,APBD,SUDWIKATMONO,E-Purchasing,Barang,Belanja Pemeliharaan Alat Angkutan-Alat Angkutan Darat Bermotor-Kendaraan Bermotor Angkutan Barang,ON PROCESS,22145610,22145610
KAB. WAJO,BADAN KESATUAN BANGSA DAN POLITIK - 8.01.0.00.0.00.01.0000,01KSEN2MN2Z5P61PEPQSR4N3D3,63247545,2026,E-Katalog 6.0,APBD,ANDI ERNA,E-Purchasing,Barang,Belanja Makanan dan Minuman Aktivitas Lapangan,ON PROCESS,895000,895000
KAB. WAJO,KECAMATAN MANIANGPAJO - 7.01.0.00.0.00.06.0000,01KPT3EC9Z9BF82GE75RC7DMXA,66179070,2026,E-Katalog 6.0,APBD,JUMRITA,E-Purchasing,Barang,Belanja Makanan dan Minuman Aktivitas Lapangan,ON PROCESS,2415000,2415000
KAB. WAJO,PUSKESMAS TANASITOLO - 1.02.0.00.0.00.01.0017,01KP868WM8ZRCQFVPGKNDT3QTJ,66682556,2026,E-Katalog 6.0,APBD,MUHAMMAD ZULKARNAIN,E-Purchasing,Barang,Belanja Barang dan Jasa  BOK Puskesmas Pada Sub Kegiatan Pengelolaan Pelayanan Kesehatan Ibu Hamil,ON PROCESS,300000,300000
KAB. WAJO,KECAMATAN TEMPE - 7.01.0.00.0.00.14.0000,01KTTRFJ8XMBDZXBE9F8F4WE50,64726060,2026,E-Katalog 6.0,APBD,ANDI ERNA,E-Purchasing,Barang,Belanja Makanan dan Minuman Rapat,ON PROCESS,1610000,1610000
KAB. WAJO,KECAMATAN TEMPE - 7.01.0.00.0.00.14.0000,01KJ9QF2S8357962B0WJXHRKNH,64763022,2026,E-Katalog 6.0,APBD,ANDI AKHYAR SULAIMAN,E-Purchasing,Barang,Belanja Alat/Bahan untuk Kegiatan Kantor- Bahan Cetak,ON PROCESS,1500000,1500000
KAB. WAJO,KELURAHAN MACERO - 7.01.0.00.0.00.01.0002,01KT8ANWR5MKKSCKA92F4DXQ5C,67145279,2026,E-Katalog 6.0,APBD,ANDI WIDYASTUTI ,E-Purchasing,Barang,Penyediaan Jasa Surat Menyurat,ON PROCESS,2111040,2111040
KAB. WAJO,RSUD LAMADDUKELLENG - 1.02.0.00.0.00.01.0001,01KSSBZB9SRG36CB9SK5NB70BX,65300982,2026,E-Katalog 6.0,BLUD,DAYA MUDA AGUNG,E-Purchasing,Barang,Belanja Barang dan Jasa BLUD,ON PROCESS,7492500,7492500
KAB. WAJO,BADAN KESATUAN BANGSA DAN POLITIK - 8.01.0.00.0.00.01.0000,01KRAH4PCTCKY09Z3Q48ARFP2W,63063454,2026,E-Katalog 6.0,APBD,DYA RAHAYU AISYAH PUTRI,E-Purchasing,Barang,Belanja Makanan dan Minuman Rapat,ON PROCESS,8791000,8791000
KAB. WAJO,DINAS KESEHATAN - 1.02.0.00.0.00.01.0000,01KSETVTRB2YJ85C4D6WKB386S,66775800,2026,E-Katalog 6.0,APBD,FEBY RUDISRA,E-Purchasing,Barang,Belanja Alat/Bahan untuk Kegiatan Kantor-Alat Tulis Kantor pada sub kegiatan Pengelolaan Pelayanan Promosi Kesehatan,ON PROCESS,429891,429891
KAB. WAJO,"DINAS KOMUNIKASI, INFORMATIKA DAN STATISTIK - 2.16.2.20.2.21.02.0000",01KWJN2J4JQJ0KCDCAS8T2T46Z,65606990,2026,E-Katalog 6.0,APBD,INILAH MEDIA NASIONAL,E-Purchasing,Barang,Belanja Kawat/Faksimili/Internet/TV Berlangganan - Relasi Media ,ON PROCESS,5099962,5099962
KAB. WAJO,DINAS KESEHATAN - 1.02.0.00.0.00.01.0000,01KP3GP1T4SGZASM2CSGTHJN5V,66827323,2026,E-Katalog 6.0,APBD,PERUSAHAAN PERSEROAN (PERSERO) PT KIMIA FARMA,E-Purchasing,Barang,"Belanja Obat-Obatan-Obat pada sub kegiatan Pengadaan Obat, Bahan Habis Pakai, Bahan Medis Habis Pakai,, Vaksin, Makanan dan Minuman di Fasilitas Kesehatan",ON PROCESS,71659380,71659380
KAB. WAJO,PUSKESMAS TAKKALALLA - 1.02.0.00.0.00.01.0011,01KVYH6JXGQE9T0PZGGTAY477S,66026020,2026,E-Katalog 6.0,APBD,SITTI AISYAH,E-Purchasing,Barang,Belanja Barang dan Jasa BOK Puskesmas Sub Kegiatan Bimbingan Teknis dan Supervisi Pengembangan dan Pelaksanaan Upaya Kesehatan Bersumber Daya Masyarakat (UKBM),ON PROCESS,225000,225000
KAB. WAJO,PUSKESMAS SABBANGPARU - 1.02.0.00.0.00.01.0003,01KRT61V1FM6QQ3E025G3BHB3K,66481720,2026,E-Katalog 6.0,APBD,ASTI WAHYUNI,E-Purchasing,Barang,Belanja Barang dan Jasa BLUD,ON PROCESS,390000,390000
KAB. WAJO,KECAMATAN GILIRENG - 7.01.0.00.0.00.03.0000,01KRYYBGAB16Z44H38Y17SBDSD,67141943,2026,E-Katalog 6.0,APBD,ANDI AKHYAR SULAIMAN,E-Purchasing,Barang,Belanja Alat/Bahan untuk Kegiatan Kantor-Alat Tulis Kantor,ON PROCESS,588000,588000
KAB. WAJO,DINAS LINGKUNGAN HIDUP - 2.11.0.00.0.00.01.0000,01KRFGX3J05RW43J7456037YJZ,67118056,2026,E-Katalog 6.0,APBD,TRAKTOR NUSANTARA PERKASA,E-Purchasing,Barang,Belanja modal alat besar,ON PROCESS,1972137000,0
KAB. WAJO,DINAS TENAGA KERJA DAN TRANSMIGRASI - 2.07.3.32.0.00.02.0000,01KP7T4JBEGQDHVX0DE0VY72GW,66838238,2026,E-Katalog 6.0,APBD,SALMAWATI DAI,E-Purchasing,Barang,Belanja Alat/Bahan untuk Kegiatan Kantor- Bahan Cetak,ON PROCESS,3334060,3334060
KAB. WAJO,KECAMATAN PAMMANA - 7.01.0.00.0.00.07.0000,01KJ22RS1JSTMJ34V9BF3EP3HB,65752576,2026,E-Katalog 6.0,APBD,ANDI ROHANA,E-Purchasing,Barang,Belanja Barang Pakai Habis,ON PROCESS,1604993,1604993
KAB. WAJO,"SATUAN POLISI PAMONG PRAJA, PEMADAM KEBAKARAN DAN PENYELAMATAN - 1.05.0.00.0.00.01.0000",01KPMWE0GR0BYG8WZ6HCE9K9MQ,64219424,2026,E-Katalog 6.0,APBD,DARNAWATI,E-Purchasing,Barang,Belanja Makanan dan Minuman Aktivitas Lapangan,ON PROCESS,538000,538000
KAB. WAJO,PUSKESMAS GILIRENG - 1.02.0.00.0.00.01.0019,01KNVH5337NN228MNGEB3D0YBW,66073569,2026,E-Katalog 6.0,APBD,GEDDONG,E-Purchasing,Barang,Belanja Barang dan Jasa BOK Puskesmas pada Sub Kegiatan Pengelolaan Pelayanan Kesehatan Ibu Hamil,ON PROCESS,268500,268500
KAB. WAJO,DINAS KESEHATAN - 1.02.0.00.0.00.01.0000,01KPR672SZS2CZM8YXSFA7QE0K,66827272,2026,E-Katalog 6.0,APBD,ARSYAD M,E-Purchasing,Barang,Belanja Alat/Bahan untuk Kegiatan Kantor- Bahan Cetak pada sub kegiatan Pemeriksaan Post Market pada Produk Makanan-Minuman Industri Rumah Tangga yang Beredar dan Pengawasan serta Tindak Lanjut Pengawasan,ON PROCESS,1999443,1999443
KAB. WAJO,RSUD LAMADDUKELLENG - 1.02.0.00.0.00.01.0001,10923455000,66946297,2026,Non Tender,BLUD,General Konsultan,Penunjukan Langsung,Jasa Konsultansi Badan Usaha Non Konstruksi,PENYUSUNAN AMDAL RSUD,BERLANGSUNG,492927690,492927690
KAB. WAJO,RSUD LAMADDUKELLENG - 1.02.0.00.0.00.01.0001,01KKTPSZH4330PMNRKCNHQZJBA,65300982,2026,E-Katalog 6.0,BLUD,SANZAYA MEDIKA PRATAMA,E-Purchasing,Barang,Belanja Barang dan Jasa BLUD,ON PROCESS,2499998,2499998
KAB. WAJO,DINAS PERUMAHAN DAN KAWASAN PERMUKIMAN - 1.04.0.00.0.00.01.0000,01KSE96XK97PYPPQDDS4RTNJ3Q,67181320,2026,E-Katalog 6.0,APBD,ANDI AKHYAR SULAIMAN,E-Purchasing,Barang,Belanja Alat Tulis Kantor pada Kegiatan Penyusunan Perencanaan Kebutuhan Barang Milik Daerah SKPD,ON PROCESS,740500,740500
KAB. WAJO,"SATUAN POLISI PAMONG PRAJA, PEMADAM KEBAKARAN DAN PENYELAMATAN - 1.05.0.00.0.00.01.0000",01KGK6CBV1NN54TPY87HV4GQ7M,64063868,2026,E-Katalog 6.0,APBD,ANDI MAKKULAWU,E-Purchasing,Barang,Belanja Alat/Bahan untuk Kegiatan Kantor-Alat Tulis Kantor,ON PROCESS,3181260,3181260
KAB. WAJO,KECAMATAN TEMPE - 7.01.0.00.0.00.14.0000,01KP5ZVGGKEEWS9F62AMXJ4V47,64761753,2026,E-Katalog 6.0,APBD,ANDI AKHYAR SULAIMAN,E-Purchasing,Barang,Belanja Alat/Bahan untuk Kegiatan Kantor- Bahan Cetak,ON PROCESS,1050000,1050000
KAB. WAJO,PUSKESMAS PATTIROSOMPE - 1.02.0.00.0.00.01.0007,01KPB4BRC65DJCMB8HXQMW103M,66629961,2026,E-Katalog 6.0,APBD,ANDI AZIS ASHAR,E-Purchasing,Barang,Sub Kegiatan Pengelolaan Pelayanan Kesehatan Ibu Hamil,ON PROCESS,268500,268500
KAB. WAJO,DINAS LINGKUNGAN HIDUP - 2.11.0.00.0.00.01.0000,01KJVVKASYT3C12YHF9J03T2B5,65712478,2026,E-Katalog 6.0,APBD,SAHAJA ATMA ADIPATI,E-Purchasing,Jasa Lainnya,Belanja Jasa yang Diberikan kepada Pihak Ketiga/Lain,ON PROCESS,1663810000,1663810000
KAB. WAJO,INSPEKTORAT DAERAH - 6.01.0.00.0.00.01.0000,01KRFTNM7AG167TCP7DG0DYCB3,67008084,2026,E-Katalog 6.0,APBD,AQILAHDAFFA,E-Purchasing,Barang,Belanja Alat/Bahan untuk Kegiatan Kantor-Perabot Kantor,ON PROCESS,2393200,2393200
KAB. WAJO,BADAN KESATUAN BANGSA DAN POLITIK - 8.01.0.00.0.00.01.0000,01KH38KNJX0VDHK4GBJ8DR8HPP,63063544,2026,E-Katalog 6.0,APBD,HASDIMAN,E-Purchasing,Barang,Belanja Alat/Bahan untuk Kegiatan Kantor-Benda Pos,ON PROCESS,330000,330000
KAB. WAJO,KELURAHAN LAELO - 7.01.0.00.0.00.14.0005,01KRZH5BVY4EPR1Q2JH9YW0H0A,66967704,2026,E-Katalog 6.0,APBD,ANANCI,E-Purchasing,Barang,Penyediaan Jasa Surat Menyurat,ON PROCESS,6331000,6331000
KAB. WAJO,RSUD LAMADDUKELLENG - 1.02.0.00.0.00.01.0001,01KVW43NPFWM72FGN34FP1C1QT,65300982,2026,E-Katalog 6.0,BLUD,SOLAS LANGGENG SEJAHTERA,E-Purchasing,Barang,Belanja Barang dan Jasa BLUD,ON PROCESS,3885000,3885000
KAB. WAJO,DINAS KESEHATAN - 1.02.0.00.0.00.01.0000,01KVYAQFQQEYM5VQM8XJPHZMG2,66775952,2026,E-Katalog 6.0,APBD,ASTI WAHYUNI,E-Purchasing,Barang,Belanja Makanan dan Minuman Rapat pada sub kegiatan Pengelolan Upaya Kesehatan Ibu dan Anak,ON PROCESS,732000,732000
KAB. WAJO,SEKRETARIAT DAERAH - 4.01.0.00.0.00.01.0000,01KGSM279NX4D7YG6NPJSRR4PG,63636744,2026,E-Katalog 6.0,APBD,ANDI NIRWANA,E-Purchasing,Barang,Belanja Natura dan Pakan-Natura,ON PROCESS,32940000,32940000
KAB. WAJO,"DINAS PEKERJAAN UMUM, PENATAAN RUANG DAN PERTANAHAN - 1.03.2.10.0.00.01.0000",10861386000,66815914,2026,Non Tender,APBD,REZI ALTHAANI CONSULTANT,Pengadaan Langsung,Jasa Konsultansi Badan Usaha Konstruksi,Perencanaan Pembangunan Sumur Air Tanah untuk Air Baku,SELESAI,26931153,26931153
KAB. WAJO,"DINAS KOMUNIKASI, INFORMATIKA DAN STATISTIK - 2.16.2.20.2.21.02.0000",01KJETEA0ZXFSCDX7NQNT1D28G,65606990,2026,E-Katalog 6.0,APBD,MEDIA LENTERA BANGSA,E-Purchasing,Barang,Belanja Kawat/Faksimili/Internet/TV Berlangganan - Relasi Media ,ON PROCESS,2125000,2125000
KAB. WAJO,"DINAS KOMUNIKASI, INFORMATIKA DAN STATISTIK - 2.16.2.20.2.21.02.0000",01KWJNS6E4BJKFYSHEKEGW9ANE,65606990,2026,E-Katalog 6.0,APBD,BERWA MULTIMEDIA GRUP,E-Purchasing,Barang,Belanja Kawat/Faksimili/Internet/TV Berlangganan - Relasi Media ,ON PROCESS,15000000,15000000
KAB. WAJO,DINAS PERIKANAN - 3.25.0.00.0.00.01.0000,01KPQG68244Y7BCG7H1GB08K17,63917947,2026,E-Katalog 6.0,APBD,FADLIAH MAPPANGANRO,E-Purchasing,Barang,Belanja Alat/Bahan untuk Kegiatan Kantor-Alat Tulis Kantor kegiatan peningkatan ketersediaan ikan untuk komsumsi dan usaha pengolahan,ON PROCESS,599000,599000
KAB. WAJO,"SATUAN POLISI PAMONG PRAJA, PEMADAM KEBAKARAN DAN PENYELAMATAN - 1.05.0.00.0.00.01.0000",01KGJZE2TE35FWG7DMAXCJ99WK,64200878,2026,E-Katalog 6.0,APBD,IVA YULIANTI,E-Purchasing,Barang,Belanja Makanan dan Minuman Rapat,ON PROCESS,1372500,1372500
KAB. WAJO,RSUD LAMADDUKELLENG - 1.02.0.00.0.00.01.0001,01KSRP2YYY9GB77CTK8Y1X1T3B,65300982,2026,E-Katalog 6.0,BLUD,SANBE FARMA,E-Purchasing,Barang,Belanja Barang dan Jasa BLUD,ON PROCESS,30589380,30589380
KAB. WAJO,PUSKESMAS TANASITOLO - 1.02.0.00.0.00.01.0017,01KRAPR69PT9YYX6FQC41FF8VV,66682556,2026,E-Katalog 6.0,APBD,MUHAMMAD ZULKARNAIN,E-Purchasing,Barang,Belanja Barang dan Jasa  BOK Puskesmas Pada Sub Kegiatan Pengelolaan Pelayanan Kesehatan Ibu Hamil,ON PROCESS,300000,300000
KAB. WAJO,KELURAHAN BULUPABBULU - 7.01.0.00.0.00.14.0016,01KV9HNN4YDMQKGH0EEQF1Z9CF,66976973,2026,E-Katalog 6.0,APBD,CINTA ALAM RAYA,E-Purchasing,Barang,Belanja Modal Peralatan Komputer Lainnya,ON PROCESS,7198350,7198350
KAB. WAJO,"DINAS KOMUNIKASI, INFORMATIKA DAN STATISTIK - 2.16.2.20.2.21.02.0000",01KNNPZSR8BPMD74PGAJTMXAZH,65718399,2026,E-Katalog 6.0,APBD,ABDUL MUIZ,E-Purchasing,Jasa Lainnya,Belanja Jasa Tenaga Ahli - Penyusunan Konten,ON PROCESS,8000000,8000000
KAB. WAJO,"SATUAN POLISI PAMONG PRAJA, PEMADAM KEBAKARAN DAN PENYELAMATAN - 1.05.0.00.0.00.01.0000",01KGK92T37TGQN630H6T665GXN,64063871,2026,E-Katalog 6.0,APBD,ANDI MAKKULAWU,E-Purchasing,Barang,Belanja Alat/Bahan untuk Kegiatan Kantor-Benda Pos,ON PROCESS,599400,599400
KAB. WAJO,BADAN KEPEGAWAIAN DAN PENGEMBANGAN SUMBER DAYA MANUSIA - 5.03.5.04.0.00.01.0000,01KPADAM6Z1WA5GHR7F9VN3N30,64666126,2026,E-Katalog 6.0,APBD,"ANDI DILAYANTI, S.E.",E-Purchasing,Barang,Belanja Alat/Bahan untuk Kegiatan Kantor-Alat Listrik pada Kegiatan Pengelolaan Mutasi ASN,ON PROCESS,16214924,16214924
KAB. WAJO,KELURAHAN LAPONGKODA - 7.01.0.00.0.00.14.0015,01KR0MH4FPWHNH22BABB0WEYYX,67021639,2026,E-Katalog 6.0,APBD,CINTA ALAM RAYA,E-Purchasing,Barang,Belanja Modal Meja Kerja Pejabat,ON PROCESS,1900000,1900000
KAB. WAJO,PUSKESMAS TAKKALALLA - 1.02.0.00.0.00.01.0011,01KPWJ9K09BVFWS3MN2MC4MQY4,66025540,2026,E-Katalog 6.0,APBD,SITTI AISYAH,E-Purchasing,Barang,Belanja Barang dan Jasa BOK Puskesmas Sub Kegiatan Pengelolaan Pelayanan Kesehatan Ibu Hamil,ON PROCESS,180000,180000
KAB. WAJO,"SATUAN POLISI PAMONG PRAJA, PEMADAM KEBAKARAN DAN PENYELAMATAN - 1.05.0.00.0.00.01.0000",01KQER6JSTGVCQEM7C8M7KY32C,66910838,2026,E-Katalog 6.0,APBD,MEGAWATI,E-Purchasing,Barang,Belanja Makanan dan Minuman Aktivitas Lapangan,ON PROCESS,430400,430400
KAB. WAJO,KECAMATAN PENRANG - 7.01.0.00.0.00.08.0000,01KKSV5CNWDKPVKE3PW85QNZWK,66465279,2026,E-Katalog 6.0,APBD,ANDI AKHYAR SULAIMAN,E-Purchasing,Barang,Belanja Alat/Bahan untuk Kegiatan Kantor-Alat Tulis Kantor,ON PROCESS,496500,496500
KAB. WAJO,SEKRETARIAT DEWAN PERWAKILAN RAKYAT DAERAH - 4.02.0.00.0.00.01.0000,01KFQGXGTDHZ3J9B0DMHP5SG4R,63931768,2026,E-Katalog 6.0,APBD,BESSE WIDYASRINI,E-Purchasing,Barang,Belanja Sewa Bangunan Gedung Tempat Pertemuan Pelasksanaan Reses,ON PROCESS,2000000,2000000
KAB. WAJO,"DINAS PERINDUSTRIAN, PERDAGANGAN, KOPERASI, USAHA KECIL DAN MENENGAH - 2.17.3.30.3.31.01.0000",01KQF4SRVE6H77CYS1K8B396GV,65974387,2026,E-Katalog 6.0,APBD,TAMIYA NURUL WULANDA,E-Purchasing,Barang,Belanja Makanan dan Minuman Aktivitas Lapangan Pada Sub Kegiatan Pemantauan Harga dan Stok Barang Kebutuhan Pokok dan Barang Penting pada Pelaku Usaha Distribusi Barang dalam 1 (Satu) Kabupaten/Kota,ON PROCESS,1680000,1680000
KAB. WAJO,BADAN PENGELOLAAN KEUANGAN DAN PENDAPATAN DAERAH - 5.02.0.00.0.00.01.0000,01KT68MKEAGM83D4XP3EEEHPS0,63997776,2026,E-Katalog 6.0,APBD,LISDAFIK,E-Purchasing,Barang,Belanja Alat/Bahan untuk Kegiatan Kantor-Alat Tulis Kantor,ON PROCESS,848000,848000
KAB. WAJO,RSUD LAMADDUKELLENG - 1.02.0.00.0.00.01.0001,01KPQBXBEG1NAAH5CZ3W7H2JB6,65300982,2026,E-Katalog 6.0,BLUD,DUTA AFIAT,E-Purchasing,Barang,Belanja Barang dan Jasa BLUD,ON PROCESS,8058600,8058600
KAB. WAJO,RSUD LAMADDUKELLENG - 1.02.0.00.0.00.01.0001,01KN0ZQPAQMM3D8HZ953EHNPZC,65300982,2026,E-Katalog 6.0,BLUD,DEXA MEDICA,E-Purchasing,Barang,Belanja Barang dan Jasa BLUD,ON PROCESS,947718,0
KAB. WAJO,SEKRETARIAT DAERAH - 4.01.0.00.0.00.01.0000,01KQ9M1JJY6DHNYD3TF6G8KP7X,65287973,2026,E-Katalog 6.0,APBD,FITRIANI,E-Purchasing,Barang,Belanja Makanan dan Minuman Jamuan Tamu,ON PROCESS,953978,953978
KAB. WAJO,SEKRETARIAT DAERAH - 4.01.0.00.0.00.01.0000,01KTBGC243QH0FBHK42XQVQF7X,63636744,2026,E-Katalog 6.0,APBD,ANDI ERNA,E-Purchasing,Barang,Belanja Natura dan Pakan-Natura,ON PROCESS,95400,95400
KAB. WAJO,KECAMATAN SAJOANGING - 7.01.0.00.0.00.11.0000,01KQSFTB7NZJP2JF9HY80G9YS1,65380632,2026,E-Katalog 6.0,APBD,ANDI AKHYAR SULAIMAN,E-Purchasing,Barang,Koordinasi dan Penyusunan Laporan Capaian Kinerja dan Ikhtisar Realisasi Kinerja SKPD,ON PROCESS,444000,444000
KAB. WAJO,DINAS TENAGA KERJA DAN TRANSMIGRASI - 2.07.3.32.0.00.02.0000,01KTK4RDXX2QV18KGMGEQCKGS5,66615788,2026,E-Katalog 6.0,APBD,AQILAHDAFFA,E-Purchasing,Barang,Belanja Alat/Bahan untuk Kegiatan Kantor- Bahan Cetak,ON PROCESS,750000,750000
KAB. WAJO,"DINAS KOMUNIKASI, INFORMATIKA DAN STATISTIK - 2.16.2.20.2.21.02.0000",01KQGCRCWG0CJA6RGWM03FGDSZ,65718399,2026,E-Katalog 6.0,APBD,MUHAMMAD TASLIM,E-Purchasing,Jasa Lainnya,Belanja Jasa Tenaga Ahli - Penyusunan Konten,ON PROCESS,4000000,4000000
KAB. WAJO,SEKRETARIAT DAERAH - 4.01.0.00.0.00.01.0000,01KPDEZ2P5VPK5ZH41JMN33WC3,65287975,2026,E-Katalog 6.0,APBD,TENRI MAWAR,E-Purchasing,Barang,Belanja Sewa Kendaraan Bermotor Angkutan Barang,ON PROCESS,16500000,16500000
KAB. WAJO,PUSKESMAS PENRANG - 1.02.0.00.0.00.01.0014,01KTNSWD6X93ZPRK6HHS571TG4,66076986,2026,E-Katalog 6.0,APBD,ANDI JUNENNI,E-Purchasing,Barang,Belanja barang dan jasa BOK puskesmas pada sub kegiatan Pengelolaan Pelayanan Kesehatan Ibu Hamil,ON PROCESS,304300,304300
KAB. WAJO,PUSKESMAS MANIANGPAJO - 1.02.0.00.0.00.01.0021,01KTJPF8XM6FB7RNBX6CZ2V5YV,66071513,2026,E-Katalog 6.0,APBD,MASDAWATI,E-Purchasing,Barang,Belanja Barang dan Jasa BOK Puskesmas Pada Sub Kegiatan Pengelolaan Pelayanan Kesehatan Ibu Hamil,ON PROCESS,150000,150000
KAB. WAJO,BADAN PENGELOLAAN KEUANGAN DAN PENDAPATAN DAERAH - 5.02.0.00.0.00.01.0000,01KSEW9HE0GC2HPQCYXE4G6TRK,64000030,2026,E-Katalog 6.0,APBD,ANDI JUNENNI,E-Purchasing,Barang,Belanja Makanan dan Minuman Rapat,ON PROCESS,420000,420000
KAB. WAJO,KELURAHAN TEDDAOPU - 7.01.0.00.0.00.14.0014,01KRXAEKH6BHD01QT70EE3F3GG,66959629,2026,E-Katalog 6.0,APBD,ANANCI,E-Purchasing,Barang,Belanja Alat/Bahan untuk Kegiatan Kantor-Alat Tulis Kantor,ON PROCESS,5417100,5417100
KAB. WAJO,DINAS KESEHATAN - 1.02.0.00.0.00.01.0000,01KV9H3FS6D71W9VPWVBBCNTPN,66775699,2026,E-Katalog 6.0,APBD,ASTI WAHYUNI,E-Purchasing,Barang,Belanja Makanan dan Minuman Rapat pada sub kegiatan Pengelolaan Pelayanan Kesehatan Balita,ON PROCESS,2684000,2684000
KAB. WAJO,RSUD LAMADDUKELLENG - 1.02.0.00.0.00.01.0001,01KSEH6QG4WHX7NDRGQBQXHCX0,65300982,2026,E-Katalog 6.0,BLUD,GLOBAL DISPOMEDIKA,E-Purchasing,Barang,Belanja Barang dan Jasa BLUD,ON PROCESS,11488500,0
KAB. WAJO,KELURAHAN PAMMANA - 7.01.0.00.0.00.07.0002,01KRG8NPHHYVXDAQQQPMDTR7K5,66932781,2026,E-Katalog 6.0,APBD,RISMA,E-Purchasing,Barang,Belanja Alat/Bahan untuk Kegiatan Kantor-Alat Tulis Kantor,ON PROCESS,1923000,1923000
KAB. WAJO,PUSKESMAS MANIANGPAJO - 1.02.0.00.0.00.01.0021,01KW8GSTFCVSHW5JH1VSV1RMSW,66067847,2026,E-Katalog 6.0,APBD,NIA,E-Purchasing,Barang,Belanja Barang dan Jasa BLUD,ON PROCESS,510000,510000
KAB. WAJO,RSUD LAMADDUKELLENG - 1.02.0.00.0.00.01.0001,01KMQ9ED7T87V9EQPM4SD2VP1F,65300982,2026,E-Katalog 6.0,BLUD,DEXA MEDICA,E-Purchasing,Barang,Belanja Barang dan Jasa BLUD,ON PROCESS,16074576,16074576
KAB. WAJO,RSUD LAMADDUKELLENG - 1.02.0.00.0.00.01.0001,01KSSZQHW5B5DJTFJSH0ZR1220,65300982,2026,E-Katalog 6.0,BLUD,NOVAPHARIN,E-Purchasing,Barang,Belanja Barang dan Jasa BLUD,ON PROCESS,5697297,5697297
KAB. WAJO,DINAS PERTANIAN DAN KETAHANAN PANGAN - 2.09.3.27.0.00.02.0000,01KQS8538WC4CFNXQNFMZENCVM,66410793,2026,E-Katalog 6.0,APBD,REZKY JAYA ABADI,E-Purchasing,Barang,Belanja Modal Alat Laboratorium Lain,ON PROCESS,61494000,61494000
KAB. WAJO,DINAS PERTANIAN DAN KETAHANAN PANGAN - 2.09.3.27.0.00.02.0000,01KRZQV96RSBJAXHJ4HQG2WVJD,66410786,2026,E-Katalog 6.0,APBD,GUNAWAN TJANDRA,E-Purchasing,Barang,Belanja Modal Kursi Tamu di Ruangan Pejabat,ON PROCESS,13600000,13600000
KAB. WAJO,RSUD LAMADDUKELLENG - 1.02.0.00.0.00.01.0001,01KVSB44ZC6XBZ668XCVF8VCF1,65300982,2026,E-Katalog 6.0,BLUD,SANBE FARMA,E-Purchasing,Barang,Belanja Barang dan Jasa BLUD,ON PROCESS,3725160,3725160
KAB. WAJO,DINAS KESEHATAN - 1.02.0.00.0.00.01.0000,01KT8Z25085A93T37NQ5JR6BY4,66908599,2026,E-Katalog 6.0,APBD,GUNAWAN TJANDRA,E-Purchasing,Barang,Belanja Modal Alat Pendingin pada sub Kegiatan Pengembangan Rumah Sakit,ON PROCESS,152600003,152600003
KAB. WAJO,SEKRETARIAT DEWAN PERWAKILAN RAKYAT DAERAH - 4.02.0.00.0.00.01.0000,01KTTR7ARHBCW5T996B1PDQE2B,63928679,2026,E-Katalog 6.0,APBD,ANDI ROHANA,E-Purchasing,Barang,Belanja Natura dan Pakan-Natura Penyediaan Kebutuhan Rumah Tangga,ON PROCESS,14540583,14540583
KAB. WAJO,DINAS PENDIDIKAN DAN KEBUDAYAAN - 1.01.2.22.0.00.02.0000,01KPFWFQQGB4KEAK3XTP44CZJ0,63029090,2026,E-Katalog 6.0,APBD,AQILAHDAFFA,E-Purchasing,Barang,Belanja Alat/Bahan untuk Kegiatan Kantor- Bahan Cetak,ON PROCESS,792000,792000
KAB. WAJO,KECAMATAN MAJAULENG - 7.01.0.00.0.00.05.0000,01KQ46MZ4FPQ85KASH3HVHXGC7,65625120,2026,E-Katalog 6.0,APBD,ANDI AKHYAR SULAIMAN,E-Purchasing,Barang,Penyediaan Jasa Surat Menyurat,ON PROCESS,3082511,3082511
KAB. WAJO,PUSKESMAS TOSORA - 1.02.0.00.0.00.01.0016,01KP5ANHGVGK8P0SCW8NR2W5GJ,66114293,2026,E-Katalog 6.0,APBD,ASTI WAHYUNI,E-Purchasing,Barang,Belanja Barang dan Jasa BLUD,ON PROCESS,403000,403000
KAB. WAJO,BADAN KESATUAN BANGSA DAN POLITIK - 8.01.0.00.0.00.01.0000,01KMHAMQG91577MEKBQH7S2JJF,63063452,2026,E-Katalog 6.0,APBD,HASDIMAN,E-Purchasing,Barang,Belanja Alat/Bahan untuk Kegiatan Kantor-Alat Tulis Kantor,ON PROCESS,2547485,2547485
KAB. WAJO,"DINAS KOMUNIKASI, INFORMATIKA DAN STATISTIK - 2.16.2.20.2.21.02.0000",01KP5GYVXV0ZAWX0WZ8734PSM4,65607035,2026,E-Katalog 6.0,APBD,AQILAHDAFFA,E-Purchasing,Barang,Belanja Makanan dan Minuman Rapat - Kemitraan Komunikasi dengan Komunitas Informasi Masyarakat ,ON PROCESS,5290000,5290000
KAB. WAJO,"DINAS KOMUNIKASI, INFORMATIKA DAN STATISTIK - 2.16.2.20.2.21.02.0000",01KJPN5G38D9763QSZRSGANZB8,65606990,2026,E-Katalog 6.0,APBD,ALATHAR INDOMEDIA GROUP,E-Purchasing,Barang,Belanja Kawat/Faksimili/Internet/TV Berlangganan - Relasi Media ,ON PROCESS,2124984,2124984
KAB. WAJO,RSUD LAMADDUKELLENG - 1.02.0.00.0.00.01.0001,01KPMAVCNHB59E3GV9539GTYE1,65300982,2026,E-Katalog 6.0,BLUD,GLOBAL DISPOMEDIKA,E-Purchasing,Barang,Belanja Barang dan Jasa BLUD,ON PROCESS,159049680,159049680
KAB. WAJO,RSUD LAMADDUKELLENG - 1.02.0.00.0.00.01.0001,01KJWVFR957RPNAPBN252XZ8N4,65300982,2026,E-Katalog 6.0,BLUD,NOVELL PHARMACEUTICAL LABORATORIES,E-Purchasing,Barang,Belanja Barang dan Jasa BLUD,ON PROCESS,22338750,22338750
KAB. WAJO,BADAN KEPEGAWAIAN DAN PENGEMBANGAN SUMBER DAYA MANUSIA - 5.03.5.04.0.00.01.0000,01KRDNVR70KZKTCC4R726DDM7W,63765435,2026,E-Katalog 6.0,APBD,ANANCI,E-Purchasing,Barang,Belanja Alat/Bahan untuk Kegiatan Kantor-Alat Tulis Kantor pada Kegiatan Pendataan dan Pengolahan Administrasi Kepegawaian,ON PROCESS,7311479,7311479
KAB. WAJO,"DINAS KOMUNIKASI, INFORMATIKA DAN STATISTIK - 2.16.2.20.2.21.02.0000",01KVFK81Y1EWSXKWTRC6MGJZQX,65606990,2026,E-Katalog 6.0,APBD,ARDIES MEDIA MANDIRI,E-Purchasing,Barang,Belanja Kawat/Faksimili/Internet/TV Berlangganan - Relasi Media ,ON PROCESS,5100000,5100000
KAB. WAJO,DINAS KEPENDUDUKAN DAN PENCATATAN SIPIL - 2.12.0.00.0.00.01.0000,01KPTB6FH5VXG3A0PCZD4BJ6XX,66537163,2026,E-Katalog 6.0,APBD,ANDI AKHYAR SULAIMAN,E-Purchasing,Barang,Belanja Alat/Bahan untuk Kegiatan Kantor-Alat Tulis Kantor,ON PROCESS,12792500,12792500
KAB. WAJO,PUSKESMAS SABBANGPARU - 1.02.0.00.0.00.01.0003,01KVFWQ5BA5Q4K3FPCKGM1SSDA,66481720,2026,E-Katalog 6.0,APBD,ASTI WAHYUNI,E-Purchasing,Barang,Belanja Barang dan Jasa BLUD,ON PROCESS,910000,910000
KAB. WAJO,BADAN PENGELOLAAN KEUANGAN DAN PENDAPATAN DAERAH - 5.02.0.00.0.00.01.0000,01KJCASM3EG2EX1DH1BQR5XKP7,63370685,2026,E-Katalog 6.0,APBD,AQILAHDAFFA,E-Purchasing,Barang,Belanja Alat/Bahan untuk Kegiatan Kantor-Alat Tulis Kantor,ON PROCESS,5492500,5492500
KAB. WAJO,"DINAS KOMUNIKASI, INFORMATIKA DAN STATISTIK - 2.16.2.20.2.21.02.0000",01KJS66AHVNSX9J2B08YFMXXFV,65606990,2026,E-Katalog 6.0,APBD,MEDIA METRO PENDIDIKAN,E-Purchasing,Barang,Belanja Kawat/Faksimili/Internet/TV Berlangganan - Relasi Media ,ON PROCESS,1328670,1328670
KAB. WAJO,RSUD LAMADDUKELLENG - 1.02.0.00.0.00.01.0001,01KS9FAZD05P7HVCP6J2X9Q9CH,65300982,2026,E-Katalog 6.0,BLUD,MAHAKAM BETA FARMA,E-Purchasing,Barang,Belanja Barang dan Jasa BLUD,ON PROCESS,17700060,17700060
KAB. WAJO,RSUD LAMADDUKELLENG - 1.02.0.00.0.00.01.0001,01KNRGYHMGR36JEWDV24Q52X1W,65300982,2026,E-Katalog 6.0,BLUD,INFION,E-Purchasing,Barang,Belanja Barang dan Jasa BLUD,ON PROCESS,123903750,123903750
KAB. WAJO,DINAS PERUMAHAN DAN KAWASAN PERMUKIMAN - 1.04.0.00.0.00.01.0000,01KRAHW7ZY94FMZE89YXRJCFMT,67101427,2026,E-Katalog 6.0,APBD,GUNAWAN TJANDRA,E-Purchasing,Barang,Belanja Modal Peralatan Personal Computer (Printer) pada Kegiatan Pengadaan Sarana dan Prasarana Gedung Kantor atau Bangunan Lainnya,ON PROCESS,3100000,3100000
KAB. WAJO,PUSKESMAS GILIRENG - 1.02.0.00.0.00.01.0019,01KRDNFK1BZ6NWRXR88H10B5BS,66073569,2026,E-Katalog 6.0,APBD,GEDDONG,E-Purchasing,Barang,Belanja Barang dan Jasa BOK Puskesmas pada Sub Kegiatan Pengelolaan Pelayanan Kesehatan Ibu Hamil,ON PROCESS,268500,268500
KAB. WAJO,DINAS PERUMAHAN DAN KAWASAN PERMUKIMAN - 1.04.0.00.0.00.01.0000,01KRXD9TXK8XXT285W9JMJBR3K,67141137,2026,E-Katalog 6.0,APBD,AQILAHDAFFA,E-Purchasing,Barang,Belanja Perabot Kantor pada Kegiatan Penyediaan Peralatan dan Perlengkapan Kantor,ON PROCESS,975000,975000
KAB. WAJO,SEKRETARIAT DAERAH - 4.01.0.00.0.00.01.0000,01KGH0SY45MK1RMKE2441T3AQP,63590760,2026,E-Katalog 6.0,APBD,BUNGARATU MEGATAMA,E-Purchasing,Barang,Belanja Alat/Bahan untuk Kegiatan Kantor- Suvenir/Cendera Mata,ON PROCESS,777000,777000
KAB. WAJO,RSUD SIWA - 1.02.0.00.0.00.01.0002,01KW8XF776VPMBVK7C3JHM4DYX,66883851,2026,E-Katalog 6.0,BLUD,KALBIO GLOBAL MEDIKA,E-Purchasing,Barang,Belanja Barang dan Jasa BLUD,ON PROCESS,4766285,0
KAB. WAJO,BADAN PENGELOLAAN KEUANGAN DAN PENDAPATAN DAERAH - 5.02.0.00.0.00.01.0000,01KMYP8MBH259AMP99E384EERX,63367386,2026,E-Katalog 6.0,APBD,LISDAFIK,E-Purchasing,Barang,Belanja Alat/Bahan untuk Kegiatan Kantor-Alat Tulis Kantor,ON PROCESS,4666810,4666810
KAB. WAJO,"BADAN PERENCANAAN PEMBANGUNAN, RISET DAN INOVASI DAERAH - 5.01.5.05.0.00.01.0000",01KTR6EV8Y1Z8CANG0X5F8PWFW,65208966,2026,E-Katalog 6.0,APBD,ANDI AKHYAR SULAIMAN,E-Purchasing,Barang,Belanja Alat/Bahan untuk Kegiatan Kantor- Bahan Cetak,ON PROCESS,1011000,1011000
KAB. WAJO,RSUD SIWA - 1.02.0.00.0.00.01.0002,01KW8XC223Q4DM7117WDTDBQHX,66883851,2026,E-Katalog 6.0,BLUD,KALBIO GLOBAL MEDIKA,E-Purchasing,Barang,Belanja Barang dan Jasa BLUD,ON PROCESS,4766285,0
KAB. WAJO,BADAN KESATUAN BANGSA DAN POLITIK - 8.01.0.00.0.00.01.0000,01KNJSK9ECXFC1GFP4D3CV15RA,63062752,2026,E-Katalog 6.0,APBD,MUSTAFA HI. BANDUNG,E-Purchasing,Barang,Belanja Makanan dan Minuman Aktivitas Lapangan,ON PROCESS,1426000,1426000
KAB. WAJO,DINAS PENDIDIKAN DAN KEBUDAYAAN - 1.01.2.22.0.00.02.0000,01KQ9YSGJXHRSYQS3AB3AET01S,63028092,2026,E-Katalog 6.0,APBD,MUH IQBAL MASTAL,E-Purchasing,Jasa Lainnya,Belanja Makanan dan Minuman Jamuan Tamu,ON PROCESS,66822,66822
KAB. WAJO,SEKRETARIAT DAERAH - 4.01.0.00.0.00.01.0000,01KH9Z79SERMCGZVQWNFW1JC88,63636744,2026,E-Katalog 6.0,APBD,KARTINI TAHIR,E-Purchasing,Barang,Belanja Natura dan Pakan-Natura,ON PROCESS,190800,190800
KAB. WAJO,SEKRETARIAT DAERAH - 4.01.0.00.0.00.01.0000,01KNHC60746AWT1DW8R7ZSFXKK,66615727,2026,E-Katalog 6.0,APBD,AMRAN SURYADI,E-Purchasing,Barang,Belanja Alat/Bahan untuk Kegiatan Kantor- Bahan Cetak,ON PROCESS,3516480,3516480
KAB. WAJO,RSUD LAMADDUKELLENG - 1.02.0.00.0.00.01.0001,01KPQEYAY8AR4GV3Q3DX7VBCN5,65300982,2026,E-Katalog 6.0,BLUD,MEDICAL SOLUTION INDONESIA,E-Purchasing,Barang,Belanja Barang dan Jasa BLUD,ON PROCESS,9046500,9046500
KAB. WAJO,"DINAS KOMUNIKASI, INFORMATIKA DAN STATISTIK - 2.16.2.20.2.21.02.0000",01KQ6S395V2J3YWJTTHKZ2YPHZ,65570924,2026,E-Katalog 6.0,APBD,ANDI AKHYAR SULAIMAN,E-Purchasing,Barang,Belanja Alat/Bahan untuk Kegiatan Kantor-Alat Tulis Kantor -  Koordinasi dan Penyusunan Laporan Capaian Kinerja dan Ikhtisar Realisasi Kinerja SKPD,ON PROCESS,496497,496497
KAB. WAJO,"DINAS KOMUNIKASI, INFORMATIKA DAN STATISTIK - 2.16.2.20.2.21.02.0000",01KN41Q2K2H4TGFTZQP4SENAHT,65571606,2026,E-Katalog 6.0,APBD,ANDI AKHYAR SULAIMAN,E-Purchasing,Barang,Belanja Alat/Bahan untuk Kegiatan Kantor-Benda Pos - Penyediaan Jasa Surat Menyurat  ,ON PROCESS,3600000,3600000
KAB. WAJO,RSUD LAMADDUKELLENG - 1.02.0.00.0.00.01.0001,01KVYSJT9PB2EMZDQD5SZSVDTD,65300982,2026,E-Katalog 6.0,BLUD,SANBE FARMA,E-Purchasing,Barang,Belanja Barang dan Jasa BLUD,ON PROCESS,6393493,6393493
KAB. WAJO,"DINAS KOMUNIKASI, INFORMATIKA DAN STATISTIK - 2.16.2.20.2.21.02.0000",01KJEJ7GKCCK8APGY87JTBR8KN,65606990,2026,E-Katalog 6.0,APBD,HALO MEDIA GRUP,E-Purchasing,Barang,Belanja Kawat/Faksimili/Internet/TV Berlangganan - Relasi Media ,ON PROCESS,2125000,2125000
KAB. WAJO,BADAN PENGELOLAAN KEUANGAN DAN PENDAPATAN DAERAH - 5.02.0.00.0.00.01.0000,01KSS6KK6DXB1K4KCXNMEAH9Y4,64000030,2026,E-Katalog 6.0,APBD,ANDI JUNENNI,E-Purchasing,Barang,Belanja Makanan dan Minuman Rapat,ON PROCESS,840000,840000
KAB. WAJO,"BADAN PERENCANAAN PEMBANGUNAN, RISET DAN INOVASI DAERAH - 5.01.5.05.0.00.01.0000",01KVWBJX7S29C08KX604SNN5SY,65676270,2026,E-Katalog 6.0,APBD,TAMIYA NURUL WULANDA,E-Purchasing,Barang,Belanja Makanan dan Minuman Rapat,ON PROCESS,747500,747500
KAB. WAJO,SEKRETARIAT DAERAH - 4.01.0.00.0.00.01.0000,01KS97H1XYPK2MVQDA04X6KF1G,63636068,2026,E-Katalog 6.0,APBD,ANDI ROHANA,E-Purchasing,Barang,Belanja Natura dan Pakan-Natura,ON PROCESS,59952471,59952471
KAB. WAJO,"SATUAN POLISI PAMONG PRAJA, PEMADAM KEBAKARAN DAN PENYELAMATAN - 1.05.0.00.0.00.01.0000",01KVSSZDNGFT0YFDZXA20WVQY5,64219803,2026,E-Katalog 6.0,APBD,DARNAWATI,E-Purchasing,Barang,Belanja Makanan dan Minuman Aktivitas Lapangan,ON PROCESS,1674400,1674400
KAB. WAJO,RSUD LAMADDUKELLENG - 1.02.0.00.0.00.01.0001,01KQ7XP7WTETCW4R8KG0JJF3CJ,65300982,2026,E-Katalog 6.0,BLUD,MEGA LIFESCIENCES INDONESIA,E-Purchasing,Barang,Belanja Barang dan Jasa BLUD,ON PROCESS,16989660,16989660
KAB. WAJO,PUSKESMAS SOLO - 1.02.0.00.0.00.01.0010,01KN3BZGDV45ND806DJH4ZZGCX,66313733,2026,E-Katalog 6.0,APBD,NURFAIDAH,E-Purchasing,Barang,Belanja Barang dan Jasa BLUD,ON PROCESS,1554800,1554800
KAB. WAJO,RSUD LAMADDUKELLENG - 1.02.0.00.0.00.01.0001,01KKJTYJKTBXJ3S6VN32R2KQCF,65300982,2026,E-Katalog 6.0,BLUD,SANZAYA MEDIKA PRATAMA,E-Purchasing,Barang,Belanja Barang dan Jasa BLUD,ON PROCESS,9712500,9712500
KAB. WAJO,"DINAS KOMUNIKASI, INFORMATIKA DAN STATISTIK - 2.16.2.20.2.21.02.0000",01KJS4BK6X6ASAKCH87W4ANPQT,65606990,2026,E-Katalog 6.0,APBD,HALILINTAR NEWS GROUP,E-Purchasing,Barang,Belanja Kawat/Faksimili/Internet/TV Berlangganan - Relasi Media ,ON PROCESS,2099965,2099965
KAB. WAJO,SEKRETARIAT DAERAH - 4.01.0.00.0.00.01.0000,01KVVRW5A176W876PTAQ3MJDJD,64737465,2026,E-Katalog 6.0,APBD,ANDI NIRWANA,E-Purchasing,Barang,Belanja Makanan dan Minuman Rapat,ON PROCESS,3191400,3191400
KAB. WAJO,"DINAS PERINDUSTRIAN, PERDAGANGAN, KOPERASI, USAHA KECIL DAN MENENGAH - 2.17.3.30.3.31.01.0000",01KQBBWG927EMZM0BHZXHNH3Z9,65686884,2026,E-Katalog 6.0,APBD,ANDI AKHYAR SULAIMAN,E-Purchasing,Barang,Belanja Alat/Bahan untuk Kegiatan Kantor-Alat Tulis Kantor Pada Sub Kegiatan Penyusunan Basis Data Usaha Mikro,ON PROCESS,3217000,3217000
KAB. WAJO,PUSKESMAS KEERA - 1.02.0.00.0.00.01.0020,01KTK1XMKHSAQ16ZZ32E9MA7YE,66812850,2026,E-Katalog 6.0,APBD,ROSNAENI,E-Purchasing,Barang,Belanja barang jasa BOK Puskesmas pada sub kegiatan Pengelolaan Pelayanan Kesehatan Ibu Hamil,ON PROCESS,195000,195000
KAB. WAJO,PUSKESMAS PAMMANA - 1.02.0.00.0.00.01.0009,01KWC44FN30WWJWJFB7BM48656,66005241,2026,E-Katalog 6.0,APBD,MUHAMMAD ZULKARNAIN,E-Purchasing,Barang,Nasi Kotak,ON PROCESS,119600,119600
KAB. WAJO,SEKRETARIAT DEWAN PERWAKILAN RAKYAT DAERAH - 4.02.0.00.0.00.01.0000,01KFW82AQ4J8456W0RVTM2Q50R,63931768,2026,E-Katalog 6.0,APBD,MULTI SARANA SOLUTION,E-Purchasing,Barang,Belanja Sewa Bangunan Gedung Tempat Pertemuan Pelasksanaan Reses,ON PROCESS,2250000,2250000
KAB. WAJO,PUSKESMAS KEERA - 1.02.0.00.0.00.01.0020,01KP34Z7JESSQYV2JP687XMYES,66812850,2026,E-Katalog 6.0,APBD,NOVI ASTIKA,E-Purchasing,Barang,Belanja barang jasa BOK Puskesmas pada sub kegiatan Pengelolaan Pelayanan Kesehatan Ibu Hamil,ON PROCESS,195000,195000
KAB. WAJO,SEKRETARIAT DEWAN PERWAKILAN RAKYAT DAERAH - 4.02.0.00.0.00.01.0000,01KFN0PBYVQG5WK6NATTY3034W,63931767,2026,E-Katalog 6.0,APBD,MUDAMA,E-Purchasing,Barang,Belanja Sewa Alat Bantu Lainnya Pelaksanaan Reses,ON PROCESS,749250,749250
KAB. WAJO,RSUD LAMADDUKELLENG - 1.02.0.00.0.00.01.0001,01KP50N5DEK7D5VBGN6CWAZJ4N,65300982,2026,E-Katalog 6.0,BLUD,BERNOFARM,E-Purchasing,Barang,Belanja Barang dan Jasa BLUD,ON PROCESS,27056250,27056250
KAB. WAJO,PUSKESMAS SABBANGPARU - 1.02.0.00.0.00.01.0003,01KMPMVG95ZH8VQ121EH2P38P2,66481720,2026,E-Katalog 6.0,APBD,ASTI WAHYUNI,E-Purchasing,Barang,Belanja Barang dan Jasa BLUD,ON PROCESS,390000,390000
KAB. WAJO,INSPEKTORAT DAERAH - 6.01.0.00.0.00.01.0000,01KRFVAM45VPNSSVMG1QGS9Q80,67013047,2026,E-Katalog 6.0,APBD,ANDI AKHYAR SULAIMAN,E-Purchasing,Barang,Belanja Alat/Bahan untuk Kegiatan Kantor-Alat Tulis Kantor,ON PROCESS,2105999,2105999
KAB. WAJO,SEKRETARIAT DEWAN PERWAKILAN RAKYAT DAERAH - 4.02.0.00.0.00.01.0000,01KG4M67R4HKNH0MJA626THNFA,63931773,2026,E-Katalog 6.0,APBD,SURIANI,E-Purchasing,Barang,Belanja Makanan dan Minuman Rapat Pelaksanaan Reses,ON PROCESS,6900000,6900000
KAB. WAJO,DINAS PERUMAHAN DAN KAWASAN PERMUKIMAN - 1.04.0.00.0.00.01.0000,01KT8KG250PGDM5ZEBV0E6HNVF,67219809,2026,E-Katalog 6.0,APBD,ANDI AKHYAR SULAIMAN,E-Purchasing,Barang,Belanja Alat Tulis Kantor pada Kegiatan Pelaksanaan Forum Perangkat Daerah Berdasarkan Bidang Urusan yang Diampu dalam Rangka Penyusunan Dokumen Perencanaan Perangkat Daerah,ON PROCESS,443500,443500
KAB. WAJO,PUSKESMAS WEWANGREWU - 1.02.0.00.0.00.01.0018,01KVC843TQM5YHKJZQ2PRWZ7YA,66766459,2026,E-Katalog 6.0,APBD,MUHAMMAD RESKY,E-Purchasing,Barang,Belanja Barang dan Jasa BOK Puskesmas pada sub kegiatan Pengelolaan Pelayanan Kesehatan Ibu Hamil,ON PROCESS,250600,250600
KAB. WAJO,"BADAN PERENCANAAN PEMBANGUNAN, RISET DAN INOVASI DAERAH - 5.01.5.05.0.00.01.0000",01KRW863DPKJ19W4YVH1PGHTP7,63893669,2026,E-Katalog 6.0,APBD,ANDI ERNA,E-Purchasing,Barang,Belanja Makanan dan Minuman Rapat,ON PROCESS,895000,895000
KAB. WAJO,"BADAN PERENCANAAN PEMBANGUNAN, RISET DAN INOVASI DAERAH - 5.01.5.05.0.00.01.0000",01KS1QMQKNMNRWAS513TGN2TD6,62968550,2026,E-Katalog 6.0,APBD,AQILAHDAFFA,E-Purchasing,Barang,Belanja Natura dan Pakan-Natura,ON PROCESS,1299255,1299255
KAB. WAJO,RSUD LAMADDUKELLENG - 1.02.0.00.0.00.01.0001,01KPQ887EKS56CPQAHK8F8ZX0Z,65300982,2026,E-Katalog 6.0,BLUD,OTSUKA INDONESIA,E-Purchasing,Barang,Belanja Barang dan Jasa BLUD,ON PROCESS,52619550,52619550
KAB. WAJO,PUSKESMAS LIU - 1.02.0.00.0.00.01.0005,01KRGBQ5Q5NT2W2RTV27C7SCCT,66776960,2026,E-Katalog 6.0,APBD,GUNAWAN TJANDRA,E-Purchasing,Barang,Belanja Modal Peralatan dan Mesin BLUD,ON PROCESS,12000000,12000000
KAB. WAJO,BADAN PENGELOLAAN KEUANGAN DAN PENDAPATAN DAERAH - 5.02.0.00.0.00.01.0000,01KWE7S8TZX11FBZFC5YYA4AQ0,63462897,2026,E-Katalog 6.0,APBD,MUHAMMAD ZULKARNAIN,E-Purchasing,Barang,Belanja Makanan dan Minuman Rapat,ON PROCESS,264500,264500
KAB. WAJO,DINAS PENANAMAN MODAL DAN PELAYANAN TERPADU SATU PINTU - 2.18.0.00.0.00.01.0000,01KNRKJVYKZTQ53GP1GMPASFBP,65004769,2026,E-Katalog 6.0,APBD,TAMIYA NURUL WULANDA,E-Purchasing,Barang,Belanja Makanan dan Minuman Rapat,ON PROCESS,1794000,1794000
KAB. WAJO,PUSKESMAS SABBANGPARU - 1.02.0.00.0.00.01.0003,01KPM3PPANV7YC3V69CXSCRX78,66481720,2026,E-Katalog 6.0,APBD,ASTI WAHYUNI,E-Purchasing,Barang,Belanja Barang dan Jasa BLUD,ON PROCESS,390000,390000
KAB. WAJO,KECAMATAN TEMPE - 7.01.0.00.0.00.14.0000,01KNP6XFYRC8SCP4GZ0X78TY0H,64726059,2026,E-Katalog 6.0,APBD,AQILAHDAFFA,E-Purchasing,Barang,Belanja Natura dan Pakan-Natura,ON PROCESS,10946100,10946100
KAB. WAJO,"DINAS KOMUNIKASI, INFORMATIKA DAN STATISTIK - 2.16.2.20.2.21.02.0000",01KN3JH0GK2RR2QVCQ9890X0MB,65606990,2026,E-Katalog 6.0,APBD,LINTAS MUDA INTERMEDIA,E-Purchasing,Barang,Belanja Kawat/Faksimili/Internet/TV Berlangganan - Relasi Media ,ON PROCESS,3000000,3000000
KAB. WAJO,KECAMATAN PAMMANA - 7.01.0.00.0.00.07.0000,01KVC0Z1BCRSSR9HR33SDWN373,65756780,2026,E-Katalog 6.0,APBD,ANDI ERNA,E-Purchasing,Barang,Belanja Makanan dan Minuman Rapat ,ON PROCESS,1866700,1866700
KAB. WAJO,PUSKESMAS PENRANG - 1.02.0.00.0.00.01.0014,01KWBGMAD88JQ1AARXDFYVX9AV,66069389,2026,E-Katalog 6.0,APBD,ANDI JUNENNI,E-Purchasing,Barang,Belanja Barang dan Jasa BLUD,ON PROCESS,478000,478000
KAB. WAJO,DINAS KESEHATAN - 1.02.0.00.0.00.01.0000,01KPQKM8JR1YJTN7G4EAQMCHYT,66827323,2026,E-Katalog 6.0,APBD,BINTANG LIMA MEDIKA,E-Purchasing,Barang,"Belanja Obat-Obatan-Obat pada sub kegiatan Pengadaan Obat, Bahan Habis Pakai, Bahan Medis Habis Pakai,, Vaksin, Makanan dan Minuman di Fasilitas Kesehatan",ON PROCESS,81585000,81585000
KAB. WAJO,RSUD SIWA - 1.02.0.00.0.00.01.0002,01KPD9ZH01RGKE4WG7KTTMBFJX,66883851,2026,E-Katalog 6.0,BLUD,MEDICAL SOLUTION INDONESIA,E-Purchasing,Barang,Belanja Barang dan Jasa BLUD,ON PROCESS,2115305,2115305
KAB. WAJO,PUSKESMAS PARIGI - 1.02.0.00.0.00.01.0023,01KTKHZN6AB7PM2FVEKAZK4YT4,66570623,2026,E-Katalog 6.0,APBD,NURHAENI,E-Purchasing,Barang,Kue / Snack,ON PROCESS,286400,286400
KAB. WAJO,DINAS PENANAMAN MODAL DAN PELAYANAN TERPADU SATU PINTU - 2.18.0.00.0.00.01.0000,01KP2ZGR0319FZT2Y8JH7BCX8D,64987377,2026,E-Katalog 6.0,APBD,ANDI AKHYAR SULAIMAN,E-Purchasing,Barang,Belanja Alat/Bahan untuk Kegiatan Kantor-Alat Tulis Kantor,ON PROCESS,723500,723500
KAB. WAJO,"BADAN PERENCANAAN PEMBANGUNAN, RISET DAN INOVASI DAERAH - 5.01.5.05.0.00.01.0000",01KPMV1TNP231876AXT376WFFP,65659711,2026,E-Katalog 6.0,APBD,ANDI ERNA,E-Purchasing,Barang,Belanja Makanan dan Minuman Rapat,ON PROCESS,1294800,1294800
KAB. WAJO,"DINAS KOMUNIKASI, INFORMATIKA DAN STATISTIK - 2.16.2.20.2.21.02.0000",01KJMD2QWKP4MSVP67W28W7GBC,65606990,2026,E-Katalog 6.0,APBD,INTERMEDIA INVESTIGASI NUSANTARA,E-Purchasing,Barang,Belanja Kawat/Faksimili/Internet/TV Berlangganan - Relasi Media ,ON PROCESS,2125000,2125000
KAB. WAJO,BADAN PENGELOLAAN KEUANGAN DAN PENDAPATAN DAERAH - 5.02.0.00.0.00.01.0000,01KN2ZF1GPAMBEQTJGSDCQ6MFB,63994612,2026,E-Katalog 6.0,APBD,ANDI DEWANG SANGAJI,E-Purchasing,Barang,Belanja Alat/Bahan untuk Kegiatan Kantor- Bahan Cetak,ON PROCESS,81284000,81284000
KAB. WAJO,"DINAS KOMUNIKASI, INFORMATIKA DAN STATISTIK - 2.16.2.20.2.21.02.0000",01KVEV49TG32FVKGTYMGD0JWAW,65606989,2026,E-Katalog 6.0,APBD,RAKYAT SULSEL BIRO WAJO,E-Purchasing,Barang,Belanja Langganan Jurnal/Surat Kabar/Majalah - Relasi Media ,ON PROCESS,20000000,20000000
KAB. WAJO,SEKRETARIAT DAERAH - 4.01.0.00.0.00.01.0000,01KTRDWYGF04EG36EBBESE3HY8,63636068,2026,E-Katalog 6.0,APBD,ANDI ERNA,E-Purchasing,Barang,Belanja Natura dan Pakan-Natura,ON PROCESS,190800,190800
KAB. WAJO,DINAS KESEHATAN - 1.02.0.00.0.00.01.0000,01KSHSQCE605BCTNGBZYHS73RW,66791060,2026,E-Katalog 6.0,APBD,ASTI WAHYUNI,E-Purchasing,Barang,Belanja Makanan dan Minuman Aktivitas Lapangan pada sub kegiatan Pengelolaan Pelayanan Kesehatan pada Usia Produktif,ON PROCESS,2880000,2880000
KAB. WAJO,SEKRETARIAT DAERAH - 4.01.0.00.0.00.01.0000,01KNGT6SRQK6QCXNJYYVAZH550,65287973,2026,E-Katalog 6.0,APBD,FITRIANI,E-Purchasing,Barang,Belanja Makanan dan Minuman Jamuan Tamu,ON PROCESS,1500000,1500000
KAB. WAJO,BADAN PENGELOLAAN KEUANGAN DAN PENDAPATAN DAERAH - 5.02.0.00.0.00.01.0000,01KJRRDS5KQ16Z37N0W42PXPFM,63560015,2026,E-Katalog 6.0,APBD,AQILAHDAFFA,E-Purchasing,Barang,Belanja Alat/Bahan untuk Kegiatan Kantor-Perabot Kantor,ON PROCESS,14550500,14550500
KAB. WAJO,PUSKESMAS TOSORA - 1.02.0.00.0.00.01.0016,01KTK0823K4AEB5WC0F8ZMF0Y3,66096340,2026,E-Katalog 6.0,APBD,ASTI WAHYUNI,E-Purchasing,Barang,"Belanja Barang dan Jasa BOK Puskesmas pada sub kegiatan Peningkatan Upaya Promosi Kesehatan, Advokasi, Kemitraan dan Pemberdayaan Masyarakat",ON PROCESS,758100,758100
KAB. WAJO,SEKRETARIAT DAERAH - 4.01.0.00.0.00.01.0000,01KH7BV6SRZ72BKXNZRH7YMQPJ,63636744,2026,E-Katalog 6.0,APBD,KARTINI TAHIR,E-Purchasing,Barang,Belanja Natura dan Pakan-Natura,ON PROCESS,20043961,20043961
KAB. WAJO,"DINAS PEMUDA, OLAHRAGA DAN PARIWISATA - 2.19.3.26.0.00.02.0000",01KQ9PWYZZC5KGJAJJ6J3HSGK1,66984179,2026,E-Katalog 6.0,APBD,A. MUH. RIZAL,E-Purchasing,Barang,Belanja Makanan dan Minuman Aktivitas Lapangan Kegiatan Event Olahraga,ON PROCESS,3143000,3143000
KAB. WAJO,DINAS PEMBERDAYAAN MASYARAKAT DAN DESA - 2.13.0.00.0.00.01.0000,01KTNJV8FR57Z0C983QTE7SZD6,65633630,2026,E-Katalog 6.0,APBD,ARSYAD M,E-Purchasing,Barang,Belanja Alat/Bahan untuk Kegiatan Kantor-Alat Tulis Kantor,ON PROCESS,3414989,3414989
KAB. WAJO,"SATUAN POLISI PAMONG PRAJA, PEMADAM KEBAKARAN DAN PENYELAMATAN - 1.05.0.00.0.00.01.0000",01KH2ZWBJWMXDD2B4XBCCT0MWY,64219424,2026,E-Katalog 6.0,APBD,DARNAWATI,E-Purchasing,Barang,Belanja Makanan dan Minuman Aktivitas Lapangan,ON PROCESS,833900,833900
KAB. WAJO,PUSKESMAS SALEWANGENG - 1.02.0.00.0.00.01.0008,01KVS61NK1WF5B9BE1ZC2QDWKB,66766659,2026,E-Katalog 6.0,APBD,AQILAHDAFFA,E-Purchasing,Barang,Belanaj Barang dan Jasa BOK puskesmas PADA SUB KEGIATAN Bimbingan Teknis dan Supervisi Pengembangan dan Pelaksanaan Upaya Kesehatan Bersumber Daya Masyarakat (UKBM),ON PROCESS,179000,179000
KAB. WAJO,BADAN KEPEGAWAIAN DAN PENGEMBANGAN SUMBER DAYA MANUSIA - 5.03.5.04.0.00.01.0000,01KTK68PK6SHY4JGNACT7RRNCH,64457354,2026,E-Katalog 6.0,APBD,CINTA ALAM RAYA,E-Purchasing,Barang,Belanja Modal Personal Computer pada Kegiatan  Pengadaan Sarana dan Prasarana Gedung Kantor atau Bangunan Lainnya,ON PROCESS,14208020,14208020
KAB. WAJO,SEKRETARIAT DEWAN PERWAKILAN RAKYAT DAERAH - 4.02.0.00.0.00.01.0000,01KWDVJY2TM1N32XZ3SESECGQ6,63931568,2026,E-Katalog 6.0,APBD,MUSTAFA HI. BANDUNG,E-Purchasing,Barang,Belanja Makanan dan Minuman Rapat Pembahasan Pertanggungjawaban APBD,ON PROCESS,805000,805000
KAB. WAJO,"DINAS SOSIAL, PENGENDALIAN PENDUDUK, KELUARGA BERENCANA, PEMBERDAYAAN PEREMPUAN DAN PERLINDUNGAN ANAK - 1.06.2.08.2.14.06.0000",01KPQFXE35361C62D69D7K46QA,66894814,2026,E-Katalog 6.0,APBD,NIVER PRATAMA INFORINDO,E-Purchasing,Jasa Lainnya,Belanja Kawat/Faksimili/Internet/TV Berlangganan,ON PROCESS,790308900,790308900
KAB. WAJO,PUSKESMAS TEMPE - 1.02.0.00.0.00.01.0006,01KTNJQSKA5QKXW85BP0X0YNK4,65899120,2026,E-Katalog 6.0,APBD,ANDI JUNENNI,E-Purchasing,Barang,Belanja Barang dan Jasa BLUD,ON PROCESS,382400,382400
KAB. WAJO,BADAN PENGELOLAAN KEUANGAN DAN PENDAPATAN DAERAH - 5.02.0.00.0.00.01.0000,01KRZNXQ20PBBEHDAF99PV8ED5,64000030,2026,E-Katalog 6.0,APBD,ANDI JUNENNI,E-Purchasing,Barang,Belanja Makanan dan Minuman Rapat,ON PROCESS,420000,420000
KAB. WAJO,KECAMATAN TEMPE - 7.01.0.00.0.00.14.0000,01KNP7AW9XZ0ZHTXBKPEF0S3HG,64726058,2026,E-Katalog 6.0,APBD,ANANCI,E-Purchasing,Barang,Belanja Alat/Bahan untuk Kegiatan Kantor-Perabot Kantor,ON PROCESS,2948160,2948160
KAB. WAJO,DINAS PEMBERDAYAAN MASYARAKAT DAN DESA - 2.13.0.00.0.00.01.0000,01KVD2FQWSSSSYGZANST2S8MRM,65633682,2026,E-Katalog 6.0,APBD,A. MUH. ABRAR,E-Purchasing,Barang,Belanja Alat/Bahan untuk Kegiatan Kantor-Alat Tulis Kantor,ON PROCESS,725700,725700
KAB. WAJO,"DINAS PEMUDA, OLAHRAGA DAN PARIWISATA - 2.19.3.26.0.00.02.0000",01KPZKGMG666NDSRBVQ8DW9YB5,63937049,2026,E-Katalog 6.0,APBD,ANANCI,E-Purchasing,Barang,Belanja Alat/Bahan untuk Kegiatan Kantor- Bahan Cetak (Dokumen LKjIP),ON PROCESS,603000,603000
KAB. WAJO,BADAN PENGELOLAAN KEUANGAN DAN PENDAPATAN DAERAH - 5.02.0.00.0.00.01.0000,01KN2Z5B38679NCXK867BRHBJM,63993305,2026,E-Katalog 6.0,APBD,A. MUH. ABRAR,E-Purchasing,Barang,Belanja Alat/Bahan untuk Kegiatan Kantor-Alat Tulis Kantor,ON PROCESS,1091000,1091000
KAB. WAJO,"SATUAN POLISI PAMONG PRAJA, PEMADAM KEBAKARAN DAN PENYELAMATAN - 1.05.0.00.0.00.01.0000",01KNK97D4D3WARFFM2BQVAT381,64219803,2026,E-Katalog 6.0,APBD,DARNAWATI,E-Purchasing,Barang,Belanja Makanan dan Minuman Aktivitas Lapangan,ON PROCESS,1674400,1674400
KAB. WAJO,SEKRETARIAT DAERAH - 4.01.0.00.0.00.01.0000,01KMMSRKD628JSJV9SEECPSB4F,65287972,2026,E-Katalog 6.0,APBD,FITRIANI,E-Purchasing,Barang,Belanja Makanan dan Minuman Rapat,ON PROCESS,3526000,3526000
KAB. WAJO,KECAMATAN TEMPE - 7.01.0.00.0.00.14.0000,01KQ4VRP9W1QFBBTCASZPGRFH1,64726059,2026,E-Katalog 6.0,APBD,AQILAHDAFFA,E-Purchasing,Barang,Belanja Natura dan Pakan-Natura,ON PROCESS,10946100,10946100
KAB. WAJO,DINAS KESEHATAN - 1.02.0.00.0.00.01.0000,01KVYAGP5FHKXF0CN2196VHR64,66775952,2026,E-Katalog 6.0,APBD,ASTI WAHYUNI,E-Purchasing,Barang,Belanja Makanan dan Minuman Rapat pada sub kegiatan Pengelolan Upaya Kesehatan Ibu dan Anak,ON PROCESS,732000,732000
KAB. WAJO,KECAMATAN TAKKALALLA - 7.01.0.00.0.00.12.0000,01KT35JGBTGHF8S5F8P4S47DW9,65750245,2026,E-Katalog 6.0,APBD,ABDUL HARIS,E-Purchasing,Barang,Belanja Alat/Bahan untuk Kegiatan Kantor-Alat Tulis Kantor,ON PROCESS,4092880,4092880
KAB. WAJO,KELURAHAN DOPING - 7.01.0.00.0.00.08.0001,01KVQ9BWMWWR1GE5RYDD3N0AKE,67244266,2026,E-Katalog 6.0,APBD,JUMRITA,E-Purchasing,Barang,Belanja Makanan dan Minuman Rapat,ON PROCESS,2095000,2095000
KAB. WAJO,DINAS KESEHATAN - 1.02.0.00.0.00.01.0000,01KNKA7B21K66NMA449DPHDGWZ,66827275,2026,E-Katalog 6.0,APBD,MITRA SERMANI HOTEL,E-Purchasing,Barang,Belanja Makanan dan Minuman Rapat pada sub kegiatan Pemeriksaan Post Market pada Produk Makanan-Minuman Industri Rumah Tangga yang Beredar dan Pengawasan serta Tindak Lanjut Pengawasan,ON PROCESS,27000000,27000000
KAB. WAJO,SEKRETARIAT DEWAN PERWAKILAN RAKYAT DAERAH - 4.02.0.00.0.00.01.0000,01KVSTRYGCG9J0PD0AFTGC1PZ7,63931568,2026,E-Katalog 6.0,APBD,MUSTAFA HI. BANDUNG,E-Purchasing,Barang,Belanja Makanan dan Minuman Rapat Pembahasan Pertanggungjawaban APBD,ON PROCESS,238500,238500
KAB. WAJO,PUSKESMAS LIU - 1.02.0.00.0.00.01.0005,01KQV8CNF4BJ96E63R365S5XPA,66778417,2026,E-Katalog 6.0,APBD,ASTI WAHYUNI,E-Purchasing,Barang,Belanja Barang dan Jasa BOK Puskesmas pada Sub Kegiatan Pengelolaan Pelayanan Kesehatan Ibu Hamil,ON PROCESS,483300,483300
KAB. WAJO,"SATUAN POLISI PAMONG PRAJA, PEMADAM KEBAKARAN DAN PENYELAMATAN - 1.05.0.00.0.00.01.0000",01KQSHHWMP6A7KB4JB91C01R2E,66916167,2026,E-Katalog 6.0,APBD,ANDI MARWANAH,E-Purchasing,Barang,Belanja Makanan dan Minuman Aktivitas Lapangan,ON PROCESS,4842000,4842000
KAB. WAJO,"DINAS KOMUNIKASI, INFORMATIKA DAN STATISTIK - 2.16.2.20.2.21.02.0000",01KSEYYQV7MXTAJKAVHFX1P8RJ,65606989,2026,E-Katalog 6.0,APBD,RAKYAT SULSEL BIRO WAJO,E-Purchasing,Barang,Belanja Langganan Jurnal/Surat Kabar/Majalah - Relasi Media ,ON PROCESS,38000000,38000000
KAB. WAJO,SEKRETARIAT DEWAN PERWAKILAN RAKYAT DAERAH - 4.02.0.00.0.00.01.0000,01KFW5WNMA7J9V0YHACCSPHVX5,63931773,2026,E-Katalog 6.0,APBD,A. NASRAH,E-Purchasing,Barang,Belanja Makanan dan Minuman Rapat Pelaksanaan Reses,ON PROCESS,6900000,6900000
KAB. WAJO,"BADAN PERENCANAAN PEMBANGUNAN, RISET DAN INOVASI DAERAH - 5.01.5.05.0.00.01.0000",01KR334K4Y19GMJP2BJAC4ACHN,65676053,2026,E-Katalog 6.0,APBD,ANDI AKHYAR SULAIMAN,E-Purchasing,Barang,Belanja Alat/Bahan untuk Kegiatan Kantor-Alat Tulis Kantor,ON PROCESS,258500,258500
KAB. WAJO,KECAMATAN SAJOANGING - 7.01.0.00.0.00.11.0000,01KQS978X3CASFHSBBHXQCY0NX,65380303,2026,E-Katalog 6.0,APBD,ANDI AKHYAR SULAIMAN,E-Purchasing,Barang,Pelaksanaan Urusan Pemerintahan yang Terkait dengan Pelayanan Perizinan Non Usaha,ON PROCESS,229500,229500
KAB. WAJO,"DINAS KOMUNIKASI, INFORMATIKA DAN STATISTIK - 2.16.2.20.2.21.02.0000",01KPYZ3ZJR3M18TJFSDTJ6A3TS,65611367,2026,E-Katalog 6.0,APBD,AQILAHDAFFA,E-Purchasing,Barang,Belanja Makanan dan Minuman Rapat - Pelaksanaan Keamanan Informasi Pemerintahan Daerah Berbasis Elektronik dan Non Elektronik,ON PROCESS,1745700,1745700
KAB. WAJO,RSUD LAMADDUKELLENG - 1.02.0.00.0.00.01.0001,01KSSAG17WAT1FWG95GPBNXSPT,65300982,2026,E-Katalog 6.0,BLUD,MEPROFARM,E-Purchasing,Barang,Belanja Barang dan Jasa BLUD,ON PROCESS,6038400,6038400
KAB. WAJO,"BADAN PERENCANAAN PEMBANGUNAN, RISET DAN INOVASI DAERAH - 5.01.5.05.0.00.01.0000",01KTZ0XYC0CJXPVDAT9SG7942P,65634675,2026,E-Katalog 6.0,APBD,TAMIYA NURUL WULANDA,E-Purchasing,Barang,Belanja Makanan dan Minuman Rapat,ON PROCESS,2392000,2392000
KAB. WAJO,"DINAS KOMUNIKASI, INFORMATIKA DAN STATISTIK - 2.16.2.20.2.21.02.0000",01KJEGRS07P7SXWA88ZNACK0MG,65606990,2026,E-Katalog 6.0,APBD,MEDIA LINKSSATU SULSEL,E-Purchasing,Barang,Belanja Kawat/Faksimili/Internet/TV Berlangganan - Relasi Media ,ON PROCESS,2124984,2124984
KAB. WAJO,SEKRETARIAT DEWAN PERWAKILAN RAKYAT DAERAH - 4.02.0.00.0.00.01.0000,01KNJY74PDTSZH4YF1S2JXVWFM,63928449,2026,E-Katalog 6.0,APBD,ANDI PARENRENGI,E-Purchasing,Barang,Belanja Makanan dan Minuman Rapat Sub Kegiatan Fasiilitasi Rappat Koordiinasi dan Konsultasi DPRD,ON PROCESS,33560000,33560000
KAB. WAJO,DINAS KESEHATAN - 1.02.0.00.0.00.01.0000,01KW98V7KYS53E5W36JR7QB62E,66767911,2026,E-Katalog 6.0,APBD,ANDI ERWIN,E-Purchasing,Barang,Belanja Alat/Bahan untuk Kegiatan Kantor- Suvenir/Cendera Mata pada sub kegiatan Penyediaan Barang Cetakan dan Penggandaan,ON PROCESS,333000,333000
KAB. WAJO,SEKRETARIAT DAERAH - 4.01.0.00.0.00.01.0000,01KQK839KWBYXXVWV8N2DGTTR6,63636068,2026,E-Katalog 6.0,APBD,ANDI ERNA,E-Purchasing,Barang,Belanja Natura dan Pakan-Natura,ON PROCESS,4200000,4200000
KAB. WAJO,BADAN PENGELOLAAN KEUANGAN DAN PENDAPATAN DAERAH - 5.02.0.00.0.00.01.0000,01KG1G3XDFSBWTSS5ZVEFZ3S39,63991975,2026,E-Katalog 6.0,APBD,ASTI WAHYUNI,E-Purchasing,Barang,Belanja Makanan dan Minuman Rapat,ON PROCESS,525000,525000
KAB. WAJO,DINAS TENAGA KERJA DAN TRANSMIGRASI - 2.07.3.32.0.00.02.0000,01KTN6NADF4TRFXTW63PEJEKB2,67269143,2026,E-Katalog 6.0,APBD,AQILAHDAFFA,E-Purchasing,Barang,Belanja Alat/Bahan untuk Kegiatan Kantor-Perabot Kantor,ON PROCESS,1904000,1904000
KAB. WAJO,PUSKESMAS SOLO - 1.02.0.00.0.00.01.0010,01KTTBZP6D2773G3QHHZ9T7F98,66023587,2026,E-Katalog 6.0,APBD,NURFAIDAH,E-Purchasing,Barang,Belanja barang dan jasa BOK puskesmas pada sub kegiatan Bimbingan Teknis dan Supervisi Pengembangan dan Pelaksanaan Upaya Kesehatan Bersumber Daya Masyarakat (UKBM),ON PROCESS,484200,484200
KAB. WAJO,SEKRETARIAT DAERAH - 4.01.0.00.0.00.01.0000,01KRZN090KFR1BYVBJQZRHCTA9,63637419,2026,E-Katalog 6.0,APBD,BAJI,E-Purchasing,Barang,Belanja Alat/Bahan untuk Kegiatan Kantor- Suvenir/Cendera Mata,ON PROCESS,21150001,21150001
KAB. WAJO,SEKRETARIAT DEWAN PERWAKILAN RAKYAT DAERAH - 4.02.0.00.0.00.01.0000,01KMMFS4A2AGEF31JXEGNJJ072,63932200,2026,E-Katalog 6.0,APBD,ANDI AKHYAR SULAIMAN,E-Purchasing,Barang,Belanja Alat/Bahan untuk Kegiatan Kantor- Bahan Cetak_Penyusunan_Naskah_Akademik,ON PROCESS,5084500,5084500
KAB. WAJO,SEKRETARIAT DAERAH - 4.01.0.00.0.00.01.0000,01KQEV2K5J2X8GT242BS3XXNZE,66853007,2026,E-Katalog 6.0,APBD,ANDI ERNA,E-Purchasing,Barang,Belanja Makanan dan Minuman Rapat,ON PROCESS,537000,537000
KAB. WAJO,SEKRETARIAT DAERAH - 4.01.0.00.0.00.01.0000,01KVC1NMHQ9BCNG58N6MAYKP6V,63636068,2026,E-Katalog 6.0,APBD,ANDI ERNA,E-Purchasing,Barang,Belanja Natura dan Pakan-Natura,ON PROCESS,5220000,5220000
KAB. WAJO,RSUD LAMADDUKELLENG - 1.02.0.00.0.00.01.0001,01KH0Z6FXZM6RGJD6D2MKS7MPP,65300982,2026,E-Katalog 6.0,BLUD,ANUGRAHMITRA SELARAS,E-Purchasing,Barang,Belanja Barang dan Jasa BLUD,ON PROCESS,126531786,126531786
KAB. WAJO,DINAS PERTANIAN DAN KETAHANAN PANGAN - 2.09.3.27.0.00.02.0000,01KTKWC53HF008VMEW2HH1JWAY,67187817,2026,E-Katalog 6.0,APBD,DWI PUTRA MANDIRI,E-Purchasing,Barang,Pemeliharaan Gedung Kantor,ON PROCESS,39865832,39865832
KAB. WAJO,DINAS KESEHATAN - 1.02.0.00.0.00.01.0000,01KVS5SYV6CYK89VKQF86CWSD4,66827324,2026,E-Katalog 6.0,APBD,KYMMOSHI GLOBAL INDONESIA,E-Purchasing,Barang,"Belanja Suku Cadang-Suku Cadang Alat Kedokteran pada sub kegiatan Pengadaan Obat, Bahan Habis Pakai, Bahan Medis Habis Pakai,, Vaksin, Makanan dan Minuman di Fasilitas Kesehatan",ON PROCESS,34410000,34410000
KAB. WAJO,"DINAS KOMUNIKASI, INFORMATIKA DAN STATISTIK - 2.16.2.20.2.21.02.0000",01KQE17G7MZB8TQ7WYMKTE576E,65606990,2026,E-Katalog 6.0,APBD,EXPOSE MEDIA GRUP,E-Purchasing,Barang,Belanja Kawat/Faksimili/Internet/TV Berlangganan - Relasi Media ,ON PROCESS,15000000,15000000
KAB. WAJO,"DINAS PEKERJAAN UMUM, PENATAAN RUANG DAN PERTANAHAN - 1.03.2.10.0.00.01.0000",01KP0XAGGNKAKQR4QY06CR8X1G,66884215,2026,E-Katalog 6.0,APBD,JULIA SALSABILA,E-Purchasing,Barang,Belanja Alat Tulis Kantor kegiatan Rapat Komisi Irigasi (Komir),ON PROCESS,1496300,1496300
KAB. WAJO,"BADAN PERENCANAAN PEMBANGUNAN, RISET DAN INOVASI DAERAH - 5.01.5.05.0.00.01.0000",01KK7WJ98GXBV2PW8CWQDMG3J6,65421261,2026,E-Katalog 6.0,APBD,ANDI AKHYAR SULAIMAN,E-Purchasing,Barang,Belanja Alat/Bahan untuk Kegiatan Kantor-Alat Tulis Kantor,ON PROCESS,3838498,3838498
KAB. WAJO,DINAS KESEHATAN - 1.02.0.00.0.00.01.0000,01KT8VDKCNVZBAN75CJZCTR5YD,66827324,2026,E-Katalog 6.0,APBD,INABATHA USAHA MANDIRI,E-Purchasing,Barang,"Belanja Suku Cadang-Suku Cadang Alat Kedokteran pada sub kegiatan Pengadaan Obat, Bahan Habis Pakai, Bahan Medis Habis Pakai,, Vaksin, Makanan dan Minuman di Fasilitas Kesehatan",ON PROCESS,17599716,17599716
KAB. WAJO,PUSKESMAS PATTIROSOMPE - 1.02.0.00.0.00.01.0007,01KQ90QW0JT60YQ13F7XCVWTF1,66629773,2026,E-Katalog 6.0,APBD,ANDI AZIS ASHAR,E-Purchasing,Barang,Belanja Barang dan Jasa BOK Puskesmas Sub Kegiatan Bimbingan Teknis dan Supervisi Pengembangan dan Pelaksanaan Upaya Kesehatan Bersumber Daya Masyarakat (UKBM),ON PROCESS,573600,573600
KAB. WAJO,DINAS LINGKUNGAN HIDUP - 2.11.0.00.0.00.01.0000,01KP2C26ZW5WP338R041FBJGCE,64572766,2026,E-Katalog 6.0,APBD,AQILAHDAFFA,E-Purchasing,Barang,Belanja Makanan dan Minuman Aktivitas Lapangan,ON PROCESS,7504900,7504900
KAB. WAJO,SEKRETARIAT DAERAH - 4.01.0.00.0.00.01.0000,01KMMSDMT8PDS605CMW8PSSSDW,65287981,2026,E-Katalog 6.0,APBD,HABRI,E-Purchasing,Barang,Belanja Alat/Bahan untuk Kegiatan Kantor- Bahan Cetak,ON PROCESS,17385000,17385000
KAB. WAJO,PUSKESMAS SABBANGPARU - 1.02.0.00.0.00.01.0003,01KRZEXCVJBAN2V2HN4HBCXE59,66481720,2026,E-Katalog 6.0,APBD,GUNAWAN TJANDRA,E-Purchasing,Barang,Belanja Barang dan Jasa BLUD,ON PROCESS,5345000,5345000
KAB. WAJO,"BADAN PERENCANAAN PEMBANGUNAN, RISET DAN INOVASI DAERAH - 5.01.5.05.0.00.01.0000",01KNXTX83F7HEQT26NMWB2TGVY,65659226,2026,E-Katalog 6.0,APBD,ANDI AKHYAR SULAIMAN,E-Purchasing,Barang,Belanja Alat/Bahan untuk Kegiatan Kantor-Alat Tulis Kantor,ON PROCESS,1255500,1255500
KAB. WAJO,PUSKESMAS TAKKALALLA - 1.02.0.00.0.00.01.0011,01KQBY094NMZD314DQMMZ290AV,66077022,2026,E-Katalog 6.0,APBD,FEBY RUDISRA,E-Purchasing,Barang,Belanja Barang dan Jasa BLUD,ON PROCESS,619999,619999
KAB. WAJO,"SATUAN POLISI PAMONG PRAJA, PEMADAM KEBAKARAN DAN PENYELAMATAN - 1.05.0.00.0.00.01.0000",01KGHRMREG4K6RD7HBNJBF8Y69,64219424,2026,E-Katalog 6.0,APBD,DARNAWATI,E-Purchasing,Barang,Belanja Makanan dan Minuman Aktivitas Lapangan,ON PROCESS,833900,833900
KAB. WAJO,KECAMATAN SAJOANGING - 7.01.0.00.0.00.11.0000,01KHNSA4QQQ49QQEAFTE3TW5QN,65378659,2026,E-Katalog 6.0,APBD,AQILAHDAFFA,E-Purchasing,Barang,Belanja Makanan dan Minuman Rapat,ON PROCESS,966255,966255
KAB. WAJO,SEKRETARIAT DAERAH - 4.01.0.00.0.00.01.0000,01KT98SQCE65BHKPXE33440H0P,63636068,2026,E-Katalog 6.0,APBD,ANDI ERNA,E-Purchasing,Barang,Belanja Natura dan Pakan-Natura,ON PROCESS,238500,238500
KAB. WAJO,BADAN PENGELOLAAN KEUANGAN DAN PENDAPATAN DAERAH - 5.02.0.00.0.00.01.0000,01KMHTR2YGR1XBR6QSSBT56GAZ,63463228,2026,E-Katalog 6.0,APBD,ASTI WAHYUNI,E-Purchasing,Barang,Belanja Makanan dan Minuman Rapat,ON PROCESS,420000,420000
KAB. WAJO,BADAN PENGELOLAAN KEUANGAN DAN PENDAPATAN DAERAH - 5.02.0.00.0.00.01.0000,01KKK06Q45M3A9PQRMEDBFKZMT,63367390,2026,E-Katalog 6.0,APBD,LISDAFIK,E-Purchasing,Barang,Belanja Alat/Bahan untuk Kegiatan Kantor- Bahan Cetak,ON PROCESS,2500000,2500000
KAB. WAJO,PUSKESMAS LIU - 1.02.0.00.0.00.01.0005,01KP276DZ198HGS31T36XSEMKC,66778417,2026,E-Katalog 6.0,APBD,ASTI WAHYUNI,E-Purchasing,Barang,Belanja Barang dan Jasa BOK Puskesmas pada Sub Kegiatan Pengelolaan Pelayanan Kesehatan Ibu Hamil,ON PROCESS,196900,196900
KAB. WAJO,PUSKESMAS MANIANGPAJO - 1.02.0.00.0.00.01.0021,01KQRR2FWASZYSW2QDZEFF8K9K,66067847,2026,E-Katalog 6.0,APBD,MASDAWATI,E-Purchasing,Barang,Belanja Barang dan Jasa BLUD,ON PROCESS,675000,675000
KAB. WAJO,PUSKESMAS PATTIROSOMPE - 1.02.0.00.0.00.01.0007,01KVYZY0RZVS1R7YDQEV8N1M21,66629944,2026,E-Katalog 6.0,APBD,ANDI AZIS ASHAR,E-Purchasing,Barang,"Sub Kegiatan Peningkatan Upaya Promosi Kesehatan, Advokasi, Kemitraan dan Pemberdayaan Masyarakat",ON PROCESS,573600,573600
KAB. WAJO,"DINAS KOMUNIKASI, INFORMATIKA DAN STATISTIK - 2.16.2.20.2.21.02.0000",01KJMD641AJ3DJN80560542CM2,65606990,2026,E-Katalog 6.0,APBD,MEDIA KAHIR GRUP,E-Purchasing,Barang,Belanja Kawat/Faksimili/Internet/TV Berlangganan - Relasi Media ,ON PROCESS,2125000,2125000
KAB. WAJO,PUSKESMAS SALEWANGENG - 1.02.0.00.0.00.01.0008,01KQS54RM0H6Z7ZXDSNNMJXMQJ,66764245,2026,E-Katalog 6.0,APBD,MUHAMMAD ZULKARNAIN,E-Purchasing,Barang,Belanja Barang dan Jasa BLUD,ON PROCESS,1794000,1794000
KAB. WAJO,RSUD LAMADDUKELLENG - 1.02.0.00.0.00.01.0001,01KSFVQTTXG65HSRM2C9DMAZV4,65300982,2026,E-Katalog 6.0,BLUD,PRATAPA NIRMALA,E-Purchasing,Barang,Belanja Barang dan Jasa BLUD,ON PROCESS,5071007,5071007
KAB. WAJO,BADAN PENANGGGULANGAN BENCANA DAERAH - 1.05.0.00.0.00.04.0000,01KTG1ASHXGSDP9BP8ZGXJYMDS,66837394,2026,E-Katalog 6.0,APBD,A. MUH. ABRAR,E-Purchasing,Barang,Belanja Alat/Bahan untuk Kegiatan Kantor-Alat Tulis Kantor,ON PROCESS,2475500,2475500
KAB. WAJO,SEKRETARIAT DAERAH - 4.01.0.00.0.00.01.0000,01KVPRDM0JDHJ06J51TXG00XB6,65287977,2026,E-Katalog 6.0,APBD,MEDIA SIPADUPA PROMOSINDO,E-Purchasing,Barang,Belanja Sewa Alat Kantor Lainnya,ON PROCESS,2255000,2255000
KAB. WAJO,"DINAS KOMUNIKASI, INFORMATIKA DAN STATISTIK - 2.16.2.20.2.21.02.0000",01KQE0CAJZK05SNQ0EPR44AYGK,65606990,2026,E-Katalog 6.0,APBD,MEDIA BYTE NEWS,E-Purchasing,Barang,Belanja Kawat/Faksimili/Internet/TV Berlangganan - Relasi Media ,ON PROCESS,7208340,7208340
KAB. WAJO,"SATUAN POLISI PAMONG PRAJA, PEMADAM KEBAKARAN DAN PENYELAMATAN - 1.05.0.00.0.00.01.0000",01KNJWSN1910ZK86ZWJGW5CEXH,64064654,2026,E-Katalog 6.0,APBD,ANDI FADLI,E-Purchasing,Barang,Belanja Pemeliharaan Alat Angkutan-Alat Angkutan Darat Bermotor-Kendaraan Bermotor Khusus,ON PROCESS,374958,374958
KAB. WAJO,RSUD LAMADDUKELLENG - 1.02.0.00.0.00.01.0001,01KPFAS9V08T2CVYKVF171ZEY7,65300982,2026,E-Katalog 6.0,BLUD,HARUM DEWA PERSADA INDONESIA,E-Purchasing,Barang,Belanja Barang dan Jasa BLUD,ON PROCESS,38722350,0
KAB. WAJO,"DINAS PEKERJAAN UMUM, PENATAAN RUANG DAN PERTANAHAN - 1.03.2.10.0.00.01.0000",01KRAS3NBBDK49Y5MQRTJXEBS9,66894056,2026,E-Katalog 6.0,APBD,SAMPURAJA PUTRA,E-Purchasing,Pekerjaan Konstruksi,Paket 01 : Rekonstruksi / Peningkatan Jalan (Hotmix) Ruas Jalan Aluppang - Bentengluwu (No. Ruas : 143) Kecamatan Sajoanging,ON PROCESS,7882658704,7882658704
KAB. WAJO,PUSKESMAS LIU - 1.02.0.00.0.00.01.0005,01KVAE1N6CASJP3Z64YH7P537X,66778417,2026,E-Katalog 6.0,APBD,ASTI WAHYUNI,E-Purchasing,Barang,Belanja Barang dan Jasa BOK Puskesmas pada Sub Kegiatan Pengelolaan Pelayanan Kesehatan Ibu Hamil,ON PROCESS,196900,196900
KAB. WAJO,RSUD SIWA - 1.02.0.00.0.00.01.0002,01KVSEN2WQXVGAHWJFHCBNJN7P,66883851,2026,E-Katalog 6.0,BLUD,DENTSPLY SIRONA INDONESIA,E-Purchasing,Barang,Belanja Barang dan Jasa BLUD,ON PROCESS,3507600,0
KAB. WAJO,PUSKESMAS SOLO - 1.02.0.00.0.00.01.0010,01KQBAP7Q7GPB4KX0NZHADDSXK,66023206,2026,E-Katalog 6.0,APBD,NURFAIDAH,E-Purchasing,Barang,Belanja barang dan jasa BOK puskesmas pada sub kegiatan Pengelolaan Pelayanan Kesehatan Ibu Hamil,ON PROCESS,225000,225000
KAB. WAJO,PUSKESMAS MANIANGPAJO - 1.02.0.00.0.00.01.0021,01KV4KD1A6EJKF8X578WMGF9TM,66067847,2026,E-Katalog 6.0,APBD,BUMI MEDIKA INDONESIA,E-Purchasing,Barang,Belanja Barang dan Jasa BLUD,ON PROCESS,30278691,30278691
KAB. WAJO,DINAS KESEHATAN - 1.02.0.00.0.00.01.0000,01KR0130JBE3ZFXWD4W8R5ZD1A,66767979,2026,E-Katalog 6.0,APBD,ARSYAD M,E-Purchasing,Barang,Belanja Alat/Bahan untuk Kegiatan Kantor-Alat Tulis Kantor pada sub kegiatan Penyusunan Dokumen Perencanaan Perangkat Daerah,ON PROCESS,68701,68701
KAB. WAJO,PUSKESMAS TANASITOLO - 1.02.0.00.0.00.01.0017,01KTXPB889DYNH9FQS488E8X1J,66682556,2026,E-Katalog 6.0,APBD,MUHAMMAD ZULKARNAIN,E-Purchasing,Barang,Belanja Barang dan Jasa  BOK Puskesmas Pada Sub Kegiatan Pengelolaan Pelayanan Kesehatan Ibu Hamil,ON PROCESS,450000,450000
KAB. WAJO,"DINAS KOMUNIKASI, INFORMATIKA DAN STATISTIK - 2.16.2.20.2.21.02.0000",01KVFG4ZPHDV96CGP0KW8PGVHD,65606990,2026,E-Katalog 6.0,APBD,MEDIA SINERGI CYBER,E-Purchasing,Barang,Belanja Kawat/Faksimili/Internet/TV Berlangganan - Relasi Media ,ON PROCESS,5100000,5100000
KAB. WAJO,PUSKESMAS TAKKALALLA - 1.02.0.00.0.00.01.0011,01KSRWDJ2Y7BJWKEWZJ0X1V1AC,66025540,2026,E-Katalog 6.0,APBD,SITTI AISYAH,E-Purchasing,Barang,Belanja Barang dan Jasa BOK Puskesmas Sub Kegiatan Pengelolaan Pelayanan Kesehatan Ibu Hamil,ON PROCESS,180000,180000
KAB. WAJO,BADAN PENGELOLAAN KEUANGAN DAN PENDAPATAN DAERAH - 5.02.0.00.0.00.01.0000,01KP5NCQSQGE2V8MMXCX4VYGRF,63464855,2026,E-Katalog 6.0,APBD,ASTI WAHYUNI,E-Purchasing,Barang,Belanja Makanan dan Minuman Rapat,ON PROCESS,634800,634800
KAB. WAJO,PUSKESMAS PAMMANA - 1.02.0.00.0.00.01.0009,01KW3D4G5MKM18KKFN57V41YQP,66005241,2026,E-Katalog 6.0,APBD,MUHAMMAD ZULKARNAIN,E-Purchasing,Barang,Nasi Kotak,ON PROCESS,119600,119600
KAB. WAJO,DINAS LINGKUNGAN HIDUP - 2.11.0.00.0.00.01.0000,01KGEQ2ME3PMSN10PAJ3J1XBCT,64578019,2026,E-Katalog 6.0,APBD,AQILAHDAFFA,E-Purchasing,Barang,Belanja Makan Minum Rapat,ON PROCESS,5471700,5471700
KAB. WAJO,KECAMATAN PENRANG - 7.01.0.00.0.00.08.0000,01KNTMYR82XD65H5JHR0FQ0RCE,66126274,2026,E-Katalog 6.0,APBD,ANDI AKHYAR SULAIMAN,E-Purchasing,Barang,Belanja Alat/Bahan untuk Kegiatan Kantor-Alat Tulis Kantor,ON PROCESS,498500,498500
KAB. WAJO,PUSKESMAS MANIANGPAJO - 1.02.0.00.0.00.01.0021,01KTJZKXCT5FPNHT26Z245E83S,66071513,2026,E-Katalog 6.0,APBD,MASDAWATI,E-Purchasing,Barang,Belanja Barang dan Jasa BOK Puskesmas Pada Sub Kegiatan Pengelolaan Pelayanan Kesehatan Ibu Hamil,ON PROCESS,150000,150000
KAB. WAJO,KECAMATAN TEMPE - 7.01.0.00.0.00.14.0000,01KS1J09FZ48FMNKWFQZHW3N43,64721112,2026,E-Katalog 6.0,APBD,ANDI ERNA,E-Purchasing,Barang,Belanja Makanan dan Minuman Rapat,ON PROCESS,2500000,2500000
KAB. WAJO,"DINAS KOMUNIKASI, INFORMATIKA DAN STATISTIK - 2.16.2.20.2.21.02.0000",01KPW1YE3QPMSQY411ZKM8KGJE,65584402,2026,E-Katalog 6.0,APBD,GUNAWAN TJANDRA,E-Purchasing,Barang,Belanja Modal Peralatan Studio Video dan Film - Pengadaan Peralatan dan Mesin Lainnya ,ON PROCESS,31945800,31945800
KAB. WAJO,BADAN KESATUAN BANGSA DAN POLITIK - 8.01.0.00.0.00.01.0000,01KT91299MKJ20X5J7Y9F3SGJA,63062855,2026,E-Katalog 6.0,APBD,ANANCI,E-Purchasing,Barang,Belanja Alat/Bahan untuk Kegiatan Kantor- Bahan Cetak,ON PROCESS,249300,249300
KAB. WAJO,SEKRETARIAT DEWAN PERWAKILAN RAKYAT DAERAH - 4.02.0.00.0.00.01.0000,01KQF6KQ9B6ZK88EFPZVY5Q6FA,63930791,2026,E-Katalog 6.0,APBD,MUSTAFA HI. BANDUNG,E-Purchasing,Barang,Belanja Makanan dan Minuman Rapat_Pembahasan_LKPJ,ON PROCESS,3861000,3861000
KAB. WAJO,DINAS KESEHATAN - 1.02.0.00.0.00.01.0000,01KT3245BQ2C25JEVPDA56NHS5,66827324,2026,E-Katalog 6.0,APBD,TOP-POINT MEDICAL,E-Purchasing,Barang,"Belanja Suku Cadang-Suku Cadang Alat Kedokteran pada sub kegiatan Pengadaan Obat, Bahan Habis Pakai, Bahan Medis Habis Pakai,, Vaksin, Makanan dan Minuman di Fasilitas Kesehatan",ON PROCESS,1800975,1800975
KAB. WAJO,"DINAS KOMUNIKASI, INFORMATIKA DAN STATISTIK - 2.16.2.20.2.21.02.0000",01KJEV6RWRH19BDNYFR2MZRPN4,65718399,2026,E-Katalog 6.0,APBD,MUHAMMAD TASLIM,E-Purchasing,Jasa Lainnya,Belanja Jasa Tenaga Ahli - Penyusunan Konten,ON PROCESS,4000000,4000000
KAB. WAJO,DINAS PERUMAHAN DAN KAWASAN PERMUKIMAN - 1.04.0.00.0.00.01.0000,01KSE8J4V0832RQQGPHQKF2RQ8,67154323,2026,E-Katalog 6.0,APBD,ANDI AKHYAR SULAIMAN,E-Purchasing,Barang,Belanja Benda Pos pada Kegiatan Penyediaan Administrasi Pelaksanaan Tugas ASN,ON PROCESS,348000,348000
KAB. WAJO,BADAN KESATUAN BANGSA DAN POLITIK - 8.01.0.00.0.00.01.0000,01KTR7R43B7ZP7Y9JPV711H44W,63063545,2026,E-Katalog 6.0,APBD,HASDIMAN,E-Purchasing,Barang,Belanja Alat/Bahan untuk Kegiatan Kantor-Alat Tulis Kantor,ON PROCESS,1262097,1262097
KAB. WAJO,DINAS PERIKANAN - 3.25.0.00.0.00.01.0000,01KPAC8YSQ7RA90MNV5E2C7X9C,64498188,2026,E-Katalog 6.0,APBD,FADLIAH MAPPANGANRO,E-Purchasing,Barang,Belanja Alat/Bahan untuk Kegiatan Kantor- Bahan Cetak kegiatan Koordinasi dan Penyusunan Laporan Capaian Kinerja dan Ikhtisar Realisasi Kinerja SKPD,ON PROCESS,1185200,1185200
KAB. WAJO,"DINAS KOMUNIKASI, INFORMATIKA DAN STATISTIK - 2.16.2.20.2.21.02.0000",01KVWFFM5DBQDKAKH5C3T1WG71,65606990,2026,E-Katalog 6.0,APBD,RAJAWALI MULTIMEDIA NUSANTARA,E-Purchasing,Barang,Belanja Kawat/Faksimili/Internet/TV Berlangganan - Relasi Media ,ON PROCESS,5099962,5099962
KAB. WAJO,KECAMATAN BELAWA - 7.01.0.00.0.00.01.0000,01KSEWV0W579AST8MH2D2ZGY8A,66880241,2026,E-Katalog 6.0,APBD,MASDAWATI,E-Purchasing,Barang,Penyusunan Dokumen Perencanaan Perangkat Daerah,ON PROCESS,145000,145000
KAB. WAJO,DINAS PEMBERDAYAAN MASYARAKAT DAN DESA - 2.13.0.00.0.00.01.0000,01KVPCMJ0258JBC0H1DFSRTRV6,65633272,2026,E-Katalog 6.0,APBD,GUNAWAN TJANDRA,E-Purchasing,Barang,Pengadaan Peralatan dan Mesin Lainnya,ON PROCESS,19700001,19700001
KAB. WAJO,BADAN PENGELOLAAN KEUANGAN DAN PENDAPATAN DAERAH - 5.02.0.00.0.00.01.0000,01KMYN751SMSVAJ98J1Z362MY4,63366954,2026,E-Katalog 6.0,APBD,LISDAFIK,E-Purchasing,Barang,Belanja Alat/Bahan untuk Kegiatan Kantor-Alat Tulis Kantor,ON PROCESS,120000,120000
KAB. WAJO,RSUD LAMADDUKELLENG - 1.02.0.00.0.00.01.0001,01KSEJX4BZQDX4A16DM2CGQ7VX,65300982,2026,E-Katalog 6.0,BLUD,ESSITY HYGIENE AND HEALTH INDONESIA,E-Purchasing,Barang,Belanja Barang dan Jasa BLUD,ON PROCESS,19155159,0
KAB. WAJO,PUSKESMAS TEMPE - 1.02.0.00.0.00.01.0006,01KVA7BYP9WTXRBXTF86E048TM,66735118,2026,E-Katalog 6.0,APBD,MUHAMMAD ZULKARNAIN,E-Purchasing,Barang,"Kue / Snack pada Sub Kegiatan Peningkatan Upaya Promosi Kesehatan, Advokasi, Kemitraan dan Pemberdayaan Masyarakat",ON PROCESS,483300,483300
KAB. WAJO,"DINAS KOMUNIKASI, INFORMATIKA DAN STATISTIK - 2.16.2.20.2.21.02.0000",01KJ9QZCJDYQ591BDYY6SR2BS1,65606989,2026,E-Katalog 6.0,APBD,MEDIA FAJAR INDONESIA,E-Purchasing,Barang,Belanja Langganan Jurnal/Surat Kabar/Majalah - Relasi Media ,ON PROCESS,19980000,19980000
KAB. WAJO,BADAN KESATUAN BANGSA DAN POLITIK - 8.01.0.00.0.00.01.0000,01KPQKTF81KTFR4VHRSZHWMSVV,63062204,2026,E-Katalog 6.0,APBD,ANDI ERNA,E-Purchasing,Barang,Belanja Makanan dan Minuman Rapat,ON PROCESS,4960000,4960000
KAB. WAJO,PUSKESMAS TEMPE - 1.02.0.00.0.00.01.0006,01KPAEC41G8T0EY905ERG6BREW,65899120,2026,E-Katalog 6.0,APBD,PRIMARY PERSADA MEDIKA,E-Purchasing,Barang,Belanja Barang dan Jasa BLUD,ON PROCESS,31005871,31005871
KAB. WAJO,"DINAS KOMUNIKASI, INFORMATIKA DAN STATISTIK - 2.16.2.20.2.21.02.0000",01KQA09JK4KA6W8TNSZF9MXFB6,65606990,2026,E-Katalog 6.0,APBD,PANORAMA MEDIA INSTING,E-Purchasing,Barang,Belanja Kawat/Faksimili/Internet/TV Berlangganan - Relasi Media ,ON PROCESS,7208340,7208340
KAB. WAJO,SEKRETARIAT DAERAH - 4.01.0.00.0.00.01.0000,01KQ4Q093V99QDDG6ZNN1RNGAK,63636068,2026,E-Katalog 6.0,APBD,ANDI ROHANA,E-Purchasing,Barang,Belanja Natura dan Pakan-Natura,ON PROCESS,59940140,59940140
KAB. WAJO,DINAS TENAGA KERJA DAN TRANSMIGRASI - 2.07.3.32.0.00.02.0000,01KWDSP0NSPDDC3V202T5H90S1,67306945,2026,E-Katalog 6.0,APBD,MUH. ARFAN SETIAWAN,E-Purchasing,Barang,Belanja Alat/Bahan untuk Kegiatan Kantor- Bahan Cetak,ON PROCESS,511010,511010
KAB. WAJO,DINAS PENANAMAN MODAL DAN PELAYANAN TERPADU SATU PINTU - 2.18.0.00.0.00.01.0000,01KVAD0XATC7PX5KV74KKQMHZ8,65002434,2026,E-Katalog 6.0,APBD,ANDI AKHYAR SULAIMAN,E-Purchasing,Barang,Belanja Alat/Bahan untuk Kegiatan Kantor-Alat Tulis Kantor,ON PROCESS,335999,335999
KAB. WAJO,PUSKESMAS TOSORA - 1.02.0.00.0.00.01.0016,01KNKJN7SWCKW52ZG1E0QGTQ66,66096187,2026,E-Katalog 6.0,APBD,ASTI WAHYUNI,E-Purchasing,Barang,Belanja Barang dan Jasa BOK Puskesmas pada Sub Kegiatan Pengelolaan Pelayanan Kesehatan Ibu Hamil ,ON PROCESS,304300,304300
KAB. WAJO,PUSKESMAS PATTIROSOMPE - 1.02.0.00.0.00.01.0007,01KP26WXT5R6C5CHYT5ZBHY7WW,66629961,2026,E-Katalog 6.0,APBD,ANDI AZIS ASHAR,E-Purchasing,Barang,Sub Kegiatan Pengelolaan Pelayanan Kesehatan Ibu Hamil,ON PROCESS,268500,268500
KAB. WAJO,PUSKESMAS GILIRENG - 1.02.0.00.0.00.01.0019,01KRG7TEWJFJSMW7PE1HFHS5VC,66073569,2026,E-Katalog 6.0,APBD,GEDDONG,E-Purchasing,Barang,Belanja Barang dan Jasa BOK Puskesmas pada Sub Kegiatan Pengelolaan Pelayanan Kesehatan Ibu Hamil,ON PROCESS,268500,268500
KAB. WAJO,BADAN PENGELOLAAN KEUANGAN DAN PENDAPATAN DAERAH - 5.02.0.00.0.00.01.0000,01KP76PYTT2RWXZB7E42EX79EM,63560015,2026,E-Katalog 6.0,APBD,AQILAHDAFFA,E-Purchasing,Barang,Belanja Alat/Bahan untuk Kegiatan Kantor-Perabot Kantor,ON PROCESS,12145500,12145500
KAB. WAJO,PUSKESMAS SALOBULO - 1.02.0.00.0.00.01.0013,01KPSG412RMS0JBY8T24EJ9QZT,66083230,2026,E-Katalog 6.0,APBD,BINTANG LIMA MEDIKA,E-Purchasing,Barang,Belanja Barang dan Jasa BLUD,ON PROCESS,10966245,10966245
KAB. WAJO,PUSKESMAS SAPPA - 1.02.0.00.0.00.01.0022,01KS2HNFPWXHX3XBXR5JTNWWNP,66281522,2026,E-Katalog 6.0,APBD,ST.AJIRAH,E-Purchasing,Barang,Kue / Snack,ON PROCESS,268500,268500
KAB. WAJO,"DINAS KOMUNIKASI, INFORMATIKA DAN STATISTIK - 2.16.2.20.2.21.02.0000",01KWJNF3NRYZRCCE9ZKYMMVT05,65606990,2026,E-Katalog 6.0,APBD,PENA CYBER INTERMEDIA,E-Purchasing,Barang,Belanja Kawat/Faksimili/Internet/TV Berlangganan - Relasi Media ,ON PROCESS,7208000,7208000
KAB. WAJO,KELURAHAN LAPONGKODA - 7.01.0.00.0.00.14.0015,01KR0Y3TQMZ4ECMDVSSDJ7N4GH,67021630,2026,E-Katalog 6.0,APBD,A. MUH. ABRAR,E-Purchasing,Barang,Belanja Alat/Bahan untuk Kegiatan Kantor-Alat Tulis Kantor,ON PROCESS,5388500,5388500
KAB. WAJO,"DINAS PERINDUSTRIAN, PERDAGANGAN, KOPERASI, USAHA KECIL DAN MENENGAH - 2.17.3.30.3.31.01.0000",01KPPXEQSSFD228EC2P4YZ9G3A,65681646,2026,E-Katalog 6.0,APBD,ANDI AKHYAR SULAIMAN,E-Purchasing,Barang,Belanja Alat/Bahan untuk Kegiatan Kantor-Alat Tulis Kantor Pada Sub Kegiatan Pelaksanaan Proses Pemeriksaan dan Pengawasan Koperasi yang Wilayah Keanggotaannya Daerah Kabupaten/Kota,ON PROCESS,5650000,5650000
KAB. WAJO,PUSKESMAS MANIANGPAJO - 1.02.0.00.0.00.01.0021,01KNGC4104H75N47R02KY55MVM,66071513,2026,E-Katalog 6.0,APBD,MASDAWATI,E-Purchasing,Barang,Belanja Barang dan Jasa BOK Puskesmas Pada Sub Kegiatan Pengelolaan Pelayanan Kesehatan Ibu Hamil,ON PROCESS,150000,150000
KAB. WAJO,SEKRETARIAT DAERAH - 4.01.0.00.0.00.01.0000,01KPDFB13XK5N1PGTMXVVWGE8J,65287973,2026,E-Katalog 6.0,APBD,FITRIANI,E-Purchasing,Barang,Belanja Makanan dan Minuman Jamuan Tamu,ON PROCESS,953978,953978
KAB. WAJO,BADAN KESATUAN BANGSA DAN POLITIK - 8.01.0.00.0.00.01.0000,01KQY6ZW7TB88DD6S72BFJYTRW,63062754,2026,E-Katalog 6.0,APBD,MUSTAFA HI. BANDUNG,E-Purchasing,Barang,Belanja Makanan dan Minuman Rapat,ON PROCESS,1426000,1426000
KAB. WAJO,"DINAS KOMUNIKASI, INFORMATIKA DAN STATISTIK - 2.16.2.20.2.21.02.0000",01KVWCY24CYDC7GGJF9ZJ55KJH,65606990,2026,E-Katalog 6.0,APBD,BERWA MULTIMEDIA GRUP,E-Purchasing,Barang,Belanja Kawat/Faksimili/Internet/TV Berlangganan - Relasi Media ,ON PROCESS,7225000,7225000
KAB. WAJO,PUSKESMAS BELAWA - 1.02.0.00.0.00.01.0025,01KTJM6X2FJTYVWHCEA2QGX65F,66598483,2026,E-Katalog 6.0,APBD,ST.AJIRAH,E-Purchasing,Barang,Belanja Barang dan Jasa BLUD,ON PROCESS,2390000,2390000
KAB. WAJO,"DINAS KOMUNIKASI, INFORMATIKA DAN STATISTIK - 2.16.2.20.2.21.02.0000",01KJEFQ8TYJM85703WK0VCN3H6,65606990,2026,E-Katalog 6.0,APBD,FUMA NUSANTARA MEDIA,E-Purchasing,Barang,Belanja Kawat/Faksimili/Internet/TV Berlangganan - Relasi Media ,ON PROCESS,2125000,2125000
KAB. WAJO,PUSKESMAS KEERA - 1.02.0.00.0.00.01.0020,01KQ9GVF973JXVQKGXQGAVSFZ1,66812850,2026,E-Katalog 6.0,APBD,ROSNAENI,E-Purchasing,Barang,Belanja barang jasa BOK Puskesmas pada sub kegiatan Pengelolaan Pelayanan Kesehatan Ibu Hamil,ON PROCESS,210000,210000
KAB. WAJO,"DINAS KOMUNIKASI, INFORMATIKA DAN STATISTIK - 2.16.2.20.2.21.02.0000",01KVFKJHEYG9KD4W27BSH2QJ5T,65606990,2026,E-Katalog 6.0,APBD,NOIS MEDIA INDONESIA,E-Purchasing,Barang,Belanja Kawat/Faksimili/Internet/TV Berlangganan - Relasi Media ,ON PROCESS,19800000,19800000
KAB. WAJO,"BADAN PERENCANAAN PEMBANGUNAN, RISET DAN INOVASI DAERAH - 5.01.5.05.0.00.01.0000",01KK0ZKT17GHZYX23QVY560EVY,65676268,2026,E-Katalog 6.0,APBD,ANDI AKHYAR SULAIMAN,E-Purchasing,Barang,Belanja Alat/Bahan untuk Kegiatan Kantor-Alat Tulis Kantor,ON PROCESS,1274996,1274996
KAB. WAJO,"DINAS PEKERJAAN UMUM, PENATAAN RUANG DAN PERTANAHAN - 1.03.2.10.0.00.01.0000",10813461000,66757568,2026,Non Tender,APBD,"Urfa Hasdi, ST",Pengadaan Langsung,Jasa Konsultansi Perorangan Konstruksi,Drafter (Perencanaan Pengaspalan),SELESAI,11100000,11100000
KAB. WAJO,DINAS PENDIDIKAN DAN KEBUDAYAAN - 1.01.2.22.0.00.02.0000,01KW91AY14HPSA63BJKQ6G0XMT,63028090,2026,E-Katalog 6.0,APBD,HARIANTO,E-Purchasing,Jasa Lainnya,Belanja Alat/Bahan untuk Kegiatan Kantor- Bahan Cetak,ON PROCESS,388500,388500
KAB. WAJO,BADAN PENGELOLAAN KEUANGAN DAN PENDAPATAN DAERAH - 5.02.0.00.0.00.01.0000,01KGE1HY18PQ83C9PHDV4DRENG,63991975,2026,E-Katalog 6.0,APBD,ASTI WAHYUNI,E-Purchasing,Barang,Belanja Makanan dan Minuman Rapat,ON PROCESS,525000,525000
KAB. WAJO,DINAS PENANAMAN MODAL DAN PELAYANAN TERPADU SATU PINTU - 2.18.0.00.0.00.01.0000,01KVCKHNB8C3A1V7B7M7EV36Y7,64997057,2026,E-Katalog 6.0,APBD,ANDI AKHYAR SULAIMAN,E-Purchasing,Barang,Belanja Alat/Bahan untuk Kegiatan Kantor-Alat Tulis Kantor,ON PROCESS,400000,400000
KAB. WAJO,SEKRETARIAT DAERAH - 4.01.0.00.0.00.01.0000,01KN6JA1YQ0XDZD1NM4ATRM7ZQ,66616536,2026,E-Katalog 6.0,APBD,ANDI AKHYAR SULAIMAN,E-Purchasing,Barang,Belanja Alat/Bahan untuk Kegiatan Kantor- Bahan Cetak,ON PROCESS,4600000,4600000
KAB. WAJO,PUSKESMAS TAKKALALLA - 1.02.0.00.0.00.01.0011,01KQS27DKXC5GEVQR5ZJTDJPV4,66025540,2026,E-Katalog 6.0,APBD,SITTI AISYAH,E-Purchasing,Barang,Belanja Barang dan Jasa BOK Puskesmas Sub Kegiatan Pengelolaan Pelayanan Kesehatan Ibu Hamil,ON PROCESS,180000,180000
KAB. WAJO,RSUD LAMADDUKELLENG - 1.02.0.00.0.00.01.0001,01KVYHWVXQ2ZVSG43VX57VVK7E,65300982,2026,E-Katalog 6.0,BLUD,GLOBAL DISPOMEDIKA,E-Purchasing,Barang,Belanja Barang dan Jasa BLUD,ON PROCESS,88189500,88189500
KAB. WAJO,DINAS KESEHATAN - 1.02.0.00.0.00.01.0000,10867015000,66908592,2026,Non Tender,APBD,CV. DUA PILAR,Pengadaan Langsung,Jasa Konsultansi Badan Usaha Konstruksi,Perencanaan Pengadaan dan Pemasangan Instalasi Jaringan Listrik pada sub kegiatan Pengembangan Rumah Sakit,SELESAI,20863005,20863005
KAB. WAJO,"DINAS PEKERJAAN UMUM, PENATAAN RUANG DAN PERTANAHAN - 1.03.2.10.0.00.01.0000",01KNKJ6Q8WTJ7AAZ97KY87GQK0,66799765,2026,E-Katalog 6.0,APBD,ANDI AKHYAR SULAIMAN,E-Purchasing,Barang,Belanja Alat/Bahan untuk Kegiatan Kantor- Bahan Cetak,ON PROCESS,1950000,1950000
KAB. WAJO,PUSKESMAS PENRANG - 1.02.0.00.0.00.01.0014,01KWTVJZBTVW2JT1PE8WA60T3W,66076986,2026,E-Katalog 6.0,APBD,ANDI JUNENNI,E-Purchasing,Barang,Belanja barang dan jasa BOK puskesmas pada sub kegiatan Pengelolaan Pelayanan Kesehatan Ibu Hamil,ON PROCESS,304300,304300
KAB. WAJO,SEKRETARIAT DAERAH - 4.01.0.00.0.00.01.0000,01KTNPCFXGC4G44997HSRXXFTS,66020196,2026,E-Katalog 6.0,APBD,ANDI AKHYAR SULAIMAN,E-Purchasing,Barang,Belanja Alat/Bahan untuk Kegiatan Kantor-Alat Tulis Kantor,ON PROCESS,3741987,3741987
KAB. WAJO,PUSKESMAS SOLO - 1.02.0.00.0.00.01.0010,01KMPM8WZ0T4S8Z6DB4RCHRWPY,66023206,2026,E-Katalog 6.0,APBD,NURFAIDAH,E-Purchasing,Barang,Belanja barang dan jasa BOK puskesmas pada sub kegiatan Pengelolaan Pelayanan Kesehatan Ibu Hamil,ON PROCESS,225000,225000
KAB. WAJO,SEKRETARIAT DEWAN PERWAKILAN RAKYAT DAERAH - 4.02.0.00.0.00.01.0000,01KFQ8THB1QK8WJ3K7FBP82AFX,63931773,2026,E-Katalog 6.0,APBD,SURIANI,E-Purchasing,Barang,Belanja Makanan dan Minuman Rapat Pelaksanaan Reses,ON PROCESS,6900000,6900000
KAB. WAJO,SEKRETARIAT DEWAN PERWAKILAN RAKYAT DAERAH - 4.02.0.00.0.00.01.0000,01KFM9YFWNREFGKRC1A0C0BGZR,63931773,2026,E-Katalog 6.0,APBD,FIRMANSYAH,E-Purchasing,Barang,Belanja Makanan dan Minuman Rapat Pelaksanaan Reses,ON PROCESS,6900000,6900000
KAB. WAJO,RSUD SIWA - 1.02.0.00.0.00.01.0002,01KQ6P9CSV2CZ6RC7QVAN99FB5,66883851,2026,E-Katalog 6.0,BLUD,ASA ATMA HARSA,E-Purchasing,Barang,Belanja Barang dan Jasa BLUD,ON PROCESS,3840499,0
KAB. WAJO,PUSKESMAS SAPPA - 1.02.0.00.0.00.01.0022,01KRX2VF4V6X2HK9CK8ZSTZG16,66281522,2026,E-Katalog 6.0,APBD,ST.AJIRAH,E-Purchasing,Barang,Kue / Snack,ON PROCESS,268500,268500
KAB. WAJO,"DINAS SOSIAL, PENGENDALIAN PENDUDUK, KELUARGA BERENCANA, PEMBERDAYAAN PEREMPUAN DAN PERLINDUNGAN ANAK - 1.06.2.08.2.14.06.0000",01KQBXD0BAA3C2WYTY36AG52VF,66976118,2026,E-Katalog 6.0,APBD,TAMIYA NURUL WULANDA,E-Purchasing,Barang,Belanja Makanan dan Minuman Rapat,ON PROCESS,3438500,3438500
KAB. WAJO,"DINAS KOMUNIKASI, INFORMATIKA DAN STATISTIK - 2.16.2.20.2.21.02.0000",01KVETPXPSPABZ5829VGFMY2MS,65606989,2026,E-Katalog 6.0,APBD,MEDIA KAHIR GRUP,E-Purchasing,Barang,Belanja Langganan Jurnal/Surat Kabar/Majalah - Relasi Media ,ON PROCESS,10000000,10000000
KAB. WAJO,BADAN PENGELOLAAN KEUANGAN DAN PENDAPATAN DAERAH - 5.02.0.00.0.00.01.0000,01KWE7A0YCZEJ02FM623MSCQ85,63993949,2026,E-Katalog 6.0,APBD,ANDI AKHYAR SULAIMAN,E-Purchasing,Barang,Belanja Alat/Bahan untuk Kegiatan Kantor- Bahan Cetak,ON PROCESS,1998000,1998000
KAB. WAJO,PUSKESMAS TOSORA - 1.02.0.00.0.00.01.0016,01KNKJK0W24283FSQS74NHWN12,66096187,2026,E-Katalog 6.0,APBD,ASTI WAHYUNI,E-Purchasing,Barang,Belanja Barang dan Jasa BOK Puskesmas pada Sub Kegiatan Pengelolaan Pelayanan Kesehatan Ibu Hamil ,ON PROCESS,304300,304300
KAB. WAJO,PUSKESMAS PATTIROSOMPE - 1.02.0.00.0.00.01.0007,01KVW7S6P25E650BBA63614SKC,66629961,2026,E-Katalog 6.0,APBD,ANDI AZIS ASHAR,E-Purchasing,Barang,Sub Kegiatan Pengelolaan Pelayanan Kesehatan Ibu Hamil,ON PROCESS,268500,268500
KAB. WAJO,SEKRETARIAT DEWAN PERWAKILAN RAKYAT DAERAH - 4.02.0.00.0.00.01.0000,01KFW9W7ZSBTSPWQRFXTAT2P7A,63931767,2026,E-Katalog 6.0,APBD,MUDAMA,E-Purchasing,Barang,Belanja Sewa Alat Bantu Lainnya Pelaksanaan Reses,ON PROCESS,749250,749250
KAB. WAJO,SEKRETARIAT DAERAH - 4.01.0.00.0.00.01.0000,01KP27SHVK1ECGQYDZB6JWVGZ5,63554860,2026,E-Katalog 6.0,APBD,"ANDI DILAYANTI, S.E.",E-Purchasing,Barang,Belanja Alat/Bahan untuk Kegiatan Kantor- Bahan Cetak,ON PROCESS,6271500,6271500
KAB. WAJO,"DINAS KOMUNIKASI, INFORMATIKA DAN STATISTIK - 2.16.2.20.2.21.02.0000",01KVWMC7JSMVAQVBQENYZ1XK9V,65606990,2026,E-Katalog 6.0,APBD,ZONA INFO INTIM,E-Purchasing,Barang,Belanja Kawat/Faksimili/Internet/TV Berlangganan - Relasi Media ,ON PROCESS,4895100,4895100
KAB. WAJO,KECAMATAN TEMPE - 7.01.0.00.0.00.14.0000,01KHXJJZ19BC3GY5NX05Y5MYY4,64713726,2026,E-Katalog 6.0,APBD,ANDI ERNA,E-Purchasing,Barang,Belanja Makanan dan Minuman Rapat,ON PROCESS,8365000,8365000
KAB. WAJO,BADAN PENGELOLAAN KEUANGAN DAN PENDAPATAN DAERAH - 5.02.0.00.0.00.01.0000,01KRZNJ1HTA9Z9EK7H2NSFDEP4,63464855,2026,E-Katalog 6.0,APBD,ASTI WAHYUNI,E-Purchasing,Barang,Belanja Makanan dan Minuman Rapat,ON PROCESS,634800,634800
KAB. WAJO,"SATUAN POLISI PAMONG PRAJA, PEMADAM KEBAKARAN DAN PENYELAMATAN - 1.05.0.00.0.00.01.0000",01KRB62JKZ4PQMJ008TK0P7GFC,66916167,2026,E-Katalog 6.0,APBD,ANDI MARWANAH,E-Purchasing,Barang,Belanja Makanan dan Minuman Aktivitas Lapangan,ON PROCESS,4842000,4842000
KAB. WAJO,RSUD LAMADDUKELLENG - 1.02.0.00.0.00.01.0001,01KPT1ABGAZ1RJ35AX7RSS9M19,65300982,2026,E-Katalog 6.0,BLUD,OTSUKA INDONESIA,E-Purchasing,Barang,Belanja Barang dan Jasa BLUD,ON PROCESS,3622374,3622374
KAB. WAJO,DINAS TENAGA KERJA DAN TRANSMIGRASI - 2.07.3.32.0.00.02.0000,01KP5AXAMHCPXCHJHRAZ5DDJQ0,66838236,2026,E-Katalog 6.0,APBD,SYAHNUN UTAMA,E-Purchasing,Barang,Belanja Bahan-Bahan Baku,ON PROCESS,25950024,25950024
KAB. WAJO,SEKRETARIAT DEWAN PERWAKILAN RAKYAT DAERAH - 4.02.0.00.0.00.01.0000,01KKJYYZ51D3Q9ES8FJA6RD85H,63930161,2026,E-Katalog 6.0,APBD,BUNGARATU MEGATAMA,E-Purchasing,Barang,Belanja Alat/Bahan untuk Kegiatan Kantor- Suvenir/Cendera Mata,ON PROCESS,1110000,1110000
KAB. WAJO,"SATUAN POLISI PAMONG PRAJA, PEMADAM KEBAKARAN DAN PENYELAMATAN - 1.05.0.00.0.00.01.0000",01KGHT1781VP6T2KT415ZM8DBT,64064061,2026,E-Katalog 6.0,APBD,DARNAWATI,E-Purchasing,Barang,Belanja Makanan dan Minuman Aktivitas Lapangan,ON PROCESS,833900,833900
KAB. WAJO,BADAN KEPEGAWAIAN DAN PENGEMBANGAN SUMBER DAYA MANUSIA - 5.03.5.04.0.00.01.0000,01KMYYCMEK25Z8H0AQ8JRZZ647,63766914,2026,E-Katalog 6.0,APBD,"ANDI DILAYANTI, S.E.",E-Purchasing,Barang,Belanja Alat/Bahan untuk Kegiatan Kantor-Alat Tulis Kantor pada Kegiatan Pelaksanaan Penatausahaan dan Pengujian/Verifikasi Keuangan SKPD,ON PROCESS,19919186,19919186
KAB. WAJO,SEKRETARIAT DAERAH - 4.01.0.00.0.00.01.0000,01KRG42Z5CWXN6NZ01GGSD99JQ,65287975,2026,E-Katalog 6.0,APBD,TENRI MAWAR,E-Purchasing,Barang,Belanja Sewa Kendaraan Bermotor Angkutan Barang,ON PROCESS,5500000,5500000
KAB. WAJO,PUSKESMAS SALEWANGENG - 1.02.0.00.0.00.01.0008,01KRFB9DFWSP2RPEQKWEKEYV2J,66764245,2026,E-Katalog 6.0,APBD,MUHAMMAD ZULKARNAIN,E-Purchasing,Barang,Belanja Barang dan Jasa BLUD,ON PROCESS,1571500,1571500
KAB. WAJO,DINAS PERUMAHAN DAN KAWASAN PERMUKIMAN - 1.04.0.00.0.00.01.0000,01KTK9MCSFTXR6JC42484W5N5E,67254370,2026,E-Katalog 6.0,APBD,SUDWIKATMONO,E-Purchasing,Barang,"Belanja Pelumas Kendaraan Operasional Roda 4 Pengembangan Prasarana, Sarana dan Utilitas Umum",ON PROCESS,777000,777000
KAB. WAJO,SEKRETARIAT DEWAN PERWAKILAN RAKYAT DAERAH - 4.02.0.00.0.00.01.0000,01KNRJV774TRA45QMT29173JHT,63932421,2026,E-Katalog 6.0,APBD,FITRI RAHMADHANI,E-Purchasing,Barang,Belanja Makanan dan Minuman Rapat_Pembahasan_RANPERDA,ON PROCESS,644000,644000
KAB. WAJO,PUSKESMAS SALOBULO - 1.02.0.00.0.00.01.0013,01KQEYTS0P8GV60XAX4NX9PMN6,66080555,2026,E-Katalog 6.0,APBD,ANDI JUNENNI,E-Purchasing,Barang,Belanja Barang dan Jasa BOK Puskesmas pada sub kegiatan Pengelolaan Gizi Masyarakat,ON PROCESS,358000,358000
KAB. WAJO,PUSKESMAS TOSORA - 1.02.0.00.0.00.01.0016,01KT8V01WVYZ3VQZ2FFPG2EWS6,66096187,2026,E-Katalog 6.0,APBD,ASTI WAHYUNI,E-Purchasing,Barang,Belanja Barang dan Jasa BOK Puskesmas pada Sub Kegiatan Pengelolaan Pelayanan Kesehatan Ibu Hamil ,ON PROCESS,286400,286400
KAB. WAJO,DINAS PENDIDIKAN DAN KEBUDAYAAN - 1.01.2.22.0.00.02.0000,01KQ9YP1A9T9MG5V242TMBZ3KT,63028092,2026,E-Katalog 6.0,APBD,MUH IQBAL MASTAL,E-Purchasing,Jasa Lainnya,Belanja Makanan dan Minuman Jamuan Tamu,ON PROCESS,3456000,3456000
KAB. WAJO,SEKRETARIAT DEWAN PERWAKILAN RAKYAT DAERAH - 4.02.0.00.0.00.01.0000,01KJ7553BDCVZQJ33WCPP7WJ6Y,63928679,2026,E-Katalog 6.0,APBD,ANDI ROHANA,E-Purchasing,Barang,Belanja Natura dan Pakan-Natura Penyediaan Kebutuhan Rumah Tangga,ON PROCESS,24807885,24807885
KAB. WAJO,PUSKESMAS SAJOANGING - 1.02.0.00.0.00.01.0012,01KVF1VVMMCW04PH6310T5AFE4,66620220,2026,E-Katalog 6.0,APBD,SALWA NABILAH IDRIS,E-Purchasing,Barang,Belanja Barang dan jasa BOK Puskesmas pada sub kegiatan Pengelolaan Pelayanan Kesehatan Ibu Hamil,ON PROCESS,358000,358000
KAB. WAJO,PUSKESMAS PAMMANA - 1.02.0.00.0.00.01.0009,01KQERP2WZ3FGVFETZQMPDEBND,65993330,2026,E-Katalog 6.0,APBD,MUHAMMAD ZULKARNAIN,E-Purchasing,Barang,Belanja Barang dan Jasa BLUD,ON PROCESS,1704300,1704300
KAB. WAJO,SEKRETARIAT DAERAH - 4.01.0.00.0.00.01.0000,01KR0KMZ1RJ5QTDJN965ECRA9R,63636068,2026,E-Katalog 6.0,APBD,ANDI ERNA,E-Purchasing,Barang,Belanja Natura dan Pakan-Natura,ON PROCESS,4500000,4500000
KAB. WAJO,"DINAS KOMUNIKASI, INFORMATIKA DAN STATISTIK - 2.16.2.20.2.21.02.0000",01KVEVTV22PZ3T46MTH1XJR2K4,65718399,2026,E-Katalog 6.0,APBD,WIDYASTUTI,E-Purchasing,Jasa Lainnya,Belanja Jasa Tenaga Ahli - Penyusunan Konten,ON PROCESS,4000000,4000000
KAB. WAJO,RSUD LAMADDUKELLENG - 1.02.0.00.0.00.01.0001,01KJSTCVJPCMJW9H129PAASJQ0,65300982,2026,E-Katalog 6.0,BLUD,IDS MEDICAL SYSTEMS INDONESIA,E-Purchasing,Barang,Belanja Barang dan Jasa BLUD,ON PROCESS,7639020,0
KAB. WAJO,PUSKESMAS SALEWANGENG - 1.02.0.00.0.00.01.0008,01KRP3A49EC3WZYWMPAP0Z91X4,66764245,2026,E-Katalog 6.0,APBD,INTIM,E-Purchasing,Barang,Belanja Barang dan Jasa BLUD,ON PROCESS,3349997,3349997
KAB. WAJO,PUSKESMAS SALEWANGENG - 1.02.0.00.0.00.01.0008,01KT625FBRGR8KC89CZSE0VA42,66764245,2026,E-Katalog 6.0,APBD,MUHAMMAD ZULKARNAIN,E-Purchasing,Barang,Belanja Barang dan Jasa BLUD,ON PROCESS,1794000,1794000
KAB. WAJO,PUSKESMAS TAKKALALLA - 1.02.0.00.0.00.01.0011,01KN3ZYHBC1NYX3AZ6T6HFM3SQ,66026188,2026,E-Katalog 6.0,APBD,SITTI AISYAH,E-Purchasing,Barang,Belanja Barang dan Jasa BOK Puskesmas Sub Keg Pengelolaan Pelayanan Kesehatan Gizi Masyarakat,ON PROCESS,299000,299000
KAB. WAJO,PUSKESMAS TAKKALALLA - 1.02.0.00.0.00.01.0011,01KR0QKZ6QEAWE9R0SVEVTHFQ3,66025540,2026,E-Katalog 6.0,APBD,SITTI AISYAH,E-Purchasing,Barang,Belanja Barang dan Jasa BOK Puskesmas Sub Kegiatan Pengelolaan Pelayanan Kesehatan Ibu Hamil,ON PROCESS,180000,180000
KAB. WAJO,DINAS PERUMAHAN DAN KAWASAN PERMUKIMAN - 1.04.0.00.0.00.01.0000,01KQVQS71BEQKNN5AJ4BZDN8MP,66964832,2026,E-Katalog 6.0,APBD,ANANCI,E-Purchasing,Barang,Belanja Alat Tulis Kantor pada Kegiatan Koordinasi dan Sinkronisasi Pengendalian Penyelenggaraan Pemugaran/Peremajaan Permukiman Kumuh,ON PROCESS,420540,420540
KAB. WAJO,"BADAN PERENCANAAN PEMBANGUNAN, RISET DAN INOVASI DAERAH - 5.01.5.05.0.00.01.0000",01KPHKM1HRNTF50TTQ8FZ44VSM,65639591,2026,E-Katalog 6.0,APBD,AMRAN SURYADI,E-Purchasing,Barang,Belanja Alat/Bahan untuk Kegiatan Kantor-Alat Tulis Kantor,ON PROCESS,1992228,1992228
KAB. WAJO,RSUD LAMADDUKELLENG - 1.02.0.00.0.00.01.0001,01KJ74WMQTT7YKRZSFYDF7J4Z3,65300982,2026,E-Katalog 6.0,BLUD,HEXPHARM JAYA LABORATORIES,E-Purchasing,Barang,Belanja Barang dan Jasa BLUD,ON PROCESS,41365815,41365815
KAB. WAJO,DINAS KESEHATAN - 1.02.0.00.0.00.01.0000,01KRMENVFAPFNFBR7ZE8A6DNVS,66775960,2026,E-Katalog 6.0,APBD,FEBY RUDISRA,E-Purchasing,Barang,Belanja Alat/Bahan untuk Kegiatan Kantor-Alat Tulis Kantor pada sub kegiatan Pengelolaan Pelayanan Kesehatan pada Usia Pendidikan Dasar,ON PROCESS,429891,429891
KAB. WAJO,KECAMATAN TEMPE - 7.01.0.00.0.00.14.0000,01KHXNHZ2ST28DQ84RPAYFA0W0,64721495,2026,E-Katalog 6.0,APBD,ANDI AKHYAR SULAIMAN,E-Purchasing,Barang,Belanja Alat/Bahan untuk Kegiatan Kantor- Bahan Cetak,ON PROCESS,500000,500000
KAB. WAJO,DINAS PENDIDIKAN DAN KEBUDAYAAN - 1.01.2.22.0.00.02.0000,01KVCX7QWD17C3WH5MKCN22BDT,63026990,2026,E-Katalog 6.0,APBD,GUNAWAN TJANDRA,E-Purchasing,Barang,Belanja Modal Mebel,ON PROCESS,29999970,29999970
KAB. WAJO,KECAMATAN PAMMANA - 7.01.0.00.0.00.07.0000,01KVC44YN6C797965RF4E33C1H,65756780,2026,E-Katalog 6.0,APBD,ANDI ERNA,E-Purchasing,Barang,Belanja Makanan dan Minuman Rapat ,ON PROCESS,47799,47799
KAB. WAJO,KECAMATAN PENRANG - 7.01.0.00.0.00.08.0000,01KRFZ7M24HVZ5AJGSMY8DP361,66126386,2026,E-Katalog 6.0,APBD,JUMRITA,E-Purchasing,Barang,Belanja Makanan dan Minuman Rapat,ON PROCESS,2500000,2500000
KAB. WAJO,DINAS LINGKUNGAN HIDUP - 2.11.0.00.0.00.01.0000,01KH2V3JZM6G2Y7GYAZMHWF880,64667958,2026,E-Katalog 6.0,APBD,ANANCI,E-Purchasing,Barang,Belanja Alat/Bahan Untuk Kegiatan Alat Tulis Kantor,ON PROCESS,895000,895000
KAB. WAJO,DINAS LINGKUNGAN HIDUP - 2.11.0.00.0.00.01.0000,01KJTWFT8QGR7MN8S7BJ59BDMP,65712015,2026,E-Katalog 6.0,APBD,SUDWIKATMONO,E-Purchasing,Barang,Belanja Pemeliharaan Alat Angkutan-Alat Angkutan Darat Bermotor-Kendaraan Bermotor Angkutan Barang,ON PROCESS,16232110,16232110
KAB. WAJO,"DINAS PERINDUSTRIAN, PERDAGANGAN, KOPERASI, USAHA KECIL DAN MENENGAH - 2.17.3.30.3.31.01.0000",01KRZC0EF5QYFVF5R2S7BRA30G,65689806,2026,E-Katalog 6.0,APBD,TAMIYA NURUL WULANDA,E-Purchasing,Barang,Belanja Makanan dan Minuman Aktivitas Lapangan Pada Sub Kegiatan Penyusunan Basis Data Usaha Mikro,ON PROCESS,5500000,5500000
KAB. WAJO,SEKRETARIAT DAERAH - 4.01.0.00.0.00.01.0000,01KGEVQXFWVNKGAK5EHM8CC0MH,64737464,2026,E-Katalog 6.0,APBD,ANDI AKHYAR SULAIMAN,E-Purchasing,Barang,Belanja Alat/Bahan untuk Kegiatan Kantor- Bahan Cetak,ON PROCESS,7000000,7000000
KAB. WAJO,SEKRETARIAT DEWAN PERWAKILAN RAKYAT DAERAH - 4.02.0.00.0.00.01.0000,01KFWTHE6EN22930HM3YE117S0,63931773,2026,E-Katalog 6.0,APBD,FIRMANSYAH,E-Purchasing,Barang,Belanja Makanan dan Minuman Rapat Pelaksanaan Reses,ON PROCESS,6900000,6900000
KAB. WAJO,RSUD LAMADDUKELLENG - 1.02.0.00.0.00.01.0001,01KSEKSAKGCDWH9AH0GS6CK009,65300982,2026,E-Katalog 6.0,BLUD,ESSITY HYGIENE AND HEALTH INDONESIA,E-Purchasing,Barang,Belanja Barang dan Jasa BLUD,ON PROCESS,2481250,0
KAB. WAJO,SEKRETARIAT DAERAH - 4.01.0.00.0.00.01.0000,01KVSF3G8Q99RWD8BGTPRYT4P5,63553318,2026,E-Katalog 6.0,APBD,"ANDI DILAYANTI, S.E.",E-Purchasing,Barang,Belanja Alat/Bahan untuk Kegiatan Kantor- Bahan Cetak,ON PROCESS,499500,499500
KAB. WAJO,"DINAS KOMUNIKASI, INFORMATIKA DAN STATISTIK - 2.16.2.20.2.21.02.0000",01KN43JCR0KRF5V44215Q11N0C,65571605,2026,E-Katalog 6.0,APBD,ANDI AKHYAR SULAIMAN,E-Purchasing,Barang,Belanja Alat/Bahan untuk Kegiatan Kantor-Alat Tulis Kantor - Penyediaan Jasa Surat Menyurat  ,ON PROCESS,25896949,25896949
KAB. WAJO,"BADAN PERENCANAAN PEMBANGUNAN, RISET DAN INOVASI DAERAH - 5.01.5.05.0.00.01.0000",01KTR68C5C6CGJYMKP1Q2JFPDQ,65209302,2026,E-Katalog 6.0,APBD,ANDI AKHYAR SULAIMAN,E-Purchasing,Barang,Belanja Alat/Bahan untuk Kegiatan Kantor-Alat Tulis Kantor,ON PROCESS,3399401,3399401
KAB. WAJO,PUSKESMAS KEERA - 1.02.0.00.0.00.01.0020,01KQ9GD4KN0GZG3E6ECGWEXDDW,66812850,2026,E-Katalog 6.0,APBD,ROSNAENI,E-Purchasing,Barang,Belanja barang jasa BOK Puskesmas pada sub kegiatan Pengelolaan Pelayanan Kesehatan Ibu Hamil,ON PROCESS,210000,210000
KAB. WAJO,PUSKESMAS TANASITOLO - 1.02.0.00.0.00.01.0017,01KR03Z44Q4SMKXTV2BQYYKN1D,66697929,2026,E-Katalog 6.0,APBD,MUHAMMAD ZULKARNAIN,E-Purchasing,Barang,Belanja Barang dan Jasa BLUD,ON PROCESS,2541500,2541500
KAB. WAJO,"DINAS KOMUNIKASI, INFORMATIKA DAN STATISTIK - 2.16.2.20.2.21.02.0000",01KNNM9ET7M8AT342TTRB5H5FB,65606989,2026,E-Katalog 6.0,APBD,MEDIA SINERGI,E-Purchasing,Barang,Belanja Langganan Jurnal/Surat Kabar/Majalah - Relasi Media ,ON PROCESS,15000000,15000000
KAB. WAJO,"SATUAN POLISI PAMONG PRAJA, PEMADAM KEBAKARAN DAN PENYELAMATAN - 1.05.0.00.0.00.01.0000",01KH7J5D9TSRQKDCABA3Z9HF9J,64064061,2026,E-Katalog 6.0,APBD,DARNAWATI,E-Purchasing,Barang,Belanja Makanan dan Minuman Aktivitas Lapangan,ON PROCESS,430400,430400
KAB. WAJO,PUSKESMAS PATTIROSOMPE - 1.02.0.00.0.00.01.0007,01KP61HVGZ9M8RVDF7XWTV2MVC,66629961,2026,E-Katalog 6.0,APBD,ANDI AZIS ASHAR,E-Purchasing,Barang,Sub Kegiatan Pengelolaan Pelayanan Kesehatan Ibu Hamil,ON PROCESS,268500,268500
KAB. WAJO,"DINAS KOMUNIKASI, INFORMATIKA DAN STATISTIK - 2.16.2.20.2.21.02.0000",01KJS3P3AWD8HS489DME7R7X2H,65606990,2026,E-Katalog 6.0,APBD,MEDIA MULTI INFORMASI,E-Purchasing,Barang,Belanja Kawat/Faksimili/Internet/TV Berlangganan - Relasi Media ,ON PROCESS,2125000,2125000
KAB. WAJO,RSUD LAMADDUKELLENG - 1.02.0.00.0.00.01.0001,01KVW6ZW5ATD9DF6YNV381DMG3,65300982,2026,E-Katalog 6.0,BLUD,AMAROX PHARMA GLOBAL,E-Purchasing,Barang,Belanja Barang dan Jasa BLUD,ON PROCESS,20790522,20790522
KAB. WAJO,DINAS PERIKANAN - 3.25.0.00.0.00.01.0000,01KRZ9PSEHPJ04D43YXQSP6NW4,67109717,2026,E-Katalog 6.0,APBD,MULTI MITRA USAHA,E-Purchasing,Barang,Operasional BBI Maniangpajo,ON PROCESS,9595395,9595395
KAB. WAJO,DINAS PENDIDIKAN DAN KEBUDAYAAN - 1.01.2.22.0.00.02.0000,01KR164VY987F13Z2V6H9W93K4,63028915,2026,E-Katalog 6.0,APBD,MUH IQBAL MASTAL,E-Purchasing,Barang,Belanja Makanan dan Minuman Jamuan Tamu,ON PROCESS,20058000,20058000
KAB. WAJO,SEKRETARIAT DEWAN PERWAKILAN RAKYAT DAERAH - 4.02.0.00.0.00.01.0000,01KVSJK9P3N8R9NNFAHWXE7N49,66622995,2026,E-Katalog 6.0,APBD,MUSTAFA HI. BANDUNG,E-Purchasing,Barang,Belanja Makanan dan Minuman Rapat_Pengawasan_Penggunaan_Anggaran,ON PROCESS,1610000,1610000
KAB. WAJO,"BADAN PERENCANAAN PEMBANGUNAN, RISET DAN INOVASI DAERAH - 5.01.5.05.0.00.01.0000",01KHTA4EJNXXJE4B4N9C0T39QC,65277627,2026,E-Katalog 6.0,APBD,ANDI AKHYAR SULAIMAN,E-Purchasing,Barang,Belanja Alat/Bahan untuk Kegiatan Kantor- Bahan Cetak,ON PROCESS,925000,925000
KAB. WAJO,DINAS PERTANIAN DAN KETAHANAN PANGAN - 2.09.3.27.0.00.02.0000,01KRFR5CJKJBXB9B36R29QGSZP,66606851,2026,E-Katalog 6.0,APBD,Javatech Agro Persada ,E-Purchasing,Barang,Belanja Barang untuk Dijual/Diserahkan kepada Masyarakat,ON PROCESS,414585000,414585000
KAB. WAJO,PUSKESMAS GILIRENG - 1.02.0.00.0.00.01.0019,01KNVH10X626079MMV19NJHJ2V,66073569,2026,E-Katalog 6.0,APBD,GEDDONG,E-Purchasing,Barang,Belanja Barang dan Jasa BOK Puskesmas pada Sub Kegiatan Pengelolaan Pelayanan Kesehatan Ibu Hamil,ON PROCESS,268500,268500
KAB. WAJO,"BADAN PERENCANAAN PEMBANGUNAN, RISET DAN INOVASI DAERAH - 5.01.5.05.0.00.01.0000",01KNTXC70PNEGJS0DHWXQBD6DS,65633285,2026,E-Katalog 6.0,APBD,ANDI AKHYAR SULAIMAN,E-Purchasing,Barang,Belanja Alat/Bahan untuk Kegiatan Kantor-Alat Tulis Kantor,ON PROCESS,264550,264550
KAB. WAJO,PUSKESMAS PENRANG - 1.02.0.00.0.00.01.0014,01KSRZ6NZE4PC27TQ660KG6BRA,66076986,2026,E-Katalog 6.0,APBD,ANDI JUNENNI,E-Purchasing,Barang,Belanja barang dan jasa BOK puskesmas pada sub kegiatan Pengelolaan Pelayanan Kesehatan Ibu Hamil,ON PROCESS,304300,304300
KAB. WAJO,KELURAHAN PAMMANA - 7.01.0.00.0.00.07.0002,01KTNRBNES21ZVE9NF7ERE2BEP,66933599,2026,E-Katalog 6.0,APBD,ANDI ERNA,E-Purchasing,Barang,Belanja Makanan dan Minuman Rapat,ON PROCESS,2694000,2694000
KAB. WAJO,RSUD LAMADDUKELLENG - 1.02.0.00.0.00.01.0001,01KT8NNMVSRP9BZY70Y4K6ZWVN,65300982,2026,E-Katalog 6.0,BLUD,CITRA ALKESINDO PRATAMA,E-Purchasing,Barang,Belanja Barang dan Jasa BLUD,ON PROCESS,12500043,12500043
KAB. WAJO,PUSKESMAS WEWANGREWU - 1.02.0.00.0.00.01.0018,01KVYSWQQZ38AY59DW54SZ737M,66766459,2026,E-Katalog 6.0,APBD,MUHAMMAD RESKY,E-Purchasing,Barang,Belanja Barang dan Jasa BOK Puskesmas pada sub kegiatan Pengelolaan Pelayanan Kesehatan Ibu Hamil,ON PROCESS,250600,250600
KAB. WAJO,KECAMATAN SABBANGPARU - 7.01.0.00.0.00.10.0000,01KR11V82Y3335TPAP1YJ9PKZ1,65655545,2026,E-Katalog 6.0,APBD,ASTI WAHYUNI,E-Purchasing,Barang,Belanja Makanan dan Minuman Rapat Kegiatan Penyediaan Jasa Pelayanan Umum Kantor,ON PROCESS,645000,645000
KAB. WAJO,PUSKESMAS SAJOANGING - 1.02.0.00.0.00.01.0012,01KPSMZ66BQSMEHQM7TE5X5N31,66620220,2026,E-Katalog 6.0,APBD,SALWA NABILAH IDRIS,E-Purchasing,Barang,Belanja Barang dan jasa BOK Puskesmas pada sub kegiatan Pengelolaan Pelayanan Kesehatan Ibu Hamil,ON PROCESS,358000,358000
KAB. WAJO,RSUD SIWA - 1.02.0.00.0.00.01.0002,01KTNHHAYCN6B4JRCCCWRTGHFC,66883851,2026,E-Katalog 6.0,BLUD,MEDICAL SOLUTION INDONESIA,E-Purchasing,Barang,Belanja Barang dan Jasa BLUD,ON PROCESS,910200,910200
KAB. WAJO,"DINAS KOMUNIKASI, INFORMATIKA DAN STATISTIK - 2.16.2.20.2.21.02.0000",01KJBXV1P4TBFARSGBQW6W7RH6,65606989,2026,E-Katalog 6.0,APBD,BERITA KOTA MAKASSAR,E-Purchasing,Barang,Belanja Langganan Jurnal/Surat Kabar/Majalah - Relasi Media ,ON PROCESS,4995000,4995000
KAB. WAJO,SEKRETARIAT DAERAH - 4.01.0.00.0.00.01.0000,01KMQ5XRBHRJZ77SNH382DAQJD,66615727,2026,E-Katalog 6.0,APBD,AMRAN SURYADI,E-Purchasing,Barang,Belanja Alat/Bahan untuk Kegiatan Kantor- Bahan Cetak,ON PROCESS,11142180,11142180
KAB. WAJO,RSUD LAMADDUKELLENG - 1.02.0.00.0.00.01.0001,01KHWM7KZ90RZ278026MKJH75A,65300982,2026,E-Katalog 6.0,BLUD,BERNOFARM,E-Purchasing,Barang,Belanja Barang dan Jasa BLUD,ON PROCESS,55483350,55483350
KAB. WAJO,RSUD LAMADDUKELLENG - 1.02.0.00.0.00.01.0001,01KJESKHAZT61RJ3EXSAY5VKSA,65300982,2026,E-Katalog 6.0,BLUD,YARINDO FARMATAMA,E-Purchasing,Barang,Belanja Barang dan Jasa BLUD,ON PROCESS,14775876,14775876
KAB. WAJO,SEKRETARIAT DAERAH - 4.01.0.00.0.00.01.0000,01KMYS6BPWBYE1JJN46RMZTSR3,63590760,2026,E-Katalog 6.0,APBD,ANDI ERWIN,E-Purchasing,Barang,Belanja Alat/Bahan untuk Kegiatan Kantor- Suvenir/Cendera Mata,ON PROCESS,1554000,1554000
KAB. WAJO,"DINAS PEKERJAAN UMUM, PENATAAN RUANG DAN PERTANAHAN - 1.03.2.10.0.00.01.0000",01KR0W5ZNMH81B5GV7EA94PXG4,66971201,2026,E-Katalog 6.0,APBD,HERMANSYAH,E-Purchasing,Barang,Belanja Alat/Bahan untuk Kegiatan Kantor-Alat Tulis Kantor,ON PROCESS,3306821,3306821
KAB. WAJO,PUSKESMAS GILIRENG - 1.02.0.00.0.00.01.0019,01KRDNWV7361EEHX6GQ07QP5TN,66073569,2026,E-Katalog 6.0,APBD,GEDDONG,E-Purchasing,Barang,Belanja Barang dan Jasa BOK Puskesmas pada Sub Kegiatan Pengelolaan Pelayanan Kesehatan Ibu Hamil,ON PROCESS,268500,268500
KAB. WAJO,PUSKESMAS SAJOANGING - 1.02.0.00.0.00.01.0012,01KS40XFAE4DZSJBJK600F5HME,66621191,2026,E-Katalog 6.0,APBD,SALWA NABILAH IDRIS,E-Purchasing,Barang,Belanja barang dan Jasa BOK Puskesmas pada sub kegiatan Pengelolaan Pelayanan Kesehatan Gizi Masyarakat,ON PROCESS,478000,478000
KAB. WAJO,SEKRETARIAT DEWAN PERWAKILAN RAKYAT DAERAH - 4.02.0.00.0.00.01.0000,01KPQ7XA0FX7JM8N0YZXK2Y35A,63930194,2026,E-Katalog 6.0,APBD,GUNAWAN TJANDRA,E-Purchasing,Barang,Belanja Alat/Bahan untuk Kegiatan Kantor-Alat Listrik sub Kegiatan Penyediaan Komponen Instalasi Listrik/Penerangan Bangunan Kantor,ON PROCESS,5571037,5571037
KAB. WAJO,PUSKESMAS WEWANGREWU - 1.02.0.00.0.00.01.0018,01KVAC5QF3FHVK428RSDJH6T53,66731115,2026,E-Katalog 6.0,APBD,RIO SANJAYA PUTRA,E-Purchasing,Barang,Belanja Barang dan Jasa BLUD,ON PROCESS,1975800,1975800
KAB. WAJO,KECAMATAN TEMPE - 7.01.0.00.0.00.14.0000,01KVADCY1YHEJM8GHKDZ44C5Z1,64726058,2026,E-Katalog 6.0,APBD,ANANCI,E-Purchasing,Barang,Belanja Alat/Bahan untuk Kegiatan Kantor-Perabot Kantor,ON PROCESS,2930955,2930955
KAB. WAJO,SEKRETARIAT DEWAN PERWAKILAN RAKYAT DAERAH - 4.02.0.00.0.00.01.0000,01KP3EMQCNC6B1RY7Q9VB40BFR,63930791,2026,E-Katalog 6.0,APBD,MUSTAFA HI. BANDUNG,E-Purchasing,Barang,Belanja Makanan dan Minuman Rapat_Pembahasan_LKPJ,ON PROCESS,2737000,2737000
KAB. WAJO,BADAN PENGELOLAAN KEUANGAN DAN PENDAPATAN DAERAH - 5.02.0.00.0.00.01.0000,01KNGQKMDW2AJJP4BBTJQ7W5QS,63464855,2026,E-Katalog 6.0,APBD,ASTI WAHYUNI,E-Purchasing,Barang,Belanja Makanan dan Minuman Rapat,ON PROCESS,634800,634800
KAB. WAJO,DINAS PERTANIAN DAN KETAHANAN PANGAN - 2.09.3.27.0.00.02.0000,01KP9TH3779JT5GRN91QWR6TAC,66410610,2026,E-Katalog 6.0,APBD,REFKIYANI,E-Purchasing,Barang,Belanja Barang untuk Dijual/Diserahkan kepada Masyarakat,ON PROCESS,21672750,21672750
KAB. WAJO,"BADAN PERENCANAAN PEMBANGUNAN, RISET DAN INOVASI DAERAH - 5.01.5.05.0.00.01.0000",01KHQRF3JT7C7KKEKST9139NAZ,63391505,2026,E-Katalog 6.0,APBD,ANDI AKHYAR SULAIMAN,E-Purchasing,Barang,Belanja Alat/Bahan untuk Kegiatan Kantor- Bahan Cetak,ON PROCESS,2815500,2815500
KAB. WAJO,"SATUAN POLISI PAMONG PRAJA, PEMADAM KEBAKARAN DAN PENYELAMATAN - 1.05.0.00.0.00.01.0000",01KN6NRXFG8P0MW528XZPW7GJR,64064654,2026,E-Katalog 6.0,APBD,ANDI FADLI,E-Purchasing,Barang,Belanja Pemeliharaan Alat Angkutan-Alat Angkutan Darat Bermotor-Kendaraan Bermotor Khusus,ON PROCESS,664890,664890
KAB. WAJO,SEKRETARIAT DAERAH - 4.01.0.00.0.00.01.0000,01KNNVDSSMQ9JMYYYRTBR312JP,63636068,2026,E-Katalog 6.0,APBD,ANDI ERNA,E-Purchasing,Barang,Belanja Natura dan Pakan-Natura,ON PROCESS,41850000,41850000
KAB. WAJO,PUSKESMAS KEERA - 1.02.0.00.0.00.01.0020,01KWVHNES73NS2ES1F2SM2SB1B,66812850,2026,E-Katalog 6.0,APBD,ROSNAENI,E-Purchasing,Barang,Belanja barang jasa BOK Puskesmas pada sub kegiatan Pengelolaan Pelayanan Kesehatan Ibu Hamil,ON PROCESS,210000,210000
KAB. WAJO,PUSKESMAS KEERA - 1.02.0.00.0.00.01.0020,01KTK1B4JMK90H75K6D16WTW6F,66812850,2026,E-Katalog 6.0,APBD,ROSNAENI,E-Purchasing,Barang,Belanja barang jasa BOK Puskesmas pada sub kegiatan Pengelolaan Pelayanan Kesehatan Ibu Hamil,ON PROCESS,210000,210000
KAB. WAJO,KELURAHAN PAMMANA - 7.01.0.00.0.00.07.0002,01KTNDNFEENY5DW43W8S3TW5VY,66933821,2026,E-Katalog 6.0,APBD,RISMA,E-Purchasing,Barang,Belanja Alat/Bahan untuk Kegiatan Kantor- Bahan Cetak,ON PROCESS,991000,991000
KAB. WAJO,DINAS PENDIDIKAN DAN KEBUDAYAAN - 1.01.2.22.0.00.02.0000,01KPAS5G55AK95WMCVRD25VAY7,63027777,2026,E-Katalog 6.0,APBD,AQILAHDAFFA,E-Purchasing,Barang,Belanja Alat/Bahan untuk Kegiatan Kantor-Alat Tulis Kantor,ON PROCESS,1917240,1917240
KAB. WAJO,PUSKESMAS PAMMANA - 1.02.0.00.0.00.01.0009,01KPWKG2RMA1JTGEREHQ3R95CZ,65993330,2026,E-Katalog 6.0,APBD,DUTA KAISAR PHARMACY,E-Purchasing,Barang,Belanja Barang dan Jasa BLUD,ON PROCESS,1338876,1338876
KAB. WAJO,RSUD LAMADDUKELLENG - 1.02.0.00.0.00.01.0001,01KQ9GEA5WZMN9YDNKX0B2GZ21,65300982,2026,E-Katalog 6.0,BLUD,YARINDO FARMATAMA,E-Purchasing,Barang,Belanja Barang dan Jasa BLUD,ON PROCESS,7215000,7215000
KAB. WAJO,RSUD LAMADDUKELLENG - 1.02.0.00.0.00.01.0001,01KVSBJRVXHAG3KWAA6R78DNC9,65300982,2026,E-Katalog 6.0,BLUD,DARYA-VARIA LABORATORIA,E-Purchasing,Barang,Belanja Barang dan Jasa BLUD,ON PROCESS,31859708,31859708
KAB. WAJO,KECAMATAN PAMMANA - 7.01.0.00.0.00.07.0000,01KTR3W6MV118R0VYAGRP3HQ43,65752056,2026,E-Katalog 6.0,APBD,ANDI ERNA,E-Purchasing,Barang,Belanja Barang Pakai Habis,ON PROCESS,133698,133698
KAB. WAJO,KECAMATAN TEMPE - 7.01.0.00.0.00.14.0000,01KQXXAFT1AX5NM5QN29VNRKAJ,64721496,2026,E-Katalog 6.0,APBD,ANDI ERNA,E-Purchasing,Barang,Belanja Makanan dan Minuman Rapat,ON PROCESS,2530000,2530000
KAB. WAJO,PUSKESMAS SALOBULO - 1.02.0.00.0.00.01.0013,01KN47X7EMJYQ6MNZBGV9BRPFV,66083230,2026,E-Katalog 6.0,APBD,ARSYAD M,E-Purchasing,Barang,Belanja Barang dan Jasa BLUD,ON PROCESS,1643202,1643202
KAB. WAJO,KECAMATAN SABBANGPARU - 7.01.0.00.0.00.10.0000,01KVWF6QARYWN5SF1001BMMV8M,65631221,2026,E-Katalog 6.0,APBD,ANDI AKHYAR SULAIMAN,E-Purchasing,Barang,Belanja Alat/Bahan untuk Kegiatan Kantor-Alat Tulis Kantor Kegiatan Koordinasi dan Penyusunan Laporan Capaian Kinerja dan Ikhtisar Realisasi Kinerja SKPD ,ON PROCESS,248000,248000
KAB. WAJO,PUSKESMAS KEERA - 1.02.0.00.0.00.01.0020,01KRB68K7EPNND02ZPPDVKCVCM,66089711,2026,E-Katalog 6.0,APBD,AKIS SUWARDI AS,E-Purchasing,Barang,Belanja Barang dan Jasa BLUD,ON PROCESS,1250000,1250000
KAB. WAJO,PUSKESMAS SABBANGPARU - 1.02.0.00.0.00.01.0003,01KTTQZA8W0187A2RM9FGE1SMJ,66481720,2026,E-Katalog 6.0,APBD,ASTI WAHYUNI,E-Purchasing,Barang,Belanja Barang dan Jasa BLUD,ON PROCESS,956000,956000
KAB. WAJO,KECAMATAN GILIRENG - 7.01.0.00.0.00.03.0000,01KJ3R2N5ZWSKBBGDB2PSHN5B1,65663971,2026,E-Katalog 6.0,APBD,ANDI AKHYAR SULAIMAN,E-Purchasing,Barang,Belanja Alat/Bahan untuk Kegiatan Kantor-Alat Tulis Kantor,ON PROCESS,412500,412500
KAB. WAJO,SEKRETARIAT DEWAN PERWAKILAN RAKYAT DAERAH - 4.02.0.00.0.00.01.0000,01KQSCZSCDZ2Z15TW8630YFJ49,63930880,2026,E-Katalog 6.0,APBD,MUSTAFA HI. BANDUNG,E-Purchasing,Barang,Belanja Makanan dan Minuman Rapat Pengawasan Urusan Pemerintahan Bidang Kesejahteraan Rakyat,ON PROCESS,238500,238500
KAB. WAJO,DINAS PERUMAHAN DAN KAWASAN PERMUKIMAN - 1.04.0.00.0.00.01.0000,01KQYEPGGZ6B1YEY7XP0GVDHZ6,67070100,2026,E-Katalog 6.0,APBD,ANANCI,E-Purchasing,Barang,Belanja Alat Tulis Kantor Kegiatan Survei dan Penetapan Lokasi Perumahan dan Permukiman Kumuh,ON PROCESS,384250,384250
KAB. WAJO,SEKRETARIAT DAERAH - 4.01.0.00.0.00.01.0000,01KH670NTPAKZX3RTS4W14ABH8,63637426,2026,E-Katalog 6.0,APBD,MITRA SERMANI HOTEL,E-Purchasing,Barang,Belanja Sewa Hotel,ON PROCESS,2600000,2600000
KAB. WAJO,KECAMATAN KEERA - 7.01.0.00.0.00.04.0000,01KJ5BXSXGXH8RHBQJTHC3GSGG,65625336,2026,E-Katalog 6.0,APBD,NOVI ASTIKA,E-Purchasing,Barang,Peningkatan Partisipasi Masyarakat dalam Forum Musyawarah Perencanaan Pembangunan di Desa,ON PROCESS,5000000,5000000
KAB. WAJO,"DINAS KOMUNIKASI, INFORMATIKA DAN STATISTIK - 2.16.2.20.2.21.02.0000",01KVFKBC9FHEWNBYF7BB9RSTGX,65606990,2026,E-Katalog 6.0,APBD,UJUNGPANDANG EKSPRES BIRO WAJO,E-Purchasing,Barang,Belanja Kawat/Faksimili/Internet/TV Berlangganan - Relasi Media ,ON PROCESS,11250000,11250000
KAB. WAJO,"DINAS KOMUNIKASI, INFORMATIKA DAN STATISTIK - 2.16.2.20.2.21.02.0000",01KVEVP4JDN80XPC0WNHMC7K0R,65718399,2026,E-Katalog 6.0,APBD,TOMMYDARMAWANSYAH,E-Purchasing,Jasa Lainnya,Belanja Jasa Tenaga Ahli - Penyusunan Konten,ON PROCESS,4000000,4000000
KAB. WAJO,"DINAS PEMUDA, OLAHRAGA DAN PARIWISATA - 2.19.3.26.0.00.02.0000",01KSSCPNDF2GQ20Z6ZC0BCW5AE,63936435,2026,E-Katalog 6.0,APBD,A. MUH. RIZAL,E-Purchasing,Barang,Belanja Makanan dan Minuman Aktivitas Lapangan Kegiatan Penyediaan Jasa Pelayanan Umum Kantor,ON PROCESS,2918500,2918500
KAB. WAJO,RSUD SIWA - 1.02.0.00.0.00.01.0002,01KRZDZZR8F7NQFT5ZZ4NR4NDK,66883851,2026,E-Katalog 6.0,BLUD,ANUGRAH SALMAN MEDIKA,E-Purchasing,Barang,Belanja Barang dan Jasa BLUD,ON PROCESS,1734629,1734629
KAB. WAJO,"BADAN PERENCANAAN PEMBANGUNAN, RISET DAN INOVASI DAERAH - 5.01.5.05.0.00.01.0000",01KR322E3SS6FFAHWYHDJB7WK0,65658952,2026,E-Katalog 6.0,APBD,ANDI ERNA,E-Purchasing,Barang,Belanja Makanan dan Minuman Rapat,ON PROCESS,895000,895000
KAB. WAJO,DINAS TENAGA KERJA DAN TRANSMIGRASI - 2.07.3.32.0.00.02.0000,01KQV9NJ452TYEMTDRH6E2HG5V,67046835,2026,E-Katalog 6.0,APBD,AQILAHDAFFA,E-Purchasing,Barang,Belanja Alat/Bahan untuk Kegiatan Kantor- Bahan Cetak,ON PROCESS,246500,246500
KAB. WAJO,BADAN PENANGGGULANGAN BENCANA DAERAH - 1.05.0.00.0.00.04.0000,01KVC6XYD6Y6ZQ2BD1V4C4HC2F,66843228,2026,E-Katalog 6.0,APBD,ANDI FADLI,E-Purchasing,Barang,Belanja Pemeliharaan Alat Angkutan-Alat Angkutan Darat Bermotor-Kendaraan Bermotor Penumpang,ON PROCESS,7697850,7697850
KAB. WAJO,"DINAS KOMUNIKASI, INFORMATIKA DAN STATISTIK - 2.16.2.20.2.21.02.0000",01KJPMVDGZTDX6WTCKY7NBW5Z0,65606990,2026,E-Katalog 6.0,APBD,SUARA CELEBES MEDIA,E-Purchasing,Barang,Belanja Kawat/Faksimili/Internet/TV Berlangganan - Relasi Media ,ON PROCESS,2125000,2125000
KAB. WAJO,SEKRETARIAT DAERAH - 4.01.0.00.0.00.01.0000,01KTB77SDVDF72R5MZJCFB54Y8,65287973,2026,E-Katalog 6.0,APBD,FITRIANI,E-Purchasing,Barang,Belanja Makanan dan Minuman Jamuan Tamu,ON PROCESS,953978,953978
KAB. WAJO,SEKRETARIAT DAERAH - 4.01.0.00.0.00.01.0000,01KRHY038X5ZVRDNF2N5CYM276,63636068,2026,E-Katalog 6.0,APBD,ANDI ERNA,E-Purchasing,Barang,Belanja Natura dan Pakan-Natura,ON PROCESS,5220000,5220000
KAB. WAJO,SEKRETARIAT DEWAN PERWAKILAN RAKYAT DAERAH - 4.02.0.00.0.00.01.0000,01KJCFQXCRJCWZEBDXZHSWNCJR,63928678,2026,E-Katalog 6.0,APBD,ANDI PARENRENGI,E-Purchasing,Barang,Belanja Makanan dan Minuman Jamuan Tamu Penyediaan Kebutuhan Rumah Tangga,ON PROCESS,715500,715500
KAB. WAJO,PUSKESMAS TANASITOLO - 1.02.0.00.0.00.01.0017,01KRAPWTKHSP0BR27RTAX2NTJT,66682556,2026,E-Katalog 6.0,APBD,MUHAMMAD ZULKARNAIN,E-Purchasing,Barang,Belanja Barang dan Jasa  BOK Puskesmas Pada Sub Kegiatan Pengelolaan Pelayanan Kesehatan Ibu Hamil,ON PROCESS,300000,300000
KAB. WAJO,"DINAS KOMUNIKASI, INFORMATIKA DAN STATISTIK - 2.16.2.20.2.21.02.0000",01KJBXZNSXVDXQKFMDK75GZM8F,65606989,2026,E-Katalog 6.0,APBD,CELOTEH MEDIA UTAMA PERSADA,E-Purchasing,Barang,Belanja Langganan Jurnal/Surat Kabar/Majalah - Relasi Media ,ON PROCESS,4995000,4995000
KAB. WAJO,PUSKESMAS WEWANGREWU - 1.02.0.00.0.00.01.0018,01KVC87ZGCBRYHBN25VH91KNH8,66766459,2026,E-Katalog 6.0,APBD,MUHAMMAD RESKY,E-Purchasing,Barang,Belanja Barang dan Jasa BOK Puskesmas pada sub kegiatan Pengelolaan Pelayanan Kesehatan Ibu Hamil,ON PROCESS,179000,179000
KAB. WAJO,RSUD SIWA - 1.02.0.00.0.00.01.0002,01KVWC3CBY8JJQBFSTW1SYZZBV,66883851,2026,E-Katalog 6.0,BLUD,ETHICA INDUSTRI FARMASI,E-Purchasing,Barang,Belanja Barang dan Jasa BLUD,ON PROCESS,3252578,3252578
KAB. WAJO,"DINAS PEKERJAAN UMUM, PENATAAN RUANG DAN PERTANAHAN - 1.03.2.10.0.00.01.0000",10860290000,67087540,2026,Non Tender,APBD,CV. ADI PERMATA KONSULTAN,Pengadaan Langsung,Jasa Konsultansi Badan Usaha Konstruksi,Jasa Konsultansi Perencanaan Normalisasi / Restorasi Sungai,SELESAI,11946153,11946153
KAB. WAJO,SEKRETARIAT DAERAH - 4.01.0.00.0.00.01.0000,01KVCC53FXSP0BS210TC8EVFNK,66853007,2026,E-Katalog 6.0,APBD,ANDI ERNA,E-Purchasing,Barang,Belanja Makanan dan Minuman Rapat,ON PROCESS,1434000,1434000
KAB. WAJO,KELURAHAN PAMMANA - 7.01.0.00.0.00.07.0002,01KWTCS9YKYPHMRJ750STAFBPM,66932781,2026,E-Katalog 6.0,APBD,RISMA,E-Purchasing,Barang,Belanja Alat/Bahan untuk Kegiatan Kantor-Alat Tulis Kantor,ON PROCESS,1958160,1958160
KAB. WAJO,RSUD LAMADDUKELLENG - 1.02.0.00.0.00.01.0001,01KH1G81D9RQRB6946V607CWSE,65300982,2026,E-Katalog 6.0,BLUD,SURGIKA ALKESINDO,E-Purchasing,Barang,Belanja Barang dan Jasa BLUD,ON PROCESS,26162700,0
KAB. WAJO,SEKRETARIAT DAERAH - 4.01.0.00.0.00.01.0000,01KTB75GTH2M3S0KZ6ZQDCZ86H,65287973,2026,E-Katalog 6.0,APBD,FITRIANI,E-Purchasing,Barang,Belanja Makanan dan Minuman Jamuan Tamu,ON PROCESS,32870000,32870000
KAB. WAJO,BADAN PENGELOLAAN KEUANGAN DAN PENDAPATAN DAERAH - 5.02.0.00.0.00.01.0000,01KQCJHTX46KJKD0FGVCKVAJ9D,63994611,2026,E-Katalog 6.0,APBD,LISDAFIK,E-Purchasing,Barang,Belanja Alat/Bahan untuk Kegiatan Kantor-Alat Tulis Kantor,ON PROCESS,1795400,1795400
KAB. WAJO,RSUD LAMADDUKELLENG - 1.02.0.00.0.00.01.0001,01KQXG6ATXN1CED8DN0RY1ATB3,65300982,2026,E-Katalog 6.0,BLUD,ANDI WAHYUDI WIJAYANTO,E-Purchasing,Barang,Belanja Barang dan Jasa BLUD,ON PROCESS,5050500,5050500
KAB. WAJO,SEKRETARIAT DAERAH - 4.01.0.00.0.00.01.0000,01KQEHC17R8DZZBCVZJYSZKNJW,67019100,2026,E-Katalog 6.0,APBD,SAHAJA ATMA ADIPATI,E-Purchasing,Jasa Lainnya,Belanja Jasa Tenaga Kebersihan,ON PROCESS,8340000,8340000
KAB. WAJO,PUSKESMAS LIU - 1.02.0.00.0.00.01.0005,01KQV99D91S72ZDM13QN0365G1,66778417,2026,E-Katalog 6.0,APBD,ASTI WAHYUNI,E-Purchasing,Barang,Belanja Barang dan Jasa BOK Puskesmas pada Sub Kegiatan Pengelolaan Pelayanan Kesehatan Ibu Hamil,ON PROCESS,483300,483300
KAB. WAJO,DINAS PENDIDIKAN DAN KEBUDAYAAN - 1.01.2.22.0.00.02.0000,01KVW1ZPR6EQ7A5S9YS4NRD207,67267060,2026,E-Katalog 6.0,APBD,AQILAHDAFFA,E-Purchasing,Barang,Belanja Alat/Bahan untuk Kegiatan Kantor - Bahan Cetak,ON PROCESS,860000,860000
KAB. WAJO,SEKRETARIAT DAERAH - 4.01.0.00.0.00.01.0000,01KNNV9SBN1G3FA1N6J61DMS77,63636068,2026,E-Katalog 6.0,APBD,ANDI ERNA,E-Purchasing,Barang,Belanja Natura dan Pakan-Natura,ON PROCESS,1381500,1381500
KAB. WAJO,"BADAN PERENCANAAN PEMBANGUNAN, RISET DAN INOVASI DAERAH - 5.01.5.05.0.00.01.0000",01KVYT7C7NDVXJMDQ7VSZ887JS,65658600,2026,E-Katalog 6.0,APBD,ANDI ERNA,E-Purchasing,Barang,Belanja Makanan dan Minuman Rapat,ON PROCESS,747500,747500
KAB. WAJO,"SATUAN POLISI PAMONG PRAJA, PEMADAM KEBAKARAN DAN PENYELAMATAN - 1.05.0.00.0.00.01.0000",01KJS2X1GHJY0R8S5PSCGHRACK,64064061,2026,E-Katalog 6.0,APBD,DARNAWATI,E-Purchasing,Barang,Belanja Makanan dan Minuman Aktivitas Lapangan,ON PROCESS,430400,430400
KAB. WAJO,"DINAS PERINDUSTRIAN, PERDAGANGAN, KOPERASI, USAHA KECIL DAN MENENGAH - 2.17.3.30.3.31.01.0000",01KR0KNT3WC8W9WSZHC63PHFPN,66219688,2026,E-Katalog 6.0,APBD,ANDI AKHYAR SULAIMAN,E-Purchasing,Barang,"Belanja Alat/Bahan untuk Kegiatan Kantor-Alat Tulis Kantor pada Sub Kegiatan Koordinasi, Sinkronisasi, dan Pelaksanaan Pemberdayaan Industri dan Peran Serta Masyarakat",ON PROCESS,1126480,1126480
KAB. WAJO,DINAS LINGKUNGAN HIDUP - 2.11.0.00.0.00.01.0000,01KPWEX370VMK3ASZZG208MPGN,64572766,2026,E-Katalog 6.0,APBD,AQILAHDAFFA,E-Purchasing,Barang,Belanja Makanan dan Minuman Aktivitas Lapangan,ON PROCESS,7504900,7504900
KAB. WAJO,RSUD LAMADDUKELLENG - 1.02.0.00.0.00.01.0001,01KT8MCGZK8F0XWR5NKDHE4DCF,65300982,2026,E-Katalog 6.0,BLUD,DAYA MUDA AGUNG,E-Purchasing,Barang,Belanja Barang dan Jasa BLUD,ON PROCESS,6105000,6105000
KAB. WAJO,"BADAN PERENCANAAN PEMBANGUNAN, RISET DAN INOVASI DAERAH - 5.01.5.05.0.00.01.0000",01KJS8TRWBB0RE4ZF85PDGVNGY,65278577,2026,E-Katalog 6.0,APBD,ANDI AKHYAR SULAIMAN,E-Purchasing,Barang,Belanja Alat/Bahan untuk Kegiatan Kantor-Alat Tulis Kantor,ON PROCESS,915000,915000
KAB. WAJO,SEKRETARIAT DEWAN PERWAKILAN RAKYAT DAERAH - 4.02.0.00.0.00.01.0000,01KSF5X42HYAS1Q88AKFP2PK74,66861761,2026,E-Katalog 6.0,APBD,ANDI PARENRENGI,E-Purchasing,Barang,Belanja Makanan dan Minuman Jamuan Tamu Penyediaan Kebutuhan Rumah Tangga,ON PROCESS,6000000,6000000
KAB. WAJO,PUSKESMAS LIU - 1.02.0.00.0.00.01.0005,01KQV9NJT8HQAJ7THQWEKP07CS,66778417,2026,E-Katalog 6.0,APBD,ASTI WAHYUNI,E-Purchasing,Barang,Belanja Barang dan Jasa BOK Puskesmas pada Sub Kegiatan Pengelolaan Pelayanan Kesehatan Ibu Hamil,ON PROCESS,483300,483300
KAB. WAJO,"DINAS KOMUNIKASI, INFORMATIKA DAN STATISTIK - 2.16.2.20.2.21.02.0000",01KJEHVXMBTWXFGGEMQ1R0XEPB,65606990,2026,E-Katalog 6.0,APBD,SHERINA RESKY MULTIMEDIA,E-Purchasing,Barang,Belanja Kawat/Faksimili/Internet/TV Berlangganan - Relasi Media ,ON PROCESS,2099998,2099998
KAB. WAJO,PUSKESMAS WEWANGREWU - 1.02.0.00.0.00.01.0018,01KTMZN2HN2H2J6VSSQGVZJY7G,66731115,2026,E-Katalog 6.0,APBD,MUHAMMAD RESKY,E-Purchasing,Barang,Belanja Barang dan Jasa BLUD,ON PROCESS,423000,423000
KAB. WAJO,BADAN PENGELOLAAN KEUANGAN DAN PENDAPATAN DAERAH - 5.02.0.00.0.00.01.0000,01KHSQMKX2QSK7HV4RS7RRD668,63370150,2026,E-Katalog 6.0,APBD,LISDAFIK,E-Purchasing,Barang,Belanja Alat/Bahan untuk Kegiatan Kantor- Bahan Cetak,ON PROCESS,13900000,13900000
KAB. WAJO,"DINAS PEKERJAAN UMUM, PENATAAN RUANG DAN PERTANAHAN - 1.03.2.10.0.00.01.0000",01KRDKTWJQQ041R6SD9JFMND32,66587133,2026,E-Katalog 6.0,APBD,"ANDI DILAYANTI, S.E.",E-Purchasing,Barang,Belanja Alat/Bahan untuk Kegiatan Kantor-Alat Tulis Kantor,ON PROCESS,1293494,1293494
KAB. WAJO,DINAS KESEHATAN - 1.02.0.00.0.00.01.0000,01KQ4FHXCYYAMFNZ5RSYDK3X7R,66827323,2026,E-Katalog 6.0,APBD,DEXA MEDICA,E-Purchasing,Barang,"Belanja Obat-Obatan-Obat pada sub kegiatan Pengadaan Obat, Bahan Habis Pakai, Bahan Medis Habis Pakai,, Vaksin, Makanan dan Minuman di Fasilitas Kesehatan",ON PROCESS,688200,688200
KAB. WAJO,KECAMATAN SAJOANGING - 7.01.0.00.0.00.11.0000,01KQSFGNRN2FD4NH3VG7W8RKJF,65380602,2026,E-Katalog 6.0,APBD,ANDI AKHYAR SULAIMAN,E-Purchasing,Barang,Koordinasi dan Penyusunan DPA-SKPD,ON PROCESS,225500,225500
KAB. WAJO,SEKRETARIAT DAERAH - 4.01.0.00.0.00.01.0000,01KNNC4M5HMDPZKH4GEN1PDWNC,63637419,2026,E-Katalog 6.0,APBD,ANDI ROHANA,E-Purchasing,Barang,Belanja Alat/Bahan untuk Kegiatan Kantor- Suvenir/Cendera Mata,ON PROCESS,64249998,64249998
KAB. WAJO,SEKRETARIAT DAERAH - 4.01.0.00.0.00.01.0000,01KK0ACTKS4DFZ1ZXWYC4S8KZ2,66020194,2026,E-Katalog 6.0,APBD,OPTIMUS TEKNOLOGI PRO,E-Purchasing,Jasa Lainnya,Belanja Sewa Peralatan Jaringan,ON PROCESS,65490000,65490000
KAB. WAJO,PUSKESMAS WEWANGREWU - 1.02.0.00.0.00.01.0018,01KPQ2J6CPC4FV25S8WYW56NYC,66766397,2026,E-Katalog 6.0,APBD,ANDI JUNENNI,E-Purchasing,Barang,Belanja Barang dan Jasa BOK Puskesmas pada sub kegiatan Pengelolaan Pelayanan Kesehatan Gizi Masyarakat,ON PROCESS,717000,717000
KAB. WAJO,INSPEKTORAT DAERAH - 6.01.0.00.0.00.01.0000,01KT8X5R2XHWXEJK3Z0Z9K8K49,67008084,2026,E-Katalog 6.0,APBD,ANANCI,E-Purchasing,Barang,Belanja Alat/Bahan untuk Kegiatan Kantor-Perabot Kantor,ON PROCESS,2351500,2351500
KAB. WAJO,DINAS PEMBERDAYAAN MASYARAKAT DAN DESA - 2.13.0.00.0.00.01.0000,01KRB42V9FDCW3AZF0XKJT05MG,65633631,2026,E-Katalog 6.0,APBD,ARSYAD M,E-Purchasing,Barang,Belanja Alat/Bahan untuk Kegiatan Kantor- Bahan Cetak,ON PROCESS,250000,250000
KAB. WAJO,BADAN KESATUAN BANGSA DAN POLITIK - 8.01.0.00.0.00.01.0000,01KNVCDNA0TNP2Y8X0G41312GJ,63264006,2026,E-Katalog 6.0,APBD,ANDI ERNA,E-Purchasing,Barang,Belanja Makanan dan Minuman Rapat,ON PROCESS,598000,598000
KAB. WAJO,BADAN PENGELOLAAN KEUANGAN DAN PENDAPATAN DAERAH - 5.02.0.00.0.00.01.0000,01KR3A4FH4MQSPPZT8J6WPDQCE,63464855,2026,E-Katalog 6.0,APBD,ASTI WAHYUNI,E-Purchasing,Barang,Belanja Makanan dan Minuman Rapat,ON PROCESS,634800,634800
KAB. WAJO,"BADAN PERENCANAAN PEMBANGUNAN, RISET DAN INOVASI DAERAH - 5.01.5.05.0.00.01.0000",01KK5MDJC9WJHRMTR7TWQT0PHJ,65420880,2026,E-Katalog 6.0,APBD,ANDI AKHYAR SULAIMAN,E-Purchasing,Barang,Belanja Alat/Bahan untuk Kegiatan Kantor-Alat Tulis Kantor,ON PROCESS,2216996,2216996
KAB. WAJO,KELURAHAN PENEKI - 7.01.0.00.0.00.12.0002,01KW98F9101KH83KMJFBK9YRQN,67167479,2026,E-Katalog 6.0,APBD,ABDUL HARIS,E-Purchasing,Barang,Belanja Alat/Bahan untuk Kegiatan Kantor-Alat Tulis Kantor,ON PROCESS,1115211,1115211
KAB. WAJO,DINAS KESEHATAN - 1.02.0.00.0.00.01.0000,01KVSMZENA72XEHVGDVMQJBQBW,66827324,2026,E-Katalog 6.0,APBD,TOP-POINT MEDICAL,E-Purchasing,Barang,"Belanja Suku Cadang-Suku Cadang Alat Kedokteran pada sub kegiatan Pengadaan Obat, Bahan Habis Pakai, Bahan Medis Habis Pakai,, Vaksin, Makanan dan Minuman di Fasilitas Kesehatan",ON PROCESS,14452500,14452500
KAB. WAJO,BADAN KESATUAN BANGSA DAN POLITIK - 8.01.0.00.0.00.01.0000,01KGGGVRHYDPVGCQSRB7CSJAAP,63062798,2026,E-Katalog 6.0,APBD,AMRAN SURYADI,E-Purchasing,Barang,Belanja Alat/Bahan untuk Kegiatan Kantor-Benda Pos,ON PROCESS,488400,488400
KAB. WAJO,PUSKESMAS PARIGI - 1.02.0.00.0.00.01.0023,01KW1Z2373P2JN272V96JFD9SZ,66570663,2026,E-Katalog 6.0,APBD,NURHAENI,E-Purchasing,Barang,Kue / Snack,ON PROCESS,161100,161100
KAB. WAJO,SEKRETARIAT DAERAH - 4.01.0.00.0.00.01.0000,01KTR3GMM5K49AS1W5CXH6NMBT,65287975,2026,E-Katalog 6.0,APBD,TENRI MAWAR,E-Purchasing,Barang,Belanja Sewa Kendaraan Bermotor Angkutan Barang,ON PROCESS,16500000,16500000
KAB. WAJO,DINAS KESEHATAN - 1.02.0.00.0.00.01.0000,01KVPAZGRCQQ5XVFNEX0PE4GP6,66827272,2026,E-Katalog 6.0,APBD,ARSYAD M,E-Purchasing,Barang,Belanja Alat/Bahan untuk Kegiatan Kantor- Bahan Cetak pada sub kegiatan Pemeriksaan Post Market pada Produk Makanan-Minuman Industri Rumah Tangga yang Beredar dan Pengawasan serta Tindak Lanjut Pengawasan,ON PROCESS,1935563,1935563
KAB. WAJO,DINAS KESEHATAN - 1.02.0.00.0.00.01.0000,01KSETAYTQDKZ1FPSP2WAG97VK,66775795,2026,E-Katalog 6.0,APBD,ANDI JUNENNI,E-Purchasing,Barang,Belanja Makanan dan Minuman Rapat pada sub Pengelolaan Pelayanan Promosi Kesehatan,ON PROCESS,4240000,4240000
KAB. WAJO,SEKRETARIAT DEWAN PERWAKILAN RAKYAT DAERAH - 4.02.0.00.0.00.01.0000,01KTTM02CM3QEV4S1EBGGB6N7W,64251454,2026,E-Katalog 6.0,APBD,SYAMSU ALAM,E-Purchasing,Barang,Belanja Natura dan Pakan-Natura Penyediaan Jasa Pelayanan Umum Kantor,ON PROCESS,4678193,4678193
KAB. WAJO,PUSKESMAS SABBANGPARU - 1.02.0.00.0.00.01.0003,01KTTQD2YEN5PCM0RNCD1386YK,66481720,2026,E-Katalog 6.0,APBD,ASTI WAHYUNI,E-Purchasing,Barang,Belanja Barang dan Jasa BLUD,ON PROCESS,956000,956000
KAB. WAJO,SEKRETARIAT DEWAN PERWAKILAN RAKYAT DAERAH - 4.02.0.00.0.00.01.0000,10924321000,67268868,2026,Non Tender,APBD,CV. ARMYNDO UTAMA,Pengadaan Langsung,Pekerjaan Konstruksi,Belanja Pemeliharaan Bangunan Gedung-Bangunan Gedung Tempat Kerja-Bangunan Gedung Kantor,BERLANGSUNG,55300043,55300043
KAB. WAJO,KECAMATAN PAMMANA - 7.01.0.00.0.00.07.0000,01KVC2HRRXFBXDJTFYHRKBEYR2,65756780,2026,E-Katalog 6.0,APBD,ANDI ERNA,E-Purchasing,Barang,Belanja Makanan dan Minuman Rapat ,ON PROCESS,1794000,1794000
KAB. WAJO,RSUD LAMADDUKELLENG - 1.02.0.00.0.00.01.0001,01KPW7RNTGX5ADDC0HK3KMH150,65300982,2026,E-Katalog 6.0,BLUD,MEDICAL SOLUTION INDONESIA,E-Purchasing,Barang,Belanja Barang dan Jasa BLUD,ON PROCESS,6646680,6646680
KAB. WAJO,KELURAHAN BULUPABBULU - 7.01.0.00.0.00.14.0016,01KV9H3PJ33EMW3YRQ6636F3XG,66976972,2026,E-Katalog 6.0,APBD,CINTA ALAM RAYA,E-Purchasing,Barang,Belanja Modal Peralatan Personal Computer,ON PROCESS,3200000,3200000
KAB. WAJO,PUSKESMAS TAKKALALLA - 1.02.0.00.0.00.01.0011,01KTJXA1EGX8N570G73TVFEZ6T,66009374,2026,E-Katalog 6.0,APBD,SITTI AISYAH,E-Purchasing,Barang,"Belanja Barang dan Jasa BOK Puskesmas Sub Kegiatan Peningkatan Upaya Promosi Kesehatan, Advokasi, Kemitraan dan Pemberdayaan Masyarakat",ON PROCESS,225000,225000
KAB. WAJO,DINAS PERIKANAN - 3.25.0.00.0.00.01.0000,01KS2MKDHKQMKZZCT8SRVGCP3J,64611550,2026,E-Katalog 6.0,APBD,GLOBALINDO MANDIRI,E-Purchasing,Barang,Belanja Bahan-Bahan/Bibit Ternak/Bibit Ikan (Pengadaan Benih Ikan Mas) untuk Penebaran ,ON PROCESS,45280000,45280000
KAB. WAJO,KECAMATAN KEERA - 7.01.0.00.0.00.04.0000,01KP2QP8BC4TY6C878N0M8QGTH,65624662,2026,E-Katalog 6.0,APBD,NOVI ASTIKA,E-Purchasing,Barang,Penyediaan Jasa Pelayanan Umum Kantor,ON PROCESS,2000000,2000000
KAB. WAJO,KECAMATAN GILIRENG - 7.01.0.00.0.00.03.0000,01KRYY4PZ6YZ4HPWW35ZQVWP83,67141954,2026,E-Katalog 6.0,APBD,ANDI AKHYAR SULAIMAN,E-Purchasing,Barang,Belanja Cetak dan Penggandaan,ON PROCESS,800000,800000
KAB. WAJO,RSUD SIWA - 1.02.0.00.0.00.01.0002,01KQ6PGJVJ66ST46XTE386GP4W,66883851,2026,E-Katalog 6.0,BLUD,ASA ATMA HARSA,E-Purchasing,Barang,Belanja Barang dan Jasa BLUD,ON PROCESS,4810907,0
KAB. WAJO,"SATUAN POLISI PAMONG PRAJA, PEMADAM KEBAKARAN DAN PENYELAMATAN - 1.05.0.00.0.00.01.0000",01KW1H5HWB2ZRS7MN6CNHTRD1G,64219424,2026,E-Katalog 6.0,APBD,DARNAWATI,E-Purchasing,Barang,Belanja Makanan dan Minuman Aktivitas Lapangan,ON PROCESS,484200,484200
KAB. WAJO,DINAS PENDIDIKAN DAN KEBUDAYAAN - 1.01.2.22.0.00.02.0000,01KRFCMN3DDNFXT0F96SCQWG4T,63028092,2026,E-Katalog 6.0,APBD,MUH IQBAL MASTAL,E-Purchasing,Jasa Lainnya,Belanja Makanan dan Minuman Jamuan Tamu,ON PROCESS,1380000,1380000
KAB. WAJO,RSUD LAMADDUKELLENG - 1.02.0.00.0.00.01.0001,01KVA0VY5V1S1DH1PQ3W3M85JE,65300982,2026,E-Katalog 6.0,BLUD,MEGA LIFESCIENCES INDONESIA,E-Purchasing,Barang,Belanja Barang dan Jasa BLUD,ON PROCESS,14185800,14185800
KAB. WAJO,DINAS LINGKUNGAN HIDUP - 2.11.0.00.0.00.01.0000,01KV9SE71AKDAGEBD0A4DC6BBS,67118056,2026,E-Katalog 6.0,APBD,ANNUR RILANGI SIENGKANG,E-Purchasing,Barang,Belanja modal alat besar,ON PROCESS,1971582000,0
KAB. WAJO,PUSKESMAS SOLO - 1.02.0.00.0.00.01.0010,01KWC3RY41N9K80N43R3B4N6NR,66313239,2026,E-Katalog 6.0,APBD,NURFAIDAH,E-Purchasing,Barang,"Belanja barang dan jasa BOK Puskesmas pada sub kegiatan Peningkatan Upaya Promosi Kesehatan, Advokasi, Kemitraan dan Pemberdayaan Masyarakat",ON PROCESS,670400,670400
KAB. WAJO,"BADAN PERENCANAAN PEMBANGUNAN, RISET DAN INOVASI DAERAH - 5.01.5.05.0.00.01.0000",01KVYTH61WTDH5XF8DS09TXV11,65658600,2026,E-Katalog 6.0,APBD,ANDI ERNA,E-Purchasing,Barang,Belanja Makanan dan Minuman Rapat,ON PROCESS,747500,747500
KAB. WAJO,SEKRETARIAT DAERAH - 4.01.0.00.0.00.01.0000,01KQ90ZGRV13ZYHCG74GFTXY4M,66824368,2026,E-Katalog 6.0,APBD,ANDI AKHYAR SULAIMAN,E-Purchasing,Barang,Belanja Alat/Bahan untuk Kegiatan Kantor- Bahan Cetak,ON PROCESS,2500000,2500000
KAB. WAJO,KECAMATAN SAJOANGING - 7.01.0.00.0.00.11.0000,01KHNRYJKANY42RVJ0XKG9W8F0,65378659,2026,E-Katalog 6.0,APBD,AQILAHDAFFA,E-Purchasing,Barang,Belanja Makanan dan Minuman Rapat,ON PROCESS,9700000,9700000
KAB. WAJO,DINAS TENAGA KERJA DAN TRANSMIGRASI - 2.07.3.32.0.00.02.0000,01KKAWGCK50MWQ34M1WX12AFNB,65802223,2026,E-Katalog 6.0,APBD,AQILAHDAFFA,E-Purchasing,Barang,Belanja Alat/Bahan untuk Kegiatan Kantor-Alat Tulis Kantor,ON PROCESS,3202900,3202900
KAB. WAJO,DINAS PERTANIAN DAN KETAHANAN PANGAN - 2.09.3.27.0.00.02.0000,01KQSA18D4EXMMZGFG9BY1667C,66410791,2026,E-Katalog 6.0,APBD,REZKY JAYA ABADI,E-Purchasing,Barang,Belanja Modal Alat Kesehatan Umum Lainnya,ON PROCESS,20801400,20801400
KAB. WAJO,PUSKESMAS WEWANGREWU - 1.02.0.00.0.00.01.0018,01KWGMH7Z8652REYSKXSV83DWZ,66731115,2026,E-Katalog 6.0,APBD,MUHAMMAD RESKY,E-Purchasing,Barang,Belanja Barang dan Jasa BLUD,ON PROCESS,590700,590700
KAB. WAJO,KECAMATAN PAMMANA - 7.01.0.00.0.00.07.0000,01KVC3RK09QZXKDZ83MAADMDC5,65756780,2026,E-Katalog 6.0,APBD,ANDI ERNA,E-Purchasing,Barang,Belanja Makanan dan Minuman Rapat ,ON PROCESS,1768300,1768300
KAB. WAJO,BADAN PENGELOLAAN KEUANGAN DAN PENDAPATAN DAERAH - 5.02.0.00.0.00.01.0000,01KRG1TGN9FD3ZNZG2VY9YZ9ZB,64000028,2026,E-Katalog 6.0,APBD,ANDI BISMAWATI,E-Purchasing,Barang,Belanja Alat/Bahan untuk Kegiatan Kantor-Alat Tulis Kantor,ON PROCESS,11018600,11018600
KAB. WAJO,RSUD SIWA - 1.02.0.00.0.00.01.0002,01KQXXE668ZPWXRMJT37W4GKH0,66883851,2026,E-Katalog 6.0,BLUD,PERUSAHAAN PERSEROAN (PERSERO) PT KIMIA FARMA,E-Purchasing,Barang,Belanja Barang dan Jasa BLUD,ON PROCESS,5114325,5114325
KAB. WAJO,SEKRETARIAT DAERAH - 4.01.0.00.0.00.01.0000,01KSHMB0Z9P5A68ESY3YCVTFXN,65287975,2026,E-Katalog 6.0,APBD,TENRI MAWAR,E-Purchasing,Barang,Belanja Sewa Kendaraan Bermotor Angkutan Barang,ON PROCESS,5500000,5500000
KAB. WAJO,KECAMATAN SAJOANGING - 7.01.0.00.0.00.11.0000,01KS7EMH4VYQX1TDCGJHSAFD3C,65380749,2026,E-Katalog 6.0,APBD,ANDI AKHYAR SULAIMAN,E-Purchasing,Barang,Koordinasi dan Penyusunan Laporan Keuangan Bulanan/ Triwulanan/ Semesteran SKPD,ON PROCESS,463000,463000
KAB. WAJO,SEKRETARIAT DAERAH - 4.01.0.00.0.00.01.0000,01KJ78RJ6BG88FPEMCQJ5G7BG0,63636068,2026,E-Katalog 6.0,APBD,ANDI ROHANA,E-Purchasing,Barang,Belanja Natura dan Pakan-Natura,ON PROCESS,59909539,59909539
KAB. WAJO,RSUD LAMADDUKELLENG - 1.02.0.00.0.00.01.0001,01KS2R65NFN47WZVW0B06XNCSF,65300982,2026,E-Katalog 6.0,BLUD,CAPRIFARMINDO LABORATORIES,E-Purchasing,Barang,Belanja Barang dan Jasa BLUD,ON PROCESS,5688750,5688750
KAB. WAJO,RSUD SIWA - 1.02.0.00.0.00.01.0002,01KRZQWQMYNT2RJSQT13QG8YZS,66883851,2026,E-Katalog 6.0,BLUD,OTSUKA INDONESIA,E-Purchasing,Barang,Belanja Barang dan Jasa BLUD,ON PROCESS,45038250,45038250
KAB. WAJO,PUSKESMAS SOLO - 1.02.0.00.0.00.01.0010,01KR2JE8VSHYXHREV9ZVA3B0H7,66023206,2026,E-Katalog 6.0,APBD,NURFAIDAH,E-Purchasing,Barang,Belanja barang dan jasa BOK puskesmas pada sub kegiatan Pengelolaan Pelayanan Kesehatan Ibu Hamil,ON PROCESS,225000,225000
KAB. WAJO,DINAS PENDIDIKAN DAN KEBUDAYAAN - 1.01.2.22.0.00.02.0000,01KRDKWXZWBA37GJCNS30HD2C1,63029967,2026,E-Katalog 6.0,APBD,MUH IQBAL MASTAL,E-Purchasing,Barang,Belanja Makanan dan Minuman Rapat,ON PROCESS,82140,82140
KAB. WAJO,RSUD LAMADDUKELLENG - 1.02.0.00.0.00.01.0001,01KSEZSFC74YSR27TFY7XHYH9F,65300982,2026,E-Katalog 6.0,BLUD,DEXA MEDICA,E-Purchasing,Barang,Belanja Barang dan Jasa BLUD,ON PROCESS,20227253,20227253
KAB. WAJO,SEKRETARIAT DAERAH - 4.01.0.00.0.00.01.0000,01KPAP52724670JV8K5G5X2R45,63637419,2026,E-Katalog 6.0,APBD,"ANDI DILAYANTI, S.E.",E-Purchasing,Barang,Belanja Alat/Bahan untuk Kegiatan Kantor- Suvenir/Cendera Mata,ON PROCESS,37249991,37249991
KAB. WAJO,PUSKESMAS SAJOANGING - 1.02.0.00.0.00.01.0012,01KVPPTBJTZ96ZRWHV9R8S6B1E,66203175,2026,E-Katalog 6.0,APBD,SALWA NABILAH IDRIS,E-Purchasing,Barang,Belanja Barang dan Jasa BLUD,ON PROCESS,260000,260000
KAB. WAJO,RSUD SIWA - 1.02.0.00.0.00.01.0002,01KVW7RX8AMT18R83J5S96JDAJ,66883851,2026,E-Katalog 6.0,BLUD,CAHAYA MUDA ABADI,E-Purchasing,Barang,Belanja Barang dan Jasa BLUD,ON PROCESS,14196900,14196900
KAB. WAJO,"DINAS PEKERJAAN UMUM, PENATAAN RUANG DAN PERTANAHAN - 1.03.2.10.0.00.01.0000",01KVPFBJ6QNFVQJDK8D42DCCZS,67079461,2026,E-Katalog 6.0,APBD,ANDI AKHYAR SULAIMAN,E-Purchasing,Barang,Belanja Alat/Bahan untuk Kegiatan Kantor- Bahan Cetak,ON PROCESS,1075000,1075000
KAB. WAJO,DINAS PENDIDIKAN DAN KEBUDAYAAN - 1.01.2.22.0.00.02.0000,01KKX9VA1PG2SBD1WKSTVZ9RZS,63027245,2026,E-Katalog 6.0,APBD,AMRAN SURYADI,E-Purchasing,Barang,Belanja Alat/Bahan untuk Kegiatan Kantor- Bahan Cetak,ON PROCESS,4895544,4895544
KAB. WAJO,DINAS PERTANIAN DAN KETAHANAN PANGAN - 2.09.3.27.0.00.02.0000,01KWED5ZC7NZ4REZJPE90ZVTW4,66410602,2026,E-Katalog 6.0,APBD,A. MUH. ABRAR,E-Purchasing,Barang,Belanja Alat/Bahan untuk Kegiatan Kantor-Alat Tulis Kantor,ON PROCESS,240500,240500
KAB. WAJO,RSUD SIWA - 1.02.0.00.0.00.01.0002,01KR2ZZ0H9RXPJ127QKJ42ZXHB,66883851,2026,E-Katalog 6.0,BLUD,ANUGRAH SALMAN MEDIKA,E-Purchasing,Barang,Belanja Barang dan Jasa BLUD,ON PROCESS,5841930,5841930
KAB. WAJO,PUSKESMAS TAKKALALLA - 1.02.0.00.0.00.01.0011,01KS1M0RNYX1A7K7NK1MFWQ7RC,66026020,2026,E-Katalog 6.0,APBD,SITTI AISYAH,E-Purchasing,Barang,Belanja Barang dan Jasa BOK Puskesmas Sub Kegiatan Bimbingan Teknis dan Supervisi Pengembangan dan Pelaksanaan Upaya Kesehatan Bersumber Daya Masyarakat (UKBM),ON PROCESS,225000,225000
KAB. WAJO,PUSKESMAS TAKKALALLA - 1.02.0.00.0.00.01.0011,01KRAJ92NDDYH0AY6XPGTWAYHV,66025540,2026,E-Katalog 6.0,APBD,SITTI AISYAH,E-Purchasing,Barang,Belanja Barang dan Jasa BOK Puskesmas Sub Kegiatan Pengelolaan Pelayanan Kesehatan Ibu Hamil,ON PROCESS,180000,180000
KAB. WAJO,SEKRETARIAT DAERAH - 4.01.0.00.0.00.01.0000,01KNP6JYA49X0CB7AR7N0W4X5V,63554861,2026,E-Katalog 6.0,APBD,"ANDI DILAYANTI, S.E.",E-Purchasing,Barang,Belanja Alat/Bahan untuk Kegiatan Kantor-Benda Pos,ON PROCESS,2400042,2400042
KAB. WAJO,RSUD LAMADDUKELLENG - 1.02.0.00.0.00.01.0001,01KVSGJ8ZG918AXTAHVSH98ZNA,65300982,2026,E-Katalog 6.0,BLUD,KRISTALAB SURYA MEDIKA,E-Purchasing,Barang,Belanja Barang dan Jasa BLUD,ON PROCESS,7403700,0
KAB. WAJO,PUSKESMAS SABBANGPARU - 1.02.0.00.0.00.01.0003,01KVPETQQG94DF2X77PMNQ6GBX,66481720,2026,E-Katalog 6.0,APBD,ASTI WAHYUNI,E-Purchasing,Barang,Belanja Barang dan Jasa BLUD,ON PROCESS,390000,390000
KAB. WAJO,RSUD LAMADDUKELLENG - 1.02.0.00.0.00.01.0001,01KKTSHW5Y23TQ6BM5VWCVRF3V,65300982,2026,E-Katalog 6.0,BLUD,MEDICAL SOLUTION INDONESIA,E-Purchasing,Barang,Belanja Barang dan Jasa BLUD,ON PROCESS,12505493,12505493
KAB. WAJO,SEKRETARIAT DAERAH - 4.01.0.00.0.00.01.0000,01KQEXRH94T7FQ3YGCH7X49C8B,66853006,2026,E-Katalog 6.0,APBD,ANDI AKHYAR SULAIMAN,E-Purchasing,Barang,Belanja Alat/Bahan untuk Kegiatan Kantor-Alat Tulis Kantor,ON PROCESS,2197499,2197499
KAB. WAJO,SEKRETARIAT DEWAN PERWAKILAN RAKYAT DAERAH - 4.02.0.00.0.00.01.0000,01KFN1FR360ZE5XQX3QBFRH4RX,63931767,2026,E-Katalog 6.0,APBD,MUDAMA,E-Purchasing,Barang,Belanja Sewa Alat Bantu Lainnya Pelaksanaan Reses,ON PROCESS,749250,749250
KAB. WAJO,DINAS PERTANIAN DAN KETAHANAN PANGAN - 2.09.3.27.0.00.02.0000,01KQS5FXART7WCGGY5R4YZJAYB,66410782,2026,E-Katalog 6.0,APBD,REZKY JAYA ABADI,E-Purchasing,Barang,Belanja Modal Alat-Alat Peternakan,ON PROCESS,1554000,1554000
KAB. WAJO,SEKRETARIAT DAERAH - 4.01.0.00.0.00.01.0000,01KVQ4YSQMNF4WQCMWRHV4JRNP,65287973,2026,E-Katalog 6.0,APBD,FITRIANI,E-Purchasing,Barang,Belanja Makanan dan Minuman Jamuan Tamu,ON PROCESS,476989,476989
KAB. WAJO,RSUD LAMADDUKELLENG - 1.02.0.00.0.00.01.0001,01KTJXF712PCPGVMZF81EVZ47A,65300982,2026,E-Katalog 6.0,BLUD,ASA ATMA HARSA,E-Purchasing,Barang,Belanja Barang dan Jasa BLUD,ON PROCESS,1998000,1998000
KAB. WAJO,"SATUAN POLISI PAMONG PRAJA, PEMADAM KEBAKARAN DAN PENYELAMATAN - 1.05.0.00.0.00.01.0000",01KP7V8ZDWZYJJ7CH64HMBADDP,64063526,2026,E-Katalog 6.0,APBD,PUTRA IRFAN,E-Purchasing,Barang,Belanja Alat/Bahan untuk Kegiatan Kantor-Perlengkapan Dinas,ON PROCESS,1443000,1443000
KAB. WAJO,SEKRETARIAT DAERAH - 4.01.0.00.0.00.01.0000,01KGPMM8K7PT9YAWAF940KCEAT,63636744,2026,E-Katalog 6.0,APBD,ANDI NIRWANA,E-Purchasing,Barang,Belanja Natura dan Pakan-Natura,ON PROCESS,95400,95400
KAB. WAJO,SEKRETARIAT DAERAH - 4.01.0.00.0.00.01.0000,01KQ9MC33MV3BW09G555JD1CMP,65287975,2026,E-Katalog 6.0,APBD,TENRI MAWAR,E-Purchasing,Barang,Belanja Sewa Kendaraan Bermotor Angkutan Barang,ON PROCESS,16500000,16500000
KAB. WAJO,DINAS PERUMAHAN DAN KAWASAN PERMUKIMAN - 1.04.0.00.0.00.01.0000,01KRAJ5F499976QRW9FK51F2KV,67101779,2026,E-Katalog 6.0,APBD,GUNAWAN TJANDRA,E-Purchasing,Barang,Belanja Modal Peralatan Studio Video dan Film (Drone) pada Kegiatan Pengadaan Sarana dan Prasarana Gedung Kantor atau Bangunan Lainnya,ON PROCESS,32000000,32000000
KAB. WAJO,BADAN KESATUAN BANGSA DAN POLITIK - 8.01.0.00.0.00.01.0000,01KPB0VC9323YD79F2N4W6Q72T,63264006,2026,E-Katalog 6.0,APBD,ANDI ERNA,E-Purchasing,Barang,Belanja Makanan dan Minuman Rapat,ON PROCESS,627900,627900
KAB. WAJO,PUSKESMAS TANASITOLO - 1.02.0.00.0.00.01.0017,01KR2HF5VS4Q6ME4DFKA47HY8F,66697929,2026,E-Katalog 6.0,APBD,ARSYAD M,E-Purchasing,Barang,Belanja Barang dan Jasa BLUD,ON PROCESS,9274716,9274716
KAB. WAJO,RSUD LAMADDUKELLENG - 1.02.0.00.0.00.01.0001,01KW8ZTSYMGGPDZZ20PRPYQ33V,65300982,2026,E-Katalog 6.0,BLUD,YARINDO FARMATAMA,E-Purchasing,Barang,Belanja Barang dan Jasa BLUD,ON PROCESS,41025600,41025600
KAB. WAJO,KECAMATAN PAMMANA - 7.01.0.00.0.00.07.0000,01KPMZ3EXJW3B8KMA56QCBPMDA,65756780,2026,E-Katalog 6.0,APBD,ANDI ERNA,E-Purchasing,Barang,Belanja Makanan dan Minuman Rapat ,ON PROCESS,171997,171997
KAB. WAJO,RSUD LAMADDUKELLENG - 1.02.0.00.0.00.01.0001,01KH2PJ2EGM5E2XBEDDE0447NF,65300982,2026,E-Katalog 6.0,BLUD,ABADI MAKMUR BERSAMA,E-Purchasing,Barang,Belanja Barang dan Jasa BLUD,ON PROCESS,3650002,0
KAB. WAJO,PUSKESMAS GILIRENG - 1.02.0.00.0.00.01.0019,01KWK5AD5W29PP01KN76EGYG83,66073569,2026,E-Katalog 6.0,APBD,GEDDONG,E-Purchasing,Barang,Belanja Barang dan Jasa BOK Puskesmas pada Sub Kegiatan Pengelolaan Pelayanan Kesehatan Ibu Hamil,ON PROCESS,268500,268500
KAB. WAJO,DINAS KESEHATAN - 1.02.0.00.0.00.01.0000,01KPR5Z10N0A7NX8MP36V3W7GN,66827323,2026,E-Katalog 6.0,APBD,HEXPHARM JAYA LABORATORIES,E-Purchasing,Barang,"Belanja Obat-Obatan-Obat pada sub kegiatan Pengadaan Obat, Bahan Habis Pakai, Bahan Medis Habis Pakai,, Vaksin, Makanan dan Minuman di Fasilitas Kesehatan",ON PROCESS,37129500,37129500
KAB. WAJO,PUSKESMAS TAKKALALLA - 1.02.0.00.0.00.01.0011,01KQ6QQ60YCEPR35P5WDZQH7YE,66025540,2026,E-Katalog 6.0,APBD,SITTI AISYAH,E-Purchasing,Barang,Belanja Barang dan Jasa BOK Puskesmas Sub Kegiatan Pengelolaan Pelayanan Kesehatan Ibu Hamil,ON PROCESS,180000,180000
KAB. WAJO,BADAN KESATUAN BANGSA DAN POLITIK - 8.01.0.00.0.00.01.0000,01KG6VGQXKQA6JFNG3NRV45TG5,63062754,2026,E-Katalog 6.0,APBD,ANDI NIRWANA,E-Purchasing,Barang,Belanja Makanan dan Minuman Rapat,ON PROCESS,1577400,1577400
KAB. WAJO,BADAN PENGELOLAAN KEUANGAN DAN PENDAPATAN DAERAH - 5.02.0.00.0.00.01.0000,01KW8V7KT2MBAZY40JYR8C2VX5,63462897,2026,E-Katalog 6.0,APBD,MUHAMMAD ZULKARNAIN,E-Purchasing,Barang,Belanja Makanan dan Minuman Rapat,ON PROCESS,634800,634800
KAB. WAJO,DINAS KESEHATAN - 1.02.0.00.0.00.01.0000,01KPDSYYKFA30RHVHW00EY1EX2,66827323,2026,E-Katalog 6.0,APBD,SOHO INDUSTRI PHARMASI,E-Purchasing,Barang,"Belanja Obat-Obatan-Obat pada sub kegiatan Pengadaan Obat, Bahan Habis Pakai, Bahan Medis Habis Pakai,, Vaksin, Makanan dan Minuman di Fasilitas Kesehatan",ON PROCESS,21799956,0
KAB. WAJO,SEKRETARIAT DAERAH - 4.01.0.00.0.00.01.0000,01KWC87KAD4PT75CJ50K2FFYNF,63590760,2026,E-Katalog 6.0,APBD,BUNGARATU MEGATAMA,E-Purchasing,Barang,Belanja Alat/Bahan untuk Kegiatan Kantor- Suvenir/Cendera Mata,ON PROCESS,5994000,5994000
KAB. WAJO,"SATUAN POLISI PAMONG PRAJA, PEMADAM KEBAKARAN DAN PENYELAMATAN - 1.05.0.00.0.00.01.0000",01KRE19CJR1C0HSN413PAPWG1P,66916167,2026,E-Katalog 6.0,APBD,FAJRIN,E-Purchasing,Barang,Belanja Makanan dan Minuman Aktivitas Lapangan,ON PROCESS,4304000,4304000
KAB. WAJO,"SATUAN POLISI PAMONG PRAJA, PEMADAM KEBAKARAN DAN PENYELAMATAN - 1.05.0.00.0.00.01.0000",01KVC8V23GVX6KYAK47MW7607F,64200533,2026,E-Katalog 6.0,APBD,ANDI MARWANAH,E-Purchasing,Barang,Belanja Makanan dan Minuman Rapat,ON PROCESS,941500,941500
KAB. WAJO,KECAMATAN SAJOANGING - 7.01.0.00.0.00.11.0000,01KP7MDZQDRF4ZHA8N6HNCW31B,65380876,2026,E-Katalog 6.0,APBD,AQILAHDAFFA,E-Purchasing,Barang,Penyediaan Jasa Pelayanan Umum Kantor,ON PROCESS,4750000,4750000
KAB. WAJO,KELURAHAN PENEKI - 7.01.0.00.0.00.12.0002,01KSF0F799B2VQHFP288H11D5M,67167492,2026,E-Katalog 6.0,APBD,CINTA ALAM RAYA,E-Purchasing,Barang,Belanja Modal Personal Computer,ON PROCESS,18499999,18499999
KAB. WAJO,SEKRETARIAT DEWAN PERWAKILAN RAKYAT DAERAH - 4.02.0.00.0.00.01.0000,01KFNBRMF0WNRQFKNSB5NWNSKX,63931768,2026,E-Katalog 6.0,APBD,MUDAMA,E-Purchasing,Barang,Belanja Sewa Bangunan Gedung Tempat Pertemuan Pelasksanaan Reses,ON PROCESS,1443000,1443000
KAB. WAJO,"SATUAN POLISI PAMONG PRAJA, PEMADAM KEBAKARAN DAN PENYELAMATAN - 1.05.0.00.0.00.01.0000",01KRB5RQMAH4FPF0QY0GS17CHE,66916167,2026,E-Katalog 6.0,APBD,BASO MUNAWIR,E-Purchasing,Barang,Belanja Makanan dan Minuman Aktivitas Lapangan,ON PROCESS,4304000,4304000
KAB. WAJO,SEKRETARIAT DAERAH - 4.01.0.00.0.00.01.0000,01KPG3E6XB50FCCC4XDKQRBQKY,65287976,2026,E-Katalog 6.0,APBD,TENRI MAWAR,E-Purchasing,Barang,Belanja Sewa Kendaraan Bermotor Khusus,ON PROCESS,4500000,4500000
KAB. WAJO,DINAS PERTANIAN DAN KETAHANAN PANGAN - 2.09.3.27.0.00.02.0000,01KWDQQ6C39WB6H57CNJFYNQD1,67349246,2026,E-Katalog 6.0,APBD,IRVHAN,E-Purchasing,Pekerjaan Konstruksi,Rehabilitasi Sedang/Berat Gudang RPC,ON PROCESS,282919422,282919422
KAB. WAJO,"DINAS KOMUNIKASI, INFORMATIKA DAN STATISTIK - 2.16.2.20.2.21.02.0000",01KVFGRNDC40MEPND0CME5T7WG,65606990,2026,E-Katalog 6.0,APBD,MEDIA RAKYAT PUBLIK,E-Purchasing,Barang,Belanja Kawat/Faksimili/Internet/TV Berlangganan - Relasi Media ,ON PROCESS,5100000,5100000
KAB. WAJO,DINAS LINGKUNGAN HIDUP - 2.11.0.00.0.00.01.0000,01KHB4KT4YQG2QRAQREDKH0EPN,64576648,2026,E-Katalog 6.0,APBD,ANANCI,E-Purchasing,Barang,Belanja Benda Pos,ON PROCESS,900000,900000
KAB. WAJO,PUSKESMAS GILIRENG - 1.02.0.00.0.00.01.0019,01KS4H7DKTT6GT3AHTZV7G1GQ1,66073569,2026,E-Katalog 6.0,APBD,GEDDONG,E-Purchasing,Barang,Belanja Barang dan Jasa BOK Puskesmas pada Sub Kegiatan Pengelolaan Pelayanan Kesehatan Ibu Hamil,ON PROCESS,268500,268500
KAB. WAJO,RSUD LAMADDUKELLENG - 1.02.0.00.0.00.01.0001,01KRAPAN6F0A5DADDBAC4CB2AW,65300982,2026,E-Katalog 6.0,BLUD,MIRSANDI,E-Purchasing,Barang,Belanja Barang dan Jasa BLUD,ON PROCESS,8500000,8500000
KAB. WAJO,BADAN KEPEGAWAIAN DAN PENGEMBANGAN SUMBER DAYA MANUSIA - 5.03.5.04.0.00.01.0000,01KMZ0MNXPKT4NDV7EQ6SZP6W4,63993806,2026,E-Katalog 6.0,APBD,"ANDI DILAYANTI, S.E.",E-Purchasing,Barang,Belanja Alat/Bahan untuk Kegiatan Kantor-Alat Tulis Kantor  pada Kegiatan Pengelolaan Kelembagaan dan Analisis Jabatan,ON PROCESS,4951448,4951448
KAB. WAJO,RSUD LAMADDUKELLENG - 1.02.0.00.0.00.01.0001,01KMZE23F7AZVENPK2G0RZSE9D,65300982,2026,E-Katalog 6.0,BLUD,WHIRA PITOE USAHABERSAMA,E-Purchasing,Barang,Belanja Barang dan Jasa BLUD,ON PROCESS,22442979,22442979
KAB. WAJO,"DINAS KOMUNIKASI, INFORMATIKA DAN STATISTIK - 2.16.2.20.2.21.02.0000",01KVWATN9V7QQ2XMP42TQ2D8FP,65606989,2026,E-Katalog 6.0,APBD,MEDIA FAJAR INDONESIA,E-Purchasing,Barang,Belanja Langganan Jurnal/Surat Kabar/Majalah - Relasi Media ,ON PROCESS,49680000,49680000
KAB. WAJO,"DINAS PERINDUSTRIAN, PERDAGANGAN, KOPERASI, USAHA KECIL DAN MENENGAH - 2.17.3.30.3.31.01.0000",01KRNYS05Z656PCQGJS0QS5MKB,65683362,2026,E-Katalog 6.0,APBD,TAMIYA NURUL WULANDA,E-Purchasing,Barang,Belanja Makanan dan Minuman Rapat Pada Sub Kegiatan Pelaksanaan Proses Pemeriksaan dan Pengawasan Koperasi yang Wilayah Keanggotaannya Daerah Kabupaten/Kota,ON PROCESS,1179375,1179375
KAB. WAJO,SEKRETARIAT DEWAN PERWAKILAN RAKYAT DAERAH - 4.02.0.00.0.00.01.0000,01KFWQ6A26WWEQV09AZ3X8GKM5,63931773,2026,E-Katalog 6.0,APBD,SURIANI,E-Purchasing,Barang,Belanja Makanan dan Minuman Rapat Pelaksanaan Reses,ON PROCESS,6900000,6900000
KAB. WAJO,"DINAS KOMUNIKASI, INFORMATIKA DAN STATISTIK - 2.16.2.20.2.21.02.0000",01KVFJS6N83A4MRV2QZRDXZ335,65606990,2026,E-Katalog 6.0,APBD,SUTERA CHANNEL GROUP,E-Purchasing,Barang,Belanja Kawat/Faksimili/Internet/TV Berlangganan - Relasi Media ,ON PROCESS,5100000,5100000
KAB. WAJO,DINAS KEPENDUDUKAN DAN PENCATATAN SIPIL - 2.12.0.00.0.00.01.0000,01KN4AF8E39N2D8P1B3G7WK862,66534679,2026,E-Katalog 6.0,APBD,PURA BARUTAMA,E-Purchasing,Barang,Belanja Alat/Bahan untuk Kegiatan Kantor-Bahan Komputer,ON PROCESS,162487650,0
KAB. WAJO,SEKRETARIAT DAERAH - 4.01.0.00.0.00.01.0000,01KNNSWXTT6ZTBMAA8GXRJ4Y5P,65287972,2026,E-Katalog 6.0,APBD,FITRIANI,E-Purchasing,Barang,Belanja Makanan dan Minuman Rapat,ON PROCESS,3108000,3108000
KAB. WAJO,RSUD LAMADDUKELLENG - 1.02.0.00.0.00.01.0001,01KPVYNNDFQFSBPA63EA61G823,65300982,2026,E-Katalog 6.0,BLUD,JUNAEDI,E-Purchasing,Barang,Belanja Barang dan Jasa BLUD,ON PROCESS,23860000,23860000
KAB. WAJO,PUSKESMAS GILIRENG - 1.02.0.00.0.00.01.0019,01KRAVTQM43FXBWGTJBACG5YT8,66073569,2026,E-Katalog 6.0,APBD,GEDDONG,E-Purchasing,Barang,Belanja Barang dan Jasa BOK Puskesmas pada Sub Kegiatan Pengelolaan Pelayanan Kesehatan Ibu Hamil,ON PROCESS,268500,268500
KAB. WAJO,"DINAS KOMUNIKASI, INFORMATIKA DAN STATISTIK - 2.16.2.20.2.21.02.0000",01KJPNQ0KBPVR0H45D2DEYN3RP,65606990,2026,E-Katalog 6.0,APBD,MEDIA LINTAS CELEBES,E-Purchasing,Barang,Belanja Kawat/Faksimili/Internet/TV Berlangganan - Relasi Media ,ON PROCESS,2125000,2125000
KAB. WAJO,BADAN PENGELOLAAN KEUANGAN DAN PENDAPATAN DAERAH - 5.02.0.00.0.00.01.0000,01KWDKBGZR548N9PRSR3025CXA,63993999,2026,E-Katalog 6.0,APBD,ANDI AKHYAR SULAIMAN,E-Purchasing,Barang,Belanja Alat/Bahan untuk Kegiatan Kantor-Alat Tulis Kantor,ON PROCESS,2960000,2960000
KAB. WAJO,SEKRETARIAT DEWAN PERWAKILAN RAKYAT DAERAH - 4.02.0.00.0.00.01.0000,01KVYXJY7EEZEKQ94G74N21B32,63930160,2026,E-Katalog 6.0,APBD,AMRAN SURYADI,E-Purchasing,Barang,Belanja Alat/Bahan untuk Kegiatan Kantor- Bahan Cetak,ON PROCESS,4662000,4662000
KAB. WAJO,"SATUAN POLISI PAMONG PRAJA, PEMADAM KEBAKARAN DAN PENYELAMATAN - 1.05.0.00.0.00.01.0000",01KR10S79MWVGNBMK6N1KJ13V4,66910838,2026,E-Katalog 6.0,APBD,MEGAWATI,E-Purchasing,Barang,Belanja Makanan dan Minuman Aktivitas Lapangan,ON PROCESS,424000,424000
KAB. WAJO,SEKRETARIAT DAERAH - 4.01.0.00.0.00.01.0000,01KR3F58N3V2HN6Q5HGNTM4WHB,65287975,2026,E-Katalog 6.0,APBD,TENRI MAWAR,E-Purchasing,Barang,Belanja Sewa Kendaraan Bermotor Angkutan Barang,ON PROCESS,5500000,5500000
KAB. WAJO,PUSKESMAS GILIRENG - 1.02.0.00.0.00.01.0019,01KQY69E44D9VS3D1GSPSBGVZ9,66073569,2026,E-Katalog 6.0,APBD,GEDDONG,E-Purchasing,Barang,Belanja Barang dan Jasa BOK Puskesmas pada Sub Kegiatan Pengelolaan Pelayanan Kesehatan Ibu Hamil,ON PROCESS,268500,268500
KAB. WAJO,SEKRETARIAT DEWAN PERWAKILAN RAKYAT DAERAH - 4.02.0.00.0.00.01.0000,01KFQ8AZ48ER337BRXXS5BWDTR,63931773,2026,E-Katalog 6.0,APBD,SURIANI,E-Purchasing,Barang,Belanja Makanan dan Minuman Rapat Pelaksanaan Reses,ON PROCESS,6900000,6900000
KAB. WAJO,BADAN PENGELOLAAN KEUANGAN DAN PENDAPATAN DAERAH - 5.02.0.00.0.00.01.0000,01KW8K4EXRDB2E79HVFSEK16D6,63370907,2026,E-Katalog 6.0,APBD,LISDAFIK,E-Purchasing,Barang,Belanja Alat/Bahan untuk Kegiatan Kantor-Alat Tulis Kantor,ON PROCESS,387000,387000
KAB. WAJO,SEKRETARIAT DAERAH - 4.01.0.00.0.00.01.0000,01KWGPH6E5SFKNWVSR1ZX86FJB,63636068,2026,E-Katalog 6.0,APBD,ANDI ERNA,E-Purchasing,Barang,Belanja Natura dan Pakan-Natura,ON PROCESS,15360000,15360000
KAB. WAJO,DINAS PENDIDIKAN DAN KEBUDAYAAN - 1.01.2.22.0.00.02.0000,01KRDKS1CKFXFJ7HSFSMMXWWJE,63029966,2026,E-Katalog 6.0,APBD,AQILAHDAFFA,E-Purchasing,Barang,Belanja Alat/Bahan untuk Kegiatan Kantor- Bahan Cetak,ON PROCESS,1190000,1190000
KAB. WAJO,DINAS KESEHATAN - 1.02.0.00.0.00.01.0000,01KVY9ZHZSDTTPWKPZGNDHPH4F,66775952,2026,E-Katalog 6.0,APBD,ASTI WAHYUNI,E-Purchasing,Barang,Belanja Makanan dan Minuman Rapat pada sub kegiatan Pengelolan Upaya Kesehatan Ibu dan Anak,ON PROCESS,732000,732000
KAB. WAJO,SEKRETARIAT DEWAN PERWAKILAN RAKYAT DAERAH - 4.02.0.00.0.00.01.0000,01KFN7PC6JMDS4ZB0615127PB9,63931768,2026,E-Katalog 6.0,APBD,MITRA SERMANI HOTEL,E-Purchasing,Barang,Belanja Sewa Bangunan Gedung Tempat Pertemuan Pelasksanaan Reses,ON PROCESS,3500000,3500000
KAB. WAJO,"DINAS KOMUNIKASI, INFORMATIKA DAN STATISTIK - 2.16.2.20.2.21.02.0000",01KVVZHNRKCFJB43MC109R5YZR,65606990,2026,E-Katalog 6.0,APBD,MEDIA SENYAWA INDONESIA,E-Purchasing,Barang,Belanja Kawat/Faksimili/Internet/TV Berlangganan - Relasi Media ,ON PROCESS,37399718,37399718
KAB. WAJO,SEKRETARIAT DAERAH - 4.01.0.00.0.00.01.0000,01KR8SD4CCRJ3G0D9DD3JRRS8Z,63636744,2026,E-Katalog 6.0,APBD,ANDI ROHANA,E-Purchasing,Barang,Belanja Natura dan Pakan-Natura,ON PROCESS,50317456,50317456
KAB. WAJO,PUSKESMAS TOSORA - 1.02.0.00.0.00.01.0016,01KQVGXNXN7AJX88B6FQYBMT2D,66114293,2026,E-Katalog 6.0,APBD,ASTI WAHYUNI,E-Purchasing,Barang,Belanja Barang dan Jasa BLUD,ON PROCESS,976500,976500
KAB. WAJO,SEKRETARIAT DEWAN PERWAKILAN RAKYAT DAERAH - 4.02.0.00.0.00.01.0000,01KPMPWXQNE5H5TREDCKEW351C,63930000,2026,E-Katalog 6.0,APBD,FADLIAH MAPPANGANRO,E-Purchasing,Barang,Belanja Alat/Bahan untuk Kegiatan Kantor-Alat Tulis Kantor,ON PROCESS,1083500,1083500
KAB. WAJO,DINAS LINGKUNGAN HIDUP - 2.11.0.00.0.00.01.0000,01KGEPJ5AXH98W6DSYEZD8M7SV,64572766,2026,E-Katalog 6.0,APBD,AQILAHDAFFA,E-Purchasing,Barang,Belanja Makanan dan Minuman Aktivitas Lapangan,ON PROCESS,12498200,12498200
KAB. WAJO,SEKRETARIAT DEWAN PERWAKILAN RAKYAT DAERAH - 4.02.0.00.0.00.01.0000,01KFN74DH72JH015QRX87GE4TB,63931768,2026,E-Katalog 6.0,APBD,MUDAMA,E-Purchasing,Barang,Belanja Sewa Bangunan Gedung Tempat Pertemuan Pelasksanaan Reses,ON PROCESS,1443000,1443000
KAB. WAJO,DINAS PENDIDIKAN DAN KEBUDAYAAN - 1.01.2.22.0.00.02.0000,01KSH9HAJRTC19PWYGX2YNVFRJ,63028087,2026,E-Katalog 6.0,APBD,HARIANTO,E-Purchasing,Barang,Belanja Alat/Bahan untuk Kegiatan Kantor-Alat Tulis Kantor,ON PROCESS,267300,267300
KAB. WAJO,DINAS KESEHATAN - 1.02.0.00.0.00.01.0000,01KV55ZVR5BC7VFX58BZ2B9D4K,66768717,2026,E-Katalog 6.0,APBD,SRI HANDAYANI ,E-Purchasing,Barang,Belanja Makanan dan Minuman Rapat pada sub kegiatan Pembinaan dan Pengawasan Sumber Daya Manusia Kesehatan,ON PROCESS,2373900,2373900
KAB. WAJO,PUSKESMAS PENRANG - 1.02.0.00.0.00.01.0014,01KTQJT262H3J5J410WE3WP4HY,66069389,2026,E-Katalog 6.0,APBD,ANDI JUNENNI,E-Purchasing,Barang,Belanja Barang dan Jasa BLUD,ON PROCESS,2198800,2198800
KAB. WAJO,PUSKESMAS TEMPE - 1.02.0.00.0.00.01.0006,01KRB3KNB9SYJJV4A6P4SB7RR8,65899121,2026,E-Katalog 6.0,APBD,GUNAWAN TJANDRA,E-Purchasing,Barang,Belanja Modal Peralatan dan Mesin BLUD,ON PROCESS,975000,975000
KAB. WAJO,KELURAHAN CINA - 7.01.0.00.0.00.07.0001,01KSCEF4GJ7FXYJ9V17DYB4Z48,67184464,2026,E-Katalog 6.0,APBD,ANDI ERNA,E-Purchasing,Barang,Belanja Makanan dan Minuman Rapat,ON PROCESS,1122500,1122500
KAB. WAJO,SEKRETARIAT DAERAH - 4.01.0.00.0.00.01.0000,01KPMR3YXDAGZNXY8Y6MMEKBW0,65287973,2026,E-Katalog 6.0,APBD,FITRIANI,E-Purchasing,Barang,Belanja Makanan dan Minuman Jamuan Tamu,ON PROCESS,11924730,11924730
KAB. WAJO,KECAMATAN PENRANG - 7.01.0.00.0.00.08.0000,01KKSTV77M6APQQ26FG86C28SD,66126947,2026,E-Katalog 6.0,APBD,ANDI AKHYAR SULAIMAN,E-Purchasing,Barang,Belanja Alat/Bahan untuk Kegiatan Kantor-Alat Tulis Kantor,ON PROCESS,1939500,1939500
KAB. WAJO,"SATUAN POLISI PAMONG PRAJA, PEMADAM KEBAKARAN DAN PENYELAMATAN - 1.05.0.00.0.00.01.0000",01KNH8BBSEDWXQ2FV9Y4SJW1RS,64064061,2026,E-Katalog 6.0,APBD,MEGAWATI,E-Purchasing,Barang,Belanja Makanan dan Minuman Aktivitas Lapangan,ON PROCESS,807000,807000
KAB. WAJO,DINAS KEPENDUDUKAN DAN PENCATATAN SIPIL - 2.12.0.00.0.00.01.0000,01KNJZQ7D7WXBNTRBGN5REYXFM,66539384,2026,E-Katalog 6.0,APBD,MUKHTAR,E-Purchasing,Barang,Belanja Pemeliharaan Komputer-Komputer Unit-Personal Computer,ON PROCESS,2625000,2625000
KAB. WAJO,"DINAS SOSIAL, PENGENDALIAN PENDUDUK, KELUARGA BERENCANA, PEMBERDAYAAN PEREMPUAN DAN PERLINDUNGAN ANAK - 1.06.2.08.2.14.06.0000",01KVW9DQ3HJEDWJDTBSAXMWJZA,66976118,2026,E-Katalog 6.0,APBD,TAMIYA NURUL WULANDA,E-Purchasing,Barang,Belanja Makanan dan Minuman Rapat,ON PROCESS,3438500,3438500
KAB. WAJO,RSUD LAMADDUKELLENG - 1.02.0.00.0.00.01.0001,01KPVPZS57VDCN6AP07J1YWH6Z,65300982,2026,E-Katalog 6.0,BLUD,KALBIO GLOBAL MEDIKA,E-Purchasing,Barang,Belanja Barang dan Jasa BLUD,ON PROCESS,42500235,0
KAB. WAJO,"DINAS PERINDUSTRIAN, PERDAGANGAN, KOPERASI, USAHA KECIL DAN MENENGAH - 2.17.3.30.3.31.01.0000",01KT8P9MDBS63P77AVP4NFXFCR,65730078,2026,E-Katalog 6.0,APBD,TAMIYA NURUL WULANDA,E-Purchasing,Barang,Belanja Makanan dan Minuman Rapat Pada Sub Kegiatan Pelaporan Pengelolaan Retribusi Daerah,ON PROCESS,1470000,1470000
KAB. WAJO,"BADAN PERENCANAAN PEMBANGUNAN, RISET DAN INOVASI DAERAH - 5.01.5.05.0.00.01.0000",01KQY0KWJXYGY3N6CPM21PT3F3,65658062,2026,E-Katalog 6.0,APBD,ANDI ERNA,E-Purchasing,Barang,Belanja Makanan dan Minuman Rapat,ON PROCESS,2570000,2570000
KAB. WAJO,"SATUAN POLISI PAMONG PRAJA, PEMADAM KEBAKARAN DAN PENYELAMATAN - 1.05.0.00.0.00.01.0000",01KP7X60TEJ76K9J9D66W1KZJK,64063528,2026,E-Katalog 6.0,APBD,EMERALD INDONESIA,E-Purchasing,Barang,Belanja Pakaian Dinas Upacara (PDU),ON PROCESS,3496500,3496500
KAB. WAJO,RSUD LAMADDUKELLENG - 1.02.0.00.0.00.01.0001,01KPQEF426GP0VJN68V9JQMPCG,65300982,2026,E-Katalog 6.0,BLUD,DUTA AFIAT,E-Purchasing,Barang,Belanja Barang dan Jasa BLUD,ON PROCESS,219047,219047
KAB. WAJO,DINAS PERTANIAN DAN KETAHANAN PANGAN - 2.09.3.27.0.00.02.0000,01KQ9J2XTG4HBFB5T605VZXNWV,66410779,2026,E-Katalog 6.0,APBD,REZKY JAYA ABADI,E-Purchasing,Barang,Belanja Suku Cadang-Suku Cadang Alat Kedokteran,ON PROCESS,19713600,19713600
KAB. WAJO,PUSKESMAS SAJOANGING - 1.02.0.00.0.00.01.0012,01KQ68N6B1RCYJMDD4YNW0NF1E,66620220,2026,E-Katalog 6.0,APBD,SALWA NABILAH IDRIS,E-Purchasing,Barang,Belanja Barang dan jasa BOK Puskesmas pada sub kegiatan Pengelolaan Pelayanan Kesehatan Ibu Hamil,ON PROCESS,358000,358000
KAB. WAJO,SEKRETARIAT DEWAN PERWAKILAN RAKYAT DAERAH - 4.02.0.00.0.00.01.0000,01KPMT9SEFK2ZXKVM5AHRG92EW,63930161,2026,E-Katalog 6.0,APBD,BUNGARATU MEGATAMA,E-Purchasing,Barang,Belanja Alat/Bahan untuk Kegiatan Kantor- Suvenir/Cendera Mata,ON PROCESS,915750,915750
KAB. WAJO,RSUD LAMADDUKELLENG - 1.02.0.00.0.00.01.0001,01KMQ4S1ARWSZMZ7N9W8J8MTK5,65300982,2026,E-Katalog 6.0,BLUD,DARYA-VARIA LABORATORIA,E-Purchasing,Barang,Belanja Barang dan Jasa BLUD,ON PROCESS,26719920,26719920
KAB. WAJO,KECAMATAN TAKKALALLA - 7.01.0.00.0.00.12.0000,01KHXCN6GXV4VKP7Z0SH1RNS68,65750076,2026,E-Katalog 6.0,APBD,MEGAWATI,E-Purchasing,Barang,Belanja Makanan dan Minuman Rapat,ON PROCESS,15000000,15000000
KAB. WAJO,"DINAS KOMUNIKASI, INFORMATIKA DAN STATISTIK - 2.16.2.20.2.21.02.0000",01KPAPMC294WH7JGD59MA0C8ZM,66801835,2026,E-Katalog 6.0,APBD,ANDI AKHYAR SULAIMAN,E-Purchasing,Barang,Belanja Alat/Bahan untuk Kegiatan Kantor-Alat Tulis Kantor - Pengelolaan Kegiatan Statistik Sektoral Dalam Sistem Statistik Nasional  ,ON PROCESS,788486,788486
KAB. WAJO,RSUD LAMADDUKELLENG - 1.02.0.00.0.00.01.0001,01KQAAJGYX2PSJ0JND9A0F58Z9,65300982,2026,E-Katalog 6.0,BLUD,AMAROX PHARMA GLOBAL,E-Purchasing,Barang,Belanja Barang dan Jasa BLUD,ON PROCESS,7381944,7381944
KAB. WAJO,SEKRETARIAT DEWAN PERWAKILAN RAKYAT DAERAH - 4.02.0.00.0.00.01.0000,01KS585ZA5QVTQ39A3QGZ3M70X,63930676,2026,E-Katalog 6.0,APBD,ANDI PARENRENGI,E-Purchasing,Barang,Belanja Makanan dan Minuman Rapat Fasilitasi Pelaks. Tugas Banmus,ON PROCESS,563500,563500
KAB. WAJO,SEKRETARIAT DEWAN PERWAKILAN RAKYAT DAERAH - 4.02.0.00.0.00.01.0000,01KWKWQASB3J5648AZRJ11RR3Z,63930999,2026,E-Katalog 6.0,APBD,MUSTAFA HI. BANDUNG,E-Purchasing,Barang,Belanja Makanan dan Minuman Rapat sub Kegiatan Pengawasan Urusan Pemerintahan Bidang Perekonomian,ON PROCESS,238500,238500
KAB. WAJO,SEKRETARIAT DAERAH - 4.01.0.00.0.00.01.0000,01KNNTNDBD7A6101GBGYQC887C,65287976,2026,E-Katalog 6.0,APBD,TENRI MAWAR,E-Purchasing,Barang,Belanja Sewa Kendaraan Bermotor Khusus,ON PROCESS,9000000,9000000
KAB. WAJO,DINAS KESEHATAN - 1.02.0.00.0.00.01.0000,01KNRRRKZ9HT2NG2KQ6FFAZ7H5,66767962,2026,E-Katalog 6.0,APBD,ARSYAD M,E-Purchasing,Barang,Belanja Alat/Bahan untuk Kegiatan Kantor-Alat Tulis Kantor pada sub kegiatan Koordinasi dan Penyusunan DPA-SKPD,ON PROCESS,542900,542900
KAB. WAJO,RSUD LAMADDUKELLENG - 1.02.0.00.0.00.01.0001,01KKKFMWZX149VFAC7TPA8R710,65300982,2026,E-Katalog 6.0,BLUD,TRIMEDIK SURYA SELARAS,E-Purchasing,Barang,Belanja Barang dan Jasa BLUD,ON PROCESS,370000000,0
KAB. WAJO,DINAS PENANAMAN MODAL DAN PELAYANAN TERPADU SATU PINTU - 2.18.0.00.0.00.01.0000,01KVAD65F0WDME259B7K8215EF,65002435,2026,E-Katalog 6.0,APBD,ANDI AKHYAR SULAIMAN,E-Purchasing,Barang,Belanja Alat/Bahan untuk Kegiatan Kantor- Bahan Cetak,ON PROCESS,50000,50000
KAB. WAJO,PUSKESMAS SABBANGPARU - 1.02.0.00.0.00.01.0003,01KQ8P1ZSDTGDPEXGYDMBCB4DS,66481720,2026,E-Katalog 6.0,APBD,FAIZAL,E-Purchasing,Barang,Belanja Barang dan Jasa BLUD,ON PROCESS,6977873,6977873
KAB. WAJO,DINAS KESEHATAN - 1.02.0.00.0.00.01.0000,01KR4X6RTXMPGNRD4VRNZ2STXB,66529119,2026,E-Katalog 6.0,APBD,SAHAJA ATMA ADIPATI,E-Purchasing,Jasa Lainnya,Belanja Jasa yang Diberikan kepada Pihak Ketiga/Pihak Lain,ON PROCESS,4800000,4800000
KAB. WAJO,PUSKESMAS BELAWA - 1.02.0.00.0.00.01.0025,01KPZE5VVE2XAT2YNFMB7NTQ1V,66598483,2026,E-Katalog 6.0,APBD,HEXPHARM JAYA LABORATORIES,E-Purchasing,Barang,Belanja Barang dan Jasa BLUD,ON PROCESS,2239980,2239980
KAB. WAJO,PUSKESMAS PAMMANA - 1.02.0.00.0.00.01.0009,01KW8NKFFNG9V0CNSYWK6N5EJG,66005241,2026,E-Katalog 6.0,APBD,MUHAMMAD ZULKARNAIN,E-Purchasing,Barang,Nasi Kotak,ON PROCESS,119600,119600
KAB. WAJO,RSUD LAMADDUKELLENG - 1.02.0.00.0.00.01.0001,01KQA91J35SR7PK66R9P4CRVNY,65300982,2026,E-Katalog 6.0,BLUD,DEXA MEDICA,E-Purchasing,Barang,Belanja Barang dan Jasa BLUD,ON PROCESS,15238080,15238080
KAB. WAJO,BADAN PENGELOLAAN KEUANGAN DAN PENDAPATAN DAERAH - 5.02.0.00.0.00.01.0000,01KJPB6TR5PSVPC7QGM7QC5TNE,63372209,2026,E-Katalog 6.0,APBD,AQILAHDAFFA,E-Purchasing,Barang,Belanja Alat/Bahan untuk Kegiatan Kantor-Alat Listrik,ON PROCESS,10061000,10061000
KAB. WAJO,BADAN PENGELOLAAN KEUANGAN DAN PENDAPATAN DAERAH - 5.02.0.00.0.00.01.0000,01KQR4WV7M516CWM7HTBVXXXR1,63464855,2026,E-Katalog 6.0,APBD,ASTI WAHYUNI,E-Purchasing,Barang,Belanja Makanan dan Minuman Rapat,ON PROCESS,634800,634800
KAB. WAJO,SEKRETARIAT DAERAH - 4.01.0.00.0.00.01.0000,01KRFYM4MB56ACXX08BVE6XAN2,63636068,2026,E-Katalog 6.0,APBD,ANDI ERNA,E-Purchasing,Barang,Belanja Natura dan Pakan-Natura,ON PROCESS,190800,190800
KAB. WAJO,RSUD LAMADDUKELLENG - 1.02.0.00.0.00.01.0001,01KT8PEDEDA38MYGBY64N2TARK,65300982,2026,E-Katalog 6.0,BLUD,SAFELOCK MEDICAL,E-Purchasing,Barang,Belanja Barang dan Jasa BLUD,ON PROCESS,17109062,17109062
KAB. WAJO,"DINAS SOSIAL, PENGENDALIAN PENDUDUK, KELUARGA BERENCANA, PEMBERDAYAAN PEREMPUAN DAN PERLINDUNGAN ANAK - 1.06.2.08.2.14.06.0000",01KVWB11M7J8E412V5X437ETEF,67025325,2026,E-Katalog 6.0,APBD,AMRAN SURYADI,E-Purchasing,Jasa Lainnya,Belanja Alat/Bahan untuk Kegiatan Kantor- Bahan Cetak,ON PROCESS,488400,488400
KAB. WAJO,"DINAS KOMUNIKASI, INFORMATIKA DAN STATISTIK - 2.16.2.20.2.21.02.0000",01KNGWWBVDAX6T4YNZBQ7GBM7T,65584403,2026,E-Katalog 6.0,APBD,OPTIMUS TEKNOLOGI PRO,E-Purchasing,Barang,Belanja Modal Peralatan Komputer Lainnya - Pengadaan Peralatan dan Mesin Lainnya ,ON PROCESS,99999900,0
KAB. WAJO,PUSKESMAS TAKKALALLA - 1.02.0.00.0.00.01.0011,01KT67Q0FG952TK3MZDM4T83FZ,66077022,2026,E-Katalog 6.0,APBD,SITTI AISYAH,E-Purchasing,Barang,Belanja Barang dan Jasa BLUD,ON PROCESS,1074000,1074000
KAB. WAJO,SEKRETARIAT DAERAH - 4.01.0.00.0.00.01.0000,01KVD4N25F1V2QG4AY82SVWZSS,63636068,2026,E-Katalog 6.0,APBD,ANDI ERNA,E-Purchasing,Barang,Belanja Natura dan Pakan-Natura,ON PROCESS,286200,286200
KAB. WAJO,DINAS KESEHATAN - 1.02.0.00.0.00.01.0000,01KQC9RNKN1VVMPGSET6WZSW1A,66529119,2026,E-Katalog 6.0,APBD,SAHAJA ATMA ADIPATI,E-Purchasing,Jasa Lainnya,Belanja Jasa yang Diberikan kepada Pihak Ketiga/Pihak Lain,ON PROCESS,2400000,2400000
KAB. WAJO,PUSKESMAS TEMPE - 1.02.0.00.0.00.01.0006,01KTRESQ2BQ3KSTV6PX1CF29GT,65899120,2026,E-Katalog 6.0,APBD,ANDI JUNENNI,E-Purchasing,Barang,Belanja Barang dan Jasa BLUD,ON PROCESS,382400,382400
KAB. WAJO,"DINAS KOMUNIKASI, INFORMATIKA DAN STATISTIK - 2.16.2.20.2.21.02.0000",01KNNQ2ZZVGANXYA5ZABQCMDQM,65718399,2026,E-Katalog 6.0,APBD,FERDIANSYAH,E-Purchasing,Jasa Lainnya,Belanja Jasa Tenaga Ahli - Penyusunan Konten,ON PROCESS,8000000,8000000
KAB. WAJO,SEKRETARIAT DEWAN PERWAKILAN RAKYAT DAERAH - 4.02.0.00.0.00.01.0000,01KG1E2NRDRZZF8EPE3157PJGF,63930676,2026,E-Katalog 6.0,APBD,ANDI PARENRENGI,E-Purchasing,Barang,Belanja Makanan dan Minuman Rapat Fasilitasi Pelaks. Tugas Banmus,ON PROCESS,563500,563500
KAB. WAJO,SEKRETARIAT DAERAH - 4.01.0.00.0.00.01.0000,01KGPM98RY5PFSMR85H54T1H4S,63636744,2026,E-Katalog 6.0,APBD,ANDI NIRWANA,E-Purchasing,Barang,Belanja Natura dan Pakan-Natura,ON PROCESS,14025000,14025000
KAB. WAJO,PUSKESMAS KEERA - 1.02.0.00.0.00.01.0020,01KS7Z4H1VTQ0X8M3D3CFRG543,66089711,2026,E-Katalog 6.0,APBD,AKIS SUWARDI AS,E-Purchasing,Barang,Belanja Barang dan Jasa BLUD,ON PROCESS,7160000,7160000
KAB. WAJO,PUSKESMAS BELAWA - 1.02.0.00.0.00.01.0025,01KVQ3Y5A7K13R7GWH21Z291EB,66750913,2026,E-Katalog 6.0,APBD,MASDAWATI,E-Purchasing,Barang,Belanja Barang dan Jasa BOK Puskesmas pada sub kegiatan Pengelolaan Pelayanan Kesehatan Ibu Hamil,ON PROCESS,195000,195000
KAB. WAJO,PUSKESMAS PENRANG - 1.02.0.00.0.00.01.0014,01KWBFXNRT8FZ394NTDPN27RW9,66069389,2026,E-Katalog 6.0,APBD,ANDI JUNENNI,E-Purchasing,Barang,Belanja Barang dan Jasa BLUD,ON PROCESS,478000,478000
KAB. WAJO,DINAS PERUMAHAN DAN KAWASAN PERMUKIMAN - 1.04.0.00.0.00.01.0000,01KV58TT6DH7C91D4YG3B5R40V,67264052,2026,E-Katalog 6.0,APBD,ANDI AKHYAR SULAIMAN,E-Purchasing,Barang,Belanja Alat Tulis Kantor pada Kegiatan Pengelolaan Kelembagaan dan analisis Jabatan (ANJAB),ON PROCESS,102500,102500
KAB. WAJO,PUSKESMAS LEMPA - 1.02.0.00.0.00.01.0004,01KS29M333Z743PTDXWND0X0G2,66580310,2026,E-Katalog 6.0,APBD,MUHAMMAD ZULKARNAIN,E-Purchasing,Barang,Nasi Kotak pada Sub Kegiatan Pengelolaan Pelayanan Kesehatan Gizi Masyarakat,ON PROCESS,1816400,1816400
KAB. WAJO,DINAS PENDIDIKAN DAN KEBUDAYAAN - 1.01.2.22.0.00.02.0000,01KQ9F4MB3HFYC7A7MCXMRA58M,63030123,2026,E-Katalog 6.0,APBD,AQILAHDAFFA,E-Purchasing,Barang,Belanja Alat/Bahan untuk Kegiatan Kantor-Alat Tulis Kantor,ON PROCESS,2969110,2969110
KAB. WAJO,"DINAS SOSIAL, PENGENDALIAN PENDUDUK, KELUARGA BERENCANA, PEMBERDAYAAN PEREMPUAN DAN PERLINDUNGAN ANAK - 1.06.2.08.2.14.06.0000",01KRX075YY8D3N0AS26EAZ9YQR,66976118,2026,E-Katalog 6.0,APBD,TAMIYA NURUL WULANDA,E-Purchasing,Barang,Belanja Makanan dan Minuman Rapat,ON PROCESS,3438500,3438500
KAB. WAJO,SEKRETARIAT DAERAH - 4.01.0.00.0.00.01.0000,01KR3DKMXSMC9N3DVVS2Y1CZ9P,65287977,2026,E-Katalog 6.0,APBD,MEDIA SIPADUPA PROMOSINDO,E-Purchasing,Barang,Belanja Sewa Alat Kantor Lainnya,ON PROCESS,6270000,6270000
KAB. WAJO,DINAS KESEHATAN - 1.02.0.00.0.00.01.0000,01KV9GVR01J4V7R3ZGXTW1YXT5,66775698,2026,E-Katalog 6.0,APBD,ARSYAD M,E-Purchasing,Barang,Belanja Alat/Bahan untuk Kegiatan Kantor-Alat Tulis Kantor pada sub kegiatan Pengelolaan Pelayanan Kesehatan Balita,ON PROCESS,472490,472490
KAB. WAJO,SEKRETARIAT DAERAH - 4.01.0.00.0.00.01.0000,01KPDEG08FRXB3HE3W9XR4H432,65287973,2026,E-Katalog 6.0,APBD,FITRIANI,E-Purchasing,Barang,Belanja Makanan dan Minuman Jamuan Tamu,ON PROCESS,23900000,23900000
KAB. WAJO,PUSKESMAS TANASITOLO - 1.02.0.00.0.00.01.0017,01KP85NHP8Q4AHY1YY0C1WPSH0,66682556,2026,E-Katalog 6.0,APBD,MUHAMMAD ZULKARNAIN,E-Purchasing,Barang,Belanja Barang dan Jasa  BOK Puskesmas Pada Sub Kegiatan Pengelolaan Pelayanan Kesehatan Ibu Hamil,ON PROCESS,300000,300000
KAB. WAJO,"SATUAN POLISI PAMONG PRAJA, PEMADAM KEBAKARAN DAN PENYELAMATAN - 1.05.0.00.0.00.01.0000",01KGHSMY12M0YZAZZQVRGH71XG,64064061,2026,E-Katalog 6.0,APBD,DARNAWATI,E-Purchasing,Barang,Belanja Makanan dan Minuman Aktivitas Lapangan,ON PROCESS,430400,430400
KAB. WAJO,BADAN PENGELOLAAN KEUANGAN DAN PENDAPATAN DAERAH - 5.02.0.00.0.00.01.0000,01KWDK6YHF6XMSQNFDHV5J43DW,63994255,2026,E-Katalog 6.0,APBD,ANDI AKHYAR SULAIMAN,E-Purchasing,Barang,Belanja Alat/Bahan untuk Kegiatan Kantor-Alat Tulis Kantor,ON PROCESS,3529000,3529000
KAB. WAJO,"DINAS KOMUNIKASI, INFORMATIKA DAN STATISTIK - 2.16.2.20.2.21.02.0000",01KJEHZZQFGT96BNZ5SCZAPKHZ,65606990,2026,E-Katalog 6.0,APBD,MEDIA BAKRI CENTRE,E-Purchasing,Barang,Belanja Kawat/Faksimili/Internet/TV Berlangganan - Relasi Media ,ON PROCESS,2124984,2124984
KAB. WAJO,RSUD LAMADDUKELLENG - 1.02.0.00.0.00.01.0001,01KJ6W3KX48PH20TB58A4NNF4X,65300982,2026,E-Katalog 6.0,BLUD,TIVAN BERKAT MULIA,E-Purchasing,Barang,Belanja Barang dan Jasa BLUD,ON PROCESS,25530000,0
KAB. WAJO,DINAS KESEHATAN - 1.02.0.00.0.00.01.0000,01KQ655VBYR808M90Q3FMG5SAY,66827323,2026,E-Katalog 6.0,APBD,PHAPROS,E-Purchasing,Barang,"Belanja Obat-Obatan-Obat pada sub kegiatan Pengadaan Obat, Bahan Habis Pakai, Bahan Medis Habis Pakai,, Vaksin, Makanan dan Minuman di Fasilitas Kesehatan",ON PROCESS,3548448,3548448
KAB. WAJO,PUSKESMAS LIU - 1.02.0.00.0.00.01.0005,01KWDGKGG778QSG75ZRCFANCCG,66777050,2026,E-Katalog 6.0,APBD,ASTI WAHYUNI,E-Purchasing,Barang,Nasi Kotak pada Sub Kegiatan Pengelolaan Pelayanan Kesehatan Gizi Masyarakat,ON PROCESS,299000,299000
KAB. WAJO,BADAN KESATUAN BANGSA DAN POLITIK - 8.01.0.00.0.00.01.0000,01KS1GAE4S07HJ37ZY63ZJTBW1,63062268,2026,E-Katalog 6.0,APBD,ANDI ERNA,E-Purchasing,Barang,Belanja Makanan dan Minuman Rapat,ON PROCESS,5356800,5356800
KAB. WAJO,PUSKESMAS WEWANGREWU - 1.02.0.00.0.00.01.0018,01KTTS6XR9XNZFFGZWXSYBX612,66731115,2026,E-Katalog 6.0,APBD,MUHAMMAD RESKY,E-Purchasing,Barang,Belanja Barang dan Jasa BLUD,ON PROCESS,430200,430200
KAB. WAJO,RSUD LAMADDUKELLENG - 1.02.0.00.0.00.01.0001,01KR0QNT3KG77ZWBNPBH05BY08,65300982,2026,E-Katalog 6.0,BLUD,GUNAWAN TJANDRA,E-Purchasing,Barang,Belanja Barang dan Jasa BLUD,ON PROCESS,12499999,12499999
KAB. WAJO,KELURAHAN WATALLIPUE - 7.01.0.00.0.00.14.0007,01KVF7PD9E72JQ6PPT3ATNJPNF,67123055,2026,E-Katalog 6.0,APBD,ANANCI,E-Purchasing,Barang,Belanja Alat/Bahan untuk Kegiatan Kantor-Alat Tulis Kantor,ON PROCESS,6452289,6452289
KAB. WAJO,PUSKESMAS BELAWA - 1.02.0.00.0.00.01.0025,01KVQ44QPSYS2XYNM7HZ4S42BQ,66750913,2026,E-Katalog 6.0,APBD,MASDAWATI,E-Purchasing,Barang,Belanja Barang dan Jasa BOK Puskesmas pada sub kegiatan Pengelolaan Pelayanan Kesehatan Ibu Hamil,ON PROCESS,195000,195000
KAB. WAJO,"DINAS PERINDUSTRIAN, PERDAGANGAN, KOPERASI, USAHA KECIL DAN MENENGAH - 2.17.3.30.3.31.01.0000",01KTND1G2M4D6T7A44VQ2HZ0YG,65732566,2026,E-Katalog 6.0,APBD,"ANDI DILAYANTI, S.E.",E-Purchasing,Barang,Belanja Alat/Bahan untuk Kegiatan Kantor-Benda Pos Pada Sub Kegiatan Penyediaan Jasa Surat Menyurat,ON PROCESS,1644029,1644029
KAB. WAJO,"SATUAN POLISI PAMONG PRAJA, PEMADAM KEBAKARAN DAN PENYELAMATAN - 1.05.0.00.0.00.01.0000",01KNVNSHZ2F9JJMV736SPZS1Q0,64064061,2026,E-Katalog 6.0,APBD,MEGAWATI,E-Purchasing,Barang,Belanja Makanan dan Minuman Aktivitas Lapangan,ON PROCESS,403500,403500
KAB. WAJO,SEKRETARIAT DEWAN PERWAKILAN RAKYAT DAERAH - 4.02.0.00.0.00.01.0000,01KG4J1ZF7ATZ2AEMK1BGRN1WK,63931773,2026,E-Katalog 6.0,APBD,SURIANI,E-Purchasing,Barang,Belanja Makanan dan Minuman Rapat Pelaksanaan Reses,ON PROCESS,6900000,6900000
KAB. WAJO,PUSKESMAS MANIANGPAJO - 1.02.0.00.0.00.01.0021,01KNGM05NJYXKSBRTGZCZC1FFM,66071513,2026,E-Katalog 6.0,APBD,MASDAWATI,E-Purchasing,Barang,Belanja Barang dan Jasa BOK Puskesmas Pada Sub Kegiatan Pengelolaan Pelayanan Kesehatan Ibu Hamil,ON PROCESS,150000,150000
KAB. WAJO,"SATUAN POLISI PAMONG PRAJA, PEMADAM KEBAKARAN DAN PENYELAMATAN - 1.05.0.00.0.00.01.0000",01KT5K4MWBWM4XT8N45WRSN9RQ,64200533,2026,E-Katalog 6.0,APBD,FAJRIN,E-Purchasing,Barang,Belanja Makanan dan Minuman Rapat,ON PROCESS,645600,645600
KAB. WAJO,RSUD LAMADDUKELLENG - 1.02.0.00.0.00.01.0001,01KJ2QEEW8G3XXN1G761E4HZNS,65300982,2026,E-Katalog 6.0,BLUD,PRATAPA NIRMALA,E-Purchasing,Barang,Belanja Barang dan Jasa BLUD,ON PROCESS,14905813,14905813
KAB. WAJO,DINAS PENDIDIKAN DAN KEBUDAYAAN - 1.01.2.22.0.00.02.0000,01KPVRSPVFQZRQAZQDCGFSKD06,63029878,2026,E-Katalog 6.0,APBD,AQILAHDAFFA,E-Purchasing,Barang,Belanja Alat/Bahan untuk Kegiatan Kantor- Bahan Cetak,ON PROCESS,900000,900000
KAB. WAJO,DINAS PERTANIAN DAN KETAHANAN PANGAN - 2.09.3.27.0.00.02.0000,01KSRYK8GGBFJ20ZQGHPS90V3V,66410787,2026,E-Katalog 6.0,APBD,GUNAWAN TJANDRA,E-Purchasing,Barang,Belanja Modal Lemari dan Arsip Pejabat,ON PROCESS,4400000,4400000
KAB. WAJO,"SATUAN POLISI PAMONG PRAJA, PEMADAM KEBAKARAN DAN PENYELAMATAN - 1.05.0.00.0.00.01.0000",01KGHS9MHN2N6VWVAV6FDC86H1,64064061,2026,E-Katalog 6.0,APBD,DARNAWATI,E-Purchasing,Barang,Belanja Makanan dan Minuman Aktivitas Lapangan,ON PROCESS,1264300,1264300
KAB. WAJO,BADAN PENANGGGULANGAN BENCANA DAERAH - 1.05.0.00.0.00.04.0000,01KR0M41K1QZGZR07STP3HP4TW,66843259,2026,E-Katalog 6.0,APBD,ANDI NIRWANA,E-Purchasing,Barang,Belanja Makanan dan Minuman Rapat,ON PROCESS,1852100,1852100
KAB. WAJO,SEKRETARIAT DAERAH - 4.01.0.00.0.00.01.0000,01KK0X366RA3K99RZ8PP58YX6Y,65287982,2026,E-Katalog 6.0,APBD,ANDI AKHYAR SULAIMAN,E-Purchasing,Barang,Belanja Alat/Bahan untuk Kegiatan Kantor-Alat Tulis Kantor,ON PROCESS,4258000,4258000
KAB. WAJO,SEKRETARIAT DEWAN PERWAKILAN RAKYAT DAERAH - 4.02.0.00.0.00.01.0000,01KT3VKDW719D669ZB3HXPHMNN,63932421,2026,E-Katalog 6.0,APBD,FITRI RAHMADHANI,E-Purchasing,Barang,Belanja Makanan dan Minuman Rapat_Pembahasan_RANPERDA,ON PROCESS,644000,644000
KAB. WAJO,SEKRETARIAT DAERAH - 4.01.0.00.0.00.01.0000,01KTRE13Q84HPV3W83DD6S03CA,63636068,2026,E-Katalog 6.0,APBD,ANDI ERNA,E-Purchasing,Barang,Belanja Natura dan Pakan-Natura,ON PROCESS,3480000,3480000
KAB. WAJO,"DINAS KOMUNIKASI, INFORMATIKA DAN STATISTIK - 2.16.2.20.2.21.02.0000",01KJS5XVM0X0XDT2PS6WJMZF43,65606990,2026,E-Katalog 6.0,APBD,SHERINA RESKY MULTIMEDIA,E-Purchasing,Barang,Belanja Kawat/Faksimili/Internet/TV Berlangganan - Relasi Media ,ON PROCESS,2099965,2099965
KAB. WAJO,RSUD SIWA - 1.02.0.00.0.00.01.0002,01KQ70ZQ23DSJ4ZA4S12P2NEKC,66883851,2026,E-Katalog 6.0,BLUD,MEDEQ MANDIRI UTAMA,E-Purchasing,Barang,Belanja Barang dan Jasa BLUD,ON PROCESS,2220000,0
KAB. WAJO,BADAN KESATUAN BANGSA DAN POLITIK - 8.01.0.00.0.00.01.0000,01KS1HW668APZZEAXV4YMRMSG3,63062318,2026,E-Katalog 6.0,APBD,ANDI ERNA,E-Purchasing,Barang,Belanja Makanan dan Minuman Aktivitas Lapangan,ON PROCESS,2832000,2832000
KAB. WAJO,PUSKESMAS TOSORA - 1.02.0.00.0.00.01.0016,01KNH9EXN9K5B4YDH1QH6FBX1V,66114293,2026,E-Katalog 6.0,APBD,ASTI WAHYUNI,E-Purchasing,Barang,Belanja Barang dan Jasa BLUD,ON PROCESS,976500,976500
KAB. WAJO,KECAMATAN PAMMANA - 7.01.0.00.0.00.07.0000,01KPMZR74ZVFMFTDXTEE7YNP0W,65752056,2026,E-Katalog 6.0,APBD,ANDI ERNA,E-Purchasing,Barang,Belanja Barang Pakai Habis,ON PROCESS,155198,155198
KAB. WAJO,BADAN PENGELOLAAN KEUANGAN DAN PENDAPATAN DAERAH - 5.02.0.00.0.00.01.0000,01KFX09AW3AHCR2HXBY37K81VX,63991975,2026,E-Katalog 6.0,APBD,ASTI WAHYUNI,E-Purchasing,Barang,Belanja Makanan dan Minuman Rapat,ON PROCESS,525000,525000
KAB. WAJO,PUSKESMAS MANIANGPAJO - 1.02.0.00.0.00.01.0021,01KTJYYDHFV23CKKAH9PCNDZW4,66071513,2026,E-Katalog 6.0,APBD,MASDAWATI,E-Purchasing,Barang,Belanja Barang dan Jasa BOK Puskesmas Pada Sub Kegiatan Pengelolaan Pelayanan Kesehatan Ibu Hamil,ON PROCESS,150000,150000
KAB. WAJO,DINAS LINGKUNGAN HIDUP - 2.11.0.00.0.00.01.0000,01KPMRXVPP77ZZ0E0MFS49EGE2,65662627,2026,E-Katalog 6.0,APBD,AQILAHDAFFA,E-Purchasing,Barang,Belanja Alat/Bahan Untuk Kegiatan Kantor - Bahan Cetak ,ON PROCESS,709000,709000
KAB. WAJO,SEKRETARIAT DAERAH - 4.01.0.00.0.00.01.0000,01KPZBK1HS38D8WMBBAEAHRWTD,66824366,2026,E-Katalog 6.0,APBD,ANDI AKHYAR SULAIMAN,E-Purchasing,Barang,Belanja Alat/Bahan untuk Kegiatan Kantor-Alat Tulis Kantor,ON PROCESS,991000,991000
KAB. WAJO,PUSKESMAS SABBANGPARU - 1.02.0.00.0.00.01.0003,01KMPMZX090C5HQ6MWCD8KBGW4,66481720,2026,E-Katalog 6.0,APBD,ASTI WAHYUNI,E-Purchasing,Barang,Belanja Barang dan Jasa BLUD,ON PROCESS,390000,390000
KAB. WAJO,RSUD LAMADDUKELLENG - 1.02.0.00.0.00.01.0001,01KT638GBF8DS3K5DVGX8RB4M0,65300982,2026,E-Katalog 6.0,BLUD,ANDI WAHYUDI WIJAYANTO,E-Purchasing,Barang,Belanja Barang dan Jasa BLUD,ON PROCESS,16294000,16294000
KAB. WAJO,DINAS PENANAMAN MODAL DAN PELAYANAN TERPADU SATU PINTU - 2.18.0.00.0.00.01.0000,01KNVK8MZ72QNVGAKNSZQRBGVX,65002928,2026,E-Katalog 6.0,APBD,SYAMSU ALAM,E-Purchasing,Barang,Belanja Alat/Bahan untuk Kegiatan Kantor-Alat/Bahan untuk Kegiatan Kantor Lainnya,ON PROCESS,4825000,4825000
KAB. WAJO,DINAS KESEHATAN - 1.02.0.00.0.00.01.0000,01KNK9P5G6R0D8DF5BKTM6E3JC,66827275,2026,E-Katalog 6.0,APBD,ASTI WAHYUNI,E-Purchasing,Barang,Belanja Makanan dan Minuman Rapat pada sub kegiatan Pemeriksaan Post Market pada Produk Makanan-Minuman Industri Rumah Tangga yang Beredar dan Pengawasan serta Tindak Lanjut Pengawasan,ON PROCESS,859200,859200
KAB. WAJO,SEKRETARIAT DAERAH - 4.01.0.00.0.00.01.0000,01KNR0NMABSC9Y4R97SETA7T2T,63590760,2026,E-Katalog 6.0,APBD,BUNGARATU MEGATAMA,E-Purchasing,Barang,Belanja Alat/Bahan untuk Kegiatan Kantor- Suvenir/Cendera Mata,ON PROCESS,1554000,1554000
KAB. WAJO,SEKRETARIAT DEWAN PERWAKILAN RAKYAT DAERAH - 4.02.0.00.0.00.01.0000,01KNKD0KBNHWRXNTFJH9SHBXJX,63930035,2026,E-Katalog 6.0,APBD,ANDI PARENRENGI,E-Purchasing,Barang,Belanja Makanan dan Minuman Jamuan Tamu,ON PROCESS,895000,895000
KAB. WAJO,PUSKESMAS PATTIROSOMPE - 1.02.0.00.0.00.01.0007,01KS1GWEHGKM6KTC792G6EEF9C,66629961,2026,E-Katalog 6.0,APBD,ANDI AZIS ASHAR,E-Purchasing,Barang,Sub Kegiatan Pengelolaan Pelayanan Kesehatan Ibu Hamil,ON PROCESS,268500,268500
KAB. WAJO,SEKRETARIAT DEWAN PERWAKILAN RAKYAT DAERAH - 4.02.0.00.0.00.01.0000,01KKK0Z70KYB4FBK8QNFQCNJZ1,63928678,2026,E-Katalog 6.0,APBD,ANDI PARENRENGI,E-Purchasing,Barang,Belanja Makanan dan Minuman Jamuan Tamu Penyediaan Kebutuhan Rumah Tangga,ON PROCESS,11935000,11935000
KAB. WAJO,DINAS PERUMAHAN DAN KAWASAN PERMUKIMAN - 1.04.0.00.0.00.01.0000,01KVQ2DS0KSGRBQTAWGPY2HXWJ,67339334,2026,E-Katalog 6.0,APBD,ANDI AKHYAR SULAIMAN,E-Purchasing,Barang,Belanja Bahan Cetak pada Kegiatan Penyediaan Barang Cetakan dan Penggandaan,ON PROCESS,1001000,1001000
KAB. WAJO,"DINAS KOMUNIKASI, INFORMATIKA DAN STATISTIK - 2.16.2.20.2.21.02.0000",01KNNM5NRAJZ21W4KEVMQFAJS1,65606989,2026,E-Katalog 6.0,APBD,MEDIA PERTIWI INDONESIA,E-Purchasing,Barang,Belanja Langganan Jurnal/Surat Kabar/Majalah - Relasi Media ,ON PROCESS,5000000,5000000
KAB. WAJO,"DINAS KOMUNIKASI, INFORMATIKA DAN STATISTIK - 2.16.2.20.2.21.02.0000",01KVWM4R5KW6CSW6TV75YGFYBN,65606990,2026,E-Katalog 6.0,APBD,SHERINA RESKY MEDIA UTAMA,E-Purchasing,Barang,Belanja Kawat/Faksimili/Internet/TV Berlangganan - Relasi Media ,ON PROCESS,6993000,6993000
KAB. WAJO,PUSKESMAS TEMPE - 1.02.0.00.0.00.01.0006,01KTKHEAPC1J8K00M3PM2DW9AH,65899120,2026,E-Katalog 6.0,APBD,ANDI JUNENNI,E-Purchasing,Barang,Belanja Barang dan Jasa BLUD,ON PROCESS,382400,382400
KAB. WAJO,PUSKESMAS SAJOANGING - 1.02.0.00.0.00.01.0012,01KR2P08056N1GYS9V7AR6KFNV,66621011,2026,E-Katalog 6.0,APBD,SALWA NABILAH IDRIS,E-Purchasing,Barang,Belanja barang dan Jasa BOK Puskesmas pada sub kegiatan Bimbingan Teknis dan Supervisi Pengembangan dan Pelaksanaan Upaya Kesehatan Bersumber Daya Masyarakat (UKBM),ON PROCESS,149500,149500
KAB. WAJO,RSUD LAMADDUKELLENG - 1.02.0.00.0.00.01.0001,01KT8SEMDH9NHQ173MJ20ZTRHN,65300982,2026,E-Katalog 6.0,BLUD,ESSITY HYGIENE AND HEALTH INDONESIA,E-Purchasing,Barang,Belanja Barang dan Jasa BLUD,ON PROCESS,6385053,0
KAB. WAJO,SEKRETARIAT DAERAH - 4.01.0.00.0.00.01.0000,01KSF8V5QBFDMHSGRGR2W97CER,65287972,2026,E-Katalog 6.0,APBD,FITRIANI,E-Purchasing,Barang,Belanja Makanan dan Minuman Rapat,ON PROCESS,3944000,3944000
KAB. WAJO,"DINAS KOMUNIKASI, INFORMATIKA DAN STATISTIK - 2.16.2.20.2.21.02.0000",01KNNPW1ATTDCYV0QQACAB6FX2,65718399,2026,E-Katalog 6.0,APBD,WIDYASTUTI,E-Purchasing,Jasa Lainnya,Belanja Jasa Tenaga Ahli - Penyusunan Konten,ON PROCESS,4000000,4000000
KAB. WAJO,RSUD SIWA - 1.02.0.00.0.00.01.0002,01KR33X5Z6MMS43VM07N2MJYVX,66883851,2026,E-Katalog 6.0,BLUD,PERUSAHAAN PERSEROAN (PERSERO) PT KIMIA FARMA,E-Purchasing,Barang,Belanja Barang dan Jasa BLUD,ON PROCESS,6904200,6904200
KAB. WAJO,RSUD SIWA - 1.02.0.00.0.00.01.0002,01KRAVRHZP27Z1ZMBA63281XM4,66883851,2026,E-Katalog 6.0,BLUD,KALVENTIS SINERGI FARMA,E-Purchasing,Barang,Belanja Barang dan Jasa BLUD,ON PROCESS,4449990,0
KAB. WAJO,SEKRETARIAT DAERAH - 4.01.0.00.0.00.01.0000,01KSF6HMXKC0GJ6AHM31JS4YDY,63636068,2026,E-Katalog 6.0,APBD,ANDI ERNA,E-Purchasing,Barang,Belanja Natura dan Pakan-Natura,ON PROCESS,95250000,95250000
KAB. WAJO,SEKRETARIAT DAERAH - 4.01.0.00.0.00.01.0000,01KTR3507S0AWY8N98EXCP60AP,65287977,2026,E-Katalog 6.0,APBD,MEDIA SIPADUPA PROMOSINDO,E-Purchasing,Barang,Belanja Sewa Alat Kantor Lainnya,ON PROCESS,8250000,8250000
KAB. WAJO,PUSKESMAS LIU - 1.02.0.00.0.00.01.0005,01KWDGE7Z30AGXTFTPENDP0TG7,66777050,2026,E-Katalog 6.0,APBD,ASTI WAHYUNI,E-Purchasing,Barang,Nasi Kotak pada Sub Kegiatan Pengelolaan Pelayanan Kesehatan Gizi Masyarakat,ON PROCESS,299000,299000
KAB. WAJO,RSUD LAMADDUKELLENG - 1.02.0.00.0.00.01.0001,01KH2Y0THV20CCMHAJ2PCH45J1,65300982,2026,E-Katalog 6.0,BLUD,JAYAMAS MEDICA INDUSTRI,E-Purchasing,Barang,Belanja Barang dan Jasa BLUD,ON PROCESS,1298201,1298201
KAB. WAJO,PUSKESMAS TOSORA - 1.02.0.00.0.00.01.0016,01KTK0BGZQF6E3R0ZDWKA81WK8,66096340,2026,E-Katalog 6.0,APBD,ASTI WAHYUNI,E-Purchasing,Barang,"Belanja Barang dan Jasa BOK Puskesmas pada sub kegiatan Peningkatan Upaya Promosi Kesehatan, Advokasi, Kemitraan dan Pemberdayaan Masyarakat",ON PROCESS,758100,758100
KAB. WAJO,DINAS LINGKUNGAN HIDUP - 2.11.0.00.0.00.01.0000,01KNKASKWAP7QHGP1GGRD3K91G,66650344,2026,E-Katalog 6.0,APBD,MARIO CEMERLANG PERKASA,E-Purchasing,Pekerjaan Konstruksi,Belanja bahan bangunan konstruksi (tanah timbunan),ON PROCESS,196080390,196080390
KAB. WAJO,SEKRETARIAT DEWAN PERWAKILAN RAKYAT DAERAH - 4.02.0.00.0.00.01.0000,01KMG3PKP1ET861GC5RDAA2R1K,63930791,2026,E-Katalog 6.0,APBD,MUSTAFA HI. BANDUNG,E-Purchasing,Barang,Belanja Makanan dan Minuman Rapat_Pembahasan_LKPJ,ON PROCESS,3015000,3015000
KAB. WAJO,RSUD SIWA - 1.02.0.00.0.00.01.0002,01KVWBV01SGTCBX7EA8H2WS3Z7,66883851,2026,E-Katalog 6.0,BLUD,CAHAYA MUDA ABADI,E-Purchasing,Barang,Belanja Barang dan Jasa BLUD,ON PROCESS,20754780,20754780
KAB. WAJO,"DINAS KOMUNIKASI, INFORMATIKA DAN STATISTIK - 2.16.2.20.2.21.02.0000",01KN40XNSFVQ12JC1QPXATJEMX,65606910,2026,E-Katalog 6.0,APBD,AQILAHDAFFA,E-Purchasing,Barang,Belanja Makanan dan Minuman Jamuan Tamu - Penyediaan Jasa Pelayanan Umum Kantor ,ON PROCESS,1136640,1136640
KAB. WAJO,"BADAN PERENCANAAN PEMBANGUNAN, RISET DAN INOVASI DAERAH - 5.01.5.05.0.00.01.0000",01KT0ST5BV88QCCAVGYH5TBHVM,62968549,2026,E-Katalog 6.0,APBD,ANDI ERNA,E-Purchasing,Barang,Belanja Makanan dan Minuman Rapat,ON PROCESS,2661100,2661100
KAB. WAJO,RSUD LAMADDUKELLENG - 1.02.0.00.0.00.01.0001,01KPCTA4CG0YRS777SXNVVZJE9,65300982,2026,E-Katalog 6.0,BLUD,ANDI WAHYUDI WIJAYANTO,E-Purchasing,Barang,Belanja Barang dan Jasa BLUD,ON PROCESS,21145500,21145500
KAB. WAJO,"SATUAN POLISI PAMONG PRAJA, PEMADAM KEBAKARAN DAN PENYELAMATAN - 1.05.0.00.0.00.01.0000",01KQER9JMZA8V04CNYR0F6VPNX,66910838,2026,E-Katalog 6.0,APBD,MEGAWATI,E-Purchasing,Barang,Belanja Makanan dan Minuman Aktivitas Lapangan,ON PROCESS,430400,430400
KAB. WAJO,"SATUAN POLISI PAMONG PRAJA, PEMADAM KEBAKARAN DAN PENYELAMATAN - 1.05.0.00.0.00.01.0000",01KGRW7VZMG018CA21AG61X7NP,64064061,2026,E-Katalog 6.0,APBD,DARNAWATI,E-Purchasing,Barang,Belanja Makanan dan Minuman Aktivitas Lapangan,ON PROCESS,430400,430400
KAB. WAJO,"DINAS PEMUDA, OLAHRAGA DAN PARIWISATA - 2.19.3.26.0.00.02.0000",01KKDSGMXCR3JYH05V22HQCYBE,63936855,2026,E-Katalog 6.0,APBD,MEGAWATI,E-Purchasing,Barang,Belanja Makanan dan Minuman Rapat Kegiatan Forum OPD,ON PROCESS,4161500,4161500
KAB. WAJO,PUSKESMAS SABBANGPARU - 1.02.0.00.0.00.01.0003,01KPFEXW3ZN761PZJR3HWRHQJP,66481720,2026,E-Katalog 6.0,APBD,ANDI AMINAH BAKHTIAR,E-Purchasing,Barang,Belanja Barang dan Jasa BLUD,ON PROCESS,8241750,8241750
KAB. WAJO,PUSKESMAS WEWANGREWU - 1.02.0.00.0.00.01.0018,01KVQ7JYA3001CVP65PV1M1CJZ,66766433,2026,E-Katalog 6.0,APBD,MUHAMMAD RESKY,E-Purchasing,Barang,"Belanja Barang dan Jasa BOK Puskesmas pada sub kegiatan Peningkatan Upaya Promosi Kesehatan, Advokasi, Kemitraan dan Pemberdayaan Masyarakat",ON PROCESS,418600,418600
KAB. WAJO,RSUD SIWA - 1.02.0.00.0.00.01.0002,01KRZNX542KDW95CXJB8XR39KG,66883851,2026,E-Katalog 6.0,BLUD,TRISA LIKUID FARMA,E-Purchasing,Barang,Belanja Barang dan Jasa BLUD,ON PROCESS,1276622,1276622
KAB. WAJO,"DINAS SOSIAL, PENGENDALIAN PENDUDUK, KELUARGA BERENCANA, PEMBERDAYAAN PEREMPUAN DAN PERLINDUNGAN ANAK - 1.06.2.08.2.14.06.0000",01KV549YFTR9AEQQCCTC9DYTYF,67025300,2026,E-Katalog 6.0,APBD,ANDI AKHYAR SULAIMAN,E-Purchasing,Barang,Belanja Alat/Bahan untuk Kegiatan Kantor-Alat Tulis Kantor,ON PROCESS,930500,930500
KAB. WAJO,PUSKESMAS MANIANGPAJO - 1.02.0.00.0.00.01.0021,01KTJXDEMR4Y8TJH1DH68CNX93,66071513,2026,E-Katalog 6.0,APBD,MASDAWATI,E-Purchasing,Barang,Belanja Barang dan Jasa BOK Puskesmas Pada Sub Kegiatan Pengelolaan Pelayanan Kesehatan Ibu Hamil,ON PROCESS,150000,150000
KAB. WAJO,INSPEKTORAT DAERAH - 6.01.0.00.0.00.01.0000,01KRFV4YBEZ9HYVCM8XT5CCY8C,67008087,2026,E-Katalog 6.0,APBD,ANDI AKHYAR SULAIMAN,E-Purchasing,Barang,Belanja Alat/Bahan untuk Kegiatan Kantor-Alat Tulis Kantor,ON PROCESS,8344959,8344959
KAB. WAJO,BADAN PENGELOLAAN KEUANGAN DAN PENDAPATAN DAERAH - 5.02.0.00.0.00.01.0000,01KT8TAH4CBJX92HVPRCA4AQYF,63464855,2026,E-Katalog 6.0,APBD,ASTI WAHYUNI,E-Purchasing,Barang,Belanja Makanan dan Minuman Rapat,ON PROCESS,529000,529000
KAB. WAJO,PUSKESMAS TAKKALALLA - 1.02.0.00.0.00.01.0011,01KPSZK6RJJG33GZR4JW7MVJHK,66026020,2026,E-Katalog 6.0,APBD,SITTI AISYAH,E-Purchasing,Barang,Belanja Barang dan Jasa BOK Puskesmas Sub Kegiatan Bimbingan Teknis dan Supervisi Pengembangan dan Pelaksanaan Upaya Kesehatan Bersumber Daya Masyarakat (UKBM),ON PROCESS,225000,225000
KAB. WAJO,PUSKESMAS LIU - 1.02.0.00.0.00.01.0005,01KVAFZ779212F5XVBGE1HYA72,66778417,2026,E-Katalog 6.0,APBD,ASTI WAHYUNI,E-Purchasing,Barang,Belanja Barang dan Jasa BOK Puskesmas pada Sub Kegiatan Pengelolaan Pelayanan Kesehatan Ibu Hamil,ON PROCESS,447500,447500
KAB. WAJO,KECAMATAN BELAWA - 7.01.0.00.0.00.01.0000,01KVMHRS9QPXV5A0JN2C3ABRJH,66880307,2026,E-Katalog 6.0,APBD,CINTA ALAM RAYA,E-Purchasing,Barang,Penyediaan Peralatan dan Perlengkapan Kantor,ON PROCESS,8400000,8400000
KAB. WAJO,DINAS KESEHATAN - 1.02.0.00.0.00.01.0000,01KSGYDVQF0K0F87GN60AJ1W5K,66791108,2026,E-Katalog 6.0,APBD,SANSICO NATURA RESOURCES,E-Purchasing,Barang,Belanja Suku Cadang-Suku Cadang Alat Kedokteran pada sub kegiatan Pengelolaan Pelayanan Kesehatan Orang dengan Risiko Terinfeksi HIV,ON PROCESS,104266001,104266001
KAB. WAJO,BADAN PENGELOLAAN KEUANGAN DAN PENDAPATAN DAERAH - 5.02.0.00.0.00.01.0000,01KSEW424B32ZATPC7B09G2CCQ,63464855,2026,E-Katalog 6.0,APBD,ASTI WAHYUNI,E-Purchasing,Barang,Belanja Makanan dan Minuman Rapat,ON PROCESS,634800,634800
KAB. WAJO,PUSKESMAS LIU - 1.02.0.00.0.00.01.0005,01KPQN3S5Z427SD5G3AW0XAZV8,66776961,2026,E-Katalog 6.0,APBD,ANDI AMINAH BAKHTIAR,E-Purchasing,Barang,Belanja Barang dan Jasa BLUD,ON PROCESS,9271943,9271943
KAB. WAJO,DINAS PENANAMAN MODAL DAN PELAYANAN TERPADU SATU PINTU - 2.18.0.00.0.00.01.0000,01KVACH198W80TC65AXPQRMF52,65005387,2026,E-Katalog 6.0,APBD,ANDI AKHYAR SULAIMAN,E-Purchasing,Barang,Belanja Alat/Bahan untuk Kegiatan Kantor-Alat Tulis Kantor,ON PROCESS,400999,400999
KAB. WAJO,SEKRETARIAT DEWAN PERWAKILAN RAKYAT DAERAH - 4.02.0.00.0.00.01.0000,01KFWPG8B4PV39C3VSXBESBFF4,63931773,2026,E-Katalog 6.0,APBD,SURIANI,E-Purchasing,Barang,Belanja Makanan dan Minuman Rapat Pelaksanaan Reses,ON PROCESS,6900000,6900000
KAB. WAJO,"DINAS SOSIAL, PENGENDALIAN PENDUDUK, KELUARGA BERENCANA, PEMBERDAYAAN PEREMPUAN DAN PERLINDUNGAN ANAK - 1.06.2.08.2.14.06.0000",01KTX4VNGRQCYZ4JZ9PM8QAJMZ,67025182,2026,E-Katalog 6.0,APBD,ANDI ERNA,E-Purchasing,Barang,Belanja Makanan dan Minuman Rapat,ON PROCESS,1195000,1195000
KAB. WAJO,DINAS PENDIDIKAN DAN KEBUDAYAAN - 1.01.2.22.0.00.02.0000,01KPASAPV6XYPRZJ62KH0JA8AH,63027779,2026,E-Katalog 6.0,APBD,AQILAHDAFFA,E-Purchasing,Barang,Belanja Alat/Bahan untuk Kegiatan Kantor- Bahan Cetak,ON PROCESS,600000,600000
KAB. WAJO,RSUD LAMADDUKELLENG - 1.02.0.00.0.00.01.0001,01KW1CKMS8HB44H7H0PKKP3BY4,65300982,2026,E-Katalog 6.0,BLUD,KALBIO GLOBAL MEDIKA,E-Purchasing,Barang,Belanja Barang dan Jasa BLUD,ON PROCESS,42500235,0
KAB. WAJO,DINAS KESEHATAN - 1.02.0.00.0.00.01.0000,01KQ4EPR6S6ZA65MN7BN9R04Z3,66827323,2026,E-Katalog 6.0,APBD,YARINDO FARMATAMA,E-Purchasing,Barang,"Belanja Obat-Obatan-Obat pada sub kegiatan Pengadaan Obat, Bahan Habis Pakai, Bahan Medis Habis Pakai,, Vaksin, Makanan dan Minuman di Fasilitas Kesehatan",ON PROCESS,7597950,7597950
KAB. WAJO,KECAMATAN PAMMANA - 7.01.0.00.0.00.07.0000,01KVC1RY8NB9WA27V1N4R85KRS,65756780,2026,E-Katalog 6.0,APBD,ANDI ERNA,E-Purchasing,Barang,Belanja Makanan dan Minuman Rapat ,ON PROCESS,52598,52598
KAB. WAJO,SEKRETARIAT DAERAH - 4.01.0.00.0.00.01.0000,01KPWGD0P0R7SZVC8B43PJ61BS,65287973,2026,E-Katalog 6.0,APBD,FITRIANI,E-Purchasing,Barang,Belanja Makanan dan Minuman Jamuan Tamu,ON PROCESS,28385000,28385000
KAB. WAJO,"BADAN PERENCANAAN PEMBANGUNAN, RISET DAN INOVASI DAERAH - 5.01.5.05.0.00.01.0000",01KR7X71EYRC109XQKWQVTTS1A,65277857,2026,E-Katalog 6.0,APBD,ANDI AKHYAR SULAIMAN,E-Purchasing,Barang,Belanja Alat/Bahan untuk Kegiatan Kantor-Alat Tulis Kantor,ON PROCESS,975000,975000
KAB. WAJO,DINAS PERUMAHAN DAN KAWASAN PERMUKIMAN - 1.04.0.00.0.00.01.0000,01KT6EPH98ZDMPDQFYHJWPAEDZ,67220259,2026,E-Katalog 6.0,APBD,ANDI AKHYAR SULAIMAN,E-Purchasing,Barang,Belanja Alat Tulis Kantor pada Kegiatan Koordinasi dan Penyusunan Dokumen RKA SKPD,ON PROCESS,310500,310500
KAB. WAJO,"DINAS KOMUNIKASI, INFORMATIKA DAN STATISTIK - 2.16.2.20.2.21.02.0000",01KJS5JZSE9VSCJKEZHPYJV9X3,65606990,2026,E-Katalog 6.0,APBD,MEDIA SATELITE INDONESIA,E-Purchasing,Barang,Belanja Kawat/Faksimili/Internet/TV Berlangganan - Relasi Media ,ON PROCESS,2125000,2125000
KAB. WAJO,PUSKESMAS TOSORA - 1.02.0.00.0.00.01.0016,01KVSRFS7MPM3SWVQHYT9EX2FG,66096340,2026,E-Katalog 6.0,APBD,ASTI WAHYUNI,E-Purchasing,Barang,"Belanja Barang dan Jasa BOK Puskesmas pada sub kegiatan Peningkatan Upaya Promosi Kesehatan, Advokasi, Kemitraan dan Pemberdayaan Masyarakat",ON PROCESS,718200,718200
KAB. WAJO,"DINAS PERINDUSTRIAN, PERDAGANGAN, KOPERASI, USAHA KECIL DAN MENENGAH - 2.17.3.30.3.31.01.0000",01KRNYX3Z7JQS9VYPRG5FT72NT,65683362,2026,E-Katalog 6.0,APBD,MEGAWATI,E-Purchasing,Barang,Belanja Makanan dan Minuman Rapat Pada Sub Kegiatan Pelaksanaan Proses Pemeriksaan dan Pengawasan Koperasi yang Wilayah Keanggotaannya Daerah Kabupaten/Kota,ON PROCESS,12075000,12075000
KAB. WAJO,SEKRETARIAT DEWAN PERWAKILAN RAKYAT DAERAH - 4.02.0.00.0.00.01.0000,01KFR0WRQEJ5K3G09R5FQEEAPX,63931767,2026,E-Katalog 6.0,APBD,MULTI SARANA SOLUTION,E-Purchasing,Barang,Belanja Sewa Alat Bantu Lainnya Pelaksanaan Reses,ON PROCESS,750000,750000
KAB. WAJO,"SATUAN POLISI PAMONG PRAJA, PEMADAM KEBAKARAN DAN PENYELAMATAN - 1.05.0.00.0.00.01.0000",01KJS2ZETC3SARXCGXWSFKA5BX,64064061,2026,E-Katalog 6.0,APBD,DARNAWATI,E-Purchasing,Barang,Belanja Makanan dan Minuman Aktivitas Lapangan,ON PROCESS,430400,430400
KAB. WAJO,DINAS PENDIDIKAN DAN KEBUDAYAAN - 1.01.2.22.0.00.02.0000,01KPAREFCV95PATQ59NVJNAM19,63027781,2026,E-Katalog 6.0,APBD,MUH IQBAL MASTAL,E-Purchasing,Barang,Belanja Makanan dan Minuman Rapat,ON PROCESS,3923500,3923500
KAB. WAJO,DINAS PERUMAHAN DAN KAWASAN PERMUKIMAN - 1.04.0.00.0.00.01.0000,01KRB2YHE4NQYFG5GEHXQ6Q0F5,67101267,2026,E-Katalog 6.0,APBD,GUNAWAN TJANDRA,E-Purchasing,Barang,Belanja Modal Personal Computer (Laptop) pada Kegiatan Pengadaan Sarana dan Prasarana Gedung Kantor atau Bangunan Lainnya,ON PROCESS,60374010,60374010
KAB. WAJO,"DINAS KOMUNIKASI, INFORMATIKA DAN STATISTIK - 2.16.2.20.2.21.02.0000",01KVWD7YWP9T0S644JB65GJ08D,65606990,2026,E-Katalog 6.0,APBD,SUAR CITRA UTAMA,E-Purchasing,Barang,Belanja Kawat/Faksimili/Internet/TV Berlangganan - Relasi Media ,ON PROCESS,5100000,5100000
KAB. WAJO,PUSKESMAS MANIANGPAJO - 1.02.0.00.0.00.01.0021,01KNGBSH4TSNG3H0EQ49SMQEW1,66071513,2026,E-Katalog 6.0,APBD,MASDAWATI,E-Purchasing,Barang,Belanja Barang dan Jasa BOK Puskesmas Pada Sub Kegiatan Pengelolaan Pelayanan Kesehatan Ibu Hamil,ON PROCESS,150000,150000
KAB. WAJO,DINAS KEPENDUDUKAN DAN PENCATATAN SIPIL - 2.12.0.00.0.00.01.0000,01KT629AF6AMHX1ZJAVW2F6DP9,66535404,2026,E-Katalog 6.0,APBD,A. MUH. ABRAR,E-Purchasing,Barang,Belanja Alat/Bahan untuk Kegiatan Kantor-Alat Tulis Kantor,ON PROCESS,1468488,1468488
KAB. WAJO,SEKRETARIAT DAERAH - 4.01.0.00.0.00.01.0000,01KQ91VW9ZQJ2DK0JNPQ93ZNE2,66824389,2026,E-Katalog 6.0,APBD,ANDI AKHYAR SULAIMAN,E-Purchasing,Barang,Belanja Alat/Bahan untuk Kegiatan Kantor-Alat Tulis Kantor,ON PROCESS,2980995,2980995
KAB. WAJO,"DINAS KOMUNIKASI, INFORMATIKA DAN STATISTIK - 2.16.2.20.2.21.02.0000",01KVF5EJNAGSJZ7TZBMVQ4QRBH,65606990,2026,E-Katalog 6.0,APBD,MEDIA LINKSSATU SULSEL,E-Purchasing,Barang,Belanja Kawat/Faksimili/Internet/TV Berlangganan - Relasi Media ,ON PROCESS,5099962,5099962
KAB. WAJO,KECAMATAN PAMMANA - 7.01.0.00.0.00.07.0000,01KQBTSMEAHV1RP6GHP1T1D944,65756173,2026,E-Katalog 6.0,APBD,RISMA,E-Purchasing,Barang,Belanja Alat/Bahan untuk Kegiatan Kantor - Alat Tulis Kantor,ON PROCESS,996100,996100
KAB. WAJO,PUSKESMAS SOLO - 1.02.0.00.0.00.01.0010,01KPQ79H9JY7HM075914EKA73G,66023206,2026,E-Katalog 6.0,APBD,NURFAIDAH,E-Purchasing,Barang,Belanja barang dan jasa BOK puskesmas pada sub kegiatan Pengelolaan Pelayanan Kesehatan Ibu Hamil,ON PROCESS,225000,225000
KAB. WAJO,BADAN KESATUAN BANGSA DAN POLITIK - 8.01.0.00.0.00.01.0000,01KRFGB1V28J38HQN346RWA2WH,63062752,2026,E-Katalog 6.0,APBD,MUSTAFA HI. BANDUNG,E-Purchasing,Barang,Belanja Makanan dan Minuman Aktivitas Lapangan,ON PROCESS,1426000,1426000
KAB. WAJO,PUSKESMAS SALOBULO - 1.02.0.00.0.00.01.0013,01KN6ECY3WZQBV29Y82JTRET2C,66083230,2026,E-Katalog 6.0,APBD,ARSYAD M,E-Purchasing,Barang,Belanja Barang dan Jasa BLUD,ON PROCESS,5182198,5182198
KAB. WAJO,PUSKESMAS TOSORA - 1.02.0.00.0.00.01.0016,01KT8SVN0TVNEQ2CACB91TFZFH,66096187,2026,E-Katalog 6.0,APBD,ASTI WAHYUNI,E-Purchasing,Barang,Belanja Barang dan Jasa BOK Puskesmas pada Sub Kegiatan Pengelolaan Pelayanan Kesehatan Ibu Hamil ,ON PROCESS,286400,286400
KAB. WAJO,DINAS PENDIDIKAN DAN KEBUDAYAAN - 1.01.2.22.0.00.02.0000,01KW913YB76HKDEXGY3PV9EQ0B,63028087,2026,E-Katalog 6.0,APBD,HARIANTO,E-Purchasing,Barang,Belanja Alat/Bahan untuk Kegiatan Kantor-Alat Tulis Kantor,ON PROCESS,592000,592000
KAB. WAJO,"DINAS KOMUNIKASI, INFORMATIKA DAN STATISTIK - 2.16.2.20.2.21.02.0000",01KSEYMJ6JRYCBR2HPFKK1KFK9,65606989,2026,E-Katalog 6.0,APBD,MEDIA NUSANTARA CREASI,E-Purchasing,Barang,Belanja Langganan Jurnal/Surat Kabar/Majalah - Relasi Media ,ON PROCESS,19980000,19980000
KAB. WAJO,RSUD SIWA - 1.02.0.00.0.00.01.0002,01KVSCJSV9BSR8SYVN3GKV695C,66883851,2026,E-Katalog 6.0,BLUD,MEDEQ MANDIRI UTAMA,E-Purchasing,Barang,Belanja Barang dan Jasa BLUD,ON PROCESS,4884000,0
KAB. WAJO,PUSKESMAS SAJOANGING - 1.02.0.00.0.00.01.0012,01KW8MKF6YDN23NHF8SVB1H6H7,66203175,2026,E-Katalog 6.0,APBD,SALWA NABILAH IDRIS,E-Purchasing,Barang,Belanja Barang dan Jasa BLUD,ON PROCESS,195000,195000
KAB. WAJO,DINAS PEMBERDAYAAN MASYARAKAT DAN DESA - 2.13.0.00.0.00.01.0000,01KQ69E80177WX43DNKKGTQE3G,65633937,2026,E-Katalog 6.0,APBD,ANDI ERNA,E-Purchasing,Barang,Belanja Makanan dan Minuman Rapat,ON PROCESS,16580000,16580000
KAB. WAJO,BADAN KESATUAN BANGSA DAN POLITIK - 8.01.0.00.0.00.01.0000,01KWGM0TNMSC8Q6BT7CJF1Z066,63062796,2026,E-Katalog 6.0,APBD,HASDIMAN,E-Purchasing,Barang,Belanja Alat/Bahan untuk Kegiatan Kantor-Alat Tulis Kantor,ON PROCESS,2023210,2023210
KAB. WAJO,BADAN PENGELOLAAN KEUANGAN DAN PENDAPATAN DAERAH - 5.02.0.00.0.00.01.0000,01KRFXXHYQKC764NMXJPGQ89QD,63464855,2026,E-Katalog 6.0,APBD,ASTI WAHYUNI,E-Purchasing,Barang,Belanja Makanan dan Minuman Rapat,ON PROCESS,634800,634800
KAB. WAJO,RSUD LAMADDUKELLENG - 1.02.0.00.0.00.01.0001,01KPYQBDM7SFBHX7G34W325R7P,65300982,2026,E-Katalog 6.0,BLUD,BINTANG SHAFWAN,E-Purchasing,Barang,Belanja Barang dan Jasa BLUD,ON PROCESS,48266885,0
KAB. WAJO,"DINAS KOMUNIKASI, INFORMATIKA DAN STATISTIK - 2.16.2.20.2.21.02.0000",01KVETV40DZY07M7T5MEQDS7BD,65606989,2026,E-Katalog 6.0,APBD,MEDIA PERTIWI INDONESIA,E-Purchasing,Barang,Belanja Langganan Jurnal/Surat Kabar/Majalah - Relasi Media ,ON PROCESS,5000000,5000000
KAB. WAJO,DINAS PENDIDIKAN DAN KEBUDAYAAN - 1.01.2.22.0.00.02.0000,01KKAWZ7W3FFTA7N6YY5FD93JE,63035056,2026,E-Katalog 6.0,APBD,AQILAHDAFFA,E-Purchasing,Barang,Belanja Alat/Bahan untuk Kegiatan Kantor- Bahan Cetak,ON PROCESS,2000000,2000000
KAB. WAJO,PUSKESMAS TAKKALALLA - 1.02.0.00.0.00.01.0011,01KRX2NQJ3TNP556HR6CYDDVBN,66026020,2026,E-Katalog 6.0,APBD,SITTI AISYAH,E-Purchasing,Barang,Belanja Barang dan Jasa BOK Puskesmas Sub Kegiatan Bimbingan Teknis dan Supervisi Pengembangan dan Pelaksanaan Upaya Kesehatan Bersumber Daya Masyarakat (UKBM),ON PROCESS,180000,180000
KAB. WAJO,DINAS PERUMAHAN DAN KAWASAN PERMUKIMAN - 1.04.0.00.0.00.01.0000,01KQVGA5JXXNA3BZWP5YB5C5P6,66993850,2026,E-Katalog 6.0,APBD,ANDI AKHYAR SULAIMAN,E-Purchasing,Barang,Belanja Alat/Bahan untuk kegiatan kantor - Alat Tulis Kantor pada kegiatan Pendataan dan Verifikasi Calon Penerima Rumah bagi Korban Bencana Kabupaten/Kota,ON PROCESS,2038000,2038000
KAB. WAJO,"DINAS KOMUNIKASI, INFORMATIKA DAN STATISTIK - 2.16.2.20.2.21.02.0000",01KJEG84G2TS8963NXEC64RBHT,65606990,2026,E-Katalog 6.0,APBD,LENSA PENDIDIKAN INDONESIA,E-Purchasing,Barang,Belanja Kawat/Faksimili/Internet/TV Berlangganan - Relasi Media ,ON PROCESS,2125000,2125000
KAB. WAJO,RSUD LAMADDUKELLENG - 1.02.0.00.0.00.01.0001,01KTBBA72EZZ8D6DGM0KD0A980,65300982,2026,E-Katalog 6.0,BLUD,MEGA LIFESCIENCES INDONESIA,E-Purchasing,Barang,Belanja Barang dan Jasa BLUD,ON PROCESS,2564100,2564100
KAB. WAJO,"DINAS PERINDUSTRIAN, PERDAGANGAN, KOPERASI, USAHA KECIL DAN MENENGAH - 2.17.3.30.3.31.01.0000",01KRG56174365ZFCX9RC422E09,66223325,2026,E-Katalog 6.0,APBD,TAMIYA NURUL WULANDA,E-Purchasing,Barang,Belanja Makanan dan Minuman Aktivitas Lapangan pada Sub Kegiatan Pelaksanaan pengawasan Jaminan Produk Halal (JPH) di level Kabupaten/Kota,ON PROCESS,2280000,2280000
KAB. WAJO,RSUD LAMADDUKELLENG - 1.02.0.00.0.00.01.0001,01KKTRA6JMA4SPK0ZH2VS8VHNN,65300982,2026,E-Katalog 6.0,BLUD,PT Enseval Putera Megatrading cabang MAKASSAR,E-Purchasing,Barang,Belanja Barang dan Jasa BLUD,ON PROCESS,7098450,7098450
KAB. WAJO,"DINAS KOMUNIKASI, INFORMATIKA DAN STATISTIK - 2.16.2.20.2.21.02.0000",01KVEVDS1SZBPW7JB8CJ45CCVH,65606989,2026,E-Katalog 6.0,APBD,UJUNGPANDANG EKSPRES BIRO WAJO,E-Purchasing,Barang,Belanja Langganan Jurnal/Surat Kabar/Majalah - Relasi Media ,ON PROCESS,10000000,10000000
KAB. WAJO,"SATUAN POLISI PAMONG PRAJA, PEMADAM KEBAKARAN DAN PENYELAMATAN - 1.05.0.00.0.00.01.0000",01KNH85A3X4RRNXYWFZNDY6WFY,64064061,2026,E-Katalog 6.0,APBD,MEGAWATI,E-Purchasing,Barang,Belanja Makanan dan Minuman Aktivitas Lapangan,ON PROCESS,807000,807000
KAB. WAJO,PUSKESMAS PARIGI - 1.02.0.00.0.00.01.0023,01KVSS4Q6H0ESMWJJX7DGDS78Y,66570663,2026,E-Katalog 6.0,APBD,NURHAENI,E-Purchasing,Barang,Kue / Snack,ON PROCESS,161100,161100
KAB. WAJO,BADAN PENGELOLAAN KEUANGAN DAN PENDAPATAN DAERAH - 5.02.0.00.0.00.01.0000,01KMYVQD2N5F388NMJKT9A7MBV,63367643,2026,E-Katalog 6.0,APBD,LISDAFIK,E-Purchasing,Barang,Belanja Alat/Bahan untuk Kegiatan Kantor-Alat Tulis Kantor,ON PROCESS,848000,848000
KAB. WAJO,DINAS PENDIDIKAN DAN KEBUDAYAAN - 1.01.2.22.0.00.02.0000,01KPFX774CT935GZZGEM130X3W,63026940,2026,E-Katalog 6.0,APBD,ANANCI,E-Purchasing,Barang,Belanja Alat/Bahan untuk Kegiatan Kantor- Bahan Cetak,ON PROCESS,978530,978530
KAB. WAJO,DINAS PENDIDIKAN DAN KEBUDAYAAN - 1.01.2.22.0.00.02.0000,01KKAWTPE26MGACVZ0CMS2X0A3,63026791,2026,E-Katalog 6.0,APBD,AQILAHDAFFA,E-Purchasing,Barang,Belanja Alat/Bahan untuk Kegiatan Kantor- Bahan Cetak,ON PROCESS,2000000,2000000
KAB. WAJO,RSUD LAMADDUKELLENG - 1.02.0.00.0.00.01.0001,01KH0C8JHTFR28ZBSN3P0XN4NG,65300982,2026,E-Katalog 6.0,BLUD,GLOBAL DISPOMEDIKA,E-Purchasing,Barang,Belanja Barang dan Jasa BLUD,ON PROCESS,65204286,0
KAB. WAJO,SEKRETARIAT DEWAN PERWAKILAN RAKYAT DAERAH - 4.02.0.00.0.00.01.0000,01KMQ6KHBR985J9640530YKGZ7,63932421,2026,E-Katalog 6.0,APBD,FITRI RAHMADHANI,E-Purchasing,Barang,Belanja Makanan dan Minuman Rapat_Pembahasan_RANPERDA,ON PROCESS,644000,644000
KAB. WAJO,"DINAS PERINDUSTRIAN, PERDAGANGAN, KOPERASI, USAHA KECIL DAN MENENGAH - 2.17.3.30.3.31.01.0000",01KQF4NAJ89ZG3G4CJZ6ZSCPBQ,65974387,2026,E-Katalog 6.0,APBD,TAMIYA NURUL WULANDA,E-Purchasing,Barang,Belanja Makanan dan Minuman Aktivitas Lapangan Pada Sub Kegiatan Pemantauan Harga dan Stok Barang Kebutuhan Pokok dan Barang Penting pada Pelaku Usaha Distribusi Barang dalam 1 (Satu) Kabupaten/Kota,ON PROCESS,143199,143199
KAB. WAJO,PUSKESMAS TOSORA - 1.02.0.00.0.00.01.0016,01KKG4CKQN4TEN9A33ZYT3NJM6,66114293,2026,E-Katalog 6.0,APBD,ASTI WAHYUNI,E-Purchasing,Barang,Belanja Barang dan Jasa BLUD,ON PROCESS,481000,481000
KAB. WAJO,"DINAS SOSIAL, PENGENDALIAN PENDUDUK, KELUARGA BERENCANA, PEMBERDAYAAN PEREMPUAN DAN PERLINDUNGAN ANAK - 1.06.2.08.2.14.06.0000",01KRX1YDPQ0MS02HRA2AMGPBAQ,66989923,2026,E-Katalog 6.0,APBD,ANANCI,E-Purchasing,Barang,Belanja Alat/Bahan untuk Kegiatan Kantor- Bahan Cetak,ON PROCESS,2100000,2100000
KAB. WAJO,PUSKESMAS TAKKALALLA - 1.02.0.00.0.00.01.0011,01KRX2FS4CMH6NHKB469VTRFXS,66025540,2026,E-Katalog 6.0,APBD,SITTI AISYAH,E-Purchasing,Barang,Belanja Barang dan Jasa BOK Puskesmas Sub Kegiatan Pengelolaan Pelayanan Kesehatan Ibu Hamil,ON PROCESS,180000,180000
KAB. WAJO,PUSKESMAS MANIANGPAJO - 1.02.0.00.0.00.01.0021,01KVZ4X7GDNPJH2Z35K73Q08S7,66067847,2026,E-Katalog 6.0,APBD,ARSYAD M,E-Purchasing,Barang,Belanja Barang dan Jasa BLUD,ON PROCESS,67499,67499
KAB. WAJO,RSUD LAMADDUKELLENG - 1.02.0.00.0.00.01.0001,01KT8DK0MZQSQZJ95N292BJ7X1,65300982,2026,E-Katalog 6.0,BLUD,DUTA AFIAT,E-Purchasing,Barang,Belanja Barang dan Jasa BLUD,ON PROCESS,16380048,16380048
KAB. WAJO,SEKRETARIAT DEWAN PERWAKILAN RAKYAT DAERAH - 4.02.0.00.0.00.01.0000,01KFN1PSA9DZ6A737DQR7061KW,63931769,2026,E-Katalog 6.0,APBD,BESSE WIDYASRINI,E-Purchasing,Barang,Belanja Sewa Peralatan Studio Audio Pelaksanaan Reses,ON PROCESS,214000,214000
KAB. WAJO,"DINAS KOMUNIKASI, INFORMATIKA DAN STATISTIK - 2.16.2.20.2.21.02.0000",01KJEJ3P1A9WGD60WJ2KCFMGP9,65606990,2026,E-Katalog 6.0,APBD,MEDIA FAJAR INDONESIA,E-Purchasing,Barang,Belanja Kawat/Faksimili/Internet/TV Berlangganan - Relasi Media ,ON PROCESS,3750000,3750000
KAB. WAJO,PUSKESMAS SAJOANGING - 1.02.0.00.0.00.01.0012,01KVW8CJXP0954W9EDGTN77DSR,66620220,2026,E-Katalog 6.0,APBD,SALWA NABILAH IDRIS,E-Purchasing,Barang,Belanja Barang dan jasa BOK Puskesmas pada sub kegiatan Pengelolaan Pelayanan Kesehatan Ibu Hamil,ON PROCESS,322200,322200
KAB. WAJO,PUSKESMAS BELAWA - 1.02.0.00.0.00.01.0025,01KRW3Z0F9AJ7KE61WJT1FM8FJ,66598483,2026,E-Katalog 6.0,APBD,ST.AJIRAH,E-Purchasing,Barang,Belanja Barang dan Jasa BLUD,ON PROCESS,299000,299000
KAB. WAJO,SEKRETARIAT DAERAH - 4.01.0.00.0.00.01.0000,01KPDF648ZETCSTGBQMWAS266X,65287973,2026,E-Katalog 6.0,APBD,FITRIANI,E-Purchasing,Barang,Belanja Makanan dan Minuman Jamuan Tamu,ON PROCESS,23900000,23900000
KAB. WAJO,KELURAHAN CEMPALAGI - 7.01.0.00.0.00.14.0003,01KRZC0XD02AASRDWC8DXBERC0,66971863,2026,E-Katalog 6.0,APBD,ANDI AKHYAR SULAIMAN,E-Purchasing,Barang,Belanja Alat/Bahan untuk Kegiatan Kantor-Alat Tulis Kantor,ON PROCESS,4812913,4812913
KAB. WAJO,DINAS PERUMAHAN DAN KAWASAN PERMUKIMAN - 1.04.0.00.0.00.01.0000,01KR3K2WJXSSGQ8ZSJ1CRTYCNP,66964734,2026,E-Katalog 6.0,APBD,ANANCI,E-Purchasing,Barang,Belanja Alat Tulis Kantor pada Kegiatan Perbaikan Rumah Tidak Layak Huni untuk Pencegahan Terhadap Tumbuh dan Berkembangnya Permukiman Kumuh di Luar Kawasan Permukiman Kumuhdengan Luas di Bawah 10 (Sepuluh) Ha,ON PROCESS,382160,382160
KAB. WAJO,BADAN PENGELOLAAN KEUANGAN DAN PENDAPATAN DAERAH - 5.02.0.00.0.00.01.0000,01KSH0YBY2ZERVYHF4SXAC9C0Z,63462898,2026,E-Katalog 6.0,APBD,ANDI AKHYAR SULAIMAN,E-Purchasing,Barang,Belanja Alat/Bahan untuk Kegiatan Kantor-Alat Tulis Kantor,ON PROCESS,6884482,6884482
KAB. WAJO,SEKRETARIAT DAERAH - 4.01.0.00.0.00.01.0000,01KGERD6NZPVK5TAD8NJ0CFJ8E,63592165,2026,E-Katalog 6.0,APBD,IIP WISUDAWATI,E-Purchasing,Barang,Belanja Pemeliharaan Alat Kantor dan Rumah Tangga-Alat Kantor-Alat Kantor Lainnya,ON PROCESS,2225000,2225000
KAB. WAJO,PUSKESMAS TOSORA - 1.02.0.00.0.00.01.0016,01KT8TW4BT948JKDC1YXGDD5YD,66096187,2026,E-Katalog 6.0,APBD,ASTI WAHYUNI,E-Purchasing,Barang,Belanja Barang dan Jasa BOK Puskesmas pada Sub Kegiatan Pengelolaan Pelayanan Kesehatan Ibu Hamil ,ON PROCESS,286400,286400
KAB. WAJO,"SATUAN POLISI PAMONG PRAJA, PEMADAM KEBAKARAN DAN PENYELAMATAN - 1.05.0.00.0.00.01.0000",01KQER2HPXQ9TK85WH2KHN7VPM,66910838,2026,E-Katalog 6.0,APBD,MEGAWATI,E-Purchasing,Barang,Belanja Makanan dan Minuman Aktivitas Lapangan,ON PROCESS,403500,403500
KAB. WAJO,PUSKESMAS BELAWA - 1.02.0.00.0.00.01.0025,01KW1HSC4WQDXM7D9ZCPYTZEEH,66750913,2026,E-Katalog 6.0,APBD,MASDAWATI,E-Purchasing,Barang,Belanja Barang dan Jasa BOK Puskesmas pada sub kegiatan Pengelolaan Pelayanan Kesehatan Ibu Hamil,ON PROCESS,195000,195000
KAB. WAJO,DINAS LINGKUNGAN HIDUP - 2.11.0.00.0.00.01.0000,01KGEPRXS14VHZAD46MMGEY6MX,64575433,2026,E-Katalog 6.0,APBD,AQILAHDAFFA,E-Purchasing,Barang,Belanja Bahan Cetak,ON PROCESS,1250000,1250000
KAB. WAJO,SEKRETARIAT DAERAH - 4.01.0.00.0.00.01.0000,01KNCGQ4G8Q9X991C410VHM580,63590760,2026,E-Katalog 6.0,APBD,BUNGARATU MEGATAMA,E-Purchasing,Barang,Belanja Alat/Bahan untuk Kegiatan Kantor- Suvenir/Cendera Mata,ON PROCESS,1554000,1554000
KAB. WAJO,RSUD SIWA - 1.02.0.00.0.00.01.0002,01KS23ARM7FWNYPDA52ZM70334,66883851,2026,E-Katalog 6.0,BLUD,PHAPROS,E-Purchasing,Barang,Belanja Barang dan Jasa BLUD,ON PROCESS,12737250,12737250
KAB. WAJO,BADAN KESATUAN BANGSA DAN POLITIK - 8.01.0.00.0.00.01.0000,01KRWR7KZ9P171XSWQAM1GCDBD,63247545,2026,E-Katalog 6.0,APBD,ANDI ERNA,E-Purchasing,Barang,Belanja Makanan dan Minuman Aktivitas Lapangan,ON PROCESS,895000,895000
KAB. WAJO,KECAMATAN SABBANGPARU - 7.01.0.00.0.00.10.0000,01KHYP3JCHBVB39YWJCSWC12D6,65631086,2026,E-Katalog 6.0,APBD,ASTI WAHYUNI,E-Purchasing,Barang,Belanja Makanan dan Minuman Rapat Kegiatan Peningkatan Partisipasi Masyarakat dalam Forum Musyawarah Perencanaan Pembangunan di Desa,ON PROCESS,11023000,11023000
KAB. WAJO,SEKRETARIAT DEWAN PERWAKILAN RAKYAT DAERAH - 4.02.0.00.0.00.01.0000,10898678000,67268866,2026,Non Tender,APBD,CV. MAKKITA CONSULTANT,Pengadaan Langsung,Jasa Konsultansi Badan Usaha Konstruksi,Pengawasan Pemeliharaan/Rehabilitasi Gedung Kantor dan Bangunan Lainnya,SELESAI,1785000,1785000
KAB. WAJO,"SATUAN POLISI PAMONG PRAJA, PEMADAM KEBAKARAN DAN PENYELAMATAN - 1.05.0.00.0.00.01.0000",01KQ912091GXERZ4DKFJTQ92E4,66533628,2026,E-Katalog 6.0,APBD,MALOMO UTAMA DALLENA,E-Purchasing,Jasa Lainnya,Belanja Jasa yang Diberikan kepada Pihak Ketiga/Pihak Lain,ON PROCESS,167838300,167838300
KAB. WAJO,KECAMATAN TEMPE - 7.01.0.00.0.00.14.0000,01KVQ5WDCEBVST6E3WW2P6VXMS,64721401,2026,E-Katalog 6.0,APBD,ABDUL HARIS,E-Purchasing,Barang,Belanja Alat/Bahan untuk Kegiatan Kantor- Bahan Cetak,ON PROCESS,266400,266400
KAB. WAJO,BADAN PENGELOLAAN KEUANGAN DAN PENDAPATAN DAERAH - 5.02.0.00.0.00.01.0000,01KJS521KWCSCNWVM6J3DHTNK5,63560014,2026,E-Katalog 6.0,APBD,AQILAHDAFFA,E-Purchasing,Barang,Belanja Natura dan Pakan-Natura,ON PROCESS,11024892,11024892
KAB. WAJO,SEKRETARIAT DAERAH - 4.01.0.00.0.00.01.0000,01KQS9DRKYQ1CTDVC0FQR4PMRY,63590760,2026,E-Katalog 6.0,APBD,BUNGARATU MEGATAMA,E-Purchasing,Barang,Belanja Alat/Bahan untuk Kegiatan Kantor- Suvenir/Cendera Mata,ON PROCESS,1554000,1554000
KAB. WAJO,SEKRETARIAT DAERAH - 4.01.0.00.0.00.01.0000,01KWV9SEZ3A04NKC4A8ACVFN7R,66615724,2026,E-Katalog 6.0,APBD,AMRAN SURYADI,E-Purchasing,Barang,Belanja Alat/Bahan untuk Kegiatan Kantor- Suvenir/Cendera Mata,ON PROCESS,38686275,38686275
KAB. WAJO,PUSKESMAS SOLO - 1.02.0.00.0.00.01.0010,01KVVP25NJTDGQWW70AWDNTPGG,66313239,2026,E-Katalog 6.0,APBD,NURFAIDAH,E-Purchasing,Barang,"Belanja barang dan jasa BOK Puskesmas pada sub kegiatan Peningkatan Upaya Promosi Kesehatan, Advokasi, Kemitraan dan Pemberdayaan Masyarakat",ON PROCESS,670400,670400
KAB. WAJO,PUSKESMAS PATTIROSOMPE - 1.02.0.00.0.00.01.0007,01KVPE9JN4E94HNQ5HFCNAE8EW,66714536,2026,E-Katalog 6.0,APBD,ANDI AZIS ASHAR,E-Purchasing,Barang,Belanja Modal Peralatan dan Mesin BLUD,ON PROCESS,430200,430200
KAB. WAJO,DINAS PENDIDIKAN DAN KEBUDAYAAN - 1.01.2.22.0.00.02.0000,01KPAQPT0MCZEBEP308BV1RJ84,63027777,2026,E-Katalog 6.0,APBD,AQILAHDAFFA,E-Purchasing,Barang,Belanja Alat/Bahan untuk Kegiatan Kantor-Alat Tulis Kantor,ON PROCESS,1917240,1917240
KAB. WAJO,KELURAHAN MALAKKE - 7.01.0.00.0.00.01.0003,01KTJWTV65P6EV0NGK7CBMH9DF,67167227,2026,E-Katalog 6.0,APBD,ANDI WIDYASTUTI ,E-Purchasing,Barang,Belanja Alat/Bahan untuk Kegiatan Kantor-Alat Tulis Kantor,ON PROCESS,2909240,2909240
KAB. WAJO,RSUD SIWA - 1.02.0.00.0.00.01.0002,01KPZF4H4H1CDAYZPZ4P1N2A9W,66883851,2026,E-Katalog 6.0,BLUD,MEDEQ MANDIRI UTAMA,E-Purchasing,Barang,Belanja Barang dan Jasa BLUD,ON PROCESS,2442000,0
KAB. WAJO,"SATUAN POLISI PAMONG PRAJA, PEMADAM KEBAKARAN DAN PENYELAMATAN - 1.05.0.00.0.00.01.0000",01KQVTB8F0BRTC7Z6F7RTXM8RM,64219801,2026,E-Katalog 6.0,APBD,ANDI MAKKULAWU,E-Purchasing,Barang,Belanja Alat/Bahan untuk Kegiatan Kantor-Alat Tulis Kantor,ON PROCESS,708402,708402
KAB. WAJO,BADAN KESATUAN BANGSA DAN POLITIK - 8.01.0.00.0.00.01.0000,01KNJSWFKXNYQZYJBRQ6YCCQX6,63062752,2026,E-Katalog 6.0,APBD,MUSTAFA HI. BANDUNG,E-Purchasing,Barang,Belanja Makanan dan Minuman Aktivitas Lapangan,ON PROCESS,1426000,1426000
KAB. WAJO,PUSKESMAS WEWANGREWU - 1.02.0.00.0.00.01.0018,01KPQ3CM48JNHB5Q2EADHEKN3M,66766397,2026,E-Katalog 6.0,APBD,ANDI JUNENNI,E-Purchasing,Barang,Belanja Barang dan Jasa BOK Puskesmas pada sub kegiatan Pengelolaan Pelayanan Kesehatan Gizi Masyarakat,ON PROCESS,717000,717000
KAB. WAJO,SEKRETARIAT DEWAN PERWAKILAN RAKYAT DAERAH - 4.02.0.00.0.00.01.0000,01KQSD8WBMH81694JMMYBG9VZ9,63930999,2026,E-Katalog 6.0,APBD,MUSTAFA HI. BANDUNG,E-Purchasing,Barang,Belanja Makanan dan Minuman Rapat sub Kegiatan Pengawasan Urusan Pemerintahan Bidang Perekonomian,ON PROCESS,2415000,2415000
KAB. WAJO,PUSKESMAS SAJOANGING - 1.02.0.00.0.00.01.0012,01KRYTAFH9JP1YTZW9QQNP5KJG,66621011,2026,E-Katalog 6.0,APBD,SALWA NABILAH IDRIS,E-Purchasing,Barang,Belanja barang dan Jasa BOK Puskesmas pada sub kegiatan Bimbingan Teknis dan Supervisi Pengembangan dan Pelaksanaan Upaya Kesehatan Bersumber Daya Masyarakat (UKBM),ON PROCESS,149500,149500
KAB. WAJO,"DINAS KOMUNIKASI, INFORMATIKA DAN STATISTIK - 2.16.2.20.2.21.02.0000",01KWJN6QV21TGRY5X9J17F5K9D,65606990,2026,E-Katalog 6.0,APBD,INFO OMBB SIBER INDONESIA,E-Purchasing,Barang,Belanja Kawat/Faksimili/Internet/TV Berlangganan - Relasi Media ,ON PROCESS,5100000,5100000
KAB. WAJO,PUSKESMAS GILIRENG - 1.02.0.00.0.00.01.0019,01KR2QSSG21FF4KG7E1XC2EB3R,66073569,2026,E-Katalog 6.0,APBD,GEDDONG,E-Purchasing,Barang,Belanja Barang dan Jasa BOK Puskesmas pada Sub Kegiatan Pengelolaan Pelayanan Kesehatan Ibu Hamil,ON PROCESS,268500,268500
KAB. WAJO,"DINAS KOMUNIKASI, INFORMATIKA DAN STATISTIK - 2.16.2.20.2.21.02.0000",01KK87GCMB0M9HDEAVYZ2YS0ZN,65583884,2026,E-Katalog 6.0,APBD,AQILAHDAFFA,E-Purchasing,Barang,Belanja Alat/Bahan untuk Kegiatan Kantor-Perabot Kantor - Penyediaan Peralatan Rumah Tangga,ON PROCESS,4930000,4930000
KAB. WAJO,RSUD LAMADDUKELLENG - 1.02.0.00.0.00.01.0001,01KN0YZADGJ8DNBEDG69TZ0ZM1,65300982,2026,E-Katalog 6.0,BLUD,PRATAPA NIRMALA,E-Purchasing,Barang,Belanja Barang dan Jasa BLUD,ON PROCESS,10729260,10729260
KAB. WAJO,"DINAS KOMUNIKASI, INFORMATIKA DAN STATISTIK - 2.16.2.20.2.21.02.0000",01KQA0XQ1235YNAJVS09X9KKRV,65606990,2026,E-Katalog 6.0,APBD,PELAKITA MEDIA INDONESIA,E-Purchasing,Barang,Belanja Kawat/Faksimili/Internet/TV Berlangganan - Relasi Media ,ON PROCESS,7208340,7208340
KAB. WAJO,PUSKESMAS BELAWA - 1.02.0.00.0.00.01.0025,01KVSTBZNKHXTFVZ89WT4ND17T,66598483,2026,E-Katalog 6.0,APBD,MASDAWATI,E-Purchasing,Barang,Belanja Barang dan Jasa BLUD,ON PROCESS,449000,449000
KAB. WAJO,DINAS KESEHATAN - 1.02.0.00.0.00.01.0000,01KV1XXFWPP0AMV8767VAB82CN,66768717,2026,E-Katalog 6.0,APBD,SRI HANDAYANI ,E-Purchasing,Barang,Belanja Makanan dan Minuman Rapat pada sub kegiatan Pembinaan dan Pengawasan Sumber Daya Manusia Kesehatan,ON PROCESS,2373900,2373900
KAB. WAJO,"DINAS KOMUNIKASI, INFORMATIKA DAN STATISTIK - 2.16.2.20.2.21.02.0000",01KVFJC3KN6E5G306EYTM9XEPS,65606990,2026,E-Katalog 6.0,APBD,EXPOSE MEDIA GRUP,E-Purchasing,Barang,Belanja Kawat/Faksimili/Internet/TV Berlangganan - Relasi Media ,ON PROCESS,5040000,5040000
KAB. WAJO,SEKRETARIAT DAERAH - 4.01.0.00.0.00.01.0000,01KRVAXBDWNJPT15G6HV7NYB94,63637426,2026,E-Katalog 6.0,APBD,MITRA SERMANI HOTEL,E-Purchasing,Barang,Belanja Sewa Hotel,ON PROCESS,6200000,6200000
KAB. WAJO,KECAMATAN TEMPE - 7.01.0.00.0.00.14.0000,01KQYEKDC5S7K9QPDS7TY90TZX,64726060,2026,E-Katalog 6.0,APBD,ANDI ERNA,E-Purchasing,Barang,Belanja Makanan dan Minuman Rapat,ON PROCESS,1610000,1610000
KAB. WAJO,BADAN PENGELOLAAN KEUANGAN DAN PENDAPATAN DAERAH - 5.02.0.00.0.00.01.0000,01KKK0NVBS925K8F7Y54CG7V72,63366955,2026,E-Katalog 6.0,APBD,LISDAFIK,E-Purchasing,Barang,Belanja Alat/Bahan untuk Kegiatan Kantor- Bahan Cetak,ON PROCESS,2777500,2777500
KAB. WAJO,SEKRETARIAT DAERAH - 4.01.0.00.0.00.01.0000,01KSEB00D8T6J9W6J9SKEXWZAE,63636744,2026,E-Katalog 6.0,APBD,ANDI ERNA,E-Purchasing,Barang,Belanja Natura dan Pakan-Natura,ON PROCESS,477000,477000
KAB. WAJO,PUSKESMAS SAJOANGING - 1.02.0.00.0.00.01.0012,01KRW80TTM0YEVP7K6MMHDMRFX,66620220,2026,E-Katalog 6.0,APBD,SALWA NABILAH IDRIS,E-Purchasing,Barang,Belanja Barang dan jasa BOK Puskesmas pada sub kegiatan Pengelolaan Pelayanan Kesehatan Ibu Hamil,ON PROCESS,358000,358000
KAB. WAJO,PUSKESMAS SOLO - 1.02.0.00.0.00.01.0010,01KPMCB5QG1D0EQBVZ6E6D9TH1,66023206,2026,E-Katalog 6.0,APBD,NURFAIDAH,E-Purchasing,Barang,Belanja barang dan jasa BOK puskesmas pada sub kegiatan Pengelolaan Pelayanan Kesehatan Ibu Hamil,ON PROCESS,225000,225000
KAB. WAJO,RSUD LAMADDUKELLENG - 1.02.0.00.0.00.01.0001,01KPVP1PSDVVZJ18CYZC4CFYM0,65300982,2026,E-Katalog 6.0,BLUD,MEPROFARM,E-Purchasing,Barang,Belanja Barang dan Jasa BLUD,ON PROCESS,10914075,10914075
KAB. WAJO,BADAN KEPEGAWAIAN DAN PENGEMBANGAN SUMBER DAYA MANUSIA - 5.03.5.04.0.00.01.0000,10874673000,66984162,2026,Non Tender,APBD,CV. Tiga Tiga Tujuh Consultant,Pengadaan Langsung,Jasa Konsultansi Badan Usaha Konstruksi,Belanja Pemeliharaan Bangunan Gedung-Bangunan Gedung Tempat Kerja-Bangunan Gedung Kantor pada Kegiatan Pemeliharaan/Rehabilitasi Gedung Kantor dan Bangunan Lainnya (PERENCANAAN),SELESAI,3400000,3400000
KAB. WAJO,PUSKESMAS SOLO - 1.02.0.00.0.00.01.0010,01KRYX5HNNNZ7W9N5B72SA6D4S,66023206,2026,E-Katalog 6.0,APBD,NURFAIDAH,E-Purchasing,Barang,Belanja barang dan jasa BOK puskesmas pada sub kegiatan Pengelolaan Pelayanan Kesehatan Ibu Hamil,ON PROCESS,225000,225000
KAB. WAJO,BADAN PENGELOLAAN KEUANGAN DAN PENDAPATAN DAERAH - 5.02.0.00.0.00.01.0000,01KK07B7V6AQYD84C652A45EM8,63463227,2026,E-Katalog 6.0,APBD,ANDI AKHYAR SULAIMAN,E-Purchasing,Barang,Belanja Alat/Bahan untuk Kegiatan Kantor-Alat Tulis Kantor,ON PROCESS,757502,757502
KAB. WAJO,RSUD LAMADDUKELLENG - 1.02.0.00.0.00.01.0001,01KRFD71TFZF2T3AG36WW72XNR,65300982,2026,E-Katalog 6.0,BLUD,WIRA USAHA INTI SUKSES,E-Purchasing,Barang,Belanja Barang dan Jasa BLUD,ON PROCESS,33883860,33883860
KAB. WAJO,PUSKESMAS TEMPE - 1.02.0.00.0.00.01.0006,01KNNEXSBWGAHFQPX6DP7N95Z0,65899120,2026,E-Katalog 6.0,APBD,MUHAMMAD ZULKARNAIN,E-Purchasing,Barang,Belanja Barang dan Jasa BLUD,ON PROCESS,1181400,1181400
KAB. WAJO,"SATUAN POLISI PAMONG PRAJA, PEMADAM KEBAKARAN DAN PENYELAMATAN - 1.05.0.00.0.00.01.0000",01KGJZJJSKKE0J2K1RFZ1147FZ,64200878,2026,E-Katalog 6.0,APBD,IVA YULIANTI,E-Purchasing,Barang,Belanja Makanan dan Minuman Rapat,ON PROCESS,1372500,1372500
KAB. WAJO,DINAS KESEHATAN - 1.02.0.00.0.00.01.0000,01KVA54V6NEHQVZ8JPRBC7CMES,66768636,2026,E-Katalog 6.0,APBD,ARSYAD M,E-Purchasing,Barang,Belanja Alat/Bahan untuk Kegiatan Kantor-Alat Tulis Kantor pada sub kegiatan Pendataan dan Pengolahan Administrasi Kepegawaian,ON PROCESS,2946789,2946789
KAB. WAJO,PUSKESMAS MANIANGPAJO - 1.02.0.00.0.00.01.0021,01KTJPJ9HPPYF36WMDER292MQ4,66071513,2026,E-Katalog 6.0,APBD,MASDAWATI,E-Purchasing,Barang,Belanja Barang dan Jasa BOK Puskesmas Pada Sub Kegiatan Pengelolaan Pelayanan Kesehatan Ibu Hamil,ON PROCESS,150000,150000
KAB. WAJO,DINAS PENDIDIKAN DAN KEBUDAYAAN - 1.01.2.22.0.00.02.0000,01KW91GMR8QQ666MG70KA7JTME,63028092,2026,E-Katalog 6.0,APBD,AQILAHDAFFA,E-Purchasing,Jasa Lainnya,Belanja Makanan dan Minuman Jamuan Tamu,ON PROCESS,3049000,3049000
KAB. WAJO,"DINAS KOMUNIKASI, INFORMATIKA DAN STATISTIK - 2.16.2.20.2.21.02.0000",01KVFKP3JT6RB5FJQEQKSPQQRA,65606990,2026,E-Katalog 6.0,APBD,MEDIA FAHMI PUTRA CELEBES,E-Purchasing,Barang,Belanja Kawat/Faksimili/Internet/TV Berlangganan - Relasi Media ,ON PROCESS,5100000,5100000
KAB. WAJO,RSUD SIWA - 1.02.0.00.0.00.01.0002,01KQS1BD9J5F4VQ1R7DPTJPYBC,66883851,2026,E-Katalog 6.0,BLUD,HEXPHARM JAYA LABORATORIES,E-Purchasing,Barang,Belanja Barang dan Jasa BLUD,ON PROCESS,4303470,4303470
KAB. WAJO,RSUD LAMADDUKELLENG - 1.02.0.00.0.00.01.0001,01KHJ01MBS4KVT81VB33MT0V7J,65300982,2026,E-Katalog 6.0,BLUD,DEXA MEDICA,E-Purchasing,Barang,Belanja Barang dan Jasa BLUD,ON PROCESS,88261983,88261983
KAB. WAJO,DINAS PENANAMAN MODAL DAN PELAYANAN TERPADU SATU PINTU - 2.18.0.00.0.00.01.0000,01KR36NBZSAHBNHSMWSYT65FHZ,67102887,2026,E-Katalog 6.0,APBD,SAHAJA ATMA ADIPATI,E-Purchasing,Jasa Lainnya,Belanja Jasa yang Diberikan kepada Pihak Ketiga/Pihak lain,ON PROCESS,2000000,2000000
KAB. WAJO,SEKRETARIAT DEWAN PERWAKILAN RAKYAT DAERAH - 4.02.0.00.0.00.01.0000,01KFW4FFR5H5J7JYSHB6AVAAPD,63931773,2026,E-Katalog 6.0,APBD,ANDI SUKMAWATI TABRANI,E-Purchasing,Barang,Belanja Makanan dan Minuman Rapat Pelaksanaan Reses,ON PROCESS,6900000,6900000
KAB. WAJO,KECAMATAN MAJAULENG - 7.01.0.00.0.00.05.0000,01KN0V0A6E3038VMDT8N69TSNQ,65625284,2026,E-Katalog 6.0,APBD,MEGAWATI,E-Purchasing,Jasa Lainnya,Belanja Makanan dan Minuman Rapat,ON PROCESS,1140000,1140000
KAB. WAJO,KECAMATAN SAJOANGING - 7.01.0.00.0.00.11.0000,01KQSABR813420SXFRF2HNV516,65380583,2026,E-Katalog 6.0,APBD,ANDI AKHYAR SULAIMAN,E-Purchasing,Barang,Penyusunan Dokumen Perencanaan Perangkat Daerah,ON PROCESS,233000,233000
KAB. WAJO,SEKRETARIAT DEWAN PERWAKILAN RAKYAT DAERAH - 4.02.0.00.0.00.01.0000,01KKX8YE6FW7EHGHFGZKYJHJWT,63932483,2026,E-Katalog 6.0,APBD,FITRI RAHMADHANI,E-Purchasing,Barang,Belanja Makanan dan Minuman Rapat Propemperda,ON PROCESS,1610000,1610000
KAB. WAJO,DINAS PERUMAHAN DAN KAWASAN PERMUKIMAN - 1.04.0.00.0.00.01.0000,01KW1GK4MHEBDKT0K5ERMY2T5T,67339462,2026,E-Katalog 6.0,APBD,MUKHTAR,E-Purchasing,Barang,Belanja Pemeliharaan Alat Kantor (Service) pada Kegiatan Penyediaan Jasa Peralatan dan Perlengkapan Kantor,ON PROCESS,1000000,1000000
KAB. WAJO,PUSKESMAS TAKKALALLA - 1.02.0.00.0.00.01.0011,01KVA7Q22WY3DB539WG1NJFBQV,66026020,2026,E-Katalog 6.0,APBD,SITTI AISYAH,E-Purchasing,Barang,Belanja Barang dan Jasa BOK Puskesmas Sub Kegiatan Bimbingan Teknis dan Supervisi Pengembangan dan Pelaksanaan Upaya Kesehatan Bersumber Daya Masyarakat (UKBM),ON PROCESS,225000,225000
KAB. WAJO,PUSKESMAS PAMMANA - 1.02.0.00.0.00.01.0009,01KQXFAWPCPYJNGHEH4RKDR2JN,65993330,2026,E-Katalog 6.0,APBD,MUHAMMAD ZULKARNAIN,E-Purchasing,Barang,Belanja Barang dan Jasa BLUD,ON PROCESS,2629000,2629000
KAB. WAJO,"BADAN PERENCANAAN PEMBANGUNAN, RISET DAN INOVASI DAERAH - 5.01.5.05.0.00.01.0000",01KP3BT6ATSP3EQ4BAM1VHMKZW,65501814,2026,E-Katalog 6.0,APBD,ANDI AKHYAR SULAIMAN,E-Purchasing,Barang,Belanja Alat/Bahan untuk Kegiatan Kantor-Alat Tulis Kantor,ON PROCESS,265500,265500
KAB. WAJO,PUSKESMAS WEWANGREWU - 1.02.0.00.0.00.01.0018,01KTK68E4RFVB4Z1N8SNR1VW84,66731115,2026,E-Katalog 6.0,APBD,MUHAMMAD RESKY,E-Purchasing,Barang,Belanja Barang dan Jasa BLUD,ON PROCESS,430200,430200
KAB. WAJO,PUSKESMAS SOLO - 1.02.0.00.0.00.01.0010,01KRFC0HF15ZNF9G485FEQK5TX,66023206,2026,E-Katalog 6.0,APBD,NURFAIDAH,E-Purchasing,Barang,Belanja barang dan jasa BOK puskesmas pada sub kegiatan Pengelolaan Pelayanan Kesehatan Ibu Hamil,ON PROCESS,225000,225000
KAB. WAJO,"DINAS KOMUNIKASI, INFORMATIKA DAN STATISTIK - 2.16.2.20.2.21.02.0000",01KJME16MS78B7P2KNPMDVR6DN,65606990,2026,E-Katalog 6.0,APBD,GLOBALINDO ANDIN MANDIRI,E-Purchasing,Barang,Belanja Kawat/Faksimili/Internet/TV Berlangganan - Relasi Media ,ON PROCESS,2125000,2125000
KAB. WAJO,RSUD LAMADDUKELLENG - 1.02.0.00.0.00.01.0001,01KTJQM2CF99S1SD4X5GJ48M18,65300982,2026,E-Katalog 6.0,BLUD,HORIBA INDONESIA,E-Purchasing,Barang,Belanja Barang dan Jasa BLUD,ON PROCESS,16104000,0
KAB. WAJO,PUSKESMAS TEMPE - 1.02.0.00.0.00.01.0006,01KTBFPQ6JN6TRRX52T7NXG9VD,65899120,2026,E-Katalog 6.0,APBD,ANDI JUNENNI,E-Purchasing,Barang,Belanja Barang dan Jasa BLUD,ON PROCESS,382400,382400
KAB. WAJO,SEKRETARIAT DEWAN PERWAKILAN RAKYAT DAERAH - 4.02.0.00.0.00.01.0000,01KMMNX43EGXHS7S28JR261D09,63928679,2026,E-Katalog 6.0,APBD,ANDI ROHANA,E-Purchasing,Barang,Belanja Natura dan Pakan-Natura Penyediaan Kebutuhan Rumah Tangga,ON PROCESS,24930683,24930683
KAB. WAJO,PUSKESMAS TEMPE - 1.02.0.00.0.00.01.0006,01KS767PT4P9Z41MSFSXR7YTAC,66750958,2026,E-Katalog 6.0,APBD,MUHAMMAD ZULKARNAIN,E-Purchasing,Barang,Belanja Barang dan Jasa BOK Puskesmas pada Sub Kegiatan Pengelolaan Pelayanan Kesehatan Ibu Hamil,ON PROCESS,250600,250600
KAB. WAJO,"SATUAN POLISI PAMONG PRAJA, PEMADAM KEBAKARAN DAN PENYELAMATAN - 1.05.0.00.0.00.01.0000",01KRB65XQ5QJK9JTHXGQ0QBS3D,66916167,2026,E-Katalog 6.0,APBD,ANDI MARWANAH,E-Purchasing,Barang,Belanja Makanan dan Minuman Aktivitas Lapangan,ON PROCESS,4842000,4842000
KAB. WAJO,RSUD SIWA - 1.02.0.00.0.00.01.0002,01KR3F3EMZFSB444T47CJZC693,66883851,2026,E-Katalog 6.0,BLUD,BERNOFARM,E-Purchasing,Barang,Belanja Barang dan Jasa BLUD,ON PROCESS,4870125,4870125
KAB. WAJO,PUSKESMAS TEMPE - 1.02.0.00.0.00.01.0006,01KRZMHA4FCGZH7HSVA0S3D474,66750958,2026,E-Katalog 6.0,APBD,MUHAMMAD ZULKARNAIN,E-Purchasing,Barang,Belanja Barang dan Jasa BOK Puskesmas pada Sub Kegiatan Pengelolaan Pelayanan Kesehatan Ibu Hamil,ON PROCESS,250600,250600
KAB. WAJO,KECAMATAN PENRANG - 7.01.0.00.0.00.08.0000,01KN3012VR82FCFPQ91T5FKAAQ,66126534,2026,E-Katalog 6.0,APBD,ANDI AKHYAR SULAIMAN,E-Purchasing,Barang,Belanja Alat/Bahan untuk Kegiatan Kantor-Alat Tulis Kantor,ON PROCESS,1995500,1995500
KAB. WAJO,SEKRETARIAT DAERAH - 4.01.0.00.0.00.01.0000,01KVCM5MEEVZCV4K9Y7X708NRF,64737005,2026,E-Katalog 6.0,APBD,ANDI AKHYAR SULAIMAN,E-Purchasing,Barang,Belanja Alat/Bahan untuk Kegiatan Kantor-Alat Tulis Kantor,ON PROCESS,6674000,6674000
KAB. WAJO,KECAMATAN SABBANGPARU - 7.01.0.00.0.00.10.0000,01KRFHN0GWVJZF26EHJV7J7P8Q,65655545,2026,E-Katalog 6.0,APBD,ASTI WAHYUNI,E-Purchasing,Barang,Belanja Makanan dan Minuman Rapat Kegiatan Penyediaan Jasa Pelayanan Umum Kantor,ON PROCESS,3010000,3010000
KAB. WAJO,"BADAN PERENCANAAN PEMBANGUNAN, RISET DAN INOVASI DAERAH - 5.01.5.05.0.00.01.0000",01KTGE913V10A2ZC0169Q2MGY0,62968549,2026,E-Katalog 6.0,APBD,ANDI ERNA,E-Purchasing,Barang,Belanja Makanan dan Minuman Rapat,ON PROCESS,4432200,4432200
KAB. WAJO,"DINAS KOMUNIKASI, INFORMATIKA DAN STATISTIK - 2.16.2.20.2.21.02.0000",01KVF65ZFHF13FW96PJ5877SYT,65606990,2026,E-Katalog 6.0,APBD,GLOBALINDO ANDIN MANDIRI,E-Purchasing,Barang,Belanja Kawat/Faksimili/Internet/TV Berlangganan - Relasi Media ,ON PROCESS,5100000,5100000
KAB. WAJO,"DINAS PERINDUSTRIAN, PERDAGANGAN, KOPERASI, USAHA KECIL DAN MENENGAH - 2.17.3.30.3.31.01.0000",01KMHX9SE7XS90CPRY1F0G36MY,65975734,2026,E-Katalog 6.0,APBD,AQILAHDAFFA,E-Purchasing,Barang,Belanja Alat/Bahan untuk Kegiatan Kantor- Bahan Cetak pada Sub Kegiatan Pelaksanaan Operasi Pasar Reguler dan Pasar Khusus yang Berdampak dalam 1 (Satu) Kabupaten/Kota,ON PROCESS,297000,297000
KAB. WAJO,PUSKESMAS GILIRENG - 1.02.0.00.0.00.01.0019,01KPCZGV9FBJYAP19QHQJZ1T0W,66073569,2026,E-Katalog 6.0,APBD,GEDDONG,E-Purchasing,Barang,Belanja Barang dan Jasa BOK Puskesmas pada Sub Kegiatan Pengelolaan Pelayanan Kesehatan Ibu Hamil,ON PROCESS,268500,268500
KAB. WAJO,PUSKESMAS GILIRENG - 1.02.0.00.0.00.01.0019,01KRDNARNN9QAY95ZKVVDJHKRR,66073569,2026,E-Katalog 6.0,APBD,GEDDONG,E-Purchasing,Barang,Belanja Barang dan Jasa BOK Puskesmas pada Sub Kegiatan Pengelolaan Pelayanan Kesehatan Ibu Hamil,ON PROCESS,268500,268500
KAB. WAJO,RSUD LAMADDUKELLENG - 1.02.0.00.0.00.01.0001,01KJEPM2QNPYAPAHP8G7XRMGNS,65300982,2026,E-Katalog 6.0,BLUD,YARINDO FARMATAMA,E-Purchasing,Barang,Belanja Barang dan Jasa BLUD,ON PROCESS,32960340,32960340
KAB. WAJO,RSUD LAMADDUKELLENG - 1.02.0.00.0.00.01.0001,01KPSXYD40QDYYSGGKMF219SWR,65300982,2026,E-Katalog 6.0,BLUD,TRIPUTRA TECHNO MED,E-Purchasing,Barang,Belanja Barang dan Jasa BLUD,ON PROCESS,2871426,0
KAB. WAJO,RSUD SIWA - 1.02.0.00.0.00.01.0002,01KTTXHDDNNFSBMK5KE7HPQ34Y,66883851,2026,E-Katalog 6.0,BLUD,ANUGRAH SALMAN MEDIKA,E-Purchasing,Barang,Belanja Barang dan Jasa BLUD,ON PROCESS,6105000,0
KAB. WAJO,"DINAS KOMUNIKASI, INFORMATIKA DAN STATISTIK - 2.16.2.20.2.21.02.0000",01KQ6Q7YXNBCPJGKT0DB11GPTK,65607097,2026,E-Katalog 6.0,APBD,AQILAHDAFFA,E-Purchasing,Barang,"Belanja Makanan dan Minuman Rapat - Monitoring Informasi Kebijakan, Opini, dan Aspirasi Publik  ",ON PROCESS,4618600,4618600
KAB. WAJO,"DINAS KOMUNIKASI, INFORMATIKA DAN STATISTIK - 2.16.2.20.2.21.02.0000",01KPYXSKK5471P7BTNFDNRP8JK,65611379,2026,E-Katalog 6.0,APBD,ANDI AKHYAR SULAIMAN,E-Purchasing,Barang,Belanja Alat/Bahan untuk Kegiatan Kantor-Alat Tulis Kantor - Pengelolaan Sumber Daya Keamanan Informasi dan Persandian Pemerintah Daerah berdasarkan Analisis Kebutuhan,ON PROCESS,466500,466500
KAB. WAJO,KECAMATAN SABBANGPARU - 7.01.0.00.0.00.10.0000,01KTR34ZQE0N0DAF7E2P1BJ73S,65655545,2026,E-Katalog 6.0,APBD,ASTI WAHYUNI,E-Purchasing,Barang,Belanja Makanan dan Minuman Rapat Kegiatan Penyediaan Jasa Pelayanan Umum Kantor,ON PROCESS,3440000,3440000
KAB. WAJO,DINAS PERIKANAN - 3.25.0.00.0.00.01.0000,01KNKMGT6JASFYPFGEDSKXMRYK,64497944,2026,E-Katalog 6.0,APBD,MEGAWATI,E-Purchasing,Barang,Belanja Makanan dan Minuman Rapat kegiatan Penyediaan Jasa Pelayanan Umum Kantor,ON PROCESS,1100000,1100000
KAB. WAJO,SEKRETARIAT DEWAN PERWAKILAN RAKYAT DAERAH - 4.02.0.00.0.00.01.0000,01KFQ9NCT5GP7G1K2CT2J5AWNA,63931773,2026,E-Katalog 6.0,APBD,ANDI SUKMAWATI TABRANI,E-Purchasing,Barang,Belanja Makanan dan Minuman Rapat Pelaksanaan Reses,ON PROCESS,6900000,6900000
KAB. WAJO,RSUD SIWA - 1.02.0.00.0.00.01.0002,01KWJTZ1QYQSTA3NMPXRR29HAM,66877437,2026,E-Katalog 6.0,BLUD,NUSANTARA MEDIA COMPUTINDO,E-Purchasing,Barang,Belanja Modal Peralatan dan Mesin BLUD,ON PROCESS,27378150,27378150
KAB. WAJO,DINAS PERIKANAN - 3.25.0.00.0.00.01.0000,01KPSNFKQQW9P9PHR9N17N5A47,64500114,2026,E-Katalog 6.0,APBD,CINTA ALAM RAYA,E-Purchasing,Barang,Belanja Modal Peralatan Personal Computer kegiatan Penyediaan Peralatan dan Perlengkapan Kantor,ON PROCESS,3663000,3663000
KAB. WAJO,PUSKESMAS SALOBULO - 1.02.0.00.0.00.01.0013,01KQEZPDJ5Q192YX900CRHNXEB,66080555,2026,E-Katalog 6.0,APBD,ANDI JUNENNI,E-Purchasing,Barang,Belanja Barang dan Jasa BOK Puskesmas pada sub kegiatan Pengelolaan Gizi Masyarakat,ON PROCESS,358000,358000
KAB. WAJO,"SATUAN POLISI PAMONG PRAJA, PEMADAM KEBAKARAN DAN PENYELAMATAN - 1.05.0.00.0.00.01.0000",01KS7CHGW6HJG9FMAGYMDC08QN,64064652,2026,E-Katalog 6.0,APBD,ANDI FADLI,E-Purchasing,Barang,Belanja Peralatan dan Mesin-Alat Angkutan-Alat Angkutan Darat Bermotor-Kendaraan Bermotor Penumpang,ON PROCESS,10205340,10205340
KAB. WAJO,SEKRETARIAT DAERAH - 4.01.0.00.0.00.01.0000,01KRVAJCNV3RV43HNF599CFR5W,63636068,2026,E-Katalog 6.0,APBD,ANDI ERNA,E-Purchasing,Barang,Belanja Natura dan Pakan-Natura,ON PROCESS,3200000,3200000
KAB. WAJO,DINAS KEPENDUDUKAN DAN PENCATATAN SIPIL - 2.12.0.00.0.00.01.0000,01KSE6FMVF5T3SRC52EZQKNWTC,66537010,2026,E-Katalog 6.0,APBD,ANDI AKHYAR SULAIMAN,E-Purchasing,Barang,Belanja Alat/Bahan untuk Kegiatan Kantor-Alat Tulis Kantor,ON PROCESS,1150000,1150000
KAB. WAJO,DINAS PERHUBUNGAN - 2.15.0.00.0.00.01.0000,01KSHJNQZVSNYF8A6KWTHVDAXP,66878383,2026,E-Katalog 6.0,APBD,WAHYU RABBANIAH,E-Purchasing,Barang,Belanja Bahan-Bahan Bangunan dan Konstruksi,PAYMENT OUTSIDE SYSTEM,4273500,4273500
KAB. WAJO,PUSKESMAS TOSORA - 1.02.0.00.0.00.01.0016,01KQS1W2R8EWCRYPPARBJWYNQ5,66096187,2026,E-Katalog 6.0,APBD,ASTI WAHYUNI,E-Purchasing,Barang,Belanja Barang dan Jasa BOK Puskesmas pada Sub Kegiatan Pengelolaan Pelayanan Kesehatan Ibu Hamil ,ON PROCESS,304300,304300
KAB. WAJO,PUSKESMAS TAKKALALLA - 1.02.0.00.0.00.01.0011,01KR39Q61V2K74CP7MJETKWPT0,66026020,2026,E-Katalog 6.0,APBD,SITTI AISYAH,E-Purchasing,Barang,Belanja Barang dan Jasa BOK Puskesmas Sub Kegiatan Bimbingan Teknis dan Supervisi Pengembangan dan Pelaksanaan Upaya Kesehatan Bersumber Daya Masyarakat (UKBM),ON PROCESS,180000,180000
KAB. WAJO,PUSKESMAS WEWANGREWU - 1.02.0.00.0.00.01.0018,01KS43GND1JSWMNNZP05MSDXY6,66731115,2026,E-Katalog 6.0,APBD,MUHAMMAD RESKY,E-Purchasing,Barang,Belanja Barang dan Jasa BLUD,ON PROCESS,221000,221000
KAB. WAJO,RSUD SIWA - 1.02.0.00.0.00.01.0002,01KTTS7ZGE0GZMPJXESH71CHZJ,66883851,2026,E-Katalog 6.0,BLUD,ANUGRAH SALMAN MEDIKA,E-Purchasing,Barang,Belanja Barang dan Jasa BLUD,ON PROCESS,5670535,5670535
KAB. WAJO,DINAS PERTANIAN DAN KETAHANAN PANGAN - 2.09.3.27.0.00.02.0000,01KRX6ST04JGBTE8M9J0SHXJRY,66410784,2026,E-Katalog 6.0,APBD,REFKIYANI,E-Purchasing,Barang,Belanja Modal Alat Pembersih,ON PROCESS,3387450,3387450
KAB. WAJO,DINAS PENDIDIKAN DAN KEBUDAYAAN - 1.01.2.22.0.00.02.0000,01KPFVKSAD96T5KQJKC7RK8R29,63029276,2026,E-Katalog 6.0,APBD,AQILAHDAFFA,E-Purchasing,Barang,Belanja Alat/Bahan untuk Kegiatan Kantor-Alat Tulis Kantor,ON PROCESS,621000,621000
KAB. WAJO,SEKRETARIAT DAERAH - 4.01.0.00.0.00.01.0000,01KH16619VYS6NQMSC52TK1DA1,63636744,2026,E-Katalog 6.0,APBD,ANDI NIRWANA,E-Purchasing,Barang,Belanja Natura dan Pakan-Natura,ON PROCESS,19215000,19215000
KAB. WAJO,PUSKESMAS PAMMANA - 1.02.0.00.0.00.01.0009,01KQC4EMRZASYR36FRAWRF8MRZ,65993330,2026,E-Katalog 6.0,APBD,FAIZAL,E-Purchasing,Barang,Belanja Barang dan Jasa BLUD,PAYMENT OUTSIDE SYSTEM,11941031,11941031
KAB. WAJO,PUSKESMAS TAKKALALLA - 1.02.0.00.0.00.01.0011,01KTAV5KVXNYKPKT18SJWTD7PP,66009374,2026,E-Katalog 6.0,APBD,SITTI AISYAH,E-Purchasing,Barang,"Belanja Barang dan Jasa BOK Puskesmas Sub Kegiatan Peningkatan Upaya Promosi Kesehatan, Advokasi, Kemitraan dan Pemberdayaan Masyarakat",ON PROCESS,225000,225000
KAB. WAJO,PUSKESMAS PITUMPANUA - 1.02.0.00.0.00.01.0024,01KNGGTTH5WJJW647HEE0E58C7,66779849,2026,E-Katalog 6.0,APBD,ANDI JUNENNI,E-Purchasing,Barang,Belanja Barang dan Jasa BLUD,ON PROCESS,2390000,2390000
KAB. WAJO,"BADAN PERENCANAAN PEMBANGUNAN, RISET DAN INOVASI DAERAH - 5.01.5.05.0.00.01.0000",01KPWGM3VR5TTH3E5SC0P1WB4M,63893675,2026,E-Katalog 6.0,APBD,ANDI AKHYAR SULAIMAN,E-Purchasing,Barang,Belanja Alat/Bahan untuk Kegiatan Kantor-Benda Pos,ON PROCESS,600000,600000
KAB. WAJO,PUSKESMAS TEMPE - 1.02.0.00.0.00.01.0006,01KWV28N8QK4JMT49J6T4R9CH3,66750958,2026,E-Katalog 6.0,APBD,MUHAMMAD ZULKARNAIN,E-Purchasing,Barang,Belanja Barang dan Jasa BOK Puskesmas pada Sub Kegiatan Pengelolaan Pelayanan Kesehatan Ibu Hamil,ON PROCESS,322200,322200
KAB. WAJO,RSUD LAMADDUKELLENG - 1.02.0.00.0.00.01.0001,01KW93ZS4J8YE4DSEDTZZ6VFGP,65300982,2026,E-Katalog 6.0,BLUD,PRATAPA NIRMALA,E-Purchasing,Barang,Belanja Barang dan Jasa BLUD,ON PROCESS,21738240,21738240
KAB. WAJO,RSUD LAMADDUKELLENG - 1.02.0.00.0.00.01.0001,01KPT44TBD2CN3EGHKJPNHMHDT,65300982,2026,E-Katalog 6.0,BLUD,MEDICAL SOLUTION INDONESIA,E-Purchasing,Barang,Belanja Barang dan Jasa BLUD,ON PROCESS,1537350,1537350
KAB. WAJO,PUSKESMAS BELAWA - 1.02.0.00.0.00.01.0025,01KW1HPRH2QASA1Q37RKFW2BC1,66750913,2026,E-Katalog 6.0,APBD,MASDAWATI,E-Purchasing,Barang,Belanja Barang dan Jasa BOK Puskesmas pada sub kegiatan Pengelolaan Pelayanan Kesehatan Ibu Hamil,ON PROCESS,195000,195000
KAB. WAJO,PUSKESMAS BELAWA - 1.02.0.00.0.00.01.0025,01KTRBQ012X6F74VEKMB29SHHE,66750913,2026,E-Katalog 6.0,APBD,MASDAWATI,E-Purchasing,Barang,Belanja Barang dan Jasa BOK Puskesmas pada sub kegiatan Pengelolaan Pelayanan Kesehatan Ibu Hamil,ON PROCESS,195000,195000
KAB. WAJO,RSUD LAMADDUKELLENG - 1.02.0.00.0.00.01.0001,01KWBQFQTN7SBC8AGJ29WFX04A,65300982,2026,E-Katalog 6.0,BLUD,OTSUKA INDONESIA,E-Purchasing,Barang,Belanja Barang dan Jasa BLUD,ON PROCESS,32266577,32266577
KAB. WAJO,RSUD LAMADDUKELLENG - 1.02.0.00.0.00.01.0001,01KRFH59WYZZJV67PKN9ZZS2NY,65300982,2026,E-Katalog 6.0,BLUD,SAHABAT ALIANSI,E-Purchasing,Barang,Belanja Barang dan Jasa BLUD,ON PROCESS,24160000,24160000
KAB. WAJO,RSUD LAMADDUKELLENG - 1.02.0.00.0.00.01.0001,01KJC8S0YAPQS3YVFXWWGW56BM,65300982,2026,E-Katalog 6.0,BLUD,NUSANTARA PRIMA MEDICALINDO,E-Purchasing,Barang,Belanja Barang dan Jasa BLUD,ON PROCESS,28638000,0
KAB. WAJO,PUSKESMAS TAKKALALLA - 1.02.0.00.0.00.01.0011,01KS46JAE6W0CBS7KV2Z5WWB9P,66025540,2026,E-Katalog 6.0,APBD,SITTI AISYAH,E-Purchasing,Barang,Belanja Barang dan Jasa BOK Puskesmas Sub Kegiatan Pengelolaan Pelayanan Kesehatan Ibu Hamil,ON PROCESS,180000,180000
KAB. WAJO,SEKRETARIAT DAERAH - 4.01.0.00.0.00.01.0000,01KGSKJR32343YS96W7MDZXPAB,63592165,2026,E-Katalog 6.0,APBD,IIP WISUDAWATI,E-Purchasing,Barang,Belanja Pemeliharaan Alat Kantor dan Rumah Tangga-Alat Kantor-Alat Kantor Lainnya,ON PROCESS,3595000,3595000
KAB. WAJO,KECAMATAN TEMPE - 7.01.0.00.0.00.14.0000,01KWC9YPD0A6M9AJTHRGMXKJXG,64726059,2026,E-Katalog 6.0,APBD,AQILAHDAFFA,E-Purchasing,Barang,Belanja Natura dan Pakan-Natura,ON PROCESS,10946100,10946100
KAB. WAJO,KECAMATAN TEMPE - 7.01.0.00.0.00.14.0000,01KV9JJQXVNNGEW9BT5YF2P7GH,64721496,2026,E-Katalog 6.0,APBD,ANDI ERNA,E-Purchasing,Barang,Belanja Makanan dan Minuman Rapat,ON PROCESS,920000,920000
KAB. WAJO,RSUD LAMADDUKELLENG - 1.02.0.00.0.00.01.0001,01KNKARDCESNMBZE4RW5HNJMMX,65300982,2026,E-Katalog 6.0,BLUD,SAFELOCK MEDICAL,E-Purchasing,Barang,Belanja Barang dan Jasa BLUD,ON PROCESS,5999567,5999567
KAB. WAJO,KECAMATAN PAMMANA - 7.01.0.00.0.00.07.0000,01KVC3XDPRB662485FTMMW9VTB,65756780,2026,E-Katalog 6.0,APBD,ANDI ERNA,E-Purchasing,Barang,Belanja Makanan dan Minuman Rapat ,ON PROCESS,47799,47799
KAB. WAJO,DINAS LINGKUNGAN HIDUP - 2.11.0.00.0.00.01.0000,01KJTX5W3J9Z0R2XTS8MAQBBT6,65712015,2026,E-Katalog 6.0,APBD,SUDWIKATMONO,E-Purchasing,Barang,Belanja Pemeliharaan Alat Angkutan-Alat Angkutan Darat Bermotor-Kendaraan Bermotor Angkutan Barang,ON PROCESS,23593938,23593938
KAB. WAJO,DINAS PERTANIAN DAN KETAHANAN PANGAN - 2.09.3.27.0.00.02.0000,01KQS7629HDVFY47XHK2TNQC1R,66410793,2026,E-Katalog 6.0,APBD,REZKY JAYA ABADI,E-Purchasing,Barang,Belanja Modal Alat Laboratorium Lain,ON PROCESS,29392800,29392800
KAB. WAJO,KECAMATAN SABBANGPARU - 7.01.0.00.0.00.10.0000,01KRXF3T2BQ3495P9KRTJC7BP3,65658601,2026,E-Katalog 6.0,APBD,ANDI AKHYAR SULAIMAN,E-Purchasing,Barang,Belanja Alat/Bahan untuk Kegiatan Kantor- Bahan Cetak Kegiatan Penyediaan Barang Cetakan dan Penggandaan,ON PROCESS,250000,250000
KAB. WAJO,DINAS PERUMAHAN DAN KAWASAN PERMUKIMAN - 1.04.0.00.0.00.01.0000,01KQXYR9RZ8VJ5G4CY1FNJ4JSD,67039992,2026,E-Katalog 6.0,APBD,TAMIYA NURUL WULANDA,E-Purchasing,Barang,Belanja Makanan dan Minuman Rapat pada kegiatan Pembangunan Rumah bagi Korban Bencana,ON PROCESS,420000,420000
KAB. WAJO,PUSKESMAS SAJOANGING - 1.02.0.00.0.00.01.0012,01KPW9FXM4AGYVN4S0ZSMG2RFR,66620220,2026,E-Katalog 6.0,APBD,SALWA NABILAH IDRIS,E-Purchasing,Barang,Belanja Barang dan jasa BOK Puskesmas pada sub kegiatan Pengelolaan Pelayanan Kesehatan Ibu Hamil,ON PROCESS,358000,358000
KAB. WAJO,BADAN PENGELOLAAN KEUANGAN DAN PENDAPATAN DAERAH - 5.02.0.00.0.00.01.0000,01KSH13VYJPT580J0VTKTZ82S4,64000030,2026,E-Katalog 6.0,APBD,ANDI JUNENNI,E-Purchasing,Barang,Belanja Makanan dan Minuman Rapat,ON PROCESS,420000,420000
KAB. WAJO,"DINAS KOMUNIKASI, INFORMATIKA DAN STATISTIK - 2.16.2.20.2.21.02.0000",01KQ6RVJJ0ZZ39B5PECSJ81JZC,65570853,2026,E-Katalog 6.0,APBD,ANDI AKHYAR SULAIMAN,E-Purchasing,Barang,Belanja Alat/Bahan untuk Kegiatan Kantor-Alat Tulis Kantor - Koordinasi dan Penyusunan DPA-SKPD,ON PROCESS,479000,479000
KAB. WAJO,"BADAN PERENCANAAN PEMBANGUNAN, RISET DAN INOVASI DAERAH - 5.01.5.05.0.00.01.0000",01KPAMMXCPT17RDP6ZEG51WNVZ,65208966,2026,E-Katalog 6.0,APBD,ANDI AKHYAR SULAIMAN,E-Purchasing,Barang,Belanja Alat/Bahan untuk Kegiatan Kantor- Bahan Cetak,ON PROCESS,1269000,1269000
KAB. WAJO,PUSKESMAS SOLO - 1.02.0.00.0.00.01.0010,01KR00F4GMZDFQ9FFRMSGY0XCT,66023206,2026,E-Katalog 6.0,APBD,NURFAIDAH,E-Purchasing,Barang,Belanja barang dan jasa BOK puskesmas pada sub kegiatan Pengelolaan Pelayanan Kesehatan Ibu Hamil,ON PROCESS,225000,225000
KAB. WAJO,"DINAS KOMUNIKASI, INFORMATIKA DAN STATISTIK - 2.16.2.20.2.21.02.0000",01KJS711W1M23P5PG2NT523KKE,65606990,2026,E-Katalog 6.0,APBD,MEDIA DIGITAL MANDIRI,E-Purchasing,Barang,Belanja Kawat/Faksimili/Internet/TV Berlangganan - Relasi Media ,ON PROCESS,2125000,2125000
KAB. WAJO,PUSKESMAS TOSORA - 1.02.0.00.0.00.01.0016,01KTX5VEHBBCHMA2HWGY9QVSB4,66114293,2026,E-Katalog 6.0,APBD,ASTI WAHYUNI,E-Purchasing,Barang,Belanja Barang dan Jasa BLUD,ON PROCESS,429000,429000
KAB. WAJO,KECAMATAN PAMMANA - 7.01.0.00.0.00.07.0000,01KJ08DB0KKK9KPNFYPW7QBGTP,65752576,2026,E-Katalog 6.0,APBD,RISMA,E-Purchasing,Barang,Belanja Barang Pakai Habis,ON PROCESS,1433400,1433400
KAB. WAJO,DINAS KESEHATAN - 1.02.0.00.0.00.01.0000,01KT8W8BFRY73M7GD4RRCM4H9K,66827275,2026,E-Katalog 6.0,APBD,ASTI WAHYUNI,E-Purchasing,Barang,Belanja Makanan dan Minuman Rapat pada sub kegiatan Pemeriksaan Post Market pada Produk Makanan-Minuman Industri Rumah Tangga yang Beredar dan Pengawasan serta Tindak Lanjut Pengawasan,ON PROCESS,1217200,1217200
KAB. WAJO,PUSKESMAS TAKKALALLA - 1.02.0.00.0.00.01.0011,01KWC7287AMQA3Y171BE92ENA2,66077022,2026,E-Katalog 6.0,APBD,SITTI AISYAH,E-Purchasing,Barang,Belanja Barang dan Jasa BLUD,ON PROCESS,1074000,1074000
KAB. WAJO,SEKRETARIAT DAERAH - 4.01.0.00.0.00.01.0000,01KHGM3K5AEDBH6Y5RG0ZR2M6G,63590760,2026,E-Katalog 6.0,APBD,BUNGARATU MEGATAMA,E-Purchasing,Barang,Belanja Alat/Bahan untuk Kegiatan Kantor- Suvenir/Cendera Mata,ON PROCESS,1500000,1500000
KAB. WAJO,RSUD LAMADDUKELLENG - 1.02.0.00.0.00.01.0001,01KQXDT22EFMHA1A0Q2D3A5DTE,65300982,2026,E-Katalog 6.0,BLUD,ANDI WAHYUDI WIJAYANTO,E-Purchasing,Barang,Belanja Barang dan Jasa BLUD,ON PROCESS,32278800,32278800
KAB. WAJO,"DINAS KOMUNIKASI, INFORMATIKA DAN STATISTIK - 2.16.2.20.2.21.02.0000",01KPYYQBGZ68GAX1FGD92BQTFE,65611380,2026,E-Katalog 6.0,APBD,AQILAHDAFFA,E-Purchasing,Barang,Belanja Makanan dan Minuman Rapat - Pengelolaan Sumber Daya Keamanan Informasi dan Persandian Pemerintah Daerah berdasarkan Analisis Kebutuhan,ON PROCESS,952200,952200
KAB. WAJO,PUSKESMAS TANASITOLO - 1.02.0.00.0.00.01.0017,01KVYYWHDMTZ9J1D6T5TR2YZV8,66697929,2026,E-Katalog 6.0,APBD,MUHAMMAD ZULKARNAIN,E-Purchasing,Barang,Belanja Barang dan Jasa BLUD,ON PROCESS,538800,538800
KAB. WAJO,DINAS PENDIDIKAN DAN KEBUDAYAAN - 1.01.2.22.0.00.02.0000,01KVVWV31J4NJTE2RW95CJ0Q19,67267150,2026,E-Katalog 6.0,APBD,A. MUH. RIZAL,E-Purchasing,Barang,Belanja Makanan dan Minuman Jamuan Tamu,ON PROCESS,112665,112665
KAB. WAJO,SEKRETARIAT DAERAH - 4.01.0.00.0.00.01.0000,01KH67AFXSZT7RK2DRD4C9BPDY,63636744,2026,E-Katalog 6.0,APBD,KARTINI TAHIR,E-Purchasing,Barang,Belanja Natura dan Pakan-Natura,ON PROCESS,143100,143100
KAB. WAJO,PUSKESMAS MANIANGPAJO - 1.02.0.00.0.00.01.0021,01KNGBNSRVQ0NW7A3N6ETDK818,66071513,2026,E-Katalog 6.0,APBD,MASDAWATI,E-Purchasing,Barang,Belanja Barang dan Jasa BOK Puskesmas Pada Sub Kegiatan Pengelolaan Pelayanan Kesehatan Ibu Hamil,ON PROCESS,150000,150000
KAB. WAJO,"DINAS PERINDUSTRIAN, PERDAGANGAN, KOPERASI, USAHA KECIL DAN MENENGAH - 2.17.3.30.3.31.01.0000",01KV51R3NGFWPATK6A6QXPBTGP,65689806,2026,E-Katalog 6.0,APBD,TAMIYA NURUL WULANDA,E-Purchasing,Barang,Belanja Makanan dan Minuman Aktivitas Lapangan Pada Sub Kegiatan Penyusunan Basis Data Usaha Mikro,ON PROCESS,1050000,1050000
KAB. WAJO,"DINAS KOMUNIKASI, INFORMATIKA DAN STATISTIK - 2.16.2.20.2.21.02.0000",01KP860Z02H7Z4ZNZ49HQYEWX1,65607054,2026,E-Katalog 6.0,APBD,ANDI AKHYAR SULAIMAN,E-Purchasing,Barang,Belanja Alat/Bahan untuk Kegiatan Kantor-Alat Tulis Kantor - Pelayanan Informasi Publik ,ON PROCESS,3482919,3482919
KAB. WAJO,"DINAS KOMUNIKASI, INFORMATIKA DAN STATISTIK - 2.16.2.20.2.21.02.0000",01KP7N6VY18JNWK36CCGCTE6QS,65567960,2026,E-Katalog 6.0,APBD,BUNGARATU MEGATAMA,E-Purchasing,Barang,Belanja Alat/Bahan untuk Kegiatan Kantor- Suvenir/Cendera Mata - Penyediaan Barang Cetakan dan Penggandaan ,ON PROCESS,1798533,1798533
KAB. WAJO,"DINAS PEMUDA, OLAHRAGA DAN PARIWISATA - 2.19.3.26.0.00.02.0000",01KS27R0D8EPSYFJVAJQDV92JJ,66984179,2026,E-Katalog 6.0,APBD,A. MUH. RIZAL,E-Purchasing,Barang,Belanja Makanan dan Minuman Aktivitas Lapangan Kegiatan Event Olahraga,ON PROCESS,3951200,3951200
KAB. WAJO,PUSKESMAS PENRANG - 1.02.0.00.0.00.01.0014,01KWTSQHRBTF7NPDV5RS6AZKHD,66076986,2026,E-Katalog 6.0,APBD,ANDI JUNENNI,E-Purchasing,Barang,Belanja barang dan jasa BOK puskesmas pada sub kegiatan Pengelolaan Pelayanan Kesehatan Ibu Hamil,ON PROCESS,304300,304300
KAB. WAJO,"DINAS SOSIAL, PENGENDALIAN PENDUDUK, KELUARGA BERENCANA, PEMBERDAYAAN PEREMPUAN DAN PERLINDUNGAN ANAK - 1.06.2.08.2.14.06.0000",01KV4N1B30SNZY7BENZBGJKE53,67025260,2026,E-Katalog 6.0,APBD,ANDI ERNA,E-Purchasing,Barang,Belanja Makanan dan Minuman Rapat,ON PROCESS,2242500,2242500
KAB. WAJO,"SATUAN POLISI PAMONG PRAJA, PEMADAM KEBAKARAN DAN PENYELAMATAN - 1.05.0.00.0.00.01.0000",01KN5YNSYEB0YFFC0RB7175G7F,64064652,2026,E-Katalog 6.0,APBD,ANDI FADLI,E-Purchasing,Barang,Belanja Peralatan dan Mesin-Alat Angkutan-Alat Angkutan Darat Bermotor-Kendaraan Bermotor Penumpang,ON PROCESS,6387051,6387051
KAB. WAJO,DINAS LINGKUNGAN HIDUP - 2.11.0.00.0.00.01.0000,01KVAE598HDZX6D15BSVBT8ATK,64589453,2026,E-Katalog 6.0,APBD,ANANCI,E-Purchasing,Barang,Belanja Alat/Bahan untuk kegiatan Kantor-Perabot Kantor,ON PROCESS,2053500,2053500
KAB. WAJO,BADAN PENGELOLAAN KEUANGAN DAN PENDAPATAN DAERAH - 5.02.0.00.0.00.01.0000,01KSS68Z55SHS6KTT1N5HCGBV3,64000030,2026,E-Katalog 6.0,APBD,ANDI JUNENNI,E-Purchasing,Barang,Belanja Makanan dan Minuman Rapat,ON PROCESS,420000,420000
KAB. WAJO,BADAN KEPEGAWAIAN DAN PENGEMBANGAN SUMBER DAYA MANUSIA - 5.03.5.04.0.00.01.0000,01KMYX6VXRR3B9N96EH6EH1N06,64665419,2026,E-Katalog 6.0,APBD,"ANDI DILAYANTI, S.E.",E-Purchasing,Barang,Belanja Alat/Bahan untuk Kegiatan Kantor-Alat Listrik pada Kegiatan Pengelolaan Kenaikan Pangkat ASN,ON PROCESS,3431389,3431389
KAB. WAJO,BADAN PENGELOLAAN KEUANGAN DAN PENDAPATAN DAERAH - 5.02.0.00.0.00.01.0000,01KJRSN9PFRV112K9NVEGRKPCN,63371031,2026,E-Katalog 6.0,APBD,LISDAFIK,E-Purchasing,Barang,Belanja Alat/Bahan untuk Kegiatan Kantor-Alat Tulis Kantor,ON PROCESS,7877930,7877930
KAB. WAJO,"SATUAN POLISI PAMONG PRAJA, PEMADAM KEBAKARAN DAN PENYELAMATAN - 1.05.0.00.0.00.01.0000",01KH7J8GVBKZCC3E1CWYN5XPJK,64064061,2026,E-Katalog 6.0,APBD,DARNAWATI,E-Purchasing,Barang,Belanja Makanan dan Minuman Aktivitas Lapangan,ON PROCESS,403500,403500
KAB. WAJO,KELURAHAN CINA - 7.01.0.00.0.00.07.0001,01KSCE78Q1W1BWZ6J24FGC6A7H,67182471,2026,E-Katalog 6.0,APBD,RISMA,E-Purchasing,Barang,Belanja Alat/Bahan untuk Kegiatan Kantor- Bahan Cetak,ON PROCESS,245000,245000
KAB. WAJO,"DINAS PEKERJAAN UMUM, PENATAAN RUANG DAN PERTANAHAN - 1.03.2.10.0.00.01.0000",01KVY7BY1S33Z9KHDP0C16XBD8,67079460,2026,E-Katalog 6.0,APBD,ANDI AKHYAR SULAIMAN,E-Purchasing,Barang,Belanja Alat/Bahan untuk Kegiatan Kantor-Alat Tulis Kantor,ON PROCESS,3938499,3938499
KAB. WAJO,DINAS PERUMAHAN DAN KAWASAN PERMUKIMAN - 1.04.0.00.0.00.01.0000,01KW1H3Y6C3P5EKAYAMP5HP02M,66964964,2026,E-Katalog 6.0,APBD,TAMIYA NURUL WULANDA,E-Purchasing,Barang,Belanja Makanan dan Minuman Rapat pada kegiatan Koordinasi dan Sinkronisasi Pengendalian Penyelenggaraan Pemugaran/Peremajaan Permukiman Kumuh,ON PROCESS,860000,860000
KAB. WAJO,PUSKESMAS SALOBULO - 1.02.0.00.0.00.01.0013,01KPDCEG09W0FFB9RYTQ6N8P1B,66083230,2026,E-Katalog 6.0,APBD,BINTANG LIMA MEDIKA,E-Purchasing,Barang,Belanja Barang dan Jasa BLUD,ON PROCESS,10960786,10960786
KAB. WAJO,KECAMATAN PAMMANA - 7.01.0.00.0.00.07.0000,01KR0H80T9SCBYMK3DKMJ5NTGE,65756780,2026,E-Katalog 6.0,APBD,ANDI ERNA,E-Purchasing,Barang,Belanja Makanan dan Minuman Rapat ,ON PROCESS,107498,107498
KAB. WAJO,RSUD LAMADDUKELLENG - 1.02.0.00.0.00.01.0001,01KH33JXVAEK6QGNAAQXB25KWK,65300982,2026,E-Katalog 6.0,BLUD,BINTANG SHAFWAN,E-Purchasing,Barang,Belanja Barang dan Jasa BLUD,ON PROCESS,83662920,0
KAB. WAJO,SEKRETARIAT DEWAN PERWAKILAN RAKYAT DAERAH - 4.02.0.00.0.00.01.0000,01KPCYY4T171S11B02Z2MSA369,63930791,2026,E-Katalog 6.0,APBD,MUSTAFA HI. BANDUNG,E-Purchasing,Barang,Belanja Makanan dan Minuman Rapat_Pembahasan_LKPJ,ON PROCESS,1500000,1500000
KAB. WAJO,RSUD SIWA - 1.02.0.00.0.00.01.0002,01KSV1JT1H1ATP3T6QM33T8PYX,66883851,2026,E-Katalog 6.0,BLUD,KALBE FARMA,E-Purchasing,Barang,Belanja Barang dan Jasa BLUD,ON PROCESS,4435560,4435560
KAB. WAJO,PUSKESMAS KEERA - 1.02.0.00.0.00.01.0020,01KNNMXF3EN8SA6SAZ4AV0S4JV,66089711,2026,E-Katalog 6.0,APBD,NOVI ASTIKA,E-Purchasing,Barang,Belanja Barang dan Jasa BLUD,ON PROCESS,1495000,1495000
KAB. WAJO,KECAMATAN PAMMANA - 7.01.0.00.0.00.07.0000,01KR0G5KJZZKQE6PN0FM6NJQ9Q,65754704,2026,E-Katalog 6.0,APBD,RISMA,E-Purchasing,Barang,Belanja Alat/Bahan untuk Kegiatan kantor - Alat Tulis Kantor,ON PROCESS,299000,299000
KAB. WAJO,"DINAS KOMUNIKASI, INFORMATIKA DAN STATISTIK - 2.16.2.20.2.21.02.0000",01KJEFVK0Q905B3R68PSTZHBZY,65606990,2026,E-Katalog 6.0,APBD,INFO OMBB SIBER INDONESIA,E-Purchasing,Barang,Belanja Kawat/Faksimili/Internet/TV Berlangganan - Relasi Media ,ON PROCESS,2124984,2124984
KAB. WAJO,PUSKESMAS SABBANGPARU - 1.02.0.00.0.00.01.0003,01KTTQPZ7930HGKFFWMKKGPS9W,66481720,2026,E-Katalog 6.0,APBD,ASTI WAHYUNI,E-Purchasing,Barang,Belanja Barang dan Jasa BLUD,ON PROCESS,956000,956000
KAB. WAJO,DINAS LINGKUNGAN HIDUP - 2.11.0.00.0.00.01.0000,01KP7QQBS4RZM0J64Q2V7M3KKS,65662446,2026,E-Katalog 6.0,APBD,AQILAHDAFFA,E-Purchasing,Barang,Belanja Alat/Bahan untuk Kegiatan Kantor-Alat Tulis Kantor,ON PROCESS,1222140,1222140
KAB. WAJO,"DINAS PEKERJAAN UMUM, PENATAAN RUANG DAN PERTANAHAN - 1.03.2.10.0.00.01.0000",10121972000,66415478,2026,Tender,APBD,CV. ADI PERMATA KONSULTAN,Seleksi,Jasa Konsultansi Badan Usaha Konstruksi,Pengawasan Teknis Pembangunan Jembatan Beton Abbanderange Kecamatan Pitumpanua,SELESAI,114627480,114627480
KAB. WAJO,"SATUAN POLISI PAMONG PRAJA, PEMADAM KEBAKARAN DAN PENYELAMATAN - 1.05.0.00.0.00.01.0000",01KGHRRGJAY8XY4NEXNKV7CSPM,64219424,2026,E-Katalog 6.0,APBD,DARNAWATI,E-Purchasing,Barang,Belanja Makanan dan Minuman Aktivitas Lapangan,ON PROCESS,807000,807000
KAB. WAJO,DINAS KESEHATAN - 1.02.0.00.0.00.01.0000,01KSGZNBPGNA1JQXFQQSD7FWEQ,66775761,2026,E-Katalog 6.0,APBD,INSCIENPRO INSTRUMEN INDONESIA,E-Purchasing,Barang,Belanja Suku Cadang-Suku Cadang Alat Kedokteran pada sub kegiatan Pengelolaan Pelayanan Kesehatan Lingkungan,ON PROCESS,964349985,964349985
KAB. WAJO,RSUD LAMADDUKELLENG - 1.02.0.00.0.00.01.0001,01KPVQWEPCE11RRM3AK0Q13A5J,65300982,2026,E-Katalog 6.0,BLUD,DEXA MEDICA,E-Purchasing,Barang,Belanja Barang dan Jasa BLUD,ON PROCESS,16321218,16321218
KAB. WAJO,SEKRETARIAT DAERAH - 4.01.0.00.0.00.01.0000,01KGES1CE2X9S3P8MJYA7NQF12,63592165,2026,E-Katalog 6.0,APBD,IIP WISUDAWATI,E-Purchasing,Barang,Belanja Pemeliharaan Alat Kantor dan Rumah Tangga-Alat Kantor-Alat Kantor Lainnya,ON PROCESS,3054998,3054998
KAB. WAJO,DINAS PERUMAHAN DAN KAWASAN PERMUKIMAN - 1.04.0.00.0.00.01.0000,01KSE9CCWTAHJY20V7CEYV381Y,67181369,2026,E-Katalog 6.0,APBD,ANDI AKHYAR SULAIMAN,E-Purchasing,Barang,Belanja Bahan Cetak pada Kegiatan Penyusunan Perencanaan Kebutuhan Barang Milik Daerah SKPD,ON PROCESS,243500,243500
KAB. WAJO,RSUD LAMADDUKELLENG - 1.02.0.00.0.00.01.0001,01KVCKFG2DPX4FB6G3WTF4NRRK,65300982,2026,E-Katalog 6.0,BLUD,BERNOFARM,E-Purchasing,Barang,Belanja Barang dan Jasa BLUD,ON PROCESS,42776070,42776070
KAB. WAJO,DINAS PENDIDIKAN DAN KEBUDAYAAN - 1.01.2.22.0.00.02.0000,01KR0R7YPVQ6GPVRF6Q8AVP8RY,63028916,2026,E-Katalog 6.0,APBD,AQILAHDAFFA,E-Purchasing,Barang,Belanja Alat/Bahan untuk Kegiatan Kantor-Alat Tulis Kantor,ON PROCESS,5827040,5827040
KAB. WAJO,PUSKESMAS BELAWA - 1.02.0.00.0.00.01.0025,01KVST7010G003ET5C91T8WBSX,66598483,2026,E-Katalog 6.0,APBD,MASDAWATI,E-Purchasing,Barang,Belanja Barang dan Jasa BLUD,ON PROCESS,449000,449000
KAB. WAJO,"DINAS PEMUDA, OLAHRAGA DAN PARIWISATA - 2.19.3.26.0.00.02.0000",01KSF4Z8AF6S4RVPJZPDNDH016,63936512,2026,E-Katalog 6.0,APBD,GUNAWAN TJANDRA,E-Purchasing,Barang,Belanja Alat/Bahan untuk Kegiatan Kantor-Alat Listrik (Penyediaan Komponen Listrik Kantor),ON PROCESS,1450885,1450885
KAB. WAJO,BADAN KESATUAN BANGSA DAN POLITIK - 8.01.0.00.0.00.01.0000,01KPSXPWK75JN202YF9EWC9VM0,63062267,2026,E-Katalog 6.0,APBD,ANDI AKHYAR SULAIMAN,E-Purchasing,Barang,Belanja Alat/Bahan untuk Kegiatan Kantor-Benda Pos,ON PROCESS,576000,576000
KAB. WAJO,RSUD LAMADDUKELLENG - 1.02.0.00.0.00.01.0001,01KMY7BHF6NV90VS4BXB7941FS,65300982,2026,E-Katalog 6.0,BLUD,ETERCON PHARMA,E-Purchasing,Barang,Belanja Barang dan Jasa BLUD,ON PROCESS,3330000,3330000
KAB. WAJO,BADAN PENGELOLAAN KEUANGAN DAN PENDAPATAN DAERAH - 5.02.0.00.0.00.01.0000,01KQCJ95Z37MCEG6QSJMSEQNZD,63993170,2026,E-Katalog 6.0,APBD,LISDAFIK,E-Purchasing,Barang,Belanja Alat/Bahan untuk Kegiatan Kantor-Alat Tulis Kantor,ON PROCESS,4471950,4471950
KAB. WAJO,RSUD LAMADDUKELLENG - 1.02.0.00.0.00.01.0001,01KNKBANYKV7198FCPWFWCXF2Y,65300982,2026,E-Katalog 6.0,BLUD,CITRA ALKESINDO PRATAMA,E-Purchasing,Barang,Belanja Barang dan Jasa BLUD,ON PROCESS,18274004,18274004
KAB. WAJO,DINAS TENAGA KERJA DAN TRANSMIGRASI - 2.07.3.32.0.00.02.0000,01KRFM0QAZMTJ5PJRZCA6QY792,66838239,2026,E-Katalog 6.0,APBD,MUHAMMAD ZULKARNAIN,E-Purchasing,Barang,Belanja Natura dan Pakan-Natura,ON PROCESS,17090000,17090000
KAB. WAJO,"DINAS PEMUDA, OLAHRAGA DAN PARIWISATA - 2.19.3.26.0.00.02.0000",01KQS68VVHAWSBAYA4QEF6ECQV,63977850,2026,E-Katalog 6.0,APBD,ANDI AKHYAR SULAIMAN,E-Purchasing,Barang,Belanja Alat/Bahan untuk Kegiatan Kantor-Alat Tulis Kantor Kegiatan Pelatihan Kewirausahaan,ON PROCESS,2343000,2343000
KAB. WAJO,KECAMATAN TEMPE - 7.01.0.00.0.00.14.0000,01KS1HSBS0C63WF4PCZ8AY8152,64721111,2026,E-Katalog 6.0,APBD,ABDUL HARIS,E-Purchasing,Barang,Belanja Alat/Bahan untuk Kegiatan Kantor- Bahan Cetak,ON PROCESS,224997,224997
KAB. WAJO,BADAN PENGELOLAAN KEUANGAN DAN PENDAPATAN DAERAH - 5.02.0.00.0.00.01.0000,01KP836K86E8C5987WQGVCCDNB,63464855,2026,E-Katalog 6.0,APBD,ASTI WAHYUNI,E-Purchasing,Barang,Belanja Makanan dan Minuman Rapat,ON PROCESS,5501600,5501600
KAB. WAJO,KECAMATAN KEERA - 7.01.0.00.0.00.04.0000,01KVW7RX9SVQ10A2SFSK7C7XGF,65624662,2026,E-Katalog 6.0,APBD,NOVI ASTIKA,E-Purchasing,Barang,Penyediaan Jasa Pelayanan Umum Kantor,ON PROCESS,1800000,1800000
KAB. WAJO,PUSKESMAS TOSORA - 1.02.0.00.0.00.01.0016,01KTBYD7838RT9E8EMS49BRF7T,66096340,2026,E-Katalog 6.0,APBD,ASTI WAHYUNI,E-Purchasing,Barang,"Belanja Barang dan Jasa BOK Puskesmas pada sub kegiatan Peningkatan Upaya Promosi Kesehatan, Advokasi, Kemitraan dan Pemberdayaan Masyarakat",ON PROCESS,758100,758100
KAB. WAJO,SEKRETARIAT DAERAH - 4.01.0.00.0.00.01.0000,01KNZ9V3B8SDZ63DNV7VXSWBW3,63637426,2026,E-Katalog 6.0,APBD,SALLO HOTEL SENGKANG,E-Purchasing,Barang,Belanja Sewa Hotel,ON PROCESS,700000,700000
KAB. WAJO,"DINAS KOMUNIKASI, INFORMATIKA DAN STATISTIK - 2.16.2.20.2.21.02.0000",01KP5GSTY3WHHE3EE1S8KDHXQ7,65607034,2026,E-Katalog 6.0,APBD,ANDI AKHYAR SULAIMAN,E-Purchasing,Barang,Belanja Alat/Bahan untuk Kegiatan Kantor- Bahan Cetak - Kemitraan Komunikasi dengan Komunitas Informasi Masyarakat ,ON PROCESS,757500,757500
KAB. WAJO,PUSKESMAS PENRANG - 1.02.0.00.0.00.01.0014,01KWTWWA12JZPMDS1HMHEPYM73,66076986,2026,E-Katalog 6.0,APBD,ANDI JUNENNI,E-Purchasing,Barang,Belanja barang dan jasa BOK puskesmas pada sub kegiatan Pengelolaan Pelayanan Kesehatan Ibu Hamil,ON PROCESS,304300,304300
KAB. WAJO,SEKRETARIAT DAERAH - 4.01.0.00.0.00.01.0000,01KR3RWNHZAKCTJ7BFE968SP7D,63590760,2026,E-Katalog 6.0,APBD,BUNGARATU MEGATAMA,E-Purchasing,Barang,Belanja Alat/Bahan untuk Kegiatan Kantor- Suvenir/Cendera Mata,ON PROCESS,3054000,3054000
KAB. WAJO,PUSKESMAS WEWANGREWU - 1.02.0.00.0.00.01.0018,01KVQ82FV1A3SVT83X5JHJ2HWH,66766459,2026,E-Katalog 6.0,APBD,MUHAMMAD RESKY,E-Purchasing,Barang,Belanja Barang dan Jasa BOK Puskesmas pada sub kegiatan Pengelolaan Pelayanan Kesehatan Ibu Hamil,ON PROCESS,179000,179000
KAB. WAJO,DINAS KESEHATAN - 1.02.0.00.0.00.01.0000,01KPYEHRFZQ40DCBJHNK73GST3,66827323,2026,E-Katalog 6.0,APBD,HEXPHARM JAYA LABORATORIES,E-Purchasing,Barang,"Belanja Obat-Obatan-Obat pada sub kegiatan Pengadaan Obat, Bahan Habis Pakai, Bahan Medis Habis Pakai,, Vaksin, Makanan dan Minuman di Fasilitas Kesehatan",ON PROCESS,20490600,20490600
KAB. WAJO,"SATUAN POLISI PAMONG PRAJA, PEMADAM KEBAKARAN DAN PENYELAMATAN - 1.05.0.00.0.00.01.0000",01KQSJDMRCKKHCX0GAATR3RFRV,66916167,2026,E-Katalog 6.0,APBD,ANDI MARWANAH,E-Purchasing,Barang,Belanja Makanan dan Minuman Aktivitas Lapangan,ON PROCESS,5272400,5272400
KAB. WAJO,SEKRETARIAT DEWAN PERWAKILAN RAKYAT DAERAH - 4.02.0.00.0.00.01.0000,01KQ9VM7B4SRJX4ZT2RQ16F270,63929854,2026,E-Katalog 6.0,APBD,SYAMSU ALAM,E-Purchasing,Barang,Belanja Alat/Bahan untuk Kegiatan Kantor-Benda Pos,ON PROCESS,6000000,6000000
KAB. WAJO,PUSKESMAS TOSORA - 1.02.0.00.0.00.01.0016,01KTK0H16FNV9E3N19ZMN1Z55A,66096340,2026,E-Katalog 6.0,APBD,ASTI WAHYUNI,E-Purchasing,Barang,"Belanja Barang dan Jasa BOK Puskesmas pada sub kegiatan Peningkatan Upaya Promosi Kesehatan, Advokasi, Kemitraan dan Pemberdayaan Masyarakat",ON PROCESS,758100,758100
KAB. WAJO,PUSKESMAS SAJOANGING - 1.02.0.00.0.00.01.0012,01KTWPNMAZJ8RFD7ERA3SV0RVN,66620220,2026,E-Katalog 6.0,APBD,SALWA NABILAH IDRIS,E-Purchasing,Barang,Belanja Barang dan jasa BOK Puskesmas pada sub kegiatan Pengelolaan Pelayanan Kesehatan Ibu Hamil,ON PROCESS,358000,358000
KAB. WAJO,"SATUAN POLISI PAMONG PRAJA, PEMADAM KEBAKARAN DAN PENYELAMATAN - 1.05.0.00.0.00.01.0000",01KT5JR2JSWZH51CJNRTEHA73Z,64200533,2026,E-Katalog 6.0,APBD,BASO MUNAWIR,E-Purchasing,Barang,Belanja Makanan dan Minuman Rapat,ON PROCESS,645600,645600
KAB. WAJO,RSUD SIWA - 1.02.0.00.0.00.01.0002,01KW8X1G8PAFAKQDRFJHZR0XAM,66883851,2026,E-Katalog 6.0,BLUD,KALBE FARMA,E-Purchasing,Barang,Belanja Barang dan Jasa BLUD,ON PROCESS,4356750,4356750
KAB. WAJO,DINAS PENANAMAN MODAL DAN PELAYANAN TERPADU SATU PINTU - 2.18.0.00.0.00.01.0000,01KVAG352XFQV9AHNMTQ3FAV0F,65002777,2026,E-Katalog 6.0,APBD,ANDI AKHYAR SULAIMAN,E-Purchasing,Barang,Belanja Alat/Bahan untuk Kegiatan Kantor-Alat Tulis Kantor,ON PROCESS,516000,516000
KAB. WAJO,BADAN KESATUAN BANGSA DAN POLITIK - 8.01.0.00.0.00.01.0000,01KV4M8BKVECK8H3ZQ91TSZ83G,63063542,2026,E-Katalog 6.0,APBD,DYA RAHAYU AISYAH PUTRI,E-Purchasing,Barang,Belanja Makanan dan Minuman Rapat,ON PROCESS,1534000,1534000
KAB. WAJO,KECAMATAN TEMPE - 7.01.0.00.0.00.14.0000,01KP8M1X8N66YPB1KEHPWJ0GV0,64726060,2026,E-Katalog 6.0,APBD,ANDI ERNA,E-Purchasing,Barang,Belanja Makanan dan Minuman Rapat,ON PROCESS,1610000,1610000
KAB. WAJO,BADAN KESATUAN BANGSA DAN POLITIK - 8.01.0.00.0.00.01.0000,01KH5YX42ZDDMN86B2MVAQYSEV,63062752,2026,E-Katalog 6.0,APBD,A. NASRAH,E-Purchasing,Barang,Belanja Makanan dan Minuman Aktivitas Lapangan,ON PROCESS,1380000,1380000
KAB. WAJO,"SATUAN POLISI PAMONG PRAJA, PEMADAM KEBAKARAN DAN PENYELAMATAN - 1.05.0.00.0.00.01.0000",01KS77R7Y5JGPW9GKKJ26CF3G0,66910838,2026,E-Katalog 6.0,APBD,MEGAWATI,E-Purchasing,Barang,Belanja Makanan dan Minuman Aktivitas Lapangan,ON PROCESS,2703000,2703000
KAB. WAJO,PUSKESMAS MAJAULENG - 1.02.0.00.0.00.01.0015,01KT3MG78804764JV8CAE3PN9N,66228185,2026,E-Katalog 6.0,APBD,REZKY JAYA ABADI,E-Purchasing,Barang,Belanja Barang dan Jasa BOK Puskesmas pada Sub kegiatan Bimbingan Teknis dan Supervisi Pengembangan dan Pelaksanaan Upaya Kesehatan Bersumber Daya Masyarakat (UKBM),ON PROCESS,537000,537000
KAB. WAJO,SEKRETARIAT DAERAH - 4.01.0.00.0.00.01.0000,01KQ4DTPX6DSBQ1TFVE8K2GV29,63636068,2026,E-Katalog 6.0,APBD,ANDI ERNA,E-Purchasing,Barang,Belanja Natura dan Pakan-Natura,ON PROCESS,324000,324000
KAB. WAJO,DINAS KESEHATAN - 1.02.0.00.0.00.01.0000,01KR0SWN4CD1HR9R2EXX18FN7M,66767979,2026,E-Katalog 6.0,APBD,ARSYAD M,E-Purchasing,Barang,Belanja Alat/Bahan untuk Kegiatan Kantor-Alat Tulis Kantor pada sub kegiatan Penyusunan Dokumen Perencanaan Perangkat Daerah,ON PROCESS,1456296,1456296
KAB. WAJO,SEKRETARIAT DEWAN PERWAKILAN RAKYAT DAERAH - 4.02.0.00.0.00.01.0000,01KMMKA2NN83GT7YFD74HF0R3A,63930237,2026,E-Katalog 6.0,APBD,SYAMSU ALAM,E-Purchasing,Barang,Belanja Alat/Bahan untuk Kegiatan Kantor-Alat Tulis Kantor Jasa Surat Menyurat,ON PROCESS,8982000,8982000
KAB. WAJO,SEKRETARIAT DAERAH - 4.01.0.00.0.00.01.0000,01KPZ3CAB2VMXCBT8JXK3VA7SQ,66616538,2026,E-Katalog 6.0,APBD,ANDI ERNA,E-Purchasing,Barang,Belanja Makanan dan Minuman Rapat,ON PROCESS,2985000,2985000
KAB. WAJO,PUSKESMAS MANIANGPAJO - 1.02.0.00.0.00.01.0021,01KNGNCMQR515W78B0JQ5HPC5G,66071513,2026,E-Katalog 6.0,APBD,MASDAWATI,E-Purchasing,Barang,Belanja Barang dan Jasa BOK Puskesmas Pada Sub Kegiatan Pengelolaan Pelayanan Kesehatan Ibu Hamil,ON PROCESS,150000,150000
KAB. WAJO,"BADAN PERENCANAAN PEMBANGUNAN, RISET DAN INOVASI DAERAH - 5.01.5.05.0.00.01.0000",01KHWW50KQ3RY8B182BTV5YW43,65209302,2026,E-Katalog 6.0,APBD,ANDI AKHYAR SULAIMAN,E-Purchasing,Barang,Belanja Alat/Bahan untuk Kegiatan Kantor-Alat Tulis Kantor,ON PROCESS,1719600,1719600
KAB. WAJO,PUSKESMAS PATTIROSOMPE - 1.02.0.00.0.00.01.0007,01KPQ7R44932T7ZF6YPVWTDQ2H,66629961,2026,E-Katalog 6.0,APBD,ANDI AZIS ASHAR,E-Purchasing,Barang,Sub Kegiatan Pengelolaan Pelayanan Kesehatan Ibu Hamil,ON PROCESS,268500,268500
KAB. WAJO,PUSKESMAS MANIANGPAJO - 1.02.0.00.0.00.01.0021,01KTJZBV2DBP49PRYJ9B1T8QAF,66071513,2026,E-Katalog 6.0,APBD,MASDAWATI,E-Purchasing,Barang,Belanja Barang dan Jasa BOK Puskesmas Pada Sub Kegiatan Pengelolaan Pelayanan Kesehatan Ibu Hamil,ON PROCESS,150000,150000
KAB. WAJO,SEKRETARIAT DEWAN PERWAKILAN RAKYAT DAERAH - 4.02.0.00.0.00.01.0000,01KRZF0EYTXKX7PGJK114TAZ8M,63930789,2026,E-Katalog 6.0,APBD,ANDI AKHYAR SULAIMAN,E-Purchasing,Barang,Belanja Alat/Bahan untuk Kegiatan Kantor-Alat Tulis Kantor_Pembahasan_LKPJ,ON PROCESS,1005500,1005500
KAB. WAJO,PUSKESMAS SAJOANGING - 1.02.0.00.0.00.01.0012,01KNG5ZHM2PSD5MN4YGVCM60WH,66620220,2026,E-Katalog 6.0,APBD,SALWA NABILAH IDRIS,E-Purchasing,Barang,Belanja Barang dan jasa BOK Puskesmas pada sub kegiatan Pengelolaan Pelayanan Kesehatan Ibu Hamil,ON PROCESS,322200,322200
KAB. WAJO,"DINAS KOMUNIKASI, INFORMATIKA DAN STATISTIK - 2.16.2.20.2.21.02.0000",01KPJE7DGXW9873P6FR2ADNSKD,65607122,2026,E-Katalog 6.0,APBD,ANDI AKHYAR SULAIMAN,E-Purchasing,Barang,Belanja Alat/Bahan untuk Kegiatan Kantor-Alat Tulis Kantor - Pengelolaan Media Komunikasi Publik,ON PROCESS,3735136,3735136
KAB. WAJO,"DINAS KOMUNIKASI, INFORMATIKA DAN STATISTIK - 2.16.2.20.2.21.02.0000",01KJBXPKJBVP1CSPK34H7B8Z6X,65606989,2026,E-Katalog 6.0,APBD,UJUNGPANDANG EKSPRES BIRO WAJO,E-Purchasing,Barang,Belanja Langganan Jurnal/Surat Kabar/Majalah - Relasi Media ,ON PROCESS,15000000,15000000
KAB. WAJO,"DINAS KOMUNIKASI, INFORMATIKA DAN STATISTIK - 2.16.2.20.2.21.02.0000",01KK87XSGSD5SVB4AVGEP7NYP2,65583614,2026,E-Katalog 6.0,APBD,AQILAHDAFFA,E-Purchasing,Barang,Belanja Alat/Bahan untuk Kegiatan Kantor-Alat Listrik - Penyediaan Komponen Instalasi Listrik/Penerangan Bangunan Kantor  ,ON PROCESS,5950900,5950900
KAB. WAJO,PUSKESMAS LIU - 1.02.0.00.0.00.01.0005,01KP23A958YXCQSNEPS4XY2A86,66778417,2026,E-Katalog 6.0,APBD,ASTI WAHYUNI,E-Purchasing,Barang,Belanja Barang dan Jasa BOK Puskesmas pada Sub Kegiatan Pengelolaan Pelayanan Kesehatan Ibu Hamil,ON PROCESS,196900,196900
KAB. WAJO,KELURAHAN MADDUKKELLENG - 7.01.0.00.0.00.14.0006,01KTQZ1PG29TAS59N5T9Y4SBKA,66972599,2026,E-Katalog 6.0,APBD,A. MUH. ABRAR,E-Purchasing,Barang,Belanja Alat/Bahan untuk Kegiatan Kantor-Alat Tulis Kantor,ON PROCESS,7163050,7163050
KAB. WAJO,KECAMATAN GILIRENG - 7.01.0.00.0.00.03.0000,01KRCSQV5MTR2CMNF2259MAP9F,67119921,2026,E-Katalog 6.0,APBD,JUMRITA,E-Purchasing,Barang,Belanja Makan dan Minuman Rapat,ON PROCESS,1400000,1400000
KAB. WAJO,"DINAS PERINDUSTRIAN, PERDAGANGAN, KOPERASI, USAHA KECIL DAN MENENGAH - 2.17.3.30.3.31.01.0000",01KRJ2TGP86EFTK6AVYKZDHF0C,65730078,2026,E-Katalog 6.0,APBD,TAMIYA NURUL WULANDA,E-Purchasing,Barang,Belanja Makanan dan Minuman Rapat Pada Sub Kegiatan Pelaporan Pengelolaan Retribusi Daerah,ON PROCESS,1680000,1680000
KAB. WAJO,"DINAS SOSIAL, PENGENDALIAN PENDUDUK, KELUARGA BERENCANA, PEMBERDAYAAN PEREMPUAN DAN PERLINDUNGAN ANAK - 1.06.2.08.2.14.06.0000",01KVWDT9Q1ZB91VCNBN7H9MB3W,67017114,2026,E-Katalog 6.0,APBD,AMRAN SURYADI,E-Purchasing,Jasa Lainnya,Belanja Alat/Bahan untuk Kegiatan Kantor- Bahan Cetak,ON PROCESS,1758240,1758240
KAB. WAJO,"DINAS KOMUNIKASI, INFORMATIKA DAN STATISTIK - 2.16.2.20.2.21.02.0000",01KWJNADBHFM8AF8JFHGV1785C,65606990,2026,E-Katalog 6.0,APBD,LINTAS MEDIA SAKTI,E-Purchasing,Barang,Belanja Kawat/Faksimili/Internet/TV Berlangganan - Relasi Media ,ON PROCESS,5100000,5100000
KAB. WAJO,PUSKESMAS TOSORA - 1.02.0.00.0.00.01.0016,01KQYC37BTQQKG4R1HJN78K4FX,66114293,2026,E-Katalog 6.0,APBD,ASTI WAHYUNI,E-Purchasing,Barang,Belanja Barang dan Jasa BLUD,ON PROCESS,399000,399000
KAB. WAJO,PUSKESMAS MAJAULENG - 1.02.0.00.0.00.01.0015,01KVYTPQ60619DVSV64GWCGWM5,66228185,2026,E-Katalog 6.0,APBD,REZKY JAYA ABADI,E-Purchasing,Barang,Belanja Barang dan Jasa BOK Puskesmas pada Sub kegiatan Bimbingan Teknis dan Supervisi Pengembangan dan Pelaksanaan Upaya Kesehatan Bersumber Daya Masyarakat (UKBM),ON PROCESS,537000,537000
KAB. WAJO,PUSKESMAS WEWANGREWU - 1.02.0.00.0.00.01.0018,01KQSAKPCJW4TRN219F2H5T98W,66731115,2026,E-Katalog 6.0,APBD,ANDI JUNENNI,E-Purchasing,Barang,Belanja Barang dan Jasa BLUD,ON PROCESS,590700,590700
KAB. WAJO,"SATUAN POLISI PAMONG PRAJA, PEMADAM KEBAKARAN DAN PENYELAMATAN - 1.05.0.00.0.00.01.0000",01KQSJ55RY8259E7NW99KGMXHA,66916167,2026,E-Katalog 6.0,APBD,BASO MUNAWIR,E-Purchasing,Barang,Belanja Makanan dan Minuman Aktivitas Lapangan,ON PROCESS,4465400,4465400
KAB. WAJO,SEKRETARIAT DAERAH - 4.01.0.00.0.00.01.0000,01KR3EYT5VZJEERKE68M6Q999P,65287973,2026,E-Katalog 6.0,APBD,FITRIANI,E-Purchasing,Barang,Belanja Makanan dan Minuman Jamuan Tamu,ON PROCESS,476989,476989
KAB. WAJO,SEKRETARIAT DAERAH - 4.01.0.00.0.00.01.0000,01KPT14CEFWK0G16D4FSM33V0S,66824421,2026,E-Katalog 6.0,APBD,ANDI AKHYAR SULAIMAN,E-Purchasing,Barang,Belanja Alat/Bahan untuk Kegiatan Kantor-Alat Tulis Kantor,ON PROCESS,2484513,2484513
KAB. WAJO,DINAS KESEHATAN - 1.02.0.00.0.00.01.0000,01KNK81CBNDFMTCW9RSR8QH477,66827275,2026,E-Katalog 6.0,APBD,ASTI WAHYUNI,E-Purchasing,Barang,Belanja Makanan dan Minuman Rapat pada sub kegiatan Pemeriksaan Post Market pada Produk Makanan-Minuman Industri Rumah Tangga yang Beredar dan Pengawasan serta Tindak Lanjut Pengawasan,ON PROCESS,859200,859200
KAB. WAJO,SEKRETARIAT DAERAH - 4.01.0.00.0.00.01.0000,01KVPVXA3PNCK7T9V9635CTKCJ,65287975,2026,E-Katalog 6.0,APBD,TENRI MAWAR,E-Purchasing,Barang,Belanja Sewa Kendaraan Bermotor Angkutan Barang,ON PROCESS,5500000,5500000
KAB. WAJO,"DINAS KOMUNIKASI, INFORMATIKA DAN STATISTIK - 2.16.2.20.2.21.02.0000",01KWJNXVNCJMQMVKP31VQA33AC,65606990,2026,E-Katalog 6.0,APBD,GARDA MEDIA PERKASA,E-Purchasing,Barang,Belanja Kawat/Faksimili/Internet/TV Berlangganan - Relasi Media ,ON PROCESS,6993000,6993000
KAB. WAJO,PUSKESMAS TAKKALALLA - 1.02.0.00.0.00.01.0011,01KV4KD3KV693DCQ02984ENBPC,66026020,2026,E-Katalog 6.0,APBD,SITTI AISYAH,E-Purchasing,Barang,Belanja Barang dan Jasa BOK Puskesmas Sub Kegiatan Bimbingan Teknis dan Supervisi Pengembangan dan Pelaksanaan Upaya Kesehatan Bersumber Daya Masyarakat (UKBM),ON PROCESS,180000,180000
KAB. WAJO,DINAS PEMBERDAYAAN MASYARAKAT DAN DESA - 2.13.0.00.0.00.01.0000,01KP87KK0KAFSH6KYKXNHZ0GY0,65633290,2026,E-Katalog 6.0,APBD,"ANDI DILAYANTI, S.E.",E-Purchasing,Barang,Penyediaan Jasa Surat Menyurat,ON PROCESS,1388610,1388610
KAB. WAJO,RSUD SIWA - 1.02.0.00.0.00.01.0002,01KW1PP8JZVAT6FR04JFC5A75X,66883851,2026,E-Katalog 6.0,BLUD,PRIMANUSA MUKTI UTAMA,E-Purchasing,Barang,Belanja Barang dan Jasa BLUD,ON PROCESS,1383615,1383615
KAB. WAJO,KECAMATAN PAMMANA - 7.01.0.00.0.00.07.0000,01KVC3G10G3T4CF08YQ8HB95SK,65756780,2026,E-Katalog 6.0,APBD,ANDI ERNA,E-Purchasing,Barang,Belanja Makanan dan Minuman Rapat ,ON PROCESS,1866700,1866700
KAB. WAJO,"BADAN PERENCANAAN PEMBANGUNAN, RISET DAN INOVASI DAERAH - 5.01.5.05.0.00.01.0000",01KTR4HSYV3X7W8NC5CF337WV8,65277859,2026,E-Katalog 6.0,APBD,TAMIYA NURUL WULANDA,E-Purchasing,Barang,Belanja Makanan dan Minuman Rapat,ON PROCESS,2392000,2392000
KAB. WAJO,RSUD LAMADDUKELLENG - 1.02.0.00.0.00.01.0001,01KPVRBRQYJWFW91PCZAETXJE2,65300982,2026,E-Katalog 6.0,BLUD,MERCK,E-Purchasing,Barang,Belanja Barang dan Jasa BLUD,ON PROCESS,9812400,9812400
KAB. WAJO,PUSKESMAS SABBANGPARU - 1.02.0.00.0.00.01.0003,01KR2BFMWYKNSEGRR5A5FW1ZNC,66481720,2026,E-Katalog 6.0,APBD,BUMI MEDIKA INDONESIA,E-Purchasing,Barang,Belanja Barang dan Jasa BLUD,ON PROCESS,38479371,38479371
KAB. WAJO,RSUD SIWA - 1.02.0.00.0.00.01.0002,01KVFCB4QQRKH9MNJKXRW5FEJ9,66883851,2026,E-Katalog 6.0,BLUD,BINTANG SHAFWAN,E-Purchasing,Barang,Belanja Barang dan Jasa BLUD,ON PROCESS,4504957,0
KAB. WAJO,PUSKESMAS KEERA - 1.02.0.00.0.00.01.0020,01KT40C5E1XVWPJR7KDQFVMDYS,66089711,2026,E-Katalog 6.0,APBD,AKIS SUWARDI AS,E-Purchasing,Barang,Belanja Barang dan Jasa BLUD,ON PROCESS,2535000,2535000
KAB. WAJO,SEKRETARIAT DEWAN PERWAKILAN RAKYAT DAERAH - 4.02.0.00.0.00.01.0000,01KFW5C5DVEPYXM0DCFDCSHT10,63931767,2026,E-Katalog 6.0,APBD,MULTI SARANA SOLUTION,E-Purchasing,Barang,Belanja Sewa Alat Bantu Lainnya Pelaksanaan Reses,ON PROCESS,375000,375000
KAB. WAJO,RSUD SIWA - 1.02.0.00.0.00.01.0002,01KSET6DFGJWKXBDER07NXRNJV,66883851,2026,E-Katalog 6.0,BLUD,PHAPROS,E-Purchasing,Barang,Belanja Barang dan Jasa BLUD,ON PROCESS,2453100,2453100
KAB. WAJO,"SATUAN POLISI PAMONG PRAJA, PEMADAM KEBAKARAN DAN PENYELAMATAN - 1.05.0.00.0.00.01.0000",01KGK4XDPPEJQYFK98N05XQGK4,64063870,2026,E-Katalog 6.0,APBD,ANDI MAKKULAWU,E-Purchasing,Barang,Belanja Alat/Bahan untuk Kegiatan Kantor- Bahan Cetak,ON PROCESS,73260,73260
KAB. WAJO,SEKRETARIAT DAERAH - 4.01.0.00.0.00.01.0000,01KPQ72C3M3KRM6M980D932RS3,63637419,2026,E-Katalog 6.0,APBD,andi musriadi,E-Purchasing,Barang,Belanja Alat/Bahan untuk Kegiatan Kantor- Suvenir/Cendera Mata,ON PROCESS,9000000,9000000
KAB. WAJO,PUSKESMAS TOSORA - 1.02.0.00.0.00.01.0016,01KQYC88FJZW2VNC14RN1TK6DC,66114293,2026,E-Katalog 6.0,APBD,ASTI WAHYUNI,E-Purchasing,Barang,Belanja Barang dan Jasa BLUD,ON PROCESS,399000,399000
KAB. WAJO,DINAS KEPENDUDUKAN DAN PENCATATAN SIPIL - 2.12.0.00.0.00.01.0000,01KRDTG9BZX6M5PPR8B3ARP246,66539383,2026,E-Katalog 6.0,APBD,GUNAWAN TJANDRA,E-Purchasing,Barang,Belanja Pemeliharaan Alat Kantor dan Rumah Tangga-Alat Rumah Tangga-Alat Pendingin,ON PROCESS,4333299,4333299
KAB. WAJO,DINAS PEMBERDAYAAN MASYARAKAT DAN DESA - 2.13.0.00.0.00.01.0000,01KWBJN27G3D6GYS81Q5FAS5AS,65633936,2026,E-Katalog 6.0,APBD,andi musriadi,E-Purchasing,Barang,Belanja Alat/Bahan untuk Kegiatan Kantor- Suvenir/Cendera Mata,ON PROCESS,14430000,14430000
KAB. WAJO,SEKRETARIAT DAERAH - 4.01.0.00.0.00.01.0000,01KRFVY4W8VA24SHT5S1YWGAXK,65287973,2026,E-Katalog 6.0,APBD,FITRIANI,E-Purchasing,Barang,Belanja Makanan dan Minuman Jamuan Tamu,ON PROCESS,476989,476989
KAB. WAJO,PUSKESMAS MANIANGPAJO - 1.02.0.00.0.00.01.0021,01KTJYV3M4860A640MSVVHJ9X6,66071513,2026,E-Katalog 6.0,APBD,MASDAWATI,E-Purchasing,Barang,Belanja Barang dan Jasa BOK Puskesmas Pada Sub Kegiatan Pengelolaan Pelayanan Kesehatan Ibu Hamil,ON PROCESS,150000,150000
KAB. WAJO,SEKRETARIAT DAERAH - 4.01.0.00.0.00.01.0000,01KJC9Z45RTPEQHAJ4Z8FRHZVY,63636744,2026,E-Katalog 6.0,APBD,ANDI ROHANA,E-Purchasing,Barang,Belanja Natura dan Pakan-Natura,ON PROCESS,44985860,44985860
KAB. WAJO,"DINAS KOMUNIKASI, INFORMATIKA DAN STATISTIK - 2.16.2.20.2.21.02.0000",01KJETV3C2MAQRNTJP72YWEM35,65718399,2026,E-Katalog 6.0,APBD,TOMMYDARMAWANSYAH,E-Purchasing,Jasa Lainnya,Belanja Jasa Tenaga Ahli - Penyusunan Konten,ON PROCESS,4000000,4000000
KAB. WAJO,RSUD SIWA - 1.02.0.00.0.00.01.0002,01KRXFTZQ1QNW7K9AW8X6K64PT,66883851,2026,E-Katalog 6.0,BLUD,ATIGA BUNGA JAYA,E-Purchasing,Barang,Belanja Barang dan Jasa BLUD,ON PROCESS,2056053,2056053
KAB. WAJO,RSUD SIWA - 1.02.0.00.0.00.01.0002,01KS28M50PBBGTHG3FFT9A93J1,66883851,2026,E-Katalog 6.0,BLUD,INFION,E-Purchasing,Barang,Belanja Barang dan Jasa BLUD,ON PROCESS,4449990,0
KAB. WAJO,SEKRETARIAT DEWAN PERWAKILAN RAKYAT DAERAH - 4.02.0.00.0.00.01.0000,01KTB91TW132W0MPXTC1XEVS6F,63930161,2026,E-Katalog 6.0,APBD,BUNGARATU MEGATAMA,E-Purchasing,Barang,Belanja Alat/Bahan untuk Kegiatan Kantor- Suvenir/Cendera Mata,ON PROCESS,527250,527250
KAB. WAJO,PUSKESMAS LIU - 1.02.0.00.0.00.01.0005,01KVPXTKZ2KYVDAG9JW5W2Z17T,66776961,2026,E-Katalog 6.0,APBD,BINTANG LIMA MEDIKA,E-Purchasing,Barang,Belanja Barang dan Jasa BLUD,ON PROCESS,25400685,25400685
KAB. WAJO,PUSKESMAS WEWANGREWU - 1.02.0.00.0.00.01.0018,01KW17HAWE332GPV0VXGWXSN86,66766459,2026,E-Katalog 6.0,APBD,MUHAMMAD RESKY,E-Purchasing,Barang,Belanja Barang dan Jasa BOK Puskesmas pada sub kegiatan Pengelolaan Pelayanan Kesehatan Ibu Hamil,ON PROCESS,250600,250600
KAB. WAJO,SEKRETARIAT DAERAH - 4.01.0.00.0.00.01.0000,01KTN0M76FX0CRX0SZ9NJPEQB0,66853007,2026,E-Katalog 6.0,APBD,ANDI ERNA,E-Purchasing,Barang,Belanja Makanan dan Minuman Rapat,ON PROCESS,537000,537000
KAB. WAJO,"SATUAN POLISI PAMONG PRAJA, PEMADAM KEBAKARAN DAN PENYELAMATAN - 1.05.0.00.0.00.01.0000",01KMZK8SB30GNX3G4VJY16ARR2,64064061,2026,E-Katalog 6.0,APBD,DARNAWATI,E-Purchasing,Barang,Belanja Makanan dan Minuman Aktivitas Lapangan,ON PROCESS,4842000,4842000
KAB. WAJO,SEKRETARIAT DEWAN PERWAKILAN RAKYAT DAERAH - 4.02.0.00.0.00.01.0000,01KFN50GMPH6E7AQGZR1475QPK,63931773,2026,E-Katalog 6.0,APBD,A. NASRAH,E-Purchasing,Barang,Belanja Makanan dan Minuman Rapat Pelaksanaan Reses,ON PROCESS,6900000,6900000
KAB. WAJO,RSUD LAMADDUKELLENG - 1.02.0.00.0.00.01.0001,01KMYQ1E1T5HHER4QZG721HBCD,65300982,2026,E-Katalog 6.0,BLUD,HND GEMILANG SOLUSINDO,E-Purchasing,Barang,Belanja Barang dan Jasa BLUD,ON PROCESS,40359600,40359600
KAB. WAJO,DINAS PEMBERDAYAAN MASYARAKAT DAN DESA - 2.13.0.00.0.00.01.0000,01KP9Z7081YYKEXYGH94E24QXP,65633290,2026,E-Katalog 6.0,APBD,"ANDI DILAYANTI, S.E.",E-Purchasing,Barang,Penyediaan Jasa Surat Menyurat,ON PROCESS,6261543,6261543
KAB. WAJO,PUSKESMAS PENRANG - 1.02.0.00.0.00.01.0014,01KTNR4J7XM94S798BJ4D1TG45,66076986,2026,E-Katalog 6.0,APBD,ANDI JUNENNI,E-Purchasing,Barang,Belanja barang dan jasa BOK puskesmas pada sub kegiatan Pengelolaan Pelayanan Kesehatan Ibu Hamil,ON PROCESS,304300,304300
KAB. WAJO,PUSKESMAS SAPPA - 1.02.0.00.0.00.01.0022,01KR3NBQYQH8M3QV51N7KDMM6K,66281514,2026,E-Katalog 6.0,APBD,ST.AJIRAH,E-Purchasing,Barang,Kue / Snack,ON PROCESS,1255000,1255000
KAB. WAJO,KECAMATAN PENRANG - 7.01.0.00.0.00.08.0000,01KQ9VFFN8C4JTKDVM34KZ6HR1,66127269,2026,E-Katalog 6.0,APBD,GUNAWAN TJANDRA,E-Purchasing,Barang,Belanja Alat/Bahan untuk Kegiatan Kantor-Alat Listrik,ON PROCESS,993000,993000
KAB. WAJO,KECAMATAN BELAWA - 7.01.0.00.0.00.01.0000,01KSF58TAJX1101K4D9RYGTNP0,66881606,2026,E-Katalog 6.0,APBD,ANDI WIDYASTUTI ,E-Purchasing,Barang,Penyediaan Jasa Surat Menyurat,ON PROCESS,2957196,2957196
KAB. WAJO,PUSKESMAS SAJOANGING - 1.02.0.00.0.00.01.0012,01KRCZV2YJX5ETXHZEG101MFCP,66621191,2026,E-Katalog 6.0,APBD,SALWA NABILAH IDRIS,E-Purchasing,Barang,Belanja barang dan Jasa BOK Puskesmas pada sub kegiatan Pengelolaan Pelayanan Kesehatan Gizi Masyarakat,ON PROCESS,478000,478000
KAB. WAJO,"DINAS KOMUNIKASI, INFORMATIKA DAN STATISTIK - 2.16.2.20.2.21.02.0000",01KSEY70FT7W7V32F5QWT1Z4YV,65606989,2026,E-Katalog 6.0,APBD,BOSOWA MEDIA GRAFIKA,E-Purchasing,Barang,Belanja Langganan Jurnal/Surat Kabar/Majalah - Relasi Media ,ON PROCESS,10000000,10000000
KAB. WAJO,SEKRETARIAT DAERAH - 4.01.0.00.0.00.01.0000,01KPT37SE31YXPWQWEW5B7GF7N,66824390,2026,E-Katalog 6.0,APBD,ANDI AKHYAR SULAIMAN,E-Purchasing,Barang,Belanja Alat/Bahan untuk Kegiatan Kantor-Benda Pos,ON PROCESS,192000,192000
KAB. WAJO,PUSKESMAS MANIANGPAJO - 1.02.0.00.0.00.01.0021,01KW8N8EMGFAGA1RFV5PNM98FH,66067847,2026,E-Katalog 6.0,APBD,BINTANG LIMA MEDIKA,E-Purchasing,Barang,Belanja Barang dan Jasa BLUD,ON PROCESS,44760195,44760195
KAB. WAJO,KECAMATAN TEMPE - 7.01.0.00.0.00.14.0000,01KTTAS4D1Q4YSYX3SJ8CRQ8GN,64721496,2026,E-Katalog 6.0,APBD,ANDI ERNA,E-Purchasing,Barang,Belanja Makanan dan Minuman Rapat,ON PROCESS,1380000,1380000
KAB. WAJO,PUSKESMAS WEWANGREWU - 1.02.0.00.0.00.01.0018,01KVC8CAG99SPZSJ3KR4V3TM8J,66766433,2026,E-Katalog 6.0,APBD,MUHAMMAD RESKY,E-Purchasing,Barang,"Belanja Barang dan Jasa BOK Puskesmas pada sub kegiatan Peningkatan Upaya Promosi Kesehatan, Advokasi, Kemitraan dan Pemberdayaan Masyarakat",ON PROCESS,418600,418600
KAB. WAJO,PUSKESMAS SOLO - 1.02.0.00.0.00.01.0010,01KT3BYD0EF76ZH9WA9X410GVY,66313733,2026,E-Katalog 6.0,APBD,NURFAIDAH,E-Purchasing,Barang,Belanja Barang dan Jasa BLUD,ON PROCESS,1495000,1495000
KAB. WAJO,"SATUAN POLISI PAMONG PRAJA, PEMADAM KEBAKARAN DAN PENYELAMATAN - 1.05.0.00.0.00.01.0000",01KH2ZSG1ANS42W0Y95A3ZM6QE,64219424,2026,E-Katalog 6.0,APBD,DARNAWATI,E-Purchasing,Barang,Belanja Makanan dan Minuman Aktivitas Lapangan,ON PROCESS,860800,860800
KAB. WAJO,DINAS KESEHATAN - 1.02.0.00.0.00.01.0000,01KVYB127WNAGMX8DKTV5ZH919,66775952,2026,E-Katalog 6.0,APBD,ASTI WAHYUNI,E-Purchasing,Barang,Belanja Makanan dan Minuman Rapat pada sub kegiatan Pengelolan Upaya Kesehatan Ibu dan Anak,ON PROCESS,732000,732000
KAB. WAJO,PUSKESMAS KEERA - 1.02.0.00.0.00.01.0020,01KRB62SYZ5TC4AK92NXYMAMVR,66089711,2026,E-Katalog 6.0,APBD,ROSNAENI,E-Purchasing,Barang,Belanja Barang dan Jasa BLUD,ON PROCESS,1794000,1794000
KAB. WAJO,BADAN KESATUAN BANGSA DAN POLITIK - 8.01.0.00.0.00.01.0000,01KPSRXM5J3B09DXD0040KADHS,63062321,2026,E-Katalog 6.0,APBD,ANDI AKHYAR SULAIMAN,E-Purchasing,Barang,Belanja Alat/Bahan untuk Kegiatan Kantor-Alat Tulis Kantor,ON PROCESS,1100000,1100000
KAB. WAJO,SEKRETARIAT DEWAN PERWAKILAN RAKYAT DAERAH - 4.02.0.00.0.00.01.0000,01KVAF5GP1EQYMD7146Y0Z160N,63929663,2026,E-Katalog 6.0,APBD,SYAMSU ALAM,E-Purchasing,Barang,Belanja Alat/Bahan untuk Kegiatan Kantor-Alat Tulis Kantor Penatausahaan Barang Milik Daerah pada SKPD,ON PROCESS,499800,499800
KAB. WAJO,"SATUAN POLISI PAMONG PRAJA, PEMADAM KEBAKARAN DAN PENYELAMATAN - 1.05.0.00.0.00.01.0000",01KJ4TNB1KDN5D1VEPY7ZXGDVC,64200491,2026,E-Katalog 6.0,APBD,ABDUL MUIS,E-Purchasing,Barang,Belanja Makanan dan Minuman Aktivitas Lapangan,ON PROCESS,4438500,4438500
KAB. WAJO,SEKRETARIAT DEWAN PERWAKILAN RAKYAT DAERAH - 4.02.0.00.0.00.01.0000,01KFW9M1C0YD566B8978465B2D,63931767,2026,E-Katalog 6.0,APBD,MULTI SARANA SOLUTION,E-Purchasing,Barang,Belanja Sewa Alat Bantu Lainnya Pelaksanaan Reses,ON PROCESS,750000,750000
KAB. WAJO,RSUD SIWA - 1.02.0.00.0.00.01.0002,01KTZEPJB2KDY2H9M8F6NMCD6G,66883851,2026,E-Katalog 6.0,BLUD,ANUGRAH SALMAN MEDIKA,E-Purchasing,Barang,Belanja Barang dan Jasa BLUD,ON PROCESS,6157900,6157900
KAB. WAJO,SEKRETARIAT DAERAH - 4.01.0.00.0.00.01.0000,01KHR7AB8ZYMC5MV06VW570Q54,63636068,2026,E-Katalog 6.0,APBD,KARTINI TAHIR,E-Purchasing,Barang,Belanja Natura dan Pakan-Natura,ON PROCESS,58500000,58500000
KAB. WAJO,PUSKESMAS SAJOANGING - 1.02.0.00.0.00.01.0012,01KR9X159S4DZN244GW04QY55H,66203175,2026,E-Katalog 6.0,APBD,SALWA NABILAH IDRIS,E-Purchasing,Barang,Belanja Barang dan Jasa BLUD,ON PROCESS,1345500,1345500
KAB. WAJO,KECAMATAN SAJOANGING - 7.01.0.00.0.00.11.0000,01KQSED0CW57P9KEB84ZTTRN3Z,65380602,2026,E-Katalog 6.0,APBD,ANDI AKHYAR SULAIMAN,E-Purchasing,Barang,Koordinasi dan Penyusunan DPA-SKPD,ON PROCESS,222000,222000
KAB. WAJO,DINAS LINGKUNGAN HIDUP - 2.11.0.00.0.00.01.0000,01KN1ZKJR1W3RMC0FQSDWVAPHG,66649192,2026,E-Katalog 6.0,APBD,MARIO CEMERLANG PERKASA,E-Purchasing,Barang,Belanja sewa alat besar darat,PAYMENT OUTSIDE SYSTEM,219158400,219158400
KAB. WAJO,PUSKESMAS PARIGI - 1.02.0.00.0.00.01.0023,01KT4DJFV6CNXKE69FEX9BKFNG,66570623,2026,E-Katalog 6.0,APBD,NURHAENI,E-Purchasing,Barang,Kue / Snack,ON PROCESS,286400,286400
KAB. WAJO,SEKRETARIAT DAERAH - 4.01.0.00.0.00.01.0000,01KVD0GJH06MX16WMHKPV43VME,63637419,2026,E-Katalog 6.0,APBD,andi musriadi,E-Purchasing,Barang,Belanja Alat/Bahan untuk Kegiatan Kantor- Suvenir/Cendera Mata,ON PROCESS,7000000,7000000
KAB. WAJO,DINAS KESEHATAN - 1.02.0.00.0.00.01.0000,01KWV5KXG9A9PR6V1N8ZMSCSZS,67418043,2026,E-Katalog 6.0,APBD,ARSYAD M,E-Purchasing,Barang,Belanja Alat/Bahan untuk Kegiatan Kantor- Bahan Cetak pada sub kegiatan Pengembangan Mutu dan Peningkatan Kompetensi Teknis Sumber Daya Manusia Kesehatan Tingkat Daerah Kabupaten/Kota,ON PROCESS,4182413,4182413
KAB. WAJO,"DINAS KOMUNIKASI, INFORMATIKA DAN STATISTIK - 2.16.2.20.2.21.02.0000",01KNNQYXB7FGZP5X31KVHZKEK5,65606990,2026,E-Katalog 6.0,APBD,INFO NASIONAL INTERMEDIA,E-Purchasing,Barang,Belanja Kawat/Faksimili/Internet/TV Berlangganan - Relasi Media ,ON PROCESS,7200000,7200000
KAB. WAJO,PUSKESMAS TAKKALALLA - 1.02.0.00.0.00.01.0011,01KNKEME58KKD26YZGD4JAW89C,66077022,2026,E-Katalog 6.0,APBD,FEBY RUDISRA,E-Purchasing,Barang,Belanja Barang dan Jasa BLUD,ON PROCESS,149850,149850
KAB. WAJO,SEKRETARIAT DAERAH - 4.01.0.00.0.00.01.0000,01KWH3YBK7V2VKV8VXJM54YKDS,64471453,2026,E-Katalog 6.0,APBD,ANDI AKHYAR SULAIMAN,E-Purchasing,Barang,Belanja Alat/Bahan untuk Kegiatan Kantor-Alat Tulis Kantor,ON PROCESS,2044500,2044500
KAB. WAJO,KECAMATAN TEMPE - 7.01.0.00.0.00.14.0000,01KJFDE61X3MN7QAP1W5292JM9,64726059,2026,E-Katalog 6.0,APBD,AQILAHDAFFA,E-Purchasing,Barang,Belanja Natura dan Pakan-Natura,ON PROCESS,10946100,10946100
KAB. WAJO,PUSKESMAS LIU - 1.02.0.00.0.00.01.0005,01KWDH118RAV3RPGYYFMG47CNZ,66777050,2026,E-Katalog 6.0,APBD,ASTI WAHYUNI,E-Purchasing,Barang,Nasi Kotak pada Sub Kegiatan Pengelolaan Pelayanan Kesehatan Gizi Masyarakat,ON PROCESS,299000,299000
KAB. WAJO,RSUD LAMADDUKELLENG - 1.02.0.00.0.00.01.0001,01KPQDVMT489C17Y088J3RE6Y6,65300982,2026,E-Katalog 6.0,BLUD,ANUGRAHMITRA SELARAS,E-Purchasing,Barang,Belanja Barang dan Jasa BLUD,ON PROCESS,54769287,54769287
KAB. WAJO,"DINAS KOMUNIKASI, INFORMATIKA DAN STATISTIK - 2.16.2.20.2.21.02.0000",01KTMWCCCMZ519BCF3XA895XFD,65611195,2026,E-Katalog 6.0,APBD,ANDI AKHYAR SULAIMAN,E-Purchasing,Barang,Belanja Alat/Bahan untuk Kegiatan Kantor-Alat Tulis Kantor - Pengelolaan Nama Domain dan Sub Domain Penyelenggaraan Pemerintah Daerah dan Pengelolaan Nama Domain Pemerintah Desa ,ON PROCESS,753995,753995
KAB. WAJO,BADAN PENGELOLAAN KEUANGAN DAN PENDAPATAN DAERAH - 5.02.0.00.0.00.01.0000,01KVY534A5BHB0RD62RHWPTC19,63993657,2026,E-Katalog 6.0,APBD,MUHAMMAD ZULKARNAIN,E-Purchasing,Barang,Belanja Makanan dan Minuman Rapat,ON PROCESS,875000,875000
KAB. WAJO,DINAS KESEHATAN - 1.02.0.00.0.00.01.0000,01KP7ZZ24Y96M2K4NR2ENN8MME,66791060,2026,E-Katalog 6.0,APBD,ASTI WAHYUNI,E-Purchasing,Barang,Belanja Makanan dan Minuman Aktivitas Lapangan pada sub kegiatan Pengelolaan Pelayanan Kesehatan pada Usia Produktif,ON PROCESS,1969000,1969000
KAB. WAJO,KECAMATAN KEERA - 7.01.0.00.0.00.04.0000,01KVW7F449AY67F85N28EKPW97,65625382,2026,E-Katalog 6.0,APBD,NOVI ASTIKA,E-Purchasing,Barang,Peningkatan Efektifitas Kegiatan Pemberdayaan Masyarakat di Wilayah Kecamatan,ON PROCESS,1000000,1000000
KAB. WAJO,DINAS KESEHATAN - 1.02.0.00.0.00.01.0000,01KRX5AXNZG1ZPZ2AJ924ESG8T,66827275,2026,E-Katalog 6.0,APBD,ANDI JUNENNI,E-Purchasing,Barang,Belanja Makanan dan Minuman Rapat pada sub kegiatan Pemeriksaan Post Market pada Produk Makanan-Minuman Industri Rumah Tangga yang Beredar dan Pengawasan serta Tindak Lanjut Pengawasan,ON PROCESS,1069500,1069500
KAB. WAJO,KECAMATAN SABBANGPARU - 7.01.0.00.0.00.10.0000,01KNV0WM0FP8KH7YS34QYSD08S,65655545,2026,E-Katalog 6.0,APBD,ASTI WAHYUNI,E-Purchasing,Barang,Belanja Makanan dan Minuman Rapat Kegiatan Penyediaan Jasa Pelayanan Umum Kantor,ON PROCESS,1720000,1720000
KAB. WAJO,"DINAS KOMUNIKASI, INFORMATIKA DAN STATISTIK - 2.16.2.20.2.21.02.0000",01KQRPPNJ7VV9CYBH5E7K50GST,65607121,2026,E-Katalog 6.0,APBD,AQILAHDAFFA,E-Purchasing,Barang,Belanja Makanan dan Minuman Rapat - Pengelolaan Media Komunikasi Publik,ON PROCESS,4970000,4970000
KAB. WAJO,"BADAN PERENCANAAN PEMBANGUNAN, RISET DAN INOVASI DAERAH - 5.01.5.05.0.00.01.0000",01KNNQNEB28J1GMGY6RTJQ8GS9,65208967,2026,E-Katalog 6.0,APBD,ANDI ERWIN,E-Purchasing,Barang,Belanja Alat/Bahan untuk Kegiatan Kantor-Alat/Bahan untuk Kegiatan Kantor Lainnya,ON PROCESS,471750,471750
KAB. WAJO,DINAS PERIKANAN - 3.25.0.00.0.00.01.0000,01KPAC22DDYTN3JMHBFWX38PG2,64498055,2026,E-Katalog 6.0,APBD,FADLIAH MAPPANGANRO,E-Purchasing,Barang,Belanja Alat/Bahan untuk Kegiatan Kantor- Bahan Cetak kegiatan Koordinasi dan Penyusunan Dokumen RKA-SKPD,ON PROCESS,1194000,1194000
KAB. WAJO,"SATUAN POLISI PAMONG PRAJA, PEMADAM KEBAKARAN DAN PENYELAMATAN - 1.05.0.00.0.00.01.0000",01KR10KXENQQMGXX5F003B2HRW,66910838,2026,E-Katalog 6.0,APBD,MEGAWATI,E-Purchasing,Barang,Belanja Makanan dan Minuman Aktivitas Lapangan,ON PROCESS,424000,424000
KAB. WAJO,"DINAS KOMUNIKASI, INFORMATIKA DAN STATISTIK - 2.16.2.20.2.21.02.0000",01KVFG1DHS2X19KSE9S6WP75VM,65606990,2026,E-Katalog 6.0,APBD,MEDIA SATELITE INDONESIA,E-Purchasing,Barang,Belanja Kawat/Faksimili/Internet/TV Berlangganan - Relasi Media ,ON PROCESS,5100000,5100000
KAB. WAJO,KECAMATAN BELAWA - 7.01.0.00.0.00.01.0000,01KPQ775R99NKAYQWTEAC94JWH,66880325,2026,E-Katalog 6.0,APBD,MASDAWATI,E-Purchasing,Barang,Belanja Makanan dan Minuman Rapat,ON PROCESS,3362000,3362000
KAB. WAJO,KECAMATAN SAJOANGING - 7.01.0.00.0.00.11.0000,01KS7D4KNFZWSX7FBXH7YCF9QQ,65380740,2026,E-Katalog 6.0,APBD,ANDI AKHYAR SULAIMAN,E-Purchasing,Barang,Koordinasi dan Penyusunan Laporan Keuangan Akhir Tahun SKPD,ON PROCESS,400000,400000
KAB. WAJO,PUSKESMAS TAKKALALLA - 1.02.0.00.0.00.01.0011,01KNRAQA02PP10KP5RV4TJ02WG,66026188,2026,E-Katalog 6.0,APBD,SITTI AISYAH,E-Purchasing,Barang,Belanja Barang dan Jasa BOK Puskesmas Sub Keg Pengelolaan Pelayanan Kesehatan Gizi Masyarakat,ON PROCESS,299000,299000
KAB. WAJO,"DINAS KOMUNIKASI, INFORMATIKA DAN STATISTIK - 2.16.2.20.2.21.02.0000",01KQSDE5DZGSZE6X5Y0S4X5BY7,65718398,2026,E-Katalog 6.0,APBD,AQILAHDAFFA,E-Purchasing,Barang,Belanja Makanan dan Minuman Rapat - Penyusunan Konten,ON PROCESS,3500000,3500000
KAB. WAJO,BADAN PENGELOLAAN KEUANGAN DAN PENDAPATAN DAERAH - 5.02.0.00.0.00.01.0000,01KS75JJ80H72J9R0SS74FR0RA,63464855,2026,E-Katalog 6.0,APBD,ASTI WAHYUNI,E-Purchasing,Barang,Belanja Makanan dan Minuman Rapat,ON PROCESS,634800,634800
KAB. WAJO,PUSKESMAS PAMMANA - 1.02.0.00.0.00.01.0009,01KV52XTBSK20TY6ETECE6HYPK,66005241,2026,E-Katalog 6.0,APBD,MUHAMMAD ZULKARNAIN,E-Purchasing,Barang,Nasi Kotak,ON PROCESS,119600,119600
KAB. WAJO,SEKRETARIAT DAERAH - 4.01.0.00.0.00.01.0000,01KN433JP44RYZ2FGPZ19E1FA8,64473970,2026,E-Katalog 6.0,APBD,ANDI AKHYAR SULAIMAN,E-Purchasing,Barang,Belanja Alat/Bahan untuk Kegiatan Kantor-Alat Tulis Kantor,ON PROCESS,1827400,1827400
KAB. WAJO,DINAS TENAGA KERJA DAN TRANSMIGRASI - 2.07.3.32.0.00.02.0000,01KTN66THD5QRRG0D6ZSWGW2Y5,66615788,2026,E-Katalog 6.0,APBD,AQILAHDAFFA,E-Purchasing,Barang,Belanja Alat/Bahan untuk Kegiatan Kantor- Bahan Cetak,ON PROCESS,750000,750000
KAB. WAJO,"BADAN PERENCANAAN PEMBANGUNAN, RISET DAN INOVASI DAERAH - 5.01.5.05.0.00.01.0000",01KHQR8RS171AC8DMRHR24XN22,65210737,2026,E-Katalog 6.0,APBD,ANDI AKHYAR SULAIMAN,E-Purchasing,Barang,Belanja Alat/Bahan untuk Kegiatan Kantor- Bahan Cetak,ON PROCESS,2822000,2822000
KAB. WAJO,"SATUAN POLISI PAMONG PRAJA, PEMADAM KEBAKARAN DAN PENYELAMATAN - 1.05.0.00.0.00.01.0000",01KGHTH15Y1EX0NH153VXHFG5D,64200879,2026,E-Katalog 6.0,APBD,IVA YULIANTI,E-Purchasing,Barang,Belanja Makanan dan Minuman Aktivitas Lapangan,ON PROCESS,1500000,1500000
KAB. WAJO,PUSKESMAS SALOBULO - 1.02.0.00.0.00.01.0013,01KQEZGZE6TZYTQC1BDDJQQYGJ,66080555,2026,E-Katalog 6.0,APBD,ANDI JUNENNI,E-Purchasing,Barang,Belanja Barang dan Jasa BOK Puskesmas pada sub kegiatan Pengelolaan Gizi Masyarakat,ON PROCESS,358000,358000
KAB. WAJO,SEKRETARIAT DEWAN PERWAKILAN RAKYAT DAERAH - 4.02.0.00.0.00.01.0000,01KVC8WMQ0NQ05R947NW6J5JV1,63929281,2026,E-Katalog 6.0,APBD,GUNAWAN TJANDRA,E-Purchasing,Barang,Belanja Modal Alat Pendingin (AC),ON PROCESS,6682200,6682200
KAB. WAJO,RSUD LAMADDUKELLENG - 1.02.0.00.0.00.01.0001,01KH130CGQED2D2Q7NZ3MBENM2,65300982,2026,E-Katalog 6.0,BLUD,SINARAYA NUGRAHA AHMADARIS MEDIKA,E-Purchasing,Barang,Belanja Barang dan Jasa BLUD,ON PROCESS,46513440,46513440
KAB. WAJO,DINAS KESEHATAN - 1.02.0.00.0.00.01.0000,01KV526YPPCR9K4M3YGS62BZMB,66775862,2026,E-Katalog 6.0,APBD,ARSYAD M,E-Purchasing,Barang,Belanja Alat/Bahan untuk Kegiatan Kantor-Alat Tulis Kantor pada sub kegiatan Pengelolaan Pelayanan Kesehatan Bayi Baru Lahir,ON PROCESS,476297,476297
KAB. WAJO,DINAS KESEHATAN - 1.02.0.00.0.00.01.0000,01KNK96AMAEX7AW1YTE1PV71SW,66827275,2026,E-Katalog 6.0,APBD,ASTI WAHYUNI,E-Purchasing,Barang,Belanja Makanan dan Minuman Rapat pada sub kegiatan Pemeriksaan Post Market pada Produk Makanan-Minuman Industri Rumah Tangga yang Beredar dan Pengawasan serta Tindak Lanjut Pengawasan,ON PROCESS,1074000,1074000
KAB. WAJO,PUSKESMAS PENRANG - 1.02.0.00.0.00.01.0014,01KWTTMWGCF8BCBF842EVXEN6R,66076986,2026,E-Katalog 6.0,APBD,ANDI JUNENNI,E-Purchasing,Barang,Belanja barang dan jasa BOK puskesmas pada sub kegiatan Pengelolaan Pelayanan Kesehatan Ibu Hamil,ON PROCESS,304300,304300
KAB. WAJO,PUSKESMAS PENRANG - 1.02.0.00.0.00.01.0014,01KTNQHD4AERZQ60XA30G4YEGD,66076986,2026,E-Katalog 6.0,APBD,ANDI JUNENNI,E-Purchasing,Barang,Belanja barang dan jasa BOK puskesmas pada sub kegiatan Pengelolaan Pelayanan Kesehatan Ibu Hamil,ON PROCESS,304300,304300
KAB. WAJO,DINAS TENAGA KERJA DAN TRANSMIGRASI - 2.07.3.32.0.00.02.0000,01KWDM147D7T6N7SES5QJ5XFK6,67385383,2026,E-Katalog 6.0,APBD,AQILAHDAFFA,E-Purchasing,Barang,Belanja Alat/Bahan untuk Kegiatan Kantor-Alat Listrik,ON PROCESS,1111045,1111045
KAB. WAJO,"BADAN PERENCANAAN PEMBANGUNAN, RISET DAN INOVASI DAERAH - 5.01.5.05.0.00.01.0000",01KHT8TSKCA967KQ383D09XVNQ,65277625,2026,E-Katalog 6.0,APBD,ANDI AKHYAR SULAIMAN,E-Purchasing,Barang,Belanja Alat/Bahan untuk Kegiatan Kantor-Alat Tulis Kantor,ON PROCESS,408000,408000
KAB. WAJO,SEKRETARIAT DAERAH - 4.01.0.00.0.00.01.0000,01KJQK2RYBYDVJ0JD2JW04JXXW,63636068,2026,E-Katalog 6.0,APBD,ANDI ERNA,E-Purchasing,Barang,Belanja Natura dan Pakan-Natura,ON PROCESS,62400000,62400000
KAB. WAJO,SEKRETARIAT DEWAN PERWAKILAN RAKYAT DAERAH - 4.02.0.00.0.00.01.0000,01KH5Y4WZAGJNWMK5QRTWSRBKC,63928448,2026,E-Katalog 6.0,APBD,"ANDI DILAYANTI, S.E.",E-Purchasing,Barang,Belanja Alat/Bahan untuk Kegiatan Kantor-Alat Tulis Kantor Sub Kegiatan Fasilitasi Rapat Koordinasi dan Konsultasi DPRD,ON PROCESS,1483037,1483037
KAB. WAJO,PUSKESMAS SAJOANGING - 1.02.0.00.0.00.01.0012,01KQ8RQTJF0DVQ3AT04K48TDST,66620220,2026,E-Katalog 6.0,APBD,SALWA NABILAH IDRIS,E-Purchasing,Barang,Belanja Barang dan jasa BOK Puskesmas pada sub kegiatan Pengelolaan Pelayanan Kesehatan Ibu Hamil,ON PROCESS,358000,358000
KAB. WAJO,SEKRETARIAT DEWAN PERWAKILAN RAKYAT DAERAH - 4.02.0.00.0.00.01.0000,01KFQ9D6G6HTXMVVNZNXC4BD04,63931773,2026,E-Katalog 6.0,APBD,A. NASRAH,E-Purchasing,Barang,Belanja Makanan dan Minuman Rapat Pelaksanaan Reses,ON PROCESS,6900000,6900000
KAB. WAJO,SEKRETARIAT DAERAH - 4.01.0.00.0.00.01.0000,01KP5XFCGW05PXKT7ZMKW2SABQ,63637426,2026,E-Katalog 6.0,APBD,MITRA SERMANI HOTEL,E-Purchasing,Barang,Belanja Sewa Hotel,ON PROCESS,1100000,1100000
KAB. WAJO,DINAS LINGKUNGAN HIDUP - 2.11.0.00.0.00.01.0000,01KRWYGDNC9H1VY3JJ1DV1QY5E,65710872,2026,E-Katalog 6.0,APBD,AQILAHDAFFA,E-Purchasing,Barang,Belanja makanan dan minuman aktivitas lapangan,PAYMENT OUTSIDE SYSTEM,3588000,3588000
KAB. WAJO,BADAN PENGELOLAAN KEUANGAN DAN PENDAPATAN DAERAH - 5.02.0.00.0.00.01.0000,01KS75D8TGFFRDSCZQ7KQ4D1EC,64000030,2026,E-Katalog 6.0,APBD,ANDI JUNENNI,E-Purchasing,Barang,Belanja Makanan dan Minuman Rapat,ON PROCESS,420000,420000
KAB. WAJO,RSUD LAMADDUKELLENG - 1.02.0.00.0.00.01.0001,01KNK4XKCQ6R5R4YEJTDBS5NHZ,65300982,2026,E-Katalog 6.0,BLUD,ANDI WAHYUDI WIJAYANTO,E-Purchasing,Barang,Belanja Barang dan Jasa BLUD,ON PROCESS,16872000,16872000
KAB. WAJO,RSUD LAMADDUKELLENG - 1.02.0.00.0.00.01.0001,01KMS1K5PNGA773WMW94DQB6GK,65300982,2026,E-Katalog 6.0,BLUD,HEXPHARM JAYA LABORATORIES,E-Purchasing,Barang,Belanja Barang dan Jasa BLUD,ON PROCESS,7876560,7876560
KAB. WAJO,"SATUAN POLISI PAMONG PRAJA, PEMADAM KEBAKARAN DAN PENYELAMATAN - 1.05.0.00.0.00.01.0000",01KP80054582AYSR49HD2XKJ28,64063459,2026,E-Katalog 6.0,APBD,ANDI MAKKULAWU,E-Purchasing,Barang,Belanja Alat/Bahan untuk Kegiatan Kantor-Alat Tulis Kantor,ON PROCESS,2928180,2928180
KAB. WAJO,"BADAN PERENCANAAN PEMBANGUNAN, RISET DAN INOVASI DAERAH - 5.01.5.05.0.00.01.0000",01KJ2SKPQ1Y5MMZMK6PMAB27CR,65278902,2026,E-Katalog 6.0,APBD,ANDI AKHYAR SULAIMAN,E-Purchasing,Barang,Belanja Alat/Bahan untuk Kegiatan Kantor-Alat Tulis Kantor,ON PROCESS,1851001,1851001
KAB. WAJO,PUSKESMAS GILIRENG - 1.02.0.00.0.00.01.0019,01KTB7Z2FX7XH1RPNMXTR52TEC,66067911,2026,E-Katalog 6.0,APBD,GEDDONG,E-Purchasing,Barang,Belanja Barang dan Jasa BLUD,ON PROCESS,1196000,1196000
KAB. WAJO,SEKRETARIAT DEWAN PERWAKILAN RAKYAT DAERAH - 4.02.0.00.0.00.01.0000,01KFM82G2NAT2TQZ85N68TD1MG,63931773,2026,E-Katalog 6.0,APBD,A. NASRAH,E-Purchasing,Barang,Belanja Makanan dan Minuman Rapat Pelaksanaan Reses,ON PROCESS,6900000,6900000
KAB. WAJO,DINAS TENAGA KERJA DAN TRANSMIGRASI - 2.07.3.32.0.00.02.0000,01KP56DRKF99C660VKE6AZGN4H,66838237,2026,E-Katalog 6.0,APBD,SALMAWATI DAI,E-Purchasing,Barang,Belanja Alat/Bahan untuk Kegiatan Kantor-Alat Tulis Kantor,ON PROCESS,2017000,2017000
KAB. WAJO,PUSKESMAS SABBANGPARU - 1.02.0.00.0.00.01.0003,01KVPENWKSPDWY8AKJQ94QJYG5,66481720,2026,E-Katalog 6.0,APBD,ASTI WAHYUNI,E-Purchasing,Barang,Belanja Barang dan Jasa BLUD,ON PROCESS,390000,390000
KAB. WAJO,DINAS PERTANIAN DAN KETAHANAN PANGAN - 2.09.3.27.0.00.02.0000,01KPT5SGV178EAV0FRZ5J1A96F,66410621,2026,E-Katalog 6.0,APBD,"ANDI DILAYANTI, S.E.",E-Purchasing,Barang,Belanja Alat/Bahan untuk Kegiatan Kantor-Alat Tulis Kantor,ON PROCESS,1128018,1128018
KAB. WAJO,PUSKESMAS TAKKALALLA - 1.02.0.00.0.00.01.0011,01KNTMK5QK8W0T0JE1SR4A9B4W,66026188,2026,E-Katalog 6.0,APBD,SITTI AISYAH,E-Purchasing,Barang,Belanja Barang dan Jasa BOK Puskesmas Sub Keg Pengelolaan Pelayanan Kesehatan Gizi Masyarakat,ON PROCESS,299000,299000
KAB. WAJO,KELURAHAN BELAWA - 7.01.0.00.0.00.01.0001,01KVSPFQM4PVSSTQSSS56HQZSG,67167626,2026,E-Katalog 6.0,APBD,ANDI WIDYASTUTI ,E-Purchasing,Barang,Belanja Alat/Bahan untuk Kegiatan Kantor-Alat Tulis Kantor,ON PROCESS,2395500,2395500
KAB. WAJO,BADAN KESATUAN BANGSA DAN POLITIK - 8.01.0.00.0.00.01.0000,01KGKS9W4ZC3FM5SPHD98K63ZQ,63063545,2026,E-Katalog 6.0,APBD,HASDIMAN,E-Purchasing,Barang,Belanja Alat/Bahan untuk Kegiatan Kantor-Alat Tulis Kantor,ON PROCESS,814930,814930
KAB. WAJO,"BADAN PERENCANAAN PEMBANGUNAN, RISET DAN INOVASI DAERAH - 5.01.5.05.0.00.01.0000",01KWBZ2KYXRCRS3TAE1THFMAGM,65277859,2026,E-Katalog 6.0,APBD,TAMIYA NURUL WULANDA,E-Purchasing,Barang,Belanja Makanan dan Minuman Rapat,ON PROCESS,1194000,1194000
KAB. WAJO,RSUD LAMADDUKELLENG - 1.02.0.00.0.00.01.0001,01KSS4E39HMK8817M5Q7WGCQ9A,65300982,2026,E-Katalog 6.0,BLUD,YARINDO FARMATAMA,E-Purchasing,Barang,Belanja Barang dan Jasa BLUD,ON PROCESS,4232164,4232164
KAB. WAJO,RSUD LAMADDUKELLENG - 1.02.0.00.0.00.01.0001,01KQ9EXAVYEM7M39VS96XKPV97,65300982,2026,E-Katalog 6.0,BLUD,TIVAN BERKAT MULIA,E-Purchasing,Barang,Belanja Barang dan Jasa BLUD,ON PROCESS,7288000,0
KAB. WAJO,PUSKESMAS MANIANGPAJO - 1.02.0.00.0.00.01.0021,01KTJZRBPA2B7ZA4MGSN1YYS4Y,66071513,2026,E-Katalog 6.0,APBD,MASDAWATI,E-Purchasing,Barang,Belanja Barang dan Jasa BOK Puskesmas Pada Sub Kegiatan Pengelolaan Pelayanan Kesehatan Ibu Hamil,ON PROCESS,150000,150000
KAB. WAJO,DINAS TENAGA KERJA DAN TRANSMIGRASI - 2.07.3.32.0.00.02.0000,01KWDSBMX2RDY5W9QG9VVYFE52,67306637,2026,E-Katalog 6.0,APBD,MUH. ARFAN SETIAWAN,E-Purchasing,Barang,Belanja Alat/Bahan untuk Kegiatan Kantor-Alat Tulis Kantor,ON PROCESS,4363100,4363100
KAB. WAJO,SEKRETARIAT DAERAH - 4.01.0.00.0.00.01.0000,01KQ4DF25RCG2KW6EK40ZKVCVD,63637426,2026,E-Katalog 6.0,APBD,SALLO HOTEL SENGKANG,E-Purchasing,Barang,Belanja Sewa Hotel,ON PROCESS,3600000,3600000
KAB. WAJO,"DINAS KOMUNIKASI, INFORMATIKA DAN STATISTIK - 2.16.2.20.2.21.02.0000",01KVF5P6S16WGVPMS1JY9GXG15,65606990,2026,E-Katalog 6.0,APBD,HALO MEDIA GRUP,E-Purchasing,Barang,Belanja Kawat/Faksimili/Internet/TV Berlangganan - Relasi Media ,ON PROCESS,5100000,5100000
KAB. WAJO,KELURAHAN TEDDAOPU - 7.01.0.00.0.00.14.0014,01KW1GBFRM77NAX3VEX220CZPF,66960117,2026,E-Katalog 6.0,APBD,LUSI SUSANTI,E-Purchasing,Barang,Belanja Makanan dan Minuman Rapat,ON PROCESS,2550000,2550000
KAB. WAJO,DINAS PENANAMAN MODAL DAN PELAYANAN TERPADU SATU PINTU - 2.18.0.00.0.00.01.0000,01KNVF0XB72W6Y4NFGQX0M61GY,64989954,2026,E-Katalog 6.0,APBD,ANDI AKHYAR SULAIMAN,E-Purchasing,Barang,Belanja Alat/Bahan untuk Kegiatan Kantor-Alat Tulis Kantor,ON PROCESS,1366760,1366760
KAB. WAJO,RSUD LAMADDUKELLENG - 1.02.0.00.0.00.01.0001,01KJPK8RB7R7WR8PW6PEQG6H4W,65300982,2026,E-Katalog 6.0,BLUD,ROCHE INDONESIA,E-Purchasing,Barang,Belanja Barang dan Jasa BLUD,ON PROCESS,5125009,0
KAB. WAJO,KECAMATAN SABBANGPARU - 7.01.0.00.0.00.10.0000,01KPDAE4DYMXXXYVAF82Z01JH7,66922781,2026,E-Katalog 6.0,APBD,ASTI WAHYUNI,E-Purchasing,Barang,Belanja Makanan dan Minuman Rapat Kegiatan Peningkatan Efektifitas Kegiatan Pemberdayaan Masyarkat di Wilayahnya,ON PROCESS,1446000,1446000
KAB. WAJO,PUSKESMAS SABBANGPARU - 1.02.0.00.0.00.01.0003,01KRT5XVQXWSMMWF5XA293GCV2,66481720,2026,E-Katalog 6.0,APBD,ASTI WAHYUNI,E-Purchasing,Barang,Belanja Barang dan Jasa BLUD,ON PROCESS,390000,390000
KAB. WAJO,PUSKESMAS PATTIROSOMPE - 1.02.0.00.0.00.01.0007,01KPD8QJ63BZ72ADZ6R86H17JN,66629961,2026,E-Katalog 6.0,APBD,ANDI AZIS ASHAR,E-Purchasing,Barang,Sub Kegiatan Pengelolaan Pelayanan Kesehatan Ibu Hamil,ON PROCESS,268500,268500
KAB. WAJO,"DINAS KOMUNIKASI, INFORMATIKA DAN STATISTIK - 2.16.2.20.2.21.02.0000",01KSEYFYHX4NSAZD7ZKTMKX9ZE,65606989,2026,E-Katalog 6.0,APBD,MEDIA FAJAR INDONESIA,E-Purchasing,Barang,Belanja Langganan Jurnal/Surat Kabar/Majalah - Relasi Media ,ON PROCESS,19990000,19990000
KAB. WAJO,RSUD LAMADDUKELLENG - 1.02.0.00.0.00.01.0001,01KHJW6BD4SCSCZ6H0CYWX4CQA,65300982,2026,E-Katalog 6.0,BLUD,OTSUKA INDONESIA,E-Purchasing,Barang,Belanja Barang dan Jasa BLUD,ON PROCESS,79953300,79953300
KAB. WAJO,DINAS PEMBERDAYAAN MASYARAKAT DAN DESA - 2.13.0.00.0.00.01.0000,01KRWGYZJE6KYN1A8S2S3JAH8Y,65633621,2026,E-Katalog 6.0,APBD,TAMIYA NURUL WULANDA,E-Purchasing,Barang,Belanja Makanan dan Minuman Rapat,ON PROCESS,4840000,4840000
KAB. WAJO,RSUD LAMADDUKELLENG - 1.02.0.00.0.00.01.0001,01KSF27Z9ZANN8XR44Z6ETVCM4,65300982,2026,E-Katalog 6.0,BLUD,DEXA MEDICA,E-Purchasing,Barang,Belanja Barang dan Jasa BLUD,ON PROCESS,8491500,8491500
KAB. WAJO,KELURAHAN MATTIROTAPPARENG - 7.01.0.00.0.00.14.0012,01KTE7R0TMAKFS489GPGZZGTRX,66959465,2026,E-Katalog 6.0,APBD,ANDI AKHYAR SULAIMAN,E-Purchasing,Barang,Belanja Alat/Bahan untuk Kegiatan Kantor-Alat Tulis Kantor,ON PROCESS,4864195,4864195
KAB. WAJO,"DINAS KOMUNIKASI, INFORMATIKA DAN STATISTIK - 2.16.2.20.2.21.02.0000",01KJMDSF7AZ7K2VDT4EBG573JC,65606990,2026,E-Katalog 6.0,APBD,RAKYAT SULSEL BIRO WAJO,E-Purchasing,Barang,Belanja Kawat/Faksimili/Internet/TV Berlangganan - Relasi Media ,ON PROCESS,3750000,3750000
KAB. WAJO,DINAS PERIKANAN - 3.25.0.00.0.00.01.0000,01KQC96661Y53B5TM4160A2FSX,64611551,2026,E-Katalog 6.0,APBD,FADLIAH MAPPANGANRO,E-Purchasing,Barang,Belanja Alat/Bahan untuk Kegiatan Kantor-Alat Tulis Kantor kegiatan penyediaan sarana usaha perikanan tangkap,ON PROCESS,1885500,1885500
KAB. WAJO,"DINAS KOMUNIKASI, INFORMATIKA DAN STATISTIK - 2.16.2.20.2.21.02.0000",01KN3J65T50W6CZ2CT8YK4FQN9,65606990,2026,E-Katalog 6.0,APBD,MAKASSAR PENA SAKTI,E-Purchasing,Barang,Belanja Kawat/Faksimili/Internet/TV Berlangganan - Relasi Media ,ON PROCESS,2124984,2124984
KAB. WAJO,SEKRETARIAT DAERAH - 4.01.0.00.0.00.01.0000,01KG66VC4GME5MQ9W630CZJS1Y,63590760,2026,E-Katalog 6.0,APBD,IIP WISUDAWATI,E-Purchasing,Barang,Belanja Alat/Bahan untuk Kegiatan Kantor- Suvenir/Cendera Mata,ON PROCESS,3000000,3000000
KAB. WAJO,PUSKESMAS KEERA - 1.02.0.00.0.00.01.0020,01KTKGC4HD6AB1J2122BWKRBWD,66089711,2026,E-Katalog 6.0,APBD,ROSNAENI,E-Purchasing,Barang,Belanja Barang dan Jasa BLUD,ON PROCESS,1794000,1794000
KAB. WAJO,DINAS TENAGA KERJA DAN TRANSMIGRASI - 2.07.3.32.0.00.02.0000,01KRDEB8Y4DR6ZVWERAQEY0TS2,67126390,2026,E-Katalog 6.0,APBD,AQILAHDAFFA,E-Purchasing,Barang,Belanja Alat/Bahan untuk Kegiatan Kantor-Alat Listrik,ON PROCESS,1761620,1761620
KAB. WAJO,PUSKESMAS MANIANGPAJO - 1.02.0.00.0.00.01.0021,01KNGAK6TXTV1VDR5G2REDYT4F,66071513,2026,E-Katalog 6.0,APBD,MASDAWATI,E-Purchasing,Barang,Belanja Barang dan Jasa BOK Puskesmas Pada Sub Kegiatan Pengelolaan Pelayanan Kesehatan Ibu Hamil,ON PROCESS,150000,150000
KAB. WAJO,DINAS KESEHATAN - 1.02.0.00.0.00.01.0000,01KR01F38D7FX1756ZFCH04Q1E,66767981,2026,E-Katalog 6.0,APBD,ARSYAD M,E-Purchasing,Barang,Belanja Alat/Bahan untuk Kegiatan Kantor- Bahan Cetak pada sub kegiatan Penyusunan Dokumen Perencanaan Perangkat Daerah,ON PROCESS,300002,300002
KAB. WAJO,BADAN PENANGGGULANGAN BENCANA DAERAH - 1.05.0.00.0.00.04.0000,01KQBDSYZXS48BXKSSWZMQBM4Q,66837385,2026,E-Katalog 6.0,APBD,A. MUH. ABRAR,E-Purchasing,Barang,Belanja Alat/Bahan untuk Kegiatan Kantor-Benda Pos,ON PROCESS,1200000,1200000
KAB. WAJO,PUSKESMAS PATTIROSOMPE - 1.02.0.00.0.00.01.0007,01KS4492G8H4DYME5RJHA8JDZS,66629944,2026,E-Katalog 6.0,APBD,ANDI AZIS ASHAR,E-Purchasing,Barang,"Sub Kegiatan Peningkatan Upaya Promosi Kesehatan, Advokasi, Kemitraan dan Pemberdayaan Masyarakat",ON PROCESS,573600,573600
KAB. WAJO,DINAS PERTANIAN DAN KETAHANAN PANGAN - 2.09.3.27.0.00.02.0000,01KR12989E8WXBATNNX33CYM19,66410667,2026,E-Katalog 6.0,APBD,"ANDI DILAYANTI, S.E.",E-Purchasing,Barang,Belanja Alat/Bahan untuk Kegiatan Kantor-Alat Tulis Kantor,ON PROCESS,1331656,1331656
KAB. WAJO,RSUD SIWA - 1.02.0.00.0.00.01.0002,01KS1ZCPX181VNBYJA4G6M3DRC,66883851,2026,E-Katalog 6.0,BLUD,INFION,E-Purchasing,Barang,Belanja Barang dan Jasa BLUD,ON PROCESS,888000,888000
KAB. WAJO,SEKRETARIAT DAERAH - 4.01.0.00.0.00.01.0000,01KVCMDCK5Z1K66TECT68MVZYR,64737006,2026,E-Katalog 6.0,APBD,ANDI AKHYAR SULAIMAN,E-Purchasing,Barang,Belanja Alat/Bahan untuk Kegiatan Kantor- Bahan Cetak,ON PROCESS,3073000,3073000
KAB. WAJO,DINAS TENAGA KERJA DAN TRANSMIGRASI - 2.07.3.32.0.00.02.0000,01KP7T03G85D8H23ABHYHPV760,66838238,2026,E-Katalog 6.0,APBD,MUH. ARFAN SETIAWAN,E-Purchasing,Barang,Belanja Alat/Bahan untuk Kegiatan Kantor- Bahan Cetak,ON PROCESS,396000,396000
KAB. WAJO,PUSKESMAS MANIANGPAJO - 1.02.0.00.0.00.01.0021,01KNGKDK461WX4BNG56PSZ3HFK,66071513,2026,E-Katalog 6.0,APBD,MASDAWATI,E-Purchasing,Barang,Belanja Barang dan Jasa BOK Puskesmas Pada Sub Kegiatan Pengelolaan Pelayanan Kesehatan Ibu Hamil,ON PROCESS,150000,150000
KAB. WAJO,SEKRETARIAT DAERAH - 4.01.0.00.0.00.01.0000,01KPD7EH9T429BZ3PFSWKPNVZQ,64473972,2026,E-Katalog 6.0,APBD,TAMIYA NURUL WULANDA,E-Purchasing,Barang,Belanja Makanan dan Minuman Rapat,ON PROCESS,537000,537000
KAB. WAJO,DINAS PENDIDIKAN DAN KEBUDAYAAN - 1.01.2.22.0.00.02.0000,01KPARHQC4ZNNK0FE15F3BJEQ2,63027781,2026,E-Katalog 6.0,APBD,MUH IQBAL MASTAL,E-Purchasing,Barang,Belanja Makanan dan Minuman Rapat,ON PROCESS,192585,192585
KAB. WAJO,RSUD LAMADDUKELLENG - 1.02.0.00.0.00.01.0001,01KPCPB1W9NFQA6TPQMRWP0KQZ,65300982,2026,E-Katalog 6.0,BLUD,BRYAN MEDIKAL,E-Purchasing,Barang,Belanja Barang dan Jasa BLUD,ON PROCESS,79520400,0
KAB. WAJO,PUSKESMAS SALEWANGENG - 1.02.0.00.0.00.01.0008,01KRK5FF3EKWE2QA5JYT9A9JK9,66764245,2026,E-Katalog 6.0,APBD,HERMANSYAH,E-Purchasing,Barang,Belanja Barang dan Jasa BLUD,ON PROCESS,9850664,9850664
KAB. WAJO,BADAN KESATUAN BANGSA DAN POLITIK - 8.01.0.00.0.00.01.0000,01KSEWAMM2KMV9NMMZ5NRW4V46,63247545,2026,E-Katalog 6.0,APBD,ANDI ERNA,E-Purchasing,Barang,Belanja Makanan dan Minuman Aktivitas Lapangan,ON PROCESS,5161400,5161400
KAB. WAJO,"DINAS KOMUNIKASI, INFORMATIKA DAN STATISTIK - 2.16.2.20.2.21.02.0000",01KSEYTVEE1DDGWHAQDVH3Q1MM,65606989,2026,E-Katalog 6.0,APBD,RAJAWALI MULTIMEDIA NUSANTARA,E-Purchasing,Barang,Belanja Langganan Jurnal/Surat Kabar/Majalah - Relasi Media ,ON PROCESS,9990000,9990000
KAB. WAJO,PUSKESMAS PARIGI - 1.02.0.00.0.00.01.0023,01KW8FEPZZZ1DV1MZ59QCDWF53,66570619,2026,E-Katalog 6.0,APBD,NURHAENI,E-Purchasing,Barang,Nasi Kotak,ON PROCESS,299000,299000
KAB. WAJO,PUSKESMAS KEERA - 1.02.0.00.0.00.01.0020,01KQ9FW85JHTMBN7PPDVZ6MXRH,66812850,2026,E-Katalog 6.0,APBD,ROSNAENI,E-Purchasing,Barang,Belanja barang jasa BOK Puskesmas pada sub kegiatan Pengelolaan Pelayanan Kesehatan Ibu Hamil,ON PROCESS,210000,210000
KAB. WAJO,SEKRETARIAT DEWAN PERWAKILAN RAKYAT DAERAH - 4.02.0.00.0.00.01.0000,01KFX8WDK079W13EQRW8HCFBVZ,63931773,2026,E-Katalog 6.0,APBD,A. NASRAH,E-Purchasing,Barang,Belanja Makanan dan Minuman Rapat Pelaksanaan Reses,ON PROCESS,6900000,6900000
KAB. WAJO,DINAS PERTANIAN DAN KETAHANAN PANGAN - 2.09.3.27.0.00.02.0000,01KTTSW7W7BKWTW4A5NYKTYXMQ,66410665,2026,E-Katalog 6.0,APBD,"ANDI DILAYANTI, S.E.",E-Purchasing,Barang,Belanja Alat/Bahan untuk Kegiatan Kantor- Bahan Cetak,ON PROCESS,628871,628871
KAB. WAJO,BADAN PENGELOLAAN KEUANGAN DAN PENDAPATAN DAERAH - 5.02.0.00.0.00.01.0000,01KSS64XW31Y2BFVZAHV80EA6V,64000030,2026,E-Katalog 6.0,APBD,ANDI JUNENNI,E-Purchasing,Barang,Belanja Makanan dan Minuman Rapat,ON PROCESS,420000,420000
KAB. WAJO,DINAS PENDIDIKAN DAN KEBUDAYAAN - 1.01.2.22.0.00.02.0000,01KPFVXPY1EY29D9T0JTSZW1C6,63029092,2026,E-Katalog 6.0,APBD,AQILAHDAFFA,E-Purchasing,Barang,Belanja Alat/Bahan untuk Kegiatan Kantor-Alat Tulis Kantor,ON PROCESS,3074000,3074000
KAB. WAJO,KELURAHAN SOMPE - 7.01.0.00.0.00.10.0001,01KWGXYCADJB6XGJANRAHDBTS6,67354448,2026,E-Katalog 6.0,APBD,ANDI AKHYAR SULAIMAN,E-Purchasing,Barang,Belanja Alat/Bahan untuk Kegiatan Kantor-Alat Tulis Kantor Kelurahn Sompe,ON PROCESS,10848000,10848000
KAB. WAJO,RSUD LAMADDUKELLENG - 1.02.0.00.0.00.01.0001,01KJ75226CZXYRA58K9XQZEDFN,65300982,2026,E-Katalog 6.0,BLUD,BINTANG SHAFWAN,E-Purchasing,Barang,Belanja Barang dan Jasa BLUD,ON PROCESS,7722670,0
KAB. WAJO,BADAN KEPEGAWAIAN DAN PENGEMBANGAN SUMBER DAYA MANUSIA - 5.03.5.04.0.00.01.0000,01KN1JAXFY3SA595F1AM65CBB3,64666924,2026,E-Katalog 6.0,APBD,"ANDI DILAYANTI, S.E.",E-Purchasing,Barang,Belanja Alat/Bahan untuk Kegiatan Kantor-Alat Listrik pada  Pengelolaan Promosi ASN,ON PROCESS,14895100,14895100
KAB. WAJO,DINAS PERUMAHAN DAN KAWASAN PERMUKIMAN - 1.04.0.00.0.00.01.0000,01KT6CRZEHY069WVNR00K18EZ7,67219947,2026,E-Katalog 6.0,APBD,ANDI AKHYAR SULAIMAN,E-Purchasing,Barang,Belanja Bahan Cetak pada Kegiatan Pelaksanaan Forum Perangkat Daerah Berdasarkan Bidang Urusan yang Diampu dalam Rangka Penyusunan Dokumen Perencanaan Perangkat Daerah,ON PROCESS,293000,293000
KAB. WAJO,PUSKESMAS TEMPE - 1.02.0.00.0.00.01.0006,01KRB45DZ8C9ZYMJ7JJYKCRJ03,65899120,2026,E-Katalog 6.0,APBD,"ANDI DILAYANTI, S.E.",E-Purchasing,Barang,Belanja Barang dan Jasa BLUD,ON PROCESS,5319675,5319675
KAB. WAJO,KECAMATAN PENRANG - 7.01.0.00.0.00.08.0000,01KN30SFZMBS24BD5QX0EHGZQE,66465042,2026,E-Katalog 6.0,APBD,ANDI AKHYAR SULAIMAN,E-Purchasing,Barang,Belanja Alat/Bahan untuk Kegiatan Kantor-Alat Tulis Kantor,ON PROCESS,559500,559500
KAB. WAJO,RSUD SIWA - 1.02.0.00.0.00.01.0002,01KPTBEAG3TE2Y26C0S2XVAJSG,66883851,2026,E-Katalog 6.0,BLUD,ASIA MEDIKA NUSANTARA,E-Purchasing,Barang,Belanja Barang dan Jasa BLUD,ON PROCESS,1950825,1950825
KAB. WAJO,DINAS KESEHATAN - 1.02.0.00.0.00.01.0000,01KR8ZBSB8CV4HQ488PYE9BGFD,66827323,2026,E-Katalog 6.0,APBD,MERSIFARMA TIRMAKU MERCUSANA,E-Purchasing,Barang,"Belanja Obat-Obatan-Obat pada sub kegiatan Pengadaan Obat, Bahan Habis Pakai, Bahan Medis Habis Pakai,, Vaksin, Makanan dan Minuman di Fasilitas Kesehatan",ON PROCESS,17316000,17316000
KAB. WAJO,SEKRETARIAT DEWAN PERWAKILAN RAKYAT DAERAH - 4.02.0.00.0.00.01.0000,01KVSTN1TH8M6KPCEX78D60A02,63931568,2026,E-Katalog 6.0,APBD,MUSTAFA HI. BANDUNG,E-Purchasing,Barang,Belanja Makanan dan Minuman Rapat Pembahasan Pertanggungjawaban APBD,ON PROCESS,3015000,3015000
KAB. WAJO,PUSKESMAS SOLO - 1.02.0.00.0.00.01.0010,01KS27AP5FQPKZX51SCB7ANAE8,66023206,2026,E-Katalog 6.0,APBD,NURFAIDAH,E-Purchasing,Barang,Belanja barang dan jasa BOK puskesmas pada sub kegiatan Pengelolaan Pelayanan Kesehatan Ibu Hamil,ON PROCESS,225000,225000
KAB. WAJO,"SATUAN POLISI PAMONG PRAJA, PEMADAM KEBAKARAN DAN PENYELAMATAN - 1.05.0.00.0.00.01.0000",01KRB5881JZ7R3NYW9J8V1TJVH,66916167,2026,E-Katalog 6.0,APBD,JUMAYA,E-Purchasing,Barang,Belanja Makanan dan Minuman Aktivitas Lapangan,ON PROCESS,5406900,5406900
KAB. WAJO,KECAMATAN SAJOANGING - 7.01.0.00.0.00.11.0000,01KQSE5DEDM1ERZSG5JX4TEER5,65380583,2026,E-Katalog 6.0,APBD,ANDI AKHYAR SULAIMAN,E-Purchasing,Barang,Penyusunan Dokumen Perencanaan Perangkat Daerah,ON PROCESS,213564,213564
KAB. WAJO,BADAN PENGELOLAAN KEUANGAN DAN PENDAPATAN DAERAH - 5.02.0.00.0.00.01.0000,01KW926JJP12RKVK6RVH9KK589,63370785,2026,E-Katalog 6.0,APBD,LISDAFIK,E-Purchasing,Barang,Belanja Alat/Bahan untuk Kegiatan Kantor- Bahan Cetak,ON PROCESS,541000,541000
KAB. WAJO,RSUD LAMADDUKELLENG - 1.02.0.00.0.00.01.0001,01KQR5W5VZEGZ22AK2AH6KXZK7,65300982,2026,E-Katalog 6.0,BLUD,JUNAEDI,E-Purchasing,Barang,Belanja Barang dan Jasa BLUD,ON PROCESS,5300000,5300000
KAB. WAJO,"DINAS PEMUDA, OLAHRAGA DAN PARIWISATA - 2.19.3.26.0.00.02.0000",01KMM8VGF0RGSA5VGQ56SHSXY4,63936435,2026,E-Katalog 6.0,APBD,ANDI RISNAPATI,E-Purchasing,Barang,Belanja Makanan dan Minuman Aktivitas Lapangan Kegiatan Penyediaan Jasa Pelayanan Umum Kantor,ON PROCESS,2245000,2245000
KAB. WAJO,DINAS PERUMAHAN DAN KAWASAN PERMUKIMAN - 1.04.0.00.0.00.01.0000,01KT6EFFMCJSK0RAEYVRHRFAHV,67220289,2026,E-Katalog 6.0,APBD,ANDI AKHYAR SULAIMAN,E-Purchasing,Barang,Belanja Bahan Cetak pada Kegiatan Koordinasi dan Penyusunan Dokumen RKA SKPD,ON PROCESS,479500,479500
KAB. WAJO,SEKRETARIAT DAERAH - 4.01.0.00.0.00.01.0000,01KJFD3KK0BX0YF3F4B515WCYM,63590760,2026,E-Katalog 6.0,APBD,BUNGARATU MEGATAMA,E-Purchasing,Barang,Belanja Alat/Bahan untuk Kegiatan Kantor- Suvenir/Cendera Mata,ON PROCESS,1500000,1500000
KAB. WAJO,SEKRETARIAT DEWAN PERWAKILAN RAKYAT DAERAH - 4.02.0.00.0.00.01.0000,01KN6AFTC96WNXX3SA2ZN4BBHX,66388332,2026,E-Katalog 6.0,APBD,EMERALD INDONESIA,E-Purchasing,Barang,Belanja Penyediaan Pakaian Dinas dan Atribut DPRD,ON PROCESS,448573200,448573200
KAB. WAJO,PUSKESMAS KEERA - 1.02.0.00.0.00.01.0020,01KTKG96A6W96F5YJXWKPRT50N,66089711,2026,E-Katalog 6.0,APBD,ROSNAENI,E-Purchasing,Barang,Belanja Barang dan Jasa BLUD,ON PROCESS,3107000,3107000
KAB. WAJO,"DINAS PEKERJAAN UMUM, PENATAAN RUANG DAN PERTANAHAN - 1.03.2.10.0.00.01.0000",10121973000,66415476,2026,Tender,APBD,CV. TRI NUR HASGA,Seleksi,Jasa Konsultansi Badan Usaha Konstruksi,Jasa Konsultansi Pengawasan DAK JALAN Tahun 2026,SELESAI,177393540,177393540
KAB. WAJO,PUSKESMAS TEMPE - 1.02.0.00.0.00.01.0006,01KRZMCAGC6CM6348S5M2HM807,66750958,2026,E-Katalog 6.0,APBD,MUHAMMAD ZULKARNAIN,E-Purchasing,Barang,Belanja Barang dan Jasa BOK Puskesmas pada Sub Kegiatan Pengelolaan Pelayanan Kesehatan Ibu Hamil,ON PROCESS,250600,250600
KAB. WAJO,"DINAS KOMUNIKASI, INFORMATIKA DAN STATISTIK - 2.16.2.20.2.21.02.0000",01KQ6ZEPPQ0G0XKASEKH6Z5XZ2,65570852,2026,E-Katalog 6.0,APBD,AMRAN SURYADI,E-Purchasing,Barang,Belanja Alat/Bahan untuk Kegiatan Kantor- Bahan Cetak - Koordinasi dan Penyusunan DPA-SKPD,ON PROCESS,293040,293040
KAB. WAJO,RSUD LAMADDUKELLENG - 1.02.0.00.0.00.01.0001,01KT61Z4BZBMQJ8XNBZG29MBBA,65300982,2026,E-Katalog 6.0,BLUD,KASTARA TEKNOLOGI INTERNASIONAL,E-Purchasing,Barang,Belanja Barang dan Jasa BLUD,ON PROCESS,4086899,0
KAB. WAJO,PUSKESMAS TEMPE - 1.02.0.00.0.00.01.0006,01KP5MWXN5X9Y6XW07VNW49B31,65899120,2026,E-Katalog 6.0,APBD,ARSYAD M,E-Purchasing,Barang,Belanja Barang dan Jasa BLUD,ON PROCESS,864996,864996
KAB. WAJO,DINAS PENDIDIKAN DAN KEBUDAYAAN - 1.01.2.22.0.00.02.0000,01KS2KDN25M6X71BKQD1H7R8M3,63027443,2026,E-Katalog 6.0,APBD,AQILAHDAFFA,E-Purchasing,Barang,Belanja Makanan dan Minuman Rapat,ON PROCESS,444555,444555
KAB. WAJO,SEKRETARIAT DEWAN PERWAKILAN RAKYAT DAERAH - 4.02.0.00.0.00.01.0000,01KFFXF2WR4RF0VW3KVDPAQ08K,63932483,2026,E-Katalog 6.0,APBD,FIRMANSYAH,E-Purchasing,Barang,Belanja Makanan dan Minuman Rapat Propemperda,ON PROCESS,322000,322000
KAB. WAJO,SEKRETARIAT DEWAN PERWAKILAN RAKYAT DAERAH - 4.02.0.00.0.00.01.0000,01KFJKENTC5WFF8K8MZ4AA8FKE,63931773,2026,E-Katalog 6.0,APBD,FIRMANSYAH,E-Purchasing,Barang,Belanja Makanan dan Minuman Rapat Pelaksanaan Reses,ON PROCESS,6900000,6900000
KAB. WAJO,KECAMATAN TAKKALALLA - 7.01.0.00.0.00.12.0000,01KRYYKGS9W4SRB8PQAWNA4ZT2,67120756,2026,E-Katalog 6.0,APBD,ST FATIMAH,E-Purchasing,Barang,Belanja Makanan dan Minuman Rapat,ON PROCESS,5000000,5000000
KAB. WAJO,SEKRETARIAT DAERAH - 4.01.0.00.0.00.01.0000,01KJS3MR0E6NPB45XXFDMJNDA0,65710335,2026,E-Katalog 6.0,APBD,MUDAMA,E-Purchasing,Barang,Belanja Sewa Peralatan Umum,ON PROCESS,27499997,27499997
KAB. WAJO,SEKRETARIAT DAERAH - 4.01.0.00.0.00.01.0000,01KVQ4VY6R0SR2JAHWSKGT3ERF,65287973,2026,E-Katalog 6.0,APBD,FITRIANI,E-Purchasing,Barang,Belanja Makanan dan Minuman Jamuan Tamu,ON PROCESS,7174000,7174000
KAB. WAJO,"DINAS KOMUNIKASI, INFORMATIKA DAN STATISTIK - 2.16.2.20.2.21.02.0000",01KN3JSYJ5JJ1EK30KW7ATDN9E,65606990,2026,E-Katalog 6.0,APBD,QUEENZHA MEDIA HAKSWARA,E-Purchasing,Barang,Belanja Kawat/Faksimili/Internet/TV Berlangganan - Relasi Media ,ON PROCESS,1939725,1939725
KAB. WAJO,DINAS PERIKANAN - 3.25.0.00.0.00.01.0000,01KPSG5KY2NNZZYGE7GR84VWHQ,64499956,2026,E-Katalog 6.0,APBD,ANANCI,E-Purchasing,Barang,Belanja Alat/Bahan untuk Kegiatan Kantor- Bahan Cetak kegiatan Penyediaan Barang Cetakan dan Penggandaan,ON PROCESS,500000,500000
KAB. WAJO,PUSKESMAS TAKKALALLA - 1.02.0.00.0.00.01.0011,01KRYXQR8Y11X9HFJ2HSEXY881,66025540,2026,E-Katalog 6.0,APBD,SITTI AISYAH,E-Purchasing,Barang,Belanja Barang dan Jasa BOK Puskesmas Sub Kegiatan Pengelolaan Pelayanan Kesehatan Ibu Hamil,ON PROCESS,180000,180000
KAB. WAJO,KECAMATAN SAJOANGING - 7.01.0.00.0.00.11.0000,01KW8MSSW7J4CP6WHP6PFPXFGF,65380876,2026,E-Katalog 6.0,APBD,AQILAHDAFFA,E-Purchasing,Barang,Penyediaan Jasa Pelayanan Umum Kantor,ON PROCESS,4900000,4900000
KAB. WAJO,RSUD SIWA - 1.02.0.00.0.00.01.0002,01KQ8XHZ0QP01D1FVQQ3EPSKTF,66883851,2026,E-Katalog 6.0,BLUD,ASA ATMA HARSA,E-Purchasing,Barang,Belanja Barang dan Jasa BLUD,ON PROCESS,4810907,0
KAB. WAJO,"SATUAN POLISI PAMONG PRAJA, PEMADAM KEBAKARAN DAN PENYELAMATAN - 1.05.0.00.0.00.01.0000",01KHX48QGX0DZCC09SQRHJZHY5,64064061,2026,E-Katalog 6.0,APBD,DARNAWATI,E-Purchasing,Barang,Belanja Makanan dan Minuman Aktivitas Lapangan,ON PROCESS,860800,860800
KAB. WAJO,DINAS PERUMAHAN DAN KAWASAN PERMUKIMAN - 1.04.0.00.0.00.01.0000,01KQVPAAFMTJ4TGKTRRPJ8RZKN,66970757,2026,E-Katalog 6.0,APBD,ANDI AKHYAR SULAIMAN,E-Purchasing,Barang,Belanja Alat/Bahan untuk Kegiatan Kantor-Bahan Cetak pada Kegiatan Penyusunan dokumen Perencanaan Perangkat daaerah,ON PROCESS,3786288,3786288
KAB. WAJO,PUSKESMAS MANIANGPAJO - 1.02.0.00.0.00.01.0021,01KTJY549QVH9GXHVKAS4SKC5K,66071513,2026,E-Katalog 6.0,APBD,MASDAWATI,E-Purchasing,Barang,Belanja Barang dan Jasa BOK Puskesmas Pada Sub Kegiatan Pengelolaan Pelayanan Kesehatan Ibu Hamil,ON PROCESS,150000,150000
KAB. WAJO,SEKRETARIAT DEWAN PERWAKILAN RAKYAT DAERAH - 4.02.0.00.0.00.01.0000,01KFW68EZW8N70KSCJXMKXXMN4,63931773,2026,E-Katalog 6.0,APBD,ANDI SUKMAWATI TABRANI,E-Purchasing,Barang,Belanja Makanan dan Minuman Rapat Pelaksanaan Reses,ON PROCESS,6900000,6900000
KAB. WAJO,KECAMATAN SAJOANGING - 7.01.0.00.0.00.11.0000,01KQSA0A5KY3GAW4FQEJ4MNR8C,65380503,2026,E-Katalog 6.0,APBD,ANDI AKHYAR SULAIMAN,E-Purchasing,Barang,Pelaksanaan Urusan Pemerintahan yang terkait dengan Nonperizinan,ON PROCESS,450540,450540
KAB. WAJO,SEKRETARIAT DAERAH - 4.01.0.00.0.00.01.0000,01KN439Q6AJ446BYF5HZF0YF0E,63636068,2026,E-Katalog 6.0,APBD,ANDI ERNA,E-Purchasing,Barang,Belanja Natura dan Pakan-Natura,ON PROCESS,15000000,15000000
KAB. WAJO,SEKRETARIAT DAERAH - 4.01.0.00.0.00.01.0000,01KG64BH8BKF34H65P6H4PJS9R,63592165,2026,E-Katalog 6.0,APBD,IIP WISUDAWATI,E-Purchasing,Barang,Belanja Pemeliharaan Alat Kantor dan Rumah Tangga-Alat Kantor-Alat Kantor Lainnya,ON PROCESS,10783000,10783000
KAB. WAJO,"SATUAN POLISI PAMONG PRAJA, PEMADAM KEBAKARAN DAN PENYELAMATAN - 1.05.0.00.0.00.01.0000",01KJ4X0JJY25R71D39DV1V7P3X,64200491,2026,E-Katalog 6.0,APBD,JUMAYA,E-Purchasing,Barang,Belanja Makanan dan Minuman Aktivitas Lapangan,ON PROCESS,5541400,5541400
KAB. WAJO,KECAMATAN PAMMANA - 7.01.0.00.0.00.07.0000,01KVC3KJBWMMK9TWFV1MYFMWJ7,65756780,2026,E-Katalog 6.0,APBD,ANDI ERNA,E-Purchasing,Barang,Belanja Makanan dan Minuman Rapat ,ON PROCESS,47799,47799
KAB. WAJO,KECAMATAN PAMMANA - 7.01.0.00.0.00.07.0000,01KTR6QPMHTYCFBT5VWBGXBKEX,65751282,2026,E-Katalog 6.0,APBD,RISMA,E-Purchasing,Barang,Belanja Alat/Bahan untuk Kegiatan Kantor - Alat Tulis Kantor,ON PROCESS,296500,296500
KAB. WAJO,DINAS PENDIDIKAN DAN KEBUDAYAAN - 1.01.2.22.0.00.02.0000,01KN71Y34NN6623N57VAWS0GSV,63025699,2026,E-Katalog 6.0,APBD,AQILAHDAFFA,E-Purchasing,Barang,Belanja Natura dan Pakan-Natura,ON PROCESS,4883575,4883575
KAB. WAJO,KECAMATAN SABBANGPARU - 7.01.0.00.0.00.10.0000,01KP61QWQ4QP5V9Y8430HXQS6C,65656202,2026,E-Katalog 6.0,APBD,ANDI AKHYAR SULAIMAN,E-Purchasing,Barang,Belanja Alat/Bahan untuk Kegiatan Kantor-Benda Pos Kegiatan Penyediaan Jasa Surat Menyurat,ON PROCESS,600000,600000
KAB. WAJO,PUSKESMAS MANIANGPAJO - 1.02.0.00.0.00.01.0021,01KTJXPMR4CN18VF02SW3YHJCE,66071513,2026,E-Katalog 6.0,APBD,MASDAWATI,E-Purchasing,Barang,Belanja Barang dan Jasa BOK Puskesmas Pada Sub Kegiatan Pengelolaan Pelayanan Kesehatan Ibu Hamil,ON PROCESS,150000,150000
KAB. WAJO,PUSKESMAS TANASITOLO - 1.02.0.00.0.00.01.0017,01KRX3Z8J2J8B35BVQWCS4BZAJ,66697929,2026,E-Katalog 6.0,APBD,MUHAMMAD ZULKARNAIN,E-Purchasing,Barang,Belanja Barang dan Jasa BLUD,ON PROCESS,3067000,3067000
KAB. WAJO,DINAS LINGKUNGAN HIDUP - 2.11.0.00.0.00.01.0000,01KPWESJ7YGG62GDC3CPD8TP6C,65710872,2026,E-Katalog 6.0,APBD,AQILAHDAFFA,E-Purchasing,Barang,Belanja makanan dan minuman aktivitas lapangan,ON PROCESS,2990000,2990000
KAB. WAJO,SEKRETARIAT DEWAN PERWAKILAN RAKYAT DAERAH - 4.02.0.00.0.00.01.0000,01KFWTRBCF2KBVREXMN59R3YSV,63931773,2026,E-Katalog 6.0,APBD,ANDI SUKMAWATI TABRANI,E-Purchasing,Barang,Belanja Makanan dan Minuman Rapat Pelaksanaan Reses,ON PROCESS,6900000,6900000
KAB. WAJO,RSUD SIWA - 1.02.0.00.0.00.01.0002,01KTNGFEMHH3115JBCG7B0Q46B,66883851,2026,E-Katalog 6.0,BLUD,ANUGRAHMITRA SELARAS,E-Purchasing,Barang,Belanja Barang dan Jasa BLUD,ON PROCESS,1365855,0
KAB. WAJO,SEKRETARIAT DEWAN PERWAKILAN RAKYAT DAERAH - 4.02.0.00.0.00.01.0000,01KFQCG5EFPX23QGB1HWD4DCRZ,63931767,2026,E-Katalog 6.0,APBD,MULTI SARANA SOLUTION,E-Purchasing,Barang,Belanja Sewa Alat Bantu Lainnya Pelaksanaan Reses,ON PROCESS,750000,750000
KAB. WAJO,SEKRETARIAT DEWAN PERWAKILAN RAKYAT DAERAH - 4.02.0.00.0.00.01.0000,01KFQCQAPZMEB3WN29NWX51MG4,63931773,2026,E-Katalog 6.0,APBD,RISNAWATI ALIE,E-Purchasing,Barang,Belanja Makanan dan Minuman Rapat Pelaksanaan Reses,ON PROCESS,6900000,6900000
KAB. WAJO,RSUD LAMADDUKELLENG - 1.02.0.00.0.00.01.0001,01KKB5MC0G2F8REGDQ6JC9532V,65300982,2026,E-Katalog 6.0,BLUD,SYSMEX INDONESIA,E-Purchasing,Barang,Belanja Barang dan Jasa BLUD,ON PROCESS,40626000,0
KAB. WAJO,PUSKESMAS SOLO - 1.02.0.00.0.00.01.0010,01KQKHJEWY834APC1ZRYKH7A4K,66313733,2026,E-Katalog 6.0,APBD,NURFAIDAH,E-Purchasing,Barang,Belanja Barang dan Jasa BLUD,ON PROCESS,1554800,1554800
KAB. WAJO,"BADAN PERENCANAAN PEMBANGUNAN, RISET DAN INOVASI DAERAH - 5.01.5.05.0.00.01.0000",01KQV98SXQYZHFGM9JZZM4KQJV,65676907,2026,E-Katalog 6.0,APBD,AMRAN SURYADI,E-Purchasing,Barang,Belanja Alat/Bahan untuk Kegiatan Kantor-Alat Tulis Kantor,ON PROCESS,6514535,6514535
KAB. WAJO,PUSKESMAS TOSORA - 1.02.0.00.0.00.01.0016,01KNKJTY7PPXG412A008AFYCYZ,66096187,2026,E-Katalog 6.0,APBD,ASTI WAHYUNI,E-Purchasing,Barang,Belanja Barang dan Jasa BOK Puskesmas pada Sub Kegiatan Pengelolaan Pelayanan Kesehatan Ibu Hamil ,ON PROCESS,286400,286400
KAB. WAJO,BADAN KESATUAN BANGSA DAN POLITIK - 8.01.0.00.0.00.01.0000,01KPAFC096V8WGQE70ZY8VJPY2,63062202,2026,E-Katalog 6.0,APBD,HASDIMAN,E-Purchasing,Barang,Belanja Alat/Bahan untuk Kegiatan Kantor-Benda Pos,ON PROCESS,402500,402500
KAB. WAJO,DINAS PERIKANAN - 3.25.0.00.0.00.01.0000,01KJS1QXDRKPQY5R9Y5RH1BQ0E,64611551,2026,E-Katalog 6.0,APBD,FADLIAH MAPPANGANRO,E-Purchasing,Barang,Belanja Alat/Bahan untuk Kegiatan Kantor-Alat Tulis Kantor kegiatan penyediaan sarana usaha perikanan tangkap,ON PROCESS,1896000,1896000
KAB. WAJO,PUSKESMAS MANIANGPAJO - 1.02.0.00.0.00.01.0021,01KTB855ETTV0TEE3A21AX57DK,66067847,2026,E-Katalog 6.0,APBD,MASDAWATI,E-Purchasing,Barang,Belanja Barang dan Jasa BLUD,ON PROCESS,675000,675000
KAB. WAJO,"BADAN PERENCANAAN PEMBANGUNAN, RISET DAN INOVASI DAERAH - 5.01.5.05.0.00.01.0000",01KH361ER8YNYM2E0VGRSB6PR1,63893669,2026,E-Katalog 6.0,APBD,ANDI NIRWANA,E-Purchasing,Barang,Belanja Makanan dan Minuman Rapat,ON PROCESS,1195000,1195000
KAB. WAJO,DINAS PENDIDIKAN DAN KEBUDAYAAN - 1.01.2.22.0.00.02.0000,01KW91W4AFTCFQJED3YJSJZ0QC,63028091,2026,E-Katalog 6.0,APBD,HARIANTO,E-Purchasing,Barang,Belanja Alat/Bahan untuk Kegiatan Kantor- Suvenir/Cendera Mata,ON PROCESS,1864800,0
KAB. WAJO,BADAN KESATUAN BANGSA DAN POLITIK - 8.01.0.00.0.00.01.0000,01KTBXE324KCZQC322N7NMNC8P,63062854,2026,E-Katalog 6.0,APBD,ANANCI,E-Purchasing,Barang,Belanja Alat/Bahan untuk Kegiatan Kantor-Alat Tulis Kantor,ON PROCESS,1705825,1705825
KAB. WAJO,"DINAS SOSIAL, PENGENDALIAN PENDUDUK, KELUARGA BERENCANA, PEMBERDAYAAN PEREMPUAN DAN PERLINDUNGAN ANAK - 1.06.2.08.2.14.06.0000",01KVA37QADQZ7XH3XJG8ZV4SCH,67025260,2026,E-Katalog 6.0,APBD,ANDI ERNA,E-Purchasing,Barang,Belanja Makanan dan Minuman Rapat,ON PROCESS,2242500,2242500
KAB. WAJO,SEKRETARIAT DAERAH - 4.01.0.00.0.00.01.0000,01KP3F7D6Y4TYJ36NKFAYY8Y21,63592166,2026,E-Katalog 6.0,APBD,MUKHTAR,E-Purchasing,Barang,Belanja Pemeliharaan Komputer-Komputer Unit-Personal Computer,ON PROCESS,950000,950000
KAB. WAJO,SEKRETARIAT DAERAH - 4.01.0.00.0.00.01.0000,01KSF79VY5QNP6KW013MJKCQ2D,63636744,2026,E-Katalog 6.0,APBD,ANDI ERNA,E-Purchasing,Barang,Belanja Natura dan Pakan-Natura,ON PROCESS,88650000,88650000
KAB. WAJO,RSUD LAMADDUKELLENG - 1.02.0.00.0.00.01.0001,01KQDYBFBSZC050FZV13BREKY3,65300982,2026,E-Katalog 6.0,BLUD,ASTRAZENECA INDONESIA,E-Purchasing,Barang,Belanja Barang dan Jasa BLUD,ON PROCESS,18854349,0
KAB. WAJO,PUSKESMAS TEMPE - 1.02.0.00.0.00.01.0006,01KP4Q89J3Q8QGJS02NCF7PM8G,65899120,2026,E-Katalog 6.0,APBD,MUKHTAR,E-Purchasing,Barang,Belanja Barang dan Jasa BLUD,ON PROCESS,200000,200000
KAB. WAJO,DINAS PENDIDIKAN DAN KEBUDAYAAN - 1.01.2.22.0.00.02.0000,01KKTKGHY065GWQJNABGQKWJKG,63026249,2026,E-Katalog 6.0,APBD,AQILAHDAFFA,E-Purchasing,Barang,Belanja Alat/Bahan untuk Kegiatan Kantor-Alat Tulis Kantor,ON PROCESS,24580200,24580200
KAB. WAJO,"BADAN PERENCANAAN PEMBANGUNAN, RISET DAN INOVASI DAERAH - 5.01.5.05.0.00.01.0000",01KQV9KWFAB1BF9DG35X3KR2RW,63893669,2026,E-Katalog 6.0,APBD,ANDI ERNA,E-Purchasing,Barang,Belanja Makanan dan Minuman Rapat,ON PROCESS,897000,897000
KAB. WAJO,DINAS PERUMAHAN DAN KAWASAN PERMUKIMAN - 1.04.0.00.0.00.01.0000,01KQYE7VB80TBASE2YSR64CQ0T,66964734,2026,E-Katalog 6.0,APBD,ANANCI,E-Purchasing,Barang,Belanja Alat Tulis Kantor pada Kegiatan Perbaikan Rumah Tidak Layak Huni untuk Pencegahan Terhadap Tumbuh dan Berkembangnya Permukiman Kumuh di Luar Kawasan Permukiman Kumuhdengan Luas di Bawah 10 (Sepuluh) Ha,ON PROCESS,393380,393380
KAB. WAJO,SEKRETARIAT DAERAH - 4.01.0.00.0.00.01.0000,01KG9JHZBPZZRBHE1E98Y1TNCX,63590760,2026,E-Katalog 6.0,APBD,IIP WISUDAWATI,E-Purchasing,Barang,Belanja Alat/Bahan untuk Kegiatan Kantor- Suvenir/Cendera Mata,ON PROCESS,2400000,2400000
KAB. WAJO,SEKRETARIAT DAERAH - 4.01.0.00.0.00.01.0000,01KPZ91JT9ZPBHXBQJBV62KERE,63636744,2026,E-Katalog 6.0,APBD,ANDI ERNA,E-Purchasing,Barang,Belanja Natura dan Pakan-Natura,ON PROCESS,143100,143100
KAB. WAJO,"BADAN PERENCANAAN PEMBANGUNAN, RISET DAN INOVASI DAERAH - 5.01.5.05.0.00.01.0000",01KQY0VSW1NG6NGEX9K3F7TRD3,65658062,2026,E-Katalog 6.0,APBD,ANDI ERNA,E-Purchasing,Barang,Belanja Makanan dan Minuman Rapat,ON PROCESS,23998,23998
KAB. WAJO,RSUD LAMADDUKELLENG - 1.02.0.00.0.00.01.0001,01KMZDW3C2V9QBKDFPRM994EK1,65300982,2026,E-Katalog 6.0,BLUD,BRYAN MEDIKAL,E-Purchasing,Barang,Belanja Barang dan Jasa BLUD,ON PROCESS,17475840,0
KAB. WAJO,"DINAS PERINDUSTRIAN, PERDAGANGAN, KOPERASI, USAHA KECIL DAN MENENGAH - 2.17.3.30.3.31.01.0000",01KPPYS59BQQGFQ55DZRCJ2SMD,65684097,2026,E-Katalog 6.0,APBD,ANDI AKHYAR SULAIMAN,E-Purchasing,Barang,Belanja Alat/Bahan untuk Kegiatan Kantor-Alat Tulis Kantor Pada Sub Kegiatan Pelaksanaan Penilaian Kesehatan KSP/USP Koperasi Kewenangan Kabupaten/Kota,ON PROCESS,3791500,3791500
KAB. WAJO,PUSKESMAS PAMMANA - 1.02.0.00.0.00.01.0009,01KVYJZ5QATRMP4W78ES5SER99,65993330,2026,E-Katalog 6.0,APBD,COMAL MULIA ABADI,E-Purchasing,Barang,Belanja Barang dan Jasa BLUD,ON PROCESS,3019200,3019200
KAB. WAJO,SEKRETARIAT DAERAH - 4.01.0.00.0.00.01.0000,01KH677N9TYWV300MXR3E48S40,63636744,2026,E-Katalog 6.0,APBD,KARTINI TAHIR,E-Purchasing,Barang,Belanja Natura dan Pakan-Natura,ON PROCESS,6345000,6345000
KAB. WAJO,RSUD LAMADDUKELLENG - 1.02.0.00.0.00.01.0001,01KJC6VS0W976SE12ENCCNDGWZ,65300982,2026,E-Katalog 6.0,BLUD,BRYAN MEDIKAL,E-Purchasing,Barang,Belanja Barang dan Jasa BLUD,ON PROCESS,19540440,0
KAB. WAJO,PUSKESMAS TOSORA - 1.02.0.00.0.00.01.0016,01KNKJDQGFSE4PD9Q9A28Y0SVR,66096187,2026,E-Katalog 6.0,APBD,ASTI WAHYUNI,E-Purchasing,Barang,Belanja Barang dan Jasa BOK Puskesmas pada Sub Kegiatan Pengelolaan Pelayanan Kesehatan Ibu Hamil ,ON PROCESS,304300,304300
KAB. WAJO,DINAS PERTANIAN DAN KETAHANAN PANGAN - 2.09.3.27.0.00.02.0000,01KRG71RM4GF5YS1P3ZK3673E0,66410659,2026,E-Katalog 6.0,APBD,"ANDI DILAYANTI, S.E.",E-Purchasing,Barang,Belanja Alat/Bahan untuk Kegiatan Kantor-Alat Tulis Kantor,ON PROCESS,268953,268953
KAB. WAJO,"SATUAN POLISI PAMONG PRAJA, PEMADAM KEBAKARAN DAN PENYELAMATAN - 1.05.0.00.0.00.01.0000",01KGHSY52WFGXZ35MZC6D5SWW3,64064061,2026,E-Katalog 6.0,APBD,DARNAWATI,E-Purchasing,Barang,Belanja Makanan dan Minuman Aktivitas Lapangan,ON PROCESS,430400,430400
KAB. WAJO,DINAS PERTANIAN DAN KETAHANAN PANGAN - 2.09.3.27.0.00.02.0000,01KWGQDQZY42SE4STD02RRH4D0,66606787,2026,E-Katalog 6.0,APBD,"ANDI DILAYANTI, S.E.",E-Purchasing,Barang,Belanja Alat/Bahan untuk Kegiatan Kantor-Alat Tulis Kantor,ON PROCESS,118992,118992
KAB. WAJO,DINAS KESEHATAN - 1.02.0.00.0.00.01.0000,01KP82G4ZDFY1RB9R214FZGEDQ,66791058,2026,E-Katalog 6.0,APBD,ARSYAD M,E-Purchasing,Barang,Belanja Alat/Bahan untuk Kegiatan Kantor- Bahan Cetak pada sub kegiatan Pengelolaan Pelayanan Kesehatan pada Usia Produktif,ON PROCESS,403286,403286
KAB. WAJO,BADAN PENGELOLAAN KEUANGAN DAN PENDAPATAN DAERAH - 5.02.0.00.0.00.01.0000,01KS40XGC005EE3YK9TVNGW4BP,64000028,2026,E-Katalog 6.0,APBD,ANDI BISMAWATI,E-Purchasing,Barang,Belanja Alat/Bahan untuk Kegiatan Kantor-Alat Tulis Kantor,ON PROCESS,5185000,5185000
KAB. WAJO,SEKRETARIAT DEWAN PERWAKILAN RAKYAT DAERAH - 4.02.0.00.0.00.01.0000,01KFQEGNE2EX2YHSZ18W57ECFS,63931767,2026,E-Katalog 6.0,APBD,BESSE WIDYASRINI,E-Purchasing,Barang,Belanja Sewa Alat Bantu Lainnya Pelaksanaan Reses,ON PROCESS,749916,749916
KAB. WAJO,PUSKESMAS PATTIROSOMPE - 1.02.0.00.0.00.01.0007,01KS74HQRBV1Q34XHYTRY0TZH7,66629961,2026,E-Katalog 6.0,APBD,ANDI AZIS ASHAR,E-Purchasing,Barang,Sub Kegiatan Pengelolaan Pelayanan Kesehatan Ibu Hamil,ON PROCESS,268500,268500
KAB. WAJO,PUSKESMAS PENRANG - 1.02.0.00.0.00.01.0014,01KWC1F9EDHBB8MJCFA0X0ZSP3,66069389,2026,E-Katalog 6.0,APBD,ANDI JUNENNI,E-Purchasing,Barang,Belanja Barang dan Jasa BLUD,ON PROCESS,478000,478000
KAB. WAJO,RSUD LAMADDUKELLENG - 1.02.0.00.0.00.01.0001,01KJVJBXM208JRYYE8QVFZP90G,65300982,2026,E-Katalog 6.0,BLUD,MEGA MEDICA PHARMACEUTICALS,E-Purchasing,Barang,Belanja Barang dan Jasa BLUD,ON PROCESS,7770000,0
KAB. WAJO,RSUD LAMADDUKELLENG - 1.02.0.00.0.00.01.0001,01KP9Z6Y66H9GH3WT474W69657,65300982,2026,E-Katalog 6.0,BLUD,SAFELOCK MEDICAL,E-Purchasing,Barang,Belanja Barang dan Jasa BLUD,ON PROCESS,50671916,50671916
KAB. WAJO,PUSKESMAS SALEWANGENG - 1.02.0.00.0.00.01.0008,01KTQJJFDJMP0ZZ2R0JS3MHJ7D,66764245,2026,E-Katalog 6.0,APBD,TAMIYA NURUL WULANDA,E-Purchasing,Barang,Belanja Barang dan Jasa BLUD,ON PROCESS,896000,896000
KAB. WAJO,PUSKESMAS GILIRENG - 1.02.0.00.0.00.01.0019,01KW90Y96CD10F6E346X0TMJAC,66067911,2026,E-Katalog 6.0,APBD,ARSYAD M,E-Purchasing,Barang,Belanja Barang dan Jasa BLUD,ON PROCESS,11990896,11990896
KAB. WAJO,"SATUAN POLISI PAMONG PRAJA, PEMADAM KEBAKARAN DAN PENYELAMATAN - 1.05.0.00.0.00.01.0000",01KRB5KZ68W2K0CQEQSHHND6X0,66916167,2026,E-Katalog 6.0,APBD,BASO MUNAWIR,E-Purchasing,Barang,Belanja Makanan dan Minuman Aktivitas Lapangan,ON PROCESS,5111000,5111000
KAB. WAJO,RSUD SIWA - 1.02.0.00.0.00.01.0002,01KVSG08C4BS8EMD3S3XTXKAK5,66883851,2026,E-Katalog 6.0,BLUD,DENTSPLY SIRONA INDONESIA,E-Purchasing,Barang,Belanja Barang dan Jasa BLUD,ON PROCESS,4628185,0
KAB. WAJO,DINAS PERTANIAN DAN KETAHANAN PANGAN - 2.09.3.27.0.00.02.0000,01KRZGG9HAFBDQZ01NS3VH2TXP,66410794,2026,E-Katalog 6.0,APBD,GUNAWAN TJANDRA,E-Purchasing,Barang,Belanja Modal Personal Computer,ON PROCESS,44133600,44133600
KAB. WAJO,"DINAS PERINDUSTRIAN, PERDAGANGAN, KOPERASI, USAHA KECIL DAN MENENGAH - 2.17.3.30.3.31.01.0000",01KRG5NQWM7CT1812FBCV0NWCD,66222763,2026,E-Katalog 6.0,APBD,ANDI AKHYAR SULAIMAN,E-Purchasing,Barang,Belanja Alat/Bahan untuk Kegiatan Kantor-Alat Tulis Kantor pada Sub Kegiatan Pelaksanaan pengawasan Jaminan Produk Halal (JPH) di level Kabupaten/Kota,ON PROCESS,1189498,1189498
KAB. WAJO,"SATUAN POLISI PAMONG PRAJA, PEMADAM KEBAKARAN DAN PENYELAMATAN - 1.05.0.00.0.00.01.0000",01KQM417QFYCC0T7P4XNZ8B22C,66910838,2026,E-Katalog 6.0,APBD,MEGAWATI,E-Purchasing,Barang,Belanja Makanan dan Minuman Aktivitas Lapangan,ON PROCESS,430400,430400
KAB. WAJO,RSUD LAMADDUKELLENG - 1.02.0.00.0.00.01.0001,01KH0YDN8FC7S7YD0XVG0SF5QZ,65300982,2026,E-Katalog 6.0,BLUD,DUTA AFIAT,E-Purchasing,Barang,Belanja Barang dan Jasa BLUD,ON PROCESS,11382040,11382040
KAB. WAJO,RSUD LAMADDUKELLENG - 1.02.0.00.0.00.01.0001,01KJBXZYAM848CWVB34NGQ4T82,65300982,2026,E-Katalog 6.0,BLUD,PRATAPA NIRMALA,E-Purchasing,Barang,Belanja Barang dan Jasa BLUD,ON PROCESS,12032955,12032955
KAB. WAJO,PUSKESMAS TEMPE - 1.02.0.00.0.00.01.0006,01KVZ06XZBJ8Q8KZ6R3F7Q3Z05,65960948,2026,E-Katalog 6.0,APBD,MUHAMMAD ZULKARNAIN,E-Purchasing,Barang,Belanja Barang dan Jasa BOK Puskesmas pada sub kegiatan Bimbingan Teknis dan Supervisi Pengembangan dan Pelaksanaan Upaya Kesehatan Bersumber Daya Masyarakat (UKBM) ,ON PROCESS,340100,340100
KAB. WAJO,SEKRETARIAT DAERAH - 4.01.0.00.0.00.01.0000,01KH0TA1H74ZJSV7NC0DG9WQVW,63498389,2026,E-Katalog 6.0,APBD,AQILAHDAFFA,E-Purchasing,Barang,Belanja Alat/Bahan untuk Kegiatan Kantor-Alat Listrik,ON PROCESS,4362500,4362500
KAB. WAJO,DINAS KESEHATAN - 1.02.0.00.0.00.01.0000,01KQSEA2PF9R1Y19JZMVPJ3Y13,66827275,2026,E-Katalog 6.0,APBD,ANDI JUNENNI,E-Purchasing,Barang,Belanja Makanan dan Minuman Rapat pada sub kegiatan Pemeriksaan Post Market pada Produk Makanan-Minuman Industri Rumah Tangga yang Beredar dan Pengawasan serta Tindak Lanjut Pengawasan,ON PROCESS,1069500,1069500
KAB. WAJO,RSUD LAMADDUKELLENG - 1.02.0.00.0.00.01.0001,01KW121BM48BVE3WE7KSRS21GH,65300982,2026,E-Katalog 6.0,BLUD,PRATAPA NIRMALA,E-Purchasing,Barang,Belanja Barang dan Jasa BLUD,ON PROCESS,8621137,8621137
KAB. WAJO,"DINAS KOMUNIKASI, INFORMATIKA DAN STATISTIK - 2.16.2.20.2.21.02.0000",01KVESHJTWYH94J0W53JFSVB4K,65606989,2026,E-Katalog 6.0,APBD,CELOTEH MEDIA UTAMA PERSADA,E-Purchasing,Barang,Belanja Langganan Jurnal/Surat Kabar/Majalah - Relasi Media ,ON PROCESS,4995000,4995000
KAB. WAJO,PUSKESMAS SALOBULO - 1.02.0.00.0.00.01.0013,01KVFFYEPQ8X7EG2XHWWZN7C5Q,66083230,2026,E-Katalog 6.0,APBD,BUMI MEDIKA INDONESIA,E-Purchasing,Barang,Belanja Barang dan Jasa BLUD,ON PROCESS,1142190,1142190
KAB. WAJO,SEKRETARIAT DAERAH - 4.01.0.00.0.00.01.0000,01KN6AZK9ZK5QDJC3KWK30QFE2,66616536,2026,E-Katalog 6.0,APBD,AMRAN SURYADI,E-Purchasing,Barang,Belanja Alat/Bahan untuk Kegiatan Kantor- Bahan Cetak,ON PROCESS,34915050,34915050
KAB. WAJO,PUSKESMAS GILIRENG - 1.02.0.00.0.00.01.0019,01KQRSQWGP3CZ92SXD0JAJ4R9G,66073569,2026,E-Katalog 6.0,APBD,GEDDONG,E-Purchasing,Barang,Belanja Barang dan Jasa BOK Puskesmas pada Sub Kegiatan Pengelolaan Pelayanan Kesehatan Ibu Hamil,ON PROCESS,268500,268500
KAB. WAJO,DINAS PENDIDIKAN DAN KEBUDAYAAN - 1.01.2.22.0.00.02.0000,01KS29ARM8H5KXNK215ZHZQMDZ,63027440,2026,E-Katalog 6.0,APBD,AQILAHDAFFA,E-Purchasing,Barang,Belanja Alat/Bahan untuk Kegiatan Kantor- Bahan Cetak,ON PROCESS,1153500,1153500
KAB. WAJO,PUSKESMAS PARIGI - 1.02.0.00.0.00.01.0023,01KS835W2EAZ52DJBETSN8A0AV,67191993,2026,E-Katalog 6.0,APBD,NURHAENI,E-Purchasing,Barang,Belanja Barang dan Jasa BLUD,ON PROCESS,260000,260000
KAB. WAJO,BADAN PENGELOLAAN KEUANGAN DAN PENDAPATAN DAERAH - 5.02.0.00.0.00.01.0000,01KW91T8AA782G1PPGM5XVVQ7N,63371027,2026,E-Katalog 6.0,APBD,LISDAFIK,E-Purchasing,Barang,Belanja Alat/Bahan untuk Kegiatan Kantor- Bahan Cetak,ON PROCESS,3500000,3500000
KAB. WAJO,SEKRETARIAT DAERAH - 4.01.0.00.0.00.01.0000,01KVC1VM3Z5S4ZVZQYF0J4NZVP,63636068,2026,E-Katalog 6.0,APBD,ANDI ERNA,E-Purchasing,Barang,Belanja Natura dan Pakan-Natura,ON PROCESS,190800,190800
KAB. WAJO,BADAN PENGELOLAAN KEUANGAN DAN PENDAPATAN DAERAH - 5.02.0.00.0.00.01.0000,01KNT79GKM4DAD8X0JNQ1QVZVZ,63464855,2026,E-Katalog 6.0,APBD,ASTI WAHYUNI,E-Purchasing,Barang,Belanja Makanan dan Minuman Rapat,ON PROCESS,634800,634800
KAB. WAJO,"SATUAN POLISI PAMONG PRAJA, PEMADAM KEBAKARAN DAN PENYELAMATAN - 1.05.0.00.0.00.01.0000",01KH7JBMMNBNPAH1KZHXA67J56,64064061,2026,E-Katalog 6.0,APBD,DARNAWATI,E-Purchasing,Barang,Belanja Makanan dan Minuman Aktivitas Lapangan,ON PROCESS,430400,430400
KAB. WAJO,"SATUAN POLISI PAMONG PRAJA, PEMADAM KEBAKARAN DAN PENYELAMATAN - 1.05.0.00.0.00.01.0000",01KR111A2WXJ2CXQG301KDD5RA,66910838,2026,E-Katalog 6.0,APBD,MEGAWATI,E-Purchasing,Barang,Belanja Makanan dan Minuman Aktivitas Lapangan,ON PROCESS,424000,424000
KAB. WAJO,SEKRETARIAT DEWAN PERWAKILAN RAKYAT DAERAH - 4.02.0.00.0.00.01.0000,01KFYXP4X25ZSJY6RCRPH16Q02,63931767,2026,E-Katalog 6.0,APBD,MULTI SARANA SOLUTION,E-Purchasing,Barang,Belanja Sewa Alat Bantu Lainnya Pelaksanaan Reses,ON PROCESS,375000,375000
KAB. WAJO,SEKRETARIAT DAERAH - 4.01.0.00.0.00.01.0000,01KVW4HXREB36WFX87CAVBKCJ4,66853007,2026,E-Katalog 6.0,APBD,ANDI ERNA,E-Purchasing,Barang,Belanja Makanan dan Minuman Rapat,ON PROCESS,1434000,1434000
KAB. WAJO,DINAS PENANAMAN MODAL DAN PELAYANAN TERPADU SATU PINTU - 2.18.0.00.0.00.01.0000,01KVZ4710C5FHRJG5Q9DSA15DY,67102887,2026,E-Katalog 6.0,APBD,SAHAJA ATMA ADIPATI,E-Purchasing,Jasa Lainnya,Belanja Jasa yang Diberikan kepada Pihak Ketiga/Pihak lain,ON PROCESS,2000000,2000000
KAB. WAJO,PUSKESMAS PARIGI - 1.02.0.00.0.00.01.0023,01KV4W8V4MJC1RP0Z1AQM34H2T,66570660,2026,E-Katalog 6.0,APBD,NURHAENI,E-Purchasing,Barang,Kue / Snack,ON PROCESS,179000,179000
KAB. WAJO,PUSKESMAS KEERA - 1.02.0.00.0.00.01.0020,01KTK13G3612WC5FAKPHQKWAQA,66812850,2026,E-Katalog 6.0,APBD,ROSNAENI,E-Purchasing,Barang,Belanja barang jasa BOK Puskesmas pada sub kegiatan Pengelolaan Pelayanan Kesehatan Ibu Hamil,ON PROCESS,195000,195000
KAB. WAJO,DINAS PERUMAHAN DAN KAWASAN PERMUKIMAN - 1.04.0.00.0.00.01.0000,01KT6B2BC4RJ7DMKGDM5AHKZ4E,67220034,2026,E-Katalog 6.0,APBD,ANDI AKHYAR SULAIMAN,E-Purchasing,Barang,Belanja Bahan Cetak pada Kegiatan Koordinasi dan Penyusunan Laporan Keuangan Akhir Tahun SKPD,ON PROCESS,237500,237500
KAB. WAJO,DINAS PEMBERDAYAAN MASYARAKAT DAN DESA - 2.13.0.00.0.00.01.0000,01KVD31EJ4YAMYHQ2ZQVCB82HV,65633314,2026,E-Katalog 6.0,APBD,ANDI ERNA,E-Purchasing,Barang,Belanja Makanan dan Minuman Rapat,ON PROCESS,1196000,1196000
KAB. WAJO,SEKRETARIAT DEWAN PERWAKILAN RAKYAT DAERAH - 4.02.0.00.0.00.01.0000,01KJS5DYV16QS4BP2EDZBNASB9,63929501,2026,E-Katalog 6.0,APBD,GUNAWAN TJANDRA,E-Purchasing,Barang,Belanja Pemeliharaan Komputer-Peralatan Komputer-Peralatan Mini Computer,ON PROCESS,4773000,4773000
KAB. WAJO,RSUD LAMADDUKELLENG - 1.02.0.00.0.00.01.0001,01KPVPR15RVJ19YE4H0B6ZD78C,65300982,2026,E-Katalog 6.0,BLUD,BERNOFARM,E-Purchasing,Barang,Belanja Barang dan Jasa BLUD,ON PROCESS,27056250,27056250
KAB. WAJO,DINAS PERTANIAN DAN KETAHANAN PANGAN - 2.09.3.27.0.00.02.0000,01KTRC2VHTK34HXC5P6XEGZP2C,66410699,2026,E-Katalog 6.0,APBD,REFKIYANI,E-Purchasing,Barang,Belanja Barang untuk Dijual/Diserahkan kepada Masyarakat,ON PROCESS,2875000,2875000
KAB. WAJO,KECAMATAN BELAWA - 7.01.0.00.0.00.01.0000,01KT49MHRJ15YY5TVSBN2MGV65,66880394,2026,E-Katalog 6.0,APBD,MASDAWATI,E-Purchasing,Barang,Harmonisasi Hubungan dengan Tokoh Agama dan Tokoh Masyarakat,ON PROCESS,2180000,2180000
KAB. WAJO,RSUD LAMADDUKELLENG - 1.02.0.00.0.00.01.0001,01KMZDHVPF5J81S77WY0MVQYSV,65300982,2026,E-Katalog 6.0,BLUD,CAHAYA MUDA ABADI,E-Purchasing,Barang,Belanja Barang dan Jasa BLUD,ON PROCESS,12654000,0
KAB. WAJO,"BADAN PERENCANAAN PEMBANGUNAN, RISET DAN INOVASI DAERAH - 5.01.5.05.0.00.01.0000",01KP56P8KY0H5QYPZW7Q07ZD7S,65634048,2026,E-Katalog 6.0,APBD,ANDI AKHYAR SULAIMAN,E-Purchasing,Barang,Belanja Alat/Bahan untuk Kegiatan Kantor-Alat Tulis Kantor,ON PROCESS,1465499,1465499
KAB. WAJO,SEKRETARIAT DAERAH - 4.01.0.00.0.00.01.0000,01KN6RTYM3QWCPR8TZMWTD6B7J,65287981,2026,E-Katalog 6.0,APBD,HABRI,E-Purchasing,Barang,Belanja Alat/Bahan untuk Kegiatan Kantor- Bahan Cetak,ON PROCESS,2300000,2300000
KAB. WAJO,RSUD LAMADDUKELLENG - 1.02.0.00.0.00.01.0001,01KTJQQV78KEMKZWFBPD0R107N,65300982,2026,E-Katalog 6.0,BLUD,TAMARA OVERSEAS CORPORINDO,E-Purchasing,Barang,Belanja Barang dan Jasa BLUD,ON PROCESS,24975000,0
KAB. WAJO,DINAS KEPENDUDUKAN DAN PENCATATAN SIPIL - 2.12.0.00.0.00.01.0000,01KQS3XVWZG9277DN0P7V9MRYJ,66535960,2026,E-Katalog 6.0,APBD,A. MUH. ABRAR,E-Purchasing,Barang,Belanja Alat/Bahan untuk Kegiatan Kantor-Alat Tulis Kantor,ON PROCESS,2467000,2467000
KAB. WAJO,DINAS PENDIDIKAN DAN KEBUDAYAAN - 1.01.2.22.0.00.02.0000,01KW91QESMTAVXKD673D2V043J,63028092,2026,E-Katalog 6.0,APBD,AQILAHDAFFA,E-Purchasing,Jasa Lainnya,Belanja Makanan dan Minuman Jamuan Tamu,ON PROCESS,57276,57276
KAB. WAJO,"DINAS KOMUNIKASI, INFORMATIKA DAN STATISTIK - 2.16.2.20.2.21.02.0000",01KJEE893P7X8JS54F0HDC1HKN,65606989,2026,E-Katalog 6.0,APBD,UJUNGPANDANG EKSPRES BIRO WAJO,E-Purchasing,Barang,Belanja Langganan Jurnal/Surat Kabar/Majalah - Relasi Media ,ON PROCESS,26000000,26000000
KAB. WAJO,PUSKESMAS LIU - 1.02.0.00.0.00.01.0005,01KPQ8VZSB3GZM12WCYYV9DFE3,66776961,2026,E-Katalog 6.0,APBD,ANDI AMINAH BAKHTIAR,E-Purchasing,Barang,Belanja Barang dan Jasa BLUD,ON PROCESS,1221000,1221000
KAB. WAJO,DINAS PERTANIAN DAN KETAHANAN PANGAN - 2.09.3.27.0.00.02.0000,01KWGS7T19XAYW695Q4V55NHMP,66606787,2026,E-Katalog 6.0,APBD,"ANDI DILAYANTI, S.E.",E-Purchasing,Barang,Belanja Alat/Bahan untuk Kegiatan Kantor-Alat Tulis Kantor,ON PROCESS,767454,767454
KAB. WAJO,SEKRETARIAT DAERAH - 4.01.0.00.0.00.01.0000,01KQ6RMW7YQGHJW197P6F0HR94,66824388,2026,E-Katalog 6.0,APBD,ANDI AKHYAR SULAIMAN,E-Purchasing,Barang,Belanja Alat/Bahan untuk Kegiatan Kantor- Bahan Cetak,ON PROCESS,2500000,2500000
KAB. WAJO,"DINAS KOMUNIKASI, INFORMATIKA DAN STATISTIK - 2.16.2.20.2.21.02.0000",01KQE0TYENFXWDSQEPFGM6AYJN,65606990,2026,E-Katalog 6.0,APBD,SINYAL TAJAM INDONESIA,E-Purchasing,Barang,Belanja Kawat/Faksimili/Internet/TV Berlangganan - Relasi Media ,ON PROCESS,7208340,7208340
KAB. WAJO,DINAS PENANAMAN MODAL DAN PELAYANAN TERPADU SATU PINTU - 2.18.0.00.0.00.01.0000,01KV5BY919FSYAZNY7JX81TENH,64997058,2026,E-Katalog 6.0,APBD,ANDI AKHYAR SULAIMAN,E-Purchasing,Barang,Belanja Alat/Bahan untuk Kegiatan Kantor- Bahan Cetak,ON PROCESS,50000,50000
KAB. WAJO,PUSKESMAS GILIRENG - 1.02.0.00.0.00.01.0019,01KQRRBSC98S8RE81SWNX8QQA9,66073569,2026,E-Katalog 6.0,APBD,GEDDONG,E-Purchasing,Barang,Belanja Barang dan Jasa BOK Puskesmas pada Sub Kegiatan Pengelolaan Pelayanan Kesehatan Ibu Hamil,ON PROCESS,268500,268500
KAB. WAJO,"DINAS PEMUDA, OLAHRAGA DAN PARIWISATA - 2.19.3.26.0.00.02.0000",01KRDMATGF96T8HGED8Q6K9TT8,63977852,2026,E-Katalog 6.0,APBD,ANDI AKHYAR SULAIMAN,E-Purchasing,Barang,Belanja Alat/Bahan untuk Kegiatan Kantor- Bahan Cetak Kegiatan Pelatihan Kewirausahaan,ON PROCESS,250000,250000
KAB. WAJO,PUSKESMAS PENRANG - 1.02.0.00.0.00.01.0014,01KWTX19MW5SRXFG9EDEPRNM8J,66076986,2026,E-Katalog 6.0,APBD,ANDI JUNENNI,E-Purchasing,Barang,Belanja barang dan jasa BOK puskesmas pada sub kegiatan Pengelolaan Pelayanan Kesehatan Ibu Hamil,ON PROCESS,304300,304300
KAB. WAJO,RSUD LAMADDUKELLENG - 1.02.0.00.0.00.01.0001,01KSF04QTKMVFRVT3QG76G4MTQ,65300982,2026,E-Katalog 6.0,BLUD,INFION,E-Purchasing,Barang,Belanja Barang dan Jasa BLUD,ON PROCESS,6793200,6793200
KAB. WAJO,PUSKESMAS MAJAULENG - 1.02.0.00.0.00.01.0015,01KWKWZA68RPQS3S3Q0HZD1MNK,66223778,2026,E-Katalog 6.0,APBD,REZKY JAYA ABADI,E-Purchasing,Barang,Belanja Barang dan Jasa BLUD,ON PROCESS,2541500,2541500
KAB. WAJO,"DINAS PEMUDA, OLAHRAGA DAN PARIWISATA - 2.19.3.26.0.00.02.0000",01KRHXN9724A4WAV8GSY2XEJTV,63937821,2026,E-Katalog 6.0,APBD,AQILAHDAFFA,E-Purchasing,Barang,Belanja Bahan-Bahan Bangunan dan Konstruksi Kegiatan Belanja Biaya Perawatan Lapangan Merdeka,ON PROCESS,3460000,3460000
KAB. WAJO,PUSKESMAS PENRANG - 1.02.0.00.0.00.01.0014,01KTNQ8TK47RW476H6PMQK9D1M,66076986,2026,E-Katalog 6.0,APBD,ANDI JUNENNI,E-Purchasing,Barang,Belanja barang dan jasa BOK puskesmas pada sub kegiatan Pengelolaan Pelayanan Kesehatan Ibu Hamil,ON PROCESS,304300,304300
KAB. WAJO,KECAMATAN PAMMANA - 7.01.0.00.0.00.07.0000,01KTR458P31DY839RVCDZKYJZF,65752056,2026,E-Katalog 6.0,APBD,ANDI ERNA,E-Purchasing,Barang,Belanja Barang Pakai Habis,ON PROCESS,112199,112199
KAB. WAJO,PUSKESMAS PENRANG - 1.02.0.00.0.00.01.0014,01KTNRB0W7Q8V6DKQF854NKPJ5,66120525,2026,E-Katalog 6.0,APBD,ANDI JUNENNI,E-Purchasing,Barang,Belanja Barang dan Jasa Bok pada Sub Kegiatan Bimbingan Teknis dan Supervisi Pengembangan dan Pelaksanaan Upaya Kesehatan Bersumber Daya Masyarakat,ON PROCESS,793500,793500
KAB. WAJO,RSUD SIWA - 1.02.0.00.0.00.01.0002,01KQXWWF7834QPRWQW4S5ATA5P,66883851,2026,E-Katalog 6.0,BLUD,YARINDO FARMATAMA,E-Purchasing,Barang,Belanja Barang dan Jasa BLUD,ON PROCESS,6883110,6883110
KAB. WAJO,SEKRETARIAT DAERAH - 4.01.0.00.0.00.01.0000,01KRHY3KS0ENJ45WADSJCHDFCE,63636068,2026,E-Katalog 6.0,APBD,ANDI ERNA,E-Purchasing,Barang,Belanja Natura dan Pakan-Natura,ON PROCESS,286200,286200
KAB. WAJO,DINAS LINGKUNGAN HIDUP - 2.11.0.00.0.00.01.0000,01KTTV9KSW79YZ0TB8VYV5H4TR,64618006,2026,E-Katalog 6.0,APBD,ANANCI,E-Purchasing,Barang,Belanja alat bahan untuk kegiatan kantor alat tulis kantor,ON PROCESS,1501382,1501382
KAB. WAJO,RSUD LAMADDUKELLENG - 1.02.0.00.0.00.01.0001,01KJC7KB35PSRQX9V2DC6EJ59F,65300982,2026,E-Katalog 6.0,BLUD,AMAROX PHARMA GLOBAL,E-Purchasing,Barang,Belanja Barang dan Jasa BLUD,ON PROCESS,11655000,11655000
KAB. WAJO,DINAS PERUMAHAN DAN KAWASAN PERMUKIMAN - 1.04.0.00.0.00.01.0000,01KTNPAM6ABXJFM54VEXVQPCGS,67254124,2026,E-Katalog 6.0,APBD,SUDWIKATMONO,E-Purchasing,Barang,Belanja Pemeliharaan Kendaraan Dinas Operasional Roda 6,ON PROCESS,36397000,36397000
KAB. WAJO,"DINAS PERINDUSTRIAN, PERDAGANGAN, KOPERASI, USAHA KECIL DAN MENENGAH - 2.17.3.30.3.31.01.0000",01KPMAK1YQSNGSBZ66Y3BSJH8C,65731936,2026,E-Katalog 6.0,APBD,GUNAWAN TJANDRA,E-Purchasing,Barang,Belanja Modal Alat Pendingin Pada Sub Kegiatan Pengadaan Sarana dan Prasarana Gedung Kantor atau Bangunan Lainnya,ON PROCESS,16217100,16217100
KAB. WAJO,SEKRETARIAT DEWAN PERWAKILAN RAKYAT DAERAH - 4.02.0.00.0.00.01.0000,01KFJXFEZHTM3HCC0NMJ56S752,63930035,2026,E-Katalog 6.0,APBD,ANDI SULTAN HASSANAL,E-Purchasing,Barang,Belanja Makanan dan Minuman Jamuan Tamu,ON PROCESS,805500,805500
KAB. WAJO,SEKRETARIAT DEWAN PERWAKILAN RAKYAT DAERAH - 4.02.0.00.0.00.01.0000,01KMJ8BMX2YRDHC2D61BRB10JT,63928449,2026,E-Katalog 6.0,APBD,ANDI PARENRENGI,E-Purchasing,Barang,Belanja Makanan dan Minuman Rapat Sub Kegiatan Fasiilitasi Rappat Koordiinasi dan Konsultasi DPRD,ON PROCESS,483000,483000
KAB. WAJO,SEKRETARIAT DEWAN PERWAKILAN RAKYAT DAERAH - 4.02.0.00.0.00.01.0000,01KQ9R2R7HTNJAE39KS84FD7WY,63929853,2026,E-Katalog 6.0,APBD,ANDI AKHYAR SULAIMAN,E-Purchasing,Barang,Belanja Alat/Bahan untuk Kegiatan Kantor-Alat Tulis Kantor sub Kegiatan Pelaks Penatausahaan dan Pengujian/Verifikasi Keuangan SKPD,ON PROCESS,490000,490000
KAB. WAJO,SEKRETARIAT DEWAN PERWAKILAN RAKYAT DAERAH - 4.02.0.00.0.00.01.0000,01KFQ9XBD5ME4QE8C9SNCS9FC0,63931773,2026,E-Katalog 6.0,APBD,BESSE WIDYASRINI,E-Purchasing,Barang,Belanja Makanan dan Minuman Rapat Pelaksanaan Reses,ON PROCESS,6900000,6900000
KAB. WAJO,DINAS PENDIDIKAN DAN KEBUDAYAAN - 1.01.2.22.0.00.02.0000,01KSHA0GHGX9XBQF8WMV0JMZYH,63028091,2026,E-Katalog 6.0,APBD,HARIANTO,E-Purchasing,Barang,Belanja Alat/Bahan untuk Kegiatan Kantor- Suvenir/Cendera Mata,ON PROCESS,1243200,0
KAB. WAJO,RSUD LAMADDUKELLENG - 1.02.0.00.0.00.01.0001,01KW1EZ39QGJCPBM0WYKR5KY08,65300982,2026,E-Katalog 6.0,BLUD,ETHICA INDUSTRI FARMASI,E-Purchasing,Barang,Belanja Barang dan Jasa BLUD,ON PROCESS,13443574,13443574
KAB. WAJO,DINAS PERUMAHAN DAN KAWASAN PERMUKIMAN - 1.04.0.00.0.00.01.0000,01KV57ZA1MSQ4GE1PTMVE2TQ4M,67264321,2026,E-Katalog 6.0,APBD,ANDI AKHYAR SULAIMAN,E-Purchasing,Barang,Belanja Alat Tulis Kantor pada Kegiatan Peningkatan Kinerja dan Reformasi Birokrasi,ON PROCESS,93000,93000
KAB. WAJO,"BADAN PERENCANAAN PEMBANGUNAN, RISET DAN INOVASI DAERAH - 5.01.5.05.0.00.01.0000",01KRDE1GC2BFAT753GYNN32KGV,65208967,2026,E-Katalog 6.0,APBD,ANDI ERWIN,E-Purchasing,Barang,Belanja Alat/Bahan untuk Kegiatan Kantor-Alat/Bahan untuk Kegiatan Kantor Lainnya,ON PROCESS,477300,477300
KAB. WAJO,PUSKESMAS WEWANGREWU - 1.02.0.00.0.00.01.0018,01KW182B2VCY1EZMNWEETZT3X7,66766433,2026,E-Katalog 6.0,APBD,MUHAMMAD RESKY,E-Purchasing,Barang,"Belanja Barang dan Jasa BOK Puskesmas pada sub kegiatan Peningkatan Upaya Promosi Kesehatan, Advokasi, Kemitraan dan Pemberdayaan Masyarakat",ON PROCESS,418600,418600
KAB. WAJO,DINAS PERUMAHAN DAN KAWASAN PERMUKIMAN - 1.04.0.00.0.00.01.0000,01KVQ22M42A13PGS8KX4MMD9WE,67339641,2026,E-Katalog 6.0,APBD,TAMIYA NURUL WULANDA,E-Purchasing,Barang,Belanja Makanan dan Minuman Rapat pada Kegiatan Koordinasi dan Penyusunan Laporan Capaian Kinerja dan Ikhtisar Realisasi Kinerja SKPD,ON PROCESS,210000,210000
KAB. WAJO,"DINAS PEMUDA, OLAHRAGA DAN PARIWISATA - 2.19.3.26.0.00.02.0000",10809795000,66585755,2026,Non Tender,APBD,CV. Tiga Tiga Tujuh Consultant,Pengadaan Langsung,Jasa Konsultansi Badan Usaha Konstruksi,Perencanaan Fisik Lapangan (Rehab Lapangan Lajokka - Rehab Lapangan Sepak Bola Pakanna - Rehab Lapangan Sepakbola Belawa),SELESAI,20863005,20863005
KAB. WAJO,SEKRETARIAT DEWAN PERWAKILAN RAKYAT DAERAH - 4.02.0.00.0.00.01.0000,01KJCFFBN9349R5DDE1BB7G25T,63928678,2026,E-Katalog 6.0,APBD,ANDI PARENRENGI,E-Purchasing,Barang,Belanja Makanan dan Minuman Jamuan Tamu Penyediaan Kebutuhan Rumah Tangga,ON PROCESS,39802500,39802500
KAB. WAJO,PUSKESMAS MANIANGPAJO - 1.02.0.00.0.00.01.0021,01KNGM329052S3A0HPCZ40PWMR,66071513,2026,E-Katalog 6.0,APBD,MASDAWATI,E-Purchasing,Barang,Belanja Barang dan Jasa BOK Puskesmas Pada Sub Kegiatan Pengelolaan Pelayanan Kesehatan Ibu Hamil,ON PROCESS,150000,150000
KAB. WAJO,SEKRETARIAT DEWAN PERWAKILAN RAKYAT DAERAH - 4.02.0.00.0.00.01.0000,01KVC8R80VQ6P2ZPAQFN5211C7,63929664,2026,E-Katalog 6.0,APBD,AMRAN SURYADI,E-Purchasing,Barang,Belanja Alat/Bahan untuk Kegiatan Kantor- Bahan Cetak sub Kegiatan Penatausahaan Barang Milik Daerah pada SKPD,ON PROCESS,244200,244200
KAB. WAJO,PUSKESMAS SABBANGPARU - 1.02.0.00.0.00.01.0003,01KVPKDYFZDQN5B7GX2EY08AN3,66458980,2026,E-Katalog 6.0,APBD,ASTI WAHYUNI,E-Purchasing,Barang,Belanja Barang dan Jasa BOK Puskesmas pada sub kegiatan Bimbingan Teknis dan Supervisi  Pengembangan dan Pelaksanaan Upaya Kesehatan Bersumber Daya Masyarakat (UKBM),ON PROCESS,1051600,1051600
KAB. WAJO,RSUD LAMADDUKELLENG - 1.02.0.00.0.00.01.0001,01KJSAQKJQ4GJ64XEYWSFKBE55,65300982,2026,E-Katalog 6.0,BLUD,WIRA USAHA INTI SUKSES,E-Purchasing,Barang,Belanja Barang dan Jasa BLUD,ON PROCESS,8347200,8347200
KAB. WAJO,PUSKESMAS MANIANGPAJO - 1.02.0.00.0.00.01.0021,01KNGMR1JJAQ2FZRKWSWDJ6HT7,66071513,2026,E-Katalog 6.0,APBD,MASDAWATI,E-Purchasing,Barang,Belanja Barang dan Jasa BOK Puskesmas Pada Sub Kegiatan Pengelolaan Pelayanan Kesehatan Ibu Hamil,ON PROCESS,150000,150000
KAB. WAJO,"DINAS KOMUNIKASI, INFORMATIKA DAN STATISTIK - 2.16.2.20.2.21.02.0000",01KQERJBWZRQ974E4BYFM225MA,65611399,2026,E-Katalog 6.0,APBD,ANDI AKHYAR SULAIMAN,E-Purchasing,Barang,Belanja Alat/Bahan untuk Kegiatan Kantor-Alat Tulis Kantor - Operasionalisasi Layanan Keamanan Informasi dan Persandian Pemerintah Daerah,ON PROCESS,1385798,1385798
KAB. WAJO,BADAN PENGELOLAAN KEUANGAN DAN PENDAPATAN DAERAH - 5.02.0.00.0.00.01.0000,01KW3CBXQFWYDQ4D7HYAZTK9ZB,63462896,2026,E-Katalog 6.0,APBD,ANDI BISMAWATI,E-Purchasing,Barang,Belanja Alat/Bahan untuk Kegiatan Kantor- Bahan Cetak,ON PROCESS,45000000,0
KAB. WAJO,"DINAS KOMUNIKASI, INFORMATIKA DAN STATISTIK - 2.16.2.20.2.21.02.0000",01KVWCSFWX3PPZJWQW23XFEGSD,65606989,2026,E-Katalog 6.0,APBD,MEDIA NUSANTARA CREASI,E-Purchasing,Barang,Belanja Langganan Jurnal/Surat Kabar/Majalah - Relasi Media ,ON PROCESS,22477500,22477500
KAB. WAJO,"SATUAN POLISI PAMONG PRAJA, PEMADAM KEBAKARAN DAN PENYELAMATAN - 1.05.0.00.0.00.01.0000",01KJ4TE0CEMEN7JG7X6S9MKYWB,64200491,2026,E-Katalog 6.0,APBD,ANDI MARWANAH,E-Purchasing,Barang,Belanja Makanan dan Minuman Aktivitas Lapangan,ON PROCESS,5326200,5326200
KAB. WAJO,BAGIAN UMUM - 4.01.2.23.2.24.01.0007,01KRAHBQT6T0F9MBHQEDBQF0YN,63558518,2026,E-Katalog 6.0,APBD,BUMI JASA UTAMA,E-Purchasing,Barang,Belanja Sewa Kendaraan Bermotor Penumpang,ON PROCESS,337817400,337817400
KAB. WAJO,RSUD LAMADDUKELLENG - 1.02.0.00.0.00.01.0001,01KPVY0CSND2XGKDEP9YW64KX5,65300982,2026,E-Katalog 6.0,BLUD,NUSANTARA PRIMA MEDICALINDO,E-Purchasing,Barang,Belanja Barang dan Jasa BLUD,ON PROCESS,7437000,0
KAB. WAJO,PUSKESMAS TEMPE - 1.02.0.00.0.00.01.0006,01KVD1QVRWWF1KXDBSEVVBVB52,66735118,2026,E-Katalog 6.0,APBD,MUHAMMAD ZULKARNAIN,E-Purchasing,Barang,"Kue / Snack pada Sub Kegiatan Peningkatan Upaya Promosi Kesehatan, Advokasi, Kemitraan dan Pemberdayaan Masyarakat",ON PROCESS,465400,465400
KAB. WAJO,RSUD LAMADDUKELLENG - 1.02.0.00.0.00.01.0001,01KPSVNVSAYDX35P57BN5XHCN1,65300982,2026,E-Katalog 6.0,BLUD,DAYA MUDA AGUNG,E-Purchasing,Barang,Belanja Barang dan Jasa BLUD,ON PROCESS,23786856,23786856
KAB. WAJO,"SATUAN POLISI PAMONG PRAJA, PEMADAM KEBAKARAN DAN PENYELAMATAN - 1.05.0.00.0.00.01.0000",01KNVNF2NFSN0ZQ78CVKBDY5MH,64064061,2026,E-Katalog 6.0,APBD,MEGAWATI,E-Purchasing,Barang,Belanja Makanan dan Minuman Aktivitas Lapangan,ON PROCESS,430400,430400
KAB. WAJO,BADAN PENGELOLAAN KEUANGAN DAN PENDAPATAN DAERAH - 5.02.0.00.0.00.01.0000,01KGE1S5YHWST7BECA937KRTMZ,63991974,2026,E-Katalog 6.0,APBD,A. MUH. ABRAR,E-Purchasing,Barang,Belanja Alat/Bahan untuk Kegiatan Kantor- Bahan Cetak,ON PROCESS,8750000,8750000
KAB. WAJO,PUSKESMAS SAPPA - 1.02.0.00.0.00.01.0022,01KS72PGX69MYM0FGTGHAVX8RM,66281634,2026,E-Katalog 6.0,APBD,ST.AJIRAH,E-Purchasing,Barang,Belanja Barang dan Jasa BLUD,ON PROCESS,1912000,1912000
KAB. WAJO,DINAS TENAGA KERJA DAN TRANSMIGRASI - 2.07.3.32.0.00.02.0000,01KK8SVT9HTTCD1NB4RHPZPRFP,66253646,2026,E-Katalog 6.0,APBD,AQILAHDAFFA,E-Purchasing,Barang,Belanja Natura dan Pakan-Natura,ON PROCESS,2220000,2220000
KAB. WAJO,DINAS PENDIDIKAN DAN KEBUDAYAAN - 1.01.2.22.0.00.02.0000,01KS29QPBBT7KQ3D1SR78YCXE9,63027441,2026,E-Katalog 6.0,APBD,AQILAHDAFFA,E-Purchasing,Barang,Belanja Alat/Bahan untuk Kegiatan Kantor-Alat Tulis Kantor,ON PROCESS,1926600,1926600
KAB. WAJO,SEKRETARIAT DEWAN PERWAKILAN RAKYAT DAERAH - 4.02.0.00.0.00.01.0000,01KGETF9W6RQ8WC3T9T6SZ6Y4C,63931825,2026,E-Katalog 6.0,APBD,A. NASRAH,E-Purchasing,Barang,Belanja Makanan dan Minuman Rapat_Pokok_Pikiran,ON PROCESS,2415000,2415000
KAB. WAJO,BADAN KEPEGAWAIAN DAN PENGEMBANGAN SUMBER DAYA MANUSIA - 5.03.5.04.0.00.01.0000,01KN1JZYGVB5PY3B61PNVEHA0Y,63995726,2026,E-Katalog 6.0,APBD,"ANDI DILAYANTI, S.E.",E-Purchasing,Barang,Belanja Alat/Bahan untuk Kegiatan Kantor- Bahan Cetak pada Kegiatan Penyediaan Barang Cetakan dan Penggandaan,ON PROCESS,22466289,22466289
KAB. WAJO,RSUD LAMADDUKELLENG - 1.02.0.00.0.00.01.0001,01KSEMGYNREJSMKRZ8MG9HWZ63,65300982,2026,E-Katalog 6.0,BLUD,DJEMBATAN DUA,E-Purchasing,Barang,Belanja Barang dan Jasa BLUD,ON PROCESS,9435000,9435000
KAB. WAJO,"DINAS PEKERJAAN UMUM, PENATAAN RUANG DAN PERTANAHAN - 1.03.2.10.0.00.01.0000",10140161000,67161503,2026,Tender,APBD,PT. RAJASA TOMAX GLOBALINDO,Tender,Pekerjaan Konstruksi,Pembangunan Jembatan Abbaderange Kecamatan Pitumpanua,SELESAI,13557789960,13557789960
KAB. WAJO,"SATUAN POLISI PAMONG PRAJA, PEMADAM KEBAKARAN DAN PENYELAMATAN - 1.05.0.00.0.00.01.0000",01KJ4T9GT6S3TCWXJEC25SVTX4,64200491,2026,E-Katalog 6.0,APBD,ANDI MARWANAH,E-Purchasing,Barang,Belanja Makanan dan Minuman Aktivitas Lapangan,ON PROCESS,5272400,5272400
KAB. WAJO,BADAN KESATUAN BANGSA DAN POLITIK - 8.01.0.00.0.00.01.0000,01KPQ6R084T3FVJMTFYVPC49SG,63247545,2026,E-Katalog 6.0,APBD,ANDI ERNA,E-Purchasing,Barang,Belanja Makanan dan Minuman Aktivitas Lapangan,ON PROCESS,895000,895000
KAB. WAJO,PUSKESMAS SAPPA - 1.02.0.00.0.00.01.0022,01KRBEQ82BM1VJ6H2XYJYK1J4T,66281522,2026,E-Katalog 6.0,APBD,ST.AJIRAH,E-Purchasing,Barang,Kue / Snack,ON PROCESS,268500,268500
KAB. WAJO,SEKRETARIAT DAERAH - 4.01.0.00.0.00.01.0000,01KVA3K4E0CWRQF1PGNZAER6KE,65287973,2026,E-Katalog 6.0,APBD,FITRIANI,E-Purchasing,Barang,Belanja Makanan dan Minuman Jamuan Tamu,ON PROCESS,31076000,31076000
KAB. WAJO,"BADAN PERENCANAAN PEMBANGUNAN, RISET DAN INOVASI DAERAH - 5.01.5.05.0.00.01.0000",01KVCS8CJN98ARJ3E60ET5CVZR,65633279,2026,E-Katalog 6.0,APBD,ANDI AKHYAR SULAIMAN,E-Purchasing,Barang,Belanja Alat/Bahan untuk Kegiatan Kantor- Bahan Cetak,ON PROCESS,125000,125000
KAB. WAJO,DINAS LINGKUNGAN HIDUP - 2.11.0.00.0.00.01.0000,01KTTG7X8HRNGFZHYQYAVW4Q6S,65710872,2026,E-Katalog 6.0,APBD,TAMIYA NURUL WULANDA,E-Purchasing,Barang,Belanja makanan dan minuman aktivitas lapangan,ON PROCESS,5980000,5980000
KAB. WAJO,SEKRETARIAT DAERAH - 4.01.0.00.0.00.01.0000,01KHTER7723FGNR0H69S1BNBPE,63636068,2026,E-Katalog 6.0,APBD,KARTINI TAHIR,E-Purchasing,Barang,Belanja Natura dan Pakan-Natura,ON PROCESS,12000000,12000000
KAB. WAJO,RSUD LAMADDUKELLENG - 1.02.0.00.0.00.01.0001,01KK830SQ24KM0DZ723Y0MM9WW,65300982,2026,E-Katalog 6.0,BLUD,DEXA MEDICA,E-Purchasing,Barang,Belanja Barang dan Jasa BLUD,ON PROCESS,4618710,4618710
KAB. WAJO,SEKRETARIAT DEWAN PERWAKILAN RAKYAT DAERAH - 4.02.0.00.0.00.01.0000,01KWK5QZDADZRTFFVX01Y60WVS,63930880,2026,E-Katalog 6.0,APBD,MUSTAFA HI. BANDUNG,E-Purchasing,Barang,Belanja Makanan dan Minuman Rapat Pengawasan Urusan Pemerintahan Bidang Kesejahteraan Rakyat,ON PROCESS,238500,238500
KAB. WAJO,PUSKESMAS LIU - 1.02.0.00.0.00.01.0005,01KQV7HN203KRDFEKMGCDC7T2S,66778417,2026,E-Katalog 6.0,APBD,ASTI WAHYUNI,E-Purchasing,Barang,Belanja Barang dan Jasa BOK Puskesmas pada Sub Kegiatan Pengelolaan Pelayanan Kesehatan Ibu Hamil,ON PROCESS,483300,483300
KAB. WAJO,PUSKESMAS TANASITOLO - 1.02.0.00.0.00.01.0017,01KVYZ3BQE1HTVJ6TK4CEQ1WCP,66697929,2026,E-Katalog 6.0,APBD,MUHAMMAD ZULKARNAIN,E-Purchasing,Barang,Belanja Barang dan Jasa BLUD,ON PROCESS,538800,538800
KAB. WAJO,PUSKESMAS SAJOANGING - 1.02.0.00.0.00.01.0012,01KVPJHYHHEJXYZYJ5V846KRAJ,66620220,2026,E-Katalog 6.0,APBD,SALWA NABILAH IDRIS,E-Purchasing,Barang,Belanja Barang dan jasa BOK Puskesmas pada sub kegiatan Pengelolaan Pelayanan Kesehatan Ibu Hamil,ON PROCESS,358000,358000
KAB. WAJO,"SATUAN POLISI PAMONG PRAJA, PEMADAM KEBAKARAN DAN PENYELAMATAN - 1.05.0.00.0.00.01.0000",01KRDAA8ADMDF82T9KKZSJW3ER,64200533,2026,E-Katalog 6.0,APBD,ABDUL MUIS,E-Purchasing,Barang,Belanja Makanan dan Minuman Rapat,ON PROCESS,538000,538000
KAB. WAJO,PUSKESMAS SABBANGPARU - 1.02.0.00.0.00.01.0003,01KQB2HWTQXBNDWZBXVEQRD3QA,66481720,2026,E-Katalog 6.0,APBD,FAIZAL,E-Purchasing,Barang,Belanja Barang dan Jasa BLUD,ON PROCESS,6451727,6451727
KAB. WAJO,DINAS PENDIDIKAN DAN KEBUDAYAAN - 1.01.2.22.0.00.02.0000,01KKAX84W6AZ9A420MSGQK3XD1,63026628,2026,E-Katalog 6.0,APBD,AQILAHDAFFA,E-Purchasing,Barang,Belanja Alat/Bahan untuk Kegiatan Kantor- Bahan Cetak,ON PROCESS,725000,725000
KAB. WAJO,KELURAHAN ATAKKAE - 7.01.0.00.0.00.14.0001,01KVSSNACF5F1FAN0JGSHYXV2K,66972212,2026,E-Katalog 6.0,APBD,CINTA ALAM RAYA,E-Purchasing,Barang,Belanja Modal Alat Kantor Lainnya,ON PROCESS,6893100,6893100
KAB. WAJO,"SATUAN POLISI PAMONG PRAJA, PEMADAM KEBAKARAN DAN PENYELAMATAN - 1.05.0.00.0.00.01.0000",01KRGACR0D6H54NV3DCEVD4N1Z,67132122,2026,E-Katalog 6.0,APBD,IVA YULIANTI,E-Purchasing,Barang,Belanja Makanan dan Minuman Aktivitas Lapangan,ON PROCESS,1200000,1200000
KAB. WAJO,DINAS PENANAMAN MODAL DAN PELAYANAN TERPADU SATU PINTU - 2.18.0.00.0.00.01.0000,01KVAGC8F1FNT8M1V49DH7XBKR,64999499,2026,E-Katalog 6.0,APBD,ANDI AKHYAR SULAIMAN,E-Purchasing,Barang,Belanja Alat/Bahan untuk Kegiatan Kantor-Alat Tulis Kantor,ON PROCESS,844500,844500
KAB. WAJO,"DINAS KOMUNIKASI, INFORMATIKA DAN STATISTIK - 2.16.2.20.2.21.02.0000",01KJBXHFR25G6K1WQHCE3KVG19,65606989,2026,E-Katalog 6.0,APBD,BOSOWA MEDIA GRAFIKA,E-Purchasing,Barang,Belanja Langganan Jurnal/Surat Kabar/Majalah - Relasi Media ,ON PROCESS,9990000,9990000
KAB. WAJO,RSUD LAMADDUKELLENG - 1.02.0.00.0.00.01.0001,01KQ6PP61B058DY8RY97YB9XYR,65300982,2026,E-Katalog 6.0,BLUD,PRATAPA NIRMALA,E-Purchasing,Barang,Belanja Barang dan Jasa BLUD,ON PROCESS,19130850,19130850
KAB. WAJO,SEKRETARIAT DEWAN PERWAKILAN RAKYAT DAERAH - 4.02.0.00.0.00.01.0000,01KFX9CAZQPVF4XC1NAZXJ61SC,63931773,2026,E-Katalog 6.0,APBD,A. NASRAH,E-Purchasing,Barang,Belanja Makanan dan Minuman Rapat Pelaksanaan Reses,ON PROCESS,6900000,6900000
KAB. WAJO,SEKRETARIAT DAERAH - 4.01.0.00.0.00.01.0000,01KMQ5PB723PXECMD5QQN8TK18,66616535,2026,E-Katalog 6.0,APBD,ANDI AKHYAR SULAIMAN,E-Purchasing,Barang,Belanja Alat/Bahan untuk Kegiatan Kantor-Alat Tulis Kantor,ON PROCESS,1985000,1985000
KAB. WAJO,"DINAS PEMUDA, OLAHRAGA DAN PARIWISATA - 2.19.3.26.0.00.02.0000",01KNP4BXYWP266SY4TTD1N2E8X,63936435,2026,E-Katalog 6.0,APBD,ANDI RISNAPATI,E-Purchasing,Barang,Belanja Makanan dan Minuman Aktivitas Lapangan Kegiatan Penyediaan Jasa Pelayanan Umum Kantor,ON PROCESS,1571500,1571500
KAB. WAJO,"DINAS KOMUNIKASI, INFORMATIKA DAN STATISTIK - 2.16.2.20.2.21.02.0000",01KVWDGKR0XNDWVV86J0X9Y8HF,65606990,2026,E-Katalog 6.0,APBD,MUSTI MEDIA CENTER,E-Purchasing,Barang,Belanja Kawat/Faksimili/Internet/TV Berlangganan - Relasi Media ,ON PROCESS,7225000,7225000
KAB. WAJO,RSUD LAMADDUKELLENG - 1.02.0.00.0.00.01.0001,01KS5EDGB5GSCSWWBM1N9G424T,65300982,2026,E-Katalog 6.0,BLUD,PERUSAHAAN PERSEROAN (PERSERO) PT KIMIA FARMA,E-Purchasing,Barang,Belanja Barang dan Jasa BLUD,ON PROCESS,27683433,27683433
KAB. WAJO,DINAS KEPENDUDUKAN DAN PENCATATAN SIPIL - 2.12.0.00.0.00.01.0000,01KPTBXTN3RKAHJ32HGHE4R9VK,66536371,2026,E-Katalog 6.0,APBD,ANDI AKHYAR SULAIMAN,E-Purchasing,Barang,Belanja Alat/Bahan untuk Kegiatan Kantor-Alat Tulis Kantor,ON PROCESS,5500000,5500000
KAB. WAJO,"DINAS KOMUNIKASI, INFORMATIKA DAN STATISTIK - 2.16.2.20.2.21.02.0000",01KJBZZKQZZNH1P2BYQCYEVA69,65606989,2026,E-Katalog 6.0,APBD,BOSOWA MEDIA GRAFIKA,E-Purchasing,Barang,Belanja Langganan Jurnal/Surat Kabar/Majalah - Relasi Media ,ON PROCESS,6660000,6660000
KAB. WAJO,"BADAN PERENCANAAN PEMBANGUNAN, RISET DAN INOVASI DAERAH - 5.01.5.05.0.00.01.0000",01KK5QY66M13T0TNFY6GXF9D8Y,65421262,2026,E-Katalog 6.0,APBD,ANDI AKHYAR SULAIMAN,E-Purchasing,Barang,Belanja Alat/Bahan untuk Kegiatan Kantor- Bahan Cetak,ON PROCESS,115000,115000
KAB. WAJO,RSUD LAMADDUKELLENG - 1.02.0.00.0.00.01.0001,01KH0H8ET3A0GCYD162YQQPZBR,65300982,2026,E-Katalog 6.0,BLUD,JAYAMAS MEDICA INDUSTRI,E-Purchasing,Barang,Belanja Barang dan Jasa BLUD,ON PROCESS,124073567,124073567
KAB. WAJO,PUSKESMAS LIU - 1.02.0.00.0.00.01.0005,01KWDGWZDQ8D6QGNDK6XXPF3MF,66777050,2026,E-Katalog 6.0,APBD,ASTI WAHYUNI,E-Purchasing,Barang,Nasi Kotak pada Sub Kegiatan Pengelolaan Pelayanan Kesehatan Gizi Masyarakat,ON PROCESS,299000,299000
KAB. WAJO,SEKRETARIAT DEWAN PERWAKILAN RAKYAT DAERAH - 4.02.0.00.0.00.01.0000,01KMJ88XT0AVV1KHXW787KYXYP,63928449,2026,E-Katalog 6.0,APBD,ANDI PARENRENGI,E-Purchasing,Barang,Belanja Makanan dan Minuman Rapat Sub Kegiatan Fasiilitasi Rappat Koordiinasi dan Konsultasi DPRD,ON PROCESS,483000,483000
KAB. WAJO,RSUD LAMADDUKELLENG - 1.02.0.00.0.00.01.0001,01KKTQN8EX9AKDAZ8D7GPHHTSA,65300982,2026,E-Katalog 6.0,BLUD,JAYAMAS MEDICA INDUSTRI,E-Purchasing,Barang,Belanja Barang dan Jasa BLUD,ON PROCESS,7277160,7277160
KAB. WAJO,"DINAS PEKERJAAN UMUM, PENATAAN RUANG DAN PERTANAHAN - 1.03.2.10.0.00.01.0000",10813393000,66757702,2026,Non Tender,APBD,MUH. ILHAMSYAH,Pengadaan Langsung,Jasa Konsultansi Perorangan Konstruksi,Drafter (Perencanaan Beton),SELESAI,11100000,11100000
KAB. WAJO,SEKRETARIAT DEWAN PERWAKILAN RAKYAT DAERAH - 4.02.0.00.0.00.01.0000,01KQ9P4ZM243E9P5Z47XK27M09,64722306,2026,E-Katalog 6.0,APBD,MALOMO UTAMA DALLENA,E-Purchasing,Jasa Lainnya,Jasa yang Diberikan kepada Pihak Ketiga/Pihak Lain ( Penyedia Tenaga Outsourcing Pengamanan ),ON PROCESS,38610000,38610000
KAB. WAJO,SEKRETARIAT DEWAN PERWAKILAN RAKYAT DAERAH - 4.02.0.00.0.00.01.0000,01KFX9M45W0PMRRD49DQK5EKXJ,63931773,2026,E-Katalog 6.0,APBD,ANDI SUKMAWATI TABRANI,E-Purchasing,Barang,Belanja Makanan dan Minuman Rapat Pelaksanaan Reses,ON PROCESS,6900000,6900000
KAB. WAJO,BADAN PENGELOLAAN KEUANGAN DAN PENDAPATAN DAERAH - 5.02.0.00.0.00.01.0000,01KPQBH5R0YAQ0VZETRFNKRG4F,63997776,2026,E-Katalog 6.0,APBD,LISDAFIK,E-Purchasing,Barang,Belanja Alat/Bahan untuk Kegiatan Kantor-Alat Tulis Kantor,ON PROCESS,4212000,4212000
KAB. WAJO,PUSKESMAS MANIANGPAJO - 1.02.0.00.0.00.01.0021,01KRATPE34X3KGMMVESC09JCG0,66067847,2026,E-Katalog 6.0,APBD,MASDAWATI,E-Purchasing,Barang,Belanja Barang dan Jasa BLUD,ON PROCESS,1046500,1046500
KAB. WAJO,RSUD LAMADDUKELLENG - 1.02.0.00.0.00.01.0001,01KRD41MMZ6PNRMGK9B61YW1XX,65300982,2026,E-Katalog 6.0,BLUD,NUSANTARA PRIMA MEDICALINDO,E-Purchasing,Barang,Belanja Barang dan Jasa BLUD,ON PROCESS,22477500,0
KAB. WAJO,KECAMATAN TEMPE - 7.01.0.00.0.00.14.0000,01KP3K2AAB9Z5WK2GXD82S0YHE,64713886,2026,E-Katalog 6.0,APBD,A. MUH. ABRAR,E-Purchasing,Barang,Penyediaan Jasa Surat Menyurat,ON PROCESS,3701000,3701000
KAB. WAJO,"SATUAN POLISI PAMONG PRAJA, PEMADAM KEBAKARAN DAN PENYELAMATAN - 1.05.0.00.0.00.01.0000",01KPMWK5QXHEK8VTTSEAWKB3TV,64219424,2026,E-Katalog 6.0,APBD,DARNAWATI,E-Purchasing,Barang,Belanja Makanan dan Minuman Aktivitas Lapangan,ON PROCESS,538000,538000
KAB. WAJO,RSUD LAMADDUKELLENG - 1.02.0.00.0.00.01.0001,01KSEG6AWQ6FHMNG8DWPV5Y9S8,65300982,2026,E-Katalog 6.0,BLUD,BINTANG LIMA MEDIKA,E-Purchasing,Barang,Belanja Barang dan Jasa BLUD,ON PROCESS,5994000,0
KAB. WAJO,"DINAS KOMUNIKASI, INFORMATIKA DAN STATISTIK - 2.16.2.20.2.21.02.0000",01KJEFJM2BRHKMX6BJREY2SC6S,65606990,2026,E-Katalog 6.0,APBD,ELETRONIK NEWS INDONESIA,E-Purchasing,Barang,Belanja Kawat/Faksimili/Internet/TV Berlangganan - Relasi Media ,ON PROCESS,2124984,2124984
KAB. WAJO,SEKRETARIAT DAERAH - 4.01.0.00.0.00.01.0000,01KWEEQV38MQ5VPNA98XQ30V0H,63636068,2026,E-Katalog 6.0,APBD,ANDI ERNA,E-Purchasing,Barang,Belanja Natura dan Pakan-Natura,ON PROCESS,4500000,4500000
KAB. WAJO,KECAMATAN PAMMANA - 7.01.0.00.0.00.07.0000,01KJ08M1F5B4AHK6TBA802W3AM,65752576,2026,E-Katalog 6.0,APBD,RISMA,E-Purchasing,Barang,Belanja Barang Pakai Habis,ON PROCESS,245000,245000
KAB. WAJO,PUSKESMAS SAJOANGING - 1.02.0.00.0.00.01.0012,01KTN9WRNG0N1RMD43VFJV4K62,66203175,2026,E-Katalog 6.0,APBD,SALWA NABILAH IDRIS,E-Purchasing,Barang,Belanja Barang dan Jasa BLUD,ON PROCESS,1345500,1345500
KAB. WAJO,SEKRETARIAT DAERAH - 4.01.0.00.0.00.01.0000,01KRP3RMQEY3K7CNFYQXZEANAF,63636068,2026,E-Katalog 6.0,APBD,ANDI ERNA,E-Purchasing,Barang,Belanja Natura dan Pakan-Natura,ON PROCESS,238500,238500
KAB. WAJO,RSUD SIWA - 1.02.0.00.0.00.01.0002,01KVS8CYGFTPYQD4BTDVZQ86VR,66883851,2026,E-Katalog 6.0,BLUD,ANUGRAH SALMAN MEDIKA,E-Purchasing,Barang,Belanja Barang dan Jasa BLUD,ON PROCESS,2220000,2220000
KAB. WAJO,KECAMATAN TEMPE - 7.01.0.00.0.00.14.0000,01KH0SZJB0KNGZVTNRA3KS8MWM,64713886,2026,E-Katalog 6.0,APBD,ANDI AKHYAR SULAIMAN,E-Purchasing,Barang,Penyediaan Jasa Surat Menyurat,ON PROCESS,1751999,1751999
KAB. WAJO,SEKRETARIAT DAERAH - 4.01.0.00.0.00.01.0000,01KNKBE5G0JQC3Q7H47DK0HV5S,66615725,2026,E-Katalog 6.0,APBD,ANDI ERNA,E-Purchasing,Barang,Belanja Makanan dan Minuman Rapat,ON PROCESS,6000000,6000000
KAB. WAJO,DINAS PERUMAHAN DAN KAWASAN PERMUKIMAN - 1.04.0.00.0.00.01.0000,01KRW6X5TC854JVS9HK40CYT6T,67101697,2026,E-Katalog 6.0,APBD,GUNAWAN TJANDRA,E-Purchasing,Barang,Belanja Modal Peralatan Studio Audio (Sound System) pada Kegiatan Pengadaan Sarana dan Prasarana Gedung Kantor atau Bangunan Lainnya,ON PROCESS,4280000,4280000
KAB. WAJO,"SATUAN POLISI PAMONG PRAJA, PEMADAM KEBAKARAN DAN PENYELAMATAN - 1.05.0.00.0.00.01.0000",01KRWXB4NEDZT5ZMDSA2ABMGJG,67132100,2026,E-Katalog 6.0,APBD,IVA YULIANTI,E-Purchasing,Barang,Belanja Makanan dan Minuman Rapat,ON PROCESS,1200000,1200000
KAB. WAJO,"DINAS KOMUNIKASI, INFORMATIKA DAN STATISTIK - 2.16.2.20.2.21.02.0000",01KJEGZFPXZBAECMFMJS2KEN3V,65606990,2026,E-Katalog 6.0,APBD,LINTAS MEDIA SAKTI,E-Purchasing,Barang,Belanja Kawat/Faksimili/Internet/TV Berlangganan - Relasi Media ,ON PROCESS,2125000,2125000
KAB. WAJO,"DINAS KOMUNIKASI, INFORMATIKA DAN STATISTIK - 2.16.2.20.2.21.02.0000",01KQE0HN8ZFYMVMYT4W7RJ39H2,65606989,2026,E-Katalog 6.0,APBD,MEDIA BAHANA INDONESIA,E-Purchasing,Barang,Belanja Langganan Jurnal/Surat Kabar/Majalah - Relasi Media ,ON PROCESS,10000000,10000000
KAB. WAJO,PUSKESMAS KEERA - 1.02.0.00.0.00.01.0020,01KTK18EA03899VF7FHCZWW2X6,66812850,2026,E-Katalog 6.0,APBD,ROSNAENI,E-Purchasing,Barang,Belanja barang jasa BOK Puskesmas pada sub kegiatan Pengelolaan Pelayanan Kesehatan Ibu Hamil,ON PROCESS,210000,210000
KAB. WAJO,"DINAS PEKERJAAN UMUM, PENATAAN RUANG DAN PERTANAHAN - 1.03.2.10.0.00.01.0000",01KNKHZ10F0SGAZRYQD18WGF3N,66615483,2026,E-Katalog 6.0,APBD,ANDI AKHYAR SULAIMAN,E-Purchasing,Barang,Belanja Alat/Bahan untuk Kegiatan Kantor-Benda Pos ,ON PROCESS,480000,480000
KAB. WAJO,PUSKESMAS SAJOANGING - 1.02.0.00.0.00.01.0012,01KPPZXH882YJGG4QHQX08825E,66620220,2026,E-Katalog 6.0,APBD,SALWA NABILAH IDRIS,E-Purchasing,Barang,Belanja Barang dan jasa BOK Puskesmas pada sub kegiatan Pengelolaan Pelayanan Kesehatan Ibu Hamil,ON PROCESS,358000,358000
KAB. WAJO,SEKRETARIAT DAERAH - 4.01.0.00.0.00.01.0000,01KP5YMB10GSWPN6P69C7RGH47,63636068,2026,E-Katalog 6.0,APBD,ANDI ERNA,E-Purchasing,Barang,Belanja Natura dan Pakan-Natura,ON PROCESS,6000000,6000000
KAB. WAJO,SEKRETARIAT DEWAN PERWAKILAN RAKYAT DAERAH - 4.02.0.00.0.00.01.0000,01KPAJ73HF6CEDJ4HDA5M962SR,63928679,2026,E-Katalog 6.0,APBD,ANDI ROHANA,E-Purchasing,Barang,Belanja Natura dan Pakan-Natura Penyediaan Kebutuhan Rumah Tangga,ON PROCESS,17410184,17410184
KAB. WAJO,RSUD LAMADDUKELLENG - 1.02.0.00.0.00.01.0001,01KH140YT437BYCR80VRTJYQBE,65300982,2026,E-Katalog 6.0,BLUD,DAYA MUDA AGUNG,E-Purchasing,Barang,Belanja Barang dan Jasa BLUD,ON PROCESS,32429760,32429760
KAB. WAJO,RSUD LAMADDUKELLENG - 1.02.0.00.0.00.01.0001,01KVSBS6BYQPGYMXT1VBSA1PKC,65300982,2026,E-Katalog 6.0,BLUD,DARYA-VARIA LABORATORIA,E-Purchasing,Barang,Belanja Barang dan Jasa BLUD,ON PROCESS,62870400,62870400
KAB. WAJO,PUSKESMAS SALEWANGENG - 1.02.0.00.0.00.01.0008,01KTQP45GVD6ZXRAHPQ08GBJHM,66764245,2026,E-Katalog 6.0,APBD,TAMIYA NURUL WULANDA,E-Purchasing,Barang,Belanja Barang dan Jasa BLUD,ON PROCESS,896000,896000
KAB. WAJO,"SATUAN POLISI PAMONG PRAJA, PEMADAM KEBAKARAN DAN PENYELAMATAN - 1.05.0.00.0.00.01.0000",01KJ4HMB85M4S4BJBWZYWBXYNE,64219364,2026,E-Katalog 6.0,APBD,ANDI MAKKULAWU,E-Purchasing,Barang,Belanja Alat/Bahan untuk Kegiatan Kantor-Alat Tulis Kantor,ON PROCESS,2433675,2433675
KAB. WAJO,PUSKESMAS PAMMANA - 1.02.0.00.0.00.01.0009,01KWTSS83JR94MZWW54FEC1TKV,65993330,2026,E-Katalog 6.0,APBD,MUHAMMAD ZULKARNAIN,E-Purchasing,Barang,Belanja Barang dan Jasa BLUD,ON PROCESS,325000,325000
KAB. WAJO,PUSKESMAS TOSORA - 1.02.0.00.0.00.01.0016,01KWVJNZPJ0648TW366CWSJTYC,66114293,2026,E-Katalog 6.0,APBD,ASTI WAHYUNI,E-Purchasing,Barang,Belanja Barang dan Jasa BLUD,ON PROCESS,948600,948600
KAB. WAJO,"BADAN PERENCANAAN PEMBANGUNAN, RISET DAN INOVASI DAERAH - 5.01.5.05.0.00.01.0000",01KW68HFGA26GXMT16FW03HEMC,63893669,2026,E-Katalog 6.0,APBD,TAMIYA NURUL WULANDA,E-Purchasing,Barang,Belanja Makanan dan Minuman Rapat,ON PROCESS,716000,716000
KAB. WAJO,SEKRETARIAT DAERAH - 4.01.0.00.0.00.01.0000,01KTR4HB2PWRF3PM7WS68F7BHH,65287976,2026,E-Katalog 6.0,APBD,MULTI MITRA USAHA,E-Purchasing,Barang,Belanja Sewa Kendaraan Bermotor Khusus,ON PROCESS,134700000,134700000
KAB. WAJO,DINAS PERIKANAN - 3.25.0.00.0.00.01.0000,01KPSGJKFMN1SKH2SD9Y4GB6RT,64498187,2026,E-Katalog 6.0,APBD,FADLIAH MAPPANGANRO,E-Purchasing,Barang,Belanja Alat/Bahan untuk Kegiatan Kantor-Alat Tulis Kantor kegiatan koordinasi dan penyusunan laporan capaian kinerja dan ikhtisar realisasi kinerja SKPD,ON PROCESS,481000,481000
KAB. WAJO,"DINAS PERINDUSTRIAN, PERDAGANGAN, KOPERASI, USAHA KECIL DAN MENENGAH - 2.17.3.30.3.31.01.0000",01KMHXX062AMHPTYVTKD1V7YY5,65975253,2026,E-Katalog 6.0,APBD,AQILAHDAFFA,E-Purchasing,Barang,Belanja Alat/Bahan untuk Kegiatan Kantor-Alat Tulis Kantor pada Sub Kegiatan Pelaksanaan Operasi Pasar Reguler dan Pasar Khusus yang Berdampak dalam 1 (Satu) Kabupaten/Kota,ON PROCESS,3931000,3931000
KAB. WAJO,PUSKESMAS SALOBULO - 1.02.0.00.0.00.01.0013,01KQEZTF220AM6C46Z0YEYS0X0,66080648,2026,E-Katalog 6.0,APBD,ANDI JUNENNI,E-Purchasing,Barang,Belanja Barang dan Jasa BOK Puskesmas pada sub kegiatan Pengelolaan Gizi Masyarakat,ON PROCESS,598000,598000
KAB. WAJO,SEKRETARIAT DAERAH - 4.01.0.00.0.00.01.0000,01KSVRPYAE9QBAJ57NX23DXX28,65287975,2026,E-Katalog 6.0,APBD,TENRI MAWAR,E-Purchasing,Barang,Belanja Sewa Kendaraan Bermotor Angkutan Barang,ON PROCESS,16500000,16500000
KAB. WAJO,SEKRETARIAT DEWAN PERWAKILAN RAKYAT DAERAH - 4.02.0.00.0.00.01.0000,01KWE8B5SFN9VDTXBMXBZQPPYF,63931075,2026,E-Katalog 6.0,APBD,MUSTAFA HI. BANDUNG,E-Purchasing,Barang,Belanja Makanan dan Minuman Rapat Pengawasan Bidang Pemerintahhan dan Hukum,ON PROCESS,3381000,3381000
KAB. WAJO,BADAN KESATUAN BANGSA DAN POLITIK - 8.01.0.00.0.00.01.0000,01KNVCNJK4Z1XBK94ST5512E1M,63264006,2026,E-Katalog 6.0,APBD,ANDI ERNA,E-Purchasing,Barang,Belanja Makanan dan Minuman Rapat,ON PROCESS,747500,747500
KAB. WAJO,DINAS PENANAMAN MODAL DAN PELAYANAN TERPADU SATU PINTU - 2.18.0.00.0.00.01.0000,01KP37C582D4835JC31662E8VH,64987858,2026,E-Katalog 6.0,APBD,ANDI AKHYAR SULAIMAN,E-Purchasing,Barang,Belanja Alat/Bahan untuk Kegiatan Kantor- Bahan Cetak,ON PROCESS,215000,215000
KAB. WAJO,DINAS PEMBERDAYAAN MASYARAKAT DAN DESA - 2.13.0.00.0.00.01.0000,01KP878PPWJ2PMD9DG878B32D0,65633290,2026,E-Katalog 6.0,APBD,"ANDI DILAYANTI, S.E.",E-Purchasing,Barang,Penyediaan Jasa Surat Menyurat,ON PROCESS,1193250,1193250
KAB. WAJO,PUSKESMAS LIU - 1.02.0.00.0.00.01.0005,01KVAFBH2C4ZQABB0TM81B5471,66778417,2026,E-Katalog 6.0,APBD,ASTI WAHYUNI,E-Purchasing,Barang,Belanja Barang dan Jasa BOK Puskesmas pada Sub Kegiatan Pengelolaan Pelayanan Kesehatan Ibu Hamil,ON PROCESS,232700,232700
KAB. WAJO,DINAS PERIKANAN - 3.25.0.00.0.00.01.0000,01KPACZB4SD56FSPY4CTBXXBNM,64497998,2026,E-Katalog 6.0,APBD,ANANCI,E-Purchasing,Barang,Belanja Alat/Bahan untuk Kegiatan Kantor-Alat Tulis Kantor kegiatan Penyediaan Jasa Surat Menyurat,ON PROCESS,2353270,2353270
KAB. WAJO,PUSKESMAS TAKKALALLA - 1.02.0.00.0.00.01.0011,01KNNDNEF6MFC1TKD8CHTNR5SX,66025540,2026,E-Katalog 6.0,APBD,SITTI AISYAH,E-Purchasing,Barang,Belanja Barang dan Jasa BOK Puskesmas Sub Kegiatan Pengelolaan Pelayanan Kesehatan Ibu Hamil,ON PROCESS,180000,180000
KAB. WAJO,PUSKESMAS LIU - 1.02.0.00.0.00.01.0005,01KVQ2JH9NWT1MBSEJQF9JV325,66776961,2026,E-Katalog 6.0,APBD,ASTI WAHYUNI,E-Purchasing,Barang,Belanja Barang dan Jasa BLUD,ON PROCESS,1196000,1196000
KAB. WAJO,KECAMATAN SAJOANGING - 7.01.0.00.0.00.11.0000,01KQS9JDF6XVCB5F5NR2S5GS26,65380303,2026,E-Katalog 6.0,APBD,ANDI AKHYAR SULAIMAN,E-Purchasing,Barang,Pelaksanaan Urusan Pemerintahan yang Terkait dengan Pelayanan Perizinan Non Usaha,ON PROCESS,222000,222000
KAB. WAJO,RSUD SIWA - 1.02.0.00.0.00.01.0002,01KPMT54NSVEZSQ7BB9T7DEDJR,66883851,2026,E-Katalog 6.0,BLUD,BERNOFARM,E-Purchasing,Barang,Belanja Barang dan Jasa BLUD,ON PROCESS,754412,754412
KAB. WAJO,DINAS KESEHATAN - 1.02.0.00.0.00.01.0000,01KSEVD4B3AB354JF9QHRQ1QT8,66791080,2026,E-Katalog 6.0,APBD,FEBY RUDISRA,E-Purchasing,Barang,Belanja Alat/Bahan untuk Kegiatan Kantor-Alat Tulis Kantor pada sub kegiatan Pengambilan dan Pengiriman Spesimen Penyakit Potensial KLB ke Laboratorium Rujukan/Nasional,ON PROCESS,1377571,1377571
KAB. WAJO,DINAS KESEHATAN - 1.02.0.00.0.00.01.0000,01KNT7383EH4Z7CAJBFTCKEZV9,66768523,2026,E-Katalog 6.0,APBD,ARSYAD M,E-Purchasing,Barang,Belanja Alat/Bahan untuk Kegiatan Kantor- Bahan Cetak pada sub kegiatan Koordinasi dan Penyusunan Dokumen RKA-SKPD,ON PROCESS,2399998,2399998
KAB. WAJO,KECAMATAN TEMPE - 7.01.0.00.0.00.14.0000,01KS1HBSK4CHH8ZD9MTWG8CRJR,64726058,2026,E-Katalog 6.0,APBD,ANANCI,E-Purchasing,Barang,Belanja Alat/Bahan untuk Kegiatan Kantor-Perabot Kantor,ON PROCESS,2948160,2948160
KAB. WAJO,"SATUAN POLISI PAMONG PRAJA, PEMADAM KEBAKARAN DAN PENYELAMATAN - 1.05.0.00.0.00.01.0000",01KH2E88EE2JE6KC2YVWPG2JXE,64064061,2026,E-Katalog 6.0,APBD,DARNAWATI,E-Purchasing,Barang,Belanja Makanan dan Minuman Aktivitas Lapangan,ON PROCESS,403500,403500
KAB. WAJO,BADAN PENGELOLAAN KEUANGAN DAN PENDAPATAN DAERAH - 5.02.0.00.0.00.01.0000,01KS4TFHCYJJRHN4W116M6HZDZ,64000029,2026,E-Katalog 6.0,APBD,ANDI BISMAWATI,E-Purchasing,Barang,Belanja Alat/Bahan untuk Kegiatan Kantor- Bahan Cetak,ON PROCESS,49625000,49625000
KAB. WAJO,SEKRETARIAT DAERAH - 4.01.0.00.0.00.01.0000,01KNJPAZDC4STPRGPY48W3EM7T,63637426,2026,E-Katalog 6.0,APBD,MITRA SERMANI HOTEL,E-Purchasing,Barang,Belanja Sewa Hotel,ON PROCESS,4800000,4800000
KAB. WAJO,PUSKESMAS SOLO - 1.02.0.00.0.00.01.0010,01KWE4NERC6TK9JHZRKM72ATAT,66313733,2026,E-Katalog 6.0,APBD,NURFAIDAH,E-Purchasing,Barang,Belanja Barang dan Jasa BLUD,ON PROCESS,1495000,1495000
KAB. WAJO,SEKRETARIAT DEWAN PERWAKILAN RAKYAT DAERAH - 4.02.0.00.0.00.01.0000,01KFQE8D749JDG4SJRT4X3YX71,63931767,2026,E-Katalog 6.0,APBD,MULTI SARANA SOLUTION,E-Purchasing,Barang,Belanja Sewa Alat Bantu Lainnya Pelaksanaan Reses,ON PROCESS,750000,750000
KAB. WAJO,DINAS PERUMAHAN DAN KAWASAN PERMUKIMAN - 1.04.0.00.0.00.01.0000,10917520000,67202022;67202079;67202141;67202168;67202282;67202334;67202446,2026,Non Tender,APBD,ARREZKY CONSULTAN,Pengadaan Langsung,Jasa Konsultansi Badan Usaha Konstruksi,"Belanja Perencanaan Pembangunan Rabat Beton Jalan Andi Oddang Peneki Kec. Takkallalla,Belanja Perencanaan Pembangunan Rabat Beton Jalan H.Tekka Lingk.Menge Kel. Belawa Kec. Belawa,Belanja Perencanaan Pembangunan Rabat Beton Jalan Olahraga Lingkungan tengnga Kel. Paria Kec. Majauleng,Belanja Perencanaan Pembangunan Rabat Beton Jalan Kampung Baru lingkungan Ballere Kec. Keera,Belanja Perencanaan Pembangunan Rabat Beton Jalan Pelabuhan Doping Kel. Penrang,Belanja Perencanaan Pembangunan Rabat Beton Lingkungan Baru Biccu Kel. Baru Tancung,Belanja Perencanaan Pembangunan Rabat Beton Lingkungan Bontouse Kel. Pincengpute",SELESAI,62500000,62500000
KAB. WAJO,DINAS PENDIDIKAN DAN KEBUDAYAAN - 1.01.2.22.0.00.02.0000,01KQV80WEK8TCVKKKQVWW2Q2XG,63030058,2026,E-Katalog 6.0,APBD,AQILAHDAFFA,E-Purchasing,Barang,Belanja Alat/Bahan untuk Kegiatan Kantor- Bahan Cetak,ON PROCESS,936000,936000
KAB. WAJO,SEKRETARIAT DEWAN PERWAKILAN RAKYAT DAERAH - 4.02.0.00.0.00.01.0000,01KFWQCCVHAKHG1QTTSDM36ZS9,63931773,2026,E-Katalog 6.0,APBD,SURIANI,E-Purchasing,Barang,Belanja Makanan dan Minuman Rapat Pelaksanaan Reses,ON PROCESS,6900000,6900000
KAB. WAJO,"DINAS KOMUNIKASI, INFORMATIKA DAN STATISTIK - 2.16.2.20.2.21.02.0000",01KJ9SG9TCFRMPAX3EVF3ZZVP4,65606989,2026,E-Katalog 6.0,APBD,RAKYAT SULSEL BIRO WAJO,E-Purchasing,Barang,Belanja Langganan Jurnal/Surat Kabar/Majalah - Relasi Media ,ON PROCESS,20000000,20000000
KAB. WAJO,PUSKESMAS PAMMANA - 1.02.0.00.0.00.01.0009,01KVSYFE7PWYBM4CC91W9V3FQ8,65993330,2026,E-Katalog 6.0,APBD,MUHAMMAD ZULKARNAIN,E-Purchasing,Barang,Belanja Barang dan Jasa BLUD,ON PROCESS,1734200,1734200
KAB. WAJO,RSUD LAMADDUKELLENG - 1.02.0.00.0.00.01.0001,01KQ6NTART64YRFGX62K2D3PGT,65300982,2026,E-Katalog 6.0,BLUD,PRATAPA NIRMALA,E-Purchasing,Barang,Belanja Barang dan Jasa BLUD,ON PROCESS,9590400,9590400
KAB. WAJO,KECAMATAN PAMMANA - 7.01.0.00.0.00.07.0000,01KPQCT3530HVTRXMFFPH4J5Q0,65756173,2026,E-Katalog 6.0,APBD,RISMA,E-Purchasing,Barang,Belanja Alat/Bahan untuk Kegiatan Kantor - Alat Tulis Kantor,ON PROCESS,1139000,1139000
KAB. WAJO,RSUD LAMADDUKELLENG - 1.02.0.00.0.00.01.0001,01KMZE7PE0F5QQMC0CNYY1NZCN,65300982,2026,E-Katalog 6.0,BLUD,NUSANTARA PRIMA MEDICALINDO,E-Purchasing,Barang,Belanja Barang dan Jasa BLUD,ON PROCESS,15873000,15873000
KAB. WAJO,"DINAS KOMUNIKASI, INFORMATIKA DAN STATISTIK - 2.16.2.20.2.21.02.0000",01KWGVFEVAF0EGA00Z84YNK6VN,66801834,2026,E-Katalog 6.0,APBD,ANDI NIRWANA,E-Purchasing,Barang,Belanja Makanan dan Minuman Rapat - Pengelolaan Kegiatan Statistik Sektoral Dalam Sistem Statistik Nasional,ON PROCESS,1587000,1587000
KAB. WAJO,DINAS LINGKUNGAN HIDUP - 2.11.0.00.0.00.01.0000,01KHT70E5WHDWFENQ7HR9J3X6G,64572285,2026,E-Katalog 6.0,APBD,AQILAHDAFFA,E-Purchasing,Barang,Belanja Laptop,ON PROCESS,23421000,23421000
KAB. WAJO,PUSKESMAS TANASITOLO - 1.02.0.00.0.00.01.0017,01KP5Z92KRZ07M9RSST4WMBFKT,66697929,2026,E-Katalog 6.0,APBD,ARSYAD M,E-Purchasing,Barang,Belanja Barang dan Jasa BLUD,ON PROCESS,4153949,4153949
KAB. WAJO,SEKRETARIAT DEWAN PERWAKILAN RAKYAT DAERAH - 4.02.0.00.0.00.01.0000,01KFQBSNA6J5Z8ZY4PP9XYH5KX,63931773,2026,E-Katalog 6.0,APBD,SURIANI,E-Purchasing,Barang,Belanja Makanan dan Minuman Rapat Pelaksanaan Reses,ON PROCESS,6900000,6900000
KAB. WAJO,DINAS KESEHATAN - 1.02.0.00.0.00.01.0000,01KNH05RJ017D4E25SSSY31BEY,66767911,2026,E-Katalog 6.0,APBD,ANDI ERWIN,E-Purchasing,Barang,Belanja Alat/Bahan untuk Kegiatan Kantor- Suvenir/Cendera Mata pada sub kegiatan Penyediaan Barang Cetakan dan Penggandaan,ON PROCESS,350000,350000
KAB. WAJO,SEKRETARIAT DAERAH - 4.01.0.00.0.00.01.0000,01KTB7J003G4FRKHAED04D7B7V,65287976,2026,E-Katalog 6.0,APBD,MULTI MITRA USAHA,E-Purchasing,Barang,Belanja Sewa Kendaraan Bermotor Khusus,ON PROCESS,145925000,145925000
KAB. WAJO,DINAS KESEHATAN - 1.02.0.00.0.00.01.0000,01KSHR221P2CY3TF34X4N3WPTQ,66791058,2026,E-Katalog 6.0,APBD,ARSYAD M,E-Purchasing,Barang,Belanja Alat/Bahan untuk Kegiatan Kantor- Bahan Cetak pada sub kegiatan Pengelolaan Pelayanan Kesehatan pada Usia Produktif,ON PROCESS,190499,190499
KAB. WAJO,DINAS KEPENDUDUKAN DAN PENCATATAN SIPIL - 2.12.0.00.0.00.01.0000,01KR33X93PY3VD6579FX8KEGXH,66535960,2026,E-Katalog 6.0,APBD,A. MUH. ABRAR,E-Purchasing,Barang,Belanja Alat/Bahan untuk Kegiatan Kantor-Alat Tulis Kantor,ON PROCESS,2697500,2697500
KAB. WAJO,PUSKESMAS SABBANGPARU - 1.02.0.00.0.00.01.0003,01KMPMM2N655NKVJC86PPGP1FH,66481720,2026,E-Katalog 6.0,APBD,ASTI WAHYUNI,E-Purchasing,Barang,Belanja Barang dan Jasa BLUD,ON PROCESS,2868000,2868000
KAB. WAJO,PUSKESMAS WEWANGREWU - 1.02.0.00.0.00.01.0018,01KVFBGZ5NSEG4A19YPZ6EWFGK,66766433,2026,E-Katalog 6.0,APBD,MUHAMMAD RESKY,E-Purchasing,Barang,"Belanja Barang dan Jasa BOK Puskesmas pada sub kegiatan Peningkatan Upaya Promosi Kesehatan, Advokasi, Kemitraan dan Pemberdayaan Masyarakat",ON PROCESS,418600,418600
KAB. WAJO,BADAN PENGELOLAAN KEUANGAN DAN PENDAPATAN DAERAH - 5.02.0.00.0.00.01.0000,01KNR0WYND5WPAMHAPRSPC9VWN,63464855,2026,E-Katalog 6.0,APBD,ASTI WAHYUNI,E-Purchasing,Barang,Belanja Makanan dan Minuman Rapat,ON PROCESS,634800,634800
KAB. WAJO,DINAS KESEHATAN - 1.02.0.00.0.00.01.0000,01KT8WKHVCV3TMPM8PET75QKXA,66827275,2026,E-Katalog 6.0,APBD,ASTI WAHYUNI,E-Purchasing,Barang,Belanja Makanan dan Minuman Rapat pada sub kegiatan Pemeriksaan Post Market pada Produk Makanan-Minuman Industri Rumah Tangga yang Beredar dan Pengawasan serta Tindak Lanjut Pengawasan,ON PROCESS,1217200,1217200
KAB. WAJO,PUSKESMAS SOLO - 1.02.0.00.0.00.01.0010,01KQS36J6PBQTMRG8CRVMC06HY,66313733,2026,E-Katalog 6.0,APBD,BUMI MEDIKA INDONESIA,E-Purchasing,Barang,Belanja Barang dan Jasa BLUD,ON PROCESS,8935500,8935500
KAB. WAJO,PUSKESMAS PATTIROSOMPE - 1.02.0.00.0.00.01.0007,01KQCEMENXSB7YRVSJMMWN3HQS,66714536,2026,E-Katalog 6.0,APBD,ANDI AZIS ASHAR,E-Purchasing,Barang,Belanja Modal Peralatan dan Mesin BLUD,ON PROCESS,717000,717000
KAB. WAJO,PUSKESMAS MANIANGPAJO - 1.02.0.00.0.00.01.0021,01KK14H0FFGV7QPTD1AW9FEMS8,66067847,2026,E-Katalog 6.0,APBD,MASDAWATI,E-Purchasing,Barang,Belanja Barang dan Jasa BLUD,ON PROCESS,1644500,1644500
KAB. WAJO,DINAS LINGKUNGAN HIDUP - 2.11.0.00.0.00.01.0000,01KVAEM6VAJAMH8VPJX16ENFDE,64578019,2026,E-Katalog 6.0,APBD,TAMIYA NURUL WULANDA,E-Purchasing,Barang,Belanja Makan Minum Rapat,ON PROCESS,1973400,1973400
KAB. WAJO,RSUD SIWA - 1.02.0.00.0.00.01.0002,01KP9MNKG1PS808QTZNRVJEVCJ,66883851,2026,E-Katalog 6.0,BLUD,MEDEQ MANDIRI UTAMA,E-Purchasing,Barang,Belanja Barang dan Jasa BLUD,ON PROCESS,2862912,2862912
KAB. WAJO,PUSKESMAS TAKKALALLA - 1.02.0.00.0.00.01.0011,01KN6DA1PN7CFD0GNGW006YAS5,66026188,2026,E-Katalog 6.0,APBD,SITTI AISYAH,E-Purchasing,Barang,Belanja Barang dan Jasa BOK Puskesmas Sub Keg Pengelolaan Pelayanan Kesehatan Gizi Masyarakat,ON PROCESS,299000,299000
KAB. WAJO,KECAMATAN SAJOANGING - 7.01.0.00.0.00.11.0000,01KHNCM62KK7TBAEHN189FBAXK,65378658,2026,E-Katalog 6.0,APBD,ANDI AKHYAR SULAIMAN,E-Purchasing,Barang,Belanja Alat/Bahan untuk Kegiatan Kantor-Alat Tulis Kantor,ON PROCESS,504550,504550
KAB. WAJO,"DINAS PEKERJAAN UMUM, PENATAAN RUANG DAN PERTANAHAN - 1.03.2.10.0.00.01.0000",01KNKHS7S0CQ0J4K8G0QXM9GFC,66615365,2026,E-Katalog 6.0,APBD,ANDI AKHYAR SULAIMAN,E-Purchasing,Barang,Belanja Alat/Bahan untuk Kegiatan Kantor-Alat Tulis Kantor,ON PROCESS,3962002,3962002
KAB. WAJO,PUSKESMAS LEMPA - 1.02.0.00.0.00.01.0004,01KPQAYZ8CVYKR0FXYRFWZWXKE,66579247,2026,E-Katalog 6.0,APBD,"ANDI DILAYANTI, S.E.",E-Purchasing,Barang,Belanja Barang dan Jasa BLUD,ON PROCESS,1753245,1753245
KAB. WAJO,"DINAS PEMUDA, OLAHRAGA DAN PARIWISATA - 2.19.3.26.0.00.02.0000",01KTKJPMVZQJKPFB7RHJ9CCMGV,66586319,2026,E-Katalog 6.0,APBD,ANDI AKHYAR SULAIMAN,E-Purchasing,Barang,Administrasi Lanjutan Rehabilitasi Kawasan Wisata Bangsalae,ON PROCESS,1983497,1983497
KAB. WAJO,RSUD LAMADDUKELLENG - 1.02.0.00.0.00.01.0001,01KR2W280ZJXYC42EGCNYBAPFZ,65300982,2026,E-Katalog 6.0,BLUD,AMAROX PHARMA GLOBAL,E-Purchasing,Barang,Belanja Barang dan Jasa BLUD,ON PROCESS,8991000,8991000
KAB. WAJO,"DINAS KOMUNIKASI, INFORMATIKA DAN STATISTIK - 2.16.2.20.2.21.02.0000",01KJETYV4BDKH0TM0TXMSXE5PR,65718399,2026,E-Katalog 6.0,APBD,WIDYASTUTI,E-Purchasing,Jasa Lainnya,Belanja Jasa Tenaga Ahli - Penyusunan Konten,ON PROCESS,4000000,4000000
KAB. WAJO,BADAN KEPEGAWAIAN DAN PENGEMBANGAN SUMBER DAYA MANUSIA - 5.03.5.04.0.00.01.0000,01KJC1FB6T0K0SSVQ8T3V7KHVT,65959115,2026,E-Katalog 6.0,APBD,PINTU DATA INDONESIA,E-Purchasing,Barang," Belanja Modal Peralatan Jaringan Pada Kegiatan Pengadaan Sarana dan Prasarana Gedung Kantor atau Bangunan Lainnya",ON PROCESS,199911000,199911000
KAB. WAJO,BADAN KESATUAN BANGSA DAN POLITIK - 8.01.0.00.0.00.01.0000,01KPT2RW8JNT8C9SNE179HPWPZ,63062268,2026,E-Katalog 6.0,APBD,ANDI ERNA,E-Purchasing,Barang,Belanja Makanan dan Minuman Rapat,ON PROCESS,5356800,5356800
KAB. WAJO,DINAS PERUMAHAN DAN KAWASAN PERMUKIMAN - 1.04.0.00.0.00.01.0000,01KT8K0PVNSXH4HWK58EN4YX2V,67220004,2026,E-Katalog 6.0,APBD,ANDI AKHYAR SULAIMAN,E-Purchasing,Barang,Belanja Alat Tulis Kantor pada Kegiatan Koordinasi dan Penyusunan Laporan Keuangan Akhir Tahun SKPD,ON PROCESS,762500,762500
KAB. WAJO,DINAS PENANAMAN MODAL DAN PELAYANAN TERPADU SATU PINTU - 2.18.0.00.0.00.01.0000,01KNVE6K4KPBHQJ55RBHHX4AJN,65003672,2026,E-Katalog 6.0,APBD,ANDI AKHYAR SULAIMAN,E-Purchasing,Barang,Belanja Alat/Bahan untuk Kegiatan Kantor-Alat Tulis Kantor,ON PROCESS,6217800,6217800
KAB. WAJO,SEKRETARIAT DEWAN PERWAKILAN RAKYAT DAERAH - 4.02.0.00.0.00.01.0000,01KPTC59E399CSYFBVAQAJWG4S,63931771,2026,E-Katalog 6.0,APBD,ANDI AKHYAR SULAIMAN,E-Purchasing,Barang,Belanja Alat/Bahan untuk Kegiatan Kantor- Bahan Cetak Pelaksanaan Reses,ON PROCESS,1558000,1558000
KAB. WAJO,PUSKESMAS PENRANG - 1.02.0.00.0.00.01.0014,01KWBGH3VQBEJWWDZG4PK1VD7E,66069389,2026,E-Katalog 6.0,APBD,ANDI JUNENNI,E-Purchasing,Barang,Belanja Barang dan Jasa BLUD,ON PROCESS,478000,478000
KAB. WAJO,SEKRETARIAT DAERAH - 4.01.0.00.0.00.01.0000,01KHK2K8PKYW59FK6R9EC8F3V9,63636744,2026,E-Katalog 6.0,APBD,KARTINI TAHIR,E-Purchasing,Barang,Belanja Natura dan Pakan-Natura,ON PROCESS,95400,95400
KAB. WAJO,DINAS LINGKUNGAN HIDUP - 2.11.0.00.0.00.01.0000,01KPQJ67CCJY9W35KNEJ6XEKYG,66923222,2026,E-Katalog 6.0,APBD,AQILAHDAFFA,E-Purchasing,Barang,Belanja Makanan dan Minuman Rapat ,ON PROCESS,2988000,2988000
KAB. WAJO,PUSKESMAS SALOBULO - 1.02.0.00.0.00.01.0013,01KQBSESNW7PVS0S9MDZH9KWMJ,66083230,2026,E-Katalog 6.0,APBD,BUMI MEDIKA INDONESIA,E-Purchasing,Barang,Belanja Barang dan Jasa BLUD,ON PROCESS,6280535,6280535
KAB. WAJO,PUSKESMAS TEMPE - 1.02.0.00.0.00.01.0006,01KRDH0PQCBQJYB86PHSM0FQPM,66750958,2026,E-Katalog 6.0,APBD,MUHAMMAD ZULKARNAIN,E-Purchasing,Barang,Belanja Barang dan Jasa BOK Puskesmas pada Sub Kegiatan Pengelolaan Pelayanan Kesehatan Ibu Hamil,ON PROCESS,250600,250600
KAB. WAJO,PUSKESMAS GILIRENG - 1.02.0.00.0.00.01.0019,01KRDNQZF302K74N6ATCH9DJMB,66073569,2026,E-Katalog 6.0,APBD,GEDDONG,E-Purchasing,Barang,Belanja Barang dan Jasa BOK Puskesmas pada Sub Kegiatan Pengelolaan Pelayanan Kesehatan Ibu Hamil,ON PROCESS,268500,268500
KAB. WAJO,BADAN PENANGGGULANGAN BENCANA DAERAH - 1.05.0.00.0.00.04.0000,01KQE3BH3MR3Y7G73FEB716JXN,66837384,2026,E-Katalog 6.0,APBD,A. MUH. ABRAR,E-Purchasing,Barang,Belanja Alat/Bahan untuk Kegiatan Kantor-Alat Tulis Kantor,ON PROCESS,23612400,23612400
KAB. WAJO,"DINAS KOMUNIKASI, INFORMATIKA DAN STATISTIK - 2.16.2.20.2.21.02.0000",01KVEX7XCVGW0CNQRNCZ5MAEHQ,65606990,2026,E-Katalog 6.0,APBD,MEDIA DAULAT RAKYAT,E-Purchasing,Barang,Belanja Kawat/Faksimili/Internet/TV Berlangganan - Relasi Media ,ON PROCESS,4899917,4899917
KAB. WAJO,PUSKESMAS TANASITOLO - 1.02.0.00.0.00.01.0017,01KRAP00CDJFBHBP18400NHQV0,66682556,2026,E-Katalog 6.0,APBD,MUHAMMAD ZULKARNAIN,E-Purchasing,Barang,Belanja Barang dan Jasa  BOK Puskesmas Pada Sub Kegiatan Pengelolaan Pelayanan Kesehatan Ibu Hamil,ON PROCESS,300000,300000
KAB. WAJO,SEKRETARIAT DEWAN PERWAKILAN RAKYAT DAERAH - 4.02.0.00.0.00.01.0000,01KQ7FB76RANX7HJEY3BN4YMGS,63930791,2026,E-Katalog 6.0,APBD,MUSTAFA HI. BANDUNG,E-Purchasing,Barang,Belanja Makanan dan Minuman Rapat_Pembahasan_LKPJ,ON PROCESS,381600,381600
KAB. WAJO,SEKRETARIAT DEWAN PERWAKILAN RAKYAT DAERAH - 4.02.0.00.0.00.01.0000,01KRAY96E0XXXT6QN1VSDZK2Q9,63928677,2026,E-Katalog 6.0,APBD,GUNAWAN TJANDRA,E-Purchasing,Jasa Lainnya,Belanja Pemeliharaan Alat Kantor dan Rumah Tangga-Alat Rumah Tangga-Alat Pendingin Penyediaan Kebutuhan Rumah Tangga,ON PROCESS,4910000,4910000
KAB. WAJO,KECAMATAN SAJOANGING - 7.01.0.00.0.00.11.0000,01KS7D7N8DB17ZN5ZSK606TTW4,65380767,2026,E-Katalog 6.0,APBD,ANDI AKHYAR SULAIMAN,E-Purchasing,Barang,Penyediaan Barang Cetakan dan Penggandaan,ON PROCESS,400000,400000
KAB. WAJO,SEKRETARIAT DEWAN PERWAKILAN RAKYAT DAERAH - 4.02.0.00.0.00.01.0000,01KFQF4YJK3H6KFQ522PNW9FZ6,63931767,2026,E-Katalog 6.0,APBD,MULTI SARANA SOLUTION,E-Purchasing,Barang,Belanja Sewa Alat Bantu Lainnya Pelaksanaan Reses,ON PROCESS,750000,750000
KAB. WAJO,PUSKESMAS LIU - 1.02.0.00.0.00.01.0005,01KP2678GYD2HZ2P4BGXJWHHVQ,66778417,2026,E-Katalog 6.0,APBD,ASTI WAHYUNI,E-Purchasing,Barang,Belanja Barang dan Jasa BOK Puskesmas pada Sub Kegiatan Pengelolaan Pelayanan Kesehatan Ibu Hamil,ON PROCESS,196900,196900
KAB. WAJO,RSUD SIWA - 1.02.0.00.0.00.01.0002,01KQ6NX7BCZ0GD3D1VS6F6JBQ9,66883851,2026,E-Katalog 6.0,BLUD,ASA ATMA HARSA,E-Purchasing,Barang,Belanja Barang dan Jasa BLUD,ON PROCESS,6304889,0
KAB. WAJO,"SATUAN POLISI PAMONG PRAJA, PEMADAM KEBAKARAN DAN PENYELAMATAN - 1.05.0.00.0.00.01.0000",01KNH89EDXEN656B29BJP8KX5W,64064061,2026,E-Katalog 6.0,APBD,MEGAWATI,E-Purchasing,Barang,Belanja Makanan dan Minuman Aktivitas Lapangan,ON PROCESS,860800,860800
KAB. WAJO,DINAS LINGKUNGAN HIDUP - 2.11.0.00.0.00.01.0000,01KMQ56MH6N5JQAWNNWK06Q9H4,66315622,2026,E-Katalog 6.0,APBD,AQILAHDAFFA,E-Purchasing,Barang,Belanja Makan Minum Rapat,ON PROCESS,1770000,1770000
KAB. WAJO,SEKRETARIAT DEWAN PERWAKILAN RAKYAT DAERAH - 4.02.0.00.0.00.01.0000,01KTNTZKT6CPT9Q0CYRJ03NSZB,63932421,2026,E-Katalog 6.0,APBD,FITRI RAHMADHANI,E-Purchasing,Barang,Belanja Makanan dan Minuman Rapat_Pembahasan_RANPERDA,ON PROCESS,1610000,1610000
KAB. WAJO,PUSKESMAS GILIRENG - 1.02.0.00.0.00.01.0019,01KRGCG8MMF61E2K6ES9FPBJ12,66077267,2026,E-Katalog 6.0,APBD,GEDDONG,E-Purchasing,Barang,Belanja Barang dan Jasa BOK Puskesmas pada Sub Kegiatan Pengelolaan Pelayanan Kesehatan Gizi Masyarakat,ON PROCESS,897000,897000
KAB. WAJO,PUSKESMAS GILIRENG - 1.02.0.00.0.00.01.0019,01KQRRJJMV58KCAPNWV0KS23ES,66073569,2026,E-Katalog 6.0,APBD,GEDDONG,E-Purchasing,Barang,Belanja Barang dan Jasa BOK Puskesmas pada Sub Kegiatan Pengelolaan Pelayanan Kesehatan Ibu Hamil,ON PROCESS,268500,268500
KAB. WAJO,RSUD SIWA - 1.02.0.00.0.00.01.0002,01KQ7279WPGJH70EAK456D6BAZ,66877437,2026,E-Katalog 6.0,BLUD,NUSANTARA MEDIA COMPUTINDO,E-Purchasing,Barang,Belanja Modal Peralatan dan Mesin BLUD,ON PROCESS,57247695,57247695
KAB. WAJO,"SATUAN POLISI PAMONG PRAJA, PEMADAM KEBAKARAN DAN PENYELAMATAN - 1.05.0.00.0.00.01.0000",01KRB5FHYEWH8VK8S9K9F69SV5,66916167,2026,E-Katalog 6.0,APBD,ABDUL MUIS,E-Purchasing,Barang,Belanja Makanan dan Minuman Aktivitas Lapangan,ON PROCESS,4304000,4304000
KAB. WAJO,DINAS PENDIDIKAN DAN KEBUDAYAAN - 1.01.2.22.0.00.02.0000,01KPFW9G7YKBRX4K905ZY5TA9K,63029090,2026,E-Katalog 6.0,APBD,AQILAHDAFFA,E-Purchasing,Barang,Belanja Alat/Bahan untuk Kegiatan Kantor- Bahan Cetak,ON PROCESS,240000,240000
KAB. WAJO,"SATUAN POLISI PAMONG PRAJA, PEMADAM KEBAKARAN DAN PENYELAMATAN - 1.05.0.00.0.00.01.0000",01KP2T372NFJNQRJ2RW1Y36SMV,64064365,2026,E-Katalog 6.0,APBD,ANDI MAKKULAWU,E-Purchasing,Barang,Belanja Alat/Bahan untuk Kegiatan Kantor-Alat Tulis Kantor,ON PROCESS,1159506,1159506
KAB. WAJO,PUSKESMAS BELAWA - 1.02.0.00.0.00.01.0025,01KQYR7HQTC23ZEJTRX0EX5XFB,66598483,2026,E-Katalog 6.0,APBD,ST.AJIRAH,E-Purchasing,Barang,Belanja Barang dan Jasa BLUD,ON PROCESS,358800,358800
KAB. WAJO,PUSKESMAS MANIANGPAJO - 1.02.0.00.0.00.01.0021,01KNGMH8J22SE2XQZS8QJSY6QY,66071513,2026,E-Katalog 6.0,APBD,MASDAWATI,E-Purchasing,Barang,Belanja Barang dan Jasa BOK Puskesmas Pada Sub Kegiatan Pengelolaan Pelayanan Kesehatan Ibu Hamil,ON PROCESS,150000,150000
KAB. WAJO,PUSKESMAS MAJAULENG - 1.02.0.00.0.00.01.0015,01KVYTHRMTCMG0GTZCZXVH1SQW,66228683,2026,E-Katalog 6.0,APBD,REZKY JAYA ABADI,E-Purchasing,Barang,Belanaj barang dan jasa BOK puskesmas pada sub kegiatan Pengelolaan Pelayanan Kesehatan Gizi Masyarakat,ON PROCESS,1147200,1147200
KAB. WAJO,"SATUAN POLISI PAMONG PRAJA, PEMADAM KEBAKARAN DAN PENYELAMATAN - 1.05.0.00.0.00.01.0000",01KQSGSS9B6RMJKW4ZQ4WQZYJ1,66916167,2026,E-Katalog 6.0,APBD,ABDUL MUIS,E-Purchasing,Barang,Belanja Makanan dan Minuman Aktivitas Lapangan,ON PROCESS,4465400,4465400
KAB. WAJO,"DINAS KOMUNIKASI, INFORMATIKA DAN STATISTIK - 2.16.2.20.2.21.02.0000",01KJET6NG1S0M6CF7WGJPTAWH8,65606990,2026,E-Katalog 6.0,APBD,MEDIA NUSANTARA CREASI,E-Purchasing,Barang,Belanja Kawat/Faksimili/Internet/TV Berlangganan - Relasi Media ,ON PROCESS,3746250,3746250
KAB. WAJO,SEKRETARIAT DAERAH - 4.01.0.00.0.00.01.0000,01KNHASE6XXYD7CD6MZ5GATKV6,66615725,2026,E-Katalog 6.0,APBD,ANDI ERNA,E-Purchasing,Barang,Belanja Makanan dan Minuman Rapat,ON PROCESS,1595000,1595000
KAB. WAJO,"DINAS SOSIAL, PENGENDALIAN PENDUDUK, KELUARGA BERENCANA, PEMBERDAYAAN PEREMPUAN DAN PERLINDUNGAN ANAK - 1.06.2.08.2.14.06.0000",01KTX5A0AX7CKHQF35C0269AF9,67025182,2026,E-Katalog 6.0,APBD,ANDI ERNA,E-Purchasing,Barang,Belanja Makanan dan Minuman Rapat,ON PROCESS,1195000,1195000
KAB. WAJO,"DINAS KOMUNIKASI, INFORMATIKA DAN STATISTIK - 2.16.2.20.2.21.02.0000",01KVWGSRZV3J1N1ZPVHDZAPFZY,65606990,2026,E-Katalog 6.0,APBD,OKE INDONESIA GROUP,E-Purchasing,Barang,Belanja Kawat/Faksimili/Internet/TV Berlangganan - Relasi Media ,ON PROCESS,6993000,6993000
KAB. WAJO,KECAMATAN PENRANG - 7.01.0.00.0.00.08.0000,01KQ70MW4Y91RZQFV5003FJ56N,66126553,2026,E-Katalog 6.0,APBD,GUNAWAN TJANDRA,E-Purchasing,Barang,Belanja Alat/Bahan untuk Kegiatan Kantor-Perabot Kantor,ON PROCESS,1014998,1014998
KAB. WAJO,PUSKESMAS KEERA - 1.02.0.00.0.00.01.0020,01KS7YBBY0JM6WKD64ZX0NRYCP,66089711,2026,E-Katalog 6.0,APBD,AKIS SUWARDI AS,E-Purchasing,Barang,Belanja Barang dan Jasa BLUD,ON PROCESS,3374000,3374000
KAB. WAJO,DINAS KESEHATAN - 1.02.0.00.0.00.01.0000,01KPXCJ3HQTZEKYNR8P3RYWPCX,66827323,2026,E-Katalog 6.0,APBD,HOLI PHARMA,E-Purchasing,Barang,"Belanja Obat-Obatan-Obat pada sub kegiatan Pengadaan Obat, Bahan Habis Pakai, Bahan Medis Habis Pakai,, Vaksin, Makanan dan Minuman di Fasilitas Kesehatan",ON PROCESS,32967000,32967000
KAB. WAJO,BADAN PENGELOLAAN KEUANGAN DAN PENDAPATAN DAERAH - 5.02.0.00.0.00.01.0000,01KMPA7FWW62TV3AXWD32H1CYD,63463228,2026,E-Katalog 6.0,APBD,ASTI WAHYUNI,E-Purchasing,Barang,Belanja Makanan dan Minuman Rapat,ON PROCESS,140000,140000
KAB. WAJO,PUSKESMAS SALEWANGENG - 1.02.0.00.0.00.01.0008,01KTQJY61XVE411XAS0T3ZCGGE,66766659,2026,E-Katalog 6.0,APBD,AQILAHDAFFA,E-Purchasing,Barang,Belanaj Barang dan Jasa BOK puskesmas PADA SUB KEGIATAN Bimbingan Teknis dan Supervisi Pengembangan dan Pelaksanaan Upaya Kesehatan Bersumber Daya Masyarakat (UKBM),ON PROCESS,179000,179000
KAB. WAJO,"DINAS KOMUNIKASI, INFORMATIKA DAN STATISTIK - 2.16.2.20.2.21.02.0000",01KVFJNTMBJ7XDFZKF390EVKX5,65606990,2026,E-Katalog 6.0,APBD,MEDIA LENTERA BANGSA,E-Purchasing,Barang,Belanja Kawat/Faksimili/Internet/TV Berlangganan - Relasi Media ,ON PROCESS,5100000,5100000
KAB. WAJO,DINAS TENAGA KERJA DAN TRANSMIGRASI - 2.07.3.32.0.00.02.0000,01KTK64KB1STTPA6R0F9PZ0Q38,67046822,2026,E-Katalog 6.0,APBD,AQILAHDAFFA,E-Purchasing,Barang,Belanja Natura dan Pakan-Natura,ON PROCESS,1571500,1571500
KAB. WAJO,PUSKESMAS TAKKALALLA - 1.02.0.00.0.00.01.0011,01KQS9QVDK69Q1EP2167VRBRG0,66077023,2026,E-Katalog 6.0,APBD,CINTA ALAM RAYA,E-Purchasing,Barang,Belanja Modal Peralatan dan Mesin BLUD,ON PROCESS,7400000,7400000
KAB. WAJO,PUSKESMAS TAKKALALLA - 1.02.0.00.0.00.01.0011,01KNNDG8197EAP16J1SRERSD92,66026188,2026,E-Katalog 6.0,APBD,SITTI AISYAH,E-Purchasing,Barang,Belanja Barang dan Jasa BOK Puskesmas Sub Keg Pengelolaan Pelayanan Kesehatan Gizi Masyarakat,ON PROCESS,299000,299000
KAB. WAJO,"DINAS KOMUNIKASI, INFORMATIKA DAN STATISTIK - 2.16.2.20.2.21.02.0000",01KVFFKM59574260VZX1M7CDB8,65606990,2026,E-Katalog 6.0,APBD,MEDIA BAHANA INDONESIA,E-Purchasing,Barang,Belanja Kawat/Faksimili/Internet/TV Berlangganan - Relasi Media ,ON PROCESS,5100000,5100000
KAB. WAJO,"DINAS KOMUNIKASI, INFORMATIKA DAN STATISTIK - 2.16.2.20.2.21.02.0000",01KJBZ4WRVHRHPQ8DFM6CHHBE4,65606989,2026,E-Katalog 6.0,APBD,RADAR MAKASSAR BIRO WAJO,E-Purchasing,Barang,Belanja Langganan Jurnal/Surat Kabar/Majalah - Relasi Media ,ON PROCESS,4200000,4200000
KAB. WAJO,SEKRETARIAT DAERAH - 4.01.0.00.0.00.01.0000,01KTAR94T9N2QJXCPCZ9M0ZGA9,63590760,2026,E-Katalog 6.0,APBD,BUNGARATU MEGATAMA,E-Purchasing,Barang,Belanja Alat/Bahan untuk Kegiatan Kantor- Suvenir/Cendera Mata,ON PROCESS,3108000,3108000
KAB. WAJO,DINAS KESEHATAN - 1.02.0.00.0.00.01.0000,01KVA3Z6MYRDPK4HS2HASCYF7Y,66768717,2026,E-Katalog 6.0,APBD,SRI HANDAYANI ,E-Purchasing,Barang,Belanja Makanan dan Minuman Rapat pada sub kegiatan Pembinaan dan Pengawasan Sumber Daya Manusia Kesehatan,ON PROCESS,2373900,2373900
KAB. WAJO,"BADAN PERENCANAAN PEMBANGUNAN, RISET DAN INOVASI DAERAH - 5.01.5.05.0.00.01.0000",01KJS7YCJCQ9Q3MHDEYP4WFK61,65279303,2026,E-Katalog 6.0,APBD,ANDI AKHYAR SULAIMAN,E-Purchasing,Barang,Belanja Alat/Bahan untuk Kegiatan Kantor-Alat Tulis Kantor,ON PROCESS,993000,993000
KAB. WAJO,SEKRETARIAT DAERAH - 4.01.0.00.0.00.01.0000,01KHR7F1MEQV098NTGCH5E2PMQ,63636068,2026,E-Katalog 6.0,APBD,KARTINI TAHIR,E-Purchasing,Barang,Belanja Natura dan Pakan-Natura,ON PROCESS,1969506,1969506
KAB. WAJO,PUSKESMAS TAKKALALLA - 1.02.0.00.0.00.01.0011,01KVCK2C6MQ9011A42DWQCS844,66026020,2026,E-Katalog 6.0,APBD,SITTI AISYAH,E-Purchasing,Barang,Belanja Barang dan Jasa BOK Puskesmas Sub Kegiatan Bimbingan Teknis dan Supervisi Pengembangan dan Pelaksanaan Upaya Kesehatan Bersumber Daya Masyarakat (UKBM),ON PROCESS,225000,225000
KAB. WAJO,RSUD LAMADDUKELLENG - 1.02.0.00.0.00.01.0001,01KJSVEKJ1QG5TDA8R20109EH2,65300982,2026,E-Katalog 6.0,BLUD,ESSITY HYGIENE AND HEALTH INDONESIA,E-Purchasing,Barang,Belanja Barang dan Jasa BLUD,ON PROCESS,17239643,0
KAB. WAJO,RSUD LAMADDUKELLENG - 1.02.0.00.0.00.01.0001,01KQEF1F2V346KDMRTYXM5JRAG,65300982,2026,E-Katalog 6.0,BLUD,HORIBA INDONESIA,E-Purchasing,Barang,Belanja Barang dan Jasa BLUD,ON PROCESS,19588380,0
KAB. WAJO,RSUD SIWA - 1.02.0.00.0.00.01.0002,01KQBY8XW7AJ3X687KZHGFWVX1,66883851,2026,E-Katalog 6.0,BLUD,ANUGRAH SALMAN MEDIKA,E-Purchasing,Barang,Belanja Barang dan Jasa BLUD,ON PROCESS,3330000,3330000
KAB. WAJO,BADAN KESATUAN BANGSA DAN POLITIK - 8.01.0.00.0.00.01.0000,01KGPC5BQ2S19F0CTKSPE2D199,63063542,2026,E-Katalog 6.0,APBD,A. NASRAH,E-Purchasing,Barang,Belanja Makanan dan Minuman Rapat,ON PROCESS,1380000,1380000
KAB. WAJO,RSUD LAMADDUKELLENG - 1.02.0.00.0.00.01.0001,01KW92RBDRFDX1HS7C1SBM2E8T,65300982,2026,E-Katalog 6.0,BLUD,SANBE FARMA,E-Purchasing,Barang,Belanja Barang dan Jasa BLUD,ON PROCESS,1042956,1042956
KAB. WAJO,"BADAN PERENCANAAN PEMBANGUNAN, RISET DAN INOVASI DAERAH - 5.01.5.05.0.00.01.0000",01KQRZDZ0F5RG8W2H6FE76ZW9N,62968549,2026,E-Katalog 6.0,APBD,ANDI ERNA,E-Purchasing,Barang,Belanja Makanan dan Minuman Rapat,ON PROCESS,1196000,1196000
KAB. WAJO,DINAS PERUMAHAN DAN KAWASAN PERMUKIMAN - 1.04.0.00.0.00.01.0000,01KRXDE7KQR7D60ZMARW79N0B7,67154239,2026,E-Katalog 6.0,APBD,TAMIYA NURUL WULANDA,E-Purchasing,Barang,Belanja Makanan dan Minuman Rapat pada Kegiatan Penyediaan Administrasi Pelaksanaan Tugas ASN,ON PROCESS,255000,255000
KAB. WAJO,DINAS PERUMAHAN DAN KAWASAN PERMUKIMAN - 1.04.0.00.0.00.01.0000,01KR3JE0Q5FMCWBY6667B7G4WK,67070100,2026,E-Katalog 6.0,APBD,ANANCI,E-Purchasing,Barang,Belanja Alat Tulis Kantor Kegiatan Survei dan Penetapan Lokasi Perumahan dan Permukiman Kumuh,ON PROCESS,375900,375900
KAB. WAJO,SEKRETARIAT DEWAN PERWAKILAN RAKYAT DAERAH - 4.02.0.00.0.00.01.0000,01KFQBCXJ49RRNRCEGMQZRRPC9,63931773,2026,E-Katalog 6.0,APBD,A. NASRAH,E-Purchasing,Barang,Belanja Makanan dan Minuman Rapat Pelaksanaan Reses,ON PROCESS,6900000,6900000
KAB. WAJO,DINAS KEPENDUDUKAN DAN PENCATATAN SIPIL - 2.12.0.00.0.00.01.0000,01KS50K1J3319Q0T8JHFNF0AM0,66534677,2026,E-Katalog 6.0,APBD,ANANCI,E-Purchasing,Barang,Belanja Alat/Bahan untuk Kegiatan Kantor-Alat Tulis Kantor,ON PROCESS,999000,999000
KAB. WAJO,PUSKESMAS SAJOANGING - 1.02.0.00.0.00.01.0012,01KP53FXP3Y378GH0R88RCFXQJ,66620220,2026,E-Katalog 6.0,APBD,SALWA NABILAH IDRIS,E-Purchasing,Barang,Belanja Barang dan jasa BOK Puskesmas pada sub kegiatan Pengelolaan Pelayanan Kesehatan Ibu Hamil,ON PROCESS,358000,358000
KAB. WAJO,DINAS KESEHATAN - 1.02.0.00.0.00.01.0000,01KPXC4DVAPADXF9S6RWKD6X8G,66791060,2026,E-Katalog 6.0,APBD,ASTI WAHYUNI,E-Purchasing,Barang,Belanja Makanan dan Minuman Aktivitas Lapangan pada sub kegiatan Pengelolaan Pelayanan Kesehatan pada Usia Produktif,ON PROCESS,1969000,1969000
KAB. WAJO,"BADAN PERENCANAAN PEMBANGUNAN, RISET DAN INOVASI DAERAH - 5.01.5.05.0.00.01.0000",01KK5PR5NDYGQR56ZYAN02HH9N,65420881,2026,E-Katalog 6.0,APBD,ANDI AKHYAR SULAIMAN,E-Purchasing,Barang,Belanja Alat/Bahan untuk Kegiatan Kantor- Bahan Cetak,ON PROCESS,111400,111400
KAB. WAJO,PUSKESMAS TANASITOLO - 1.02.0.00.0.00.01.0017,01KP85XVRH2CM6MW46P96NREGD,66682556,2026,E-Katalog 6.0,APBD,MUHAMMAD ZULKARNAIN,E-Purchasing,Barang,Belanja Barang dan Jasa  BOK Puskesmas Pada Sub Kegiatan Pengelolaan Pelayanan Kesehatan Ibu Hamil,ON PROCESS,300000,300000
KAB. WAJO,BADAN KESATUAN BANGSA DAN POLITIK - 8.01.0.00.0.00.01.0000,01KT914Y8KVTETZH5J4K1PF0W8,63062853,2026,E-Katalog 6.0,APBD,ANANCI,E-Purchasing,Barang,Belanja Alat/Bahan untuk Kegiatan Kantor-Benda Pos,ON PROCESS,72000,72000
KAB. WAJO,DINAS KESEHATAN - 1.02.0.00.0.00.01.0000,01KPMQ9TMVRVQZ02SRHJH8EFDM,66791060,2026,E-Katalog 6.0,APBD,ASTI WAHYUNI,E-Purchasing,Barang,Belanja Makanan dan Minuman Aktivitas Lapangan pada sub kegiatan Pengelolaan Pelayanan Kesehatan pada Usia Produktif,ON PROCESS,1969000,1969000
KAB. WAJO,RSUD LAMADDUKELLENG - 1.02.0.00.0.00.01.0001,01KSF16KE82PF1EBB6YEHFG434,65300982,2026,E-Katalog 6.0,BLUD,YARINDO FARMATAMA,E-Purchasing,Barang,Belanja Barang dan Jasa BLUD,ON PROCESS,1942500,1942500
KAB. WAJO,KECAMATAN TANASITOLO - 7.01.0.00.0.00.13.0000,01KT64QDRN3MDPGKT28APVMT6K,65090026,2026,E-Katalog 6.0,APBD,AQILAHDAFFA,E-Purchasing,Barang,Belanja Makanan dan Minuman Rapat,ON PROCESS,5712000,5712000
KAB. WAJO,SEKRETARIAT DAERAH - 4.01.0.00.0.00.01.0000,01KRK68CZAE7ETARPANW61SY4D,63636068,2026,E-Katalog 6.0,APBD,ANDI ERNA,E-Purchasing,Barang,Belanja Natura dan Pakan-Natura,ON PROCESS,381600,381600
KAB. WAJO,KECAMATAN PAMMANA - 7.01.0.00.0.00.07.0000,01KPQ97PT3PDBB4J1381T7Z2MB,65756780,2026,E-Katalog 6.0,APBD,ANDI ERNA,E-Purchasing,Barang,Belanja Makanan dan Minuman Rapat ,ON PROCESS,1495000,1495000
KAB. WAJO,PUSKESMAS LIU - 1.02.0.00.0.00.01.0005,01KVCNEZYRAKWBGT1AA588TTQF,66776961,2026,E-Katalog 6.0,APBD,FAIZAL,E-Purchasing,Barang,Belanja Barang dan Jasa BLUD,ON PROCESS,980130,980130
KAB. WAJO,SEKRETARIAT DEWAN PERWAKILAN RAKYAT DAERAH - 4.02.0.00.0.00.01.0000,01KFN7FSQ69QRKT172A64H5AG3,63931768,2026,E-Katalog 6.0,APBD,MUDAMA,E-Purchasing,Barang,Belanja Sewa Bangunan Gedung Tempat Pertemuan Pelasksanaan Reses,ON PROCESS,2164500,2164500
KAB. WAJO,KECAMATAN TEMPE - 7.01.0.00.0.00.14.0000,01KQ4WSHN0WQ5BTNBJADF0P1GX,64726058,2026,E-Katalog 6.0,APBD,ANANCI,E-Purchasing,Barang,Belanja Alat/Bahan untuk Kegiatan Kantor-Perabot Kantor,ON PROCESS,2948160,2948160
KAB. WAJO,"DINAS KOMUNIKASI, INFORMATIKA DAN STATISTIK - 2.16.2.20.2.21.02.0000",01KJMEB5NDF8B1EWS4ZXFS98GX,65606990,2026,E-Katalog 6.0,APBD,MEDIA KOMPAK NUSANTARA,E-Purchasing,Barang,Belanja Kawat/Faksimili/Internet/TV Berlangganan - Relasi Media ,ON PROCESS,2099965,2099965
KAB. WAJO,PUSKESMAS TAKKALALLA - 1.02.0.00.0.00.01.0011,01KRFM83G6X9XSYFN8BPTH9DJT,66025540,2026,E-Katalog 6.0,APBD,SITTI AISYAH,E-Purchasing,Barang,Belanja Barang dan Jasa BOK Puskesmas Sub Kegiatan Pengelolaan Pelayanan Kesehatan Ibu Hamil,ON PROCESS,180000,180000
KAB. WAJO,RSUD LAMADDUKELLENG - 1.02.0.00.0.00.01.0001,01KT6A6V304C1TG4WDX70G08AS,65300982,2026,E-Katalog 6.0,BLUD,TIVAN BERKAT MULIA,E-Purchasing,Barang,Belanja Barang dan Jasa BLUD,ON PROCESS,61758000,0
KAB. WAJO,SEKRETARIAT DEWAN PERWAKILAN RAKYAT DAERAH - 4.02.0.00.0.00.01.0000,01KWE8M6JQQM9TDB9T1V874SD1,66889388,2026,E-Katalog 6.0,APBD,ANDI PARENRENGI,E-Purchasing,Barang,Belanja Makanan dan Minuman Rapat Sub Kegiatan Fasiilitasi Rappat Koordiinasi dan Konsultasi DPRD,ON PROCESS,2415000,2415000
KAB. WAJO,PUSKESMAS PARIGI - 1.02.0.00.0.00.01.0023,01KVVSAWJK3P5JV86MK5TNNH2R,66570622,2026,E-Katalog 6.0,APBD,NURHAENI,E-Purchasing,Barang,Kue / Snack,ON PROCESS,179000,179000
KAB. WAJO,PUSKESMAS TOSORA - 1.02.0.00.0.00.01.0016,01KNKJZRY9079PAJCH20YAZ0RY,66096187,2026,E-Katalog 6.0,APBD,ASTI WAHYUNI,E-Purchasing,Barang,Belanja Barang dan Jasa BOK Puskesmas pada Sub Kegiatan Pengelolaan Pelayanan Kesehatan Ibu Hamil ,ON PROCESS,286400,286400
KAB. WAJO,BADAN KESATUAN BANGSA DAN POLITIK - 8.01.0.00.0.00.01.0000,01KGKK6Y16XQA8WG06ANS4G7YK,63062752,2026,E-Katalog 6.0,APBD,A. NASRAH,E-Purchasing,Barang,Belanja Makanan dan Minuman Aktivitas Lapangan,ON PROCESS,1380000,1380000
KAB. WAJO,RSUD LAMADDUKELLENG - 1.02.0.00.0.00.01.0001,01KS4BCZYMV58YAM3M0KJZQ448,65300982,2026,E-Katalog 6.0,BLUD,GLOBAL DISPOMEDIKA,E-Purchasing,Barang,Belanja Barang dan Jasa BLUD,ON PROCESS,94005900,0
KAB. WAJO,BADAN PENGELOLAAN KEUANGAN DAN PENDAPATAN DAERAH - 5.02.0.00.0.00.01.0000,01KWC3CR9PY5YDMK8HT8EFRZ1P,63462897,2026,E-Katalog 6.0,APBD,MUHAMMAD ZULKARNAIN,E-Purchasing,Barang,Belanja Makanan dan Minuman Rapat,ON PROCESS,634800,634800
KAB. WAJO,SEKRETARIAT DEWAN PERWAKILAN RAKYAT DAERAH - 4.02.0.00.0.00.01.0000,01KSF66MTH4F7NF2XKVTGRF3J6,66861761,2026,E-Katalog 6.0,APBD,ANDI PARENRENGI,E-Purchasing,Barang,Belanja Makanan dan Minuman Jamuan Tamu Penyediaan Kebutuhan Rumah Tangga,ON PROCESS,238500,238500
KAB. WAJO,BADAN KESATUAN BANGSA DAN POLITIK - 8.01.0.00.0.00.01.0000,01KR3FDMTDCT902PGHRXZVS2T1,63062752,2026,E-Katalog 6.0,APBD,MUSTAFA HI. BANDUNG,E-Purchasing,Barang,Belanja Makanan dan Minuman Aktivitas Lapangan,ON PROCESS,1426000,1426000
KAB. WAJO,RSUD LAMADDUKELLENG - 1.02.0.00.0.00.01.0001,01KJC96EHWFRSFZJYQXFQSQTSZ,65300982,2026,E-Katalog 6.0,BLUD,DAYA MUDA AGUNG,E-Purchasing,Barang,Belanja Barang dan Jasa BLUD,ON PROCESS,7594620,7594620
KAB. WAJO,PUSKESMAS TANASITOLO - 1.02.0.00.0.00.01.0017,01KP61A8FWAYGZ1WF9V8653QR2,66697929,2026,E-Katalog 6.0,APBD,ARSYAD M,E-Purchasing,Barang,Belanja Barang dan Jasa BLUD,ON PROCESS,10662598,10662598
KAB. WAJO,RSUD LAMADDUKELLENG - 1.02.0.00.0.00.01.0001,01KH113ZRCXVBAK2J8RH471EC4,65300982,2026,E-Katalog 6.0,BLUD,SAFELOCK MEDICAL,E-Purchasing,Barang,Belanja Barang dan Jasa BLUD,ON PROCESS,21998246,21998246
KAB. WAJO,DINAS KESEHATAN - 1.02.0.00.0.00.01.0000,01KVYA6W5J25XSYJCM344HMW8S,66775952,2026,E-Katalog 6.0,APBD,ASTI WAHYUNI,E-Purchasing,Barang,Belanja Makanan dan Minuman Rapat pada sub kegiatan Pengelolan Upaya Kesehatan Ibu dan Anak,ON PROCESS,732000,732000
KAB. WAJO,KECAMATAN TEMPE - 7.01.0.00.0.00.14.0000,01KPMQVX0NZPK06AF7BMTRJQ5W,64721496,2026,E-Katalog 6.0,APBD,ANDI ERNA,E-Purchasing,Barang,Belanja Makanan dan Minuman Rapat,ON PROCESS,1840000,1840000
KAB. WAJO,PUSKESMAS LIU - 1.02.0.00.0.00.01.0005,01KVAG4651JF60VGPQN60FZEJ9,66778417,2026,E-Katalog 6.0,APBD,ASTI WAHYUNI,E-Purchasing,Barang,Belanja Barang dan Jasa BOK Puskesmas pada Sub Kegiatan Pengelolaan Pelayanan Kesehatan Ibu Hamil,ON PROCESS,304300,304300
KAB. WAJO,PUSKESMAS PATTIROSOMPE - 1.02.0.00.0.00.01.0007,01KVW81E7DTYZHAHY34CZ20DQZ,66629944,2026,E-Katalog 6.0,APBD,ANDI AZIS ASHAR,E-Purchasing,Barang,"Sub Kegiatan Peningkatan Upaya Promosi Kesehatan, Advokasi, Kemitraan dan Pemberdayaan Masyarakat",ON PROCESS,573600,573600
KAB. WAJO,PUSKESMAS GILIRENG - 1.02.0.00.0.00.01.0019,01KP86JJWG2A9H39ZS3YK4FWGN,66073569,2026,E-Katalog 6.0,APBD,GEDDONG,E-Purchasing,Barang,Belanja Barang dan Jasa BOK Puskesmas pada Sub Kegiatan Pengelolaan Pelayanan Kesehatan Ibu Hamil,ON PROCESS,268500,268500
KAB. WAJO,PUSKESMAS MANIANGPAJO - 1.02.0.00.0.00.01.0021,01KPAVCG356CRWWWDSP2JTB3FH,66067847,2026,E-Katalog 6.0,APBD,ARSYAD M,E-Purchasing,Barang,Belanja Barang dan Jasa BLUD,ON PROCESS,1200000,1200000
KAB. WAJO,KECAMATAN PAMMANA - 7.01.0.00.0.00.07.0000,01KVC4FFB3TKT9XS12KSWNXN01,65756780,2026,E-Katalog 6.0,APBD,ANDI ERNA,E-Purchasing,Barang,Belanja Makanan dan Minuman Rapat ,ON PROCESS,1768300,1768300
KAB. WAJO,DINAS LINGKUNGAN HIDUP - 2.11.0.00.0.00.01.0000,01KJSF1EQSEG282TKK7R4JNSX5,65710872,2026,E-Katalog 6.0,APBD,AQILAHDAFFA,E-Purchasing,Barang,Belanja makanan dan minuman aktivitas lapangan,ON PROCESS,7965000,7965000
KAB. WAJO,"DINAS KOMUNIKASI, INFORMATIKA DAN STATISTIK - 2.16.2.20.2.21.02.0000",01KVWCMVQFR1MJ5R4JC3WJKD13,65606989,2026,E-Katalog 6.0,APBD,RAKYAT SULSEL BIRO WAJO,E-Purchasing,Barang,Belanja Langganan Jurnal/Surat Kabar/Majalah - Relasi Media ,ON PROCESS,25875000,25875000
KAB. WAJO,"DINAS KOMUNIKASI, INFORMATIKA DAN STATISTIK - 2.16.2.20.2.21.02.0000",01KVWM8NWVKG2FA41RAWN2SAWF,65606990,2026,E-Katalog 6.0,APBD,TOP MEDIA JAYA NUSANTARA,E-Purchasing,Barang,Belanja Kawat/Faksimili/Internet/TV Berlangganan - Relasi Media ,ON PROCESS,7224946,7224946
KAB. WAJO,"BADAN PERENCANAAN PEMBANGUNAN, RISET DAN INOVASI DAERAH - 5.01.5.05.0.00.01.0000",01KWNDT5SW758GPK406XFWE5XT,65642792,2026,E-Katalog 6.0,APBD,HASDIMAN,E-Purchasing,Barang,Belanja Alat/Bahan untuk Kegiatan Kantor-Alat Tulis Kantor,ON PROCESS,1164000,1164000
KAB. WAJO,SEKRETARIAT DEWAN PERWAKILAN RAKYAT DAERAH - 4.02.0.00.0.00.01.0000,01KFQCZ5J6DVQWH9XQXN1HFDN6,63931773,2026,E-Katalog 6.0,APBD,BESSE WIDYASRINI,E-Purchasing,Barang,Belanja Makanan dan Minuman Rapat Pelaksanaan Reses,ON PROCESS,6900000,6900000
KAB. WAJO,SEKRETARIAT DAERAH - 4.01.0.00.0.00.01.0000,01KWBDGKREA0GQ0DVDXYTK5P9S,66853009,2026,E-Katalog 6.0,APBD,ANDI AKHYAR SULAIMAN,E-Purchasing,Barang,Belanja Alat/Bahan untuk Kegiatan Kantor-Alat Tulis Kantor,ON PROCESS,470000,470000
KAB. WAJO,SEKRETARIAT DEWAN PERWAKILAN RAKYAT DAERAH - 4.02.0.00.0.00.01.0000,01KJBT2Q0QJTZABX246R2Z02HZ,63930677,2026,E-Katalog 6.0,APBD,"ANDI DILAYANTI, S.E.",E-Purchasing,Barang,Belanja Alat/Bahan untuk Kegiatan Kantor-Alat Tulis Kantor Fasilitasi Pelaks. Tugas Banmus,ON PROCESS,1499018,1499018
KAB. WAJO,PUSKESMAS TAKKALALLA - 1.02.0.00.0.00.01.0011,01KQXF3R08TC8DE154T843S3GD,66025540,2026,E-Katalog 6.0,APBD,SITTI AISYAH,E-Purchasing,Barang,Belanja Barang dan Jasa BOK Puskesmas Sub Kegiatan Pengelolaan Pelayanan Kesehatan Ibu Hamil,ON PROCESS,180000,180000
KAB. WAJO,RSUD LAMADDUKELLENG - 1.02.0.00.0.00.01.0001,01KW1B15VZTRMQZJ19TEFHM63N,65300982,2026,E-Katalog 6.0,BLUD,PERUSAHAAN PERSEROAN (PERSERO) PT KIMIA FARMA,E-Purchasing,Barang,Belanja Barang dan Jasa BLUD,ON PROCESS,18038210,18038210
KAB. WAJO,PUSKESMAS PENRANG - 1.02.0.00.0.00.01.0014,01KTB2BWD01TYBDGRZJ9ND2CKJ,66076986,2026,E-Katalog 6.0,APBD,ANDI JUNENNI,E-Purchasing,Barang,Belanja barang dan jasa BOK puskesmas pada sub kegiatan Pengelolaan Pelayanan Kesehatan Ibu Hamil,ON PROCESS,304300,304300
KAB. WAJO,"DINAS PEMUDA, OLAHRAGA DAN PARIWISATA - 2.19.3.26.0.00.02.0000",01KNKM2271TFTZ2W045YRA99G3,63936853,2026,E-Katalog 6.0,APBD,ANANCI,E-Purchasing,Barang,Belanja Alat/Bahan untuk Kegiatan Kantor- Bahan Cetak Kegiatan Forum OPD,ON PROCESS,322000,322000
KAB. WAJO,RSUD SIWA - 1.02.0.00.0.00.01.0002,01KVHSMDVQN81T87DVRY2GYBBT,66877437,2026,E-Katalog 6.0,BLUD,QIM INDO MEDIKA,E-Purchasing,Barang,Belanja Modal Peralatan dan Mesin BLUD,ON PROCESS,37123950,37123950
KAB. WAJO,BADAN PENGELOLAAN KEUANGAN DAN PENDAPATAN DAERAH - 5.02.0.00.0.00.01.0000,01KPYGZJJ30YDKC4GHB4R5XRB0,63995485,2026,E-Katalog 6.0,APBD,A. MUH. ABRAR,E-Purchasing,Barang,Belanja Alat/Bahan untuk Kegiatan Kantor-Benda Pos,ON PROCESS,444000,444000
KAB. WAJO,KECAMATAN SABBANGPARU - 7.01.0.00.0.00.10.0000,01KPZ7QZDMHZW8ZV61E2BDSY2G,65655545,2026,E-Katalog 6.0,APBD,ASTI WAHYUNI,E-Purchasing,Barang,Belanja Makanan dan Minuman Rapat Kegiatan Penyediaan Jasa Pelayanan Umum Kantor,ON PROCESS,3440000,3440000
KAB. WAJO,PUSKESMAS SOLO - 1.02.0.00.0.00.01.0010,01KW0TP0ANATFWZXQPHCK3ZKNE,66313239,2026,E-Katalog 6.0,APBD,NURFAIDAH,E-Purchasing,Barang,"Belanja barang dan jasa BOK Puskesmas pada sub kegiatan Peningkatan Upaya Promosi Kesehatan, Advokasi, Kemitraan dan Pemberdayaan Masyarakat",ON PROCESS,670400,670400
KAB. WAJO,SEKRETARIAT DAERAH - 4.01.0.00.0.00.01.0000,01KVD1EJJM6DX18674ANSZPV4A,63636068,2026,E-Katalog 6.0,APBD,ANDI ERNA,E-Purchasing,Barang,Belanja Natura dan Pakan-Natura,ON PROCESS,7095000,7095000
KAB. WAJO,"DINAS KOMUNIKASI, INFORMATIKA DAN STATISTIK - 2.16.2.20.2.21.02.0000",01KP7MZVSCYW4P85JM5RP5GT7E,65567959,2026,E-Katalog 6.0,APBD,AMRAN SURYADI,E-Purchasing,Barang,Belanja Alat/Bahan untuk Kegiatan Kantor- Bahan Cetak Penyediaan Barang Cetakan dan Penggandaan,ON PROCESS,5946670,5946670
KAB. WAJO,PUSKESMAS TANASITOLO - 1.02.0.00.0.00.01.0017,01KTXPGZ1SP0KD6W01PZPAXWXF,66682556,2026,E-Katalog 6.0,APBD,MUHAMMAD ZULKARNAIN,E-Purchasing,Barang,Belanja Barang dan Jasa  BOK Puskesmas Pada Sub Kegiatan Pengelolaan Pelayanan Kesehatan Ibu Hamil,ON PROCESS,300000,300000
KAB. WAJO,"BADAN PERENCANAAN PEMBANGUNAN, RISET DAN INOVASI DAERAH - 5.01.5.05.0.00.01.0000",01KTR8MRBBE89BMX5RKQR926MY,65279304,2026,E-Katalog 6.0,APBD,ANDI AKHYAR SULAIMAN,E-Purchasing,Barang,Belanja Alat/Bahan untuk Kegiatan Kantor- Bahan Cetak,ON PROCESS,800000,800000
KAB. WAJO,SEKRETARIAT DAERAH - 4.01.0.00.0.00.01.0000,01KQC8BYQAZPHZ7P148V5M0V1Z,65287977,2026,E-Katalog 6.0,APBD,MEDIA SIPADUPA PROMOSINDO,E-Purchasing,Barang,Belanja Sewa Alat Kantor Lainnya,ON PROCESS,9350000,9350000
KAB. WAJO,SEKRETARIAT DAERAH - 4.01.0.00.0.00.01.0000,01KT98J8EJT9VRASFFPA5K2KPK,63636068,2026,E-Katalog 6.0,APBD,ANDI ERNA,E-Purchasing,Barang,Belanja Natura dan Pakan-Natura,ON PROCESS,4800000,4800000
KAB. WAJO,KELURAHAN ATAKKAE - 7.01.0.00.0.00.14.0001,01KVSSGR3CWFQCWZM6KM9107EH,66972030,2026,E-Katalog 6.0,APBD,SYAMSU ALAM,E-Purchasing,Barang,Belanja Alat/Bahan untuk Kegiatan Kantor-Alat Tulis Kantor,ON PROCESS,4491900,4491900
KAB. WAJO,BADAN KESATUAN BANGSA DAN POLITIK - 8.01.0.00.0.00.01.0000,01KV4QR39PDTR9FAYJ3T2S9WAT,63062462,2026,E-Katalog 6.0,APBD,HASDIMAN,E-Purchasing,Barang,Belanja Alat/Bahan untuk Kegiatan Kantor-Alat Tulis Kantor,ON PROCESS,1419000,1419000
KAB. WAJO,KELURAHAN SALOMENRALENG - 7.01.0.00.0.00.14.0011,01KWB09VDTNJABYCXXFY9XE8A1,67021902,2026,E-Katalog 6.0,APBD,ANANCI,E-Purchasing,Barang,Belanja Alat/Bahan untuk Kegiatan Kantor-Alat Tulis Kantor,ON PROCESS,3379705,3379705
KAB. WAJO,KECAMATAN PAMMANA - 7.01.0.00.0.00.07.0000,01KPMZMKE7N81VKHWDHW3CTZRP,65752056,2026,E-Katalog 6.0,APBD,ANDI ERNA,E-Purchasing,Barang,Belanja Barang Pakai Habis,ON PROCESS,2334800,2334800
KAB. WAJO,PUSKESMAS MANIANGPAJO - 1.02.0.00.0.00.01.0021,01KVZ4S1Q3C6JSM99A4WJ3XEYJ,66067847,2026,E-Katalog 6.0,APBD,ARSYAD M,E-Purchasing,Barang,Belanja Barang dan Jasa BLUD,ON PROCESS,1139919,1139919
KAB. WAJO,"SATUAN POLISI PAMONG PRAJA, PEMADAM KEBAKARAN DAN PENYELAMATAN - 1.05.0.00.0.00.01.0000",01KNVNNEX9WSX587090WSSRBPY,64064061,2026,E-Katalog 6.0,APBD,MEGAWATI,E-Purchasing,Barang,Belanja Makanan dan Minuman Aktivitas Lapangan,ON PROCESS,430400,430400
KAB. WAJO,DINAS PERUMAHAN DAN KAWASAN PERMUKIMAN - 1.04.0.00.0.00.01.0000,01KSE8CVCG58SRFM9EA1QFBD30,67154304,2026,E-Katalog 6.0,APBD,ANDI AKHYAR SULAIMAN,E-Purchasing,Barang,Belanja Bahan Cetak pada Kegiatan Penyediaan Administrasi Pelaksanaan Tugas ASN,ON PROCESS,79000,79000
KAB. WAJO,DINAS PENDIDIKAN DAN KEBUDAYAAN - 1.01.2.22.0.00.02.0000,01KPAR2S46ZY07QDBRDBS3QX7C,63027779,2026,E-Katalog 6.0,APBD,AQILAHDAFFA,E-Purchasing,Barang,Belanja Alat/Bahan untuk Kegiatan Kantor- Bahan Cetak,ON PROCESS,600000,600000
KAB. WAJO,SEKRETARIAT DAERAH - 4.01.0.00.0.00.01.0000,01KSEV4T7VRQEJE4NKWZ7RN3BQ,66853007,2026,E-Katalog 6.0,APBD,ANDI ERNA,E-Purchasing,Barang,Belanja Makanan dan Minuman Rapat,ON PROCESS,537000,537000
KAB. WAJO,"SATUAN POLISI PAMONG PRAJA, PEMADAM KEBAKARAN DAN PENYELAMATAN - 1.05.0.00.0.00.01.0000",01KJ4VTJQWNMTKAZNCXGD8JWN4,64200491,2026,E-Katalog 6.0,APBD,ANDI MARWANAH,E-Purchasing,Barang,Belanja Makanan dan Minuman Aktivitas Lapangan,ON PROCESS,4842000,4842000
KAB. WAJO,KECAMATAN TEMPE - 7.01.0.00.0.00.14.0000,01KG6S3S1SWGWWVBADXMPXG2HG,64760862,2026,E-Katalog 6.0,APBD,ANDI AKHYAR SULAIMAN,E-Purchasing,Barang,Belanja Alat/Bahan untuk Kegiatan Kantor- Bahan Cetak,ON PROCESS,2000000,2000000
KAB. WAJO,PUSKESMAS SALEWANGENG - 1.02.0.00.0.00.01.0008,01KQSK4RNBK4C3W06QZ5CD418N,66764245,2026,E-Katalog 6.0,APBD,HERMANSYAH,E-Purchasing,Barang,Belanja Barang dan Jasa BLUD,ON PROCESS,4531464,4531464
KAB. WAJO,DINAS PERUMAHAN DAN KAWASAN PERMUKIMAN - 1.04.0.00.0.00.01.0000,01KV59A5F5GDNG3CMT8WJY20NG,67264261,2026,E-Katalog 6.0,APBD,ANDI AKHYAR SULAIMAN,E-Purchasing,Barang,Belanja Bahan Cetak pada Kegiatan Pengelolaan Kelembagaan dan Analisis Jabatan (SOP),ON PROCESS,82500,82500
KAB. WAJO,SEKRETARIAT DAERAH - 4.01.0.00.0.00.01.0000,01KRXEJ44QYJ9P7SAFXEV9S79A,63637426,2026,E-Katalog 6.0,APBD,MITRA SERMANI HOTEL,E-Purchasing,Barang,Belanja Sewa Hotel,ON PROCESS,600000,600000
KAB. WAJO,RSUD SIWA - 1.02.0.00.0.00.01.0002,01KS22PJJPAMX1EFFDTD0Z8Y55,66883851,2026,E-Katalog 6.0,BLUD,PHAPROS,E-Purchasing,Barang,Belanja Barang dan Jasa BLUD,ON PROCESS,17760000,17760000
KAB. WAJO,SEKRETARIAT DAERAH - 4.01.0.00.0.00.01.0000,01KRZRQ68DKQX6ZDV3T0D6KSE0,63637421,2026,E-Katalog 6.0,APBD,ANDI ERNA,E-Purchasing,Barang,Belanja Makanan dan Minuman Rapat,ON PROCESS,143100,143100
KAB. WAJO,"BADAN PERENCANAAN PEMBANGUNAN, RISET DAN INOVASI DAERAH - 5.01.5.05.0.00.01.0000",01KPMT6WWMT2XF1TZFJ5NM0EY5,65659709,2026,E-Katalog 6.0,APBD,ANDI AKHYAR SULAIMAN,E-Purchasing,Barang,Belanja Alat/Bahan untuk Kegiatan Kantor-Alat Tulis Kantor,ON PROCESS,828000,828000
KAB. WAJO,RSUD LAMADDUKELLENG - 1.02.0.00.0.00.01.0001,01KVCJJTYHFZPM5AGVCPY3Y3AB,65300982,2026,E-Katalog 6.0,BLUD,HEXPHARM JAYA LABORATORIES,E-Purchasing,Barang,Belanja Barang dan Jasa BLUD,ON PROCESS,30531660,30531660
KAB. WAJO,"DINAS PEKERJAAN UMUM, PENATAAN RUANG DAN PERTANAHAN - 1.03.2.10.0.00.01.0000",01KQEPV5CCY4E6GYMPG4G75G8E,66969959,2026,E-Katalog 6.0,APBD,HAJRA,E-Purchasing,Barang,Belanja Makanan dan Minuman Rapat,ON PROCESS,7360000,7360000
KAB. WAJO,"DINAS KOMUNIKASI, INFORMATIKA DAN STATISTIK - 2.16.2.20.2.21.02.0000",01KJMDEM2N2PW4AMR7EB3YXFFV,65606990,2026,E-Katalog 6.0,APBD,MEDIA PERTIWI INDONESIA,E-Purchasing,Barang,Belanja Kawat/Faksimili/Internet/TV Berlangganan - Relasi Media ,ON PROCESS,2125000,2125000
KAB. WAJO,PUSKESMAS PAMMANA - 1.02.0.00.0.00.01.0009,01KW8EWCSNX7R9RMGXXTCWR3VM,65993330,2026,E-Katalog 6.0,APBD,PHARMA INDO SUKSES,E-Purchasing,Barang,Belanja Barang dan Jasa BLUD,ON PROCESS,1415250,1415250
KAB. WAJO,SEKRETARIAT DAERAH - 4.01.0.00.0.00.01.0000,01KN4DDY6WQG6Z1NQ69418TRZT,63554859,2026,E-Katalog 6.0,APBD,"ANDI DILAYANTI, S.E.",E-Purchasing,Barang,Belanja Alat/Bahan untuk Kegiatan Kantor-Alat Tulis Kantor,ON PROCESS,9778680,9778680
KAB. WAJO,RSUD LAMADDUKELLENG - 1.02.0.00.0.00.01.0001,01KKDHP4Y6DF7HZCVGCFV0JNPZ,65300982,2026,E-Katalog 6.0,BLUD,CITRA ALKESINDO PRATAMA,E-Purchasing,Barang,Belanja Barang dan Jasa BLUD,ON PROCESS,5838600,5838600
KAB. WAJO,DINAS PERIKANAN - 3.25.0.00.0.00.01.0000,01KTT8YA75DJRRPTGRZ7E74QRC,64497944,2026,E-Katalog 6.0,APBD,MEGAWATI,E-Purchasing,Barang,Belanja Makanan dan Minuman Rapat kegiatan Penyediaan Jasa Pelayanan Umum Kantor,ON PROCESS,1062500,1062500
KAB. WAJO,PUSKESMAS KEERA - 1.02.0.00.0.00.01.0020,01KQ9GZ5XBP6WRZEFMME0MSA38,66812850,2026,E-Katalog 6.0,APBD,ROSNAENI,E-Purchasing,Barang,Belanja barang jasa BOK Puskesmas pada sub kegiatan Pengelolaan Pelayanan Kesehatan Ibu Hamil,ON PROCESS,210000,210000
KAB. WAJO,RSUD LAMADDUKELLENG - 1.02.0.00.0.00.01.0001,01KNGCZ96ZKAB5SZQC47FF355J,65300982,2026,E-Katalog 6.0,BLUD,OTSUKA INDONESIA,E-Purchasing,Barang,Belanja Barang dan Jasa BLUD,ON PROCESS,62508407,62508407
KAB. WAJO,SEKRETARIAT DAERAH - 4.01.0.00.0.00.01.0000,01KMQ3TJBM9T6KKZSRRWZ482BA,66615722,2026,E-Katalog 6.0,APBD,ANDI AKHYAR SULAIMAN,E-Purchasing,Barang,Belanja Alat/Bahan untuk Kegiatan Kantor-Alat Tulis Kantor,ON PROCESS,11182000,11182000
KAB. WAJO,SEKRETARIAT DAERAH - 4.01.0.00.0.00.01.0000,01KPWGWS3T1ZRM08S6DQTX6C5D,65287977,2026,E-Katalog 6.0,APBD,MEDIA SIPADUPA PROMOSINDO,E-Purchasing,Barang,Belanja Sewa Alat Kantor Lainnya,ON PROCESS,6600000,6600000
KAB. WAJO,PUSKESMAS TOSORA - 1.02.0.00.0.00.01.0016,01KT8TR3PKE3CZQX08KWF21AMM,66096187,2026,E-Katalog 6.0,APBD,ASTI WAHYUNI,E-Purchasing,Barang,Belanja Barang dan Jasa BOK Puskesmas pada Sub Kegiatan Pengelolaan Pelayanan Kesehatan Ibu Hamil ,ON PROCESS,286400,286400
KAB. WAJO,SEKRETARIAT DEWAN PERWAKILAN RAKYAT DAERAH - 4.02.0.00.0.00.01.0000,01KGSGBTPGEYGA1GNRMQ22TJ00,63931075,2026,E-Katalog 6.0,APBD,A. NASRAH,E-Purchasing,Barang,Belanja Makanan dan Minuman Rapat Pengawasan Bidang Pemerintahhan dan Hukum,ON PROCESS,1127000,1127000
KAB. WAJO,DINAS PENDIDIKAN DAN KEBUDAYAAN - 1.01.2.22.0.00.02.0000,01KQXSRAZD506PDN6852VNDTAY,63028091,2026,E-Katalog 6.0,APBD,HARIANTO,E-Purchasing,Barang,Belanja Alat/Bahan untuk Kegiatan Kantor- Suvenir/Cendera Mata,ON PROCESS,313020,0
KAB. WAJO,PUSKESMAS LIU - 1.02.0.00.0.00.01.0005,01KP27APPHS6NSDZ525AC3H0TZ,66778417,2026,E-Katalog 6.0,APBD,ASTI WAHYUNI,E-Purchasing,Barang,Belanja Barang dan Jasa BOK Puskesmas pada Sub Kegiatan Pengelolaan Pelayanan Kesehatan Ibu Hamil,ON PROCESS,447500,447500
KAB. WAJO,KECAMATAN KEERA - 7.01.0.00.0.00.04.0000,01KHTEYDW0G1ZEWHH6Q3BFZJ4Q,65624662,2026,E-Katalog 6.0,APBD,NOVI ASTIKA,E-Purchasing,Barang,Penyediaan Jasa Pelayanan Umum Kantor,ON PROCESS,1000000,1000000
KAB. WAJO,"DINAS SOSIAL, PENGENDALIAN PENDUDUK, KELUARGA BERENCANA, PEMBERDAYAAN PEREMPUAN DAN PERLINDUNGAN ANAK - 1.06.2.08.2.14.06.0000",01KTX5GF9FM9DNV6AW1E80QVJB,67025260,2026,E-Katalog 6.0,APBD,ANDI ERNA,E-Purchasing,Barang,Belanja Makanan dan Minuman Rapat,ON PROCESS,2242500,2242500
KAB. WAJO,"DINAS KOMUNIKASI, INFORMATIKA DAN STATISTIK - 2.16.2.20.2.21.02.0000",01KJBY3PJG2AQBMQKY2GZKD7MX,65606989,2026,E-Katalog 6.0,APBD,MEDIA RAKYAT PUBLIK,E-Purchasing,Barang,Belanja Langganan Jurnal/Surat Kabar/Majalah - Relasi Media ,ON PROCESS,4995000,4995000
KAB. WAJO,DINAS KESEHATAN - 1.02.0.00.0.00.01.0000,01KTTCG7JC3BK7BHJ3MYQCNJR7,66768717,2026,E-Katalog 6.0,APBD,ANDI JUNENNI,E-Purchasing,Barang,Belanja Makanan dan Minuman Rapat pada sub kegiatan Pembinaan dan Pengawasan Sumber Daya Manusia Kesehatan,ON PROCESS,2189400,2189400
KAB. WAJO,DINAS KESEHATAN - 1.02.0.00.0.00.01.0000,10146493000,66908589,2026,Tender,APBD,,Tender,Pekerjaan Konstruksi,Pengadaan dan Pemasangan Instalasi Listrik pada sub Kegiatan Pengembangan Rumah Sakit,BERLANGSUNG,1458750000,1458750000
KAB. WAJO,SEKRETARIAT DAERAH - 4.01.0.00.0.00.01.0000,01KTRSNA8SGVM4V17YB9RV3RXR,63637426,2026,E-Katalog 6.0,APBD,SALLO HOTEL SENGKANG,E-Purchasing,Barang,Belanja Sewa Hotel,ON PROCESS,1400000,1400000
KAB. WAJO,"DINAS KOMUNIKASI, INFORMATIKA DAN STATISTIK - 2.16.2.20.2.21.02.0000",01KVFJ820H4RW6G61T1NQYGSYE,65606990,2026,E-Katalog 6.0,APBD,SUARA NUSANTARA ABADI,E-Purchasing,Barang,Belanja Kawat/Faksimili/Internet/TV Berlangganan - Relasi Media ,ON PROCESS,5100000,5100000
KAB. WAJO,RSUD LAMADDUKELLENG - 1.02.0.00.0.00.01.0001,01KQBM0YV4F2B2H5JZRTEJEVMP,65300982,2026,E-Katalog 6.0,BLUD,INFION,E-Purchasing,Barang,Belanja Barang dan Jasa BLUD,ON PROCESS,1918080,1918080
KAB. WAJO,PUSKESMAS SAJOANGING - 1.02.0.00.0.00.01.0012,01KQXJ55XHFCJXY4RJ9Y0ZSVV7,66621011,2026,E-Katalog 6.0,APBD,SALWA NABILAH IDRIS,E-Purchasing,Barang,Belanja barang dan Jasa BOK Puskesmas pada sub kegiatan Bimbingan Teknis dan Supervisi Pengembangan dan Pelaksanaan Upaya Kesehatan Bersumber Daya Masyarakat (UKBM),ON PROCESS,161100,161100
KAB. WAJO,SEKRETARIAT DAERAH - 4.01.0.00.0.00.01.0000,01KPHJXABWY9ER0SRWV80W3B0D,63590760,2026,E-Katalog 6.0,APBD,BUNGARATU MEGATAMA,E-Purchasing,Barang,Belanja Alat/Bahan untuk Kegiatan Kantor- Suvenir/Cendera Mata,ON PROCESS,3831000,3831000
KAB. WAJO,RSUD SIWA - 1.02.0.00.0.00.01.0002,01KQRQB9XGEA2W224M0A9NTZHY,66883851,2026,E-Katalog 6.0,BLUD,ABADI MAKMUR BERSAMA,E-Purchasing,Barang,Belanja Barang dan Jasa BLUD,ON PROCESS,3348998,3348998
KAB. WAJO,DINAS PENANAMAN MODAL DAN PELAYANAN TERPADU SATU PINTU - 2.18.0.00.0.00.01.0000,01KVADQWQ0Q9ARA9QTR8AAPYPF,65002652,2026,E-Katalog 6.0,APBD,ANDI AKHYAR SULAIMAN,E-Purchasing,Barang,Belanja Alat/Bahan untuk Kegiatan Kantor- Bahan Cetak,ON PROCESS,50000,50000
KAB. WAJO,PUSKESMAS SOLO - 1.02.0.00.0.00.01.0010,01KRYZ813S91NRFH2S5930E1JJ,66313733,2026,E-Katalog 6.0,APBD,NURFAIDAH,E-Purchasing,Barang,Belanja Barang dan Jasa BLUD,ON PROCESS,1495000,1495000
KAB. WAJO,SEKRETARIAT DEWAN PERWAKILAN RAKYAT DAERAH - 4.02.0.00.0.00.01.0000,01KVSV2GNASDM44F9R8KNPKD0W,63930035,2026,E-Katalog 6.0,APBD,ANDI PARENRENGI,E-Purchasing,Barang,Belanja Makanan dan Minuman Jamuan Tamu,ON PROCESS,447500,447500
KAB. WAJO,DINAS PERUMAHAN DAN KAWASAN PERMUKIMAN - 1.04.0.00.0.00.01.0000,01KQVPE2CB3TFKWGVC4KQWFN2H,66963513,2026,E-Katalog 6.0,APBD,ANDI AKHYAR SULAIMAN,E-Purchasing,Barang,Belanja Alat/Bahan untuk Kegiatan Kantor-Benda Pos pada kegiatan Penyediaan Jasa Surat Menyurat,ON PROCESS,600000,600000
KAB. WAJO,SEKRETARIAT DAERAH - 4.01.0.00.0.00.01.0000,01KWC2KGKC6QY5D57Q1MWK7KGJ,63637426,2026,E-Katalog 6.0,APBD,MITRA SERMANI HOTEL,E-Purchasing,Barang,Belanja Sewa Hotel,ON PROCESS,1800000,1800000
KAB. WAJO,DINAS KESEHATAN - 1.02.0.00.0.00.01.0000,01KP7SQEX39Y3KA0N0WTAS6H35,66791057,2026,E-Katalog 6.0,APBD,ARSYAD M,E-Purchasing,Barang,Belanja Alat/Bahan untuk Kegiatan Kantor-Alat Tulis Kantor pada sub kegiatan Pengelolaan Pelayanan Kesehatan pada Usia Produktif,ON PROCESS,385998,385998
KAB. WAJO,"DINAS PERINDUSTRIAN, PERDAGANGAN, KOPERASI, USAHA KECIL DAN MENENGAH - 2.17.3.30.3.31.01.0000",01KTK4DNJHXG69NA2RYRV4424J,67240989,2026,E-Katalog 6.0,APBD,TAMIYA NURUL WULANDA,E-Purchasing,Barang,"Belanja Makanan dan Minuman Rapat pada Sub Kegiatan Koordinasi, Sinkronisasi, dan Pelaksanaan Pembangunan Sumber Daya Industri",ON PROCESS,7500000,7500000
KAB. WAJO,PUSKESMAS PAMMANA - 1.02.0.00.0.00.01.0009,01KR2H33ZR6BQWBQF2BPZ7NFKQ,65993330,2026,E-Katalog 6.0,APBD,FAIZAL,E-Purchasing,Barang,Belanja Barang dan Jasa BLUD,PAYMENT OUTSIDE SYSTEM,8851849,8851849
KAB. WAJO,DINAS LINGKUNGAN HIDUP - 2.11.0.00.0.00.01.0000,01KN19M8KKKND04D3S9C9GTX6T,65710872,2026,E-Katalog 6.0,APBD,AQILAHDAFFA,E-Purchasing,Barang,Belanja makanan dan minuman aktivitas lapangan,ON PROCESS,7375000,7375000
KAB. WAJO,PUSKESMAS TOSORA - 1.02.0.00.0.00.01.0016,01KVSRYM3TEJGV87XA1NFT3TZ2,66096340,2026,E-Katalog 6.0,APBD,ASTI WAHYUNI,E-Purchasing,Barang,"Belanja Barang dan Jasa BOK Puskesmas pada sub kegiatan Peningkatan Upaya Promosi Kesehatan, Advokasi, Kemitraan dan Pemberdayaan Masyarakat",ON PROCESS,718200,718200
KAB. WAJO,SEKRETARIAT DEWAN PERWAKILAN RAKYAT DAERAH - 4.02.0.00.0.00.01.0000,01KT8WJ3XFC77T5X5T74EG2FAT,63929617,2026,E-Katalog 6.0,APBD,AMRAN SURYADI,E-Purchasing,Barang,"Belanja Alat/Bahan untuk Kegiatan Kantor- Bahan Cetak - Monitoring, Evaluasi dan Penilaian Kinerja Pegawai",ON PROCESS,227594,227594
KAB. WAJO,BADAN PENANGGGULANGAN BENCANA DAERAH - 1.05.0.00.0.00.04.0000,01KR0KA3N2WM5YQ4GCASCVVPMF,66843259,2026,E-Katalog 6.0,APBD,ANDI NIRWANA,E-Purchasing,Barang,Belanja Makanan dan Minuman Rapat,ON PROCESS,149100,149100
KAB. WAJO,SEKRETARIAT DAERAH - 4.01.0.00.0.00.01.0000,01KNNWG434JHNFFK0GE68CGCG6,65287974,2026,E-Katalog 6.0,APBD,TENRI MAWAR,E-Purchasing,Barang,Belanja Sewa Kendaraan Bermotor Penumpang,ON PROCESS,5000000,5000000
KAB. WAJO,PUSKESMAS GILIRENG - 1.02.0.00.0.00.01.0019,01KRG9VB295PEJPBWDCS4XD8GB,66073569,2026,E-Katalog 6.0,APBD,GEDDONG,E-Purchasing,Barang,Belanja Barang dan Jasa BOK Puskesmas pada Sub Kegiatan Pengelolaan Pelayanan Kesehatan Ibu Hamil,ON PROCESS,268500,268500
KAB. WAJO,PUSKESMAS SAPPA - 1.02.0.00.0.00.01.0022,01KWBXMVXDSZHCTWKZT4A1DAEF,66281522,2026,E-Katalog 6.0,APBD,ST.AJIRAH,E-Purchasing,Barang,Kue / Snack,ON PROCESS,268500,268500
KAB. WAJO,PUSKESMAS PARIGI - 1.02.0.00.0.00.01.0023,01KVSRDXW2VNM3QY39W8D55TTX,66570619,2026,E-Katalog 6.0,APBD,NURHAENI,E-Purchasing,Barang,Nasi Kotak,ON PROCESS,299000,299000
KAB. WAJO,SEKRETARIAT DAERAH - 4.01.0.00.0.00.01.0000,01KNNB7FP16R7KZDQT0D43JRNZ,63637426,2026,E-Katalog 6.0,APBD,MITRA SERMANI HOTEL,E-Purchasing,Barang,Belanja Sewa Hotel,ON PROCESS,3900000,3900000
KAB. WAJO,BADAN PENANGGGULANGAN BENCANA DAERAH - 1.05.0.00.0.00.04.0000,01KQYAMBDFDXTFVY2M65CF25CG,66843307,2026,E-Katalog 6.0,APBD,ANDI AKHYAR SULAIMAN,E-Purchasing,Barang,Belanja Alat/Bahan untuk Kegiatan Kantor-Alat Tulis Kantor,ON PROCESS,2022690,2022690
KAB. WAJO,BADAN PENGELOLAAN KEUANGAN DAN PENDAPATAN DAERAH - 5.02.0.00.0.00.01.0000,01KH66Q6QEY94TXAX5AF25JB79,65062190,2026,E-Katalog 6.0,APBD,MALOMO UTAMA DALLENA,E-Purchasing,Jasa Lainnya,Belanja Tenaga Outsourcing Kebersihan,ON PROCESS,16830000,16830000
KAB. WAJO,"DINAS PERINDUSTRIAN, PERDAGANGAN, KOPERASI, USAHA KECIL DAN MENENGAH - 2.17.3.30.3.31.01.0000",01KWG9QDFWRXFJ2B6ET9MBEDM2,67399193,2026,E-Katalog 6.0,APBD,MEDIATAMA BINAKREASI,E-Purchasing,Jasa Lainnya,Belanja Sewa Peralatan Umum Pada Sub Kegiatan Pameran Dagang Nasional,ON PROCESS,29900001,29900001
KAB. WAJO,RSUD LAMADDUKELLENG - 1.02.0.00.0.00.01.0001,01KW0T37FCJHMEYE1T7X1X98RK,65300982,2026,E-Katalog 6.0,BLUD,SYSMEX INDONESIA,E-Purchasing,Barang,Belanja Barang dan Jasa BLUD,ON PROCESS,46176000,0
KAB. WAJO,"DINAS KOMUNIKASI, INFORMATIKA DAN STATISTIK - 2.16.2.20.2.21.02.0000",01KJC08AKSZ66P8GD53JKSJRNJ,65606989,2026,E-Katalog 6.0,APBD,RADAR MAKASSAR BIRO WAJO,E-Purchasing,Barang,Belanja Langganan Jurnal/Surat Kabar/Majalah - Relasi Media ,ON PROCESS,26000000,26000000
KAB. WAJO,PUSKESMAS PATTIROSOMPE - 1.02.0.00.0.00.01.0007,01KRAWAENB5XATXD8Z6H2VZ2A3,66714536,2026,E-Katalog 6.0,APBD,ARSYAD M,E-Purchasing,Barang,Belanja Modal Peralatan dan Mesin BLUD,ON PROCESS,960000,960000
KAB. WAJO,SEKRETARIAT DAERAH - 4.01.0.00.0.00.01.0000,01KRG3DXZMWE2S0TKHBVYNH8JM,65287973,2026,E-Katalog 6.0,APBD,FITRIANI,E-Purchasing,Barang,Belanja Makanan dan Minuman Jamuan Tamu,ON PROCESS,476989,476989
KAB. WAJO,DINAS LINGKUNGAN HIDUP - 2.11.0.00.0.00.01.0000,01KNK9XYH5QFSD8R219JZ3X5QG,64575433,2026,E-Katalog 6.0,APBD,AQILAHDAFFA,E-Purchasing,Barang,Belanja Bahan Cetak,ON PROCESS,1500000,1500000
KAB. WAJO,KECAMATAN PENRANG - 7.01.0.00.0.00.08.0000,01KNHJNBYNXZAC3WPV5DWFBECG,66126253,2026,E-Katalog 6.0,APBD,ANDI AKHYAR SULAIMAN,E-Purchasing,Barang,Belanja Alat/Bahan untuk Kegiatan Kantor-Alat Tulis Kantor,ON PROCESS,497495,497495
KAB. WAJO,SEKRETARIAT DAERAH - 4.01.0.00.0.00.01.0000,01KGSKPAM82SR2FTHZ1FGBH0KY,63592165,2026,E-Katalog 6.0,APBD,IIP WISUDAWATI,E-Purchasing,Barang,Belanja Pemeliharaan Alat Kantor dan Rumah Tangga-Alat Kantor-Alat Kantor Lainnya,ON PROCESS,869999,869999
KAB. WAJO,DINAS PENDIDIKAN DAN KEBUDAYAAN - 1.01.2.22.0.00.02.0000,01KPFW5YEGJAAREWRJJ9D87RVX,63029092,2026,E-Katalog 6.0,APBD,AQILAHDAFFA,E-Purchasing,Barang,Belanja Alat/Bahan untuk Kegiatan Kantor-Alat Tulis Kantor,ON PROCESS,1535700,1535700
KAB. WAJO,"SATUAN POLISI PAMONG PRAJA, PEMADAM KEBAKARAN DAN PENYELAMATAN - 1.05.0.00.0.00.01.0000",01KJS5N9BYFJ3N31H51PCWW7AJ,64064654,2026,E-Katalog 6.0,APBD,ANDI FADLI,E-Purchasing,Barang,Belanja Pemeliharaan Alat Angkutan-Alat Angkutan Darat Bermotor-Kendaraan Bermotor Khusus,ON PROCESS,664890,664890
KAB. WAJO,PUSKESMAS TAKKALALLA - 1.02.0.00.0.00.01.0011,01KNGQXQVYPB76WFHV8E027JAT,66026188,2026,E-Katalog 6.0,APBD,SITTI AISYAH,E-Purchasing,Barang,Belanja Barang dan Jasa BOK Puskesmas Sub Keg Pengelolaan Pelayanan Kesehatan Gizi Masyarakat,ON PROCESS,299000,299000
KAB. WAJO,DINAS KESEHATAN - 1.02.0.00.0.00.01.0000,01KPDSM4K1SEBA3TXN0MKW0AZF,66827323,2026,E-Katalog 6.0,APBD,NOVAPHARIN,E-Purchasing,Barang,"Belanja Obat-Obatan-Obat pada sub kegiatan Pengadaan Obat, Bahan Habis Pakai, Bahan Medis Habis Pakai,, Vaksin, Makanan dan Minuman di Fasilitas Kesehatan",ON PROCESS,42968100,42968100
KAB. WAJO,RSUD LAMADDUKELLENG - 1.02.0.00.0.00.01.0001,01KPA22326KG3CMA199Z713BSR,65300982,2026,E-Katalog 6.0,BLUD,DEXA MEDICA,E-Purchasing,Barang,Belanja Barang dan Jasa BLUD,ON PROCESS,36956673,36956673
KAB. WAJO,SEKRETARIAT DAERAH - 4.01.0.00.0.00.01.0000,01KJP38A76R9ZQ9D7986NSA3FG,65287971,2026,E-Katalog 6.0,APBD,ANDI AKHYAR SULAIMAN,E-Purchasing,Barang,Belanja Alat/Bahan untuk Kegiatan Kantor-Benda Pos,ON PROCESS,1080000,1080000
KAB. WAJO,SEKRETARIAT DAERAH - 4.01.0.00.0.00.01.0000,01KN6R6RDC48ZEQAXN7M7BCJV4,64472575,2026,E-Katalog 6.0,APBD,ANDI AKHYAR SULAIMAN,E-Purchasing,Barang,Belanja Alat/Bahan untuk Kegiatan Kantor-Alat Tulis Kantor,ON PROCESS,1995500,1995500
KAB. WAJO,PUSKESMAS TEMPE - 1.02.0.00.0.00.01.0006,01KTTS6ME95EX3ZTCPZM2W6KV2,65899120,2026,E-Katalog 6.0,APBD,ANDI JUNENNI,E-Purchasing,Barang,Belanja Barang dan Jasa BLUD,ON PROCESS,382400,382400
KAB. WAJO,DINAS PERTANIAN DAN KETAHANAN PANGAN - 2.09.3.27.0.00.02.0000,01KTRDFS0HF22QXG39ZMPW2A84,66410797,2026,E-Katalog 6.0,APBD,GUNAWAN TJANDRA,E-Purchasing,Barang,Belanja Suku Cadang-Suku Cadang Alat Laboratorium,ON PROCESS,14241300,14241300
KAB. WAJO,PUSKESMAS TAKKALALLA - 1.02.0.00.0.00.01.0011,01KQS1Z5DF03V3NQ7JKZXADWE5,66025540,2026,E-Katalog 6.0,APBD,SITTI AISYAH,E-Purchasing,Barang,Belanja Barang dan Jasa BOK Puskesmas Sub Kegiatan Pengelolaan Pelayanan Kesehatan Ibu Hamil,ON PROCESS,180000,180000
KAB. WAJO,SEKRETARIAT DAERAH - 4.01.0.00.0.00.01.0000,01KS4RB4BGH6RF60Q905131G28,63590760,2026,E-Katalog 6.0,APBD,BUNGARATU MEGATAMA,E-Purchasing,Barang,Belanja Alat/Bahan untuk Kegiatan Kantor- Suvenir/Cendera Mata,ON PROCESS,1554000,1554000
KAB. WAJO,KELURAHAN SOLO - 7.01.0.00.0.00.02.0001,01KTWKEP0P8S6N3WQ45E2073CG,67064936,2026,E-Katalog 6.0,APBD,SOLO WAJO,E-Purchasing,Barang,Belanja Makanan dan Minuman Rapat,ON PROCESS,2490000,2490000
KAB. WAJO,"DINAS PEKERJAAN UMUM, PENATAAN RUANG DAN PERTANAHAN - 1.03.2.10.0.00.01.0000",01KRDK7RC9BV95GRRBWJXDDSQ0,67085298,2026,E-Katalog 6.0,APBD,AMRAN SURYADI,E-Purchasing,Barang,Belanja Alat/Bahan untuk Kegiatan Kantor- Bahan Cetak,ON PROCESS,1392932,1392932
KAB. WAJO,PUSKESMAS SABBANGPARU - 1.02.0.00.0.00.01.0003,01KS794BQ9S73RSYQJ8ZNFM7Y9,66481720,2026,E-Katalog 6.0,APBD,BINTANG LIMA MEDIKA,E-Purchasing,Barang,Belanja Barang dan Jasa BLUD,ON PROCESS,70840755,70840755
KAB. WAJO,RSUD LAMADDUKELLENG - 1.02.0.00.0.00.01.0001,01KTX2XRWCWFY6CNZNV28DRGXR,65300982,2026,E-Katalog 6.0,BLUD,PRATAPA NIRMALA,E-Purchasing,Barang,Belanja Barang dan Jasa BLUD,ON PROCESS,6198795,6198795
KAB. WAJO,SEKRETARIAT DAERAH - 4.01.0.00.0.00.01.0000,01KGSJN5B4829ZB8J2C97BQNDB,64910949,2026,E-Katalog 6.0,APBD,GUNAWAN TJANDRA,E-Purchasing,Barang,Belanja Modal Alat Pendingin,ON PROCESS,9213000,9213000
KAB. WAJO,"DINAS KOMUNIKASI, INFORMATIKA DAN STATISTIK - 2.16.2.20.2.21.02.0000",01KJPMP03MG7DCQA7AT1TTDMK7,65606990,2026,E-Katalog 6.0,APBD,INFO TERKINI NUSANTARA,E-Purchasing,Barang,Belanja Kawat/Faksimili/Internet/TV Berlangganan - Relasi Media ,ON PROCESS,2124984,2124984
KAB. WAJO,"DINAS KOMUNIKASI, INFORMATIKA DAN STATISTIK - 2.16.2.20.2.21.02.0000",01KVWAN26NHENTH9K3QJ85X21G,65606989,2026,E-Katalog 6.0,APBD,AJATTAPARENG PRESS INTERMEDIA,E-Purchasing,Barang,Belanja Langganan Jurnal/Surat Kabar/Majalah - Relasi Media ,ON PROCESS,4995000,4995000
KAB. WAJO,SEKRETARIAT DAERAH - 4.01.0.00.0.00.01.0000,01KWEEV9ENHGH1ZJJGANHE47Z1,63636068,2026,E-Katalog 6.0,APBD,ANDI ERNA,E-Purchasing,Barang,Belanja Natura dan Pakan-Natura,ON PROCESS,238500,238500
KAB. WAJO,PUSKESMAS LIU - 1.02.0.00.0.00.01.0005,01KP26BDNWQ9Q062A17WRJR935,66778417,2026,E-Katalog 6.0,APBD,ASTI WAHYUNI,E-Purchasing,Barang,Belanja Barang dan Jasa BOK Puskesmas pada Sub Kegiatan Pengelolaan Pelayanan Kesehatan Ibu Hamil,ON PROCESS,196900,196900
KAB. WAJO,KECAMATAN MAJAULENG - 7.01.0.00.0.00.05.0000,01KWE6M1V69XK2VHSJH7H8CNTP,65625284,2026,E-Katalog 6.0,APBD,FITRI RAHMADHANI,E-Purchasing,Jasa Lainnya,Belanja Makanan dan Minuman Rapat,ON PROCESS,800000,800000
KAB. WAJO,DINAS LINGKUNGAN HIDUP - 2.11.0.00.0.00.01.0000,01KN1ABSM1ZMK83SCHB9HTY8KY,65712730,2026,E-Katalog 6.0,APBD,A. MUH. ABRAR,E-Purchasing,Barang,Belanja Alat Tulis Kantor,ON PROCESS,1120000,1120000
KAB. WAJO,PUSKESMAS SALOBULO - 1.02.0.00.0.00.01.0013,01KQEZM1ER5EVQ72W3NFKXAP88,66080648,2026,E-Katalog 6.0,APBD,ANDI JUNENNI,E-Purchasing,Barang,Belanja Barang dan Jasa BOK Puskesmas pada sub kegiatan Pengelolaan Gizi Masyarakat,ON PROCESS,598000,598000
KAB. WAJO,SEKRETARIAT DEWAN PERWAKILAN RAKYAT DAERAH - 4.02.0.00.0.00.01.0000,01KV4NEGHZAHFJCFTCKYF0T2Y0,63930161,2026,E-Katalog 6.0,APBD,BUNGARATU MEGATAMA,E-Purchasing,Barang,Belanja Alat/Bahan untuk Kegiatan Kantor- Suvenir/Cendera Mata,ON PROCESS,527250,527250
KAB. WAJO,RSUD LAMADDUKELLENG - 1.02.0.00.0.00.01.0001,01KN0TVJW3KZM7VN5RWX3ZVHYP,65300982,2026,E-Katalog 6.0,BLUD,TRITAS JAYA MAKASSAR,E-Purchasing,Barang,Belanja Barang dan Jasa BLUD,ON PROCESS,299880000,299880000
KAB. WAJO,PUSKESMAS PENRANG - 1.02.0.00.0.00.01.0014,01KTNSS73Q24D6CDXHQ2FHCQGM,66076986,2026,E-Katalog 6.0,APBD,ANDI JUNENNI,E-Purchasing,Barang,Belanja barang dan jasa BOK puskesmas pada sub kegiatan Pengelolaan Pelayanan Kesehatan Ibu Hamil,ON PROCESS,304300,304300
KAB. WAJO,"DINAS KOMUNIKASI, INFORMATIKA DAN STATISTIK - 2.16.2.20.2.21.02.0000",01KQ6X9MYWNY43FKCRAJZQEYTS,66971163,2026,E-Katalog 6.0,APBD,ANDI AKHYAR SULAIMAN,E-Purchasing,Barang,Belanja Alat/Bahan untuk Kegiatan Kantor-Alat Tulis Kantor-Koordinasi pelaksanaan Manajemen SPBE,ON PROCESS,422499,422499
KAB. WAJO,PUSKESMAS MAJAULENG - 1.02.0.00.0.00.01.0015,01KTN0A7B7GTH402TDJA4X2DHB,66228185,2026,E-Katalog 6.0,APBD,REZKY JAYA ABADI,E-Purchasing,Barang,Belanja Barang dan Jasa BOK Puskesmas pada Sub kegiatan Bimbingan Teknis dan Supervisi Pengembangan dan Pelaksanaan Upaya Kesehatan Bersumber Daya Masyarakat (UKBM),ON PROCESS,537000,537000
KAB. WAJO,PUSKESMAS WEWANGREWU - 1.02.0.00.0.00.01.0018,01KPQ37GXATJ1FNRX0CBRXZ4SG,66766397,2026,E-Katalog 6.0,APBD,ANDI JUNENNI,E-Purchasing,Barang,Belanja Barang dan Jasa BOK Puskesmas pada sub kegiatan Pengelolaan Pelayanan Kesehatan Gizi Masyarakat,ON PROCESS,717000,717000
KAB. WAJO,PUSKESMAS TANASITOLO - 1.02.0.00.0.00.01.0017,01KTXP6C3W2KGYYPMK0R2TG8FN,66682556,2026,E-Katalog 6.0,APBD,MUHAMMAD ZULKARNAIN,E-Purchasing,Barang,Belanja Barang dan Jasa  BOK Puskesmas Pada Sub Kegiatan Pengelolaan Pelayanan Kesehatan Ibu Hamil,ON PROCESS,300000,300000
KAB. WAJO,PUSKESMAS TOSORA - 1.02.0.00.0.00.01.0016,01KQS27EDXVBQX2T63HBEM0N76,66096187,2026,E-Katalog 6.0,APBD,ASTI WAHYUNI,E-Purchasing,Barang,Belanja Barang dan Jasa BOK Puskesmas pada Sub Kegiatan Pengelolaan Pelayanan Kesehatan Ibu Hamil ,ON PROCESS,304300,304300
KAB. WAJO,BADAN PENANGGGULANGAN BENCANA DAERAH - 1.05.0.00.0.00.04.0000,01KTDMH8NX2701SD3VR2CA608Y,66837394,2026,E-Katalog 6.0,APBD,A. MUH. ABRAR,E-Purchasing,Barang,Belanja Alat/Bahan untuk Kegiatan Kantor-Alat Tulis Kantor,ON PROCESS,2924000,2924000
KAB. WAJO,DINAS PERTANIAN DAN KETAHANAN PANGAN - 2.09.3.27.0.00.02.0000,01KQS7PEMGQ1QMQ3R6SN74985Z,66410783,2026,E-Katalog 6.0,APBD,REZKY JAYA ABADI,E-Purchasing,Barang,Belanja Modal Alat Kantor Lainnya,ON PROCESS,577200,577200
KAB. WAJO,"DINAS KOMUNIKASI, INFORMATIKA DAN STATISTIK - 2.16.2.20.2.21.02.0000",01KN417QBDF87EWV20V7VCZYE3,65606909,2026,E-Katalog 6.0,APBD,AQILAHDAFFA,E-Purchasing,Barang,Belanja Makanan dan Minuman Rapat - Penyediaan Jasa Pelayanan Umum Kantor ,ON PROCESS,24874400,24874400
KAB. WAJO,PUSKESMAS TOSORA - 1.02.0.00.0.00.01.0016,01KRWZQ0NB9P3X6R46JTC4DAX6,66114293,2026,E-Katalog 6.0,APBD,ASTI WAHYUNI,E-Purchasing,Barang,Belanja Barang dan Jasa BLUD,ON PROCESS,416000,416000
KAB. WAJO,DINAS TENAGA KERJA DAN TRANSMIGRASI - 2.07.3.32.0.00.02.0000,01KP7KTW11TZPMNEGPNWRYKH2V,66253674,2026,E-Katalog 6.0,APBD,AQILAHDAFFA,E-Purchasing,Barang,Belanja Alat/Bahan untuk Kegiatan Kantor-Alat Tulis Kantor,ON PROCESS,747320,747320
KAB. WAJO,"DINAS PEMUDA, OLAHRAGA DAN PARIWISATA - 2.19.3.26.0.00.02.0000",01KT92YZYWVQ74253TGNHG1HG0,66984179,2026,E-Katalog 6.0,APBD,A. MUH. RIZAL,E-Purchasing,Barang,Belanja Makanan dan Minuman Aktivitas Lapangan Kegiatan Event Olahraga,ON PROCESS,3951200,3951200
KAB. WAJO,SEKRETARIAT DEWAN PERWAKILAN RAKYAT DAERAH - 4.02.0.00.0.00.01.0000,01KFM9H3BEMQ9541P4CCXB8WJJ,63931773,2026,E-Katalog 6.0,APBD,INSAN CITA CATERING,E-Purchasing,Barang,Belanja Makanan dan Minuman Rapat Pelaksanaan Reses,ON PROCESS,6825000,6825000
KAB. WAJO,DINAS KESEHATAN - 1.02.0.00.0.00.01.0000,01KNT6X4RS8TA658863DCM8CSZ,66768550,2026,E-Katalog 6.0,APBD,ARSYAD M,E-Purchasing,Barang,Belanja Alat/Bahan untuk Kegiatan Kantor- Bahan Cetak pada sub kegiatan Koordinasi dan Penyusunan Laporan Capaian Kinerja dan Ikhtisar Realisasi Kinerja SKPD,ON PROCESS,149000,149000
KAB. WAJO,SEKRETARIAT DAERAH - 4.01.0.00.0.00.01.0000,01KQRWRWDKTD1FA1CCTQYX2FZ1,65287975,2026,E-Katalog 6.0,APBD,TENRI MAWAR,E-Purchasing,Barang,Belanja Sewa Kendaraan Bermotor Angkutan Barang,ON PROCESS,16500000,16500000
KAB. WAJO,"SATUAN POLISI PAMONG PRAJA, PEMADAM KEBAKARAN DAN PENYELAMATAN - 1.05.0.00.0.00.01.0000",01KP7VFXYH1BPAXW28QC264QYR,64064729,2026,E-Katalog 6.0,APBD,AMRAN SURYADI,E-Purchasing,Barang,Belanja Alat/Bahan untuk Kegiatan Kantor- Bahan Cetak,ON PROCESS,327450,327450
KAB. WAJO,PUSKESMAS MANIANGPAJO - 1.02.0.00.0.00.01.0021,01KTJXWATFTVGQ6N5P3Z9MQ6SX,66071513,2026,E-Katalog 6.0,APBD,MASDAWATI,E-Purchasing,Barang,Belanja Barang dan Jasa BOK Puskesmas Pada Sub Kegiatan Pengelolaan Pelayanan Kesehatan Ibu Hamil,ON PROCESS,150000,150000
KAB. WAJO,"BADAN PERENCANAAN PEMBANGUNAN, RISET DAN INOVASI DAERAH - 5.01.5.05.0.00.01.0000",01KSEXKYE08Y3J2544PM2YMDTY,62968549,2026,E-Katalog 6.0,APBD,ANDI ERNA,E-Purchasing,Barang,Belanja Makanan dan Minuman Rapat,ON PROCESS,299000,299000
KAB. WAJO,"DINAS PEMUDA, OLAHRAGA DAN PARIWISATA - 2.19.3.26.0.00.02.0000",01KPZE95Z4R1B48JEHDW4WF2B9,63936736,2026,E-Katalog 6.0,APBD,GUNAWAN TJANDRA,E-Purchasing,Barang,Belanja Modal Personal Computer - Belanja Komputer (Penyediaan Sarpras Kantor),ON PROCESS,53499999,53499999
KAB. WAJO,KECAMATAN PENRANG - 7.01.0.00.0.00.08.0000,01KKSVM47SMMA6EA3ZGXRJB7Y8,66434819,2026,E-Katalog 6.0,APBD,JUMRITA,E-Purchasing,Barang,Belanja Makanan dan Minuman Rapat,ON PROCESS,4900000,4900000
KAB. WAJO,"DINAS PEKERJAAN UMUM, PENATAAN RUANG DAN PERTANAHAN - 1.03.2.10.0.00.01.0000",10813603000,66755540,2026,Non Tender,APBD,Ir. WAHYUDDIN MS,Pengadaan Langsung,Jasa Konsultansi Perorangan Konstruksi,Team Leader (Ahli Teknik Jalan) Perencanan Pengaspalan,SELESAI,65073000,65073000
KAB. WAJO,"BADAN PERENCANAAN PEMBANGUNAN, RISET DAN INOVASI DAERAH - 5.01.5.05.0.00.01.0000",01KPAMEGQTQFDZ1GWGJVKBTFPZ,65209302,2026,E-Katalog 6.0,APBD,ANDI AKHYAR SULAIMAN,E-Purchasing,Barang,Belanja Alat/Bahan untuk Kegiatan Kantor-Alat Tulis Kantor,ON PROCESS,1816002,1816002
KAB. WAJO,RSUD SIWA - 1.02.0.00.0.00.01.0002,01KVSED2XAXCWB1V0TM0WCK23R,66883851,2026,E-Katalog 6.0,BLUD,DENTSPLY SIRONA INDONESIA,E-Purchasing,Barang,Belanja Barang dan Jasa BLUD,ON PROCESS,3532420,0
KAB. WAJO,"BADAN PERENCANAAN PEMBANGUNAN, RISET DAN INOVASI DAERAH - 5.01.5.05.0.00.01.0000",01KMVXYS5GNX2XYGJGMST2C1PC,65633280,2026,E-Katalog 6.0,APBD,ANDI ERNA,E-Purchasing,Barang,Belanja Makanan dan Minuman Rapat,ON PROCESS,7624500,7624500
KAB. WAJO,PUSKESMAS LEMPA - 1.02.0.00.0.00.01.0004,01KPYGREXQ4FQFZQGC0AM7ABZ3,66579247,2026,E-Katalog 6.0,APBD,PRIMARY PERSADA MEDIKA,E-Purchasing,Barang,Belanja Barang dan Jasa BLUD,ON PROCESS,23604575,23604575
KAB. WAJO,"DINAS PEMUDA, OLAHRAGA DAN PARIWISATA - 2.19.3.26.0.00.02.0000",01KQ9TH9Y9FRB64TR1CVC1TVG3,63937046,2026,E-Katalog 6.0,APBD,ANANCI,E-Purchasing,Barang,Belanja Alat/Bahan untuk Kegiatan Kantor-Alat Tulis Kantor (Dokumen LKjIP),ON PROCESS,1277956,1277956
KAB. WAJO,DINAS PENDIDIKAN DAN KEBUDAYAAN - 1.01.2.22.0.00.02.0000,01KSH9PXC9S3X0X7S2G2RX63RQ,63028090,2026,E-Katalog 6.0,APBD,HARIANTO,E-Purchasing,Jasa Lainnya,Belanja Alat/Bahan untuk Kegiatan Kantor- Bahan Cetak,ON PROCESS,364191,364191
KAB. WAJO,DINAS KEPENDUDUKAN DAN PENCATATAN SIPIL - 2.12.0.00.0.00.01.0000,01KQS4CXVAD5M1Q1429Q1PRVKY,66539385,2026,E-Katalog 6.0,APBD,MUKHTAR,E-Purchasing,Barang,Belanja Pemeliharaan Komputer-Peralatan Komputer-Peralatan Mini Computer,ON PROCESS,1050000,1050000
KAB. WAJO,PUSKESMAS TAKKALALLA - 1.02.0.00.0.00.01.0011,01KPAFA95VPGVRNSV60ERSE0XF,66025540,2026,E-Katalog 6.0,APBD,SITTI AISYAH,E-Purchasing,Barang,Belanja Barang dan Jasa BOK Puskesmas Sub Kegiatan Pengelolaan Pelayanan Kesehatan Ibu Hamil,ON PROCESS,180000,180000
KAB. WAJO,BADAN PENGELOLAAN KEUANGAN DAN PENDAPATAN DAERAH - 5.02.0.00.0.00.01.0000,01KG457QNW7Q3H53178YQX7XF5,63991975,2026,E-Katalog 6.0,APBD,ASTI WAHYUNI,E-Purchasing,Barang,Belanja Makanan dan Minuman Rapat,ON PROCESS,525000,525000
KAB. WAJO,"SATUAN POLISI PAMONG PRAJA, PEMADAM KEBAKARAN DAN PENYELAMATAN - 1.05.0.00.0.00.01.0000",01KT5JVRSQWGYG6PVZZQ7N6DB9,64200533,2026,E-Katalog 6.0,APBD,BASO MUNAWIR,E-Purchasing,Barang,Belanja Makanan dan Minuman Rapat,ON PROCESS,726300,726300
KAB. WAJO,"SATUAN POLISI PAMONG PRAJA, PEMADAM KEBAKARAN DAN PENYELAMATAN - 1.05.0.00.0.00.01.0000",01KVEXYTHNRS1PAWW98V7KEF78,64219424,2026,E-Katalog 6.0,APBD,DARNAWATI,E-Purchasing,Barang,Belanja Makanan dan Minuman Aktivitas Lapangan,ON PROCESS,484200,484200
KAB. WAJO,DINAS PERTANIAN DAN KETAHANAN PANGAN - 2.09.3.27.0.00.02.0000,10828141000,66895882,2026,Non Tender,APBD,CV. SABANA HARSA,Pengadaan Langsung,Jasa Konsultansi Badan Usaha Konstruksi,"Perencanaan Teknis Pembangunan Jalan Usaha Tani (JUT) Wilayah Selatan Tahun Anggaran 2027 (Kec. Sabbangparu, Kec. Penrang, Kec. Tempe, Kec. Bola, Kec. Takkalalla, Kec. Tanasitolo dan Kec. Pammana) Konsolidasi",SELESAI,99547020,99547020
KAB. WAJO,BAGIAN UMUM - 4.01.2.23.2.24.01.0007,10848615000,63726614,2026,Non Tender,APBD,CV. MAKKITA CONSULTANT,Pengadaan Langsung,Jasa Konsultansi Badan Usaha Konstruksi,PERENCANAAN REHAB WECUDAI,SELESAI,34677510,34677510
KAB. WAJO,KECAMATAN KEERA - 7.01.0.00.0.00.04.0000,01KQC19GNXXB904W61R086WQPH,65625382,2026,E-Katalog 6.0,APBD,NOVI ASTIKA,E-Purchasing,Barang,Peningkatan Efektifitas Kegiatan Pemberdayaan Masyarakat di Wilayah Kecamatan,ON PROCESS,2000000,2000000
KAB. WAJO,SEKRETARIAT DAERAH - 4.01.0.00.0.00.01.0000,01KVSSXYWTWXJGZ40CYCNPHVZE,63636068,2026,E-Katalog 6.0,APBD,ANDI ERNA,E-Purchasing,Barang,Belanja Natura dan Pakan-Natura,ON PROCESS,9900000,9900000
KAB. WAJO,SEKRETARIAT DEWAN PERWAKILAN RAKYAT DAERAH - 4.02.0.00.0.00.01.0000,01KTTREF8S5RZNPWMVVTD4528C,63931075,2026,E-Katalog 6.0,APBD,MUSTAFA HI. BANDUNG,E-Purchasing,Barang,Belanja Makanan dan Minuman Rapat Pengawasan Bidang Pemerintahhan dan Hukum,ON PROCESS,1610000,1610000
KAB. WAJO,BADAN KESATUAN BANGSA DAN POLITIK - 8.01.0.00.0.00.01.0000,01KKAJJM6MJ9EYWCEZK6K7J7TH,63062415,2026,E-Katalog 6.0,APBD,DYA RAHAYU AISYAH PUTRI,E-Purchasing,Barang,Belanja Makanan dan Minuman Rapat,ON PROCESS,3269000,3269000
KAB. WAJO,PUSKESMAS TAKKALALLA - 1.02.0.00.0.00.01.0011,01KPQ7H8Z53ZE4KKDGTA58JVPX,66025540,2026,E-Katalog 6.0,APBD,SITTI AISYAH,E-Purchasing,Barang,Belanja Barang dan Jasa BOK Puskesmas Sub Kegiatan Pengelolaan Pelayanan Kesehatan Ibu Hamil,ON PROCESS,180000,180000
KAB. WAJO,"DINAS PEMUDA, OLAHRAGA DAN PARIWISATA - 2.19.3.26.0.00.02.0000",01KPWHY3TDYFW0TRC15PP5NGBG,66984179,2026,E-Katalog 6.0,APBD,A. MUH. RIZAL,E-Purchasing,Barang,Belanja Makanan dan Minuman Aktivitas Lapangan Kegiatan Event Olahraga,ON PROCESS,4490000,4490000
KAB. WAJO,SEKRETARIAT DAERAH - 4.01.0.00.0.00.01.0000,01KVYNB3VZKGAB5SCP2CS91XF8,63553319,2026,E-Katalog 6.0,APBD,"ANDI DILAYANTI, S.E.",E-Purchasing,Barang,Belanja Alat/Bahan untuk Kegiatan Kantor-Alat Tulis Kantor,ON PROCESS,2127998,2127998
KAB. WAJO,KECAMATAN SABBANGPARU - 7.01.0.00.0.00.10.0000,01KP8NGM94WAVC1S2Q7NGYW3PM,65656201,2026,E-Katalog 6.0,APBD,ANDI AKHYAR SULAIMAN,E-Purchasing,Barang,Belanja Alat/Bahan untuk Kegiatan Kantor-Alat Tulis Kantor Kegiatan Penyediaan Jasa Surat Menyurat,ON PROCESS,4888770,4888770
KAB. WAJO,SEKRETARIAT DAERAH - 4.01.0.00.0.00.01.0000,01KG643688SX3MXW09A7YGRQ3Q,63592165,2026,E-Katalog 6.0,APBD,IIP WISUDAWATI,E-Purchasing,Barang,Belanja Pemeliharaan Alat Kantor dan Rumah Tangga-Alat Kantor-Alat Kantor Lainnya,ON PROCESS,9660993,9660993
KAB. WAJO,"DINAS PEMUDA, OLAHRAGA DAN PARIWISATA - 2.19.3.26.0.00.02.0000",01KNKK5PXQR4XVYM24DK37TJTJ,63936852,2026,E-Katalog 6.0,APBD,ANANCI,E-Purchasing,Barang,Belanja Alat/Bahan untuk Kegiatan Kantor-Alat Tulis Kantor Kegiatan Forum OPD,ON PROCESS,370150,370150
KAB. WAJO,"DINAS PERINDUSTRIAN, PERDAGANGAN, KOPERASI, USAHA KECIL DAN MENENGAH - 2.17.3.30.3.31.01.0000",01KMHX59YWB3EGJEX4GTHST3Q6,65975734,2026,E-Katalog 6.0,APBD,AQILAHDAFFA,E-Purchasing,Barang,Belanja Alat/Bahan untuk Kegiatan Kantor- Bahan Cetak pada Sub Kegiatan Pelaksanaan Operasi Pasar Reguler dan Pasar Khusus yang Berdampak dalam 1 (Satu) Kabupaten/Kota,ON PROCESS,286160,286160
KAB. WAJO,"DINAS KOMUNIKASI, INFORMATIKA DAN STATISTIK - 2.16.2.20.2.21.02.0000",01KJBZTD5G6E2X0QFSFZ811DWK,65606989,2026,E-Katalog 6.0,APBD,MEDIA NUSANTARA CREASI,E-Purchasing,Barang,Belanja Langganan Jurnal/Surat Kabar/Majalah - Relasi Media ,ON PROCESS,7492500,7492500
KAB. WAJO,DINAS KESEHATAN - 1.02.0.00.0.00.01.0000,01KRK4PVB2SFHY1ETGDMVSTDPC,66775959,2026,E-Katalog 6.0,APBD,ANDI JUNENNI,E-Purchasing,Barang,Belanja Makanan dan Minuman Rapat pada sub kegiatan Pengelolaan Pelayanan Kesehatan pada Usia Pendidikan Dasar,ON PROCESS,5848000,5848000
KAB. WAJO,DINAS PERTANIAN DAN KETAHANAN PANGAN - 2.09.3.27.0.00.02.0000,01KT3WD1N285EXEHCC0KM16BR5,66410781,2026,E-Katalog 6.0,APBD,GUNAWAN TJANDRA,E-Purchasing,Barang,Belanja Alat/Bahan untuk Kegiatan Kantor-Perabot Kantor,ON PROCESS,34200006,34200006
KAB. WAJO,PUSKESMAS GILIRENG - 1.02.0.00.0.00.01.0019,01KRGCM538REXKKY8QMCYX1B42,66077267,2026,E-Katalog 6.0,APBD,GEDDONG,E-Purchasing,Barang,Belanja Barang dan Jasa BOK Puskesmas pada Sub Kegiatan Pengelolaan Pelayanan Kesehatan Gizi Masyarakat,ON PROCESS,897000,897000
KAB. WAJO,SEKRETARIAT DEWAN PERWAKILAN RAKYAT DAERAH - 4.02.0.00.0.00.01.0000,01KQ9K78ESHRTDGG47KT72ER5Y,63929140,2026,E-Katalog 6.0,APBD,PRODIA WIDYAHUSADA,E-Purchasing,Jasa Lainnya,Belanja Medical Check Up,ON PROCESS,9000000,9000000
KAB. WAJO,"DINAS PERINDUSTRIAN, PERDAGANGAN, KOPERASI, USAHA KECIL DAN MENENGAH - 2.17.3.30.3.31.01.0000",01KKR93QGAAGYSSCBTJ2BM6AXW,65977279,2026,E-Katalog 6.0,APBD,SUCI ARDIYANTI,E-Purchasing,Barang,Belanja Natura dan Pakan-Natura pada Sub Kegiatan Pelaksanaan Operasi Pasar Reguler dan Pasar Khusus yang Berdampak dalam 1 (Satu) Kabupaten/Kota,ON PROCESS,302239600,302239600
KAB. WAJO,PUSKESMAS PARIGI - 1.02.0.00.0.00.01.0023,01KVCZVTH0KNZRPP8HPPT0D4AH,66570619,2026,E-Katalog 6.0,APBD,NURHAENI,E-Purchasing,Barang,Nasi Kotak,ON PROCESS,299000,299000
KAB. WAJO,"SATUAN POLISI PAMONG PRAJA, PEMADAM KEBAKARAN DAN PENYELAMATAN - 1.05.0.00.0.00.01.0000",01KS77JZHK9S985XVEJ23YWPY9,66910838,2026,E-Katalog 6.0,APBD,MEGAWATI,E-Purchasing,Barang,Belanja Makanan dan Minuman Aktivitas Lapangan,ON PROCESS,3312500,3312500
KAB. WAJO,PUSKESMAS TAKKALALLA - 1.02.0.00.0.00.01.0011,01KQVZRM6X5B3PVR7NXZXNR0JE,66077022,2026,E-Katalog 6.0,APBD,SITTI AISYAH,E-Purchasing,Barang,Belanja Barang dan Jasa BLUD,ON PROCESS,1074000,1074000
KAB. WAJO,RSUD LAMADDUKELLENG - 1.02.0.00.0.00.01.0001,01KJS7C6FPS8FSC42YBG9GSVJ9,65300982,2026,E-Katalog 6.0,BLUD,TAMARA OVERSEAS CORPORINDO,E-Purchasing,Barang,Belanja Barang dan Jasa BLUD,ON PROCESS,24975000,0
KAB. WAJO,"SATUAN POLISI PAMONG PRAJA, PEMADAM KEBAKARAN DAN PENYELAMATAN - 1.05.0.00.0.00.01.0000",01KVC907P76Z5A70N0PS0ZZZW7,64200533,2026,E-Katalog 6.0,APBD,ANDI MARWANAH,E-Purchasing,Barang,Belanja Makanan dan Minuman Rapat,ON PROCESS,941500,941500
KAB. WAJO,SEKRETARIAT DAERAH - 4.01.0.00.0.00.01.0000,01KNNBNKBJ3S943NKYTJFM3ANP,63590760,2026,E-Katalog 6.0,APBD,BUNGARATU MEGATAMA,E-Purchasing,Barang,Belanja Alat/Bahan untuk Kegiatan Kantor- Suvenir/Cendera Mata,ON PROCESS,3776999,3776999
KAB. WAJO,PUSKESMAS SAPPA - 1.02.0.00.0.00.01.0022,01KR3MDSHBJHZ1EJKEEXX5P161,66281522,2026,E-Katalog 6.0,APBD,ST.AJIRAH,E-Purchasing,Barang,Kue / Snack,ON PROCESS,268500,268500
KAB. WAJO,"DINAS KOMUNIKASI, INFORMATIKA DAN STATISTIK - 2.16.2.20.2.21.02.0000",01KVFG8YWD0XRFCA9NZWN0MVSX,65606990,2026,E-Katalog 6.0,APBD,MEDIA MULTI INFORMASI,E-Purchasing,Barang,Belanja Kawat/Faksimili/Internet/TV Berlangganan - Relasi Media ,ON PROCESS,5100000,5100000
KAB. WAJO,DINAS PERUMAHAN DAN KAWASAN PERMUKIMAN - 1.04.0.00.0.00.01.0000,01KQYFPV4GMP7WGHT1PNS31XEA,67070116,2026,E-Katalog 6.0,APBD,ANANCI,E-Purchasing,Barang,Belanja Alat tulis Kantor pada Kegiatan Perbaikan Rumah Tidak Layak Huni,ON PROCESS,393380,393380
KAB. WAJO,SEKRETARIAT DAERAH - 4.01.0.00.0.00.01.0000,01KRCV0JC4R4BQN3NR8MT5T8FK,63590760,2026,E-Katalog 6.0,APBD,BUNGARATU MEGATAMA,E-Purchasing,Barang,Belanja Alat/Bahan untuk Kegiatan Kantor- Suvenir/Cendera Mata,ON PROCESS,3165000,3165000
KAB. WAJO,PUSKESMAS KEERA - 1.02.0.00.0.00.01.0020,01KP34VYKMYQKQV5E9862MVZ81,66812850,2026,E-Katalog 6.0,APBD,NOVI ASTIKA,E-Purchasing,Barang,Belanja barang jasa BOK Puskesmas pada sub kegiatan Pengelolaan Pelayanan Kesehatan Ibu Hamil,ON PROCESS,195000,195000
KAB. WAJO,SEKRETARIAT DEWAN PERWAKILAN RAKYAT DAERAH - 4.02.0.00.0.00.01.0000,01KFMZ43E12SBAWGR5XJA5RX8K,63931773,2026,E-Katalog 6.0,APBD,MITRA SERMANI HOTEL,E-Purchasing,Barang,Belanja Makanan dan Minuman Rapat Pelaksanaan Reses,ON PROCESS,6900000,6900000
KAB. WAJO,SEKRETARIAT DEWAN PERWAKILAN RAKYAT DAERAH - 4.02.0.00.0.00.01.0000,01KFW748FN9BJY95ZK3Z3CBQRA,63931773,2026,E-Katalog 6.0,APBD,A. NASRAH,E-Purchasing,Barang,Belanja Makanan dan Minuman Rapat Pelaksanaan Reses,ON PROCESS,6900000,6900000
KAB. WAJO,PUSKESMAS MANIANGPAJO - 1.02.0.00.0.00.01.0021,01KNGMDWMF87JW9XH505WP6WKT,66071513,2026,E-Katalog 6.0,APBD,MASDAWATI,E-Purchasing,Barang,Belanja Barang dan Jasa BOK Puskesmas Pada Sub Kegiatan Pengelolaan Pelayanan Kesehatan Ibu Hamil,ON PROCESS,150000,150000
KAB. WAJO,SEKRETARIAT DAERAH - 4.01.0.00.0.00.01.0000,01KSSYEGB9MQ3W4QJFNW2X3DC6,63590760,2026,E-Katalog 6.0,APBD,BUNGARATU MEGATAMA,E-Purchasing,Barang,Belanja Alat/Bahan untuk Kegiatan Kantor- Suvenir/Cendera Mata,ON PROCESS,2331000,2331000
KAB. WAJO,PUSKESMAS PATTIROSOMPE - 1.02.0.00.0.00.01.0007,01KVSVGH1N6YZBRFHEJ6AV2QVF,66714536,2026,E-Katalog 6.0,APBD,ANDI AZIS ASHAR,E-Purchasing,Barang,Belanja Modal Peralatan dan Mesin BLUD,ON PROCESS,382400,382400
KAB. WAJO,SEKRETARIAT DEWAN PERWAKILAN RAKYAT DAERAH - 4.02.0.00.0.00.01.0000,01KFK0CDH5MPMWZR213K5HC0GF,63931770,2026,E-Katalog 6.0,APBD,A. MUH. ABRAR,E-Purchasing,Barang,Belanja Alat/Bahan untuk Kegiatan Kantor-Alat Tulis Kantor Pelaksanaan Reses,ON PROCESS,2010000,0
KAB. WAJO,DINAS PERUMAHAN DAN KAWASAN PERMUKIMAN - 1.04.0.00.0.00.01.0000,01KV590MD0QGFE3GFDEK65EHS4,67264129,2026,E-Katalog 6.0,APBD,ANDI AKHYAR SULAIMAN,E-Purchasing,Barang,Belanja Bahan Cetak pada Kegiatan Pengelolaan Kelembagaan dan analisis Jabatan (ANJAB),ON PROCESS,77500,77500
KAB. WAJO,RSUD LAMADDUKELLENG - 1.02.0.00.0.00.01.0001,01KTJR3019S77D3D031HRPNWXD,65300982,2026,E-Katalog 6.0,BLUD,NUSANTARA PRIMA MEDICALINDO,E-Purchasing,Barang,Belanja Barang dan Jasa BLUD,ON PROCESS,40285674,0
KAB. WAJO,PUSKESMAS TAKKALALLA - 1.02.0.00.0.00.01.0011,01KT34CEXPTRCY35N2EV9862S9,66077022,2026,E-Katalog 6.0,APBD,FEBY RUDISRA,E-Purchasing,Barang,Belanja Barang dan Jasa BLUD,ON PROCESS,2426412,2426412
KAB. WAJO,RSUD LAMADDUKELLENG - 1.02.0.00.0.00.01.0001,01KRZ2RHSBNEBZEW1K22M2YJX5,65300982,2026,E-Katalog 6.0,BLUD,BERNOFARM,E-Purchasing,Barang,Belanja Barang dan Jasa BLUD,ON PROCESS,19639785,19639785
KAB. WAJO,PUSKESMAS MAJAULENG - 1.02.0.00.0.00.01.0015,01KVSD93VF0BVQQ67JGX00QCR8,66228185,2026,E-Katalog 6.0,APBD,REZKY JAYA ABADI,E-Purchasing,Barang,Belanja Barang dan Jasa BOK Puskesmas pada Sub kegiatan Bimbingan Teknis dan Supervisi Pengembangan dan Pelaksanaan Upaya Kesehatan Bersumber Daya Masyarakat (UKBM),ON PROCESS,537000,537000
KAB. WAJO,"SATUAN POLISI PAMONG PRAJA, PEMADAM KEBAKARAN DAN PENYELAMATAN - 1.05.0.00.0.00.01.0000",01KQERCTCW3EXBDX3XSMFS6DYS,66910838,2026,E-Katalog 6.0,APBD,MEGAWATI,E-Purchasing,Barang,Belanja Makanan dan Minuman Aktivitas Lapangan,ON PROCESS,403500,403500
KAB. WAJO,PUSKESMAS WEWANGREWU - 1.02.0.00.0.00.01.0018,01KW918FQJV09QTGA3RVDRMW68,66731115,2026,E-Katalog 6.0,APBD,MUHAMMAD RESKY,E-Purchasing,Barang,Belanja Barang dan Jasa BLUD,ON PROCESS,1959800,1959800
KAB. WAJO,DINAS LINGKUNGAN HIDUP - 2.11.0.00.0.00.01.0000,01KTVDNCQ9M13V7NT5PNHAHBVV,64572766,2026,E-Katalog 6.0,APBD,A. MUH. RIZAL,E-Purchasing,Barang,Belanja Makanan dan Minuman Aktivitas Lapangan,ON PROCESS,7504900,7504900
KAB. WAJO,RSUD LAMADDUKELLENG - 1.02.0.00.0.00.01.0001,01KH1EZSMR2RQNJ5QXTH828SYM,65300982,2026,E-Katalog 6.0,BLUD,AHMADARIS,E-Purchasing,Barang,Belanja Barang dan Jasa BLUD,ON PROCESS,171171990,171171990
KAB. WAJO,RSUD LAMADDUKELLENG - 1.02.0.00.0.00.01.0001,01KVYKFAEBBNSPE268R9MCW71Z,65300982,2026,E-Katalog 6.0,BLUD,IDS MEDICAL SYSTEMS INDONESIA,E-Purchasing,Barang,Belanja Barang dan Jasa BLUD,ON PROCESS,3586521,0
KAB. WAJO,PUSKESMAS TAKKALALLA - 1.02.0.00.0.00.01.0011,01KPD4T2HY97TFF2H9K7VXXQQ5,66025540,2026,E-Katalog 6.0,APBD,SITTI AISYAH,E-Purchasing,Barang,Belanja Barang dan Jasa BOK Puskesmas Sub Kegiatan Pengelolaan Pelayanan Kesehatan Ibu Hamil,ON PROCESS,180000,180000
KAB. WAJO,"SATUAN POLISI PAMONG PRAJA, PEMADAM KEBAKARAN DAN PENYELAMATAN - 1.05.0.00.0.00.01.0000",01KVEY1VFDPQ1FH0QB8B7GTP6S,64219424,2026,E-Katalog 6.0,APBD,DARNAWATI,E-Purchasing,Barang,Belanja Makanan dan Minuman Aktivitas Lapangan,ON PROCESS,403500,403500
KAB. WAJO,DINAS PERIKANAN - 3.25.0.00.0.00.01.0000,01KP2VGNKW53ZVBQAD8QSA5BRT,64498539,2026,E-Katalog 6.0,APBD,ANANCI,E-Purchasing,Barang,Belanja Alat/Bahan untuk Kegiatan Kantor-Alat Tulis Kantor kegiatan Pelaksanaan Penatausahaan dan Pengujian/Verifikasi Keuangan SKPD,ON PROCESS,1008150,1008150
KAB. WAJO,BADAN PENGELOLAAN KEUANGAN DAN PENDAPATAN DAERAH - 5.02.0.00.0.00.01.0000,01KQEG6JAPA8E6XQGGTG1HFY84,63464855,2026,E-Katalog 6.0,APBD,ASTI WAHYUNI,E-Purchasing,Barang,Belanja Makanan dan Minuman Rapat,ON PROCESS,634800,634800
KAB. WAJO,PUSKESMAS SOLO - 1.02.0.00.0.00.01.0010,01KVY5PPSDXGBPX4DBEE0Z9NF8,66313239,2026,E-Katalog 6.0,APBD,NURFAIDAH,E-Purchasing,Barang,"Belanja barang dan jasa BOK Puskesmas pada sub kegiatan Peningkatan Upaya Promosi Kesehatan, Advokasi, Kemitraan dan Pemberdayaan Masyarakat",ON PROCESS,670400,670400
KAB. WAJO,SEKRETARIAT DEWAN PERWAKILAN RAKYAT DAERAH - 4.02.0.00.0.00.01.0000,01KH0YP9Z2TPJMJ65MW8A7BQXJ,63931770,2026,E-Katalog 6.0,APBD,ANDI AKHYAR SULAIMAN,E-Purchasing,Barang,Belanja Alat/Bahan untuk Kegiatan Kantor-Alat Tulis Kantor Pelaksanaan Reses,ON PROCESS,3104400,3104400
KAB. WAJO,RSUD LAMADDUKELLENG - 1.02.0.00.0.00.01.0001,01KPQH9GN810XM0T0JV0BW37WZ,65300982,2026,E-Katalog 6.0,BLUD,SINARAYA NUGRAHA AHMADARIS MEDIKA,E-Purchasing,Barang,Belanja Barang dan Jasa BLUD,ON PROCESS,15788640,15788640
KAB. WAJO,PUSKESMAS SALOBULO - 1.02.0.00.0.00.01.0013,01KQEYR2ZRFQBEZYEBXP5GXYM5,66080648,2026,E-Katalog 6.0,APBD,ANDI JUNENNI,E-Purchasing,Barang,Belanja Barang dan Jasa BOK Puskesmas pada sub kegiatan Pengelolaan Gizi Masyarakat,ON PROCESS,598000,598000
KAB. WAJO,BADAN PENGELOLAAN KEUANGAN DAN PENDAPATAN DAERAH - 5.02.0.00.0.00.01.0000,01KT3CKAK3K4KN73DQS0A5GE8Y,63464855,2026,E-Katalog 6.0,APBD,ASTI WAHYUNI,E-Purchasing,Barang,Belanja Makanan dan Minuman Rapat,ON PROCESS,634800,634800
KAB. WAJO,KECAMATAN PAMMANA - 7.01.0.00.0.00.07.0000,01KVC1XRBVGGJ19HZMBE32KJGM,65756173,2026,E-Katalog 6.0,APBD,RISMA,E-Purchasing,Barang,Belanja Alat/Bahan untuk Kegiatan Kantor - Alat Tulis Kantor,ON PROCESS,3133900,3133900
KAB. WAJO,PUSKESMAS SOLO - 1.02.0.00.0.00.01.0010,01KWKPKPYD4N4AWV8B8K0W0XZX,66313239,2026,E-Katalog 6.0,APBD,NURFAIDAH,E-Purchasing,Barang,"Belanja barang dan jasa BOK Puskesmas pada sub kegiatan Peningkatan Upaya Promosi Kesehatan, Advokasi, Kemitraan dan Pemberdayaan Masyarakat",ON PROCESS,670400,670400
KAB. WAJO,"DINAS KOMUNIKASI, INFORMATIKA DAN STATISTIK - 2.16.2.20.2.21.02.0000",01KJBY9CQ3M2X6KG59A9D7FVB2,65606989,2026,E-Katalog 6.0,APBD,MEDIA FAJAR INDONESIA,E-Purchasing,Barang,Belanja Langganan Jurnal/Surat Kabar/Majalah - Relasi Media ,ON PROCESS,16560000,16560000
KAB. WAJO,DINAS PERTANIAN DAN KETAHANAN PANGAN - 2.09.3.27.0.00.02.0000,01KR11HVAGXAEQWVYD8ZFGVRRQ,66971690,2026,E-Katalog 6.0,APBD,MALOMO UTAMA DALLENA,E-Purchasing,Jasa Lainnya,Belanja Jasa yang Diberikan kepada Pihak Ketiga/Pihak Lain ,ON PROCESS,23999824,23999824
KAB. WAJO,SEKRETARIAT DEWAN PERWAKILAN RAKYAT DAERAH - 4.02.0.00.0.00.01.0000,01KPTC8D74N7JGH77HJBF2FQWY,63931824,2026,E-Katalog 6.0,APBD,ANDI AKHYAR SULAIMAN,E-Purchasing,Barang,Belanja Alat/Bahan untuk Kegiatan Kantor- Bahan Cetak_Pokok_Pikiran,ON PROCESS,654000,654000
KAB. WAJO,PUSKESMAS TAKKALALLA - 1.02.0.00.0.00.01.0011,01KRFMCQEX8WY52FNA9J222FB4,66026020,2026,E-Katalog 6.0,APBD,SITTI AISYAH,E-Purchasing,Barang,Belanja Barang dan Jasa BOK Puskesmas Sub Kegiatan Bimbingan Teknis dan Supervisi Pengembangan dan Pelaksanaan Upaya Kesehatan Bersumber Daya Masyarakat (UKBM),ON PROCESS,180000,180000
KAB. WAJO,PUSKESMAS TOSORA - 1.02.0.00.0.00.01.0016,01KNKJR65213QJF213WW410GCP,66096187,2026,E-Katalog 6.0,APBD,ASTI WAHYUNI,E-Purchasing,Barang,Belanja Barang dan Jasa BOK Puskesmas pada Sub Kegiatan Pengelolaan Pelayanan Kesehatan Ibu Hamil ,ON PROCESS,286400,286400
KAB. WAJO,PUSKESMAS PARIGI - 1.02.0.00.0.00.01.0023,01KWTSFQGAFF3Q2VXYS4V0DBE0,67191993,2026,E-Katalog 6.0,APBD,NURHAENI,E-Purchasing,Barang,Belanja Barang dan Jasa BLUD,ON PROCESS,299000,299000
KAB. WAJO,DINAS LINGKUNGAN HIDUP - 2.11.0.00.0.00.01.0000,01KVAEFPG4956KW9CRV8BG1KHD,64587440,2026,E-Katalog 6.0,APBD,ANANCI,E-Purchasing,Barang,Belanja Alat/Bahan untuk kegiatan kantor - Alat/Bahan untuk Kegiatan Kantor Lainnya,ON PROCESS,4320675,4320675
KAB. WAJO,"SATUAN POLISI PAMONG PRAJA, PEMADAM KEBAKARAN DAN PENYELAMATAN - 1.05.0.00.0.00.01.0000",01KTNVJAYF3KVPKB7X8AGHKB5B,64064652,2026,E-Katalog 6.0,APBD,ANDI FADLI,E-Purchasing,Barang,Belanja Peralatan dan Mesin-Alat Angkutan-Alat Angkutan Darat Bermotor-Kendaraan Bermotor Penumpang,ON PROCESS,1258740,1258740
KAB. WAJO,BADAN KESATUAN BANGSA DAN POLITIK - 8.01.0.00.0.00.01.0000,01KS1HRS47WANSYNEM8TX13AJG,63062318,2026,E-Katalog 6.0,APBD,ANDI ERNA,E-Purchasing,Barang,Belanja Makanan dan Minuman Aktivitas Lapangan,ON PROCESS,2832000,2832000
KAB. WAJO,KECAMATAN PAMMANA - 7.01.0.00.0.00.07.0000,01KTNE78CP4493FGE67SMQR73E,65756780,2026,E-Katalog 6.0,APBD,ANDI ERNA,E-Purchasing,Barang,Belanja Makanan dan Minuman Rapat ,ON PROCESS,1759700,1759700
KAB. WAJO,DINAS KESEHATAN - 1.02.0.00.0.00.01.0000,01KPXCWDETEBY2C7QXYM768050,66827323,2026,E-Katalog 6.0,APBD,DEXA MEDICA,E-Purchasing,Barang,"Belanja Obat-Obatan-Obat pada sub kegiatan Pengadaan Obat, Bahan Habis Pakai, Bahan Medis Habis Pakai,, Vaksin, Makanan dan Minuman di Fasilitas Kesehatan",ON PROCESS,32989200,32989200
KAB. WAJO,KECAMATAN KEERA - 7.01.0.00.0.00.04.0000,01KQY0C7FQE5PPGJNGR0ATT8HZ,65606319,2026,E-Katalog 6.0,APBD,DARNAWATI BAHAR,E-Purchasing,Barang,Koordinasi dan Penyusunan Laporan Capaian Kinerja dan Ikhtisar Realisasi Kinerja SKPD,ON PROCESS,1000000,1000000
KAB. WAJO,PUSKESMAS KEERA - 1.02.0.00.0.00.01.0020,01KTK1V4S5E6PPCJE7X1CS5H6A,66812850,2026,E-Katalog 6.0,APBD,ROSNAENI,E-Purchasing,Barang,Belanja barang jasa BOK Puskesmas pada sub kegiatan Pengelolaan Pelayanan Kesehatan Ibu Hamil,ON PROCESS,195000,195000
KAB. WAJO,PUSKESMAS MANIANGPAJO - 1.02.0.00.0.00.01.0021,01KS6YX7DK8K1V5YMJHPC5BBXV,66074972,2026,E-Katalog 6.0,APBD,MASDAWATI,E-Purchasing,Barang,Belanja Barang dan Jasa Puskesmas  Pada Sub Kegiatan Pengelolaan Pelayanan Kesehatan Gizi Masyarakat,ON PROCESS,1005600,1005600
KAB. WAJO,RSUD LAMADDUKELLENG - 1.02.0.00.0.00.01.0001,01KVA8ETAKENTMVAQDF7QM2JXZ,65300982,2026,E-Katalog 6.0,BLUD,DEXA MEDICA,E-Purchasing,Barang,Belanja Barang dan Jasa BLUD,ON PROCESS,6260400,6260400
KAB. WAJO,SEKRETARIAT DEWAN PERWAKILAN RAKYAT DAERAH - 4.02.0.00.0.00.01.0000,01KG4VC23WXV09AX27G05GRTMK,63931773,2026,E-Katalog 6.0,APBD,SURIANI,E-Purchasing,Barang,Belanja Makanan dan Minuman Rapat Pelaksanaan Reses,ON PROCESS,3450000,3450000
KAB. WAJO,BADAN KEPEGAWAIAN DAN PENGEMBANGAN SUMBER DAYA MANUSIA - 5.03.5.04.0.00.01.0000,01KKTKXJVE5S0NF6VG1C6S33NY,63769399,2026,E-Katalog 6.0,APBD,"ANDI DILAYANTI, S.E.",E-Purchasing,Barang,Belanja Alat/Bahan untuk Kegiatan Kantor-Alat Tulis Kantor pada Kegiatan Penyusunan Dokumen Perencanaan Perangkat Daerah,ON PROCESS,6522832,6522832
KAB. WAJO,BADAN PENGELOLAAN KEUANGAN DAN PENDAPATAN DAERAH - 5.02.0.00.0.00.01.0000,01KJVPN4CWQ7CTNTTCAS8FN6JS,63463228,2026,E-Katalog 6.0,APBD,ASTI WAHYUNI,E-Purchasing,Barang,Belanja Makanan dan Minuman Rapat,ON PROCESS,420000,420000
KAB. WAJO,PUSKESMAS TANASITOLO - 1.02.0.00.0.00.01.0017,01KP3CMZGRP1KXA6C6D2KYBVZ8,66682556,2026,E-Katalog 6.0,APBD,MUHAMMAD ZULKARNAIN,E-Purchasing,Barang,Belanja Barang dan Jasa  BOK Puskesmas Pada Sub Kegiatan Pengelolaan Pelayanan Kesehatan Ibu Hamil,ON PROCESS,300000,300000
KAB. WAJO,RSUD LAMADDUKELLENG - 1.02.0.00.0.00.01.0001,01KT8CKH4B4VEWTKT60G5JDV98,65300982,2026,E-Katalog 6.0,BLUD,AHMADARIS,E-Purchasing,Barang,Belanja Barang dan Jasa BLUD,ON PROCESS,82500195,82500195
KAB. WAJO,PUSKESMAS SABBANGPARU - 1.02.0.00.0.00.01.0003,01KTTR4AEYRSH96KZ3B02K9NSM,66481720,2026,E-Katalog 6.0,APBD,ASTI WAHYUNI,E-Purchasing,Barang,Belanja Barang dan Jasa BLUD,ON PROCESS,956000,956000
KAB. WAJO,PUSKESMAS GILIRENG - 1.02.0.00.0.00.01.0019,01KP86DGR6PPV54EY30F592HQH,66073569,2026,E-Katalog 6.0,APBD,GEDDONG,E-Purchasing,Barang,Belanja Barang dan Jasa BOK Puskesmas pada Sub Kegiatan Pengelolaan Pelayanan Kesehatan Ibu Hamil,ON PROCESS,268500,268500
KAB. WAJO,PUSKESMAS BELAWA - 1.02.0.00.0.00.01.0025,01KVQ4FTM75HAHQW780NSY84H8,66750913,2026,E-Katalog 6.0,APBD,MASDAWATI,E-Purchasing,Barang,Belanja Barang dan Jasa BOK Puskesmas pada sub kegiatan Pengelolaan Pelayanan Kesehatan Ibu Hamil,ON PROCESS,195000,195000
KAB. WAJO,KECAMATAN KEERA - 7.01.0.00.0.00.04.0000,01KP2QHVT8JZRWGTKST2C8R55D,65624662,2026,E-Katalog 6.0,APBD,NOVI ASTIKA,E-Purchasing,Barang,Penyediaan Jasa Pelayanan Umum Kantor,ON PROCESS,2000000,2000000
KAB. WAJO,DINAS PENANAMAN MODAL DAN PELAYANAN TERPADU SATU PINTU - 2.18.0.00.0.00.01.0000,01KVACR4TEBWQR1QBBSFCQ8BJN,65005388,2026,E-Katalog 6.0,APBD,ANDI AKHYAR SULAIMAN,E-Purchasing,Barang,Belanja Alat/Bahan untuk Kegiatan Kantor- Bahan Cetak,ON PROCESS,50000,50000
KAB. WAJO,SEKRETARIAT DEWAN PERWAKILAN RAKYAT DAERAH - 4.02.0.00.0.00.01.0000,01KVWGCTEJBY98TVS70DWDXR0V,63928679,2026,E-Katalog 6.0,APBD,ANDI ROHANA,E-Purchasing,Barang,Belanja Natura dan Pakan-Natura Penyediaan Kebutuhan Rumah Tangga,ON PROCESS,8077298,8077298
KAB. WAJO,DINAS PENDIDIKAN DAN KEBUDAYAAN - 1.01.2.22.0.00.02.0000,01KVW21GGQHCV222HJXPC0QW43,67267060,2026,E-Katalog 6.0,APBD,AQILAHDAFFA,E-Purchasing,Barang,Belanja Alat/Bahan untuk Kegiatan Kantor - Bahan Cetak,ON PROCESS,510000,510000
KAB. WAJO,PUSKESMAS KEERA - 1.02.0.00.0.00.01.0020,01KQ9G7F0GVMMVGWT1EZE87S4V,66812850,2026,E-Katalog 6.0,APBD,ROSNAENI,E-Purchasing,Barang,Belanja barang jasa BOK Puskesmas pada sub kegiatan Pengelolaan Pelayanan Kesehatan Ibu Hamil,ON PROCESS,195000,195000
KAB. WAJO,KECAMATAN TEMPE - 7.01.0.00.0.00.14.0000,01KJ9QMAM12XCGR3VGMKSVK71B,64761753,2026,E-Katalog 6.0,APBD,ANDI AKHYAR SULAIMAN,E-Purchasing,Barang,Belanja Alat/Bahan untuk Kegiatan Kantor- Bahan Cetak,ON PROCESS,1000000,1000000
KAB. WAJO,DINAS LINGKUNGAN HIDUP - 2.11.0.00.0.00.01.0000,01KWGPVE1JGCXP3XN4G6M15ZXD,67383752,2026,E-Katalog 6.0,APBD,SAHAJA ATMA ADIPATI,E-Purchasing,Jasa Lainnya,Belanja Jasa Tenaga Kebersihan/awak mobil sampah (Outsorsing),ON PROCESS,53040000,53040000
KAB. WAJO,DINAS PENDIDIKAN DAN KEBUDAYAAN - 1.01.2.22.0.00.02.0000,01KPBNGAVKYMQV7TZEX5K3BNX3,63027781,2026,E-Katalog 6.0,APBD,MUH IQBAL MASTAL,E-Purchasing,Barang,Belanja Makanan dan Minuman Rapat,ON PROCESS,192585,192585
KAB. WAJO,SEKRETARIAT DEWAN PERWAKILAN RAKYAT DAERAH - 4.02.0.00.0.00.01.0000,01KTTTDYJGQPV45KM4FJZTJ0H0,66889388,2026,E-Katalog 6.0,APBD,ANDI PARENRENGI,E-Purchasing,Barang,Belanja Makanan dan Minuman Rapat Sub Kegiatan Fasiilitasi Rappat Koordiinasi dan Konsultasi DPRD,ON PROCESS,483000,483000
KAB. WAJO,"DINAS PEMUDA, OLAHRAGA DAN PARIWISATA - 2.19.3.26.0.00.02.0000",01KPXBE27WG9ZBAKHYJ257K1AG,66983701,2026,E-Katalog 6.0,APBD,ANDI AKHYAR SULAIMAN,E-Purchasing,Barang,Belanja Alat/Bahan untuk Kegiatan Kantor-Alat Tulis Kantor Kegiatan Event Olahraga,ON PROCESS,5059999,5059999
KAB. WAJO,BADAN PENANGGGULANGAN BENCANA DAERAH - 1.05.0.00.0.00.04.0000,01KQYB3T7V3W2R1EG83N1F3SE7,66843257,2026,E-Katalog 6.0,APBD,ANDI AKHYAR SULAIMAN,E-Purchasing,Barang,Belanja Alat/Bahan untuk Kegiatan Kantor-Alat Tulis Kantor,ON PROCESS,808360,808360
KAB. WAJO,SEKRETARIAT DAERAH - 4.01.0.00.0.00.01.0000,01KQ4DPNGZVSAKV9HR39SBZTX2,63636068,2026,E-Katalog 6.0,APBD,ANDI ERNA,E-Purchasing,Barang,Belanja Natura dan Pakan-Natura,ON PROCESS,5400000,5400000
KAB. WAJO,KECAMATAN GILIRENG - 7.01.0.00.0.00.03.0000,01KSESCV2MS6MQWCGAGRM67750,67195739,2026,E-Katalog 6.0,APBD,ANDI AKHYAR SULAIMAN,E-Purchasing,Barang,Belanja Cetak dan Penggandaan,ON PROCESS,500000,500000
KAB. WAJO,RSUD LAMADDUKELLENG - 1.02.0.00.0.00.01.0001,01KKG4SDQPJ45KVRJZK1RKCRMC,65300982,2026,E-Katalog 6.0,BLUD,PRATAPA NIRMALA,E-Purchasing,Barang,Belanja Barang dan Jasa BLUD,ON PROCESS,25908621,25908621
KAB. WAJO,"SATUAN POLISI PAMONG PRAJA, PEMADAM KEBAKARAN DAN PENYELAMATAN - 1.05.0.00.0.00.01.0000",01KJ4VFW47KQJWQK0SM8REWMWR,64200491,2026,E-Katalog 6.0,APBD,ANDI MARWANAH,E-Purchasing,Barang,Belanja Makanan dan Minuman Aktivitas Lapangan,ON PROCESS,5003400,5003400
KAB. WAJO,"SATUAN POLISI PAMONG PRAJA, PEMADAM KEBAKARAN DAN PENYELAMATAN - 1.05.0.00.0.00.01.0000",01KR10Z9PC5VSRYNGZQS38QZBY,66910838,2026,E-Katalog 6.0,APBD,MEGAWATI,E-Purchasing,Barang,Belanja Makanan dan Minuman Aktivitas Lapangan,ON PROCESS,424000,424000
KAB. WAJO,SEKRETARIAT DEWAN PERWAKILAN RAKYAT DAERAH - 4.02.0.00.0.00.01.0000,01KP2C9DG8PHQQ194ATAQEKGKJ,66889600,2026,E-Katalog 6.0,APBD,ANDI ROHANA,E-Purchasing,Barang,Belanja bahan untuk kegiatan kantor-suvenir/cendera mata,ON PROCESS,31399969,31399969
KAB. WAJO,"DINAS KOMUNIKASI, INFORMATIKA DAN STATISTIK - 2.16.2.20.2.21.02.0000",01KJVXYE219MZ2AWKS0Q2DH05G,65611266,2026,E-Katalog 6.0,APBD,PERUSAHAAN PERSEROAN (PERSERO) PT. TELEKOMUNIKASI INDONESIA,E-Purchasing,Barang,Belanja Kawat/Faksimili/Internet/TV Berlangganan - Penyediaan Akses Internet ,ON PROCESS,106598850,106598850
KAB. WAJO,"DINAS KOMUNIKASI, INFORMATIKA DAN STATISTIK - 2.16.2.20.2.21.02.0000",01KJEF3X9DCR2DJNX9J8Q4HJ69,65606990,2026,E-Katalog 6.0,APBD,INILAH MEDIA NASIONAL,E-Purchasing,Barang,Belanja Kawat/Faksimili/Internet/TV Berlangganan - Relasi Media ,ON PROCESS,2124984,2124984
KAB. WAJO,RSUD LAMADDUKELLENG - 1.02.0.00.0.00.01.0001,01KJST0SSAZSGN5WHZFBDT697M,65300982,2026,E-Katalog 6.0,BLUD,BINTANG SHAFWAN,E-Purchasing,Barang,Belanja Barang dan Jasa BLUD,ON PROCESS,38460168,0
KAB. WAJO,"DINAS KOMUNIKASI, INFORMATIKA DAN STATISTIK - 2.16.2.20.2.21.02.0000",01KWKHD8E15WKCRJ9CQN6CPFWB,65606989,2026,E-Katalog 6.0,APBD,AJATTAPARENG PRESS INTERMEDIA,E-Purchasing,Barang,Belanja Langganan Jurnal/Surat Kabar/Majalah - Relasi Media ,ON PROCESS,17982000,17982000
KAB. WAJO,DINAS PERTANIAN DAN KETAHANAN PANGAN - 2.09.3.27.0.00.02.0000,01KQS9JABH1CW7B7YZPKPCBA46,66410790,2026,E-Katalog 6.0,APBD,REZKY JAYA ABADI,E-Purchasing,Barang,Belanja Modal Alat Kedokteran Lainnya,ON PROCESS,106782000,106782000
KAB. WAJO,SEKRETARIAT DAERAH - 4.01.0.00.0.00.01.0000,01KSHMH967SXYF892GG9ZAT0BT,65287973,2026,E-Katalog 6.0,APBD,FITRIANI,E-Purchasing,Barang,Belanja Makanan dan Minuman Jamuan Tamu,ON PROCESS,32870000,32870000
KAB. WAJO,BADAN KESATUAN BANGSA DAN POLITIK - 8.01.0.00.0.00.01.0000,01KNN8TWZG5VMRMKF3VWYX2T1P,63062611,2026,E-Katalog 6.0,APBD,HASDIMAN,E-Purchasing,Barang,Belanja Alat/Bahan untuk Kegiatan Kantor-Alat Tulis Kantor,ON PROCESS,1349000,1349000
KAB. WAJO,SEKRETARIAT DAERAH - 4.01.0.00.0.00.01.0000,01KVJJ544V921BPFWA5YF597R8,63590760,2026,E-Katalog 6.0,APBD,BUNGARATU MEGATAMA,E-Purchasing,Barang,Belanja Alat/Bahan untuk Kegiatan Kantor- Suvenir/Cendera Mata,ON PROCESS,1554000,1554000
KAB. WAJO,DINAS PERIKANAN - 3.25.0.00.0.00.01.0000,01KQEDM32KQ4Y4BJGFJ2XR7CYB,64498725,2026,E-Katalog 6.0,APBD,BROTHER TECH INDONESIA,E-Purchasing,Jasa Lainnya,Belanja Pemeliharaan Alat Kantor dan Rumah Tangga-Alat Rumah Tangga-Alat Pendingin kegiatan Pemeliharaan Peralatan dan Mesin Lainnya,ON PROCESS,1054500,1054500
KAB. WAJO,SEKRETARIAT DEWAN PERWAKILAN RAKYAT DAERAH - 4.02.0.00.0.00.01.0000,01KQVKCHMHF6062NY3BZ8XV28Q,66889388,2026,E-Katalog 6.0,APBD,ANDI PARENRENGI,E-Purchasing,Barang,Belanja Makanan dan Minuman Rapat Sub Kegiatan Fasiilitasi Rappat Koordiinasi dan Konsultasi DPRD,ON PROCESS,885500,885500
KAB. WAJO,RSUD LAMADDUKELLENG - 1.02.0.00.0.00.01.0001,01KJF10MET9CC01SKMZASA3PJ1,65300982,2026,E-Katalog 6.0,BLUD,SAHAJA ATMA ADIPATI,E-Purchasing,Barang,Belanja Barang dan Jasa BLUD,ON PROCESS,849999770,849999770
KAB. WAJO,DINAS PERTANIAN DAN KETAHANAN PANGAN - 2.09.3.27.0.00.02.0000,01KSEVKXV4HBD83B128AK5G7K2,66410809,2026,E-Katalog 6.0,APBD,A. MUH. ABRAR,E-Purchasing,Barang,Belanja Alat/Bahan untuk Kegiatan Kantor-Alat Tulis Kantor,ON PROCESS,430500,430500
KAB. WAJO,SEKRETARIAT DEWAN PERWAKILAN RAKYAT DAERAH - 4.02.0.00.0.00.01.0000,01KFWA5VR2S5C9QBK9VE5HCNQ1,63931767,2026,E-Katalog 6.0,APBD,MUDAMA,E-Purchasing,Barang,Belanja Sewa Alat Bantu Lainnya Pelaksanaan Reses,ON PROCESS,749250,749250
KAB. WAJO,"DINAS PEKERJAAN UMUM, PENATAAN RUANG DAN PERTANAHAN - 1.03.2.10.0.00.01.0000",01KQXGVH93BTZGG5HP3E9YZQPC,66614734,2026,E-Katalog 6.0,APBD,AQILAHDAFFA,E-Purchasing,Barang,Belanja Alat/Bahan untuk Kegiatan Kantor-Perabot Kantor,ON PROCESS,3057300,3057300
KAB. WAJO,PUSKESMAS MANIANGPAJO - 1.02.0.00.0.00.01.0021,01KNGBG7PFES4VVHNVCSA9SSWS,66071513,2026,E-Katalog 6.0,APBD,MASDAWATI,E-Purchasing,Barang,Belanja Barang dan Jasa BOK Puskesmas Pada Sub Kegiatan Pengelolaan Pelayanan Kesehatan Ibu Hamil,ON PROCESS,150000,150000
KAB. WAJO,"DINAS PEKERJAAN UMUM, PENATAAN RUANG DAN PERTANAHAN - 1.03.2.10.0.00.01.0000",01KR021DZGMVZ8V3FNHBSC1JJV,66971367,2026,E-Katalog 6.0,APBD,HAJRA,E-Purchasing,Barang,Balanja Makanan dan Minuman Rapat,ON PROCESS,2241000,2241000
KAB. WAJO,"DINAS KOMUNIKASI, INFORMATIKA DAN STATISTIK - 2.16.2.20.2.21.02.0000",01KVEVJSEJ6TQP4SEFK4N2NRJG,65718399,2026,E-Katalog 6.0,APBD,FERDIANSYAH,E-Purchasing,Jasa Lainnya,Belanja Jasa Tenaga Ahli - Penyusunan Konten,ON PROCESS,4000000,4000000
KAB. WAJO,SEKRETARIAT DAERAH - 4.01.0.00.0.00.01.0000,01KVYQ6MDTKY4KZF4XWQSA2Q3V,63636744,2026,E-Katalog 6.0,APBD,ANDI ROHANA,E-Purchasing,Barang,Belanja Natura dan Pakan-Natura,ON PROCESS,44973485,44973485
KAB. WAJO,"DINAS KOMUNIKASI, INFORMATIKA DAN STATISTIK - 2.16.2.20.2.21.02.0000",01KVFHH68N7RWT05SYKJR9SMEJ,65606990,2026,E-Katalog 6.0,APBD,INFO TERKINI NUSANTARA,E-Purchasing,Barang,Belanja Kawat/Faksimili/Internet/TV Berlangganan - Relasi Media ,ON PROCESS,5099962,5099962
KAB. WAJO,RSUD LAMADDUKELLENG - 1.02.0.00.0.00.01.0001,01KW8RFBJKRSY43FXHVWA9ERJW,65300982,2026,E-Katalog 6.0,BLUD,DEXA MEDICA,E-Purchasing,Barang,Belanja Barang dan Jasa BLUD,ON PROCESS,1887000,1887000
KAB. WAJO,DINAS PERUMAHAN DAN KAWASAN PERMUKIMAN - 1.04.0.00.0.00.01.0000,01KV57AHNBZN99148F1S46NBG8,67263853,2026,E-Katalog 6.0,APBD,ANDI AKHYAR SULAIMAN,E-Purchasing,Barang,Belanja Alat Tulis Kantor pada Kegiatan Koordinasi dan Penyusunan Laporan Capaian Kinerja dan Ikhtisar Realisasi Kinerja SKPD,ON PROCESS,360500,360500
KAB. WAJO,DINAS PENDIDIKAN DAN KEBUDAYAAN - 1.01.2.22.0.00.02.0000,01KPVRBTF91VDP74MQ2KV0FSSZ,63030057,2026,E-Katalog 6.0,APBD,AQILAHDAFFA,E-Purchasing,Barang,Belanja Alat/Bahan untuk Kegiatan Kantor-Alat Tulis Kantor,ON PROCESS,1308400,1308400
KAB. WAJO,"DINAS KOMUNIKASI, INFORMATIKA DAN STATISTIK - 2.16.2.20.2.21.02.0000",01KJPNSMFQ2DSZ4MGNM77563AQ,65606990,2026,E-Katalog 6.0,APBD,SUTERA CHANNEL GROUP,E-Purchasing,Barang,Belanja Kawat/Faksimili/Internet/TV Berlangganan - Relasi Media ,ON PROCESS,2125000,2125000
KAB. WAJO,DINAS PEMBERDAYAAN MASYARAKAT DAN DESA - 2.13.0.00.0.00.01.0000,01KP5JJK3FMJS31SNEG6A0749Y,65633620,2026,E-Katalog 6.0,APBD,A. MUH. ABRAR,E-Purchasing,Barang,Belanja Alat/Bahan untuk Kegiatan Kantor-Alat Tulis Kantor,ON PROCESS,530700,530700
KAB. WAJO,DINAS PENDIDIKAN DAN KEBUDAYAAN - 1.01.2.22.0.00.02.0000,01KVWA5K2CA3VJK1VZ0WFP4X47,67267729,2026,E-Katalog 6.0,APBD,AQILAHDAFFA,E-Purchasing,Barang,Belanja Alat/Bahan untuk Kegiatan - Alat Tulis Kantor,ON PROCESS,1319640,1319640
KAB. WAJO,SEKRETARIAT DEWAN PERWAKILAN RAKYAT DAERAH - 4.02.0.00.0.00.01.0000,01KTTGWDCJ5GA25AG5SHY1CE25,63932201,2026,E-Katalog 6.0,APBD,FITRI RAHMADHANI,E-Purchasing,Barang,Belanja Makanan dan Minuman Rapat_Penyusunan_Naskah_Akademik,ON PROCESS,966000,966000
KAB. WAJO,PUSKESMAS LIU - 1.02.0.00.0.00.01.0005,01KVCNSSN675ES5DQ3KFHMCR7B,66776961,2026,E-Katalog 6.0,APBD,GUNAWAN TJANDRA,E-Purchasing,Barang,Belanja Barang dan Jasa BLUD,ON PROCESS,760000,760000
KAB. WAJO,RSUD SIWA - 1.02.0.00.0.00.01.0002,01KP5C33NRF250VCZYQDGHFQZ7,66883851,2026,E-Katalog 6.0,BLUD,CITRA PERSADA,E-Purchasing,Barang,Belanja Barang dan Jasa BLUD,ON PROCESS,3163500,3163500
KAB. WAJO,"BADAN PERENCANAAN PEMBANGUNAN, RISET DAN INOVASI DAERAH - 5.01.5.05.0.00.01.0000",01KHWWYC5V5NV72W2AA4PJZ4MM,65208966,2026,E-Katalog 6.0,APBD,ANDI AKHYAR SULAIMAN,E-Purchasing,Barang,Belanja Alat/Bahan untuk Kegiatan Kantor- Bahan Cetak,ON PROCESS,1120000,1120000
KAB. WAJO,SEKRETARIAT DEWAN PERWAKILAN RAKYAT DAERAH - 4.02.0.00.0.00.01.0000,01KNK8H0SYEM43NFX786F7NW96,63930161,2026,E-Katalog 6.0,APBD,BUNGARATU MEGATAMA,E-Purchasing,Barang,Belanja Alat/Bahan untuk Kegiatan Kantor- Suvenir/Cendera Mata,ON PROCESS,1276500,1276500
KAB. WAJO,DINAS PERTANIAN DAN KETAHANAN PANGAN - 2.09.3.27.0.00.02.0000,01KRZJJ20V2K1EBR8BR158EWR9,66410795,2026,E-Katalog 6.0,APBD,GUNAWAN TJANDRA,E-Purchasing,Barang,Belanja Modal Peralatan Komputer Lainnya,ON PROCESS,21560001,21560001
KAB. WAJO,PUSKESMAS TAKKALALLA - 1.02.0.00.0.00.01.0011,01KW8GQSSZFSH36V257432XMQG,66026020,2026,E-Katalog 6.0,APBD,SITTI AISYAH,E-Purchasing,Barang,Belanja Barang dan Jasa BOK Puskesmas Sub Kegiatan Bimbingan Teknis dan Supervisi Pengembangan dan Pelaksanaan Upaya Kesehatan Bersumber Daya Masyarakat (UKBM),ON PROCESS,225000,225000
KAB. WAJO,"DINAS KOMUNIKASI, INFORMATIKA DAN STATISTIK - 2.16.2.20.2.21.02.0000",01KJEHRHDE14EQ0JHTR93Q924S,65606990,2026,E-Katalog 6.0,APBD,CELOTEH MEDIA UTAMA PERSADA,E-Purchasing,Barang,Belanja Kawat/Faksimili/Internet/TV Berlangganan - Relasi Media ,ON PROCESS,2124984,2124984
KAB. WAJO,DINAS KESEHATAN - 1.02.0.00.0.00.01.0000,01KVWD5XT38740P3S97ESJGMNG,66827323,2026,E-Katalog 6.0,APBD,ERLANGGA EDI LABORATORIES,E-Purchasing,Barang,"Belanja Obat-Obatan-Obat pada sub kegiatan Pengadaan Obat, Bahan Habis Pakai, Bahan Medis Habis Pakai,, Vaksin, Makanan dan Minuman di Fasilitas Kesehatan",ON PROCESS,5981962,5981962
KAB. WAJO,BADAN PENGELOLAAN KEUANGAN DAN PENDAPATAN DAERAH - 5.02.0.00.0.00.01.0000,01KG6NC8B5V478TN4C7FK1F0GS,63991975,2026,E-Katalog 6.0,APBD,ASTI WAHYUNI,E-Purchasing,Barang,Belanja Makanan dan Minuman Rapat,ON PROCESS,1050000,1050000
KAB. WAJO,PUSKESMAS MAJAULENG - 1.02.0.00.0.00.01.0015,01KVYM2VSAKRZJ1QXDW37X5R23,66228683,2026,E-Katalog 6.0,APBD,REZKY JAYA ABADI,E-Purchasing,Barang,Belanaj barang dan jasa BOK puskesmas pada sub kegiatan Pengelolaan Pelayanan Kesehatan Gizi Masyarakat,ON PROCESS,1147200,1147200
KAB. WAJO,DINAS KESEHATAN - 1.02.0.00.0.00.01.0000,01KQ7243VR53EDWZ3N8DHP59J6,66827323,2026,E-Katalog 6.0,APBD,SAMPHARINDO PERDANA,E-Purchasing,Barang,"Belanja Obat-Obatan-Obat pada sub kegiatan Pengadaan Obat, Bahan Habis Pakai, Bahan Medis Habis Pakai,, Vaksin, Makanan dan Minuman di Fasilitas Kesehatan",ON PROCESS,18525900,18525900
KAB. WAJO,"DINAS KOMUNIKASI, INFORMATIKA DAN STATISTIK - 2.16.2.20.2.21.02.0000",01KJS4XDYBVY22DPR8P12ES5TM,65606990,2026,E-Katalog 6.0,APBD,INFO NASIONAL INTERMEDIA,E-Purchasing,Barang,Belanja Kawat/Faksimili/Internet/TV Berlangganan - Relasi Media ,ON PROCESS,2125000,2125000
KAB. WAJO,SEKRETARIAT DAERAH - 4.01.0.00.0.00.01.0000,01KSF76JDG6KV94FK851X6NH2T,63636744,2026,E-Katalog 6.0,APBD,ANDI ERNA,E-Purchasing,Barang,Belanja Natura dan Pakan-Natura,ON PROCESS,1953001,1953001
KAB. WAJO,PUSKESMAS TANASITOLO - 1.02.0.00.0.00.01.0017,01KTXQ27X9PEDC0GQ03SAH4EDW,66682556,2026,E-Katalog 6.0,APBD,MUHAMMAD ZULKARNAIN,E-Purchasing,Barang,Belanja Barang dan Jasa  BOK Puskesmas Pada Sub Kegiatan Pengelolaan Pelayanan Kesehatan Ibu Hamil,ON PROCESS,300000,300000
KAB. WAJO,PUSKESMAS SOLO - 1.02.0.00.0.00.01.0010,01KS43W3HTNS5QRMR0633FZDTV,66023206,2026,E-Katalog 6.0,APBD,NURFAIDAH,E-Purchasing,Barang,Belanja barang dan jasa BOK puskesmas pada sub kegiatan Pengelolaan Pelayanan Kesehatan Ibu Hamil,ON PROCESS,225000,225000
KAB. WAJO,"DINAS PEKERJAAN UMUM, PENATAAN RUANG DAN PERTANAHAN - 1.03.2.10.0.00.01.0000",01KTR2NKS7SZGP4RWSDKEJQ0M5,66588473,2026,E-Katalog 6.0,APBD,HAJRA,E-Purchasing,Barang,Belanja Makanan dan Minuman Rapat,ON PROCESS,898000,898000
KAB. WAJO,PUSKESMAS TEMPE - 1.02.0.00.0.00.01.0006,01KP2ZG5E0XPGGSFX933VN0CCK,66750958,2026,E-Katalog 6.0,APBD,MUHAMMAD ZULKARNAIN,E-Purchasing,Barang,Belanja Barang dan Jasa BOK Puskesmas pada Sub Kegiatan Pengelolaan Pelayanan Kesehatan Ibu Hamil,ON PROCESS,322200,322200
KAB. WAJO,PUSKESMAS SOLO - 1.02.0.00.0.00.01.0010,01KMYVCJ8YVE2BYDP2QH8HETX3,66023206,2026,E-Katalog 6.0,APBD,NURFAIDAH,E-Purchasing,Barang,Belanja barang dan jasa BOK puskesmas pada sub kegiatan Pengelolaan Pelayanan Kesehatan Ibu Hamil,ON PROCESS,225000,225000
KAB. WAJO,PUSKESMAS PATTIROSOMPE - 1.02.0.00.0.00.01.0007,01KSEVQFPGVQJ7P4Q1B56P0MZ2,66629961,2026,E-Katalog 6.0,APBD,ANDI AZIS ASHAR,E-Purchasing,Barang,Sub Kegiatan Pengelolaan Pelayanan Kesehatan Ibu Hamil,ON PROCESS,268500,268500
KAB. WAJO,"BADAN PERENCANAAN PEMBANGUNAN, RISET DAN INOVASI DAERAH - 5.01.5.05.0.00.01.0000",01KJP6E47S7CZ00MREBRN680TW,65658059,2026,E-Katalog 6.0,APBD,ANDI AKHYAR SULAIMAN,E-Purchasing,Barang,Belanja Alat/Bahan untuk Kegiatan Kantor-Alat Tulis Kantor,ON PROCESS,2920503,2920503
KAB. WAJO,KECAMATAN PAMMANA - 7.01.0.00.0.00.07.0000,01KTR3MFFHN3Q5CVBTY527WMSF,65752056,2026,E-Katalog 6.0,APBD,ANDI ERNA,E-Purchasing,Barang,Belanja Barang Pakai Habis,ON PROCESS,1678500,1678500
KAB. WAJO,"DINAS KOMUNIKASI, INFORMATIKA DAN STATISTIK - 2.16.2.20.2.21.02.0000",01KP84ZEAC1MGDESBSEARNXEK2,65607056,2026,E-Katalog 6.0,APBD,AQILAHDAFFA,E-Purchasing,Barang,Belanja Makanan dan Minuman Rapat - Pelayanan Informasi Publik ,ON PROCESS,5290000,5290000
KAB. WAJO,"DINAS PEKERJAAN UMUM, PENATAAN RUANG DAN PERTANAHAN - 1.03.2.10.0.00.01.0000",10899269000,67231546,2026,Non Tender,APBD,CV. PANDAWA LIMA KONSULTAN,Pengadaan Langsung,Jasa Konsultansi Badan Usaha Konstruksi,Perencanaan Teknis Perluasan SPAM  Jaringan Perpipaan Kel.Sompe Kec. Sabbangparu,SELESAI,8394653,8394653
KAB. WAJO,PUSKESMAS LEMPA - 1.02.0.00.0.00.01.0004,01KN6F587SC9Q19C7575F70PZT,66579247,2026,E-Katalog 6.0,APBD,MUHAMMAD ZULKARNAIN,E-Purchasing,Barang,Belanja Barang dan Jasa BLUD,ON PROCESS,1225900,1225900
KAB. WAJO,PUSKESMAS SAJOANGING - 1.02.0.00.0.00.01.0012,01KTNGW490BWPG9ADYS49DCRWN,66203175,2026,E-Katalog 6.0,APBD,FAIZAL,E-Purchasing,Barang,Belanja Barang dan Jasa BLUD,ON PROCESS,1998000,1998000
KAB. WAJO,DINAS PENANAMAN MODAL DAN PELAYANAN TERPADU SATU PINTU - 2.18.0.00.0.00.01.0000,01KP38ZFR4QH6018X9KYWT9PXG,64987859,2026,E-Katalog 6.0,APBD,ANDI AKHYAR SULAIMAN,E-Purchasing,Barang,Belanja Alat/Bahan untuk Kegiatan Kantor-Alat Tulis Kantor,ON PROCESS,1029500,1029500
KAB. WAJO,PUSKESMAS PARIGI - 1.02.0.00.0.00.01.0023,01KWTSA59G8CKGSEGSPX92EC4T,66570623,2026,E-Katalog 6.0,APBD,NURHAENI,E-Purchasing,Barang,Kue / Snack,ON PROCESS,286400,286400
KAB. WAJO,KELURAHAN PENEKI - 7.01.0.00.0.00.12.0002,01KT34TEBG2QDW432BAKV9SMJ3,67167589,2026,E-Katalog 6.0,APBD,ST FATIMAH,E-Purchasing,Barang,Belanja Makanan dan Minuman Rapat,ON PROCESS,5000000,5000000
KAB. WAJO,DINAS PENDIDIKAN DAN KEBUDAYAAN - 1.01.2.22.0.00.02.0000,01KVVWFYY3YFYE65N821K5R1ZN,67267111,2026,E-Katalog 6.0,APBD,A. MUH. RIZAL,E-Purchasing,Barang,Belanja Makanan dan Minuman Rapat,ON PROCESS,1434000,1434000
KAB. WAJO,SEKRETARIAT DAERAH - 4.01.0.00.0.00.01.0000,01KQY7KRQPN7GRVY44HSYGS2GV,66617013,2026,E-Katalog 6.0,APBD,ANDI AKHYAR SULAIMAN,E-Purchasing,Barang,Belanja Alat/Bahan untuk Kegiatan Kantor- Bahan Cetak,ON PROCESS,3450000,3450000
KAB. WAJO,PUSKESMAS MANIANGPAJO - 1.02.0.00.0.00.01.0021,01KR3D6R8E7CHC9RMD8P4WV397,66067847,2026,E-Katalog 6.0,APBD,RIO SANJAYA PUTRA,E-Purchasing,Barang,Belanja Barang dan Jasa BLUD,ON PROCESS,1587300,1587300
KAB. WAJO,SEKRETARIAT DAERAH - 4.01.0.00.0.00.01.0000,01KS4V3PK7X2739D2B605SCRQT,63590760,2026,E-Katalog 6.0,APBD,BUNGARATU MEGATAMA,E-Purchasing,Barang,Belanja Alat/Bahan untuk Kegiatan Kantor- Suvenir/Cendera Mata,ON PROCESS,1500000,1500000
KAB. WAJO,PUSKESMAS SALEWANGENG - 1.02.0.00.0.00.01.0008,01KTQK4FFJS44R2DXWB7N90KRH,66766659,2026,E-Katalog 6.0,APBD,AQILAHDAFFA,E-Purchasing,Barang,Belanaj Barang dan Jasa BOK puskesmas PADA SUB KEGIATAN Bimbingan Teknis dan Supervisi Pengembangan dan Pelaksanaan Upaya Kesehatan Bersumber Daya Masyarakat (UKBM),ON PROCESS,179000,179000
KAB. WAJO,PUSKESMAS PATTIROSOMPE - 1.02.0.00.0.00.01.0007,01KVPZJZWX0DAE2AS1DRZVWW2J,66629944,2026,E-Katalog 6.0,APBD,ANDI AZIS ASHAR,E-Purchasing,Barang,"Sub Kegiatan Peningkatan Upaya Promosi Kesehatan, Advokasi, Kemitraan dan Pemberdayaan Masyarakat",ON PROCESS,573600,573600
KAB. WAJO,"DINAS PEKERJAAN UMUM, PENATAAN RUANG DAN PERTANAHAN - 1.03.2.10.0.00.01.0000",01KPDMZ4VJS4DZECPMHA0YH3AB,66611933,2026,E-Katalog 6.0,APBD,HAJRA,E-Purchasing,Barang,Belanja Makanan dan Minuman Rapat,ON PROCESS,4490000,4490000
KAB. WAJO,RSUD SIWA - 1.02.0.00.0.00.01.0002,01KRB1T55SHEN5FJWWM2DQMFQ1,66883851,2026,E-Katalog 6.0,BLUD,PJ. HERBAL NUSANTARA,E-Purchasing,Barang,Belanja Barang dan Jasa BLUD,ON PROCESS,3425238,3425238
KAB. WAJO,"DINAS PEKERJAAN UMUM, PENATAAN RUANG DAN PERTANAHAN - 1.03.2.10.0.00.01.0000",01KNZE4KJ4NKV24A12QDHE50TW,66877590,2026,E-Katalog 6.0,APBD,HAJRA,E-Purchasing,Barang,Belanja Makanan dan Minuman Rapat kegiatan Rapat Komisi Irigasi (Komir),ON PROCESS,2490000,2490000
KAB. WAJO,PUSKESMAS TAKKALALLA - 1.02.0.00.0.00.01.0011,01KVVNS87F262C14929Z998QAS,66026020,2026,E-Katalog 6.0,APBD,SITTI AISYAH,E-Purchasing,Barang,Belanja Barang dan Jasa BOK Puskesmas Sub Kegiatan Bimbingan Teknis dan Supervisi Pengembangan dan Pelaksanaan Upaya Kesehatan Bersumber Daya Masyarakat (UKBM),ON PROCESS,180000,180000
KAB. WAJO,"DINAS KOMUNIKASI, INFORMATIKA DAN STATISTIK - 2.16.2.20.2.21.02.0000",01KJC04DG4TM0RJMFXS9QRH62C,65606989,2026,E-Katalog 6.0,APBD,UJUNGPANDANG EKSPRES BIRO WAJO,E-Purchasing,Barang,Belanja Langganan Jurnal/Surat Kabar/Majalah - Relasi Media ,ON PROCESS,3582000,3582000
KAB. WAJO,RSUD LAMADDUKELLENG - 1.02.0.00.0.00.01.0001,01KTJQZ8FGNW5VT827Q4JV9VBE,65300982,2026,E-Katalog 6.0,BLUD,SAHABAT MITRA SENTOSA,E-Purchasing,Barang,Belanja Barang dan Jasa BLUD,ON PROCESS,44955000,0
KAB. WAJO,RSUD LAMADDUKELLENG - 1.02.0.00.0.00.01.0001,01KH0KQ5RVRGZX5173JGSQQQ6C,65300982,2026,E-Katalog 6.0,BLUD,ANDI WAHYUDI WIJAYANTO,E-Purchasing,Barang,Belanja Barang dan Jasa BLUD,ON PROCESS,20479500,20479500
KAB. WAJO,SEKRETARIAT DAERAH - 4.01.0.00.0.00.01.0000,01KSHTZ3B2NYMVSW9DYWYW7W7E,63592166,2026,E-Katalog 6.0,APBD,MUKHTAR,E-Purchasing,Barang,Belanja Pemeliharaan Komputer-Komputer Unit-Personal Computer,ON PROCESS,6749997,6749997
KAB. WAJO,"SATUAN POLISI PAMONG PRAJA, PEMADAM KEBAKARAN DAN PENYELAMATAN - 1.05.0.00.0.00.01.0000",01KHX41MK26QX6Y8CGG260DMWK,64064061,2026,E-Katalog 6.0,APBD,DARNAWATI,E-Purchasing,Barang,Belanja Makanan dan Minuman Aktivitas Lapangan,ON PROCESS,1291200,1291200
KAB. WAJO,RSUD LAMADDUKELLENG - 1.02.0.00.0.00.01.0001,01KJSTQZPHTMXEYMVAD938NM95,65300982,2026,E-Katalog 6.0,BLUD,DJEMBATAN DUA,E-Purchasing,Barang,Belanja Barang dan Jasa BLUD,ON PROCESS,12200010,12200010
KAB. WAJO,PUSKESMAS PITUMPANUA - 1.02.0.00.0.00.01.0024,01KT8KNX2S04EYSXJ0YVSX1H20,66779849,2026,E-Katalog 6.0,APBD,BUMI MEDIKA INDONESIA,E-Purchasing,Barang,Belanja Barang dan Jasa BLUD,ON PROCESS,16369586,16369586
KAB. WAJO,"SATUAN POLISI PAMONG PRAJA, PEMADAM KEBAKARAN DAN PENYELAMATAN - 1.05.0.00.0.00.01.0000",01KGK5MCDXTTB62C6TV4QWYWFS,64063459,2026,E-Katalog 6.0,APBD,ANDI MAKKULAWU,E-Purchasing,Barang,Belanja Alat/Bahan untuk Kegiatan Kantor-Alat Tulis Kantor,ON PROCESS,2841600,2841600
KAB. WAJO,SEKRETARIAT DAERAH - 4.01.0.00.0.00.01.0000,01KGEVHES515RR7BPRRR9CTCQ9,64737464,2026,E-Katalog 6.0,APBD,ANDI AKHYAR SULAIMAN,E-Purchasing,Barang,Belanja Alat/Bahan untuk Kegiatan Kantor- Bahan Cetak,ON PROCESS,32620000,32620000
KAB. WAJO,"DINAS KOMUNIKASI, INFORMATIKA DAN STATISTIK - 2.16.2.20.2.21.02.0000",01KWJMYDS2XJD12XK30AYCEKXE,65606990,2026,E-Katalog 6.0,APBD,SYAMANA MEDIA GRUP,E-Purchasing,Barang,Belanja Kawat/Faksimili/Internet/TV Berlangganan - Relasi Media ,ON PROCESS,5100000,5100000
KAB. WAJO,PUSKESMAS TAKKALALLA - 1.02.0.00.0.00.01.0011,01KQ926RB50HDMTW34EX6SH1PT,66025540,2026,E-Katalog 6.0,APBD,SITTI AISYAH,E-Purchasing,Barang,Belanja Barang dan Jasa BOK Puskesmas Sub Kegiatan Pengelolaan Pelayanan Kesehatan Ibu Hamil,ON PROCESS,180000,180000
KAB. WAJO,DINAS KESEHATAN - 1.02.0.00.0.00.01.0000,01KVRX1XNAZ1EFQR7RKZF3YQJW,66827324,2026,E-Katalog 6.0,APBD,BONGKAR SAHABAT SEJAHTERA,E-Purchasing,Barang,"Belanja Suku Cadang-Suku Cadang Alat Kedokteran pada sub kegiatan Pengadaan Obat, Bahan Habis Pakai, Bahan Medis Habis Pakai,, Vaksin, Makanan dan Minuman di Fasilitas Kesehatan",ON PROCESS,156901830,156901830
KAB. WAJO,BADAN KESATUAN BANGSA DAN POLITIK - 8.01.0.00.0.00.01.0000,01KKX2Q62B9NE01DN546G86EBK,63062268,2026,E-Katalog 6.0,APBD,ANDI ERNA,E-Purchasing,Barang,Belanja Makanan dan Minuman Rapat,ON PROCESS,5356800,5356800
KAB. WAJO,KECAMATAN PAMMANA - 7.01.0.00.0.00.07.0000,01KPMYNT7CQWEWK40KM5G94CKS,65753911,2026,E-Katalog 6.0,APBD,RISMA,E-Purchasing,Barang,Belanja Alat / Bahan untuk Kegiatan Kantor - Alat Tulis Kantor,ON PROCESS,289500,289500
KAB. WAJO,DINAS PENDIDIKAN DAN KEBUDAYAAN - 1.01.2.22.0.00.02.0000,01KR0RJK0MBJMV8C59ZE1W9WAM,63028914,2026,E-Katalog 6.0,APBD,AQILAHDAFFA,E-Purchasing,Barang,Belanja Alat/Bahan untuk Kegiatan Kantor- Bahan Cetak,ON PROCESS,586500,586500
KAB. WAJO,DINAS TENAGA KERJA DAN TRANSMIGRASI - 2.07.3.32.0.00.02.0000,01KWGBCNJV4E4Z2NX7CZ7MNPHD,67306955,2026,E-Katalog 6.0,APBD,A. MUH. RIZAL,E-Purchasing,Barang,Belanja Makanan dan Minuman Rapat,ON PROCESS,94350,94350
KAB. WAJO,RSUD LAMADDUKELLENG - 1.02.0.00.0.00.01.0001,01KR4VEQ0X8ASCJ7SM5V9T5PCQ,65300982,2026,E-Katalog 6.0,BLUD,OTSUKA INDONESIA,E-Purchasing,Barang,Belanja Barang dan Jasa BLUD,ON PROCESS,40670400,40670400
KAB. WAJO,BADAN PENGELOLAAN KEUANGAN DAN PENDAPATAN DAERAH - 5.02.0.00.0.00.01.0000,01KH8CCCED3ED6BPQ8TA9TC60D,63994442,2026,E-Katalog 6.0,APBD,ANDI AKHYAR SULAIMAN,E-Purchasing,Barang,Belanja Alat/Bahan untuk Kegiatan Kantor-Alat Tulis Kantor,ON PROCESS,3110015,3110015
KAB. WAJO,RSUD SIWA - 1.02.0.00.0.00.01.0002,01KQS1ZWSTPQJBQYRMKKHH20A8,66883851,2026,E-Katalog 6.0,BLUD,HEXPHARM JAYA LABORATORIES,E-Purchasing,Barang,Belanja Barang dan Jasa BLUD,ON PROCESS,6270390,6270390
KAB. WAJO,DINAS KESEHATAN - 1.02.0.00.0.00.01.0000,01KPHKMT7N1A9SX4KZTZ2TE057,66827272,2026,E-Katalog 6.0,APBD,ARSYAD M,E-Purchasing,Barang,Belanja Alat/Bahan untuk Kegiatan Kantor- Bahan Cetak pada sub kegiatan Pemeriksaan Post Market pada Produk Makanan-Minuman Industri Rumah Tangga yang Beredar dan Pengawasan serta Tindak Lanjut Pengawasan,ON PROCESS,839999,839999
KAB. WAJO,"BADAN PERENCANAAN PEMBANGUNAN, RISET DAN INOVASI DAERAH - 5.01.5.05.0.00.01.0000",01KQW1ZMFV8F3VZ61K0JYG7KRH,65658600,2026,E-Katalog 6.0,APBD,ANDI ERNA,E-Purchasing,Barang,Belanja Makanan dan Minuman Rapat,ON PROCESS,1195000,1195000
KAB. WAJO,KECAMATAN BELAWA - 7.01.0.00.0.00.01.0000,01KPQ721W675ZC904VRDV3P9KP,66880325,2026,E-Katalog 6.0,APBD,MASDAWATI,E-Purchasing,Barang,Belanja Makanan dan Minuman Rapat,ON PROCESS,290000,290000
KAB. WAJO,"DINAS KOMUNIKASI, INFORMATIKA DAN STATISTIK - 2.16.2.20.2.21.02.0000",01KQA0HZXJ9FQD4ZJZWC6VC8M8,65606990,2026,E-Katalog 6.0,APBD,MEDIA JURNAL SULAWESI,E-Purchasing,Barang,Belanja Kawat/Faksimili/Internet/TV Berlangganan - Relasi Media ,ON PROCESS,7208340,7208340
KAB. WAJO,"DINAS PEKERJAAN UMUM, PENATAAN RUANG DAN PERTANAHAN - 1.03.2.10.0.00.01.0000",10861383000,66815940,2026,Non Tender,APBD,REZI ALTHAANI CONSULTANT,Pengadaan Langsung,Jasa Konsultansi Badan Usaha Konstruksi,Perencanaan Teknis Sistem Informasi Program Usulan Irigasi (SI-PURI),SELESAI,99922200,99922200
KAB. WAJO,"SATUAN POLISI PAMONG PRAJA, PEMADAM KEBAKARAN DAN PENYELAMATAN - 1.05.0.00.0.00.01.0000",01KR392ZTKCMNSF15T2ECD2N6N,64200583,2026,E-Katalog 6.0,APBD,SOLO WAJO,E-Purchasing,Barang,Belanja Makanan dan Minuman Aktivitas Lapangan,ON PROCESS,837200,837200
KAB. WAJO,PUSKESMAS TAKKALALLA - 1.02.0.00.0.00.01.0011,01KS1KVK0AQ8DV602WPFAN91QW,66025540,2026,E-Katalog 6.0,APBD,SITTI AISYAH,E-Purchasing,Barang,Belanja Barang dan Jasa BOK Puskesmas Sub Kegiatan Pengelolaan Pelayanan Kesehatan Ibu Hamil,ON PROCESS,180000,180000
KAB. WAJO,DINAS PENDIDIKAN DAN KEBUDAYAAN - 1.01.2.22.0.00.02.0000,01KKB53J6GW2WPGMAEBFD0QHYA,63026629,2026,E-Katalog 6.0,APBD,AQILAHDAFFA,E-Purchasing,Barang,Belanja Alat/Bahan untuk Kegiatan Kantor-Alat Tulis Kantor,ON PROCESS,1261500,1261500
KAB. WAJO,SEKRETARIAT DEWAN PERWAKILAN RAKYAT DAERAH - 4.02.0.00.0.00.01.0000,01KFN597W46TZK4ZWV8ZQN3FQY,63931767,2026,E-Katalog 6.0,APBD,MUDAMA,E-Purchasing,Barang,Belanja Sewa Alat Bantu Lainnya Pelaksanaan Reses,ON PROCESS,749250,749250
KAB. WAJO,BADAN PENGELOLAAN KEUANGAN DAN PENDAPATAN DAERAH - 5.02.0.00.0.00.01.0000,01KSS6RNBYQ9T9Z4QW8VWVHPA3,63464855,2026,E-Katalog 6.0,APBD,ASTI WAHYUNI,E-Purchasing,Barang,Belanja Makanan dan Minuman Rapat,ON PROCESS,634800,634800
KAB. WAJO,BADAN PENGELOLAAN KEUANGAN DAN PENDAPATAN DAERAH - 5.02.0.00.0.00.01.0000,01KRX1Q2PS2XY570P02MCADJ06,64000030,2026,E-Katalog 6.0,APBD,ANDI JUNENNI,E-Purchasing,Barang,Belanja Makanan dan Minuman Rapat,ON PROCESS,420000,420000
KAB. WAJO,PUSKESMAS KEERA - 1.02.0.00.0.00.01.0020,01KS7S580RRS4S406HKJ6DPBME,66089711,2026,E-Katalog 6.0,APBD,AKIS SUWARDI AS,E-Purchasing,Barang,Belanja Barang dan Jasa BLUD,ON PROCESS,875000,875000
KAB. WAJO,PUSKESMAS PAMMANA - 1.02.0.00.0.00.01.0009,01KPQE27D98GVYT1VJ6RCK007Q,65993330,2026,E-Katalog 6.0,APBD,PRIMARY PERSADA MEDIKA,E-Purchasing,Barang,Belanja Barang dan Jasa BLUD,ON PROCESS,14499986,14499986
KAB. WAJO,DINAS LINGKUNGAN HIDUP - 2.11.0.00.0.00.01.0000,01KPQNTT1VKJ0GVR8YK4V4SH5P,66902766,2026,E-Katalog 6.0,APBD,SUDWIKATMONO,E-Purchasing,Barang,Belanja Pemeliharaan Kendaraan Dinas Pejabat Eselon II,ON PROCESS,13031610,13031610
KAB. WAJO,SEKRETARIAT DAERAH - 4.01.0.00.0.00.01.0000,01KMMS8PG8B5DQ0Z6R6Y01AJKV,65287982,2026,E-Katalog 6.0,APBD,ANDI AKHYAR SULAIMAN,E-Purchasing,Barang,Belanja Alat/Bahan untuk Kegiatan Kantor-Alat Tulis Kantor,ON PROCESS,5619000,5619000
KAB. WAJO,DINAS PENANAMAN MODAL DAN PELAYANAN TERPADU SATU PINTU - 2.18.0.00.0.00.01.0000,01KP2ZVYJPK18TX7FZFE76WJ8W,64987378,2026,E-Katalog 6.0,APBD,ANDI AKHYAR SULAIMAN,E-Purchasing,Barang,Belanja Alat/Bahan untuk Kegiatan Kantor- Bahan Cetak,ON PROCESS,157500,157500
KAB. WAJO,SEKRETARIAT DEWAN PERWAKILAN RAKYAT DAERAH - 4.02.0.00.0.00.01.0000,01KG4HDSKEMZQA4E5TKSYPZN3B,63931773,2026,E-Katalog 6.0,APBD,SURIANI,E-Purchasing,Barang,Belanja Makanan dan Minuman Rapat Pelaksanaan Reses,ON PROCESS,6900000,6900000
KAB. WAJO,RSUD LAMADDUKELLENG - 1.02.0.00.0.00.01.0001,01KMPSRBEE93TM9C8CABF1N5TF,65300982,2026,E-Katalog 6.0,BLUD,ANUGRAHMITRA SELARAS,E-Purchasing,Barang,Belanja Barang dan Jasa BLUD,ON PROCESS,5871900,5871900
KAB. WAJO,PUSKESMAS PARIGI - 1.02.0.00.0.00.01.0023,01KW1Z9W20A4QTE4FPJ9D176KP,66570619,2026,E-Katalog 6.0,APBD,NURHAENI,E-Purchasing,Barang,Nasi Kotak,ON PROCESS,299000,299000
KAB. WAJO,"DINAS KOMUNIKASI, INFORMATIKA DAN STATISTIK - 2.16.2.20.2.21.02.0000",01KVWD3DVY05Y0ACY8SQYJ28ST,65606990,2026,E-Katalog 6.0,APBD,BIDIK NASIONAL INFO,E-Purchasing,Barang,Belanja Kawat/Faksimili/Internet/TV Berlangganan - Relasi Media ,ON PROCESS,4662000,4662000
KAB. WAJO,PUSKESMAS SAPPA - 1.02.0.00.0.00.01.0022,01KR15QF8FMEEEFD3Q81HYXX0A,66281634,2026,E-Katalog 6.0,APBD,ST.AJIRAH,E-Purchasing,Barang,Belanja Barang dan Jasa BLUD,ON PROCESS,1673000,1673000
KAB. WAJO,KECAMATAN MAJAULENG - 7.01.0.00.0.00.05.0000,01KHQ6YSTY3RSPXNNXT1G8GVAG,65624248,2026,E-Katalog 6.0,APBD,ANDI AKHYAR SULAIMAN,E-Purchasing,Barang,Peningkatan Partisipasi Masyarakat dalam Forum Musyawarah Perencanaan Pembangunan di Desa,ON PROCESS,250500,250500
KAB. WAJO,SEKRETARIAT DAERAH - 4.01.0.00.0.00.01.0000,01KMQ2F3X0F6KFV3PGT796NCR1,66615724,2026,E-Katalog 6.0,APBD,AMRAN SURYADI,E-Purchasing,Barang,Belanja Alat/Bahan untuk Kegiatan Kantor- Suvenir/Cendera Mata,ON PROCESS,30089325,30089325
KAB. WAJO,DINAS KESEHATAN - 1.02.0.00.0.00.01.0000,01KNT6PVV4GKX2D4JHVPQ69R5T,66767963,2026,E-Katalog 6.0,APBD,ARSYAD M,E-Purchasing,Barang,Belanja Alat/Bahan untuk Kegiatan Kantor- Bahan Cetak pada sub kegiatan Koordinasi dan Penyusunan DPA-SKPD,ON PROCESS,1439999,1439999
KAB. WAJO,"DINAS KOMUNIKASI, INFORMATIKA DAN STATISTIK - 2.16.2.20.2.21.02.0000",01KVWC2WXX8XM99AAZQ9PGH0FR,65606989,2026,E-Katalog 6.0,APBD,RADAR MAKASSAR BIRO WAJO,E-Purchasing,Barang,Belanja Langganan Jurnal/Surat Kabar/Majalah - Relasi Media ,ON PROCESS,12600000,12600000
KAB. WAJO,DINAS LINGKUNGAN HIDUP - 2.11.0.00.0.00.01.0000,01KWDHEJN4Y7QH6JMRYCKRQAHR,67383663,2026,E-Katalog 6.0,APBD,RIKA RAHAYU,E-Purchasing,Jasa Lainnya,Sewa Mobil Sampah,ON PROCESS,107115000,107115000
KAB. WAJO,PUSKESMAS TAKKALALLA - 1.02.0.00.0.00.01.0011,01KRANDDGSKPFYHBVNQ9K22H2D,66077022,2026,E-Katalog 6.0,APBD,SITTI AISYAH,E-Purchasing,Barang,Belanja Barang dan Jasa BLUD,ON PROCESS,1912000,1912000
KAB. WAJO,"SATUAN POLISI PAMONG PRAJA, PEMADAM KEBAKARAN DAN PENYELAMATAN - 1.05.0.00.0.00.01.0000",01KW1HED65QQJXVYPYG349YXCN,64219365,2026,E-Katalog 6.0,APBD,DARNAWATI,E-Purchasing,Barang,Belanja Makanan dan Minuman Aktivitas Lapangan,ON PROCESS,538000,538000
KAB. WAJO,PUSKESMAS LIU - 1.02.0.00.0.00.01.0005,01KPQ8FDZ60EJNRGJVYCEFYS54,66776961,2026,E-Katalog 6.0,APBD,ANDI AMINAH BAKHTIAR,E-Purchasing,Barang,Belanja Barang dan Jasa BLUD,ON PROCESS,2795202,2795202
KAB. WAJO,"SATUAN POLISI PAMONG PRAJA, PEMADAM KEBAKARAN DAN PENYELAMATAN - 1.05.0.00.0.00.01.0000",01KRFYJMGPQX7FWMPHDTBK3EYN,64200841,2026,E-Katalog 6.0,APBD,MUH. ARFAN SETIAWAN,E-Purchasing,Barang,Belanja Alat/Bahan untuk Kegiatan Kantor-Alat Tulis Kantor,ON PROCESS,1858700,1858700
KAB. WAJO,RSUD LAMADDUKELLENG - 1.02.0.00.0.00.01.0001,01KRDAQDFVDRESG8FEXD068D7G,65300982,2026,E-Katalog 6.0,BLUD,DAYA MUDA AGUNG,E-Purchasing,Barang,Belanja Barang dan Jasa BLUD,ON PROCESS,3052500,3052500
KAB. WAJO,"BADAN PERENCANAAN PEMBANGUNAN, RISET DAN INOVASI DAERAH - 5.01.5.05.0.00.01.0000",01KJY9D2K3K4W5Q07Y8ZMM29E2,62968549,2026,E-Katalog 6.0,APBD,ANDI ERNA,E-Purchasing,Barang,Belanja Makanan dan Minuman Rapat,ON PROCESS,4780800,4780800
KAB. WAJO,RSUD LAMADDUKELLENG - 1.02.0.00.0.00.01.0001,01KNKADS6VCTY38DBCNBPDJDDJ,65300982,2026,E-Katalog 6.0,BLUD,CITRA ALKESINDO PRATAMA,E-Purchasing,Barang,Belanja Barang dan Jasa BLUD,ON PROCESS,7775006,7775006
KAB. WAJO,PUSKESMAS SAJOANGING - 1.02.0.00.0.00.01.0012,01KPCETB00TED5HM71FTVBC706,66620220,2026,E-Katalog 6.0,APBD,SALWA NABILAH IDRIS,E-Purchasing,Barang,Belanja Barang dan jasa BOK Puskesmas pada sub kegiatan Pengelolaan Pelayanan Kesehatan Ibu Hamil,ON PROCESS,322200,322200
KAB. WAJO,"DINAS PEKERJAAN UMUM, PENATAAN RUANG DAN PERTANAHAN - 1.03.2.10.0.00.01.0000",01KPD242KBGM063H0SX6KA0TX1,64500570,2026,E-Katalog 6.0,APBD,MALOMO UTAMA DALLENA,E-Purchasing,Jasa Lainnya,Belanja Jasa yang Diberikan kepada Pihak Ketiga/Pihak Lain,ON PROCESS,88798000,88798000
KAB. WAJO,RSUD SIWA - 1.02.0.00.0.00.01.0002,01KW43EJC51F2SX9CK008G3JRZ,66883851,2026,E-Katalog 6.0,BLUD,AHMADARIS,E-Purchasing,Barang,Belanja Barang dan Jasa BLUD,ON PROCESS,4950012,4950012
KAB. WAJO,KECAMATAN PENRANG - 7.01.0.00.0.00.08.0000,01KNHJ8PMEBFW6K2K8SYT51BV6,66465664,2026,E-Katalog 6.0,APBD,ANDI AKHYAR SULAIMAN,E-Purchasing,Barang,Belanja Alat/Bahan untuk Kegiatan Kantor-Alat Tulis Kantor,ON PROCESS,496500,496500
KAB. WAJO,SEKRETARIAT DAERAH - 4.01.0.00.0.00.01.0000,01KQ742ET4Z9C97N2D9PMAGVG5,63636744,2026,E-Katalog 6.0,APBD,ANDI ROHANA,E-Purchasing,Barang,Belanja Natura dan Pakan-Natura,ON PROCESS,44974260,44974260
KAB. WAJO,SEKRETARIAT DEWAN PERWAKILAN RAKYAT DAERAH - 4.02.0.00.0.00.01.0000,01KQ7FET4Z3W25H0WMGA9AQ28F,63930791,2026,E-Katalog 6.0,APBD,MUSTAFA HI. BANDUNG,E-Purchasing,Barang,Belanja Makanan dan Minuman Rapat_Pembahasan_LKPJ,ON PROCESS,1000000,1000000
KAB. WAJO,SEKRETARIAT DAERAH - 4.01.0.00.0.00.01.0000,01KRZRME1PA0AMYK9HCY5ASS39,63637421,2026,E-Katalog 6.0,APBD,ANDI ERNA,E-Purchasing,Barang,Belanja Makanan dan Minuman Rapat,ON PROCESS,1770000,1770000
KAB. WAJO,PUSKESMAS MANIANGPAJO - 1.02.0.00.0.00.01.0021,01KTJYFEX4QSS5836G57VG8BAA,66071513,2026,E-Katalog 6.0,APBD,MASDAWATI,E-Purchasing,Barang,Belanja Barang dan Jasa BOK Puskesmas Pada Sub Kegiatan Pengelolaan Pelayanan Kesehatan Ibu Hamil,ON PROCESS,150000,150000
KAB. WAJO,"DINAS SOSIAL, PENGENDALIAN PENDUDUK, KELUARGA BERENCANA, PEMBERDAYAAN PEREMPUAN DAN PERLINDUNGAN ANAK - 1.06.2.08.2.14.06.0000",01KPW611P97P04Z428VNP1V6K2,66866062,2026,E-Katalog 6.0,APBD,ARSYAD M,E-Purchasing,Barang,Belanja Alat/Bahan untuk Kegiatan Kantor-Alat Tulis Kantor,ON PROCESS,5442109,5442109
KAB. WAJO,BAGIAN UMUM - 4.01.2.23.2.24.01.0007,01KTN65526FPZ7DR6X23V9A4BW,63558518,2026,E-Katalog 6.0,APBD,BUMI JASA UTAMA,E-Purchasing,Barang,Belanja Sewa Kendaraan Bermotor Penumpang,ON PROCESS,1790999807,1790999807
KAB. WAJO,KECAMATAN MAJAULENG - 7.01.0.00.0.00.05.0000,01KN1KGMJR2JYVP8SBHVQAZJ6R,65642794,2026,E-Katalog 6.0,APBD,TAMIYA NURUL WULANDA,E-Purchasing,Barang,Belanja Makanan dan Minuman Rapat,ON PROCESS,895000,895000
KAB. WAJO,DINAS PERUMAHAN DAN KAWASAN PERMUKIMAN - 1.04.0.00.0.00.01.0000,01KR3MBD1VZWGWGBM1ZSCJWRCB,67070092,2026,E-Katalog 6.0,APBD,ANANCI,E-Purchasing,Barang,Belanja Alat/Bahan untuk Kegiatan Kantor-Alat Tulis Kantor pada kegiatan Pembentukan/Pembinaan Kelompok Swadaya Masyarakat di Permukiman Kumuh,ON PROCESS,550500,550500
KAB. WAJO,SEKRETARIAT DAERAH - 4.01.0.00.0.00.01.0000,01KP5YHM7PSE3APYZY8Q4PT4SK,63636068,2026,E-Katalog 6.0,APBD,ANDI ERNA,E-Purchasing,Barang,Belanja Natura dan Pakan-Natura,ON PROCESS,238500,238500
KAB. WAJO,"DINAS KOMUNIKASI, INFORMATIKA DAN STATISTIK - 2.16.2.20.2.21.02.0000",01KP5GNJWDY6X12HAMTXS49H3C,65607033,2026,E-Katalog 6.0,APBD,ANDI AKHYAR SULAIMAN,E-Purchasing,Barang,Belanja Alat/Bahan untuk Kegiatan Kantor-Alat Tulis Kantor - Kemitraan Komunikasi dengan Komunitas Informasi Masyarakat ,ON PROCESS,3651922,3651922
KAB. WAJO,PUSKESMAS SALEWANGENG - 1.02.0.00.0.00.01.0008,01KRYT2EH2XF7GET08H79G9PVY,66764245,2026,E-Katalog 6.0,APBD,AQILAHDAFFA,E-Purchasing,Barang,Belanja Barang dan Jasa BLUD,ON PROCESS,6621000,6621000
KAB. WAJO,"SATUAN POLISI PAMONG PRAJA, PEMADAM KEBAKARAN DAN PENYELAMATAN - 1.05.0.00.0.00.01.0000",01KNJWH1RVK9VTWDSVEEEQASKZ,64064652,2026,E-Katalog 6.0,APBD,ANDI FADLI,E-Purchasing,Barang,Belanja Peralatan dan Mesin-Alat Angkutan-Alat Angkutan Darat Bermotor-Kendaraan Bermotor Penumpang,ON PROCESS,508352,508352
KAB. WAJO,PUSKESMAS TOSORA - 1.02.0.00.0.00.01.0016,01KQYBYTJA0BWPEJS822PRX0BF,66114293,2026,E-Katalog 6.0,APBD,ASTI WAHYUNI,E-Purchasing,Barang,Belanja Barang dan Jasa BLUD,ON PROCESS,399000,399000
KAB. WAJO,RSUD LAMADDUKELLENG - 1.02.0.00.0.00.01.0001,01KH1DKF4NZAHXETNKMF5FX81C,65300982,2026,E-Katalog 6.0,BLUD,SAFELOCK MEDICAL,E-Purchasing,Barang,Belanja Barang dan Jasa BLUD,ON PROCESS,3888558,3888558
KAB. WAJO,"DINAS KOMUNIKASI, INFORMATIKA DAN STATISTIK - 2.16.2.20.2.21.02.0000",01KVFHZZN3M83D9FH6QV3BA49H,65606990,2026,E-Katalog 6.0,APBD,MEDIA NUSANTARA CREASI,E-Purchasing,Barang,Belanja Kawat/Faksimili/Internet/TV Berlangganan - Relasi Media ,ON PROCESS,11249906,11249906
KAB. WAJO,DINAS PENDIDIKAN DAN KEBUDAYAAN - 1.01.2.22.0.00.02.0000,01KVCP0Q000FVHT9XAV6RGBZ4C,63027443,2026,E-Katalog 6.0,APBD,AQILAHDAFFA,E-Purchasing,Barang,Belanja Makanan dan Minuman Rapat,ON PROCESS,1827000,1827000
KAB. WAJO,"SATUAN POLISI PAMONG PRAJA, PEMADAM KEBAKARAN DAN PENYELAMATAN - 1.05.0.00.0.00.01.0000",01KJ4WR6NKR9QNAP19VMF7CKX5,64200491,2026,E-Katalog 6.0,APBD,FAJRIN,E-Purchasing,Barang,Belanja Makanan dan Minuman Aktivitas Lapangan,ON PROCESS,4008100,4008100
KAB. WAJO,SEKRETARIAT DAERAH - 4.01.0.00.0.00.01.0000,01KQEGJX24VGEM61PRAMYBAV10,67019162,2026,E-Katalog 6.0,APBD,SAHAJA ATMA ADIPATI,E-Purchasing,Jasa Lainnya,Belanja Tenaga Sopir,ON PROCESS,170240000,170240000
KAB. WAJO,"DINAS KOMUNIKASI, INFORMATIKA DAN STATISTIK - 2.16.2.20.2.21.02.0000",01KJPNBSMWEYMAY9J6YAMD3DZ8,65606990,2026,E-Katalog 6.0,APBD,UJUNGPANDANG EKSPRES BIRO WAJO,E-Purchasing,Barang,Belanja Kawat/Faksimili/Internet/TV Berlangganan - Relasi Media ,ON PROCESS,3750000,3750000
KAB. WAJO,"DINAS KOMUNIKASI, INFORMATIKA DAN STATISTIK - 2.16.2.20.2.21.02.0000",01KVWMFNDDBBZG4PJ9FS8K3D19,65606990,2026,E-Katalog 6.0,APBD,MEDIA METRO PENDIDIKAN,E-Purchasing,Barang,Belanja Kawat/Faksimili/Internet/TV Berlangganan - Relasi Media ,ON PROCESS,5594400,5594400
KAB. WAJO,DINAS KESEHATAN - 1.02.0.00.0.00.01.0000,01KVCYY5TJBANGH7T1ZKVXRHR6,66767900,2026,E-Katalog 6.0,APBD,ARSYAD M,E-Purchasing,Barang,Belanja Alat/Bahan untuk Kegiatan Kantor-Perabot Kantor pada sub kegiatan Penyediaan Bahan-Material,ON PROCESS,3521567,3521567
KAB. WAJO,DINAS KESEHATAN - 1.02.0.00.0.00.01.0000,01KNT5QYZZ9RV1J12NFCR69GDP,66768522,2026,E-Katalog 6.0,APBD,ARSYAD M,E-Purchasing,Barang,Belanja Alat/Bahan untuk Kegiatan Kantor-Alat Tulis Kantor pada sub kegiatan Koordinasi dan Penyusunan Dokumen RKA-SKPD,ON PROCESS,1033894,1033894
KAB. WAJO,KECAMATAN KEERA - 7.01.0.00.0.00.04.0000,01KP9VY3WEYTNSTZWQ3N2B2M7N,65606003,2026,E-Katalog 6.0,APBD,DARNAWATI BAHAR,E-Purchasing,Barang,Penyusunan Dokumen Perencanaan Perangkat Daerah,ON PROCESS,1000000,1000000
KAB. WAJO,"SATUAN POLISI PAMONG PRAJA, PEMADAM KEBAKARAN DAN PENYELAMATAN - 1.05.0.00.0.00.01.0000",01KMRYTV1FAQ108F97QRN99DN4,64064061,2026,E-Katalog 6.0,APBD,DARNAWATI,E-Purchasing,Barang,Belanja Makanan dan Minuman Aktivitas Lapangan,ON PROCESS,4842000,4842000
KAB. WAJO,SEKRETARIAT DEWAN PERWAKILAN RAKYAT DAERAH - 4.02.0.00.0.00.01.0000,01KFN0GV7Y3DNC52050R2938YM,63931767,2026,E-Katalog 6.0,APBD,MUDAMA,E-Purchasing,Barang,Belanja Sewa Alat Bantu Lainnya Pelaksanaan Reses,ON PROCESS,749250,749250
KAB. WAJO,SEKRETARIAT DEWAN PERWAKILAN RAKYAT DAERAH - 4.02.0.00.0.00.01.0000,01KMJCQBM02FGFFK7K68SY5WBZ,63930791,2026,E-Katalog 6.0,APBD,MUSTAFA HI. BANDUNG,E-Purchasing,Barang,Belanja Makanan dan Minuman Rapat_Pembahasan_LKPJ,ON PROCESS,2415000,2415000
KAB. WAJO,DINAS KESEHATAN - 1.02.0.00.0.00.01.0000,01KP8JYPJRKHV499J3ZJFMDSKH,66827323,2026,E-Katalog 6.0,APBD,PERUSAHAAN PERSEROAN (PERSERO) PT KIMIA FARMA,E-Purchasing,Barang,"Belanja Obat-Obatan-Obat pada sub kegiatan Pengadaan Obat, Bahan Habis Pakai, Bahan Medis Habis Pakai,, Vaksin, Makanan dan Minuman di Fasilitas Kesehatan",ON PROCESS,24164700,24164700
KAB. WAJO,"SATUAN POLISI PAMONG PRAJA, PEMADAM KEBAKARAN DAN PENYELAMATAN - 1.05.0.00.0.00.01.0000",01KJ4VK8NV1TZHVHSE9TDBF378,64200491,2026,E-Katalog 6.0,APBD,ABDUL MUIS,E-Purchasing,Barang,Belanja Makanan dan Minuman Aktivitas Lapangan,ON PROCESS,4008100,4008100
KAB. WAJO,RSUD LAMADDUKELLENG - 1.02.0.00.0.00.01.0001,01KKX4SWZ5W4BVCVN2Y3E568YX,65300982,2026,E-Katalog 6.0,BLUD,ABADI MAKMUR BERSAMA,E-Purchasing,Barang,Belanja Barang dan Jasa BLUD,ON PROCESS,13500020,0
KAB. WAJO,SEKRETARIAT DAERAH - 4.01.0.00.0.00.01.0000,01KS23GV5HTDYG26J5AF4KQ486,66853007,2026,E-Katalog 6.0,APBD,ANDI ERNA,E-Purchasing,Barang,Belanja Makanan dan Minuman Rapat,ON PROCESS,537000,537000
KAB. WAJO,"DINAS PEKERJAAN UMUM, PENATAAN RUANG DAN PERTANAHAN - 1.03.2.10.0.00.01.0000",10813555000,66757209,2026,Non Tender,APBD,ADI PURWANTO,Pengadaan Langsung,Jasa Konsultansi Perorangan Konstruksi,Surveyor (Perencanaan Pengaspalan),SELESAI,27000000,27000000
KAB. WAJO,DINAS PENDIDIKAN DAN KEBUDAYAAN - 1.01.2.22.0.00.02.0000,01KPASMPKPWXS5R65XBKJJVN93,63027781,2026,E-Katalog 6.0,APBD,MUH IQBAL MASTAL,E-Purchasing,Barang,Belanja Makanan dan Minuman Rapat,ON PROCESS,3923500,3923500
KAB. WAJO,BADAN KEPEGAWAIAN DAN PENGEMBANGAN SUMBER DAYA MANUSIA - 5.03.5.04.0.00.01.0000,01KMYZXXRXXGDHWPWBJD6HYM7R,63761370,2026,E-Katalog 6.0,APBD,"ANDI DILAYANTI, S.E.",E-Purchasing,Barang,Belanja Alat/Bahan untuk Kegiatan Kantor-Alat Tulis Kantor pada Kegiatan Penyediaan Jasa Surat Menyurat,ON PROCESS,22606833,22606833
KAB. WAJO,BADAN KEPEGAWAIAN DAN PENGEMBANGAN SUMBER DAYA MANUSIA - 5.03.5.04.0.00.01.0000,01KKWD4BFD8KJ12N8MN160MV7R,63756206,2026,E-Katalog 6.0,APBD,MEGAWATI,E-Purchasing,Barang," Belanja Makanan dan Minuman Rapat  pada Kegiatan  Penyediaan Jasa Pelayanan Umum Kantor",ON PROCESS,30383000,30383000
KAB. WAJO,SEKRETARIAT DEWAN PERWAKILAN RAKYAT DAERAH - 4.02.0.00.0.00.01.0000,01KFN4SX49EJJHKC2S2N7VKBFQ,63931768,2026,E-Katalog 6.0,APBD,MUDAMA,E-Purchasing,Barang,Belanja Sewa Bangunan Gedung Tempat Pertemuan Pelasksanaan Reses,ON PROCESS,1443000,1443000
KAB. WAJO,BADAN KESATUAN BANGSA DAN POLITIK - 8.01.0.00.0.00.01.0000,01KPA6596ASJEKW93616D6FCC9,63062754,2026,E-Katalog 6.0,APBD,MUSTAFA HI. BANDUNG,E-Purchasing,Barang,Belanja Makanan dan Minuman Rapat,ON PROCESS,1426000,1426000
KAB. WAJO,DINAS PERIKANAN - 3.25.0.00.0.00.01.0000,01KPABSMC2V88NGK768FVP9ZK3,64497999,2026,E-Katalog 6.0,APBD,ANANCI,E-Purchasing,Barang,Belanja Alat/Bahan untuk Kegiatan Kantor-Benda Pos kegiatan Penyediaan Jasa Surat Menyurat,ON PROCESS,720000,720000
KAB. WAJO,SEKRETARIAT DAERAH - 4.01.0.00.0.00.01.0000,01KSYJVXCYN4X5R7RWYQ2ZRJ06,63636068,2026,E-Katalog 6.0,APBD,ANDI ERNA,E-Purchasing,Barang,Belanja Natura dan Pakan-Natura,ON PROCESS,238500,238500
KAB. WAJO,"DINAS KOMUNIKASI, INFORMATIKA DAN STATISTIK - 2.16.2.20.2.21.02.0000",01KVFK5074MD5A675MD1DQX354,65606990,2026,E-Katalog 6.0,APBD,ALATHAR INDOMEDIA GROUP,E-Purchasing,Barang,Belanja Kawat/Faksimili/Internet/TV Berlangganan - Relasi Media ,ON PROCESS,5099962,5099962
KAB. WAJO,PUSKESMAS SAPPA - 1.02.0.00.0.00.01.0022,01KQSNPK01NH339Z9F8TDV8658,66281514,2026,E-Katalog 6.0,APBD,MASDAWATI,E-Purchasing,Barang,Kue / Snack,ON PROCESS,179000,179000
KAB. WAJO,BADAN KESATUAN BANGSA DAN POLITIK - 8.01.0.00.0.00.01.0000,01KRX335YPFYE10XDV7SQ979B3,63063542,2026,E-Katalog 6.0,APBD,DYA RAHAYU AISYAH PUTRI,E-Purchasing,Barang,Belanja Makanan dan Minuman Rapat,ON PROCESS,1534000,1534000
KAB. WAJO,"SATUAN POLISI PAMONG PRAJA, PEMADAM KEBAKARAN DAN PENYELAMATAN - 1.05.0.00.0.00.01.0000",01KR37AAQN285HPPDX3JVZBT4F,64064654,2026,E-Katalog 6.0,APBD,ANDI FADLI,E-Purchasing,Barang,Belanja Pemeliharaan Alat Angkutan-Alat Angkutan Darat Bermotor-Kendaraan Bermotor Khusus,ON PROCESS,2608500,2608500
KAB. WAJO,RSUD LAMADDUKELLENG - 1.02.0.00.0.00.01.0001,01KTJQ8T77J1ZD544R1QJVHSM3,65300982,2026,E-Katalog 6.0,BLUD,ARKANINDOPLAST UTAMA,E-Purchasing,Barang,Belanja Barang dan Jasa BLUD,ON PROCESS,20957954,20957954
KAB. WAJO,RSUD LAMADDUKELLENG - 1.02.0.00.0.00.01.0001,01KRDDEBB9VGTYXMP1JBRMR0TC,65300982,2026,E-Katalog 6.0,BLUD,GUNAWAN TJANDRA,E-Purchasing,Barang,Belanja Barang dan Jasa BLUD,ON PROCESS,20400000,20400000
KAB. WAJO,RSUD LAMADDUKELLENG - 1.02.0.00.0.00.01.0001,01KW8P8SEDF66SZDV6F2EVTWSK,65300982,2026,E-Katalog 6.0,BLUD,DEXA MEDICA,E-Purchasing,Barang,Belanja Barang dan Jasa BLUD,ON PROCESS,14097000,14097000
KAB. WAJO,DINAS KEPENDUDUKAN DAN PENCATATAN SIPIL - 2.12.0.00.0.00.01.0000,01KN4ATXEQ56JB64K52ZR6KH33,66534678,2026,E-Katalog 6.0,APBD,PURA BARUTAMA,E-Purchasing,Barang,Belanja Alat/Bahan untuk Kegiatan Kantor- Bahan Cetak,ON PROCESS,36033719,36033719
KAB. WAJO,RSUD LAMADDUKELLENG - 1.02.0.00.0.00.01.0001,01KJS5NE7X6645XB47NV6FSEWF,65300982,2026,E-Katalog 6.0,BLUD,BRYAN MEDIKAL,E-Purchasing,Barang,Belanja Barang dan Jasa BLUD,ON PROCESS,27601260,0
KAB. WAJO,RSUD LAMADDUKELLENG - 1.02.0.00.0.00.01.0001,01KJC9P1CD9ZSDCQNHDXB5R8B3,65300982,2026,E-Katalog 6.0,BLUD,MAHAKAM BETA FARMA,E-Purchasing,Barang,Belanja Barang dan Jasa BLUD,ON PROCESS,23976000,23976000
KAB. WAJO,"SATUAN POLISI PAMONG PRAJA, PEMADAM KEBAKARAN DAN PENYELAMATAN - 1.05.0.00.0.00.01.0000",01KRB5X16DZ4F5APMZMQKEQ9BQ,66916167,2026,E-Katalog 6.0,APBD,ANDI MARWANAH,E-Purchasing,Barang,Belanja Makanan dan Minuman Aktivitas Lapangan,ON PROCESS,4842000,4842000
KAB. WAJO,RSUD SIWA - 1.02.0.00.0.00.01.0002,01KR350C628QJDM7MR622YKT66,66883851,2026,E-Katalog 6.0,BLUD,HEXPHARM JAYA LABORATORIES,E-Purchasing,Barang,Belanja Barang dan Jasa BLUD,ON PROCESS,4839600,4839600
KAB. WAJO,BADAN PENGELOLAAN KEUANGAN DAN PENDAPATAN DAERAH - 5.02.0.00.0.00.01.0000,01KNNCBCQSNVBH4NRW0CAMWVRK,63464855,2026,E-Katalog 6.0,APBD,ASTI WAHYUNI,E-Purchasing,Barang,Belanja Makanan dan Minuman Rapat,ON PROCESS,634800,634800
KAB. WAJO,BADAN PENGELOLAAN KEUANGAN DAN PENDAPATAN DAERAH - 5.02.0.00.0.00.01.0000,01KHWWBVFB544M0G2ZCPAS5M4X,63370786,2026,E-Katalog 6.0,APBD,LISDAFIK,E-Purchasing,Barang,Belanja Alat/Bahan untuk Kegiatan Kantor-Alat Tulis Kantor,ON PROCESS,786500,786500
KAB. WAJO,"DINAS PERINDUSTRIAN, PERDAGANGAN, KOPERASI, USAHA KECIL DAN MENENGAH - 2.17.3.30.3.31.01.0000",01KS4EHETN0FTX9X9JM813209A,65977841,2026,E-Katalog 6.0,APBD,TAMIYA NURUL WULANDA,E-Purchasing,Barang,Belanja Makanan dan Minuman Aktivitas Lapangan pada Sub Kegiatan Pelaksanaan Operasi Pasar Reguler dan Pasar Khusus yang Berdampak dalam 1 (Satu) Kabupaten/Kota,ON PROCESS,3952800,3952800
KAB. WAJO,"DINAS KOMUNIKASI, INFORMATIKA DAN STATISTIK - 2.16.2.20.2.21.02.0000",01KJC0BTQBDRTP796DCG4KRD40,65606989,2026,E-Katalog 6.0,APBD,RAKYAT SULSEL BIRO WAJO,E-Purchasing,Barang,Belanja Langganan Jurnal/Surat Kabar/Majalah - Relasi Media ,ON PROCESS,26000000,26000000
KAB. WAJO,RSUD LAMADDUKELLENG - 1.02.0.00.0.00.01.0001,01KR4W2F3C4CSJS47N4202PCAK,65300982,2026,E-Katalog 6.0,BLUD,FERRON PAR PHARMACEUTICALS,E-Purchasing,Barang,Belanja Barang dan Jasa BLUD,ON PROCESS,36647982,0
KAB. WAJO,SEKRETARIAT DEWAN PERWAKILAN RAKYAT DAERAH - 4.02.0.00.0.00.01.0000,01KFNB86BVAVQQJW6MX6R8BR52,63931825,2026,E-Katalog 6.0,APBD,RISNAWATI ALIE,E-Purchasing,Barang,Belanja Makanan dan Minuman Rapat_Pokok_Pikiran,ON PROCESS,2737000,2737000
KAB. WAJO,BADAN KEPEGAWAIAN DAN PENGEMBANGAN SUMBER DAYA MANUSIA - 5.03.5.04.0.00.01.0000,01KN1H5A5CQB8Y9JZHNBFTBDYW,64705902,2026,E-Katalog 6.0,APBD,"ANDI DILAYANTI, S.E.",E-Purchasing,Barang,Belanja ATK pada Kegiatan   Pengelolaan Data Kepegawaian,ON PROCESS,15744276,15744276
KAB. WAJO,RSUD LAMADDUKELLENG - 1.02.0.00.0.00.01.0001,01KQR60S2GGPAV4Y1K7JXSGVK2,65300982,2026,E-Katalog 6.0,BLUD,SAHABAT ALIANSI,E-Purchasing,Barang,Belanja Barang dan Jasa BLUD,ON PROCESS,5100000,5100000
KAB. WAJO,SEKRETARIAT DAERAH - 4.01.0.00.0.00.01.0000,01KGX88NWYA7PPN21HXTG6G86J,63590760,2026,E-Katalog 6.0,APBD,BUNGARATU MEGATAMA,E-Purchasing,Barang,Belanja Alat/Bahan untuk Kegiatan Kantor- Suvenir/Cendera Mata,ON PROCESS,777000,777000
KAB. WAJO,"DINAS KOMUNIKASI, INFORMATIKA DAN STATISTIK - 2.16.2.20.2.21.02.0000",01KPJFRRDKZGEJ2EEPMDZFY3VP,65606987,2026,E-Katalog 6.0,APBD,ANDI AKHYAR SULAIMAN,E-Purchasing,Barang,Belanja Alat/Bahan untuk Kegiatan Kantor-Alat Tulis Kantor - Relasi Media ,ON PROCESS,4668376,4668376
KAB. WAJO,DINAS PENANAMAN MODAL DAN PELAYANAN TERPADU SATU PINTU - 2.18.0.00.0.00.01.0000,01KNVFF98JEZJRCBH16NF77DPZ,65003673,2026,E-Katalog 6.0,APBD,ANDI AKHYAR SULAIMAN,E-Purchasing,Barang,Belanja Alat/Bahan untuk Kegiatan Kantor-Benda Pos,ON PROCESS,900000,900000
KAB. WAJO,SEKRETARIAT DAERAH - 4.01.0.00.0.00.01.0000,01KTNDD3DB8PNTQZQZ14G7D9TQ,63590760,2026,E-Katalog 6.0,APBD,BUNGARATU MEGATAMA,E-Purchasing,Barang,Belanja Alat/Bahan untuk Kegiatan Kantor- Suvenir/Cendera Mata,ON PROCESS,1554000,1554000
KAB. WAJO,RSUD LAMADDUKELLENG - 1.02.0.00.0.00.01.0001,01KH1K3MNT4H7BP6AVH75Z7VF3,65300982,2026,E-Katalog 6.0,BLUD,INTISUMBER HASIL SEMPURNA GLOBAL,E-Purchasing,Barang,Belanja Barang dan Jasa BLUD,ON PROCESS,1491463,0
KAB. WAJO,BADAN KEPEGAWAIAN DAN PENGEMBANGAN SUMBER DAYA MANUSIA - 5.03.5.04.0.00.01.0000,01KN1G5Y9QGFW0A98NNMZPNWQR,64705543,2026,E-Katalog 6.0,APBD,"ANDI DILAYANTI, S.E.",E-Purchasing,Barang,Belanja ATK pada Kegiatan  Evaluasi Pemberhentian ASN,ON PROCESS,3470479,3470479
KAB. WAJO,"DINAS KOMUNIKASI, INFORMATIKA DAN STATISTIK - 2.16.2.20.2.21.02.0000",01KQ7RQ8A09FS2Q3254HYEQCGP,65607095,2026,E-Katalog 6.0,APBD,ANDI AKHYAR SULAIMAN,E-Purchasing,Barang,"Belanja Alat/Bahan untuk Kegiatan Kantor-Alat Tulis Kantor - Monitoring Informasi Kebijakan, Opini, dan Aspirasi Publik  ",ON PROCESS,2904423,2904423
KAB. WAJO,DINAS PERHUBUNGAN - 2.15.0.00.0.00.01.0000,01KSHJDMHWPC7YZF716DWRXV39,66878384,2026,E-Katalog 6.0,APBD,WAHYU RABBANIAH,E-Purchasing,Barang,Belanja Bahan-Bahan Lainnya,PAYMENT OUTSIDE SYSTEM,30414000,30414000
KAB. WAJO,RSUD LAMADDUKELLENG - 1.02.0.00.0.00.01.0001,01KW1D5ZPGXQX8WH42RNM19NE6,65300982,2026,E-Katalog 6.0,BLUD,KALBE FARMA,E-Purchasing,Barang,Belanja Barang dan Jasa BLUD,ON PROCESS,23999976,23999976
KAB. WAJO,"DINAS KOMUNIKASI, INFORMATIKA DAN STATISTIK - 2.16.2.20.2.21.02.0000",01KNKHFYA2SQF4NZ1NAASSFDHB,65606990,2026,E-Katalog 6.0,APBD,KLIK INTERMEDIA GRUP,E-Purchasing,Barang,Belanja Kawat/Faksimili/Internet/TV Berlangganan - Relasi Media ,ON PROCESS,30000000,30000000
KAB. WAJO,DINAS TENAGA KERJA DAN TRANSMIGRASI - 2.07.3.32.0.00.02.0000,01KWGB9H9FPMPM80NPM6BNPMR6,67306955,2026,E-Katalog 6.0,APBD,A. MUH. RIZAL,E-Purchasing,Barang,Belanja Makanan dan Minuman Rapat,ON PROCESS,1104000,1104000
KAB. WAJO,DINAS KESEHATAN - 1.02.0.00.0.00.01.0000,01KW93ENYJ6FRWTGC2B5W8FGH0,66768684,2026,E-Katalog 6.0,APBD,DELANGGU SINERGI LAKSANA,E-Purchasing,Barang,Belanja Modal Alat Kesehatan Umum Lainnya pada Pengadaan Alat Kesehatan-Alat Penunjang Medik Fasilitas Pelayanan Kesehatan,ON PROCESS,374625000,374625000
KAB. WAJO,BADAN KESATUAN BANGSA DAN POLITIK - 8.01.0.00.0.00.01.0000,01KVC5VVDDRXEN13RDJ6029AQJ,63062459,2026,E-Katalog 6.0,APBD,HASDIMAN,E-Purchasing,Barang,Belanja Alat/Bahan untuk Kegiatan Kantor-Benda Pos,ON PROCESS,110000,110000
KAB. WAJO,DINAS KESEHATAN - 1.02.0.00.0.00.01.0000,01KRXDMYS39PBDX0D03HKYXWS5,66791078,2026,E-Katalog 6.0,APBD,ARSYAD M,E-Purchasing,Barang,Belanja Bahan-Bahan Lainnya pada sub kegiatan Pengambilan dan Pengiriman Spesimen Penyakit Potensial KLB ke Laboratorium Rujukan/Nasional,ON PROCESS,3349558,3349558
KAB. WAJO,RSUD LAMADDUKELLENG - 1.02.0.00.0.00.01.0001,01KT8ET3Z0BN2KQ6EH7S802HN6,65300982,2026,E-Katalog 6.0,BLUD,ANUGRAHMITRA SELARAS,E-Purchasing,Barang,Belanja Barang dan Jasa BLUD,ON PROCESS,11200011,11200011
KAB. WAJO,"DINAS PEKERJAAN UMUM, PENATAAN RUANG DAN PERTANAHAN - 1.03.2.10.0.00.01.0000",01KQYEZ190GGPW02WV2E6N5723,67078199,2026,E-Katalog 6.0,APBD,AQILAHDAFFA,E-Purchasing,Barang,Belanja Alat/Bahan untuk Kegiatan Kantor-Alat/Bahan untuk Kegiatan Kantor Lainnya ,ON PROCESS,1230000,1230000
KAB. WAJO,PUSKESMAS TEMPE - 1.02.0.00.0.00.01.0006,01KT6516KZKDXKAWCE30RB6DV5,65899120,2026,E-Katalog 6.0,APBD,MUHAMMAD ZULKARNAIN,E-Purchasing,Barang,Belanja Barang dan Jasa BLUD,ON PROCESS,1127700,1127700
KAB. WAJO,"SATUAN POLISI PAMONG PRAJA, PEMADAM KEBAKARAN DAN PENYELAMATAN - 1.05.0.00.0.00.01.0000",01KP2T9QKD3B2M3KWKP22HCSD0,64064366,2026,E-Katalog 6.0,APBD,ANDI MAKKULAWU,E-Purchasing,Barang,Belanja Alat/Bahan untuk Kegiatan Kantor-Benda Pos,ON PROCESS,459540,459540
KAB. WAJO,KECAMATAN TEMPE - 7.01.0.00.0.00.14.0000,01KS1HJR7D8FJPJ4KSK0DG1SC8,64726060,2026,E-Katalog 6.0,APBD,ANDI ERNA,E-Purchasing,Barang,Belanja Makanan dan Minuman Rapat,ON PROCESS,1610000,1610000
KAB. WAJO,SEKRETARIAT DEWAN PERWAKILAN RAKYAT DAERAH - 4.02.0.00.0.00.01.0000,01KPMPZP701W26D73SZDNTFD9R,66889388,2026,E-Katalog 6.0,APBD,ANDI PARENRENGI,E-Purchasing,Barang,Belanja Makanan dan Minuman Rapat Sub Kegiatan Fasiilitasi Rappat Koordiinasi dan Konsultasi DPRD,ON PROCESS,322000,322000
KAB. WAJO,SEKRETARIAT DAERAH - 4.01.0.00.0.00.01.0000,01KJ79CAWNY29ET0YG27TDA6BK,64471453,2026,E-Katalog 6.0,APBD,ANDI AKHYAR SULAIMAN,E-Purchasing,Barang,Belanja Alat/Bahan untuk Kegiatan Kantor-Alat Tulis Kantor,ON PROCESS,2486749,2486749
KAB. WAJO,PUSKESMAS SAJOANGING - 1.02.0.00.0.00.01.0012,01KTMZB9WVDFES4W6H15BV3H7C,66620220,2026,E-Katalog 6.0,APBD,SALWA NABILAH IDRIS,E-Purchasing,Barang,Belanja Barang dan jasa BOK Puskesmas pada sub kegiatan Pengelolaan Pelayanan Kesehatan Ibu Hamil,ON PROCESS,358000,358000
KAB. WAJO,"DINAS KOMUNIKASI, INFORMATIKA DAN STATISTIK - 2.16.2.20.2.21.02.0000",01KPJEZSGKZHD2KFQJ9EATX2XD,65718396,2026,E-Katalog 6.0,APBD,ANDI AKHYAR SULAIMAN,E-Purchasing,Barang,Belanja Alat/Bahan untuk Kegiatan Kantor-Alat Tulis Kantor - Penyusunan Konten,ON PROCESS,5634874,5634874
KAB. WAJO,RSUD SIWA - 1.02.0.00.0.00.01.0002,01KTNMD9GM8H4HPYS6RQCPF0QN,66883851,2026,E-Katalog 6.0,BLUD,MEDICAL SOLUTION INDONESIA,E-Purchasing,Barang,Belanja Barang dan Jasa BLUD,ON PROCESS,4662000,4662000
KAB. WAJO,"DINAS PEKERJAAN UMUM, PENATAAN RUANG DAN PERTANAHAN - 1.03.2.10.0.00.01.0000",01KQYFGQC2DNEZA9EGY0K1K4TA,66614104,2026,E-Katalog 6.0,APBD,AQILAHDAFFA,E-Purchasing,Barang,Belanja Alat/Bahan untuk Kegiatan Kantor-Alat Listrik,ON PROCESS,2613900,2613900
KAB. WAJO,SEKRETARIAT DAERAH - 4.01.0.00.0.00.01.0000,01KR0GD1H2Q8J9TCQN4J7WWDDV,66020228,2026,E-Katalog 6.0,APBD,ANDI AKHYAR SULAIMAN,E-Purchasing,Barang,Belanja Alat/Bahan untuk Kegiatan Kantor-Alat Tulis Kantor,ON PROCESS,4329984,4329984
KAB. WAJO,PUSKESMAS SOLO - 1.02.0.00.0.00.01.0010,01KW8E2EJGAB5H4MT8JCP6TYCP,66313239,2026,E-Katalog 6.0,APBD,NURFAIDAH,E-Purchasing,Barang,"Belanja barang dan jasa BOK Puskesmas pada sub kegiatan Peningkatan Upaya Promosi Kesehatan, Advokasi, Kemitraan dan Pemberdayaan Masyarakat",ON PROCESS,670400,670400
KAB. WAJO,"SATUAN POLISI PAMONG PRAJA, PEMADAM KEBAKARAN DAN PENYELAMATAN - 1.05.0.00.0.00.01.0000",01KS77N8YP41V1700QFG8T8MKZ,66910838,2026,E-Katalog 6.0,APBD,MEGAWATI,E-Purchasing,Barang,Belanja Makanan dan Minuman Aktivitas Lapangan,ON PROCESS,2729500,2729500
KAB. WAJO,"SATUAN POLISI PAMONG PRAJA, PEMADAM KEBAKARAN DAN PENYELAMATAN - 1.05.0.00.0.00.01.0000",01KS77F3RCH8MZKFYAD3PQ7NC1,66910838,2026,E-Katalog 6.0,APBD,MEGAWATI,E-Purchasing,Barang,Belanja Makanan dan Minuman Aktivitas Lapangan,ON PROCESS,2941500,2941500
KAB. WAJO,"BADAN PERENCANAAN PEMBANGUNAN, RISET DAN INOVASI DAERAH - 5.01.5.05.0.00.01.0000",01KNTY244EAJGM98PGSXD17C8R,65502462,2026,E-Katalog 6.0,APBD,ANDI AKHYAR SULAIMAN,E-Purchasing,Barang,Belanja Alat/Bahan untuk Kegiatan Kantor- Bahan Cetak,ON PROCESS,125000,125000
KAB. WAJO,PUSKESMAS SOLO - 1.02.0.00.0.00.01.0010,01KRX3B4ZEWZQXZNXY5R83Y1E4,66313733,2026,E-Katalog 6.0,APBD,GUNAWAN TJANDRA,E-Purchasing,Barang,Belanja Barang dan Jasa BLUD,ON PROCESS,2730000,2730000
KAB. WAJO,RSUD LAMADDUKELLENG - 1.02.0.00.0.00.01.0001,01KVSJ2QHR6JVFYPG4MB58D5W7,65300982,2026,E-Katalog 6.0,BLUD,BRYAN MEDIKAL,E-Purchasing,Barang,Belanja Barang dan Jasa BLUD,ON PROCESS,54231270,0
KAB. WAJO,KELURAHAN PADDUPPA - 7.01.0.00.0.00.14.0010,01KTNF9D069VKDZJCNTZWEKPH4,66968203,2026,E-Katalog 6.0,APBD,A. MUH. ABRAR,E-Purchasing,Barang,Belanja Alat/Bahan untuk Kegiatan Kantor-Alat Tulis Kantor,ON PROCESS,2991100,2991100
KAB. WAJO,SEKRETARIAT DAERAH - 4.01.0.00.0.00.01.0000,01KTB7PFCX2Y87RPHHGMZHF3MT,65287977,2026,E-Katalog 6.0,APBD,MEDIA SIPADUPA PROMOSINDO,E-Purchasing,Barang,Belanja Sewa Alat Kantor Lainnya,ON PROCESS,8250000,8250000
KAB. WAJO,SEKRETARIAT DAERAH - 4.01.0.00.0.00.01.0000,01KNGW781FK40N66QSE7KAWTYK,63637426,2026,E-Katalog 6.0,APBD,MITRA SERMANI HOTEL,E-Purchasing,Barang,Belanja Sewa Hotel,ON PROCESS,6600000,6600000
KAB. WAJO,"BADAN PERENCANAAN PEMBANGUNAN, RISET DAN INOVASI DAERAH - 5.01.5.05.0.00.01.0000",01KT3J9ZQSWCB234PTWWR0Q6HB,65658600,2026,E-Katalog 6.0,APBD,ANDI ERNA,E-Purchasing,Barang,Belanja Makanan dan Minuman Rapat,ON PROCESS,836000,836000
KAB. WAJO,PUSKESMAS PATTIROSOMPE - 1.02.0.00.0.00.01.0007,01KNRTKQCV8497KNPAMNQM1K3S,66629961,2026,E-Katalog 6.0,APBD,ANDI AZIS ASHAR,E-Purchasing,Barang,Sub Kegiatan Pengelolaan Pelayanan Kesehatan Ibu Hamil,ON PROCESS,268500,268500
KAB. WAJO,RSUD SIWA - 1.02.0.00.0.00.01.0002,01KSV1MRHZNHY703JDQKAN5Q0G,66883851,2026,E-Katalog 6.0,BLUD,KALBIO GLOBAL MEDIKA,E-Purchasing,Barang,Belanja Barang dan Jasa BLUD,ON PROCESS,4766285,0
KAB. WAJO,SEKRETARIAT DAERAH - 4.01.0.00.0.00.01.0000,01KH3EDDEZSBWQTB1253DVHTKW,63636744,2026,E-Katalog 6.0,APBD,KARTINI TAHIR,E-Purchasing,Barang,Belanja Natura dan Pakan-Natura,ON PROCESS,1560000,1560000
KAB. WAJO,DINAS KESEHATAN - 1.02.0.00.0.00.01.0000,01KQ4NV0JR7E7V85KG6VVY2PNE,66827323,2026,E-Katalog 6.0,APBD,BERNOFARM,E-Purchasing,Barang,"Belanja Obat-Obatan-Obat pada sub kegiatan Pengadaan Obat, Bahan Habis Pakai, Bahan Medis Habis Pakai,, Vaksin, Makanan dan Minuman di Fasilitas Kesehatan",ON PROCESS,3922740,3922740
KAB. WAJO,"DINAS KOMUNIKASI, INFORMATIKA DAN STATISTIK - 2.16.2.20.2.21.02.0000",01KPYZ8278ZHX4WPGA4MTDCQZJ,65611387,2026,E-Katalog 6.0,APBD,AQILAHDAFFA,E-Purchasing,Barang,Belanja Makanan dan Minuman Rapat - Penyediaan Layanan Keamanan Informasi dan Persandian Pemerintah Daerah,ON PROCESS,1745700,1745700
KAB. WAJO,SEKRETARIAT DAERAH - 4.01.0.00.0.00.01.0000,01KVA474VA0X0PB1A4E9JCASPJ,65287975,2026,E-Katalog 6.0,APBD,TENRI MAWAR,E-Purchasing,Barang,Belanja Sewa Kendaraan Bermotor Angkutan Barang,ON PROCESS,11000000,11000000
KAB. WAJO,DINAS PERIKANAN - 3.25.0.00.0.00.01.0000,01KQHMW7KCW9GYDRRZ5N8ZFCB5,67053140,2026,E-Katalog 6.0,APBD,ANANCI,E-Purchasing,Barang,Belanja Alat/Bahan untuk Kegiatan Kantor-Perabot Kantor kegiatan Penyediaan Peralatan Rumah Tangga,ON PROCESS,1706500,1706500
KAB. WAJO,DINAS PERTANIAN DAN KETAHANAN PANGAN - 2.09.3.27.0.00.02.0000,01KW8YP09EJ5G4METPQJ8EWRBD,67349236,2026,E-Katalog 6.0,APBD,IRVHAN,E-Purchasing,Pekerjaan Konstruksi,Pembangunan Gudang Pertanian RPC,ON PROCESS,2459627381,2459627381
KAB. WAJO,"DINAS SOSIAL, PENGENDALIAN PENDUDUK, KELUARGA BERENCANA, PEMBERDAYAAN PEREMPUAN DAN PERLINDUNGAN ANAK - 1.06.2.08.2.14.06.0000",01KRX3E4E0139MY8T78JPFA7XK,66989922,2026,E-Katalog 6.0,APBD,ANANCI,E-Purchasing,Barang,Belanja Alat/Bahan untuk Kegiatan Kantor-Alat Tulis Kantor,ON PROCESS,3847000,3847000
KAB. WAJO,SEKRETARIAT DAERAH - 4.01.0.00.0.00.01.0000,01KP59REA5XB4ZT9DXZBB707GX,65287973,2026,E-Katalog 6.0,APBD,FITRIANI,E-Purchasing,Barang,Belanja Makanan dan Minuman Jamuan Tamu,ON PROCESS,67730000,67730000
KAB. WAJO,DINAS KESEHATAN - 1.02.0.00.0.00.01.0000,01KR018Y3B86PWC3ZF4BSJCNW2,66767981,2026,E-Katalog 6.0,APBD,ARSYAD M,E-Purchasing,Barang,Belanja Alat/Bahan untuk Kegiatan Kantor- Bahan Cetak pada sub kegiatan Penyusunan Dokumen Perencanaan Perangkat Daerah,ON PROCESS,375002,375002
KAB. WAJO,DINAS PERUMAHAN DAN KAWASAN PERMUKIMAN - 1.04.0.00.0.00.01.0000,01KQYDKFSWNE49EMGPPN401J92,66963146,2026,E-Katalog 6.0,APBD,ANDI AKHYAR SULAIMAN,E-Purchasing,Barang,Belanja Alat/Bahan untuk Kegiatan Kantor-Alat Tulis Kantor pada kegiatan Penyediaan Jasa Surat Menyurat,ON PROCESS,2396199,2396199
KAB. WAJO,PUSKESMAS LEMPA - 1.02.0.00.0.00.01.0004,01KTKHN9EMQDRDY1ESRHN19VF3,66579247,2026,E-Katalog 6.0,APBD,MUHAMMAD ZULKARNAIN,E-Purchasing,Barang,Belanja Barang dan Jasa BLUD,ON PROCESS,1225900,1225900
KAB. WAJO,"SATUAN POLISI PAMONG PRAJA, PEMADAM KEBAKARAN DAN PENYELAMATAN - 1.05.0.00.0.00.01.0000",01KNVRRS90QCZCYXD377KGX39H,64064652,2026,E-Katalog 6.0,APBD,ANDI FADLI,E-Purchasing,Barang,Belanja Peralatan dan Mesin-Alat Angkutan-Alat Angkutan Darat Bermotor-Kendaraan Bermotor Penumpang,ON PROCESS,1132200,1132200
KAB. WAJO,BADAN PENGELOLAAN KEUANGAN DAN PENDAPATAN DAERAH - 5.02.0.00.0.00.01.0000,01KP83CMNT0469HKV7NDZBNRD3,63464854,2026,E-Katalog 6.0,APBD,ANDI AKHYAR SULAIMAN,E-Purchasing,Barang,Belanja Alat/Bahan untuk Kegiatan Kantor- Bahan Cetak,ON PROCESS,4995000,4995000
KAB. WAJO,PUSKESMAS SALEWANGENG - 1.02.0.00.0.00.01.0008,01KQYE9FNA3E059ZZPDERWBP5D,66764245,2026,E-Katalog 6.0,APBD,HERMANSYAH,E-Purchasing,Barang,Belanja Barang dan Jasa BLUD,ON PROCESS,22142197,22142197
KAB. WAJO,"DINAS SOSIAL, PENGENDALIAN PENDUDUK, KELUARGA BERENCANA, PEMBERDAYAAN PEREMPUAN DAN PERLINDUNGAN ANAK - 1.06.2.08.2.14.06.0000",01KVWCAH495VH8AAYC3GY658EV,67025321,2026,E-Katalog 6.0,APBD,ARSYAD M,E-Purchasing,Barang,Belanja Alat/Bahan untuk Kegiatan Kantor-Alat Tulis Kantor,ON PROCESS,1941485,1941485
KAB. WAJO,RSUD SIWA - 1.02.0.00.0.00.01.0002,01KSF09G218VNQWQZ1C8KDY0M7,66883851,2026,E-Katalog 6.0,BLUD,ANUGRAH SALMAN MEDIKA,E-Purchasing,Barang,Belanja Barang dan Jasa BLUD,ON PROCESS,2334869,2334869
KAB. WAJO,RSUD LAMADDUKELLENG - 1.02.0.00.0.00.01.0001,01KRD3VKE4ESGEPRSFPHMTBAQT,65300982,2026,E-Katalog 6.0,BLUD,SYSMEX INDONESIA,E-Purchasing,Barang,Belanja Barang dan Jasa BLUD,ON PROCESS,52766626,0
KAB. WAJO,"SATUAN POLISI PAMONG PRAJA, PEMADAM KEBAKARAN DAN PENYELAMATAN - 1.05.0.00.0.00.01.0000",01KT5JJYB1N7FWZPG8MEJCHJN1,64200533,2026,E-Katalog 6.0,APBD,JUMAYA,E-Purchasing,Barang,Belanja Makanan dan Minuman Rapat,ON PROCESS,780100,780100
KAB. WAJO,PUSKESMAS LEMPA - 1.02.0.00.0.00.01.0004,01KRAY7YP7BSJMRFN0Z14ATJE8,66579247,2026,E-Katalog 6.0,APBD,MUHAMMAD ZULKARNAIN,E-Purchasing,Barang,Belanja Barang dan Jasa BLUD,ON PROCESS,1225900,1225900
KAB. WAJO,KECAMATAN GILIRENG - 7.01.0.00.0.00.03.0000,01KJ3R959QVEJD1GXF4TKMK2GY,65663972,2026,E-Katalog 6.0,APBD,MEGAWATI,E-Purchasing,Barang,Belanja Makanan dan Minuman Rapat,ON PROCESS,4550000,4550000
KAB. WAJO,PUSKESMAS TAKKALALLA - 1.02.0.00.0.00.01.0011,01KVQ10B2JF44PA8HME9X38RQN,66026020,2026,E-Katalog 6.0,APBD,SITTI AISYAH,E-Purchasing,Barang,Belanja Barang dan Jasa BOK Puskesmas Sub Kegiatan Bimbingan Teknis dan Supervisi Pengembangan dan Pelaksanaan Upaya Kesehatan Bersumber Daya Masyarakat (UKBM),ON PROCESS,225000,225000
KAB. WAJO,KECAMATAN TEMPE - 7.01.0.00.0.00.14.0000,01KGS4ZTPMZ3E2ZRJT69F4KX8H,64726059,2026,E-Katalog 6.0,APBD,AQILAHDAFFA,E-Purchasing,Barang,Belanja Natura dan Pakan-Natura,ON PROCESS,10946100,10946100
KAB. WAJO,SEKRETARIAT DEWAN PERWAKILAN RAKYAT DAERAH - 4.02.0.00.0.00.01.0000,01KKK12B1J8K42MW6VVME4HYEX,63928678,2026,E-Katalog 6.0,APBD,ANDI PARENRENGI,E-Purchasing,Barang,Belanja Makanan dan Minuman Jamuan Tamu Penyediaan Kebutuhan Rumah Tangga,ON PROCESS,238500,238500
KAB. WAJO,PUSKESMAS SALEWANGENG - 1.02.0.00.0.00.01.0008,01KTK6WQR428SZ9V8XETT8MJGS,66766659,2026,E-Katalog 6.0,APBD,AQILAHDAFFA,E-Purchasing,Barang,Belanaj Barang dan Jasa BOK puskesmas PADA SUB KEGIATAN Bimbingan Teknis dan Supervisi Pengembangan dan Pelaksanaan Upaya Kesehatan Bersumber Daya Masyarakat (UKBM),ON PROCESS,179000,179000
KAB. WAJO,SEKRETARIAT DAERAH - 4.01.0.00.0.00.01.0000,01KTR31W4YAVMVY59HPFD0RF2D,65287973,2026,E-Katalog 6.0,APBD,FITRIANI,E-Purchasing,Barang,Belanja Makanan dan Minuman Jamuan Tamu,ON PROCESS,953978,953978
KAB. WAJO,DINAS PENDIDIKAN DAN KEBUDAYAAN - 1.01.2.22.0.00.02.0000,01KQ4WY2Z7YFZQ190ZYA23G9K6,63029434,2026,E-Katalog 6.0,APBD,AQILAHDAFFA,E-Purchasing,Barang,Belanja Alat/Bahan untuk Kegiatan Kantor-Alat Tulis Kantor,ON PROCESS,2979780,2979780
KAB. WAJO,DINAS KEPENDUDUKAN DAN PENCATATAN SIPIL - 2.12.0.00.0.00.01.0000,01KRDS39Y3QCE7RD3B2K8NT2VW,66535961,2026,E-Katalog 6.0,APBD,MEGAWATI,E-Purchasing,Barang,Belanja Makanan dan Minuman Rapat,ON PROCESS,7033500,7033500
KAB. WAJO,PUSKESMAS TOSORA - 1.02.0.00.0.00.01.0016,01KVSS9S3F1AJJBB8G5PPBPF8G,66096340,2026,E-Katalog 6.0,APBD,ASTI WAHYUNI,E-Purchasing,Barang,"Belanja Barang dan Jasa BOK Puskesmas pada sub kegiatan Peningkatan Upaya Promosi Kesehatan, Advokasi, Kemitraan dan Pemberdayaan Masyarakat",ON PROCESS,718200,718200
KAB. WAJO,"DINAS KOMUNIKASI, INFORMATIKA DAN STATISTIK - 2.16.2.20.2.21.02.0000",01KVFK1PFXJ88C987ZNY3NT04Y,65606990,2026,E-Katalog 6.0,APBD,TEROPONG PENDIDIKAN INDONESIA,E-Purchasing,Barang,Belanja Kawat/Faksimili/Internet/TV Berlangganan - Relasi Media ,ON PROCESS,5100000,5100000
KAB. WAJO,SEKRETARIAT DEWAN PERWAKILAN RAKYAT DAERAH - 4.02.0.00.0.00.01.0000,01KH5VY6228KTP8DX7K0J80J6Z,64721849,2026,E-Katalog 6.0,APBD,MALOMO UTAMA DALLENA,E-Purchasing,Jasa Lainnya,Belanja Beban Jasa yang Diberikan kepada Pihak Ketiga/Pihak Lain  (  Penyedia Tenaga Outsourcing Kebersihan ),ON PROCESS,58875000,58875000
KAB. WAJO,DINAS PERIKANAN - 3.25.0.00.0.00.01.0000,01KPQH1EPVWG3Z0RRFB35ZTRVD,63917707,2026,E-Katalog 6.0,APBD,FADLIAH MAPPANGANRO,E-Purchasing,Barang,Belanja Alat/Bahan untuk Kegiatan Kantor-Alat Tulis Kantor kegiatan Penyediaan Data dan Informasi Usaha Pemasaran dan Pengolahan Hasil Perikanan ,ON PROCESS,905300,905300
KAB. WAJO,PUSKESMAS SALEWANGENG - 1.02.0.00.0.00.01.0008,01KT9FP5GJ2MTBYYTQPC0110B6,66764245,2026,E-Katalog 6.0,APBD,HERMANSYAH,E-Purchasing,Barang,Belanja Barang dan Jasa BLUD,ON PROCESS,5745249,5745249
KAB. WAJO,RSUD LAMADDUKELLENG - 1.02.0.00.0.00.01.0001,01KW8R3F5B4KN7R78B15002MVH,65300982,2026,E-Katalog 6.0,BLUD,ETHICA INDUSTRI FARMASI,E-Purchasing,Barang,Belanja Barang dan Jasa BLUD,ON PROCESS,5202570,5202570
KAB. WAJO,DINAS PERTANIAN DAN KETAHANAN PANGAN - 2.09.3.27.0.00.02.0000,01KQ9FCW3M0BHNYE6P991NQZVJ,66410780,2026,E-Katalog 6.0,APBD,REZKY JAYA ABADI,E-Purchasing,Barang,Belanja Suku Cadang-Suku Cadang Alat Pertanian,ON PROCESS,1842600,1842600
KAB. WAJO,DINAS KESEHATAN - 1.02.0.00.0.00.01.0000,01KRA9X68Q4YHZP68QKA8D4DR6,66775763,2026,E-Katalog 6.0,APBD,KELOLA LINGKUNGAN SELARAS,E-Purchasing,Jasa Lainnya,Belanja Pengolahan Air Limbah pada sub kegiatan Pengelolaan Pelayanan Kesehatan Lingkungan,ON PROCESS,887237208,887237208
KAB. WAJO,PUSKESMAS TAKKALALLA - 1.02.0.00.0.00.01.0011,01KNTMC9EBJNS84KPDDQCAVT1G,66026020,2026,E-Katalog 6.0,APBD,SITTI AISYAH,E-Purchasing,Barang,Belanja Barang dan Jasa BOK Puskesmas Sub Kegiatan Bimbingan Teknis dan Supervisi Pengembangan dan Pelaksanaan Upaya Kesehatan Bersumber Daya Masyarakat (UKBM),ON PROCESS,225000,225000
KAB. WAJO,PUSKESMAS PARIGI - 1.02.0.00.0.00.01.0023,01KVVS53Q4TJMXMGGB1NKMD36Z,66570619,2026,E-Katalog 6.0,APBD,NURHAENI,E-Purchasing,Barang,Nasi Kotak,ON PROCESS,299000,299000
KAB. WAJO,RSUD LAMADDUKELLENG - 1.02.0.00.0.00.01.0001,01KKTNNDY8P3V018CKBKGTGD6R,65300982,2026,E-Katalog 6.0,BLUD,MEDICAL SOLUTION INDONESIA,E-Purchasing,Barang,Belanja Barang dan Jasa BLUD,ON PROCESS,12987000,12987000
KAB. WAJO,RSUD SIWA - 1.02.0.00.0.00.01.0002,01KSER4AS0ZWYWNHRNVVTC59Z3,66883851,2026,E-Katalog 6.0,BLUD,PHAPROS,E-Purchasing,Barang,Belanja Barang dan Jasa BLUD,ON PROCESS,4502160,4502160
KAB. WAJO,BADAN PENGELOLAAN KEUANGAN DAN PENDAPATAN DAERAH - 5.02.0.00.0.00.01.0000,01KQTPB5ZXZC3HWSRGTRWT2TPC,63464855,2026,E-Katalog 6.0,APBD,ASTI WAHYUNI,E-Purchasing,Barang,Belanja Makanan dan Minuman Rapat,ON PROCESS,634800,634800
KAB. WAJO,PUSKESMAS TOSORA - 1.02.0.00.0.00.01.0016,01KQYA3655J9SNNS446KNJA5HR,66114293,2026,E-Katalog 6.0,APBD,ASTI WAHYUNI,E-Purchasing,Barang,Belanja Barang dan Jasa BLUD,ON PROCESS,399000,399000
KAB. WAJO,DINAS TENAGA KERJA DAN TRANSMIGRASI - 2.07.3.32.0.00.02.0000,01KP7M6DYGS6XYFY80W2Z13TM1,66253675,2026,E-Katalog 6.0,APBD,AQILAHDAFFA,E-Purchasing,Barang,Belanja Alat/Bahan untuk Kegiatan Kantor- Bahan Cetak,ON PROCESS,159000,159000
KAB. WAJO,"DINAS PEKERJAAN UMUM, PENATAAN RUANG DAN PERTANAHAN - 1.03.2.10.0.00.01.0000",01KRDK07K7CEFMPY0RE33VTSSQ,67085085,2026,E-Katalog 6.0,APBD,ANDI AKHYAR SULAIMAN,E-Purchasing,Barang,Belanja Alat/Bahan untuk Kegiatan Kantor-Alat Tulis Kantor,ON PROCESS,1298495,1298495
KAB. WAJO,DINAS LINGKUNGAN HIDUP - 2.11.0.00.0.00.01.0000,01KHB4EYEG9793YBZXPV50G43F,64573941,2026,E-Katalog 6.0,APBD,ANANCI,E-Purchasing,Barang,Belanja Alat Tulis Kantor,ON PROCESS,2843000,2843000
KAB. WAJO,SEKRETARIAT DAERAH - 4.01.0.00.0.00.01.0000,01KVW56A9R1YETYPFHWRCX8FZJ,65287973,2026,E-Katalog 6.0,APBD,FITRIANI,E-Purchasing,Barang,Belanja Makanan dan Minuman Jamuan Tamu,ON PROCESS,11362000,11362000
KAB. WAJO,DINAS PENDIDIKAN DAN KEBUDAYAAN - 1.01.2.22.0.00.02.0000,01KS29CCF4DZ9DHV0DPNZG6AY2,63027440,2026,E-Katalog 6.0,APBD,AQILAHDAFFA,E-Purchasing,Barang,Belanja Alat/Bahan untuk Kegiatan Kantor- Bahan Cetak,ON PROCESS,300000,300000
KAB. WAJO,DINAS PERUMAHAN DAN KAWASAN PERMUKIMAN - 1.04.0.00.0.00.01.0000,01KT6B9MKWCGB86M4VBBTQ5Y2T,67220248,2026,E-Katalog 6.0,APBD,TAMIYA NURUL WULANDA,E-Purchasing,Barang,Belanja Makanan dan Minuman Rapat pada Kegiatan Penyusunan Dokumen Perencanaan Perangkat Daerah,ON PROCESS,1120000,1120000
KAB. WAJO,KECAMATAN PAMMANA - 7.01.0.00.0.00.07.0000,01KTNEZ9TSMBTB615VH86FMK6C,65756780,2026,E-Katalog 6.0,APBD,ANDI ERNA,E-Purchasing,Barang,Belanja Makanan dan Minuman Rapat ,ON PROCESS,107498,107498
KAB. WAJO,PUSKESMAS SOLO - 1.02.0.00.0.00.01.0010,01KQV8WM15E2XZ5MVH57P9KKJV,66023206,2026,E-Katalog 6.0,APBD,NURFAIDAH,E-Purchasing,Barang,Belanja barang dan jasa BOK puskesmas pada sub kegiatan Pengelolaan Pelayanan Kesehatan Ibu Hamil,ON PROCESS,225000,225000
KAB. WAJO,PUSKESMAS PATTIROSOMPE - 1.02.0.00.0.00.01.0007,01KVFN0E61CMTNB4R2610HZNJZ,66629961,2026,E-Katalog 6.0,APBD,ANDI AZIS ASHAR,E-Purchasing,Barang,Sub Kegiatan Pengelolaan Pelayanan Kesehatan Ibu Hamil,ON PROCESS,268500,268500
KAB. WAJO,SEKRETARIAT DEWAN PERWAKILAN RAKYAT DAERAH - 4.02.0.00.0.00.01.0000,01KMYYN913N7TGE3WPKPTF5QK0,63928449,2026,E-Katalog 6.0,APBD,ANDI PARENRENGI,E-Purchasing,Barang,Belanja Makanan dan Minuman Rapat Sub Kegiatan Fasiilitasi Rappat Koordiinasi dan Konsultasi DPRD,ON PROCESS,644000,644000
KAB. WAJO,PUSKESMAS GILIRENG - 1.02.0.00.0.00.01.0019,01KTWN0QACXZKG489Y97EA0T22,66067911,2026,E-Katalog 6.0,APBD,GEDDONG,E-Purchasing,Barang,Belanja Barang dan Jasa BLUD,ON PROCESS,1196000,1196000
KAB. WAJO,RSUD LAMADDUKELLENG - 1.02.0.00.0.00.01.0001,01KNGFDK3QMZ1AR97M3V5VEP6H,65300982,2026,E-Katalog 6.0,BLUD,OTSUKA INDONESIA,E-Purchasing,Barang,Belanja Barang dan Jasa BLUD,ON PROCESS,32118072,32118072
KAB. WAJO,DINAS PERIKANAN - 3.25.0.00.0.00.01.0000,01KP56PHZB0TYHH0Y29TM8A58G,64498300,2026,E-Katalog 6.0,APBD,ANANCI,E-Purchasing,Barang,"Belanja Alat/Bahan untuk Kegiatan Kantor-Alat Tulis Kantor kegiatan Monitoring, Evaluasi dan Penilaian Kinerja Pegawai ",ON PROCESS,734885,734885
KAB. WAJO,PUSKESMAS WEWANGREWU - 1.02.0.00.0.00.01.0018,01KTTS45PTQK99V9HEPF67W9TP,66766459,2026,E-Katalog 6.0,APBD,MUHAMMAD RESKY,E-Purchasing,Barang,Belanja Barang dan Jasa BOK Puskesmas pada sub kegiatan Pengelolaan Pelayanan Kesehatan Ibu Hamil,ON PROCESS,179000,179000
KAB. WAJO,PUSKESMAS MANIANGPAJO - 1.02.0.00.0.00.01.0021,01KNGAR01V1QKXW7K1FCTD05E0,66071513,2026,E-Katalog 6.0,APBD,MASDAWATI,E-Purchasing,Barang,Belanja Barang dan Jasa BOK Puskesmas Pada Sub Kegiatan Pengelolaan Pelayanan Kesehatan Ibu Hamil,ON PROCESS,150000,150000
KAB. WAJO,PUSKESMAS MAJAULENG - 1.02.0.00.0.00.01.0015,01KKG6T1ZXXHCZQWPET7WKFRRT,66223778,2026,E-Katalog 6.0,APBD,ARSYAD M,E-Purchasing,Barang,Belanja Barang dan Jasa BLUD,ON PROCESS,3996000,3996000
KAB. WAJO,DINAS PENDIDIKAN DAN KEBUDAYAAN - 1.01.2.22.0.00.02.0000,01KQF5PB6QFA7H4VB9QD67VFM8,63026148,2026,E-Katalog 6.0,APBD,AQILAHDAFFA,E-Purchasing,Barang,Belanja Alat/Bahan untuk Kegiatan Kantor-Perabot Kantor,ON PROCESS,1807500,1807500
KAB. WAJO,"DINAS KOMUNIKASI, INFORMATIKA DAN STATISTIK - 2.16.2.20.2.21.02.0000",01KJPS9NC0ATSFPN1D893W3QWX,65606990,2026,E-Katalog 6.0,APBD,SYAMANA MEDIA GRUP,E-Purchasing,Barang,Belanja Kawat/Faksimili/Internet/TV Berlangganan - Relasi Media ,ON PROCESS,2125000,2125000
KAB. WAJO,PUSKESMAS MANIANGPAJO - 1.02.0.00.0.00.01.0021,01KNGKMT33Z1BPKG285QK4SXQD,66071513,2026,E-Katalog 6.0,APBD,MASDAWATI,E-Purchasing,Barang,Belanja Barang dan Jasa BOK Puskesmas Pada Sub Kegiatan Pengelolaan Pelayanan Kesehatan Ibu Hamil,ON PROCESS,150000,150000
KAB. WAJO,SEKRETARIAT DAERAH - 4.01.0.00.0.00.01.0000,01KQEH1AMV3RMAXGSJ3NYPQDH6,67019040,2026,E-Katalog 6.0,APBD,SAHAJA ATMA ADIPATI,E-Purchasing,Jasa Lainnya,Belanja Jasa Tenaga Kebersihan,ON PROCESS,136800000,136800000
KAB. WAJO,SEKRETARIAT DAERAH - 4.01.0.00.0.00.01.0000,01KT31D21KSKXA3N7BT1SHMDJ5,63636068,2026,E-Katalog 6.0,APBD,ANDI ERNA,E-Purchasing,Barang,Belanja Natura dan Pakan-Natura,ON PROCESS,190800,190800
KAB. WAJO,PUSKESMAS PARIGI - 1.02.0.00.0.00.01.0023,01KSHFEYX5Q1BMFN2YEDPC5RFB,67191993,2026,E-Katalog 6.0,APBD,NURHAENI,E-Purchasing,Barang,Belanja Barang dan Jasa BLUD,ON PROCESS,260000,260000
KAB. WAJO,SEKRETARIAT DAERAH - 4.01.0.00.0.00.01.0000,01KQRRN68JTPR25YABWC01KWBC,66903711,2026,E-Katalog 6.0,APBD,ANDI ERNA,E-Purchasing,Barang,Belanja Makanan dan Minuman Rapat,ON PROCESS,2151000,2151000
KAB. WAJO,DINAS PERTANIAN DAN KETAHANAN PANGAN - 2.09.3.27.0.00.02.0000,01KWGNJEYX5WAZP4Y6Z1X2PFZY,66606787,2026,E-Katalog 6.0,APBD,"ANDI DILAYANTI, S.E.",E-Purchasing,Barang,Belanja Alat/Bahan untuk Kegiatan Kantor-Alat Tulis Kantor,ON PROCESS,1678653,1678653
KAB. WAJO,"BADAN PERENCANAAN PEMBANGUNAN, RISET DAN INOVASI DAERAH - 5.01.5.05.0.00.01.0000",01KN6E5R2Z6N53ME16EW93DP1N,65208966,2026,E-Katalog 6.0,APBD,ANDI AKHYAR SULAIMAN,E-Purchasing,Barang,Belanja Alat/Bahan untuk Kegiatan Kantor- Bahan Cetak,ON PROCESS,200000,200000
KAB. WAJO,RSUD LAMADDUKELLENG - 1.02.0.00.0.00.01.0001,01KRAQ4EVKJTKAYXQKQMYYYHVJ,65300982,2026,E-Katalog 6.0,BLUD,CITRA ALKESINDO PRATAMA,E-Purchasing,Barang,Belanja Barang dan Jasa BLUD,ON PROCESS,22588500,22588500
KAB. WAJO,RSUD LAMADDUKELLENG - 1.02.0.00.0.00.01.0001,01KJSA6D5M40NT22C7Q141M8BG,65300982,2026,E-Katalog 6.0,BLUD,BRYAN MEDIKAL,E-Purchasing,Barang,Belanja Barang dan Jasa BLUD,ON PROCESS,1978020,0
KAB. WAJO,RSUD LAMADDUKELLENG - 1.02.0.00.0.00.01.0001,01KJYWJWMCV0GQ59DF9HFMF397,65300982,2026,E-Katalog 6.0,BLUD,SYSMEX INDONESIA,E-Purchasing,Barang,Belanja Barang dan Jasa BLUD,ON PROCESS,11100000,0
KAB. WAJO,PUSKESMAS MAJAULENG - 1.02.0.00.0.00.01.0015,01KT5ND8396XMT8106DN6Q61Q4,66223778,2026,E-Katalog 6.0,APBD,REZKY JAYA ABADI,E-Purchasing,Barang,Belanja Barang dan Jasa BLUD,ON PROCESS,1673000,1673000
KAB. WAJO,RSUD LAMADDUKELLENG - 1.02.0.00.0.00.01.0001,01KVYTK2BQ8BG8E3XWS0MZK9WK,65300982,2026,E-Katalog 6.0,BLUD,OTSUKA INDONESIA,E-Purchasing,Barang,Belanja Barang dan Jasa BLUD,ON PROCESS,42165348,42165348
KAB. WAJO,"DINAS KOMUNIKASI, INFORMATIKA DAN STATISTIK - 2.16.2.20.2.21.02.0000",01KVWKWFVJHA7C2ZWY2R5G52D2,65606990,2026,E-Katalog 6.0,APBD,PILAR MEDIA INDONESIA,E-Purchasing,Barang,Belanja Kawat/Faksimili/Internet/TV Berlangganan - Relasi Media ,ON PROCESS,7225000,7225000
KAB. WAJO,RSUD SIWA - 1.02.0.00.0.00.01.0002,01KVS6RWK4Y3KNPSMXQ34GSRCV,66883851,2026,E-Katalog 6.0,BLUD,BERNOFARM,E-Purchasing,Barang,Belanja Barang dan Jasa BLUD,ON PROCESS,832500,832500
KAB. WAJO,SEKRETARIAT DAERAH - 4.01.0.00.0.00.01.0000,01KMMQ2RZN2PFW0X2DDM1VV51A,65287971,2026,E-Katalog 6.0,APBD,ANDI AKHYAR SULAIMAN,E-Purchasing,Barang,Belanja Alat/Bahan untuk Kegiatan Kantor-Benda Pos,ON PROCESS,600000,600000
KAB. WAJO,PUSKESMAS PENRANG - 1.02.0.00.0.00.01.0014,01KTNRCZ7GW8V9TRV3RR50M198,66076986,2026,E-Katalog 6.0,APBD,ANDI JUNENNI,E-Purchasing,Barang,Belanja barang dan jasa BOK puskesmas pada sub kegiatan Pengelolaan Pelayanan Kesehatan Ibu Hamil,ON PROCESS,304300,304300
KAB. WAJO,DINAS PENDIDIKAN DAN KEBUDAYAAN - 1.01.2.22.0.00.02.0000,01KVW261RFQCBKKNY9HER821ZM,67267196,2026,E-Katalog 6.0,APBD,AQILAHDAFFA,E-Purchasing,Barang,Belanja Pakaian Olahraga,ON PROCESS,3210000,3210000
KAB. WAJO,"SATUAN POLISI PAMONG PRAJA, PEMADAM KEBAKARAN DAN PENYELAMATAN - 1.05.0.00.0.00.01.0000",01KNVNWNDD96NRGMAPNBP4E86N,64064061,2026,E-Katalog 6.0,APBD,MEGAWATI,E-Purchasing,Barang,Belanja Makanan dan Minuman Aktivitas Lapangan,ON PROCESS,430400,430400
KAB. WAJO,KECAMATAN MAJAULENG - 7.01.0.00.0.00.05.0000,01KWC05ES5TH5CX7ZZRXW4A3JT,65625284,2026,E-Katalog 6.0,APBD,FITRI RAHMADHANI,E-Purchasing,Jasa Lainnya,Belanja Makanan dan Minuman Rapat,ON PROCESS,3200000,3200000
KAB. WAJO,PUSKESMAS PENRANG - 1.02.0.00.0.00.01.0014,01KT90XTZXWSTJ1PN7931GR8ES,66069389,2026,E-Katalog 6.0,APBD,RIO SANJAYA PUTRA,E-Purchasing,Barang,Belanja Barang dan Jasa BLUD,ON PROCESS,4251300,4251300
KAB. WAJO,BADAN KESATUAN BANGSA DAN POLITIK - 8.01.0.00.0.00.01.0000,01KS1HJVN5XNQB8B6KC3E12M31,63062318,2026,E-Katalog 6.0,APBD,ANDI ERNA,E-Purchasing,Barang,Belanja Makanan dan Minuman Aktivitas Lapangan,ON PROCESS,2832000,2832000
KAB. WAJO,"SATUAN POLISI PAMONG PRAJA, PEMADAM KEBAKARAN DAN PENYELAMATAN - 1.05.0.00.0.00.01.0000",01KR10VW38RZSGGQXRBR5S4NFZ,66910838,2026,E-Katalog 6.0,APBD,MEGAWATI,E-Purchasing,Barang,Belanja Makanan dan Minuman Aktivitas Lapangan,ON PROCESS,424000,424000
KAB. WAJO,"DINAS KOMUNIKASI, INFORMATIKA DAN STATISTIK - 2.16.2.20.2.21.02.0000",01KVFFFZD9KC35WJTF72EXPCBB,65606990,2026,E-Katalog 6.0,APBD,MEDIA LINTAS CELEBES,E-Purchasing,Barang,Belanja Kawat/Faksimili/Internet/TV Berlangganan - Relasi Media ,ON PROCESS,5100000,5100000
KAB. WAJO,PUSKESMAS SAJOANGING - 1.02.0.00.0.00.01.0012,01KT3BAP6J8QNDFXC17KZFWNP1,66620220,2026,E-Katalog 6.0,APBD,SALWA NABILAH IDRIS,E-Purchasing,Barang,Belanja Barang dan jasa BOK Puskesmas pada sub kegiatan Pengelolaan Pelayanan Kesehatan Ibu Hamil,ON PROCESS,358000,358000
KAB. WAJO,BADAN KESATUAN BANGSA DAN POLITIK - 8.01.0.00.0.00.01.0000,01KS1HNRS1CCS52F22BEAM2HK8,63062318,2026,E-Katalog 6.0,APBD,ANDI ERNA,E-Purchasing,Barang,Belanja Makanan dan Minuman Aktivitas Lapangan,ON PROCESS,2832000,2832000
KAB. WAJO,SEKRETARIAT DAERAH - 4.01.0.00.0.00.01.0000,01KRFZPVVCG4J92QBMTEZKX3CV,63637419,2026,E-Katalog 6.0,APBD,andi musriadi,E-Purchasing,Barang,Belanja Alat/Bahan untuk Kegiatan Kantor- Suvenir/Cendera Mata,ON PROCESS,9250000,9250000
KAB. WAJO,RSUD LAMADDUKELLENG - 1.02.0.00.0.00.01.0001,01KRD4436DFXWQ2ZC9G71E26A7,65300982,2026,E-Katalog 6.0,BLUD,BRYAN MEDIKAL,E-Purchasing,Barang,Belanja Barang dan Jasa BLUD,ON PROCESS,5274720,0
KAB. WAJO,DINAS KESEHATAN - 1.02.0.00.0.00.01.0000,01KNKBQ2RMW3FBSW0PKWR2T5R3,66827275,2026,E-Katalog 6.0,APBD,ASTI WAHYUNI,E-Purchasing,Barang,Belanja Makanan dan Minuman Rapat pada sub kegiatan Pemeriksaan Post Market pada Produk Makanan-Minuman Industri Rumah Tangga yang Beredar dan Pengawasan serta Tindak Lanjut Pengawasan,ON PROCESS,859200,859200
KAB. WAJO,"DINAS PERINDUSTRIAN, PERDAGANGAN, KOPERASI, USAHA KECIL DAN MENENGAH - 2.17.3.30.3.31.01.0000",01KS4EMZZ7S96QWKMRE8ZNCV7E,65977841,2026,E-Katalog 6.0,APBD,TAMIYA NURUL WULANDA,E-Purchasing,Barang,Belanja Makanan dan Minuman Aktivitas Lapangan pada Sub Kegiatan Pelaksanaan Operasi Pasar Reguler dan Pasar Khusus yang Berdampak dalam 1 (Satu) Kabupaten/Kota,ON PROCESS,214798,214798
KAB. WAJO,BADAN PENGELOLAAN KEUANGAN DAN PENDAPATAN DAERAH - 5.02.0.00.0.00.01.0000,01KRX1H0KH04F5NP55XJCEJW4M,63464855,2026,E-Katalog 6.0,APBD,ASTI WAHYUNI,E-Purchasing,Barang,Belanja Makanan dan Minuman Rapat,ON PROCESS,634800,634800
KAB. WAJO,"BADAN PERENCANAAN PEMBANGUNAN, RISET DAN INOVASI DAERAH - 5.01.5.05.0.00.01.0000",01KJCB1ZQ6P95N2Q4YSQ8GMN5T,65282016,2026,E-Katalog 6.0,APBD,AQILAHDAFFA,E-Purchasing,Barang,Belanja Alat/Bahan untuk Kegiatan Kantor-Alat Listrik,ON PROCESS,1260850,1260850
KAB. WAJO,PUSKESMAS SALEWANGENG - 1.02.0.00.0.00.01.0008,01KR12CCV6BNP034HE7J4T4JNF,66764245,2026,E-Katalog 6.0,APBD,PRIMARY PERSADA MEDIKA,E-Purchasing,Barang,Belanja Barang dan Jasa BLUD,ON PROCESS,6438000,6438000
KAB. WAJO,"DINAS KOMUNIKASI, INFORMATIKA DAN STATISTIK - 2.16.2.20.2.21.02.0000",01KVFGYMZSTBG4QTQ1TP4ZYFYD,65606990,2026,E-Katalog 6.0,APBD,MEDIA KAHIR GRUP,E-Purchasing,Barang,Belanja Kawat/Faksimili/Internet/TV Berlangganan - Relasi Media ,ON PROCESS,5100000,5100000
KAB. WAJO,DINAS KESEHATAN - 1.02.0.00.0.00.01.0000,01KVYB635SEM45YCC182RDP0XE,66775952,2026,E-Katalog 6.0,APBD,ASTI WAHYUNI,E-Purchasing,Barang,Belanja Makanan dan Minuman Rapat pada sub kegiatan Pengelolan Upaya Kesehatan Ibu dan Anak,ON PROCESS,732000,732000
KAB. WAJO,DINAS TENAGA KERJA DAN TRANSMIGRASI - 2.07.3.32.0.00.02.0000,01KTN8G596FT8QG9VB811N0Z8V,67177469,2026,E-Katalog 6.0,APBD,AQILAHDAFFA,E-Purchasing,Barang,Belanja Alat/Bahan untuk Kegiatan Kantor-Alat Tulis Kantor,ON PROCESS,4119500,4119500
KAB. WAJO,PUSKESMAS TANASITOLO - 1.02.0.00.0.00.01.0017,01KRANS75VPFFK0XHW9F2Y5S0F,66682556,2026,E-Katalog 6.0,APBD,MUHAMMAD ZULKARNAIN,E-Purchasing,Barang,Belanja Barang dan Jasa  BOK Puskesmas Pada Sub Kegiatan Pengelolaan Pelayanan Kesehatan Ibu Hamil,ON PROCESS,450000,450000
KAB. WAJO,RSUD SIWA - 1.02.0.00.0.00.01.0002,01KT3Q3N0WBGTQ9GQBM93X2M8P,66883851,2026,E-Katalog 6.0,BLUD,ANUGRAH SALMAN MEDIKA,E-Purchasing,Barang,Belanja Barang dan Jasa BLUD,ON PROCESS,11488500,11488500
KAB. WAJO,BADAN KESATUAN BANGSA DAN POLITIK - 8.01.0.00.0.00.01.0000,01KPAF2N4KZWS3KZRYNAADVC8E,63062203,2026,E-Katalog 6.0,APBD,HASDIMAN,E-Purchasing,Barang,Belanja Alat/Bahan untuk Kegiatan Kantor-Alat Tulis Kantor,ON PROCESS,2112000,2112000
KAB. WAJO,KECAMATAN PAMMANA - 7.01.0.00.0.00.07.0000,01KPMZ00HZFEGXKRS73ZZZDMSK,65756780,2026,E-Katalog 6.0,APBD,ANDI ERNA,E-Purchasing,Barang,Belanja Makanan dan Minuman Rapat ,ON PROCESS,3806000,3806000
KAB. WAJO,"DINAS KOMUNIKASI, INFORMATIKA DAN STATISTIK - 2.16.2.20.2.21.02.0000",01KSEZ4F1178Y8MBPR36H9A1BR,65606989,2026,E-Katalog 6.0,APBD,UJUNGPANDANG EKSPRES BIRO WAJO,E-Purchasing,Barang,Belanja Langganan Jurnal/Surat Kabar/Majalah - Relasi Media ,ON PROCESS,38000000,38000000
KAB. WAJO,PUSKESMAS SALOBULO - 1.02.0.00.0.00.01.0013,01KQF009VCM7PQJP1C4V7P8XED,66080555,2026,E-Katalog 6.0,APBD,ANDI JUNENNI,E-Purchasing,Barang,Belanja Barang dan Jasa BOK Puskesmas pada sub kegiatan Pengelolaan Gizi Masyarakat,ON PROCESS,358000,358000
KAB. WAJO,"DINAS SOSIAL, PENGENDALIAN PENDUDUK, KELUARGA BERENCANA, PEMBERDAYAAN PEREMPUAN DAN PERLINDUNGAN ANAK - 1.06.2.08.2.14.06.0000",01KVWDHQ2VYZ3JW0SK8R25YZDR,67017113,2026,E-Katalog 6.0,APBD,ARSYAD M,E-Purchasing,Barang,Belanja Alat/Bahan untuk Kegiatan Kantor-Alat Tulis Kantor,ON PROCESS,3088022,3088022
KAB. WAJO,SEKRETARIAT DEWAN PERWAKILAN RAKYAT DAERAH - 4.02.0.00.0.00.01.0000,01KG1RCTY1DNKPYZKZ5XC22C6A,64251454,2026,E-Katalog 6.0,APBD,ANDI SULTAN HASSANAL,E-Purchasing,Barang,Belanja Natura dan Pakan-Natura Penyediaan Jasa Pelayanan Umum Kantor,ON PROCESS,2579696,2579696
KAB. WAJO,DINAS TENAGA KERJA DAN TRANSMIGRASI - 2.07.3.32.0.00.02.0000,01KJA0PY5Y6PXCQAGC5E2RWXS3,65692039,2026,E-Katalog 6.0,APBD,AQILAHDAFFA,E-Purchasing,Barang,Belanja Alat/Bahan untuk Kegiatan Kantor-Perabot Kantor,ON PROCESS,2970700,2970700
KAB. WAJO,KECAMATAN PENRANG - 7.01.0.00.0.00.08.0000,01KKJZK85T0932JN59XN33R822,66126365,2026,E-Katalog 6.0,APBD,JUMRITA,E-Purchasing,Barang,Belanja Makanan dan Minuman Rapat,ON PROCESS,10000000,10000000
KAB. WAJO,DINAS PENDIDIKAN DAN KEBUDAYAAN - 1.01.2.22.0.00.02.0000,01KR0RFMS9AV234674Q1KHJATD,63028914,2026,E-Katalog 6.0,APBD,AQILAHDAFFA,E-Purchasing,Barang,Belanja Alat/Bahan untuk Kegiatan Kantor- Bahan Cetak,ON PROCESS,1750000,1750000
KAB. WAJO,"DINAS KOMUNIKASI, INFORMATIKA DAN STATISTIK - 2.16.2.20.2.21.02.0000",01KVESYQVBDVSCD1AW7CJVAN1X,65606989,2026,E-Katalog 6.0,APBD,KABARSULSEL SAKTI PERKASA,E-Purchasing,Barang,Belanja Langganan Jurnal/Surat Kabar/Majalah - Relasi Media ,ON PROCESS,10000000,10000000
KAB. WAJO,SEKRETARIAT DEWAN PERWAKILAN RAKYAT DAERAH - 4.02.0.00.0.00.01.0000,01KQ9VFW7Z3PMM13SZDXW5F376,63929853,2026,E-Katalog 6.0,APBD,ANDI AKHYAR SULAIMAN,E-Purchasing,Barang,Belanja Alat/Bahan untuk Kegiatan Kantor-Alat Tulis Kantor sub Kegiatan Pelaks Penatausahaan dan Pengujian/Verifikasi Keuangan SKPD,ON PROCESS,6644999,6644999
KAB. WAJO,DINAS PERTANIAN DAN KETAHANAN PANGAN - 2.09.3.27.0.00.02.0000,10902100000,66410628;66410629,2026,Non Tender,APBD,CV. PANDAWA LIMA KONSULTAN,Pengadaan Langsung,Jasa Konsultansi Badan Usaha Konstruksi,Pengawasan Teknis Teknis Pembangunan Gudang Pertanian dan Rehab Sedang/Berat Gudang RPC,SELESAI,50594910,50594910
KAB. WAJO,KECAMATAN GILIRENG - 7.01.0.00.0.00.03.0000,01KVCPAABDB80FNB2BQKK1T3F6,65887287,2026,E-Katalog 6.0,APBD,ANDI AKHYAR SULAIMAN,E-Purchasing,Barang,Belanja Alat/Bahan untuk Kegiatan Kantor-Alat Tulis Kantor,ON PROCESS,2008498,2008498
KAB. WAJO,SEKRETARIAT DAERAH - 4.01.0.00.0.00.01.0000,01KVYPE6TWS84GNVYFAVS8GRTJ,63636068,2026,E-Katalog 6.0,APBD,ANDI ROHANA,E-Purchasing,Barang,Belanja Natura dan Pakan-Natura,ON PROCESS,59960853,59960853
KAB. WAJO,KECAMATAN TAKKALALLA - 7.01.0.00.0.00.12.0000,01KRYYTVS9PWJKA5VJ5306832W,65750069,2026,E-Katalog 6.0,APBD,ST FATIMAH,E-Purchasing,Barang,Belanja Makanan dan Minuman Rapat,ON PROCESS,2450000,2450000
KAB. WAJO,RSUD LAMADDUKELLENG - 1.02.0.00.0.00.01.0001,01KSSASE0XGPN0927C174SBVGG,65300982,2026,E-Katalog 6.0,BLUD,DEXA MEDICA,E-Purchasing,Barang,Belanja Barang dan Jasa BLUD,ON PROCESS,4050000,0
KAB. WAJO,RSUD LAMADDUKELLENG - 1.02.0.00.0.00.01.0001,01KT8TGHDQD3WAQH1XYYVPB8TA,65300982,2026,E-Katalog 6.0,BLUD,JAYAMAS MEDICA INDUSTRI,E-Purchasing,Barang,Belanja Barang dan Jasa BLUD,ON PROCESS,24423275,24423275
KAB. WAJO,"DINAS PERINDUSTRIAN, PERDAGANGAN, KOPERASI, USAHA KECIL DAN MENENGAH - 2.17.3.30.3.31.01.0000",01KSF2A68CZCE216WH6D1DMTVT,65730078,2026,E-Katalog 6.0,APBD,TAMIYA NURUL WULANDA,E-Purchasing,Barang,Belanja Makanan dan Minuman Rapat Pada Sub Kegiatan Pelaporan Pengelolaan Retribusi Daerah,ON PROCESS,1680000,1680000
KAB. WAJO,DINAS PERTANIAN DAN KETAHANAN PANGAN - 2.09.3.27.0.00.02.0000,01KWGRR20VF8Y5NE8E3WVTYHA5,66606787,2026,E-Katalog 6.0,APBD,"ANDI DILAYANTI, S.E.",E-Purchasing,Barang,Belanja Alat/Bahan untuk Kegiatan Kantor-Alat Tulis Kantor,ON PROCESS,1217060,1217060
KAB. WAJO,PUSKESMAS SALEWANGENG - 1.02.0.00.0.00.01.0008,01KVS65CBQ50G41T46WTBET6HN,66766659,2026,E-Katalog 6.0,APBD,AQILAHDAFFA,E-Purchasing,Barang,Belanaj Barang dan Jasa BOK puskesmas PADA SUB KEGIATAN Bimbingan Teknis dan Supervisi Pengembangan dan Pelaksanaan Upaya Kesehatan Bersumber Daya Masyarakat (UKBM),ON PROCESS,179000,179000
KAB. WAJO,PUSKESMAS TEMPE - 1.02.0.00.0.00.01.0006,01KRFFPP0SBED92ZD7QH0VSCW7,66750958,2026,E-Katalog 6.0,APBD,MUHAMMAD ZULKARNAIN,E-Purchasing,Barang,Belanja Barang dan Jasa BOK Puskesmas pada Sub Kegiatan Pengelolaan Pelayanan Kesehatan Ibu Hamil,ON PROCESS,250600,250600
KAB. WAJO,PUSKESMAS MAJAULENG - 1.02.0.00.0.00.01.0015,01KQ6PCDQKXPCYK0RJKGM9R2E9,66223778,2026,E-Katalog 6.0,APBD,REZKY JAYA ABADI,E-Purchasing,Barang,Belanja Barang dan Jasa BLUD,ON PROCESS,2541500,2541500
KAB. WAJO,PUSKESMAS LIU - 1.02.0.00.0.00.01.0005,01KVY9AZ6RAHXSDTBCSDRA5BR8,66776960,2026,E-Katalog 6.0,APBD,BINTANG LIMA MEDIKA,E-Purchasing,Barang,Belanja Modal Peralatan dan Mesin BLUD,ON PROCESS,6125535,6125535
KAB. WAJO,PUSKESMAS SOLO - 1.02.0.00.0.00.01.0010,01KRWBWCDFFBVMKCF2HT8PGV62,66023206,2026,E-Katalog 6.0,APBD,NURFAIDAH,E-Purchasing,Barang,Belanja barang dan jasa BOK puskesmas pada sub kegiatan Pengelolaan Pelayanan Kesehatan Ibu Hamil,ON PROCESS,225000,225000
KAB. WAJO,DINAS KESEHATAN - 1.02.0.00.0.00.01.0000,01KPB3R6HRHVMPH0PHR3CVGKBW,66791060,2026,E-Katalog 6.0,APBD,ASTI WAHYUNI,E-Purchasing,Barang,Belanja Makanan dan Minuman Aktivitas Lapangan pada sub kegiatan Pengelolaan Pelayanan Kesehatan pada Usia Produktif,ON PROCESS,1969000,1969000
KAB. WAJO,SEKRETARIAT DAERAH - 4.01.0.00.0.00.01.0000,01KN6JP4X0BJF0A34BR2NW2W93,65287973,2026,E-Katalog 6.0,APBD,FITRIANI,E-Purchasing,Barang,Belanja Makanan dan Minuman Jamuan Tamu,ON PROCESS,59800000,59800000
KAB. WAJO,SEKRETARIAT DEWAN PERWAKILAN RAKYAT DAERAH - 4.02.0.00.0.00.01.0000,01KRAY1TY9HVTBQ41JXHANZDQ3,63930161,2026,E-Katalog 6.0,APBD,ANDI ROHANA,E-Purchasing,Barang,Belanja Alat/Bahan untuk Kegiatan Kantor- Suvenir/Cendera Mata,ON PROCESS,1800000,1800000
KAB. WAJO,"SATUAN POLISI PAMONG PRAJA, PEMADAM KEBAKARAN DAN PENYELAMATAN - 1.05.0.00.0.00.01.0000",01KGK23019G2E2WWHA19PTWVZP,64200876,2026,E-Katalog 6.0,APBD,MUH. ARFAN SETIAWAN,E-Purchasing,Barang,Belanja Alat/Bahan untuk Kegiatan Kantor-Alat Tulis Kantor,ON PROCESS,3504000,3504000
KAB. WAJO,PUSKESMAS GILIRENG - 1.02.0.00.0.00.01.0019,01KVQ0NQTF1ZN3BAR8T9PRN4WY,66067911,2026,E-Katalog 6.0,APBD,ARSYAD M,E-Purchasing,Barang,Belanja Barang dan Jasa BLUD,ON PROCESS,1200000,1200000
KAB. WAJO,RSUD LAMADDUKELLENG - 1.02.0.00.0.00.01.0001,01KVSAFBTB8DF7WNBYCN4EB5CR,65300982,2026,E-Katalog 6.0,BLUD,SANBE FARMA,E-Purchasing,Barang,Belanja Barang dan Jasa BLUD,ON PROCESS,40299660,40299660
KAB. WAJO,RSUD SIWA - 1.02.0.00.0.00.01.0002,01KVFCZDSPHYPMF2Z24KFMDBNC,66883851,2026,E-Katalog 6.0,BLUD,BINTANG SHAFWAN,E-Purchasing,Barang,Belanja Barang dan Jasa BLUD,ON PROCESS,4504957,0
KAB. WAJO,DINAS PERUMAHAN DAN KAWASAN PERMUKIMAN - 1.04.0.00.0.00.01.0000,01KR3JNFED2SBDNGF5QC0GJRTG,67070116,2026,E-Katalog 6.0,APBD,ANANCI,E-Purchasing,Barang,Belanja Alat tulis Kantor pada Kegiatan Perbaikan Rumah Tidak Layak Huni,ON PROCESS,382160,382160
KAB. WAJO,"BADAN PERENCANAAN PEMBANGUNAN, RISET DAN INOVASI DAERAH - 5.01.5.05.0.00.01.0000",01KQRXWY1D5Q2FKC53MN5E948X,65208966,2026,E-Katalog 6.0,APBD,ANDI AKHYAR SULAIMAN,E-Purchasing,Barang,Belanja Alat/Bahan untuk Kegiatan Kantor- Bahan Cetak,ON PROCESS,400000,400000
KAB. WAJO,SEKRETARIAT DAERAH - 4.01.0.00.0.00.01.0000,01KR3ES3B9QQBAKXVMG15GABV4,65287973,2026,E-Katalog 6.0,APBD,FITRIANI,E-Purchasing,Barang,Belanja Makanan dan Minuman Jamuan Tamu,ON PROCESS,14045000,14045000
KAB. WAJO,SEKRETARIAT DAERAH - 4.01.0.00.0.00.01.0000,01KMMSKMJD84ZTAKZ8VWM8F0NR,65287972,2026,E-Katalog 6.0,APBD,FITRIANI,E-Purchasing,Barang,Belanja Makanan dan Minuman Rapat,ON PROCESS,2032000,2032000
KAB. WAJO,"BADAN PERENCANAAN PEMBANGUNAN, RISET DAN INOVASI DAERAH - 5.01.5.05.0.00.01.0000",01KNTXX2S3KA2000BN9VH2M6AR,65502461,2026,E-Katalog 6.0,APBD,ANDI AKHYAR SULAIMAN,E-Purchasing,Barang,Belanja Alat/Bahan untuk Kegiatan Kantor-Alat Tulis Kantor,ON PROCESS,148000,148000
KAB. WAJO,PUSKESMAS SOLO - 1.02.0.00.0.00.01.0010,01KNR13FDWKSD9VY0KABK164YZ,66023206,2026,E-Katalog 6.0,APBD,NURFAIDAH,E-Purchasing,Barang,Belanja barang dan jasa BOK puskesmas pada sub kegiatan Pengelolaan Pelayanan Kesehatan Ibu Hamil,ON PROCESS,225000,225000
KAB. WAJO,RSUD LAMADDUKELLENG - 1.02.0.00.0.00.01.0001,01KKDGD338K8DG288KBERKA8Z9,65300982,2026,E-Katalog 6.0,BLUD,DEXA MEDICA,E-Purchasing,Barang,Belanja Barang dan Jasa BLUD,ON PROCESS,5439000,5439000
KAB. WAJO,"SATUAN POLISI PAMONG PRAJA, PEMADAM KEBAKARAN DAN PENYELAMATAN - 1.05.0.00.0.00.01.0000",01KQM2HXJ6Z3CR2D0C0G90H7B2,64064654,2026,E-Katalog 6.0,APBD,ANDI FADLI,E-Purchasing,Barang,Belanja Pemeliharaan Alat Angkutan-Alat Angkutan Darat Bermotor-Kendaraan Bermotor Khusus,ON PROCESS,7849920,7849920
KAB. WAJO,PUSKESMAS WEWANGREWU - 1.02.0.00.0.00.01.0018,01KVYT1K9H385GBVQPZCA0BN4G,66766433,2026,E-Katalog 6.0,APBD,MUHAMMAD RESKY,E-Purchasing,Barang,"Belanja Barang dan Jasa BOK Puskesmas pada sub kegiatan Peningkatan Upaya Promosi Kesehatan, Advokasi, Kemitraan dan Pemberdayaan Masyarakat",ON PROCESS,418600,418600
KAB. WAJO,KECAMATAN PAMMANA - 7.01.0.00.0.00.07.0000,01KPWNMFC2813TQNEBJBDXHEGG,65756780,2026,E-Katalog 6.0,APBD,ANDI ERNA,E-Purchasing,Barang,Belanja Makanan dan Minuman Rapat ,ON PROCESS,1495000,1495000
KAB. WAJO,PUSKESMAS TEMPE - 1.02.0.00.0.00.01.0006,01KP8MSGEQNPKPC7KKDSW9N65H,65899121,2026,E-Katalog 6.0,APBD,PRIMARY PERSADA MEDIKA,E-Purchasing,Barang,Belanja Modal Peralatan dan Mesin BLUD,ON PROCESS,5049999,5049999
KAB. WAJO,SEKRETARIAT DEWAN PERWAKILAN RAKYAT DAERAH - 4.02.0.00.0.00.01.0000,01KMQNCXW1JW9TB65Z421TH74K,66622995,2026,E-Katalog 6.0,APBD,MUSTAFA HI. BANDUNG,E-Purchasing,Barang,Belanja Makanan dan Minuman Rapat_Pengawasan_Penggunaan_Anggaran,ON PROCESS,966000,966000
KAB. WAJO,KECAMATAN SABBANGPARU - 7.01.0.00.0.00.10.0000,01KPQBX4ZBSBKBHBR745WJSAD8,65658601,2026,E-Katalog 6.0,APBD,ANDI AKHYAR SULAIMAN,E-Purchasing,Barang,Belanja Alat/Bahan untuk Kegiatan Kantor- Bahan Cetak Kegiatan Penyediaan Barang Cetakan dan Penggandaan,ON PROCESS,350000,350000
KAB. WAJO,PUSKESMAS PATTIROSOMPE - 1.02.0.00.0.00.01.0007,01KMQ54EGNWS05MR52HPFK9V39,66629773,2026,E-Katalog 6.0,APBD,ANDI AZIS ASHAR,E-Purchasing,Barang,Belanja Barang dan Jasa BOK Puskesmas Sub Kegiatan Bimbingan Teknis dan Supervisi Pengembangan dan Pelaksanaan Upaya Kesehatan Bersumber Daya Masyarakat (UKBM),ON PROCESS,573600,573600
KAB. WAJO,"DINAS KOMUNIKASI, INFORMATIKA DAN STATISTIK - 2.16.2.20.2.21.02.0000",01KNNQBXXFSR4T7WB5GGPTW9FZ,65606990,2026,E-Katalog 6.0,APBD,BERITA KOTA MAKASSAR,E-Purchasing,Barang,Belanja Kawat/Faksimili/Internet/TV Berlangganan - Relasi Media ,ON PROCESS,2999975,2999975
KAB. WAJO,"DINAS KOMUNIKASI, INFORMATIKA DAN STATISTIK - 2.16.2.20.2.21.02.0000",01KN411NSSGVH429KHSXCBESCW,65606910,2026,E-Katalog 6.0,APBD,AQILAHDAFFA,E-Purchasing,Barang,Belanja Makanan dan Minuman Jamuan Tamu - Penyediaan Jasa Pelayanan Umum Kantor ,ON PROCESS,4355300,4355300
KAB. WAJO,RSUD LAMADDUKELLENG - 1.02.0.00.0.00.01.0001,01KR2MS1YSGSZ1HRST9WT0W3NG,65300982,2026,E-Katalog 6.0,BLUD,TIVAN BERKAT MULIA,E-Purchasing,Barang,Belanja Barang dan Jasa BLUD,ON PROCESS,42510999,0
KAB. WAJO,"DINAS KOMUNIKASI, INFORMATIKA DAN STATISTIK - 2.16.2.20.2.21.02.0000",01KVF6GAMZ3JB7NA4DVXZ5RTD3,65606990,2026,E-Katalog 6.0,APBD,KABARSULSEL SAKTI PERKASA,E-Purchasing,Barang,Belanja Kawat/Faksimili/Internet/TV Berlangganan - Relasi Media ,ON PROCESS,5100000,5100000
KAB. WAJO,RSUD LAMADDUKELLENG - 1.02.0.00.0.00.01.0001,01KPA0B446NSDKPT6SG5JSJED5,65300982,2026,E-Katalog 6.0,BLUD,CITRA ALKESINDO PRATAMA,E-Purchasing,Barang,Belanja Barang dan Jasa BLUD,ON PROCESS,12500043,12500043
KAB. WAJO,DINAS TENAGA KERJA DAN TRANSMIGRASI - 2.07.3.32.0.00.02.0000,01KP7KBPN0T7TFP9QXBKYEJ908,66842163,2026,E-Katalog 6.0,APBD,AQILAHDAFFA,E-Purchasing,Barang,Belanja Alat/Bahan untuk Kegiatan Kantor-Alat Tulis Kantor,ON PROCESS,1012020,1012020
KAB. WAJO,"DINAS KOMUNIKASI, INFORMATIKA DAN STATISTIK - 2.16.2.20.2.21.02.0000",01KVESNJ09FDRZN5VM8N516Y85,65606989,2026,E-Katalog 6.0,APBD,INTERMEDIA INVESTIGASI NUSANTARA,E-Purchasing,Barang,Belanja Langganan Jurnal/Surat Kabar/Majalah - Relasi Media ,ON PROCESS,5000000,5000000
KAB. WAJO,PUSKESMAS BELAWA - 1.02.0.00.0.00.01.0025,01KVSSZZH9FX7GEAFNCB2CZNMN,66598483,2026,E-Katalog 6.0,APBD,MASDAWATI,E-Purchasing,Barang,Belanja Barang dan Jasa BLUD,ON PROCESS,449000,449000
KAB. WAJO,SEKRETARIAT DAERAH - 4.01.0.00.0.00.01.0000,01KVCCHNBBDPXT6KREGA9EWQ9H,66903710,2026,E-Katalog 6.0,APBD,ANDI AKHYAR SULAIMAN,E-Purchasing,Barang,Belanja Alat/Bahan untuk Kegiatan Kantor-Alat Tulis Kantor,ON PROCESS,920000,920000
KAB. WAJO,PUSKESMAS PITUMPANUA - 1.02.0.00.0.00.01.0024,01KNGGD90HNQAAHFW6R6F3F5MG,66779849,2026,E-Katalog 6.0,APBD,ANDI JUNENNI,E-Purchasing,Barang,Belanja Barang dan Jasa BLUD,ON PROCESS,2481700,2481700
KAB. WAJO,"DINAS KOMUNIKASI, INFORMATIKA DAN STATISTIK - 2.16.2.20.2.21.02.0000",01KVF5JK19G6C24X2CB3YS2P1H,65606990,2026,E-Katalog 6.0,APBD,MEDIA DIGITAL MANDIRI,E-Purchasing,Barang,Belanja Kawat/Faksimili/Internet/TV Berlangganan - Relasi Media ,ON PROCESS,5100000,5100000
KAB. WAJO,"DINAS PEMUDA, OLAHRAGA DAN PARIWISATA - 2.19.3.26.0.00.02.0000",01KRDPBH38NDSX3SR0TYXD0RA1,63936733,2026,E-Katalog 6.0,APBD,GUNAWAN TJANDRA,E-Purchasing,Barang,Belanja Modal Peralatan Personal Computer - Belanja Printer (Penyediaan Sarpras Kantor),ON PROCESS,9300000,9300000
KAB. WAJO,"DINAS PEKERJAAN UMUM, PENATAAN RUANG DAN PERTANAHAN - 1.03.2.10.0.00.01.0000",10127670000,65659378,2026,Tender,APBD,CV. DUA PILAR,Seleksi,Jasa Konsultansi Badan Usaha Konstruksi,PERENCANAAN  PEMBANGUNAN GEDUNG PERANGKAT DAERAH,SELESAI,172043340,172043340
KAB. WAJO,BADAN PENGELOLAAN KEUANGAN DAN PENDAPATAN DAERAH - 5.02.0.00.0.00.01.0000,01KVY5A9YFETT6W1NR9XNE5XS6,63462897,2026,E-Katalog 6.0,APBD,MUHAMMAD ZULKARNAIN,E-Purchasing,Barang,Belanja Makanan dan Minuman Rapat,ON PROCESS,634800,634800
KAB. WAJO,PUSKESMAS WEWANGREWU - 1.02.0.00.0.00.01.0018,01KRDFBEAV2NCFGV13B6MCRJ97,66731115,2026,E-Katalog 6.0,APBD,MUHAMMAD RESKY,E-Purchasing,Barang,Belanja Barang dan Jasa BLUD,ON PROCESS,478000,478000
KAB. WAJO,BADAN KEPEGAWAIAN DAN PENGEMBANGAN SUMBER DAYA MANUSIA - 5.03.5.04.0.00.01.0000,01KN1C4FA12Y2A4BGZXA1PET9Y,63994278,2026,E-Katalog 6.0,APBD,"ANDI DILAYANTI, S.E.",E-Purchasing,Barang,Belanja Alat/Bahan untuk Kegiatan Kantor-Alat Tulis Kantor  pada  Peningkatan Kinerja dan Reformasi Birokrasi,ON PROCESS,4971833,4971833
KAB. WAJO,"DINAS KOMUNIKASI, INFORMATIKA DAN STATISTIK - 2.16.2.20.2.21.02.0000",01KVFHCRNF5939KPDNE5VJ384F,65606990,2026,E-Katalog 6.0,APBD,LINTAS MUDA INTERMEDIA,E-Purchasing,Barang,Belanja Kawat/Faksimili/Internet/TV Berlangganan - Relasi Media ,ON PROCESS,9000000,9000000
KAB. WAJO,RSUD LAMADDUKELLENG - 1.02.0.00.0.00.01.0001,01KSEVQGZMEASG958T31GTC5PY,65300982,2026,E-Katalog 6.0,BLUD,ABADI MAKMUR BERSAMA,E-Purchasing,Barang,Belanja Barang dan Jasa BLUD,ON PROCESS,3885000,0
KAB. WAJO,RSUD LAMADDUKELLENG - 1.02.0.00.0.00.01.0001,01KVYHGGC8MJYMQMX3462ND45H,65300982,2026,E-Katalog 6.0,BLUD,GLOBAL DISPOMEDIKA,E-Purchasing,Barang,Belanja Barang dan Jasa BLUD,ON PROCESS,88189500,88189500
KAB. WAJO,SEKRETARIAT DAERAH - 4.01.0.00.0.00.01.0000,01KRMDBMEMWE958Z9CZ598FP1V,63637426,2026,E-Katalog 6.0,APBD,MITRA SERMANI HOTEL,E-Purchasing,Barang,Belanja Sewa Hotel,ON PROCESS,4700000,4700000
KAB. WAJO,"DINAS KOMUNIKASI, INFORMATIKA DAN STATISTIK - 2.16.2.20.2.21.02.0000",01KVWB1FRN4DEN6J049XH5D4QC,65606989,2026,E-Katalog 6.0,APBD,BERITA KOTA MAKASSAR,E-Purchasing,Barang,Belanja Langganan Jurnal/Surat Kabar/Majalah - Relasi Media ,ON PROCESS,14386488,14386488
KAB. WAJO,"DINAS KOMUNIKASI, INFORMATIKA DAN STATISTIK - 2.16.2.20.2.21.02.0000",01KNNQKMRH9D6F797Y49H7DEJ0,65606990,2026,E-Katalog 6.0,APBD,RAJAWALI MULTIMEDIA NUSANTARA,E-Purchasing,Barang,Belanja Kawat/Faksimili/Internet/TV Berlangganan - Relasi Media ,ON PROCESS,2124995,2124995
KAB. WAJO,DINAS PERUMAHAN DAN KAWASAN PERMUKIMAN - 1.04.0.00.0.00.01.0000,01KQVNYEMM5397A5VZD92ZVBGT,66970756,2026,E-Katalog 6.0,APBD,ANDI AKHYAR SULAIMAN,E-Purchasing,Barang,Belanja Alat/Bahan untuk Kegiatan Kantor-Alat Tulis Kantor pada Kegiatan Penyusunan Dokumen Perencanaan Perangkat Daerah,ON PROCESS,3520500,3520500
KAB. WAJO,"DINAS KOMUNIKASI, INFORMATIKA DAN STATISTIK - 2.16.2.20.2.21.02.0000",01KVET3NF2JCNA2NKSS24AE6R1,65606989,2026,E-Katalog 6.0,APBD,LINTAS MEDIA PENDIDIKAN,E-Purchasing,Barang,Belanja Langganan Jurnal/Surat Kabar/Majalah - Relasi Media ,ON PROCESS,5000000,5000000
KAB. WAJO,BADAN KEPEGAWAIAN DAN PENGEMBANGAN SUMBER DAYA MANUSIA - 5.03.5.04.0.00.01.0000,01KMYWJ0FNH6TC636141TK1AGR,64666924,2026,E-Katalog 6.0,APBD,"ANDI DILAYANTI, S.E.",E-Purchasing,Barang,Belanja Alat/Bahan untuk Kegiatan Kantor-Alat Listrik pada  Pengelolaan Promosi ASN,ON PROCESS,14897407,14897407
KAB. WAJO,"DINAS PEMUDA, OLAHRAGA DAN PARIWISATA - 2.19.3.26.0.00.02.0000",01KPZKM8C7FF5PZ5DHZTNQWSDZ,63936813,2026,E-Katalog 6.0,APBD,ANANCI,E-Purchasing,Barang,Belanja Alat/Bahan untuk Kegiatan Kantor-Alat Tulis Kantor (Dokumen Perjanjian Kinerja),ON PROCESS,584100,584100
KAB. WAJO,RSUD LAMADDUKELLENG - 1.02.0.00.0.00.01.0001,01KQ7W98RZX1VBW17WTA6BGD7K,65300982,2026,E-Katalog 6.0,BLUD,PRATAPA NIRMALA,E-Purchasing,Barang,Belanja Barang dan Jasa BLUD,ON PROCESS,3996000,3996000
KAB. WAJO,BADAN PENGELOLAAN KEUANGAN DAN PENDAPATAN DAERAH - 5.02.0.00.0.00.01.0000,01KQBVQPQ8V8G5X2VS1ST0SCEK,63464855,2026,E-Katalog 6.0,APBD,ASTI WAHYUNI,E-Purchasing,Barang,Belanja Makanan dan Minuman Rapat,ON PROCESS,634800,634800
KAB. WAJO,RSUD SIWA - 1.02.0.00.0.00.01.0002,01KQBYRS6WDD13Q3TCX9DXVB2K,66883851,2026,E-Katalog 6.0,BLUD,ANUGRAH SALMAN MEDIKA,E-Purchasing,Barang,Belanja Barang dan Jasa BLUD,ON PROCESS,4162500,0
KAB. WAJO,BADAN KESATUAN BANGSA DAN POLITIK - 8.01.0.00.0.00.01.0000,01KSGW5CMZRA2PA9VMCT650NX6,63264003,2026,E-Katalog 6.0,APBD,AMRAN SURYADI,E-Purchasing,Barang,Belanja Alat/Bahan untuk Kegiatan Kantor-Alat Tulis Kantor,ON PROCESS,1932510,1932510
KAB. WAJO,PUSKESMAS SAPPA - 1.02.0.00.0.00.01.0022,01KWC373PSY8F7CW1DCA8AEHDY,66281522,2026,E-Katalog 6.0,APBD,ST.AJIRAH,E-Purchasing,Barang,Kue / Snack,ON PROCESS,268500,268500
KAB. WAJO,PUSKESMAS GILIRENG - 1.02.0.00.0.00.01.0019,01KNNNKTKZ9BXGKD326QF95ZPG,66073569,2026,E-Katalog 6.0,APBD,GEDDONG,E-Purchasing,Barang,Belanja Barang dan Jasa BOK Puskesmas pada Sub Kegiatan Pengelolaan Pelayanan Kesehatan Ibu Hamil,ON PROCESS,268500,268500
KAB. WAJO,RSUD LAMADDUKELLENG - 1.02.0.00.0.00.01.0001,01KRDDVXV4QZ8P4VJKF26MBF8C,65300982,2026,E-Katalog 6.0,BLUD,ROYAL MEDICAL INDONESIA,E-Purchasing,Barang,Belanja Barang dan Jasa BLUD,ON PROCESS,5106000,5106000
KAB. WAJO,BADAN PENGELOLAAN KEUANGAN DAN PENDAPATAN DAERAH - 5.02.0.00.0.00.01.0000,01KP2R8W4ZBQCCKWRDENMMVXD1,63370155,2026,E-Katalog 6.0,APBD,AQILAHDAFFA,E-Purchasing,Barang,Belanja Alat/Bahan untuk Kegiatan Kantor-Alat Tulis Kantor,ON PROCESS,10012999,10012999
KAB. WAJO,SEKRETARIAT DEWAN PERWAKILAN RAKYAT DAERAH - 4.02.0.00.0.00.01.0000,01KMMHMDX00D6ND9E37213NW1X,63930065,2026,E-Katalog 6.0,APBD,SYAMSU ALAM,E-Purchasing,Barang,Belanja Peralatan dan Mesin-Alat Kantor dan Rumah Tangga-Alat Rumah Tangga-Alat Pembersih,ON PROCESS,3463300,3463300
KAB. WAJO,"SATUAN POLISI PAMONG PRAJA, PEMADAM KEBAKARAN DAN PENYELAMATAN - 1.05.0.00.0.00.01.0000",01KJS34J5D9J98CCHQDGK3C1HH,64064061,2026,E-Katalog 6.0,APBD,DARNAWATI,E-Purchasing,Barang,Belanja Makanan dan Minuman Aktivitas Lapangan,ON PROCESS,430400,430400
KAB. WAJO,BADAN KESATUAN BANGSA DAN POLITIK - 8.01.0.00.0.00.01.0000,01KSEWXBP85PVKHCB2H03QTJ98,63247539,2026,E-Katalog 6.0,APBD,AMRAN SURYADI,E-Purchasing,Barang,Belanja Alat/Bahan untuk Kegiatan Kantor- Bahan Cetak,ON PROCESS,976800,976800
KAB. WAJO,PUSKESMAS PAMMANA - 1.02.0.00.0.00.01.0009,01KNGRF63YH4ZKX4FA6P4NRXAA,65993330,2026,E-Katalog 6.0,APBD,MUHAMMAD ZULKARNAIN,E-Purchasing,Barang,Belanja Barang dan Jasa BLUD,ON PROCESS,1734200,1734200
KAB. WAJO,SEKRETARIAT DEWAN PERWAKILAN RAKYAT DAERAH - 4.02.0.00.0.00.01.0000,01KFQEYX2XHM22Q579DSDZCVW6,63931767,2026,E-Katalog 6.0,APBD,MULTI SARANA SOLUTION,E-Purchasing,Barang,Belanja Sewa Alat Bantu Lainnya Pelaksanaan Reses,ON PROCESS,750000,750000
KAB. WAJO,PUSKESMAS SAJOANGING - 1.02.0.00.0.00.01.0012,01KW170XXXZ4T4N76YNWY1509V,66620220,2026,E-Katalog 6.0,APBD,SALWA NABILAH IDRIS,E-Purchasing,Barang,Belanja Barang dan jasa BOK Puskesmas pada sub kegiatan Pengelolaan Pelayanan Kesehatan Ibu Hamil,ON PROCESS,358000,358000
KAB. WAJO,BADAN KESATUAN BANGSA DAN POLITIK - 8.01.0.00.0.00.01.0000,01KH377GJBX864RVEB0YJK1P45,63063542,2026,E-Katalog 6.0,APBD,A. NASRAH,E-Purchasing,Barang,Belanja Makanan dan Minuman Rapat,ON PROCESS,1480000,1480000
KAB. WAJO,SEKRETARIAT DAERAH - 4.01.0.00.0.00.01.0000,01KVVRA3DR0NYXNM9C18C04CM1,64737465,2026,E-Katalog 6.0,APBD,ANDI NIRWANA,E-Purchasing,Barang,Belanja Makanan dan Minuman Rapat,ON PROCESS,50999,50999
KAB. WAJO,BADAN KESATUAN BANGSA DAN POLITIK - 8.01.0.00.0.00.01.0000,01KGGKTCGDTT10GMV4DADMKA55,63062796,2026,E-Katalog 6.0,APBD,AMRAN SURYADI,E-Purchasing,Barang,Belanja Alat/Bahan untuk Kegiatan Kantor-Alat Tulis Kantor,ON PROCESS,1889775,1889775
KAB. WAJO,PUSKESMAS SALOBULO - 1.02.0.00.0.00.01.0013,01KQEZET7D5QE1M4AQBGX598SE,66080648,2026,E-Katalog 6.0,APBD,ANDI JUNENNI,E-Purchasing,Barang,Belanja Barang dan Jasa BOK Puskesmas pada sub kegiatan Pengelolaan Gizi Masyarakat,ON PROCESS,598000,598000
KAB. WAJO,KECAMATAN PENRANG - 7.01.0.00.0.00.08.0000,01KNJWTFT22F5Z06QWPKWX9T67,66126339,2026,E-Katalog 6.0,APBD,ANDI AKHYAR SULAIMAN,E-Purchasing,Barang,Belanja Alat/Bahan untuk Kegiatan Kantor-Alat Tulis Kantor,ON PROCESS,497495,497495
KAB. WAJO,SEKRETARIAT DAERAH - 4.01.0.00.0.00.01.0000,01KSYJS629VS629PKAM10MRPDS,63636068,2026,E-Katalog 6.0,APBD,ANDI ERNA,E-Purchasing,Barang,Belanja Natura dan Pakan-Natura,ON PROCESS,11700000,11700000
KAB. WAJO,KELURAHAN CINA - 7.01.0.00.0.00.07.0001,01KSCECH9TQ8T0MRC3RR3WG49N,67184464,2026,E-Katalog 6.0,APBD,ANDI ERNA,E-Purchasing,Barang,Belanja Makanan dan Minuman Rapat,ON PROCESS,235394,235394
KAB. WAJO,RSUD LAMADDUKELLENG - 1.02.0.00.0.00.01.0001,01KH2M7RM4NGGVB9QE6S7ZVGF6,65300982,2026,E-Katalog 6.0,BLUD,RAIHAN BERKAH JAYA MEDIKA,E-Purchasing,Barang,Belanja Barang dan Jasa BLUD,ON PROCESS,1635585,1635585
KAB. WAJO,"SATUAN POLISI PAMONG PRAJA, PEMADAM KEBAKARAN DAN PENYELAMATAN - 1.05.0.00.0.00.01.0000",01KJ4WX5X4H8494F6ACEQ01RR7,64200491,2026,E-Katalog 6.0,APBD,ANDI MARWANAH,E-Purchasing,Barang,Belanja Makanan dan Minuman Aktivitas Lapangan,ON PROCESS,4788200,4788200
KAB. WAJO,SEKRETARIAT DEWAN PERWAKILAN RAKYAT DAERAH - 4.02.0.00.0.00.01.0000,01KSRWRB42JT5CB4WC7XWBYMR2,63932201,2026,E-Katalog 6.0,APBD,FITRI RAHMADHANI,E-Purchasing,Barang,Belanja Makanan dan Minuman Rapat_Penyusunan_Naskah_Akademik,ON PROCESS,2817500,2817500
KAB. WAJO,RSUD LAMADDUKELLENG - 1.02.0.00.0.00.01.0001,01KJPB401J5NQ9NDRVWXCTHPJF,65300982,2026,E-Katalog 6.0,BLUD,DUTA AFIAT,E-Purchasing,Barang,Belanja Barang dan Jasa BLUD,ON PROCESS,57753300,57753300
KAB. WAJO,BADAN KESATUAN BANGSA DAN POLITIK - 8.01.0.00.0.00.01.0000,01KP2VTBGM2HM6JAKWRY769S8X,66861773,2026,E-Katalog 6.0,APBD,ANANCI,E-Purchasing,Barang,Belanja Alat/Bahan untuk Kegiatan Kantor-Perabot Kantor,ON PROCESS,867760,867760
KAB. WAJO,PUSKESMAS MAJAULENG - 1.02.0.00.0.00.01.0015,01KW965MRSS5AGFRVCYFANTBXC,66223778,2026,E-Katalog 6.0,APBD,GUNAWAN TJANDRA,E-Purchasing,Barang,Belanja Barang dan Jasa BLUD,ON PROCESS,4267450,4267450
KAB. WAJO,"DINAS SOSIAL, PENGENDALIAN PENDUDUK, KELUARGA BERENCANA, PEMBERDAYAAN PEREMPUAN DAN PERLINDUNGAN ANAK - 1.06.2.08.2.14.06.0000",01KVW92XQCTZVJ2RPF44Z4ST7S,67025182,2026,E-Katalog 6.0,APBD,ANDI ERNA,E-Purchasing,Barang,Belanja Makanan dan Minuman Rapat,ON PROCESS,2390000,2390000
KAB. WAJO,SEKRETARIAT DAERAH - 4.01.0.00.0.00.01.0000,01KG6N3E1ZBBEZX9S41DBR5WVS,63498389,2026,E-Katalog 6.0,APBD,AQILAHDAFFA,E-Purchasing,Barang,Belanja Alat/Bahan untuk Kegiatan Kantor-Alat Listrik,ON PROCESS,8030000,8030000
KAB. WAJO,"DINAS PEMUDA, OLAHRAGA DAN PARIWISATA - 2.19.3.26.0.00.02.0000",01KPFT6W1DWKMP88AGR6FRJFPE,63936735,2026,E-Katalog 6.0,APBD,GUNAWAN TJANDRA,E-Purchasing,Barang,Belanja Modal Personal Computer - Belanja Laptop (Penyediaan Sarpras Kantor),ON PROCESS,30350000,30350000
KAB. WAJO,"BADAN PERENCANAAN PEMBANGUNAN, RISET DAN INOVASI DAERAH - 5.01.5.05.0.00.01.0000",01KTR70900JSPMCN7S753GRSAH,65209301,2026,E-Katalog 6.0,APBD,ANDI AKHYAR SULAIMAN,E-Purchasing,Barang,Belanja Alat/Bahan untuk Kegiatan Kantor-Benda Pos,ON PROCESS,228000,228000
KAB. WAJO,PUSKESMAS GILIRENG - 1.02.0.00.0.00.01.0019,01KRDN5877SDZE9DKVAQPWWHR1,66073569,2026,E-Katalog 6.0,APBD,GEDDONG,E-Purchasing,Barang,Belanja Barang dan Jasa BOK Puskesmas pada Sub Kegiatan Pengelolaan Pelayanan Kesehatan Ibu Hamil,ON PROCESS,268500,268500
KAB. WAJO,RSUD LAMADDUKELLENG - 1.02.0.00.0.00.01.0001,01KTB7NQ521XJ3DV0QAE3ZW71C,65300982,2026,E-Katalog 6.0,BLUD,TIVAN BERKAT MULIA,E-Purchasing,Barang,Belanja Barang dan Jasa BLUD,ON PROCESS,752580,0
KAB. WAJO,"DINAS KOMUNIKASI, INFORMATIKA DAN STATISTIK - 2.16.2.20.2.21.02.0000",01KJBZ938XVKMBW89D2M52TP8B,65606989,2026,E-Katalog 6.0,APBD,RAKYAT SULSEL BIRO WAJO,E-Purchasing,Barang,Belanja Langganan Jurnal/Surat Kabar/Majalah - Relasi Media ,ON PROCESS,8625000,8625000
KAB. WAJO,KECAMATAN TEMPE - 7.01.0.00.0.00.14.0000,01KHB3S43AHP1C4CXH98GYQ5PQ,64726058,2026,E-Katalog 6.0,APBD,ANANCI,E-Purchasing,Barang,Belanja Alat/Bahan untuk Kegiatan Kantor-Perabot Kantor,ON PROCESS,2706840,2706840
KAB. WAJO,PUSKESMAS MAJAULENG - 1.02.0.00.0.00.01.0015,01KKG7JA6HTA5471B00477D40P,66223778,2026,E-Katalog 6.0,APBD,ARSYAD M,E-Purchasing,Barang,Belanja Barang dan Jasa BLUD,ON PROCESS,1980000,1980000
KAB. WAJO,BADAN PENGELOLAAN KEUANGAN DAN PENDAPATAN DAERAH - 5.02.0.00.0.00.01.0000,01KT8TTE4XN4SC4CQX0AW77TFP,63560013,2026,E-Katalog 6.0,APBD,ANDI ERNA,E-Purchasing,Barang,Belanja Makanan dan Minuman Rapat,ON PROCESS,1921500,1921500
KAB. WAJO,SEKRETARIAT DEWAN PERWAKILAN RAKYAT DAERAH - 4.02.0.00.0.00.01.0000,01KVYV98H5TS0W2805JG9TH1HQ,63930676,2026,E-Katalog 6.0,APBD,ANDI PARENRENGI,E-Purchasing,Barang,Belanja Makanan dan Minuman Rapat Fasilitasi Pelaks. Tugas Banmus,ON PROCESS,563500,563500
KAB. WAJO,RSUD LAMADDUKELLENG - 1.02.0.00.0.00.01.0001,01KNKBWJMK02QNDTTNT5R9E84Y,65300982,2026,E-Katalog 6.0,BLUD,JAYAMAS MEDICA INDUSTRI,E-Purchasing,Barang,Belanja Barang dan Jasa BLUD,ON PROCESS,6388883,6388883
KAB. WAJO,BADAN KESATUAN BANGSA DAN POLITIK - 8.01.0.00.0.00.01.0000,01KNVC6176AMBQ09RG3YJBVTVV,63264008,2026,E-Katalog 6.0,APBD,ANDI ERNA,E-Purchasing,Barang,Belanja Makanan dan Minuman Aktivitas Lapangan,ON PROCESS,4500000,4500000
KAB. WAJO,PUSKESMAS PATTIROSOMPE - 1.02.0.00.0.00.01.0007,01KS74CJ0MB7EH327TGN2X539G,66629944,2026,E-Katalog 6.0,APBD,ANDI AZIS ASHAR,E-Purchasing,Barang,"Sub Kegiatan Peningkatan Upaya Promosi Kesehatan, Advokasi, Kemitraan dan Pemberdayaan Masyarakat",ON PROCESS,573600,573600
KAB. WAJO,BADAN PENGELOLAAN KEUANGAN DAN PENDAPATAN DAERAH - 5.02.0.00.0.00.01.0000,01KTR4EQ0K01EBQ4AJDAV85MY6,63560013,2026,E-Katalog 6.0,APBD,ANDI ERNA,E-Purchasing,Barang,Belanja Makanan dan Minuman Rapat,ON PROCESS,5147000,5147000
KAB. WAJO,SEKRETARIAT DEWAN PERWAKILAN RAKYAT DAERAH - 4.02.0.00.0.00.01.0000,01KFQFR2ZWBMSCNET0MCZFPBHY,63931767,2026,E-Katalog 6.0,APBD,MUDAMA,E-Purchasing,Barang,Belanja Sewa Alat Bantu Lainnya Pelaksanaan Reses,ON PROCESS,749250,749250
KAB. WAJO,SEKRETARIAT DAERAH - 4.01.0.00.0.00.01.0000,01KW9DF3Q2AHH40AH584WKGMSC,65287976,2026,E-Katalog 6.0,APBD,MULTI MITRA USAHA,E-Purchasing,Barang,Belanja Sewa Kendaraan Bermotor Khusus,ON PROCESS,44900000,44900000
KAB. WAJO,"DINAS KOMUNIKASI, INFORMATIKA DAN STATISTIK - 2.16.2.20.2.21.02.0000",01KN3HKHB7PS5QN57EMVATQ4QW,65606990,2026,E-Katalog 6.0,APBD,BIDIK NASIONAL INFO,E-Purchasing,Barang,Belanja Kawat/Faksimili/Internet/TV Berlangganan - Relasi Media ,ON PROCESS,2097900,2097900
KAB. WAJO,SEKRETARIAT DEWAN PERWAKILAN RAKYAT DAERAH - 4.02.0.00.0.00.01.0000,01KNVJ2Y9ADFAT3C6YY9D1THSC,63932421,2026,E-Katalog 6.0,APBD,FITRI RAHMADHANI,E-Purchasing,Barang,Belanja Makanan dan Minuman Rapat_Pembahasan_RANPERDA,ON PROCESS,483000,483000
KAB. WAJO,RSUD LAMADDUKELLENG - 1.02.0.00.0.00.01.0001,01KPT10XNSX3JD4VJWWVESX36C,65300982,2026,E-Katalog 6.0,BLUD,INTISUMBER HASIL SEMPURNA GLOBAL,E-Purchasing,Barang,Belanja Barang dan Jasa BLUD,ON PROCESS,815726,0
KAB. WAJO,SEKRETARIAT DEWAN PERWAKILAN RAKYAT DAERAH - 4.02.0.00.0.00.01.0000,01KJCG6Q4JMZ53690FBYR9GB3E,63928681,2026,E-Katalog 6.0,APBD,MUDAMA,E-Purchasing,Barang,Belanja Sewa Bangunan Gedung Tempat Pertemuan Penyediaan Kebutuhan Rumah Tangga DPRD,ON PROCESS,3500000,3500000
KAB. WAJO,SEKRETARIAT DAERAH - 4.01.0.00.0.00.01.0000,01KMMR74HGWMK9FPB95AX8XRSW,65287981,2026,E-Katalog 6.0,APBD,HABRI,E-Purchasing,Barang,Belanja Alat/Bahan untuk Kegiatan Kantor- Bahan Cetak,ON PROCESS,1225000,1225000
KAB. WAJO,BADAN PENGELOLAAN KEUANGAN DAN PENDAPATAN DAERAH - 5.02.0.00.0.00.01.0000,01KMYMMYWDK92SZ6PCH8KC7SC8,63366954,2026,E-Katalog 6.0,APBD,LISDAFIK,E-Purchasing,Barang,Belanja Alat/Bahan untuk Kegiatan Kantor-Alat Tulis Kantor,ON PROCESS,848000,848000
KAB. WAJO,"DINAS KOMUNIKASI, INFORMATIKA DAN STATISTIK - 2.16.2.20.2.21.02.0000",01KVEVYD4S2J18TVGZP6DVF24F,65718399,2026,E-Katalog 6.0,APBD,ABDUL MUIZ,E-Purchasing,Jasa Lainnya,Belanja Jasa Tenaga Ahli - Penyusunan Konten,ON PROCESS,4000000,4000000
KAB. WAJO,"BADAN PERENCANAAN PEMBANGUNAN, RISET DAN INOVASI DAERAH - 5.01.5.05.0.00.01.0000",01KWN8J9QQQN2S5NN29ECTE0NJ,65675886,2026,E-Katalog 6.0,APBD,ANDI ERNA,E-Purchasing,Barang,Belanja Makanan dan Minuman Rapat,ON PROCESS,398000,398000
KAB. WAJO,"DINAS KOMUNIKASI, INFORMATIKA DAN STATISTIK - 2.16.2.20.2.21.02.0000",01KVFFREXCRCB1P1YG1KP1N1WF,65606990,2026,E-Katalog 6.0,APBD,INTERMEDIA INVESTIGASI NUSANTARA,E-Purchasing,Barang,Belanja Kawat/Faksimili/Internet/TV Berlangganan - Relasi Media ,ON PROCESS,5100000,5100000
KAB. WAJO,"DINAS PERINDUSTRIAN, PERDAGANGAN, KOPERASI, USAHA KECIL DAN MENENGAH - 2.17.3.30.3.31.01.0000",01KVSJJXNF979RGR6AMRX5BHQX,65730078,2026,E-Katalog 6.0,APBD,ANDI AKHYAR SULAIMAN,E-Purchasing,Barang,Belanja Makanan dan Minuman Rapat Pada Sub Kegiatan Pelaporan Pengelolaan Retribusi Daerah,ON PROCESS,1737956,1737956
KAB. WAJO,"DINAS KOMUNIKASI, INFORMATIKA DAN STATISTIK - 2.16.2.20.2.21.02.0000",01KQ6ZP83DB9GXR0PM727RWS9T,65571189,2026,E-Katalog 6.0,APBD,AMRAN SURYADI,E-Purchasing,Barang,Belanja Alat/Bahan untuk Kegiatan Kantor- Bahan Cetak - Koordinasi dan Penyusunan Dokumen Perubahan RKA-SKPD,ON PROCESS,204640,204640
KAB. WAJO,PUSKESMAS SALEWANGENG - 1.02.0.00.0.00.01.0008,01KRDSBA1ZD5SKEATVZ8GKAJKZ,66766659,2026,E-Katalog 6.0,APBD,TAMIYA NURUL WULANDA,E-Purchasing,Barang,Belanaj Barang dan Jasa BOK puskesmas PADA SUB KEGIATAN Bimbingan Teknis dan Supervisi Pengembangan dan Pelaksanaan Upaya Kesehatan Bersumber Daya Masyarakat (UKBM),ON PROCESS,5025500,5025500
KAB. WAJO,PUSKESMAS SOLO - 1.02.0.00.0.00.01.0010,01KP82XPG915FWRSZRPEJF7XF9,66023206,2026,E-Katalog 6.0,APBD,NURFAIDAH,E-Purchasing,Barang,Belanja barang dan jasa BOK puskesmas pada sub kegiatan Pengelolaan Pelayanan Kesehatan Ibu Hamil,ON PROCESS,225000,225000
KAB. WAJO,PUSKESMAS BELAWA - 1.02.0.00.0.00.01.0025,01KPYKV7FNQ0GG3XA9PKHB4M32,66598483,2026,E-Katalog 6.0,APBD,ARSYAD M,E-Purchasing,Barang,Belanja Barang dan Jasa BLUD,ON PROCESS,4292755,4292755
KAB. WAJO,SEKRETARIAT DEWAN PERWAKILAN RAKYAT DAERAH - 4.02.0.00.0.00.01.0000,01KFJMKVVDPQTMBT6YJ72KXAFP,63928449,2026,E-Katalog 6.0,APBD,ANDI PARENRENGI,E-Purchasing,Barang,Belanja Makanan dan Minuman Rapat Sub Kegiatan Fasiilitasi Rappat Koordiinasi dan Konsultasi DPRD,ON PROCESS,966000,966000
KAB. WAJO,PUSKESMAS SALOBULO - 1.02.0.00.0.00.01.0013,01KN4814361VVCCM7TZEJ3VPRY,66083230,2026,E-Katalog 6.0,APBD,ARSYAD M,E-Purchasing,Barang,Belanja Barang dan Jasa BLUD,ON PROCESS,600000,600000
KAB. WAJO,"DINAS KOMUNIKASI, INFORMATIKA DAN STATISTIK - 2.16.2.20.2.21.02.0000",01KQ6YYDWXR2AD4GPKP50VMT51,65570963,2026,E-Katalog 6.0,APBD,ANDI AKHYAR SULAIMAN,E-Purchasing,Barang,Belanja Alat/Bahan untuk Kegiatan Kantor-Alat Tulis Kantor - Koordinasi dan Penyusunan Dokumen RKA-SKPD,ON PROCESS,499500,499500
KAB. WAJO,PUSKESMAS MAJAULENG - 1.02.0.00.0.00.01.0015,01KKG6FWEPQWZ9746DKAY4GXM8,66223778,2026,E-Katalog 6.0,APBD,ARSYAD M,E-Purchasing,Barang,Belanja Barang dan Jasa BLUD,ON PROCESS,7647490,7647490
KAB. WAJO,PUSKESMAS WEWANGREWU - 1.02.0.00.0.00.01.0018,01KTB8NXVDJQ81K1Z8DZXZ6C4Y,66766459,2026,E-Katalog 6.0,APBD,MUHAMMAD RESKY,E-Purchasing,Barang,Belanja Barang dan Jasa BOK Puskesmas pada sub kegiatan Pengelolaan Pelayanan Kesehatan Ibu Hamil,ON PROCESS,179000,179000
KAB. WAJO,"SATUAN POLISI PAMONG PRAJA, PEMADAM KEBAKARAN DAN PENYELAMATAN - 1.05.0.00.0.00.01.0000",01KR7RM7MT0J3ZZC8A6W0XEEJ1,64064365,2026,E-Katalog 6.0,APBD,ANDI MAKKULAWU,E-Purchasing,Barang,Belanja Alat/Bahan untuk Kegiatan Kantor-Alat Tulis Kantor,ON PROCESS,1109556,1109556
KAB. WAJO,BADAN PENGELOLAAN KEUANGAN DAN PENDAPATAN DAERAH - 5.02.0.00.0.00.01.0000,01KS46T6EHE8D6MY3PJ3J0CMKN,63464855,2026,E-Katalog 6.0,APBD,ASTI WAHYUNI,E-Purchasing,Barang,Belanja Makanan dan Minuman Rapat,ON PROCESS,634800,634800
KAB. WAJO,SEKRETARIAT DAERAH - 4.01.0.00.0.00.01.0000,01KNP59P4YP180RKWQDM6TY05N,63637426,2026,E-Katalog 6.0,APBD,MITRA SERMANI HOTEL,E-Purchasing,Barang,Belanja Sewa Hotel,ON PROCESS,1400000,1400000
KAB. WAJO,PUSKESMAS SOLO - 1.02.0.00.0.00.01.0010,01KPD2WTJQ90956PCFC4Q9YKRP,66023206,2026,E-Katalog 6.0,APBD,NURFAIDAH,E-Purchasing,Barang,Belanja barang dan jasa BOK puskesmas pada sub kegiatan Pengelolaan Pelayanan Kesehatan Ibu Hamil,ON PROCESS,225000,225000
KAB. WAJO,RSUD LAMADDUKELLENG - 1.02.0.00.0.00.01.0001,01KPQHYQ7GS5RXNMAFHC462TBX,65300982,2026,E-Katalog 6.0,BLUD,SAFELOCK MEDICAL,E-Purchasing,Barang,Belanja Barang dan Jasa BLUD,ON PROCESS,30330923,30330923
KAB. WAJO,PUSKESMAS LIU - 1.02.0.00.0.00.01.0005,01KQV7SVXZX3KCH0ARV0F27ZY1,66778417,2026,E-Katalog 6.0,APBD,ASTI WAHYUNI,E-Purchasing,Barang,Belanja Barang dan Jasa BOK Puskesmas pada Sub Kegiatan Pengelolaan Pelayanan Kesehatan Ibu Hamil,ON PROCESS,483300,483300
KAB. WAJO,PUSKESMAS PATTIROSOMPE - 1.02.0.00.0.00.01.0007,01KPMPJ99NQXQPCFVEMQF9M8BQ,66629961,2026,E-Katalog 6.0,APBD,ANDI AZIS ASHAR,E-Purchasing,Barang,Sub Kegiatan Pengelolaan Pelayanan Kesehatan Ibu Hamil,ON PROCESS,268500,268500
KAB. WAJO,DINAS PERTANIAN DAN KETAHANAN PANGAN - 2.09.3.27.0.00.02.0000,01KSRZ14J633XE6DZCMXK2B82J,66410785,2026,E-Katalog 6.0,APBD,GUNAWAN TJANDRA,E-Purchasing,Barang,Belanja Modal Alat Pendingin,ON PROCESS,13400000,13400000
KAB. WAJO,BADAN KESATUAN BANGSA DAN POLITIK - 8.01.0.00.0.00.01.0000,01KGGHY915SPDGZE3Q3XBBWH3Q,63062991,2026,E-Katalog 6.0,APBD,AMRAN SURYADI,E-Purchasing,Barang,Belanja Alat/Bahan untuk Kegiatan Kantor- Bahan Cetak,ON PROCESS,1931400,1931400
KAB. WAJO,RSUD LAMADDUKELLENG - 1.02.0.00.0.00.01.0001,01KW12G2D0MCQGV808HG5G2T23,65300982,2026,E-Katalog 6.0,BLUD,YARINDO FARMATAMA,E-Purchasing,Barang,Belanja Barang dan Jasa BLUD,ON PROCESS,1315350,1315350
KAB. WAJO,BADAN PENGELOLAAN KEUANGAN DAN PENDAPATAN DAERAH - 5.02.0.00.0.00.01.0000,01KFYJQAH67FKHD4TTBTAD88QX,63991975,2026,E-Katalog 6.0,APBD,ASTI WAHYUNI,E-Purchasing,Barang,Belanja Makanan dan Minuman Rapat,ON PROCESS,525000,525000
KAB. WAJO,DINAS TENAGA KERJA DAN TRANSMIGRASI - 2.07.3.32.0.00.02.0000,01KP5HXV6Q69RQ5PDQT32TKGR5,66842254,2026,E-Katalog 6.0,APBD,AQILAHDAFFA,E-Purchasing,Barang,Belanja Natura dan Pakan-Natura,ON PROCESS,8980000,8980000
KAB. WAJO,"SATUAN POLISI PAMONG PRAJA, PEMADAM KEBAKARAN DAN PENYELAMATAN - 1.05.0.00.0.00.01.0000",01KNVRWPEPGT2TTB3C1YB9XK8W,64064061,2026,E-Katalog 6.0,APBD,MEGAWATI,E-Purchasing,Barang,Belanja Makanan dan Minuman Aktivitas Lapangan,ON PROCESS,430400,430400
KAB. WAJO,RSUD SIWA - 1.02.0.00.0.00.01.0002,01KT3MGNB36EQ9KNZ45KX79RG5,66883851,2026,E-Katalog 6.0,BLUD,PRIMANUSA MUKTI UTAMA,E-Purchasing,Barang,Belanja Barang dan Jasa BLUD,ON PROCESS,2493016,2493016
KAB. WAJO,DINAS PENDIDIKAN DAN KEBUDAYAAN - 1.01.2.22.0.00.02.0000,01KVCP3KVQAC732RTKER5A4JZE,63027443,2026,E-Katalog 6.0,APBD,AQILAHDAFFA,E-Purchasing,Barang,Belanja Makanan dan Minuman Rapat,ON PROCESS,46620,46620
KAB. WAJO,KECAMATAN TEMPE - 7.01.0.00.0.00.14.0000,01KT6NV0BEHDF9T7QZF2QWCPDS,64726059,2026,E-Katalog 6.0,APBD,AQILAHDAFFA,E-Purchasing,Barang,Belanja Natura dan Pakan-Natura,ON PROCESS,10946100,10946100
KAB. WAJO,"BADAN PERENCANAAN PEMBANGUNAN, RISET DAN INOVASI DAERAH - 5.01.5.05.0.00.01.0000",01KQRX9KFEP6RQWBSFAWX6HN1M,63893669,2026,E-Katalog 6.0,APBD,ANDI ERNA,E-Purchasing,Barang,Belanja Makanan dan Minuman Rapat,ON PROCESS,897000,897000
KAB. WAJO,"DINAS KOMUNIKASI, INFORMATIKA DAN STATISTIK - 2.16.2.20.2.21.02.0000",01KQ73X1HAZJH330NBKGD4PNAK,65607096,2026,E-Katalog 6.0,APBD,ANDI AKHYAR SULAIMAN,E-Purchasing,Barang,"Belanja Alat/Bahan untuk Kegiatan Kantor- Bahan Cetak - Monitoring Informasi Kebijakan, Opini, dan Aspirasi Publik  ",ON PROCESS,2200000,2200000
KAB. WAJO,"DINAS KOMUNIKASI, INFORMATIKA DAN STATISTIK - 2.16.2.20.2.21.02.0000",01KJETAZZVHAC3REYHVRY3AA8Y,65606990,2026,E-Katalog 6.0,APBD,SUARA NUSANTARA ABADI,E-Purchasing,Barang,Belanja Kawat/Faksimili/Internet/TV Berlangganan - Relasi Media ,ON PROCESS,2125000,2125000
KAB. WAJO,DINAS TENAGA KERJA DAN TRANSMIGRASI - 2.07.3.32.0.00.02.0000,01KQV2X36WSY3B018P77F5970J,67046808,2026,E-Katalog 6.0,APBD,AQILAHDAFFA,E-Purchasing,Barang,Belanja Alat/Bahan untuk Kegiatan Kantor-Alat Tulis Kantor,ON PROCESS,1091000,1091000
KAB. WAJO,PUSKESMAS WEWANGREWU - 1.02.0.00.0.00.01.0018,01KTRASP8MV51B58D71WKDCPJ8,66731115,2026,E-Katalog 6.0,APBD,MUHAMMAD RESKY,E-Purchasing,Barang,Belanja Barang dan Jasa BLUD,ON PROCESS,430200,430200
KAB. WAJO,BADAN KESATUAN BANGSA DAN POLITIK - 8.01.0.00.0.00.01.0000,01KPQK0VT9FRDJCCQXETVJBT0Y,63062201,2026,E-Katalog 6.0,APBD,AMRAN SURYADI,E-Purchasing,Barang,Belanja Alat/Bahan untuk Kegiatan Kantor- Bahan Cetak,ON PROCESS,293040,293040
KAB. WAJO,"SATUAN POLISI PAMONG PRAJA, PEMADAM KEBAKARAN DAN PENYELAMATAN - 1.05.0.00.0.00.01.0000",01KHX4ANEW7YPYJX55520R7188,64064061,2026,E-Katalog 6.0,APBD,DARNAWATI,E-Purchasing,Barang,Belanja Makanan dan Minuman Aktivitas Lapangan,ON PROCESS,833900,833900
KAB. WAJO,SEKRETARIAT DAERAH - 4.01.0.00.0.00.01.0000,01KNNP90WBWY0XS5XTXHB48CBA,65287980,2026,E-Katalog 6.0,APBD,SALLO HOTEL SENGKANG,E-Purchasing,Barang,Belanja Sewa Hotel,ON PROCESS,3150000,3150000
KAB. WAJO,"DINAS KOMUNIKASI, INFORMATIKA DAN STATISTIK - 2.16.2.20.2.21.02.0000",01KVFH20A7HSJ549AFFPCKPXS6,65606990,2026,E-Katalog 6.0,APBD,LINTAS MEDIA SAKTI,E-Purchasing,Barang,Belanja Kawat/Faksimili/Internet/TV Berlangganan - Relasi Media ,ON PROCESS,5100000,5100000
KAB. WAJO,"DINAS KOMUNIKASI, INFORMATIKA DAN STATISTIK - 2.16.2.20.2.21.02.0000",01KVFFC2BY3HV89NZ3ZNEB12RP,65606990,2026,E-Katalog 6.0,APBD,LENSA PENDIDIKAN INDONESIA,E-Purchasing,Barang,Belanja Kawat/Faksimili/Internet/TV Berlangganan - Relasi Media ,ON PROCESS,5100000,5100000
KAB. WAJO,DINAS PENDIDIKAN DAN KEBUDAYAAN - 1.01.2.22.0.00.02.0000,01KVVWYDK22CDRXSX5R4TCJSAP,67267150,2026,E-Katalog 6.0,APBD,A. MUH. RIZAL,E-Purchasing,Barang,Belanja Makanan dan Minuman Jamuan Tamu,ON PROCESS,3266000,3266000
KAB. WAJO,SEKRETARIAT DAERAH - 4.01.0.00.0.00.01.0000,01KN1KFJF9Q8AB6CK43JBSQW5J,63590760,2026,E-Katalog 6.0,APBD,BUNGARATU MEGATAMA,E-Purchasing,Barang,Belanja Alat/Bahan untuk Kegiatan Kantor- Suvenir/Cendera Mata,ON PROCESS,2277000,2277000
KAB. WAJO,"DINAS PEMUDA, OLAHRAGA DAN PARIWISATA - 2.19.3.26.0.00.02.0000",01KKDSN39VKYTKG1HZD46AGGHW,63936855,2026,E-Katalog 6.0,APBD,MEGAWATI,E-Purchasing,Barang,Belanja Makanan dan Minuman Rapat Kegiatan Forum OPD,ON PROCESS,42990,42990
KAB. WAJO,PUSKESMAS TOSORA - 1.02.0.00.0.00.01.0016,01KQYBQJRD52NK3JWVBVP1FAXV,66114293,2026,E-Katalog 6.0,APBD,ASTI WAHYUNI,E-Purchasing,Barang,Belanja Barang dan Jasa BLUD,ON PROCESS,399000,399000
KAB. WAJO,SEKRETARIAT DEWAN PERWAKILAN RAKYAT DAERAH - 4.02.0.00.0.00.01.0000,01KWBJA8WBWP1KGDA2R047G83D,63930161,2026,E-Katalog 6.0,APBD,BUNGARATU MEGATAMA,E-Purchasing,Barang,Belanja Alat/Bahan untuk Kegiatan Kantor- Suvenir/Cendera Mata,ON PROCESS,1043400,1043400
KAB. WAJO,RSUD LAMADDUKELLENG - 1.02.0.00.0.00.01.0001,01KS2RH839JCA17D3RFJWRX4K0,65300982,2026,E-Katalog 6.0,BLUD,ASIA MEDIKA NUSANTARA,E-Purchasing,Barang,Belanja Barang dan Jasa BLUD,ON PROCESS,8991000,8991000
KAB. WAJO,"BADAN PERENCANAAN PEMBANGUNAN, RISET DAN INOVASI DAERAH - 5.01.5.05.0.00.01.0000",01KP58BEF341JFVY74TN46TZQ7,65658950,2026,E-Katalog 6.0,APBD,ANDI AKHYAR SULAIMAN,E-Purchasing,Barang,Belanja Alat/Bahan untuk Kegiatan Kantor-Alat Tulis Kantor,ON PROCESS,1235000,1235000
KAB. WAJO,SEKRETARIAT DEWAN PERWAKILAN RAKYAT DAERAH - 4.02.0.00.0.00.01.0000,01KQ9RZVVH4TZ98EKY4VWS2JFX,63930376,2026,E-Katalog 6.0,APBD,AMRAN SURYADI,E-Purchasing,Barang,Belanja Alat/Bahan untuk Kegiatan Kantor- Bahan Cetak Koordinasi dan Penyusunan Dokumen RKA-SKPD,ON PROCESS,865800,865800
KAB. WAJO,"DINAS KOMUNIKASI, INFORMATIKA DAN STATISTIK - 2.16.2.20.2.21.02.0000",01KN3H7WFAXGYJJYVTA0KJM4PC,65606990,2026,E-Katalog 6.0,APBD,DV PRODUCTION,E-Purchasing,Barang,Belanja Kawat/Faksimili/Internet/TV Berlangganan - Relasi Media ,ON PROCESS,18319999,18319999
KAB. WAJO,"DINAS KOMUNIKASI, INFORMATIKA DAN STATISTIK - 2.16.2.20.2.21.02.0000",01KPYY14ENTT7PQ770GY3WD85D,65611366,2026,E-Katalog 6.0,APBD,ANDI AKHYAR SULAIMAN,E-Purchasing,Barang,Belanja Alat/Bahan untuk Kegiatan Kantor-Alat Tulis Kantor - Pelaksanaan Keamanan Informasi Pemerintahan Daerah Berbasis Elektronik dan Non Elektronik,ON PROCESS,446498,446498
KAB. WAJO,KECAMATAN KEERA - 7.01.0.00.0.00.04.0000,01KVEYNQTP8HCDS286YQHCCGHX,65624662,2026,E-Katalog 6.0,APBD,NOVI ASTIKA,E-Purchasing,Barang,Penyediaan Jasa Pelayanan Umum Kantor,ON PROCESS,1500000,1500000
KAB. WAJO,RSUD LAMADDUKELLENG - 1.02.0.00.0.00.01.0001,01KRZBQCWFH27SWBAJB2RP6P5V,65300982,2026,E-Katalog 6.0,BLUD,GUNAWAN TJANDRA,E-Purchasing,Barang,Belanja Barang dan Jasa BLUD,ON PROCESS,2997000,2997000
KAB. WAJO,SEKRETARIAT DEWAN PERWAKILAN RAKYAT DAERAH - 4.02.0.00.0.00.01.0000,01KMN16G2N1MQ6XN70W2SFGKSD,66622995,2026,E-Katalog 6.0,APBD,MUSTAFA HI. BANDUNG,E-Purchasing,Barang,Belanja Makanan dan Minuman Rapat_Pengawasan_Penggunaan_Anggaran,ON PROCESS,4025000,4025000
KAB. WAJO,PUSKESMAS TOSORA - 1.02.0.00.0.00.01.0016,01KVSSCZMG9NEBVEASTQMNBBSH,66096340,2026,E-Katalog 6.0,APBD,ASTI WAHYUNI,E-Purchasing,Barang,"Belanja Barang dan Jasa BOK Puskesmas pada sub kegiatan Peningkatan Upaya Promosi Kesehatan, Advokasi, Kemitraan dan Pemberdayaan Masyarakat",ON PROCESS,718200,718200
KAB. WAJO,PUSKESMAS TANASITOLO - 1.02.0.00.0.00.01.0017,01KRAPHBN4FFM9ATHKNY5MSKMT,66682556,2026,E-Katalog 6.0,APBD,MUHAMMAD ZULKARNAIN,E-Purchasing,Barang,Belanja Barang dan Jasa  BOK Puskesmas Pada Sub Kegiatan Pengelolaan Pelayanan Kesehatan Ibu Hamil,ON PROCESS,300000,300000
KAB. WAJO,PUSKESMAS SAJOANGING - 1.02.0.00.0.00.01.0012,01KPM98PVGS98JFRSZA8STNTJ4,66620220,2026,E-Katalog 6.0,APBD,SALWA NABILAH IDRIS,E-Purchasing,Barang,Belanja Barang dan jasa BOK Puskesmas pada sub kegiatan Pengelolaan Pelayanan Kesehatan Ibu Hamil,ON PROCESS,322200,322200
KAB. WAJO,DINAS TENAGA KERJA DAN TRANSMIGRASI - 2.07.3.32.0.00.02.0000,01KP7V8SQ5ZHXX9FE0P7PFVTN9,66811812,2026,E-Katalog 6.0,APBD,AQILAHDAFFA,E-Purchasing,Barang,Belanja Alat/Bahan untuk Kegiatan Kantor-Alat Tulis Kantor,ON PROCESS,4756500,4756500
KAB. WAJO,"BADAN PERENCANAAN PEMBANGUNAN, RISET DAN INOVASI DAERAH - 5.01.5.05.0.00.01.0000",01KVA7D4WYRPYFCS4H9FVPF0K2,65282471,2026,E-Katalog 6.0,APBD,AQILAHDAFFA,E-Purchasing,Barang,Belanja Alat/Bahan untuk Kegiatan Kantor-Perabot Kantor,ON PROCESS,2870000,2870000
KAB. WAJO,"DINAS PEKERJAAN UMUM, PENATAAN RUANG DAN PERTANAHAN - 1.03.2.10.0.00.01.0000",10782118000,65659659,2026,Non Tender,APBD,CV. MAKKITA CONSULTANT,Pengadaan Langsung,Jasa Konsultansi Badan Usaha Konstruksi,PERENCANAAN PEMBANGUNAN BALAI PERTEMUAN,SELESAI,99764025,99764025
KAB. WAJO,PUSKESMAS GILIRENG - 1.02.0.00.0.00.01.0019,01KRGCR1YGFSG5RVPVNTZRXBET,66077267,2026,E-Katalog 6.0,APBD,GEDDONG,E-Purchasing,Barang,Belanja Barang dan Jasa BOK Puskesmas pada Sub Kegiatan Pengelolaan Pelayanan Kesehatan Gizi Masyarakat,ON PROCESS,897000,897000
KAB. WAJO,SEKRETARIAT DAERAH - 4.01.0.00.0.00.01.0000,01KSEAWYPFMJ91AD4MHHZJT30D,63636744,2026,E-Katalog 6.0,APBD,ANDI ERNA,E-Purchasing,Barang,Belanja Natura dan Pakan-Natura,ON PROCESS,19980000,19980000
KAB. WAJO,PUSKESMAS KEERA - 1.02.0.00.0.00.01.0020,01KTK1J3YH61NS3B78YA7BBW33,66812850,2026,E-Katalog 6.0,APBD,ROSNAENI,E-Purchasing,Barang,Belanja barang jasa BOK Puskesmas pada sub kegiatan Pengelolaan Pelayanan Kesehatan Ibu Hamil,ON PROCESS,195000,195000
KAB. WAJO,SEKRETARIAT DAERAH - 4.01.0.00.0.00.01.0000,01KNP52R069XFEXCKFQB3DJK0F,63637426,2026,E-Katalog 6.0,APBD,SALLO HOTEL SENGKANG,E-Purchasing,Barang,Belanja Sewa Hotel,ON PROCESS,26400000,26400000
KAB. WAJO,PUSKESMAS TOSORA - 1.02.0.00.0.00.01.0016,01KNKJGPM39AG90QATDVZ7TAFC,66096187,2026,E-Katalog 6.0,APBD,ASTI WAHYUNI,E-Purchasing,Barang,Belanja Barang dan Jasa BOK Puskesmas pada Sub Kegiatan Pengelolaan Pelayanan Kesehatan Ibu Hamil ,ON PROCESS,304300,304300
KAB. WAJO,"DINAS KOMUNIKASI, INFORMATIKA DAN STATISTIK - 2.16.2.20.2.21.02.0000",01KVF697M10544SWT2CY70C9VS,65606990,2026,E-Katalog 6.0,APBD,MEDIA INILAH CELEBES,E-Purchasing,Barang,Belanja Kawat/Faksimili/Internet/TV Berlangganan - Relasi Media ,ON PROCESS,5099962,5099962
KAB. WAJO,KECAMATAN PENRANG - 7.01.0.00.0.00.08.0000,01KJ3Q77209KVCXYNPH1G9WZ2V,65756361,2026,E-Katalog 6.0,APBD,JUMRITA,E-Purchasing,Barang,Belanja Makanan dan Minuman Rapat,ON PROCESS,9800000,9800000
KAB. WAJO,PUSKESMAS TANASITOLO - 1.02.0.00.0.00.01.0017,01KP86EBJG2DC3FVC1EKH4CR3W,66682556,2026,E-Katalog 6.0,APBD,MUHAMMAD ZULKARNAIN,E-Purchasing,Barang,Belanja Barang dan Jasa  BOK Puskesmas Pada Sub Kegiatan Pengelolaan Pelayanan Kesehatan Ibu Hamil,ON PROCESS,450000,450000
KAB. WAJO,RSUD SIWA - 1.02.0.00.0.00.01.0002,01KSEN3KDSSHKKWEAKR7F5S8Q3,66883851,2026,E-Katalog 6.0,BLUD,MEDICAL SOLUTION INDONESIA,E-Purchasing,Barang,Belanja Barang dan Jasa BLUD,ON PROCESS,5510084,5510084
KAB. WAJO,"SATUAN POLISI PAMONG PRAJA, PEMADAM KEBAKARAN DAN PENYELAMATAN - 1.05.0.00.0.00.01.0000",01KVEXV56W4FQTYGG9FMTACQFZ,64219365,2026,E-Katalog 6.0,APBD,DARNAWATI,E-Purchasing,Barang,Belanja Makanan dan Minuman Aktivitas Lapangan,ON PROCESS,403500,403500
KAB. WAJO,"SATUAN POLISI PAMONG PRAJA, PEMADAM KEBAKARAN DAN PENYELAMATAN - 1.05.0.00.0.00.01.0000",01KHX46GAX8E0XZ5XA5JNWRP8H,64064061,2026,E-Katalog 6.0,APBD,DARNAWATI,E-Purchasing,Barang,Belanja Makanan dan Minuman Aktivitas Lapangan,ON PROCESS,1264300,1264300
KAB. WAJO,SEKRETARIAT DAERAH - 4.01.0.00.0.00.01.0000,01KPYHNG0DYHFRV2Y76YHFNJM8,63559440,2026,E-Katalog 6.0,APBD,CINTA ALAM RAYA,E-Purchasing,Barang,Belanja Modal Personal Computer,ON PROCESS,15499999,15499999
KAB. WAJO,PUSKESMAS SAJOANGING - 1.02.0.00.0.00.01.0012,01KSEA110C3RY7EMP676QNP887,66620220,2026,E-Katalog 6.0,APBD,SALWA NABILAH IDRIS,E-Purchasing,Barang,Belanja Barang dan jasa BOK Puskesmas pada sub kegiatan Pengelolaan Pelayanan Kesehatan Ibu Hamil,ON PROCESS,358000,358000
KAB. WAJO,SEKRETARIAT DAERAH - 4.01.0.00.0.00.01.0000,01KTB7C3FCRV9J23AF0T89R97Q,65287975,2026,E-Katalog 6.0,APBD,TENRI MAWAR,E-Purchasing,Barang,Belanja Sewa Kendaraan Bermotor Angkutan Barang,ON PROCESS,16500000,16500000
KAB. WAJO,"DINAS KOMUNIKASI, INFORMATIKA DAN STATISTIK - 2.16.2.20.2.21.02.0000",01KJPMZ0Z7ND72E8FC6BVFKX4F,65606990,2026,E-Katalog 6.0,APBD,EXPOSE MEDIA GRUP,E-Purchasing,Barang,Belanja Kawat/Faksimili/Internet/TV Berlangganan - Relasi Media ,ON PROCESS,2120000,2120000
KAB. WAJO,BADAN PENGELOLAAN KEUANGAN DAN PENDAPATAN DAERAH - 5.02.0.00.0.00.01.0000,01KTJS4APPPM2YXVR17SF68HEV,63560013,2026,E-Katalog 6.0,APBD,ANDI ERNA,E-Purchasing,Barang,Belanja Makanan dan Minuman Rapat,ON PROCESS,1496000,1496000
KAB. WAJO,BADAN PENGELOLAAN KEUANGAN DAN PENDAPATAN DAERAH - 5.02.0.00.0.00.01.0000,01KP3E868X5JM7JFEM4ACDPAN1,63464856,2026,E-Katalog 6.0,APBD,ANDI AKHYAR SULAIMAN,E-Purchasing,Barang,Belanja Alat/Bahan untuk Kegiatan Kantor-Alat Tulis Kantor,ON PROCESS,2985991,2985991
KAB. WAJO,SEKRETARIAT DAERAH - 4.01.0.00.0.00.01.0000,01KRFW4VGG1KDC1E27S4BNQCA6,65287973,2026,E-Katalog 6.0,APBD,FITRIANI,E-Purchasing,Barang,Belanja Makanan dan Minuman Jamuan Tamu,ON PROCESS,19120000,19120000
KAB. WAJO,KECAMATAN PAMMANA - 7.01.0.00.0.00.07.0000,01KTR41CWAW572YPDWX61D10YR,65752056,2026,E-Katalog 6.0,APBD,ANDI ERNA,E-Purchasing,Barang,Belanja Barang Pakai Habis,ON PROCESS,1571500,1571500
KAB. WAJO,SEKRETARIAT DAERAH - 4.01.0.00.0.00.01.0000,01KRX83WS7A2N9HQXPE8N8Y30T,67149111,2026,E-Katalog 6.0,APBD,ANDI AKHYAR SULAIMAN,E-Purchasing,Barang,Belanja Alat/Bahan untuk Kegiatan Kantor-Alat Tulis Kantor,ON PROCESS,16450000,16450000
KAB. WAJO,RSUD LAMADDUKELLENG - 1.02.0.00.0.00.01.0001,01KT5M1MA48AWHFY7P2QG0Q7CB,65300982,2026,E-Katalog 6.0,BLUD,ANDI WAHYUDI WIJAYANTO,E-Purchasing,Barang,Belanja Barang dan Jasa BLUD,ON PROCESS,26529000,26529000
KAB. WAJO,DINAS PERTANIAN DAN KETAHANAN PANGAN - 2.09.3.27.0.00.02.0000,10825521000,66410750;66410751,2026,Non Tender,APBD,CV. TIMOR PLAN,Pengadaan Langsung,Jasa Konsultansi Badan Usaha Konstruksi,"Perencanaan Teknis Pembangunan Jalan Usaha Tani (JUT) DAK (Kec. Pammana, Kec. Majauleng) Konsolidasi",SELESAI,17921505,17921505
KAB. WAJO,PUSKESMAS TOSORA - 1.02.0.00.0.00.01.0016,01KVSRQ9GA3TWRE1J67V4CQB4S,66096340,2026,E-Katalog 6.0,APBD,ASTI WAHYUNI,E-Purchasing,Barang,"Belanja Barang dan Jasa BOK Puskesmas pada sub kegiatan Peningkatan Upaya Promosi Kesehatan, Advokasi, Kemitraan dan Pemberdayaan Masyarakat",ON PROCESS,718200,718200
KAB. WAJO,RSUD SIWA - 1.02.0.00.0.00.01.0002,01KS290F72ASNEZQET7ABNBZ94,66883851,2026,E-Katalog 6.0,BLUD,INFION,E-Purchasing,Barang,Belanja Barang dan Jasa BLUD,ON PROCESS,4449990,0
KAB. WAJO,BADAN KESATUAN BANGSA DAN POLITIK - 8.01.0.00.0.00.01.0000,01KRWMR4V4BW6PPEKN3MGNMSBY,63063279,2026,E-Katalog 6.0,APBD,CINTA ALAM RAYA,E-Purchasing,Barang,Belanja Modal Alat Kantor Lainnya,ON PROCESS,3618600,3618600
KAB. WAJO,DINAS PENANAMAN MODAL DAN PELAYANAN TERPADU SATU PINTU - 2.18.0.00.0.00.01.0000,01KNVKY5S3WGHHFGZ0MXJEGQJR,65004763,2026,E-Katalog 6.0,APBD,ANDI AKHYAR SULAIMAN,E-Purchasing,Barang,Belanja Alat/Bahan untuk Kegiatan Kantor-Alat Tulis Kantor,ON PROCESS,749700,749700
KAB. WAJO,SEKRETARIAT DAERAH - 4.01.0.00.0.00.01.0000,01KTBGEF2W5G2VAVGMSTG4EWKJ,63636744,2026,E-Katalog 6.0,APBD,ANDI ERNA,E-Purchasing,Barang,Belanja Natura dan Pakan-Natura,ON PROCESS,1400000,1400000
KAB. WAJO,PUSKESMAS PAMMANA - 1.02.0.00.0.00.01.0009,01KPWM8RDEP3CKPGNDBQ53PPN7,65993330,2026,E-Katalog 6.0,APBD,BUMI MEDIKA INDONESIA,E-Purchasing,Barang,Belanja Barang dan Jasa BLUD,ON PROCESS,17266827,17266827
KAB. WAJO,DINAS PENDIDIKAN DAN KEBUDAYAAN - 1.01.2.22.0.00.02.0000,01KRDNJWQGZMHP1VKK9PVRCH0V,63029968,2026,E-Katalog 6.0,APBD,AQILAHDAFFA,E-Purchasing,Barang,Belanja Alat/Bahan untuk Kegiatan Kantor-Alat Tulis Kantor,ON PROCESS,2823700,2823700
KAB. WAJO,RSUD LAMADDUKELLENG - 1.02.0.00.0.00.01.0001,01KJVHNXR2PHTCEC37W3Z7F8QG,65300982,2026,E-Katalog 6.0,BLUD,HND GEMILANG SOLUSINDO,E-Purchasing,Barang,Belanja Barang dan Jasa BLUD,ON PROCESS,96192600,96192600
KAB. WAJO,DINAS KESEHATAN - 1.02.0.00.0.00.01.0000,01KT94RK572XF9YDTM6MHK7R79,66791034,2026,E-Katalog 6.0,APBD,MEDIKA LINTAS KHATULISTIWA,E-Purchasing,Barang,Belanja Suku Cadang-Suku Cadang Alat Kedokteran pada sub kegiatan Pengelolaan pelayanan kesehatan Malaria,ON PROCESS,119635800,119635800
KAB. WAJO,SEKRETARIAT DAERAH - 4.01.0.00.0.00.01.0000,01KJT005RX3TBF50SEE87Q33JS,63636068,2026,E-Katalog 6.0,APBD,ANDI ERNA,E-Purchasing,Barang,Belanja Natura dan Pakan-Natura,ON PROCESS,61125000,61125000
KAB. WAJO,PUSKESMAS PARIGI - 1.02.0.00.0.00.01.0023,01KVCQEAW1NZB1S36XDCBP3JDB,67191993,2026,E-Katalog 6.0,APBD,NURHAENI,E-Purchasing,Barang,Belanja Barang dan Jasa BLUD,ON PROCESS,260000,260000
KAB. WAJO,RSUD LAMADDUKELLENG - 1.02.0.00.0.00.01.0001,01KJ75Q222D072PDC98K5Z7NVF,65300982,2026,E-Katalog 6.0,BLUD,FERRON PAR PHARMACEUTICALS,E-Purchasing,Barang,Belanja Barang dan Jasa BLUD,ON PROCESS,61079970,0
KAB. WAJO,RSUD LAMADDUKELLENG - 1.02.0.00.0.00.01.0001,01KVCM8WF3VPYT251R1B929799,65300982,2026,E-Katalog 6.0,BLUD,YARINDO FARMATAMA,E-Purchasing,Barang,Belanja Barang dan Jasa BLUD,ON PROCESS,1687200,1687200
KAB. WAJO,"DINAS PEKERJAAN UMUM, PENATAAN RUANG DAN PERTANAHAN - 1.03.2.10.0.00.01.0000",10813505000,66757310,2026,Non Tender,APBD,A. ACHMAD FAISHAL,Pengadaan Langsung,Jasa Konsultansi Perorangan Konstruksi,Surveyor (Perencanaan Beton),SELESAI,27000000,27000000
KAB. WAJO,"DINAS PEKERJAAN UMUM, PENATAAN RUANG DAN PERTANAHAN - 1.03.2.10.0.00.01.0000",10813625000,66755717,2026,Non Tender,APBD,ASIKIN ST,Pengadaan Langsung,Jasa Konsultansi Perorangan Konstruksi,Team Leader (Ahli Teknik Jalan) Perencanan Beton,SELESAI,65073000,65073000
KAB. WAJO,"SATUAN POLISI PAMONG PRAJA, PEMADAM KEBAKARAN DAN PENYELAMATAN - 1.05.0.00.0.00.01.0000",01KJ4GB1BWS1X9QX0SSEMXKFM0,64219424,2026,E-Katalog 6.0,APBD,DARNAWATI,E-Purchasing,Barang,Belanja Makanan dan Minuman Aktivitas Lapangan,ON PROCESS,269000,269000
KAB. WAJO,RSUD LAMADDUKELLENG - 1.02.0.00.0.00.01.0001,01KJBWBXC789V0DMT10CSW3MMK,65300982,2026,E-Katalog 6.0,BLUD,OTSUKA INDONESIA,E-Purchasing,Barang,Belanja Barang dan Jasa BLUD,ON PROCESS,5161123,5161123
KAB. WAJO,KECAMATAN GILIRENG - 7.01.0.00.0.00.03.0000,01KVCPJ9XTER4P2Y0RMK3W70YK,65663832,2026,E-Katalog 6.0,APBD,ANDI AKHYAR SULAIMAN,E-Purchasing,Barang,Belanja Alat/Bahan untuk Kegiatan Kantor- Bahan Cetak,ON PROCESS,100000,100000
KAB. WAJO,SEKRETARIAT DAERAH - 4.01.0.00.0.00.01.0000,01KSF6E60JRT74Q4FTJX2X669T,63636068,2026,E-Katalog 6.0,APBD,ANDI ERNA,E-Purchasing,Barang,Belanja Natura dan Pakan-Natura,ON PROCESS,2096101,2096101
KAB. WAJO,DINAS PERUMAHAN DAN KAWASAN PERMUKIMAN - 1.04.0.00.0.00.01.0000,01KV596K4MK4SZG1PJH00CZW1R,67264215,2026,E-Katalog 6.0,APBD,ANDI AKHYAR SULAIMAN,E-Purchasing,Barang,Belanja Alat Tulis Kantor pada Kegiatan Pengelolaan Kelembagaan dan Analisis Jabatan (SOP),ON PROCESS,236500,236500
KAB. WAJO,DINAS KESEHATAN - 1.02.0.00.0.00.01.0000,01KV9G0RK5MCE9EDGVYXN3FPZS,66775861,2026,E-Katalog 6.0,APBD,ASTI WAHYUNI,E-Purchasing,Barang,Belanja Makanan dan Minuman Rapat pada sub kegiatan Pengelolaan Pelayanan Kesehatan Bayi Baru Lahir,ON PROCESS,3074400,3074400
KAB. WAJO,RSUD LAMADDUKELLENG - 1.02.0.00.0.00.01.0001,01KS29S790VJGV7BVZJ263T0BV,65300982,2026,E-Katalog 6.0,BLUD,GUNAWAN TJANDRA,E-Purchasing,Barang,Belanja Barang dan Jasa BLUD,ON PROCESS,19980000,19980000
KAB. WAJO,PUSKESMAS PAMMANA - 1.02.0.00.0.00.01.0009,01KWC97C6JDBTTZXGGFEQ3YFGV,65993330,2026,E-Katalog 6.0,APBD,RIO SANJAYA PUTRA,E-Purchasing,Barang,Belanja Barang dan Jasa BLUD,ON PROCESS,4151400,4151400
KAB. WAJO,RSUD LAMADDUKELLENG - 1.02.0.00.0.00.01.0001,01KVYJD76RVZTY16ZYEP96RW1J,65300982,2026,E-Katalog 6.0,BLUD,GLOBAL DISPOMEDIKA,E-Purchasing,Barang,Belanja Barang dan Jasa BLUD,ON PROCESS,68931000,0
KAB. WAJO,RSUD LAMADDUKELLENG - 1.02.0.00.0.00.01.0001,01KVW7KD3X23TNN1EQ0X29KAV9,65300982,2026,E-Katalog 6.0,BLUD,BERNOFARM,E-Purchasing,Barang,Belanja Barang dan Jasa BLUD,ON PROCESS,28492590,28492590
KAB. WAJO,SEKRETARIAT DEWAN PERWAKILAN RAKYAT DAERAH - 4.02.0.00.0.00.01.0000,01KVYVWKQSDMG7E1EF8403PDRG,63930677,2026,E-Katalog 6.0,APBD,"ANDI DILAYANTI, S.E.",E-Purchasing,Barang,Belanja Alat/Bahan untuk Kegiatan Kantor-Alat Tulis Kantor Fasilitasi Pelaks. Tugas Banmus,ON PROCESS,1483238,1483238
KAB. WAJO,SEKRETARIAT DAERAH - 4.01.0.00.0.00.01.0000,01KRFWHWW6EEF95SG2SV4R693P,65287975,2026,E-Katalog 6.0,APBD,TENRI MAWAR,E-Purchasing,Barang,Belanja Sewa Kendaraan Bermotor Angkutan Barang,ON PROCESS,5500000,5500000
KAB. WAJO,DINAS PERIKANAN - 3.25.0.00.0.00.01.0000,01KP2V5ASMQ1119KVYFQKQ90M6,64498541,2026,E-Katalog 6.0,APBD,ANANCI,E-Purchasing,Barang,Belanja Alat/Bahan untuk Kegiatan Kantor- Bahan Cetak kegiatan Pelaksanaan Penatausahaan dan Pengujian/Verifikasi Keuangan SKPD,ON PROCESS,758400,758400
KAB. WAJO,"DINAS KOMUNIKASI, INFORMATIKA DAN STATISTIK - 2.16.2.20.2.21.02.0000",01KNNPD8AFPJ0SQAD6SZEY09ZE,65606989,2026,E-Katalog 6.0,APBD,LINTAS MEDIA PENDIDIKAN,E-Purchasing,Barang,Belanja Langganan Jurnal/Surat Kabar/Majalah - Relasi Media ,ON PROCESS,5000000,5000000
KAB. WAJO,SEKRETARIAT DEWAN PERWAKILAN RAKYAT DAERAH - 4.02.0.00.0.00.01.0000,01KMJD2S1AWN5RJASE4S94CDQ5,63932421,2026,E-Katalog 6.0,APBD,FITRI RAHMADHANI,E-Purchasing,Barang,Belanja Makanan dan Minuman Rapat_Pembahasan_RANPERDA,ON PROCESS,644000,644000
KAB. WAJO,PUSKESMAS KEERA - 1.02.0.00.0.00.01.0020,01KQY8E0A9Z4YEYVFP44ARQQRW,66089711,2026,E-Katalog 6.0,APBD,ASA ATMA HARSA,E-Purchasing,Barang,Belanja Barang dan Jasa BLUD,ON PROCESS,2598510,2598510
KAB. WAJO,DINAS PENDIDIKAN DAN KEBUDAYAAN - 1.01.2.22.0.00.02.0000,01KQF5Z96V3YSXDYP9JXTG9918,63026149,2026,E-Katalog 6.0,APBD,AQILAHDAFFA,E-Purchasing,Barang,Belanja Alat/Bahan untuk Kegiatan Kantor-Alat/Bahan untuk Kegiatan Kantor Lainnya,ON PROCESS,1690000,1690000
KAB. WAJO,RSUD LAMADDUKELLENG - 1.02.0.00.0.00.01.0001,01KW0Y3EBTE9XAJCZ9C59ATWHD,65300982,2026,E-Katalog 6.0,BLUD,PHAPROS,E-Purchasing,Barang,Belanja Barang dan Jasa BLUD,ON PROCESS,22826040,22826040
KAB. WAJO,RSUD LAMADDUKELLENG - 1.02.0.00.0.00.01.0001,01KQ7WM1ZZMJ2GPVHMF91EVZ2K,65300982,2026,E-Katalog 6.0,BLUD,YARINDO FARMATAMA,E-Purchasing,Barang,Belanja Barang dan Jasa BLUD,ON PROCESS,599400,599400
KAB. WAJO,DINAS LINGKUNGAN HIDUP - 2.11.0.00.0.00.01.0000,01KJVTYYHYRHKKP0RNNSF27KRW,66012256,2026,E-Katalog 6.0,APBD,SAHAJA ATMA ADIPATI,E-Purchasing,Jasa Lainnya,Belanja Jasa yang Diberikan kepada Pihak Ketiga/Pihak Lain/Masyarakat,ON PROCESS,121600000,121600000
KAB. WAJO,DINAS PERTANIAN DAN KETAHANAN PANGAN - 2.09.3.27.0.00.02.0000,10828140000,66895915,2026,Non Tender,APBD,CV. TIMOR PLAN,Pengadaan Langsung,Jasa Konsultansi Badan Usaha Konstruksi,"Perencanaan Teknis Pembangunan Jalan Usaha Tani (JUT) Wilayah Utara Tahun Anggaran 2027 (Kec. Belawa, Kec. Pitumpanua, Kec. Gilireng, Kec. Maniangpajo, Kec. Keera, Kec. Majauleng dan Kec. Sajoanging) Konsolidasi",SELESAI,99602520,99602520
KAB. WAJO,PUSKESMAS TAKKALALLA - 1.02.0.00.0.00.01.0011,01KPMAZ63RWNSV3WQY3VDA197J,66025540,2026,E-Katalog 6.0,APBD,SITTI AISYAH,E-Purchasing,Barang,Belanja Barang dan Jasa BOK Puskesmas Sub Kegiatan Pengelolaan Pelayanan Kesehatan Ibu Hamil,ON PROCESS,180000,180000
KAB. WAJO,BADAN PENGELOLAAN KEUANGAN DAN PENDAPATAN DAERAH - 5.02.0.00.0.00.01.0000,01KH6ABZ1ZASE70HKS50FGBDPP,63991972,2026,E-Katalog 6.0,APBD,A. MUH. ABRAR,E-Purchasing,Barang,Belanja Alat/Bahan untuk Kegiatan Kantor-Alat Tulis Kantor,ON PROCESS,7363500,7363500
KAB. WAJO,RSUD LAMADDUKELLENG - 1.02.0.00.0.00.01.0001,01KS7AK21XGXH7E1ND5MSJY014,65300982,2026,E-Katalog 6.0,BLUD,AMAROX PHARMA GLOBAL,E-Purchasing,Barang,Belanja Barang dan Jasa BLUD,ON PROCESS,13250625,13250625
KAB. WAJO,DINAS PERUMAHAN DAN KAWASAN PERMUKIMAN - 1.04.0.00.0.00.01.0000,01KRAHEER08Y7Z7T7YRGEY4VZ1,67101146,2026,E-Katalog 6.0,APBD,GUNAWAN TJANDRA,E-Purchasing,Barang,Belanja Modal Alat Pendingin (AC) pada Kegiatan Pengadaan Sarana dan Prasarana Gedung Kantor atau Bangunan Lainnya,ON PROCESS,6660000,6660000
KAB. WAJO,"DINAS PEKERJAAN UMUM, PENATAAN RUANG DAN PERTANAHAN - 1.03.2.10.0.00.01.0000",01KVY80CVB7JPHA556DJB79ZPT,67079461,2026,E-Katalog 6.0,APBD,ANDI AKHYAR SULAIMAN,E-Purchasing,Barang,Belanja Alat/Bahan untuk Kegiatan Kantor- Bahan Cetak,ON PROCESS,400000,400000
KAB. WAJO,PUSKESMAS TANASITOLO - 1.02.0.00.0.00.01.0017,01KTXPTBW9AA1YFX629A5H3K84,66682556,2026,E-Katalog 6.0,APBD,MUHAMMAD ZULKARNAIN,E-Purchasing,Barang,Belanja Barang dan Jasa  BOK Puskesmas Pada Sub Kegiatan Pengelolaan Pelayanan Kesehatan Ibu Hamil,ON PROCESS,300000,300000
KAB. WAJO,RSUD LAMADDUKELLENG - 1.02.0.00.0.00.01.0001,01KQA68VSTZ07X2MPMZAKG828N,65300982,2026,E-Katalog 6.0,BLUD,DAYA MUDA AGUNG,E-Purchasing,Barang,Belanja Barang dan Jasa BLUD,ON PROCESS,1798200,1798200
KAB. WAJO,RSUD LAMADDUKELLENG - 1.02.0.00.0.00.01.0001,01KH59M2ZF5G07SE28JYJQTX28,65300982,2026,E-Katalog 6.0,BLUD,SANZAYA MEDIKA PRATAMA,E-Purchasing,Barang,Belanja Barang dan Jasa BLUD,ON PROCESS,3903870,3903870
KAB. WAJO,DINAS PENANAMAN MODAL DAN PELAYANAN TERPADU SATU PINTU - 2.18.0.00.0.00.01.0000,01KVADHEA9AN9R42N0RYQR4Y1H,65002651,2026,E-Katalog 6.0,APBD,ANDI AKHYAR SULAIMAN,E-Purchasing,Barang,Belanja Alat/Bahan untuk Kegiatan Kantor-Alat Tulis Kantor,ON PROCESS,420999,420999
KAB. WAJO,PUSKESMAS SABBANGPARU - 1.02.0.00.0.00.01.0003,01KPDWC6Y09Z8XFP988X2ZVPBJ,66481720,2026,E-Katalog 6.0,APBD,ANDI AMINAH BAKHTIAR,E-Purchasing,Barang,Belanja Barang dan Jasa BLUD,ON PROCESS,12244571,12244571
KAB. WAJO,"SATUAN POLISI PAMONG PRAJA, PEMADAM KEBAKARAN DAN PENYELAMATAN - 1.05.0.00.0.00.01.0000",01KJ4VCQ0JMF150VB6R5GHB453,64200491,2026,E-Katalog 6.0,APBD,ANDI MARWANAH,E-Purchasing,Barang,Belanja Makanan dan Minuman Aktivitas Lapangan,ON PROCESS,4842000,4842000
KAB. WAJO,BADAN PENGELOLAAN KEUANGAN DAN PENDAPATAN DAERAH - 5.02.0.00.0.00.01.0000,01KFWZZEWTP7C1B1PR3FYVAR10,64420954,2026,E-Katalog 6.0,APBD,ASTI WAHYUNI,E-Purchasing,Barang,Belanja Makanan dan Minuman Rapat,ON PROCESS,1587000,1587000
KAB. WAJO,KELURAHAN PAMMANA - 7.01.0.00.0.00.07.0002,01KTNRQ29HT99X4PN6XY368VCE,66933599,2026,E-Katalog 6.0,APBD,ANDI ERNA,E-Purchasing,Barang,Belanja Makanan dan Minuman Rapat,ON PROCESS,171997,171997
KAB. WAJO,PUSKESMAS SAJOANGING - 1.02.0.00.0.00.01.0012,01KRFCTCWP2AJ0X0N305HM7RDP,66621011,2026,E-Katalog 6.0,APBD,SALWA NABILAH IDRIS,E-Purchasing,Barang,Belanja barang dan Jasa BOK Puskesmas pada sub kegiatan Bimbingan Teknis dan Supervisi Pengembangan dan Pelaksanaan Upaya Kesehatan Bersumber Daya Masyarakat (UKBM),ON PROCESS,149500,149500
KAB. WAJO,PUSKESMAS MANIANGPAJO - 1.02.0.00.0.00.01.0021,01KTJZ55ES16A1TN76S6W50KM6,66071513,2026,E-Katalog 6.0,APBD,MASDAWATI,E-Purchasing,Barang,Belanja Barang dan Jasa BOK Puskesmas Pada Sub Kegiatan Pengelolaan Pelayanan Kesehatan Ibu Hamil,ON PROCESS,150000,150000
KAB. WAJO,RSUD LAMADDUKELLENG - 1.02.0.00.0.00.01.0001,01KPVRVG5SW1A751HHPBK76SDF,65300982,2026,E-Katalog 6.0,BLUD,MAHAKAM BETA FARMA,E-Purchasing,Barang,Belanja Barang dan Jasa BLUD,ON PROCESS,19980000,19980000
KAB. WAJO,PUSKESMAS LIU - 1.02.0.00.0.00.01.0005,01KWDGRSK8CZ8CSQ8EK4XZNJEY,66777050,2026,E-Katalog 6.0,APBD,ASTI WAHYUNI,E-Purchasing,Barang,Nasi Kotak pada Sub Kegiatan Pengelolaan Pelayanan Kesehatan Gizi Masyarakat,ON PROCESS,299000,299000
KAB. WAJO,PUSKESMAS TOSORA - 1.02.0.00.0.00.01.0016,01KNH9AXAXECB2J5VKMAS0ZWB3,66096187,2026,E-Katalog 6.0,APBD,ASTI WAHYUNI,E-Purchasing,Barang,Belanja Barang dan Jasa BOK Puskesmas pada Sub Kegiatan Pengelolaan Pelayanan Kesehatan Ibu Hamil ,ON PROCESS,286400,286400
KAB. WAJO,BADAN PENANGGGULANGAN BENCANA DAERAH - 1.05.0.00.0.00.04.0000,01KR0KK9QA0GPA4QZSJ3GE2G2J,66843259,2026,E-Katalog 6.0,APBD,ANDI NIRWANA,E-Purchasing,Barang,Belanja Makanan dan Minuman Rapat,ON PROCESS,149100,149100
KAB. WAJO,PUSKESMAS TANASITOLO - 1.02.0.00.0.00.01.0017,01KVYY7RR4SQQ0Y178PSMZBQV4,66697929,2026,E-Katalog 6.0,APBD,MUHAMMAD ZULKARNAIN,E-Purchasing,Barang,Belanja Barang dan Jasa BLUD,ON PROCESS,538800,538800
KAB. WAJO,KECAMATAN PAMMANA - 7.01.0.00.0.00.07.0000,01KPJZ6M8EAS628XWFSRZ0H03G,65756780,2026,E-Katalog 6.0,APBD,ANDI ERNA,E-Purchasing,Barang,Belanja Makanan dan Minuman Rapat ,ON PROCESS,316396,316396
KAB. WAJO,SEKRETARIAT DAERAH - 4.01.0.00.0.00.01.0000,01KVW5N9E42QA40WCQNQ222D77,65287976,2026,E-Katalog 6.0,APBD,MULTI MITRA USAHA,E-Purchasing,Barang,Belanja Sewa Kendaraan Bermotor Khusus,ON PROCESS,44900000,44900000
KAB. WAJO,BADAN KESATUAN BANGSA DAN POLITIK - 8.01.0.00.0.00.01.0000,01KS1HFD5RZGFSMGJT6177G3WW,63062318,2026,E-Katalog 6.0,APBD,ANDI ERNA,E-Purchasing,Barang,Belanja Makanan dan Minuman Aktivitas Lapangan,ON PROCESS,2814100,2814100
KAB. WAJO,PUSKESMAS SAJOANGING - 1.02.0.00.0.00.01.0012,01KPYHRSZ5F6RDEF1VDTQR24NP,66620220,2026,E-Katalog 6.0,APBD,SALWA NABILAH IDRIS,E-Purchasing,Barang,Belanja Barang dan jasa BOK Puskesmas pada sub kegiatan Pengelolaan Pelayanan Kesehatan Ibu Hamil,ON PROCESS,358000,358000
KAB. WAJO,SEKRETARIAT DEWAN PERWAKILAN RAKYAT DAERAH - 4.02.0.00.0.00.01.0000,01KFQH8R2XE2ZGEF4P4Z04KZD6,63931769,2026,E-Katalog 6.0,APBD,BESSE WIDYASRINI,E-Purchasing,Barang,Belanja Sewa Peralatan Studio Audio Pelaksanaan Reses,ON PROCESS,214000,214000
KAB. WAJO,SEKRETARIAT DEWAN PERWAKILAN RAKYAT DAERAH - 4.02.0.00.0.00.01.0000,01KR114G4S1T2MWV9T11NQDYHE,63931076,2026,E-Katalog 6.0,APBD,ANDI AKHYAR SULAIMAN,E-Purchasing,Barang,Belanja Alat/Bahan untuk Kegiatan Kantor-Alat Tulis Kantor Pengawasan Bidang Pemerintahan dan Hukum,ON PROCESS,1217000,1217000
KAB. WAJO,KELURAHAN PADDUPPA - 7.01.0.00.0.00.14.0010,01KVSQVFKTGPHCQJM94XZCVFD4,66968200,2026,E-Katalog 6.0,APBD,GUNAWAN TJANDRA,E-Purchasing,Barang,Belanja Modal Peralatan Personal Computer,ON PROCESS,8900000,8900000
KAB. WAJO,PUSKESMAS LEMPA - 1.02.0.00.0.00.01.0004,01KS7FAP7M8PFPRXKZYV2JY7BC,66579247,2026,E-Katalog 6.0,APBD,"ANDI DILAYANTI, S.E.",E-Purchasing,Barang,Belanja Barang dan Jasa BLUD,ON PROCESS,2230952,2230952
KAB. WAJO,"DINAS KOMUNIKASI, INFORMATIKA DAN STATISTIK - 2.16.2.20.2.21.02.0000",01KJET1J40FA3M4KZ5TE5873GV,65606990,2026,E-Katalog 6.0,APBD,MEDIA SENYAWA INDONESIA,E-Purchasing,Barang,Belanja Kawat/Faksimili/Internet/TV Berlangganan - Relasi Media ,ON PROCESS,12749904,12749904
KAB. WAJO,SEKRETARIAT DAERAH - 4.01.0.00.0.00.01.0000,01KW88X3AB4VM6E7P3A7BEX5CM,64737465,2026,E-Katalog 6.0,APBD,TAMIYA NURUL WULANDA,E-Purchasing,Barang,Belanja Makanan dan Minuman Rapat,ON PROCESS,3251400,3251400
KAB. WAJO,PUSKESMAS PENRANG - 1.02.0.00.0.00.01.0014,01KRWJSAYQC2JXDNA6E5P09ZT5,66069389,2026,E-Katalog 6.0,APBD,ANDI JUNENNI,E-Purchasing,Barang,Belanja Barang dan Jasa BLUD,ON PROCESS,2198800,2198800
KAB. WAJO,"DINAS PEKERJAAN UMUM, PENATAAN RUANG DAN PERTANAHAN - 1.03.2.10.0.00.01.0000",10862997000,66815897,2026,Non Tender,APBD,REZI ALTHAANI CONSULTANT,Pengadaan Langsung,Jasa Konsultansi Badan Usaha Konstruksi,Perencanaan Teknis Pembangunan Embung dan Penampung Air Lainnya,SELESAI,10434000,10434000
KAB. WAJO,PUSKESMAS SALOBULO - 1.02.0.00.0.00.01.0013,01KNK9YV0XGGMDRMXSDMVA5G0Q,66083230,2026,E-Katalog 6.0,APBD,RIO SANJAYA PUTRA,E-Purchasing,Barang,Belanja Barang dan Jasa BLUD,ON PROCESS,3296700,3296700
KAB. WAJO,RSUD LAMADDUKELLENG - 1.02.0.00.0.00.01.0001,01KMQ69664349RTZ80XN06M5F0,65300982,2026,E-Katalog 6.0,BLUD,MINDRAY MEDICAL INDONESIA,E-Purchasing,Barang,Belanja Barang dan Jasa BLUD,ON PROCESS,258452856,0
KAB. WAJO,"SATUAN POLISI PAMONG PRAJA, PEMADAM KEBAKARAN DAN PENYELAMATAN - 1.05.0.00.0.00.01.0000",01KQSH0GVN8XZW583YCK580MYB,66916167,2026,E-Katalog 6.0,APBD,FAJRIN,E-Purchasing,Barang,Belanja Makanan dan Minuman Aktivitas Lapangan,ON PROCESS,4465400,4465400
KAB. WAJO,SEKRETARIAT DEWAN PERWAKILAN RAKYAT DAERAH - 4.02.0.00.0.00.01.0000,01KWKWRZJ233J2WNQ6XSKW5CXE,63930999,2026,E-Katalog 6.0,APBD,MUSTAFA HI. BANDUNG,E-Purchasing,Barang,Belanja Makanan dan Minuman Rapat sub Kegiatan Pengawasan Urusan Pemerintahan Bidang Perekonomian,ON PROCESS,966000,966000
KAB. WAJO,"SATUAN POLISI PAMONG PRAJA, PEMADAM KEBAKARAN DAN PENYELAMATAN - 1.05.0.00.0.00.01.0000",01KPVY4C4AD4MQZ8PF8PEHS485,66910838,2026,E-Katalog 6.0,APBD,MEGAWATI,E-Purchasing,Barang,Belanja Makanan dan Minuman Aktivitas Lapangan,ON PROCESS,403500,403500
KAB. WAJO,SEKRETARIAT DAERAH - 4.01.0.00.0.00.01.0000,01KWBD2KYZ2ZKZCJ2RH4MGFK4P,66853007,2026,E-Katalog 6.0,APBD,ANDI ERNA,E-Purchasing,Barang,Belanja Makanan dan Minuman Rapat,ON PROCESS,1434000,1434000
KAB. WAJO,DINAS PENDIDIKAN DAN KEBUDAYAAN - 1.01.2.22.0.00.02.0000,01KPFX1RWMFVWBRV585DSZYFWT,63026938,2026,E-Katalog 6.0,APBD,ANANCI,E-Purchasing,Barang,Belanja Alat/Bahan untuk Kegiatan Kantor-Alat Tulis Kantor,ON PROCESS,994000,994000
KAB. WAJO,"SATUAN POLISI PAMONG PRAJA, PEMADAM KEBAKARAN DAN PENYELAMATAN - 1.05.0.00.0.00.01.0000",01KJ4VZAAW6WW98D18379512F9,64200491,2026,E-Katalog 6.0,APBD,JUMAYA,E-Purchasing,Barang,Belanja Makanan dan Minuman Aktivitas Lapangan,ON PROCESS,6106300,6106300
KAB. WAJO,"SATUAN POLISI PAMONG PRAJA, PEMADAM KEBAKARAN DAN PENYELAMATAN - 1.05.0.00.0.00.01.0000",01KJ4TGMF4P8ZFTF0K7XQKH11K,64200491,2026,E-Katalog 6.0,APBD,ANDI MARWANAH,E-Purchasing,Barang,Belanja Makanan dan Minuman Aktivitas Lapangan,ON PROCESS,4842000,4842000
KAB. WAJO,"SATUAN POLISI PAMONG PRAJA, PEMADAM KEBAKARAN DAN PENYELAMATAN - 1.05.0.00.0.00.01.0000",01KJ4WTNBWQA3FNGSNB7KWNVDX,64200491,2026,E-Katalog 6.0,APBD,ANDI MARWANAH,E-Purchasing,Barang,Belanja Makanan dan Minuman Aktivitas Lapangan,ON PROCESS,4519200,4519200
KAB. WAJO,SEKRETARIAT DEWAN PERWAKILAN RAKYAT DAERAH - 4.02.0.00.0.00.01.0000,01KQ9PDJ4Z4YJKJNH0AQD5XTXS,64721849,2026,E-Katalog 6.0,APBD,MALOMO UTAMA DALLENA,E-Purchasing,Jasa Lainnya,Belanja Beban Jasa yang Diberikan kepada Pihak Ketiga/Pihak Lain  (  Penyedia Tenaga Outsourcing Kebersihan ),ON PROCESS,58875000,58875000
KAB. WAJO,"DINAS KOMUNIKASI, INFORMATIKA DAN STATISTIK - 2.16.2.20.2.21.02.0000",01KJEECEZMYWAV3XVP0TRF1P3D,65606990,2026,E-Katalog 6.0,APBD,MEDIA SINERGI CYBER,E-Purchasing,Barang,Belanja Kawat/Faksimili/Internet/TV Berlangganan - Relasi Media ,ON PROCESS,2125000,2125000
KAB. WAJO,PUSKESMAS BELAWA - 1.02.0.00.0.00.01.0025,01KPGAKEV7NAAC3T04Y4CJHZR8,66751729,2026,E-Katalog 6.0,APBD,MASDAWATI,E-Purchasing,Barang,Belanja Barang dan Jasa BOK Puskesmas  pada sub Kegiatan Pengelolaan Pelayanan Kesehatan Gizi Masyarakat,ON PROCESS,1717900,1717900
KAB. WAJO,PUSKESMAS MANIANGPAJO - 1.02.0.00.0.00.01.0021,01KTJZXBZYK0CQDS0S5BYXSJTQ,66071513,2026,E-Katalog 6.0,APBD,MASDAWATI,E-Purchasing,Barang,Belanja Barang dan Jasa BOK Puskesmas Pada Sub Kegiatan Pengelolaan Pelayanan Kesehatan Ibu Hamil,ON PROCESS,150000,150000
KAB. WAJO,KECAMATAN TEMPE - 7.01.0.00.0.00.14.0000,01KHXPC7S6V901NJYX3AYMY8ZB,64721496,2026,E-Katalog 6.0,APBD,ANDI ERNA,E-Purchasing,Barang,Belanja Makanan dan Minuman Rapat,ON PROCESS,6900000,6900000
KAB. WAJO,DINAS PERTANIAN DAN KETAHANAN PANGAN - 2.09.3.27.0.00.02.0000,01KQS8YQQTV51JN5911KT381HG,66410792,2026,E-Katalog 6.0,APBD,REZKY JAYA ABADI,E-Purchasing,Barang,Belanja Modal Alat Laboratorium Kimia,ON PROCESS,182040,182040
KAB. WAJO,DINAS PERTANIAN DAN KETAHANAN PANGAN - 2.09.3.27.0.00.02.0000,01KRZWF98ZAVV1JJTQ30KFCN4F,66410783,2026,E-Katalog 6.0,APBD,GUNAWAN TJANDRA,E-Purchasing,Barang,Belanja Modal Alat Kantor Lainnya,ON PROCESS,42417001,42417001
KAB. WAJO,DINAS PERTANIAN DAN KETAHANAN PANGAN - 2.09.3.27.0.00.02.0000,10826201000,66410627;66410630,2026,Non Tender,APBD,CV. HAFSY KONSULINDO,Pengadaan Langsung,Jasa Konsultansi Badan Usaha Konstruksi,"Perencanaan Teknis Rehabilitasi Sedang/Berat Gudang RPC,Perencanaan Teknis Pembangunan Gudang Pertanian RPC (Konsolidasi)",SELESAI,78346020,78346020
KAB. WAJO,PUSKESMAS SOLO - 1.02.0.00.0.00.01.0010,01KVFWXPJKSPWADM2AZMFXA4HW,66313239,2026,E-Katalog 6.0,APBD,NURFAIDAH,E-Purchasing,Barang,"Belanja barang dan jasa BOK Puskesmas pada sub kegiatan Peningkatan Upaya Promosi Kesehatan, Advokasi, Kemitraan dan Pemberdayaan Masyarakat",ON PROCESS,670400,670400
KAB. WAJO,PUSKESMAS PATTIROSOMPE - 1.02.0.00.0.00.01.0007,01KNV8CF8X4RQ6A3KS6H2K0W1B,66629961,2026,E-Katalog 6.0,APBD,ANDI AZIS ASHAR,E-Purchasing,Barang,Sub Kegiatan Pengelolaan Pelayanan Kesehatan Ibu Hamil,ON PROCESS,268500,268500
KAB. WAJO,PUSKESMAS BELAWA - 1.02.0.00.0.00.01.0025,01KW1HE7XMW55V464PPEBGS1K9,66750913,2026,E-Katalog 6.0,APBD,MASDAWATI,E-Purchasing,Barang,Belanja Barang dan Jasa BOK Puskesmas pada sub kegiatan Pengelolaan Pelayanan Kesehatan Ibu Hamil,ON PROCESS,195000,195000
KAB. WAJO,PUSKESMAS SOLO - 1.02.0.00.0.00.01.0010,01KS7561FMKFW6XEJ8J0T7W0PQ,66313733,2026,E-Katalog 6.0,APBD,NURFAIDAH,E-Purchasing,Barang,Belanja Barang dan Jasa BLUD,ON PROCESS,260000,260000
KAB. WAJO,"DINAS KOMUNIKASI, INFORMATIKA DAN STATISTIK - 2.16.2.20.2.21.02.0000",01KQ6QDJTQ0QE0FPF9SW709V9Q,65607097,2026,E-Katalog 6.0,APBD,AQILAHDAFFA,E-Purchasing,Barang,"Belanja Makanan dan Minuman Rapat - Monitoring Informasi Kebijakan, Opini, dan Aspirasi Publik  ",ON PROCESS,179598,179598
KAB. WAJO,PUSKESMAS TAKKALALLA - 1.02.0.00.0.00.01.0011,01KRDDCM0ZBGB59EZFMBSMZ09W,66026020,2026,E-Katalog 6.0,APBD,SITTI AISYAH,E-Purchasing,Barang,Belanja Barang dan Jasa BOK Puskesmas Sub Kegiatan Bimbingan Teknis dan Supervisi Pengembangan dan Pelaksanaan Upaya Kesehatan Bersumber Daya Masyarakat (UKBM),ON PROCESS,180000,180000
KAB. WAJO,"DINAS PEKERJAAN UMUM, PENATAAN RUANG DAN PERTANAHAN - 1.03.2.10.0.00.01.0000",01KRAS9R5RJ6F1QM3AQ1NR4EM0,66893390,2026,E-Katalog 6.0,APBD,HASTEN,E-Purchasing,Pekerjaan Konstruksi,Paket 2 : Rekonstruksi / Peningkatan Jalan (Hotmix) Ruas Jalan Bentengluwu - Barangmamase (No. Ruas : 142) Kecamatan Sajoanging dan Ruas Jalan Totakki - Bentengluwu (No. Ruas : 28) Kecamatan Sajoanging,ON PROCESS,8119665582,8119665582
KAB. WAJO,DINAS TENAGA KERJA DAN TRANSMIGRASI - 2.07.3.32.0.00.02.0000,01KQEQJ01TRDRGZ05QTBJE4T4S,67045810,2026,E-Katalog 6.0,APBD,AQILAHDAFFA,E-Purchasing,Barang,Belanja Alat/Bahan untuk Kegiatan Kantor-Perabot Kantor,ON PROCESS,3102300,3102300
KAB. WAJO,"BADAN PERENCANAAN PEMBANGUNAN, RISET DAN INOVASI DAERAH - 5.01.5.05.0.00.01.0000",01KPQKPKQQSEZ72AJE9SJ8N5DK,63893669,2026,E-Katalog 6.0,APBD,ANDI ERNA,E-Purchasing,Barang,Belanja Makanan dan Minuman Rapat,ON PROCESS,358000,358000
KAB. WAJO,SEKRETARIAT DAERAH - 4.01.0.00.0.00.01.0000,01KPZ8XT02JX642ZCQWNMXP5J6,63636744,2026,E-Katalog 6.0,APBD,ANDI ERNA,E-Purchasing,Barang,Belanja Natura dan Pakan-Natura,ON PROCESS,18200000,18200000
KAB. WAJO,SEKRETARIAT DEWAN PERWAKILAN RAKYAT DAERAH - 4.02.0.00.0.00.01.0000,01KWGWBW9GZCG13SPQP6NSA294,63931568,2026,E-Katalog 6.0,APBD,MUSTAFA HI. BANDUNG,E-Purchasing,Barang,Belanja Makanan dan Minuman Rapat Pembahasan Pertanggungjawaban APBD,ON PROCESS,3132000,3132000
KAB. WAJO,"DINAS KOMUNIKASI, INFORMATIKA DAN STATISTIK - 2.16.2.20.2.21.02.0000",01KJPN2AH3V4VYC79MANBD0P1Z,65606990,2026,E-Katalog 6.0,APBD,MEDIA EVIA GROUP,E-Purchasing,Barang,Belanja Kawat/Faksimili/Internet/TV Berlangganan - Relasi Media ,ON PROCESS,2124984,2124984
KAB. WAJO,SEKRETARIAT DEWAN PERWAKILAN RAKYAT DAERAH - 4.02.0.00.0.00.01.0000,01KWE86KCGRKWRJ4PHDSANYGNS,63931075,2026,E-Katalog 6.0,APBD,MUSTAFA HI. BANDUNG,E-Purchasing,Barang,Belanja Makanan dan Minuman Rapat Pengawasan Bidang Pemerintahhan dan Hukum,ON PROCESS,238500,238500
KAB. WAJO,DINAS PENANAMAN MODAL DAN PELAYANAN TERPADU SATU PINTU - 2.18.0.00.0.00.01.0000,01KPN2TW44AW2JXSHQ49PRHPH8,64988060,2026,E-Katalog 6.0,APBD,ANDI AKHYAR SULAIMAN,E-Purchasing,Barang,Belanja Alat/Bahan untuk Kegiatan Kantor-Alat Tulis Kantor,ON PROCESS,749999,749999
KAB. WAJO,PUSKESMAS PATTIROSOMPE - 1.02.0.00.0.00.01.0007,01KRX4JRFFAEZ1Y6GCGTACTD33,66629944,2026,E-Katalog 6.0,APBD,ANDI AZIS ASHAR,E-Purchasing,Barang,"Sub Kegiatan Peningkatan Upaya Promosi Kesehatan, Advokasi, Kemitraan dan Pemberdayaan Masyarakat",ON PROCESS,573600,573600
KAB. WAJO,"DINAS KOMUNIKASI, INFORMATIKA DAN STATISTIK - 2.16.2.20.2.21.02.0000",01KQBZAP6V5HZRHA3QNQPD6V07,65606990,2026,E-Katalog 6.0,APBD,ZONA PANTAU INTERMEDIA,E-Purchasing,Barang,Belanja Kawat/Faksimili/Internet/TV Berlangganan - Relasi Media ,ON PROCESS,7225000,7225000
KAB. WAJO,"BADAN PERENCANAAN PEMBANGUNAN, RISET DAN INOVASI DAERAH - 5.01.5.05.0.00.01.0000",01KRRDK9567AQNV70YQZJNYPS1,65287947,2026,E-Katalog 6.0,APBD,GUNAWAN TJANDRA,E-Purchasing,Barang,Belanja Pemeliharaan Alat Kantor dan Rumah Tangga-Alat Rumah Tangga-Alat Pendingin,ON PROCESS,4880000,4880000
KAB. WAJO,PUSKESMAS TOSORA - 1.02.0.00.0.00.01.0016,01KQS1F9FY883739BA13Z2CKH4,66096187,2026,E-Katalog 6.0,APBD,ASTI WAHYUNI,E-Purchasing,Barang,Belanja Barang dan Jasa BOK Puskesmas pada Sub Kegiatan Pengelolaan Pelayanan Kesehatan Ibu Hamil ,ON PROCESS,304300,304300
KAB. WAJO,DINAS PERTANIAN DAN KETAHANAN PANGAN - 2.09.3.27.0.00.02.0000,01KQS9TTYSHXF9CHMDZ742A20V,66410789,2026,E-Katalog 6.0,APBD,REZKY JAYA ABADI,E-Purchasing,Barang,Belanja Modal Alat Kedokteran Bedah,ON PROCESS,9546000,9546000
KAB. WAJO,KECAMATAN KEERA - 7.01.0.00.0.00.04.0000,01KPA9WS9JPWKQ6ZH3N1C5KKB3,65606923,2026,E-Katalog 6.0,APBD,DARNAWATI BAHAR,E-Purchasing,Barang,Penyediaan Jasa Surat Menyurat,ON PROCESS,2000000,2000000
KAB. WAJO,PUSKESMAS TAKKALALLA - 1.02.0.00.0.00.01.0011,01KNGYVTJJ36046B004S21N8D9,66077022,2026,E-Katalog 6.0,APBD,SITTI AISYAH,E-Purchasing,Barang,Belanja Barang dan Jasa BLUD,ON PROCESS,900000,900000
KAB. WAJO,PUSKESMAS TEMPE - 1.02.0.00.0.00.01.0006,01KS4P3TSWZ6RBJGAX5B43PYRY,65899120,2026,E-Katalog 6.0,APBD,ANDI JUNENNI,E-Purchasing,Barang,Belanja Barang dan Jasa BLUD,ON PROCESS,1673000,1673000
KAB. WAJO,SEKRETARIAT DAERAH - 4.01.0.00.0.00.01.0000,01KQ9Q5T4Y6X0ZGPKNM29CTAZM,65287976,2026,E-Katalog 6.0,APBD,SAHABAT ALIANSI,E-Purchasing,Barang,Belanja Sewa Kendaraan Bermotor Khusus,ON PROCESS,148850000,148850000
KAB. WAJO,PUSKESMAS TEMPE - 1.02.0.00.0.00.01.0006,01KRB2RTTF3WV7CMG09J43Y0TP,66750958,2026,E-Katalog 6.0,APBD,MUHAMMAD ZULKARNAIN,E-Purchasing,Barang,Belanja Barang dan Jasa BOK Puskesmas pada Sub Kegiatan Pengelolaan Pelayanan Kesehatan Ibu Hamil,ON PROCESS,250600,250600
KAB. WAJO,DINAS KESEHATAN - 1.02.0.00.0.00.01.0000,01KRYSCBVF53ZMQAN4974PT9FE,66791081,2026,E-Katalog 6.0,APBD,BINTANG LIMA MEDIKA,E-Purchasing,Barang,Belanja Suku Cadang-Suku Cadang Alat Kedokteran pada sub kegiatan Pengambilan dan Pengiriman Spesimen Penyakit Potensial KLB ke Laboratorium Rujukan-Nasional,ON PROCESS,17819940,0
KAB. WAJO,KECAMATAN SAJOANGING - 7.01.0.00.0.00.11.0000,01KS7F63MPCDFP7J5X0ACKVDN8,65380826,2026,E-Katalog 6.0,APBD,ANDI AKHYAR SULAIMAN,E-Purchasing,Barang,Penyediaan Jasa Surat Menyurat,ON PROCESS,4661507,4661507
KAB. WAJO,"DINAS PEMUDA, OLAHRAGA DAN PARIWISATA - 2.19.3.26.0.00.02.0000",01KRHXFAQ0BK74A49RTE5NMYCG,67112476,2026,E-Katalog 6.0,APBD,AQILAHDAFFA,E-Purchasing,Barang,Belanja Alat/Bahan untuk Kegiatan Kantor-Perabot Kantor Kegiatan Belanja Biaya Perawatan Lapangan Merdeka,ON PROCESS,8799500,8799500
KAB. WAJO,SEKRETARIAT DAERAH - 4.01.0.00.0.00.01.0000,01KPDDVJFCQJ298ZYZ07W4TZVV,65287975,2026,E-Katalog 6.0,APBD,TENRI MAWAR,E-Purchasing,Barang,Belanja Sewa Kendaraan Bermotor Angkutan Barang,ON PROCESS,16500000,16500000
KAB. WAJO,RSUD LAMADDUKELLENG - 1.02.0.00.0.00.01.0001,01KTB8BK4WV2X8635K4WGZ261G,65300982,2026,E-Katalog 6.0,BLUD,TIVAN BERKAT MULIA,E-Purchasing,Barang,Belanja Barang dan Jasa BLUD,ON PROCESS,12516001,0
KAB. WAJO,RSUD LAMADDUKELLENG - 1.02.0.00.0.00.01.0001,01KT351T3K0G1C1BPZM1HC34D6,65300982,2026,E-Katalog 6.0,BLUD,LAWSIM ZECHA,E-Purchasing,Barang,Belanja Barang dan Jasa BLUD,ON PROCESS,1248750,1248750
KAB. WAJO,RSUD LAMADDUKELLENG - 1.02.0.00.0.00.01.0001,01KPMQG3BB5KTE5AW7Q0JXXZXN,65300982,2026,E-Katalog 6.0,BLUD,GLOBAL DISPOMEDIKA,E-Purchasing,Barang,Belanja Barang dan Jasa BLUD,ON PROCESS,94694944,94694944
KAB. WAJO,"SATUAN POLISI PAMONG PRAJA, PEMADAM KEBAKARAN DAN PENYELAMATAN - 1.05.0.00.0.00.01.0000",01KQS808KDMP5ZW2193SKVYHZF,64219563,2026,E-Katalog 6.0,APBD,DARNAWATI,E-Purchasing,Barang,Belanja Makanan dan Minuman Aktivitas Lapangan,ON PROCESS,598000,598000
KAB. WAJO,PUSKESMAS SAPPA - 1.02.0.00.0.00.01.0022,01KVWGSD9ZKFR28RHW41DVX279,66281522,2026,E-Katalog 6.0,APBD,ST.AJIRAH,E-Purchasing,Barang,Kue / Snack,ON PROCESS,268500,268500
KAB. WAJO,SEKRETARIAT DAERAH - 4.01.0.00.0.00.01.0000,01KWGPMGRHZ21ET4556R55WRXZ,63636068,2026,E-Katalog 6.0,APBD,ANDI ERNA,E-Purchasing,Barang,Belanja Natura dan Pakan-Natura,ON PROCESS,685800,685800
KAB. WAJO,SEKRETARIAT DEWAN PERWAKILAN RAKYAT DAERAH - 4.02.0.00.0.00.01.0000,01KMMH4F80S6EXMQ3GGKSSDSPQ,64251454,2026,E-Katalog 6.0,APBD,SYAMSU ALAM,E-Purchasing,Barang,Belanja Natura dan Pakan-Natura Penyediaan Jasa Pelayanan Umum Kantor,ON PROCESS,4817393,4817393
KAB. WAJO,"DINAS KOMUNIKASI, INFORMATIKA DAN STATISTIK - 2.16.2.20.2.21.02.0000",01KVFGDYW9D864Z772Y77WBV3Y,65606990,2026,E-Katalog 6.0,APBD,NOIS MEDIA INDONESIA,E-Purchasing,Barang,Belanja Kawat/Faksimili/Internet/TV Berlangganan - Relasi Media ,ON PROCESS,5100000,5100000
KAB. WAJO,"DINAS SOSIAL, PENGENDALIAN PENDUDUK, KELUARGA BERENCANA, PEMBERDAYAAN PEREMPUAN DAN PERLINDUNGAN ANAK - 1.06.2.08.2.14.06.0000",01KWGEA2209FFHW9N4WGNAXJ7S,67025336,2026,E-Katalog 6.0,APBD,ARSYAD M,E-Purchasing,Barang,Belanja Alat/Bahan untuk Kegiatan Kantor-Alat Tulis Kantor,ON PROCESS,811962,811962
KAB. WAJO,KECAMATAN TEMPE - 7.01.0.00.0.00.14.0000,01KNRYRCPQVCD9BT5DYP1NTN0P,64721496,2026,E-Katalog 6.0,APBD,ANDI ERNA,E-Purchasing,Barang,Belanja Makanan dan Minuman Rapat,ON PROCESS,1610000,1610000
KAB. WAJO,BADAN PENGELOLAAN KEUANGAN DAN PENDAPATAN DAERAH - 5.02.0.00.0.00.01.0000,01KKSTDWY683XCHBYXH6S6YDRT,63993339,2026,E-Katalog 6.0,APBD,A. MUH. ABRAR,E-Purchasing,Barang,Belanja Alat/Bahan untuk Kegiatan Kantor-Alat Tulis Kantor,ON PROCESS,2803500,2803500
KAB. WAJO,"DINAS KOMUNIKASI, INFORMATIKA DAN STATISTIK - 2.16.2.20.2.21.02.0000",01KJMDBAJAJRQNQ7BEM8DYCVQZ,65606990,2026,E-Katalog 6.0,APBD,MEDIA RAKYAT PUBLIK,E-Purchasing,Barang,Belanja Kawat/Faksimili/Internet/TV Berlangganan - Relasi Media ,ON PROCESS,2124984,2124984
KAB. WAJO,RSUD LAMADDUKELLENG - 1.02.0.00.0.00.01.0001,01KVA86SKWTKGW78JWAVFSSWGZ,65300982,2026,E-Katalog 6.0,BLUD,DEXA MEDICA,E-Purchasing,Barang,Belanja Barang dan Jasa BLUD,ON PROCESS,73576350,73576350
KAB. WAJO,SEKRETARIAT DEWAN PERWAKILAN RAKYAT DAERAH - 4.02.0.00.0.00.01.0000,01KQ6Z2TXHG2P4RK7BNHK54EF8,66889388,2026,E-Katalog 6.0,APBD,ANDI PARENRENGI,E-Purchasing,Barang,Belanja Makanan dan Minuman Rapat Sub Kegiatan Fasiilitasi Rappat Koordiinasi dan Konsultasi DPRD,ON PROCESS,483000,483000
KAB. WAJO,RSUD LAMADDUKELLENG - 1.02.0.00.0.00.01.0001,01KJEETQ559J6A12M25JEZKE5X,65300982,2026,E-Katalog 6.0,BLUD,SAFELOCK MEDICAL,E-Purchasing,Barang,Belanja Barang dan Jasa BLUD,ON PROCESS,29997833,29997833
KAB. WAJO,SEKRETARIAT DEWAN PERWAKILAN RAKYAT DAERAH - 4.02.0.00.0.00.01.0000,01KNHKKKMK8A6K63SVG3V1TP72,63928449,2026,E-Katalog 6.0,APBD,SYAMSU ALAM,E-Purchasing,Barang,Belanja Makanan dan Minuman Rapat Sub Kegiatan Fasiilitasi Rappat Koordiinasi dan Konsultasi DPRD,ON PROCESS,565950,565950
KAB. WAJO,KELURAHAN BULUPABBULU - 7.01.0.00.0.00.14.0016,01KQRVKSBEG7MJP5FXWFQ6A1PZ,66976969,2026,E-Katalog 6.0,APBD,LUSI SUSANTI,E-Purchasing,Barang,Belanja Makanan dan Minuman Rapat,ON PROCESS,2337500,2337500
KAB. WAJO,SEKRETARIAT DAERAH - 4.01.0.00.0.00.01.0000,01KPDK98PH8JKMY0PEVG41YE7T,65287977,2026,E-Katalog 6.0,APBD,MEDIA SIPADUPA PROMOSINDO,E-Purchasing,Barang,Belanja Sewa Alat Kantor Lainnya,ON PROCESS,4400000,4400000
KAB. WAJO,KECAMATAN PAMMANA - 7.01.0.00.0.00.07.0000,01KR0GNZCH8KVYMC5PV66R8VWR,65756780,2026,E-Katalog 6.0,APBD,ANDI ERNA,E-Purchasing,Barang,Belanja Makanan dan Minuman Rapat ,ON PROCESS,956800,956800
KAB. WAJO,SEKRETARIAT DEWAN PERWAKILAN RAKYAT DAERAH - 4.02.0.00.0.00.01.0000,01KFQ8KFG41SY6Y6Z5KK51WHF5,63931773,2026,E-Katalog 6.0,APBD,SURIANI,E-Purchasing,Barang,Belanja Makanan dan Minuman Rapat Pelaksanaan Reses,ON PROCESS,3450000,3450000
KAB. WAJO,DINAS LINGKUNGAN HIDUP - 2.11.0.00.0.00.01.0000,01KP2KRK7HZ8284H0NH4APV3C7,64586169,2026,E-Katalog 6.0,APBD,A. MUH. ABRAR,E-Purchasing,Barang,Belanja Alat/Bahan Untuk Kegiatan Alat Tulis Kantor,ON PROCESS,1104000,1104000
KAB. WAJO,BADAN PENGELOLAAN KEUANGAN DAN PENDAPATAN DAERAH - 5.02.0.00.0.00.01.0000,01KQX30NQ777QC91P2V20GYEGK,63464855,2026,E-Katalog 6.0,APBD,ASTI WAHYUNI,E-Purchasing,Barang,Belanja Makanan dan Minuman Rapat,ON PROCESS,634800,634800
KAB. WAJO,PUSKESMAS WEWANGREWU - 1.02.0.00.0.00.01.0018,01KVQ7S3JAG4K27WNXEZG484CS,66766459,2026,E-Katalog 6.0,APBD,MUHAMMAD RESKY,E-Purchasing,Barang,Belanja Barang dan Jasa BOK Puskesmas pada sub kegiatan Pengelolaan Pelayanan Kesehatan Ibu Hamil,ON PROCESS,250600,250600
KAB. WAJO,BADAN PENGELOLAAN KEUANGAN DAN PENDAPATAN DAERAH - 5.02.0.00.0.00.01.0000,01KPD2J75EZA8GRN6HKXERPH9W,63994376,2026,E-Katalog 6.0,APBD,ANDI AKHYAR SULAIMAN,E-Purchasing,Barang,Belanja Alat/Bahan untuk Kegiatan Kantor-Alat Tulis Kantor,ON PROCESS,2969983,2969983
KAB. WAJO,RSUD SIWA - 1.02.0.00.0.00.01.0002,01KTTX2WQV60183GTXYX2GPFSP,66883851,2026,E-Katalog 6.0,BLUD,ASA ATMA HARSA,E-Purchasing,Barang,Belanja Barang dan Jasa BLUD,ON PROCESS,4810907,0
KAB. WAJO,BADAN KESATUAN BANGSA DAN POLITIK - 8.01.0.00.0.00.01.0000,01KQEWDSY87NJWFZ7GKYWVR50P,63062754,2026,E-Katalog 6.0,APBD,MUSTAFA HI. BANDUNG,E-Purchasing,Barang,Belanja Makanan dan Minuman Rapat,ON PROCESS,1426000,1426000
KAB. WAJO,PUSKESMAS PATTIROSOMPE - 1.02.0.00.0.00.01.0007,01KRAK4KHDBBXYFJD484AQR7DE,66714536,2026,E-Katalog 6.0,APBD,ARSYAD M,E-Purchasing,Barang,Belanja Modal Peralatan dan Mesin BLUD,ON PROCESS,3368466,3368466
KAB. WAJO,PUSKESMAS KEERA - 1.02.0.00.0.00.01.0020,01KTK1RT6CTZA6GCM0E9FA80BM,66812850,2026,E-Katalog 6.0,APBD,ROSNAENI,E-Purchasing,Barang,Belanja barang jasa BOK Puskesmas pada sub kegiatan Pengelolaan Pelayanan Kesehatan Ibu Hamil,ON PROCESS,210000,210000
KAB. WAJO,SEKRETARIAT DEWAN PERWAKILAN RAKYAT DAERAH - 4.02.0.00.0.00.01.0000,01KWKWGDJ2C0KAQ49KMQ5VK21R,63931568,2026,E-Katalog 6.0,APBD,MUSTAFA HI. BANDUNG,E-Purchasing,Barang,Belanja Makanan dan Minuman Rapat Pembahasan Pertanggungjawaban APBD,ON PROCESS,3132000,3132000
KAB. WAJO,"SATUAN POLISI PAMONG PRAJA, PEMADAM KEBAKARAN DAN PENYELAMATAN - 1.05.0.00.0.00.01.0000",01KGHSTXZKP8ARYAEKG07Y8424,64064061,2026,E-Katalog 6.0,APBD,DARNAWATI,E-Purchasing,Barang,Belanja Makanan dan Minuman Aktivitas Lapangan,ON PROCESS,403500,403500
KAB. WAJO,"SATUAN POLISI PAMONG PRAJA, PEMADAM KEBAKARAN DAN PENYELAMATAN - 1.05.0.00.0.00.01.0000",01KHA7D5TYRZ0XZZVN19DYEXAQ,64064654,2026,E-Katalog 6.0,APBD,ANDI FADLI,E-Purchasing,Barang,Belanja Pemeliharaan Alat Angkutan-Alat Angkutan Darat Bermotor-Kendaraan Bermotor Khusus,ON PROCESS,10796415,10796415
KAB. WAJO,"BADAN PERENCANAAN PEMBANGUNAN, RISET DAN INOVASI DAERAH - 5.01.5.05.0.00.01.0000",01KWNDFPJGDYTCAE1HM2MYS6TH,65634415,2026,E-Katalog 6.0,APBD,HASDIMAN,E-Purchasing,Barang,Belanja Alat/Bahan untuk Kegiatan Kantor-Alat Tulis Kantor,ON PROCESS,382000,382000
KAB. WAJO,SEKRETARIAT DAERAH - 4.01.0.00.0.00.01.0000,01KQY7DSG7TR39DDF0EB0RF9EY,66615725,2026,E-Katalog 6.0,APBD,ANDI ERNA,E-Purchasing,Barang,Belanja Makanan dan Minuman Rapat,ON PROCESS,1293500,1293500
KAB. WAJO,"DINAS KOMUNIKASI, INFORMATIKA DAN STATISTIK - 2.16.2.20.2.21.02.0000",01KNNQQ1XF1AB4Z4Y5YXNA69RK,65606990,2026,E-Katalog 6.0,APBD,MEDIA FAHMI PUTRA CELEBES,E-Purchasing,Barang,Belanja Kawat/Faksimili/Internet/TV Berlangganan - Relasi Media ,ON PROCESS,2125000,2125000
KAB. WAJO,PUSKESMAS PENRANG - 1.02.0.00.0.00.01.0014,01KWTTV5TK1T9H08EJ395H2MG8,66076986,2026,E-Katalog 6.0,APBD,ANDI JUNENNI,E-Purchasing,Barang,Belanja barang dan jasa BOK puskesmas pada sub kegiatan Pengelolaan Pelayanan Kesehatan Ibu Hamil,ON PROCESS,304300,304300
KAB. WAJO,"DINAS KOMUNIKASI, INFORMATIKA DAN STATISTIK - 2.16.2.20.2.21.02.0000",01KJETHMTZ9D83E2J9QSYT5R58,65606990,2026,E-Katalog 6.0,APBD,TEROPONG PENDIDIKAN INDONESIA,E-Purchasing,Barang,Belanja Kawat/Faksimili/Internet/TV Berlangganan - Relasi Media ,ON PROCESS,2125000,2125000
KAB. WAJO,SEKRETARIAT DEWAN PERWAKILAN RAKYAT DAERAH - 4.02.0.00.0.00.01.0000,01KRD1G7NZ0HCWMQTCNX6C9CP4,63930161,2026,E-Katalog 6.0,APBD,BUNGARATU MEGATAMA,E-Purchasing,Barang,Belanja Alat/Bahan untuk Kegiatan Kantor- Suvenir/Cendera Mata,ON PROCESS,1110000,1110000
KAB. WAJO,BADAN PENGELOLAAN KEUANGAN DAN PENDAPATAN DAERAH - 5.02.0.00.0.00.01.0000,01KRCT87KB3M4SEK02ZPNV86MM,63464855,2026,E-Katalog 6.0,APBD,ASTI WAHYUNI,E-Purchasing,Barang,Belanja Makanan dan Minuman Rapat,ON PROCESS,634800,634800
KAB. WAJO,SEKRETARIAT DEWAN PERWAKILAN RAKYAT DAERAH - 4.02.0.00.0.00.01.0000,01KN1CQ6WMKXS48SBEE7QD07W6,63931823,2026,E-Katalog 6.0,APBD,ANDI AKHYAR SULAIMAN,E-Purchasing,Barang,Belanja Alat/Bahan untuk Kegiatan Kantor-Alat Tulis Kantor_Pokok_pikiran,ON PROCESS,745000,745000
KAB. WAJO,RSUD LAMADDUKELLENG - 1.02.0.00.0.00.01.0001,01KHSP1F06NXJRG4PAPNT3V8NV,65300982,2026,E-Katalog 6.0,BLUD,ANDI WAHYUDI WIJAYANTO,E-Purchasing,Barang,Belanja Barang dan Jasa BLUD,ON PROCESS,12099000,12099000
KAB. WAJO,RSUD LAMADDUKELLENG - 1.02.0.00.0.00.01.0001,01KJ765WTH5PX9GS6AZV318639,65300982,2026,E-Katalog 6.0,BLUD,BETA PHARMACON,E-Purchasing,Barang,Belanja Barang dan Jasa BLUD,ON PROCESS,45157020,0
KAB. WAJO,RSUD SIWA - 1.02.0.00.0.00.01.0002,01KSETTN3WW2FWHNGHRRQBZJS0,66883851,2026,E-Katalog 6.0,BLUD,DARYA-VARIA LABORATORIA,E-Purchasing,Barang,Belanja Barang dan Jasa BLUD,ON PROCESS,3919410,3919410
KAB. WAJO,"DINAS KOMUNIKASI, INFORMATIKA DAN STATISTIK - 2.16.2.20.2.21.02.0000",01KNNQFNSGH86M9EVAP3C5125H,65606990,2026,E-Katalog 6.0,APBD,MEDIA EMPAT PUTRA LUTIM,E-Purchasing,Barang,Belanja Kawat/Faksimili/Internet/TV Berlangganan - Relasi Media ,ON PROCESS,2124995,2124995
KAB. WAJO,BADAN KESATUAN BANGSA DAN POLITIK - 8.01.0.00.0.00.01.0000,01KPW3M20HJ5BPXP1PQMEEE49H,63062266,2026,E-Katalog 6.0,APBD,ANDI AKHYAR SULAIMAN,E-Purchasing,Barang,Belanja Alat/Bahan untuk Kegiatan Kantor-Alat Tulis Kantor,ON PROCESS,1907000,1907000
KAB. WAJO,PUSKESMAS TOSORA - 1.02.0.00.0.00.01.0016,01KS27S9YWD4QJP4A8C9WTDQ62,66114293,2026,E-Katalog 6.0,APBD,ASTI WAHYUNI,E-Purchasing,Barang,Belanja Barang dan Jasa BLUD,ON PROCESS,1022500,1022500
KAB. WAJO,DINAS PENDIDIKAN DAN KEBUDAYAAN - 1.01.2.22.0.00.02.0000,01KSH9VQCXCDWMADQFEKZ1D4V2,63028092,2026,E-Katalog 6.0,APBD,AQILAHDAFFA,E-Purchasing,Jasa Lainnya,Belanja Makanan dan Minuman Jamuan Tamu,ON PROCESS,1434000,1434000
KAB. WAJO,DINAS PENDIDIKAN DAN KEBUDAYAAN - 1.01.2.22.0.00.02.0000,01KQ4W5PSHPGCWK189E50PXT8J,63028472,2026,E-Katalog 6.0,APBD,AQILAHDAFFA,E-Purchasing,Barang,Belanja Alat/Bahan untuk Kegiatan Kantor-Alat Tulis Kantor,ON PROCESS,3797460,3797460
KAB. WAJO,"DINAS SOSIAL, PENGENDALIAN PENDUDUK, KELUARGA BERENCANA, PEMBERDAYAAN PEREMPUAN DAN PERLINDUNGAN ANAK - 1.06.2.08.2.14.06.0000",01KVA2ZVH8K28JYRFZABGDT15W,67289807,2026,E-Katalog 6.0,APBD,RIO SANJAYA PUTRA,E-Purchasing,Jasa Lainnya,Belanja Pemeliharaan Alat Kantor dan Rumah Tangga-Alat Rumah Tangga-Alat Pendingin,ON PROCESS,2397600,2397600
KAB. WAJO,KELURAHAN WATALLIPUE - 7.01.0.00.0.00.14.0007,01KVSNPHF4226XAD4FF40M7SSC,67123048,2026,E-Katalog 6.0,APBD,LUSI SUSANTI,E-Purchasing,Barang,Belanja Makanan dan Minuman Rapat,ON PROCESS,1969400,1969400
KAB. WAJO,SEKRETARIAT DEWAN PERWAKILAN RAKYAT DAERAH - 4.02.0.00.0.00.01.0000,01KTNV9W3XP2G6C5RF43DMKA13,63929140,2026,E-Katalog 6.0,APBD,PRODIA WIDYAHUSADA,E-Purchasing,Jasa Lainnya,Belanja Medical Check Up,ON PROCESS,12000000,12000000
KAB. WAJO,SEKRETARIAT DAERAH - 4.01.0.00.0.00.01.0000,01KNZA0PDQ6RB9C9GHJRTN3MXB,63590760,2026,E-Katalog 6.0,APBD,BUNGARATU MEGATAMA,E-Purchasing,Barang,Belanja Alat/Bahan untuk Kegiatan Kantor- Suvenir/Cendera Mata,ON PROCESS,777000,777000
KAB. WAJO,BADAN PENGELOLAAN KEUANGAN DAN PENDAPATAN DAERAH - 5.02.0.00.0.00.01.0000,01KTQHZ47BCMKS3P9522T87HCM,63994612,2026,E-Katalog 6.0,APBD,ANDI DEWANG SANGAJI,E-Purchasing,Barang,Belanja Alat/Bahan untuk Kegiatan Kantor- Bahan Cetak,ON PROCESS,9200000,9200000
KAB. WAJO,"DINAS KOMUNIKASI, INFORMATIKA DAN STATISTIK - 2.16.2.20.2.21.02.0000",01KJ9SQ3ENVFJ6MQKNQBN8K51J,65606989,2026,E-Katalog 6.0,APBD,RADAR MAKASSAR BIRO WAJO,E-Purchasing,Barang,Belanja Langganan Jurnal/Surat Kabar/Majalah - Relasi Media ,ON PROCESS,15000000,15000000
KAB. WAJO,SEKRETARIAT DEWAN PERWAKILAN RAKYAT DAERAH - 4.02.0.00.0.00.01.0000,01KFN5HX1B4PCZEB5VGFFDKFTK,63931767,2026,E-Katalog 6.0,APBD,MULTI SARANA SOLUTION,E-Purchasing,Barang,Belanja Sewa Alat Bantu Lainnya Pelaksanaan Reses,ON PROCESS,750000,750000
KAB. WAJO,PUSKESMAS PAMMANA - 1.02.0.00.0.00.01.0009,01KVWAA4YF25277C5PV64D7HC3,66005241,2026,E-Katalog 6.0,APBD,MUHAMMAD ZULKARNAIN,E-Purchasing,Barang,Nasi Kotak,ON PROCESS,119600,119600
KAB. WAJO,PUSKESMAS SAJOANGING - 1.02.0.00.0.00.01.0012,01KVW88Z9WKX4HKDZQH15G44Z2,66620220,2026,E-Katalog 6.0,APBD,SALWA NABILAH IDRIS,E-Purchasing,Barang,Belanja Barang dan jasa BOK Puskesmas pada sub kegiatan Pengelolaan Pelayanan Kesehatan Ibu Hamil,ON PROCESS,358000,358000
KAB. WAJO,KECAMATAN KEERA - 7.01.0.00.0.00.04.0000,01KVEYHED04AGG12RQSAMBZX5W,65625270,2026,E-Katalog 6.0,APBD,DARNAWATI BAHAR,E-Purchasing,Barang,Pelaksanaan Urusan Pemerintahan yang Terkait dengan Kewenangan Lain yang Dilimpahkan,ON PROCESS,1000000,1000000
KAB. WAJO,BADAN KESATUAN BANGSA DAN POLITIK - 8.01.0.00.0.00.01.0000,01KNN7YN1JACS1ZK5KE5AW5309,63062610,2026,E-Katalog 6.0,APBD,HASDIMAN,E-Purchasing,Barang,Belanja Alat/Bahan untuk Kegiatan Kantor- Bahan Cetak,ON PROCESS,490500,490500
KAB. WAJO,PUSKESMAS SOLO - 1.02.0.00.0.00.01.0010,01KP26P2JWPYBKJV4SJXJEM2N4,66023206,2026,E-Katalog 6.0,APBD,NURFAIDAH,E-Purchasing,Barang,Belanja barang dan jasa BOK puskesmas pada sub kegiatan Pengelolaan Pelayanan Kesehatan Ibu Hamil,ON PROCESS,225000,225000
KAB. WAJO,KECAMATAN PAMMANA - 7.01.0.00.0.00.07.0000,01KJ08GP7SKPQCCY3ZEM532EK6,65752576,2026,E-Katalog 6.0,APBD,ANDI ERNA,E-Purchasing,Barang,Belanja Barang Pakai Habis,ON PROCESS,10458000,10458000
KAB. WAJO,BADAN PENGELOLAAN KEUANGAN DAN PENDAPATAN DAERAH - 5.02.0.00.0.00.01.0000,01KH8CK6AW7MFBTVGX358M1FZ5,63370684,2026,E-Katalog 6.0,APBD,LISDAFIK,E-Purchasing,Barang,Belanja Alat/Bahan untuk Kegiatan Kantor- Bahan Cetak,ON PROCESS,3005000,3005000
KAB. WAJO,RSUD LAMADDUKELLENG - 1.02.0.00.0.00.01.0001,01KJS6X3XY9RMCENDCK1CB4SGP,65300982,2026,E-Katalog 6.0,BLUD,SEGARA HUSADA MANDIRI,E-Purchasing,Barang,Belanja Barang dan Jasa BLUD,ON PROCESS,1217652,1217652
KAB. WAJO,SEKRETARIAT DEWAN PERWAKILAN RAKYAT DAERAH - 4.02.0.00.0.00.01.0000,01KQC7XW2B5B6ZSSNAV5QMDT7E,63929503,2026,E-Katalog 6.0,APBD,GUNAWAN TJANDRA,E-Purchasing,Barang,Belanja Pemeliharaan Alat Kantor dan Rumah Tangga-Alat Rumah Tangga-Alat Pendingin,ON PROCESS,7850000,7850000
KAB. WAJO,BADAN PENGELOLAAN KEUANGAN DAN PENDAPATAN DAERAH - 5.02.0.00.0.00.01.0000,01KS1ZMQPCE53X1QE7TSYNHKWG,63464855,2026,E-Katalog 6.0,APBD,ASTI WAHYUNI,E-Purchasing,Barang,Belanja Makanan dan Minuman Rapat,ON PROCESS,634800,634800
KAB. WAJO,PUSKESMAS TAKKALALLA - 1.02.0.00.0.00.01.0011,01KPMP8VTBF3B90W3Z32CQQJVJ,66026020,2026,E-Katalog 6.0,APBD,SITTI AISYAH,E-Purchasing,Barang,Belanja Barang dan Jasa BOK Puskesmas Sub Kegiatan Bimbingan Teknis dan Supervisi Pengembangan dan Pelaksanaan Upaya Kesehatan Bersumber Daya Masyarakat (UKBM),ON PROCESS,225000,225000
KAB. WAJO,SEKRETARIAT DEWAN PERWAKILAN RAKYAT DAERAH - 4.02.0.00.0.00.01.0000,01KFQ94WD8QX2BM067JR2EWN84,63931773,2026,E-Katalog 6.0,APBD,SURIANI,E-Purchasing,Barang,Belanja Makanan dan Minuman Rapat Pelaksanaan Reses,ON PROCESS,6900000,6900000
KAB. WAJO,PUSKESMAS BELAWA - 1.02.0.00.0.00.01.0025,01KWK4V5CYZVNMA9TZY5HGH1B8,66598483,2026,E-Katalog 6.0,APBD,ARSYAD M,E-Purchasing,Barang,Belanja Barang dan Jasa BLUD,ON PROCESS,8585462,8585462
KAB. WAJO,PUSKESMAS TANASITOLO - 1.02.0.00.0.00.01.0017,01KTJWFD2A2S8J0B9VNJNSEN2C,66697929,2026,E-Katalog 6.0,APBD,MUHAMMAD ZULKARNAIN,E-Purchasing,Barang,Belanja Barang dan Jasa BLUD,ON PROCESS,2392000,2392000
KAB. WAJO,PUSKESMAS PARIGI - 1.02.0.00.0.00.01.0023,01KVCQ46K19EB1YY8H31YVK24V,67191993,2026,E-Katalog 6.0,APBD,NURHAENI,E-Purchasing,Barang,Belanja Barang dan Jasa BLUD,ON PROCESS,260000,260000
KAB. WAJO,KELURAHAN CINA - 7.01.0.00.0.00.07.0001,01KSCFVXBJ9JSD7FSWJ9V9RAHP,67184464,2026,E-Katalog 6.0,APBD,ANDI ERNA,E-Purchasing,Barang,Belanja Makanan dan Minuman Rapat,ON PROCESS,987800,987800
KAB. WAJO,KECAMATAN PAMMANA - 7.01.0.00.0.00.07.0000,01KTNEB6V2747PN996SNQFTXYK,65756780,2026,E-Katalog 6.0,APBD,ANDI ERNA,E-Purchasing,Barang,Belanja Makanan dan Minuman Rapat ,ON PROCESS,128998,128998
KAB. WAJO,RSUD LAMADDUKELLENG - 1.02.0.00.0.00.01.0001,01KSVVBH7QVJ03RXW99A3GSWCW,65300982,2026,E-Katalog 6.0,BLUD,FERRON PAR PHARMACEUTICALS,E-Purchasing,Barang,Belanja Barang dan Jasa BLUD,ON PROCESS,36647982,0
KAB. WAJO,BADAN PENGELOLAAN KEUANGAN DAN PENDAPATAN DAERAH - 5.02.0.00.0.00.01.0000,01KVAJ3J0HQP53NCWSYNXPWSBP,67319402,2026,E-Katalog 6.0,APBD,MUKHTAR,E-Purchasing,Barang,Belanja Pemeliharaan Komputer-Peralatan Komputer-Peralatan Mini Computer,ON PROCESS,250000,250000
KAB. WAJO,PUSKESMAS TOSORA - 1.02.0.00.0.00.01.0016,01KQS2G7YTVGKMXDDXWA07SQ8P,66096187,2026,E-Katalog 6.0,APBD,ASTI WAHYUNI,E-Purchasing,Barang,Belanja Barang dan Jasa BOK Puskesmas pada Sub Kegiatan Pengelolaan Pelayanan Kesehatan Ibu Hamil ,ON PROCESS,304300,304300
KAB. WAJO,DINAS PERUMAHAN DAN KAWASAN PERMUKIMAN - 1.04.0.00.0.00.01.0000,01KVQ1RX23984NTPVH798XZ037,67328192,2026,E-Katalog 6.0,APBD,TAMIYA NURUL WULANDA,E-Purchasing,Barang,Belanja Makanan dan Minuman Rapat pada Kegiatan Koordinasi dan Penyusunan Dokumen RKA SKPD,ON PROCESS,210000,210000
KAB. WAJO,"DINAS KOMUNIKASI, INFORMATIKA DAN STATISTIK - 2.16.2.20.2.21.02.0000",01KPYYFXQH9KXZTRXZ796NEB7C,65611386,2026,E-Katalog 6.0,APBD,ANDI AKHYAR SULAIMAN,E-Purchasing,Barang,Belanja Alat/Bahan untuk Kegiatan Kantor-Alat Tulis Kantor - Penyediaan Layanan Keamanan Informasi dan Persandian Pemerintah Daerah,ON PROCESS,1082994,1082994
KAB. WAJO,BADAN PENGELOLAAN KEUANGAN DAN PENDAPATAN DAERAH - 5.02.0.00.0.00.01.0000,01KS1ZB9Q5188P792RWY30SAEN,64000030,2026,E-Katalog 6.0,APBD,ANDI JUNENNI,E-Purchasing,Barang,Belanja Makanan dan Minuman Rapat,ON PROCESS,420000,420000
KAB. WAJO,KECAMATAN SABBANGPARU - 7.01.0.00.0.00.10.0000,01KS6JT4MDPFACRPE881Q5BJX8,65631158,2026,E-Katalog 6.0,APBD,ANDI AKHYAR SULAIMAN,E-Purchasing,Barang,"Belanja Alat/Bahan untuk Kegiatan Kantor- Bahan Cetak Kegiatan Perencanaan, Penganggaran, dan Evaluasi Kinerja Perangkat Daerah",ON PROCESS,200000,200000
KAB. WAJO,RSUD LAMADDUKELLENG - 1.02.0.00.0.00.01.0001,01KVSH17S4KHVSB6XHQ671KD11,65300982,2026,E-Katalog 6.0,BLUD,HORIBA INDONESIA,E-Purchasing,Barang,Belanja Barang dan Jasa BLUD,ON PROCESS,19841954,0
KAB. WAJO,"DINAS KOMUNIKASI, INFORMATIKA DAN STATISTIK - 2.16.2.20.2.21.02.0000",01KQA11E1VSMJ9FKZQD47KHDFM,65606990,2026,E-Katalog 6.0,APBD,MEDIA WARGA UTAMA,E-Purchasing,Barang,Belanja Kawat/Faksimili/Internet/TV Berlangganan - Relasi Media ,ON PROCESS,6993000,6993000
KAB. WAJO,"DINAS KOMUNIKASI, INFORMATIKA DAN STATISTIK - 2.16.2.20.2.21.02.0000",01KJBYT3EDAKP6KFDCVXH13GMR,65606989,2026,E-Katalog 6.0,APBD,BERITA KOTA MAKASSAR,E-Purchasing,Barang,Belanja Langganan Jurnal/Surat Kabar/Majalah - Relasi Media ,ON PROCESS,4800000,4800000
KAB. WAJO,SEKRETARIAT DEWAN PERWAKILAN RAKYAT DAERAH - 4.02.0.00.0.00.01.0000,01KG777VK9SH8WKK30GQBZSGRD,63931825,2026,E-Katalog 6.0,APBD,RISNAWATI ALIE,E-Purchasing,Barang,Belanja Makanan dan Minuman Rapat_Pokok_Pikiran,ON PROCESS,1127000,1127000
KAB. WAJO,KECAMATAN KEERA - 7.01.0.00.0.00.04.0000,01KV54JVVQJPKGTSGG0WJ76VBY,65624662,2026,E-Katalog 6.0,APBD,NOVI ASTIKA,E-Purchasing,Barang,Penyediaan Jasa Pelayanan Umum Kantor,ON PROCESS,2000000,2000000
KAB. WAJO,PUSKESMAS PATTIROSOMPE - 1.02.0.00.0.00.01.0007,01KVSTP2RXNBGR3YW9AJ37B6AC,66629961,2026,E-Katalog 6.0,APBD,ANDI AZIS ASHAR,E-Purchasing,Barang,Sub Kegiatan Pengelolaan Pelayanan Kesehatan Ibu Hamil,ON PROCESS,268500,268500
KAB. WAJO,"BADAN PERENCANAAN PEMBANGUNAN, RISET DAN INOVASI DAERAH - 5.01.5.05.0.00.01.0000",01KTR8SYQW7Z4HFJD4KG9T809T,65278575,2026,E-Katalog 6.0,APBD,ANDI AKHYAR SULAIMAN,E-Purchasing,Barang,Belanja Alat/Bahan untuk Kegiatan Kantor- Bahan Cetak,ON PROCESS,1006500,1006500
KAB. WAJO,"BADAN PERENCANAAN PEMBANGUNAN, RISET DAN INOVASI DAERAH - 5.01.5.05.0.00.01.0000",01KPWG65W4AEZ9PE7KCVDP8Z08,63893670,2026,E-Katalog 6.0,APBD,AMRAN SURYADI,E-Purchasing,Barang,Belanja Alat/Bahan untuk Kegiatan Kantor-Alat Tulis Kantor,ON PROCESS,2624706,2624706
KAB. WAJO,"DINAS KOMUNIKASI, INFORMATIKA DAN STATISTIK - 2.16.2.20.2.21.02.0000",01KJEGHAWRD5JYR7QAMG31CBCY,65606990,2026,E-Katalog 6.0,APBD,MEDIA DAULAT RAKYAT,E-Purchasing,Barang,Belanja Kawat/Faksimili/Internet/TV Berlangganan - Relasi Media ,ON PROCESS,2099998,2099998
KAB. WAJO,DINAS PERUMAHAN DAN KAWASAN PERMUKIMAN - 1.04.0.00.0.00.01.0000,01KQXVABW5DHX73YYNH1FEA6HA,67039742,2026,E-Katalog 6.0,APBD,TAMIYA NURUL WULANDA,E-Purchasing,Barang,Belanja Makanan dan Minuman Rapat pada kegiatan Pendataan dan Verifikasi Calon Penerima Rumah bagin Korban Bencana Kabupaten/Kota,ON PROCESS,420000,420000
KAB. WAJO,KECAMATAN KEERA - 7.01.0.00.0.00.04.0000,01KHX28BBAH4BQZW53QRJ7GYJ9,65606923,2026,E-Katalog 6.0,APBD,DARNAWATI BAHAR,E-Purchasing,Barang,Penyediaan Jasa Surat Menyurat,ON PROCESS,2000000,2000000
KAB. WAJO,PUSKESMAS PARIGI - 1.02.0.00.0.00.01.0023,01KWKRS8WES6R2Y6BTXVZX17ZP,67191993,2026,E-Katalog 6.0,APBD,NURHAENI,E-Purchasing,Barang,Belanja Barang dan Jasa BLUD,ON PROCESS,299000,299000
KAB. WAJO,"DINAS KOMUNIKASI, INFORMATIKA DAN STATISTIK - 2.16.2.20.2.21.02.0000",01KVWFXSMJ6H2SA4V5PJYPWFQE,65606990,2026,E-Katalog 6.0,APBD,MAKASSAR PENA SAKTI,E-Purchasing,Barang,Belanja Kawat/Faksimili/Internet/TV Berlangganan - Relasi Media ,ON PROCESS,5099962,5099962
KAB. WAJO,"SATUAN POLISI PAMONG PRAJA, PEMADAM KEBAKARAN DAN PENYELAMATAN - 1.05.0.00.0.00.01.0000",01KGK4Q6WGWBJZNE8XXC8971P3,64200877,2026,E-Katalog 6.0,APBD,MUH. ARFAN SETIAWAN,E-Purchasing,Barang,Belanja Alat/Bahan untuk Kegiatan Kantor- Bahan Cetak,ON PROCESS,1022400,1022400
KAB. WAJO,PUSKESMAS SABBANGPARU - 1.02.0.00.0.00.01.0003,01KVPK8EQYE8GQMSY09YK6DW6H,66458654,2026,E-Katalog 6.0,APBD,ASTI WAHYUNI,E-Purchasing,Barang,Belanja Barang dan Jasa BOK Puskesmas pada sub kegiatan Pengelolaan Pelayanan Kesehatan Gizi Masyarakat,ON PROCESS,1434000,1434000
KAB. WAJO,"DINAS PEKERJAAN UMUM, PENATAAN RUANG DAN PERTANAHAN - 1.03.2.10.0.00.01.0000",01KQ719VFYVHZ9Z1YQDXC6CE0H,66587714,2026,E-Katalog 6.0,APBD,HAJRA,E-Purchasing,Barang,Belanja Makanan dan Minuman Rapat,ON PROCESS,1347000,1347000
KAB. WAJO,SEKRETARIAT DAERAH - 4.01.0.00.0.00.01.0000,01KNM3AQ8E5PXEVQKQK5Z2H7AD,63636068,2026,E-Katalog 6.0,APBD,ANDI ERNA,E-Purchasing,Barang,Belanja Natura dan Pakan-Natura,ON PROCESS,18750000,18750000
KAB. WAJO,DINAS PERTANIAN DAN KETAHANAN PANGAN - 2.09.3.27.0.00.02.0000,01KWEDF83XGC496HWF7WFGYG87,66410834,2026,E-Katalog 6.0,APBD,A. MUH. ABRAR,E-Purchasing,Barang,Belanja Alat/Bahan untuk Kegiatan Kantor-Alat Tulis Kantor,ON PROCESS,195500,195500
KAB. WAJO,SEKRETARIAT DEWAN PERWAKILAN RAKYAT DAERAH - 4.02.0.00.0.00.01.0000,01KTTRH0PNBVYTEMJ6Y277SSZV,63931075,2026,E-Katalog 6.0,APBD,MUSTAFA HI. BANDUNG,E-Purchasing,Barang,Belanja Makanan dan Minuman Rapat Pengawasan Bidang Pemerintahhan dan Hukum,ON PROCESS,238500,238500
KAB. WAJO,KECAMATAN SABBANGPARU - 7.01.0.00.0.00.10.0000,01KVWFDCT4K594F5DAW6XQJ81G,65631220,2026,E-Katalog 6.0,APBD,ANDI AKHYAR SULAIMAN,E-Purchasing,Barang,Belanja Alat/Bahan untuk Kegiatan Kantor- Bahan Cetak Kegiatan Koordinasi dan Penyusunan Laporan Capaian Kinerja dan Ikhtisar Realisasi Kinerja SKPD ,ON PROCESS,50000,50000
