nama_instansi,nama_satuan_kerja,kode_paket,kode_rup,tahun_anggaran,sumber_transaksi,sumber_dana,nama_penyedia,metode_pengadaan,jenis_pengadaan,nama_paket,status_paket,total_nilai,nilai_pdn
KAB. BUNGO,RSUD H. HANAFIE MUARA BUNGO - 1.02.0.00.0.00.02.0000,01KQEN8AQ4SJHHWDFBPYQBTK06,66442438,2026,E-Katalog 6.0,BLUD,ERLANGGA EDI LABORATORIES,E-Purchasing,Barang,Belanja Barang dan Jasa BLUD (Belanja Bahan Obat),ON PROCESS,3413028,3413028
KAB. BUNGO,DINAS LINGKUNGAN HIDUP KAB. BUNGO - 2.11.0.00.0.00.01.0000,155797,,2026,Tokodaring,,,E-Purchasing,Pengadaan Barang,,,2762000,2762000
KAB. BUNGO,DINAS PEKERJAAN UMUM DAN PENATAAN RUANG KAB. BUNGO - 1.03.0.00.0.00.01.0000,10823981000,66864414,2026,Non Tender,APBD,Siti Tenricapa,Pengadaan Langsung,Jasa Konsultansi Perorangan Non Konstruksi,Jasa Tenaga Ahli Legalisasi RTRW - Ahli Pemetaan/SIG (Sistem Informasi Geografi),SELESAI,36000000,36000000
KAB. BUNGO,SEKRETARIAT DEWAN PERWAKILAN RAKYAT DAERAH KAB. BUNGO - 4.02.0.00.0.00.01.0000,144179,,2026,Tokodaring,,,E-Purchasing,Pengadaan Barang,,,858000,858000
KAB. BUNGO,SEKRETARIAT DAERAH KAB. BUNGO - 4.01.0.00.0.00.01.0000,01KVC92J903WGS9PGFBJPC5T7W,66870056,2026,E-Katalog 6.0,APBD,SINAR DEMPO BANGUN PERSADA,E-Purchasing,Jasa Lainnya,Belanja Sewa Kendaraan Bermotor Angkutan Barang,ON PROCESS,54000000,54000000
KAB. BUNGO,DINAS TANAMAN PANGAN HORTIKULTURA DAN PERKEBUNAN KAB. BUNGO - 3.27.0.00.0.00.01.0000,01KN6KYP0PJAMK1PBE32XEPVMQ,65081018,2026,E-Katalog 6.0,APBD,ALFIAN CHANDRA YUDHA,E-Purchasing,Barang,Belanja Alat/Bahan untuk Kegiatan Kantor- Bahan Cetak,ON PROCESS,6274866,6274866
KAB. BUNGO,DINAS PEKERJAAN UMUM DAN PENATAAN RUANG KAB. BUNGO - 1.03.0.00.0.00.01.0000,10798685000,65990801,2026,Non Tender,APBD,Dwi Robby Meidia kusuma,Pengadaan Langsung,Jasa Konsultansi Perorangan Konstruksi,Jasa Supervisi Perencanaan Konstruksi Teknik Sipil Air - Operator Komputer,SELESAI,19250000,19250000
KAB. BUNGO,DINAS PEKERJAAN UMUM DAN PENATAAN RUANG KAB. BUNGO - 1.03.0.00.0.00.01.0000,01KRWDH5FST9WCD6Q3B1QBHBVS,67126370,2026,E-Katalog 6.0,APBD,YULIA,E-Purchasing,Barang,Belanja Pemeliharaan Bangunan Gedung-Bangunan Gedung Tempat Kerja-Taman,ON PROCESS,11932500,11932500
KAB. BUNGO,SEKRETARIAT DEWAN PERWAKILAN RAKYAT DAERAH KAB. BUNGO - 4.02.0.00.0.00.01.0000,144178,,2026,Tokodaring,,,E-Purchasing,Pengadaan Barang,,,974000,974000
KAB. BUNGO,SEKRETARIAT DEWAN PERWAKILAN RAKYAT DAERAH KAB. BUNGO - 4.02.0.00.0.00.01.0000,144922,,2026,Tokodaring,,,E-Purchasing,Pengadaan Barang,,,1200000,1200000
KAB. BUNGO,RSUD H. HANAFIE MUARA BUNGO - 1.02.0.00.0.00.02.0000,149425,,2026,Tokodaring,,,E-Purchasing,Pengadaan Barang,,,6890000,6890000
KAB. BUNGO,DINAS LINGKUNGAN HIDUP KAB. BUNGO - 2.11.0.00.0.00.01.0000,159773,,2026,Tokodaring,,TOKO NANDA BANGUNAN,E-Purchasing,Pengadaan Barang,,,2231000,2231000
KAB. BUNGO,BADAN PENGELOLA KEUANGAN DAN ASET DAERAH KABUPATEN BUNGO - 5.02.0.00.0.00.01.0000,01KP2ZXV7DE00TRGCQTHQBE2K5,65936733,2026,E-Katalog 6.0,APBD,AMMAR ABADI,E-Purchasing,Barang,Belanja Alat/Bahan untuk Kegiatan Kantor- Kertas dan Cover,ON PROCESS,999000,999000
KAB. BUNGO,SEKRETARIAT DEWAN PERWAKILAN RAKYAT DAERAH KAB. BUNGO - 4.02.0.00.0.00.01.0000,154423,,2026,Tokodaring,,,E-Purchasing,Pengadaan Barang,,,1200000,1200000
KAB. BUNGO,DINAS PEKERJAAN UMUM DAN PENATAAN RUANG KAB. BUNGO - 1.03.0.00.0.00.01.0000,01KPWD9SMRS046VJWXXMFQY1YG,66940118,2026,E-Katalog 6.0,APBD,AIRDJAYA PERKASA,E-Purchasing,Barang,Pengadaan material pasangan bronjong ds sungai beringin,ON PROCESS,85457768,85457768
KAB. BUNGO,SEKRETARIAT DAERAH KAB. BUNGO - 4.01.0.00.0.00.01.0000,146794,,2026,Tokodaring,,,E-Purchasing,Pengadaan Barang,,,1353000,1353000
KAB. BUNGO,DINAS PEKERJAAN UMUM DAN PENATAAN RUANG KAB. BUNGO - 1.03.0.00.0.00.01.0000,10823975000,66864322,2026,Non Tender,APBD,Fatimah Ratna Sari,Pengadaan Langsung,Jasa Konsultansi Perorangan Non Konstruksi,Jasa Tenaga Ahli Legalisasi RTRW - Ahli Perencanaan Wilayah dan Kota,SELESAI,38000000,38000000
KAB. BUNGO,DINAS LINGKUNGAN HIDUP KAB. BUNGO - 2.11.0.00.0.00.01.0000,158607,,2026,Tokodaring,,,E-Purchasing,Pengadaan Barang,,,483000,483000
KAB. BUNGO,DINAS KOPERASI USAHA KECIL MENENGAH PERINDUSTRIAN DAN PERDAGANGAN KAB. BUNGO - 2.17.3.31.3.30.01.0000,01KS40F8AW0VCYBGTG7E5GCQ0Q,65048259,2026,E-Katalog 6.0,APBD,PRAUSA FERRY TAMA,E-Purchasing,Barang,Belanja Alat/Bahan untuk Kegiatan Kantor-Bahan Komputer,PAYMENT OUTSIDE SYSTEM,391719,391719
KAB. BUNGO,DINAS PEKERJAAN UMUM DAN PENATAAN RUANG KAB. BUNGO - 1.03.0.00.0.00.01.0000,10899346000,67246130,2026,Non Tender,APBD,Padilah,Pengadaan Langsung,Jasa Konsultansi Perorangan Konstruksi,Supervisi Pengawasan Pembangunan Jalan - Operator Komputer II,SELESAI,18000000,18000000
KAB. BUNGO,DINAS KESEHATAN KAB. BUNGO - 1.02.0.00.0.00.01.0000,01KVACZ7DWXB8R7Q9PNNVSNENR,65191211,2026,E-Katalog 6.0,APBD,DITEK JAYA,E-Purchasing,Jasa Lainnya,Belanja Jasa Kalibrasi,ON PROCESS,7159500,7159500
KAB. BUNGO,DINAS PERUMAHAN DAN KAWASAN PERMUKIMAN KAB. BUNGO - 1.04.2.11.1.03.01.0000,01KVPMZGX7E47V8H8CV5V8P9MG,65327727,2026,E-Katalog 6.0,APBD,AMMAR ABADI,E-Purchasing,Barang,Belanja Alat/Bahan untuk Kegiatan Kantor- Bahan Cetak,ON PROCESS,4982834,4982834
KAB. BUNGO,SEKRETARIAT DEWAN PERWAKILAN RAKYAT DAERAH KAB. BUNGO - 4.02.0.00.0.00.01.0000,144237,,2026,Tokodaring,,,E-Purchasing,Pengadaan Barang,,,960000,960000
KAB. BUNGO,RSUD H. HANAFIE MUARA BUNGO - 1.02.0.00.0.00.02.0000,01KWGRBF1ERQPJNQNPYZTXR3NQ,66442438,2026,E-Katalog 6.0,BLUD,DARYA-VARIA LABORATORIA,E-Purchasing,Barang,Belanja Barang dan Jasa BLUD (Belanja Bahan Obat),ON PROCESS,18438454,18438454
KAB. BUNGO,SEKRETARIAT DAERAH KAB. BUNGO - 4.01.0.00.0.00.01.0000,01KT68SN7ZX3C5VE0BS19DKRXB,64764664,2026,E-Katalog 6.0,APBD,SUPE PATIMAH,E-Purchasing,Barang,Belanja Alat/Bahan untuk Kegiatan Kantor- Bahan Cetak,ON PROCESS,719280,719280
KAB. BUNGO,DINAS PEKERJAAN UMUM DAN PENATAAN RUANG KAB. BUNGO - 1.03.0.00.0.00.01.0000,10817127000,65991186,2026,Non Tender,APBD,Andre Julian,Pengadaan Langsung,Jasa Konsultansi Perorangan Konstruksi,Jasa Supervisi Pengawasan Konstruksi Teknik Sipil Air - Inspektor I,SELESAI,26800000,26800000
KAB. BUNGO,DINAS PEKERJAAN UMUM DAN PENATAAN RUANG KAB. BUNGO - 1.03.0.00.0.00.01.0000,10899309000,67244788,2026,Non Tender,APBD,Edo harman,Pengadaan Langsung,Jasa Konsultansi Perorangan Konstruksi,Supervisi Pengawasan Pembangunan Jalan - Surveyor I,SELESAI,17100000,17100000
KAB. BUNGO,DINAS PEKERJAAN UMUM DAN PENATAAN RUANG KAB. BUNGO - 1.03.0.00.0.00.01.0000,01KS79XTKW8ZQEWRSYR9NS0N39,67173181,2026,E-Katalog 6.0,APBD,YULIA,E-Purchasing,Barang,Pengadaan Bahan Material Rehab Drainase Sekunder Sei. Tetapan IV,ON PROCESS,109347765,109347765
KAB. BUNGO,RSUD H. HANAFIE MUARA BUNGO - 1.02.0.00.0.00.02.0000,01KTJTJ0NKRV95CNRTY2BP9V29,67044837,2026,E-Katalog 6.0,BLUD,HENDERY,E-Purchasing,Jasa Lainnya,Belanja Barang dan Jasa BLUD (Belanja Pemeliharaan Jaringan Komputer),ON PROCESS,4057050,0
KAB. BUNGO,DINAS KOPERASI USAHA KECIL MENENGAH PERINDUSTRIAN DAN PERDAGANGAN KAB. BUNGO - 2.17.3.31.3.30.01.0000,01KSH1MWQF2YSAVTB19SE6ZQPT,65048259,2026,E-Katalog 6.0,APBD,PRAUSA FERRY TAMA,E-Purchasing,Barang,Belanja Alat/Bahan untuk Kegiatan Kantor-Bahan Komputer,ON PROCESS,488400,488400
KAB. BUNGO,BADAN PENGELOLA KEUANGAN DAN ASET DAERAH KABUPATEN BUNGO - 5.02.0.00.0.00.01.0000,01KP31SW5T7KMTJ0ZRAE7ADD43,65936733,2026,E-Katalog 6.0,APBD,AMMAR ABADI,E-Purchasing,Barang,Belanja Alat/Bahan untuk Kegiatan Kantor- Kertas dan Cover,ON PROCESS,10016640,10016640
KAB. BUNGO,BADAN PENGELOLA KEUANGAN DAN ASET DAERAH KABUPATEN BUNGO - 5.02.0.00.0.00.01.0000,01KP80R9GN4HWWTH3FRARH0RW4,65994222,2026,E-Katalog 6.0,APBD,AMMAR ABADI,E-Purchasing,Barang,Belanja Alat/Bahan untuk Kegiatan Kantor- Bahan Cetak,ON PROCESS,3208888,3208888
KAB. BUNGO,BADAN PENGELOLA KEUANGAN DAN ASET DAERAH KABUPATEN BUNGO - 5.02.0.00.0.00.01.0000,01KWABZ3ESXR3953NXMP6MAG18,65995176,2026,E-Katalog 6.0,APBD,AMMAR ABADI,E-Purchasing,Barang,Belanja Alat/Bahan untuk Kegiatan Kantor-Alat/Bahan untuk Kegiatan Kantor Lainnya,ON PROCESS,3402150,3402150
KAB. BUNGO,DINAS PEKERJAAN UMUM DAN PENATAAN RUANG KAB. BUNGO - 1.03.0.00.0.00.01.0000,10135612000,65854315,2026,Tender,APBD,CV. Fajar Baru & CO,Tender,Pekerjaan Konstruksi,Pembangunan Jalan Menuju Makam Ds. Purwosari,SELESAI,1488261800,1488261800
KAB. BUNGO,DINAS LINGKUNGAN HIDUP KAB. BUNGO - 2.11.0.00.0.00.01.0000,154600,,2026,Tokodaring,,,E-Purchasing,Pengadaan Barang,,,1416000,1416000
KAB. BUNGO,DINAS KOPERASI USAHA KECIL MENENGAH PERINDUSTRIAN DAN PERDAGANGAN KAB. BUNGO - 2.17.3.31.3.30.01.0000,01KRFWDF78MY3D95DZSBH3MT74,67108974,2026,E-Katalog 6.0,APBD,PRAUSA FERRY TAMA,E-Purchasing,Jasa Lainnya,Belanja Alat/Bahan untuk Kegiatan Kantor- Kertas dan Cover,ON PROCESS,1998999,1998999
KAB. BUNGO,DINAS PEKERJAAN UMUM DAN PENATAAN RUANG KAB. BUNGO - 1.03.0.00.0.00.01.0000,10789737000,65970795;66080031,2026,Non Tender,APBD,Jeffrey Buana,Pengadaan Langsung,Jasa Konsultansi Perorangan Konstruksi,",Jasa Supervisi Perencanaan Kontruksi Teknis Sipil Air - Surveyor II",SELESAI,20800000,20800000
KAB. BUNGO,SEKRETARIAT DEWAN PERWAKILAN RAKYAT DAERAH KAB. BUNGO - 4.02.0.00.0.00.01.0000,158498,,2026,Tokodaring,,,E-Purchasing,Pengadaan Barang,,,817000,817000
KAB. BUNGO,DINAS PEKERJAAN UMUM DAN PENATAAN RUANG KAB. BUNGO - 1.03.0.00.0.00.01.0000,01KJVCPYQVXVCCE1088Q1CXJ6V,66151274,2026,E-Katalog 6.0,APBD,ABDI JAYA BARU,E-Purchasing,Barang,pengadaan agregat CTSB Jl. Lingkungan sei. pinang,ON PROCESS,137076786,137076786
KAB. BUNGO,BADAN PENGELOLA KEUANGAN DAN ASET DAERAH KABUPATEN BUNGO - 5.02.0.00.0.00.01.0000,01KNPR2HJ9CC2Q6V59REKSZSRX,65994717,2026,E-Katalog 6.0,APBD,AMMAR ABADI,E-Purchasing,Barang,Belanja Alat/Bahan untuk Kegiatan Kantor-Alat Tulis Kantor,ON PROCESS,16080991,16080991
KAB. BUNGO,DINAS PEMBERDAYAAN MASYARAKAT DAN DUSUN KAB. BUNGO - 2.13.0.00.0.00.01.0000,01KTBGJV2TVKSZ4FA93V96BG74,64221620,2026,E-Katalog 6.0,APBD,ARENA JAYA NUSANTARA,E-Purchasing,Barang,Belanja Alat/Bahan untuk Kegiatan Kantor- Bahan Cetak,ON PROCESS,21534860,21534860
KAB. BUNGO,DINAS LINGKUNGAN HIDUP KAB. BUNGO - 2.11.0.00.0.00.01.0000,159778,,2026,Tokodaring,,Mersi Motor,E-Purchasing,Pengadaan Barang,,,1288000,1288000
KAB. BUNGO,RSUD H. HANAFIE MUARA BUNGO - 1.02.0.00.0.00.02.0000,01KWGPWPB6XM5PC7XTC9M62X8E,66442438,2026,E-Katalog 6.0,BLUD,FONKO INTERNATIONAL PHARMACEUTICALS,E-Purchasing,Barang,Belanja Barang dan Jasa BLUD (Belanja Bahan Obat),ON PROCESS,14415381,14415381
KAB. BUNGO,DINAS KETAHANAN PANGAN KAB. BUNGO - 2.09.0.00.0.00.01.0000,160145,,2026,Tokodaring,,JOFA FOTOCOPY,E-Purchasing,Pengadaan Barang,,,600000,600000
KAB. BUNGO,BADAN PENGELOLA KEUANGAN DAN ASET DAERAH KABUPATEN BUNGO - 5.02.0.00.0.00.01.0000,01KWA21BDVT9ZB3JD3RAQH72S8,65994968,2026,E-Katalog 6.0,APBD,AMMAR ABADI,E-Purchasing,Barang,Belanja Alat/Bahan untuk Kegiatan Kantor- Bahan Cetak,ON PROCESS,10456200,10456200
KAB. BUNGO,DINAS KEPENDUDUKAN DAN PENCATATAN SIPIL KAB. BUNGO - 2.12.0.00.0.00.01.0000,01KK0K35CS9ENYD7VTXSQ0Z4G9,64889981,2026,E-Katalog 6.0,APBD,SUPE PATIMAH,E-Purchasing,Barang,Belanja Alat/Bahan untuk Kegiatan Kantor- Bahan Cetak,PAYMENT OUTSIDE SYSTEM,1748250,1748250
KAB. BUNGO,DINAS KOMUNIKASI INFORMATIKA DAN PERSANDIAN KAB. BUNGO - 2.16.2.21.2.20.01.0000,01KP7TB13M6N41Q4X2XDRFPXEB,65073234,2026,E-Katalog 6.0,APBD,AMMAR ABADI,E-Purchasing,Barang,Belanja Alat/Bahan untuk Kegiatan Kantor- Kertas dan Cover,PAYMENT OUTSIDE SYSTEM,2530800,2530800
KAB. BUNGO,SEKRETARIAT DEWAN PERWAKILAN RAKYAT DAERAH KAB. BUNGO - 4.02.0.00.0.00.01.0000,144038,,2026,Tokodaring,,,E-Purchasing,Pengadaan Barang,,,511000,511000
KAB. BUNGO,SEKRETARIAT DAERAH KAB. BUNGO - 4.01.0.00.0.00.01.0000,01KR2R8JFG9KSJXZYBX6P0M9R8,64609829,2026,E-Katalog 6.0,APBD,AGUNG AUTOMALL,E-Purchasing,Barang,Belanja Modal Kendaraan Bermotor Penumpang,ON PROCESS,1418700000,1418700000
KAB. BUNGO,DINAS LINGKUNGAN HIDUP KAB. BUNGO - 2.11.0.00.0.00.01.0000,01KJVEJPJKY0X3FN4TM4YF9E6F,65284712,2026,E-Katalog 6.0,APBD,AMMAR ABADI,E-Purchasing,Barang,Belanja Alat/Bahan untuk Kegiatan Kantor-Bahan Komputer,ON PROCESS,1964700,1964700
KAB. BUNGO,DINAS PETERNAKAN DAN PERIKANAN KAB. BUNGO - 3.27.3.25.0.00.01.0000,01KVPGX8SS5XV1617QMZR6AFH8,67186068,2026,E-Katalog 6.0,APBD,BINTANG MASJAYA,E-Purchasing,Barang,Belanja Bahan-Bahan/Bibit Ternak/Bibit Ikan (Bibit Gurami Ds Senamat & Dalam Kab. Bungo),ON PROCESS,38025000,38025000
KAB. BUNGO,DINAS KOPERASI USAHA KECIL MENENGAH PERINDUSTRIAN DAN PERDAGANGAN KAB. BUNGO - 2.17.3.31.3.30.01.0000,01KRZ7QZEDQNXMGEM1WVAYJ8N1,65048223,2026,E-Katalog 6.0,APBD,MUHAMMAD TRI ANDHANY,E-Purchasing,Barang,Belanja Makanan dan Minuman Rapat,PAYMENT OUTSIDE SYSTEM,1786000,1786000
KAB. BUNGO,DINAS PEKERJAAN UMUM DAN PENATAAN RUANG KAB. BUNGO - 1.03.0.00.0.00.01.0000,10789727000,65967871;66079692,2026,Non Tender,APBD,Ananda reyo Adi pratama,Pengadaan Langsung,Jasa Konsultansi Perorangan Konstruksi,",Jasa Supervisi Perencanaan Kontruksi Teknis Sipil Air - Tenaga Teknis II",SELESAI,26800000,26800000
KAB. BUNGO,DINAS PEKERJAAN UMUM DAN PENATAAN RUANG KAB. BUNGO - 1.03.0.00.0.00.01.0000,10895706000,67228785,2026,Non Tender,APBD,CV TIANG KARYA KONTRUKSI,Pengadaan Langsung,Pekerjaan Konstruksi,Rehab Pasar Atas (Kios dan Los),SELESAI,225051122,225051122
KAB. BUNGO,DINAS KEPENDUDUKAN DAN PENCATATAN SIPIL KAB. BUNGO - 2.12.0.00.0.00.01.0000,01KQC6R3YWGF167DRJXPVGVJ90,64889981,2026,E-Katalog 6.0,APBD,SUPE PATIMAH,E-Purchasing,Barang,Belanja Alat/Bahan untuk Kegiatan Kantor- Bahan Cetak,PAYMENT OUTSIDE SYSTEM,2097900,2097900
KAB. BUNGO,DINAS PEKERJAAN UMUM DAN PENATAAN RUANG KAB. BUNGO - 1.03.0.00.0.00.01.0000,10898863000,67208308,2026,Non Tender,APBD,Rio nourical jamaica,Pengadaan Langsung,Jasa Konsultansi Perorangan Konstruksi,Supervisi Pengawasan Pemeliharaan Berkala Jalan - Surveyor I,SELESAI,15600000,15600000
KAB. BUNGO,BADAN PENGELOLA KEUANGAN DAN ASET DAERAH KABUPATEN BUNGO - 5.02.0.00.0.00.01.0000,01KNQ26CWAC18CBQ23AC20T5A7,65994828,2026,E-Katalog 6.0,APBD,AMMAR ABADI,E-Purchasing,Barang,Belanja Alat/Bahan untuk Kegiatan Kantor- Kertas dan Cover,ON PROCESS,13353300,13353300
KAB. BUNGO,DINAS LINGKUNGAN HIDUP KAB. BUNGO - 2.11.0.00.0.00.01.0000,01KJEC9WGSDFFKYBFAQGKFF1R2,65195748,2026,E-Katalog 6.0,APBD,AMMAR ABADI,E-Purchasing,Barang,Foto Copy,ON PROCESS,1623769,1623769
KAB. BUNGO,DINAS LINGKUNGAN HIDUP KAB. BUNGO - 2.11.0.00.0.00.01.0000,154617,,2026,Tokodaring,,,E-Purchasing,Pengadaan Barang,,,144000,144000
KAB. BUNGO,DINAS PEKERJAAN UMUM DAN PENATAAN RUANG KAB. BUNGO - 1.03.0.00.0.00.01.0000,01KT6EDV8FXHKMQPD2DMA3AFM9,67240792,2026,E-Katalog 6.0,APBD,ABDI JAYA BARU,E-Purchasing,Barang,Pengadaan Agregat CTSB Jl. Nasional-Pematang Panjang,ON PROCESS,83041875,83041875
KAB. BUNGO,DINAS LINGKUNGAN HIDUP KAB. BUNGO - 2.11.0.00.0.00.01.0000,01KJP2Y34WYH4RTRHC512WNFHC,65198181,2026,E-Katalog 6.0,APBD,AMMAR ABADI,E-Purchasing,Barang,Belanja Alat/Bahan untuk Kegiatan Kantor-Alat/Bahan untuk Kegiatan Kantor Lainnya,ON PROCESS,2447542,2447542
KAB. BUNGO,BADAN PENGELOLA PAJAK DAN RETRIBUSI DAERAH KABUPATEN BUNGO - 5.02.0.00.0.00.02.0000,01KQ9N4RFGVD4XY5HKQPG5XR4Y,65256487,2026,E-Katalog 6.0,APBD,AMMAR ABADI,E-Purchasing,Barang,Belanja Alat/Bahan untuk Kegiatan Kantor-Bahan Komputer,ON PROCESS,1699688,1699688
KAB. BUNGO,DINAS PEMBERDAYAAN MASYARAKAT DAN DUSUN KAB. BUNGO - 2.13.0.00.0.00.01.0000,01KTBHXTFJR927DK3B2TEVEA9T,64221614,2026,E-Katalog 6.0,APBD,ARENA JAYA NUSANTARA,E-Purchasing,Barang,Belanja Bahan-Bahan Lainnya,ON PROCESS,2097900,2097900
KAB. BUNGO,DINAS KETAHANAN PANGAN KAB. BUNGO - 2.09.0.00.0.00.01.0000,160146,,2026,Tokodaring,,JOFA FOTOCOPY,E-Purchasing,Pengadaan Barang,,,342000,342000
KAB. BUNGO,DINAS KEPENDUDUKAN DAN PENCATATAN SIPIL KAB. BUNGO - 2.12.0.00.0.00.01.0000,01KKATJ386F7TQE4D6ZGMFWSG1,65078468,2026,E-Katalog 6.0,APBD,AMMAR ABADI,E-Purchasing,Barang,Belanja Alat/Bahan untuk Kegiatan Kantor-Bahan Komputer,PAYMENT OUTSIDE SYSTEM,7548000,7548000
KAB. BUNGO,DINAS PEKERJAAN UMUM DAN PENATAAN RUANG KAB. BUNGO - 1.03.0.00.0.00.01.0000,01KS6Y9YVNWH2S7Q8QERYWDG67,67145575,2026,E-Katalog 6.0,APBD,ABDI JAYA BARU,E-Purchasing,Barang,pengadaan Aggregat klas A Jalan Muara Kuamang - Purwosari,ON PROCESS,380029990,380029990
KAB. BUNGO,DINAS LINGKUNGAN HIDUP KAB. BUNGO - 2.11.0.00.0.00.01.0000,143874,,2026,Tokodaring,,,E-Purchasing,Pengadaan Barang,,,3566996,3566996
KAB. BUNGO,BADAN KEPEGAWAIAN PENGEMBANGAN SUMBER DAYA MANUSIA DAERAH KAB. BUNGO - 5.03.5.04.0.00.01.0000,01KR0FGG4Q426TA5BC1CAX8QWB,65345185,2026,E-Katalog 6.0,APBD,CV. ASSALAM MITRA UTAMA,E-Purchasing,Barang,Belanja Alat/Bahan untuk Kegiatan Kantor-Bahan Komputer,PAYMENT OUTSIDE SYSTEM,4414470,4414470
KAB. BUNGO,SEKRETARIAT DEWAN PERWAKILAN RAKYAT DAERAH KAB. BUNGO - 4.02.0.00.0.00.01.0000,144825,,2026,Tokodaring,,,E-Purchasing,Pengadaan Barang,,,4069000,4069000
KAB. BUNGO,SEKRETARIAT DEWAN PERWAKILAN RAKYAT DAERAH KAB. BUNGO - 4.02.0.00.0.00.01.0000,145801,,2026,Tokodaring,,,E-Purchasing,Pengadaan Barang,,,5180000,5180000
KAB. BUNGO,BADAN PENGELOLA KEUANGAN DAN ASET DAERAH KABUPATEN BUNGO - 5.02.0.00.0.00.01.0000,01KP2YWWWV2PYP13KDR39PKKK2,65906719,2026,E-Katalog 6.0,APBD,AMMAR ABADI,E-Purchasing,Barang,Belanja Alat/Bahan untuk Kegiatan Kantor-Alat/Bahan untuk Kegiatan Kantor Lainnya,ON PROCESS,2963700,2963700
KAB. BUNGO,DINAS PERUMAHAN DAN KAWASAN PERMUKIMAN KAB. BUNGO - 1.04.2.11.1.03.01.0000,154577,,2026,Tokodaring,,,E-Purchasing,Pengadaan Barang,,,25000000,25000000
KAB. BUNGO,DINAS KESEHATAN KAB. BUNGO - 1.02.0.00.0.00.01.0000,154636,,2026,Tokodaring,,,E-Purchasing,Pengadaan Barang,,,300000,300000
KAB. BUNGO,DINAS LINGKUNGAN HIDUP KAB. BUNGO - 2.11.0.00.0.00.01.0000,150414,,2026,Tokodaring,,,E-Purchasing,Pengadaan Barang,,,60000,60000
KAB. BUNGO,DINAS PEKERJAAN UMUM DAN PENATAAN RUANG KAB. BUNGO - 1.03.0.00.0.00.01.0000,10899287000,67245787,2026,Non Tender,APBD,RIZKI KURNIAWAN,Pengadaan Langsung,Jasa Konsultansi Perorangan Konstruksi,Supervisi Pengawasan Pembangunan Jalan - Surveyor II,SELESAI,17100000,17100000
KAB. BUNGO,DINAS KESEHATAN KAB. BUNGO - 1.02.0.00.0.00.01.0000,157740,,2026,Tokodaring,,,E-Purchasing,Pengadaan Barang,,,1440000,1440000
KAB. BUNGO,BADAN KEPEGAWAIAN PENGEMBANGAN SUMBER DAYA MANUSIA DAERAH KAB. BUNGO - 5.03.5.04.0.00.01.0000,01KKJ3G758ASWCNRREY3021NYM,65369455,2026,E-Katalog 6.0,APBD,AMMAR ABADI,E-Purchasing,Barang,Belanja Alat/Bahan untuk Kegiatan Kantor-Alat Tulis Kantor,PAYMENT OUTSIDE SYSTEM,1035618,1035618
KAB. BUNGO,BADAN PENGELOLA KEUANGAN DAN ASET DAERAH KABUPATEN BUNGO - 5.02.0.00.0.00.01.0000,01KWA9F2AV1EJR7J9PXMTZW57W,65995213,2026,E-Katalog 6.0,APBD,AMMAR ABADI,E-Purchasing,Barang,Belanja Alat/Bahan untuk Kegiatan Kantor-Alat Tulis Kantor,ON PROCESS,497280,497280
KAB. BUNGO,BADAN PENGELOLA PAJAK DAN RETRIBUSI DAERAH KABUPATEN BUNGO - 5.02.0.00.0.00.02.0000,01KKJJC3FAW97DZFR2CDMP4KY6,65256454,2026,E-Katalog 6.0,APBD,AMMAR ABADI,E-Purchasing,Barang,Belanja Alat/Bahan untuk Kegiatan Kantor- Bahan Cetak,ON PROCESS,2170494,2170494
KAB. BUNGO,DINAS SOSIAL PENGENDALIAN PENDUDUK KELUARGA BERENCANA PEMBERDAYAAN PEREMPUAN DAN PERLINDUNGAN ANAK KAB. BUNGO - 1.06.2.14.2.08.01.0000,152505,,2026,Tokodaring,,,E-Purchasing,Pengadaan Barang,,,1875000,1875000
KAB. BUNGO,SEKRETARIAT DEWAN PERWAKILAN RAKYAT DAERAH KAB. BUNGO - 4.02.0.00.0.00.01.0000,144358,,2026,Tokodaring,,,E-Purchasing,Pengadaan Barang,,,3201600,3201600
KAB. BUNGO,BADAN PENGELOLA KEUANGAN DAN ASET DAERAH KABUPATEN BUNGO - 5.02.0.00.0.00.01.0000,01KWA6HY94VYEXEP2X48VEJH59,65996440,2026,E-Katalog 6.0,APBD,AMMAR ABADI,E-Purchasing,Barang,Belanja Alat/Bahan untuk Kegiatan Kantor-Bahan Komputer,ON PROCESS,1003440,1003440
KAB. BUNGO,DINAS SOSIAL PENGENDALIAN PENDUDUK KELUARGA BERENCANA PEMBERDAYAAN PEREMPUAN DAN PERLINDUNGAN ANAK KAB. BUNGO - 1.06.2.14.2.08.01.0000,152654,,2026,Tokodaring,,,E-Purchasing,Pengadaan Barang,,,600000,600000
KAB. BUNGO,SEKRETARIAT DEWAN PERWAKILAN RAKYAT DAERAH KAB. BUNGO - 4.02.0.00.0.00.01.0000,154426,,2026,Tokodaring,,,E-Purchasing,Pengadaan Barang,,,1236000,1236000
KAB. BUNGO,RSUD H. HANAFIE MUARA BUNGO - 1.02.0.00.0.00.02.0000,10804461000,66446644,2026,Non Tender,APBD,hogiak utama jaya,Pengadaan Langsung,Jasa Konsultansi Badan Usaha Non Konstruksi,Belanja Barang dan Jasa BLUD (Pemeliharaan Gedung Hemodialisa - Perencanaan),SELESAI,14707500,14707500
KAB. BUNGO,DINAS PEKERJAAN UMUM DAN PENATAAN RUANG KAB. BUNGO - 1.03.0.00.0.00.01.0000,10784939000,65838389,2026,Non Tender,APBD,Rahma Wahyuni,Pengadaan Langsung,Jasa Konsultansi Perorangan Konstruksi,Jasa Supervisi Perencanaan kontruksi - Tenaga Teknis I,SELESAI,30800000,30800000
KAB. BUNGO,RSUD H. HANAFIE MUARA BUNGO - 1.02.0.00.0.00.02.0000,01KQEMY9M2E6GPGXYYQ87JBMVB,67014363,2026,E-Katalog 6.0,BLUD,BERKAH ANEKA KARYA,E-Purchasing,Barang,Belanja Modal Peralatan dan Mesin BLUD - Peralatan Kedokteran / Kesehatan,ON PROCESS,104151006,104151006
KAB. BUNGO,SEKRETARIAT DEWAN PERWAKILAN RAKYAT DAERAH KAB. BUNGO - 4.02.0.00.0.00.01.0000,153599,,2026,Tokodaring,,,E-Purchasing,Pengadaan Barang,,,450000,450000
KAB. BUNGO,DINAS KESEHATAN KAB. BUNGO - 1.02.0.00.0.00.01.0000,01KVACG56GTF0DXFF137BFRGP5,65191213,2026,E-Katalog 6.0,APBD,MAKMUR MANDIRI MEDIKA,E-Purchasing,Barang,Belanja Bahan-Bahan Kimia,ON PROCESS,23713845,23713845
KAB. BUNGO,DINAS PEMBERDAYAAN MASYARAKAT DAN DUSUN KAB. BUNGO - 2.13.0.00.0.00.01.0000,01KTBGX9GMB424KDWKYGFSBGH0,64221620,2026,E-Katalog 6.0,APBD,ARENA JAYA NUSANTARA,E-Purchasing,Barang,Belanja Alat/Bahan untuk Kegiatan Kantor- Bahan Cetak,ON PROCESS,1348650,1348650
KAB. BUNGO,BADAN PENGELOLA PAJAK DAN RETRIBUSI DAERAH KABUPATEN BUNGO - 5.02.0.00.0.00.02.0000,01KWBESM0VQC96P7895GGPZGPP,65256772,2026,E-Katalog 6.0,APBD,AMMAR ABADI,E-Purchasing,Barang,Belanja Alat/Bahan untuk Kegiatan Kantor- Kertas dan Cover,ON PROCESS,12254400,12254400
KAB. BUNGO,DINAS KETAHANAN PANGAN KAB. BUNGO - 2.09.0.00.0.00.01.0000,154197,,2026,Tokodaring,,,E-Purchasing,Pengadaan Barang,,,1855000,1855000
KAB. BUNGO,DINAS PEKERJAAN UMUM DAN PENATAAN RUANG KAB. BUNGO - 1.03.0.00.0.00.01.0000,01KNKDDDK6E2WMS7JF4AVBEYB9,66815220,2026,E-Katalog 6.0,APBD,YULIA,E-Purchasing,Barang,Rehabilitasi Mesjid Agung Al - Mubarak,ON PROCESS,73016355,73016355
KAB. BUNGO,DINAS PEKERJAAN UMUM DAN PENATAAN RUANG KAB. BUNGO - 1.03.0.00.0.00.01.0000,10141501000,67181028,2026,Tender,APBD,PT. SEKANTHI ,Tender,Pekerjaan Konstruksi,Pemeliharaan Berkala Jalan Paket IV,SELESAI,2556210104,2556210104
KAB. BUNGO,BADAN PENGELOLA KEUANGAN DAN ASET DAERAH KABUPATEN BUNGO - 5.02.0.00.0.00.01.0000,01KNPSN6HS645AQAMR87FNZQ8M,65995213,2026,E-Katalog 6.0,APBD,AMMAR ABADI,E-Purchasing,Barang,Belanja Alat/Bahan untuk Kegiatan Kantor-Alat Tulis Kantor,ON PROCESS,6841485,6841485
KAB. BUNGO,RSUD H. HANAFIE MUARA BUNGO - 1.02.0.00.0.00.02.0000,10823521000,66446751,2026,Non Tender,BLUD,CV. RAJAWALI MITRA KONSULTAN,Pengadaan Langsung,Jasa Konsultansi Badan Usaha Konstruksi,Belanja Barang dan Jasa BLUD (Pemeliharaan Gedung TB Dots - Perencanaan),SELESAI,4828500,4828500
KAB. BUNGO,DINAS LINGKUNGAN HIDUP KAB. BUNGO - 2.11.0.00.0.00.01.0000,143967,,2026,Tokodaring,,,E-Purchasing,Pengadaan Barang,,,23625000,23625000
KAB. BUNGO,DINAS PEKERJAAN UMUM DAN PENATAAN RUANG KAB. BUNGO - 1.03.0.00.0.00.01.0000,10136282000,65854994,2026,Tender,APBD,PT. SEKANTHI ,Tender,Pekerjaan Konstruksi,Rekonstruksi Jalan Nasional - Lubuk Landai,SELESAI,2183097499,2183097499
KAB. BUNGO,DINAS PEKERJAAN UMUM DAN PENATAAN RUANG KAB. BUNGO - 1.03.0.00.0.00.01.0000,10929177000,67377938,2026,Non Tender,APBD,Yoga jatriadi putra,Pengadaan Langsung,Jasa Konsultansi Perorangan Konstruksi,Supervisi Pengawasan Pembangunan Jembatan - Surveyor,SELESAI,17100000,17100000
KAB. BUNGO,DINAS LINGKUNGAN HIDUP KAB. BUNGO - 2.11.0.00.0.00.01.0000,143977,,2026,Tokodaring,,,E-Purchasing,Pengadaan Barang,,,4182000,4182000
KAB. BUNGO,SEKRETARIAT DEWAN PERWAKILAN RAKYAT DAERAH KAB. BUNGO - 4.02.0.00.0.00.01.0000,153600,,2026,Tokodaring,,,E-Purchasing,Pengadaan Barang,,,450000,450000
KAB. BUNGO,RSUD H. HANAFIE MUARA BUNGO - 1.02.0.00.0.00.02.0000,01KQ6NZMPPNJSGGW6PXXEYJJG3,66496493,2026,E-Katalog 6.0,BLUD,HENDERY,E-Purchasing,Barang,Belanja Modal Peralatan dan Mesin BLUD - Komputer (Printer / Scanner),PAYMENT OUTSIDE SYSTEM,1309800,1309800
KAB. BUNGO,BADAN KEPEGAWAIAN PENGEMBANGAN SUMBER DAYA MANUSIA DAERAH KAB. BUNGO - 5.03.5.04.0.00.01.0000,01KNRBPTYABA1VWAT9PPK1W128,65276351,2026,E-Katalog 6.0,APBD,AMMAR ABADI,E-Purchasing,Barang,Belanja Alat/Bahan untuk Kegiatan Kantor-Bahan Komputer,PAYMENT OUTSIDE SYSTEM,2605725,2605725
KAB. BUNGO,DINAS LINGKUNGAN HIDUP KAB. BUNGO - 2.11.0.00.0.00.01.0000,145958,,2026,Tokodaring,,,E-Purchasing,Pengadaan Barang,,,4334000,4334000
KAB. BUNGO,SEKRETARIAT DEWAN PERWAKILAN RAKYAT DAERAH KAB. BUNGO - 4.02.0.00.0.00.01.0000,146798,,2026,Tokodaring,,,E-Purchasing,Pengadaan Barang,,,1100000,1100000
KAB. BUNGO,DINAS LINGKUNGAN HIDUP KAB. BUNGO - 2.11.0.00.0.00.01.0000,149621,,2026,Tokodaring,,,E-Purchasing,Pengadaan Barang,,,1710000,1710000
KAB. BUNGO,DINAS LINGKUNGAN HIDUP KAB. BUNGO - 2.11.0.00.0.00.01.0000,143968,,2026,Tokodaring,,,E-Purchasing,Pengadaan Barang,,,11070000,11070000
KAB. BUNGO,DINAS LINGKUNGAN HIDUP KAB. BUNGO - 2.11.0.00.0.00.01.0000,143711,,2026,Tokodaring,,,E-Purchasing,Pengadaan Barang,,,5610000,5610000
KAB. BUNGO,RSUD H. HANAFIE MUARA BUNGO - 1.02.0.00.0.00.02.0000,10860026000,66976940;67208048,2026,Non Tender,BLUD,CV.SUMATERA KARYA MANDIRI,Pengadaan Langsung,Pekerjaan Konstruksi,",Belanja Barang dan Jasa BLUD (Rehabilitasi Gedung Interne Bedah)",SELESAI,478000000,478000000
KAB. BUNGO,BADAN PENGELOLA KEUANGAN DAN ASET DAERAH KABUPATEN BUNGO - 5.02.0.00.0.00.01.0000,01KWA9WR4CG5YYSXKMVXN1TJKK,65994719,2026,E-Katalog 6.0,APBD,AMMAR ABADI,E-Purchasing,Barang,Belanja Alat/Bahan untuk Kegiatan Kantor- Kertas dan Cover,ON PROCESS,515040,515040
KAB. BUNGO,DINAS PEKERJAAN UMUM DAN PENATAAN RUANG KAB. BUNGO - 1.03.0.00.0.00.01.0000,10865120000,67113571,2026,Non Tender,APBD,ARIEF RIZCKY,Pengadaan Langsung,Jasa Konsultansi Perorangan Konstruksi,Supervisi Pengawasan Rekonstruksi Jalan - Operator Komputer II,SELESAI,16500000,16500000
KAB. BUNGO,DINAS LINGKUNGAN HIDUP KAB. BUNGO - 2.11.0.00.0.00.01.0000,158043,,2026,Tokodaring,,,E-Purchasing,Pengadaan Barang,,,649700,649700
KAB. BUNGO,SEKRETARIAT DEWAN PERWAKILAN RAKYAT DAERAH KAB. BUNGO - 4.02.0.00.0.00.01.0000,146078,,2026,Tokodaring,,,E-Purchasing,Pengadaan Barang,,,2708000,2708000
KAB. BUNGO,DINAS KESEHATAN KAB. BUNGO - 1.02.0.00.0.00.01.0000,01KVA93FFW4QKD9RXCNPAMEDMD,65191213,2026,E-Katalog 6.0,APBD,KINGLAB INDONESIA,E-Purchasing,Barang,Belanja Bahan-Bahan Kimia,ON PROCESS,44669730,44669730
KAB. BUNGO,DINAS KOPERASI USAHA KECIL MENENGAH PERINDUSTRIAN DAN PERDAGANGAN KAB. BUNGO - 2.17.3.31.3.30.01.0000,154757,,2026,Tokodaring,,,E-Purchasing,Pengadaan Barang,,,3258304,3258304
KAB. BUNGO,DINAS PEKERJAAN UMUM DAN PENATAAN RUANG KAB. BUNGO - 1.03.0.00.0.00.01.0000,10833351000,66722314,2026,Non Tender,APBD,KHAIRUl IRWANDI,Pengadaan Langsung,Jasa Konsultansi Perorangan Konstruksi,Jasa Supervisi Pengawasan - Surveyor I,SELESAI,24800000,24800000
KAB. BUNGO,RSUD H. HANAFIE MUARA BUNGO - 1.02.0.00.0.00.02.0000,01KQ6PHYB83092B5WNT3YRJES4,66871541,2026,E-Katalog 6.0,BLUD,HENDERY,E-Purchasing,Barang,Belanja Barang dan Jasa BLUD (Belanja Pemeliharaan Komputer),ON PROCESS,2902650,0
KAB. BUNGO,DINAS PEKERJAAN UMUM DAN PENATAAN RUANG KAB. BUNGO - 1.03.0.00.0.00.01.0000,10140646000,65657799,2026,Tender,APBD,,Seleksi,Jasa Konsultansi Badan Usaha Konstruksi,Updating Dokumen Intake SPAM IKK Rimbo Tengah,BERLANGSUNG,249999750,249999750
KAB. BUNGO,DINAS PEKERJAAN UMUM DAN PENATAAN RUANG KAB. BUNGO - 1.03.0.00.0.00.01.0000,10929136000,67377947,2026,Non Tender,APBD,Ahlan dulino,Pengadaan Langsung,Jasa Konsultansi Perorangan Konstruksi,Supervisi Pengawasan Pembangunan Jembatan - Inspektor I,SELESAI,23100000,23100000
KAB. BUNGO,BADAN PENGELOLA KEUANGAN DAN ASET DAERAH KABUPATEN BUNGO - 5.02.0.00.0.00.01.0000,01KP30QNZFMBV3PGQBE2N1WTBM,65936743,2026,E-Katalog 6.0,APBD,AMMAR ABADI,E-Purchasing,Barang,Belanja Alat/Bahan untuk Kegiatan Kantor- Bahan Cetak,ON PROCESS,13042500,13042500
KAB. BUNGO,DINAS PEKERJAAN UMUM DAN PENATAAN RUANG KAB. BUNGO - 1.03.0.00.0.00.01.0000,10842216000,66988846,2026,Non Tender,APBD,Nica dwi adriani,Pengadaan Langsung,Jasa Konsultansi Perorangan Konstruksi,Supervisi Perencanaan Teknis Jalan - Operator Komputer II,SELESAI,22000000,22000000
KAB. BUNGO,DINAS PEMBERDAYAAN MASYARAKAT DAN DUSUN KAB. BUNGO - 2.13.0.00.0.00.01.0000,145008,,2026,Tokodaring,,,E-Purchasing,Pengadaan Barang,,,3120000,3120000
KAB. BUNGO,DINAS PEKERJAAN UMUM DAN PENATAAN RUANG KAB. BUNGO - 1.03.0.00.0.00.01.0000,01KQ9FC4AA1R52VPMSPXZ38FX0,66835680,2026,E-Katalog 6.0,APBD,YULIA,E-Purchasing,Barang,Pengadaan Bahan IPA Sungai Pinang,ON PROCESS,123750126,123750126
KAB. BUNGO,DINAS LINGKUNGAN HIDUP KAB. BUNGO - 2.11.0.00.0.00.01.0000,148475,,2026,Tokodaring,,,E-Purchasing,Pengadaan Barang,,,1684750,1684750
KAB. BUNGO,DINAS LINGKUNGAN HIDUP KAB. BUNGO - 2.11.0.00.0.00.01.0000,01KJS3CJF82WSQ169R6YE31T8C,65198256,2026,E-Katalog 6.0,APBD,AMMAR ABADI,E-Purchasing,Jasa Lainnya,Belanja Alat/Bahan untuk Kegiatan Kantor- Bahan Cetak,ON PROCESS,1491071,1491071
KAB. BUNGO,KECAMATAN PASAR MUARA BUNGO - 7.01.0.00.0.00.01.0000,01KJEE17TC6YBWARB4R5PAWMJZ,64995576,2026,E-Katalog 6.0,APBD,AFNI,E-Purchasing,Barang,Belanja Pakaian Batik Tradisional,PAYMENT OUTSIDE SYSTEM,13286700,13286700
KAB. BUNGO,DINAS LINGKUNGAN HIDUP KAB. BUNGO - 2.11.0.00.0.00.01.0000,149550,,2026,Tokodaring,,,E-Purchasing,Pengadaan Barang,,,1149000,1149000
KAB. BUNGO,DINAS PEKERJAAN UMUM DAN PENATAAN RUANG KAB. BUNGO - 1.03.0.00.0.00.01.0000,10798675000,66066675,2026,Non Tender,APBD,Agung Maulana,Pengadaan Langsung,Jasa Konsultansi Perorangan Konstruksi,Jasa Supervisi Perencanaan Konstruksi Teknik Sipil Air - Tenaga Teknik I,SELESAI,23450000,23450000
KAB. BUNGO,SEKRETARIAT DAERAH KAB. BUNGO - 4.01.0.00.0.00.01.0000,01KRD8035AHF5GSKM1DY9JJCQ5,66870056,2026,E-Katalog 6.0,APBD,AHMAD MARZUKI,E-Purchasing,Jasa Lainnya,Belanja Sewa Kendaraan Bermotor Angkutan Barang,ON PROCESS,6859800,6859800
KAB. BUNGO,DINAS PEKERJAAN UMUM DAN PENATAAN RUANG KAB. BUNGO - 1.03.0.00.0.00.01.0000,10865033000,67114364,2026,Non Tender,APBD,ANDRY ANHAR,Pengadaan Langsung,Jasa Konsultansi Perorangan Konstruksi,Supervisi Pengawasan Rekonstruksi Jalan - Inspektor,SELESAI,25500000,25500000
KAB. BUNGO,DINAS PEKERJAAN UMUM DAN PENATAAN RUANG KAB. BUNGO - 1.03.0.00.0.00.01.0000,10785350000,65876286;65888425,2026,Non Tender,APBD,M. ILHAM AKBAR,Pengadaan Langsung,Jasa Konsultansi Perorangan Konstruksi,Jasa Supervisi Pengawasan - Inspektor II,SELESAI,23450000,23450000
KAB. BUNGO,SEKRETARIAT DEWAN PERWAKILAN RAKYAT DAERAH KAB. BUNGO - 4.02.0.00.0.00.01.0000,144823,,2026,Tokodaring,,,E-Purchasing,Pengadaan Barang,,,1157000,1157000
KAB. BUNGO,BADAN KEPEGAWAIAN PENGEMBANGAN SUMBER DAYA MANUSIA DAERAH KAB. BUNGO - 5.03.5.04.0.00.01.0000,01KNR67F6T095VWPK2ZDGHQ19R,65276350,2026,E-Katalog 6.0,APBD,AMMAR ABADI,E-Purchasing,Barang,Belanja Alat/Bahan untuk Kegiatan Kantor-Alat Tulis Kantor,PAYMENT OUTSIDE SYSTEM,14505535,14505535
KAB. BUNGO,DINAS PEKERJAAN UMUM DAN PENATAAN RUANG KAB. BUNGO - 1.03.0.00.0.00.01.0000,10784982000,65838452,2026,Non Tender,APBD,Addinul Hafiz Asyira,Pengadaan Langsung,Jasa Konsultansi Perorangan Konstruksi,Jasa Supervisi Perencanaan kontruksi - Drafter II,SELESAI,24800000,24800000
KAB. BUNGO,BADAN PENGELOLA PAJAK DAN RETRIBUSI DAERAH KABUPATEN BUNGO - 5.02.0.00.0.00.02.0000,01KKJJTD4BW1KQ45CJTGXMMSHV,65256454,2026,E-Katalog 6.0,APBD,AMMAR ABADI,E-Purchasing,Barang,Belanja Alat/Bahan untuk Kegiatan Kantor- Bahan Cetak,ON PROCESS,525000,525000
KAB. BUNGO,DINAS PEKERJAAN UMUM DAN PENATAAN RUANG KAB. BUNGO - 1.03.0.00.0.00.01.0000,10842103000,66988320,2026,Non Tender,APBD,Imam teguh s,Pengadaan Langsung,Jasa Konsultansi Perorangan Konstruksi,Supervisi Perencanaan Teknis Jalan - Drafter/Surveyor I,SELESAI,24800000,24800000
KAB. BUNGO,DINAS PEKERJAAN UMUM DAN PENATAAN RUANG KAB. BUNGO - 1.03.0.00.0.00.01.0000,01KQ9F5EETCMWGZ9JR44Q3JQDB,66835680,2026,E-Katalog 6.0,APBD,YULIA,E-Purchasing,Barang,Pengadaan Bahan IPA Sungai Pinang,ON PROCESS,186480000,186480000
KAB. BUNGO,DINAS LINGKUNGAN HIDUP KAB. BUNGO - 2.11.0.00.0.00.01.0000,143972,,2026,Tokodaring,,,E-Purchasing,Pengadaan Barang,,,11070000,11070000
KAB. BUNGO,DINAS PEKERJAAN UMUM DAN PENATAAN RUANG KAB. BUNGO - 1.03.0.00.0.00.01.0000,10833453000,66724502;66996773,2026,Non Tender,APBD,Mia Jul Azra,Pengadaan Langsung,Jasa Konsultansi Perorangan Konstruksi,",Jasa Supervisi Perencanaan - Operator Komputer",SELESAI,22000000,22000000
KAB. BUNGO,SEKRETARIAT DAERAH KAB. BUNGO - 4.01.0.00.0.00.01.0000,147085,,2026,Tokodaring,,,E-Purchasing,Pengadaan Barang,,,21658000,21658000
KAB. BUNGO,DINAS KOPERASI USAHA KECIL MENENGAH PERINDUSTRIAN DAN PERDAGANGAN KAB. BUNGO - 2.17.3.31.3.30.01.0000,01KSH2G8KQPZARW60D8BT8SRPG,65048257,2026,E-Katalog 6.0,APBD,PRAUSA FERRY TAMA,E-Purchasing,Barang,Belanja Alat/Bahan untuk Kegiatan Kantor-Alat Tulis Kantor,ON PROCESS,121878,121878
KAB. BUNGO,DINAS LINGKUNGAN HIDUP KAB. BUNGO - 2.11.0.00.0.00.01.0000,150413,,2026,Tokodaring,,,E-Purchasing,Pengadaan Barang,,,900000,900000
KAB. BUNGO,DINAS PERUMAHAN DAN KAWASAN PERMUKIMAN KAB. BUNGO - 1.04.2.11.1.03.01.0000,154735,,2026,Tokodaring,,,E-Purchasing,Pengadaan Barang,,,1641000,1641000
KAB. BUNGO,BADAN PENGELOLA KEUANGAN DAN ASET DAERAH KABUPATEN BUNGO - 5.02.0.00.0.00.01.0000,01KNPRT85E3VJMGN3DEKA8KE2J,65995212,2026,E-Katalog 6.0,APBD,AMMAR ABADI,E-Purchasing,Barang,Belanja Alat/Bahan untuk Kegiatan Kantor-Bahan Komputer,ON PROCESS,3625260,3625260
KAB. BUNGO,DINAS PEKERJAAN UMUM DAN PENATAAN RUANG KAB. BUNGO - 1.03.0.00.0.00.01.0000,01KPQERQHWKXSWADW4J5PH5CS8,65149852,2026,E-Katalog 6.0,APBD,SUPE PATIMAH,E-Purchasing,Barang,Belanja Alat/Bahan untuk Kegiatan Kantor- Bahan Cetak,PAYMENT OUTSIDE SYSTEM,2487044,2487044
KAB. BUNGO,SEKRETARIAT DAERAH KAB. BUNGO - 4.01.0.00.0.00.01.0000,01KRX1HHD1PN6MKEPWMD4EMYF1,66982499,2026,E-Katalog 6.0,APBD,MUHAMMAD TRI ANDHANY,E-Purchasing,Barang,Belanja Makanan dan Minuman Rapat,PAYMENT OUTSIDE SYSTEM,10754000,10754000
KAB. BUNGO,DINAS PEKERJAAN UMUM DAN PENATAAN RUANG KAB. BUNGO - 1.03.0.00.0.00.01.0000,10833384000,66722670,2026,Non Tender,APBD,M. GHALIB ALRAJABY,Pengadaan Langsung,Jasa Konsultansi Perorangan Konstruksi,Jasa Supervisi Pengawasan - Operator Komputer,SELESAI,22000000,22000000
KAB. BUNGO,DINAS PEKERJAAN UMUM DAN PENATAAN RUANG KAB. BUNGO - 1.03.0.00.0.00.01.0000,10929143000,67377587,2026,Non Tender,APBD,Mat sopingi,Pengadaan Langsung,Jasa Konsultansi Perorangan Konstruksi,Supervisi Pengawasan Pembangunan Jembatan - Inspektor II,SELESAI,20100000,20100000
KAB. BUNGO,BADAN KEPEGAWAIAN PENGEMBANGAN SUMBER DAYA MANUSIA DAERAH KAB. BUNGO - 5.03.5.04.0.00.01.0000,01KQY250EB1296YQF97D12SVH2,65368543,2026,E-Katalog 6.0,APBD,AMMAR ABADI,E-Purchasing,Barang,Belanja Alat/Bahan untuk Kegiatan Kantor-Alat Tulis Kantor,PAYMENT OUTSIDE SYSTEM,1665000,1665000
KAB. BUNGO,DINAS PERUMAHAN DAN KAWASAN PERMUKIMAN KAB. BUNGO - 1.04.2.11.1.03.01.0000,01KRAZY5WNATDXMF5FGTJ8B8VR,67046084,2026,E-Katalog 6.0,APBD,KODOK IJO COMMUNICATION,E-Purchasing,Barang,Belanja Sosialisasi  PBG,ON PROCESS,40000000,40000000
KAB. BUNGO,DINAS KEPENDUDUKAN DAN PENCATATAN SIPIL KAB. BUNGO - 2.12.0.00.0.00.01.0000,01KSHM7VQTQ8HE17REE4RAHS9J,65078465,2026,E-Katalog 6.0,APBD,AMMAR ABADI,E-Purchasing,Barang,Belanja Alat/Bahan untuk Kegiatan Kantor-Alat Tulis Kantor,ON PROCESS,13502595,13502595
KAB. BUNGO,BADAN PENGELOLA PAJAK DAN RETRIBUSI DAERAH KABUPATEN BUNGO - 5.02.0.00.0.00.02.0000,01KKJJHA57Q0GYEJRGEG98AKJG,65256531,2026,E-Katalog 6.0,APBD,AMMAR ABADI,E-Purchasing,Barang,Belanja Alat/Bahan untuk Kegiatan Kantor- Bahan Cetak,ON PROCESS,3915081,3915081
KAB. BUNGO,SEKRETARIAT DEWAN PERWAKILAN RAKYAT DAERAH KAB. BUNGO - 4.02.0.00.0.00.01.0000,144804,,2026,Tokodaring,,,E-Purchasing,Pengadaan Barang,,,3722000,3722000
KAB. BUNGO,DINAS LINGKUNGAN HIDUP KAB. BUNGO - 2.11.0.00.0.00.01.0000,148462,,2026,Tokodaring,,,E-Purchasing,Pengadaan Barang,,,184000,184000
KAB. BUNGO,RSUD H. HANAFIE MUARA BUNGO - 1.02.0.00.0.00.02.0000,01KPMZV7PDAG8J0BJXRQS8HBSA,66496530,2026,E-Katalog 6.0,BLUD,HENDERY,E-Purchasing,Barang,Belanja Modal Peralatan dan Mesin BLUD - Komputer (Komputer PC),ON PROCESS,3674100,0
KAB. BUNGO,DINAS KEPENDUDUKAN DAN PENCATATAN SIPIL KAB. BUNGO - 2.12.0.00.0.00.01.0000,01KNTMDQMQQ4838014M25Q9JFZ,64890087,2026,E-Katalog 6.0,APBD,AMMAR ABADI,E-Purchasing,Barang,Belanja Alat/Bahan untuk Kegiatan Kantor- Bahan Cetak,PAYMENT OUTSIDE SYSTEM,10489500,10489500
KAB. BUNGO,DINAS LINGKUNGAN HIDUP KAB. BUNGO - 2.11.0.00.0.00.01.0000,01KJS7NCD3H6EDKHSJCZ18YBNC,65284713,2026,E-Katalog 6.0,APBD,AMMAR ABADI,E-Purchasing,Barang,Belanja Alat/Bahan untuk Kegiatan Kantor-Alat/Bahan untuk Kegiatan Kantor Lainnya,ON PROCESS,1851480,1851480
KAB. BUNGO,DINAS PEKERJAAN UMUM DAN PENATAAN RUANG KAB. BUNGO - 1.03.0.00.0.00.01.0000,01KPWF67Z5XSD29B88FKJ8VTGR,66960891,2026,E-Katalog 6.0,APBD,YULIA,E-Purchasing,Barang,pengadaan material pembangunan box culvert ds. lubuk niur,ON PROCESS,63557379,63557379
KAB. BUNGO,DINAS LINGKUNGAN HIDUP KAB. BUNGO - 2.11.0.00.0.00.01.0000,143947,,2026,Tokodaring,,,E-Purchasing,Pengadaan Barang,,,4182000,4182000
KAB. BUNGO,DINAS LINGKUNGAN HIDUP KAB. BUNGO - 2.11.0.00.0.00.01.0000,143965,,2026,Tokodaring,,,E-Purchasing,Pengadaan Barang,,,22275000,22275000
KAB. BUNGO,DINAS PEKERJAAN UMUM DAN PENATAAN RUANG KAB. BUNGO - 1.03.0.00.0.00.01.0000,10138330000,65693645,2026,Tender,APBD,,Tender,Pekerjaan Konstruksi,Jembatan Gantung Sungai Gurun,BERLANGSUNG,900000000,900000000
KAB. BUNGO,DINAS LINGKUNGAN HIDUP KAB. BUNGO - 2.11.0.00.0.00.01.0000,143969,,2026,Tokodaring,,,E-Purchasing,Pengadaan Barang,,,11070000,11070000
KAB. BUNGO,DINAS KOPERASI USAHA KECIL MENENGAH PERINDUSTRIAN DAN PERDAGANGAN KAB. BUNGO - 2.17.3.31.3.30.01.0000,01KRFVWBP6S31V7V26XR94CGTB,67108987,2026,E-Katalog 6.0,APBD,PRAUSA FERRY TAMA,E-Purchasing,Jasa Lainnya,Belanja Alat/Bahan untuk Kegiatan Kantor- Bahan Cetak,ON PROCESS,1088355,1088355
KAB. BUNGO,RSUD H. HANAFIE MUARA BUNGO - 1.02.0.00.0.00.02.0000,01KQRCGXJGDCVVZK3Q33352WFR,66442438,2026,E-Katalog 6.0,BLUD,KALBE FARMA,E-Purchasing,Barang,Belanja Barang dan Jasa BLUD (Belanja Bahan Obat),ON PROCESS,49696565,49696565
KAB. BUNGO,RSUD H. HANAFIE MUARA BUNGO - 1.02.0.00.0.00.02.0000,01KWGMD9KT3Z6NF9P8E8MZVKN3,66442438,2026,E-Katalog 6.0,BLUD,KALBE FARMA,E-Purchasing,Barang,Belanja Barang dan Jasa BLUD (Belanja Bahan Obat),ON PROCESS,45465906,45465906
KAB. BUNGO,RSUD H. HANAFIE MUARA BUNGO - 1.02.0.00.0.00.02.0000,01KNRR1GNHG2C4FRS6T0EEZFTB,66871541,2026,E-Katalog 6.0,BLUD,HENDERY,E-Purchasing,Barang,Belanja Barang dan Jasa BLUD (Belanja Pemeliharaan Komputer),ON PROCESS,6987450,6987450
KAB. BUNGO,DINAS PERUMAHAN DAN KAWASAN PERMUKIMAN KAB. BUNGO - 1.04.2.11.1.03.01.0000,01KPM8A4B023ZKXKXYMQ45YSBF,65398179,2026,E-Katalog 6.0,APBD,JAYA INDAH MOTOR,E-Purchasing,Jasa Lainnya,Belanja Pemeliharaan Alat Angkutan-Alat Angkutan Darat Bermotor-Kendaraan Bermotor Angkutan Barang,ON PROCESS,21411900,21411900
KAB. BUNGO,RSUD H. HANAFIE MUARA BUNGO - 1.02.0.00.0.00.02.0000,01KQTYH6Q05G2JNH00D4KST9CR,67044837,2026,E-Katalog 6.0,BLUD,HENDERY,E-Purchasing,Jasa Lainnya,Belanja Barang dan Jasa BLUD (Belanja Pemeliharaan Jaringan Komputer),ON PROCESS,55011600,55011600
KAB. BUNGO,DINAS PEKERJAAN UMUM DAN PENATAAN RUANG KAB. BUNGO - 1.03.0.00.0.00.01.0000,01KTB72G6N060F4FTKW6Y2S4AR,65895185,2026,E-Katalog 6.0,APBD,SUPE PATIMAH,E-Purchasing,Barang,Foto Copy,ON PROCESS,17482500,17482500
KAB. BUNGO,DINAS LINGKUNGAN HIDUP KAB. BUNGO - 2.11.0.00.0.00.01.0000,146802,,2026,Tokodaring,,,E-Purchasing,Pengadaan Barang,,,3623000,3623000
KAB. BUNGO,SEKRETARIAT DAERAH KAB. BUNGO - 4.01.0.00.0.00.01.0000,01KRFH4C6B3M7P5GRE6REAJXZN,66870056,2026,E-Katalog 6.0,APBD,SINAR DEMPO BANGUN PERSADA,E-Purchasing,Jasa Lainnya,Belanja Sewa Kendaraan Bermotor Angkutan Barang,PAYMENT OUTSIDE SYSTEM,54000000,54000000
KAB. BUNGO,DINAS PEKERJAAN UMUM DAN PENATAAN RUANG KAB. BUNGO - 1.03.0.00.0.00.01.0000,01KPWE5BZS6GYH9RRG8X7VQFTS,66960891,2026,E-Katalog 6.0,APBD,AIRDJAYA PERKASA,E-Purchasing,Barang,pengadaan material pembangunan box culvert ds. lubuk niur,ON PROCESS,9490211,9490211
KAB. BUNGO,DINAS LINGKUNGAN HIDUP KAB. BUNGO - 2.11.0.00.0.00.01.0000,01KVYC1W1QD61K17E8NKX1637F,65164877,2026,E-Katalog 6.0,APBD,AMMAR ABADI,E-Purchasing,Barang,Belanja Alat/Bahan untuk Kegiatan Kantor- Kertas dan Cover,ON PROCESS,6748800,6748800
KAB. BUNGO,DINAS PERUMAHAN DAN KAWASAN PERMUKIMAN KAB. BUNGO - 1.04.2.11.1.03.01.0000,154554,,2026,Tokodaring,,,E-Purchasing,Pengadaan Barang,,,6905000,6905000
KAB. BUNGO,DINAS PEMBERDAYAAN MASYARAKAT DAN DUSUN KAB. BUNGO - 2.13.0.00.0.00.01.0000,144990,,2026,Tokodaring,,,E-Purchasing,Pengadaan Barang,,,2550000,2550000
KAB. BUNGO,DINAS LINGKUNGAN HIDUP KAB. BUNGO - 2.11.0.00.0.00.01.0000,01KJEK89DFF83RY49V765VWW6W,65195749,2026,E-Katalog 6.0,APBD,AMMAR ABADI,E-Purchasing,Jasa Lainnya,Belanja Cetak Biasa,ON PROCESS,1619978,1619978
KAB. BUNGO,BADAN PENGELOLA KEUANGAN DAN ASET DAERAH KABUPATEN BUNGO - 5.02.0.00.0.00.01.0000,01KP7Q3VDGKBJTBH0C4WM0KMAK,65911646,2026,E-Katalog 6.0,APBD,AMMAR ABADI,E-Purchasing,Barang,Belanja Alat/Bahan untuk Kegiatan Kantor- Bahan Cetak,ON PROCESS,17423226,17423226
KAB. BUNGO,DINAS PEKERJAAN UMUM DAN PENATAAN RUANG KAB. BUNGO - 1.03.0.00.0.00.01.0000,10833424000,66723682;66996753,2026,Non Tender,APBD,Riza sandayu,Pengadaan Langsung,Jasa Konsultansi Perorangan Konstruksi,",Jasa Supervisi Perencanaan - Drafter",SELESAI,24800000,24800000
KAB. BUNGO,DINAS PEKERJAAN UMUM DAN PENATAAN RUANG KAB. BUNGO - 1.03.0.00.0.00.01.0000,10785096000,65838646,2026,Non Tender,APBD,EKA JULIANTO,Pengadaan Langsung,Jasa Konsultansi Perorangan Konstruksi,Jasa Supervisi Pengawasan - Operator Komputer,SELESAI,21000000,21000000
KAB. BUNGO,DINAS KEPENDUDUKAN DAN PENCATATAN SIPIL KAB. BUNGO - 2.12.0.00.0.00.01.0000,01KW8QW4EXCTHAZWRPRJQ4XBJE,64891154,2026,E-Katalog 6.0,APBD,AMMAR ABADI,E-Purchasing,Barang,Belanja Alat/Bahan untuk Kegiatan Kantor-Alat/Bahan untuk Kegiatan Kantor Lainnya,ON PROCESS,2440008,2440008
KAB. BUNGO,DINAS LINGKUNGAN HIDUP KAB. BUNGO - 2.11.0.00.0.00.01.0000,155798,,2026,Tokodaring,,,E-Purchasing,Pengadaan Barang,,,3105000,3105000
KAB. BUNGO,DINAS PETERNAKAN DAN PERIKANAN KAB. BUNGO - 3.27.3.25.0.00.01.0000,01KNRA9XM1E1KJ0EQ21TKVK7MG,65095058,2026,E-Katalog 6.0,APBD,SUPE PATIMAH,E-Purchasing,Barang,Belanja Alat/Bahan untuk Kegiatan Kantor-Bahan Komputer,PAYMENT OUTSIDE SYSTEM,4370625,4370625
KAB. BUNGO,DINAS PEKERJAAN UMUM DAN PENATAAN RUANG KAB. BUNGO - 1.03.0.00.0.00.01.0000,10798682000,65990735,2026,Non Tender,APBD,Ahmad Nopik,Pengadaan Langsung,Jasa Konsultansi Perorangan Konstruksi,Jasa Supervisi Perencanaan Konstruksi Teknik Sipil Air - Surveyor II,SELESAI,18200000,18200000
KAB. BUNGO,DINAS LINGKUNGAN HIDUP KAB. BUNGO - 2.11.0.00.0.00.01.0000,143971,,2026,Tokodaring,,,E-Purchasing,Pengadaan Barang,,,11070000,11070000
KAB. BUNGO,DINAS PENDIDIKAN DAN KEBUDAYAAN KAB. BUNGO - 1.01.2.22.0.00.01.0000,10887442000,66278358,2026,Non Tender,APBD,CV. MULTI GUNA,Pengadaan Langsung,Jasa Konsultansi Badan Usaha Konstruksi,Belanja Jasa Konsultansi Pengawasan Arsitektur (Pemeliharaan/rehabilitasi gedung kantor),SELESAI,14918400,14918400
KAB. BUNGO,RSUD H. HANAFIE MUARA BUNGO - 1.02.0.00.0.00.02.0000,01KPWRB9GZ2JZ1SCGNRQVD3R1B,66709036,2026,E-Katalog 6.0,BLUD,ADI SUKMARA JAYA,E-Purchasing,Barang,Belanja Modal Peralatan dan Mesin BLUD - Komputer (Komputer Server),PAYMENT OUTSIDE SYSTEM,261500000,0
KAB. BUNGO,BADAN PENGELOLA PAJAK DAN RETRIBUSI DAERAH KABUPATEN BUNGO - 5.02.0.00.0.00.02.0000,01KKTKE0HAXF7X3R9S6STW9M5T,65256485,2026,E-Katalog 6.0,APBD,AMMAR ABADI,E-Purchasing,Barang,Belanja Alat/Bahan untuk Kegiatan Kantor-Alat Tulis Kantor,ON PROCESS,8518748,8518748
KAB. BUNGO,DINAS TANAMAN PANGAN HORTIKULTURA DAN PERKEBUNAN KAB. BUNGO - 3.27.0.00.0.00.01.0000,01KRFR88KAAJFXXJEGPKCFNCC0,65160260,2026,E-Katalog 6.0,APBD,ANUGERAH SANDI AGRO,E-Purchasing,Barang,Belanja Obat-Obatan-Obat-Obatan Lainnya,ON PROCESS,97125000,97125000
KAB. BUNGO,DINAS LINGKUNGAN HIDUP KAB. BUNGO - 2.11.0.00.0.00.01.0000,01KJRTHD08V6YX7S8K47SBXX20,65284715,2026,E-Katalog 6.0,APBD,AMMAR ABADI,E-Purchasing,Barang,Belanja Peralatan dan Mesin-Alat Kantor dan Rumah Tangga-Alat Rumah Tangga-Alat Pembersih,ON PROCESS,359640,359640
KAB. BUNGO,DINAS LINGKUNGAN HIDUP KAB. BUNGO - 2.11.0.00.0.00.01.0000,158019,,2026,Tokodaring,,,E-Purchasing,Pengadaan Barang,,,104000,104000
KAB. BUNGO,BADAN PENGELOLA KEUANGAN DAN ASET DAERAH KABUPATEN BUNGO - 5.02.0.00.0.00.01.0000,01KNR7KE3DCY7PDNMEB59BFNSX,65994828,2026,E-Katalog 6.0,APBD,AMMAR ABADI,E-Purchasing,Barang,Belanja Alat/Bahan untuk Kegiatan Kantor- Kertas dan Cover,ON PROCESS,13353300,13353300
KAB. BUNGO,BADAN PENGELOLA KEUANGAN DAN ASET DAERAH KABUPATEN BUNGO - 5.02.0.00.0.00.01.0000,01KWAAK787TJP792B2MWK492W6,65994829,2026,E-Katalog 6.0,APBD,AMMAR ABADI,E-Purchasing,Barang,Belanja Alat/Bahan untuk Kegiatan Kantor- Bahan Cetak,ON PROCESS,2300364,2300364
KAB. BUNGO,SEKRETARIAT DEWAN PERWAKILAN RAKYAT DAERAH KAB. BUNGO - 4.02.0.00.0.00.01.0000,144806,,2026,Tokodaring,,,E-Purchasing,Pengadaan Barang,,,1198500,1198500
KAB. BUNGO,DINAS PEKERJAAN UMUM DAN PENATAAN RUANG KAB. BUNGO - 1.03.0.00.0.00.01.0000,01KT6C9VCBADK6G6QENSDY7ZR3,67240768,2026,E-Katalog 6.0,APBD,ABDI JAYA BARU,E-Purchasing,Barang,pengadaan agregat CTSB Jl. Tugu Ikan Sei. Buluh,ON PROCESS,131118750,131118750
KAB. BUNGO,RSUD H. HANAFIE MUARA BUNGO - 1.02.0.00.0.00.02.0000,01KQE98EPJXJ4G2M16BC82S1NC,66442438,2026,E-Katalog 6.0,BLUD,DEXA MEDICA,E-Purchasing,Barang,Belanja Barang dan Jasa BLUD (Belanja Bahan Obat),ON PROCESS,139125754,139125754
KAB. BUNGO,DINAS KOPERASI USAHA KECIL MENENGAH PERINDUSTRIAN DAN PERDAGANGAN KAB. BUNGO - 2.17.3.31.3.30.01.0000,01KRFNSFEA094F8VY34BYVPFXD,65048257,2026,E-Katalog 6.0,APBD,PRAUSA FERRY TAMA,E-Purchasing,Barang,Belanja Alat/Bahan untuk Kegiatan Kantor-Alat Tulis Kantor,ON PROCESS,2256408,2256408
KAB. BUNGO,SEKRETARIAT DAERAH KAB. BUNGO - 4.01.0.00.0.00.01.0000,01KTQK36SQ3404FTAWR37A2F7X,64915586,2026,E-Katalog 6.0,APBD,ALFIAN CHANDRA YUDHA,E-Purchasing,Barang,Belanja Alat/Bahan untuk Kegiatan Kantor-Alat Tulis Kantor,ON PROCESS,2779995,2779995
KAB. BUNGO,BADAN PENGELOLA KEUANGAN DAN ASET DAERAH KABUPATEN BUNGO - 5.02.0.00.0.00.01.0000,01KNPZ3JBV0Z62YQYETHKQMHC3,65996442,2026,E-Katalog 6.0,APBD,AMMAR ABADI,E-Purchasing,Barang,Belanja Alat/Bahan untuk Kegiatan Kantor-Alat Tulis Kantor,ON PROCESS,4964753,4964753
KAB. BUNGO,DINAS PEKERJAAN UMUM DAN PENATAAN RUANG KAB. BUNGO - 1.03.0.00.0.00.01.0000,10865073000,67114291,2026,Non Tender,APBD,AGUNG MUSJULIO PRATAMA,Pengadaan Langsung,Jasa Konsultansi Perorangan Konstruksi,Supervisi Pengawasan Rekonstruksi Jalan - Surveyor I,SELESAI,18600000,18600000
KAB. BUNGO,SEKRETARIAT DAERAH KAB. BUNGO - 4.01.0.00.0.00.01.0000,146797,,2026,Tokodaring,,,E-Purchasing,Pengadaan Barang,,,1250000,1250000
KAB. BUNGO,DINAS KETAHANAN PANGAN KAB. BUNGO - 2.09.0.00.0.00.01.0000,157127,,2026,Tokodaring,,,E-Purchasing,Pengadaan Barang,,,600000,600000
KAB. BUNGO,BADAN PENGELOLA KEUANGAN DAN ASET DAERAH KABUPATEN BUNGO - 5.02.0.00.0.00.01.0000,01KP30AWEA1W8ZZBRMS4DE6RAV,65936745,2026,E-Katalog 6.0,APBD,AMMAR ABADI,E-Purchasing,Barang,Belanja Alat/Bahan untuk Kegiatan Kantor- Kertas dan Cover,ON PROCESS,999000,999000
KAB. BUNGO,DINAS PETERNAKAN DAN PERIKANAN KAB. BUNGO - 3.27.3.25.0.00.01.0000,01KP2C1VQVF2E26TBJR4DTEVPK,65169613,2026,E-Katalog 6.0,APBD,CANANG JAYA,E-Purchasing,Barang,Belanja Bahan-Bahan/Bibit Ternak/Bibit Ikan (Benih Ikan Semah),ON PROCESS,45697500,45697500
KAB. BUNGO,DINAS LINGKUNGAN HIDUP KAB. BUNGO - 2.11.0.00.0.00.01.0000,148154,,2026,Tokodaring,,,E-Purchasing,Pengadaan Barang,,,1830000,1830000
KAB. BUNGO,DINAS PEMBERDAYAAN MASYARAKAT DAN DUSUN KAB. BUNGO - 2.13.0.00.0.00.01.0000,145126,,2026,Tokodaring,,,E-Purchasing,Pengadaan Barang,,,1982100,1982100
KAB. BUNGO,DINAS PEKERJAAN UMUM DAN PENATAAN RUANG KAB. BUNGO - 1.03.0.00.0.00.01.0000,10842203000,66988738,2026,Non Tender,APBD,NICO ARYANTO,Pengadaan Langsung,Jasa Konsultansi Perorangan Konstruksi,Supervisi Perencanaan Teknis Jalan - Operator Komputer I,SELESAI,22000000,22000000
KAB. BUNGO,SEKRETARIAT DEWAN PERWAKILAN RAKYAT DAERAH KAB. BUNGO - 4.02.0.00.0.00.01.0000,159074,,2026,Tokodaring,,Ampera Sambalado,E-Purchasing,Pengadaan Barang,,,1000000,1000000
KAB. BUNGO,DINAS PENDIDIKAN DAN KEBUDAYAAN KAB. BUNGO - 1.01.2.22.0.00.01.0000,10887061000,66278359,2026,Non Tender,APBD,Cv. Bungo Sejahtera Famili,Pengadaan Langsung,Pekerjaan Konstruksi,Belanja Pemeliharaan Bangunan Gedung-Bangunan Gedung Tempat Kerja-Bangunan Gedung Kantor,SELESAI,354388648,354388648
KAB. BUNGO,RSUD H. HANAFIE MUARA BUNGO - 1.02.0.00.0.00.02.0000,01KVEVKW204K9SYGCZPF0GDBQ0,66496459,2026,E-Katalog 6.0,BLUD,VICTORY,E-Purchasing,Barang,Belanja Modal Peralatan dan Mesin BLUD - Peralatan Kantor dan Rumah Tangga (Peralatan Elektronik),ON PROCESS,42413100,42413100
KAB. BUNGO,RSUD H. HANAFIE MUARA BUNGO - 1.02.0.00.0.00.02.0000,01KWGR6WQYRZJ91FBBVJCM4CVE,66442438,2026,E-Katalog 6.0,BLUD,MITSUBISHI TANABE PHARMA INDONESIA,E-Purchasing,Barang,Belanja Barang dan Jasa BLUD (Belanja Bahan Obat),ON PROCESS,8581410,8581410
KAB. BUNGO,DINAS PERUMAHAN DAN KAWASAN PERMUKIMAN KAB. BUNGO - 1.04.2.11.1.03.01.0000,147201,,2026,Tokodaring,,,E-Purchasing,Pengadaan Barang,,,17553000,17553000
KAB. BUNGO,DINAS LINGKUNGAN HIDUP KAB. BUNGO - 2.11.0.00.0.00.01.0000,153038,,2026,Tokodaring,,,E-Purchasing,Pengadaan Barang,,,138000,138000
KAB. BUNGO,SEKRETARIAT DAERAH KAB. BUNGO - 4.01.0.00.0.00.01.0000,01KPWN2DX3KDP6C4BSD5TZJZDT,64915570,2026,E-Katalog 6.0,APBD,ALFIAN CHANDRA YUDHA,E-Purchasing,Barang,Belanja Bahan-Bahan Lainnya,PAYMENT OUTSIDE SYSTEM,527583,527583
KAB. BUNGO,BADAN PENGELOLA PAJAK DAN RETRIBUSI DAERAH KABUPATEN BUNGO - 5.02.0.00.0.00.02.0000,01KWBF4TSJG3QV8V0H2ZXCE7M8,65256487,2026,E-Katalog 6.0,APBD,AMMAR ABADI,E-Purchasing,Barang,Belanja Alat/Bahan untuk Kegiatan Kantor-Bahan Komputer,ON PROCESS,1971638,1971638
KAB. BUNGO,DINAS LINGKUNGAN HIDUP KAB. BUNGO - 2.11.0.00.0.00.01.0000,01KVYAQXZJQ2JX3C7Z6CXTZGR9,65164877,2026,E-Katalog 6.0,APBD,AMMAR ABADI,E-Purchasing,Barang,Belanja Alat/Bahan untuk Kegiatan Kantor- Kertas dan Cover,ON PROCESS,1391760,1391760
KAB. BUNGO,BADAN PENGELOLA KEUANGAN DAN ASET DAERAH KABUPATEN BUNGO - 5.02.0.00.0.00.01.0000,01KWA87Z6NHWE6HG9CE8B4Z20D,65996442,2026,E-Katalog 6.0,APBD,AMMAR ABADI,E-Purchasing,Barang,Belanja Alat/Bahan untuk Kegiatan Kantor-Alat Tulis Kantor,ON PROCESS,5101005,5101005
KAB. BUNGO,DINAS PENDIDIKAN DAN KEBUDAYAAN KAB. BUNGO - 1.01.2.22.0.00.01.0000,01KSFPCV27ZW25TWSZ5T4J4PYM,67142350,2026,E-Katalog 6.0,APBD,METRA - NET,E-Purchasing,Jasa Lainnya,Sewa Hosting SPMB SD dan SMP,ON PROCESS,149999983,149999983
KAB. BUNGO,DINAS PEKERJAAN UMUM DAN PENATAAN RUANG KAB. BUNGO - 1.03.0.00.0.00.01.0000,01KRX0P91KX48CXDBYGSPND5BP,67125637,2026,E-Katalog 6.0,APBD,BUNGO SEJAHTERA FAMILI,E-Purchasing,Barang,Rehabilitasi Gedung Serunai Baru,ON PROCESS,48951000,48951000
KAB. BUNGO,DINAS PEKERJAAN UMUM DAN PENATAAN RUANG KAB. BUNGO - 1.03.0.00.0.00.01.0000,10789778000,65973488;66081044,2026,Non Tender,APBD,ALDI GUNAWAN,Pengadaan Langsung,Jasa Konsultansi Perorangan Konstruksi,",Jasa Supervisi Pengawasan kontruksi Teknik sipil Air - Surveyor II",SELESAI,13000000,13000000
KAB. BUNGO,RSUD H. HANAFIE MUARA BUNGO - 1.02.0.00.0.00.02.0000,01KVPVEGFJ1YHJPWNGCHT0B9DF,67305974,2026,E-Katalog 6.0,BLUD,VICTORY,E-Purchasing,Barang,Belanja Modal Peralatan dan Mesin BLUD - Peralatan Kantor dan Rumah Tangga (CCTV + IP Phone),ON PROCESS,31829250,31829250
KAB. BUNGO,DINAS PEMBERDAYAAN MASYARAKAT DAN DUSUN KAB. BUNGO - 2.13.0.00.0.00.01.0000,01KTBJ4RNR277Z12ZSTW2J0SY2,64221619,2026,E-Katalog 6.0,APBD,ARENA JAYA NUSANTARA,E-Purchasing,Barang,Belanja Alat/Bahan untuk Kegiatan Kantor-Alat/Bahan untuk Kegiatan Kantor Lainnya,ON PROCESS,201465,201465
KAB. BUNGO,BADAN PENGELOLA KEUANGAN DAN ASET DAERAH KABUPATEN BUNGO - 5.02.0.00.0.00.01.0000,01KNPSVSSG9A680SDDDQ9ZKX86,65995233,2026,E-Katalog 6.0,APBD,AMMAR ABADI,E-Purchasing,Barang,Belanja Alat/Bahan untuk Kegiatan Kantor- Bahan Cetak,ON PROCESS,2761036,2761036
KAB. BUNGO,RSUD H. HANAFIE MUARA BUNGO - 1.02.0.00.0.00.02.0000,01KQRDTC83XZJHXH7B9GEG66YX,66442438,2026,E-Katalog 6.0,BLUD,PERUSAHAAN PERSEROAN (PERSERO) PT KIMIA FARMA,E-Purchasing,Barang,Belanja Barang dan Jasa BLUD (Belanja Bahan Obat),ON PROCESS,26126847,26126847
KAB. BUNGO,DINAS PEKERJAAN UMUM DAN PENATAAN RUANG KAB. BUNGO - 1.03.0.00.0.00.01.0000,10784970000,65838441,2026,Non Tender,APBD,Gustina,Pengadaan Langsung,Jasa Konsultansi Perorangan Konstruksi,Jasa Supervisi Perencanaan kontruksi - Drafter I,SELESAI,24800000,24800000
KAB. BUNGO,BADAN KEPEGAWAIAN PENGEMBANGAN SUMBER DAYA MANUSIA DAERAH KAB. BUNGO - 5.03.5.04.0.00.01.0000,01KVYR6D12J8YJ2FNW18MKKB91,65331136,2026,E-Katalog 6.0,APBD,AMMAR ABADI,E-Purchasing,Barang,Belanja Alat/Bahan untuk Kegiatan Kantor-Alat/Bahan untuk Kegiatan Kantor Lainnya,ON PROCESS,2980350,2980350
KAB. BUNGO,SEKRETARIAT DEWAN PERWAKILAN RAKYAT DAERAH KAB. BUNGO - 4.02.0.00.0.00.01.0000,144077,,2026,Tokodaring,,,E-Purchasing,Pengadaan Barang,,,28080000,28080000
KAB. BUNGO,BADAN PENGELOLA KEUANGAN DAN ASET DAERAH KABUPATEN BUNGO - 5.02.0.00.0.00.01.0000,01KNPYKB7WFJ1HT9P90M93TB3W,65996440,2026,E-Katalog 6.0,APBD,AMMAR ABADI,E-Purchasing,Barang,Belanja Alat/Bahan untuk Kegiatan Kantor-Bahan Komputer,ON PROCESS,1201020,1201020
KAB. BUNGO,DINAS PEKERJAAN UMUM DAN PENATAAN RUANG KAB. BUNGO - 1.03.0.00.0.00.01.0000,01KVPKYHT4KBE33ARZQHPN69ZM,67330121,2026,E-Katalog 6.0,APBD,YULIA,E-Purchasing,Barang,Rehabilitasi Jaringan Irigasi Permukaan Di. Sei. Lubuk Mayan,ON PROCESS,77052004,77052004
KAB. BUNGO,DINAS LINGKUNGAN HIDUP KAB. BUNGO - 2.11.0.00.0.00.01.0000,159779,,2026,Tokodaring,,Mersi Motor,E-Purchasing,Pengadaan Barang,,,517500,517500
KAB. BUNGO,DINAS PEKERJAAN UMUM DAN PENATAAN RUANG KAB. BUNGO - 1.03.0.00.0.00.01.0000,01KPMFTTBB6SKEJ03A19TAPK9M,66940068,2026,E-Katalog 6.0,APBD,YULIA,E-Purchasing,Barang,pengadaan material pengecatan jembatan rangka ds muara kuamang,ON PROCESS,56740869,56740869
KAB. BUNGO,RSUD H. HANAFIE MUARA BUNGO - 1.02.0.00.0.00.02.0000,10902471000,67208027,2026,Non Tender,BLUD,CV. RAJAWALI MITRA KONSULTAN,Pengadaan Langsung,Jasa Konsultansi Badan Usaha Non Konstruksi,Belanja Barang dan Jasa BLUD (Rehabilitasi Gedung Interne Bedah - Pengawasan),SELESAI,28210650,28210650
KAB. BUNGO,DINAS PERUMAHAN DAN KAWASAN PERMUKIMAN KAB. BUNGO - 1.04.2.11.1.03.01.0000,01KQ6NQWEYDCTR3WQHX0CJE8SY,67009459,2026,E-Katalog 6.0,APBD,KODOK IJO COMMUNICATION,E-Purchasing,Jasa Lainnya,Pembongkaran Reklame di Area Penataan Kawasan Perkotaan Muara Bungo,ON PROCESS,70001151,70001151
KAB. BUNGO,DINAS KEPENDUDUKAN DAN PENCATATAN SIPIL KAB. BUNGO - 2.12.0.00.0.00.01.0000,01KKAQB1WXWXB1T6ZFPY6MVNDN,64890568,2026,E-Katalog 6.0,APBD,AMMAR ABADI,E-Purchasing,Barang,Belanja Alat/Bahan untuk Kegiatan Kantor- Bahan Cetak,PAYMENT OUTSIDE SYSTEM,10489500,10489500
KAB. BUNGO,DINAS PERUMAHAN DAN KAWASAN PERMUKIMAN KAB. BUNGO - 1.04.2.11.1.03.01.0000,01KQ6PB80ADKBEN1BC63EJ5RXR,67009490,2026,E-Katalog 6.0,APBD,KODOK IJO COMMUNICATION,E-Purchasing,Jasa Lainnya,Pengangkutan hasil pembongkaran reklame di area penataan kawasan Perkotaan Muara Bungo,ON PROCESS,12743577,12743577
KAB. BUNGO,DINAS PERUMAHAN DAN KAWASAN PERMUKIMAN KAB. BUNGO - 1.04.2.11.1.03.01.0000,154566,,2026,Tokodaring,,,E-Purchasing,Pengadaan Barang,,,4955000,4955000
KAB. BUNGO,RSUD H. HANAFIE MUARA BUNGO - 1.02.0.00.0.00.02.0000,01KPWTW7V8QQVM3EM762W4S87C,66496493,2026,E-Katalog 6.0,BLUD,VICTORY,E-Purchasing,Barang,Belanja Modal Peralatan dan Mesin BLUD - Komputer (Printer / Scanner),ON PROCESS,4534350,4534350
KAB. BUNGO,BADAN PENGELOLA KEUANGAN DAN ASET DAERAH KABUPATEN BUNGO - 5.02.0.00.0.00.01.0000,01KWA3SH7GZ8KZW3QZMD1PVKQ2,65994979,2026,E-Katalog 6.0,APBD,AMMAR ABADI,E-Purchasing,Barang,Belanja Alat/Bahan untuk Kegiatan Kantor- Bahan Cetak,ON PROCESS,1931400,1931400
KAB. BUNGO,SEKRETARIAT DEWAN PERWAKILAN RAKYAT DAERAH KAB. BUNGO - 4.02.0.00.0.00.01.0000,144235,,2026,Tokodaring,,,E-Purchasing,Pengadaan Barang,,,5170000,5170000
KAB. BUNGO,BADAN KEPEGAWAIAN PENGEMBANGAN SUMBER DAYA MANUSIA DAERAH KAB. BUNGO - 5.03.5.04.0.00.01.0000,01KR0Y38X6VN1RRMMEKJDW84CJ,65345181,2026,E-Katalog 6.0,APBD,CV. ASSALAM MITRA UTAMA,E-Purchasing,Barang,Belanja Alat/Bahan untuk Kegiatan Kantor-Alat Tulis Kantor,PAYMENT OUTSIDE SYSTEM,8863905,8863905
KAB. BUNGO,SEKRETARIAT DAERAH KAB. BUNGO - 4.01.0.00.0.00.01.0000,144553,,2026,Tokodaring,,,E-Purchasing,Pengadaan Barang,,,1198000,1198000
KAB. BUNGO,RSUD H. HANAFIE MUARA BUNGO - 1.02.0.00.0.00.02.0000,01KQE8F35N69A2P3818ZAMTGRJ,66442438,2026,E-Katalog 6.0,BLUD,FERRON PAR PHARMACEUTICALS,E-Purchasing,Barang,Belanja Barang dan Jasa BLUD (Belanja Bahan Obat),ON PROCESS,49247448,49247448
KAB. BUNGO,DINAS PERUMAHAN DAN KAWASAN PERMUKIMAN KAB. BUNGO - 1.04.2.11.1.03.01.0000,01KK0CTX7BX1ZKBCSYEQ9VA73N,65356417,2026,E-Katalog 6.0,APBD,YULIA,E-Purchasing,Barang,Pemeliharaan LPJU,ON PROCESS,202147650,202147650
KAB. BUNGO,DINAS KOMUNIKASI INFORMATIKA DAN PERSANDIAN KAB. BUNGO - 2.16.2.21.2.20.01.0000,01KPAPQV65B7C089Q06SXKD2GQ,65073235,2026,E-Katalog 6.0,APBD,AMMAR ABADI,E-Purchasing,Barang,Belanja Alat/Bahan untuk Kegiatan Kantor-Bahan Komputer,PAYMENT OUTSIDE SYSTEM,2897100,2897100
KAB. BUNGO,DINAS LINGKUNGAN HIDUP KAB. BUNGO - 2.11.0.00.0.00.01.0000,142762,,2026,Tokodaring,,,E-Purchasing,Pengadaan Barang,,,13377800,13377800
KAB. BUNGO,SEKRETARIAT DEWAN PERWAKILAN RAKYAT DAERAH KAB. BUNGO - 4.02.0.00.0.00.01.0000,146066,,2026,Tokodaring,,,E-Purchasing,Pengadaan Barang,,,10800000,10800000
KAB. BUNGO,DINAS PERUMAHAN DAN KAWASAN PERMUKIMAN KAB. BUNGO - 1.04.2.11.1.03.01.0000,01KH826E4QSVCGHN69GJTYNYA9,65356416,2026,E-Katalog 6.0,APBD,HONORIS INDUSTRY,E-Purchasing,Barang,Belanja Pemeliharaan Jaringan-Jaringan Listrik-Jaringan Listrik Lainnya  (Pemeliharaan LPJU),ON PROCESS,226734150,226734150
KAB. BUNGO,DINAS PERUMAHAN DAN KAWASAN PERMUKIMAN KAB. BUNGO - 1.04.2.11.1.03.01.0000,154546,,2026,Tokodaring,,,E-Purchasing,Pengadaan Barang,,,15815000,15815000
KAB. BUNGO,DINAS LINGKUNGAN HIDUP KAB. BUNGO - 2.11.0.00.0.00.01.0000,143192,,2026,Tokodaring,,,E-Purchasing,Pengadaan Barang,,,9660000,9660000
KAB. BUNGO,BADAN KEPEGAWAIAN PENGEMBANGAN SUMBER DAYA MANUSIA DAERAH KAB. BUNGO - 5.03.5.04.0.00.01.0000,01KVYJQD1HHVQ5VJB15JD71WTY,65331139,2026,E-Katalog 6.0,APBD,AMMAR ABADI,E-Purchasing,Barang,Belanja Peralatan dan Mesin-Alat Kantor dan Rumah Tangga-Alat Rumah Tangga-Alat Rumah Tangga Lainnya (Home Use),ON PROCESS,524475,524475
KAB. BUNGO,RSUD H. HANAFIE MUARA BUNGO - 1.02.0.00.0.00.02.0000,152254,,2026,Tokodaring,,,E-Purchasing,Pengadaan Barang,,,21967000,21967000
KAB. BUNGO,DINAS KEPENDUDUKAN DAN PENCATATAN SIPIL KAB. BUNGO - 2.12.0.00.0.00.01.0000,01KW0Q0E2RZP8545DAMHG20P2D,64891154,2026,E-Katalog 6.0,APBD,AMMAR ABADI,E-Purchasing,Barang,Belanja Alat/Bahan untuk Kegiatan Kantor-Alat/Bahan untuk Kegiatan Kantor Lainnya,ON PROCESS,1700009,1700009
KAB. BUNGO,DINAS PEKERJAAN UMUM DAN PENATAAN RUANG KAB. BUNGO - 1.03.0.00.0.00.01.0000,10145125000,66907500,2026,Tender,APBD,CV. BINTANG KERINCI,Tender,Pekerjaan Konstruksi,Pemeliharaan Berkala Jalan Paket III,SELESAI,1836501023,1836501023
KAB. BUNGO,DINAS KEPENDUDUKAN DAN PENCATATAN SIPIL KAB. BUNGO - 2.12.0.00.0.00.01.0000,01KS4KD65YQ6YJ5Y2SKFX7ZD0J,64889949,2026,E-Katalog 6.0,APBD,SUPE PATIMAH,E-Purchasing,Barang,Belanja Alat/Bahan untuk Kegiatan Kantor- Bahan Cetak,ON PROCESS,5244750,5244750
KAB. BUNGO,DINAS LINGKUNGAN HIDUP KAB. BUNGO - 2.11.0.00.0.00.01.0000,01KNJTAJW465YHQ7GZRG2NRFDS,64926838,2026,E-Katalog 6.0,APBD,ASEAN MOTOR INTERNATIONAL,E-Purchasing,Barang,Belanja Modal Kendaraan Bermotor Beroda Tiga,ON PROCESS,618545014,618545014
KAB. BUNGO,BADAN PENGELOLA KEUANGAN DAN ASET DAERAH KABUPATEN BUNGO - 5.02.0.00.0.00.01.0000,01KNPVA25AF03V464E8XRMEST5,65994979,2026,E-Katalog 6.0,APBD,AMMAR ABADI,E-Purchasing,Barang,Belanja Alat/Bahan untuk Kegiatan Kantor- Bahan Cetak,ON PROCESS,2851945,2851945
KAB. BUNGO,DINAS LINGKUNGAN HIDUP KAB. BUNGO - 2.11.0.00.0.00.01.0000,143658,,2026,Tokodaring,,,E-Purchasing,Pengadaan Barang,,,3362000,3362000
KAB. BUNGO,DINAS LINGKUNGAN HIDUP KAB. BUNGO - 2.11.0.00.0.00.01.0000,158185,,2026,Tokodaring,,,E-Purchasing,Pengadaan Barang,,,19032500,19032500
KAB. BUNGO,BADAN PENGELOLA KEUANGAN DAN ASET DAERAH KABUPATEN BUNGO - 5.02.0.00.0.00.01.0000,01KP306FM9FBTBVJVPQY6TJW5K,65936732,2026,E-Katalog 6.0,APBD,AMMAR ABADI,E-Purchasing,Barang,Belanja Alat/Bahan untuk Kegiatan Kantor- Bahan Cetak,ON PROCESS,1588410,1588410
KAB. BUNGO,DINAS PEKERJAAN UMUM DAN PENATAAN RUANG KAB. BUNGO - 1.03.0.00.0.00.01.0000,10135669000,65854985,2026,Tender,APBD,KURNIA DUA PROJECT,Tender,Pekerjaan Konstruksi,Rekonstruksi Jalan Latsitarda (Mako Brimob dan Sekolah Rakyat),SELESAI,1915961376,1915961376
KAB. BUNGO,BADAN PENGELOLA KEUANGAN DAN ASET DAERAH KABUPATEN BUNGO - 5.02.0.00.0.00.01.0000,01KWA1GMZN01QSYCGN40FY6W40,65994969,2026,E-Katalog 6.0,APBD,AMMAR ABADI,E-Purchasing,Barang,Belanja Alat/Bahan untuk Kegiatan Kantor-Bahan Komputer,ON PROCESS,5030520,5030520
KAB. BUNGO,SEKRETARIAT DAERAH KAB. BUNGO - 4.01.0.00.0.00.01.0000,147089,,2026,Tokodaring,,,E-Purchasing,Pengadaan Barang,,,4550000,4550000
KAB. BUNGO,RSUD H. HANAFIE MUARA BUNGO - 1.02.0.00.0.00.02.0000,10795794000,65679988,2026,Non Tender,BLUD,hogiak utama jaya,Pengadaan Langsung,Jasa Konsultansi Badan Usaha Non Konstruksi,Konsultan Perencanaan Pemeliharaan Gedung Interne bedah,SELESAI,14718600,14718600
KAB. BUNGO,RSUD H. HANAFIE MUARA BUNGO - 1.02.0.00.0.00.02.0000,01KWGM53W11F7R58S4VFNHKTS5,66442438,2026,E-Katalog 6.0,BLUD,PRATAPA NIRMALA,E-Purchasing,Barang,Belanja Barang dan Jasa BLUD (Belanja Bahan Obat),ON PROCESS,63620705,63620705
KAB. BUNGO,DINAS PERUMAHAN DAN KAWASAN PERMUKIMAN KAB. BUNGO - 1.04.2.11.1.03.01.0000,01KTK48WNXK2DFP5W7DR50HY6N,65356417,2026,E-Katalog 6.0,APBD,AMMAR ABADI,E-Purchasing,Barang,Pemeliharaan LPJU,ON PROCESS,194265651,194265651
KAB. BUNGO,BADAN KEPEGAWAIAN PENGEMBANGAN SUMBER DAYA MANUSIA DAERAH KAB. BUNGO - 5.03.5.04.0.00.01.0000,01KNQ1BPY3N80JKA139HE3NMXN,65276348,2026,E-Katalog 6.0,APBD,AMMAR ABADI,E-Purchasing,Barang,Belanja Alat/Bahan untuk Kegiatan Kantor- Bahan Cetak,PAYMENT OUTSIDE SYSTEM,3607500,3607500
KAB. BUNGO,DINAS LINGKUNGAN HIDUP KAB. BUNGO - 2.11.0.00.0.00.01.0000,143341,,2026,Tokodaring,,,E-Purchasing,Pengadaan Barang,,,2295000,2295000
KAB. BUNGO,DINAS LINGKUNGAN HIDUP KAB. BUNGO - 2.11.0.00.0.00.01.0000,143980,,2026,Tokodaring,,,E-Purchasing,Pengadaan Barang,,,4182000,4182000
KAB. BUNGO,DINAS LINGKUNGAN HIDUP KAB. BUNGO - 2.11.0.00.0.00.01.0000,153957,,2026,Tokodaring,,,E-Purchasing,Pengadaan Barang,,,1115500,1115500
KAB. BUNGO,BADAN PERENCANAAN PEMBANGUNAN DAERAH KABUPATEN BUNGO - 5.01.5.05.0.00.01.0000,01KKG0QDFB1QHZ11BM4027M6SC,64928282,2026,E-Katalog 6.0,APBD,AMMAR ABADI,E-Purchasing,Barang,Belanja Alat/Bahan untuk Kegiatan Kantor- Bahan Cetak (Penyediaan Bahan Cetakan dan Penggandaan),ON PROCESS,14171032,14171032
KAB. BUNGO,DINAS TANAMAN PANGAN HORTIKULTURA DAN PERKEBUNAN KAB. BUNGO - 3.27.0.00.0.00.01.0000,01KTNR6JB3Y61B6BRESB3WNF4P,65160259,2026,E-Katalog 6.0,APBD,ANUGERAH SANDI AGRO,E-Purchasing,Barang,Belanja Bahan-Bahan Bangunan dan Konstruksi,ON PROCESS,41092200,41092200
KAB. BUNGO,BADAN PENGELOLA PAJAK DAN RETRIBUSI DAERAH KABUPATEN BUNGO - 5.02.0.00.0.00.02.0000,01KKTR8TERW4HM6H15SYSGVPS1,65256487,2026,E-Katalog 6.0,APBD,AMMAR ABADI,E-Purchasing,Barang,Belanja Alat/Bahan untuk Kegiatan Kantor-Bahan Komputer,PAYMENT OUTSIDE SYSTEM,7364850,7364850
KAB. BUNGO,DINAS LINGKUNGAN HIDUP KAB. BUNGO - 2.11.0.00.0.00.01.0000,158998,,2026,Tokodaring,,Mersi Motor,E-Purchasing,Pengadaan Barang,,,1145000,1145000
KAB. BUNGO,DINAS PEKERJAAN UMUM DAN PENATAAN RUANG KAB. BUNGO - 1.03.0.00.0.00.01.0000,10143821000,65355397,2026,Tender,APBD,CV. GADING CEMPAKA,Tender,Pekerjaan Konstruksi,Pembangunan Drainase Sungai Dingin,SELESAI,2434567744,2434567744
KAB. BUNGO,DINAS LINGKUNGAN HIDUP KAB. BUNGO - 2.11.0.00.0.00.01.0000,143355,,2026,Tokodaring,,,E-Purchasing,Pengadaan Barang,,,276000,276000
KAB. BUNGO,SEKRETARIAT DEWAN PERWAKILAN RAKYAT DAERAH KAB. BUNGO - 4.02.0.00.0.00.01.0000,144556,,2026,Tokodaring,,,E-Purchasing,Pengadaan Barang,,,1910000,1910000
KAB. BUNGO,SEKRETARIAT DEWAN PERWAKILAN RAKYAT DAERAH KAB. BUNGO - 4.02.0.00.0.00.01.0000,153602,,2026,Tokodaring,,,E-Purchasing,Pengadaan Barang,,,450000,450000
KAB. BUNGO,BADAN PERENCANAAN PEMBANGUNAN DAERAH KABUPATEN BUNGO - 5.01.5.05.0.00.01.0000,01KS4T8YD38TC1QJ28FS4V36RJ,64928282,2026,E-Katalog 6.0,APBD,AMMAR ABADI,E-Purchasing,Barang,Belanja Alat/Bahan untuk Kegiatan Kantor- Bahan Cetak (Penyediaan Bahan Cetakan dan Penggandaan),ON PROCESS,9204675,9204675
KAB. BUNGO,RSUD H. HANAFIE MUARA BUNGO - 1.02.0.00.0.00.02.0000,01KNRRWCHD0XVV1Y3XKB6G388D,66496548,2026,E-Katalog 6.0,BLUD,VICTORY,E-Purchasing,Barang,Belanja Modal Peralatan dan Mesin BLUD - Komputer (Pengadaan Perangkat keras dan lunak EMR),ON PROCESS,13306680,13306680
KAB. BUNGO,BADAN KEPEGAWAIAN PENGEMBANGAN SUMBER DAYA MANUSIA DAERAH KAB. BUNGO - 5.03.5.04.0.00.01.0000,01KVYGR9P10XZTM4HEDSX31XVZ,65331135,2026,E-Katalog 6.0,APBD,AMMAR ABADI,E-Purchasing,Barang,Belanja Alat/Bahan untuk Kegiatan Kantor-Perabot Kantor,ON PROCESS,356588,356588
KAB. BUNGO,SEKRETARIAT DEWAN PERWAKILAN RAKYAT DAERAH KAB. BUNGO - 4.02.0.00.0.00.01.0000,153220,,2026,Tokodaring,,,E-Purchasing,Pengadaan Barang,,,1665000,1665000
KAB. BUNGO,DINAS PEKERJAAN UMUM DAN PENATAAN RUANG KAB. BUNGO - 1.03.0.00.0.00.01.0000,10788622000,65966536;66079007,2026,Non Tender,APBD,Endra Suarly,Pengadaan Langsung,Jasa Konsultansi Perorangan Konstruksi,",Jasa Supervisi Perencanaan Kontruksi Teknis Sipil Air - Tenaga Teknis I",SELESAI,30800000,30800000
KAB. BUNGO,DINAS PEKERJAAN UMUM DAN PENATAAN RUANG KAB. BUNGO - 1.03.0.00.0.00.01.0000,10789731000,65969374;66079904,2026,Non Tender,APBD,Putri Dilla Amelia,Pengadaan Langsung,Jasa Konsultansi Perorangan Konstruksi,",Jasa Supervisi Perencanaan Kontruksi Teknis Sipil Air - Surveyor I",SELESAI,24800000,24800000
KAB. BUNGO,DINAS KOMUNIKASI INFORMATIKA DAN PERSANDIAN KAB. BUNGO - 2.16.2.21.2.20.01.0000,01KMYZQ7VAGCTCQ1YEDTA11CSK,65073240,2026,E-Katalog 6.0,APBD,ALFIAN CHANDRA YUDHA,E-Purchasing,Barang,Belanja Alat/Bahan untuk Kegiatan Kantor-Alat Tulis Kantor (ATK),PAYMENT OUTSIDE SYSTEM,9433890,9433890
KAB. BUNGO,DINAS KESEHATAN KAB. BUNGO - 1.02.0.00.0.00.01.0000,01KVAETQRY7KCX65N1Q5T09FC4,65191197,2026,E-Katalog 6.0,APBD,FAJAR MANDIRI ALKESINDO,E-Purchasing,Barang,Belanja Bahan-Bahan Lainnya,ON PROCESS,25408579,25408579
KAB. BUNGO,DINAS PEKERJAAN UMUM DAN PENATAAN RUANG KAB. BUNGO - 1.03.0.00.0.00.01.0000,10891172000,67217416,2026,Non Tender,APBD,Arie Andika,Pengadaan Langsung,Jasa Konsultansi Perorangan Konstruksi,Jasa Supervisi Pengawasan Konstruksi Teknik Sipil Air - Surveyor II,SELESAI,18200000,18200000
KAB. BUNGO,RSUD H. HANAFIE MUARA BUNGO - 1.02.0.00.0.00.02.0000,01KQE88071XXH3GJQY3YXX3VPN,66442438,2026,E-Katalog 6.0,BLUD,FONKO INTERNATIONAL PHARMACEUTICALS,E-Purchasing,Barang,Belanja Barang dan Jasa BLUD (Belanja Bahan Obat),ON PROCESS,68486356,68486356
KAB. BUNGO,DINAS PEKERJAAN UMUM DAN PENATAAN RUANG KAB. BUNGO - 1.03.0.00.0.00.01.0000,10798678000,66067886,2026,Non Tender,APBD,Rezy ilhami,Pengadaan Langsung,Jasa Konsultansi Perorangan Konstruksi,Jasa Supervisi Perencanaan Konstruksi Teknik Sipil Air - Tenaga Teknis II,SELESAI,23450000,23450000
KAB. BUNGO,RSUD H. HANAFIE MUARA BUNGO - 1.02.0.00.0.00.02.0000,01KNRRSJEBV90Y6TVPCB606R4F,67014548,2026,E-Katalog 6.0,BLUD,VICTORY,E-Purchasing,Barang,Belanja Modal Peralatan dan Mesin BLUD - Komputer (LapTop / Tablet),ON PROCESS,13320000,13320000
KAB. BUNGO,DINAS PEMBERDAYAAN MASYARAKAT DAN DUSUN KAB. BUNGO - 2.13.0.00.0.00.01.0000,145127,,2026,Tokodaring,,,E-Purchasing,Pengadaan Barang,,,1932000,1932000
KAB. BUNGO,DINAS LINGKUNGAN HIDUP KAB. BUNGO - 2.11.0.00.0.00.01.0000,158897,,2026,Tokodaring,,Toko Fajar Jaya,E-Purchasing,Pengadaan Barang,,,2691000,2691000
KAB. BUNGO,DINAS PEKERJAAN UMUM DAN PENATAAN RUANG KAB. BUNGO - 1.03.0.00.0.00.01.0000,10131104000,66907325,2026,Tender,APBD,CV. PUTRA M MANDIRI,Tender,Pekerjaan Konstruksi,Pemeliharaan Berkala Jalan Paket I,SELESAI,3115290710,3115290710
KAB. BUNGO,SEKRETARIAT DAERAH KAB. BUNGO - 4.01.0.00.0.00.01.0000,01KVC9W76YJ9P4FPPG69WHMH44,66870056,2026,E-Katalog 6.0,APBD,AHMAD MARZUKI,E-Purchasing,Jasa Lainnya,Belanja Sewa Kendaraan Bermotor Angkutan Barang,ON PROCESS,6859800,6859800
KAB. BUNGO,BADAN PENGELOLA KEUANGAN DAN ASET DAERAH KABUPATEN BUNGO - 5.02.0.00.0.00.01.0000,01KP31KFF0RC4SH8EQFMX74Y48,65906720,2026,E-Katalog 6.0,APBD,AMMAR ABADI,E-Purchasing,Barang,Belanja Alat/Bahan untuk Kegiatan Kantor-Alat Tulis Kantor,ON PROCESS,6353640,6353640
KAB. BUNGO,DINAS PEKERJAAN UMUM DAN PENATAAN RUANG KAB. BUNGO - 1.03.0.00.0.00.01.0000,10931945000,65515522,2026,Non Tender,APBD,Aira Duta Kontraktor,Pengadaan Langsung,Pekerjaan Konstruksi,Pembangunan DEPO Dekat Mesjid Agung,SELESAI,398900957,398900957
KAB. BUNGO,DINAS LINGKUNGAN HIDUP KAB. BUNGO - 2.11.0.00.0.00.01.0000,150346,,2026,Tokodaring,,,E-Purchasing,Pengadaan Barang,,,885000,885000
KAB. BUNGO,DINAS KETAHANAN PANGAN KAB. BUNGO - 2.09.0.00.0.00.01.0000,156846,,2026,Tokodaring,,,E-Purchasing,Pengadaan Barang,,,600000,600000
KAB. BUNGO,DINAS LINGKUNGAN HIDUP KAB. BUNGO - 2.11.0.00.0.00.01.0000,156577,,2026,Tokodaring,,,E-Purchasing,Pengadaan Barang,,,5980000,5980000
KAB. BUNGO,DINAS LINGKUNGAN HIDUP KAB. BUNGO - 2.11.0.00.0.00.01.0000,143349,,2026,Tokodaring,,,E-Purchasing,Pengadaan Barang,,,406000,406000
KAB. BUNGO,SEKRETARIAT DEWAN PERWAKILAN RAKYAT DAERAH KAB. BUNGO - 4.02.0.00.0.00.01.0000,153725,,2026,Tokodaring,,,E-Purchasing,Pengadaan Barang,,,306000,306000
KAB. BUNGO,DINAS PETERNAKAN DAN PERIKANAN KAB. BUNGO - 3.27.3.25.0.00.01.0000,01KNR5BM4JH4F8E9C14Q6Z2MGG,65094694,2026,E-Katalog 6.0,APBD,SUPE PATIMAH,E-Purchasing,Barang,Belanja Alat/Bahan untuk Kegiatan Kantor- Bahan Cetak,PAYMENT OUTSIDE SYSTEM,2074590,2074590
KAB. BUNGO,SEKRETARIAT DAERAH KAB. BUNGO - 4.01.0.00.0.00.01.0000,144552,,2026,Tokodaring,,,E-Purchasing,Pengadaan Barang,,,1264000,1264000
KAB. BUNGO,DINAS KEPENDUDUKAN DAN PENCATATAN SIPIL KAB. BUNGO - 2.12.0.00.0.00.01.0000,01KNTMYP99DFWSY9W8KRRNGH16,64890087,2026,E-Katalog 6.0,APBD,AMMAR ABADI,E-Purchasing,Barang,Belanja Alat/Bahan untuk Kegiatan Kantor- Bahan Cetak,PAYMENT OUTSIDE SYSTEM,419580,419580
KAB. BUNGO,SEKRETARIAT DAERAH KAB. BUNGO - 4.01.0.00.0.00.01.0000,146977,,2026,Tokodaring,,,E-Purchasing,Pengadaan Barang,,,3345000,3345000
KAB. BUNGO,DINAS PEKERJAAN UMUM DAN PENATAAN RUANG KAB. BUNGO - 1.03.0.00.0.00.01.0000,10929159000,67377916,2026,Non Tender,APBD,Mursalin,Pengadaan Langsung,Jasa Konsultansi Perorangan Konstruksi,Supervisi Pengawasan Pembangunan Jembatan - Lab. Teknisi,SELESAI,18600000,18600000
KAB. BUNGO,DINAS LINGKUNGAN HIDUP KAB. BUNGO - 2.11.0.00.0.00.01.0000,149543,,2026,Tokodaring,,,E-Purchasing,Pengadaan Barang,,,840000,840000
KAB. BUNGO,DINAS PEKERJAAN UMUM DAN PENATAAN RUANG KAB. BUNGO - 1.03.0.00.0.00.01.0000,01KS7AK51JHP44XW47F4N81XEJ,67117241,2026,E-Katalog 6.0,APBD,AIRDJAYA PERKASA,E-Purchasing,Barang,Pengadaan Bahan Material Rehab Drainase Sekunder Sei. Anak Pinang 1.3,ON PROCESS,3682758,3682758
KAB. BUNGO,BADAN PENGELOLA PAJAK DAN RETRIBUSI DAERAH KABUPATEN BUNGO - 5.02.0.00.0.00.02.0000,01KWBHFNJKWYV7TJ93A32HY0VH,65256784,2026,E-Katalog 6.0,APBD,AMMAR ABADI,E-Purchasing,Barang,Belanja Alat/Bahan untuk Kegiatan Kantor- Bahan Cetak,ON PROCESS,1263236,1263236
KAB. BUNGO,DINAS PEKERJAAN UMUM DAN PENATAAN RUANG KAB. BUNGO - 1.03.0.00.0.00.01.0000,10789742000,65970974;66080109,2026,Non Tender,APBD,Meta Rosalini Putri,Pengadaan Langsung,Jasa Konsultansi Perorangan Konstruksi,",Jasa Supervisi Perencanaan Kontruksi Teknis Sipil Air - Operator Komputer",SELESAI,20000000,20000000
KAB. BUNGO,DINAS LINGKUNGAN HIDUP KAB. BUNGO - 2.11.0.00.0.00.01.0000,143976,,2026,Tokodaring,,,E-Purchasing,Pengadaan Barang,,,11070000,11070000
KAB. BUNGO,RSUD H. HANAFIE MUARA BUNGO - 1.02.0.00.0.00.02.0000,01KPANGKSP2YDZXBK9E534799J,66871487,2026,E-Katalog 6.0,BLUD,HENDERY,E-Purchasing,Jasa Lainnya,Belanja Barang dan Jasa BLUD (Belanja Pemeliharaan Jaringan Komputer),ON PROCESS,3096345,0
KAB. BUNGO,SEKRETARIAT DEWAN PERWAKILAN RAKYAT DAERAH KAB. BUNGO - 4.02.0.00.0.00.01.0000,144181,,2026,Tokodaring,,,E-Purchasing,Pengadaan Barang,,,450000,450000
KAB. BUNGO,BADAN PENGELOLA KEUANGAN DAN ASET DAERAH KABUPATEN BUNGO - 5.02.0.00.0.00.01.0000,01KWA3H3PMJZVEN4QV96C361S6,65995234,2026,E-Katalog 6.0,APBD,AMMAR ABADI,E-Purchasing,Barang,Belanja Alat/Bahan untuk Kegiatan Kantor-Alat Tulis Kantor,ON PROCESS,4338546,4338546
KAB. BUNGO,SEKRETARIAT DEWAN PERWAKILAN RAKYAT DAERAH KAB. BUNGO - 4.02.0.00.0.00.01.0000,144815,,2026,Tokodaring,,,E-Purchasing,Pengadaan Barang,,,434000,434000
KAB. BUNGO,DINAS LINGKUNGAN HIDUP KAB. BUNGO - 2.11.0.00.0.00.01.0000,143966,,2026,Tokodaring,,,E-Purchasing,Pengadaan Barang,,,36675000,36675000
KAB. BUNGO,DINAS PENDIDIKAN DAN KEBUDAYAAN KAB. BUNGO - 1.01.2.22.0.00.01.0000,10837717000,66278362,2026,Non Tender,APBD,KILAU INDAH NUSANTARA GROUP,Pengadaan Langsung,Jasa Konsultansi Badan Usaha Konstruksi,Belanja Jasa Konsultansi Perencanaan Arsitektur (Pemeliharaan/Rehabilitasi Gedung Kantor dan Bangunan Lainnya),SELESAI,14985000,14985000
KAB. BUNGO,DINAS LINGKUNGAN HIDUP KAB. BUNGO - 2.11.0.00.0.00.01.0000,151692,,2026,Tokodaring,,,E-Purchasing,Pengadaan Barang,,,1290000,1290000
KAB. BUNGO,DINAS LINGKUNGAN HIDUP KAB. BUNGO - 2.11.0.00.0.00.01.0000,143979,,2026,Tokodaring,,,E-Purchasing,Pengadaan Barang,,,4182000,4182000
KAB. BUNGO,DINAS PERUMAHAN DAN KAWASAN PERMUKIMAN KAB. BUNGO - 1.04.2.11.1.03.01.0000,154760,,2026,Tokodaring,,,E-Purchasing,Pengadaan Barang,,,10355000,10355000
KAB. BUNGO,BADAN PENGELOLA KEUANGAN DAN ASET DAERAH KABUPATEN BUNGO - 5.02.0.00.0.00.01.0000,01KWA8M6K6GXZP1787B2SVVTKX,65995212,2026,E-Katalog 6.0,APBD,AMMAR ABADI,E-Purchasing,Barang,Belanja Alat/Bahan untuk Kegiatan Kantor-Bahan Komputer,ON PROCESS,2405370,2405370
KAB. BUNGO,BADAN KEPEGAWAIAN PENGEMBANGAN SUMBER DAYA MANUSIA DAERAH KAB. BUNGO - 5.03.5.04.0.00.01.0000,01KVYHAZT7NZN65RZM27ZCEF6Y,65331138,2026,E-Katalog 6.0,APBD,AMMAR ABADI,E-Purchasing,Barang,Belanja Peralatan dan Mesin-Alat Kantor dan Rumah Tangga-Alat Rumah Tangga-Alat Pembersih,ON PROCESS,826284,826284
KAB. BUNGO,DINAS LINGKUNGAN HIDUP KAB. BUNGO - 2.11.0.00.0.00.01.0000,143710,,2026,Tokodaring,,,E-Purchasing,Pengadaan Barang,,,3740000,3740000
KAB. BUNGO,DINAS LINGKUNGAN HIDUP KAB. BUNGO - 2.11.0.00.0.00.01.0000,149536,,2026,Tokodaring,,,E-Purchasing,Pengadaan Barang,,,360000,360000
KAB. BUNGO,DINAS KEPENDUDUKAN DAN PENCATATAN SIPIL KAB. BUNGO - 2.12.0.00.0.00.01.0000,01KVVV9CX6RAMX1H8PD2M8G0HT,64891156,2026,E-Katalog 6.0,APBD,AMMAR ABADI,E-Purchasing,Barang,Belanja Peralatan dan Mesin-Alat Kantor dan Rumah Tangga-Alat Rumah Tangga-Alat Pembersih,ON PROCESS,194999,194999
KAB. BUNGO,DINAS KEPENDUDUKAN DAN PENCATATAN SIPIL KAB. BUNGO - 2.12.0.00.0.00.01.0000,01KVYYX156ADCKFGB3GVSY0RSJ,64997685,2026,E-Katalog 6.0,APBD,AMMAR ABADI,E-Purchasing,Barang,Belanja Alat/Bahan untuk Kegiatan Kantor-Alat Listrik,ON PROCESS,4843032,4843032
KAB. BUNGO,DINAS PEKERJAAN UMUM DAN PENATAAN RUANG KAB. BUNGO - 1.03.0.00.0.00.01.0000,10833368000,66722420,2026,Non Tender,APBD,M. Edo Androino,Pengadaan Langsung,Jasa Konsultansi Perorangan Konstruksi,Jasa Supervisi Pengawasan - Surveyor II,SELESAI,24800000,24800000
KAB. BUNGO,BADAN KEPEGAWAIAN PENGEMBANGAN SUMBER DAYA MANUSIA DAERAH KAB. BUNGO - 5.03.5.04.0.00.01.0000,01KKJ45CHXFCDZBCDRFRGVM51M,65276333,2026,E-Katalog 6.0,APBD,AMMAR ABADI,E-Purchasing,Barang,Belanja Alat/Bahan untuk Kegiatan Kantor-Bahan Komputer,PAYMENT OUTSIDE SYSTEM,1554000,1554000
KAB. BUNGO,RSUD H. HANAFIE MUARA BUNGO - 1.02.0.00.0.00.02.0000,01KTJTNW228AFZXG888F869XJ2,66871541,2026,E-Katalog 6.0,BLUD,HENDERY,E-Purchasing,Barang,Belanja Barang dan Jasa BLUD (Belanja Pemeliharaan Komputer),ON PROCESS,5686530,5686530
KAB. BUNGO,DINAS PEKERJAAN UMUM DAN PENATAAN RUANG KAB. BUNGO - 1.03.0.00.0.00.01.0000,01KPMH5FWZ6VM07BGC8FSC0CC4,66940118,2026,E-Katalog 6.0,APBD,YULIA,E-Purchasing,Barang,Pengadaan material pasangan bronjong ds sungai beringin,ON PROCESS,14161336,14161336
KAB. BUNGO,DINAS PEKERJAAN UMUM DAN PENATAAN RUANG KAB. BUNGO - 1.03.0.00.0.00.01.0000,10836851000,66855904,2026,Non Tender,APBD,hogiak utama jaya,Pengadaan Langsung,Jasa Konsultansi Badan Usaha Non Konstruksi,LHR Simpang Bambu Kuning,SELESAI,74378880,74378880
KAB. BUNGO,DINAS TANAMAN PANGAN HORTIKULTURA DAN PERKEBUNAN KAB. BUNGO - 3.27.0.00.0.00.01.0000,01KQ672327FCM7QYPXTBQ8D2GV,65160261,2026,E-Katalog 6.0,APBD,DALIA PURNAMA,E-Purchasing,Barang,Belanja Bahan-Bahan/Bibit Tanaman,ON PROCESS,53124500,53124500
KAB. BUNGO,DINAS LINGKUNGAN HIDUP KAB. BUNGO - 2.11.0.00.0.00.01.0000,01KS4KWECPZ3VH0Q564WP7YE1W,65156993,2026,E-Katalog 6.0,APBD,JAYA INDAH MOTOR,E-Purchasing,Barang,Belanja Modal Kendaraan Bermotor Angkutan Barang,ON PROCESS,714063000,714063000
KAB. BUNGO,SEKRETARIAT DEWAN PERWAKILAN RAKYAT DAERAH KAB. BUNGO - 4.02.0.00.0.00.01.0000,144819,,2026,Tokodaring,,,E-Purchasing,Pengadaan Barang,,,2636000,2636000
KAB. BUNGO,BADAN PENGELOLA KEUANGAN DAN ASET DAERAH KABUPATEN BUNGO - 5.02.0.00.0.00.01.0000,01KRDA2372NVBM69D5YNR86P9R,65910609,2026,E-Katalog 6.0,APBD,AMMAR ABADI,E-Purchasing,Barang,Belanja Alat/Bahan untuk Kegiatan Kantor- Bahan Cetak,ON PROCESS,21586170,21586170
KAB. BUNGO,DINAS LINGKUNGAN HIDUP KAB. BUNGO - 2.11.0.00.0.00.01.0000,142373,,2026,Tokodaring,,,E-Purchasing,Pengadaan Barang,,,28335000,28335000
KAB. BUNGO,RSUD H. HANAFIE MUARA BUNGO - 1.02.0.00.0.00.02.0000,01KQET65ZZMPR36V605X60WPKM,66442438,2026,E-Katalog 6.0,BLUD,BERNOFARM,E-Purchasing,Barang,Belanja Barang dan Jasa BLUD (Belanja Bahan Obat),ON PROCESS,132778589,132778589
KAB. BUNGO,SEKRETARIAT DAERAH KAB. BUNGO - 4.01.0.00.0.00.01.0000,01KRDHFFBQNJ4FVHJKQ4GG2S6R,66982499,2026,E-Katalog 6.0,APBD,BETLIWANTI,E-Purchasing,Barang,Belanja Makanan dan Minuman Rapat,PAYMENT OUTSIDE SYSTEM,8896000,8896000
KAB. BUNGO,DINAS PEMBERDAYAAN MASYARAKAT DAN DUSUN KAB. BUNGO - 2.13.0.00.0.00.01.0000,145124,,2026,Tokodaring,,,E-Purchasing,Pengadaan Barang,,,2490000,2490000
KAB. BUNGO,BADAN KEPEGAWAIAN PENGEMBANGAN SUMBER DAYA MANUSIA DAERAH KAB. BUNGO - 5.03.5.04.0.00.01.0000,01KNRCDX06Z6WMBTRBSYFE1714,65276347,2026,E-Katalog 6.0,APBD,AMMAR ABADI,E-Purchasing,Barang,Belanja Alat/Bahan untuk Kegiatan Kantor- Kertas dan Cover,PAYMENT OUTSIDE SYSTEM,1685646,1685646
KAB. BUNGO,BADAN PENGELOLA KEUANGAN DAN ASET DAERAH KABUPATEN BUNGO - 5.02.0.00.0.00.01.0000,01KRCV05D7SDF92VYSSG8XRHZE,65906663,2026,E-Katalog 6.0,APBD,AMMAR ABADI,E-Purchasing,Barang,Belanja Alat/Bahan untuk Kegiatan Kantor- Bahan Cetak,ON PROCESS,20433990,20433990
KAB. BUNGO,DINAS LINGKUNGAN HIDUP KAB. BUNGO - 2.11.0.00.0.00.01.0000,153030,,2026,Tokodaring,,,E-Purchasing,Pengadaan Barang,,,408500,408500
KAB. BUNGO,DINAS PEKERJAAN UMUM DAN PENATAAN RUANG KAB. BUNGO - 1.03.0.00.0.00.01.0000,10790077000,65973537;66081087,2026,Non Tender,APBD,M. HUZAIPAH,Pengadaan Langsung,Jasa Konsultansi Perorangan Konstruksi,",Jasa Supervisi Pengawasan kontruksi Teknik sipil Air - Surveyor III",SELESAI,13000000,13000000
KAB. BUNGO,DINAS PERUMAHAN DAN KAWASAN PERMUKIMAN KAB. BUNGO - 1.04.2.11.1.03.01.0000,154761,,2026,Tokodaring,,,E-Purchasing,Pengadaan Barang,,,1200000,1200000
KAB. BUNGO,BADAN PENGELOLA PAJAK DAN RETRIBUSI DAERAH KABUPATEN BUNGO - 5.02.0.00.0.00.02.0000,01KQ9KGSK7ZTJ1J2FTD3DNN3CP,65260794,2026,E-Katalog 6.0,APBD,AMMAR ABADI,E-Purchasing,Barang,Belanja Alat/Bahan untuk Kegiatan Kantor- Bahan Cetak,ON PROCESS,16072800,16072800
KAB. BUNGO,BADAN PENGELOLA PAJAK DAN RETRIBUSI DAERAH KABUPATEN BUNGO - 5.02.0.00.0.00.02.0000,01KQ9JEJ6K5JEXEE4916AMAFE5,65256772,2026,E-Katalog 6.0,APBD,AMMAR ABADI,E-Purchasing,Barang,Belanja Alat/Bahan untuk Kegiatan Kantor- Kertas dan Cover,ON PROCESS,13653000,13653000
KAB. BUNGO,BADAN PENGELOLA KEUANGAN DAN ASET DAERAH KABUPATEN BUNGO - 5.02.0.00.0.00.01.0000,01KNPWWDNQ9M6MHZM3FRQVVKGP,65994977,2026,E-Katalog 6.0,APBD,AMMAR ABADI,E-Purchasing,Barang,Belanja Alat/Bahan untuk Kegiatan Kantor-Bahan Komputer,ON PROCESS,3060270,3060270
KAB. BUNGO,BADAN PENGELOLA KEUANGAN DAN ASET DAERAH KABUPATEN BUNGO - 5.02.0.00.0.00.01.0000,01KNPTA2P91F7M8QB64W75BBNF,65995232,2026,E-Katalog 6.0,APBD,AMMAR ABADI,E-Purchasing,Barang,Belanja Alat/Bahan untuk Kegiatan Kantor-Bahan Komputer,ON PROCESS,3334440,3334440
KAB. BUNGO,DINAS TANAMAN PANGAN HORTIKULTURA DAN PERKEBUNAN KAB. BUNGO - 3.27.0.00.0.00.01.0000,01KPAQJMWXMNBR4S547H9Y7GNC,65201441,2026,E-Katalog 6.0,APBD,ANUGERAH JAYA ABADI CONTRACTOR,E-Purchasing,Barang,Belanja Bahan-Bahan Bangunan dan Konstruksi,PAYMENT OUTSIDE SYSTEM,19669200,19669200
KAB. BUNGO,SEKRETARIAT DEWAN PERWAKILAN RAKYAT DAERAH KAB. BUNGO - 4.02.0.00.0.00.01.0000,145939,,2026,Tokodaring,,,E-Purchasing,Pengadaan Barang,,,1600000,1600000
KAB. BUNGO,SEKRETARIAT DAERAH KAB. BUNGO - 4.01.0.00.0.00.01.0000,01KPMXNVRQBEVHGR0ZFY75ENWS,64915586,2026,E-Katalog 6.0,APBD,ALFIAN CHANDRA YUDHA,E-Purchasing,Barang,Belanja Alat/Bahan untuk Kegiatan Kantor-Alat Tulis Kantor,PAYMENT OUTSIDE SYSTEM,1932954,1932954
KAB. BUNGO,DINAS KESEHATAN KAB. BUNGO - 1.02.0.00.0.00.01.0000,10896776000,67242876,2026,Non Tender,APBD,CV. RAJAWALI MITRA KONSULTAN,Pengadaan Langsung,Jasa Konsultansi Badan Usaha Non Konstruksi,Perencanaan Arsitektur-Jasa Nasihat dan Pra Desain Arsitektural[ - ] [ - ] Pembangunan Gedung Penunjang dan Gedung instalasi bedah Rs. Rantau Ikil,SELESAI,4761900,4761900
KAB. BUNGO,BADAN PENGELOLA KEUANGAN DAN ASET DAERAH KABUPATEN BUNGO - 5.02.0.00.0.00.01.0000,01KWA7GC6ST7AFY2G3GGKWZ0T1,65996441,2026,E-Katalog 6.0,APBD,AMMAR ABADI,E-Purchasing,Barang,Belanja Alat/Bahan untuk Kegiatan Kantor- Bahan Cetak,ON PROCESS,3644685,3644685
KAB. BUNGO,DINAS PEKERJAAN UMUM DAN PENATAAN RUANG KAB. BUNGO - 1.03.0.00.0.00.01.0000,01KRX35R51BHQD8DHCRARM9GMR,67145575,2026,E-Katalog 6.0,APBD,ABDI JAYA BARU,E-Purchasing,Barang,pengadaan Aggregat klas A Jalan Muara Kuamang - Purwosari,ON PROCESS,380029990,380029990
KAB. BUNGO,DINAS KEPENDUDUKAN DAN PENCATATAN SIPIL KAB. BUNGO - 2.12.0.00.0.00.01.0000,01KNRP8YEX0MBPEMV7QQZ35EAX,65078467,2026,E-Katalog 6.0,APBD,AMMAR ABADI,E-Purchasing,Barang,Belanja Alat/Bahan untuk Kegiatan Kantor- Bahan Cetak,PAYMENT OUTSIDE SYSTEM,7991800,7991800
KAB. BUNGO,DINAS PERUMAHAN DAN KAWASAN PERMUKIMAN KAB. BUNGO - 1.04.2.11.1.03.01.0000,10138462000,66700113,2026,Tender,APBD,,Seleksi,Jasa Konsultansi Badan Usaha Konstruksi,Jasa Konsultan Pengawasan Penataan Pedestrian dan Utilitas Jl. Sri Soedewi,BERLANGSUNG,199859940,199859940
KAB. BUNGO,BADAN PENGELOLA PAJAK DAN RETRIBUSI DAERAH KABUPATEN BUNGO - 5.02.0.00.0.00.02.0000,01KQ9M7CN1QFC7BAC67GB3AVQ1,65256784,2026,E-Katalog 6.0,APBD,AMMAR ABADI,E-Purchasing,Barang,Belanja Alat/Bahan untuk Kegiatan Kantor- Bahan Cetak,ON PROCESS,2580717,2580717
KAB. BUNGO,RSUD H. HANAFIE MUARA BUNGO - 1.02.0.00.0.00.02.0000,01KPA4E6RGRGKH7PDAGWG9514J,66496493,2026,E-Katalog 6.0,BLUD,VICTORY,E-Purchasing,Barang,Belanja Modal Peralatan dan Mesin BLUD - Komputer (Printer / Scanner),ON PROCESS,4534350,4534350
KAB. BUNGO,DINAS PEKERJAAN UMUM DAN PENATAAN RUANG KAB. BUNGO - 1.03.0.00.0.00.01.0000,10135520000,67098605,2026,Tender,APBD,CV. Fajar Baru & CO,Tender,Pekerjaan Konstruksi,Pembangunan Jalan Paket I,SELESAI,1169521269,1169521269
KAB. BUNGO,DINAS PEKERJAAN UMUM DAN PENATAAN RUANG KAB. BUNGO - 1.03.0.00.0.00.01.0000,10789743000,65972093;66080554,2026,Non Tender,APBD,Alwi Jumara nasution,Pengadaan Langsung,Jasa Konsultansi Perorangan Konstruksi,",Jasa Supervisi Pengawasan kontruksi Teknik sipil Air - Inspektor I",SELESAI,16750000,16750000
KAB. BUNGO,DINAS LINGKUNGAN HIDUP KAB. BUNGO - 2.11.0.00.0.00.01.0000,153033,,2026,Tokodaring,,,E-Purchasing,Pengadaan Barang,,,2932500,2932500
KAB. BUNGO,DINAS PEKERJAAN UMUM DAN PENATAAN RUANG KAB. BUNGO - 1.03.0.00.0.00.01.0000,10899318000,67244606,2026,Non Tender,APBD,MUHAMMAD RAHMAD HIDAYAT DAULAY,Pengadaan Langsung,Jasa Konsultansi Perorangan Konstruksi,Supervisi Pengawasan Pembangunan Jalan - Inspektor,SELESAI,23100000,23100000
KAB. BUNGO,BADAN PENGELOLA KEUANGAN DAN ASET DAERAH KABUPATEN BUNGO - 5.02.0.00.0.00.01.0000,01KW9ZZJJ363XYZR1W337R5AFH,65994967,2026,E-Katalog 6.0,APBD,AMMAR ABADI,E-Purchasing,Barang,Belanja Alat/Bahan untuk Kegiatan Kantor-Alat Tulis Kantor,ON PROCESS,6330885,6330885
KAB. BUNGO,BADAN PENGELOLA KEUANGAN DAN ASET DAERAH KABUPATEN BUNGO - 5.02.0.00.0.00.01.0000,01KNQ0DJBH94FCFMJCR04NY6FS,65994718,2026,E-Katalog 6.0,APBD,AMMAR ABADI,E-Purchasing,Barang,Belanja Alat/Bahan untuk Kegiatan Kantor-Bahan Komputer,ON PROCESS,7069590,7069590
KAB. BUNGO,DINAS PEKERJAAN UMUM DAN PENATAAN RUANG KAB. BUNGO - 1.03.0.00.0.00.01.0000,10865093000,67114343,2026,Non Tender,APBD,Rido setiawan,Pengadaan Langsung,Jasa Konsultansi Perorangan Konstruksi,Supervisi Pengawasan Rekonstruksi Jalan - Surveyor II,SELESAI,17100000,17100000
KAB. BUNGO,DINAS PEKERJAAN UMUM DAN PENATAAN RUANG KAB. BUNGO - 1.03.0.00.0.00.01.0000,10816794000,65991249,2026,Non Tender,APBD,ANANDA PRATAMA,Pengadaan Langsung,Jasa Konsultansi Perorangan Konstruksi,Jasa Supervisi Pengawasan Konstruksi Teknik Sipil Air - Operator Komputer,SELESAI,22000000,22000000
KAB. BUNGO,DINAS PEKERJAAN UMUM DAN PENATAAN RUANG KAB. BUNGO - 1.03.0.00.0.00.01.0000,10789766000,65972982;66080949,2026,Non Tender,APBD,Ady syaputra,Pengadaan Langsung,Jasa Konsultansi Perorangan Konstruksi,",Jasa Supervisi Pengawasan kontruksi Teknik sipil Air - Surveyor I",SELESAI,15500000,15500000
KAB. BUNGO,RSUD H. HANAFIE MUARA BUNGO - 1.02.0.00.0.00.02.0000,01KQ9EMY6ZFV74W9R07XF8SPHK,67014548,2026,E-Katalog 6.0,BLUD,VICTORY,E-Purchasing,Barang,Belanja Modal Peralatan dan Mesin BLUD - Komputer (LapTop / Tablet),ON PROCESS,40492800,40492800
KAB. BUNGO,SEKRETARIAT DEWAN PERWAKILAN RAKYAT DAERAH KAB. BUNGO - 4.02.0.00.0.00.01.0000,158530,,2026,Tokodaring,,,E-Purchasing,Pengadaan Barang,,,798000,798000
KAB. BUNGO,DINAS LINGKUNGAN HIDUP KAB. BUNGO - 2.11.0.00.0.00.01.0000,142364,,2026,Tokodaring,,,E-Purchasing,Pengadaan Barang,,,510000,510000
KAB. BUNGO,BADAN PENGELOLA KEUANGAN DAN ASET DAERAH KABUPATEN BUNGO - 5.02.0.00.0.00.01.0000,01KNQ2ZZ09XA43K2DM4B3M1680,65994829,2026,E-Katalog 6.0,APBD,AMMAR ABADI,E-Purchasing,Barang,Belanja Alat/Bahan untuk Kegiatan Kantor- Bahan Cetak,ON PROCESS,11230292,11230292
KAB. BUNGO,SEKRETARIAT DEWAN PERWAKILAN RAKYAT DAERAH KAB. BUNGO - 4.02.0.00.0.00.01.0000,144824,,2026,Tokodaring,,,E-Purchasing,Pengadaan Barang,,,220000,220000
KAB. BUNGO,DINAS LINGKUNGAN HIDUP KAB. BUNGO - 2.11.0.00.0.00.01.0000,158896,,2026,Tokodaring,,Toko Fajar Jaya,E-Purchasing,Pengadaan Barang,,,14525500,14525500
KAB. BUNGO,DINAS PEKERJAAN UMUM DAN PENATAAN RUANG KAB. BUNGO - 1.03.0.00.0.00.01.0000,01KQTXD50RDM4GXC6Y4YDS2JAJ,67067297,2026,E-Katalog 6.0,APBD,AIRDJAYA PERKASA,E-Purchasing,Barang,Rehabilitasi Gedung Dharma Wanita Kab.Bungo Bahan Alam,ON PROCESS,12209334,12209334
KAB. BUNGO,DINAS LINGKUNGAN HIDUP KAB. BUNGO - 2.11.0.00.0.00.01.0000,143978,,2026,Tokodaring,,,E-Purchasing,Pengadaan Barang,,,4182000,4182000
KAB. BUNGO,DINAS KESEHATAN KAB. BUNGO - 1.02.0.00.0.00.01.0000,154707,,2026,Tokodaring,,,E-Purchasing,Pengadaan Barang,,,729000,729000
KAB. BUNGO,DINAS LINGKUNGAN HIDUP KAB. BUNGO - 2.11.0.00.0.00.01.0000,01KP2CCQ5W3GE9M5A2FXV5YAEH,65284709,2026,E-Katalog 6.0,APBD,AMMAR ABADI,E-Purchasing,Barang,Belanja Alat/Bahan untuk Kegiatan Kantor-Alat Tulis Kantor,ON PROCESS,6733430,6733430
KAB. BUNGO,DINAS KOPERASI USAHA KECIL MENENGAH PERINDUSTRIAN DAN PERDAGANGAN KAB. BUNGO - 2.17.3.31.3.30.01.0000,154774,,2026,Tokodaring,,,E-Purchasing,Pengadaan Barang,,,1045000,1045000
KAB. BUNGO,UPT PUSKESMAS MUARA BUNGO I - 1.02.0.00.0.00.01.0015,01KWK24R8QKA1AJFTGGCY7ED34,67334137,2026,E-Katalog 6.0,APBD,SIGRA DUTA MEDIKAL,E-Purchasing,Barang,-Belanja Obat-Obatan-Obat				,ON PROCESS,16873110,16873110
KAB. BUNGO,DINAS PEKERJAAN UMUM DAN PENATAAN RUANG KAB. BUNGO - 1.03.0.00.0.00.01.0000,01KKDQGCJBPK8NYCB7AHZT5WVY,65514824,2026,E-Katalog 6.0,APBD,VICTORY,E-Purchasing,Barang,Pengadaan PC Hig Spek,ON PROCESS,59940000,59940000
KAB. BUNGO,DINAS PEMBERDAYAAN MASYARAKAT DAN DUSUN KAB. BUNGO - 2.13.0.00.0.00.01.0000,01KTN5GQYGQHS2332AS4BF6AFJ,64221627,2026,E-Katalog 6.0,APBD,ARENA JAYA NUSANTARA,E-Purchasing,Barang,Belanja Alat/Bahan untuk Kegiatan Kantor- Kertas dan Cover,ON PROCESS,134286468,134286468
KAB. BUNGO,DINAS PEKERJAAN UMUM DAN PENATAAN RUANG KAB. BUNGO - 1.03.0.00.0.00.01.0000,10785057000,65838636,2026,Non Tender,APBD,Yoga Zandri,Pengadaan Langsung,Jasa Konsultansi Perorangan Konstruksi,Jasa Supervisi Pengawasan - Surveyor I,SELESAI,21700000,21700000
KAB. BUNGO,SEKRETARIAT DAERAH KAB. BUNGO - 4.01.0.00.0.00.01.0000,01KT69R975DJRW3RXMNPKVB49Y,64764665,2026,E-Katalog 6.0,APBD,SUPE PATIMAH,E-Purchasing,Barang,Belanja Alat/Bahan untuk Kegiatan Kantor- Kertas dan Cover,ON PROCESS,499944,499944
KAB. BUNGO,DINAS PEKERJAAN UMUM DAN PENATAAN RUANG KAB. BUNGO - 1.03.0.00.0.00.01.0000,10135646000,67098660,2026,Tender,APBD,KURNIA DUA PROJECT,Tender,Pekerjaan Konstruksi,Pembangunan Jalan Paket II,SELESAI,2998207296,2998207296
KAB. BUNGO,DINAS PERUMAHAN DAN KAWASAN PERMUKIMAN KAB. BUNGO - 1.04.2.11.1.03.01.0000,160459,,2026,Tokodaring,,Toko Bungo Jaya Bangunan,E-Purchasing,Pengadaan Barang,,,8131000,8131000
KAB. BUNGO,BADAN PENGELOLA KEUANGAN DAN ASET DAERAH KABUPATEN BUNGO - 5.02.0.00.0.00.01.0000,01KWA4J32WSPS7RKB150TWSSP6,65994977,2026,E-Katalog 6.0,APBD,AMMAR ABADI,E-Purchasing,Barang,Belanja Alat/Bahan untuk Kegiatan Kantor-Bahan Komputer,ON PROCESS,5246970,5246970
KAB. BUNGO,DINAS LINGKUNGAN HIDUP KAB. BUNGO - 2.11.0.00.0.00.01.0000,150092,,2026,Tokodaring,,,E-Purchasing,Pengadaan Barang,,,1180000,1180000
KAB. BUNGO,DINAS PEKERJAAN UMUM DAN PENATAAN RUANG KAB. BUNGO - 1.03.0.00.0.00.01.0000,10143827000,67098668,2026,Tender,APBD,KURNIA DUA PROJECT,Tender,Pekerjaan Konstruksi,Pembangunan Jalan Paket III,SELESAI,1926105740,1926105740
KAB. BUNGO,DINAS KOPERASI USAHA KECIL MENENGAH PERINDUSTRIAN DAN PERDAGANGAN KAB. BUNGO - 2.17.3.31.3.30.01.0000,01KRCY108RMQDD4GH53762QP2Q,65048257,2026,E-Katalog 6.0,APBD,PRAUSA FERRY TAMA,E-Purchasing,Barang,Belanja Alat/Bahan untuk Kegiatan Kantor-Alat Tulis Kantor,ON PROCESS,525363,525363
KAB. BUNGO,DINAS KOMUNIKASI INFORMATIKA DAN PERSANDIAN KAB. BUNGO - 2.16.2.21.2.20.01.0000,01KP7T254MVNWAF3X953WZSFQS,65073234,2026,E-Katalog 6.0,APBD,AMMAR ABADI,E-Purchasing,Barang,Belanja Alat/Bahan untuk Kegiatan Kantor- Kertas dan Cover,PAYMENT OUTSIDE SYSTEM,111000,111000
KAB. BUNGO,SEKRETARIAT DEWAN PERWAKILAN RAKYAT DAERAH KAB. BUNGO - 4.02.0.00.0.00.01.0000,151702,,2026,Tokodaring,,,E-Purchasing,Pengadaan Barang,,,2080000,2080000
KAB. BUNGO,DINAS LINGKUNGAN HIDUP KAB. BUNGO - 2.11.0.00.0.00.01.0000,153956,,2026,Tokodaring,,,E-Purchasing,Pengadaan Barang,,,5207000,5207000
KAB. BUNGO,SEKRETARIAT DEWAN PERWAKILAN RAKYAT DAERAH KAB. BUNGO - 4.02.0.00.0.00.01.0000,153163,,2026,Tokodaring,,,E-Purchasing,Pengadaan Barang,,,720000,720000
KAB. BUNGO,DINAS PEKERJAAN UMUM DAN PENATAAN RUANG KAB. BUNGO - 1.03.0.00.0.00.01.0000,10789755000,65972653;66080866,2026,Non Tender,APBD,Hayatul Faquari Adha,Pengadaan Langsung,Jasa Konsultansi Perorangan Konstruksi,",Jasa Supervisi Pengawasan kontruksi Teknik sipil Air - Inspektor III",SELESAI,16750000,16750000
KAB. BUNGO,SEKRETARIAT DEWAN PERWAKILAN RAKYAT DAERAH KAB. BUNGO - 4.02.0.00.0.00.01.0000,144048,,2026,Tokodaring,,,E-Purchasing,Pengadaan Barang,,,669000,669000
KAB. BUNGO,DINAS LINGKUNGAN HIDUP KAB. BUNGO - 2.11.0.00.0.00.01.0000,01KS1V2FNZW4G86TKMEXBTZFEH,65164576,2026,E-Katalog 6.0,APBD,AMMAR ABADI,E-Purchasing,Barang,Belanja Alat/Bahan untuk Kegiatan Kantor- Bahan Cetak,ON PROCESS,746814,746814
KAB. BUNGO,SEKRETARIAT DAERAH KAB. BUNGO - 4.01.0.00.0.00.01.0000,144361,,2026,Tokodaring,,,E-Purchasing,Pengadaan Barang,,,735000,735000
KAB. BUNGO,DINAS LINGKUNGAN HIDUP KAB. BUNGO - 2.11.0.00.0.00.01.0000,143006,,2026,Tokodaring,,,E-Purchasing,Pengadaan Barang,,,2300000,2300000
KAB. BUNGO,DINAS PEKERJAAN UMUM DAN PENATAAN RUANG KAB. BUNGO - 1.03.0.00.0.00.01.0000,10128130000,65854988,2026,Tender,APBD,CV. PUTRA M MANDIRI,Tender,Pekerjaan Konstruksi,Rekonstruksi Jalan Tebo Pandak - Pemunyian,SELESAI,2770196261,2770196261
KAB. BUNGO,DINAS PEKERJAAN UMUM DAN PENATAAN RUANG KAB. BUNGO - 1.03.0.00.0.00.01.0000,10833439000,66723886;66996755,2026,Non Tender,APBD,SYAH RONI,Pengadaan Langsung,Jasa Konsultansi Perorangan Konstruksi,",Jasa Supervisi Perencanaan - Surveyor",SELESAI,24800000,24800000
KAB. BUNGO,RSUD H. HANAFIE MUARA BUNGO - 1.02.0.00.0.00.02.0000,10914607000,67251201,2026,Non Tender,BLUD,CV. RAJAWALI MITRA KONSULTAN,Pengadaan Langsung,Jasa Konsultansi Badan Usaha Non Konstruksi,Belanja Barang dan Jasa BLUD (Rehabilitasi Gedung IGD ) - Pengawasan,SELESAI,10028850,10028850
KAB. BUNGO,BADAN PENGELOLA KEUANGAN DAN ASET DAERAH KABUPATEN BUNGO - 5.02.0.00.0.00.01.0000,01KNQ2FK532KXGYEBSG5RHX8SD,65994720,2026,E-Katalog 6.0,APBD,AMMAR ABADI,E-Purchasing,Barang,Belanja Alat/Bahan untuk Kegiatan Kantor-Alat/Bahan untuk Kegiatan Kantor Lainnya,ON PROCESS,474525,474525
KAB. BUNGO,SEKRETARIAT DAERAH KAB. BUNGO - 4.01.0.00.0.00.01.0000,01KPA7DPTTXXTVJA7CPZ7G8SWM,64767603,2026,E-Katalog 6.0,APBD,ALFIAN CHANDRA YUDHA,E-Purchasing,Barang,Belanja Alat/Bahan untuk Kegiatan Kantor- Kaporlap dan Perlengkapan Satwa,PAYMENT OUTSIDE SYSTEM,15734250,15734250
KAB. BUNGO,SEKRETARIAT DEWAN PERWAKILAN RAKYAT DAERAH KAB. BUNGO - 4.02.0.00.0.00.01.0000,144814,,2026,Tokodaring,,,E-Purchasing,Pengadaan Barang,,,874000,874000
KAB. BUNGO,DINAS LINGKUNGAN HIDUP KAB. BUNGO - 2.11.0.00.0.00.01.0000,159777,,2026,Tokodaring,,Mersi Motor,E-Purchasing,Pengadaan Barang,,,2323750,2323750
KAB. BUNGO,DINAS PEKERJAAN UMUM DAN PENATAAN RUANG KAB. BUNGO - 1.03.0.00.0.00.01.0000,01KS4T5PHH263SG7JHTE88XBRM,67125637,2026,E-Katalog 6.0,APBD,YULIA,E-Purchasing,Barang,Rehabilitasi Gedung Serunai Baru,ON PROCESS,178563813,178563813
KAB. BUNGO,SEKRETARIAT DAERAH KAB. BUNGO - 4.01.0.00.0.00.01.0000,144230,,2026,Tokodaring,,,E-Purchasing,Pengadaan Barang,,,458000,458000
KAB. BUNGO,DINAS LINGKUNGAN HIDUP KAB. BUNGO - 2.11.0.00.0.00.01.0000,143984,,2026,Tokodaring,,,E-Purchasing,Pengadaan Barang,,,5610000,5610000
KAB. BUNGO,RSUD H. HANAFIE MUARA BUNGO - 1.02.0.00.0.00.02.0000,10885041000,67210951,2026,Non Tender,BLUD,CV. ARSYA AGUNG KENCANA,Pengadaan Langsung,Pekerjaan Konstruksi,Belanja Barang dan Jasa BLUD (Rehabilitasi Gedung TB Dots),SELESAI,134847746,134847746
KAB. BUNGO,RSUD H. HANAFIE MUARA BUNGO - 1.02.0.00.0.00.02.0000,01KWB4V9XMEY18YAMH5CA4BFWS,67044837,2026,E-Katalog 6.0,BLUD,HENDERY,E-Purchasing,Jasa Lainnya,Belanja Barang dan Jasa BLUD (Belanja Pemeliharaan Jaringan Komputer),ON PROCESS,22061250,0
KAB. BUNGO,DINAS LINGKUNGAN HIDUP KAB. BUNGO - 2.11.0.00.0.00.01.0000,155387,,2026,Tokodaring,,,E-Purchasing,Pengadaan Barang,,,2640000,2640000
KAB. BUNGO,DINAS TANAMAN PANGAN HORTIKULTURA DAN PERKEBUNAN KAB. BUNGO - 3.27.0.00.0.00.01.0000,01KTX6M0JM29Z7WMVV97YV7A1D,65201443,2026,E-Katalog 6.0,APBD,ANUGERAH JAYA ABADI CONTRACTOR,E-Purchasing,Barang,Polybag,ON PROCESS,15803625,15803625
KAB. BUNGO,SEKRETARIAT DAERAH KAB. BUNGO - 4.01.0.00.0.00.01.0000,01KK8REEJAKGV6P74NGYHFV0NV,66231731,2026,E-Katalog 6.0,APBD,ALFIAN CHANDRA YUDHA,E-Purchasing,Barang,Belanja Alat/Bahan untuk Kegiatan Kantor-Alat/Bahan untuk Kegiatan Kantor Lainnya,PAYMENT OUTSIDE SYSTEM,446379130,446379130
KAB. BUNGO,DINAS PEKERJAAN UMUM DAN PENATAAN RUANG KAB. BUNGO - 1.03.0.00.0.00.01.0000,01KQBPEMXB54S2F4310Q3D3BZ6,66835680,2026,E-Katalog 6.0,APBD,AIRDJAYA PERKASA,E-Purchasing,Barang,Pengadaan Bahan IPA Sungai Pinang,ON PROCESS,77700000,77700000
KAB. BUNGO,DINAS LINGKUNGAN HIDUP KAB. BUNGO - 2.11.0.00.0.00.01.0000,147015,,2026,Tokodaring,,,E-Purchasing,Pengadaan Barang,,,7273750,7273750
KAB. BUNGO,DINAS KEPENDUDUKAN DAN PENCATATAN SIPIL KAB. BUNGO - 2.12.0.00.0.00.01.0000,01KT8PRTDRAJ4SF8YN9ZAQRMG1,65078468,2026,E-Katalog 6.0,APBD,AMMAR ABADI,E-Purchasing,Barang,Belanja Alat/Bahan untuk Kegiatan Kantor-Bahan Komputer,ON PROCESS,365528550,365528550
KAB. BUNGO,DINAS PERUMAHAN DAN KAWASAN PERMUKIMAN KAB. BUNGO - 1.04.2.11.1.03.01.0000,10816156000,66701001,2026,Non Tender,APBD,PT. US&P Architects,Pengadaan Langsung,Jasa Konsultansi Badan Usaha Non Konstruksi,Jasa Konsultan Penyusunan DED Pembangunan Taman M. Saidi,SELESAI,99567000,99567000
KAB. BUNGO,DINAS LINGKUNGAN HIDUP KAB. BUNGO - 2.11.0.00.0.00.01.0000,143985,,2026,Tokodaring,,,E-Purchasing,Pengadaan Barang,,,3740000,3740000
KAB. BUNGO,DINAS LINGKUNGAN HIDUP KAB. BUNGO - 2.11.0.00.0.00.01.0000,154550,,2026,Tokodaring,,,E-Purchasing,Pengadaan Barang,,,2730000,2730000
KAB. BUNGO,DINAS PEKERJAAN UMUM DAN PENATAAN RUANG KAB. BUNGO - 1.03.0.00.0.00.01.0000,10798684000,65990771,2026,Non Tender,APBD,NOVA TRISNA SARI,Pengadaan Langsung,Jasa Konsultansi Perorangan Konstruksi,Jasa Supervisi Perencanaan Konstruksi Teknik Sipil Air - Surveyor III,SELESAI,18200000,18200000
KAB. BUNGO,BADAN PENGELOLA PAJAK DAN RETRIBUSI DAERAH KABUPATEN BUNGO - 5.02.0.00.0.00.02.0000,01KKK1N3H3X0446KZJ56X4YGAP,66406191,2026,E-Katalog 6.0,APBD,MITRA PRIMA UTAMA,E-Purchasing,Jasa Lainnya,Belanja Jasa Konversi Aplikasi/Sistem Informasi,ON PROCESS,144300000,144300000
KAB. BUNGO,DINAS KEPENDUDUKAN DAN PENCATATAN SIPIL KAB. BUNGO - 2.12.0.00.0.00.01.0000,01KSF3AX1CGPC5EB69VV41YMDC,65078470,2026,E-Katalog 6.0,APBD,AMMAR ABADI,E-Purchasing,Barang,Belanja Alat/Bahan untuk Kegiatan Kantor-Alat/Bahan untuk Kegiatan Kantor Lainnya,ON PROCESS,7770000,7770000
KAB. BUNGO,DINAS PEMBERDAYAAN MASYARAKAT DAN DUSUN KAB. BUNGO - 2.13.0.00.0.00.01.0000,01KTBHBDS66YA7VVNSSGAJMSCJ,64221613,2026,E-Katalog 6.0,APBD,ARENA JAYA NUSANTARA,E-Purchasing,Barang,Belanja Bahan-Bahan Bangunan dan Konstruksi,ON PROCESS,1562880,1562880
KAB. BUNGO,DINAS PETERNAKAN DAN PERIKANAN KAB. BUNGO - 3.27.3.25.0.00.01.0000,01KNR611FCP56CCQ2WQH33TC34,65094694,2026,E-Katalog 6.0,APBD,SUPE PATIMAH,E-Purchasing,Barang,Belanja Alat/Bahan untuk Kegiatan Kantor- Bahan Cetak,PAYMENT OUTSIDE SYSTEM,679320,679320
KAB. BUNGO,SEKRETARIAT DEWAN PERWAKILAN RAKYAT DAERAH KAB. BUNGO - 4.02.0.00.0.00.01.0000,144183,,2026,Tokodaring,,,E-Purchasing,Pengadaan Barang,,,4733000,4733000
KAB. BUNGO,DINAS PEKERJAAN UMUM DAN PENATAAN RUANG KAB. BUNGO - 1.03.0.00.0.00.01.0000,01KKAR2FVPTCJ1AQ3EW59QRV3Q,65514823,2026,E-Katalog 6.0,APBD,VICTORY,E-Purchasing,Barang,Pengadaan PC Mid Spek,ON PROCESS,49783500,49783500
KAB. BUNGO,DINAS KOPERASI USAHA KECIL MENENGAH PERINDUSTRIAN DAN PERDAGANGAN KAB. BUNGO - 2.17.3.31.3.30.01.0000,01KSH5ER5J0TG55R94XTAAA36N,67108987,2026,E-Katalog 6.0,APBD,PRAUSA FERRY TAMA,E-Purchasing,Jasa Lainnya,Belanja Alat/Bahan untuk Kegiatan Kantor- Bahan Cetak,ON PROCESS,88245,88245
KAB. BUNGO,DINAS PEKERJAAN UMUM DAN PENATAAN RUANG KAB. BUNGO - 1.03.0.00.0.00.01.0000,01KPMF8EKD8W4QM55SK2W05F6T,66959055,2026,E-Katalog 6.0,APBD,ABDI JAYA BARU,E-Purchasing,Barang,pengadaan material dalam Kota Muara Bungo,ON PROCESS,115195023,115195023
KAB. BUNGO,DINAS LINGKUNGAN HIDUP KAB. BUNGO - 2.11.0.00.0.00.01.0000,143982,,2026,Tokodaring,,,E-Purchasing,Pengadaan Barang,,,4182000,4182000
KAB. BUNGO,DINAS PEKERJAAN UMUM DAN PENATAAN RUANG KAB. BUNGO - 1.03.0.00.0.00.01.0000,10143514000,67210524,2026,Tender,APBD,CV. BINTANG KERINCI,Tender,Pekerjaan Konstruksi,Rekonstruksi Jalan Paket I,SELESAI,3682951735,3682951735
KAB. BUNGO,DINAS PEKERJAAN UMUM DAN PENATAAN RUANG KAB. BUNGO - 1.03.0.00.0.00.01.0000,10823986000,66864950,2026,Non Tender,APBD,Teddy Haiqal,Pengadaan Langsung,Jasa Konsultansi Perorangan Non Konstruksi,Jasa Tenaga Ahli Legalisasi RTRW - operator Komputer,SELESAI,11000000,11000000
KAB. BUNGO,BADAN PENGELOLA KEUANGAN DAN ASET DAERAH KABUPATEN BUNGO - 5.02.0.00.0.00.01.0000,01KRD9RERESFD2X1KQNS035R2V,65907022,2026,E-Katalog 6.0,APBD,AMMAR ABADI,E-Purchasing,Barang,Belanja Alat/Bahan untuk Kegiatan Kantor- Bahan Cetak,ON PROCESS,21406350,21406350
KAB. BUNGO,SEKRETARIAT DEWAN PERWAKILAN RAKYAT DAERAH KAB. BUNGO - 4.02.0.00.0.00.01.0000,144238,,2026,Tokodaring,,,E-Purchasing,Pengadaan Barang,,,15915000,15915000
KAB. BUNGO,RSUD H. HANAFIE MUARA BUNGO - 1.02.0.00.0.00.02.0000,01KTJJZDVYDKQ9DBE9SBPMSGNC,66872556,2026,E-Katalog 6.0,BLUD,VICTORY,E-Purchasing,Jasa Lainnya,Belanja Modal Peralatan dan Mesin BLUD - Peralatan Kantor dan Rumah Tangga (Brangkas),ON PROCESS,14985000,14985000
KAB. BUNGO,DINAS LINGKUNGAN HIDUP KAB. BUNGO - 2.11.0.00.0.00.01.0000,156824,,2026,Tokodaring,,,E-Purchasing,Pengadaan Barang,,,7475000,7475000
KAB. BUNGO,DINAS LINGKUNGAN HIDUP KAB. BUNGO - 2.11.0.00.0.00.01.0000,143948,,2026,Tokodaring,,,E-Purchasing,Pengadaan Barang,,,4182000,4182000
KAB. BUNGO,DINAS LINGKUNGAN HIDUP KAB. BUNGO - 2.11.0.00.0.00.01.0000,143174,,2026,Tokodaring,,,E-Purchasing,Pengadaan Barang,,,10235000,10235000
KAB. BUNGO,DINAS LINGKUNGAN HIDUP KAB. BUNGO - 2.11.0.00.0.00.01.0000,159776,,2026,Tokodaring,,Mersi Motor,E-Purchasing,Pengadaan Barang,,,2852000,2852000
KAB. BUNGO,RSUD H. HANAFIE MUARA BUNGO - 1.02.0.00.0.00.02.0000,01KJ9W07W43532B2ASP5KH1SMX,66118143,2026,E-Katalog 6.0,BLUD,TRIMITRA USAHA SUMBER DAYA,E-Purchasing,Jasa Lainnya,Belanja Pemeliharaan Alat Kedokteran,PAYMENT OUTSIDE SYSTEM,136600021,136600021
KAB. BUNGO,DINAS LINGKUNGAN HIDUP KAB. BUNGO - 2.11.0.00.0.00.01.0000,143973,,2026,Tokodaring,,,E-Purchasing,Pengadaan Barang,,,11070000,11070000
KAB. BUNGO,RSUD H. HANAFIE MUARA BUNGO - 1.02.0.00.0.00.02.0000,01KQRBV0RV26433FPAYNRWQBNE,66442438,2026,E-Katalog 6.0,BLUD,OTTO PHARMACEUTICAL INDUSTRIES,E-Purchasing,Barang,Belanja Barang dan Jasa BLUD (Belanja Bahan Obat),ON PROCESS,21255390,21255390
KAB. BUNGO,DINAS TANAMAN PANGAN HORTIKULTURA DAN PERKEBUNAN KAB. BUNGO - 3.27.0.00.0.00.01.0000,01KNGENCB55QPZNDZK3ASGMTWM,65081151,2026,E-Katalog 6.0,APBD,ALFIAN CHANDRA YUDHA,E-Purchasing,Barang,Belanja Alat/Bahan untuk Kegiatan Kantor-Bahan Komputer,ON PROCESS,8658000,8658000
KAB. BUNGO,DINAS PEKERJAAN UMUM DAN PENATAAN RUANG KAB. BUNGO - 1.03.0.00.0.00.01.0000,01KW8M9XQK5P6WP2FJ087B5JD4,67330121,2026,E-Katalog 6.0,APBD,AIRDJAYA PERKASA,E-Purchasing,Barang,Rehabilitasi Jaringan Irigasi Permukaan Di. Sei. Lubuk Mayan,ON PROCESS,34431534,34431534
KAB. BUNGO,DINAS PEKERJAAN UMUM DAN PENATAAN RUANG KAB. BUNGO - 1.03.0.00.0.00.01.0000,10899270000,67246031,2026,Non Tender,APBD,RAKHMAD NURDIANSYAH,Pengadaan Langsung,Jasa Konsultansi Perorangan Konstruksi,Supervisi Pengawasan Pembangunan Jalan - Operator Komputer I,SELESAI,18000000,18000000
KAB. BUNGO,DINAS PEKERJAAN UMUM DAN PENATAAN RUANG KAB. BUNGO - 1.03.0.00.0.00.01.0000,10842166000,66988519,2026,Non Tender,APBD,Lian novratrilova,Pengadaan Langsung,Jasa Konsultansi Perorangan Konstruksi,Supervisi Perencanaan Teknis Jalan - Drafter/Surveyor III,SELESAI,24800000,24800000
KAB. BUNGO,RSUD H. HANAFIE MUARA BUNGO - 1.02.0.00.0.00.02.0000,01KQ6K962HQWWHNXQM9JAWE62R,66445933,2026,E-Katalog 6.0,BLUD,ANEKA MEDIKA INDONESIA,E-Purchasing,Jasa Lainnya,Belanja Barang dan Jasa BLUD (Belanja Pemeliharaan Alat Kedokteran),ON PROCESS,11932500,0
KAB. BUNGO,DINAS KESEHATAN KAB. BUNGO - 1.02.0.00.0.00.01.0000,01KRAVJGW3YG9AS0BNFDGKG3Y1,65379497,2026,E-Katalog 6.0,APBD,VICTORY,E-Purchasing,Barang,Belanja Modal Komputer Unit Lainnya,ON PROCESS,7647900,7647900
KAB. BUNGO,DINAS PEKERJAAN UMUM DAN PENATAAN RUANG KAB. BUNGO - 1.03.0.00.0.00.01.0000,10865186000,65515525,2026,Non Tender,APBD,Cv. Bungo Sejahtera Famili,Pengadaan Langsung,Pekerjaan Konstruksi,Pembangunan DEPO Serunai Baru,SELESAI,399188442,399188442
KAB. BUNGO,DINAS PEMBERDAYAAN MASYARAKAT DAN DUSUN KAB. BUNGO - 2.13.0.00.0.00.01.0000,144991,,2026,Tokodaring,,,E-Purchasing,Pengadaan Barang,,,1912100,1912100
KAB. BUNGO,DINAS LINGKUNGAN HIDUP KAB. BUNGO - 2.11.0.00.0.00.01.0000,143952,,2026,Tokodaring,,,E-Purchasing,Pengadaan Barang,,,4182000,4182000
KAB. BUNGO,DINAS KESEHATAN KAB. BUNGO - 1.02.0.00.0.00.01.0000,155019,,2026,Tokodaring,,,E-Purchasing,Pengadaan Barang,,,4140000,4140000
KAB. BUNGO,DINAS LINGKUNGAN HIDUP KAB. BUNGO - 2.11.0.00.0.00.01.0000,158898,,2026,Tokodaring,,Toko Fajar Jaya,E-Purchasing,Pengadaan Barang,,,967000,967000
KAB. BUNGO,DINAS PERUMAHAN DAN KAWASAN PERMUKIMAN KAB. BUNGO - 1.04.2.11.1.03.01.0000,10816466000,66700696,2026,Non Tender,APBD,PT. US&P Architects,Pengadaan Langsung,Jasa Konsultansi Badan Usaha Non Konstruksi,Jasa Konsultan Penyusunan DED Penataan Pedestrian dan Utilitas Jl. M. Saidi,SELESAI,99789000,99789000
KAB. BUNGO,DINAS PEKERJAAN UMUM DAN PENATAAN RUANG KAB. BUNGO - 1.03.0.00.0.00.01.0000,10784994000,65838489,2026,Non Tender,APBD,Armelia Putri Junita,Pengadaan Langsung,Jasa Konsultansi Perorangan Konstruksi,Jasa Supervisi Perencanaan kontruksi - Operator Komputer,SELESAI,22000000,22000000
KAB. BUNGO,RSUD H. HANAFIE MUARA BUNGO - 1.02.0.00.0.00.02.0000,143512,,2026,Tokodaring,,,E-Purchasing,Pengadaan Barang,,,4771500,4771500
KAB. BUNGO,DINAS PEKERJAAN UMUM DAN PENATAAN RUANG KAB. BUNGO - 1.03.0.00.0.00.01.0000,01KW8PK1ZXF28YX7H0N9662VQD,67381535,2026,E-Katalog 6.0,APBD,ABDI JAYA BARU,E-Purchasing,Barang,pengadaan Agg klas A Jalan Muara Kuamang - Purwosari ,ON PROCESS,388426740,388426740
KAB. BUNGO,DINAS KEPENDUDUKAN DAN PENCATATAN SIPIL KAB. BUNGO - 2.12.0.00.0.00.01.0000,01KQC61HCYPVDK881Y9VFSVV3G,64889981,2026,E-Katalog 6.0,APBD,SUPE PATIMAH,E-Purchasing,Barang,Belanja Alat/Bahan untuk Kegiatan Kantor- Bahan Cetak,PAYMENT OUTSIDE SYSTEM,8991000,8991000
KAB. BUNGO,BADAN PENGELOLA PAJAK DAN RETRIBUSI DAERAH KABUPATEN BUNGO - 5.02.0.00.0.00.02.0000,01KQ9M3ZHRR4XAC3H0NAK8XKD7,65256454,2026,E-Katalog 6.0,APBD,AMMAR ABADI,E-Purchasing,Barang,Belanja Alat/Bahan untuk Kegiatan Kantor- Bahan Cetak,ON PROCESS,2054444,2054444
KAB. BUNGO,DINAS LINGKUNGAN HIDUP KAB. BUNGO - 2.11.0.00.0.00.01.0000,145391,,2026,Tokodaring,,,E-Purchasing,Pengadaan Barang,,,1150000,1150000
KAB. BUNGO,DINAS LINGKUNGAN HIDUP KAB. BUNGO - 2.11.0.00.0.00.01.0000,143974,,2026,Tokodaring,,,E-Purchasing,Pengadaan Barang,,,11070000,11070000
KAB. BUNGO,DINAS PEKERJAAN UMUM DAN PENATAAN RUANG KAB. BUNGO - 1.03.0.00.0.00.01.0000,01KJVP5M8DX23VXSXG03PFPDKM,66136800,2026,E-Katalog 6.0,APBD,AIRDJAYA PERKASA,E-Purchasing,Barang,pengadaan batu gunung ds. sungai beringin,ON PROCESS,82103814,82103814
KAB. BUNGO,DINAS LINGKUNGAN HIDUP KAB. BUNGO - 2.11.0.00.0.00.01.0000,149542,,2026,Tokodaring,,,E-Purchasing,Pengadaan Barang,,,885000,885000
KAB. BUNGO,BADAN PENGELOLA KEUANGAN DAN ASET DAERAH KABUPATEN BUNGO - 5.02.0.00.0.00.01.0000,01KP315P03CH0YG0BDW1C06CYP,65936744,2026,E-Katalog 6.0,APBD,AMMAR ABADI,E-Purchasing,Barang,Belanja Alat/Bahan untuk Kegiatan Kantor-Alat/Bahan untuk Kegiatan Kantor Lainnya,ON PROCESS,5927400,5927400
KAB. BUNGO,DINAS PEKERJAAN UMUM DAN PENATAAN RUANG KAB. BUNGO - 1.03.0.00.0.00.01.0000,01KW8FMFSJZV1KWB5BF8M2WPFY,67330190,2026,E-Katalog 6.0,APBD,AIRDJAYA PERKASA,E-Purchasing,Barang,Rehabilitasi Jaringan Irigasi Permukaan Di. Sei. Duren,ON PROCESS,29585829,29585829
KAB. BUNGO,DINAS PERUMAHAN DAN KAWASAN PERMUKIMAN KAB. BUNGO - 1.04.2.11.1.03.01.0000,10816590000,66700068,2026,Non Tender,APBD,PT. US&P Architects,Pengadaan Langsung,Jasa Konsultansi Badan Usaha Non Konstruksi,Jasa Konsultan Penyusunan DED Penataan Pedestrian dan Utilitas Jl. Sri Soedewi,SELESAI,99678000,99678000
KAB. BUNGO,DINAS LINGKUNGAN HIDUP KAB. BUNGO - 2.11.0.00.0.00.01.0000,143197,,2026,Tokodaring,,,E-Purchasing,Pengadaan Barang,,,895300,895300
KAB. BUNGO,RSUD H. HANAFIE MUARA BUNGO - 1.02.0.00.0.00.02.0000,10914872000,67269139,2026,Non Tender,BLUD,hogiak utama jaya,Pengadaan Langsung,Jasa Konsultansi Badan Usaha Konstruksi,Belanja Barang dan Jasa BLUD (Rehabilitasi Gedung TB Dots - Pengawasan),SELESAI,9501600,9501600
KAB. BUNGO,SEKRETARIAT DEWAN PERWAKILAN RAKYAT DAERAH KAB. BUNGO - 4.02.0.00.0.00.01.0000,144559,,2026,Tokodaring,,,E-Purchasing,Pengadaan Barang,,,1210000,1210000
KAB. BUNGO,BADAN PENGELOLA KEUANGAN DAN ASET DAERAH KABUPATEN BUNGO - 5.02.0.00.0.00.01.0000,01KWADEA2GV8K3XTJ2HZ5D29JC,65994790,2026,E-Katalog 6.0,APBD,AMMAR ABADI,E-Purchasing,Barang,Belanja Alat/Bahan untuk Kegiatan Kantor-Alat Listrik,ON PROCESS,17015190,17015190
KAB. BUNGO,DINAS PEKERJAAN UMUM DAN PENATAAN RUANG KAB. BUNGO - 1.03.0.00.0.00.01.0000,10833411000,66723571;66996747,2026,Non Tender,APBD,Monica Filarita Dwitama,Pengadaan Langsung,Jasa Konsultansi Perorangan Konstruksi,",Jasa Supervisi Perencanaan - Tenaga Teknis",SELESAI,26800000,26800000
KAB. BUNGO,RSUD H. HANAFIE MUARA BUNGO - 1.02.0.00.0.00.02.0000,01KPMT111XS9SD5PBQ61PJ8CN9,66883930,2026,E-Katalog 6.0,BLUD,PRIMA ABYRRA SENTOSA,E-Purchasing,Barang,Belanja Modal Peralatan dan Mesin BLUD - Peralatan Kedokteran / Kesehatan,ON PROCESS,99507060,99507060
KAB. BUNGO,DINAS KETAHANAN PANGAN KAB. BUNGO - 2.09.0.00.0.00.01.0000,160143,,2026,Tokodaring,,JOFA FOTOCOPY,E-Purchasing,Pengadaan Barang,,,325000,325000
KAB. BUNGO,SEKRETARIAT DAERAH KAB. BUNGO - 4.01.0.00.0.00.01.0000,159489,,2026,Tokodaring,,JOFA FOTOCOPY,E-Purchasing,Pengadaan Barang,,,1700000,1700000
KAB. BUNGO,RSUD H. HANAFIE MUARA BUNGO - 1.02.0.00.0.00.02.0000,01KQERC7E9X85WWCS6Q164JFE5,66442438,2026,E-Katalog 6.0,BLUD,BETA PHARMACON,E-Purchasing,Barang,Belanja Barang dan Jasa BLUD (Belanja Bahan Obat),ON PROCESS,45079764,0
KAB. BUNGO,SEKRETARIAT DEWAN PERWAKILAN RAKYAT DAERAH KAB. BUNGO - 4.02.0.00.0.00.01.0000,144923,,2026,Tokodaring,,,E-Purchasing,Pengadaan Barang,,,2100000,2100000
KAB. BUNGO,RSUD H. HANAFIE MUARA BUNGO - 1.02.0.00.0.00.02.0000,01KR30ZBZ9YXXXVJ71TBYTBKEV,66496453,2026,E-Katalog 6.0,BLUD,BUNGO BARU CIPTA PERSADA,E-Purchasing,Barang,Belanja Modal Peralatan dan Mesin BLUD - Peralatan Kantor dan Rumah Tangga (AC),ON PROCESS,38073000,38073000
KAB. BUNGO,DINAS LINGKUNGAN HIDUP KAB. BUNGO - 2.11.0.00.0.00.01.0000,143970,,2026,Tokodaring,,,E-Purchasing,Pengadaan Barang,,,11070000,11070000
KAB. BUNGO,DINAS PEKERJAAN UMUM DAN PENATAAN RUANG KAB. BUNGO - 1.03.0.00.0.00.01.0000,01KQ9FV6P4JZ3M41QDEMY6YYR0,66835680,2026,E-Katalog 6.0,APBD,YULIA,E-Purchasing,Barang,Pengadaan Bahan IPA Sungai Pinang,ON PROCESS,191399809,191399809
KAB. BUNGO,SEKRETARIAT DAERAH KAB. BUNGO - 4.01.0.00.0.00.01.0000,146819,,2026,Tokodaring,,,E-Purchasing,Pengadaan Barang,,,688000,688000
KAB. BUNGO,DINAS LINGKUNGAN HIDUP KAB. BUNGO - 2.11.0.00.0.00.01.0000,155853,,2026,Tokodaring,,,E-Purchasing,Pengadaan Barang,,,1298000,1298000
KAB. BUNGO,DINAS KEPENDUDUKAN DAN PENCATATAN SIPIL KAB. BUNGO - 2.12.0.00.0.00.01.0000,01KQEAEBHH5F5D08043M5CPVQQ,65078465,2026,E-Katalog 6.0,APBD,SUPE PATIMAH,E-Purchasing,Barang,Belanja Alat/Bahan untuk Kegiatan Kantor-Alat Tulis Kantor,PAYMENT OUTSIDE SYSTEM,20979000,20979000
KAB. BUNGO,DINAS PEKERJAAN UMUM DAN PENATAAN RUANG KAB. BUNGO - 1.03.0.00.0.00.01.0000,10833327000,66722170,2026,Non Tender,APBD,ALAN SUKMA,Pengadaan Langsung,Jasa Konsultansi Perorangan Konstruksi,Jasa Supervisi Pengawasan - Inspektor,SELESAI,26800000,26800000
KAB. BUNGO,SEKRETARIAT DAERAH KAB. BUNGO - 4.01.0.00.0.00.01.0000,01KTQMV7Q2MCYF78T50S02XXH6,64915589,2026,E-Katalog 6.0,APBD,ALFIAN CHANDRA YUDHA,E-Purchasing,Barang,Belanja Alat/Bahan untuk Kegiatan Kantor-Alat/Bahan untuk Kegiatan Kantor Lainnya,ON PROCESS,6331218,6331218
KAB. BUNGO,DINAS PETERNAKAN DAN PERIKANAN KAB. BUNGO - 3.27.3.25.0.00.01.0000,01KNRNP19HHXAXNZEQJTBJRTRQ,65305896,2026,E-Katalog 6.0,APBD,ALFIAN CHANDRA YUDHA,E-Purchasing,Barang,Belanja Alat/Bahan untuk Kegiatan Kantor-Alat/Bahan untuk Kegiatan Kantor Lainnya,PAYMENT OUTSIDE SYSTEM,6852641,6852641
KAB. BUNGO,DINAS PEKERJAAN UMUM DAN PENATAAN RUANG KAB. BUNGO - 1.03.0.00.0.00.01.0000,01KQ6A8F31JNF8SXYHWH3RD5MV,65664051,2026,E-Katalog 6.0,APBD,VICTORY,E-Purchasing,Barang,Kamera Drone,ON PROCESS,117993000,117993000
KAB. BUNGO,DINAS PEKERJAAN UMUM DAN PENATAAN RUANG KAB. BUNGO - 1.03.0.00.0.00.01.0000,10898849000,67208157,2026,Non Tender,APBD,HASTARI,Pengadaan Langsung,Jasa Konsultansi Perorangan Konstruksi,Supervisi Pengawasan Pemeliharaan Berkala Jalan - Lab. Teknisi,SELESAI,18600000,18600000
KAB. BUNGO,BADAN PENGELOLA KEUANGAN DAN ASET DAERAH KABUPATEN BUNGO - 5.02.0.00.0.00.01.0000,01KWA5713X5CG1QMRJXE7ZG88R,65994980,2026,E-Katalog 6.0,APBD,AMMAR ABADI,E-Purchasing,Barang,Belanja Alat/Bahan untuk Kegiatan Kantor-Alat Tulis Kantor,ON PROCESS,4421796,4421796
KAB. BUNGO,DINAS PETERNAKAN DAN PERIKANAN KAB. BUNGO - 3.27.3.25.0.00.01.0000,01KNRKXJ268P4GWQMFNFTH92BT,65094986,2026,E-Katalog 6.0,APBD,ALFIAN CHANDRA YUDHA,E-Purchasing,Barang,Belanja Alat/Bahan untuk Kegiatan Kantor-Alat Listrik,PAYMENT OUTSIDE SYSTEM,3452100,3452100
KAB. BUNGO,BADAN PENGELOLA KEUANGAN DAN ASET DAERAH KABUPATEN BUNGO - 5.02.0.00.0.00.01.0000,01KW8VVQ4BNBDZ6S1HF6ASYHRX,65911623,2026,E-Katalog 6.0,APBD,AMMAR ABADI,E-Purchasing,Barang,Belanja Alat/Bahan untuk Kegiatan Kantor- Bahan Cetak,ON PROCESS,39002625,39002625
KAB. BUNGO,DINAS PEKERJAAN UMUM DAN PENATAAN RUANG KAB. BUNGO - 1.03.0.00.0.00.01.0000,10898930000,67208548,2026,Non Tender,APBD,Fitri angraini,Pengadaan Langsung,Jasa Konsultansi Perorangan Konstruksi,Supervisi Pengawasan Pemeliharaan Berkala Jalan - Operator Komputer II,SELESAI,18000000,18000000
KAB. BUNGO,DINAS LINGKUNGAN HIDUP KAB. BUNGO - 2.11.0.00.0.00.01.0000,142376,,2026,Tokodaring,,,E-Purchasing,Pengadaan Barang,,,360000,360000
KAB. BUNGO,BADAN PENGELOLA PAJAK DAN RETRIBUSI DAERAH KABUPATEN BUNGO - 5.02.0.00.0.00.02.0000,01KQ6F3MHH1HXGCEH913YGCZ7A,65438302,2026,E-Katalog 6.0,APBD,AMMAR ABADI,E-Purchasing,Barang,Belanja Alat/Bahan untuk Kegiatan Kantor- Bahan Cetak,ON PROCESS,25650000,25650000
KAB. BUNGO,DINAS PEKERJAAN UMUM DAN PENATAAN RUANG KAB. BUNGO - 1.03.0.00.0.00.01.0000,10798679000,66066760,2026,Non Tender,APBD,AMRU. AS,Pengadaan Langsung,Jasa Konsultansi Perorangan Konstruksi,Jasa Supervisi Perencanaan Konstruksi Teknik Sipil Air - Tenaga Teknik  III,SELESAI,23450000,23450000
KAB. BUNGO,DINAS PEKERJAAN UMUM DAN PENATAAN RUANG KAB. BUNGO - 1.03.0.00.0.00.01.0000,10899327000,67244588,2026,Non Tender,APBD,ADE WASITO,Pengadaan Langsung,Jasa Konsultansi Perorangan Konstruksi,Supervisi Pengawasan Pembangunan Jalan - Lab. Teknisi,SELESAI,20100000,20100000
KAB. BUNGO,DINAS LINGKUNGAN HIDUP KAB. BUNGO - 2.11.0.00.0.00.01.0000,01KVY9V5M2XJ0GD1GM3GYKQKG2,65164576,2026,E-Katalog 6.0,APBD,AMMAR ABADI,E-Purchasing,Barang,Belanja Alat/Bahan untuk Kegiatan Kantor- Bahan Cetak,ON PROCESS,1847040,1847040
KAB. BUNGO,RSUD H. HANAFIE MUARA BUNGO - 1.02.0.00.0.00.02.0000,01KQRCR6Z2EZTF17E85H08SK9Z,66442438,2026,E-Katalog 6.0,BLUD,PRATAPA NIRMALA,E-Purchasing,Barang,Belanja Barang dan Jasa BLUD (Belanja Bahan Obat),ON PROCESS,101582649,101582649
KAB. BUNGO,SEKRETARIAT DEWAN PERWAKILAN RAKYAT DAERAH KAB. BUNGO - 4.02.0.00.0.00.01.0000,146065,,2026,Tokodaring,,,E-Purchasing,Pengadaan Barang,,,204000,204000
KAB. BUNGO,BADAN PENGELOLA PAJAK DAN RETRIBUSI DAERAH KABUPATEN BUNGO - 5.02.0.00.0.00.02.0000,01KKJJMS0XDM4G9NW8FQD2YK2Z,65256454,2026,E-Katalog 6.0,APBD,AMMAR ABADI,E-Purchasing,Barang,Belanja Alat/Bahan untuk Kegiatan Kantor- Bahan Cetak,ON PROCESS,1050000,1050000
KAB. BUNGO,RSUD H. HANAFIE MUARA BUNGO - 1.02.0.00.0.00.02.0000,01KN6283YAP7R2S9TSBSAK2PR7,66496314,2026,E-Katalog 6.0,BLUD,PRIMA ABYRRA SENTOSA,E-Purchasing,Barang,Belanja Barang dan Jasa BLUD (Belanja Barang Alat Kesehatan / Kedokteran),PAYMENT OUTSIDE SYSTEM,14485500,14485500
KAB. BUNGO,DINAS KOPERASI USAHA KECIL MENENGAH PERINDUSTRIAN DAN PERDAGANGAN KAB. BUNGO - 2.17.3.31.3.30.01.0000,01KS3ZZMJMHS3T1VYNMDN46KTD,65048259,2026,E-Katalog 6.0,APBD,PRAUSA FERRY TAMA,E-Purchasing,Barang,Belanja Alat/Bahan untuk Kegiatan Kantor-Bahan Komputer,PAYMENT OUTSIDE SYSTEM,245199,245199
KAB. BUNGO,BADAN PENGELOLA KEUANGAN DAN ASET DAERAH KABUPATEN BUNGO - 5.02.0.00.0.00.01.0000,01KWA908KZ1WW58GZ1MFBS119T,65995211,2026,E-Katalog 6.0,APBD,AMMAR ABADI,E-Purchasing,Barang,Belanja Alat/Bahan untuk Kegiatan Kantor- Bahan Cetak,ON PROCESS,1965366,1965366
KAB. BUNGO,BADAN PENGELOLA PAJAK DAN RETRIBUSI DAERAH KABUPATEN BUNGO - 5.02.0.00.0.00.02.0000,01KWBJ6TTH6QJ2P2GGQARTPH00,65256769,2026,E-Katalog 6.0,APBD,AMMAR ABADI,E-Purchasing,Barang,Belanja Alat/Bahan untuk Kegiatan Kantor- Bahan Cetak,ON PROCESS,1756542,1756542
KAB. BUNGO,DINAS LINGKUNGAN HIDUP KAB. BUNGO - 2.11.0.00.0.00.01.0000,01KJRQYJACN9TF1R065VEH6KAQ,65279345,2026,E-Katalog 6.0,APBD,AMMAR ABADI,E-Purchasing,Barang,Belanja Pakaian Dinas Lapangan (PDL),ON PROCESS,5283500,5283500
KAB. BUNGO,BADAN PENGELOLA PAJAK DAN RETRIBUSI DAERAH KABUPATEN BUNGO - 5.02.0.00.0.00.02.0000,01KKTHX5D824C7JTE5CYMVDQS2,65256490,2026,E-Katalog 6.0,APBD,AMMAR ABADI,E-Purchasing,Barang,Belanja Alat/Bahan untuk Kegiatan Kantor-Alat Listrik,ON PROCESS,5846925,5846925
KAB. BUNGO,DINAS LINGKUNGAN HIDUP KAB. BUNGO - 2.11.0.00.0.00.01.0000,145951,,2026,Tokodaring,,,E-Purchasing,Pengadaan Barang,,,18122550,18122550
KAB. BUNGO,DINAS PEKERJAAN UMUM DAN PENATAAN RUANG KAB. BUNGO - 1.03.0.00.0.00.01.0000,01KJVY92A2T8YABHXPNBQC0WGQ,65514825,2026,E-Katalog 6.0,APBD,VICTORY,E-Purchasing,Barang,Pengadaan Printer A3 Multifungsi,ON PROCESS,31601700,31601700
KAB. BUNGO,DINAS TANAMAN PANGAN HORTIKULTURA DAN PERKEBUNAN KAB. BUNGO - 3.27.0.00.0.00.01.0000,01KNGCD7N95R586FZKYS0DJEYE,65081018,2026,E-Katalog 6.0,APBD,ALFIAN CHANDRA YUDHA,E-Purchasing,Barang,Belanja Alat/Bahan untuk Kegiatan Kantor- Bahan Cetak,ON PROCESS,1665000,1665000
KAB. BUNGO,BADAN PENGELOLA KEUANGAN DAN ASET DAERAH KABUPATEN BUNGO - 5.02.0.00.0.00.01.0000,01KNPXXFJYD0SPQY4BA5CR4S7A,65994980,2026,E-Katalog 6.0,APBD,AMMAR ABADI,E-Purchasing,Barang,Belanja Alat/Bahan untuk Kegiatan Kantor-Alat Tulis Kantor,ON PROCESS,4065930,4065930
KAB. BUNGO,SEKRETARIAT DAERAH KAB. BUNGO - 4.01.0.00.0.00.01.0000,01KRB2TZBYSQEB0RSMR2YXBHK4,66870211,2026,E-Katalog 6.0,APBD,RIA PRINTING BUNGO,E-Purchasing,Barang,Belanja Alat/Bahan untuk Kegiatan Kantor- Bahan Cetak,PAYMENT OUTSIDE SYSTEM,823309,823309
KAB. BUNGO,BADAN PENGELOLA KEUANGAN DAN ASET DAERAH KABUPATEN BUNGO - 5.02.0.00.0.00.01.0000,01KWACKPTEWMES0356X9KVBXA8,65994828,2026,E-Katalog 6.0,APBD,AMMAR ABADI,E-Purchasing,Barang,Belanja Alat/Bahan untuk Kegiatan Kantor- Kertas dan Cover,ON PROCESS,297480,297480
KAB. BUNGO,DINAS PEKERJAAN UMUM DAN PENATAAN RUANG KAB. BUNGO - 1.03.0.00.0.00.01.0000,10842080000,66988255,2026,Non Tender,APBD,Maradona,Pengadaan Langsung,Jasa Konsultansi Perorangan Konstruksi,Supervisi Perencanaan Teknis Jalan - Tenaga Ahli,SELESAI,26800000,26800000
KAB. BUNGO,DINAS PERUMAHAN DAN KAWASAN PERMUKIMAN KAB. BUNGO - 1.04.2.11.1.03.01.0000,10807880000,65322544,2026,Non Tender,APBD,hogiak utama jaya,Pengadaan Langsung,Jasa Konsultansi Badan Usaha Non Konstruksi,Jasa Konsultansi Perencanaan Jalan Rabat beton,SELESAI,59829000,59829000
KAB. BUNGO,SEKRETARIAT DEWAN PERWAKILAN RAKYAT DAERAH KAB. BUNGO - 4.02.0.00.0.00.01.0000,144827,,2026,Tokodaring,,,E-Purchasing,Pengadaan Barang,,,3330000,3330000
KAB. BUNGO,DINAS TANAMAN PANGAN HORTIKULTURA DAN PERKEBUNAN KAB. BUNGO - 3.27.0.00.0.00.01.0000,01KN6P8EHB7F88BT5VT3GD4KXS,65081150,2026,E-Katalog 6.0,APBD,ALFIAN CHANDRA YUDHA,E-Purchasing,Barang,Belanja Alat/Bahan untuk Kegiatan Kantor-Alat Tulis Kantor,ON PROCESS,10056600,10056600
KAB. BUNGO,DINAS KESEHATAN KAB. BUNGO - 1.02.0.00.0.00.01.0000,01KWBJNTFTW18XF30PN3RQNWWZ,65382127,2026,E-Katalog 6.0,APBD,VICTORY,E-Purchasing,Barang,Belanja Modal Peralatan Studio Video dan Film,ON PROCESS,2830500,2830500
KAB. BUNGO,RSUD H. HANAFIE MUARA BUNGO - 1.02.0.00.0.00.02.0000,01KMYHV7CTYEHFDF8GKDV05FM8,66445933,2026,E-Katalog 6.0,BLUD,ANEKA MEDIKA INDONESIA,E-Purchasing,Jasa Lainnya,Belanja Barang dan Jasa BLUD (Belanja Pemeliharaan Alat Kedokteran),ON PROCESS,532245000,0
KAB. BUNGO,DINAS PEKERJAAN UMUM DAN PENATAAN RUANG KAB. BUNGO - 1.03.0.00.0.00.01.0000,01KRX3YQ4RXD4XBP4T46YYHK01,67145706,2026,E-Katalog 6.0,APBD,ABDI JAYA BARU,E-Purchasing,Barang,pengadaan Aggregat klas C Jalan Makam Lubuk Landai,ON PROCESS,144855000,144855000
KAB. BUNGO,BADAN PENGELOLA KEUANGAN DAN ASET DAERAH KABUPATEN BUNGO - 5.02.0.00.0.00.01.0000,01KW91PF5C21KH226FMC4JA4TF,65994718,2026,E-Katalog 6.0,APBD,AMMAR ABADI,E-Purchasing,Barang,Belanja Alat/Bahan untuk Kegiatan Kantor-Bahan Komputer,ON PROCESS,8101890,8101890
KAB. BUNGO,DINAS LINGKUNGAN HIDUP KAB. BUNGO - 2.11.0.00.0.00.01.0000,148502,,2026,Tokodaring,,,E-Purchasing,Pengadaan Barang,,,9277250,9277250
KAB. BUNGO,DINAS PEKERJAAN UMUM DAN PENATAAN RUANG KAB. BUNGO - 1.03.0.00.0.00.01.0000,10785141000,65838613;65876095,2026,Non Tender,APBD,Astri fauziah,Pengadaan Langsung,Jasa Konsultansi Perorangan Konstruksi,Jasa Supervisi Pengawasan - Inspektor I,SELESAI,23450000,23450000
KAB. BUNGO,DINAS PEKERJAAN UMUM DAN PENATAAN RUANG KAB. BUNGO - 1.03.0.00.0.00.01.0000,10825610000,66855797,2026,Non Tender,APBD,PT. US&P Architects,Pengadaan Langsung,Jasa Konsultansi Badan Usaha Non Konstruksi,DED Tugu Bundaran Bambu Kuning,SELESAI,99400500,99400500
KAB. BUNGO,DINAS PEKERJAAN UMUM DAN PENATAAN RUANG KAB. BUNGO - 1.03.0.00.0.00.01.0000,01KW999H8GXS5S6BBSBYMMCF8M,66835680,2026,E-Katalog 6.0,APBD,YULIA,E-Purchasing,Barang,Pengadaan Bahan IPA Sungai Pinang,ON PROCESS,184510250,184510250
KAB. BUNGO,BADAN PERENCANAAN PEMBANGUNAN DAERAH KABUPATEN BUNGO - 5.01.5.05.0.00.01.0000,154272,,2026,Tokodaring,,,E-Purchasing,Pengadaan Barang,,,10130000,10130000
KAB. BUNGO,DINAS LINGKUNGAN HIDUP KAB. BUNGO - 2.11.0.00.0.00.01.0000,145390,,2026,Tokodaring,,,E-Purchasing,Pengadaan Barang,,,460000,460000
KAB. BUNGO,DINAS PEKERJAAN UMUM DAN PENATAAN RUANG KAB. BUNGO - 1.03.0.00.0.00.01.0000,01KQ69XNN0SVY1HPYV0P59A36T,65664052,2026,E-Katalog 6.0,APBD,VICTORY,E-Purchasing,Barang,GPS,ON PROCESS,49950000,49950000
KAB. BUNGO,DINAS LINGKUNGAN HIDUP KAB. BUNGO - 2.11.0.00.0.00.01.0000,142362,,2026,Tokodaring,,,E-Purchasing,Pengadaan Barang,,,23765000,23765000
KAB. BUNGO,DINAS PEKERJAAN UMUM DAN PENATAAN RUANG KAB. BUNGO - 1.03.0.00.0.00.01.0000,10789748000,65972337;66080758,2026,Non Tender,APBD,Rido aulia fajrin,Pengadaan Langsung,Jasa Konsultansi Perorangan Konstruksi,",Jasa Supervisi Pengawasan kontruksi Teknik sipil Air - Inspektor II",SELESAI,16750000,16750000
KAB. BUNGO,DINAS LINGKUNGAN HIDUP KAB. BUNGO - 2.11.0.00.0.00.01.0000,01KK8GGWB1S050MN17NDE079BR,65166360,2026,E-Katalog 6.0,APBD,AMMAR ABADI,E-Purchasing,Barang,Belanja Alat/Bahan untuk Kegiatan Kantor-Alat Listrik,ON PROCESS,2214450,2214450
KAB. BUNGO,BADAN PENGELOLA PAJAK DAN RETRIBUSI DAERAH KABUPATEN BUNGO - 5.02.0.00.0.00.02.0000,01KWBGZND1ZQDAGXJHVB150NJP,65256628,2026,E-Katalog 6.0,APBD,AMMAR ABADI,E-Purchasing,Barang,Belanja Alat/Bahan untuk Kegiatan Kantor-Alat/Bahan untuk Kegiatan Kantor Lainnya,ON PROCESS,2278830,2278830
KAB. BUNGO,DINAS PEKERJAAN UMUM DAN PENATAAN RUANG KAB. BUNGO - 1.03.0.00.0.00.01.0000,01KQY1DNZA0PVRXA26FWCES5F0,67085388,2026,E-Katalog 6.0,APBD,ABDI JAYA BARU,E-Purchasing,Barang,Pengadaan Agregat CTSB Jalan Nasional-Pematang Panjang,ON PROCESS,114510375,114510375
KAB. BUNGO,DINAS LINGKUNGAN HIDUP KAB. BUNGO - 2.11.0.00.0.00.01.0000,153130,,2026,Tokodaring,,,E-Purchasing,Pengadaan Barang,,,2150000,2150000
KAB. BUNGO,DINAS PEKERJAAN UMUM DAN PENATAAN RUANG KAB. BUNGO - 1.03.0.00.0.00.01.0000,10817086000,65991221,2026,Non Tender,APBD,Fauzi Ardiansyah,Pengadaan Langsung,Jasa Konsultansi Perorangan Konstruksi,Jasa Supervisi Pengawasan Konstruksi Teknik Sipil Air - Surveyor I,SELESAI,20800000,20800000
KAB. BUNGO,KECAMATAN PASAR MUARA BUNGO - 7.01.0.00.0.00.01.0000,01KJCXGGPQ8W0QRNK4VGJGGJ1E,64995573,2026,E-Katalog 6.0,APBD,AFNI,E-Purchasing,Barang,Belanja Pakaian Dinas Harian (PDH),PAYMENT OUTSIDE SYSTEM,40688160,40688160
KAB. BUNGO,UPT PUSKESMAS MUARA BUNGO I - 1.02.0.00.0.00.01.0015,01KWK1HKVJZS7ZDWEV5Z23AS7B,67334137,2026,E-Katalog 6.0,APBD,SIGRA DUTA MEDIKAL,E-Purchasing,Barang,-Belanja Obat-Obatan-Obat				,ON PROCESS,14858877,14858877
KAB. BUNGO,SEKRETARIAT DAERAH KAB. BUNGO - 4.01.0.00.0.00.01.0000,144555,,2026,Tokodaring,,,E-Purchasing,Pengadaan Barang,,,1030000,1030000
KAB. BUNGO,DINAS PEKERJAAN UMUM DAN PENATAAN RUANG KAB. BUNGO - 1.03.0.00.0.00.01.0000,01KT8WBB4NNMEVABVPFVEJKCBM,65141664,2026,E-Katalog 6.0,APBD,ARENA JAYA NUSANTARA,E-Purchasing,Barang,Belanja Alat/Bahan untuk Kegiatan Kantor-Alat Tulis Kantor,ON PROCESS,12099000,12099000
KAB. BUNGO,RSUD H. HANAFIE MUARA BUNGO - 1.02.0.00.0.00.02.0000,151986,,2026,Tokodaring,,,E-Purchasing,Pengadaan Barang,,,1030000,1030000
KAB. BUNGO,DINAS PEKERJAAN UMUM DAN PENATAAN RUANG KAB. BUNGO - 1.03.0.00.0.00.01.0000,01KNR9NBYTDM7RCNF9RJ5FJ72N,66815220,2026,E-Katalog 6.0,APBD,CEMERLANG UTAMA SENTOSA,E-Purchasing,Barang,Rehabilitasi Mesjid Agung Al - Mubarak,PAYMENT OUTSIDE SYSTEM,2641800,2641800
KAB. BUNGO,BADAN KEPEGAWAIAN PENGEMBANGAN SUMBER DAYA MANUSIA DAERAH KAB. BUNGO - 5.03.5.04.0.00.01.0000,01KKJ4C9ZSMXMWF7JWY1C9Z6AS,65276331,2026,E-Katalog 6.0,APBD,AMMAR ABADI,E-Purchasing,Barang,Belanja Alat/Bahan untuk Kegiatan Kantor- Kertas dan Cover,PAYMENT OUTSIDE SYSTEM,399600,399600
KAB. BUNGO,BADAN PENGELOLA KEUANGAN DAN ASET DAERAH KABUPATEN BUNGO - 5.02.0.00.0.00.01.0000,01KNPYBEHNNH0FN357MGVVTSGS,65996441,2026,E-Katalog 6.0,APBD,AMMAR ABADI,E-Purchasing,Barang,Belanja Alat/Bahan untuk Kegiatan Kantor- Bahan Cetak,ON PROCESS,2033187,2033187
KAB. BUNGO,RSUD H. HANAFIE MUARA BUNGO - 1.02.0.00.0.00.02.0000,01KWGPQX1ZXJ0C775WDHVPD4JQ,66442438,2026,E-Katalog 6.0,BLUD,BETA PHARMACON,E-Purchasing,Barang,Belanja Barang dan Jasa BLUD (Belanja Bahan Obat),ON PROCESS,31609914,0
KAB. BUNGO,SEKRETARIAT DEWAN PERWAKILAN RAKYAT DAERAH KAB. BUNGO - 4.02.0.00.0.00.01.0000,144817,,2026,Tokodaring,,,E-Purchasing,Pengadaan Barang,,,1944000,1944000
KAB. BUNGO,DINAS LINGKUNGAN HIDUP KAB. BUNGO - 2.11.0.00.0.00.01.0000,154421,,2026,Tokodaring,,,E-Purchasing,Pengadaan Barang,,,505000,505000
KAB. BUNGO,DINAS PERUMAHAN DAN KAWASAN PERMUKIMAN KAB. BUNGO - 1.04.2.11.1.03.01.0000,154744,,2026,Tokodaring,,,E-Purchasing,Pengadaan Barang,,,3800000,3800000
KAB. BUNGO,SEKRETARIAT DEWAN PERWAKILAN RAKYAT DAERAH KAB. BUNGO - 4.02.0.00.0.00.01.0000,144050,,2026,Tokodaring,,,E-Purchasing,Pengadaan Barang,,,561000,561000
KAB. BUNGO,DINAS KESEHATAN KAB. BUNGO - 1.02.0.00.0.00.01.0000,10150232000,67406143,2026,Tender,APBD,,Tender,Pekerjaan Konstruksi,"Pembangunan Lanjutan Poliklinik, manajemen dan Gedung Penunjang RSUD Kuamang Kuning",BERLANGSUNG,5465177000,5465177000
KAB. BUNGO,DINAS PEKERJAAN UMUM DAN PENATAAN RUANG KAB. BUNGO - 1.03.0.00.0.00.01.0000,10136283000,65854984;65854996;66910541,2026,Tender,APBD,CV. Azka Jaya Mandiri,Tender,Pekerjaan Konstruksi,Rekonstruksi Jalan Paket III,SELESAI,4473566931,4473566931
KAB. BUNGO,DINAS LINGKUNGAN HIDUP KAB. BUNGO - 2.11.0.00.0.00.01.0000,153958,,2026,Tokodaring,,,E-Purchasing,Pengadaan Barang,,,2106000,2106000
KAB. BUNGO,DINAS KESEHATAN KAB. BUNGO - 1.02.0.00.0.00.01.0000,157739,,2026,Tokodaring,,,E-Purchasing,Pengadaan Barang,,,4080000,4080000
KAB. BUNGO,DINAS PEKERJAAN UMUM DAN PENATAAN RUANG KAB. BUNGO - 1.03.0.00.0.00.01.0000,10865062000,67113609,2026,Non Tender,APBD,Afra Chandra,Pengadaan Langsung,Jasa Konsultansi Perorangan Konstruksi,Supervisi Pengawasan Rekonstruksi Jalan - Lab. Teknisi,SELESAI,18600000,18600000
KAB. BUNGO,DINAS KEPENDUDUKAN DAN PENCATATAN SIPIL KAB. BUNGO - 2.12.0.00.0.00.01.0000,01KK8RS210Y9KFQT0X2GXX05TN,65078468,2026,E-Katalog 6.0,APBD,AMMAR ABADI,E-Purchasing,Barang,Belanja Alat/Bahan untuk Kegiatan Kantor-Bahan Komputer,PAYMENT OUTSIDE SYSTEM,454128750,454128750
KAB. BUNGO,BADAN PENGELOLA PAJAK DAN RETRIBUSI DAERAH KABUPATEN BUNGO - 5.02.0.00.0.00.02.0000,01KWBGK3TEJSP5Q87C10A8WNJT,65256485,2026,E-Katalog 6.0,APBD,AMMAR ABADI,E-Purchasing,Barang,Belanja Alat/Bahan untuk Kegiatan Kantor-Alat Tulis Kantor,ON PROCESS,5912915,5912915
KAB. BUNGO,RSUD H. HANAFIE MUARA BUNGO - 1.02.0.00.0.00.02.0000,01KVEXM7D75Q5V2Y6S9F6EPB4E,66496493,2026,E-Katalog 6.0,BLUD,HENDERY,E-Purchasing,Barang,Belanja Modal Peralatan dan Mesin BLUD - Komputer (Printer / Scanner),ON PROCESS,9102000,0
KAB. BUNGO,DINAS PEKERJAAN UMUM DAN PENATAAN RUANG KAB. BUNGO - 1.03.0.00.0.00.01.0000,01KVPK9EF9V0PYZG70E4TSS3G3,67330190,2026,E-Katalog 6.0,APBD,YULIA,E-Purchasing,Barang,Rehabilitasi Jaringan Irigasi Permukaan Di. Sei. Duren,ON PROCESS,75612445,75612445
KAB. BUNGO,SEKRETARIAT DAERAH KAB. BUNGO - 4.01.0.00.0.00.01.0000,146799,,2026,Tokodaring,,,E-Purchasing,Pengadaan Barang,,,1086000,1086000
KAB. BUNGO,RSUD H. HANAFIE MUARA BUNGO - 1.02.0.00.0.00.02.0000,01KQ981QFG0WCNYZ6VP8EDN2N0,66980169,2026,E-Katalog 6.0,BLUD,BUNGO MEDIA TELEVISI,E-Purchasing,Jasa Lainnya,Belanja Barang dan Jasa BLUD (Belanja Promosi dan Publikasi),ON PROCESS,15000000,15000000
KAB. BUNGO,DINAS KEPENDUDUKAN DAN PENCATATAN SIPIL KAB. BUNGO - 2.12.0.00.0.00.01.0000,01KS4JZA23Z6N0RT283XYB1P3D,64889949,2026,E-Katalog 6.0,APBD,SUPE PATIMAH,E-Purchasing,Barang,Belanja Alat/Bahan untuk Kegiatan Kantor- Bahan Cetak,ON PROCESS,8991000,8991000
KAB. BUNGO,SEKRETARIAT DEWAN PERWAKILAN RAKYAT DAERAH KAB. BUNGO - 4.02.0.00.0.00.01.0000,146077,,2026,Tokodaring,,,E-Purchasing,Pengadaan Barang,,,6400000,6400000
KAB. BUNGO,SEKRETARIAT DEWAN PERWAKILAN RAKYAT DAERAH KAB. BUNGO - 4.02.0.00.0.00.01.0000,145938,,2026,Tokodaring,,,E-Purchasing,Pengadaan Barang,,,1340000,1340000
KAB. BUNGO,DINAS KESEHATAN KAB. BUNGO - 1.02.0.00.0.00.01.0000,01KVSCCPZ1S5JNHSSR7BA2P391,65382127,2026,E-Katalog 6.0,APBD,VICTORY,E-Purchasing,Barang,Belanja Modal Peralatan Studio Video dan Film,ON PROCESS,2580750,2580750
KAB. BUNGO,BADAN PENGELOLA KEUANGAN DAN ASET DAERAH KABUPATEN BUNGO - 5.02.0.00.0.00.01.0000,01KNR720RQ85ZAGNNWZ27JNE12,65994829,2026,E-Katalog 6.0,APBD,AMMAR ABADI,E-Purchasing,Barang,Belanja Alat/Bahan untuk Kegiatan Kantor- Bahan Cetak,ON PROCESS,9296672,9296672
KAB. BUNGO,SEKRETARIAT DAERAH KAB. BUNGO - 4.01.0.00.0.00.01.0000,144232,,2026,Tokodaring,,,E-Purchasing,Pengadaan Barang,,,772000,772000
KAB. BUNGO,DINAS LINGKUNGAN HIDUP KAB. BUNGO - 2.11.0.00.0.00.01.0000,158749,,2026,Tokodaring,,,E-Purchasing,Pengadaan Barang,,,389700,389700
KAB. BUNGO,DINAS PERUMAHAN DAN KAWASAN PERMUKIMAN KAB. BUNGO - 1.04.2.11.1.03.01.0000,01KVPM36J36C27ZHCD6FTDZKEN,65327317,2026,E-Katalog 6.0,APBD,AMMAR ABADI,E-Purchasing,Barang,Belanja Alat/Bahan untuk Kegiatan Kantor- Bahan Cetak,ON PROCESS,5208919,5208919
KAB. BUNGO,RSUD H. HANAFIE MUARA BUNGO - 1.02.0.00.0.00.02.0000,01KVWEAEXKE7BZ6S7A4WKBE26J,67344508,2026,E-Katalog 6.0,BLUD,KHAIRUL FAHMI,E-Purchasing,Jasa Lainnya,Belanja Barang dan Jasa BLUD (Pemeliharaan gedung/rumah dinas/lingkungan RS),ON PROCESS,57304860,57304860
KAB. BUNGO,RSUD H. HANAFIE MUARA BUNGO - 1.02.0.00.0.00.02.0000,01KP26WRTFWCV2TDTRCV9C88A9,66883946,2026,E-Katalog 6.0,BLUD,HARGO PRATAMA INDONESIA,E-Purchasing,Pekerjaan Konstruksi,Belanja Modal Peralatan dan Mesin BLUD - Pengadaan Mesin & IPAL ,ON PROCESS,990750000,990750000
KAB. BUNGO,DINAS KEPENDUDUKAN DAN PENCATATAN SIPIL KAB. BUNGO - 2.12.0.00.0.00.01.0000,01KK0QCASV4A0A2FN0D14RW73S,64889981,2026,E-Katalog 6.0,APBD,SUPE PATIMAH,E-Purchasing,Barang,Belanja Alat/Bahan untuk Kegiatan Kantor- Bahan Cetak,PAYMENT OUTSIDE SYSTEM,10489500,10489500
KAB. BUNGO,BADAN PENGELOLA KEUANGAN DAN ASET DAERAH KABUPATEN BUNGO - 5.02.0.00.0.00.01.0000,01KP3122975PCD3HMJFWF2CSRM,65936746,2026,E-Katalog 6.0,APBD,AMMAR ABADI,E-Purchasing,Barang,Belanja Alat/Bahan untuk Kegiatan Kantor-Bahan Komputer,ON PROCESS,973470,973470
KAB. BUNGO,SEKRETARIAT DAERAH KAB. BUNGO - 4.01.0.00.0.00.01.0000,146724,,2026,Tokodaring,,,E-Purchasing,Pengadaan Barang,,,1250000,1250000
KAB. BUNGO,DINAS PEKERJAAN UMUM DAN PENATAAN RUANG KAB. BUNGO - 1.03.0.00.0.00.01.0000,10823983000,66864754,2026,Non Tender,APBD,"Novi Haryanto, S.H.",Pengadaan Langsung,Jasa Konsultansi Perorangan Non Konstruksi,Jasa Tenaga Ahli Legalisasi RTRW - Ahli Hukum,SELESAI,34000000,34000000
KAB. BUNGO,DINAS PEKERJAAN UMUM DAN PENATAAN RUANG KAB. BUNGO - 1.03.0.00.0.00.01.0000,10898690000,67208049,2026,Non Tender,APBD,UMEGA PRIBADI,Pengadaan Langsung,Jasa Konsultansi Perorangan Konstruksi,Supervisi Pengawasan Pemeliharaan Berkala Jalan - Inspektor,SELESAI,23100000,23100000
KAB. BUNGO,SEKRETARIAT DEWAN PERWAKILAN RAKYAT DAERAH KAB. BUNGO - 4.02.0.00.0.00.01.0000,144186,,2026,Tokodaring,,,E-Purchasing,Pengadaan Barang,,,4200000,4200000
KAB. BUNGO,DINAS PETERNAKAN DAN PERIKANAN KAB. BUNGO - 3.27.3.25.0.00.01.0000,01KQ68WDM38YHM6Y8NEBA88J0C,65095056,2026,E-Katalog 6.0,APBD,SUPE PATIMAH,E-Purchasing,Barang,Belanja Alat/Bahan untuk Kegiatan Kantor-Alat Tulis Kantor,PAYMENT OUTSIDE SYSTEM,6760800,6760800
KAB. BUNGO,DINAS PEKERJAAN UMUM DAN PENATAAN RUANG KAB. BUNGO - 1.03.0.00.0.00.01.0000,10898884000,67208371,2026,Non Tender,APBD,cinta garsiella kirana,Pengadaan Langsung,Jasa Konsultansi Perorangan Konstruksi,Supervisi Pengawasan Pemeliharaan Berkala Jalan - Surveyor II,SELESAI,15600000,15600000
KAB. BUNGO,RSUD H. HANAFIE MUARA BUNGO - 1.02.0.00.0.00.02.0000,01KWGF2EPTYEYZVM4Y2J3HKY6Z,66442438,2026,E-Katalog 6.0,BLUD,OTTO PHARMACEUTICAL INDUSTRIES,E-Purchasing,Barang,Belanja Barang dan Jasa BLUD (Belanja Bahan Obat),ON PROCESS,35891850,35891850
KAB. BUNGO,DINAS PEMBERDAYAAN MASYARAKAT DAN DUSUN KAB. BUNGO - 2.13.0.00.0.00.01.0000,145123,,2026,Tokodaring,,,E-Purchasing,Pengadaan Barang,,,4400500,4400500
KAB. BUNGO,DINAS PEKERJAAN UMUM DAN PENATAAN RUANG KAB. BUNGO - 1.03.0.00.0.00.01.0000,01KRX30J2PCXAVTQZY07HGP4QG,67145673,2026,E-Katalog 6.0,APBD,ABDI JAYA BARU,E-Purchasing,Barang,pengadaan Aggregat klas C Jalan Provinsi - Talang Silungko,ON PROCESS,338161500,338161500
KAB. BUNGO,DINAS LINGKUNGAN HIDUP KAB. BUNGO - 2.11.0.00.0.00.01.0000,149539,,2026,Tokodaring,,,E-Purchasing,Pengadaan Barang,,,360000,360000
KAB. BUNGO,DINAS KOPERASI USAHA KECIL MENENGAH PERINDUSTRIAN DAN PERDAGANGAN KAB. BUNGO - 2.17.3.31.3.30.01.0000,01KRFT1ZV03NAY12EMTYE3J10C,67108974,2026,E-Katalog 6.0,APBD,PRAUSA FERRY TAMA,E-Purchasing,Jasa Lainnya,Belanja Alat/Bahan untuk Kegiatan Kantor- Kertas dan Cover,ON PROCESS,9770498,9770498
KAB. BUNGO,RSUD H. HANAFIE MUARA BUNGO - 1.02.0.00.0.00.02.0000,01KJ9HWKP0VZRSE4MJW5GXDZ2C,66496452,2026,E-Katalog 6.0,BLUD,ENDO INDONESIA,E-Purchasing,Barang,Belanja Modal Peralatan dan Mesin BLUD - Peralatan Kedokteran / Kesehatan,ON PROCESS,163485648,0
KAB. BUNGO,SEKRETARIAT DEWAN PERWAKILAN RAKYAT DAERAH KAB. BUNGO - 4.02.0.00.0.00.01.0000,144807,,2026,Tokodaring,,,E-Purchasing,Pengadaan Barang,,,507000,507000
KAB. BUNGO,DINAS PEKERJAAN UMUM DAN PENATAAN RUANG KAB. BUNGO - 1.03.0.00.0.00.01.0000,01KS7ABGGK6ZM25E4M5CG8JSXF,67173181,2026,E-Katalog 6.0,APBD,AIRDJAYA PERKASA,E-Purchasing,Barang,Pengadaan Bahan Material Rehab Drainase Sekunder Sei. Tetapan IV,ON PROCESS,33359718,33359718
KAB. BUNGO,DINAS PEKERJAAN UMUM DAN PENATAAN RUANG KAB. BUNGO - 1.03.0.00.0.00.01.0000,10784957000,65838422,2026,Non Tender,APBD,RINDU ELISANY,Pengadaan Langsung,Jasa Konsultansi Perorangan Konstruksi,Jasa Supervisi Perencanaan kontruksi - Tenaga Teknis II,SELESAI,26800000,26800000
KAB. BUNGO,BADAN PENGELOLA PAJAK DAN RETRIBUSI DAERAH KABUPATEN BUNGO - 5.02.0.00.0.00.02.0000,01KQ9KW5YE27DX4MATK7CYRAF7,65256780,2026,E-Katalog 6.0,APBD,AMMAR ABADI,E-Purchasing,Barang,Belanja Alat/Bahan untuk Kegiatan Kantor- Bahan Cetak,ON PROCESS,1903395,1903395
KAB. BUNGO,DINAS PEKERJAAN UMUM DAN PENATAAN RUANG KAB. BUNGO - 1.03.0.00.0.00.01.0000,10785076000,65838643,2026,Non Tender,APBD,Rivo Juliansyah,Pengadaan Langsung,Jasa Konsultansi Perorangan Konstruksi,Jasa Supervisi Pengawasan - Surveyor II,SELESAI,19950000,19950000
KAB. BUNGO,DINAS PEKERJAAN UMUM DAN PENATAAN RUANG KAB. BUNGO - 1.03.0.00.0.00.01.0000,01KPQE6GJ0P342JQ0Z4N7W0H0D,65149855,2026,E-Katalog 6.0,APBD,SUPE PATIMAH,E-Purchasing,Barang,Belanja Alat/Bahan untuk Kegiatan Kantor-Alat Tulis Kantor,PAYMENT OUTSIDE SYSTEM,2912218,2912218
KAB. BUNGO,RSUD H. HANAFIE MUARA BUNGO - 1.02.0.00.0.00.02.0000,143253,,2026,Tokodaring,,,E-Purchasing,Pengadaan Barang,,,75147000,75147000
KAB. BUNGO,RSUD H. HANAFIE MUARA BUNGO - 1.02.0.00.0.00.02.0000,10861842000,66957561,2026,Non Tender,BLUD,hogiak utama jaya,Pengadaan Langsung,Jasa Konsultansi Badan Usaha Konstruksi,Belanja Barang dan Jasa BLUD (Pemeliharaan Gedung IGD ) - Perencanaan,SELESAI,4828500,4828500
KAB. BUNGO,SEKRETARIAT DEWAN PERWAKILAN RAKYAT DAERAH KAB. BUNGO - 4.02.0.00.0.00.01.0000,145838,,2026,Tokodaring,,,E-Purchasing,Pengadaan Barang,,,2880000,2880000
KAB. BUNGO,BADAN PENGELOLA PAJAK DAN RETRIBUSI DAERAH KABUPATEN BUNGO - 5.02.0.00.0.00.02.0000,01KQ9MSBJY96PFKEG45WQHYD4Q,65256485,2026,E-Katalog 6.0,APBD,AMMAR ABADI,E-Purchasing,Barang,Belanja Alat/Bahan untuk Kegiatan Kantor-Alat Tulis Kantor,ON PROCESS,3648570,3648570
KAB. BUNGO,DINAS PEKERJAAN UMUM DAN PENATAAN RUANG KAB. BUNGO - 1.03.0.00.0.00.01.0000,01KJVNSK0SKZZ3TZMRN9B5H38A,66002575,2026,E-Katalog 6.0,APBD,YULIA,E-Purchasing,Barang,Pengadaan Kawat Bronjong Ds. Sungai Beringin,ON PROCESS,72643284,72643284
KAB. BUNGO,DINAS KESEHATAN KAB. BUNGO - 1.02.0.00.0.00.01.0000,154635,,2026,Tokodaring,,,E-Purchasing,Pengadaan Barang,,,300000,300000
KAB. BUNGO,DINAS LINGKUNGAN HIDUP KAB. BUNGO - 2.11.0.00.0.00.01.0000,154133,,2026,Tokodaring,,,E-Purchasing,Pengadaan Barang,,,1720000,1720000
KAB. BUNGO,DINAS PEKERJAAN UMUM DAN PENATAAN RUANG KAB. BUNGO - 1.03.0.00.0.00.01.0000,01KQ75R4E6FBV0MRXJM31ZB4Y2,67004802,2026,E-Katalog 6.0,APBD,YULIA,E-Purchasing,Barang,Rehabilitasi Gedung Dharma Wanita Kab.Bungo,ON PROCESS,32605040,32605040
KAB. BUNGO,DINAS KEPENDUDUKAN DAN PENCATATAN SIPIL KAB. BUNGO - 2.12.0.00.0.00.01.0000,01KVST213G2RYFP6MJ5ZM8AN97,64890508,2026,E-Katalog 6.0,APBD,AMMAR ABADI,E-Purchasing,Barang,Belanja Alat/Bahan untuk Kegiatan Kantor-Alat Tulis Kantor,ON PROCESS,21310632,21310632
KAB. BUNGO,DINAS PEKERJAAN UMUM DAN PENATAAN RUANG KAB. BUNGO - 1.03.0.00.0.00.01.0000,10842186000,66988648,2026,Non Tender,APBD,Rofi Afif Hasibuan,Pengadaan Langsung,Jasa Konsultansi Perorangan Konstruksi,Supervisi Perencanaan Teknis Jalan - Drafter/Surveyor IV,SELESAI,24800000,24800000
KAB. BUNGO,SEKRETARIAT DAERAH KAB. BUNGO - 4.01.0.00.0.00.01.0000,01KT6ASW7JRQZHRZ7PK8JR5GMC,64764425,2026,E-Katalog 6.0,APBD,SUPE PATIMAH,E-Purchasing,Barang,Belanja Alat/Bahan untuk Kegiatan Kantor-Bahan Komputer,ON PROCESS,220000,220000
KAB. BUNGO,RSUD H. HANAFIE MUARA BUNGO - 1.02.0.00.0.00.02.0000,01KWGP3PJ287HWS7Q0H6P8DN1P,66442438,2026,E-Katalog 6.0,BLUD,HEXPHARM JAYA LABORATORIES,E-Purchasing,Barang,Belanja Barang dan Jasa BLUD (Belanja Bahan Obat),ON PROCESS,7339653,7339653
KAB. BUNGO,DINAS PEKERJAAN UMUM DAN PENATAAN RUANG KAB. BUNGO - 1.03.0.00.0.00.01.0000,01KPQJT7EB7DY752KA2BQE2G73,65141658,2026,E-Katalog 6.0,APBD,VICTORY,E-Purchasing,Barang,Belanja Modal Komputer Unit Lainnya,ON PROCESS,56623320,56623320
KAB. BUNGO,DINAS LINGKUNGAN HIDUP KAB. BUNGO - 2.11.0.00.0.00.01.0000,141898,,2026,Tokodaring,,,E-Purchasing,Pengadaan Barang,,,1500000,1500000
KAB. BUNGO,DINAS PEKERJAAN UMUM DAN PENATAAN RUANG KAB. BUNGO - 1.03.0.00.0.00.01.0000,10789783000,65974297;66081144,2026,Non Tender,APBD,Putri Oktaviani,Pengadaan Langsung,Jasa Konsultansi Perorangan Konstruksi,",Jasa Supervisi Pengawasan kontruksi Teknik sipil Air - Operator Komputer",SELESAI,13750000,13750000
KAB. BUNGO,BADAN KEPEGAWAIAN PENGEMBANGAN SUMBER DAYA MANUSIA DAERAH KAB. BUNGO - 5.03.5.04.0.00.01.0000,01KNR6MVQHKJ0VFC50ETKYDYBX,65276352,2026,E-Katalog 6.0,APBD,AMMAR ABADI,E-Purchasing,Barang,Belanja Alat/Bahan untuk Kegiatan Kantor-Alat/Bahan untuk Kegiatan Kantor Lainnya,PAYMENT OUTSIDE SYSTEM,672438,672438
KAB. BUNGO,BADAN PENGELOLA PAJAK DAN RETRIBUSI DAERAH KABUPATEN BUNGO - 5.02.0.00.0.00.02.0000,01KWBH7HCVX2MCDYNY95FYBN6S,65256797,2026,E-Katalog 6.0,APBD,AMMAR ABADI,E-Purchasing,Barang,Belanja Alat/Bahan untuk Kegiatan Kantor- Bahan Cetak,ON PROCESS,1713984,1713984
KAB. BUNGO,DINAS LINGKUNGAN HIDUP KAB. BUNGO - 2.11.0.00.0.00.01.0000,153032,,2026,Tokodaring,,,E-Purchasing,Pengadaan Barang,,,174000,174000
KAB. BUNGO,BADAN PENGELOLA KEUANGAN DAN ASET DAERAH KABUPATEN BUNGO - 5.02.0.00.0.00.01.0000,01KWA2DZ7YVSM5E7BFE37D9A1X,65995233,2026,E-Katalog 6.0,APBD,AMMAR ABADI,E-Purchasing,Barang,Belanja Alat/Bahan untuk Kegiatan Kantor- Bahan Cetak,ON PROCESS,2549448,2549448
KAB. BUNGO,DINAS PEKERJAAN UMUM DAN PENATAAN RUANG KAB. BUNGO - 1.03.0.00.0.00.01.0000,01KPMFH7SDEWB07P8NF5Y4BF5P,66940028,2026,E-Katalog 6.0,APBD,YULIA,E-Purchasing,Barang,pengadaan material pengecatan jembatan rangka ds rantau pandan,ON PROCESS,45579264,45579264
KAB. BUNGO,DINAS PEKERJAAN UMUM DAN PENATAAN RUANG KAB. BUNGO - 1.03.0.00.0.00.01.0000,10798681000,65990688,2026,Non Tender,APBD,M. Ghazi Al Ghifari,Pengadaan Langsung,Jasa Konsultansi Perorangan Konstruksi,Jasa Supervisi Perencanaan Konstruksi Teknik Sipil Air - Surveyor I,SELESAI,18200000,18200000
KAB. BUNGO,DINAS LINGKUNGAN HIDUP KAB. BUNGO - 2.11.0.00.0.00.01.0000,143975,,2026,Tokodaring,,,E-Purchasing,Pengadaan Barang,,,11070000,11070000
KAB. BUNGO,DINAS KESEHATAN KAB. BUNGO - 1.02.0.00.0.00.01.0000,10801809000,65191230,2026,Non Tender,APBD,CV. MULTI GUNA,Pengadaan Langsung,Jasa Konsultansi Badan Usaha Non Konstruksi,Belanja Jasa Konsultansi Perencanaan Arsitektur-Jasa Nasihat dan Pra Desain Arsitektural_Perencanaan Pembangunan Gedung Lanjutan Rsud Kuamang Kuning,SELESAI,39738000,39738000
KAB. BUNGO,DINAS PEKERJAAN UMUM DAN PENATAAN RUANG KAB. BUNGO - 1.03.0.00.0.00.01.0000,10929186000,67377945,2026,Non Tender,APBD,Erima melati,Pengadaan Langsung,Jasa Konsultansi Perorangan Konstruksi,Supervisi Pengawasan Pembangunan Jembatan - Operator Komputer,SELESAI,18000000,18000000
KAB. BUNGO,BADAN PENGELOLA PAJAK DAN RETRIBUSI DAERAH KABUPATEN BUNGO - 5.02.0.00.0.00.02.0000,01KQ9M040VK2F8BS2784XD32E6,65256766,2026,E-Katalog 6.0,APBD,AMMAR ABADI,E-Purchasing,Barang,Belanja Alat/Bahan untuk Kegiatan Kantor- Bahan Cetak,ON PROCESS,1959139,1959139
KAB. BUNGO,DINAS LINGKUNGAN HIDUP KAB. BUNGO - 2.11.0.00.0.00.01.0000,158213,,2026,Tokodaring,,,E-Purchasing,Pengadaan Barang,,,941848,941848
KAB. BUNGO,DINAS PEKERJAAN UMUM DAN PENATAAN RUANG KAB. BUNGO - 1.03.0.00.0.00.01.0000,01KQ71DJ32DRGDG8B9QMGTWTQ2,67004802,2026,E-Katalog 6.0,APBD,YULIA,E-Purchasing,Barang,Rehabilitasi Gedung Dharma Wanita Kab.Bungo,ON PROCESS,162144360,162144360
KAB. BUNGO,DINAS LINGKUNGAN HIDUP KAB. BUNGO - 2.11.0.00.0.00.01.0000,01KRZB4ZJ1F8F4GYPG8B8WDQCJ,65198256,2026,E-Katalog 6.0,APBD,AMMAR ABADI,E-Purchasing,Jasa Lainnya,Belanja Alat/Bahan untuk Kegiatan Kantor- Bahan Cetak,ON PROCESS,1506409,1506409
KAB. BUNGO,BADAN PENGELOLA KEUANGAN DAN ASET DAERAH KABUPATEN BUNGO - 5.02.0.00.0.00.01.0000,01KWA2RAW1D0SRASQTMG4ZK60H,65995232,2026,E-Katalog 6.0,APBD,AMMAR ABADI,E-Purchasing,Barang,Belanja Alat/Bahan untuk Kegiatan Kantor-Bahan Komputer,ON PROCESS,3724050,3724050
KAB. BUNGO,DINAS LINGKUNGAN HIDUP KAB. BUNGO - 2.11.0.00.0.00.01.0000,01KKD973PG7N9VCDCE709M9DV5,65284711,2026,E-Katalog 6.0,APBD,AMMAR ABADI,E-Purchasing,Jasa Lainnya,Belanja Alat/Bahan untuk Kegiatan Kantor- Bahan Cetak,ON PROCESS,1500000,1500000
KAB. BUNGO,DINAS PEKERJAAN UMUM DAN PENATAAN RUANG KAB. BUNGO - 1.03.0.00.0.00.01.0000,01KS7A3HVNPTTA2RJPV63QYC7N,67117241,2026,E-Katalog 6.0,APBD,YULIA,E-Purchasing,Barang,Pengadaan Bahan Material Rehab Drainase Sekunder Sei. Anak Pinang 1.3,ON PROCESS,12645675,12645675
KAB. BUNGO,BADAN PENGELOLA KEUANGAN DAN ASET DAERAH KABUPATEN BUNGO - 5.02.0.00.0.00.01.0000,01KWADWAPQMQDG67QQD9NPZTBJ,65994720,2026,E-Katalog 6.0,APBD,AMMAR ABADI,E-Purchasing,Barang,Belanja Alat/Bahan untuk Kegiatan Kantor-Alat/Bahan untuk Kegiatan Kantor Lainnya,ON PROCESS,333999,333999
KAB. BUNGO,DINAS PEKERJAAN UMUM DAN PENATAAN RUANG KAB. BUNGO - 1.03.0.00.0.00.01.0000,10825705000,66855458,2026,Non Tender,APBD,PT. SUAR MANGGALA CIPTA,Pengadaan Langsung,Jasa Konsultansi Badan Usaha Non Konstruksi,DED Simpang Bambu Kuning,SELESAI,99289500,99289500
KAB. BUNGO,DINAS KEPENDUDUKAN DAN PENCATATAN SIPIL KAB. BUNGO - 2.12.0.00.0.00.01.0000,01KK0SG8ZYNEBMMYKVP33PJGK4,65078465,2026,E-Katalog 6.0,APBD,SUPE PATIMAH,E-Purchasing,Barang,Belanja Alat/Bahan untuk Kegiatan Kantor-Alat Tulis Kantor,PAYMENT OUTSIDE SYSTEM,10822500,10822500
KAB. BUNGO,SEKRETARIAT DEWAN PERWAKILAN RAKYAT DAERAH KAB. BUNGO - 4.02.0.00.0.00.01.0000,144185,,2026,Tokodaring,,,E-Purchasing,Pengadaan Barang,,,1720000,1720000
KAB. BUNGO,DINAS KESEHATAN KAB. BUNGO - 1.02.0.00.0.00.01.0000,01KVSC647CMDZBR93W5CYXPSG7,65382126,2026,E-Katalog 6.0,APBD,VICTORY,E-Purchasing,Barang,Belanja Modal Alat Pendingin,ON PROCESS,4551000,4551000
KAB. BUNGO,DINAS PERUMAHAN DAN KAWASAN PERMUKIMAN KAB. BUNGO - 1.04.2.11.1.03.01.0000,154562,,2026,Tokodaring,,,E-Purchasing,Pengadaan Barang,,,9820000,9820000
KAB. BUNGO,DINAS LINGKUNGAN HIDUP KAB. BUNGO - 2.11.0.00.0.00.01.0000,145273,,2026,Tokodaring,,,E-Purchasing,Pengadaan Barang,,,10620000,10620000
KAB. BUNGO,SEKRETARIAT DAERAH KAB. BUNGO - 4.01.0.00.0.00.01.0000,01KRX1W03NHNXBK9CJ01TRC406,66982499,2026,E-Katalog 6.0,APBD,MUHAMMAD TRI ANDHANY,E-Purchasing,Barang,Belanja Makanan dan Minuman Rapat,PAYMENT OUTSIDE SYSTEM,652680,652680
KAB. BUNGO,DINAS LINGKUNGAN HIDUP KAB. BUNGO - 2.11.0.00.0.00.01.0000,149545,,2026,Tokodaring,,,E-Purchasing,Pengadaan Barang,,,840000,840000
KAB. BUNGO,RSUD H. HANAFIE MUARA BUNGO - 1.02.0.00.0.00.02.0000,01KWGPKA6AEA9XE4940HDQQFYC,66442438,2026,E-Katalog 6.0,BLUD,FERRON PAR PHARMACEUTICALS,E-Purchasing,Barang,Belanja Barang dan Jasa BLUD (Belanja Bahan Obat),ON PROCESS,43783528,43783528
KAB. BUNGO,BADAN PERENCANAAN PEMBANGUNAN DAERAH KABUPATEN BUNGO - 5.01.5.05.0.00.01.0000,01KPMEEVDY8ZEMPGM1VZD4RM8K,64975624,2026,E-Katalog 6.0,APBD,ARENA JAYA NUSANTARA,E-Purchasing,Barang,Belanja Alat/Bahan untuk Kegiatan Kantor-Alat/Bahan untuk Kegiatan Kantor Lainnya (Penyediaan Jasa Pelayanan Umum Kantor),ON PROCESS,6660422,6660422
KAB. BUNGO,BADAN PENGELOLA PAJAK DAN RETRIBUSI DAERAH KABUPATEN BUNGO - 5.02.0.00.0.00.02.0000,01KQ9MYAW0YAPEC3RH4A75YPFV,65256773,2026,E-Katalog 6.0,APBD,AMMAR ABADI,E-Purchasing,Barang,Belanja Alat/Bahan untuk Kegiatan Kantor-Bahan Komputer,ON PROCESS,950160,950160
KAB. BUNGO,BADAN KEPEGAWAIAN PENGEMBANGAN SUMBER DAYA MANUSIA DAERAH KAB. BUNGO - 5.03.5.04.0.00.01.0000,01KQY2BZQ2F6DMV48ABBDY3JCC,65276328,2026,E-Katalog 6.0,APBD,AMMAR ABADI,E-Purchasing,Barang,Belanja Alat/Bahan untuk Kegiatan Kantor- Bahan Cetak,PAYMENT OUTSIDE SYSTEM,1420800,1420800
KAB. BUNGO,DINAS LINGKUNGAN HIDUP KAB. BUNGO - 2.11.0.00.0.00.01.0000,143005,,2026,Tokodaring,,,E-Purchasing,Pengadaan Barang,,,8570000,8570000
KAB. BUNGO,DINAS PERUMAHAN DAN KAWASAN PERMUKIMAN KAB. BUNGO - 1.04.2.11.1.03.01.0000,01KVPMKEA3M0HDYKP01DCBTSDS,65422361,2026,E-Katalog 6.0,APBD,AMMAR ABADI,E-Purchasing,Barang,Belanja Alat/Bahan untuk Kegiatan Kantor- Bahan Cetak,ON PROCESS,5280758,5280758
KAB. BUNGO,DINAS PEKERJAAN UMUM DAN PENATAAN RUANG KAB. BUNGO - 1.03.0.00.0.00.01.0000,10865105000,67113643,2026,Non Tender,APBD,Wulan Sari,Pengadaan Langsung,Jasa Konsultansi Perorangan Konstruksi,Supervisi Pengawasan Rekonstruksi Jalan - Operator Komputer I,SELESAI,18000000,18000000
KAB. BUNGO,DINAS LINGKUNGAN HIDUP KAB. BUNGO - 2.11.0.00.0.00.01.0000,143344,,2026,Tokodaring,,,E-Purchasing,Pengadaan Barang,,,183800,183800
KAB. BUNGO,DINAS KEPENDUDUKAN DAN PENCATATAN SIPIL KAB. BUNGO - 2.12.0.00.0.00.01.0000,01KVVR9WW82KVZ3EP0J1M6TC8C,64890511,2026,E-Katalog 6.0,APBD,AMMAR ABADI,E-Purchasing,Barang,Belanja Alat/Bahan untuk Kegiatan Kantor-Bahan Komputer,ON PROCESS,6105000,6105000
KAB. BUNGO,DINAS LINGKUNGAN HIDUP KAB. BUNGO - 2.11.0.00.0.00.01.0000,143340,,2026,Tokodaring,,,E-Purchasing,Pengadaan Barang,,,9717500,9717500
KAB. BUNGO,DINAS PEKERJAAN UMUM DAN PENATAAN RUANG KAB. BUNGO - 1.03.0.00.0.00.01.0000,01KS1SD3BVPRCPZRRGY9R6F9BH,67125637,2026,E-Katalog 6.0,APBD,YULIA,E-Purchasing,Barang,Rehabilitasi Gedung Serunai Baru,ON PROCESS,154309980,154309980
KAB. BUNGO,DINAS LINGKUNGAN HIDUP KAB. BUNGO - 2.11.0.00.0.00.01.0000,158208,,2026,Tokodaring,,,E-Purchasing,Pengadaan Barang,,,2231000,2231000
KAB. BUNGO,RSUD H. HANAFIE MUARA BUNGO - 1.02.0.00.0.00.02.0000,10829031000,66446876,2026,Non Tender,BLUD,CV. RAJAWALI MITRA KONSULTAN,Pengadaan Langsung,Jasa Konsultansi Badan Usaha Konstruksi,Belanja Barang dan Jasa BLUD (Pemeliharaan Gedung NICU - Perencanaan),SELESAI,4834050,4834050
KAB. BUNGO,DINAS PEKERJAAN UMUM DAN PENATAAN RUANG KAB. BUNGO - 1.03.0.00.0.00.01.0000,01KS1SRPK3C0KJCGDE2Z21BRRG,67125637,2026,E-Katalog 6.0,APBD,AIRDJAYA PERKASA,E-Purchasing,Barang,Rehabilitasi Gedung Serunai Baru,ON PROCESS,6687817,6687817
KAB. BUNGO,RSUD H. HANAFIE MUARA BUNGO - 1.02.0.00.0.00.02.0000,01KPMA0FPFP36B2KWWTHNGHGXA,66496640,2026,E-Katalog 6.0,BLUD,POLARIS ALKES STARINDO,E-Purchasing,Barang,Belanja Modal Peralatan dan Mesin BLUD - Pengadaan Troley Loundry,ON PROCESS,59011989,59011989
KAB. BUNGO,SEKRETARIAT DEWAN PERWAKILAN RAKYAT DAERAH KAB. BUNGO - 4.02.0.00.0.00.01.0000,144121,,2026,Tokodaring,,,E-Purchasing,Pengadaan Barang,,,564000,564000
KAB. BUNGO,RSUD H. HANAFIE MUARA BUNGO - 1.02.0.00.0.00.02.0000,01KWJTV45ER8CKJ87W6RN2A5V2,66442438,2026,E-Katalog 6.0,BLUD,DEXA MEDICA,E-Purchasing,Barang,Belanja Barang dan Jasa BLUD (Belanja Bahan Obat),ON PROCESS,152533442,152533442
KAB. BUNGO,SEKRETARIAT DAERAH KAB. BUNGO - 4.01.0.00.0.00.01.0000,159075,,2026,Tokodaring,,Ampera Sambalado,E-Purchasing,Pengadaan Barang,,,2700000,2700000
KAB. BUNGO,DINAS KOMUNIKASI INFORMATIKA DAN PERSANDIAN KAB. BUNGO - 2.16.2.21.2.20.01.0000,01KPA017EMW01JQWAMZN6GMSWA,65072411,2026,E-Katalog 6.0,APBD,PENJAHIT LIS,E-Purchasing,Barang,Pengadaan Pakaian Dinas beserta Atribut Kelengkapannya,PAYMENT OUTSIDE SYSTEM,17649000,17649000
KAB. BUNGO,DINAS LINGKUNGAN HIDUP KAB. BUNGO - 2.11.0.00.0.00.01.0000,01KRZ0Y3966EY1C0ZYBSE56PCV,65198181,2026,E-Katalog 6.0,APBD,AMMAR ABADI,E-Purchasing,Barang,Belanja Alat/Bahan untuk Kegiatan Kantor-Alat/Bahan untuk Kegiatan Kantor Lainnya,ON PROCESS,1752246,1752246
KAB. BUNGO,BADAN PENGELOLA KEUANGAN DAN ASET DAERAH KABUPATEN BUNGO - 5.02.0.00.0.00.01.0000,01KNPV0F398A8KJ0SS2HJ7FQMX,65995234,2026,E-Katalog 6.0,APBD,AMMAR ABADI,E-Purchasing,Barang,Belanja Alat/Bahan untuk Kegiatan Kantor-Alat Tulis Kantor,ON PROCESS,3034185,3034185
KAB. BUNGO,SEKRETARIAT DEWAN PERWAKILAN RAKYAT DAERAH KAB. BUNGO - 4.02.0.00.0.00.01.0000,144182,,2026,Tokodaring,,,E-Purchasing,Pengadaan Barang,,,2064000,2064000
KAB. BUNGO,DINAS PEKERJAAN UMUM DAN PENATAAN RUANG KAB. BUNGO - 1.03.0.00.0.00.01.0000,10831778000,65515521,2026,Non Tender,APBD,CV. KARYA PRATAMA KENCANA,Pengadaan Langsung,Pekerjaan Konstruksi,Pembangunan DEPO Dekat Kantor Camat Pasar,SELESAI,399759506,399759506
KAB. BUNGO,BADAN PENGELOLA PAJAK DAN RETRIBUSI DAERAH KABUPATEN BUNGO - 5.02.0.00.0.00.02.0000,01KKJEE98Q8PNEG6DQYDPX5YGP,65256454,2026,E-Katalog 6.0,APBD,AMMAR ABADI,E-Purchasing,Barang,Belanja Alat/Bahan untuk Kegiatan Kantor- Bahan Cetak,ON PROCESS,948218,948218
KAB. BUNGO,DINAS PEKERJAAN UMUM DAN PENATAAN RUANG KAB. BUNGO - 1.03.0.00.0.00.01.0000,01KNR9GSWC6SSD6W5XN4Y1VYRF,66815220,2026,E-Katalog 6.0,APBD,AIRDJAYA PERKASA,E-Purchasing,Barang,Rehabilitasi Mesjid Agung Al - Mubarak,ON PROCESS,722610,722610
KAB. BUNGO,DINAS PEKERJAAN UMUM DAN PENATAAN RUANG KAB. BUNGO - 1.03.0.00.0.00.01.0000,10842141000,66988430,2026,Non Tender,APBD,Imam hairul,Pengadaan Langsung,Jasa Konsultansi Perorangan Konstruksi,Supervisi Perencanaan Teknis Jalan - Drafter/Surveyor II,SELESAI,24800000,24800000
KAB. BUNGO,DINAS LINGKUNGAN HIDUP KAB. BUNGO - 2.11.0.00.0.00.01.0000,143983,,2026,Tokodaring,,,E-Purchasing,Pengadaan Barang,,,3400000,3400000
KAB. BUNGO,DINAS LINGKUNGAN HIDUP KAB. BUNGO - 2.11.0.00.0.00.01.0000,153959,,2026,Tokodaring,,,E-Purchasing,Pengadaan Barang,,,7012500,7012500
KAB. BUNGO,DINAS PEKERJAAN UMUM DAN PENATAAN RUANG KAB. BUNGO - 1.03.0.00.0.00.01.0000,10823985000,66868295,2026,Non Tender,APBD,Rafiqul Wajdi,Pengadaan Langsung,Jasa Konsultansi Perorangan Non Konstruksi,Jasa Tenaga Ahli Legalisasi RTRW - Asisten Perencanaan Wilayah dan Kota,SELESAI,16500000,16500000
KAB. BUNGO,DINAS KESEHATAN KAB. BUNGO - 1.02.0.00.0.00.01.0000,01KVAD89FSB0E3GDV3RC00ZXPG,65191211,2026,E-Katalog 6.0,APBD,WIRALAB ANALITIKA SOLUSINDO,E-Purchasing,Jasa Lainnya,Belanja Jasa Kalibrasi,ON PROCESS,12543000,12543000
KAB. BUNGO,DINAS PEKERJAAN UMUM DAN PENATAAN RUANG KAB. BUNGO - 1.03.0.00.0.00.01.0000,10136281000,65854992,2026,Tender,APBD,PT. SEKANTHI ,Tender,Pekerjaan Konstruksi,Rekonstruksi Jalan Ds. Baru Pusat Jalo - Rantau Pandan,SELESAI,4777288644,4777288644
KAB. BUNGO,BADAN PENGELOLA KEUANGAN DAN ASET DAERAH KABUPATEN BUNGO - 5.02.0.00.0.00.01.0000,01KP30VNEWSPWKF25H9QE267SN,65936743,2026,E-Katalog 6.0,APBD,AMMAR ABADI,E-Purchasing,Barang,Belanja Alat/Bahan untuk Kegiatan Kantor- Bahan Cetak,ON PROCESS,794205,794205
KAB. BUNGO,SEKRETARIAT DEWAN PERWAKILAN RAKYAT DAERAH KAB. BUNGO - 4.02.0.00.0.00.01.0000,154429,,2026,Tokodaring,,,E-Purchasing,Pengadaan Barang,,,2015500,2015500
KAB. BUNGO,SEKRETARIAT DEWAN PERWAKILAN RAKYAT DAERAH KAB. BUNGO - 4.02.0.00.0.00.01.0000,153724,,2026,Tokodaring,,,E-Purchasing,Pengadaan Barang,,,306000,306000
KAB. BUNGO,DINAS PEKERJAAN UMUM DAN PENATAAN RUANG KAB. BUNGO - 1.03.0.00.0.00.01.0000,10825711000,66855620,2026,Non Tender,APBD,PT. US&P Architects,Pengadaan Langsung,Jasa Konsultansi Badan Usaha Non Konstruksi,DED Taman Hijau,SELESAI,99511500,99511500
KAB. BUNGO,BADAN PENGELOLA PAJAK DAN RETRIBUSI DAERAH KABUPATEN BUNGO - 5.02.0.00.0.00.02.0000,01KWBFKMNPK2FYGXD11F07TZG6,65256721,2026,E-Katalog 6.0,APBD,AMMAR ABADI,E-Purchasing,Barang,Belanja Alat/Bahan untuk Kegiatan Kantor-Bahan Komputer,ON PROCESS,2451435,2451435
KAB. BUNGO,SEKRETARIAT DAERAH KAB. BUNGO - 4.01.0.00.0.00.01.0000,146818,,2026,Tokodaring,,,E-Purchasing,Pengadaan Barang,,,1834000,1834000
KAB. BUNGO,DINAS LINGKUNGAN HIDUP KAB. BUNGO - 2.11.0.00.0.00.01.0000,143981,,2026,Tokodaring,,,E-Purchasing,Pengadaan Barang,,,4182000,4182000
KAB. BUNGO,DINAS LINGKUNGAN HIDUP KAB. BUNGO - 2.11.0.00.0.00.01.0000,154667,,2026,Tokodaring,,,E-Purchasing,Pengadaan Barang,,,13696500,13696500
KAB. BUNGO,SEKRETARIAT DEWAN PERWAKILAN RAKYAT DAERAH KAB. BUNGO - 4.02.0.00.0.00.01.0000,158529,,2026,Tokodaring,,,E-Purchasing,Pengadaan Barang,,,798000,798000
KAB. BUNGO,DINAS PEKERJAAN UMUM DAN PENATAAN RUANG KAB. BUNGO - 1.03.0.00.0.00.01.0000,10898915000,67208492,2026,Non Tender,APBD,Rina mulyasari,Pengadaan Langsung,Jasa Konsultansi Perorangan Konstruksi,Supervisi Pengawasan Pemeliharaan Berkala Jalan - Operator Komputer I,SELESAI,18000000,18000000
KAB. BUNGO,DINAS KOPERASI USAHA KECIL MENENGAH PERINDUSTRIAN DAN PERDAGANGAN KAB. BUNGO - 2.17.3.31.3.30.01.0000,01KSH24FN4D6XXE5QYCXQAE6KY,65048257,2026,E-Katalog 6.0,APBD,PRAUSA FERRY TAMA,E-Purchasing,Barang,Belanja Alat/Bahan untuk Kegiatan Kantor-Alat Tulis Kantor,ON PROCESS,1964922,1964922
KAB. BUNGO,BADAN PENGELOLA KEUANGAN DAN ASET DAERAH KABUPATEN BUNGO - 5.02.0.00.0.00.01.0000,01KNPRAQE2ZN41TK30VRJK7AH1,65995211,2026,E-Katalog 6.0,APBD,AMMAR ABADI,E-Purchasing,Barang,Belanja Alat/Bahan untuk Kegiatan Kantor- Bahan Cetak,ON PROCESS,2458872,2458872
KAB. BUNGO,RSUD H. HANAFIE MUARA BUNGO - 1.02.0.00.0.00.02.0000,01KR2Q3ATP1RQQTR8JWVCGNXT7,67393473,2026,E-Katalog 6.0,BLUD,PHILIPS INDONESIA COMMERCIAL,E-Purchasing,Barang,Belanja Modal Peralatan dan Mesin BLUD - Peralatan Kedokteran / Kesehatan,ON PROCESS,192619843,0
KAB. BUNGO,RSUD H. HANAFIE MUARA BUNGO - 1.02.0.00.0.00.02.0000,10897371000,67251203,2026,Non Tender,BLUD,CV. ZAFRAN JAYA SEJAHTERA,Pengadaan Langsung,Pekerjaan Konstruksi,Belanja Barang dan Jasa BLUD (Rehabilitasi Gedung IGD ),SELESAI,158595500,158595500
KAB. BUNGO,DINAS PEKERJAAN UMUM DAN PENATAAN RUANG KAB. BUNGO - 1.03.0.00.0.00.01.0000,10854759000,66855967,2026,Non Tender,APBD,CV. Universal Multi Desain,Pengadaan Langsung,Jasa Konsultansi Badan Usaha Non Konstruksi,Jasa Penyusunan Dokumen Andalalin,SELESAI,99900000,99900000
KAB. BUNGO,DINAS PETERNAKAN DAN PERIKANAN KAB. BUNGO - 3.27.3.25.0.00.01.0000,01KP2CAJHTVW5Z6NXQRDED6AGY,65095843,2026,E-Katalog 6.0,APBD,CANANG JAYA,E-Purchasing,Barang,Belanja Bahan-Bahan/Bibit Ternak/Bibit Ikan (Benih Ikan Baung),ON PROCESS,25000000,25000000
KAB. BUNGO,UPT PUSKESMAS MUARA BUNGO I - 1.02.0.00.0.00.01.0015,01KWK43DQJJT92CMMHE22RKA68,67349864,2026,E-Katalog 6.0,APBD,SIGRA DUTA MEDIKAL,E-Purchasing,Barang,-Belanja Modal Alat Kesehatan Umum Lainnya 					,ON PROCESS,6937500,6937500
KAB. BUNGO,DINAS LINGKUNGAN HIDUP KAB. BUNGO - 2.11.0.00.0.00.01.0000,147016,,2026,Tokodaring,,,E-Purchasing,Pengadaan Barang,,,4853000,4853000
KAB. BUNGO,DINAS PEKERJAAN UMUM DAN PENATAAN RUANG KAB. BUNGO - 1.03.0.00.0.00.01.0000,01KQBPBM466JKJG5AJEHNCWEKY,66835680,2026,E-Katalog 6.0,APBD,YULIA,E-Purchasing,Barang,Pengadaan Bahan IPA Sungai Pinang,ON PROCESS,63821781,63821781
KAB. BUNGO,SEKRETARIAT DAERAH KAB. BUNGO - 4.01.0.00.0.00.01.0000,154356,,2026,Tokodaring,,,E-Purchasing,Pengadaan Barang,,,120000,120000
