nama_instansi,nama_satuan_kerja,kode_paket,kode_rup,tahun_anggaran,sumber_transaksi,sumber_dana,nama_penyedia,metode_pengadaan,jenis_pengadaan,nama_paket,status_paket,total_nilai,nilai_pdn
PROVINSI NUSA TENGGARA TIMUR,"DINAS PEMBERDAYAAN PEREMPUAN DAN PERLINDUNGAN ANAK, PENGENDALIAN PENDUDUKAN DAN KELUARGA BERENCANA - 2.08.2.14.0.00.02.0000",5429525,,2026,Tokodaring,,,E-Purchasing,Pengadaan Barang,,,370920,370920
PROVINSI NUSA TENGGARA TIMUR,"DINAS PEMBERDAYAAN PEREMPUAN DAN PERLINDUNGAN ANAK, PENGENDALIAN PENDUDUKAN DAN KELUARGA BERENCANA - 2.08.2.14.0.00.02.0000",5488181,,2026,Tokodaring,,,E-Purchasing,Pengadaan Barang,,,162000,162000
PROVINSI NUSA TENGGARA TIMUR,BIRO ORGANISASI - 4.01.5.07.0.00.01.0003,5741350,,2026,Tokodaring,,,E-Purchasing,Pengadaan Barang,,,1089000,1089000
PROVINSI NUSA TENGGARA TIMUR,BADAN PENGEMBANGAN SUMBER DAYA MANUSIA DAERAH - 5.04.0.00.0.00.01.0000,01KWTQ4QFGKV2AE9PCWHTF78FS,66287785,2026,E-Katalog 6.0,APBD,NELTJI MARIANA LANGGA,E-Purchasing,Barang,Belanja Makanan dan Minuman Rapat Pelatihan Dasar CPNS Golongan II & Golongan III,ON PROCESS,64296000,64296000
PROVINSI NUSA TENGGARA TIMUR,DINAS KESEHATAN - 1.02.0.00.0.00.01.0000,01KRYWBBXN765SMD7EBW9M7V8X,64154543,2026,E-Katalog 6.0,APBD,ETHICA INDUSTRI FARMASI,E-Purchasing,Barang,Belanja Obat-Obatan-Obat,ON PROCESS,42583507,42583507
PROVINSI NUSA TENGGARA TIMUR,DINAS PEKERJAAN UMUM DAN PERUMAHAN RAKYAT - 1.03.1.04.2.10.01.0000,5499928,,2026,Tokodaring,,,E-Purchasing,Pengadaan Barang,,,720000,720000
PROVINSI NUSA TENGGARA TIMUR,BIRO UMUM - 4.01.5.07.0.00.01.0001,01KNTGXS58C207V3N9EJQ9G2CX,63643561,2026,E-Katalog 6.0,APBD,ALFINA MELANIA KNAOFMONE,E-Purchasing,Barang,Belanja Alat/Bahan untuk Kegiatan Kantor-Alat Listrik,ON PROCESS,16863120,16863120
PROVINSI NUSA TENGGARA TIMUR,DINAS PEKERJAAN UMUM DAN PERUMAHAN RAKYAT - 1.03.1.04.2.10.01.0000,5606452,,2026,Tokodaring,,,E-Purchasing,Pengadaan Barang,,,400000,400000
PROVINSI NUSA TENGGARA TIMUR,DINAS KESEHATAN - 1.02.0.00.0.00.01.0000,01KR3B7XC2Y9AHCF65Z107HPMR,64154543,2026,E-Katalog 6.0,APBD,BERNOFARM,E-Purchasing,Barang,Belanja Obat-Obatan-Obat,ON PROCESS,60631974,60631974
PROVINSI NUSA TENGGARA TIMUR,DINAS KETENAGAKERJAAN DAN TRANSMIGRASI - 2.07.3.32.0.00.01.0000,01KJ9Q4MHERWZQXW4AY861WP21,65835927,2026,E-Katalog 6.0,APBD,PUTRA TUNGGAL,E-Purchasing,Barang,Pengadaan Barang kegiatan Pelatihan Proses Pelaksanaan Pendidikan dan Pelatihan Keterampilan bagi Pencari Kerja Berdasarkan Klaster Kompetensi Berupa Belanja Bahan  untuk Dijual/Diserahkan kepada Masyarakat ,PAYMENT OUTSIDE SYSTEM,38521440,38521440
PROVINSI NUSA TENGGARA TIMUR,RSUD PROF. DR. W. Z. JOHANNES KUPANG - 1.02.0.00.0.00.01.0004,10122219000,65489456,2026,Tender,APBD,CV. Trimitra Binatama Konsultan,Seleksi,Jasa Konsultansi Badan Usaha Konstruksi,Belanja Modal Bangunan Kesehatan - Pembangunan Gedung Radioterapi (Biaya Pengawasan),SELESAI,540248100,540248100
PROVINSI NUSA TENGGARA TIMUR,DINAS PEKERJAAN UMUM DAN PERUMAHAN RAKYAT - 1.03.1.04.2.10.01.0000,10839057000,65089607,2026,Non Tender,APBD,PT. Anugerah Karya Engineering,Pengadaan Langsung,Pekerjaan Konstruksi,Pekerjaan Instalasi Jaringan Listrik dan Penangkal Petir,SELESAI,199654983,199654983
PROVINSI NUSA TENGGARA TIMUR,RSUD PROF. DR. W. Z. JOHANNES KUPANG - 1.02.0.00.0.00.01.0004,01KNN90BZ89NCXGRCS9H0J70G9,64568361,2026,E-Katalog 6.0,APBD,FERRON PAR PHARMACEUTICALS,E-Purchasing,Barang,Belanja Obat Kemoterapi - Epirubicin,ON PROCESS,4122496,4122496
PROVINSI NUSA TENGGARA TIMUR,BIRO ORGANISASI - 4.01.5.07.0.00.01.0003,5870616,,2026,Tokodaring,,CV WIRONA,E-Purchasing,Pengadaan Barang,,,1000000,1000000
PROVINSI NUSA TENGGARA TIMUR,DINAS KESEHATAN - 1.02.0.00.0.00.01.0000,01KRB4FRRP9V1X6BF20X3ZGRVA,64156114,2026,E-Katalog 6.0,APBD,CITRA MANDIRI PROPERTI,E-Purchasing,Barang,Belanja Perjalanan Dinas Paket Meeting Dalam Kota,ON PROCESS,32000000,32000000
PROVINSI NUSA TENGGARA TIMUR,BADAN KEUANGAN DAERAH - 5.02.0.00.0.00.03.0000,5670854,,2026,Tokodaring,,,E-Purchasing,Pengadaan Barang,,,13080795,13080795
PROVINSI NUSA TENGGARA TIMUR,DINAS PENANAMAN MODAL DAN PELAYANAN TERPADU SATU PINTU - 2.18.0.00.0.00.01.0000,5425009,,2026,Tokodaring,,,E-Purchasing,Pengadaan Barang,,,344000,344000
PROVINSI NUSA TENGGARA TIMUR,DINAS PENDIDIKAN DAN KEBUDAYAAN - 1.01.0.00.0.00.01.0000,10838484000,66854963,2026,Non Tender,APBD,PT GANTARI PRATAMA ENGINEERING,Pengadaan Langsung,Jasa Konsultansi Badan Usaha Konstruksi,Jasa Konsultan Perencanaan Pembangunan Sekolah Vokasi Berasrama (SMK Negeri Sukoria),SELESAI,94968274,94968274
PROVINSI NUSA TENGGARA TIMUR,"DINAS PEMBERDAYAAN PEREMPUAN DAN PERLINDUNGAN ANAK, PENGENDALIAN PENDUDUKAN DAN KELUARGA BERENCANA - 2.08.2.14.0.00.02.0000",5479464,,2026,Tokodaring,,,E-Purchasing,Pengadaan Barang,,,105000,105000
PROVINSI NUSA TENGGARA TIMUR,BADAN PENGEMBANGAN SUMBER DAYA MANUSIA DAERAH - 5.04.0.00.0.00.01.0000,01KT1TG9EAWNNJ06FA44AY1T02,66287785,2026,E-Katalog 6.0,APBD,KASIH AGUNG,E-Purchasing,Barang,Belanja Makanan dan Minuman Rapat Pelatihan Dasar CPNS Golongan II & Golongan III,ON PROCESS,64296000,64296000
PROVINSI NUSA TENGGARA TIMUR,BIRO ORGANISASI - 4.01.5.07.0.00.01.0003,5869744,,2026,Tokodaring,,CV WIRONA,E-Purchasing,Pengadaan Barang,,,56757,56757
PROVINSI NUSA TENGGARA TIMUR,DINAS LINGKUNGAN HIDUP DAN KEHUTANAN - 2.11.3.28.0.00.01.0000,5448092,,2026,Tokodaring,,,E-Purchasing,Pengadaan Barang,,,1697072,1697072
PROVINSI NUSA TENGGARA TIMUR,BADAN KEUANGAN DAERAH - 5.02.0.00.0.00.03.0000,5670924,,2026,Tokodaring,,,E-Purchasing,Pengadaan Barang,,,14066475,14066475
PROVINSI NUSA TENGGARA TIMUR,BIRO ORGANISASI - 4.01.5.07.0.00.01.0003,5742823,,2026,Tokodaring,,,E-Purchasing,Pengadaan Barang,,,1485000,1485000
PROVINSI NUSA TENGGARA TIMUR,DINAS PEKERJAAN UMUM DAN PERUMAHAN RAKYAT - 1.03.1.04.2.10.01.0000,10806011000,66256987,2026,Non Tender,APBDP,TEPI PANTE CONSULTANT,Pengadaan Langsung,Jasa Konsultansi Badan Usaha Non Konstruksi,Perencanaan Pengembangan Jaringan Distribusi SPAM di Kota Kupang,SELESAI,99842280,99842280
PROVINSI NUSA TENGGARA TIMUR,BIRO PEMERINTAHAN - 4.01.5.07.0.00.01.0005,5423585,,2026,Tokodaring,,,E-Purchasing,Pengadaan Barang,,,148000,148000
PROVINSI NUSA TENGGARA TIMUR,DINAS PENANAMAN MODAL DAN PELAYANAN TERPADU SATU PINTU - 2.18.0.00.0.00.01.0000,5435561,,2026,Tokodaring,,,E-Purchasing,Pengadaan Barang,,,30236400,30236400
PROVINSI NUSA TENGGARA TIMUR,RSUD PROF. DR. W. Z. JOHANNES KUPANG - 1.02.0.00.0.00.01.0004,01KJKWMVVTFENMFF7634DXQCZE,64568261,2026,E-Katalog 6.0,APBD,PERUSAHAAN PERSEROAN (PERSERO) PT KIMIA FARMA,E-Purchasing,Barang," Belanja Obat Fast Moving - Levofloxacin",ON PROCESS,1665000,1665000
PROVINSI NUSA TENGGARA TIMUR,RUMAH SAKIT KHUSUS DAERAH JIWA NAIMATA KUPANG - 1.02.0.00.0.00.01.0003,01KVPRK75KJJVQ6MVSD209RJYE,65594724,2026,E-Katalog 6.0,BLUD,KHARISMA STATIONERY,E-Purchasing,Barang,Belanja Alat/Bahan untuk Kegiatan Kantor- Kertas dan Cover,ON PROCESS,2466500,2466500
PROVINSI NUSA TENGGARA TIMUR,BADAN KEUANGAN DAERAH - 5.02.0.00.0.00.03.0000,5670905,,2026,Tokodaring,,,E-Purchasing,Pengadaan Barang,,,3674100,3674100
PROVINSI NUSA TENGGARA TIMUR,BADAN PENGEMBANGAN SUMBER DAYA MANUSIA DAERAH - 5.04.0.00.0.00.01.0000,01KR0MSCQYESXFK9YPWEQWP3YA,66287785,2026,E-Katalog 6.0,APBD,RILON JAYA,E-Purchasing,Barang,Belanja Makanan dan Minuman Rapat Pelatihan Dasar CPNS Golongan II & Golongan III,PAYMENT OUTSIDE SYSTEM,64296000,64296000
PROVINSI NUSA TENGGARA TIMUR,RSUD PROF. DR. W. Z. JOHANNES KUPANG - 1.02.0.00.0.00.01.0004,01KJEK1WEGPSR12D7X288DMHJV,64568396,2026,E-Katalog 6.0,APBD,SATORIA ANEKA INDUSTRI,E-Purchasing,Barang," Belanja Obat Fast Moving - Ringer Laktat Infus",ON PROCESS,8498160,8498160
PROVINSI NUSA TENGGARA TIMUR,DINAS PEKERJAAN UMUM DAN PERUMAHAN RAKYAT - 1.03.1.04.2.10.01.0000,5859933,,2026,Tokodaring,,CV. Gajah Dompak,E-Purchasing,Pengadaan Barang,,,320000,320000
PROVINSI NUSA TENGGARA TIMUR,RUMAH SAKIT KHUSUS DAERAH JIWA NAIMATA KUPANG - 1.02.0.00.0.00.01.0003,01KRNGQXGAQEHHPTS3ENE5QJJZ,65599600,2026,E-Katalog 6.0,BLUD,AMAROX PHARMA GLOBAL,E-Purchasing,Barang,Belanja Obat-Obatan-Obat (Psikofarmaka dan Umum),ON PROCESS,49450500,49450500
PROVINSI NUSA TENGGARA TIMUR,RSUD PROF. DR. W. Z. JOHANNES KUPANG - 1.02.0.00.0.00.01.0004,01KHWDB8BZKCCWSXGX1E7ZW7WD,64568337,2026,E-Katalog 6.0,APBD,DANKOS FARMA,E-Purchasing,Barang,Belanja Obat Kemoterapi - Rheu-Trex,ON PROCESS,2812185,2812185
PROVINSI NUSA TENGGARA TIMUR,BIRO PEMERINTAHAN - 4.01.5.07.0.00.01.0005,5425205,,2026,Tokodaring,,,E-Purchasing,Pengadaan Barang,,,149000,149000
PROVINSI NUSA TENGGARA TIMUR,DINAS PEKERJAAN UMUM DAN PERUMAHAN RAKYAT - 1.03.1.04.2.10.01.0000,5493379,,2026,Tokodaring,,,E-Purchasing,Pengadaan Barang,,,1525000,1525000
PROVINSI NUSA TENGGARA TIMUR,DINAS KESEHATAN - 1.02.0.00.0.00.01.0000,01KQ94JP0RDDG81E2Y89AEXNWC,64154543,2026,E-Katalog 6.0,APBD,ETHICA INDUSTRI FARMASI,E-Purchasing,Barang,Belanja Obat-Obatan-Obat,ON PROCESS,138321540,138321540
PROVINSI NUSA TENGGARA TIMUR,DINAS PENANAMAN MODAL DAN PELAYANAN TERPADU SATU PINTU - 2.18.0.00.0.00.01.0000,5417787,,2026,Tokodaring,,,E-Purchasing,Pengadaan Barang,,,82500,82500
PROVINSI NUSA TENGGARA TIMUR,RSUD PROF. DR. W. Z. JOHANNES KUPANG - 1.02.0.00.0.00.01.0004,01KHWN9CV01HR7XN8J06F5T0E0,64568454,2026,E-Katalog 6.0,APBD,MENARINI INDRIA LABORATORIES,E-Purchasing,Barang,Belanja Obat Kemoterapi - Holoxan,ON PROCESS,28966505,0
PROVINSI NUSA TENGGARA TIMUR,BIRO ORGANISASI - 4.01.5.07.0.00.01.0003,5741303,,2026,Tokodaring,,,E-Purchasing,Pengadaan Barang,,,1585000,1585000
PROVINSI NUSA TENGGARA TIMUR,DINAS PEKERJAAN UMUM DAN PERUMAHAN RAKYAT - 1.03.1.04.2.10.01.0000,5626223,,2026,Tokodaring,,,E-Purchasing,Pengadaan Barang,,,26700000,26700000
PROVINSI NUSA TENGGARA TIMUR,BIRO HUKUM - 4.01.5.07.0.00.01.0002,01KKJCP42HV3TPNRN8YZX29TVT,65107606,2026,E-Katalog 6.0,APBD,WIRONA,E-Purchasing,Barang,Belanja Alat/Bahan untuk Kegiatan Kantor-Alat Tulis Kantor,PAYMENT OUTSIDE SYSTEM,1416360,1416360
PROVINSI NUSA TENGGARA TIMUR,RUMAH SAKIT KHUSUS DAERAH JIWA NAIMATA KUPANG - 1.02.0.00.0.00.01.0003,01KJCTJKHJKQBZ93CS4EXDPYEG,65599600,2026,E-Katalog 6.0,BLUD,HOLI PHARMA,E-Purchasing,Barang,Belanja Obat-Obatan-Obat (Psikofarmaka dan Umum),ON PROCESS,62160000,62160000
PROVINSI NUSA TENGGARA TIMUR,RUMAH SAKIT KHUSUS DAERAH JIWA NAIMATA KUPANG - 1.02.0.00.0.00.01.0003,01KVCZW1SYTHBJ19SN50NN2136,67291633,2026,E-Katalog 6.0,BLUD,KHARISMA STATIONERY,E-Purchasing,Barang,Belanja Alat/Bahan untuk Kegiatan Kantor-Alat Tulis Kantor (SILPA),ON PROCESS,7888000,7888000
PROVINSI NUSA TENGGARA TIMUR,"DINAS PEMBERDAYAAN PEREMPUAN DAN PERLINDUNGAN ANAK, PENGENDALIAN PENDUDUKAN DAN KELUARGA BERENCANA - 2.08.2.14.0.00.02.0000",5429220,,2026,Tokodaring,,,E-Purchasing,Pengadaan Barang,,,240500,240500
PROVINSI NUSA TENGGARA TIMUR,BADAN KEUANGAN DAERAH - 5.02.0.00.0.00.03.0000,5464736,,2026,Tokodaring,,,E-Purchasing,Pengadaan Barang,,,21811500,21811500
PROVINSI NUSA TENGGARA TIMUR,BIRO UMUM - 4.01.5.07.0.00.01.0001,5483843,,2026,Tokodaring,,,E-Purchasing,Pengadaan Barang,,,4260180,4260180
PROVINSI NUSA TENGGARA TIMUR,DINAS PEKERJAAN UMUM DAN PERUMAHAN RAKYAT - 1.03.1.04.2.10.01.0000,01KH8J6P769Z0NK4TSTASQ1TQQ,64072243,2026,E-Katalog 6.0,APBD,PRATAMA SUKSES SEJAHTERA,E-Purchasing,Jasa Lainnya,Belanja Jasa Kebersihan Kantor,ON PROCESS,119616000,119616000
PROVINSI NUSA TENGGARA TIMUR,BADAN PENGEMBANGAN SUMBER DAYA MANUSIA DAERAH - 5.04.0.00.0.00.01.0000,01KQY1VG41V5WY7P9FMWYYA6KX,66287785,2026,E-Katalog 6.0,APBD,CV. ANUGERAH TIGA B,E-Purchasing,Barang,Belanja Makanan dan Minuman Rapat Pelatihan Dasar CPNS Golongan II & Golongan III,PAYMENT OUTSIDE SYSTEM,64296000,64296000
PROVINSI NUSA TENGGARA TIMUR,DINAS PENANAMAN MODAL DAN PELAYANAN TERPADU SATU PINTU - 2.18.0.00.0.00.01.0000,5422664,,2026,Tokodaring,,,E-Purchasing,Pengadaan Barang,,,217500,217500
PROVINSI NUSA TENGGARA TIMUR,BIRO ORGANISASI - 4.01.5.07.0.00.01.0003,5870517,,2026,Tokodaring,,CV WIRONA,E-Purchasing,Pengadaan Barang,,,95000,95000
PROVINSI NUSA TENGGARA TIMUR,BIRO HUKUM - 4.01.5.07.0.00.01.0002,01KKJE1V6G6K959KY24X1ANBRP,65107607,2026,E-Katalog 6.0,APBD,WIRONA,E-Purchasing,Barang,Kertas,PAYMENT OUTSIDE SYSTEM,810300,810300
PROVINSI NUSA TENGGARA TIMUR,RSUD PROF. DR. W. Z. JOHANNES KUPANG - 1.02.0.00.0.00.01.0004,01KGRVRHYHM36BD8CH6NFJ2B2D,64893391,2026,E-Katalog 6.0,APBD,SAGRAHA SATYA SAWAHITA,E-Purchasing,Jasa Lainnya,Belanja Jasa Pengolahan Sampah,ON PROCESS,215999784,215999784
PROVINSI NUSA TENGGARA TIMUR,RSUD PROF. DR. W. Z. JOHANNES KUPANG - 1.02.0.00.0.00.01.0004,01KJ6SJZQRZN9SXZXNZ06TCJ2F,64568422,2026,E-Katalog 6.0,APBD,DEXA MEDICA,E-Purchasing,Barang," Belanja Obat Fast Moving - Fondaparinux Sodium",ON PROCESS,24087000,24087000
PROVINSI NUSA TENGGARA TIMUR,RSUD PROF. DR. W. Z. JOHANNES KUPANG - 1.02.0.00.0.00.01.0004,01KNNAAGV789DDT5ZX4FEQK7DG,64568482,2026,E-Katalog 6.0,APBD,MIMAR CITRA ABADI,E-Purchasing,Barang,Belanja Bahan Medis Habis Pakai - Underpad Popok Alas,ON PROCESS,19136045,19136045
PROVINSI NUSA TENGGARA TIMUR,BIRO HUKUM - 4.01.5.07.0.00.01.0002,5695579,,2026,Tokodaring,,,E-Purchasing,Pengadaan Barang,,,8600000,8600000
PROVINSI NUSA TENGGARA TIMUR,RSUD PROF. DR. W. Z. JOHANNES KUPANG - 1.02.0.00.0.00.01.0004,01KHWRYTTCK3WDEHPRQQ2VZM12,64568323,2026,E-Katalog 6.0,APBD,FERRON PAR PHARMACEUTICALS,E-Purchasing,Barang,Belanja Obat Kemoterapi - Imafer,ON PROCESS,15001650,0
PROVINSI NUSA TENGGARA TIMUR,UPTD LABORATORIUM LINGKUNGAN - 2.11.3.28.0.00.01.0023,10829015000,66903503,2026,Non Tender,APBD,Internal Teknik,Pengadaan Langsung,Jasa Konsultansi Badan Usaha Konstruksi,Belanja Modal Bangunan Gedung Kantor Jasa Perencanaan,SELESAI,46056120,46056120
PROVINSI NUSA TENGGARA TIMUR,DINAS PEMBERDAYAAN MASYARAKAT DAN DESA - 2.13.2.14.0.00.01.0000,5874429,,2026,Tokodaring,,CV. Gajah Dompak,E-Purchasing,Pengadaan Barang,,,2550000,2550000
PROVINSI NUSA TENGGARA TIMUR,BADAN KEUANGAN DAERAH - 5.02.0.00.0.00.03.0000,5695486,,2026,Tokodaring,,,E-Purchasing,Pengadaan Barang,,,2622000,2622000
PROVINSI NUSA TENGGARA TIMUR,DINAS PEKERJAAN UMUM DAN PERUMAHAN RAKYAT - 1.03.1.04.2.10.01.0000,5859639,,2026,Tokodaring,,CV. Gajah Dompak,E-Purchasing,Pengadaan Barang,,,492000,492000
PROVINSI NUSA TENGGARA TIMUR,BIRO ORGANISASI - 4.01.5.07.0.00.01.0003,5742873,,2026,Tokodaring,,,E-Purchasing,Pengadaan Barang,,,1950000,1950000
PROVINSI NUSA TENGGARA TIMUR,BADAN PENGEMBANGAN SUMBER DAYA MANUSIA DAERAH - 5.04.0.00.0.00.01.0000,01KNNED3YQY70BYGG3K16W17DR,66287397,2026,E-Katalog 6.0,APBD,MIDRO NAKLUY,E-Purchasing,Barang,Training Kit Pelatihan Dasar CPNS 'Pelatihan Dasar CPNS Golongan II & Golongan III,ON PROCESS,39604800,39604800
PROVINSI NUSA TENGGARA TIMUR,RSUD PROF. DR. W. Z. JOHANNES KUPANG - 1.02.0.00.0.00.01.0004,01KHTDV9G9ETG724NX2B606KMR,64568273,2026,E-Katalog 6.0,APBD,DEXA MEDICA,E-Purchasing,Barang," Belanja Obat Fast Moving -Acarbose",ON PROCESS,10178700,10178700
PROVINSI NUSA TENGGARA TIMUR,DINAS PEKERJAAN UMUM DAN PERUMAHAN RAKYAT - 1.03.1.04.2.10.01.0000,5528975,,2026,Tokodaring,,,E-Purchasing,Pengadaan Barang,,,11766000,11766000
PROVINSI NUSA TENGGARA TIMUR,UPTD LABORATORIUM KESEHATAN - 1.02.0.00.0.00.01.0001,01KQCC8C6K21XRYV7QCAD8DQS6,66622055,2026,E-Katalog 6.0,APBD,TRISTANISA GLOBAL INDONESIA,E-Purchasing,Barang,Lab Mikrobiologi,ON PROCESS,52709460,0
PROVINSI NUSA TENGGARA TIMUR,RSUD PROF. DR. W. Z. JOHANNES KUPANG - 1.02.0.00.0.00.01.0004,01KNN9JH5YSFK7FPZ7JSS7MDY5,64568292,2026,E-Katalog 6.0,APBD,FERRON PAR PHARMACEUTICALS,E-Purchasing,Barang,Belanja Obat Kemoterapi - Cisplatin,ON PROCESS,9500046,9500046
PROVINSI NUSA TENGGARA TIMUR,"DINAS PEMBERDAYAAN PEREMPUAN DAN PERLINDUNGAN ANAK, PENGENDALIAN PENDUDUKAN DAN KELUARGA BERENCANA - 2.08.2.14.0.00.02.0000",5429307,,2026,Tokodaring,,,E-Purchasing,Pengadaan Barang,,,540000,540000
PROVINSI NUSA TENGGARA TIMUR,RSUD PROF. DR. W. Z. JOHANNES KUPANG - 1.02.0.00.0.00.01.0004,01KJPPFTGCYQ7C0JVN013EZPEV,64568400,2026,E-Katalog 6.0,APBD,HEXPHARM JAYA LABORATORIES,E-Purchasing,Barang," Belanja Obat Fast Moving - Candesartan",ON PROCESS,15717600,15717600
PROVINSI NUSA TENGGARA TIMUR,DINAS PENDIDIKAN DAN KEBUDAYAAN - 1.01.0.00.0.00.01.0000,10830674000,66854963,2026,Non Tender,APBD,Internal Teknik,Pengadaan Langsung,Jasa Konsultansi Badan Usaha Konstruksi,Jasa Konsultan Perencanaan Pembangunan Sekolah Vokasi Berasrama (SMK Negeri 4 Lewa),SELESAI,96654282,96654282
PROVINSI NUSA TENGGARA TIMUR,UPTD LABORATORIUM KESEHATAN - 1.02.0.00.0.00.01.0001,01KNJZ33BQHJSBWWNR1WHFP05Q,66508655,2026,E-Katalog 6.0,APBD,TRISTANISA GLOBAL INDONESIA,E-Purchasing,Barang,HBsAg Rapid Test  ,ON PROCESS,2625150,0
PROVINSI NUSA TENGGARA TIMUR,RSUD PROF. DR. W. Z. JOHANNES KUPANG - 1.02.0.00.0.00.01.0004,01KJPDEAHEZWNTER4QD9JG1AY1,64568316,2026,E-Katalog 6.0,APBD,PERUSAHAAN PERSEROAN (PERSERO) PT KIMIA FARMA,E-Purchasing,Barang," Belanja Obat Fast Moving - Codein",ON PROCESS,5098230,5098230
PROVINSI NUSA TENGGARA TIMUR,RSUD PROF. DR. W. Z. JOHANNES KUPANG - 1.02.0.00.0.00.01.0004,01KHWHHJB7ZE6EKYQYK9V3FESH,64568437,2026,E-Katalog 6.0,APBD,GLOBAL ONKOLAB FARMA,E-Purchasing,Barang,Belanja Obat Kemoterapi - Doxorubicin,ON PROCESS,21867000,21867000
PROVINSI NUSA TENGGARA TIMUR,BADAN KEUANGAN DAERAH - 5.02.0.00.0.00.03.0000,5647890,,2026,Tokodaring,,,E-Purchasing,Pengadaan Barang,,,4032500,4032500
PROVINSI NUSA TENGGARA TIMUR,DINAS PEKERJAAN UMUM DAN PERUMAHAN RAKYAT - 1.03.1.04.2.10.01.0000,5492275,,2026,Tokodaring,,,E-Purchasing,Pengadaan Barang,,,3750000,3750000
PROVINSI NUSA TENGGARA TIMUR,RSUD PROF. DR. W. Z. JOHANNES KUPANG - 1.02.0.00.0.00.01.0004,01KHT7DQDFM8XFSVEMH0PFH9GQ,64568385,2026,E-Katalog 6.0,APBD,DEXA MEDICA,E-Purchasing,Barang," Belanja Obat Fast Moving - Pioglitazon",ON PROCESS,792540,792540
PROVINSI NUSA TENGGARA TIMUR,DINAS PENDIDIKAN DAN KEBUDAYAAN - 1.01.0.00.0.00.01.0000,10830656000,66854963,2026,Non Tender,APBD,CV. RIVALANDO JAYA CONSULTANT,Pengadaan Langsung,Jasa Konsultansi Badan Usaha Konstruksi,Jasa Konsultan Perencanaan Pembangunan Sekolah Vokasi Berasrama (SMK Negeri Kobalima),SELESAI,95457702,95457702
PROVINSI NUSA TENGGARA TIMUR,DINAS PENDIDIKAN DAN KEBUDAYAAN - 1.01.0.00.0.00.01.0000,01KT2ZJHYW66VRER6PAE8EYQG7,64273369,2026,E-Katalog 6.0,APBD,SAMRATULANGI,E-Purchasing,Jasa Lainnya,Makanan Dan Minuman Siswa/I Asrama Smanko Flobamorata Kupang,ON PROCESS,340632000,340632000
PROVINSI NUSA TENGGARA TIMUR,DINAS PENANAMAN MODAL DAN PELAYANAN TERPADU SATU PINTU - 2.18.0.00.0.00.01.0000,5421711,,2026,Tokodaring,,,E-Purchasing,Pengadaan Barang,,,460500,460500
PROVINSI NUSA TENGGARA TIMUR,DINAS PEKERJAAN UMUM DAN PERUMAHAN RAKYAT - 1.03.1.04.2.10.01.0000,10808745000,66377721,2026,Non Tender,APBDP,JON ADU,Pengadaan Langsung,Jasa Konsultansi Badan Usaha Non Konstruksi,Belanja Jasa Tenaga Ahli Konsultan Individu Penunjang Operasional Lab,SELESAI,66000000,66000000
PROVINSI NUSA TENGGARA TIMUR,BIRO ADMINISTRASI PIMPINAN - 4.01.5.07.0.00.01.0007,01KW0ZTPZT265JG9DC70M8YSRM,65177503,2026,E-Katalog 6.0,APBD,ELIJAH,E-Purchasing,Barang,Kamera Foto,COMPLETED,53835000,53835000
PROVINSI NUSA TENGGARA TIMUR,BIRO ORGANISASI - 4.01.5.07.0.00.01.0003,5742795,,2026,Tokodaring,,,E-Purchasing,Pengadaan Barang,,,1500000,1500000
PROVINSI NUSA TENGGARA TIMUR,DINAS KESEHATAN - 1.02.0.00.0.00.01.0000,01KS6S5RTWJ28N3BSCH2TXWFR0,64154543,2026,E-Katalog 6.0,APBD,LUCAS DJAJA,E-Purchasing,Barang,Belanja Obat-Obatan-Obat,ON PROCESS,429292500,429292500
PROVINSI NUSA TENGGARA TIMUR,RUMAH SAKIT KHUSUS DAERAH JIWA NAIMATA KUPANG - 1.02.0.00.0.00.01.0003,01KV4QZFMDA57TXM278H58QXNK,65599600,2026,E-Katalog 6.0,BLUD,DEXA MEDICA,E-Purchasing,Barang,Belanja Obat-Obatan-Obat (Psikofarmaka dan Umum),ON PROCESS,16584399,16584399
PROVINSI NUSA TENGGARA TIMUR,RSUD PROF. DR. W. Z. JOHANNES KUPANG - 1.02.0.00.0.00.01.0004,01KJEHNYN7EHKSJRK041R6YD1Q,64568411,2026,E-Katalog 6.0,APBD,KALBE FARMA,E-Purchasing,Barang," Belanja Obat Fast Moving - Filgrastim",ON PROCESS,16428000,16428000
PROVINSI NUSA TENGGARA TIMUR,DINAS PERTANIAN DAN KETAHANAN PANGAN - 3.27.2.09.0.00.01.0000,5529571,,2026,Tokodaring,,,E-Purchasing,Pengadaan Barang,,,1545000,1545000
PROVINSI NUSA TENGGARA TIMUR,BIRO UMUM - 4.01.5.07.0.00.01.0001,01KJVPY6485VQ3F1JT3Q3V4R78,63643561,2026,E-Katalog 6.0,APBD,ALFINA MELANIA KNAOFMONE,E-Purchasing,Barang,Belanja Alat/Bahan untuk Kegiatan Kantor-Alat Listrik,ON PROCESS,57720000,57720000
PROVINSI NUSA TENGGARA TIMUR,RSUD PROF. DR. W. Z. JOHANNES KUPANG - 1.02.0.00.0.00.01.0004,01KHWR23N2K6KZM0AG7AZP565S,64568431,2026,E-Katalog 6.0,APBD,FERRON PAR PHARMACEUTICALS,E-Purchasing,Barang,Belanja Obat Kemoterapi - Redditux,ON PROCESS,28499999,0
PROVINSI NUSA TENGGARA TIMUR,RSUD PROF. DR. W. Z. JOHANNES KUPANG - 1.02.0.00.0.00.01.0004,01KHZMM93RC7CAVVXZA7MXJ17W,64568321,2026,E-Katalog 6.0,APBD,BERNOFARM,E-Purchasing,Barang,Belanja BHP Radiologi -Hexiol,ON PROCESS,119699958,119699958
PROVINSI NUSA TENGGARA TIMUR,DINAS PEKERJAAN UMUM DAN PERUMAHAN RAKYAT - 1.03.1.04.2.10.01.0000,5529063,,2026,Tokodaring,,,E-Purchasing,Pengadaan Barang,,,13764000,13764000
PROVINSI NUSA TENGGARA TIMUR,RSUD PROF. DR. W. Z. JOHANNES KUPANG - 1.02.0.00.0.00.01.0004,01KN40CRS5WPSWD7W0BR21AAMM,64566727,2026,E-Katalog 6.0,APBD,GE OPERATIONS INDONESIA,E-Purchasing,Barang,Belanja Modal Alat Kedokteran Umum - Alat Kedokteran Obgyn (USG),ON PROCESS,852220000,852220000
PROVINSI NUSA TENGGARA TIMUR,BIRO PENGADAAN BARANG DAN JASA - 4.01.5.07.0.00.01.0006,01KMMCPMSJ82C60FHH1RQ1BVFY,66606011,2026,E-Katalog 6.0,APBD,WIRONA,E-Purchasing,Barang,Belanja Alat/Bahan untuk Kegiatan Kantor-Alat Tulis Kantor ,PAYMENT OUTSIDE SYSTEM,1476036,1476036
PROVINSI NUSA TENGGARA TIMUR,RSUD PROF. DR. W. Z. JOHANNES KUPANG - 1.02.0.00.0.00.01.0004,01KJPNSNDC3RZ8MC5QAZP0QMQ7,64568281,2026,E-Katalog 6.0,APBD,HEXPHARM JAYA LABORATORIES,E-Purchasing,Barang," Belanja Obat Fast Moving - Ranitidine",ON PROCESS,23998200,23998200
PROVINSI NUSA TENGGARA TIMUR,DINAS PEKERJAAN UMUM DAN PERUMAHAN RAKYAT - 1.03.1.04.2.10.01.0000,5859796,,2026,Tokodaring,,CV. Gajah Dompak,E-Purchasing,Pengadaan Barang,,,500000,500000
PROVINSI NUSA TENGGARA TIMUR,DINAS PEMBERDAYAAN MASYARAKAT DAN DESA - 2.13.2.14.0.00.01.0000,5498828,,2026,Tokodaring,,,E-Purchasing,Pengadaan Barang,,,16800000,16800000
PROVINSI NUSA TENGGARA TIMUR,BIRO HUKUM - 4.01.5.07.0.00.01.0002,5696064,,2026,Tokodaring,,,E-Purchasing,Pengadaan Barang,,,492000,492000
PROVINSI NUSA TENGGARA TIMUR,RSUD PROF. DR. W. Z. JOHANNES KUPANG - 1.02.0.00.0.00.01.0004,01KJHGH6PGCM6MXB0KR0P672DY,64568348,2026,E-Katalog 6.0,APBD,INTERBAT,E-Purchasing,Barang," Belanja Obat Fast Moving - Metoclopramid HCL",ON PROCESS,4990560,4990560
PROVINSI NUSA TENGGARA TIMUR,RUMAH SAKIT KHUSUS DAERAH JIWA NAIMATA KUPANG - 1.02.0.00.0.00.01.0003,01KNKBH2488023VEPTT9P5KWE5,65599572,2026,E-Katalog 6.0,BLUD,KAMAR JAYA,E-Purchasing,Barang,Belanja Alat/Bahan untuk Kegiatan Kantor- Bahan Cetak,ON PROCESS,4674729,4674729
PROVINSI NUSA TENGGARA TIMUR,"BADAN PERENCANAAN PEMBANGUNAN, RISET DAN INOVASI DAERAH - ",5387668,,2026,Tokodaring,,,E-Purchasing,Pengadaan Barang,,,1850000,1850000
PROVINSI NUSA TENGGARA TIMUR,RSUD PROF. DR. W. Z. JOHANNES KUPANG - 1.02.0.00.0.00.01.0004,01KHTGMEAE26TGA83YEJTQCXZG,64568352,2026,E-Katalog 6.0,APBD,SINAR RODA UTAMA,E-Purchasing,Barang,Belanja Alat Medis Habis Pakai - Dispo syrin,ON PROCESS,77700000,77700000
PROVINSI NUSA TENGGARA TIMUR,BIRO HUKUM - 4.01.5.07.0.00.01.0002,01KKJEPK22C0MWQ574NAJ83D5P,65107608,2026,E-Katalog 6.0,APBD,WIRONA,E-Purchasing,Barang,Kertas,PAYMENT OUTSIDE SYSTEM,754245,754245
PROVINSI NUSA TENGGARA TIMUR,BADAN KESATUAN BANGSA DAN POLITIK - 8.01.0.00.0.00.01.0000,01KRANCEJPT088B316W8AJZP2E,65358074,2026,E-Katalog 6.0,APBD,BETHANY JAYA,E-Purchasing,Barang,PDU dan Atribut,ON PROCESS,351999648,351999648
PROVINSI NUSA TENGGARA TIMUR,RUMAH SAKIT KHUSUS DAERAH JIWA NAIMATA KUPANG - 1.02.0.00.0.00.01.0003,01KPZD6BCB92ZP2ZQKC6BJER4K,65599572,2026,E-Katalog 6.0,BLUD,KHARISMA STATIONERY,E-Purchasing,Barang,Belanja Alat/Bahan untuk Kegiatan Kantor- Bahan Cetak,ON PROCESS,17420003,17420003
PROVINSI NUSA TENGGARA TIMUR,RSUD PROF. DR. W. Z. JOHANNES KUPANG - 1.02.0.00.0.00.01.0004,01KJHDW3WFB1NZB3MGV70NPTNH,64568342,2026,E-Katalog 6.0,APBD,NOVARTIS INDONESIA,E-Purchasing,Barang," Belanja Obat Fast Moving - Mikofenolat Sodium",ON PROCESS,37498575,0
PROVINSI NUSA TENGGARA TIMUR,UPTD LABORATORIUM KESEHATAN - 1.02.0.00.0.00.01.0001,01KT8KD069TGR128CHKZ2VM2FJ,67036766,2026,E-Katalog 6.0,APBD,ANUGRAH BINTANG CENDANA,E-Purchasing,Barang,Alat Analyzer Biosystem,ON PROCESS,43406550,0
PROVINSI NUSA TENGGARA TIMUR,UPTD LABORATORIUM KESEHATAN - 1.02.0.00.0.00.01.0001,01KV9TW8D17Z4A3Q1SEVHJH97Q,67264941,2026,E-Katalog 6.0,APBD,VIRTUE DIAGNOSTICS INDONESIA,E-Purchasing,Barang,Alat Biobase,ON PROCESS,18048600,18048600
PROVINSI NUSA TENGGARA TIMUR,RSUD PROF. DR. W. Z. JOHANNES KUPANG - 1.02.0.00.0.00.01.0004,01KJHCEKBABKW6QMTHEFZ6GP5A,64568471,2026,E-Katalog 6.0,APBD,ANNA PUTRA MANDIRI,E-Purchasing,Barang,Belanja Alat Medis Habis Pakai - Suction Catheter,ON PROCESS,2081250,2081250
PROVINSI NUSA TENGGARA TIMUR,"BADAN PERENCANAAN PEMBANGUNAN, RISET DAN INOVASI DAERAH - ",5408237,,2026,Tokodaring,,,E-Purchasing,Pengadaan Barang,,,2442000,2442000
PROVINSI NUSA TENGGARA TIMUR,DINAS PEKERJAAN UMUM DAN PERUMAHAN RAKYAT - 1.03.1.04.2.10.01.0000,5515887,,2026,Tokodaring,,,E-Purchasing,Pengadaan Barang,,,19425000,19425000
PROVINSI NUSA TENGGARA TIMUR,BADAN PENGEMBANGAN SUMBER DAYA MANUSIA DAERAH - 5.04.0.00.0.00.01.0000,01KNEZW2NDSD21147CRGR3YSWZ,66287785,2026,E-Katalog 6.0,APBD,KASIH AGUNG,E-Purchasing,Barang,Belanja Makanan dan Minuman Rapat Pelatihan Dasar CPNS Golongan II & Golongan III,PAYMENT OUTSIDE SYSTEM,64296000,64296000
PROVINSI NUSA TENGGARA TIMUR,BADAN KEUANGAN DAERAH - 5.02.0.00.0.00.03.0000,5449825,,2026,Tokodaring,,,E-Purchasing,Pengadaan Barang,,,3946050,3946050
PROVINSI NUSA TENGGARA TIMUR,RSUD PROF. DR. W. Z. JOHANNES KUPANG - 1.02.0.00.0.00.01.0004,01KJEGRDDM3FD91SC1J7HQANT4,64568355,2026,E-Katalog 6.0,APBD,FADJAR ALFA MANDIRI,E-Purchasing,Barang,Belanja BHP Radiologi  - Imaxeon  Connector Tube,ON PROCESS,77700000,0
PROVINSI NUSA TENGGARA TIMUR,RSUD PROF. DR. W. Z. JOHANNES KUPANG - 1.02.0.00.0.00.01.0004,01KJ9CVYHYFN38AFJJQWW6T2Y2,64568484,2026,E-Katalog 6.0,APBD,ANNA PUTRA MANDIRI,E-Purchasing,Barang,Belanja Bahan Medis Habis Pakai - Kasa Roll,ON PROCESS,58275000,58275000
PROVINSI NUSA TENGGARA TIMUR,DINAS PENDIDIKAN DAN KEBUDAYAAN - 1.01.0.00.0.00.01.0000,10827794000,66854963,2026,Non Tender,APBD,PT.KONINDO PANORAMA KONSULTAN,Pengadaan Langsung,Jasa Konsultansi Badan Usaha Konstruksi,Jasa Konsultan Perencanaan Pembangunan Sekolah Vokasi Berasrama (SMK Negeri Kokar),SELESAI,97760407,97760407
PROVINSI NUSA TENGGARA TIMUR,BIRO UMUM - 4.01.5.07.0.00.01.0001,5483756,,2026,Tokodaring,,,E-Purchasing,Pengadaan Barang,,,3392000,3392000
PROVINSI NUSA TENGGARA TIMUR,DINAS LINGKUNGAN HIDUP DAN KEHUTANAN - 2.11.3.28.0.00.01.0000,5427805,,2026,Tokodaring,,,E-Purchasing,Pengadaan Barang,,,1790000,1790000
PROVINSI NUSA TENGGARA TIMUR,BADAN PENGEMBANGAN SUMBER DAYA MANUSIA DAERAH - 5.04.0.00.0.00.01.0000,01KQY25YY2Q00TJXQCMM92Y7EP,66287785,2026,E-Katalog 6.0,APBD,NELTJI MARIANA LANGGA,E-Purchasing,Barang,Belanja Makanan dan Minuman Rapat Pelatihan Dasar CPNS Golongan II & Golongan III,PAYMENT OUTSIDE SYSTEM,64296000,64296000
PROVINSI NUSA TENGGARA TIMUR,RUMAH SAKIT KHUSUS DAERAH JIWA NAIMATA KUPANG - 1.02.0.00.0.00.01.0003,01KP7WV4JTDN3SPYT4MZ1F0RE5,65599600,2026,E-Katalog 6.0,BLUD,MERSIFARMA TIRMAKU MERCUSANA,E-Purchasing,Barang,Belanja Obat-Obatan-Obat (Psikofarmaka dan Umum),ON PROCESS,10529793,10529793
PROVINSI NUSA TENGGARA TIMUR,DINAS PEMBERDAYAAN MASYARAKAT DAN DESA - 2.13.2.14.0.00.01.0000,5842458,,2026,Tokodaring,,,E-Purchasing,Pengadaan Barang,,,600000,600000
PROVINSI NUSA TENGGARA TIMUR,RUMAH SAKIT KHUSUS DAERAH JIWA NAIMATA KUPANG - 1.02.0.00.0.00.01.0003,01KK1R5DK35B7V3ZQYZ9PBWEG7,65594686,2026,E-Katalog 6.0,BLUD,BINTANG BARU MEDIKA,E-Purchasing,Barang,Belanja Bahan-Bahan Lainnya/Bahan Pembersih,PAYMENT OUTSIDE SYSTEM,2308800,2308800
PROVINSI NUSA TENGGARA TIMUR,UPTD LABORATORIUM KESEHATAN - 1.02.0.00.0.00.01.0001,01KRZGMQQBPGN5EGQ24BXPENBJ,66622055,2026,E-Katalog 6.0,APBD,SEGARA HUSADA MANDIRI,E-Purchasing,Barang,Lab Mikrobiologi,ON PROCESS,3684000,3684000
PROVINSI NUSA TENGGARA TIMUR,"DINAS PEMBERDAYAAN PEREMPUAN DAN PERLINDUNGAN ANAK, PENGENDALIAN PENDUDUKAN DAN KELUARGA BERENCANA - 2.08.2.14.0.00.02.0000",5423427,,2026,Tokodaring,,,E-Purchasing,Pengadaan Barang,,,3000000,3000000
PROVINSI NUSA TENGGARA TIMUR,DINAS PEMBERDAYAAN MASYARAKAT DAN DESA - 2.13.2.14.0.00.01.0000,5737303,,2026,Tokodaring,,,E-Purchasing,Pengadaan Barang,,,62500000,62500000
PROVINSI NUSA TENGGARA TIMUR,DINAS KESEHATAN - 1.02.0.00.0.00.01.0000,01KR2SAGWW2QN4VGRY239WWM05,64154543,2026,E-Katalog 6.0,APBD,BERNOFARM,E-Purchasing,Barang,Belanja Obat-Obatan-Obat,ON PROCESS,27806610,27806610
PROVINSI NUSA TENGGARA TIMUR,BIRO UMUM - 4.01.5.07.0.00.01.0001,5483664,,2026,Tokodaring,,,E-Purchasing,Pengadaan Barang,,,789189,789189
PROVINSI NUSA TENGGARA TIMUR,RSUD PROF. DR. W. Z. JOHANNES KUPANG - 1.02.0.00.0.00.01.0004,01KJHDJQ5JF409NPY1RSXAWX4A,64568376,2026,E-Katalog 6.0,APBD,B. BRAUN PHARMACEUTICAL INDONESIA,E-Purchasing,Barang," Belanja Obat Fast Moving - Sodium Chloride 0.9 %",ON PROCESS,14767440,14767440
PROVINSI NUSA TENGGARA TIMUR,"DINAS PEMBERDAYAAN PEREMPUAN DAN PERLINDUNGAN ANAK, PENGENDALIAN PENDUDUKAN DAN KELUARGA BERENCANA - 2.08.2.14.0.00.02.0000",5455556,,2026,Tokodaring,,,E-Purchasing,Pengadaan Barang,,,3700001,3700001
PROVINSI NUSA TENGGARA TIMUR,RSUD PROF. DR. W. Z. JOHANNES KUPANG - 1.02.0.00.0.00.01.0004,01KHWJ442HVQHTADYAPQVTFHQE,64568436,2026,E-Katalog 6.0,APBD,GLOBAL ONKOLAB FARMA,E-Purchasing,Barang,Belanja Obat Kemoterapi - Doxorubicin,ON PROCESS,8520360,8520360
PROVINSI NUSA TENGGARA TIMUR,DINAS PEKERJAAN UMUM DAN PERUMAHAN RAKYAT - 1.03.1.04.2.10.01.0000,10125365000,65164514,2026,Tender,APBD,,Seleksi,Jasa Konsultansi Badan Usaha Konstruksi,PW - 10 : Pengawasan Teknis Long Segmen Ruas Jalan Eban - Saenam,BERLANGSUNG,199134000,199134000
PROVINSI NUSA TENGGARA TIMUR,BADAN KEUANGAN DAERAH - 5.02.0.00.0.00.03.0000,5578712,,2026,Tokodaring,,,E-Purchasing,Pengadaan Barang,,,800000,800000
PROVINSI NUSA TENGGARA TIMUR,BIRO ADMINISTRASI PIMPINAN - 4.01.5.07.0.00.01.0007,01KJSDCN1WKA3BV34R0S451RKH,65908802,2026,E-Katalog 6.0,APBD,KANISIUS,E-Purchasing,Barang,Asa dan Rasa 1 Tahun Ayo Bangunan NTT,ON PROCESS,245549760,245549760
PROVINSI NUSA TENGGARA TIMUR,RSUD PROF. DR. W. Z. JOHANNES KUPANG - 1.02.0.00.0.00.01.0004,01KJRY3PQGJM8AVGCJ1PFQZQ0S,64568468,2026,E-Katalog 6.0,APBD,SINAR RODA UTAMA,E-Purchasing,Barang,Belanja Alat Medis Habis Pakai - IV. Catheter,ON PROCESS,27750000,27750000
PROVINSI NUSA TENGGARA TIMUR,"DINAS PEMBERDAYAAN PEREMPUAN DAN PERLINDUNGAN ANAK, PENGENDALIAN PENDUDUKAN DAN KELUARGA BERENCANA - 2.08.2.14.0.00.02.0000",5429283,,2026,Tokodaring,,,E-Purchasing,Pengadaan Barang,,,316000,316000
PROVINSI NUSA TENGGARA TIMUR,BADAN KEUANGAN DAERAH - 5.02.0.00.0.00.03.0000,5657900,,2026,Tokodaring,,,E-Purchasing,Pengadaan Barang,,,1174000,1174000
PROVINSI NUSA TENGGARA TIMUR,RSUD PROF. DR. W. Z. JOHANNES KUPANG - 1.02.0.00.0.00.01.0004,01KJ9CATR2HETQCNPHX1TB9C8D,64568487,2026,E-Katalog 6.0,APBD,ANNA PUTRA MANDIRI,E-Purchasing,Barang,Belanja Bahan Medis Habis Pakai  - Sufratule Vaseline Swab,ON PROCESS,7104000,7104000
PROVINSI NUSA TENGGARA TIMUR,DINAS PEKERJAAN UMUM DAN PERUMAHAN RAKYAT - 1.03.1.04.2.10.01.0000,5499927,,2026,Tokodaring,,,E-Purchasing,Pengadaan Barang,,,7042950,7042950
PROVINSI NUSA TENGGARA TIMUR,BIRO ORGANISASI - 4.01.5.07.0.00.01.0003,5870351,,2026,Tokodaring,,CV WIRONA,E-Purchasing,Pengadaan Barang,,,634000,634000
PROVINSI NUSA TENGGARA TIMUR,RSUD PROF. DR. W. Z. JOHANNES KUPANG - 1.02.0.00.0.00.01.0004,01KJ4M7F1RBX9SWQ9NVZV2RFKJ,64568322,2026,E-Katalog 6.0,APBD,PRATAPA NIRMALA,E-Purchasing,Barang," Belanja Obat Fast Moving - Ibuprofen",ON PROCESS,31968000,31968000
PROVINSI NUSA TENGGARA TIMUR,DINAS KESEHATAN - 1.02.0.00.0.00.01.0000,01KQ29AMG4QY23PETQCTKWEDDR,64154543,2026,E-Katalog 6.0,APBD,PHAPROS,E-Purchasing,Barang,Belanja Obat-Obatan-Obat,ON PROCESS,1417454460,1417454460
PROVINSI NUSA TENGGARA TIMUR,RUMAH SAKIT KHUSUS DAERAH JIWA NAIMATA KUPANG - 1.02.0.00.0.00.01.0003,01KNKYYXZJGDQYZP8F1TBJAGZF,65599572,2026,E-Katalog 6.0,BLUD,KHARISMA STATIONERY,E-Purchasing,Barang,Belanja Alat/Bahan untuk Kegiatan Kantor- Bahan Cetak,ON PROCESS,11972000,11972000
PROVINSI NUSA TENGGARA TIMUR,BADAN KEUANGAN DAERAH - 5.02.0.00.0.00.03.0000,01KGH96EVQCPBCXB8Z3GEJYQ84,64230917,2026,E-Katalog 6.0,APBD,KUPANG INTERMEDIA,E-Purchasing,Jasa Lainnya,Belanja Kawat/Faksimili/Internet/TV Berlangganan (08-02-0063),ON PROCESS,749250000,749250000
PROVINSI NUSA TENGGARA TIMUR,BIRO PEMERINTAHAN - 4.01.5.07.0.00.01.0005,5441107,,2026,Tokodaring,,,E-Purchasing,Pengadaan Barang,,,18814500,18814500
PROVINSI NUSA TENGGARA TIMUR,RUMAH SAKIT KHUSUS DAERAH JIWA NAIMATA KUPANG - 1.02.0.00.0.00.01.0003,01KVYP4RES5JR1X1RANEJ8FS97,65599594,2026,E-Katalog 6.0,BLUD,KHARISMA STATIONERY,E-Purchasing,Barang,Belanja Alat/Bahan untuk Kegiatan Kantor-Alat Tulis Kantor,ON PROCESS,770490,770490
PROVINSI NUSA TENGGARA TIMUR,RSUD PROF. DR. W. Z. JOHANNES KUPANG - 1.02.0.00.0.00.01.0004,01KJ9BS8MS4KD720M1JKD1TDFZ,64568494,2026,E-Katalog 6.0,APBD,ANNA PUTRA MANDIRI,E-Purchasing,Barang,Belanja Bahan Medis Habis Pakai  - Elastic Bandage,ON PROCESS,3466031,3466031
PROVINSI NUSA TENGGARA TIMUR,BADAN KEUANGAN DAERAH - 5.02.0.00.0.00.03.0000,5484168,,2026,Tokodaring,,,E-Purchasing,Pengadaan Barang,,,1262500,1262500
PROVINSI NUSA TENGGARA TIMUR,DINAS PEKERJAAN UMUM DAN PERUMAHAN RAKYAT - 1.03.1.04.2.10.01.0000,01KRAERCXKJJQECEVKA9J4PJ2P,65039383,2026,E-Katalog 6.0,APBD,ITA NUSA PERMAI,E-Purchasing,Barang,Belanja Bahan Kimia (Tawas),ON PROCESS,398639267,398639267
PROVINSI NUSA TENGGARA TIMUR,DINAS PARIWISATA DAN EKONOMI KREATIF - 3.26.0.00.0.00.01.0000,01KWBFM39GTHX5T41KHAY5ZGCE,67067964,2026,E-Katalog 6.0,APBD,KHARISMA STATIONERY,E-Purchasing,Barang,Belanja Alat/Bahan untuk Kegiatan Kantor- Kertas dan Cover,ON PROCESS,1620500,1620500
PROVINSI NUSA TENGGARA TIMUR,RSUD PROF. DR. W. Z. JOHANNES KUPANG - 1.02.0.00.0.00.01.0004,01KJ4N2NKCW2507N0ZZC3G04CW,64568479,2026,E-Katalog 6.0,APBD,ANNA PUTRA MANDIRI,E-Purchasing,Barang,Belanja Alat Medis Habis Pakai - Suction Catheter,ON PROCESS,2081250,2081250
PROVINSI NUSA TENGGARA TIMUR,DINAS PENANAMAN MODAL DAN PELAYANAN TERPADU SATU PINTU - 2.18.0.00.0.00.01.0000,5421836,,2026,Tokodaring,,,E-Purchasing,Pengadaan Barang,,,1056000,1056000
PROVINSI NUSA TENGGARA TIMUR,BADAN KEUANGAN DAERAH - 5.02.0.00.0.00.03.0000,5630256,,2026,Tokodaring,,,E-Purchasing,Pengadaan Barang,,,3052500,3052500
PROVINSI NUSA TENGGARA TIMUR,RSUD PROF. DR. W. Z. JOHANNES KUPANG - 1.02.0.00.0.00.01.0004,01KHWED7R2M4813QDCH3CTN3H4,64568448,2026,E-Katalog 6.0,APBD,KALBE FARMA,E-Purchasing,Barang,Belanja Obat Kemoterapi - Avestrant,ON PROCESS,99900000,0
PROVINSI NUSA TENGGARA TIMUR,BADAN KEUANGAN DAERAH - 5.02.0.00.0.00.03.0000,5670850,,2026,Tokodaring,,,E-Purchasing,Pengadaan Barang,,,5022750,5022750
PROVINSI NUSA TENGGARA TIMUR,RSUD PROF. DR. W. Z. JOHANNES KUPANG - 1.02.0.00.0.00.01.0004,01KJHCX5C8HRG7BV1JZMSMZWRR,64568470,2026,E-Katalog 6.0,APBD,ANNA PUTRA MANDIRI,E-Purchasing,Barang,Belanja Alat Medis Habis Pakai - Suction Catheter,ON PROCESS,2913750,2913750
PROVINSI NUSA TENGGARA TIMUR,BIRO HUKUM - 4.01.5.07.0.00.01.0002,5696029,,2026,Tokodaring,,,E-Purchasing,Pengadaan Barang,,,1000000,1000000
PROVINSI NUSA TENGGARA TIMUR,RSUD PROF. DR. W. Z. JOHANNES KUPANG - 1.02.0.00.0.00.01.0004,01KJPDJP0A11TDQX25CPXY07A7,64568313,2026,E-Katalog 6.0,APBD,PERUSAHAAN PERSEROAN (PERSERO) PT KIMIA FARMA,E-Purchasing,Barang," Belanja Obat Fast Moving - Codein",ON PROCESS,3751800,3751800
PROVINSI NUSA TENGGARA TIMUR,DINAS PEKERJAAN UMUM DAN PERUMAHAN RAKYAT - 1.03.1.04.2.10.01.0000,5667145,,2026,Tokodaring,,,E-Purchasing,Pengadaan Barang,,,2988000,2988000
PROVINSI NUSA TENGGARA TIMUR,BIRO PEMERINTAHAN - 4.01.5.07.0.00.01.0005,5586039,,2026,Tokodaring,,,E-Purchasing,Pengadaan Barang,,,2295000,2295000
PROVINSI NUSA TENGGARA TIMUR,DINAS PEKERJAAN UMUM DAN PERUMAHAN RAKYAT - 1.03.1.04.2.10.01.0000,5529053,,2026,Tokodaring,,,E-Purchasing,Pengadaan Barang,,,4972800,4972800
PROVINSI NUSA TENGGARA TIMUR,DINAS LINGKUNGAN HIDUP DAN KEHUTANAN - 2.11.3.28.0.00.01.0000,5447832,,2026,Tokodaring,,,E-Purchasing,Pengadaan Barang,,,1471396,1471396
PROVINSI NUSA TENGGARA TIMUR,CABANG DINAS KELAUTAN DAN PERIKANAN WILAYAH II - 3.25.0.00.0.00.01.0002,10845140000,65646820,2026,Pencatatan,APBD,,Pengadaan Langsung,Pengadaan Barang,PC All In One,PAKET SELESAI,13620000,0
PROVINSI NUSA TENGGARA TIMUR,UPTD LABORATORIUM KESEHATAN - 1.02.0.00.0.00.01.0001,01KVYGEM32B36DMYR2N2MAV5R7,67080401,2026,E-Katalog 6.0,APBD,ALTA DELTA INTERNASIONAL,E-Purchasing,Barang,Alat HBA1c_Portable,ON PROCESS,88900000,0
PROVINSI NUSA TENGGARA TIMUR,DINAS PERTANIAN DAN KETAHANAN PANGAN - 3.27.2.09.0.00.01.0000,01KQ69FEEJW80ZZMWXS08PGA48,66416179,2026,E-Katalog 6.0,APBD,AMENDOLO,E-Purchasing,Barang,"Belanja Barang untuk Dijual/Diserahkan kepada Masyarakat (Pengelolaan DBHCHT) untuk kegiatan Pengembangan Tembakau, Pengembangan Tembakau serta Bahan pembuatan pupuk Organik dan Pestisida Organik",ON PROCESS,60792480,60792480
PROVINSI NUSA TENGGARA TIMUR,DINAS PENDIDIKAN DAN KEBUDAYAAN - 1.01.0.00.0.00.01.0000,10838487000,66854963,2026,Non Tender,APBD,CV. Gakesa Consulindo,Pengadaan Langsung,Jasa Konsultansi Badan Usaha Konstruksi,Jasa Konsultan Perencanaan Pembangunan Sekolah Vokasi Berasrama (SMK Negeri 1 Elar),SELESAI,94968274,94968274
PROVINSI NUSA TENGGARA TIMUR,BIRO ORGANISASI - 4.01.5.07.0.00.01.0003,5870026,,2026,Tokodaring,,CV WIRONA,E-Purchasing,Pengadaan Barang,,,2000000,2000000
PROVINSI NUSA TENGGARA TIMUR,BIRO ORGANISASI - 4.01.5.07.0.00.01.0003,5741272,,2026,Tokodaring,,,E-Purchasing,Pengadaan Barang,,,1837838,1837838
PROVINSI NUSA TENGGARA TIMUR,RSUD PROF. DR. W. Z. JOHANNES KUPANG - 1.02.0.00.0.00.01.0004,01KHTEAZB1KN08FC039CEVD6D8,64568286,2026,E-Katalog 6.0,APBD,DEXA MEDICA,E-Purchasing,Barang," Belanja Obat Fast Moving - Ketorolac",ON PROCESS,17504700,17504700
PROVINSI NUSA TENGGARA TIMUR,BADAN KEUANGAN DAERAH - 5.02.0.00.0.00.03.0000,5478039,,2026,Tokodaring,,,E-Purchasing,Pengadaan Barang,,,800000,800000
PROVINSI NUSA TENGGARA TIMUR,RSUD PROF. DR. W. Z. JOHANNES KUPANG - 1.02.0.00.0.00.01.0004,01KHWN01M4HFDENG57SW0F5TEC,64568368,2026,E-Katalog 6.0,APBD,FRESENIUS KABI COMBIPHAR,E-Purchasing,Barang,Belanja Obat Kemoterapi - Fytosid,ON PROCESS,4162500,0
PROVINSI NUSA TENGGARA TIMUR,"BADAN PERENCANAAN PEMBANGUNAN, RISET DAN INOVASI DAERAH - ",5426845,,2026,Tokodaring,,,E-Purchasing,Pengadaan Barang,,,6586000,6586000
PROVINSI NUSA TENGGARA TIMUR,BADAN PENGEMBANGAN SUMBER DAYA MANUSIA DAERAH - 5.04.0.00.0.00.01.0000,01KV4M4E1D8WCD7ZC9GT28QJD5,66287785,2026,E-Katalog 6.0,APBD,BETA CREAMPUFF,E-Purchasing,Barang,Belanja Makanan dan Minuman Rapat Pelatihan Dasar CPNS Golongan II & Golongan III,ON PROCESS,64296000,64296000
PROVINSI NUSA TENGGARA TIMUR,RSUD PROF. DR. W. Z. JOHANNES KUPANG - 1.02.0.00.0.00.01.0004,01KTXKB48R93WAA612N1P4509F,67271848,2026,E-Katalog 6.0,APBD,BOLD TECHNOLOGIES LEADING INDONESIA,E-Purchasing,Barang,Belanja Modal Alat Kesehatan Rehabilitasi Medis -High Intensity Laser 30 watt Basic,ON PROCESS,531612815,0
PROVINSI NUSA TENGGARA TIMUR,RSUD PROF. DR. W. Z. JOHANNES KUPANG - 1.02.0.00.0.00.01.0004,01KJHEJSPGYBHABZPRS10X3G6D,64568388,2026,E-Katalog 6.0,APBD,KALBE FARMA,E-Purchasing,Barang," Belanja Obat Fast Moving - Mikofenolat Mofetil",ON PROCESS,10803852,10803852
PROVINSI NUSA TENGGARA TIMUR,DINAS KESEHATAN - 1.02.0.00.0.00.01.0000,5440736,,2026,Tokodaring,,,E-Purchasing,Pengadaan Barang,,,9797970,9797970
PROVINSI NUSA TENGGARA TIMUR,RSUD PROF. DR. W. Z. JOHANNES KUPANG - 1.02.0.00.0.00.01.0004,01KHT6HN8Q7C1WH2B1KTA7QC7X,64568404,2026,E-Katalog 6.0,APBD,DEXA MEDICA,E-Purchasing,Barang," Belanja Obat Fast Moving - Telmisartan",ON PROCESS,13986000,13986000
PROVINSI NUSA TENGGARA TIMUR,"DINAS PEMBERDAYAAN PEREMPUAN DAN PERLINDUNGAN ANAK, PENGENDALIAN PENDUDUKAN DAN KELUARGA BERENCANA - 2.08.2.14.0.00.02.0000",5478889,,2026,Tokodaring,,,E-Purchasing,Pengadaan Barang,,,4810000,4810000
PROVINSI NUSA TENGGARA TIMUR,BIRO UMUM - 4.01.5.07.0.00.01.0001,5486397,,2026,Tokodaring,,,E-Purchasing,Pengadaan Barang,,,3173500,3173500
PROVINSI NUSA TENGGARA TIMUR,RSUD PROF. DR. W. Z. JOHANNES KUPANG - 1.02.0.00.0.00.01.0004,01KJHJYWNX5WDGS0V6NQ74KQ5Q,64568439,2026,E-Katalog 6.0,APBD,PERUSAHAAN PERSEROAN (PERSERO) PT KIMIA FARMA,E-Purchasing,Barang," Belanja Obat Fast Moving - Vitamin B Complex",ON PROCESS,11100000,11100000
PROVINSI NUSA TENGGARA TIMUR,BADAN KEUANGAN DAERAH - 5.02.0.00.0.00.03.0000,5803440,,2026,Tokodaring,,,E-Purchasing,Pengadaan Barang,,,400000,400000
PROVINSI NUSA TENGGARA TIMUR,BADAN KEUANGAN DAERAH - 5.02.0.00.0.00.03.0000,5670881,,2026,Tokodaring,,,E-Purchasing,Pengadaan Barang,,,6748800,6748800
PROVINSI NUSA TENGGARA TIMUR,BADAN PENGEMBANGAN SUMBER DAYA MANUSIA DAERAH - 5.04.0.00.0.00.01.0000,01KRRMNEB2M80BR0Q0PDFKP0AD,66287785,2026,E-Katalog 6.0,APBD,MARGARETA MELCI,E-Purchasing,Barang,Belanja Makanan dan Minuman Rapat Pelatihan Dasar CPNS Golongan II & Golongan III,ON PROCESS,64296000,64296000
PROVINSI NUSA TENGGARA TIMUR,UPTD LABORATORIUM KESEHATAN - 1.02.0.00.0.00.01.0001,01KNJYSKAJGB5S03WWTCHAT1G5,66622055,2026,E-Katalog 6.0,APBD,TRISTANISA GLOBAL INDONESIA,E-Purchasing,Barang,Lab Mikrobiologi,ON PROCESS,8430450,0
PROVINSI NUSA TENGGARA TIMUR,DINAS PENANAMAN MODAL DAN PELAYANAN TERPADU SATU PINTU - 2.18.0.00.0.00.01.0000,5422471,,2026,Tokodaring,,,E-Purchasing,Pengadaan Barang,,,4942500,4942500
PROVINSI NUSA TENGGARA TIMUR,BIRO ORGANISASI - 4.01.5.07.0.00.01.0003,5869984,,2026,Tokodaring,,CV WIRONA,E-Purchasing,Pengadaan Barang,,,81500,81500
PROVINSI NUSA TENGGARA TIMUR,BADAN PENGEMBANGAN SUMBER DAYA MANUSIA DAERAH - 5.04.0.00.0.00.01.0000,01KT1T7GXE1F1WWZ91H5132WXC,66287785,2026,E-Katalog 6.0,APBD,DEWI NOVIANI IPPOLITA,E-Purchasing,Barang,Belanja Makanan dan Minuman Rapat Pelatihan Dasar CPNS Golongan II & Golongan III,ON PROCESS,64296000,64296000
PROVINSI NUSA TENGGARA TIMUR,RSUD PROF. DR. W. Z. JOHANNES KUPANG - 1.02.0.00.0.00.01.0004,01KJEJ5M0288CCY7GATB93P35V,64568426,2026,E-Katalog 6.0,APBD,PRATAPA NIRMALA,E-Purchasing,Barang," Belanja Obat Fast Moving - Heparin Sodium",ON PROCESS,20800845,20800845
PROVINSI NUSA TENGGARA TIMUR,RSUD PROF. DR. W. Z. JOHANNES KUPANG - 1.02.0.00.0.00.01.0004,01KJPPAHVKYC7PMV3KG5WV0SE1,64568428,2026,E-Katalog 6.0,APBD,HEXPHARM JAYA LABORATORIES,E-Purchasing,Barang," Belanja Obat Fast Moving - Domperidon",ON PROCESS,1842600,1842600
PROVINSI NUSA TENGGARA TIMUR,DINAS PEKERJAAN UMUM DAN PERUMAHAN RAKYAT - 1.03.1.04.2.10.01.0000,5507665,,2026,Tokodaring,,,E-Purchasing,Pengadaan Barang,,,49839000,49839000
PROVINSI NUSA TENGGARA TIMUR,BADAN PENGEMBANGAN SUMBER DAYA MANUSIA DAERAH - 5.04.0.00.0.00.01.0000,01KPMH7NWB9W3XK9VCTS2ZV9WJ,66287785,2026,E-Katalog 6.0,APBD,FINDA JAYA,E-Purchasing,Barang,Belanja Makanan dan Minuman Rapat Pelatihan Dasar CPNS Golongan II & Golongan III,PAYMENT OUTSIDE SYSTEM,64296000,64296000
PROVINSI NUSA TENGGARA TIMUR,RSUD PROF. DR. W. Z. JOHANNES KUPANG - 1.02.0.00.0.00.01.0004,01KHWQW4KQB5J592QBCRAD1VHE,64568432,2026,E-Katalog 6.0,APBD,FERRON PAR PHARMACEUTICALS,E-Purchasing,Barang,Belanja Obat Kemoterapi - Redditux,ON PROCESS,11999999,0
PROVINSI NUSA TENGGARA TIMUR,RUMAH SAKIT KHUSUS DAERAH JIWA NAIMATA KUPANG - 1.02.0.00.0.00.01.0003,01KNKWZ55T1SKTZ2Z36QPZPM2Q,66803220,2026,E-Katalog 6.0,BLUD,KHARISMA STATIONERY,E-Purchasing,Barang,Belanja Bahan-Bahan Lainnya,ON PROCESS,416000,416000
PROVINSI NUSA TENGGARA TIMUR,RSUD PROF. DR. W. Z. JOHANNES KUPANG - 1.02.0.00.0.00.01.0004,01KHT6VBH5TKYWHF5JX20Q7Q1H,64568408,2026,E-Katalog 6.0,APBD,DEXA MEDICA,E-Purchasing,Barang," Belanja Obat Fast Moving - Sucralfat",ON PROCESS,17160600,17160600
PROVINSI NUSA TENGGARA TIMUR,UPTD LABORATORIUM KESEHATAN - 1.02.0.00.0.00.01.0001,01KQE4CXH160YP6HFCQ3W1SW70,67036766,2026,E-Katalog 6.0,APBD,ANUGRAH BINTANG CENDANA,E-Purchasing,Barang,Alat Analyzer Biosystem,ON PROCESS,118498050,0
PROVINSI NUSA TENGGARA TIMUR,UPTD PEMBIBITAN TERNAK DAN PRODUKSI PAKAN TERNAK WILAYAH I - 3.27.0.00.0.00.02.0002,10793383000,65439796,2026,Non Tender,APBD,CV.THREE CAHAYA ABADI,Pengadaan Langsung,Pekerjaan Konstruksi,Rehabiltas Kandang Individu,SELESAI,124949966,124949966
PROVINSI NUSA TENGGARA TIMUR,RSUD PROF. DR. W. Z. JOHANNES KUPANG - 1.02.0.00.0.00.01.0004,10147031000,65489455,2026,Tender,APBD,,Tender,Pekerjaan Konstruksi,Belanja Modal Bangunan Kesehatan-Pembangunan Gedung Radioterapi (Biaya Konstruksi Fisik),BERLANGSUNG,20300000000,20300000000
PROVINSI NUSA TENGGARA TIMUR,RSUD PROF. DR. W. Z. JOHANNES KUPANG - 1.02.0.00.0.00.01.0004,01KHWSD9J1N21W7W7STAJV0ZC8,64568344,2026,E-Katalog 6.0,APBD,FERRON PAR PHARMACEUTICALS,E-Purchasing,Barang,Belanja Obat Kemoterapi - Docetaxel,ON PROCESS,13600009,13600009
PROVINSI NUSA TENGGARA TIMUR,BIRO PEMERINTAHAN - 4.01.5.07.0.00.01.0005,5611851,,2026,Tokodaring,,,E-Purchasing,Pengadaan Barang,,,1956000,1956000
PROVINSI NUSA TENGGARA TIMUR,BADAN KEUANGAN DAERAH - 5.02.0.00.0.00.03.0000,5655915,,2026,Tokodaring,,,E-Purchasing,Pengadaan Barang,,,3240000,3240000
PROVINSI NUSA TENGGARA TIMUR,RUMAH SAKIT KHUSUS DAERAH JIWA NAIMATA KUPANG - 1.02.0.00.0.00.01.0003,01KKFZYRZD83F0960MZW5SNEMY,65344545,2026,E-Katalog 6.0,APBD,WASTEC INTERNATIONAL,E-Purchasing,Jasa Lainnya,Belanja Jasa Pengolahan Sampah,ON PROCESS,26640000,26640000
PROVINSI NUSA TENGGARA TIMUR,DINAS PENANAMAN MODAL DAN PELAYANAN TERPADU SATU PINTU - 2.18.0.00.0.00.01.0000,5425168,,2026,Tokodaring,,,E-Purchasing,Pengadaan Barang,,,976000,976000
PROVINSI NUSA TENGGARA TIMUR,DINAS KESEHATAN - 1.02.0.00.0.00.01.0000,01KR2RQNRRP6RVP2TVH3PVY5C0,64154543,2026,E-Katalog 6.0,APBD,MERCK,E-Purchasing,Barang,Belanja Obat-Obatan-Obat,ON PROCESS,4403592,0
PROVINSI NUSA TENGGARA TIMUR,DINAS PERTANIAN DAN KETAHANAN PANGAN - 3.27.2.09.0.00.01.0000,10873505000,67158127,2026,Non Tender,APBD,dhamirajaya,Pengadaan Langsung,Pengadaan Barang,"Belanja Barang untuk Dijual/Diserahkan kepada Masyarakat - Cadangan Benih Hortikultura (Benih Bawang Merah, Semangka dan Melon)",SELESAI,24940000,0
PROVINSI NUSA TENGGARA TIMUR,RSUD PROF. DR. W. Z. JOHANNES KUPANG - 1.02.0.00.0.00.01.0004,01KHWQD08S8GF7TCK2703CQJKV,64568430,2026,E-Katalog 6.0,APBD,FERRON PAR PHARMACEUTICALS,E-Purchasing,Barang,Belanja Obat Kemoterapi - Vinorelbine,ON PROCESS,9500002,9500002
PROVINSI NUSA TENGGARA TIMUR,BIRO ORGANISASI - 4.01.5.07.0.00.01.0003,5435365,,2026,Tokodaring,,,E-Purchasing,Pengadaan Barang,,,13000000,13000000
PROVINSI NUSA TENGGARA TIMUR,BADAN PENDAPATAN DAN ASET DAERAH - 5.02.2.10.0.00.02.0000,01KPMA28YQ7AQH2F00DX919ZPP,65273361,2026,E-Katalog 6.0,APBD,AYOOKLIK AIRMAS PERKASA,E-Purchasing,Barang,Belanja Modal System/Power Supply,ON PROCESS,36000000,0
PROVINSI NUSA TENGGARA TIMUR,RSUD PROF. DR. W. Z. JOHANNES KUPANG - 1.02.0.00.0.00.01.0004,01KHWE4VEM5V41BARG8WV1Q7ZM,64568450,2026,E-Katalog 6.0,APBD,KALBE FARMA,E-Purchasing,Barang,Belanja Obat Kemoterapi - Bleosin,ON PROCESS,7747800,0
PROVINSI NUSA TENGGARA TIMUR,RSUD PROF. DR. W. Z. JOHANNES KUPANG - 1.02.0.00.0.00.01.0004,01KHT9P4AVM65ZJ2RBTR7YNHHC,64568392,2026,E-Katalog 6.0,APBD,DEXA MEDICA,E-Purchasing,Barang," Belanja Obat Fast Moving - Methylprednisolone",ON PROCESS,5094900,5094900
PROVINSI NUSA TENGGARA TIMUR,DINAS PEKERJAAN UMUM DAN PERUMAHAN RAKYAT - 1.03.1.04.2.10.01.0000,5515837,,2026,Tokodaring,,,E-Purchasing,Pengadaan Barang,,,35298000,35298000
PROVINSI NUSA TENGGARA TIMUR,RSUD PROF. DR. W. Z. JOHANNES KUPANG - 1.02.0.00.0.00.01.0004,01KNN9QWJRVMSTMYH6WYERTT0Q,64568416,2026,E-Katalog 6.0,APBD,FERRON PAR PHARMACEUTICALS,E-Purchasing,Barang,Belanja Obat Kemoterapi - Cisplatin,ON PROCESS,8280711,8280711
PROVINSI NUSA TENGGARA TIMUR,BADAN KEUANGAN DAERAH - 5.02.0.00.0.00.03.0000,5656044,,2026,Tokodaring,,,E-Purchasing,Pengadaan Barang,,,2666000,2666000
PROVINSI NUSA TENGGARA TIMUR,BIRO HUKUM - 4.01.5.07.0.00.01.0002,5695996,,2026,Tokodaring,,,E-Purchasing,Pengadaan Barang,,,7600000,7600000
PROVINSI NUSA TENGGARA TIMUR,RSUD PROF. DR. W. Z. JOHANNES KUPANG - 1.02.0.00.0.00.01.0004,01KHTBEMDMGS7E33VP1VHG2F6R,64568390,2026,E-Katalog 6.0,APBD,DEXA MEDICA,E-Purchasing,Barang," Belanja Obat Fast Moving - Laktulosa Sirup",ON PROCESS,19980000,19980000
PROVINSI NUSA TENGGARA TIMUR,RSUD PROF. DR. W. Z. JOHANNES KUPANG - 1.02.0.00.0.00.01.0004,01KHWQ7TC2D7YN46FKKW7J03JE,64568434,2026,E-Katalog 6.0,APBD,FONKO INTERNATIONAL PHARMACEUTICALS,E-Purchasing,Barang,Belanja Obat Kemoterapi - Fonkopac,ON PROCESS,37346021,37346021
PROVINSI NUSA TENGGARA TIMUR,BIRO ORGANISASI - 4.01.5.07.0.00.01.0003,5870422,,2026,Tokodaring,,CV WIRONA,E-Purchasing,Pengadaan Barang,,,874000,874000
PROVINSI NUSA TENGGARA TIMUR,DINAS PEMBERDAYAAN MASYARAKAT DAN DESA - 2.13.2.14.0.00.01.0000,5509327,,2026,Tokodaring,,,E-Purchasing,Pengadaan Barang,,,1689000,1689000
PROVINSI NUSA TENGGARA TIMUR,DINAS PENDIDIKAN DAN KEBUDAYAAN - 1.01.0.00.0.00.01.0000,01KQEB66ADMDDM9SATZKENPN8M,64273369,2026,E-Katalog 6.0,APBD,SAMRATULANGI,E-Purchasing,Jasa Lainnya,Makanan Dan Minuman Siswa/I Asrama Smanko Flobamorata Kupang,ON PROCESS,320760000,320760000
PROVINSI NUSA TENGGARA TIMUR,DINAS PERTANIAN DAN KETAHANAN PANGAN - 3.27.2.09.0.00.01.0000,5555921,,2026,Tokodaring,,,E-Purchasing,Pengadaan Barang,,,700000,700000
PROVINSI NUSA TENGGARA TIMUR,DINAS PERTANIAN DAN KETAHANAN PANGAN - 3.27.2.09.0.00.01.0000,01KH337ZMYMCXHJK0Z2W5AQ4TF,65359698,2026,E-Katalog 6.0,APBD,BUPU SIPA,E-Purchasing,Barang,"Belanja Barang untuk Dijual/Diserahkan kepada Masyarakat - Kegiatan Demotani - Bantuan Benih Padi di Kab. Kupang, Belu dan Malaka",ON PROCESS,110550000,110550000
PROVINSI NUSA TENGGARA TIMUR,RSUD PROF. DR. W. Z. JOHANNES KUPANG - 1.02.0.00.0.00.01.0004,01KJHFNQTV7KNQK9YEA8VRVFPD,64568381,2026,E-Katalog 6.0,APBD,SANBE FARMA,E-Purchasing,Barang," Belanja Obat Fast Moving - Insulin Aspart",ON PROCESS,47662845,47662845
PROVINSI NUSA TENGGARA TIMUR,BADAN KEUANGAN DAERAH - 5.02.0.00.0.00.03.0000,5664528,,2026,Tokodaring,,,E-Purchasing,Pengadaan Barang,,,7992000,7992000
PROVINSI NUSA TENGGARA TIMUR,UPTD LABORATORIUM KESEHATAN - 1.02.0.00.0.00.01.0001,01KNK06C2ARESFVPT418D5GZJ2,66597937,2026,E-Katalog 6.0,APBD,ANUGRAH BINTANG CENDANA,E-Purchasing,Barang,Alat Analyzer Mindray,ON PROCESS,20812500,0
PROVINSI NUSA TENGGARA TIMUR,BADAN PENDAPATAN DAN ASET DAERAH - 5.02.2.10.0.00.02.0000,01KPYS3FJ89RE2EP221F8BYXWA,65273364,2026,E-Katalog 6.0,APBD,SINERGI DINAMIKA JAYA,E-Purchasing,Barang,Belanja Modal Komputer Jaringan,ON PROCESS,37053999,0
PROVINSI NUSA TENGGARA TIMUR,RSUD PROF. DR. W. Z. JOHANNES KUPANG - 1.02.0.00.0.00.01.0004,01KJ9BZFWHZD74S5QPEP5DCH66,64568490,2026,E-Katalog 6.0,APBD,ANNA PUTRA MANDIRI,E-Purchasing,Barang,Bahan Medis Habis Pakai - Alginate Dressing,ON PROCESS,11251238,11251238
PROVINSI NUSA TENGGARA TIMUR,BADAN PENGEMBANGAN SUMBER DAYA MANUSIA DAERAH - 5.04.0.00.0.00.01.0000,01KRRNHXG3N6AK6GAP6PPXPPC7,66287785,2026,E-Katalog 6.0,APBD,TIGA PUTRA PRATAMA,E-Purchasing,Barang,Belanja Makanan dan Minuman Rapat Pelatihan Dasar CPNS Golongan II & Golongan III,ON PROCESS,64296000,64296000
PROVINSI NUSA TENGGARA TIMUR,UPTD LABORATORIUM KESEHATAN - 1.02.0.00.0.00.01.0001,01KP2A0WSZDB3AJPF305JJS3YR,66849624,2026,E-Katalog 6.0,APBD,KAMAR JAYA,E-Purchasing,Barang,Makanan penambah Daya Tahan Tubuh  ,ON PROCESS,4799995,4799995
PROVINSI NUSA TENGGARA TIMUR,RSUD PROF. DR. W. Z. JOHANNES KUPANG - 1.02.0.00.0.00.01.0004,01KWH3F91XH808T6PM6E284NMX,67271845,2026,E-Katalog 6.0,APBD,MINDRAY MEDICAL INDONESIA,E-Purchasing,Barang,Belanja Modal Alat Kedokteran Radiodiagnostic - Alat Kedokteran Radiologi-General X-Ray,ON PROCESS,2202413586,0
PROVINSI NUSA TENGGARA TIMUR,DINAS PEMBERDAYAAN MASYARAKAT DAN DESA - 2.13.2.14.0.00.01.0000,5402648,,2026,Tokodaring,,,E-Purchasing,Pengadaan Barang,,,2363500,2363500
PROVINSI NUSA TENGGARA TIMUR,BADAN KEUANGAN DAERAH - 5.02.0.00.0.00.03.0000,5675230,,2026,Tokodaring,,,E-Purchasing,Pengadaan Barang,,,2647500,2647500
PROVINSI NUSA TENGGARA TIMUR,"DINAS PEMBERDAYAAN PEREMPUAN DAN PERLINDUNGAN ANAK, PENGENDALIAN PENDUDUKAN DAN KELUARGA BERENCANA - 2.08.2.14.0.00.02.0000",5488028,,2026,Tokodaring,,,E-Purchasing,Pengadaan Barang,,,6837600,6837600
PROVINSI NUSA TENGGARA TIMUR,BADAN PENGEMBANGAN SUMBER DAYA MANUSIA DAERAH - 5.04.0.00.0.00.01.0000,01KT83FNKR2Y79PA1HYA8Q1NBB,66287785,2026,E-Katalog 6.0,APBD,SEVERINUS POSO,E-Purchasing,Barang,Belanja Makanan dan Minuman Rapat Pelatihan Dasar CPNS Golongan II & Golongan III,ON PROCESS,64296000,64296000
PROVINSI NUSA TENGGARA TIMUR,BIRO PEMERINTAHAN - 4.01.5.07.0.00.01.0005,5586156,,2026,Tokodaring,,,E-Purchasing,Pengadaan Barang,,,2295000,2295000
PROVINSI NUSA TENGGARA TIMUR,BADAN PENGEMBANGAN SUMBER DAYA MANUSIA DAERAH - 5.04.0.00.0.00.01.0000,01KM4RW78D31HWZPC6W5C5C578,66287785,2026,E-Katalog 6.0,APBD,RILON JAYA,E-Purchasing,Barang,Belanja Makanan dan Minuman Rapat Pelatihan Dasar CPNS Golongan II & Golongan III,PAYMENT OUTSIDE SYSTEM,64296000,64296000
PROVINSI NUSA TENGGARA TIMUR,DINAS PETERNAKAN - 3.27.0.00.0.00.02.0000,01KNK71QEVQM79ERTR63Y0PYJ0,66844194,2026,E-Katalog 6.0,APBD,FAMELIA ENGINEERING,E-Purchasing,Barang,Pakan Babi Butiran,ON PROCESS,327406217,327406217
PROVINSI NUSA TENGGARA TIMUR,RSUD PROF. DR. W. Z. JOHANNES KUPANG - 1.02.0.00.0.00.01.0004,01KHT72PRH662BZ0JPXKM6PT0A,64568349,2026,E-Katalog 6.0,APBD,DEXA MEDICA,E-Purchasing,Barang," Belanja Obat Fast Moving - Spironolactone",ON PROCESS,3119100,3119100
PROVINSI NUSA TENGGARA TIMUR,RSUD PROF. DR. W. Z. JOHANNES KUPANG - 1.02.0.00.0.00.01.0004,01KHTC9W7B0ZR53KMJ26M4PTWM,64568308,2026,E-Katalog 6.0,APBD,DEXA MEDICA,E-Purchasing,Barang," Belanja Obat Fast Moving - Gabapentin",ON PROCESS,5984010,5984010
PROVINSI NUSA TENGGARA TIMUR,DINAS PENDIDIKAN DAN KEBUDAYAAN - 1.01.0.00.0.00.01.0000,10830667000,66854963,2026,Non Tender,APBD,CV. ATHURPLAN CONSULTANT,Pengadaan Langsung,Jasa Konsultansi Badan Usaha Konstruksi,Jasa Konsultan Perencanaan Pembangunan Sekolah Vokasi Berasrama (SMK Negeri Tunua),SELESAI,95405904,95405904
PROVINSI NUSA TENGGARA TIMUR,DINAS PEKERJAAN UMUM DAN PERUMAHAN RAKYAT - 1.03.1.04.2.10.01.0000,10125363000,65112378,2026,Tender,APBD,,Seleksi,Jasa Konsultansi Badan Usaha Konstruksi,PW - 08 : Pengawasan Teknis Long Segmen Ruas Jalan Bondokodi - Waitabula,BERLANGSUNG,199855000,199855000
PROVINSI NUSA TENGGARA TIMUR,BIRO ORGANISASI - 4.01.5.07.0.00.01.0003,5524464,,2026,Tokodaring,,,E-Purchasing,Pengadaan Barang,,,4617600,4617600
PROVINSI NUSA TENGGARA TIMUR,DINAS PERTANIAN DAN KETAHANAN PANGAN - 3.27.2.09.0.00.01.0000,5692894,,2026,Tokodaring,,,E-Purchasing,Pengadaan Barang,,,993500,993500
PROVINSI NUSA TENGGARA TIMUR,DINAS LINGKUNGAN HIDUP DAN KEHUTANAN - 2.11.3.28.0.00.01.0000,5454053,,2026,Tokodaring,,,E-Purchasing,Pengadaan Barang,,,1531532,1531532
PROVINSI NUSA TENGGARA TIMUR,RSUD PROF. DR. W. Z. JOHANNES KUPANG - 1.02.0.00.0.00.01.0004,01KJPE4ECEW70RHJV474F1N25E,64568420,2026,E-Katalog 6.0,APBD,PERUSAHAAN PERSEROAN (PERSERO) PT KIMIA FARMA,E-Purchasing,Barang," Belanja Obat Fast Moving - Amlodipin",ON PROCESS,1653900,1653900
PROVINSI NUSA TENGGARA TIMUR,RUMAH SAKIT KHUSUS DAERAH JIWA NAIMATA KUPANG - 1.02.0.00.0.00.01.0003,01KVPSSE3F5N43W535MKWD7YGJ,67291780,2026,E-Katalog 6.0,BLUD,KHARISMA STATIONERY,E-Purchasing,Barang,Belanja Alat/Bahan untuk Kegiatan Kantor- Bahan Cetak (SILPA),ON PROCESS,5103000,5103000
PROVINSI NUSA TENGGARA TIMUR,RSUD PROF. DR. W. Z. JOHANNES KUPANG - 1.02.0.00.0.00.01.0004,01KJC1D429F3W7MHF1D2A0K54E,64568332,2026,E-Katalog 6.0,APBD,TRIPUTRA TECHNO MED,E-Purchasing,Barang,Belanja BHP Radiologi - Guerbet Mallinckrodt Opyivantage Syringe,ON PROCESS,94156305,0
PROVINSI NUSA TENGGARA TIMUR,BIRO ORGANISASI - 4.01.5.07.0.00.01.0003,5870244,,2026,Tokodaring,,CV WIRONA,E-Purchasing,Pengadaan Barang,,,1945946,1945946
PROVINSI NUSA TENGGARA TIMUR,DINAS PEKERJAAN UMUM DAN PERUMAHAN RAKYAT - 1.03.1.04.2.10.01.0000,5860170,,2026,Tokodaring,,CV. Gajah Dompak,E-Purchasing,Pengadaan Barang,,,369000,369000
PROVINSI NUSA TENGGARA TIMUR,DINAS PENDIDIKAN DAN KEBUDAYAAN - 1.01.0.00.0.00.01.0000,01KRD966M4TPRREZ6TMBM9DGVG,67124862,2026,E-Katalog 6.0,APBD,METRA - NET,E-Purchasing,Jasa Lainnya,Belanja Jasa Konversi Aplikasi/Sistem Informasi (SPMB SMK),ON PROCESS,104999965,104999965
PROVINSI NUSA TENGGARA TIMUR,BADAN PENGEMBANGAN SUMBER DAYA MANUSIA DAERAH - 5.04.0.00.0.00.01.0000,01KM4R7ZJN454AE1SG5T5YDW2T,66287785,2026,E-Katalog 6.0,APBD,CV. ANUGERAH TIGA B,E-Purchasing,Barang,Belanja Makanan dan Minuman Rapat Pelatihan Dasar CPNS Golongan II & Golongan III,PAYMENT OUTSIDE SYSTEM,64296000,64296000
PROVINSI NUSA TENGGARA TIMUR,DINAS PEMBERDAYAAN MASYARAKAT DAN DESA - 2.13.2.14.0.00.01.0000,5804446,,2026,Tokodaring,,,E-Purchasing,Pengadaan Barang,,,2220000,2220000
PROVINSI NUSA TENGGARA TIMUR,DINAS PEMBERDAYAAN MASYARAKAT DAN DESA - 2.13.2.14.0.00.01.0000,5697604,,2026,Tokodaring,,,E-Purchasing,Pengadaan Barang,,,1331000,1331000
PROVINSI NUSA TENGGARA TIMUR,RSUD PROF. DR. W. Z. JOHANNES KUPANG - 1.02.0.00.0.00.01.0004,01KHWRNRNCS8XG1QH96S50QTW8,64568429,2026,E-Katalog 6.0,APBD,FERRON PAR PHARMACEUTICALS,E-Purchasing,Barang,Belanja Obat Kemoterapi - Imafer,ON PROCESS,22000200,0
PROVINSI NUSA TENGGARA TIMUR,DINAS KESEHATAN - 1.02.0.00.0.00.01.0000,01KRWWET994N5HM5NNGZGYQFRN,64154543,2026,E-Katalog 6.0,APBD,ETHICA INDUSTRI FARMASI,E-Purchasing,Barang,Belanja Obat-Obatan-Obat,ON PROCESS,17707830,17707830
PROVINSI NUSA TENGGARA TIMUR,DINAS KESEHATAN - 1.02.0.00.0.00.01.0000,5590189,,2026,Tokodaring,,,E-Purchasing,Pengadaan Barang,,,1350000,1350000
PROVINSI NUSA TENGGARA TIMUR,BADAN PENGEMBANGAN SUMBER DAYA MANUSIA DAERAH - 5.04.0.00.0.00.01.0000,01KM4QXEHJH6X5Y7475ET2NJSE,66287785,2026,E-Katalog 6.0,APBD,NIT NEO,E-Purchasing,Barang,Belanja Makanan dan Minuman Rapat Pelatihan Dasar CPNS Golongan II & Golongan III,PAYMENT OUTSIDE SYSTEM,64296000,64296000
PROVINSI NUSA TENGGARA TIMUR,DINAS PENANAMAN MODAL DAN PELAYANAN TERPADU SATU PINTU - 2.18.0.00.0.00.01.0000,5422795,,2026,Tokodaring,,,E-Purchasing,Pengadaan Barang,,,400000,400000
PROVINSI NUSA TENGGARA TIMUR,DINAS KESEHATAN - 1.02.0.00.0.00.01.0000,01KR0TDVYD0294EX3WGX6QXNZC,64154543,2026,E-Katalog 6.0,APBD,OTSUKA INDONESIA,E-Purchasing,Barang,Belanja Obat-Obatan-Obat,ON PROCESS,41069556,41069556
PROVINSI NUSA TENGGARA TIMUR,BIRO HUKUM - 4.01.5.07.0.00.01.0002,5603003,,2026,Tokodaring,,,E-Purchasing,Pengadaan Barang,,,550000,550000
PROVINSI NUSA TENGGARA TIMUR,DINAS PERINDUSTRIAN DAN PERDAGANGAN - 3.31.3.30.0.00.01.0000,01KHX5QS3WT83J5C3V210W13H8,65728075,2026,E-Katalog 6.0,APBD,GIULA LAMMORA JAYA,E-Purchasing,Barang,"Pengadaan Meubeler Meja, Kursi, Rak Gandola dan Rak Susun untuk NTT Mart",ON PROCESS,372881190,372881190
PROVINSI NUSA TENGGARA TIMUR,BIRO PEMERINTAHAN - 4.01.5.07.0.00.01.0005,5799999,,2026,Tokodaring,,,E-Purchasing,Pengadaan Barang,,,1050000,1050000
PROVINSI NUSA TENGGARA TIMUR,DINAS PEMBERDAYAAN MASYARAKAT DAN DESA - 2.13.2.14.0.00.01.0000,5832611,,2026,Tokodaring,,,E-Purchasing,Pengadaan Barang,,,3150000,3150000
PROVINSI NUSA TENGGARA TIMUR,BADAN PENGEMBANGAN SUMBER DAYA MANUSIA DAERAH - 5.04.0.00.0.00.01.0000,01KT1TS8MVVWFR77NHA1JKDMGP,66287785,2026,E-Katalog 6.0,APBD,TIGA J,E-Purchasing,Barang,Belanja Makanan dan Minuman Rapat Pelatihan Dasar CPNS Golongan II & Golongan III,ON PROCESS,64296000,64296000
PROVINSI NUSA TENGGARA TIMUR,BIRO PEMERINTAHAN - 4.01.5.07.0.00.01.0005,5510027,,2026,Tokodaring,,,E-Purchasing,Pengadaan Barang,,,26204880,26204880
PROVINSI NUSA TENGGARA TIMUR,RSUD PROF. DR. W. Z. JOHANNES KUPANG - 1.02.0.00.0.00.01.0004,01KHWH460QQC9XQQ2XTFXDTAGR,64568446,2026,E-Katalog 6.0,APBD,GLOBAL ONKOLAB FARMA,E-Purchasing,Barang,Belanja Obat Kemoterapi - CA Folinate,ON PROCESS,18648000,18648000
PROVINSI NUSA TENGGARA TIMUR,DINAS PENDIDIKAN DAN KEBUDAYAAN - 1.01.0.00.0.00.01.0000,01KFT1AJ5HWDJ4N6VARCVRE500,64273369,2026,E-Katalog 6.0,APBD,RAJA PERKASA SEJAHTERA,E-Purchasing,Jasa Lainnya,Makanan Dan Minuman Siswa/I Asrama Smanko Flobamorata Kupang,ON PROCESS,363528000,363528000
PROVINSI NUSA TENGGARA TIMUR,UPTD LABORATORIUM LINGKUNGAN - 2.11.3.28.0.00.01.0023,5328188,,2026,Tokodaring,,,E-Purchasing,Pengadaan Barang,,,1417500,1417500
PROVINSI NUSA TENGGARA TIMUR,DINAS PERTANIAN DAN KETAHANAN PANGAN - 3.27.2.09.0.00.01.0000,5737713,,2026,Tokodaring,,,E-Purchasing,Pengadaan Barang,,,334000,334000
PROVINSI NUSA TENGGARA TIMUR,RUMAH SAKIT KHUSUS DAERAH JIWA NAIMATA KUPANG - 1.02.0.00.0.00.01.0003,01KK35A6HPNTNQJVX4XKX5PBEY,65599600,2026,E-Katalog 6.0,BLUD,DEXA MEDICA,E-Purchasing,Barang,Belanja Obat-Obatan-Obat (Psikofarmaka dan Umum),ON PROCESS,16360679,16360679
PROVINSI NUSA TENGGARA TIMUR,DINAS PERTANIAN DAN KETAHANAN PANGAN - 3.27.2.09.0.00.01.0000,5517081,,2026,Tokodaring,,,E-Purchasing,Pengadaan Barang,,,1682000,1682000
PROVINSI NUSA TENGGARA TIMUR,BADAN PENGEMBANGAN SUMBER DAYA MANUSIA DAERAH - 5.04.0.00.0.00.01.0000,01KPMGPJ773S3WWS08W1ZV66YN,66287785,2026,E-Katalog 6.0,APBD,JHOSUA FOOD & CAKE CATHERING,E-Purchasing,Barang,Belanja Makanan dan Minuman Rapat Pelatihan Dasar CPNS Golongan II & Golongan III,PAYMENT OUTSIDE SYSTEM,64296000,64296000
PROVINSI NUSA TENGGARA TIMUR,"BADAN PERENCANAAN PEMBANGUNAN, RISET DAN INOVASI DAERAH - ",5434760,,2026,Tokodaring,,,E-Purchasing,Pengadaan Barang,,,5920000,5920000
PROVINSI NUSA TENGGARA TIMUR,BIRO PEMERINTAHAN - 4.01.5.07.0.00.01.0005,5423240,,2026,Tokodaring,,,E-Purchasing,Pengadaan Barang,,,149000,149000
PROVINSI NUSA TENGGARA TIMUR,BIRO PEMERINTAHAN - 4.01.5.07.0.00.01.0005,5509999,,2026,Tokodaring,,,E-Purchasing,Pengadaan Barang,,,54520000,54520000
PROVINSI NUSA TENGGARA TIMUR,BADAN PENGEMBANGAN SUMBER DAYA MANUSIA DAERAH - 5.04.0.00.0.00.01.0000,01KM4RENRAEVNCPSP6VTVC057F,66287785,2026,E-Katalog 6.0,APBD,MARGARETA MELCI,E-Purchasing,Barang,Belanja Makanan dan Minuman Rapat Pelatihan Dasar CPNS Golongan II & Golongan III,PAYMENT OUTSIDE SYSTEM,64296000,64296000
PROVINSI NUSA TENGGARA TIMUR,BADAN KEUANGAN DAERAH - 5.02.0.00.0.00.03.0000,5631535,,2026,Tokodaring,,,E-Purchasing,Pengadaan Barang,,,3552000,3552000
PROVINSI NUSA TENGGARA TIMUR,RUMAH SAKIT KHUSUS DAERAH JIWA NAIMATA KUPANG - 1.02.0.00.0.00.01.0003,01KVC7E29E4CQ19J45396M4EBH,65594611,2026,E-Katalog 6.0,BLUD,ANUGRAH BINTANG CENDANA,E-Purchasing,Barang,Belanja Bahan-Bahan Kimia,ON PROCESS,79997034,0
PROVINSI NUSA TENGGARA TIMUR,DINAS KESEHATAN - 1.02.0.00.0.00.01.0000,01KRYVYZKJCM0VNWACZ512PRWM,64154543,2026,E-Katalog 6.0,APBD,INDONESIA FARMA,E-Purchasing,Barang,Belanja Obat-Obatan-Obat,ON PROCESS,53999280,53999280
PROVINSI NUSA TENGGARA TIMUR,BADAN KEPEGAWAIAN DAERAH - 5.03.0.00.0.00.01.0000,01KNNZ8BHX378ZAKXZ1Z1V6R45,65341454,2026,E-Katalog 6.0,APBD,SKALA JARINGAN INDONESIA,E-Purchasing,Jasa Lainnya,Zooom Meeting - Internet Kantor,COMPLETED,4600950,4600950
PROVINSI NUSA TENGGARA TIMUR,UPTD LABORATORIUM KESEHATAN - 1.02.0.00.0.00.01.0001,01KQY48WKW535PRMVGHWMVT4G8,67080398,2026,E-Katalog 6.0,APBD,BIOMEDIKAL INDOPHARM NUSANTARA,E-Purchasing,Barang,Sampling_BHP,ON PROCESS,3499997,0
PROVINSI NUSA TENGGARA TIMUR,BADAN PENGEMBANGAN SUMBER DAYA MANUSIA DAERAH - 5.04.0.00.0.00.01.0000,01KK8JTS7FCGVCM53AQYP3WNNR,66287397,2026,E-Katalog 6.0,APBD,ALEXANDER FEREDRIK DETHAN,E-Purchasing,Barang,Training Kit Pelatihan Dasar CPNS 'Pelatihan Dasar CPNS Golongan II & Golongan III,ON PROCESS,39604800,39604800
PROVINSI NUSA TENGGARA TIMUR,BIRO PEMERINTAHAN - 4.01.5.07.0.00.01.0005,5420131,,2026,Tokodaring,,,E-Purchasing,Pengadaan Barang,,,1607000,1607000
PROVINSI NUSA TENGGARA TIMUR,RSUD PROF. DR. W. Z. JOHANNES KUPANG - 1.02.0.00.0.00.01.0004,01KNN9D6PWWSAQNSK0EMEW9FK7,64568328,2026,E-Katalog 6.0,APBD,FERRON PAR PHARMACEUTICALS,E-Purchasing,Barang,Belanja Obat Kemoterapi - Cyclophospamide,ON PROCESS,31000080,31000080
PROVINSI NUSA TENGGARA TIMUR,RSUD PROF. DR. W. Z. JOHANNES KUPANG - 1.02.0.00.0.00.01.0004,01KHTE1S4NXFWCX95D9386RV1R,64568383,2026,E-Katalog 6.0,APBD,DEXA MEDICA,E-Purchasing,Barang," Belanja Obat Fast Moving - Acarbose",ON PROCESS,8402700,8402700
PROVINSI NUSA TENGGARA TIMUR,RSUD PROF. DR. W. Z. JOHANNES KUPANG - 1.02.0.00.0.00.01.0004,01KHWMGXD7Y880MWPZ1TFYNCZP,64568456,2026,E-Katalog 6.0,APBD,MENARINI INDRIA LABORATORIES,E-Purchasing,Barang,Belanja Obat Kemoterapi - Uromitexan,ON PROCESS,14319000,0
PROVINSI NUSA TENGGARA TIMUR,RSUD PROF. DR. W. Z. JOHANNES KUPANG - 1.02.0.00.0.00.01.0004,01KHWQ3SGA9223RTRC8W6KAHPG,64568442,2026,E-Katalog 6.0,APBD,FONKO INTERNATIONAL PHARMACEUTICALS,E-Purchasing,Barang,Belanja Obat Kemoterapi - Fonkopac,ON PROCESS,56613110,56613110
PROVINSI NUSA TENGGARA TIMUR,RSUD PROF. DR. W. Z. JOHANNES KUPANG - 1.02.0.00.0.00.01.0004,01KJ9C573JKTDS1NJK1RAZNGSR,64568488,2026,E-Katalog 6.0,APBD,ANNA PUTRA MANDIRI,E-Purchasing,Barang,Belanja Bahan Medis Habis Pakai  - Wound Gel,ON PROCESS,10152171,10152171
PROVINSI NUSA TENGGARA TIMUR,BADAN KEUANGAN DAERAH - 5.02.0.00.0.00.03.0000,5674684,,2026,Tokodaring,,,E-Purchasing,Pengadaan Barang,,,1132500,1132500
PROVINSI NUSA TENGGARA TIMUR,RUMAH SAKIT KHUSUS DAERAH JIWA NAIMATA KUPANG - 1.02.0.00.0.00.01.0003,01KP7VJPFB797FC7NS2390MAG0,65599600,2026,E-Katalog 6.0,BLUD,YARINDO FARMATAMA,E-Purchasing,Barang,Belanja Obat-Obatan-Obat (Psikofarmaka dan Umum),ON PROCESS,21026952,21026952
PROVINSI NUSA TENGGARA TIMUR,RUMAH SAKIT KHUSUS DAERAH JIWA NAIMATA KUPANG - 1.02.0.00.0.00.01.0003,01KJXZ96KCGBCT40V6BB6JKD2M,65599600,2026,E-Katalog 6.0,BLUD,AMAROX PHARMA GLOBAL,E-Purchasing,Barang,Belanja Obat-Obatan-Obat (Psikofarmaka dan Umum),ON PROCESS,100519380,100519380
PROVINSI NUSA TENGGARA TIMUR,SATUAN POLISI PAMONG PRAJA - 1.05.0.00.0.00.01.0000,01KN0V3PVRYQ0WE5X4GFJYJ5ME,66707504,2026,E-Katalog 6.0,APBD,BETHANY JAYA,E-Purchasing,Barang,"Pakaian Dinas Lapangan dan Atribut, Kemeja dan Kaos",ON PROCESS,263530095,263530095
PROVINSI NUSA TENGGARA TIMUR,RSUD PROF. DR. W. Z. JOHANNES KUPANG - 1.02.0.00.0.00.01.0004,01KHTAF3KJCG9VM87WFJECM5SC,64568417,2026,E-Katalog 6.0,APBD,DEXA MEDICA,E-Purchasing,Barang," Belanja Obat Fast Moving - Methylprednisolone",ON PROCESS,28305000,28305000
PROVINSI NUSA TENGGARA TIMUR,RUMAH SAKIT KHUSUS DAERAH JIWA NAIMATA KUPANG - 1.02.0.00.0.00.01.0003,01KPZG350NZTBMQTY0DZ7X6QPW,65594708,2026,E-Katalog 6.0,BLUD,KHARISMA STATIONERY,E-Purchasing,Barang,Belanja Alat/Bahan untuk Kegiatan Kantor-Alat Tulis Kantor,ON PROCESS,10165000,10165000
PROVINSI NUSA TENGGARA TIMUR,RSUD PROF. DR. W. Z. JOHANNES KUPANG - 1.02.0.00.0.00.01.0004,01KNN98PPSYQ50J7RHJFX54P48,64568319,2026,E-Katalog 6.0,APBD,FERRON PAR PHARMACEUTICALS,E-Purchasing,Barang,Belanja Obat Kemoterapi - Cyclophospamide,ON PROCESS,4100007,4100007
PROVINSI NUSA TENGGARA TIMUR,RSUD PROF. DR. W. Z. JOHANNES KUPANG - 1.02.0.00.0.00.01.0004,01KMQ2Q4HEEQKC0REXPDZQCK1N,66648689,2026,E-Katalog 6.0,BLUD,CIPTA SARANA KLIN,E-Purchasing,Jasa Lainnya,Belanja Barang dan Jasa BLUD (Biaya Jasa Kebersihan),ON PROCESS,1657260501,1657260501
PROVINSI NUSA TENGGARA TIMUR,DINAS PEKERJAAN UMUM DAN PERUMAHAN RAKYAT - 1.03.1.04.2.10.01.0000,5667491,,2026,Tokodaring,,,E-Purchasing,Pengadaan Barang,,,60000,60000
PROVINSI NUSA TENGGARA TIMUR,RSUD PROF. DR. W. Z. JOHANNES KUPANG - 1.02.0.00.0.00.01.0004,01KHTAXFP4DXSX9SC36K3PCEHB,64568269,2026,E-Katalog 6.0,APBD,DEXA MEDICA,E-Purchasing,Barang," Belanja Obat Fast Moving - Levofloxacin",ON PROCESS,13930500,13930500
PROVINSI NUSA TENGGARA TIMUR,RSUD PROF. DR. W. Z. JOHANNES KUPANG - 1.02.0.00.0.00.01.0004,01KJ9CQCJWRCSCQW4FNMWHDW06,64568485,2026,E-Katalog 6.0,APBD,ANNA PUTRA MANDIRI,E-Purchasing,Barang,Belanja Bahan Medis Habis Pakai  - Kasa Steril,ON PROCESS,3064710,3064710
PROVINSI NUSA TENGGARA TIMUR,RSUD PROF. DR. W. Z. JOHANNES KUPANG - 1.02.0.00.0.00.01.0004,01KHWS5BE0N44VCYP52Z8HRDNR,64568433,2026,E-Katalog 6.0,APBD,FERRON PAR PHARMACEUTICALS,E-Purchasing,Barang,Belanja Obat Kemoterapi - Fluorouracil,ON PROCESS,17500260,17500260
PROVINSI NUSA TENGGARA TIMUR,RUMAH SAKIT KHUSUS DAERAH JIWA NAIMATA KUPANG - 1.02.0.00.0.00.01.0003,01KNKPZ0Y3Q5ZNNP2DWYPBKDPW,65594724,2026,E-Katalog 6.0,BLUD,KHARISMA STATIONERY,E-Purchasing,Barang,Belanja Alat/Bahan untuk Kegiatan Kantor- Kertas dan Cover,ON PROCESS,1261492,1261492
PROVINSI NUSA TENGGARA TIMUR,BIRO ORGANISASI - 4.01.5.07.0.00.01.0003,5740753,,2026,Tokodaring,,,E-Purchasing,Pengadaan Barang,,,1975000,1975000
PROVINSI NUSA TENGGARA TIMUR,RUMAH SAKIT KHUSUS DAERAH JIWA NAIMATA KUPANG - 1.02.0.00.0.00.01.0003,01KMZ5E5GBC0YD629NJA006Q3H,65594708,2026,E-Katalog 6.0,BLUD,KHARISMA STATIONERY,E-Purchasing,Barang,Belanja Alat/Bahan untuk Kegiatan Kantor-Alat Tulis Kantor,ON PROCESS,17675000,17675000
PROVINSI NUSA TENGGARA TIMUR,DINAS PEKERJAAN UMUM DAN PERUMAHAN RAKYAT - 1.03.1.04.2.10.01.0000,10125366000,66306780,2026,Tender,APBDP,,Seleksi,Jasa Konsultansi Badan Usaha Konstruksi,PW - 11 : Pengawasan Teknis Long Segmen Ruas Jalan Mbazang (Bts. Kab. Manggarai Timur) - Sp. Waepana,BERLANGSUNG,199966000,199966000
PROVINSI NUSA TENGGARA TIMUR,BIRO ADMINISTRASI PIMPINAN - 4.01.5.07.0.00.01.0007,01KW15R5MTA7AFT7DQH1EYVC3E,65177500,2026,E-Katalog 6.0,APBD,ELIJAH,E-Purchasing,Barang,Rode Video Mic,COMPLETED,1942500,1942500
PROVINSI NUSA TENGGARA TIMUR,RSUD PROF. DR. W. Z. JOHANNES KUPANG - 1.02.0.00.0.00.01.0004,01KJHCR049WHAHZXCKKW6PMGT1,64568477,2026,E-Katalog 6.0,APBD,ANNA PUTRA MANDIRI,E-Purchasing,Barang,Belanja Alat Medis Habis Pakai - Suction Catheter,ON PROCESS,2085413,2085413
PROVINSI NUSA TENGGARA TIMUR,RUMAH SAKIT KHUSUS DAERAH JIWA NAIMATA KUPANG - 1.02.0.00.0.00.01.0003,01KW11885D5BJSVV332PY2VFWD,65599572,2026,E-Katalog 6.0,BLUD,KHARISMA STATIONERY,E-Purchasing,Barang,Belanja Alat/Bahan untuk Kegiatan Kantor- Bahan Cetak,ON PROCESS,3164000,3164000
PROVINSI NUSA TENGGARA TIMUR,RSUD PROF. DR. W. Z. JOHANNES KUPANG - 1.02.0.00.0.00.01.0004,01KJPQ02P0FPAKDGRPTZEB29NF,64568314,2026,E-Katalog 6.0,APBD,HEXPHARM JAYA LABORATORIES,E-Purchasing,Barang," Belanja Obat Fast Moving - Ceftriaxone",ON PROCESS,13468740,13468740
PROVINSI NUSA TENGGARA TIMUR,BADAN PENGEMBANGAN SUMBER DAYA MANUSIA DAERAH - 5.04.0.00.0.00.01.0000,01KNH8RN1J8XQ4AAJKKHBEPP3C,66287785,2026,E-Katalog 6.0,APBD,ARGYA JAYA ABADI,E-Purchasing,Barang,Belanja Makanan dan Minuman Rapat Pelatihan Dasar CPNS Golongan II & Golongan III,PAYMENT OUTSIDE SYSTEM,64296000,64296000
PROVINSI NUSA TENGGARA TIMUR,RUMAH SAKIT KHUSUS DAERAH JIWA NAIMATA KUPANG - 1.02.0.00.0.00.01.0003,01KRNCCCNX63KPH6SF91J1MR66,65599600,2026,E-Katalog 6.0,BLUD,YARINDO FARMATAMA,E-Purchasing,Barang,Belanja Obat-Obatan-Obat (Psikofarmaka dan Umum),ON PROCESS,27791958,27791958
PROVINSI NUSA TENGGARA TIMUR,RSUD PROF. DR. W. Z. JOHANNES KUPANG - 1.02.0.00.0.00.01.0004,01KNN8SZFAXK7ZCX9DZFEEH89Y,64568444,2026,E-Katalog 6.0,APBD,FERRON PAR PHARMACEUTICALS,E-Purchasing,Barang,Belanja Obat Kemoterapi - Carboplatin,ON PROCESS,25599930,25599930
PROVINSI NUSA TENGGARA TIMUR,RSUD PROF. DR. W. Z. JOHANNES KUPANG - 1.02.0.00.0.00.01.0004,01KVA8VFXTJ9F5VE9EXQDYRE16,67271849,2026,E-Katalog 6.0,APBD,BOLD TECHNOLOGIES LEADING INDONESIA,E-Purchasing,Barang,Belanja Modal Alat Kesehatan Rehabilitasi Medis -Spinal Decompression ESSENTIAL,ON PROCESS,1240909515,0
PROVINSI NUSA TENGGARA TIMUR,DINAS PEKERJAAN UMUM DAN PERUMAHAN RAKYAT - 1.03.1.04.2.10.01.0000,10129724000,66889098,2026,Tender,APBD,PT.KONINDO PANORAMA KONSULTAN,Seleksi,Jasa Konsultansi Badan Usaha Konstruksi,"Pengawasan Pembangunan SPAM Jaringan Perpipaan di Lokasi Prioritas Penanganan Stunting Kangae, Kab. Sikka",SELESAI,278241880,278241880
PROVINSI NUSA TENGGARA TIMUR,DINAS LINGKUNGAN HIDUP DAN KEHUTANAN - 2.11.3.28.0.00.01.0000,5450984,,2026,Tokodaring,,,E-Purchasing,Pengadaan Barang,,,2313500,2313500
PROVINSI NUSA TENGGARA TIMUR,RUMAH SAKIT KHUSUS DAERAH JIWA NAIMATA KUPANG - 1.02.0.00.0.00.01.0003,5570771,,2026,Tokodaring,,,E-Purchasing,Pengadaan Barang,,,19500000,19500000
PROVINSI NUSA TENGGARA TIMUR,RSUD PROF. DR. W. Z. JOHANNES KUPANG - 1.02.0.00.0.00.01.0004,01KJEGJEX5DYNTPY6VXA12HDQ6,64568362,2026,E-Katalog 6.0,APBD,FADJAR ALFA MANDIRI,E-Purchasing,Barang,Belanja BHP Radiologi  - Imaxeon Syringe  CT Scan Injection,ON PROCESS,67521966,0
PROVINSI NUSA TENGGARA TIMUR,BIRO PEMERINTAHAN - 4.01.5.07.0.00.01.0005,5584733,,2026,Tokodaring,,,E-Purchasing,Pengadaan Barang,,,2295000,2295000
PROVINSI NUSA TENGGARA TIMUR,RSUD PROF. DR. W. Z. JOHANNES KUPANG - 1.02.0.00.0.00.01.0004,01KNN7TV2WTVJJ6W429PR94KP8,64566735,2026,E-Katalog 6.0,APBD,INTISUMBER HASIL SEMPURNA GLOBAL,E-Purchasing,Barang,Belanja Modal Alat Kedokteran Umum- Alat Kedokteran Rawat Inap (EKG),ON PROCESS,24475500,0
PROVINSI NUSA TENGGARA TIMUR,BIRO ORGANISASI - 4.01.5.07.0.00.01.0003,5741214,,2026,Tokodaring,,,E-Purchasing,Pengadaan Barang,,,1902000,1902000
PROVINSI NUSA TENGGARA TIMUR,BADAN PENGEMBANGAN SUMBER DAYA MANUSIA DAERAH - 5.04.0.00.0.00.01.0000,01KV4MQVYYAAXRRT9RV18QF653,66287785,2026,E-Katalog 6.0,APBD,FLOREND JAYA,E-Purchasing,Barang,Belanja Makanan dan Minuman Rapat Pelatihan Dasar CPNS Golongan II & Golongan III,ON PROCESS,64296000,64296000
PROVINSI NUSA TENGGARA TIMUR,DINAS PERTANIAN DAN KETAHANAN PANGAN - 3.27.2.09.0.00.01.0000,01KPVYNNAN3ANBTRAWD6D64VJ3,64550918,2026,E-Katalog 6.0,APBD,AMENDOLO,E-Purchasing,Barang,Belanja Peralatan dan Mesin-Alat Pertanian-Alat Pengolahan-Alat Pengolahan Tanah dan Tanaman (Gunting Pangkas dan Sekop),ON PROCESS,11954700,11954700
PROVINSI NUSA TENGGARA TIMUR,DINAS PEKERJAAN UMUM DAN PERUMAHAN RAKYAT - 1.03.1.04.2.10.01.0000,5667561,,2026,Tokodaring,,,E-Purchasing,Pengadaan Barang,,,10000000,10000000
PROVINSI NUSA TENGGARA TIMUR,RSUD PROF. DR. W. Z. JOHANNES KUPANG - 1.02.0.00.0.00.01.0004,01KHWMA3RVQH79BNFSFZMB4WG9,64568458,2026,E-Katalog 6.0,APBD,MERCK,E-Purchasing,Barang,Belanja Obat Kemoterapi - Erbitux,ON PROCESS,52189691,0
PROVINSI NUSA TENGGARA TIMUR,BIRO ORGANISASI - 4.01.5.07.0.00.01.0003,5524435,,2026,Tokodaring,,,E-Purchasing,Pengadaan Barang,,,528108,528108
PROVINSI NUSA TENGGARA TIMUR,RSUD PROF. DR. W. Z. JOHANNES KUPANG - 1.02.0.00.0.00.01.0004,01KHWBWPMMVV11PYCZN4XTBNDY,64568365,2026,E-Katalog 6.0,APBD,GLOBAL ONKOLAB FARMA,E-Purchasing,Barang,Belanja Obat Kemoterapi - Methotrexate,ON PROCESS,688200,688200
PROVINSI NUSA TENGGARA TIMUR,BADAN PENGELOLA PERBATASAN DAERAH - 5.06.0.00.0.00.01.0000,5536157,,2026,Tokodaring,,,E-Purchasing,Pengadaan Barang,,,5661000,5661000
PROVINSI NUSA TENGGARA TIMUR,DINAS PERTANIAN DAN KETAHANAN PANGAN - 3.27.2.09.0.00.01.0000,01KPW26D3SW95GJ2YSZQG7P909,66416179,2026,E-Katalog 6.0,APBD,BERKAT JODANT,E-Purchasing,Barang,"Belanja Barang untuk Dijual/Diserahkan kepada Masyarakat (Pengelolaan DBHCHT) untuk kegiatan Pengembangan Tembakau, Pengembangan Tembakau serta Bahan pembuatan pupuk Organik dan Pestisida Organik",ON PROCESS,197302500,197302500
PROVINSI NUSA TENGGARA TIMUR,RSUD PROF. DR. W. Z. JOHANNES KUPANG - 1.02.0.00.0.00.01.0004,01KNNA12D0Z9900G0NR3SNQ9GH,64568438,2026,E-Katalog 6.0,APBD,GLOBAL ONKOLAB FARMA,E-Purchasing,Barang,Belanja Obat Kemoterapi - Oxaliplatin,ON PROCESS,23799954,23799954
PROVINSI NUSA TENGGARA TIMUR,BADAN PENGEMBANGAN SUMBER DAYA MANUSIA DAERAH - 5.04.0.00.0.00.01.0000,01KT1SHJ87VZAKSEE954WQ4774,66287397,2026,E-Katalog 6.0,APBD,NATALIA TRISNA HIBUR,E-Purchasing,Barang,Training Kit Pelatihan Dasar CPNS 'Pelatihan Dasar CPNS Golongan II & Golongan III,ON PROCESS,39604800,39604800
PROVINSI NUSA TENGGARA TIMUR,BIRO HUKUM - 4.01.5.07.0.00.01.0002,01KKJEC6KH9YY7F23KSJ76PX78,65107609,2026,E-Katalog 6.0,APBD,WIRONA,E-Purchasing,Barang,Kertas,PAYMENT OUTSIDE SYSTEM,720390,720390
PROVINSI NUSA TENGGARA TIMUR,DINAS PERTANIAN DAN KETAHANAN PANGAN - 3.27.2.09.0.00.01.0000,01KPZDM0YS9H69Q8F383PV5WVT,64550919,2026,E-Katalog 6.0,APBD,AMENDOLO,E-Purchasing,Barang,Belanja Alat/Bahan untuk Kegiatan Kantor-Perabot Kantor,ON PROCESS,2697300,2697300
PROVINSI NUSA TENGGARA TIMUR,BADAN PENGEMBANGAN SUMBER DAYA MANUSIA DAERAH - 5.04.0.00.0.00.01.0000,01KT1RRQNM1YHARHG9XEPXP1PQ,66287397,2026,E-Katalog 6.0,APBD,ALEXANDER FEREDRIK DETHAN,E-Purchasing,Barang,Training Kit Pelatihan Dasar CPNS 'Pelatihan Dasar CPNS Golongan II & Golongan III,ON PROCESS,39604800,39604800
PROVINSI NUSA TENGGARA TIMUR,DINAS KOMUNIKASI DAN INFORMATIKA - 2.16.2.21.2.20.01.0000,01KEGM7W8RPT6NZYQJQM3BWC0Y,63020968,2026,E-Katalog 6.0,APBD,KUPANG INTERMEDIA,E-Purchasing,Jasa Lainnya,Internet Dedicated Fiber Optik - 1350 Mbps,ON PROCESS,4999999982,4999999982
PROVINSI NUSA TENGGARA TIMUR,BADAN PENGEMBANGAN SUMBER DAYA MANUSIA DAERAH - 5.04.0.00.0.00.01.0000,01KPQ081NSM3838RGFK9SMM5A3,66287397,2026,E-Katalog 6.0,APBD,WATUKOSEK 22,E-Purchasing,Barang,Training Kit Pelatihan Dasar CPNS 'Pelatihan Dasar CPNS Golongan II & Golongan III,ON PROCESS,39604800,39604800
PROVINSI NUSA TENGGARA TIMUR,RUMAH SAKIT KHUSUS DAERAH JIWA NAIMATA KUPANG - 1.02.0.00.0.00.01.0003,01KVCW2D4MM2JRZ7F79TGZS2NN,67291379,2026,E-Katalog 6.0,BLUD,KHARISMA STATIONERY,E-Purchasing,Barang,Belanja Bahan-Bahan Lainnya (SILPA),ON PROCESS,2687001,2687001
PROVINSI NUSA TENGGARA TIMUR,BIRO PEMERINTAHAN - 4.01.5.07.0.00.01.0005,5423400,,2026,Tokodaring,,,E-Purchasing,Pengadaan Barang,,,152500,152500
PROVINSI NUSA TENGGARA TIMUR,BADAN KEUANGAN DAERAH - 5.02.0.00.0.00.03.0000,5803344,,2026,Tokodaring,,,E-Purchasing,Pengadaan Barang,,,1750000,1750000
PROVINSI NUSA TENGGARA TIMUR,RSUD PROF. DR. W. Z. JOHANNES KUPANG - 1.02.0.00.0.00.01.0004,01KJEHWD76NJ433TSK2DCK97P4,64568413,2026,E-Katalog 6.0,APBD,PRATAPA NIRMALA,E-Purchasing,Barang," Belanja Obat Fast Moving - Warfarin",ON PROCESS,6660000,6660000
PROVINSI NUSA TENGGARA TIMUR,BIRO ORGANISASI - 4.01.5.07.0.00.01.0003,5524513,,2026,Tokodaring,,,E-Purchasing,Pengadaan Barang,,,795000,795000
PROVINSI NUSA TENGGARA TIMUR,BADAN PENGEMBANGAN SUMBER DAYA MANUSIA DAERAH - 5.04.0.00.0.00.01.0000,01KQXZCTAZWT873A7BFPVSMSAP,66287785,2026,E-Katalog 6.0,APBD,NIT NEO,E-Purchasing,Barang,Belanja Makanan dan Minuman Rapat Pelatihan Dasar CPNS Golongan II & Golongan III,PAYMENT OUTSIDE SYSTEM,64296000,64296000
PROVINSI NUSA TENGGARA TIMUR,DINAS KESEHATAN - 1.02.0.00.0.00.01.0000,01KR3DEEJADR7B1XRE8SDHSGK3,64154543,2026,E-Katalog 6.0,APBD,BERNOFARM,E-Purchasing,Barang,Belanja Obat-Obatan-Obat,ON PROCESS,28799505,28799505
PROVINSI NUSA TENGGARA TIMUR,"DINAS PEMBERDAYAAN PEREMPUAN DAN PERLINDUNGAN ANAK, PENGENDALIAN PENDUDUKAN DAN KELUARGA BERENCANA - 2.08.2.14.0.00.02.0000",5487728,,2026,Tokodaring,,,E-Purchasing,Pengadaan Barang,,,2566320,2566320
PROVINSI NUSA TENGGARA TIMUR,"BADAN PERENCANAAN PEMBANGUNAN, RISET DAN INOVASI DAERAH - ",5373877,,2026,Tokodaring,,,E-Purchasing,Pengadaan Barang,,,4250000,4250000
PROVINSI NUSA TENGGARA TIMUR,BADAN KEUANGAN DAERAH - 5.02.0.00.0.00.03.0000,5655566,,2026,Tokodaring,,,E-Purchasing,Pengadaan Barang,,,3848000,3848000
PROVINSI NUSA TENGGARA TIMUR,DINAS PEKERJAAN UMUM DAN PERUMAHAN RAKYAT - 1.03.1.04.2.10.01.0000,10805599000,65091252,2026,Non Tender,APBD,CV. Sains Group Consultan,Pengadaan Langsung,Jasa Konsultansi Badan Usaha Non Konstruksi,Perencanaan Rehabilitasi Gedung Laboratorium Pengujian Dinas PUPR Provinsi NTT,SELESAI,99744600,99744600
PROVINSI NUSA TENGGARA TIMUR,RUMAH SAKIT KHUSUS DAERAH JIWA NAIMATA KUPANG - 1.02.0.00.0.00.01.0003,01KPZE2CXVGAFWAAVQTY53RTCY,66803220,2026,E-Katalog 6.0,BLUD,KHARISMA STATIONERY,E-Purchasing,Barang,Belanja Bahan-Bahan Lainnya,ON PROCESS,1231001,1231001
PROVINSI NUSA TENGGARA TIMUR,BADAN PENGEMBANGAN SUMBER DAYA MANUSIA DAERAH - 5.04.0.00.0.00.01.0000,01KNEZ7DMY1RJ1SD1Q9SM8D2QB,66287785,2026,E-Katalog 6.0,APBD,BINA SEJAHTERA MANDIRI,E-Purchasing,Barang,Belanja Makanan dan Minuman Rapat Pelatihan Dasar CPNS Golongan II & Golongan III,PAYMENT OUTSIDE SYSTEM,64296000,64296000
PROVINSI NUSA TENGGARA TIMUR,RSUD PROF. DR. W. Z. JOHANNES KUPANG - 1.02.0.00.0.00.01.0004,01KJ9D3VX4D04NSENGHHZRM7XX,64568483,2026,E-Katalog 6.0,APBD,ANNA PUTRA MANDIRI,E-Purchasing,Barang,Belanja Bahan Medis Habis Pakai  - Apron Standard,ON PROCESS,31018950,31018950
PROVINSI NUSA TENGGARA TIMUR,DINAS PEKERJAAN UMUM DAN PERUMAHAN RAKYAT - 1.03.1.04.2.10.01.0000,5492345,,2026,Tokodaring,,,E-Purchasing,Pengadaan Barang,,,1650000,1650000
PROVINSI NUSA TENGGARA TIMUR,RSUD PROF. DR. W. Z. JOHANNES KUPANG - 1.02.0.00.0.00.01.0004,01KJHDAW2898GB6FHZ9PT5X1B0,64568395,2026,E-Katalog 6.0,APBD,B. BRAUN PHARMACEUTICAL INDONESIA,E-Purchasing,Barang,Belanja Obat Fast Moving - Sodium Chloride 0.9 %,ON PROCESS,65347920,65347920
PROVINSI NUSA TENGGARA TIMUR,DINAS KESEHATAN - 1.02.0.00.0.00.01.0000,01KR0XB394AMNK85W1H0FCJ2NQ,64154543,2026,E-Katalog 6.0,APBD,PHAPROS,E-Purchasing,Barang,Belanja Obat-Obatan-Obat,ON PROCESS,163376460,163376460
PROVINSI NUSA TENGGARA TIMUR,RUMAH SAKIT KHUSUS DAERAH JIWA NAIMATA KUPANG - 1.02.0.00.0.00.01.0003,01KVYK5BA9FANHZ0HA3WT042E5,65594724,2026,E-Katalog 6.0,BLUD,KHARISMA STATIONERY,E-Purchasing,Barang,Belanja Alat/Bahan untuk Kegiatan Kantor- Kertas dan Cover,ON PROCESS,4202500,4202500
PROVINSI NUSA TENGGARA TIMUR,RSUD PROF. DR. W. Z. JOHANNES KUPANG - 1.02.0.00.0.00.01.0004,01KJCENVP0BSHHTFJEGBJH4E3H,64566731,2026,E-Katalog 6.0,APBD,PARAMOUNT BED INDONESIA,E-Purchasing,Barang,Belanja Modal Alat Kedokteran Umum- Alat Kedokteran Rawat Inap (Tempat Tidur Ginekologi),ON PROCESS,126267499,126267499
PROVINSI NUSA TENGGARA TIMUR,BIRO PENGADAAN BARANG DAN JASA - 4.01.5.07.0.00.01.0006,01KG6ZKQGZ46F7YG55PMTTA3WR,67053405,2026,E-Katalog 6.0,APBDP,ARSENET GLOBAL SOLUSI,E-Purchasing,Jasa Lainnya,Internet Dedicated Fiber Optik,ON PROCESS,165000006,165000006
PROVINSI NUSA TENGGARA TIMUR,RSUD PROF. DR. W. Z. JOHANNES KUPANG - 1.02.0.00.0.00.01.0004,01KHWSHHWKS1HM92Z5VJ5CZQ1N,64568331,2026,E-Katalog 6.0,APBD,FERRON PAR PHARMACEUTICALS,E-Purchasing,Barang,Belanja Obat Kemoterapi - Docetaxel,ON PROCESS,3399997,3399997
PROVINSI NUSA TENGGARA TIMUR,BIRO UMUM - 4.01.5.07.0.00.01.0001,01KPWG24GEF1DFG1E68F2ZEPNS,66705903,2026,E-Katalog 6.0,APBD,ARSIKON INDONESIA,E-Purchasing,Barang,Belanja Modal Mebel,ON PROCESS,290065200,290065200
PROVINSI NUSA TENGGARA TIMUR,RSUD PROF. DR. W. Z. JOHANNES KUPANG - 1.02.0.00.0.00.01.0004,01KHT67EF0QD48P4G5Q6W3KJMV,64568423,2026,E-Katalog 6.0,APBD,DEXA MEDICA,E-Purchasing,Barang," Belanja Obat Fast Moving - Telmisartan",ON PROCESS,17782200,17782200
PROVINSI NUSA TENGGARA TIMUR,RUMAH SAKIT KHUSUS DAERAH JIWA NAIMATA KUPANG - 1.02.0.00.0.00.01.0003,01KWBCQS58JXK4TDP5WRX10C1K,65344537,2026,E-Katalog 6.0,APBD,KHARISMA STATIONERY,E-Purchasing,Barang,Belanja Pemeliharaan Alat Kantor dan Rumah Tangga-Alat Kantor-Alat Kantor Lainnya,ON PROCESS,2038000,2038000
PROVINSI NUSA TENGGARA TIMUR,RSUD PROF. DR. W. Z. JOHANNES KUPANG - 1.02.0.00.0.00.01.0004,01KJEJSQP6GZ4X7MXTVMG3697N,64568418,2026,E-Katalog 6.0,APBD,PHAPROS,E-Purchasing,Barang," Belanja Obat Fast Moving - Dexamethason",ON PROCESS,17760000,17760000
PROVINSI NUSA TENGGARA TIMUR,DINAS PENDIDIKAN DAN KEBUDAYAAN - 1.01.0.00.0.00.01.0000,5643404,,2026,Tokodaring,,,E-Purchasing,Pengadaan Barang,,,27106200,27106200
PROVINSI NUSA TENGGARA TIMUR,BADAN PENGEMBANGAN SUMBER DAYA MANUSIA DAERAH - 5.04.0.00.0.00.01.0000,01KRRMWFSG8P734ATR6R5XPRW9,66287785,2026,E-Katalog 6.0,APBD,ARGYA JAYA ABADI,E-Purchasing,Barang,Belanja Makanan dan Minuman Rapat Pelatihan Dasar CPNS Golongan II & Golongan III,ON PROCESS,64296000,64296000
PROVINSI NUSA TENGGARA TIMUR,BIRO HUKUM - 4.01.5.07.0.00.01.0002,5494483,,2026,Tokodaring,,,E-Purchasing,Pengadaan Barang,,,1320000,1320000
PROVINSI NUSA TENGGARA TIMUR,DINAS PENDIDIKAN DAN KEBUDAYAAN - 1.01.0.00.0.00.01.0000,10830669000,66854963,2026,Non Tender,APBD,CV. Putra Timor Raya,Pengadaan Langsung,Jasa Konsultansi Badan Usaha Konstruksi,Jasa Konsultan Perencanaan Pembangunan Sekolah Vokasi Berasrama (SMK Negeri Pantai Baru),SELESAI,95156970,95156970
PROVINSI NUSA TENGGARA TIMUR,BIRO PEMERINTAHAN - 4.01.5.07.0.00.01.0005,5423644,,2026,Tokodaring,,,E-Purchasing,Pengadaan Barang,,,1460000,1460000
PROVINSI NUSA TENGGARA TIMUR,BIRO UMUM - 4.01.5.07.0.00.01.0001,01KFCN8GE2E2NYTHHKPTRF5RWK,63661881,2026,E-Katalog 6.0,APBD,ELZE JORI BERSAUDARA,E-Purchasing,Jasa Lainnya,Jas tenaga Outsourching,ON PROCESS,1331557000,1331557000
PROVINSI NUSA TENGGARA TIMUR,RSUD PROF. DR. W. Z. JOHANNES KUPANG - 1.02.0.00.0.00.01.0004,01KHTCZKD17QEZ2W55MAT5CYQE,64568320,2026,E-Katalog 6.0,APBD,DEXA MEDICA,E-Purchasing,Barang," Belanja Obat Fast Moving - Gabapentin",ON PROCESS,8856690,8856690
PROVINSI NUSA TENGGARA TIMUR,BADAN PENDAPATAN DAN ASET DAERAH - 5.02.2.10.0.00.02.0000,01KNN85YZ0KQFWJR4XSGPXKMK7,65273684,2026,E-Katalog 6.0,APBD,JASUINDO TIGA PERKASA,E-Purchasing,Jasa Lainnya,SKPD,ON PROCESS,949050000,949050000
PROVINSI NUSA TENGGARA TIMUR,DINAS PEKERJAAN UMUM DAN PERUMAHAN RAKYAT - 1.03.1.04.2.10.01.0000,5859234,,2026,Tokodaring,,CV. Gajah Dompak,E-Purchasing,Pengadaan Barang,,,494000,494000
PROVINSI NUSA TENGGARA TIMUR,"BADAN PERENCANAAN PEMBANGUNAN, RISET DAN INOVASI DAERAH - ",5664284,,2026,Tokodaring,,,E-Purchasing,Pengadaan Barang,,,159330000,159330000
PROVINSI NUSA TENGGARA TIMUR,UPTD LABORATORIUM KESEHATAN - 1.02.0.00.0.00.01.0001,01KVA89AJBAK0C6JJ4DQBYRAAJ,66597937,2026,E-Katalog 6.0,APBD,ANUGRAH BINTANG CENDANA,E-Purchasing,Barang,Alat Analyzer Mindray,ON PROCESS,1942500,0
PROVINSI NUSA TENGGARA TIMUR,RSUD PROF. DR. W. Z. JOHANNES KUPANG - 1.02.0.00.0.00.01.0004,01KHT7ZE82SBGZ567A4SFXZQN7,64568402,2026,E-Katalog 6.0,APBD,DEXA MEDICA,E-Purchasing,Barang," Belanja Obat Fast Moving - Omeprazole",ON PROCESS,8158500,8158500
PROVINSI NUSA TENGGARA TIMUR,RUMAH SAKIT KHUSUS DAERAH JIWA NAIMATA KUPANG - 1.02.0.00.0.00.01.0003,01KN3WQRWYBK1N1KHWYJE0FMEA,65594686,2026,E-Katalog 6.0,BLUD,KHARISMA STATIONERY,E-Purchasing,Barang,Belanja Bahan-Bahan Lainnya/Bahan Pembersih,ON PROCESS,1865000,1865000
PROVINSI NUSA TENGGARA TIMUR,BIRO ORGANISASI - 4.01.5.07.0.00.01.0003,5435484,,2026,Tokodaring,,,E-Purchasing,Pengadaan Barang,,,22928000,22928000
PROVINSI NUSA TENGGARA TIMUR,BADAN KEUANGAN DAERAH - 5.02.0.00.0.00.03.0000,5651507,,2026,Tokodaring,,,E-Purchasing,Pengadaan Barang,,,5540000,5540000
PROVINSI NUSA TENGGARA TIMUR,RSUD PROF. DR. W. Z. JOHANNES KUPANG - 1.02.0.00.0.00.01.0004,01KHTGSN1443TE0JYDERM7Y5AK,64568465,2026,E-Katalog 6.0,APBD,SINAR RODA UTAMA,E-Purchasing,Barang,Belanja Alat Medis Habis Pakai - Dispo syringe,ON PROCESS,49950000,49950000
PROVINSI NUSA TENGGARA TIMUR,RSUD PROF. DR. W. Z. JOHANNES KUPANG - 1.02.0.00.0.00.01.0004,01KHZN664PV831VP2SX1EM67TD,64568524,2026,E-Katalog 6.0,APBD,SINARAYA NUGRAHA AHMADARIS MEDIKA,E-Purchasing,Barang,Belanja Bahan Medis Habis Pakai  - Polifix,ON PROCESS,4995000,4995000
PROVINSI NUSA TENGGARA TIMUR,RSUD PROF. DR. W. Z. JOHANNES KUPANG - 1.02.0.00.0.00.01.0004,01KHWBK09K27GNXXE3Y2YX53EJ,64568315,2026,E-Katalog 6.0,APBD,SANBE FARMA,E-Purchasing,Barang,Belanja Obat Kemoterapi - Sandronic,ON PROCESS,26718755,26718755
PROVINSI NUSA TENGGARA TIMUR,RUMAH SAKIT KHUSUS DAERAH JIWA NAIMATA KUPANG - 1.02.0.00.0.00.01.0003,01KK34ZJ3FF55AX93W0ED55GK3,65599600,2026,E-Katalog 6.0,BLUD,HEXPHARM JAYA LABORATORIES,E-Purchasing,Barang,Belanja Obat-Obatan-Obat (Psikofarmaka dan Umum),ON PROCESS,7770000,7770000
PROVINSI NUSA TENGGARA TIMUR,BADAN KESATUAN BANGSA DAN POLITIK - 8.01.0.00.0.00.01.0000,01KRAZAEPZRQD3M72JRMX18TNF,65358072,2026,E-Katalog 6.0,APBD,BETHANY JAYA,E-Purchasing,Barang,Pasukan PDU dan Kelengkapan,ON PROCESS,34798500,34798500
PROVINSI NUSA TENGGARA TIMUR,RSUD PROF. DR. W. Z. JOHANNES KUPANG - 1.02.0.00.0.00.01.0004,01KJHCMATT26J2MA1R31Y5X06B,64893391,2026,E-Katalog 6.0,APBD,SAGRAHA SATYA SAWAHITA,E-Purchasing,Jasa Lainnya,Belanja Jasa Pengolahan Sampah,ON PROCESS,215999784,215999784
PROVINSI NUSA TENGGARA TIMUR,RSUD PROF. DR. W. Z. JOHANNES KUPANG - 1.02.0.00.0.00.01.0004,01KNN80FXR2GD3D24CY90YRYAB,64568397,2026,E-Katalog 6.0,APBD,DEXA MEDICA,E-Purchasing,Barang," Belanja Obat Fast Moving - Bisoprolol",ON PROCESS,1554000,1554000
PROVINSI NUSA TENGGARA TIMUR,RSUD PROF. DR. W. Z. JOHANNES KUPANG - 1.02.0.00.0.00.01.0004,01KJEJF4CGEXBDHQN2MQW3T7KN,64568325,2026,E-Katalog 6.0,APBD,DARYA-VARIA LABORATORIA,E-Purchasing,Barang," Belanja Obat Fast Moving - Parasetamol",ON PROCESS,13186800,13186800
PROVINSI NUSA TENGGARA TIMUR,RSUD PROF. DR. W. Z. JOHANNES KUPANG - 1.02.0.00.0.00.01.0004,01KHTG57YFZH40Y3YKSJFC8WM3,64568467,2026,E-Katalog 6.0,APBD,SINAR RODA UTAMA,E-Purchasing,Barang,Belanja Alat Medis Habis Pakai - IV. Catheter,ON PROCESS,27750000,27750000
PROVINSI NUSA TENGGARA TIMUR,RSUD PROF. DR. W. Z. JOHANNES KUPANG - 1.02.0.00.0.00.01.0004,01KHWN4C50QGT1H9G7J2FT4638,64568452,2026,E-Katalog 6.0,APBD,MENARINI INDRIA LABORATORIES,E-Purchasing,Barang,Belanja Obat Kemoterapi- Holoxan,ON PROCESS,56540294,0
PROVINSI NUSA TENGGARA TIMUR,BADAN PENGEMBANGAN SUMBER DAYA MANUSIA DAERAH - 5.04.0.00.0.00.01.0000,01KV4MF8MZQGW5CQ15RVXTE3FA,66287785,2026,E-Katalog 6.0,APBD,KASIH AGUNG,E-Purchasing,Barang,Belanja Makanan dan Minuman Rapat Pelatihan Dasar CPNS Golongan II & Golongan III,ON PROCESS,64296000,64296000
PROVINSI NUSA TENGGARA TIMUR,DINAS KEPEMUDAAN DAN OLAHRAGA - 2.19.0.00.0.00.01.0000,01KWBMHSJ5YAWXNJS1JT15YGKH,67356591,2026,E-Katalog 6.0,APBD,DACLENAKA,E-Purchasing,Jasa Lainnya,Belanja Makanan dan Minuman Atlit Sentra PPLD dan PPLMD Tahun 2026,ON PROCESS,586560000,586560000
PROVINSI NUSA TENGGARA TIMUR,"DINAS PEMBERDAYAAN PEREMPUAN DAN PERLINDUNGAN ANAK, PENGENDALIAN PENDUDUKAN DAN KELUARGA BERENCANA - 2.08.2.14.0.00.02.0000",5479559,,2026,Tokodaring,,,E-Purchasing,Pengadaan Barang,,,1731000,1731000
PROVINSI NUSA TENGGARA TIMUR,BADAN KESATUAN BANGSA DAN POLITIK - 8.01.0.00.0.00.01.0000,01KS70PY8KMANDVEQ7X5T0PZFC,67104823,2026,E-Katalog 6.0,APBD,MEDIA KITA,E-Purchasing,Jasa Lainnya,Belanja Jasa Penyelenggaraan Acara,PAYMENT OUTSIDE SYSTEM,888111000,888111000
PROVINSI NUSA TENGGARA TIMUR,RSUD PROF. DR. W. Z. JOHANNES KUPANG - 1.02.0.00.0.00.01.0004,01KHWMV43812KBZEBYPHH8785K,64568460,2026,E-Katalog 6.0,APBD,NOVARTIS INDONESIA,E-Purchasing,Barang,Belanja Obat Kemoterapi - Tasigna,ON PROCESS,46480140,0
PROVINSI NUSA TENGGARA TIMUR,BIRO ORGANISASI - 4.01.5.07.0.00.01.0003,5741094,,2026,Tokodaring,,,E-Purchasing,Pengadaan Barang,,,990279,990279
PROVINSI NUSA TENGGARA TIMUR,DINAS KESEHATAN - 1.02.0.00.0.00.01.0000,5440667,,2026,Tokodaring,,,E-Purchasing,Pengadaan Barang,,,13053600,13053600
PROVINSI NUSA TENGGARA TIMUR,RSUD PROF. DR. W. Z. JOHANNES KUPANG - 1.02.0.00.0.00.01.0004,01KJ9D9H6WRDBW10910FAXEVFP,64568480,2026,E-Katalog 6.0,APBD,ANNA PUTRA MANDIRI,E-Purchasing,Barang,Belanja Bahan Medis Habis Pakai  - Chlorhexidine  Antiseptik,ON PROCESS,7463640,7463640
PROVINSI NUSA TENGGARA TIMUR,BIRO PEMERINTAHAN - 4.01.5.07.0.00.01.0005,5611504,,2026,Tokodaring,,,E-Purchasing,Pengadaan Barang,,,5040000,5040000
PROVINSI NUSA TENGGARA TIMUR,RSUD PROF. DR. W. Z. JOHANNES KUPANG - 1.02.0.00.0.00.01.0004,01KNN8JG2CCXXMT5WJH7V2XWEN,64568435,2026,E-Katalog 6.0,APBD,FERRON PAR PHARMACEUTICALS,E-Purchasing,Barang,Belanja Obat Kemoterapi - Carboplatin,ON PROCESS,27999972,27999972
PROVINSI NUSA TENGGARA TIMUR,DINAS PENDIDIKAN DAN KEBUDAYAAN - 1.01.0.00.0.00.01.0000,01KN3WT81AFY2JSNP4EYH5BKS9,64273369,2026,E-Katalog 6.0,APBD,RAJA PERKASA SEJAHTERA,E-Purchasing,Jasa Lainnya,Makanan Dan Minuman Siswa/I Asrama Smanko Flobamorata Kupang,ON PROCESS,323352000,323352000
PROVINSI NUSA TENGGARA TIMUR,DINAS PERTANIAN DAN KETAHANAN PANGAN - 3.27.2.09.0.00.01.0000,5693848,,2026,Tokodaring,,,E-Purchasing,Pengadaan Barang,,,1044000,1044000
PROVINSI NUSA TENGGARA TIMUR,BADAN PENGELOLA PERBATASAN DAERAH - 5.06.0.00.0.00.01.0000,5535123,,2026,Tokodaring,,,E-Purchasing,Pengadaan Barang,,,2647500,2647500
PROVINSI NUSA TENGGARA TIMUR,"DINAS PEMBERDAYAAN PEREMPUAN DAN PERLINDUNGAN ANAK, PENGENDALIAN PENDUDUKAN DAN KELUARGA BERENCANA - 2.08.2.14.0.00.02.0000",5429124,,2026,Tokodaring,,,E-Purchasing,Pengadaan Barang,,,3360000,3360000
PROVINSI NUSA TENGGARA TIMUR,BADAN PENDAPATAN DAN ASET DAERAH - 5.02.2.10.0.00.02.0000,01KQ8Q52ENX5684AF0310R734F,65261511,2026,E-Katalog 6.0,APBD,PERUSAHAAN PERSEROAN (PERSERO) PT. TELEKOMUNIKASI INDONESIA,E-Purchasing,Jasa Lainnya,Belanja Kawat/Faksimili/Internet/TV Berlangganan,ON PROCESS,339609384,339609384
PROVINSI NUSA TENGGARA TIMUR,DINAS PEKERJAAN UMUM DAN PERUMAHAN RAKYAT - 1.03.1.04.2.10.01.0000,5486752,,2026,Tokodaring,,,E-Purchasing,Pengadaan Barang,,,1920000,1920000
PROVINSI NUSA TENGGARA TIMUR,DINAS PENANAMAN MODAL DAN PELAYANAN TERPADU SATU PINTU - 2.18.0.00.0.00.01.0000,5435037,,2026,Tokodaring,,,E-Purchasing,Pengadaan Barang,,,15118200,15118200
PROVINSI NUSA TENGGARA TIMUR,DINAS PEKERJAAN UMUM DAN PERUMAHAN RAKYAT - 1.03.1.04.2.10.01.0000,5494752,,2026,Tokodaring,,,E-Purchasing,Pengadaan Barang,,,1307500,1307500
PROVINSI NUSA TENGGARA TIMUR,BIRO ORGANISASI - 4.01.5.07.0.00.01.0003,5869935,,2026,Tokodaring,,CV WIRONA,E-Purchasing,Pengadaan Barang,,,171000,171000
PROVINSI NUSA TENGGARA TIMUR,BIRO PENGADAAN BARANG DAN JASA - 4.01.5.07.0.00.01.0006,10844066000,65890402,2026,Pencatatan,APBD,PT. Arsenet Global Solusi,Pengadaan Langsung,Jasa Lainnya,Internet Dedicated Fiber Optik,PAKET SELESAI,15000000,15000000
PROVINSI NUSA TENGGARA TIMUR,DINAS PENANAMAN MODAL DAN PELAYANAN TERPADU SATU PINTU - 2.18.0.00.0.00.01.0000,5418639,,2026,Tokodaring,,,E-Purchasing,Pengadaan Barang,,,777500,777500
PROVINSI NUSA TENGGARA TIMUR,DINAS PETERNAKAN - 3.27.0.00.0.00.02.0000,01KN1CRAQTC4PWQQ8ZMPF5DTHP,66764167,2026,E-Katalog 6.0,APBD,FAMELIA ENGINEERING,E-Purchasing,Barang,Pakan Babi Butiran,ON PROCESS,298415416,298415416
PROVINSI NUSA TENGGARA TIMUR,RSUD PROF. DR. W. Z. JOHANNES KUPANG - 1.02.0.00.0.00.01.0004,01KNN7AD0GAZZCPMFP5ZM3700X,64566729,2026,E-Katalog 6.0,APBD,INTISUMBER HASIL SEMPURNA GLOBAL,E-Purchasing,Barang,Belanja Modal Alat Kedokteran Umum- Alat Kedokteran Rawat Jalan (EKG),ON PROCESS,48951000,0
PROVINSI NUSA TENGGARA TIMUR,RUMAH SAKIT KHUSUS DAERAH JIWA NAIMATA KUPANG - 1.02.0.00.0.00.01.0003,01KPZH6P21QR9H83C8SCNCF7NF,65594724,2026,E-Katalog 6.0,BLUD,KHARISMA STATIONERY,E-Purchasing,Barang,Belanja Alat/Bahan untuk Kegiatan Kantor- Kertas dan Cover,ON PROCESS,12311001,12311001
PROVINSI NUSA TENGGARA TIMUR,BIRO ORGANISASI - 4.01.5.07.0.00.01.0003,5524347,,2026,Tokodaring,,,E-Purchasing,Pengadaan Barang,,,842000,842000
PROVINSI NUSA TENGGARA TIMUR,RSUD PROF. DR. W. Z. JOHANNES KUPANG - 1.02.0.00.0.00.01.0004,01KHZMWB64Y2XZARBXY47WN554,64568523,2026,E-Katalog 6.0,APBD,SINARAYA NUGRAHA AHMADARIS MEDIKA,E-Purchasing,Barang,Belanja Bahan Medis Habis Pakai  - Polifix,ON PROCESS,12765000,12765000
PROVINSI NUSA TENGGARA TIMUR,DINAS LINGKUNGAN HIDUP DAN KEHUTANAN - 2.11.3.28.0.00.01.0000,5428017,,2026,Tokodaring,,,E-Purchasing,Pengadaan Barang,,,3059715,3059715
PROVINSI NUSA TENGGARA TIMUR,RSUD PROF. DR. W. Z. JOHANNES KUPANG - 1.02.0.00.0.00.01.0004,01KJHB3GJGKZV7CVSPS3K73XX0,64568469,2026,E-Katalog 6.0,APBD,ANNA PUTRA MANDIRI,E-Purchasing,Barang,Belanja Alat Medis Habis Pakai - Nebulizer mask dewasa,ON PROCESS,32217750,32217750
PROVINSI NUSA TENGGARA TIMUR,RSUD PROF. DR. W. Z. JOHANNES KUPANG - 1.02.0.00.0.00.01.0004,01KJPNC56TJESKV43YRNTMRQZP,64566730,2026,E-Katalog 6.0,APBD,MEDTRONIC INDONESIA,E-Purchasing,Barang,Belanja Modal Alat Kedokteran Umum-Alat Kedokteran ICVCU (Convective Warmer),ON PROCESS,50000000,0
PROVINSI NUSA TENGGARA TIMUR,BIRO PENGADAAN BARANG DAN JASA - 4.01.5.07.0.00.01.0006,01KMMD2P8RAA3NSQF6VXHZRPX6,66614612,2026,E-Katalog 6.0,APBD,WIRONA,E-Purchasing,Barang,Belanja Alat/Bahan untuk Kegiatan Kantor- Kertas dan Cover ,PAYMENT OUTSIDE SYSTEM,1177477,1177477
PROVINSI NUSA TENGGARA TIMUR,RSUD PROF. DR. W. Z. JOHANNES KUPANG - 1.02.0.00.0.00.01.0004,01KHWNQBZPTQZ3K2MM3676BDCW,64568463,2026,E-Katalog 6.0,APBD,EISAI INDONESIA,E-Purchasing,Barang,Belanja Obat Kemoterapi - Lenvima,ON PROCESS,132567300,0
PROVINSI NUSA TENGGARA TIMUR,UPT. VETERINER - 3.27.0.00.0.00.02.0001,10867882000,67139964,2026,Non Tender,APBD,SARANA ETERNITY,Pengadaan Langsung,Pengadaan Barang,Belanja Bahan-Bahan Kimia,SELESAI,96205000,0
PROVINSI NUSA TENGGARA TIMUR,RSUD PROF. DR. W. Z. JOHANNES KUPANG - 1.02.0.00.0.00.01.0004,01KHTDCQYG97EHJ5YPZX8XPHZQ,64568326,2026,E-Katalog 6.0,APBD,DEXA MEDICA,E-Purchasing,Barang," Belanja Obat Fast Moving - Cefixime Trihydrate",ON PROCESS,16983000,16983000
PROVINSI NUSA TENGGARA TIMUR,BIRO HUKUM - 4.01.5.07.0.00.01.0002,5603405,,2026,Tokodaring,,,E-Purchasing,Pengadaan Barang,,,1300000,1300000
PROVINSI NUSA TENGGARA TIMUR,RSUD PROF. DR. W. Z. JOHANNES KUPANG - 1.02.0.00.0.00.01.0004,01KJBYDFFSKCKKK6VRSCDDQDW5,64568378,2026,E-Katalog 6.0,APBD,DEXA MEDICA,E-Purchasing,Barang," Belanja Obat Fast Moving - LEPARSON",ON PROCESS,26490150,26490150
PROVINSI NUSA TENGGARA TIMUR,RSUD PROF. DR. W. Z. JOHANNES KUPANG - 1.02.0.00.0.00.01.0004,01KHTA716KS90MJ7ZSPTK48NC5,64568461,2026,E-Katalog 6.0,APBD,PRATAPA NIRMALA,E-Purchasing,Barang,Belanja Obat Kemoterapi - Nateran,ON PROCESS,110625930,0
PROVINSI NUSA TENGGARA TIMUR,BIRO ORGANISASI - 4.01.5.07.0.00.01.0003,5740989,,2026,Tokodaring,,,E-Purchasing,Pengadaan Barang,,,480300,480300
PROVINSI NUSA TENGGARA TIMUR,RSUD PROF. DR. W. Z. JOHANNES KUPANG - 1.02.0.00.0.00.01.0004,01KJHC7YN0JK15CAZWD4WG2M8W,64568474,2026,E-Katalog 6.0,APBD,ANNA PUTRA MANDIRI,E-Purchasing,Barang,Belanja Alat Medis Habis Pakai - HME Filter Forsch,ON PROCESS,6524802,6524802
PROVINSI NUSA TENGGARA TIMUR,RSUD PROF. DR. W. Z. JOHANNES KUPANG - 1.02.0.00.0.00.01.0004,01KJEK7Q1VVTKK53NQV78Q43MY,64568419,2026,E-Katalog 6.0,APBD,SATORIA ANEKA INDUSTRI,E-Purchasing,Barang," Belanja Obat Fast Moving - NACL 0.9% / Sodium Chloride 0.9%",ON PROCESS,38367150,38367150
PROVINSI NUSA TENGGARA TIMUR,DINAS KELAUTAN DAN PERIKANAN - 3.25.0.00.0.00.01.0000,01KG7N7VAVD2T5BZPJQCB2TNY7,64759208,2026,E-Katalog 6.0,APBD,KARYA ELISA,E-Purchasing,Barang,Coolbox Spesifikasi : 100 liter,ON PROCESS,2499197501,2499197501
PROVINSI NUSA TENGGARA TIMUR,UPTD LABORATORIUM KESEHATAN - 1.02.0.00.0.00.01.0001,01KQRHQ3CER32GTPAMF525DGQG,67080296,2026,E-Katalog 6.0,APBD,ANUGRAH BINTANG CENDANA,E-Purchasing,Barang,Lab Serologi-Imunologi,ON PROCESS,7492500,0
PROVINSI NUSA TENGGARA TIMUR,BIRO ORGANISASI - 4.01.5.07.0.00.01.0003,5870573,,2026,Tokodaring,,CV WIRONA,E-Purchasing,Pengadaan Barang,,,581110,581110
PROVINSI NUSA TENGGARA TIMUR,DINAS PEKERJAAN UMUM DAN PERUMAHAN RAKYAT - 1.03.1.04.2.10.01.0000,5515893,,2026,Tokodaring,,,E-Purchasing,Pengadaan Barang,,,49450500,49450500
PROVINSI NUSA TENGGARA TIMUR,RSUD PROF. DR. W. Z. JOHANNES KUPANG - 1.02.0.00.0.00.01.0004,01KJEF9B6FKVDN3JH2G0CVPS2Y,64566738,2026,E-Katalog 6.0,APBD,MEDICARE INTERNASIONAL INDONESIA,E-Purchasing,Barang,Belanja Modal Alat Kedokteran Umum-Alat Kedokteran Ruang NICU (Hepa Filter),ON PROCESS,44293440,44293440
PROVINSI NUSA TENGGARA TIMUR,RSUD PROF. DR. W. Z. JOHANNES KUPANG - 1.02.0.00.0.00.01.0004,01KJHBDK28W9ADGFVSNY90VSH8,64568260,2026,E-Katalog 6.0,APBD,ANNA PUTRA MANDIRI,E-Purchasing,Barang,Belanja Alat Medis Habis Pakai - Oxygen Mask,ON PROCESS,1910532,1910532
PROVINSI NUSA TENGGARA TIMUR,DINAS PEKERJAAN UMUM DAN PERUMAHAN RAKYAT - 1.03.1.04.2.10.01.0000,5495383,,2026,Tokodaring,,,E-Purchasing,Pengadaan Barang,,,13809510,13809510
PROVINSI NUSA TENGGARA TIMUR,BADAN KEUANGAN DAERAH - 5.02.0.00.0.00.03.0000,5487679,,2026,Tokodaring,,,E-Purchasing,Pengadaan Barang,,,9590400,9590400
PROVINSI NUSA TENGGARA TIMUR,BIRO PEMERINTAHAN - 4.01.5.07.0.00.01.0005,5423509,,2026,Tokodaring,,,E-Purchasing,Pengadaan Barang,,,145000,145000
PROVINSI NUSA TENGGARA TIMUR,"BADAN PERENCANAAN PEMBANGUNAN, RISET DAN INOVASI DAERAH - ",5505948,,2026,Tokodaring,,,E-Purchasing,Pengadaan Barang,,,3700000,3700000
PROVINSI NUSA TENGGARA TIMUR,UPTD LABORATORIUM KESEHATAN - 1.02.0.00.0.00.01.0001,01KRZNFMDBAB2608V36BNHRX2B,67036766,2026,E-Katalog 6.0,APBD,ANUGRAH BINTANG CENDANA,E-Purchasing,Barang,Alat Analyzer Biosystem,ON PROCESS,133977000,0
PROVINSI NUSA TENGGARA TIMUR,DINAS PEKERJAAN UMUM DAN PERUMAHAN RAKYAT - 1.03.1.04.2.10.01.0000,01KT63VCBQGD0D2YHBX0BMJ9XY,65039506,2026,E-Katalog 6.0,APBD,BETA PERKASA,E-Purchasing,Barang,Belanja Bahan Kimia (Kaporit),ON PROCESS,149853885,149853885
PROVINSI NUSA TENGGARA TIMUR,DINAS PEKERJAAN UMUM DAN PERUMAHAN RAKYAT - 1.03.1.04.2.10.01.0000,5515883,,2026,Tokodaring,,,E-Purchasing,Pengadaan Barang,,,7858800,7858800
PROVINSI NUSA TENGGARA TIMUR,RSUD PROF. DR. W. Z. JOHANNES KUPANG - 1.02.0.00.0.00.01.0004,01KHZN1FSWJHK6X65ESHCE843F,64568491,2026,E-Katalog 6.0,APBD,SINARAYA NUGRAHA AHMADARIS MEDIKA,E-Purchasing,Barang,Belanja Bahan Medis Habis Pakai - Polifix,ON PROCESS,9435000,9435000
PROVINSI NUSA TENGGARA TIMUR,DINAS PERTANIAN DAN KETAHANAN PANGAN - 3.27.2.09.0.00.01.0000,01KQ68R5AJHJW6X0Q3QH1EZTKS,66416179,2026,E-Katalog 6.0,APBD,AMENDOLO,E-Purchasing,Barang,"Belanja Barang untuk Dijual/Diserahkan kepada Masyarakat (Pengelolaan DBHCHT) untuk kegiatan Pengembangan Tembakau, Pengembangan Tembakau serta Bahan pembuatan pupuk Organik dan Pestisida Organik",ON PROCESS,6015090,6015090
PROVINSI NUSA TENGGARA TIMUR,DINAS PENANAMAN MODAL DAN PELAYANAN TERPADU SATU PINTU - 2.18.0.00.0.00.01.0000,5417401,,2026,Tokodaring,,,E-Purchasing,Pengadaan Barang,,,87500,87500
PROVINSI NUSA TENGGARA TIMUR,BADAN PENGELOLA PERBATASAN DAERAH - 5.06.0.00.0.00.01.0000,5535309,,2026,Tokodaring,,,E-Purchasing,Pengadaan Barang,,,1088000,1088000
PROVINSI NUSA TENGGARA TIMUR,DINAS KESEHATAN - 1.02.0.00.0.00.01.0000,01KTAZSY4QQ1HZ278N7XWDBDMJ,67039677,2026,E-Katalog 6.0,APBDP,MULTIGUNA ELEKTRINDO,E-Purchasing,Barang,Pengadaan Finger Print ,ON PROCESS,5217000,5217000
PROVINSI NUSA TENGGARA TIMUR,RSUD PROF. DR. W. Z. JOHANNES KUPANG - 1.02.0.00.0.00.01.0004,01KJBZKGDB3FX3C4Q6009YNKA9,64566736,2026,E-Katalog 6.0,APBD,TRISTANISA GLOBAL INDONESIA,E-Purchasing,Barang,Belanja Modal Alat Laboratorium Patologi-Alat Laboratorium Patologi Klinik (Mikroskop),ON PROCESS,170386462,0
PROVINSI NUSA TENGGARA TIMUR,DINAS PEKERJAAN UMUM DAN PERUMAHAN RAKYAT - 1.03.1.04.2.10.01.0000,5855519,,2026,Tokodaring,,,E-Purchasing,Pengadaan Barang,,,496000,496000
PROVINSI NUSA TENGGARA TIMUR,BADAN KEUANGAN DAERAH - 5.02.0.00.0.00.03.0000,5626326,,2026,Tokodaring,,,E-Purchasing,Pengadaan Barang,,,40304100,40304100
PROVINSI NUSA TENGGARA TIMUR,RSUD PROF. DR. W. Z. JOHANNES KUPANG - 1.02.0.00.0.00.01.0004,01KJ9CHH5R49D1YCE0FAVY7DCJ,64568486,2026,E-Katalog 6.0,APBD,ANNA PUTRA MANDIRI,E-Purchasing,Barang,Belanja Bahan Medis Habis Pakai  - Transparent Dressing,ON PROCESS,35437416,35437416
PROVINSI NUSA TENGGARA TIMUR,RSUD PROF. DR. W. Z. JOHANNES KUPANG - 1.02.0.00.0.00.01.0004,01KJ9BJQZETWY16KAK0QVQX9M6,64568492,2026,E-Katalog 6.0,APBD,ANNA PUTRA MANDIRI,E-Purchasing,Barang,Belanja Bahan Medis Habis Pakai  - Elastic Bandage,ON PROCESS,2310021,2310021
PROVINSI NUSA TENGGARA TIMUR,BADAN PENGEMBANGAN SUMBER DAYA MANUSIA DAERAH - 5.04.0.00.0.00.01.0000,01KPMG41QAEBJC606N0AVETD2T,66287785,2026,E-Katalog 6.0,APBD,TIGA J,E-Purchasing,Barang,Belanja Makanan dan Minuman Rapat Pelatihan Dasar CPNS Golongan II & Golongan III,PAYMENT OUTSIDE SYSTEM,64296000,64296000
PROVINSI NUSA TENGGARA TIMUR,RSUD PROF. DR. W. Z. JOHANNES KUPANG - 1.02.0.00.0.00.01.0004,01KJVVXKQWZ6V5GVDFM0E2T0HH,64566732,2026,E-Katalog 6.0,APBD,FOKUS DIAGNOSTIC INDONESIA,E-Purchasing,Barang,Belanja Modal Alat Laboratorium Patologi-Alat Laboratorium Patologi Klinik (Centrifuge),ON PROCESS,58534024,0
PROVINSI NUSA TENGGARA TIMUR,BADAN PENGEMBANGAN SUMBER DAYA MANUSIA DAERAH - 5.04.0.00.0.00.01.0000,01KRRMABRK7SDMZBD10RVCC4F8,66287785,2026,E-Katalog 6.0,APBD,BINA SEJAHTERA MANDIRI,E-Purchasing,Barang,Belanja Makanan dan Minuman Rapat Pelatihan Dasar CPNS Golongan II & Golongan III,ON PROCESS,64296000,64296000
PROVINSI NUSA TENGGARA TIMUR,DINAS PENANAMAN MODAL DAN PELAYANAN TERPADU SATU PINTU - 2.18.0.00.0.00.01.0000,5419979,,2026,Tokodaring,,,E-Purchasing,Pengadaan Barang,,,540000,540000
PROVINSI NUSA TENGGARA TIMUR,UPTD LABORATORIUM LINGKUNGAN - 2.11.3.28.0.00.01.0023,5328168,,2026,Tokodaring,,,E-Purchasing,Pengadaan Barang,,,757500,757500
PROVINSI NUSA TENGGARA TIMUR,DINAS PEKERJAAN UMUM DAN PERUMAHAN RAKYAT - 1.03.1.04.2.10.01.0000,5501083,,2026,Tokodaring,,,E-Purchasing,Pengadaan Barang,,,9240750,9240750
PROVINSI NUSA TENGGARA TIMUR,DINAS KELAUTAN DAN PERIKANAN - 3.25.0.00.0.00.01.0000,01KG7MFKGB22AV8PN3YDX7457W,64759230,2026,E-Katalog 6.0,APBD,KARYA ELISA,E-Purchasing,Barang,Coolbox Spesifikasi : 200 liter,ON PROCESS,2499197501,2499197501
PROVINSI NUSA TENGGARA TIMUR,UPTD LABORATORIUM KESEHATAN - 1.02.0.00.0.00.01.0001,01KQKA5EPY5CDCT3HMZ0PSGP9N,67036766,2026,E-Katalog 6.0,APBD,ANUGRAH BINTANG CENDANA,E-Purchasing,Barang,Alat Analyzer Biosystem,ON PROCESS,107814300,0
PROVINSI NUSA TENGGARA TIMUR,BIRO PENGADAAN BARANG DAN JASA - 4.01.5.07.0.00.01.0006,5721079,,2026,Tokodaring,,,E-Purchasing,Pengadaan Barang,,,5000001,5000001
PROVINSI NUSA TENGGARA TIMUR,RSUD PROF. DR. W. Z. JOHANNES KUPANG - 1.02.0.00.0.00.01.0004,01KHWJYCPE2TF98VC752X942ZD,64568414,2026,E-Katalog 6.0,APBD,DANKOS FARMA,E-Purchasing,Barang,Belanja Obat Kemoterapi - Epirubicin,ON PROCESS,2497500,2497500
PROVINSI NUSA TENGGARA TIMUR,DINAS PEKERJAAN UMUM DAN PERUMAHAN RAKYAT - 1.03.1.04.2.10.01.0000,5855733,,2026,Tokodaring,,CV. Gajah Dompak,E-Purchasing,Pengadaan Barang,,,400000,400000
PROVINSI NUSA TENGGARA TIMUR,RUMAH SAKIT KHUSUS DAERAH JIWA NAIMATA KUPANG - 1.02.0.00.0.00.01.0003,01KJXS0MJGXAJJYQA10DXBD5SR,65599600,2026,E-Katalog 6.0,BLUD,YARINDO FARMATAMA,E-Purchasing,Barang,Belanja Obat-Obatan-Obat (Psikofarmaka dan Umum),ON PROCESS,23794848,23794848
PROVINSI NUSA TENGGARA TIMUR,UPTD PEMBIBITAN TERNAK DAN PRODUKSI PAKAN TERNAK WILAYAH I - 3.27.0.00.0.00.02.0002,10804944000,66477073,2026,Non Tender,APBD,CV.AMFOANG JAYA,Pengadaan Langsung,Pengadaan Barang,Belanja Alat/Bahan untuk Kegiatan Kantor-Alat/Bahan untuk Kegiatan Kantor Lainnya,SELESAI,132793740,0
PROVINSI NUSA TENGGARA TIMUR,DINAS PENANAMAN MODAL DAN PELAYANAN TERPADU SATU PINTU - 2.18.0.00.0.00.01.0000,5421771,,2026,Tokodaring,,,E-Purchasing,Pengadaan Barang,,,460500,460500
PROVINSI NUSA TENGGARA TIMUR,RUMAH SAKIT KHUSUS DAERAH JIWA NAIMATA KUPANG - 1.02.0.00.0.00.01.0003,01KNKYGRBK869N5V5R9DE4ZHDC,65594708,2026,E-Katalog 6.0,BLUD,KHARISMA STATIONERY,E-Purchasing,Barang,Belanja Alat/Bahan untuk Kegiatan Kantor-Alat Tulis Kantor,ON PROCESS,2293000,2293000
PROVINSI NUSA TENGGARA TIMUR,"DINAS PEMBERDAYAAN PEREMPUAN DAN PERLINDUNGAN ANAK, PENGENDALIAN PENDUDUKAN DAN KELUARGA BERENCANA - 2.08.2.14.0.00.02.0000",5478597,,2026,Tokodaring,,,E-Purchasing,Pengadaan Barang,,,1500000,1500000
PROVINSI NUSA TENGGARA TIMUR,DINAS PEKERJAAN UMUM DAN PERUMAHAN RAKYAT - 1.03.1.04.2.10.01.0000,5493896,,2026,Tokodaring,,,E-Purchasing,Pengadaan Barang,,,599500,599500
PROVINSI NUSA TENGGARA TIMUR,RSUD PROF. DR. W. Z. JOHANNES KUPANG - 1.02.0.00.0.00.01.0004,01KJHESN058BCGT97YZSR176EK,64568375,2026,E-Katalog 6.0,APBD,KALBE FARMA,E-Purchasing,Barang," Belanja Obat Fast Moving - Insulin Glargine",ON PROCESS,22449750,22449750
PROVINSI NUSA TENGGARA TIMUR,RSUD PROF. DR. W. Z. JOHANNES KUPANG - 1.02.0.00.0.00.01.0004,01KJ7386W10E2N5PKZTNZ6F4WC,64568311,2026,E-Katalog 6.0,APBD,MAHAKAM BETA FARMA,E-Purchasing,Barang," Belanja Obat Fast Moving - Fentanyl",ON PROCESS,8850030,8850030
PROVINSI NUSA TENGGARA TIMUR,"DINAS PEMBERDAYAAN PEREMPUAN DAN PERLINDUNGAN ANAK, PENGENDALIAN PENDUDUKAN DAN KELUARGA BERENCANA - 2.08.2.14.0.00.02.0000",5429491,,2026,Tokodaring,,,E-Purchasing,Pengadaan Barang,,,319500,319500
PROVINSI NUSA TENGGARA TIMUR,RSUD PROF. DR. W. Z. JOHANNES KUPANG - 1.02.0.00.0.00.01.0004,01KHT8BQW4CME0X9TN31DCVH33,64568424,2026,E-Katalog 6.0,APBD,DEXA MEDICA,E-Purchasing,Barang," Belanja Obat Fast Moving - Norepinefrin",ON PROCESS,8158500,8158500
PROVINSI NUSA TENGGARA TIMUR,BIRO ORGANISASI - 4.01.5.07.0.00.01.0003,5870122,,2026,Tokodaring,,CV WIRONA,E-Purchasing,Pengadaan Barang,,,1983500,1983500
PROVINSI NUSA TENGGARA TIMUR,BADAN KEUANGAN DAERAH - 5.02.0.00.0.00.03.0000,5483563,,2026,Tokodaring,,,E-Purchasing,Pengadaan Barang,,,6925000,6925000
PROVINSI NUSA TENGGARA TIMUR,BIRO ORGANISASI - 4.01.5.07.0.00.01.0003,5524449,,2026,Tokodaring,,,E-Purchasing,Pengadaan Barang,,,1760000,1760000
PROVINSI NUSA TENGGARA TIMUR,RSUD PROF. DR. W. Z. JOHANNES KUPANG - 1.02.0.00.0.00.01.0004,01KJHGAV0AQD6AGSYBA7AEWMFG,64568425,2026,E-Katalog 6.0,APBD,KALBE FARMA,E-Purchasing,Barang," Belanja Obat Fast Moving - Eritropoetin-alfa",ON PROCESS,17687938,17687938
PROVINSI NUSA TENGGARA TIMUR,BADAN KEUANGAN DAERAH - 5.02.0.00.0.00.03.0000,5670803,,2026,Tokodaring,,,E-Purchasing,Pengadaan Barang,,,10889100,10889100
PROVINSI NUSA TENGGARA TIMUR,RSUD PROF. DR. W. Z. JOHANNES KUPANG - 1.02.0.00.0.00.01.0004,01KJPPSWA0WHSY8ZYVS2S2HMV8,64568353,2026,E-Katalog 6.0,APBD,HEXPHARM JAYA LABORATORIES,E-Purchasing,Barang," Belanja Obat Fast Moving - Atorvastatin",ON PROCESS,15373500,15373500
PROVINSI NUSA TENGGARA TIMUR,DINAS KESEHATAN - 1.02.0.00.0.00.01.0000,5373460,,2026,Tokodaring,,,E-Purchasing,Pengadaan Barang,,,2160000,2160000
PROVINSI NUSA TENGGARA TIMUR,BADAN PENGEMBANGAN SUMBER DAYA MANUSIA DAERAH - 5.04.0.00.0.00.01.0000,01KKD8AR573JVS2F2DSW6HWP9A,66287397,2026,E-Katalog 6.0,APBD,NATALIA TRISNA HIBUR,E-Purchasing,Barang,Training Kit Pelatihan Dasar CPNS 'Pelatihan Dasar CPNS Golongan II & Golongan III,ON PROCESS,39604800,39604800
PROVINSI NUSA TENGGARA TIMUR,"DINAS PEMBERDAYAAN PEREMPUAN DAN PERLINDUNGAN ANAK, PENGENDALIAN PENDUDUKAN DAN KELUARGA BERENCANA - 2.08.2.14.0.00.02.0000",5480011,,2026,Tokodaring,,,E-Purchasing,Pengadaan Barang,,,412000,412000
PROVINSI NUSA TENGGARA TIMUR,BADAN PENGEMBANGAN SUMBER DAYA MANUSIA DAERAH - 5.04.0.00.0.00.01.0000,01KNEZEHVH7NCX8TNN92GV3EA7,66287785,2026,E-Katalog 6.0,APBD,DEWI NOVIANI IPPOLITA,E-Purchasing,Barang,Belanja Makanan dan Minuman Rapat Pelatihan Dasar CPNS Golongan II & Golongan III,PAYMENT OUTSIDE SYSTEM,64296000,64296000
PROVINSI NUSA TENGGARA TIMUR,DINAS PEMBERDAYAAN MASYARAKAT DAN DESA - 2.13.2.14.0.00.01.0000,5804458,,2026,Tokodaring,,,E-Purchasing,Pengadaan Barang,,,575225,575225
PROVINSI NUSA TENGGARA TIMUR,RSUD PROF. DR. W. Z. JOHANNES KUPANG - 1.02.0.00.0.00.01.0004,01KHWDJG9VREHX796ZTC05DKKZ,64568447,2026,E-Katalog 6.0,APBD,KALBE FARMA,E-Purchasing,Barang,Belanja Obat Kemoterapi - Herzemab,ON PROCESS,186147000,0
PROVINSI NUSA TENGGARA TIMUR,RSUD PROF. DR. W. Z. JOHANNES KUPANG - 1.02.0.00.0.00.01.0004,01KJHBSBFXMPZM4YY4NJD5DPHY,64568522,2026,E-Katalog 6.0,APBD,ANNA PUTRA MANDIRI,E-Purchasing,Barang,Belanja Alat Medis Habis Pakai - Masker oksigen,ON PROCESS,11354190,11354190
PROVINSI NUSA TENGGARA TIMUR,DINAS LINGKUNGAN HIDUP DAN KEHUTANAN - 2.11.3.28.0.00.01.0000,5451869,,2026,Tokodaring,,,E-Purchasing,Pengadaan Barang,,,1776081,1776081
PROVINSI NUSA TENGGARA TIMUR,BIRO ORGANISASI - 4.01.5.07.0.00.01.0003,5870088,,2026,Tokodaring,,CV WIRONA,E-Purchasing,Pengadaan Barang,,,1900000,1900000
PROVINSI NUSA TENGGARA TIMUR,RUMAH SAKIT KHUSUS DAERAH JIWA NAIMATA KUPANG - 1.02.0.00.0.00.01.0003,01KRMKYQCASJRWMGYSFEBRAD00,65599600,2026,E-Katalog 6.0,BLUD,YARINDO FARMATAMA,E-Purchasing,Barang,Belanja Obat-Obatan-Obat (Psikofarmaka dan Umum),ON PROCESS,23384592,23384592
PROVINSI NUSA TENGGARA TIMUR,BIRO HUKUM - 4.01.5.07.0.00.01.0002,5479549,,2026,Tokodaring,,,E-Purchasing,Pengadaan Barang,,,1540000,1540000
PROVINSI NUSA TENGGARA TIMUR,RSUD PROF. DR. W. Z. JOHANNES KUPANG - 1.02.0.00.0.00.01.0004,01KHT9DF576E1DFVKNNAV2FX0K,64568377,2026,E-Katalog 6.0,APBD,DEXA MEDICA,E-Purchasing,Barang," Belanja Obat Fast Moving - Metronidazole",ON PROCESS,8880000,8880000
PROVINSI NUSA TENGGARA TIMUR,BADAN KEPEGAWAIAN DAERAH - 5.03.0.00.0.00.01.0000,01KP8DS6X36G31XK4665XMFZHW,65341380,2026,E-Katalog 6.0,APBD,SKALA JARINGAN INDONESIA,E-Purchasing,Jasa Lainnya,internet Dedicated Fiber Optik - Internet Paket,ON PROCESS,143999996,143999996
PROVINSI NUSA TENGGARA TIMUR,DINAS PERTANIAN DAN KETAHANAN PANGAN - 3.27.2.09.0.00.01.0000,5706878,,2026,Tokodaring,,,E-Purchasing,Pengadaan Barang,,,843000,843000
PROVINSI NUSA TENGGARA TIMUR,BIRO UMUM - 4.01.5.07.0.00.01.0001,01KMHM7YZ8HHF4T127RM50117Y,63662810,2026,E-Katalog 6.0,APBD,BELINDO KARYA,E-Purchasing,Jasa Lainnya,Pemeliharaan AC,PAYMENT OUTSIDE SYSTEM,96816420,96816420
PROVINSI NUSA TENGGARA TIMUR,DINAS PEKERJAAN UMUM DAN PERUMAHAN RAKYAT - 1.03.1.04.2.10.01.0000,5606813,,2026,Tokodaring,,,E-Purchasing,Pengadaan Barang,,,720000,720000
PROVINSI NUSA TENGGARA TIMUR,RSUD PROF. DR. W. Z. JOHANNES KUPANG - 1.02.0.00.0.00.01.0004,01KJKWZ1HRFY9PKHR2HTXSWSNR,64568310,2026,E-Katalog 6.0,APBD,PERUSAHAAN PERSEROAN (PERSERO) PT KIMIA FARMA,E-Purchasing,Barang," Belanja Obat Fast Moving - Ketoprofen",ON PROCESS,2804304,2804304
PROVINSI NUSA TENGGARA TIMUR,RSUD PROF. DR. W. Z. JOHANNES KUPANG - 1.02.0.00.0.00.01.0004,01KJPDWJ0EE6BKVRBNTE9DYGXR,64568398,2026,E-Katalog 6.0,APBD,PERUSAHAAN PERSEROAN (PERSERO) PT KIMIA FARMA,E-Purchasing,Barang," Belanja Obat Fast Moving - Clopidogrel",ON PROCESS,6433560,6433560
PROVINSI NUSA TENGGARA TIMUR,DINAS PENDIDIKAN DAN KEBUDAYAAN - 1.01.0.00.0.00.01.0000,01KJPXKHGZWEC957526MHZGWH8,64273369,2026,E-Katalog 6.0,APBD,RAJA PERKASA SEJAHTERA,E-Purchasing,Jasa Lainnya,Makanan Dan Minuman Siswa/I Asrama Smanko Flobamorata Kupang,ON PROCESS,323028000,323028000
PROVINSI NUSA TENGGARA TIMUR,RSUD PROF. DR. W. Z. JOHANNES KUPANG - 1.02.0.00.0.00.01.0004,01KJPP1ZDXQC0PRVJE78T5PRHC,64568318,2026,E-Katalog 6.0,APBD,HEXPHARM JAYA LABORATORIES,E-Purchasing,Barang," Belanja Obat Fast Moving - Lansoprazol",ON PROCESS,2397600,2397600
PROVINSI NUSA TENGGARA TIMUR,RSUD PROF. DR. W. Z. JOHANNES KUPANG - 1.02.0.00.0.00.01.0004,01KHWNG82FMZVPE4K3HZGZGH6D,64568464,2026,E-Katalog 6.0,APBD,EISAI INDONESIA,E-Purchasing,Barang,Belanja Obat Kemoterapi - Lenvima,ON PROCESS,93162300,0
PROVINSI NUSA TENGGARA TIMUR,BIRO ORGANISASI - 4.01.5.07.0.00.01.0003,5741330,,2026,Tokodaring,,,E-Purchasing,Pengadaan Barang,,,1056000,1056000
PROVINSI NUSA TENGGARA TIMUR,BIRO ORGANISASI - 4.01.5.07.0.00.01.0003,5524500,,2026,Tokodaring,,,E-Purchasing,Pengadaan Barang,,,780000,780000
PROVINSI NUSA TENGGARA TIMUR,DINAS PENANAMAN MODAL DAN PELAYANAN TERPADU SATU PINTU - 2.18.0.00.0.00.01.0000,01KTXD09VZ1B97788GDS6H029H,67290475,2026,E-Katalog 6.0,APBD,PUTRA TUNGGAL,E-Purchasing,Barang,Belanja Barang untuk Dijual/Diserahkan kepada Masyarakat,ON PROCESS,48602900,48602900
PROVINSI NUSA TENGGARA TIMUR,DINAS KESEHATAN - 1.02.0.00.0.00.01.0000,01KPW8AEPETSTDSZEJPGNCV2KQ,64154543,2026,E-Katalog 6.0,APBD,ERLANGGA EDI LABORATORIES,E-Purchasing,Barang,Belanja Obat-Obatan-Obat,ON PROCESS,331225243,331225243
PROVINSI NUSA TENGGARA TIMUR,BADAN KEUANGAN DAERAH - 5.02.0.00.0.00.03.0000,5484677,,2026,Tokodaring,,,E-Purchasing,Pengadaan Barang,,,4650000,4650000
PROVINSI NUSA TENGGARA TIMUR,DINAS PENDIDIKAN DAN KEBUDAYAAN - 1.01.0.00.0.00.01.0000,01KRD9E5MYFK884RDF0RFH9XYR,66582211,2026,E-Katalog 6.0,APBD,METRA - NET,E-Purchasing,Jasa Lainnya,Belanja Jasa Konversi Aplikasi/Sistem Informasi (SPMB SMA),ON PROCESS,199999933,199999933
PROVINSI NUSA TENGGARA TIMUR,"DINAS PEMBERDAYAAN PEREMPUAN DAN PERLINDUNGAN ANAK, PENGENDALIAN PENDUDUKAN DAN KELUARGA BERENCANA - 2.08.2.14.0.00.02.0000",5429444,,2026,Tokodaring,,,E-Purchasing,Pengadaan Barang,,,218000,218000
PROVINSI NUSA TENGGARA TIMUR,DINAS PEKERJAAN UMUM DAN PERUMAHAN RAKYAT - 1.03.1.04.2.10.01.0000,10124404000,65305842,2026,Tender,APBD,,Seleksi,Jasa Konsultansi Badan Usaha Konstruksi,PW - 02 : Pengawasan Teknis Penanganan/Pembangunan Jalan dan Jembatan di Kab. Nagekeo,SELESAI,379786500,379786500
PROVINSI NUSA TENGGARA TIMUR,DINAS PEKERJAAN UMUM DAN PERUMAHAN RAKYAT - 1.03.1.04.2.10.01.0000,5853112,,2026,Tokodaring,,,E-Purchasing,Pengadaan Barang,,,500000,500000
