nama_instansi,nama_satuan_kerja,kode_paket,kode_rup,tahun_anggaran,sumber_transaksi,sumber_dana,nama_penyedia,metode_pengadaan,jenis_pengadaan,nama_paket,status_paket,total_nilai,nilai_pdn
KOTA KOTAMOBAGU,SEKRETARIAT DPRD - 4.02.0.00.0.00.01.0000,01KK8N26W9Q8EX6Y20J5FMEDWT,63395422,2026,E-Katalog 6.0,APBD,FARADILA NATASYA UTAMA,E-Purchasing,Jasa Lainnya,"Belanja Jasa Iklan/Reklame, Film, dan Pemotretan",ON PROCESS,1000000,1000000
KOTA KOTAMOBAGU,SEKRETARIAT DAERAH - 4.01.0.00.0.00.01.0000,01KJHZX0YATGDQYTKNA5955QY2,63474911,2026,E-Katalog 6.0,APBD,DALMI MOKODONGAN,E-Purchasing,Jasa Lainnya,Belanja Jasa Tenaga Juru Masak,ON PROCESS,2600000,2600000
KOTA KOTAMOBAGU,SEKRETARIAT DPRD - 4.02.0.00.0.00.01.0000,01KJPSBVNENTGQP71PDMP21ANS,63311946,2026,E-Katalog 6.0,APBD,EDWIN PRASETYO MAMONTO,E-Purchasing,Jasa Lainnya,Belanja Jasa Tenaga Keamanan,ON PROCESS,6000000,6000000
KOTA KOTAMOBAGU,DINAS KOMUNIKASI DAN INFORMATIKA - 2.16.2.20.2.21.01.0000,01KJ02YH930R1G21QQFZ2PEZJ0,62874058,2026,E-Katalog 6.0,APBD,MEDIA KAHIR GRUP,E-Purchasing,Jasa Lainnya,"Belanja Jasa Iklan/Reklame, Film, dan Pemotretan",ON PROCESS,5000000,5000000
KOTA KOTAMOBAGU,DINAS KOMUNIKASI DAN INFORMATIKA - 2.16.2.20.2.21.01.0000,01KWGK4PJC4TC99HWECGSFQCAZ,62874058,2026,E-Katalog 6.0,APBD,EZAR RASKA MEDIA,E-Purchasing,Jasa Lainnya,"Belanja Jasa Iklan/Reklame, Film, dan Pemotretan",ON PROCESS,2000000,2000000
KOTA KOTAMOBAGU,SEKRETARIAT DAERAH - 4.01.0.00.0.00.01.0000,01KQRVYBMMMKYRMV4Z67MMP9KW,65034539,2026,E-Katalog 6.0,APBD,HERRY PONDAAG,E-Purchasing,Barang,Belanja Alat/Bahan untuk Kegiatan Kantor-Alat Listrik,ON PROCESS,14662212,14662212
KOTA KOTAMOBAGU,BADAN PERENCANAAN PENELITIAN DAN PENGEMBANGAN DAERAH - 5.01.5.05.0.00.01.0000,01KPCJ5TNANE0883GDW3XWZVHS,62186671,2026,E-Katalog 6.0,APBD,REZA MITRA ABADI,E-Purchasing,Barang,Belanja Makanan dan Minuman Rapat ,ON PROCESS,18480000,18480000
KOTA KOTAMOBAGU,DINAS KOMUNIKASI DAN INFORMATIKA - 2.16.2.20.2.21.01.0000,01KWGRFAVZPESYERV14TFE89KF,62874058,2026,E-Katalog 6.0,APBD,FARADILA NATASYA UTAMA,E-Purchasing,Jasa Lainnya,"Belanja Jasa Iklan/Reklame, Film, dan Pemotretan",ON PROCESS,2000000,2000000
KOTA KOTAMOBAGU,SEKRETARIAT DPRD - 4.02.0.00.0.00.01.0000,01KJPQK2E4P55G3CJ211H15H0W,63391540,2026,E-Katalog 6.0,APBD,LENDA KOROMPOT,E-Purchasing,Jasa Lainnya,Belanja Jasa Tenaga Kebersihan,ON PROCESS,6000000,6000000
KOTA KOTAMOBAGU,UPTD INSTALASI FARMASI - 1.02.0.00.0.00.01.0002,01KQRPK0QQZ762ESWNRT2E33Y8,63480254,2026,E-Katalog 6.0,APBD,UNGGUL PRIMA HARAPAN,E-Purchasing,Barang,Belanja Bahan-Bahan Lainnya,ON PROCESS,3997110,3997110
KOTA KOTAMOBAGU,BLUD RSUD KOTAMOBAGU - 1.02.0.00.0.00.01.0001,01KMJEB4GFSX6JRJ3WJR0F5YFK,64159880,2026,E-Katalog 6.0,BLUD,LESTARI MULIA SEMPURNA,E-Purchasing,Barang,Belanja Barang dan Jasa BLUD,ON PROCESS,8991000,8991000
KOTA KOTAMOBAGU,DINAS KOMUNIKASI DAN INFORMATIKA - 2.16.2.20.2.21.01.0000,01KK3GB1MKXFRFXWSSX80YKVF7,62874058,2026,E-Katalog 6.0,APBD,MEDIA BOGANI PERSADA,E-Purchasing,Jasa Lainnya,"Belanja Jasa Iklan/Reklame, Film, dan Pemotretan",ON PROCESS,2000000,2000000
KOTA KOTAMOBAGU,BLUD RSUD KOTAMOBAGU - 1.02.0.00.0.00.01.0001,01KFFT13BKWXB9TZ4H4YEACRHP,62978195,2026,E-Katalog 6.0,BLUD,UNGGUL PRIMA HARAPAN,E-Purchasing,Barang,Belanja Barang dan Jasa BLUD,ON PROCESS,74259000,74259000
KOTA KOTAMOBAGU,DINAS KETAHANAN PANGAN - 2.09.0.00.0.00.01.0000,01KV9HESFBA4TDBMN7JHGNG4DP,63981496,2026,E-Katalog 6.0,APBD,HERRY PONDAAG,E-Purchasing,Barang,Belanja Alat/Bahan untuk Kegiatan Kantor-Alat Listrik,ON PROCESS,141414,141414
KOTA KOTAMOBAGU,BADAN PERENCANAAN PENELITIAN DAN PENGEMBANGAN DAERAH - 5.01.5.05.0.00.01.0000,01KW9BPPX8AEQZRKJA4W4T5T26,67384595,2026,E-Katalog 6.0,APBD,FIGIH CICILIA MOKOGINTA,E-Purchasing,Barang,Belanja Makanan dan Minuman Rapat,ON PROCESS,10800000,10800000
KOTA KOTAMOBAGU,SEKRETARIAT DPRD - 4.02.0.00.0.00.01.0000,01KKAHRW2E9ZV8H50GZ7KCT8JG,63395422,2026,E-Katalog 6.0,APBD,BUMANTARA BAROKAH BERSAMA,E-Purchasing,Jasa Lainnya,"Belanja Jasa Iklan/Reklame, Film, dan Pemotretan",ON PROCESS,2000000,2000000
KOTA KOTAMOBAGU,KECAMATAN KOTAMOBAGU BARAT - 7.01.0.00.0.00.01.0000,01KPWMNFHV1W3RGE34529EAT08,64225856,2026,E-Katalog 6.0,APBD,HERRY PONDAAG,E-Purchasing,Barang,Belanja alat/bahan untuk kegiatan kantor-bahan cetak,ON PROCESS,1753245,1753245
KOTA KOTAMOBAGU,DINAS PEMBERDAYAAN PEREMPUAN DAN PERLINDUNGAN ANAK - 2.08.0.00.0.00.01.0000,01KQ6WM31BFJ38PW7P0C29YDP6,64677835,2026,E-Katalog 6.0,APBD,HERRY PONDAAG,E-Purchasing,Barang,Belanja Alat/Bahan untuk Kegiatan Kantor-Bahan Komputer,ON PROCESS,1087800,1087800
KOTA KOTAMOBAGU,DINAS KOMUNIKASI DAN INFORMATIKA - 2.16.2.20.2.21.01.0000,01KP9WTJKMJJVEED2H8FCEMDJ5,62874058,2026,E-Katalog 6.0,APBD,BOLMONG UTAMA PERS,E-Purchasing,Jasa Lainnya,"Belanja Jasa Iklan/Reklame, Film, dan Pemotretan",ON PROCESS,2000000,2000000
KOTA KOTAMOBAGU,SEKRETARIAT DAERAH - 4.01.0.00.0.00.01.0000,01KTXP8R54YQ37VKCH6QXBHQ6V,63474266,2026,E-Katalog 6.0,APBD,SUDARWIN DAHLAN,E-Purchasing,Jasa Lainnya,Belanja Jasa Tenaga Supir,ON PROCESS,4000000,4000000
KOTA KOTAMOBAGU,DINAS KOMUNIKASI DAN INFORMATIKA - 2.16.2.20.2.21.01.0000,01KKT5VWF5A2TD2VJ9NBNG7F2J,62874058,2026,E-Katalog 6.0,APBD,FARATAMA KILAS MEDIA,E-Purchasing,Jasa Lainnya,"Belanja Jasa Iklan/Reklame, Film, dan Pemotretan",ON PROCESS,2000000,2000000
KOTA KOTAMOBAGU,DINAS KOMUNIKASI DAN INFORMATIKA - 2.16.2.20.2.21.01.0000,01KJ04P0P74A2HFH3BWS713BNT,62874058,2026,E-Katalog 6.0,APBD,MEDIA INDO BOLMONG PRESS,E-Purchasing,Jasa Lainnya,"Belanja Jasa Iklan/Reklame, Film, dan Pemotretan",ON PROCESS,2000000,2000000
KOTA KOTAMOBAGU,DINAS KOMUNIKASI DAN INFORMATIKA - 2.16.2.20.2.21.01.0000,01KRFXX8ZWSV7DYZ155T7GVZYN,62874058,2026,E-Katalog 6.0,APBD,ANUGERAH CITA PERS,E-Purchasing,Jasa Lainnya,"Belanja Jasa Iklan/Reklame, Film, dan Pemotretan",ON PROCESS,1998000,1998000
KOTA KOTAMOBAGU,SEKRETARIAT DPRD - 4.02.0.00.0.00.01.0000,01KTK337M6AVR2R3QK7CA1Q19T,63354993,2026,E-Katalog 6.0,APBD,SUMBER REJEKI,E-Purchasing,Jasa Lainnya,Belanja Makanan dan Minuman Rapat,ON PROCESS,2450000,2450000
KOTA KOTAMOBAGU,DINAS KOMUNIKASI DAN INFORMATIKA - 2.16.2.20.2.21.01.0000,01KV4CD5Z6HRBVVYFWER346XS6,62872799,2026,E-Katalog 6.0,APBD,FIRMANSYAH MAMINTIWALO,E-Purchasing,Barang,Belanja Alat/Bahan untuk Kegiatan Kantor- Bahan Cetak,ON PROCESS,4216000,4216000
KOTA KOTAMOBAGU,DINAS SOSIAL - 1.06.0.00.0.00.01.0000,01KV4AF8X1GXG6XDNH5SFBYHFJ,64509116,2026,E-Katalog 6.0,APBD,HAIRUN MAMONTO,E-Purchasing,Barang,Belanja Barang untuk Dijual/Diserahkan kepada Masyarakat ,ON PROCESS,34765200,34765200
KOTA KOTAMOBAGU,PUSKESMAS UPAI - 1.02.0.00.0.00.01.0007,01KQV28VVAFTJQAG35QJCDT7T4,62849821,2026,E-Katalog 6.0,APBD,CYNTHIA PRATIWI SUGEHA,E-Purchasing,Barang,Belanja Barang dan Jasa BOK Puskesmas,ON PROCESS,1625000,1625000
KOTA KOTAMOBAGU,UPTD PERLINDUNGAN PEREMPUAN DAN ANAK - 2.08.0.00.0.00.01.0001,01KJVRBGYC1JKG2N50AX6FAD9R,65946433,2026,E-Katalog 6.0,APBD,BUNGAS AUTO MOTOR,E-Purchasing,Barang,Belanja Pemeliharaan Alat Angkutan-Alat Angkutan Darat Bermotor-Kendaraan Dinas Bermotor Perorangan,ON PROCESS,377400,377400
KOTA KOTAMOBAGU,DINAS KOMUNIKASI DAN INFORMATIKA - 2.16.2.20.2.21.01.0000,01KRFW9HDD1CJRGMXANYTK68RD,62874058,2026,E-Katalog 6.0,APBD,MANADO GLOBAL MEDIA,E-Purchasing,Jasa Lainnya,"Belanja Jasa Iklan/Reklame, Film, dan Pemotretan",ON PROCESS,2997000,2997000
KOTA KOTAMOBAGU,DINAS KESEHATAN - 1.02.0.00.0.00.01.0000,01KW771J1FBHJ5FSFM7ZT96Z4M,65546132,2026,E-Katalog 6.0,APBD,MARTINI SURYANI,E-Purchasing,Jasa Lainnya," Belanja Jasa Tenaga Kebersihan",ON PROCESS,1500000,1500000
KOTA KOTAMOBAGU,DINAS KOMUNIKASI DAN INFORMATIKA - 2.16.2.20.2.21.01.0000,01KK3QZWBVQDQ39HKSMXFTDJE1,62874058,2026,E-Katalog 6.0,APBD,SAHABAT SULAWESI ONLINE,E-Purchasing,Jasa Lainnya,"Belanja Jasa Iklan/Reklame, Film, dan Pemotretan",ON PROCESS,4995000,4995000
KOTA KOTAMOBAGU,BLUD RSUD KOTAMOBAGU - 1.02.0.00.0.00.01.0001,01KH04SJ4V3EY0QPY4DC005NS8,64159880,2026,E-Katalog 6.0,BLUD,DEXA MEDICA,E-Purchasing,Barang,Belanja Barang dan Jasa BLUD,ON PROCESS,37712472,0
KOTA KOTAMOBAGU,UPTD PERLINDUNGAN PEREMPUAN DAN ANAK - 2.08.0.00.0.00.01.0001,01KT94DXXMT4RVWQ8AAZJQC093,66987231,2026,E-Katalog 6.0,APBD,YUNIARNI,E-Purchasing,Barang,Belanja Makanan dan Minuman Aktivitas Lapangan,ON PROCESS,15180000,15180000
KOTA KOTAMOBAGU,DINAS KOMUNIKASI DAN INFORMATIKA - 2.16.2.20.2.21.01.0000,01KVA675HM5ZJ6KW2X9W3GBGQG,62874058,2026,E-Katalog 6.0,APBD,BIOVIO MEDIA INDONESIA,E-Purchasing,Jasa Lainnya,"Belanja Jasa Iklan/Reklame, Film, dan Pemotretan",ON PROCESS,2997000,2997000
KOTA KOTAMOBAGU,BAGIAN UMUM - 4.01.0.00.0.00.01.0001,01KK0CZAHE2A4Y9371XS4D2EFT,64126968,2026,E-Katalog 6.0,APBD,HERRY PONDAAG,E-Purchasing,Barang,Belanja Bahan-Bahan Lainnya,ON PROCESS,18899997,18899997
KOTA KOTAMOBAGU,DINAS KOMUNIKASI DAN INFORMATIKA - 2.16.2.20.2.21.01.0000,01KK3QEXQSN17TPXEQD5XBCQ0S,62874058,2026,E-Katalog 6.0,APBD,BUMI AKSARA PRATAMA,E-Purchasing,Jasa Lainnya,"Belanja Jasa Iklan/Reklame, Film, dan Pemotretan",ON PROCESS,3996000,3996000
KOTA KOTAMOBAGU,DINAS PERHUBUNGAN - 2.15.0.00.0.00.01.0000,01KJVVPD3FYCQSE9GTMQQSWBDP,64540389,2026,E-Katalog 6.0,APBD,IRMA ASTUTI KOROMPOT,E-Purchasing,Barang,Belanja Alat/Bahan untuk kegiatan Kantor - Kertas dan Cover,ON PROCESS,766566,766566
KOTA KOTAMOBAGU,BAGIAN PROTOKOL DAN KOMUNIKASI PIMPINAN - 4.01.0.00.0.00.01.0004,01KJ9PHMKSMJDWP40J0G6PMAQG,64343209,2026,E-Katalog 6.0,APBD,JAYA ARTHA,E-Purchasing,Barang,Belanja Alat/Bahan Untuk Kegiatan Kantor-Alat Tulis Kantor,ON PROCESS,1433787,1433787
KOTA KOTAMOBAGU,SEKRETARIAT DAERAH - 4.01.0.00.0.00.01.0000,01KPQ236453ZEJ681H4075GB30,63423831,2026,E-Katalog 6.0,APBD,FIGIH CICILIA MOKOGINTA,E-Purchasing,Barang,Belanja Makanan dan Minuman Rapat,ON PROCESS,10900000,10900000
KOTA KOTAMOBAGU,BAGIAN PROTOKOL DAN KOMUNIKASI PIMPINAN - 4.01.0.00.0.00.01.0004,01KPSTKE71ZCS74ZS3JM2PZ3CH,64345335,2026,E-Katalog 6.0,APBD,HERRY PONDAAG,E-Purchasing,Barang,Belanja Alat/Bahan Untuk Kegiatan Kantor-Alat Listrik,ON PROCESS,1776000,1776000
KOTA KOTAMOBAGU,SEKRETARIAT DPRD - 4.02.0.00.0.00.01.0000,01KNH2BBY0FSYX46HCN0Y9WHCT,63395422,2026,E-Katalog 6.0,APBD,TOTABUAN ONLINE VISIONER,E-Purchasing,Jasa Lainnya,"Belanja Jasa Iklan/Reklame, Film, dan Pemotretan",ON PROCESS,2000000,2000000
KOTA KOTAMOBAGU,DINAS PEKERJAAN UMUM DAN PENATAAN RUANG - 1.03.0.00.0.00.01.0000,10128437000,62907674,2026,Tender,APBD,CV. KARYA MOONOW,Tender,Pekerjaan Konstruksi,Pembangunan Polsek Kotamobagu Selatan Lanjutan,SELESAI,788528250,788528250
KOTA KOTAMOBAGU,SEKRETARIAT DAERAH - 4.01.0.00.0.00.01.0000,01KP5E28GGN7MKMZGWJ79FYW6J,63425239,2026,E-Katalog 6.0,APBD,FIGIH CICILIA MOKOGINTA,E-Purchasing,Barang,Belanja Bahan-Bahan Lainnya,ON PROCESS,75140848,75140848
KOTA KOTAMOBAGU,DINAS PERINDUSTRIAN DAN TENAGA KERJA - 3.31.2.07.0.00.01.0000,01KJVJG5FVR4JJAQH7QNPBP3AP,65350793,2026,E-Katalog 6.0,APBD,IRMA ASTUTI KOROMPOT,E-Purchasing,Jasa Lainnya,Belanja Alat/Bahan untuk Kegiatan Kantor- Bahan Cetak,ON PROCESS,848038,848038
KOTA KOTAMOBAGU,DINAS PEMBERDAYAAN PEREMPUAN DAN PERLINDUNGAN ANAK - 2.08.0.00.0.00.01.0000,01KJSD4CH0T063FSZDWCR955P0,64677835,2026,E-Katalog 6.0,APBD,HERRY PONDAAG,E-Purchasing,Barang,Belanja Alat/Bahan untuk Kegiatan Kantor-Bahan Komputer,ON PROCESS,1182150,1182150
KOTA KOTAMOBAGU,DINAS KOMUNIKASI DAN INFORMATIKA - 2.16.2.20.2.21.01.0000,01KWGK9KKAYZ31BCXDA15CZ699,62874058,2026,E-Katalog 6.0,APBD,MEDIA MOROTON MORIGON,E-Purchasing,Jasa Lainnya,"Belanja Jasa Iklan/Reklame, Film, dan Pemotretan",ON PROCESS,3996000,3996000
KOTA KOTAMOBAGU,PUSKESMAS MOTOBOI KECIL - 1.02.0.00.0.00.01.0003,01KJYADPTKV88CDMW1S2990VVB,63517110,2026,E-Katalog 6.0,APBD,FIGIH CICILIA MOKOGINTA,E-Purchasing,Barang,Belanja Barang dan Jasa BOK Puskesmas Bimtek dan Supervisi Pengembangan dan Pelaksanaan UKBM,ON PROCESS,232000,232000
KOTA KOTAMOBAGU,SEKRETARIAT DAERAH - 4.01.0.00.0.00.01.0000,01KH2RPSTX640BBQMVQYR48ADX,65034539,2026,E-Katalog 6.0,APBD,HERRY PONDAAG,E-Purchasing,Barang,Belanja Alat/Bahan untuk Kegiatan Kantor-Alat Listrik,ON PROCESS,13608822,13608822
KOTA KOTAMOBAGU,SEKRETARIAT DAERAH - 4.01.0.00.0.00.01.0000,01KQSFMMAHHXT8ANTBRCNKSD5P,63474911,2026,E-Katalog 6.0,APBD,YULIANTI,E-Purchasing,Jasa Lainnya,Belanja Jasa Tenaga Juru Masak,ON PROCESS,2600000,2600000
KOTA KOTAMOBAGU,DINAS PEKERJAAN UMUM DAN PENATAAN RUANG - 1.03.0.00.0.00.01.0000,01KK160PKDGBP42XPJ9XBYWNJ2,63012579,2026,E-Katalog 6.0,APBD,LA ROSE,E-Purchasing,Barang,Belanja Alat/Bahan untuk Kegiatan Kantor-Alat Tulis Kantor,ON PROCESS,239316,239316
KOTA KOTAMOBAGU,DINAS KOMUNIKASI DAN INFORMATIKA - 2.16.2.20.2.21.01.0000,01KK3MDV87K2GEJS02RM81EK35,62874058,2026,E-Katalog 6.0,APBD,ANUGERAH CITA PERS,E-Purchasing,Jasa Lainnya,"Belanja Jasa Iklan/Reklame, Film, dan Pemotretan",ON PROCESS,1998000,1998000
KOTA KOTAMOBAGU,SEKRETARIAT DAERAH - 4.01.0.00.0.00.01.0000,01KQV8CPZMVYPQNYDGKPTQY49M,63469981,2026,E-Katalog 6.0,APBD,RENALDI DJAMAN,E-Purchasing,Jasa Lainnya,Belanja Jasa Tenaga Pelayanan Umum,ON PROCESS,2000000,2000000
KOTA KOTAMOBAGU,SEKRETARIAT DAERAH - 4.01.0.00.0.00.01.0000,01KJJ05AT38R6A2WTG5V40P5MY,63474911,2026,E-Katalog 6.0,APBD,TRI HARYANTI,E-Purchasing,Jasa Lainnya,Belanja Jasa Tenaga Juru Masak,ON PROCESS,2600000,2600000
KOTA KOTAMOBAGU,DINAS KOMUNIKASI DAN INFORMATIKA - 2.16.2.20.2.21.01.0000,01KRG23TF2ZFA8D2A9XM7E73YT,62874058,2026,E-Katalog 6.0,APBD,TOTABUAN ONLINE VISIONER,E-Purchasing,Jasa Lainnya,"Belanja Jasa Iklan/Reklame, Film, dan Pemotretan",ON PROCESS,2000000,2000000
KOTA KOTAMOBAGU,DINAS KOMUNIKASI DAN INFORMATIKA - 2.16.2.20.2.21.01.0000,01KKD9S6N01MN9SQTQEZYRQ6PY,63898934,2026,E-Katalog 6.0,APBD,BUNGAS AUTO MOTOR,E-Purchasing,Barang,Belanja Pemeliharaan Alat Angkutan-Alat Angkutan Darat Bermotor-Kendaraan Dinas Bermotor Perorangan,ON PROCESS,2109000,2109000
KOTA KOTAMOBAGU,SEKRETARIAT DAERAH - 4.01.0.00.0.00.01.0000,01KJJ02M38WQ1BHV6ES1DY336A,63474911,2026,E-Katalog 6.0,APBD,FIN SUMAMPOUW,E-Purchasing,Jasa Lainnya,Belanja Jasa Tenaga Juru Masak,ON PROCESS,2600000,2600000
KOTA KOTAMOBAGU,UPTD PERLINDUNGAN PEREMPUAN DAN ANAK - 2.08.0.00.0.00.01.0001,01KK843CZN3ZBKKYJS91Q3X8MH,64674569,2026,E-Katalog 6.0,APBD,MINPUT,E-Purchasing,Barang,Belanja Makanan dan Minuman Rapat,ON PROCESS,3799000,3799000
KOTA KOTAMOBAGU,DINAS KOMUNIKASI DAN INFORMATIKA - 2.16.2.20.2.21.01.0000,01KW9D14GGQQ96M5PEYXQPYM65,64213931,2026,E-Katalog 6.0,APBD,IMAM MAHADI ANI,E-Purchasing,Jasa Lainnya,Belanja Jasa Tenaga Keamanan,ON PROCESS,1500000,1500000
KOTA KOTAMOBAGU,DINAS LINGKUNGAN HIDUP - 2.11.0.00.0.00.01.0000,01KGEZGMP6MK1DP986R7JGDM57,64371108,2026,E-Katalog 6.0,APBD,ARCO SAMUDRA PERKASA,E-Purchasing,Jasa Lainnya," Belanja Jasa Tenaga Pelayanan Umum",PAYMENT OUTSIDE SYSTEM,15439243,15439243
KOTA KOTAMOBAGU,DINAS KOMUNIKASI DAN INFORMATIKA - 2.16.2.20.2.21.01.0000,01KKT361ZGHRJ42WR3JNB4KTS7,62874058,2026,E-Katalog 6.0,APBD,MEDIA MARHAEN JAYA,E-Purchasing,Jasa Lainnya,"Belanja Jasa Iklan/Reklame, Film, dan Pemotretan",ON PROCESS,2000000,2000000
KOTA KOTAMOBAGU,BAGIAN PEREKONOMIAN DAN PEMBANGUNAN - 4.01.0.00.0.00.01.0006,01KTJPGCYCZT8PZ9BX7WD0A036,64457117,2026,E-Katalog 6.0,APBD,CYNTHIA PRATIWI SUGEHA,E-Purchasing,Jasa Lainnya,Belanja Makanan dan Minuman Rapat,ON PROCESS,1250000,1250000
KOTA KOTAMOBAGU,PUSKESMAS BILALANG - 1.02.0.00.0.00.01.0006,01KJGZZK36F48HNJ9E49XDN1E5,64153083,2026,E-Katalog 6.0,APBD,JAYA ARTHA,E-Purchasing,Barang,Belanja Alat/Bahan untuk Kegiatan Kantor - Alat Tulis Kantor ,ON PROCESS,4719221,4719221
KOTA KOTAMOBAGU,DINAS KOMUNIKASI DAN INFORMATIKA - 2.16.2.20.2.21.01.0000,01KPAM4VBMGBZTSWK7AFJCA7C9,62874058,2026,E-Katalog 6.0,APBD,KOMUNIKA SULUT MEDIA,E-Purchasing,Jasa Lainnya,"Belanja Jasa Iklan/Reklame, Film, dan Pemotretan",ON PROCESS,1998000,1998000
KOTA KOTAMOBAGU,PUSKESMAS GOGAGOMAN - 1.02.0.00.0.00.01.0004,01KG6TGHGQFBE92D50PZCG4NHV,63650464,2026,E-Katalog 6.0,APBD,JAYA ARTHA,E-Purchasing,Barang,Belanja Alat/Bahan untuk Kegiatan Kantor - Alat Tulis Kantor Puskesmas Gogagoman,PAYMENT OUTSIDE SYSTEM,5918243,5918243
KOTA KOTAMOBAGU,SEKRETARIAT DAERAH - 4.01.0.00.0.00.01.0000,01KRG3BQM3K9WM13MXP0K2BXTR,63469981,2026,E-Katalog 6.0,APBD,IWAN KOROMPOT,E-Purchasing,Jasa Lainnya,Belanja Jasa Tenaga Pelayanan Umum,ON PROCESS,2600000,2600000
KOTA KOTAMOBAGU,PUSKESMAS GOGAGOMAN - 1.02.0.00.0.00.01.0004,01KT2VGBDRTF6VSBG7VVQ5CRYK,63796686,2026,E-Katalog 6.0,APBD,RHAVA COMPUTINDO,E-Purchasing,Barang,Belanja Modal Peralatan Personal Computer,ON PROCESS,5944050,5944050
KOTA KOTAMOBAGU,DINAS KEPENDUDUKAN DAN PENCATATAN SIPIL - 2.12.0.00.0.00.01.0000,01KVYPS60SGF3BC5ASVTYJY0AW,62914168,2026,E-Katalog 6.0,APBD,REZA MITRA ABADI,E-Purchasing,Barang,Belanja Makanan dan Minuman Rapat,ON PROCESS,625000,625000
KOTA KOTAMOBAGU,BLUD RSUD KOTAMOBAGU - 1.02.0.00.0.00.01.0001,01KSRT38C8TR74EJ02XRGX3RZG,64159880,2026,E-Katalog 6.0,BLUD,VASIMITRA NIAGA PERKASA,E-Purchasing,Barang,Belanja Barang dan Jasa BLUD,ON PROCESS,1120000,0
KOTA KOTAMOBAGU,BLUD RSUD KOTAMOBAGU - 1.02.0.00.0.00.01.0001,01KJ774RCHHYN8BMWKYNYC7SGE,64159880,2026,E-Katalog 6.0,BLUD,KOLONGAN JAYA ABADI,E-Purchasing,Barang,Belanja Barang dan Jasa BLUD,ON PROCESS,8577547,8577547
KOTA KOTAMOBAGU,SEKRETARIAT DAERAH - 4.01.0.00.0.00.01.0000,01KTXD1P35ZWAMWNDBFXCVMK1E,63469981,2026,E-Katalog 6.0,APBD,IRWANDI MONGILONG,E-Purchasing,Jasa Lainnya,Belanja Jasa Tenaga Pelayanan Umum,ON PROCESS,2000000,2000000
KOTA KOTAMOBAGU,DINAS PEKERJAAN UMUM DAN PENATAAN RUANG - 1.03.0.00.0.00.01.0000,01KFJ04SANPV2ARDNTC4J30N9T,62875098,2026,E-Katalog 6.0,APBD,OSLAN PANAI,E-Purchasing,Jasa Lainnya,Belanja Jasa Tenaga Supir,ON PROCESS,12000000,12000000
KOTA KOTAMOBAGU,BLUD RSUD KOTAMOBAGU - 1.02.0.00.0.00.01.0001,01KRYSER5RBVVZHXGA7KB3NMMZ,64159880,2026,E-Katalog 6.0,BLUD,DEXA MEDICA,E-Purchasing,Barang,Belanja Barang dan Jasa BLUD,ON PROCESS,7704332,7704332
KOTA KOTAMOBAGU,KECAMATAN KOTAMOBAGU TIMUR - 7.01.0.00.0.00.03.0000,01KV9TAK926BWQBE21C5ZWBVMC,64553499,2026,E-Katalog 6.0,APBD,JAYA ARTHA,E-Purchasing,Barang,Belanja Alat/Bahan untuk Kegiatan Kantor- Kertas dan Cover,ON PROCESS,1869240,1869240
KOTA KOTAMOBAGU,DINAS KOMUNIKASI DAN INFORMATIKA - 2.16.2.20.2.21.01.0000,01KT5DM4WYTS1241NHWGB878E1,62859317,2026,E-Katalog 6.0,APBD,KOTANET JARINGAN TELEKOMUNIKASI,E-Purchasing,Jasa Lainnya,Belanja Kawat/Faksimili/Internet/TV Berlangganan,ON PROCESS,54989400,54989400
KOTA KOTAMOBAGU,BLUD RSUD KOTAMOBAGU - 1.02.0.00.0.00.01.0001,01KTNA2EZ55H22PRD17V57ZXFJ,64159880,2026,E-Katalog 6.0,BLUD,MEDIHOP,E-Purchasing,Barang,Belanja Barang dan Jasa BLUD,ON PROCESS,23054700,23054700
KOTA KOTAMOBAGU,DINAS PEKERJAAN UMUM DAN PENATAAN RUANG - 1.03.0.00.0.00.01.0000,01KPQ3WTVDQQ96SGWR760PGV6N,64450414,2026,E-Katalog 6.0,APBD,BUNGAS AUTO MOTOR,E-Purchasing,Barang,Belanja Pemeliharaan Alat Besar-Alat Besar Darat-Alat Besar Darat Lainnya,ON PROCESS,439560,439560
KOTA KOTAMOBAGU,SEKRETARIAT DAERAH - 4.01.0.00.0.00.01.0000,01KJJ0R3E66D8T0N3PFYAMG9XZ,63474266,2026,E-Katalog 6.0,APBD,RAHMAT DJAEFRI ADATI,E-Purchasing,Jasa Lainnya,Belanja Jasa Tenaga Supir,ON PROCESS,2000000,2000000
KOTA KOTAMOBAGU,BLUD RSUD KOTAMOBAGU - 1.02.0.00.0.00.01.0001,01KFWCEYT7NS3JEEVB118CWP3H,64159880,2026,E-Katalog 6.0,BLUD,RHAVA COMPUTINDO,E-Purchasing,Barang,Belanja Barang dan Jasa BLUD,ON PROCESS,2930400,0
KOTA KOTAMOBAGU,KECAMATAN KOTAMOBAGU BARAT - 7.01.0.00.0.00.01.0000,01KQ1YPQKE8MQBTSQAJ5KQKZC8,64237462,2026,E-Katalog 6.0,APBD,HERRY PONDAAG,E-Purchasing,Barang,Belanja alat /bahan untuk kegiatan kantor- Alat /bahan untuk kegiatan kantor lainnya  ,ON PROCESS,3130200,3130200
KOTA KOTAMOBAGU,BAGIAN PEREKONOMIAN DAN PEMBANGUNAN - 4.01.0.00.0.00.01.0006,01KH3AWKHQ2YDCX4NPHK6P62XM,64458257,2026,E-Katalog 6.0,APBD,MINPUT,E-Purchasing,Jasa Lainnya,Belanja Makanan dan Minuman Rapat,ON PROCESS,1715000,1715000
KOTA KOTAMOBAGU,DINAS KESEHATAN - 1.02.0.00.0.00.01.0000,01KWYCGGYQH0DBHV8F13GW2PZW,65548050,2026,E-Katalog 6.0,APBD,THIRZA ADIPRATI DJAMAN,E-Purchasing,Barang,Belanja Alat/Bahan untuk Kegiatan Kantor- Bahan Cetak,ON PROCESS,749250,749250
KOTA KOTAMOBAGU,SEKRETARIAT DAERAH - 4.01.0.00.0.00.01.0000,01KTXA0FGSWVE266PK8CA14AN7,63469981,2026,E-Katalog 6.0,APBD,IRFAN GAIB,E-Purchasing,Jasa Lainnya,Belanja Jasa Tenaga Pelayanan Umum,ON PROCESS,2000000,2000000
KOTA KOTAMOBAGU,UPTD INSTALASI FARMASI - 1.02.0.00.0.00.01.0002,01KGGRCH4TSXKYAQW09W1AVKY1,63993283,2026,E-Katalog 6.0,APBD,MOHAMMAD FAJRI MOKODOMPIT,E-Purchasing,Jasa Lainnya,Belanja Jasa Tenaga Supir,ON PROCESS,1000000,1000000
KOTA KOTAMOBAGU,BADAN PENGELOLA KEUANGAN DAERAH - 5.02.0.00.0.00.01.0000,01KJW1F2AAJK1G6MD8YH22Z9YZ,63075920,2026,E-Katalog 6.0,APBD,IRMA ASTUTI KOROMPOT,E-Purchasing,Jasa Lainnya,Belanja Alat/Bahan untuk Kegiatan Kantor- Bahan Cetak,ON PROCESS,209822,209822
KOTA KOTAMOBAGU,DINAS KOMUNIKASI DAN INFORMATIKA - 2.16.2.20.2.21.01.0000,01KVA57Q1KJP3E50XVKXXGXVSA,62874058,2026,E-Katalog 6.0,APBD,MANADO GLOBAL MEDIA,E-Purchasing,Jasa Lainnya,"Belanja Jasa Iklan/Reklame, Film, dan Pemotretan",ON PROCESS,2997000,2997000
KOTA KOTAMOBAGU,SEKRETARIAT DAERAH - 4.01.0.00.0.00.01.0000,01KRG7MSVX2T3JK9DX4P9T1R8J,63469981,2026,E-Katalog 6.0,APBD,WITA PASAMBUNA,E-Purchasing,Jasa Lainnya,Belanja Jasa Tenaga Pelayanan Umum,ON PROCESS,2000000,2000000
KOTA KOTAMOBAGU,DINAS PEKERJAAN UMUM DAN PENATAAN RUANG - 1.03.0.00.0.00.01.0000,01KETPGDC08173ARPTWCJ12MW5,62873812,2026,E-Katalog 6.0,APBD,TATINAYA PAPUTUNGAN,E-Purchasing,Jasa Lainnya,Belanja Jasa Tenaga Penanganan Prasarana dan Sarana Umum,ON PROCESS,9000000,9000000
KOTA KOTAMOBAGU,DINAS PEMBERDAYAAN MASYARAKAT DAN DESA - 2.13.0.00.0.00.01.0000,01KRWEA06ST0GF9V2JCEQZ3KC2,64547192,2026,E-Katalog 6.0,APBD,DWI FEBRIANA PAPUTUNGAN,E-Purchasing,Jasa Lainnya,Belanja Makanan dan Minuman Rapat,ON PROCESS,1750000,1750000
KOTA KOTAMOBAGU,BLUD RSUD KOTAMOBAGU - 1.02.0.00.0.00.01.0001,01KEZNVQE97VZXGSF9WV4YA8QZ,62978195,2026,E-Katalog 6.0,BLUD,NOSTIKAL ADITAMA,E-Purchasing,Barang,Belanja Barang dan Jasa BLUD,ON PROCESS,68700000,0
KOTA KOTAMOBAGU,BAGIAN UMUM - 4.01.0.00.0.00.01.0001,01KRV3PEHJWGJA19ZYERJFRYJG,64519191,2026,E-Katalog 6.0,APBD,CARPERCOM,E-Purchasing,Barang,Belanja Modal Peralatan Studio Audio,ON PROCESS,7299999,7299999
KOTA KOTAMOBAGU,BAGIAN UMUM - 4.01.0.00.0.00.01.0001,01KRWKEFZPV3826KE656K8JRWY,64518094,2026,E-Katalog 6.0,APBD,CARPERCOM,E-Purchasing,Barang,Belanja Modal Alat Pendingin,ON PROCESS,25450000,25450000
KOTA KOTAMOBAGU,SEKRETARIAT DPRD - 4.02.0.00.0.00.01.0000,01KJPNR8MMPEEA0PM7QTW4J5GG,63391540,2026,E-Katalog 6.0,APBD,SUGANDI SINGOSARI,E-Purchasing,Jasa Lainnya,Belanja Jasa Tenaga Kebersihan,ON PROCESS,6000000,6000000
KOTA KOTAMOBAGU,SEKRETARIAT DPRD - 4.02.0.00.0.00.01.0000,01KJXP5J2FS98FSFY8919TR44K,63395422,2026,E-Katalog 6.0,APBD,DUTA METRO COM,E-Purchasing,Jasa Lainnya,"Belanja Jasa Iklan/Reklame, Film, dan Pemotretan",ON PROCESS,1000000,1000000
KOTA KOTAMOBAGU,SEKRETARIAT DAERAH - 4.01.0.00.0.00.01.0000,01KTXA9P9YPX1T44RH337JMAH8,63469981,2026,E-Katalog 6.0,APBD,SUPRIYADI KOROMPOT,E-Purchasing,Jasa Lainnya,Belanja Jasa Tenaga Pelayanan Umum,ON PROCESS,2000000,2000000
KOTA KOTAMOBAGU,UPTD INSTALASI FARMASI - 1.02.0.00.0.00.01.0002,01KVYTS3TP1PENM3669BXN4466,63480254,2026,E-Katalog 6.0,APBD,NULAB PHARMACEUTICAL INDONESIA,E-Purchasing,Barang,Belanja Bahan-Bahan Lainnya,ON PROCESS,4551000,4551000
KOTA KOTAMOBAGU,BLUD RSUD KOTAMOBAGU - 1.02.0.00.0.00.01.0001,01KMYAB2HY2P5VEFPJ1VEDABDD,64159880,2026,E-Katalog 6.0,BLUD,MAHAKAM BETA FARMA,E-Purchasing,Barang,Belanja Barang dan Jasa BLUD,ON PROCESS,75369000,75369000
KOTA KOTAMOBAGU,BADAN PENGELOLA KEUANGAN DAERAH - 5.02.0.00.0.00.01.0000,01KTK1V2M8KS42XB36KQJ7CF2R,63094944,2026,E-Katalog 6.0,APBD,IRMA ASTUTI KOROMPOT,E-Purchasing,Barang,Belanja Alat/Bahan untuk Kegiatan Kantor-Alat Tulis Kantor,ON PROCESS,1872459,1872459
KOTA KOTAMOBAGU,KELURAHAN SININDIAN - 7.01.0.00.0.00.03.0005,01KRZES88M2VM60JMGG5273Q05,64984307,2026,E-Katalog 6.0,APBD,PARAWITHA AMBOY,E-Purchasing,Barang,Belanja Alat/Bahan untuk Kegiatan Kantor-Alat Tulis Kantor,ON PROCESS,303629,303629
KOTA KOTAMOBAGU,DINAS KOMUNIKASI DAN INFORMATIKA - 2.16.2.20.2.21.01.0000,01KWGPJ80BDK8N3B6Y9Z1GX5H6,62874058,2026,E-Katalog 6.0,APBD,MEDIA KAHIR GRUP,E-Purchasing,Jasa Lainnya,"Belanja Jasa Iklan/Reklame, Film, dan Pemotretan",ON PROCESS,5000000,5000000
KOTA KOTAMOBAGU,PUSKESMAS GOGAGOMAN - 1.02.0.00.0.00.01.0004,01KKG7QSAARMAEXT3RH6Q9MHSM,63781701,2026,E-Katalog 6.0,APBD,@COMP,E-Purchasing,Jasa Lainnya,Belanja Pemeliharaan Alat Kantor dan Rumah Tangga-Alat Rumah Tangga-Alat Pendingin,PAYMENT OUTSIDE SYSTEM,1837050,1837050
KOTA KOTAMOBAGU,SEKRETARIAT DPRD - 4.02.0.00.0.00.01.0000,01KKG9GBBAR0B7N0D6DP804HJ7,63211862,2026,E-Katalog 6.0,APBD,BUNGAS AUTO MOTOR,E-Purchasing,Jasa Lainnya,Belanja Pemeliharaan Alat Angkutan-Alat Angkutan Darat Bermotor-Kendaraan Dinas Bermotor Perorangan,ON PROCESS,16028400,16028400
KOTA KOTAMOBAGU,SEKRETARIAT DAERAH - 4.01.0.00.0.00.01.0000,01KQSEJ9Q0JRB4K6YPA9EAPG2W,63469981,2026,E-Katalog 6.0,APBD,MAHENDRA DAMOPOLII,E-Purchasing,Jasa Lainnya,Belanja Jasa Tenaga Pelayanan Umum,ON PROCESS,2600000,2600000
KOTA KOTAMOBAGU,BADAN KESATUAN BANGSA DAN POLITIK - 8.01.0.00.0.00.01.0000,01KH3AHYMGPD1MYZXMC3XYMXR5,64414801,2026,E-Katalog 6.0,APBD,MINPUT,E-Purchasing,Jasa Lainnya,Belanja Makanan dan Minuman Rapat ,ON PROCESS,4900000,4900000
KOTA KOTAMOBAGU,BADAN PENGELOLA KEUANGAN DAERAH - 5.02.0.00.0.00.01.0000,01KJXTKPAHH77X80B5E0GP0X4K,63019534,2026,E-Katalog 6.0,APBD,RHAVA COMPUTINDO,E-Purchasing,Jasa Lainnya,Belanja Pemeliharaan Komputer-Komputer Unit-Komputer Unit Lainnya,ON PROCESS,2812740,2812740
KOTA KOTAMOBAGU,DINAS KOMUNIKASI DAN INFORMATIKA - 2.16.2.20.2.21.01.0000,01KK3SF1VNNPA7R2SHHEDXHSVM,62874058,2026,E-Katalog 6.0,APBD,RAGAKU MEDIA ISTIMEWA,E-Purchasing,Jasa Lainnya,"Belanja Jasa Iklan/Reklame, Film, dan Pemotretan",ON PROCESS,2000000,2000000
KOTA KOTAMOBAGU,DINAS KOMUNIKASI DAN INFORMATIKA - 2.16.2.20.2.21.01.0000,01KJ070QARG294PZT5T31T78RP,62874058,2026,E-Katalog 6.0,APBD,VOICE NEWS NETWORK,E-Purchasing,Jasa Lainnya,"Belanja Jasa Iklan/Reklame, Film, dan Pemotretan",ON PROCESS,2000000,2000000
KOTA KOTAMOBAGU,SEKRETARIAT DAERAH - 4.01.0.00.0.00.01.0000,01KGK5E0ZCJVYVGPR5ND71X3RD,63423831,2026,E-Katalog 6.0,APBD,CYNTHIA PRATIWI SUGEHA,E-Purchasing,Barang,Belanja Makanan dan Minuman Rapat,ON PROCESS,1300000,1300000
KOTA KOTAMOBAGU,BLUD RSUD KOTAMOBAGU - 1.02.0.00.0.00.01.0001,01KMPPYDZT9RPVZVR4VKGC6H85,64159880,2026,E-Katalog 6.0,BLUD,DEXA MEDICA,E-Purchasing,Barang,Belanja Barang dan Jasa BLUD,ON PROCESS,39488250,0
KOTA KOTAMOBAGU,PUSKESMAS UPAI - 1.02.0.00.0.00.01.0007,01KQVEDM6E2CEVBYFZBGRD8HE1,62853113,2026,E-Katalog 6.0,APBD,HERRY PONDAAG,E-Purchasing,Barang,Belanja alat/bahan untuk kegiatan kantor-alat tulis kantor,ON PROCESS,3500001,3500001
KOTA KOTAMOBAGU,BLUD RSUD KOTAMOBAGU - 1.02.0.00.0.00.01.0001,01KPSEG5VAAJK5XNAA2X8Y3GS0,64159880,2026,E-Katalog 6.0,BLUD,PERUSAHAAN PERSEROAN (PERSERO) PT KIMIA FARMA,E-Purchasing,Barang,Belanja Barang dan Jasa BLUD,ON PROCESS,9585294,9585294
KOTA KOTAMOBAGU,BLUD RSUD KOTAMOBAGU - 1.02.0.00.0.00.01.0001,01KWBY6G3P00CKN9QTBM1Y9DC0,67375290,2026,E-Katalog 6.0,BLUD,GLOBAL DISPOMEDIKA,E-Purchasing,Barang,Belanja Barang dan Jasa BLUD,ON PROCESS,15790860,15790860
KOTA KOTAMOBAGU,DINAS KOMUNIKASI DAN INFORMATIKA - 2.16.2.20.2.21.01.0000,01KWE3T5PHFG54QC6VCKQXQ89D,62874058,2026,E-Katalog 6.0,APBD,KARUNIA MEDIA KREATIF,E-Purchasing,Jasa Lainnya,"Belanja Jasa Iklan/Reklame, Film, dan Pemotretan",ON PROCESS,3996000,3996000
KOTA KOTAMOBAGU,SEKRETARIAT DAERAH - 4.01.0.00.0.00.01.0000,01KWV6FM4AX4VYKBGE6EZZA7VB,63423831,2026,E-Katalog 6.0,APBD,CYNTHIA PRATIWI SUGEHA,E-Purchasing,Barang,Belanja Makanan dan Minuman Rapat,ON PROCESS,1390000,1390000
KOTA KOTAMOBAGU,DINAS KOMUNIKASI DAN INFORMATIKA - 2.16.2.20.2.21.01.0000,01KN0MZYB00K031BMAJSQHN3BB,64213931,2026,E-Katalog 6.0,APBD,IMAM MAHADI ANI,E-Purchasing,Jasa Lainnya,Belanja Jasa Tenaga Keamanan,ON PROCESS,1500000,1500000
KOTA KOTAMOBAGU,BLUD RSUD KOTAMOBAGU - 1.02.0.00.0.00.01.0001,01KQRTA6QK8H3WW4P343MJ3DDR,64159880,2026,E-Katalog 6.0,BLUD,KOLONGAN JAYA ABADI,E-Purchasing,Barang,Belanja Barang dan Jasa BLUD,ON PROCESS,6560011,6560011
KOTA KOTAMOBAGU,BLUD RSUD KOTAMOBAGU - 1.02.0.00.0.00.01.0001,01KVY4R4Y3ADBPJ4ZYY9PNTK45,64159880,2026,E-Katalog 6.0,BLUD,ENDO INDONESIA,E-Purchasing,Barang,Belanja Barang dan Jasa BLUD,ON PROCESS,13623150,0
KOTA KOTAMOBAGU,BADAN PERENCANAAN PENELITIAN DAN PENGEMBANGAN DAERAH - 5.01.5.05.0.00.01.0000,01KR0QMK08VG0W9CGYYFSJ76M4,62182902,2026,E-Katalog 6.0,APBD,HERRY PONDAAG,E-Purchasing,Barang,Belanja Alat/Bahan untuk Kegiatan Kantor-Bahan Komputer ,ON PROCESS,3090240,3090240
KOTA KOTAMOBAGU,UPTD INSTALASI FARMASI - 1.02.0.00.0.00.01.0002,01KS6TY2QNSFHB2RXP20RTN5F6,63480254,2026,E-Katalog 6.0,APBD,BERNOFARM,E-Purchasing,Barang,Belanja Bahan-Bahan Lainnya,ON PROCESS,24114750,24114750
KOTA KOTAMOBAGU,DINAS PENDIDIKAN - 1.01.0.00.0.00.01.0000,01KSPXAFQEVTY00N3P6QXA9W3T,65263276,2026,E-Katalog 6.0,APBD,HAMRI MOKOAGOW,E-Purchasing,Barang,Belanja Alat/Bahan untuk Kegiatan Kantor-Alat Tulis Kantor ( Belanja ATK Sekretariat),ON PROCESS,18752007,18752007
KOTA KOTAMOBAGU,SEKRETARIAT DAERAH - 4.01.0.00.0.00.01.0000,01KV31HMY6HZRVTQ9YC6TMNVDV,63473306,2026,E-Katalog 6.0,APBD,SISMAN DAMOPOLII,E-Purchasing,Jasa Lainnya,Belanja Jasa Tenaga Keamanan,ON PROCESS,5000000,5000000
KOTA KOTAMOBAGU,BAGIAN PEREKONOMIAN DAN PEMBANGUNAN - 4.01.0.00.0.00.01.0006,01KJH9ZJ2T2Y12C4CMM4PXWA9K,64456528,2026,E-Katalog 6.0,APBD,IRMA ASTUTI KOROMPOT,E-Purchasing,Barang,Belanja Alat/Bahan untuk Kegiatan Kantor-Bahan Komputer,ON PROCESS,539904,539904
KOTA KOTAMOBAGU,DINAS KETAHANAN PANGAN - 2.09.0.00.0.00.01.0000,01KRZ96B8SY1V8SQ4R5JF5VAZF,63982393,2026,E-Katalog 6.0,APBD,HERRY PONDAAG,E-Purchasing,Barang,Belanja Alat/Bahan untuk Kegiatan Kantor- Kertas dan Cover,ON PROCESS,604395,604395
KOTA KOTAMOBAGU,INSPEKTORAT DAERAH - 6.01.0.00.0.00.01.0000,01KS1AY7JV9JYXX11NM2WHQSN3,64333409,2026,E-Katalog 6.0,APBD,BONNY ABDULRAUF,E-Purchasing,Barang,Belanja Alat/ Bahan Kegiatan Kantor Kertas dan Caver ,ON PROCESS,4861800,4861800
KOTA KOTAMOBAGU,BADAN PENGELOLA KEUANGAN DAERAH - 5.02.0.00.0.00.01.0000,01KJYSYN43N7KS2KGFPH7J8K3Z,63011905,2026,E-Katalog 6.0,APBD,IRMA ASTUTI KOROMPOT,E-Purchasing,Barang,Belanja Alat/Bahan untuk Kegiatan Kantor-Bahan Komputer,ON PROCESS,1288710,1288710
KOTA KOTAMOBAGU,DINAS KEPEMUDAAN DAN OLAHRAGA - 2.19.0.00.0.00.01.0000,01KNK5DTAA6BECCW4VQCZBCA4X,64675768,2026,E-Katalog 6.0,APBD,HERRY PONDAAG,E-Purchasing,Jasa Lainnya,Belanja Alat/Bahan Untuk Kegiatan kantor - Bahan Cetak,ON PROCESS,3068429,3068429
KOTA KOTAMOBAGU,SATUAN POLISI PAMONG PRAJA - 1.05.0.00.0.00.01.0000,01KPQ00Y3NYD2ZC0VM0D0MS50N,64223898,2026,E-Katalog 6.0,APBD,HERRY PONDAAG,E-Purchasing,Barang,Belanja Alat/Bahan untuk Kegiatan Kantor-Bahan Komputer,ON PROCESS,1873125,1873125
KOTA KOTAMOBAGU,DINAS KOMUNIKASI DAN INFORMATIKA - 2.16.2.20.2.21.01.0000,01KWE30YDSTDTYQRVM9Y6294SK,62874058,2026,E-Katalog 6.0,APBD,COKROAMINOTO AMANAH BANGSA,E-Purchasing,Jasa Lainnya,"Belanja Jasa Iklan/Reklame, Film, dan Pemotretan",ON PROCESS,1998000,1998000
KOTA KOTAMOBAGU,DINAS KOMUNIKASI DAN INFORMATIKA - 2.16.2.20.2.21.01.0000,01KHZREFMNHY6KH4CC5SVMB3ZD,62874058,2026,E-Katalog 6.0,APBD,ANUGERAH CITA PERS,E-Purchasing,Jasa Lainnya,"Belanja Jasa Iklan/Reklame, Film, dan Pemotretan",ON PROCESS,1998000,1998000
KOTA KOTAMOBAGU,BLUD RSUD KOTAMOBAGU - 1.02.0.00.0.00.01.0001,01KPQHM9AZJW7PGYSDSFZ8RFDM,64159880,2026,E-Katalog 6.0,BLUD,MAHAKAM BETA FARMA,E-Purchasing,Barang,Belanja Barang dan Jasa BLUD,ON PROCESS,5938500,5938500
KOTA KOTAMOBAGU,DINAS KOMUNIKASI DAN INFORMATIKA - 2.16.2.20.2.21.01.0000,01KK3NBD07JR7MAMP72MS3ZD9X,62874058,2026,E-Katalog 6.0,APBD,MDH NEWS24 MULTIMEDIA,E-Purchasing,Jasa Lainnya,"Belanja Jasa Iklan/Reklame, Film, dan Pemotretan",ON PROCESS,1998000,1998000
KOTA KOTAMOBAGU,DINAS PENGENDALIAN PENDUDUK DAN KELUARGA BERENCANA - 2.14.0.00.0.00.01.0000,01KJS1R53NJ7QT9D0H13HTTKEF,64007983,2026,E-Katalog 6.0,APBD,ANWAR LABAGU,E-Purchasing,Jasa Lainnya,Belanja Jasa Tenaga Supir,ON PROCESS,1000000,1000000
KOTA KOTAMOBAGU,PUSKESMAS KOTOBANGON - 1.02.0.00.0.00.01.0005,01KQE9WTJWRSJQGVPYDY5GV2J5,62922682,2026,E-Katalog 6.0,APBD,JAYA ARTHA,E-Purchasing,Barang,Belanja Alat/Bahan untuk Kegiatan Kantor-Bahan Komputer,ON PROCESS,2520011,2520011
KOTA KOTAMOBAGU,BLUD RSUD KOTAMOBAGU - 1.02.0.00.0.00.01.0001,01KP5ETEYJJ55ZVYDY3MQH9YC3,64159880,2026,E-Katalog 6.0,BLUD,SANBE FARMA,E-Purchasing,Barang,Belanja Barang dan Jasa BLUD,ON PROCESS,79920000,79920000
KOTA KOTAMOBAGU,DINAS KOMUNIKASI DAN INFORMATIKA - 2.16.2.20.2.21.01.0000,01KVC8P2GHQ5EQWC18SGX2W20S,62874058,2026,E-Katalog 6.0,APBD,MEDIA MOROTON MORIGON,E-Purchasing,Jasa Lainnya,"Belanja Jasa Iklan/Reklame, Film, dan Pemotretan",ON PROCESS,3996000,3996000
KOTA KOTAMOBAGU,SEKRETARIAT DAERAH - 4.01.0.00.0.00.01.0000,01KWDRV19BY1130RNRK0BEJGKG,66988918,2026,E-Katalog 6.0,APBD,REZA MITRA ABADI,E-Purchasing,Barang,Belanja Makanan dan Minuman Rapat,ON PROCESS,19800000,19800000
KOTA KOTAMOBAGU,BAGIAN PROTOKOL DAN KOMUNIKASI PIMPINAN - 4.01.0.00.0.00.01.0004,01KPVV69XN0010FG6D3MAVYHAE,64343862,2026,E-Katalog 6.0,APBD,HERRY PONDAAG,E-Purchasing,Barang,Belanja Alat/Bahan Untuk Kegiatan Kantor-Bahan Komputer,ON PROCESS,959040,959040
KOTA KOTAMOBAGU,BADAN PENGELOLA KEUANGAN DAERAH - 5.02.0.00.0.00.01.0000,01KNNSCQNXC4TFD69XCG4DSYZY,63091794,2026,E-Katalog 6.0,APBD,IRMA ASTUTI KOROMPOT,E-Purchasing,Barang,Belanja Alat/Bahan untuk Kegiatan Kantor-Alat Tulis Kantor,ON PROCESS,1906592,1906592
KOTA KOTAMOBAGU,DINAS PEKERJAAN UMUM DAN PENATAAN RUANG - 1.03.0.00.0.00.01.0000,01KETTHRTV6DAC23TGGDG9126K,62874472,2026,E-Katalog 6.0,APBD,IRAWAN PAPUTUNGAN,E-Purchasing,Jasa Lainnya,Belanja Jasa Tenaga Teknis Pertanian dan Pangan,ON PROCESS,9000000,9000000
KOTA KOTAMOBAGU,DINAS KOMUNIKASI DAN INFORMATIKA - 2.16.2.20.2.21.01.0000,01KN39RJYW42JZ41BC1T81KTKY,62861852,2026,E-Katalog 6.0,APBD,INDAH TECH,E-Purchasing,Jasa Lainnya,Belanja Sewa Aset Tidak Berwujud-Lisensi dan Franchise,ON PROCESS,29193000,29193000
KOTA KOTAMOBAGU,DINAS KETAHANAN PANGAN - 2.09.0.00.0.00.01.0000,01KRYV86H821B7W4GW2WWGB0S4,63980007,2026,E-Katalog 6.0,APBD,SYERIN POPITOD,E-Purchasing,Barang,Belanja Makanan dan Minuman Rapat,ON PROCESS,1176000,1176000
KOTA KOTAMOBAGU,SEKRETARIAT DAERAH - 4.01.0.00.0.00.01.0000,01KTXPNR8KF9C661DMA8899XE8,63474266,2026,E-Katalog 6.0,APBD,SONNY Y. KOROMPOT,E-Purchasing,Jasa Lainnya,Belanja Jasa Tenaga Supir,ON PROCESS,4000000,4000000
KOTA KOTAMOBAGU,BADAN PENANGGULANGAN BENCANA DAERAH - 1.05.0.00.0.00.02.0000,01KPQ3405VPJ2141YA74YRQ920,63938071,2026,E-Katalog 6.0,APBD,MINPUT,E-Purchasing,Barang,Belanja Makanan dan Minuman Rapat,ON PROCESS,1587500,1587500
KOTA KOTAMOBAGU,KECAMATAN KOTAMOBAGU TIMUR - 7.01.0.00.0.00.03.0000,01KRZQM94N2VHJ9Z7GC2QS6B9P,64554097,2026,E-Katalog 6.0,APBD,JAYA ARTHA,E-Purchasing,Barang,Belanja Alat/Bahan untuk Kegiatan Kantor-Bahan Komputer,ON PROCESS,1156287,1156287
KOTA KOTAMOBAGU,BADAN PERENCANAAN PENELITIAN DAN PENGEMBANGAN DAERAH - 5.01.5.05.0.00.01.0000,01KH7V0WDPK4BT0PFHZQKDGVKE,62260371,2026,E-Katalog 6.0,APBD,HERRY PONDAAG,E-Purchasing,Barang,Belanja Alat/Bahan untuk Kegiatan Kantor- Bahan Cetak,ON PROCESS,1298700,1298700
KOTA KOTAMOBAGU,BLUD RSUD KOTAMOBAGU - 1.02.0.00.0.00.01.0001,01KW9W5NYQZ10G97SEQBY296VN,67375290,2026,E-Katalog 6.0,BLUD,MEGA LIFESCIENCES INDONESIA,E-Purchasing,Barang,Belanja Barang dan Jasa BLUD,ON PROCESS,12765000,12765000
KOTA KOTAMOBAGU,DINAS KOMUNIKASI DAN INFORMATIKA - 2.16.2.20.2.21.01.0000,01KWNDHG244TR6FFZMW26DPVMW,62874058,2026,E-Katalog 6.0,APBD,ADELE BRITA KARTIKA,E-Purchasing,Jasa Lainnya,"Belanja Jasa Iklan/Reklame, Film, dan Pemotretan",ON PROCESS,6993000,6993000
KOTA KOTAMOBAGU,DINAS PEMBERDAYAAN PEREMPUAN DAN PERLINDUNGAN ANAK - 2.08.0.00.0.00.01.0000,01KRA6NH5QPPCTQWE5ZE09KBEJ,64674098,2026,E-Katalog 6.0,APBD,YUDHI KADHIKA,E-Purchasing,Barang,Belanja Alat/Bahan untuk Kegiatan Kantor- Bahan Cetak,ON PROCESS,1351980,1351980
KOTA KOTAMOBAGU,BLUD RSUD KOTAMOBAGU - 1.02.0.00.0.00.01.0001,01KQRVQQF13CHFZJ5V3F5NKT1C,64159880,2026,E-Katalog 6.0,BLUD,KOLONGAN JAYA ABADI,E-Purchasing,Barang,Belanja Barang dan Jasa BLUD,ON PROCESS,4741266,4741266
KOTA KOTAMOBAGU,SEKRETARIAT DPRD - 4.02.0.00.0.00.01.0000,01KT951HC22VH9JMSDDKF3BGAX,63395422,2026,E-Katalog 6.0,APBD,FARATAMA KILAS MEDIA,E-Purchasing,Jasa Lainnya,"Belanja Jasa Iklan/Reklame, Film, dan Pemotretan",ON PROCESS,2000000,2000000
KOTA KOTAMOBAGU,DINAS KOMUNIKASI DAN INFORMATIKA - 2.16.2.20.2.21.01.0000,01KRFVF1FTKJ6VT3KZMV8F5DMX,62874058,2026,E-Katalog 6.0,APBD,MEDIA BOGANI PERSADA,E-Purchasing,Jasa Lainnya,"Belanja Jasa Iklan/Reklame, Film, dan Pemotretan",ON PROCESS,2000000,2000000
KOTA KOTAMOBAGU,DINAS PERUMAHAN RAKYAT DAN KAWASAN PERMUKIMAN - 1.04.2.10.0.00.01.0000,01KR08S4DDY1B22WW3X035PHW8,64588709,2026,E-Katalog 6.0,APBD,LA ROSE,E-Purchasing,Barang,Belanja Alat/Bahan untuk Kegiatan Kantor- Kertas dan Cover,ON PROCESS,960150,960150
KOTA KOTAMOBAGU,DINAS KOMUNIKASI DAN INFORMATIKA - 2.16.2.20.2.21.01.0000,01KWE33WXDDDCH8CAB1QCQXG5Z,62874058,2026,E-Katalog 6.0,APBD,MEDIA RIDHO RIZKY,E-Purchasing,Jasa Lainnya,"Belanja Jasa Iklan/Reklame, Film, dan Pemotretan",ON PROCESS,1998000,1998000
KOTA KOTAMOBAGU,BAGIAN PROTOKOL DAN KOMUNIKASI PIMPINAN - 4.01.0.00.0.00.01.0004,01KSECDGGR31TZC5GWNM33K4TW,63380394,2026,E-Katalog 6.0,APBD,SUWITO PAPUTUNGAN,E-Purchasing,Jasa Lainnya,Belanja Jasa Tenaga Sopir,ON PROCESS,1000000,1000000
KOTA KOTAMOBAGU,DINAS KOMUNIKASI DAN INFORMATIKA - 2.16.2.20.2.21.01.0000,01KVA6DZRBJEXDCWSVCYNB93GH,62874058,2026,E-Katalog 6.0,APBD,INFO TOTABUAN SAFA EYATO,E-Purchasing,Jasa Lainnya,"Belanja Jasa Iklan/Reklame, Film, dan Pemotretan",ON PROCESS,4995000,4995000
KOTA KOTAMOBAGU,DINAS PEKERJAAN UMUM DAN PENATAAN RUANG - 1.03.0.00.0.00.01.0000,10147771000,62906609,2026,Tender,APBD,,Tender,Pekerjaan Konstruksi,Pembangunan/Rehabilitasi Drainase Upai Sia Lanjutan,BERLANGSUNG,499989701,499989701
KOTA KOTAMOBAGU,SEKRETARIAT DAERAH - 4.01.0.00.0.00.01.0000,01KQV127YRHDRRKXYFFD45WX8M,63471718,2026,E-Katalog 6.0,APBD,SEMSON MARHEIN KARUNDENG,E-Purchasing,Jasa Lainnya,Belanja Jasa Tenaga Kebersihan,ON PROCESS,1000000,1000000
KOTA KOTAMOBAGU,BADAN PENGELOLA KEUANGAN DAERAH - 5.02.0.00.0.00.01.0000,01KSQDY0BD31F40ESTYMF32XR4,65869504,2026,E-Katalog 6.0,APBD,MINPUT,E-Purchasing,Jasa Lainnya,Belanja Makanan dan Minuman Rapat,ON PROCESS,4042600,4042600
KOTA KOTAMOBAGU,DINAS PERHUBUNGAN - 2.15.0.00.0.00.01.0000,01KWB6K43ZN3818FGNY3P8HB6F,64540389,2026,E-Katalog 6.0,APBD,IRMA ASTUTI KOROMPOT,E-Purchasing,Barang,Belanja Alat/Bahan untuk kegiatan Kantor - Kertas dan Cover,ON PROCESS,766566,766566
KOTA KOTAMOBAGU,BADAN PENGELOLA KEUANGAN DAERAH - 5.02.0.00.0.00.01.0000,01KS5RGCX4JE8V171R1YJW295P,63013524,2026,E-Katalog 6.0,APBD,CYNTHIA PRATIWI SUGEHA,E-Purchasing,Jasa Lainnya,Belanja Makanan dan Minuman Jamuan Tamu,ON PROCESS,647000,647000
KOTA KOTAMOBAGU,BADAN PERENCANAAN PENELITIAN DAN PENGEMBANGAN DAERAH - 5.01.5.05.0.00.01.0000,01KV9J7RVHDCNHJ6VSN9SQ45DV,62551541,2026,E-Katalog 6.0,APBD,FIGIH CICILIA MOKOGINTA,E-Purchasing,Barang,Belanja Makanan dan Minuman Rapat ,ON PROCESS,2880000,2880000
KOTA KOTAMOBAGU,DINAS KOMUNIKASI DAN INFORMATIKA - 2.16.2.20.2.21.01.0000,01KN13TFB83WG8RMZJT188K3K9,62859317,2026,E-Katalog 6.0,APBD,KOTANET JARINGAN TELEKOMUNIKASI,E-Purchasing,Jasa Lainnya,Belanja Kawat/Faksimili/Internet/TV Berlangganan,ON PROCESS,54989400,54989400
KOTA KOTAMOBAGU,DINAS KESEHATAN - 1.02.0.00.0.00.01.0000,01KW76CH3CPD01S1EGCN7K399D,65546132,2026,E-Katalog 6.0,APBD,SURYANTI TONTOIGON,E-Purchasing,Jasa Lainnya," Belanja Jasa Tenaga Kebersihan",ON PROCESS,1500000,1500000
KOTA KOTAMOBAGU,BLUD RSUD KOTAMOBAGU - 1.02.0.00.0.00.01.0001,01KFWH5T8HAHA91ZB1F9YC63AC,64159880,2026,E-Katalog 6.0,BLUD,SEKARGUNA MEDIKA,E-Purchasing,Barang,Belanja Barang dan Jasa BLUD,ON PROCESS,133100100,0
KOTA KOTAMOBAGU,DINAS LINGKUNGAN HIDUP - 2.11.0.00.0.00.01.0000,01KN10WVRS302GRFWF7XK5HD4C,64438622,2026,E-Katalog 6.0,APBD,ARCO SAMUDRA PERKASA,E-Purchasing,Jasa Lainnya,Belanja Jasa Tenaga Kebersihan,ON PROCESS,1271813411,1271813411
KOTA KOTAMOBAGU,DINAS KOMUNIKASI DAN INFORMATIKA - 2.16.2.20.2.21.01.0000,01KJ069ADJASR00MXBC99S2M72,62874058,2026,E-Katalog 6.0,APBD,RAGAKU MEDIA ISTIMEWA,E-Purchasing,Jasa Lainnya,"Belanja Jasa Iklan/Reklame, Film, dan Pemotretan",ON PROCESS,2000000,2000000
KOTA KOTAMOBAGU,UPTD INSTALASI FARMASI - 1.02.0.00.0.00.01.0002,01KGKS3K51GN6T2VDKTX93KN6W,64013096,2026,E-Katalog 6.0,APBD,RHAVA COMPUTINDO,E-Purchasing,Jasa Lainnya,Belanja Pemeliharaan Alat Kantor dan Rumah Tangga-Alat Rumah Tangga-Alat Pendingin,ON PROCESS,1218780,1218780
KOTA KOTAMOBAGU,SEKRETARIAT DPRD - 4.02.0.00.0.00.01.0000,01KJXQ22XX0B2HGEB9GSGZG6H7,63395422,2026,E-Katalog 6.0,APBD,POSTULAT INDO MEDIA,E-Purchasing,Jasa Lainnya,"Belanja Jasa Iklan/Reklame, Film, dan Pemotretan",ON PROCESS,1000000,1000000
KOTA KOTAMOBAGU,BAGIAN KESEJAHTERAAN RAKYAT - 4.01.0.00.0.00.01.0005,01KH55TRPVR1KBWC3VNM1WHJM7,63450828,2026,E-Katalog 6.0,APBD,IRMA ASTUTI KOROMPOT,E-Purchasing,Jasa Lainnya,Belanja Alat/Bahan untuk Kegiatan Kantor-Bahan Cetak,ON PROCESS,3001745,3001745
KOTA KOTAMOBAGU,DINAS LINGKUNGAN HIDUP - 2.11.0.00.0.00.01.0000,01KKJZKF9DC5739GHASCFKA63R,66203704,2026,E-Katalog 6.0,APBD,RIVS,E-Purchasing,Jasa Lainnya,Belanja Pemeliharaan Alat Angkutan - Alat Angkutan Darat Bermotor - Kendaraan Dinas Bermotor Perorangan,ON PROCESS,3263400,3263400
KOTA KOTAMOBAGU,SEKRETARIAT DPRD - 4.02.0.00.0.00.01.0000,01KWTMDJ0F2FFSK8W8871NRECK,63354993,2026,E-Katalog 6.0,APBD,SUMBER REJEKI,E-Purchasing,Jasa Lainnya,Belanja Makanan dan Minuman Rapat,ON PROCESS,1225000,1225000
KOTA KOTAMOBAGU,DINAS KOMUNIKASI DAN INFORMATIKA - 2.16.2.20.2.21.01.0000,01KWGQ58V78HT62EWBD1XEG8PX,62874058,2026,E-Katalog 6.0,APBD,SULUT CEMERLANG PRESS,E-Purchasing,Jasa Lainnya,"Belanja Jasa Iklan/Reklame, Film, dan Pemotretan",ON PROCESS,1998000,1998000
KOTA KOTAMOBAGU,BAGIAN PEREKONOMIAN DAN PEMBANGUNAN - 4.01.0.00.0.00.01.0006,01KTTWRXB3B8KTFP3KZESRDM8Y,64450602,2026,E-Katalog 6.0,APBD,RIVS,E-Purchasing,Jasa Lainnya,Belanja Pemeliharaan Alat Angkutan-Alat Angkutan Darat Bermotor-Kendaraan Dinas Bermotor Perorangan,ON PROCESS,555000,555000
KOTA KOTAMOBAGU,BAGIAN KESEJAHTERAAN RAKYAT - 4.01.0.00.0.00.01.0005,01KTJVZTF1S7SDQ3STFKFM88ZQ,63451964,2026,E-Katalog 6.0,APBD,IRMA ASTUTI KOROMPOT,E-Purchasing,Barang,Belanja Alat/Bahan untuk Kegiatan Kantor-Alat Tulis Kantor,ON PROCESS,4102541,4102541
KOTA KOTAMOBAGU,DINAS PEMBERDAYAAN PEREMPUAN DAN PERLINDUNGAN ANAK - 2.08.0.00.0.00.01.0000,01KJS7G1MRQAV22T6VEPDKE3DX,64676005,2026,E-Katalog 6.0,APBD,HERRY PONDAAG,E-Purchasing,Barang,Belanja Alat/Bahan untuk Kegiatan Kantor-Alat Tulis Kantor,ON PROCESS,2993559,2993559
KOTA KOTAMOBAGU,DINAS KESEHATAN - 1.02.0.00.0.00.01.0000,01KW721RS7N6NYR9WR92APVAX9,65546206,2026,E-Katalog 6.0,APBD,DJAKAR TUNGKAGI,E-Purchasing,Jasa Lainnya," Belanja Jasa Tenaga Supir",ON PROCESS,1500000,1500000
KOTA KOTAMOBAGU,DINAS PEMBERDAYAAN PEREMPUAN DAN PERLINDUNGAN ANAK - 2.08.0.00.0.00.01.0000,01KRA6B3Q1JVS8F3QS26B3KR1B,64680600,2026,E-Katalog 6.0,APBD,RHAVA COMPUTINDO,E-Purchasing,Barang,Belanja Pemeliharaan Alat Kantor dan Rumah Tangga-Alat Rumah Tangga-Alat Pendingin,ON PROCESS,921300,921300
KOTA KOTAMOBAGU,DINAS KEPENDUDUKAN DAN PENCATATAN SIPIL - 2.12.0.00.0.00.01.0000,01KHQA8HG9MN01PQYGX0W9KQ37,62925109,2026,E-Katalog 6.0,APBD,RHAVA COMPUTINDO,E-Purchasing,Barang,Belanja Pemeliharaan Komputer-Komputer Unit-Personal Computer,ON PROCESS,4595400,4595400
KOTA KOTAMOBAGU,SEKRETARIAT DAERAH - 4.01.0.00.0.00.01.0000,01KTX7JNC4MAZ6WN241VN5R5AY,63469981,2026,E-Katalog 6.0,APBD,GRALDI SETIAWAN KOROMPOT,E-Purchasing,Jasa Lainnya,Belanja Jasa Tenaga Pelayanan Umum,ON PROCESS,2000000,2000000
KOTA KOTAMOBAGU,BLUD RSUD KOTAMOBAGU - 1.02.0.00.0.00.01.0001,01KG1JN3NA59VRKPGE1TR6F2Y8,64159880,2026,E-Katalog 6.0,BLUD,BERNOFARM,E-Purchasing,Barang,Belanja Barang dan Jasa BLUD,ON PROCESS,91677159,91677159
KOTA KOTAMOBAGU,BLUD RSUD KOTAMOBAGU - 1.02.0.00.0.00.01.0001,01KPCH5Z5R363T3Y6QWT21AH2J,64159880,2026,E-Katalog 6.0,BLUD,UNGGUL PRIMA HARAPAN,E-Purchasing,Barang,Belanja Barang dan Jasa BLUD,ON PROCESS,5411250,5411250
KOTA KOTAMOBAGU,SEKRETARIAT DAERAH - 4.01.0.00.0.00.01.0000,01KQV045K8N5CY5W9PEG1ZEGEX,63473306,2026,E-Katalog 6.0,APBD,AFFAN RIVANDI MOKODONGAN,E-Purchasing,Jasa Lainnya,Belanja Jasa Tenaga Keamanan,ON PROCESS,5000000,5000000
KOTA KOTAMOBAGU,KECAMATAN KOTAMOBAGU BARAT - 7.01.0.00.0.00.01.0000,01KPWKRCZT4NEVRX001WQKJESY,64209923,2026,E-Katalog 6.0,APBD,HERRY PONDAAG,E-Purchasing,Barang,Belanja alat/bahan untuk kegiatan kantor-alat listrik,ON PROCESS,3095901,3095901
KOTA KOTAMOBAGU,DINAS KOMUNIKASI DAN INFORMATIKA - 2.16.2.20.2.21.01.0000,01KJ06T9PW85VFG3J5C063A4SG,62874058,2026,E-Katalog 6.0,APBD,MANADO MEDIA GRAFIKA,E-Purchasing,Jasa Lainnya,"Belanja Jasa Iklan/Reklame, Film, dan Pemotretan",ON PROCESS,5000000,5000000
KOTA KOTAMOBAGU,SEKRETARIAT DPRD - 4.02.0.00.0.00.01.0000,01KJPQQA4S2DMGKTB29B6ED7QJ,63391540,2026,E-Katalog 6.0,APBD,NITA KOROMPOT,E-Purchasing,Jasa Lainnya,Belanja Jasa Tenaga Kebersihan,ON PROCESS,6000000,6000000
KOTA KOTAMOBAGU,BAGIAN UMUM - 4.01.0.00.0.00.01.0001,01KR04812BD32M5M8SCWNRXJB9,64491210,2026,E-Katalog 6.0,APBD,HERRY PONDAAG,E-Purchasing,Barang,Belanja Alat/Bahan untuk Kegiatan Kantor-Alat/Bahan untuk Kegiatan Kantor Lainnya,ON PROCESS,7508119,7508119
KOTA KOTAMOBAGU,BLUD RSUD KOTAMOBAGU - 1.02.0.00.0.00.01.0001,01KQ8X3DFRZVCFQHSTWRMQPDM5,64159880,2026,E-Katalog 6.0,BLUD,GALOEH HUSADA FARMA,E-Purchasing,Barang,Belanja Barang dan Jasa BLUD,ON PROCESS,3021389,3021389
KOTA KOTAMOBAGU,DINAS KEPENDUDUKAN DAN PENCATATAN SIPIL - 2.12.0.00.0.00.01.0000,01KN16XBGP6AWN7MP857GPVK41,62828578,2026,E-Katalog 6.0,APBD,HERRY PONDAAG,E-Purchasing,Barang,Belanja Alat/Bahan untuk Kegiatan Kantor-Alat Tulis Kantor,ON PROCESS,3296700,3296700
KOTA KOTAMOBAGU,DINAS KOMUNIKASI DAN INFORMATIKA - 2.16.2.20.2.21.01.0000,01KWGKN3NHXMKXP75T3FGMZTN4,62874058,2026,E-Katalog 6.0,APBD,GINALUM ZAPATISTA MEDIA,E-Purchasing,Jasa Lainnya,"Belanja Jasa Iklan/Reklame, Film, dan Pemotretan",ON PROCESS,2000000,2000000
KOTA KOTAMOBAGU,SEKRETARIAT DPRD - 4.02.0.00.0.00.01.0000,01KJXPWNB7DGCBDHNCF5NSWAP2,63395422,2026,E-Katalog 6.0,APBD,TAYO MEDIA UTAMA,E-Purchasing,Jasa Lainnya,"Belanja Jasa Iklan/Reklame, Film, dan Pemotretan",ON PROCESS,1000000,1000000
KOTA KOTAMOBAGU,BADAN PERENCANAAN PENELITIAN DAN PENGEMBANGAN DAERAH - 5.01.5.05.0.00.01.0000,01KQS59Z70Z3V8K7T4F1CB8ZMV,62260497,2026,E-Katalog 6.0,APBD,HERU DJATMIKO SJAMSI,E-Purchasing,Barang,Belanja Alat/Bahan untuk Kegiatan Kantor-Alat Tulis Kantor ,ON PROCESS,1196469,1196469
KOTA KOTAMOBAGU,DINAS PEKERJAAN UMUM DAN PENATAAN RUANG - 1.03.0.00.0.00.01.0000,10114032000,62979228,2026,Tender,APBD,CV. BERKAT ANUGERAH BERSAMA,Tender,Pekerjaan Konstruksi,Rekonstruksi/Peningkatan Jalan Ibolian (1114) Kel. Gogagoman,SELESAI,3233557000,3233557000
KOTA KOTAMOBAGU,DINAS KOMUNIKASI DAN INFORMATIKA - 2.16.2.20.2.21.01.0000,01KPCEPGPJ0W3G55RCWV9R1BZA,62874058,2026,E-Katalog 6.0,APBD,MAJU BERSAMA LIVI DIVI ZILDI,E-Purchasing,Jasa Lainnya,"Belanja Jasa Iklan/Reklame, Film, dan Pemotretan",ON PROCESS,1998000,1998000
KOTA KOTAMOBAGU,DINAS KEPENDUDUKAN DAN PENCATATAN SIPIL - 2.12.0.00.0.00.01.0000,01KTJYWNS7F1B5B2M2KBNJY1F6,62925109,2026,E-Katalog 6.0,APBD,RHAVA COMPUTINDO,E-Purchasing,Barang,Belanja Pemeliharaan Komputer-Komputer Unit-Personal Computer,ON PROCESS,4595400,4595400
KOTA KOTAMOBAGU,BADAN PENGELOLA KEUANGAN DAERAH - 5.02.0.00.0.00.01.0000,01KK8WB0RZHTMPE3229PA4NJFJ,65823769,2026,E-Katalog 6.0,APBD,RIVS,E-Purchasing,Jasa Lainnya,Belanja Pemeliharaan Alat Angkutan-Alat Angkutan Darat Bermotor-Kendaraan Dinas Bermotor Perorangan,ON PROCESS,4821840,4821840
KOTA KOTAMOBAGU,DINAS KOMUNIKASI DAN INFORMATIKA - 2.16.2.20.2.21.01.0000,01KK3MJQZGAW1NQ0X8WV1MSJJX,62874058,2026,E-Katalog 6.0,APBD,MEDIA GHAZALI PERKASA,E-Purchasing,Jasa Lainnya,"Belanja Jasa Iklan/Reklame, Film, dan Pemotretan",ON PROCESS,2000000,2000000
KOTA KOTAMOBAGU,DINAS PENDIDIKAN - 1.01.0.00.0.00.01.0000,01KSPTTEV6C8GVET3PEZ4PHY7D,65263312,2026,E-Katalog 6.0,APBD,HAMRI MOKOAGOW,E-Purchasing,Barang,Belanja Alat/Bahan untuk Kegiatan Kantor-Bahan Komputer,ON PROCESS,12420678,12420678
KOTA KOTAMOBAGU,DINAS LINGKUNGAN HIDUP - 2.11.0.00.0.00.01.0000,01KWDWM5KGZ5JGKAFJSYJ31R8D,64439290,2026,E-Katalog 6.0,APBD,ARCO SAMUDRA PERKASA,E-Purchasing,Jasa Lainnya," Belanja Jasa Tenaga Keamanan",ON PROCESS,13731309,13731309
KOTA KOTAMOBAGU,DINAS PERTANIAN DAN PERIKANAN - 3.27.3.25.0.00.01.0000,01KPQ56WYAF0FGJWB4E47E5FEZ,62839598,2026,E-Katalog 6.0,APBD,HERRY PONDAAG,E-Purchasing,Barang,Belanja Alat/Bahan untuk Kegiatan Kantor-Bahan Komputer,ON PROCESS,3521475,3521475
KOTA KOTAMOBAGU,"DINAS PERDAGANGAN, KOPERASI, USAHA KECIL DAN MENENGAH - 3.30.2.17.0.00.01.0000",01KPS1E8KHK6J68CHCCRKBYF43,65294819,2026,E-Katalog 6.0,APBD,YUDHI KADHIKA,E-Purchasing,Jasa Lainnya,Belanja Alat/Bahan untuk Kegiatan Kantor- Bahan CetaK,ON PROCESS,864002,864002
KOTA KOTAMOBAGU,DINAS KOMUNIKASI DAN INFORMATIKA - 2.16.2.20.2.21.01.0000,01KT3C0ZW00AGHCSR02J97ZPHT,64213931,2026,E-Katalog 6.0,APBD,RUDINI GAIB,E-Purchasing,Jasa Lainnya,Belanja Jasa Tenaga Keamanan,ON PROCESS,1500000,1500000
KOTA KOTAMOBAGU,DINAS KOMUNIKASI DAN INFORMATIKA - 2.16.2.20.2.21.01.0000,01KRG04JK5JWH8N32PF3K26VNZ,62874058,2026,E-Katalog 6.0,APBD,PT. TATA MEDIA PRO,E-Purchasing,Jasa Lainnya,"Belanja Jasa Iklan/Reklame, Film, dan Pemotretan",ON PROCESS,1998000,1998000
KOTA KOTAMOBAGU,DINAS PEKERJAAN UMUM DAN PENATAAN RUANG - 1.03.0.00.0.00.01.0000,10112298000,62918307,2026,Tender,APBD,Tata Tou Nustar,Tender,Pekerjaan Konstruksi,Peningkatan/Rekonstruksi Jalan Kebun Ampera (298) (DAK),SELESAI,2904000000,2904000000
KOTA KOTAMOBAGU,BAGIAN KESEJAHTERAAN RAKYAT - 4.01.0.00.0.00.01.0005,01KJ6HP2WZFKE95214M6RXVG44,63444966,2026,E-Katalog 6.0,APBD,IRMA ASTUTI KOROMPOT,E-Purchasing,Barang,Belanja Alat/Bahan untuk Kegiatan Kantor-Alat Listrik,ON PROCESS,650190,650190
KOTA KOTAMOBAGU,DINAS PEMBERDAYAAN MASYARAKAT DAN DESA - 2.13.0.00.0.00.01.0000,01KQV3STJC2GD2R88XJ2Q480PE,64547192,2026,E-Katalog 6.0,APBD,DWI FEBRIANA PAPUTUNGAN,E-Purchasing,Jasa Lainnya,Belanja Makanan dan Minuman Rapat,ON PROCESS,18250000,18250000
KOTA KOTAMOBAGU,BADAN PERENCANAAN PENELITIAN DAN PENGEMBANGAN DAERAH - 5.01.5.05.0.00.01.0000,01KQRNCYBTNGDM4N6BZNNZBJK5,62260501,2026,E-Katalog 6.0,APBD,HERU DJATMIKO SJAMSI,E-Purchasing,Barang,Belanja Alat/Bahan untuk Kegiatan Kantor- Kertas dan Cover,ON PROCESS,1359750,1359750
KOTA KOTAMOBAGU,SEKRETARIAT DAERAH - 4.01.0.00.0.00.01.0000,01KQSA0TGZRPX71ZMT4EA2FZMM,63471718,2026,E-Katalog 6.0,APBD,MASITA IBRAHIM,E-Purchasing,Jasa Lainnya,Belanja Jasa Tenaga Kebersihan,ON PROCESS,2000000,2000000
KOTA KOTAMOBAGU,BLUD RSUD KOTAMOBAGU - 1.02.0.00.0.00.01.0001,01KMPDEG4VC4NXMY44B059MJHK,64159880,2026,E-Katalog 6.0,BLUD,LESTARI MULIA SEMPURNA,E-Purchasing,Barang,Belanja Barang dan Jasa BLUD,ON PROCESS,56943000,56943000
KOTA KOTAMOBAGU,BADAN PENGELOLA KEUANGAN DAERAH - 5.02.0.00.0.00.01.0000,01KVNNPABNEN98DEDRXREPWVNR,63013524,2026,E-Katalog 6.0,APBD,CYNTHIA PRATIWI SUGEHA,E-Purchasing,Jasa Lainnya,Belanja Makanan dan Minuman Jamuan Tamu,ON PROCESS,647000,647000
KOTA KOTAMOBAGU,BAGIAN UMUM - 4.01.0.00.0.00.01.0001,01KS45W0ZGCK3F76QEZG0C2PVW,64127467,2026,E-Katalog 6.0,APBD,HERRY PONDAAG,E-Purchasing,Barang,Belanja Alat/Bahan untuk Kegiatan Kantor-Alat Listrik,ON PROCESS,4892152,4892152
KOTA KOTAMOBAGU,DINAS KOMUNIKASI DAN INFORMATIKA - 2.16.2.20.2.21.01.0000,01KRFF129J1MDCVX3X0XZWBBRM,62874058,2026,E-Katalog 6.0,APBD,MEDIA RIDHO RIZKY,E-Purchasing,Jasa Lainnya,"Belanja Jasa Iklan/Reklame, Film, dan Pemotretan",ON PROCESS,1998000,1998000
KOTA KOTAMOBAGU,DINAS PEKERJAAN UMUM DAN PENATAAN RUANG - 1.03.0.00.0.00.01.0000,01KETWJE81VW52EQE05MNW293S,62873812,2026,E-Katalog 6.0,APBD,ANDRI MAMONTO,E-Purchasing,Jasa Lainnya,Belanja Jasa Tenaga Penanganan Prasarana dan Sarana Umum,ON PROCESS,9000000,9000000
KOTA KOTAMOBAGU,DINAS PEKERJAAN UMUM DAN PENATAAN RUANG - 1.03.0.00.0.00.01.0000,01KQ6ZX4AQ4FZ88Y9WXFSC5BTA,64440464,2026,E-Katalog 6.0,APBD,RHAVA COMPUTINDO,E-Purchasing,Barang,Belanja Modal Alat Rumah Tangga Lainnya (Home Use),ON PROCESS,5039400,0
KOTA KOTAMOBAGU,SEKRETARIAT DAERAH - 4.01.0.00.0.00.01.0000,01KTXNWX9W6683AZGATCE7EY2S,63474266,2026,E-Katalog 6.0,APBD,WAWAN MUTU,E-Purchasing,Jasa Lainnya,Belanja Jasa Tenaga Supir,ON PROCESS,4000000,4000000
KOTA KOTAMOBAGU,DINAS KOMUNIKASI DAN INFORMATIKA - 2.16.2.20.2.21.01.0000,01KWE597GWWCK0FFPP4WK0FCC4,62874058,2026,E-Katalog 6.0,APBD,BIOVIO MEDIA INDONESIA,E-Purchasing,Jasa Lainnya,"Belanja Jasa Iklan/Reklame, Film, dan Pemotretan",ON PROCESS,2997000,2997000
KOTA KOTAMOBAGU,UPTD PERLINDUNGAN PEREMPUAN DAN ANAK - 2.08.0.00.0.00.01.0001,01KTQX2ZZ1BYMTP0T8XCJSXE54,65946433,2026,E-Katalog 6.0,APBD,BUNGAS AUTO MOTOR,E-Purchasing,Barang,Belanja Pemeliharaan Alat Angkutan-Alat Angkutan Darat Bermotor-Kendaraan Dinas Bermotor Perorangan,ON PROCESS,4695300,4695300
KOTA KOTAMOBAGU,PUSKESMAS GOGAGOMAN - 1.02.0.00.0.00.01.0004,01KG6DPJ3XTQ1DV6B1H31NFRES,63650554,2026,E-Katalog 6.0,APBD,JAYA ARTHA,E-Purchasing,Barang,Belanja Alat/Bahan untuk Kegiatan Kantor - Kertas dan Cover Puskesmas Gogagoman,PAYMENT OUTSIDE SYSTEM,778110,778110
KOTA KOTAMOBAGU,BAGIAN KESEJAHTERAAN RAKYAT - 4.01.0.00.0.00.01.0005,01KVC599DTEKB7CD1FWPB9QVJJ,63447829,2026,E-Katalog 6.0,APBD,ARIANTO LIHAWA,E-Purchasing,Jasa Lainnya,Belanja Pakaian Batik Tradisional,ON PROCESS,17499983,17499983
KOTA KOTAMOBAGU,DINAS KOMUNIKASI DAN INFORMATIKA - 2.16.2.20.2.21.01.0000,01KVC0600NRT1RDXW2YV3Z5PSN,62874058,2026,E-Katalog 6.0,APBD,ANUGERAH CITA PERS,E-Purchasing,Jasa Lainnya,"Belanja Jasa Iklan/Reklame, Film, dan Pemotretan",ON PROCESS,1998000,1998000
KOTA KOTAMOBAGU,DINAS KESEHATAN - 1.02.0.00.0.00.01.0000,01KQBF0BWZ93X4275ZN6V4M97E,65544349,2026,E-Katalog 6.0,APBD,HERRY PONDAAG,E-Purchasing,Barang,Belanja Alat/Bahan untuk Kegiatan Kantor- Bahan Cetak,ON PROCESS,2872125,2872125
KOTA KOTAMOBAGU,SEKRETARIAT DPRD - 4.02.0.00.0.00.01.0000,01KMQAX0MAVQQHJ2MT18EBTGRQ,63395422,2026,E-Katalog 6.0,APBD,NUSANTARA JAYA MEDIA,E-Purchasing,Jasa Lainnya,"Belanja Jasa Iklan/Reklame, Film, dan Pemotretan",ON PROCESS,1999998,1999998
KOTA KOTAMOBAGU,BAGIAN UMUM - 4.01.0.00.0.00.01.0001,01KRV3AK93QENXX3P2F81V9FGE,64520203,2026,E-Katalog 6.0,APBD,CARPERCOM,E-Purchasing,Barang,Belanja Modal Peralatan Personal Computer,ON PROCESS,14512628,14512628
KOTA KOTAMOBAGU,BAGIAN PEREKONOMIAN DAN PEMBANGUNAN - 4.01.0.00.0.00.01.0006,01KP5H17KBTA2BB3XT2B0G31R0,64455518,2026,E-Katalog 6.0,APBD,IRMA ASTUTI KOROMPOT,E-Purchasing,Jasa Lainnya,Belanja Alat/Bahan untuk Kegiatan Kantor- Bahan Cetak,ON PROCESS,1357752,1357752
KOTA KOTAMOBAGU,DINAS PEKERJAAN UMUM DAN PENATAAN RUANG - 1.03.0.00.0.00.01.0000,01KK0JZ75C3WPXC9V5WQYK8S2N,63006693,2026,E-Katalog 6.0,APBD,LA ROSE,E-Purchasing,Barang,Belanja Alat/Bahan untuk Kegiatan Kantor-Alat Tulis Kantor,ON PROCESS,810300,810300
KOTA KOTAMOBAGU,DINAS PERINDUSTRIAN DAN TENAGA KERJA - 3.31.2.07.0.00.01.0000,01KRB2P5EDHEBH2GS4NMMY2KN2,65349739,2026,E-Katalog 6.0,APBD,IRMA ASTUTI KOROMPOT,E-Purchasing,Barang,Belanja Alat/Bahan untuk Kegiatan Kantor-Alat Tulis Kantor,ON PROCESS,1968492,1968492
KOTA KOTAMOBAGU,SEKRETARIAT DPRD - 4.02.0.00.0.00.01.0000,01KJVW7PZCN430DHFCH51JN4YY,63395422,2026,E-Katalog 6.0,APBD,MOKOAGOW JAYA MERDEKA,E-Purchasing,Jasa Lainnya,"Belanja Jasa Iklan/Reklame, Film, dan Pemotretan",ON PROCESS,2000000,2000000
KOTA KOTAMOBAGU,DINAS PEMBERDAYAAN MASYARAKAT DAN DESA - 2.13.0.00.0.00.01.0000,01KPWCN27TK07NCEE8GGMXWXSN,64542502,2026,E-Katalog 6.0,APBD,HERRY PONDAAG,E-Purchasing,Barang,Belanja Alat bahan Untuk Kegiatan kantor Alat bahan Untuk Kegiatan Kantor Lainnya,ON PROCESS,927294,927294
KOTA KOTAMOBAGU,BAGIAN UMUM - 4.01.0.00.0.00.01.0001,10859561000,67086888,2026,Non Tender,APBD,SANDILENSUN,Pengadaan Langsung,Jasa Konsultansi Perorangan Konstruksi,Belanja Jasa Konsultansi Pengawasan Rekayasa-Jasa Pengawas Pekerjaan Konstruksi Bangunan Gedung  (Gedung Kantor Walikota),SELESAI,7450000,7450000
KOTA KOTAMOBAGU,DINAS PERUMAHAN RAKYAT DAN KAWASAN PERMUKIMAN - 1.04.2.10.0.00.01.0000,01KWJTN7KXCAHJNFGM5CATYGAA,64633722,2026,E-Katalog 6.0,APBD,PRIYO PITOYO,E-Purchasing,Jasa Lainnya,Belanja Jasa Tenaga Teknisi Mekanik dan Listrik,ON PROCESS,13200000,13200000
KOTA KOTAMOBAGU,DINAS KOMUNIKASI DAN INFORMATIKA - 2.16.2.20.2.21.01.0000,01KPWQHRBNG9CKMC1CDFQ5SKRJ,64210223,2026,E-Katalog 6.0,APBD,RHAVA COMPUTINDO,E-Purchasing,Barang,Belanja Pemeliharaan Komputer-Komputer Unit-Komputer Unit Lainnya,ON PROCESS,1942500,1942500
KOTA KOTAMOBAGU,DINAS PEKERJAAN UMUM DAN PENATAAN RUANG - 1.03.0.00.0.00.01.0000,01KPPXQ0XE78Z4K10XB5852YXZ,64453582,2026,E-Katalog 6.0,APBD,LA ROSE,E-Purchasing,Barang,Belanja Alat/Bahan untuk Kegiatan Kantor-Alat Tulis Kantor,ON PROCESS,2464700,2464700
KOTA KOTAMOBAGU,SEKRETARIAT DAERAH - 4.01.0.00.0.00.01.0000,01KP4S5H1KA2P5MJMP8DS817GF,63425686,2026,E-Katalog 6.0,APBD,BERKAH TOTABUAN,E-Purchasing,Barang,Belanja Bahan-Bahan Lainnya,ON PROCESS,68000244,68000244
KOTA KOTAMOBAGU,DINAS PERTANIAN DAN PERIKANAN - 3.27.3.25.0.00.01.0000,01KPPZGY643VMQ6PD54AHFH1CN,62832511,2026,E-Katalog 6.0,APBD,HERRY PONDAAG,E-Purchasing,Barang,Belanja Alat/Bahan untuk Kegiatan Kantor-Alat Listrik,ON PROCESS,1412253,1412253
KOTA KOTAMOBAGU,BLUD RSUD KOTAMOBAGU - 1.02.0.00.0.00.01.0001,01KT8PMRZ8JF3MQ5J2RD36AABM,64159880,2026,E-Katalog 6.0,BLUD,ASTRAZENECA INDONESIA,E-Purchasing,Barang,Belanja Barang dan Jasa BLUD,ON PROCESS,9427175,0
KOTA KOTAMOBAGU,DINAS KOMUNIKASI DAN INFORMATIKA - 2.16.2.20.2.21.01.0000,01KP9VVB07ZA2JZWR9KXNZQKH2,62874058,2026,E-Katalog 6.0,APBD,AZIZAH MEDIA GLOBAL,E-Purchasing,Jasa Lainnya,"Belanja Jasa Iklan/Reklame, Film, dan Pemotretan",ON PROCESS,1998000,1998000
KOTA KOTAMOBAGU,SEKRETARIAT DAERAH - 4.01.0.00.0.00.01.0000,01KQVBG45Y38AMWN0P16VJ2KTW,63473306,2026,E-Katalog 6.0,APBD,SAHID JAFAR SIDIK KOROMPOT,E-Purchasing,Jasa Lainnya,Belanja Jasa Tenaga Keamanan,ON PROCESS,5000000,5000000
KOTA KOTAMOBAGU,BAGIAN PENGADAAN BARANG / JASA - 4.01.0.00.0.00.01.0007,01KVPDQ7ENPABBC55ZBSZ5WH6W,64100933,2026,E-Katalog 6.0,APBD,IRMA ASTUTI KOROMPOT,E-Purchasing,Barang,Belanja Alat/Bahan untuk Kegiatan Kantor-Alat Tulis Kantor (PBJ),ON PROCESS,386724,386724
KOTA KOTAMOBAGU,SEKRETARIAT DPRD - 4.02.0.00.0.00.01.0000,01KP2QXASFTDDZ2Q45GCX02TXT,63395422,2026,E-Katalog 6.0,APBD,MEDIA SAHABAT RAKYAT SATU,E-Purchasing,Jasa Lainnya,"Belanja Jasa Iklan/Reklame, Film, dan Pemotretan",ON PROCESS,1000000,1000000
KOTA KOTAMOBAGU,DINAS LINGKUNGAN HIDUP - 2.11.0.00.0.00.01.0000,01KGEYW8ZAJ9Y9G0A70RFD5X7J,64368541,2026,E-Katalog 6.0,APBD,ARCO SAMUDRA PERKASA,E-Purchasing,Jasa Lainnya," Belanja Jasa Tenaga Penanganan Prasarana dan Sarana Umum",PAYMENT OUTSIDE SYSTEM,69370548,69370548
KOTA KOTAMOBAGU,DINAS KOMUNIKASI DAN INFORMATIKA - 2.16.2.20.2.21.01.0000,01KVCWRXD3RQPRJ8ZY13DM2V0P,62874058,2026,E-Katalog 6.0,APBD,TAGAR NUSANTARA MEDIA,E-Purchasing,Jasa Lainnya,"Belanja Jasa Iklan/Reklame, Film, dan Pemotretan",ON PROCESS,2000000,2000000
KOTA KOTAMOBAGU,PUSKESMAS GOGAGOMAN - 1.02.0.00.0.00.01.0004,01KVCHRS1X14T8MG2Q5VSRPE62,63778621,2026,E-Katalog 6.0,APBD,JAYA ARTHA,E-Purchasing,Barang,Belanja Alat/Bahan Untuk Kegiatan Kantor - Bahan Komputer,ON PROCESS,2745030,2745030
KOTA KOTAMOBAGU,BLUD RSUD KOTAMOBAGU - 1.02.0.00.0.00.01.0001,01KWB27MXEX716D72AR94GDY3D,67375290,2026,E-Katalog 6.0,BLUD,PERUSAHAAN PERSEROAN (PERSERO) PT KIMIA FARMA,E-Purchasing,Barang,Belanja Barang dan Jasa BLUD,ON PROCESS,37168461,37168461
KOTA KOTAMOBAGU,DINAS SOSIAL - 1.06.0.00.0.00.01.0000,01KNJV63X91PKCCYV0DQBZQ6T0,64504231,2026,E-Katalog 6.0,APBD,YUNIARNI,E-Purchasing,Jasa Lainnya,Belanja Makanan dan Minuman Jamuan Tamu,ON PROCESS,1500000,1500000
KOTA KOTAMOBAGU,BLUD RSUD KOTAMOBAGU - 1.02.0.00.0.00.01.0001,01KVYAS29Z27V88PS74JKXNRJQ,64159880,2026,E-Katalog 6.0,BLUD,COBRA DENTAL INDONESIA,E-Purchasing,Barang,Belanja Barang dan Jasa BLUD,ON PROCESS,1635300,0
KOTA KOTAMOBAGU,DINAS KOMUNIKASI DAN INFORMATIKA - 2.16.2.20.2.21.01.0000,01KHZS3GC7259TVBQK90DC7SJ5,62874058,2026,E-Katalog 6.0,APBD,BARIS ABJAD DIGITAL,E-Purchasing,Jasa Lainnya,"Belanja Jasa Iklan/Reklame, Film, dan Pemotretan",ON PROCESS,2000000,2000000
KOTA KOTAMOBAGU,BLUD RSUD KOTAMOBAGU - 1.02.0.00.0.00.01.0001,01KVQTAQ3694AA5ES4CTF3JJVC,64159880,2026,E-Katalog 6.0,BLUD,GRACIA PHARMINDO,E-Purchasing,Barang,Belanja Barang dan Jasa BLUD,ON PROCESS,4085355,4085355
KOTA KOTAMOBAGU,DINAS KOMUNIKASI DAN INFORMATIKA - 2.16.2.20.2.21.01.0000,01KPB4933NSMDMPKMRZHRGHBE7,62874058,2026,E-Katalog 6.0,APBD,MEDIA KOLABORASI BERSAMA,E-Purchasing,Jasa Lainnya,"Belanja Jasa Iklan/Reklame, Film, dan Pemotretan",ON PROCESS,2000000,2000000
KOTA KOTAMOBAGU,DINAS KOMUNIKASI DAN INFORMATIKA - 2.16.2.20.2.21.01.0000,01KWE2Q25V2RKSEM72JBDCB53H,62874058,2026,E-Katalog 6.0,APBD,TAYO MEDIA UTAMA,E-Purchasing,Jasa Lainnya,"Belanja Jasa Iklan/Reklame, Film, dan Pemotretan",ON PROCESS,2000000,2000000
KOTA KOTAMOBAGU,BLUD RSUD KOTAMOBAGU - 1.02.0.00.0.00.01.0001,01KWKSEEZQVJP6C0JS5B3ENMZK,67375290,2026,E-Katalog 6.0,BLUD,KOLONGAN JAYA ABADI,E-Purchasing,Barang,Belanja Barang dan Jasa BLUD,ON PROCESS,9795750,9795750
KOTA KOTAMOBAGU,SEKRETARIAT DAERAH - 4.01.0.00.0.00.01.0000,01KH5B2S90RNA2NDJSHM8EGGZ8,65314067,2026,E-Katalog 6.0,APBD,CYNTHIA PRATIWI SUGEHA,E-Purchasing,Barang,Belanja Makanan dan Minuman Rapat,ON PROCESS,19000000,19000000
KOTA KOTAMOBAGU,SEKRETARIAT DPRD - 4.02.0.00.0.00.01.0000,01KSF4BSYT2STWNCQ8NQK0QQP6,63211862,2026,E-Katalog 6.0,APBD,BUNGAS AUTO MOTOR,E-Purchasing,Jasa Lainnya,Belanja Pemeliharaan Alat Angkutan-Alat Angkutan Darat Bermotor-Kendaraan Dinas Bermotor Perorangan,ON PROCESS,5687085,5687085
KOTA KOTAMOBAGU,SEKRETARIAT DPRD - 4.02.0.00.0.00.01.0000,01KRYTQBVW9QRRWB000DQ3B8QG,63395422,2026,E-Katalog 6.0,APBD,INSAN CITA MEDIA UTAMA,E-Purchasing,Jasa Lainnya,"Belanja Jasa Iklan/Reklame, Film, dan Pemotretan",ON PROCESS,1000000,1000000
KOTA KOTAMOBAGU,BAGIAN UMUM - 4.01.0.00.0.00.01.0001,01KJYJS1KYM9XH5ZHB242RJMR1,64127467,2026,E-Katalog 6.0,APBD,HERRY PONDAAG,E-Purchasing,Barang,Belanja Alat/Bahan untuk Kegiatan Kantor-Alat Listrik,ON PROCESS,9899998,9899998
KOTA KOTAMOBAGU,DINAS PERTANIAN DAN PERIKANAN - 3.27.3.25.0.00.01.0000,01KRFQ74V3J0F93G07ZT14B7FW,62845984,2026,E-Katalog 6.0,APBD,RIVS,E-Purchasing,Barang," Belanja Pemeliharaan Alat Angkutan-Alat Angkutan Darat Bermotor-Kendaraan Dinas Bermotor Perorangan",ON PROCESS,20604042,20604042
KOTA KOTAMOBAGU,DINAS KESEHATAN - 1.02.0.00.0.00.01.0000,01KW7249GMEV6E1GHCXYZN4YSK,65546206,2026,E-Katalog 6.0,APBD,DIMITRI DAROEL,E-Purchasing,Jasa Lainnya," Belanja Jasa Tenaga Supir",ON PROCESS,1500000,1500000
KOTA KOTAMOBAGU,DINAS KEPENDUDUKAN DAN PENCATATAN SIPIL - 2.12.0.00.0.00.01.0000,01KPM79EPAMER1D2A9YYHVG73Y,62909213,2026,E-Katalog 6.0,APBD,HERRY PONDAAG,E-Purchasing,Barang,Belanja Alat/Bahan untuk Kegiatan Kantor- Kertas dan Cover,ON PROCESS,601953,601953
KOTA KOTAMOBAGU,DINAS KOMUNIKASI DAN INFORMATIKA - 2.16.2.20.2.21.01.0000,01KWGJNDWKWED8D6TKPNV3WKZA,62874058,2026,E-Katalog 6.0,APBD,INDO MEDIA BERSINAR,E-Purchasing,Jasa Lainnya,"Belanja Jasa Iklan/Reklame, Film, dan Pemotretan",ON PROCESS,2000000,2000000
KOTA KOTAMOBAGU,BLUD RSUD KOTAMOBAGU - 1.02.0.00.0.00.01.0001,01KVYP9APX4VWD90YGHSWZ2N02,64159880,2026,E-Katalog 6.0,BLUD,INTERGASTRA NUSANTARA,E-Purchasing,Barang,Belanja Barang dan Jasa BLUD,ON PROCESS,46401817,0
KOTA KOTAMOBAGU,DINAS PENGENDALIAN PENDUDUK DAN KELUARGA BERENCANA - 2.14.0.00.0.00.01.0000,01KR04GEKGF2K3CKT2KWDW2RBM,64933390,2026,E-Katalog 6.0,APBD,MINPUT,E-Purchasing,Barang,Belanja Makanan dan Minuman Rapat,ON PROCESS,1470000,1470000
KOTA KOTAMOBAGU,DINAS PERUMAHAN RAKYAT DAN KAWASAN PERMUKIMAN - 1.04.2.10.0.00.01.0000,01KPT1784MV36MDS2TW0A30MBH,64616431,2026,E-Katalog 6.0,APBD,BUNGAS AUTO MOTOR,E-Purchasing,Jasa Lainnya,Belanja Pemeliharaan Alat Angkutan-Alat Angkutan Darat Bermotor-Kendaraan Dinas Bermotor Perorangan,ON PROCESS,12466410,12466410
KOTA KOTAMOBAGU,DINAS LINGKUNGAN HIDUP - 2.11.0.00.0.00.01.0000,01KWDWZ7T3SD2PM7G5809F5D6F,64375008,2026,E-Katalog 6.0,APBD,ARCO SAMUDRA PERKASA,E-Purchasing,Jasa Lainnya," Belanja Jasa Tenaga Supir",ON PROCESS,5336196,5336196
KOTA KOTAMOBAGU,DINAS KOMUNIKASI DAN INFORMATIKA - 2.16.2.20.2.21.01.0000,01KHZSPT43B7JCHY6ZHJ531SDN,62874058,2026,E-Katalog 6.0,APBD,KOMUNIKA SULUT MEDIA,E-Purchasing,Jasa Lainnya,"Belanja Jasa Iklan/Reklame, Film, dan Pemotretan",ON PROCESS,1998000,1998000
KOTA KOTAMOBAGU,SEKRETARIAT DAERAH - 4.01.0.00.0.00.01.0000,01KJJ0TG2MP7RWPJ8Y9FG7NSFC,63474266,2026,E-Katalog 6.0,APBD,BOSLAR TEGELA,E-Purchasing,Jasa Lainnya,Belanja Jasa Tenaga Supir,ON PROCESS,2000000,2000000
KOTA KOTAMOBAGU,SEKRETARIAT DAERAH - 4.01.0.00.0.00.01.0000,01KW3T0ZRM1W4WTZ12P9TRF1XC,63423831,2026,E-Katalog 6.0,APBD,FIGIH CICILIA MOKOGINTA,E-Purchasing,Barang,Belanja Makanan dan Minuman Rapat,ON PROCESS,2450000,2450000
KOTA KOTAMOBAGU,DINAS KOMUNIKASI DAN INFORMATIKA - 2.16.2.20.2.21.01.0000,01KVA4MD8C4WF6A4AX8HKQEC8Z,62874058,2026,E-Katalog 6.0,APBD,MEDIA BOLMONG RAYA,E-Purchasing,Jasa Lainnya,"Belanja Jasa Iklan/Reklame, Film, dan Pemotretan",ON PROCESS,3000000,3000000
KOTA KOTAMOBAGU,SEKRETARIAT DPRD - 4.02.0.00.0.00.01.0000,01KV4ED5QSVZKNKBPK5BTN9RA8,63395422,2026,E-Katalog 6.0,APBD,MEDIAKU KABAR PUBLIK,E-Purchasing,Jasa Lainnya,"Belanja Jasa Iklan/Reklame, Film, dan Pemotretan",ON PROCESS,1000000,1000000
KOTA KOTAMOBAGU,BAGIAN UMUM - 4.01.0.00.0.00.01.0001,01KR1B1FA8BFGSBT94FSJ2CESG,64506043,2026,E-Katalog 6.0,APBD,STARINDO COMPUTAMA,E-Purchasing,Barang,Belanja Pemeliharaan Komputer-Komputer Unit-Komputer Unit Lainnya,ON PROCESS,7450320,7450320
KOTA KOTAMOBAGU,BADAN KESATUAN BANGSA DAN POLITIK - 8.01.0.00.0.00.01.0000,01KVVVM3PYWM0VHMTVP66Q2KFB,64418019,2026,E-Katalog 6.0,APBD,RICO ONGI,E-Purchasing,Barang,Belanja Pakaian Olahraga,ON PROCESS,64935000,64935000
KOTA KOTAMOBAGU,DINAS KOMUNIKASI DAN INFORMATIKA - 2.16.2.20.2.21.01.0000,01KVA5QXTPCNDTQ5NTVEQ5AVZA,62874058,2026,E-Katalog 6.0,APBD,MEDIA SULAWESI NETWORK,E-Purchasing,Jasa Lainnya,"Belanja Jasa Iklan/Reklame, Film, dan Pemotretan",ON PROCESS,2000000,2000000
KOTA KOTAMOBAGU,SEKRETARIAT DAERAH - 4.01.0.00.0.00.01.0000,01KWDRZQ255BTWNKSGC3Y2S92G,63423831,2026,E-Katalog 6.0,APBD,FIGIH CICILIA MOKOGINTA,E-Purchasing,Barang,Belanja Makanan dan Minuman Rapat,ON PROCESS,7500000,7500000
KOTA KOTAMOBAGU,DINAS KOMUNIKASI DAN INFORMATIKA - 2.16.2.20.2.21.01.0000,01KK3V76GNJBDBWZN4Y0XXQZPF,62874058,2026,E-Katalog 6.0,APBD,AKTUAL MEDIA GRUP,E-Purchasing,Jasa Lainnya,"Belanja Jasa Iklan/Reklame, Film, dan Pemotretan",ON PROCESS,2000000,2000000
KOTA KOTAMOBAGU,DINAS KOMUNIKASI DAN INFORMATIKA - 2.16.2.20.2.21.01.0000,01KVCCV31Z60ZCE4H7QNSEVVGN,62874058,2026,E-Katalog 6.0,APBD,SULUT CEMERLANG PRESS,E-Purchasing,Jasa Lainnya,"Belanja Jasa Iklan/Reklame, Film, dan Pemotretan",ON PROCESS,1998000,1998000
KOTA KOTAMOBAGU,BLUD RSUD KOTAMOBAGU - 1.02.0.00.0.00.01.0001,01KV9YH3KYF1ZAQFBD35HNT69R,64159880,2026,E-Katalog 6.0,BLUD,ETHICA INDUSTRI FARMASI,E-Purchasing,Barang,Belanja Barang dan Jasa BLUD,ON PROCESS,10214775,10214775
KOTA KOTAMOBAGU,DINAS KOMUNIKASI DAN INFORMATIKA - 2.16.2.20.2.21.01.0000,01KPB1WQFQGXP6EGD03AK9XKR8,62874058,2026,E-Katalog 6.0,APBD,MANADO TERKINI CEMERLANG,E-Purchasing,Jasa Lainnya,"Belanja Jasa Iklan/Reklame, Film, dan Pemotretan",ON PROCESS,1998000,1998000
KOTA KOTAMOBAGU,DINAS KOMUNIKASI DAN INFORMATIKA - 2.16.2.20.2.21.01.0000,01KK3M624N8X2BPQ6V75RNF5QG,62874058,2026,E-Katalog 6.0,APBD,GEMA MEDIA KITA,E-Purchasing,Jasa Lainnya,"Belanja Jasa Iklan/Reklame, Film, dan Pemotretan",ON PROCESS,5000000,5000000
KOTA KOTAMOBAGU,BAGIAN KESEJAHTERAAN RAKYAT - 4.01.0.00.0.00.01.0005,01KRXD85A9JZ2P04AVN8WKZ2X8,63450011,2026,E-Katalog 6.0,APBD,AFIANDI HUSAIN,E-Purchasing,Barang,Belanja Hadiah yang Bersifat Perlombaan,ON PROCESS,16070000,16070000
KOTA KOTAMOBAGU,BLUD RSUD KOTAMOBAGU - 1.02.0.00.0.00.01.0001,01KKFW47XXD3XGHDP0FJ4B0T15,64159880,2026,E-Katalog 6.0,BLUD,BRYAN MEDIKAL,E-Purchasing,Barang,Belanja Barang dan Jasa BLUD,ON PROCESS,71794800,0
KOTA KOTAMOBAGU,UPTD INSTALASI FARMASI - 1.02.0.00.0.00.01.0002,01KH63CR9NGHHZZ15WHY8T9D5X,64000774,2026,E-Katalog 6.0,APBD,BUNGAS AUTO MOTOR,E-Purchasing,Jasa Lainnya,Belanja Pemeliharaan Alat Angkutan-Alat Angkutan Darat Bermotor-Kendaraan Dinas Bermotor Perorangan,ON PROCESS,1295370,1295370
KOTA KOTAMOBAGU,DINAS LINGKUNGAN HIDUP - 2.11.0.00.0.00.01.0000,01KWDVQ672PFRFXJC9PHXKY8T9,64415068,2026,E-Katalog 6.0,APBD,ARCO SAMUDRA PERKASA,E-Purchasing,Jasa Lainnya,Belanja Jasa Tenaga Penanganan Prasarana dan Sarana Umum,ON PROCESS,45728425,45728425
KOTA KOTAMOBAGU,BLUD RSUD KOTAMOBAGU - 1.02.0.00.0.00.01.0001,01KMJ952HXZXMM732H1VYQZ026,64159880,2026,E-Katalog 6.0,BLUD,BERNOFARM,E-Purchasing,Barang,Belanja Barang dan Jasa BLUD,ON PROCESS,98274927,98274927
KOTA KOTAMOBAGU,DINAS PERINDUSTRIAN DAN TENAGA KERJA - 3.31.2.07.0.00.01.0000,01KJVKB3FE780PBH6YJ35WGBP4,65353044,2026,E-Katalog 6.0,APBD,RHAVA COMPUTINDO,E-Purchasing,Jasa Lainnya,Belanja Pemeliharaan Komputer-Komputer Unit-Komputer Unit Lainnya,ON PROCESS,3429999,3429999
KOTA KOTAMOBAGU,PUSKESMAS BILALANG - 1.02.0.00.0.00.01.0006,01KJE7Z9Z0J69NHABAT6T2EVH1,64185711,2026,E-Katalog 6.0,APBD,CYNTHIA PRATIWI SUGEHA,E-Purchasing,Jasa Lainnya,Belanja Barang dan Jasa BOK Puskesmas ,ON PROCESS,2800000,2800000
KOTA KOTAMOBAGU,DINAS KOMUNIKASI DAN INFORMATIKA - 2.16.2.20.2.21.01.0000,01KK3TRK8SKX66Z7EEHPB0QDY8,62874058,2026,E-Katalog 6.0,APBD,RANST SULAWESI JAYA,E-Purchasing,Jasa Lainnya,"Belanja Jasa Iklan/Reklame, Film, dan Pemotretan",ON PROCESS,2000000,2000000
KOTA KOTAMOBAGU,PUSKESMAS MOTOBOI KECIL - 1.02.0.00.0.00.01.0003,01KRABJYBRR47A2YDEEFRM7WH8,63503438,2026,E-Katalog 6.0,APBD,FIRMANSYAH MAMINTIWALO,E-Purchasing,Barang,Belanja Alat/Bahan untuk Kegiatan Kantor - Bahan Cetak (Kapitasi JKN),ON PROCESS,2160000,2160000
KOTA KOTAMOBAGU,BADAN PENGELOLA KEUANGAN DAERAH - 5.02.0.00.0.00.01.0000,01KJVQBHQSPJJRDJ1M6XW14HP1,63019111,2026,E-Katalog 6.0,APBD,UD. PUTRA TEKNIK,E-Purchasing,Jasa Lainnya,Belanja Pemeliharaan Alat Kantor dan Rumah Tangga-Alat Rumah Tangga-Alat Pendingin,ON PROCESS,2191000,2191000
KOTA KOTAMOBAGU,BADAN KEPEGAWAIAN PENDIDIKAN DAN PELATIHAN - 5.03.5.04.0.00.01.0000,01KJD64F8NR9AHSEQ651P0G3B3,63418130,2026,E-Katalog 6.0,APBD,IRMA ASTUTI KOROMPOT,E-Purchasing,Barang,Belanja Alat/Bahan untuk Kegiatan Kantor-Alat Tulis Kantor,ON PROCESS,4364021,4364021
KOTA KOTAMOBAGU,SEKRETARIAT DPRD - 4.02.0.00.0.00.01.0000,01KJVP9W0WZG36SAA8JMJQP0HJ,63395422,2026,E-Katalog 6.0,APBD,BIOVIO MEDIA INDONESIA,E-Purchasing,Jasa Lainnya,"Belanja Jasa Iklan/Reklame, Film, dan Pemotretan",ON PROCESS,999999,999999
KOTA KOTAMOBAGU,DINAS KOMUNIKASI DAN INFORMATIKA - 2.16.2.20.2.21.01.0000,01KRG316CKYFGWZS9VGJBVNJCF,62874058,2026,E-Katalog 6.0,APBD,ADELE BRITA KARTIKA,E-Purchasing,Jasa Lainnya,"Belanja Jasa Iklan/Reklame, Film, dan Pemotretan",ON PROCESS,6993000,6993000
KOTA KOTAMOBAGU,SEKRETARIAT DAERAH - 4.01.0.00.0.00.01.0000,01KTXW8BXNEB5NWGVDKWHWD5EQ,63473306,2026,E-Katalog 6.0,APBD,ASWAR DJUNAIDI DAMOPOLII MOKOGINTA,E-Purchasing,Jasa Lainnya,Belanja Jasa Tenaga Keamanan,ON PROCESS,5000000,5000000
KOTA KOTAMOBAGU,DINAS KOMUNIKASI DAN INFORMATIKA - 2.16.2.20.2.21.01.0000,01KHZPMPAKT8DBCVX7BSM4ZGBW,62874058,2026,E-Katalog 6.0,APBD,BIOVIO MEDIA INDONESIA,E-Purchasing,Jasa Lainnya,"Belanja Jasa Iklan/Reklame, Film, dan Pemotretan",ON PROCESS,2997000,2997000
KOTA KOTAMOBAGU,BADAN PENGELOLA KEUANGAN DAERAH - 5.02.0.00.0.00.01.0000,01KJE94E3K4YDQEFCGJZFMAJH1,63058447,2026,E-Katalog 6.0,APBD,IRMA ASTUTI KOROMPOT,E-Purchasing,Barang,Belanja Alat/Bahan untuk Kegiatan Kantor- Kertas dan Cover,ON PROCESS,7620150,7620150
KOTA KOTAMOBAGU,SEKRETARIAT DAERAH - 4.01.0.00.0.00.01.0000,01KJJ1Y5J9TP0RP8G21RSE9JXE,63471718,2026,E-Katalog 6.0,APBD,DINA SOLAG,E-Purchasing,Jasa Lainnya,Belanja Jasa Tenaga Kebersihan,ON PROCESS,2000000,2000000
KOTA KOTAMOBAGU,SEKRETARIAT DPRD - 4.02.0.00.0.00.01.0000,01KSF5CYJ2TYVB5BYEXTZ98ZWT,63211699,2026,E-Katalog 6.0,APBD,BUNGAS AUTO MOTOR,E-Purchasing,Jasa Lainnya,Belanja Pemeliharaan Alat Angkutan-Alat Angkutan Darat Bermotor-Kendaraan Dinas Bermotor Perorangan,ON PROCESS,8239530,8239530
KOTA KOTAMOBAGU,BAGIAN PROTOKOL DAN KOMUNIKASI PIMPINAN - 4.01.0.00.0.00.01.0004,01KJ9GAJT8BQ73YWXEVWMJZP90,64344110,2026,E-Katalog 6.0,APBD,JAYA ARTHA,E-Purchasing,Barang,Belanja Alat/Bahan untuk Kegiatan Kantor-Alat/Bahan untuk Kegiatan Kantor Lainnya ,ON PROCESS,362970,362970
KOTA KOTAMOBAGU,DINAS KOMUNIKASI DAN INFORMATIKA - 2.16.2.20.2.21.01.0000,01KK3P14Y84RHDSFPB9BQ4J83B,62874058,2026,E-Katalog 6.0,APBD,MANADO TERKINI CEMERLANG,E-Purchasing,Jasa Lainnya,"Belanja Jasa Iklan/Reklame, Film, dan Pemotretan",ON PROCESS,1998000,1998000
KOTA KOTAMOBAGU,PUSKESMAS UPAI - 1.02.0.00.0.00.01.0007,01KG9HWWARKN9A7KDSHWHN9QEM,62849821,2026,E-Katalog 6.0,APBD,MINPUT,E-Purchasing,Barang,Belanja Barang dan Jasa BOK Puskesmas,ON PROCESS,840000,840000
KOTA KOTAMOBAGU,DINAS KEPENDUDUKAN DAN PENCATATAN SIPIL - 2.12.0.00.0.00.01.0000,01KN3FKWF79Q6T9YBBYBKW70H7,62916496,2026,E-Katalog 6.0,APBD,HERRY PONDAAG,E-Purchasing,Barang,Belanja Alat/Bahan untuk Kegiatan Kantor- Bahan Cetak,ON PROCESS,1123875,1123875
KOTA KOTAMOBAGU,DINAS KOMUNIKASI DAN INFORMATIKA - 2.16.2.20.2.21.01.0000,01KJ4C3HR3PGSFNFJGC92BWB61,63468634,2026,E-Katalog 6.0,APBD,BONNY ABDULRAUF,E-Purchasing,Barang,Belanja Alat/Bahan untuk Kegiatan Kantor- Bahan Cetak,ON PROCESS,443256,443256
KOTA KOTAMOBAGU,PUSKESMAS GOGAGOMAN - 1.02.0.00.0.00.01.0004,01KKB1FPBTQ0CY0Y99QCCA7KP9,63782000,2026,E-Katalog 6.0,APBD,@COMP,E-Purchasing,Jasa Lainnya,Belanja Pemeliharaan Komputer - Komputer Unit - Komputer Unit Lainnya,PAYMENT OUTSIDE SYSTEM,1270950,1270950
KOTA KOTAMOBAGU,PUSKESMAS MOTOBOI KECIL - 1.02.0.00.0.00.01.0003,01KJP5A6B0DABQSZDGKS3SQ81B,63501483,2026,E-Katalog 6.0,APBD,JAYA ARTHA,E-Purchasing,Barang,Belanja Alat/Bahan untuk Kegiatan Kantor - Kertas dan Cover (Kapitasi JKN),ON PROCESS,4253520,4253520
KOTA KOTAMOBAGU,DINAS KEPENDUDUKAN DAN PENCATATAN SIPIL - 2.12.0.00.0.00.01.0000,01KPCB7V176WM9HN6KF3AVPCFK,62909662,2026,E-Katalog 6.0,APBD,RHAVA COMPUTINDO,E-Purchasing,Barang,Belanja Alat/Bahan untuk Kegiatan Kantor-Bahan Komputer,ON PROCESS,1038960,1038960
KOTA KOTAMOBAGU,BADAN PERENCANAAN PENELITIAN DAN PENGEMBANGAN DAERAH - 5.01.5.05.0.00.01.0000,01KH7T3T4CR09SNKHXE604SM8J,62260411,2026,E-Katalog 6.0,APBD,MINPUT,E-Purchasing,Barang,Belanja Makanan dan Minuman Rapat,ON PROCESS,14400000,14400000
KOTA KOTAMOBAGU,DINAS PEMBERDAYAAN PEREMPUAN DAN PERLINDUNGAN ANAK - 2.08.0.00.0.00.01.0000,01KK8N2WDXJSQFNZSQ2YY8QTGJ,64674098,2026,E-Katalog 6.0,APBD,YUDHI KADHIKA,E-Purchasing,Barang,Belanja Alat/Bahan untuk Kegiatan Kantor- Bahan Cetak,ON PROCESS,1019813,1019813
KOTA KOTAMOBAGU,DINAS KEARSIPAN DAN PERPUSTAKAAN - 2.24.2.23.0.00.01.0000,01KTEKMRH3CXXQAWD077HF13AM,66139503,2026,E-Katalog 6.0,APBD,JAYA ARTHA,E-Purchasing,Barang,Belanja Alat/Bahan untuk Kegiatan Kantor-Alat Tulis Kantor,ON PROCESS,715617,715617
KOTA KOTAMOBAGU,DINAS KOMUNIKASI DAN INFORMATIKA - 2.16.2.20.2.21.01.0000,01KPAM8KCQG0HFHCEVPJRSWRA3,62874058,2026,E-Katalog 6.0,APBD,GARUDA MEDIA SELATAN,E-Purchasing,Jasa Lainnya,"Belanja Jasa Iklan/Reklame, Film, dan Pemotretan",ON PROCESS,2000000,2000000
KOTA KOTAMOBAGU,SEKRETARIAT DAERAH - 4.01.0.00.0.00.01.0000,01KJHWJ4V42ZHJEGRC5JP7ND6K,63469981,2026,E-Katalog 6.0,APBD,ALFIAN PARAMATA,E-Purchasing,Jasa Lainnya,Belanja Jasa Tenaga Pelayanan Umum,ON PROCESS,2000000,2000000
KOTA KOTAMOBAGU,"DINAS PERDAGANGAN, KOPERASI, USAHA KECIL DAN MENENGAH - 3.30.2.17.0.00.01.0000",01KPVWQJ0KPK46X8G21Y4HRK3K,65307950,2026,E-Katalog 6.0,APBD,RHAVA COMPUTINDO,E-Purchasing,Barang,Belanja Modal Personal Computer,ON PROCESS,16539000,16539000
KOTA KOTAMOBAGU,UPTD PERLINDUNGAN PEREMPUAN DAN ANAK - 2.08.0.00.0.00.01.0001,01KWB75WQQM1JCBAMDGXW6XF8K,67366449,2026,E-Katalog 6.0,APBD,BULAN ASYSWARA B.,E-Purchasing,Jasa Konsultansi,Belanja Jasa Tenaga Ahli,ON PROCESS,1000000,1000000
KOTA KOTAMOBAGU,DINAS PEKERJAAN UMUM DAN PENATAAN RUANG - 1.03.0.00.0.00.01.0000,10144999000,62910503,2026,Tender,APBD,cv. calantha permai,Tender,Pekerjaan Konstruksi,Optimalisasi GOR Ambang Kotamobagu Tahap I,SELESAI,6900000000,6900000000
KOTA KOTAMOBAGU,DINAS KOMUNIKASI DAN INFORMATIKA - 2.16.2.20.2.21.01.0000,01KJ46XJV9TV835CAHHY0MCN5Z,63344773,2026,E-Katalog 6.0,APBD,BONNY ABDULRAUF,E-Purchasing,Barang,Belanja Alat/Bahan untuk Kegiatan Kantor- Kertas dan Cover,ON PROCESS,954600,954600
KOTA KOTAMOBAGU,PUSKESMAS BILALANG - 1.02.0.00.0.00.01.0006,01KRZNV83GDVGRYERR7JA94BZ5,64146113,2026,E-Katalog 6.0,APBD,BUNGAS AUTO MOTOR,E-Purchasing,Jasa Lainnya,Belanja Suku Cadang - Suku cadang alat angkutan,ON PROCESS,3485400,3485400
KOTA KOTAMOBAGU,SEKRETARIAT DPRD - 4.02.0.00.0.00.01.0000,01KPCCX3FPVD1ZNJX6VES7NKNR,63164154,2026,E-Katalog 6.0,APBD,BAGINDO TAILOR KOTAMOBAGU,E-Purchasing,Barang,Belanja Alat/Bahan untuk Kegiatan Kantor- Bahan Cetak,ON PROCESS,149766750,149766750
KOTA KOTAMOBAGU,DINAS KOMUNIKASI DAN INFORMATIKA - 2.16.2.20.2.21.01.0000,01KRFZV6CEGW5RX9MEB0V8E72G,62874058,2026,E-Katalog 6.0,APBD,NESIA INFINITI MEDIA,E-Purchasing,Jasa Lainnya,"Belanja Jasa Iklan/Reklame, Film, dan Pemotretan",ON PROCESS,1998000,1998000
KOTA KOTAMOBAGU,DINAS KOMUNIKASI DAN INFORMATIKA - 2.16.2.20.2.21.01.0000,01KPAHV1ANWZ5HCD9C4ZXP68E8,62874058,2026,E-Katalog 6.0,APBD,RISTO MEDIA SIBER,E-Purchasing,Jasa Lainnya,"Belanja Jasa Iklan/Reklame, Film, dan Pemotretan",ON PROCESS,1998000,1998000
KOTA KOTAMOBAGU,DINAS PENGENDALIAN PENDUDUK DAN KELUARGA BERENCANA - 2.14.0.00.0.00.01.0000,01KR05JZQRA9Y6QHC1PAZ36A29,64933390,2026,E-Katalog 6.0,APBD,MINPUT,E-Purchasing,Barang,Belanja Makanan dan Minuman Rapat,ON PROCESS,40959,40959
KOTA KOTAMOBAGU,BAGIAN UMUM - 4.01.0.00.0.00.01.0001,01KQRS1AHNVZF1A1ZC8QKR8P9T,64502490,2026,E-Katalog 6.0,APBD,HERRY PONDAAG,E-Purchasing,Barang,Belanja Alat/Bahan untuk Kegiatan Kantor-Alat/Bahan untuk Kegiatan Kantor Lainnya,ON PROCESS,14400000,14400000
KOTA KOTAMOBAGU,DINAS PENDIDIKAN - 1.01.0.00.0.00.01.0000,01KTBM0J2MNKF4ZQS7WSY5M6Q3,65263307,2026,E-Katalog 6.0,APBD,KLIFJINO MASSI ,E-Purchasing,Barang,Belanja Alat/Bahan untuk Kegiatan Kantor- Bahan Cetak (Belanja Cetak dan Penggandaan),ON PROCESS,1296000,1296000
KOTA KOTAMOBAGU,DINAS KOMUNIKASI DAN INFORMATIKA - 2.16.2.20.2.21.01.0000,01KSHBJQKJCJM1G1CYZJ86P01T,62874058,2026,E-Katalog 6.0,APBD,RAGAKU MEDIA ISTIMEWA,E-Purchasing,Jasa Lainnya,"Belanja Jasa Iklan/Reklame, Film, dan Pemotretan",ON PROCESS,1000000,1000000
KOTA KOTAMOBAGU,DINAS PENANAMAN MODAL DAN PELAYANAN TERPADU SATU PINTU - 2.18.0.00.0.00.01.0000,01KKAT579M4ZRMEFVY94D1EG3D,64602111,2026,E-Katalog 6.0,APBD,HERRY PONDAAG,E-Purchasing,Barang,Belanja alat/bahan untuk kegiatan kantor- Bahan Komputer,ON PROCESS,1531800,1531800
KOTA KOTAMOBAGU,BLUD RSUD KOTAMOBAGU - 1.02.0.00.0.00.01.0001,01KW9QQC47CYDYCYEGERFQBPCJ,67375290,2026,E-Katalog 6.0,BLUD,PRATAPA NIRMALA,E-Purchasing,Barang,Belanja Barang dan Jasa BLUD,ON PROCESS,8759021,8759021
KOTA KOTAMOBAGU,BADAN KEPEGAWAIAN PENDIDIKAN DAN PELATIHAN - 5.03.5.04.0.00.01.0000,01KRDJG9NBMGNER383AWEKRDSH,63415367,2026,E-Katalog 6.0,APBD,IRMA ASTUTI KOROMPOT,E-Purchasing,Barang,Belanja Bahan-Bahan Lainnya,ON PROCESS,266844,266844
KOTA KOTAMOBAGU,SEKRETARIAT DPRD - 4.02.0.00.0.00.01.0000,01KRYVB1R9VQNFQR7JCQK75GZV,63168847,2026,E-Katalog 6.0,APBD,SUMBER REJEKI,E-Purchasing,Barang,Belanja Makanan dan Minuman Jamuan Tamu,ON PROCESS,4860000,4860000
KOTA KOTAMOBAGU,SEKRETARIAT DPRD - 4.02.0.00.0.00.01.0000,01KRYTNB4MZVHR6NGCSE5XBW3Y,63395422,2026,E-Katalog 6.0,APBD,FARATAMA KILAS MEDIA,E-Purchasing,Jasa Lainnya,"Belanja Jasa Iklan/Reklame, Film, dan Pemotretan",ON PROCESS,1000000,1000000
KOTA KOTAMOBAGU,SEKRETARIAT DAERAH - 4.01.0.00.0.00.01.0000,01KNXAWYWX4MM9PSGD2226G7H0,65314067,2026,E-Katalog 6.0,APBD,CYNTHIA PRATIWI SUGEHA,E-Purchasing,Barang,Belanja Makanan dan Minuman Rapat,ON PROCESS,22000000,22000000
KOTA KOTAMOBAGU,BAGIAN PEREKONOMIAN DAN PEMBANGUNAN - 4.01.0.00.0.00.01.0006,01KP5HXXT3HACKDWZN3SAX8H67,64454896,2026,E-Katalog 6.0,APBD,IRMA ASTUTI KOROMPOT,E-Purchasing,Barang,Belanja Alat/Bahan untuk Kegiatan Kantor- Kertas dan Cover,ON PROCESS,657120,657120
KOTA KOTAMOBAGU,DINAS KOMUNIKASI DAN INFORMATIKA - 2.16.2.20.2.21.01.0000,01KWE2J8K9J9CS8D9PGZX9KK24,62874058,2026,E-Katalog 6.0,APBD,MEDIA BERKAH MAKMUR,E-Purchasing,Jasa Lainnya,"Belanja Jasa Iklan/Reklame, Film, dan Pemotretan",ON PROCESS,1998000,1998000
KOTA KOTAMOBAGU,BAGIAN PROTOKOL DAN KOMUNIKASI PIMPINAN - 4.01.0.00.0.00.01.0004,01KQEFFCNH2NNAQT10WKP65SBN,63381513,2026,E-Katalog 6.0,APBD,FALDITYA FAHRIZAN BUCHARI,E-Purchasing,Jasa Lainnya,"Belanja Jasa Iklan/ Reklame , Film, dan Pemotretan",ON PROCESS,3000000,3000000
KOTA KOTAMOBAGU,BLUD RSUD KOTAMOBAGU - 1.02.0.00.0.00.01.0001,01KWM7C52TZ6111BFGESNN7DEA,67375290,2026,E-Katalog 6.0,BLUD,KOLONGAN JAYA ABADI,E-Purchasing,Barang,Belanja Barang dan Jasa BLUD,ON PROCESS,6294255,6294255
KOTA KOTAMOBAGU,SEKRETARIAT DAERAH - 4.01.0.00.0.00.01.0000,01KJHY3HBYY2JGKJR3DEFY9T5Y,63469981,2026,E-Katalog 6.0,APBD,KASNO AGANTU,E-Purchasing,Jasa Lainnya,Belanja Jasa Tenaga Pelayanan Umum,ON PROCESS,2000000,2000000
KOTA KOTAMOBAGU,BLUD RSUD KOTAMOBAGU - 1.02.0.00.0.00.01.0001,01KT3KH02494V58J2C11D91CPK,64159880,2026,E-Katalog 6.0,BLUD,OTSUKA INDONESIA,E-Purchasing,Barang,Belanja Barang dan Jasa BLUD,ON PROCESS,20335200,20335200
KOTA KOTAMOBAGU,BLUD RSUD KOTAMOBAGU - 1.02.0.00.0.00.01.0001,01KV54V2HJK61A5TRYQ9X9JXSN,64159880,2026,E-Katalog 6.0,BLUD,CYNTHIA PRATIWI SUGEHA,E-Purchasing,Barang,Belanja Barang dan Jasa BLUD,ON PROCESS,2685000,2685000
KOTA KOTAMOBAGU,PUSKESMAS BILALANG - 1.02.0.00.0.00.01.0006,01KFNBW4CS7HPFZCXBJR5BMSWS,64185632,2026,E-Katalog 6.0,APBD,CYNTHIA PRATIWI SUGEHA,E-Purchasing,Jasa Lainnya,Belanja Barang dan Jasa BOK Puskesmas ,ON PROCESS,2800000,2800000
KOTA KOTAMOBAGU,BADAN PENGELOLA KEUANGAN DAERAH - 5.02.0.00.0.00.01.0000,01KWBQVJYWWHS745W68DENB0CZ,63081779,2026,E-Katalog 6.0,APBD,IRMA ASTUTI KOROMPOT,E-Purchasing,Barang,Belanja Alat/Bahan untuk Kegiatan Kantor-Alat Tulis Kantor,ON PROCESS,567432,567432
KOTA KOTAMOBAGU,BADAN PENGELOLA KEUANGAN DAERAH - 5.02.0.00.0.00.01.0000,01KQT0D73DMS0WJBBRXMGNHSD5,63113276,2026,E-Katalog 6.0,APBD,IRMA ASTUTI KOROMPOT,E-Purchasing,Barang,Belanja Alat/Bahan untuk Kegiatan Kantor- Kertas dan Cover,ON PROCESS,402597,402597
KOTA KOTAMOBAGU,DINAS KESEHATAN - 1.02.0.00.0.00.01.0000,01KW73YN0NQ99KVJABXXP1AX1J,65546167,2026,E-Katalog 6.0,APBD,SAMSU MAKALALAG,E-Purchasing,Jasa Lainnya,Belanja Jasa Tenaga Keamanan,ON PROCESS,1500000,1500000
KOTA KOTAMOBAGU,BADAN PENGELOLA KEUANGAN DAERAH - 5.02.0.00.0.00.01.0000,01KRD1167NBGQSFGB3325P962K,63011905,2026,E-Katalog 6.0,APBD,IRMA ASTUTI KOROMPOT,E-Purchasing,Barang,Belanja Alat/Bahan untuk Kegiatan Kantor-Bahan Komputer,ON PROCESS,1431900,1431900
KOTA KOTAMOBAGU,DINAS LINGKUNGAN HIDUP - 2.11.0.00.0.00.01.0000,01KNGJGX7YY8JR1GSSTE4W6DAM,66203704,2026,E-Katalog 6.0,APBD,U.D. TOTABUAN CITAWAYA,E-Purchasing,Jasa Lainnya,Belanja Pemeliharaan Alat Angkutan - Alat Angkutan Darat Bermotor - Kendaraan Dinas Bermotor Perorangan,ON PROCESS,35811375,35811375
KOTA KOTAMOBAGU,BAGIAN UMUM - 4.01.0.00.0.00.01.0001,01KGNVKKD2GPG6K97D0CJZ1WTZ,64502490,2026,E-Katalog 6.0,APBD,HERRY PONDAAG,E-Purchasing,Barang,Belanja Alat/Bahan untuk Kegiatan Kantor-Alat/Bahan untuk Kegiatan Kantor Lainnya,ON PROCESS,13370229,13370229
KOTA KOTAMOBAGU,DINAS KOMUNIKASI DAN INFORMATIKA - 2.16.2.20.2.21.01.0000,01KWE52SV8TZKXBYX24AYPF4N2,62874058,2026,E-Katalog 6.0,APBD,VIRZHA NUSANTARA INFORMASI,E-Purchasing,Jasa Lainnya,"Belanja Jasa Iklan/Reklame, Film, dan Pemotretan",ON PROCESS,2000000,2000000
KOTA KOTAMOBAGU,DINAS PERINDUSTRIAN DAN TENAGA KERJA - 3.31.2.07.0.00.01.0000,01KRB31TJCW5RM98HW35D8F4D6,65350251,2026,E-Katalog 6.0,APBD,IRMA ASTUTI KOROMPOT,E-Purchasing,Barang,Belanja Alat/Bahan untuk Kegiatan Kantor- Kertas dan Cover,ON PROCESS,896005,896005
KOTA KOTAMOBAGU,DINAS KETAHANAN PANGAN - 2.09.0.00.0.00.01.0000,01KNTG3X1EER0FNY8K68PDN8V3,63985741,2026,E-Katalog 6.0,APBD,HERRY PONDAAG,E-Purchasing,Barang,Belanja Alat/Bahan untuk Kegiatan Kantor-Bahan Komputer,ON PROCESS,649350,649350
KOTA KOTAMOBAGU,DINAS KEPENDUDUKAN DAN PENCATATAN SIPIL - 2.12.0.00.0.00.01.0000,01KSF2RQ9115FN9WX6H5S3J31B,62912340,2026,E-Katalog 6.0,APBD,HERRY PONDAAG,E-Purchasing,Barang,Belanja Alat/Bahan untuk Kegiatan Kantor-Bahan Komputer,ON PROCESS,1558440,1558440
KOTA KOTAMOBAGU,DINAS KEPEMUDAAN DAN OLAHRAGA - 2.19.0.00.0.00.01.0000,01KNJYVWSME9P6MBDV4G91D7MK,64681375,2026,E-Katalog 6.0,APBD,MINPUT,E-Purchasing,Jasa Lainnya,Belanja Makanan Dan Minuman Rapat,ON PROCESS,1100000,1100000
KOTA KOTAMOBAGU,DINAS KEPENDUDUKAN DAN PENCATATAN SIPIL - 2.12.0.00.0.00.01.0000,01KHQB03R5SNEWQ7Q7TCECF0QE,62925666,2026,E-Katalog 6.0,APBD,RHAVA COMPUTINDO,E-Purchasing,Barang,Belanja Pemeliharaan Komputer-Komputer Unit-Komputer Unit Lainnya,ON PROCESS,4943940,4943940
KOTA KOTAMOBAGU,SEKRETARIAT DPRD - 4.02.0.00.0.00.01.0000,01KJVEJW19XND2NY7DXKBSPK4H,63395422,2026,E-Katalog 6.0,APBD,MEDIA CITRA ANUGRAH,E-Purchasing,Jasa Lainnya,"Belanja Jasa Iklan/Reklame, Film, dan Pemotretan",ON PROCESS,999999,999999
KOTA KOTAMOBAGU,DINAS KOMUNIKASI DAN INFORMATIKA - 2.16.2.20.2.21.01.0000,01KWGJEW11CSVZWWMV847N2X13,62874058,2026,E-Katalog 6.0,APBD,MEDIAKU KABAR PUBLIK,E-Purchasing,Jasa Lainnya,"Belanja Jasa Iklan/Reklame, Film, dan Pemotretan",ON PROCESS,1998000,1998000
KOTA KOTAMOBAGU,"DINAS PERDAGANGAN, KOPERASI, USAHA KECIL DAN MENENGAH - 3.30.2.17.0.00.01.0000",01KRD744MFW1SRJ6PE5NVKC7MQ,65288212,2026,E-Katalog 6.0,APBD,IRMA ASTUTI KOROMPOT,E-Purchasing,Barang,Belanja Alat/Bahan untuk Kegiatan Kantor-Alat Listrik ,ON PROCESS,802885,802885
KOTA KOTAMOBAGU,BLUD RSUD KOTAMOBAGU - 1.02.0.00.0.00.01.0001,01KKN41THPN796AM9Y7NG00BBQ,62976479,2026,E-Katalog 6.0,BLUD,SEKARGUNA MEDIKA,E-Purchasing,Barang,Belanja Modal Peralatan dan Mesin BLUD,ON PROCESS,236900000,0
KOTA KOTAMOBAGU,DINAS KOMUNIKASI DAN INFORMATIKA - 2.16.2.20.2.21.01.0000,01KVA4Q050DV9AABF0NW3567G2,62874058,2026,E-Katalog 6.0,APBD,BUMANTARA BAROKAH BERSAMA,E-Purchasing,Jasa Lainnya,"Belanja Jasa Iklan/Reklame, Film, dan Pemotretan",ON PROCESS,2000000,2000000
KOTA KOTAMOBAGU,DINAS LINGKUNGAN HIDUP - 2.11.0.00.0.00.01.0000,01KKJZ7BNCQ3BSNC1QRP497CT1,66203704,2026,E-Katalog 6.0,APBD,RIVS,E-Purchasing,Jasa Lainnya,Belanja Pemeliharaan Alat Angkutan - Alat Angkutan Darat Bermotor - Kendaraan Dinas Bermotor Perorangan,ON PROCESS,9057600,9057600
KOTA KOTAMOBAGU,PUSKESMAS UPAI - 1.02.0.00.0.00.01.0007,01KQ8QJCJMGQCDA41VMH9P7TYG,62869627,2026,E-Katalog 6.0,APBD,CYNTHIA PRATIWI SUGEHA,E-Purchasing,Barang,Belanja Barang dan Jasa BOK Puskesmas,ON PROCESS,3200000,3200000
KOTA KOTAMOBAGU,SEKRETARIAT DAERAH - 4.01.0.00.0.00.01.0000,01KPMTA1J776K79CQ4APSKN7NJ,63423831,2026,E-Katalog 6.0,APBD,FIGIH CICILIA MOKOGINTA,E-Purchasing,Barang,Belanja Makanan dan Minuman Rapat,ON PROCESS,980000,980000
KOTA KOTAMOBAGU,DINAS KOMUNIKASI DAN INFORMATIKA - 2.16.2.20.2.21.01.0000,01KHZGH6VTHZ1H33DZT8H4706C,62874058,2026,E-Katalog 6.0,APBD,BOLMONG POST CIPTA PARASANA,E-Purchasing,Jasa Lainnya,"Belanja Jasa Iklan/Reklame, Film, dan Pemotretan",ON PROCESS,1998000,1998000
KOTA KOTAMOBAGU,SEKRETARIAT DAERAH - 4.01.0.00.0.00.01.0000,01KJPN6V6DRW3T3ECPNFWZ5T53,63474266,2026,E-Katalog 6.0,APBD,SUDARWIN DAHLAN,E-Purchasing,Jasa Lainnya,Belanja Jasa Tenaga Supir,ON PROCESS,4000000,4000000
KOTA KOTAMOBAGU,DINAS PERUMAHAN RAKYAT DAN KAWASAN PERMUKIMAN - 1.04.2.10.0.00.01.0000,01KRWVSZ8G1ATNM6TDEVFWJ569,64600728,2026,E-Katalog 6.0,APBD,HERRY PONDAAG,E-Purchasing,Barang,Belanja Bahan-Bahan Lainnya,ON PROCESS,1160496,1160496
KOTA KOTAMOBAGU,BLUD RSUD KOTAMOBAGU - 1.02.0.00.0.00.01.0001,01KS1NEE6M9TAHXGVMDJXVYRM8,64159880,2026,E-Katalog 6.0,BLUD,ENDO INDONESIA,E-Purchasing,Barang,Belanja Barang dan Jasa BLUD,ON PROCESS,14157101,14157101
KOTA KOTAMOBAGU,SEKRETARIAT DAERAH - 4.01.0.00.0.00.01.0000,01KQRZYA35GNWW8TV0BD66A65Q,63423831,2026,E-Katalog 6.0,APBD,HERRY PONDAAG,E-Purchasing,Barang,Belanja Makanan dan Minuman Rapat,ON PROCESS,6971355,6971355
KOTA KOTAMOBAGU,DINAS PENGENDALIAN PENDUDUK DAN KELUARGA BERENCANA - 2.14.0.00.0.00.01.0000,01KNJSS765J8HFQT0T0BGRZ00S,64007983,2026,E-Katalog 6.0,APBD,ANWAR LABAGU,E-Purchasing,Jasa Lainnya,Belanja Jasa Tenaga Supir,ON PROCESS,1000000,1000000
KOTA KOTAMOBAGU,SEKRETARIAT DAERAH - 4.01.0.00.0.00.01.0000,01KQV8PMATQNRJT61EJ8E7KCN1,63469981,2026,E-Katalog 6.0,APBD,TRIANA KOROMPOT,E-Purchasing,Jasa Lainnya,Belanja Jasa Tenaga Pelayanan Umum,ON PROCESS,2000000,2000000
KOTA KOTAMOBAGU,KECAMATAN KOTAMOBAGU TIMUR - 7.01.0.00.0.00.03.0000,01KSHKD5MR357YX5JKEK9T4J9M,64559152,2026,E-Katalog 6.0,APBD,RHAVA COMPUTINDO,E-Purchasing,Jasa Lainnya,Belanja Pemeliharaan Komputer-Komputer Unit-Komputer Unit Lainnya,ON PROCESS,682650,682650
KOTA KOTAMOBAGU,DINAS KOMUNIKASI DAN INFORMATIKA - 2.16.2.20.2.21.01.0000,01KVA48GPJ6M20ZP39JX4Y2384,62874058,2026,E-Katalog 6.0,APBD,HIKMAH MEDIA NUSANTARA,E-Purchasing,Jasa Lainnya,"Belanja Jasa Iklan/Reklame, Film, dan Pemotretan",ON PROCESS,2000000,2000000
KOTA KOTAMOBAGU,KECAMATAN KOTAMOBAGU TIMUR - 7.01.0.00.0.00.03.0000,01KT9864TPW0B86AZP6K85F7A9,64559152,2026,E-Katalog 6.0,APBD,RHAVA COMPUTINDO,E-Purchasing,Jasa Lainnya,Belanja Pemeliharaan Komputer-Komputer Unit-Komputer Unit Lainnya,ON PROCESS,682650,682650
KOTA KOTAMOBAGU,UPTD INSTALASI FARMASI - 1.02.0.00.0.00.01.0002,01KJCE80TYWZ93NX1YEQRVK12X,63482000,2026,E-Katalog 6.0,APBD,SOLAS LANGGENG SEJAHTERA,E-Purchasing,Barang,Belanja Obat-Obatan-Obat,ON PROCESS,43201200,43201200
KOTA KOTAMOBAGU,DINAS LINGKUNGAN HIDUP - 2.11.0.00.0.00.01.0000,01KPN130KEVR8FA44Y3TCG0KQX,66203704,2026,E-Katalog 6.0,APBD,BUNGAS AUTO MOTOR,E-Purchasing,Jasa Lainnya,Belanja Pemeliharaan Alat Angkutan - Alat Angkutan Darat Bermotor - Kendaraan Dinas Bermotor Perorangan,ON PROCESS,63825000,63825000
KOTA KOTAMOBAGU,SEKRETARIAT DAERAH - 4.01.0.00.0.00.01.0000,01KJHSTBDH1KHMBS5A3EP8N6T3,63469981,2026,E-Katalog 6.0,APBD,RIZKY ZULFIKAR MOKOGINTA,E-Purchasing,Jasa Lainnya,Belanja Jasa Tenaga Pelayanan Umum,ON PROCESS,2000000,2000000
KOTA KOTAMOBAGU,BAGIAN PROTOKOL DAN KOMUNIKASI PIMPINAN - 4.01.0.00.0.00.01.0004,01KKB1EABWJD6JXJPFGH01969F,64346720,2026,E-Katalog 6.0,APBD,RHAVA COMPUTINDO,E-Purchasing,Jasa Lainnya,Belanja Pemeliharaan Alat Kantor dan Rumah Tangga - Alat KAntor - Alat KAntor Lainnya,ON PROCESS,2007990,2007990
KOTA KOTAMOBAGU,BAGIAN UMUM - 4.01.0.00.0.00.01.0001,01KV0RMASS0Q2M89WGRS6WW8HW,64509313,2026,E-Katalog 6.0,APBD,HASAN MAKALUNSENGE,E-Purchasing,Barang,Belanja Pemeliharaan Alat Angkutan-Alat Angkutan Darat Bermotor-Kendaraan Dinas Bermotor Perorangan,ON PROCESS,2773890,2773890
KOTA KOTAMOBAGU,PUSKESMAS KOTOBANGON - 1.02.0.00.0.00.01.0005,01KQXWZXR0H9KB01A1PRQ97D0Q,63445996,2026,E-Katalog 6.0,APBD,ARVITA ALVARO MEDIKA,E-Purchasing,Barang,Belanja Obat-Obatan-Obat-Obatan Lainnya,ON PROCESS,18892200,18892200
KOTA KOTAMOBAGU,BLUD RSUD KOTAMOBAGU - 1.02.0.00.0.00.01.0001,01KVN8FY8J8VSS28ZHRA9MYBR1,64159880,2026,E-Katalog 6.0,BLUD,BRYAN MEDIKAL,E-Purchasing,Barang,Belanja Barang dan Jasa BLUD,ON PROCESS,34965000,0
KOTA KOTAMOBAGU,BADAN PENGELOLA KEUANGAN DAERAH - 5.02.0.00.0.00.01.0000,01KTECJ0QXE51SE98DA8VVEZKX,63113378,2026,E-Katalog 6.0,APBD,FIGIH CICILIA MOKOGINTA,E-Purchasing,Jasa Lainnya,Belanja Makanan dan Minuman Rapat,ON PROCESS,566200,566200
KOTA KOTAMOBAGU,DINAS PEKERJAAN UMUM DAN PENATAAN RUANG - 1.03.0.00.0.00.01.0000,01KWXFFD6E2BF9KNQ74P3GT71V,62873812,2026,E-Katalog 6.0,APBD,PUTRI SISI NOVIANTI POTABUGA,E-Purchasing,Jasa Lainnya,Belanja Jasa Tenaga Penanganan Prasarana dan Sarana Umum,ON PROCESS,9000000,9000000
KOTA KOTAMOBAGU,KELURAHAN MATALI - 7.01.0.00.0.00.03.0006,01KW99Q8W0B86H774DCXH5MTAS,65110126,2026,E-Katalog 6.0,APBD,HERRY PONDAAG,E-Purchasing,Barang,Belanja Alat/Bahan untuk Kegiatan Kantor- Kertas dan Cover,ON PROCESS,626040,626040
KOTA KOTAMOBAGU,SEKRETARIAT DPRD - 4.02.0.00.0.00.01.0000,01KJVG83FCBRWZRGMBJ0HKP7FB,63395422,2026,E-Katalog 6.0,APBD,MANADO GLOBAL MEDIA,E-Purchasing,Jasa Lainnya,"Belanja Jasa Iklan/Reklame, Film, dan Pemotretan",ON PROCESS,999999,999999
KOTA KOTAMOBAGU,BAGIAN UMUM - 4.01.0.00.0.00.01.0001,01KQREVGRBDM9RSK0C1Z1ZGR1N,64502085,2026,E-Katalog 6.0,APBD,HERRY PONDAAG,E-Purchasing,Barang,Belanja Bahan-Bahan Lainnya,ON PROCESS,6311000,6311000
KOTA KOTAMOBAGU,BLUD RSUD KOTAMOBAGU - 1.02.0.00.0.00.01.0001,01KQ41KJN8E45KCVQYZ24DX2AD,64159880,2026,E-Katalog 6.0,BLUD,TIGA BINTANG,E-Purchasing,Barang,Belanja Barang dan Jasa BLUD,ON PROCESS,3700007,3700007
KOTA KOTAMOBAGU,PUSKESMAS BILALANG - 1.02.0.00.0.00.01.0006,01KVFFPB7WYHXHHEZA4GPFVDC3,64146113,2026,E-Katalog 6.0,APBD,BUNGAS AUTO MOTOR,E-Purchasing,Jasa Lainnya,Belanja Suku Cadang - Suku cadang alat angkutan,ON PROCESS,1010100,1010100
KOTA KOTAMOBAGU,DINAS KOMUNIKASI DAN INFORMATIKA - 2.16.2.20.2.21.01.0000,01KRFF7DF0PV6GYH9A26X6629Z,62874058,2026,E-Katalog 6.0,APBD,HIKMAH MEDIA NUSANTARA,E-Purchasing,Jasa Lainnya,"Belanja Jasa Iklan/Reklame, Film, dan Pemotretan",ON PROCESS,2000000,2000000
KOTA KOTAMOBAGU,DINAS KOMUNIKASI DAN INFORMATIKA - 2.16.2.20.2.21.01.0000,01KWE432VR0QE9EEVM7NTHVMX5,62874058,2026,E-Katalog 6.0,APBD,MANADO GLOBAL MEDIA,E-Purchasing,Jasa Lainnya,"Belanja Jasa Iklan/Reklame, Film, dan Pemotretan",ON PROCESS,2997000,2997000
KOTA KOTAMOBAGU,BLUD RSUD KOTAMOBAGU - 1.02.0.00.0.00.01.0001,01KFHNR77DRAB52NNR79NE4QRV,62978195,2026,E-Katalog 6.0,BLUD,BRYAN MEDIKAL,E-Purchasing,Barang,Belanja Barang dan Jasa BLUD,ON PROCESS,57243588,0
KOTA KOTAMOBAGU,SEKRETARIAT DPRD - 4.02.0.00.0.00.01.0000,01KJPRK5EDXM51EQN663QTHMJC,63392033,2026,E-Katalog 6.0,APBD,AGUS DJUNAIDI,E-Purchasing,Jasa Lainnya,Belanja Jasa Tenaga Supir,ON PROCESS,4000000,4000000
KOTA KOTAMOBAGU,DINAS KOMUNIKASI DAN INFORMATIKA - 2.16.2.20.2.21.01.0000,01KWE40HFQ7TV18Q9X4QCVZWGS,62874058,2026,E-Katalog 6.0,APBD,MEDIA SAHABAT RAKYAT SATU,E-Purchasing,Jasa Lainnya,"Belanja Jasa Iklan/Reklame, Film, dan Pemotretan",ON PROCESS,1998000,1998000
KOTA KOTAMOBAGU,DINAS KOMUNIKASI DAN INFORMATIKA - 2.16.2.20.2.21.01.0000,01KPSN1H02PA66WMZ54WT56664,62874058,2026,E-Katalog 6.0,APBD,KAZA REVOLUSIONER MEDIA,E-Purchasing,Jasa Lainnya,"Belanja Jasa Iklan/Reklame, Film, dan Pemotretan",ON PROCESS,1000000,1000000
KOTA KOTAMOBAGU,BLUD RSUD KOTAMOBAGU - 1.02.0.00.0.00.01.0001,01KPZRAYT90EJKYTGA2VD3VH2K,64159880,2026,E-Katalog 6.0,BLUD,DEXA MEDICA,E-Purchasing,Barang,Belanja Barang dan Jasa BLUD,ON PROCESS,18800070,18800070
KOTA KOTAMOBAGU,KECAMATAN KOTAMOBAGU BARAT - 7.01.0.00.0.00.01.0000,01KQ202P8DK6QSJSXYY2JQYBY1,64224442,2026,E-Katalog 6.0,APBD,HERRY PONDAAG,E-Purchasing,Barang,Belanja alat/bahan untuk kegiatan kantor -alat tulis kantor,ON PROCESS,6171600,6171600
KOTA KOTAMOBAGU,BADAN PENGELOLA KEUANGAN DAERAH - 5.02.0.00.0.00.01.0000,01KNNV290AY7TC49BCM71YK0PN,63092019,2026,E-Katalog 6.0,APBD,IRMA ASTUTI KOROMPOT,E-Purchasing,Barang,Belanja Alat/Bahan untuk Kegiatan Kantor- Kertas dan Cover,ON PROCESS,1413918,1413918
KOTA KOTAMOBAGU,BADAN PENGELOLA KEUANGAN DAERAH - 5.02.0.00.0.00.01.0000,01KJS42276FQMPYWFVF47PMRSA,63113384,2026,E-Katalog 6.0,APBD,BERKAH TOTABUAN,E-Purchasing,Barang,Belanja Barang untuk Dijual/Diserahkan kepada Masyarakat,ON PROCESS,20901300,20901300
KOTA KOTAMOBAGU,SEKRETARIAT DAERAH - 4.01.0.00.0.00.01.0000,01KQV0VZ9XTV3HQFJXS7QXYYZB,63473306,2026,E-Katalog 6.0,APBD,SISMAN DAMOPOLII,E-Purchasing,Jasa Lainnya,Belanja Jasa Tenaga Keamanan,ON PROCESS,5000000,5000000
KOTA KOTAMOBAGU,SEKRETARIAT DPRD - 4.02.0.00.0.00.01.0000,01KKAJGM3KDPHTEJDFFNTKKH8C,63395422,2026,E-Katalog 6.0,APBD,PERS HARUNDJA BERJAYA,E-Purchasing,Jasa Lainnya,"Belanja Jasa Iklan/Reklame, Film, dan Pemotretan",ON PROCESS,999999,999999
KOTA KOTAMOBAGU,BADAN PENANGGULANGAN BENCANA DAERAH - 1.05.0.00.0.00.02.0000,01KP9RQ6B4PH6DM2VMK4PT1YBQ,63939530,2026,E-Katalog 6.0,APBD,HERRY PONDAAG,E-Purchasing,Barang,Belanja Alat/Bahan untuk Kegiatan Kantor- Kertas dan Cover,ON PROCESS,812409,812409
KOTA KOTAMOBAGU,KECAMATAN KOTAMOBAGU TIMUR - 7.01.0.00.0.00.03.0000,01KSHHMXT24S9C0707VPJYR0GK,64558691,2026,E-Katalog 6.0,APBD,RHAVA COMPUTINDO,E-Purchasing,Jasa Lainnya,Belanja Pemeliharaan Alat Kantor dan Rumah Tangga-Alat Rumah Tangga-Alat Pendingin,ON PROCESS,1159950,1159950
KOTA KOTAMOBAGU,BLUD RSUD KOTAMOBAGU - 1.02.0.00.0.00.01.0001,01KRZE4NA0VGP8J1E6KDAJX8QZ,64159880,2026,E-Katalog 6.0,BLUD,SAPTA SARI TAMA,E-Purchasing,Barang,Belanja Barang dan Jasa BLUD,ON PROCESS,66938062,0
KOTA KOTAMOBAGU,BLUD RSUD KOTAMOBAGU - 1.02.0.00.0.00.01.0001,01KGRZJWERCRE65A3XKQMP5ARK,64159880,2026,E-Katalog 6.0,BLUD,PRATAPA NIRMALA,E-Purchasing,Barang,Belanja Barang dan Jasa BLUD,ON PROCESS,19980000,19980000
KOTA KOTAMOBAGU,BLUD RSUD KOTAMOBAGU - 1.02.0.00.0.00.01.0001,01KWB3819E2QT0TJP6VPW0TH24,67375290,2026,E-Katalog 6.0,BLUD,BRYAN MEDIKAL,E-Purchasing,Barang,Belanja Barang dan Jasa BLUD,ON PROCESS,203034540,0
KOTA KOTAMOBAGU,DINAS KOMUNIKASI DAN INFORMATIKA - 2.16.2.20.2.21.01.0000,01KVCDEHEFV0VV85CNTYEBXDRE,62874058,2026,E-Katalog 6.0,APBD,SELUSUR MEDIA SANGIREES,E-Purchasing,Jasa Lainnya,"Belanja Jasa Iklan/Reklame, Film, dan Pemotretan",ON PROCESS,1998000,1998000
KOTA KOTAMOBAGU,DINAS LINGKUNGAN HIDUP - 2.11.0.00.0.00.01.0000,01KS4XA3WQMC3QVNVCRAJSQWNC,64412502,2026,E-Katalog 6.0,APBD,BERKAH TOTABUAN,E-Purchasing,Barang,Belanja Modal Mesin Proses,ON PROCESS,67710000,67710000
KOTA KOTAMOBAGU,PUSKESMAS GOGAGOMAN - 1.02.0.00.0.00.01.0004,01KKAXFHZRHKMW0MSRP7Y1PD50,63780154,2026,E-Katalog 6.0,APBD,JAYA ARTHA,E-Purchasing,Barang,Belanja Alat/Bahan Untuk Kegiatan Kantor - Alat/Bahan untuk Kegiatan Kantor Lainnya,ON PROCESS,652125,652125
KOTA KOTAMOBAGU,UPTD INSTALASI FARMASI - 1.02.0.00.0.00.01.0002,01KS290K07K6YGNBPR4T45GS3Q,63480254,2026,E-Katalog 6.0,APBD,TRISA LIKUID FARMA,E-Purchasing,Barang,Belanja Bahan-Bahan Lainnya,ON PROCESS,564713,564713
KOTA KOTAMOBAGU,DINAS KOMUNIKASI DAN INFORMATIKA - 2.16.2.20.2.21.01.0000,01KK3QAWG7JJJVFHFNQEK3T1K7,62874058,2026,E-Katalog 6.0,APBD,SULUT CEMERLANG PRESS,E-Purchasing,Jasa Lainnya,"Belanja Jasa Iklan/Reklame, Film, dan Pemotretan",ON PROCESS,1998000,1998000
KOTA KOTAMOBAGU,SEKRETARIAT DAERAH - 4.01.0.00.0.00.01.0000,01KQV0KYH86SGSJ3AQRDYNFW5Q,63473306,2026,E-Katalog 6.0,APBD,ASWAR DJUNAIDI DAMOPOLII MOKOGINTA,E-Purchasing,Jasa Lainnya,Belanja Jasa Tenaga Keamanan,ON PROCESS,5000000,5000000
KOTA KOTAMOBAGU,UPTD INSTALASI FARMASI - 1.02.0.00.0.00.01.0002,01KQS64F7EMD82JY42NQP9DT84,63482000,2026,E-Katalog 6.0,APBD,ERLANGGA EDI LABORATORIES,E-Purchasing,Barang,Belanja Obat-Obatan-Obat,ON PROCESS,22199423,22199423
KOTA KOTAMOBAGU,PUSKESMAS MOTOBOI KECIL - 1.02.0.00.0.00.01.0003,01KPSFRRKRM65HD0JR5RTGTHV2,63505993,2026,E-Katalog 6.0,APBD,JAYA ARTHA,E-Purchasing,Barang,Belanja Alat/Bahan untuk Kegiatan Kantor - Alat/Bahan Untuk Kegiatan Kantor Lainnya (Kapitasi JKN),ON PROCESS,7559938,7559938
KOTA KOTAMOBAGU,UPTD PERLINDUNGAN PEREMPUAN DAN ANAK - 2.08.0.00.0.00.01.0001,01KQSABS6KQAV8M4860MY9BG0Q,64674569,2026,E-Katalog 6.0,APBD,CYNTHIA PRATIWI SUGEHA,E-Purchasing,Barang,Belanja Makanan dan Minuman Rapat,ON PROCESS,7383000,7383000
KOTA KOTAMOBAGU,SEKRETARIAT DAERAH - 4.01.0.00.0.00.01.0000,01KJHWZKXNFK4S6GDDZKH7FGN0,63469981,2026,E-Katalog 6.0,APBD,WITA PASAMBUNA,E-Purchasing,Jasa Lainnya,Belanja Jasa Tenaga Pelayanan Umum,ON PROCESS,2000000,2000000
KOTA KOTAMOBAGU,BLUD RSUD KOTAMOBAGU - 1.02.0.00.0.00.01.0001,01KJC4KDMA623812SV9JG407CX,64159880,2026,E-Katalog 6.0,BLUD,PRATAPA NIRMALA,E-Purchasing,Barang,Belanja Barang dan Jasa BLUD,ON PROCESS,7609050,7609050
KOTA KOTAMOBAGU,DINAS KOMUNIKASI DAN INFORMATIKA - 2.16.2.20.2.21.01.0000,01KVCW7AS2XE6P58EKVM4QX2FC,62874058,2026,E-Katalog 6.0,APBD,MEDIA CITRA ANUGRAH,E-Purchasing,Jasa Lainnya,"Belanja Jasa Iklan/Reklame, Film, dan Pemotretan",ON PROCESS,2000000,2000000
KOTA KOTAMOBAGU,DINAS KOMUNIKASI DAN INFORMATIKA - 2.16.2.20.2.21.01.0000,01KK3KWJ8DNXEBACD73BSHHVNV,62874058,2026,E-Katalog 6.0,APBD,INFO TOTABUAN SAFA EYATO,E-Purchasing,Jasa Lainnya,"Belanja Jasa Iklan/Reklame, Film, dan Pemotretan",ON PROCESS,4995000,4995000
KOTA KOTAMOBAGU,DINAS KOMUNIKASI DAN INFORMATIKA - 2.16.2.20.2.21.01.0000,01KVA5TDHJWDPVB6T9ZZH0QND9,62874058,2026,E-Katalog 6.0,APBD,ALFATIH NURANDI MEDIA,E-Purchasing,Jasa Lainnya,"Belanja Jasa Iklan/Reklame, Film, dan Pemotretan",ON PROCESS,2997000,2997000
KOTA KOTAMOBAGU,DINAS KOMUNIKASI DAN INFORMATIKA - 2.16.2.20.2.21.01.0000,01KS4G0N9RHV8CBWCXNG1P76NY,62872799,2026,E-Katalog 6.0,APBD,FIRMANSYAH MAMINTIWALO,E-Purchasing,Barang,Belanja Alat/Bahan untuk Kegiatan Kantor- Bahan Cetak,ON PROCESS,10880000,10880000
KOTA KOTAMOBAGU,DINAS PEKERJAAN UMUM DAN PENATAAN RUANG - 1.03.0.00.0.00.01.0000,01KK15JE0QEB2DTC2RQXV2RB3K,63013426,2026,E-Katalog 6.0,APBD,LA ROSE,E-Purchasing,Barang,Belanja Alat/Bahan untuk Kegiatan Kantor-Bahan Komputer,ON PROCESS,239760,239760
KOTA KOTAMOBAGU,DINAS KOMUNIKASI DAN INFORMATIKA - 2.16.2.20.2.21.01.0000,01KK3V2Q3D5ZHH3042FFB7CQDR,62874058,2026,E-Katalog 6.0,APBD,MEDIA KOLABORASI BERSAMA,E-Purchasing,Jasa Lainnya,"Belanja Jasa Iklan/Reklame, Film, dan Pemotretan",ON PROCESS,2000000,2000000
KOTA KOTAMOBAGU,BLUD RSUD KOTAMOBAGU - 1.02.0.00.0.00.01.0001,01KSHKFJ4N0478RNBQTK25641A,64159880,2026,E-Katalog 6.0,BLUD,CENDO,E-Purchasing,Barang,Belanja Barang dan Jasa BLUD,ON PROCESS,13587554,13587554
KOTA KOTAMOBAGU,DINAS PENGENDALIAN PENDUDUK DAN KELUARGA BERENCANA - 2.14.0.00.0.00.01.0000,01KGNRH6RZ41YE4GMXFC0VMDE5,63986288,2026,E-Katalog 6.0,APBD,HERRY PONDAAG,E-Purchasing,Barang,Belanja Alat/Bahan untuk Kegiatan Kantor-Alat Listrik,ON PROCESS,493395,493395
KOTA KOTAMOBAGU,SEKRETARIAT DAERAH - 4.01.0.00.0.00.01.0000,01KJHZA2W9HCSZ64NBQNFVSDY8,63469981,2026,E-Katalog 6.0,APBD,DENDRA MOH. AKSAN MAKALALAG,E-Purchasing,Jasa Lainnya,Belanja Jasa Tenaga Pelayanan Umum,ON PROCESS,2600000,2600000
KOTA KOTAMOBAGU,DINAS LINGKUNGAN HIDUP - 2.11.0.00.0.00.01.0000,01KMZE7T4MASZYNZJB394TCGDH,66203704,2026,E-Katalog 6.0,APBD,U.D. TOTABUAN CITAWAYA,E-Purchasing,Jasa Lainnya,Belanja Pemeliharaan Alat Angkutan - Alat Angkutan Darat Bermotor - Kendaraan Dinas Bermotor Perorangan,ON PROCESS,9523800,9523800
KOTA KOTAMOBAGU,UPTD INSTALASI FARMASI - 1.02.0.00.0.00.01.0002,01KQ6Y105RAHDFR1QBKRBPBCN2,63992364,2026,E-Katalog 6.0,APBD,INDRA KOBANDAHA,E-Purchasing,Jasa Lainnya,Belanja Jasa Tenaga Keamanan,ON PROCESS,4500000,4500000
KOTA KOTAMOBAGU,SATUAN POLISI PAMONG PRAJA - 1.05.0.00.0.00.01.0000,01KKAR0RP86TKBMP199XSTACV8,66125914,2026,E-Katalog 6.0,APBD,U.D. TOTABUAN CITAWAYA,E-Purchasing,Jasa Lainnya,Belanja Pemeliharaan Alat Angkutan-Alat Angkutan Darat Bermotor-Kendaraan Dinas Bermotor Perorangan,ON PROCESS,8443326,8443326
KOTA KOTAMOBAGU,KECAMATAN KOTAMOBAGU BARAT - 7.01.0.00.0.00.01.0000,01KH2NG2VAJFPNWFGFMY3BPQY6,64247788,2026,E-Katalog 6.0,APBD,YUDHI KADHIKA,E-Purchasing,Barang,Belanja alat / bahan untuk kegiatan kantor - Bahan cetak ,ON PROCESS,555000,555000
KOTA KOTAMOBAGU,DINAS PEMBERDAYAAN PEREMPUAN DAN PERLINDUNGAN ANAK - 2.08.0.00.0.00.01.0000,01KJSF34ZCZW1R81RVE502JNCS,64674827,2026,E-Katalog 6.0,APBD,YUNIARNI,E-Purchasing,Barang,Belanja Makanan dan Minuman Rapat,ON PROCESS,2940000,2940000
KOTA KOTAMOBAGU,BADAN PENGELOLA KEUANGAN DAERAH - 5.02.0.00.0.00.01.0000,01KR312114EAGV779WY60BEYPR,63113374,2026,E-Katalog 6.0,APBD,IRMA ASTUTI KOROMPOT,E-Purchasing,Jasa Lainnya,Belanja Alat/Bahan untuk Kegiatan Kantor- Bahan Cetak,ON PROCESS,1265911,1265911
KOTA KOTAMOBAGU,SEKRETARIAT DAERAH - 4.01.0.00.0.00.01.0000,01KJJ1PH97RJ95CR2CTQYQ5A0D,63471718,2026,E-Katalog 6.0,APBD,WIRAHADI MOKODOMPIT,E-Purchasing,Jasa Lainnya,Belanja Jasa Tenaga Kebersihan,ON PROCESS,2000000,2000000
KOTA KOTAMOBAGU,BAGIAN UMUM - 4.01.0.00.0.00.01.0001,01KV0RBV5XBBMWSBMZX0P7F5XZ,64509313,2026,E-Katalog 6.0,APBD,HASAN MAKALUNSENGE,E-Purchasing,Barang,Belanja Pemeliharaan Alat Angkutan-Alat Angkutan Darat Bermotor-Kendaraan Dinas Bermotor Perorangan,ON PROCESS,5689860,5689860
KOTA KOTAMOBAGU,DINAS PERUMAHAN RAKYAT DAN KAWASAN PERMUKIMAN - 1.04.2.10.0.00.01.0000,01KNKAB71ZFWZ94057ATWYAEFF,64623499,2026,E-Katalog 6.0,APBD,HERRY PONDAAG,E-Purchasing,Barang,Belanja Alat/Bahan untuk Kegiatan Kantor-Alat/Bahan untuk Kegiatan Kantor Lainnya,ON PROCESS,1711565,1711565
KOTA KOTAMOBAGU,SEKRETARIAT DPRD - 4.02.0.00.0.00.01.0000,01KJVNJZM6TD7JQEZXSF95VCP4,63395422,2026,E-Katalog 6.0,APBD,MEDIA REPORTASE SULUT,E-Purchasing,Jasa Lainnya,"Belanja Jasa Iklan/Reklame, Film, dan Pemotretan",ON PROCESS,1999998,1999998
KOTA KOTAMOBAGU,DINAS PERUMAHAN RAKYAT DAN KAWASAN PERMUKIMAN - 1.04.2.10.0.00.01.0000,01KNK5BK9V4QY321DP6QKAV77F,64624237,2026,E-Katalog 6.0,APBD,HERRY PONDAAG,E-Purchasing,Barang,Belanja Alat/Bahan untuk Kegiatan Kantor-Alat Listrik,ON PROCESS,2376843,2376843
KOTA KOTAMOBAGU,DINAS LINGKUNGAN HIDUP - 2.11.0.00.0.00.01.0000,01KN1SDMFG6BK57DG1RT4WRZBJ,64372338,2026,E-Katalog 6.0,APBD,ARCO SAMUDRA PERKASA,E-Purchasing,Jasa Lainnya," Belanja Jasa Tenaga Kebersihan",ON PROCESS,15439243,15439243
KOTA KOTAMOBAGU,UPTD PERLINDUNGAN PEREMPUAN DAN ANAK - 2.08.0.00.0.00.01.0001,01KK8D3Q19Y4ZGQ0WZ45Z5JAEG,64674569,2026,E-Katalog 6.0,APBD,MINPUT,E-Purchasing,Barang,Belanja Makanan dan Minuman Rapat,ON PROCESS,7383000,7383000
KOTA KOTAMOBAGU,SEKRETARIAT DPRD - 4.02.0.00.0.00.01.0000,01KT94C5NYAJ3H2EBRNYK9P6TR,63395422,2026,E-Katalog 6.0,APBD,SULAWESI MEDIA RAKYAT,E-Purchasing,Jasa Lainnya,"Belanja Jasa Iklan/Reklame, Film, dan Pemotretan",ON PROCESS,2000000,2000000
KOTA KOTAMOBAGU,SEKRETARIAT DAERAH - 4.01.0.00.0.00.01.0000,01KJJ17VKF97K9AFF1KZ4WD56C,63473306,2026,E-Katalog 6.0,APBD,MUHAMAD AKBAR MANOPPO,E-Purchasing,Jasa Lainnya,Belanja Jasa Tenaga Keamanan,ON PROCESS,5000000,5000000
KOTA KOTAMOBAGU,UPTD INSTALASI FARMASI - 1.02.0.00.0.00.01.0002,01KH634SNCR8YSBK1RCQWTS5Y3,64000774,2026,E-Katalog 6.0,APBD,BUNGAS AUTO MOTOR,E-Purchasing,Jasa Lainnya,Belanja Pemeliharaan Alat Angkutan-Alat Angkutan Darat Bermotor-Kendaraan Dinas Bermotor Perorangan,ON PROCESS,6704400,6704400
KOTA KOTAMOBAGU,SATUAN POLISI PAMONG PRAJA - 1.05.0.00.0.00.01.0000,01KPQ1B3GXVG8ECRBN0CB7TZYS,64120706,2026,E-Katalog 6.0,APBD,HERRY PONDAAG,E-Purchasing,Barang,Belanja Alat/Bahan untuk Kegiatan Kantor-Alat Tulis Kantor,ON PROCESS,1304423,1304423
KOTA KOTAMOBAGU,DINAS PEKERJAAN UMUM DAN PENATAAN RUANG - 1.03.0.00.0.00.01.0000,01KPQ1HH7GHDDXW1VZVWPJVE7B,64454026,2026,E-Katalog 6.0,APBD,LA ROSE,E-Purchasing,Barang,Belanja Alat/Bahan untuk Kegiatan Kantor- Kertas dan Cover,ON PROCESS,4155840,4155840
KOTA KOTAMOBAGU,BLUD RSUD KOTAMOBAGU - 1.02.0.00.0.00.01.0001,01KNN5WW1499EC8NXRBS7VNZXS,64159880,2026,E-Katalog 6.0,BLUD,FRESENIUS MEDICAL CARE INDONESIA,E-Purchasing,Barang,Belanja Barang dan Jasa BLUD,ON PROCESS,157142700,0
KOTA KOTAMOBAGU,DINAS KOMUNIKASI DAN INFORMATIKA - 2.16.2.20.2.21.01.0000,01KPB2PW071D08P2FR0N87T0R6,62874058,2026,E-Katalog 6.0,APBD,NEFA MEDIA UTAMA,E-Purchasing,Jasa Lainnya,"Belanja Jasa Iklan/Reklame, Film, dan Pemotretan",ON PROCESS,2000000,2000000
KOTA KOTAMOBAGU,DINAS KOMUNIKASI DAN INFORMATIKA - 2.16.2.20.2.21.01.0000,01KRFYT23NJWNTB3HEG1EP894E,62874058,2026,E-Katalog 6.0,APBD,KOMUNIKA SULUT MEDIA,E-Purchasing,Jasa Lainnya,"Belanja Jasa Iklan/Reklame, Film, dan Pemotretan",ON PROCESS,1998000,1998000
KOTA KOTAMOBAGU,BAGIAN KESEJAHTERAAN RAKYAT - 4.01.0.00.0.00.01.0005,01KQRRYK53A58A003E3YYTBAWP,63446124,2026,E-Katalog 6.0,APBD,AFIANDI HUSAIN,E-Purchasing,Jasa Lainnya,Belanja Alat/Bahan untuk Kegiatan Kantor-Bahan Cetak,ON PROCESS,2325000,2325000
KOTA KOTAMOBAGU,BAGIAN PEREKONOMIAN DAN PEMBANGUNAN - 4.01.0.00.0.00.01.0006,01KQV1B8ZCAKK45QEJFN2P3VJF,64457117,2026,E-Katalog 6.0,APBD,CYNTHIA PRATIWI SUGEHA,E-Purchasing,Jasa Lainnya,Belanja Makanan dan Minuman Rapat,ON PROCESS,1250000,1250000
KOTA KOTAMOBAGU,SEKRETARIAT DAERAH - 4.01.0.00.0.00.01.0000,01KTXCFF6PFRE86YRC40J7DVHZ,63469981,2026,E-Katalog 6.0,APBD,MINARTI MOKOGINTA,E-Purchasing,Jasa Lainnya,Belanja Jasa Tenaga Pelayanan Umum,ON PROCESS,2000000,2000000
KOTA KOTAMOBAGU,BLUD RSUD KOTAMOBAGU - 1.02.0.00.0.00.01.0001,01KPDZDK65828Y6ACETNNR0RS8,64159880,2026,E-Katalog 6.0,BLUD,MEDIFARMA LABORATORIES,E-Purchasing,Barang,Belanja Barang dan Jasa BLUD,ON PROCESS,2691750,2691750
KOTA KOTAMOBAGU,SATUAN POLISI PAMONG PRAJA - 1.05.0.00.0.00.01.0000,01KG684W2VFGEMS4ZBJ6JGWCSV,64120706,2026,E-Katalog 6.0,APBD,HERRY PONDAAG,E-Purchasing,Barang,Belanja Alat/Bahan untuk Kegiatan Kantor-Alat Tulis Kantor,ON PROCESS,1200434,1200434
KOTA KOTAMOBAGU,DINAS PENDIDIKAN - 1.01.0.00.0.00.01.0000,01KT8BVRMR659TKHNH36VEK439,65263643,2026,E-Katalog 6.0,APBD,RHAVA COMPUTINDO,E-Purchasing,Jasa Lainnya,Belanja Pemeliharaan Komputer-Komputer Unit-Komputer Unit Lainnya ,ON PROCESS,5778771,5778771
KOTA KOTAMOBAGU,DINAS PEKERJAAN UMUM DAN PENATAAN RUANG - 1.03.0.00.0.00.01.0000,01KQ71SZHZ775BE8B2DRVRDSXX,64440259,2026,E-Katalog 6.0,APBD,RHAVA COMPUTINDO,E-Purchasing,Barang,Belanja Modal Mebel,ON PROCESS,19520003,19520003
KOTA KOTAMOBAGU,DINAS KOMUNIKASI DAN INFORMATIKA - 2.16.2.20.2.21.01.0000,01KK3QP3ET6W72HJ2JT5FGGTS1,62874058,2026,E-Katalog 6.0,APBD,MEDIA INDO BOLMONG PRESS,E-Purchasing,Jasa Lainnya,"Belanja Jasa Iklan/Reklame, Film, dan Pemotretan",ON PROCESS,2000000,2000000
KOTA KOTAMOBAGU,BLUD RSUD KOTAMOBAGU - 1.02.0.00.0.00.01.0001,01KVY7TARYMC62GHKEME8D7JGX,64159880,2026,E-Katalog 6.0,BLUD,MITSUBISHI TANABE PHARMA INDONESIA,E-Purchasing,Barang,Belanja Barang dan Jasa BLUD,ON PROCESS,9675648,0
KOTA KOTAMOBAGU,BLUD RSUD KOTAMOBAGU - 1.02.0.00.0.00.01.0001,01KPTKXMYZ9E29WYAM17WDDZF3,64159880,2026,E-Katalog 6.0,BLUD,PERUSAHAAN PERSEROAN (PERSERO) PT KIMIA FARMA,E-Purchasing,Barang,Belanja Barang dan Jasa BLUD,ON PROCESS,17388705,17388705
KOTA KOTAMOBAGU,BADAN PENANGGULANGAN BENCANA DAERAH - 1.05.0.00.0.00.02.0000,01KJNZ215WMEGKASZKZSXRR9R1,63955565,2026,E-Katalog 6.0,APBD,MINPUT,E-Purchasing,Barang,Belanja Makanan dan Minuman Aktivitas Lapangan,ON PROCESS,51336000,51336000
KOTA KOTAMOBAGU,BLUD RSUD KOTAMOBAGU - 1.02.0.00.0.00.01.0001,01KPW6NWET8EN2T82ZX1S07HF4,64159880,2026,E-Katalog 6.0,BLUD,YARINDO FARMATAMA,E-Purchasing,Barang,Belanja Barang dan Jasa BLUD,ON PROCESS,399600,399600
KOTA KOTAMOBAGU,DINAS KEARSIPAN DAN PERPUSTAKAAN - 2.24.2.23.0.00.01.0000,01KKB6NXC3JH42KGEZAC4CF2TB,66314538,2026,E-Katalog 6.0,APBD,JAYA ARTHA,E-Purchasing,Jasa Lainnya,Belanja Alat/Bahan untuk Kegiatan Kantor- Bahan Cetak,ON PROCESS,2664000,2664000
KOTA KOTAMOBAGU,DINAS LINGKUNGAN HIDUP - 2.11.0.00.0.00.01.0000,01KGEZPNE10T5Y95PWV2ZJ7T79,64373491,2026,E-Katalog 6.0,APBD,ARCO SAMUDRA PERKASA,E-Purchasing,Jasa Lainnya," Belanja Jasa Tenaga Keamanan",ON PROCESS,15439243,15439243
KOTA KOTAMOBAGU,PUSKESMAS MOTOBOI KECIL - 1.02.0.00.0.00.01.0003,01KRCYXZPFVJJTFSE5M4G5XHR3,63501483,2026,E-Katalog 6.0,APBD,JAYA ARTHA,E-Purchasing,Barang,Belanja Alat/Bahan untuk Kegiatan Kantor - Kertas dan Cover (Kapitasi JKN),ON PROCESS,7364989,7364989
KOTA KOTAMOBAGU,DINAS KOMUNIKASI DAN INFORMATIKA - 2.16.2.20.2.21.01.0000,01KQR92ZT6HXYTYFSVW5A3GW57,62859317,2026,E-Katalog 6.0,APBD,KOTANET JARINGAN TELEKOMUNIKASI,E-Purchasing,Jasa Lainnya,Belanja Kawat/Faksimili/Internet/TV Berlangganan,ON PROCESS,54989400,54989400
KOTA KOTAMOBAGU,DINAS KOMUNIKASI DAN INFORMATIKA - 2.16.2.20.2.21.01.0000,01KVCYMV3B49FCQG6AWP05JRJ4,62874058,2026,E-Katalog 6.0,APBD,EMERALDY PUTRA PERTAMA,E-Purchasing,Jasa Lainnya,"Belanja Jasa Iklan/Reklame, Film, dan Pemotretan",ON PROCESS,2000000,2000000
KOTA KOTAMOBAGU,BLUD RSUD KOTAMOBAGU - 1.02.0.00.0.00.01.0001,01KRZD2GJZQE6RE3PVDNJC3743,64159880,2026,E-Katalog 6.0,BLUD,TRISA LIKUID FARMA,E-Purchasing,Barang,Belanja Barang dan Jasa BLUD,ON PROCESS,26119494,26119494
KOTA KOTAMOBAGU,DINAS KESEHATAN - 1.02.0.00.0.00.01.0000,01KJS5A6CR63V16EP03K8EQ2M4,65544349,2026,E-Katalog 6.0,APBD,HERRY PONDAAG,E-Purchasing,Barang,Belanja Alat/Bahan untuk Kegiatan Kantor- Bahan Cetak,ON PROCESS,2872125,2872125
KOTA KOTAMOBAGU,DINAS KOMUNIKASI DAN INFORMATIKA - 2.16.2.20.2.21.01.0000,01KWGM9SNYKZP480S1GA2TCKN9,62874058,2026,E-Katalog 6.0,APBD,SAHABAT ADHITAMA ONLINE,E-Purchasing,Jasa Lainnya,"Belanja Jasa Iklan/Reklame, Film, dan Pemotretan",ON PROCESS,3000000,3000000
KOTA KOTAMOBAGU,BADAN PENGELOLA KEUANGAN DAERAH - 5.02.0.00.0.00.01.0000,01KQT00F022G8TMYVSFPTWXM3F,63113201,2026,E-Katalog 6.0,APBD,IRMA ASTUTI KOROMPOT,E-Purchasing,Barang,Belanja Alat/Bahan untuk Kegiatan Kantor-Alat Tulis Kantor,ON PROCESS,884415,884415
KOTA KOTAMOBAGU,DINAS KOMUNIKASI DAN INFORMATIKA - 2.16.2.20.2.21.01.0000,01KWE2TE1K2HFKDB7SYCDJEPMJ,62874058,2026,E-Katalog 6.0,APBD,MEDIA MARHAEN JAYA,E-Purchasing,Jasa Lainnya,"Belanja Jasa Iklan/Reklame, Film, dan Pemotretan",ON PROCESS,2000000,2000000
KOTA KOTAMOBAGU,DINAS LINGKUNGAN HIDUP - 2.11.0.00.0.00.01.0000,01KW4Z6Y1C9G6ASK0FXFQRSZ0Z,66203704,2026,E-Katalog 6.0,APBD,RIVS,E-Purchasing,Jasa Lainnya,Belanja Pemeliharaan Alat Angkutan - Alat Angkutan Darat Bermotor - Kendaraan Dinas Bermotor Perorangan,ON PROCESS,3474300,3474300
KOTA KOTAMOBAGU,BADAN PERENCANAAN PENELITIAN DAN PENGEMBANGAN DAERAH - 5.01.5.05.0.00.01.0000,01KMMM18CWGM0BQ4ZM3VGB86AV,62260326,2026,E-Katalog 6.0,APBD,CYNTHIA PRATIWI SUGEHA,E-Purchasing,Barang,Belanja Makanan dan Minuman Rapat,ON PROCESS,20220000,20220000
KOTA KOTAMOBAGU,DINAS KOMUNIKASI DAN INFORMATIKA - 2.16.2.20.2.21.01.0000,01KWGQED9R9Y9X20244B0DNW7K,62874058,2026,E-Katalog 6.0,APBD,MEDIA REPORTASE SULUT,E-Purchasing,Jasa Lainnya,"Belanja Jasa Iklan/Reklame, Film, dan Pemotretan",ON PROCESS,1998000,1998000
KOTA KOTAMOBAGU,DINAS KOMUNIKASI DAN INFORMATIKA - 2.16.2.20.2.21.01.0000,01KK3M1Q00FM8DRVBBA06C4NH0,62874058,2026,E-Katalog 6.0,APBD,RISTO MEDIA SIBER,E-Purchasing,Jasa Lainnya,"Belanja Jasa Iklan/Reklame, Film, dan Pemotretan",ON PROCESS,1998000,1998000
KOTA KOTAMOBAGU,DINAS KOMUNIKASI DAN INFORMATIKA - 2.16.2.20.2.21.01.0000,01KJ06KNY1DMXNZ3GFMM9STGQ2,62874058,2026,E-Katalog 6.0,APBD,TREND MEDIA NUSANTARA,E-Purchasing,Jasa Lainnya,"Belanja Jasa Iklan/Reklame, Film, dan Pemotretan",ON PROCESS,1998000,1998000
KOTA KOTAMOBAGU,SEKRETARIAT DAERAH - 4.01.0.00.0.00.01.0000,01KTXVTXVE9SJBGX3PWB7GX6DV,63474266,2026,E-Katalog 6.0,APBD,HAMZAH A MOKOGINTA,E-Purchasing,Jasa Lainnya,Belanja Jasa Tenaga Supir,ON PROCESS,2000000,2000000
KOTA KOTAMOBAGU,BADAN PENGELOLA KEUANGAN DAERAH - 5.02.0.00.0.00.01.0000,01KRBQMK9AR0J5BVA1WS00R8ER,63010160,2026,E-Katalog 6.0,APBD,IRMA ASTUTI KOROMPOT,E-Purchasing,Barang,Belanja Alat/Bahan untuk Kegiatan Kantor-Alat Tulis Kantor,ON PROCESS,609335,609335
KOTA KOTAMOBAGU,DINAS KOMUNIKASI DAN INFORMATIKA - 2.16.2.20.2.21.01.0000,01KK3SZF7YAD1T06KP4VA4N0PN,62874058,2026,E-Katalog 6.0,APBD,VOICE NEWS NETWORK,E-Purchasing,Jasa Lainnya,"Belanja Jasa Iklan/Reklame, Film, dan Pemotretan",ON PROCESS,1998000,1998000
KOTA KOTAMOBAGU,DINAS KOMUNIKASI DAN INFORMATIKA - 2.16.2.20.2.21.01.0000,01KWE5BZ20T2Z6PBZMHX5F9CR9,62874058,2026,E-Katalog 6.0,APBD,SOLUSINDO INTERMEDIA SULAWESI,E-Purchasing,Jasa Lainnya,"Belanja Jasa Iklan/Reklame, Film, dan Pemotretan",ON PROCESS,1998000,1998000
KOTA KOTAMOBAGU,SEKRETARIAT DAERAH - 4.01.0.00.0.00.01.0000,01KJPKPKV9M6DHWPB9NEYNSGA5,63473306,2026,E-Katalog 6.0,APBD,ASWAR DJUNAIDI DAMOPOLII MOKOGINTA,E-Purchasing,Jasa Lainnya,Belanja Jasa Tenaga Keamanan,ON PROCESS,5000000,5000000
KOTA KOTAMOBAGU,SEKRETARIAT DAERAH - 4.01.0.00.0.00.01.0000,01KQVBTNGY5XN5HDMZ86KWKBS0,63469981,2026,E-Katalog 6.0,APBD,IRWANDI MONGILONG,E-Purchasing,Jasa Lainnya,Belanja Jasa Tenaga Pelayanan Umum,ON PROCESS,2000000,2000000
KOTA KOTAMOBAGU,DINAS PENANAMAN MODAL DAN PELAYANAN TERPADU SATU PINTU - 2.18.0.00.0.00.01.0000,01KKDDNV4CGEDH9QH1KSA5N4W8,64392539,2026,E-Katalog 6.0,APBD,HERRY PONDAAG,E-Purchasing,Barang,Belanja alat/bahan untuk kegiatan kantor-Alat Tulis Kantor,ON PROCESS,1414029,1414029
KOTA KOTAMOBAGU,SEKRETARIAT DAERAH - 4.01.0.00.0.00.01.0000,01KJHYJCSD1Z7TV93SCH0FTJR4,63469981,2026,E-Katalog 6.0,APBD,BOTTI RIZAL MOKOGINTA,E-Purchasing,Jasa Lainnya,Belanja Jasa Tenaga Pelayanan Umum,ON PROCESS,2000000,2000000
KOTA KOTAMOBAGU,DINAS PENANAMAN MODAL DAN PELAYANAN TERPADU SATU PINTU - 2.18.0.00.0.00.01.0000,01KKDQG1X8GQ47JRTMEEWDJRZP,64575149,2026,E-Katalog 6.0,APBD,HERRY PONDAAG,E-Purchasing,Barang,Belanja alat/bahan untuk kegiatan kantor-Bahan Cetak,ON PROCESS,179820,179820
KOTA KOTAMOBAGU,SEKRETARIAT DPRD - 4.02.0.00.0.00.01.0000,01KJVSMJCXZ54YFF8HMFTM80JY,63395422,2026,E-Katalog 6.0,APBD,MEDIA SULAWESI NETWORK,E-Purchasing,Jasa Lainnya,"Belanja Jasa Iklan/Reklame, Film, dan Pemotretan",ON PROCESS,2000000,2000000
KOTA KOTAMOBAGU,BADAN PERENCANAAN PENELITIAN DAN PENGEMBANGAN DAERAH - 5.01.5.05.0.00.01.0000,01KH08TGM2VANJ3RPB0AP9B50Q,62260612,2026,E-Katalog 6.0,APBD,MINPUT,E-Purchasing,Barang,Belanja Makanan dan Minuman Rapat ,ON PROCESS,3600000,3600000
KOTA KOTAMOBAGU,BADAN KEPEGAWAIAN PENDIDIKAN DAN PELATIHAN - 5.03.5.04.0.00.01.0000,01KRDH87WSKHT83PFWPFEXXYZG,63418769,2026,E-Katalog 6.0,APBD,IRMA ASTUTI KOROMPOT,E-Purchasing,Barang,Belanja Alat/Bahan untuk Kegiatan Kantor- Kertas dan Cover,ON PROCESS,879897,879897
KOTA KOTAMOBAGU,BLUD RSUD KOTAMOBAGU - 1.02.0.00.0.00.01.0001,01KEZVWKM84P0A1QEBRQHCFXSZ,62978195,2026,E-Katalog 6.0,BLUD,BRYAN MEDIKAL,E-Purchasing,Barang,Belanja Barang dan Jasa BLUD,ON PROCESS,84174630,0
KOTA KOTAMOBAGU,SEKRETARIAT DAERAH - 4.01.0.00.0.00.01.0000,01KWKBQDPYXT6NYQG2MPZMX2Y2,63425686,2026,E-Katalog 6.0,APBD,TUODAN JAYA ABADI,E-Purchasing,Barang,Belanja Bahan-Bahan Lainnya,ON PROCESS,66661829,66661829
KOTA KOTAMOBAGU,BAGIAN HUKUM - 4.01.0.00.0.00.01.0003,01KN3A2SCNX031YP7WMNAWT4DA,63074016,2026,E-Katalog 6.0,APBD,IRMA ASTUTI KOROMPOT,E-Purchasing,Barang,Belanja Alat/Bahan untuk Kegiatan Kantor-Alat Tulis Kantor,ON PROCESS,771450,771450
KOTA KOTAMOBAGU,PUSKESMAS UPAI - 1.02.0.00.0.00.01.0007,01KJEE3K1Z5CG0M5KCEVWRYZNY,65984039,2026,E-Katalog 6.0,APBD,@COMP,E-Purchasing,Barang,Belanja Modal Peralatan Personal Computer,PAYMENT OUTSIDE SYSTEM,3613000,3613000
KOTA KOTAMOBAGU,DINAS KOMUNIKASI DAN INFORMATIKA - 2.16.2.20.2.21.01.0000,01KRFD8NJT41MCRMQGBS6WCT1F,62874058,2026,E-Katalog 6.0,APBD,AKSARA INTI MEDIA,E-Purchasing,Jasa Lainnya,"Belanja Jasa Iklan/Reklame, Film, dan Pemotretan",ON PROCESS,2000000,2000000
KOTA KOTAMOBAGU,SEKRETARIAT DAERAH - 4.01.0.00.0.00.01.0000,01KSHQA1GWKJT2BWYVM2FBN7RJ,63423831,2026,E-Katalog 6.0,APBD,CYNTHIA PRATIWI SUGEHA,E-Purchasing,Barang,Belanja Makanan dan Minuman Rapat,ON PROCESS,980000,980000
KOTA KOTAMOBAGU,BLUD RSUD KOTAMOBAGU - 1.02.0.00.0.00.01.0001,01KGM6Z86BA2062CS1DSA39D07,64159880,2026,E-Katalog 6.0,BLUD,DEXA MEDICA,E-Purchasing,Barang,Belanja Barang dan Jasa BLUD,ON PROCESS,24370050,24370050
KOTA KOTAMOBAGU,DINAS LINGKUNGAN HIDUP - 2.11.0.00.0.00.01.0000,01KN1RNE7XJQ5ACC4NZT21JXYQ,64368541,2026,E-Katalog 6.0,APBD,ARCO SAMUDRA PERKASA,E-Purchasing,Jasa Lainnya," Belanja Jasa Tenaga Penanganan Prasarana dan Sarana Umum",ON PROCESS,69370548,69370548
KOTA KOTAMOBAGU,SEKRETARIAT DAERAH - 4.01.0.00.0.00.01.0000,01KPTEK8ED00R7YW0AEMSCACYB,65314067,2026,E-Katalog 6.0,APBD,FIGIH CICILIA MOKOGINTA,E-Purchasing,Barang,Belanja Makanan dan Minuman Rapat,ON PROCESS,2180000,2180000
KOTA KOTAMOBAGU,BLUD RSUD KOTAMOBAGU - 1.02.0.00.0.00.01.0001,01KKFVXD5KHNKVHW38KE8W0SZ0,64159880,2026,E-Katalog 6.0,BLUD,BRYAN MEDIKAL,E-Purchasing,Barang,Belanja Barang dan Jasa BLUD,ON PROCESS,83860500,0
KOTA KOTAMOBAGU,UPTD INSTALASI FARMASI - 1.02.0.00.0.00.01.0002,01KK0YGDSWK3G2XCJ5MAWS9RRM,63482000,2026,E-Katalog 6.0,APBD,HOLI PHARMA,E-Purchasing,Barang,Belanja Obat-Obatan-Obat,ON PROCESS,2442000,2442000
KOTA KOTAMOBAGU,DINAS PENGENDALIAN PENDUDUK DAN KELUARGA BERENCANA - 2.14.0.00.0.00.01.0000,01KQZVQ26J50K4EQ7667QR8NPS,64148177,2026,E-Katalog 6.0,APBD,YUNIARNI,E-Purchasing,Barang,Belanja Makanan dan Minuman Aktivitas Lapangan Sumber Dana : DAK Non Fisik-BOKKB-BOKB,ON PROCESS,26607000,26607000
KOTA KOTAMOBAGU,SEKRETARIAT DAERAH - 4.01.0.00.0.00.01.0000,01KTXGTP3YJWMRFHM4WB6EBEM7,63471718,2026,E-Katalog 6.0,APBD,SEMSON MARHEIN KARUNDENG,E-Purchasing,Jasa Lainnya,Belanja Jasa Tenaga Kebersihan,ON PROCESS,1000000,1000000
KOTA KOTAMOBAGU,SEKRETARIAT DPRD - 4.02.0.00.0.00.01.0000,01KPA22BSQWV7X6CGJJKYWVP8B,63167816,2026,E-Katalog 6.0,APBD,FAHRI JUARSA MUHAMMAD,E-Purchasing,Barang,Belanja Natura dan Pakan-Natura,ON PROCESS,15289840,15289840
KOTA KOTAMOBAGU,DINAS KOMUNIKASI DAN INFORMATIKA - 2.16.2.20.2.21.01.0000,01KKT3TWD4VW2FR5EMRAQ87JMS,62874058,2026,E-Katalog 6.0,APBD,MEDIA BERKAH MAKMUR,E-Purchasing,Jasa Lainnya,"Belanja Jasa Iklan/Reklame, Film, dan Pemotretan",ON PROCESS,1998000,1998000
KOTA KOTAMOBAGU,SEKRETARIAT DAERAH - 4.01.0.00.0.00.01.0000,01KQV56AEZ3Q0ST5NYJDAQTJAW,63469981,2026,E-Katalog 6.0,APBD,MOHAMMAD TAUFIQ DAMOPOLII,E-Purchasing,Jasa Lainnya,Belanja Jasa Tenaga Pelayanan Umum,ON PROCESS,2000000,2000000
KOTA KOTAMOBAGU,DINAS KOMUNIKASI DAN INFORMATIKA - 2.16.2.20.2.21.01.0000,01KK3SQ29B90842XMC9S33F9Z5,62874058,2026,E-Katalog 6.0,APBD,TREND MEDIA NUSANTARA,E-Purchasing,Jasa Lainnya,"Belanja Jasa Iklan/Reklame, Film, dan Pemotretan",ON PROCESS,1998000,1998000
KOTA KOTAMOBAGU,BLUD RSUD KOTAMOBAGU - 1.02.0.00.0.00.01.0001,01KQYT764D6VSZTYHER13PXJJ3,64159880,2026,E-Katalog 6.0,BLUD,FIRMANSYAH MAMINTIWALO,E-Purchasing,Barang,Belanja Barang dan Jasa BLUD,ON PROCESS,214500,214500
KOTA KOTAMOBAGU,DINAS PERUMAHAN RAKYAT DAN KAWASAN PERMUKIMAN - 1.04.2.10.0.00.01.0000,01KRWSVW7754S4KQJM6PFDZY4B,64601278,2026,E-Katalog 6.0,APBD,HERRY PONDAAG,E-Purchasing,Barang," Belanja Alat/Bahan untuk Kegiatan Kantor-Alat Listrik",ON PROCESS,5011017,5011017
KOTA KOTAMOBAGU,DINAS SOSIAL - 1.06.0.00.0.00.01.0000,01KS1GJAXADJ2XD1JD8EG9JMN2,64507472,2026,E-Katalog 6.0,APBD,BUNGAS AUTO MOTOR,E-Purchasing,Jasa Lainnya,Belanja Pemeliharaan Alat Angkutan-Alat Angkutan Darat Bermotor-Kendaraan Dinas Bermotor Perorangan,ON PROCESS,9190800,9190800
KOTA KOTAMOBAGU,BAGIAN PEREKONOMIAN DAN PEMBANGUNAN - 4.01.0.00.0.00.01.0006,01KQ682R2Y5D80J7PF8P4M3FNG,64457117,2026,E-Katalog 6.0,APBD,CYNTHIA PRATIWI SUGEHA,E-Purchasing,Jasa Lainnya,Belanja Makanan dan Minuman Rapat,ON PROCESS,1250000,1250000
KOTA KOTAMOBAGU,BLUD RSUD KOTAMOBAGU - 1.02.0.00.0.00.01.0001,01KRAFNG511ZGSCNYE5AVVX57A,62976479,2026,E-Katalog 6.0,BLUD,COBRA DENTAL INDONESIA,E-Purchasing,Barang,Belanja Modal Peralatan dan Mesin BLUD,ON PROCESS,6722000,0
KOTA KOTAMOBAGU,SEKRETARIAT DPRD - 4.02.0.00.0.00.01.0000,01KVSBQK44QSEGDPJ8TNTE1DA1,63354993,2026,E-Katalog 6.0,APBD,SUMBER REJEKI,E-Purchasing,Jasa Lainnya,Belanja Makanan dan Minuman Rapat,ON PROCESS,3185000,3185000
KOTA KOTAMOBAGU,BAGIAN UMUM - 4.01.0.00.0.00.01.0001,10854862000,66968638,2026,Non Tender,APBD,CV. ARTHA PRIMA,Pengadaan Langsung,Pekerjaan Konstruksi,Belanja Pemeliharaan Bangunan Gedung-Bangunan Gedung Tempat Kerja-Bangunan Gedung Kantor (Gedung Kantor Walikota),SELESAI,132800000,132800000
KOTA KOTAMOBAGU,DINAS KOMUNIKASI DAN INFORMATIKA - 2.16.2.20.2.21.01.0000,01KPB37ZJMTC0Z1A7MPSBKW7BS,62874058,2026,E-Katalog 6.0,APBD,NESIA INFINITI MEDIA,E-Purchasing,Jasa Lainnya,"Belanja Jasa Iklan/Reklame, Film, dan Pemotretan",ON PROCESS,1998000,1998000
KOTA KOTAMOBAGU,BLUD RSUD KOTAMOBAGU - 1.02.0.00.0.00.01.0001,01KSSF9C5T1YVM1K7R7AVG5JY8,64159880,2026,E-Katalog 6.0,BLUD,PERUSAHAAN PERSEROAN (PERSERO) PT KIMIA FARMA,E-Purchasing,Barang,Belanja Barang dan Jasa BLUD,ON PROCESS,1402152,1402152
KOTA KOTAMOBAGU,BADAN KEPEGAWAIAN PENDIDIKAN DAN PELATIHAN - 5.03.5.04.0.00.01.0000,01KRDJ0S94EE8TBC0VR6F5FC0H,63420210,2026,E-Katalog 6.0,APBD,IRMA ASTUTI KOROMPOT,E-Purchasing,Barang,Belanja Alat/Bahan untuk Kegiatan Kantor-Bahan Komputer,ON PROCESS,5583300,5583300
KOTA KOTAMOBAGU,SATUAN POLISI PAMONG PRAJA - 1.05.0.00.0.00.01.0000,01KK8Q5CY22G9K1NPNFF7HN3DH,66125914,2026,E-Katalog 6.0,APBD,U.D. TOTABUAN CITAWAYA,E-Purchasing,Jasa Lainnya,Belanja Pemeliharaan Alat Angkutan-Alat Angkutan Darat Bermotor-Kendaraan Dinas Bermotor Perorangan,ON PROCESS,5768115,5768115
KOTA KOTAMOBAGU,DINAS LINGKUNGAN HIDUP - 2.11.0.00.0.00.01.0000,01KWDV0WQEJ5KZ4NRVKKK8CCKF,64372338,2026,E-Katalog 6.0,APBD,ARCO SAMUDRA PERKASA,E-Purchasing,Jasa Lainnya," Belanja Jasa Tenaga Kebersihan",ON PROCESS,15439243,15439243
KOTA KOTAMOBAGU,DINAS PEKERJAAN UMUM DAN PENATAAN RUANG - 1.03.0.00.0.00.01.0000,01KETSG2X0A4K0DBCN8Y2BMJ5P,62873812,2026,E-Katalog 6.0,APBD,IBNU AL-FATIHA MOKOAGOW,E-Purchasing,Jasa Lainnya,Belanja Jasa Tenaga Penanganan Prasarana dan Sarana Umum,ON PROCESS,9000000,9000000
KOTA KOTAMOBAGU,INSPEKTORAT DAERAH - 6.01.0.00.0.00.01.0000,01KMPHY3RE7R3RA6MWRA21D283,64220870,2026,E-Katalog 6.0,APBD,BONNY ABDULRAUF,E-Purchasing,Barang,Belanja Makanan dan Minuman Jamuan Tamu,ON PROCESS,1658340,1658340
KOTA KOTAMOBAGU,DINAS KOMUNIKASI DAN INFORMATIKA - 2.16.2.20.2.21.01.0000,01KVCB1TNM2AQHGG7D3EQV6X8F,62874058,2026,E-Katalog 6.0,APBD,RADIO SWARA MONOMPIA,E-Purchasing,Jasa Lainnya,"Belanja Jasa Iklan/Reklame, Film, dan Pemotretan",ON PROCESS,2999920,2999920
KOTA KOTAMOBAGU,BAGIAN PEMERINTAHAN - 4.01.0.00.0.00.01.0002,01KR31YY7FC8E6F8X8ZYXA5ZZK,64595384,2026,E-Katalog 6.0,APBD,HERRY PONDAAG,E-Purchasing,Barang,Belanja Alat/Bahan untuk Kegiatan Kantor- Bahan Cetak (Fasilitasi Pelaksanaan Otonomi Daerah),ON PROCESS,1509156,1509156
KOTA KOTAMOBAGU,BAGIAN PROTOKOL DAN KOMUNIKASI PIMPINAN - 4.01.0.00.0.00.01.0004,01KJ9K07C0NJ4R7030WN043FHS,64345335,2026,E-Katalog 6.0,APBD,JAYA ARTHA,E-Purchasing,Barang,Belanja Alat/Bahan Untuk Kegiatan Kantor-Alat Listrik,ON PROCESS,1776000,1776000
KOTA KOTAMOBAGU,DINAS KOMUNIKASI DAN INFORMATIKA - 2.16.2.20.2.21.01.0000,01KHZNX0BHGZPHAEHJ5R48VDR4,62874058,2026,E-Katalog 6.0,APBD,MEDIA MONGONDOW SULAWESI,E-Purchasing,Jasa Lainnya,"Belanja Jasa Iklan/Reklame, Film, dan Pemotretan",ON PROCESS,2000000,2000000
KOTA KOTAMOBAGU,DINAS KOMUNIKASI DAN INFORMATIKA - 2.16.2.20.2.21.01.0000,01KPB2GXT214YC9W4Q0D64H5NX,62874058,2026,E-Katalog 6.0,APBD,CATUR METRO MEDIA,E-Purchasing,Jasa Lainnya,"Belanja Jasa Iklan/Reklame, Film, dan Pemotretan",ON PROCESS,4000000,4000000
KOTA KOTAMOBAGU,BLUD RSUD KOTAMOBAGU - 1.02.0.00.0.00.01.0001,01KW9TV2PT3B57K0ZT6X9YPW6N,67375290,2026,E-Katalog 6.0,BLUD,DEXA MEDICA,E-Purchasing,Barang,Belanja Barang dan Jasa BLUD,ON PROCESS,17681146,17681146
KOTA KOTAMOBAGU,SATUAN POLISI PAMONG PRAJA - 1.05.0.00.0.00.01.0000,01KRZ1NC2EQBEYFVN6R4FY3CA3,66125914,2026,E-Katalog 6.0,APBD,U.D. TOTABUAN CITAWAYA,E-Purchasing,Jasa Lainnya,Belanja Pemeliharaan Alat Angkutan-Alat Angkutan Darat Bermotor-Kendaraan Dinas Bermotor Perorangan,ON PROCESS,17066250,17066250
KOTA KOTAMOBAGU,SEKRETARIAT DPRD - 4.02.0.00.0.00.01.0000,01KJVQRGHJ1R66GYXZY61RT397,63395422,2026,E-Katalog 6.0,APBD,FARATAMA KILAS MEDIA,E-Purchasing,Jasa Lainnya,"Belanja Jasa Iklan/Reklame, Film, dan Pemotretan",ON PROCESS,2000000,2000000
KOTA KOTAMOBAGU,BLUD RSUD KOTAMOBAGU - 1.02.0.00.0.00.01.0001,01KSS030V5H8M662SD1C8NWFQY,64159880,2026,E-Katalog 6.0,BLUD,DEXA MEDICA,E-Purchasing,Barang,Belanja Barang dan Jasa BLUD,ON PROCESS,6390048,6390048
KOTA KOTAMOBAGU,SEKRETARIAT DAERAH - 4.01.0.00.0.00.01.0000,01KQV87KG2PT05GB65GGG8RCJ0,63469981,2026,E-Katalog 6.0,APBD,SUPRIYADI KOROMPOT,E-Purchasing,Jasa Lainnya,Belanja Jasa Tenaga Pelayanan Umum,ON PROCESS,2000000,2000000
KOTA KOTAMOBAGU,SEKRETARIAT DAERAH - 4.01.0.00.0.00.01.0000,01KJHW1P9ATAZFT91QG1WSGNDT,63469981,2026,E-Katalog 6.0,APBD,RENALDI DJAMAN,E-Purchasing,Jasa Lainnya,Belanja Jasa Tenaga Pelayanan Umum,ON PROCESS,2000000,2000000
KOTA KOTAMOBAGU,BLUD RSUD KOTAMOBAGU - 1.02.0.00.0.00.01.0001,01KJ7ZWV6X9E829ZMR7YQ7VQ7N,64159880,2026,E-Katalog 6.0,BLUD,KOLONGAN JAYA ABADI,E-Purchasing,Barang,Belanja Barang dan Jasa BLUD,ON PROCESS,2317412,2317412
KOTA KOTAMOBAGU,BADAN PERENCANAAN PENELITIAN DAN PENGEMBANGAN DAERAH - 5.01.5.05.0.00.01.0000,01KJCCPK7YE6RFWQRPJEWFV1ZM,62188329,2026,E-Katalog 6.0,APBD,HERRY PONDAAG,E-Purchasing,Barang,Belanja Alat/Bahan untuk Kegiatan Kantor- Bahan Cetak ,ON PROCESS,1731600,1731600
KOTA KOTAMOBAGU,DINAS KESEHATAN - 1.02.0.00.0.00.01.0000,01KW76MEEDTHF8KAC3XM4NGJ87,65546132,2026,E-Katalog 6.0,APBD,SUMARNI MONGILONG,E-Purchasing,Jasa Lainnya," Belanja Jasa Tenaga Kebersihan",ON PROCESS,1500000,1500000
KOTA KOTAMOBAGU,BLUD RSUD KOTAMOBAGU - 1.02.0.00.0.00.01.0001,01KMJHV46HFTEXK7XMK95KQPQT,64159880,2026,E-Katalog 6.0,BLUD,BERNOFARM,E-Purchasing,Barang,Belanja Barang dan Jasa BLUD,ON PROCESS,98940261,98940261
KOTA KOTAMOBAGU,SEKRETARIAT DPRD - 4.02.0.00.0.00.01.0000,01KJPPBWMJNFS8FZ1JZGKKPRHK,63391540,2026,E-Katalog 6.0,APBD,MARCHELINA SHELINA VALENTINA WAHANI,E-Purchasing,Jasa Lainnya,Belanja Jasa Tenaga Kebersihan,ON PROCESS,6000000,6000000
KOTA KOTAMOBAGU,BLUD RSUD KOTAMOBAGU - 1.02.0.00.0.00.01.0001,01KW9RJYQW593M7V24DTMH01X4,67375290,2026,E-Katalog 6.0,BLUD,YARINDO FARMATAMA,E-Purchasing,Barang,Belanja Barang dan Jasa BLUD,ON PROCESS,4012117,4012117
KOTA KOTAMOBAGU,DINAS KOMUNIKASI DAN INFORMATIKA - 2.16.2.20.2.21.01.0000,01KWHANSEJ49EYET95KPXYQSYH,62872799,2026,E-Katalog 6.0,APBD,FIRMANSYAH MAMINTIWALO,E-Purchasing,Barang,Belanja Alat/Bahan untuk Kegiatan Kantor- Bahan Cetak,ON PROCESS,2448000,2448000
KOTA KOTAMOBAGU,DINAS PEKERJAAN UMUM DAN PENATAAN RUANG - 1.03.0.00.0.00.01.0000,01KK0JN6SKT1CSDWQT6WF17ZBQ,63008945,2026,E-Katalog 6.0,APBD,LA ROSE,E-Purchasing,Barang,Belanja Alat/Bahan untuk Kegiatan Kantor-Bahan Komputer,ON PROCESS,1078920,1078920
KOTA KOTAMOBAGU,DINAS KOMUNIKASI DAN INFORMATIKA - 2.16.2.20.2.21.01.0000,01KVCXTVG6PEQQTJ95436RB3WR,62874058,2026,E-Katalog 6.0,APBD,TIME NUSANTARA PERS,E-Purchasing,Jasa Lainnya,"Belanja Jasa Iklan/Reklame, Film, dan Pemotretan",ON PROCESS,1998000,1998000
KOTA KOTAMOBAGU,BADAN KEPEGAWAIAN PENDIDIKAN DAN PELATIHAN - 5.03.5.04.0.00.01.0000,01KRDGF0J57ERGTFS8VH9WHXRA,63457552,2026,E-Katalog 6.0,APBD,IRMA ASTUTI KOROMPOT,E-Purchasing,Barang,Belanja Alat/Bahan untuk Kegiatan Kantor-Alat Tulis Kantor,ON PROCESS,877233,877233
KOTA KOTAMOBAGU,BLUD RSUD KOTAMOBAGU - 1.02.0.00.0.00.01.0001,01KVY3W7H9C1CA4RNN4AYXTWV1,64159880,2026,E-Katalog 6.0,BLUD,JAYAMAS MEDICA INDUSTRI,E-Purchasing,Barang,Belanja Barang dan Jasa BLUD,ON PROCESS,64719827,64719827
KOTA KOTAMOBAGU,SEKRETARIAT DAERAH - 4.01.0.00.0.00.01.0000,01KQV8W5GEK4F74RBW6KNH0199,67074649,2026,E-Katalog 6.0,APBDP,ILHAM DILAPANGA,E-Purchasing,Barang,Belanja Natura dan Pakan-Natura,ON PROCESS,2000000,2000000
KOTA KOTAMOBAGU,PUSKESMAS GOGAGOMAN - 1.02.0.00.0.00.01.0004,01KTR2ZP2EM94DXHGF2E4XSYXE,63780492,2026,E-Katalog 6.0,APBD,ARVITA ALVARO MEDIKA,E-Purchasing,Barang,Belanja Obat - Obatan - Obat - Obatan Lainnya,ON PROCESS,17998650,17998650
KOTA KOTAMOBAGU,PUSKESMAS MOTOBOI KECIL - 1.02.0.00.0.00.01.0003,01KK9GZR57PT0SVDGWZVS1H5RH,63508326,2026,E-Katalog 6.0,APBD,FIGIH CICILIA MOKOGINTA,E-Purchasing,Barang,Belanja Makanan dan Minuman Rapat ( Kapitasi/JKN ),ON PROCESS,2760000,2760000
KOTA KOTAMOBAGU,SEKRETARIAT DAERAH - 4.01.0.00.0.00.01.0000,01KGRSB50H441PBBX7KH5FJ6K8,65227015,2026,E-Katalog 6.0,APBD,HERRY PONDAAG,E-Purchasing,Barang,Belanja Alat/Bahan untuk Kegiatan Kantor-Bahan Komputer,ON PROCESS,5017200,5017200
KOTA KOTAMOBAGU,DINAS KOMUNIKASI DAN INFORMATIKA - 2.16.2.20.2.21.01.0000,01KJEZYXENS21VHC7M0P0FPTKZ,62859317,2026,E-Katalog 6.0,APBD,INFOTEK GLOBAL NETWORK,E-Purchasing,Jasa Lainnya,Belanja Kawat/Faksimili/Internet/TV Berlangganan,ON PROCESS,44400000,44400000
KOTA KOTAMOBAGU,DINAS KEPENDUDUKAN DAN PENCATATAN SIPIL - 2.12.0.00.0.00.01.0000,01KSF2JKYDBJ3WZ7AM4K31NXPF,64667972,2026,E-Katalog 6.0,APBD,HERRY PONDAAG,E-Purchasing,Barang,Belanja Alat/Bahan untuk Kegiatan Kantor-Bahan Komputer,ON PROCESS,519480,519480
KOTA KOTAMOBAGU,DINAS KOMUNIKASI DAN INFORMATIKA - 2.16.2.20.2.21.01.0000,01KHZSXCJ27WZ2C0RYDPQ31RKV,62874058,2026,E-Katalog 6.0,APBD,MIGI MEDIA UTAMA,E-Purchasing,Jasa Lainnya,"Belanja Jasa Iklan/Reklame, Film, dan Pemotretan",ON PROCESS,3000000,3000000
KOTA KOTAMOBAGU,SEKRETARIAT DPRD - 4.02.0.00.0.00.01.0000,01KQC78ZQ11WKQ2F34G5WA1D1Q,63212105,2026,E-Katalog 6.0,APBD,JAYA ARTHA,E-Purchasing,Barang,Belanja Alat/Bahan untuk Kegiatan Kantor-Alat Tulis Kantor,ON PROCESS,15928944,15928944
KOTA KOTAMOBAGU,DINAS LINGKUNGAN HIDUP - 2.11.0.00.0.00.01.0000,01KGEZ8Y70129TR8GTJYS3DAJN,64371108,2026,E-Katalog 6.0,APBD,ARCO SAMUDRA PERKASA,E-Purchasing,Jasa Lainnya," Belanja Jasa Tenaga Pelayanan Umum",PAYMENT OUTSIDE SYSTEM,5336196,5336196
KOTA KOTAMOBAGU,BAGIAN PROTOKOL DAN KOMUNIKASI PIMPINAN - 4.01.0.00.0.00.01.0004,01KQEFNWNERGPXWG8PZKHV1SMY,63381513,2026,E-Katalog 6.0,APBD,SUTRIONO MAMONTO,E-Purchasing,Jasa Lainnya,"Belanja Jasa Iklan/ Reklame , Film, dan Pemotretan",ON PROCESS,3000000,3000000
KOTA KOTAMOBAGU,DINAS KOMUNIKASI DAN INFORMATIKA - 2.16.2.20.2.21.01.0000,01KWNCCVK01YPY4WN6NEEV6J46,62874058,2026,E-Katalog 6.0,APBD,TIME NUSANTARA PERS,E-Purchasing,Jasa Lainnya,"Belanja Jasa Iklan/Reklame, Film, dan Pemotretan",ON PROCESS,1998000,1998000
KOTA KOTAMOBAGU,BADAN KEPEGAWAIAN PENDIDIKAN DAN PELATIHAN - 5.03.5.04.0.00.01.0000,01KVPJPHC3X981KP0KXM998QJQ,63452021,2026,E-Katalog 6.0,APBD,CYNTHIA PRATIWI SUGEHA,E-Purchasing,Jasa Lainnya,Belanja Makanan dan Minuman Rapat,ON PROCESS,522000,522000
KOTA KOTAMOBAGU,BLUD RSUD KOTAMOBAGU - 1.02.0.00.0.00.01.0001,01KGEMJ2EQF3H1Z9GZGR2ZGGMT,64159880,2026,E-Katalog 6.0,BLUD,ETHICA INDUSTRI FARMASI,E-Purchasing,Barang,Belanja Barang dan Jasa BLUD,ON PROCESS,95543361,95543361
KOTA KOTAMOBAGU,DINAS KESEHATAN - 1.02.0.00.0.00.01.0000,01KW76ZEDASYXW08Q0Z5KNQ5N7,65546132,2026,E-Katalog 6.0,APBD,MUKHTAR GUMELENG,E-Purchasing,Jasa Lainnya," Belanja Jasa Tenaga Kebersihan",ON PROCESS,1500000,1500000
KOTA KOTAMOBAGU,SEKRETARIAT DAERAH - 4.01.0.00.0.00.01.0000,01KRZYDAHC2K9CMYNBCRK20X36,63423831,2026,E-Katalog 6.0,APBD,FIGIH CICILIA MOKOGINTA,E-Purchasing,Barang,Belanja Makanan dan Minuman Rapat,ON PROCESS,2080000,2080000
KOTA KOTAMOBAGU,SEKRETARIAT DAERAH - 4.01.0.00.0.00.01.0000,01KRG3ZPZNXKBF6Z7WR0HG4FNP,63474266,2026,E-Katalog 6.0,APBD,CRISTIAN ERENS DANIEL SUMANTI,E-Purchasing,Jasa Lainnya,Belanja Jasa Tenaga Supir,ON PROCESS,2000000,2000000
KOTA KOTAMOBAGU,DINAS KEPENDUDUKAN DAN PENCATATAN SIPIL - 2.12.0.00.0.00.01.0000,01KNP0SJHRBP3EE5JJT122N25J,62835192,2026,E-Katalog 6.0,APBD,HERRY PONDAAG,E-Purchasing,Barang,Belanja Alat/Bahan untuk Kegiatan Kantor- Bahan Cetak,ON PROCESS,3746250,3746250
KOTA KOTAMOBAGU,DINAS KOMUNIKASI DAN INFORMATIKA - 2.16.2.20.2.21.01.0000,01KQEPGXQX7S22DD1Z21FFB26W,64213931,2026,E-Katalog 6.0,APBD,IMAM MAHADI ANI,E-Purchasing,Jasa Lainnya,Belanja Jasa Tenaga Keamanan,ON PROCESS,1500000,1500000
KOTA KOTAMOBAGU,DINAS KOMUNIKASI DAN INFORMATIKA - 2.16.2.20.2.21.01.0000,01KRG18EQZFMWE5SWF6B253AGJ,62874058,2026,E-Katalog 6.0,APBD,SAHABAT SULAWESI ONLINE,E-Purchasing,Jasa Lainnya,"Belanja Jasa Iklan/Reklame, Film, dan Pemotretan",ON PROCESS,4995000,4995000
KOTA KOTAMOBAGU,DINAS KOMUNIKASI DAN INFORMATIKA - 2.16.2.20.2.21.01.0000,01KWGHWDK0S25RE2J7GEA50QPK,63344773,2026,E-Katalog 6.0,APBD,BONNY ABDULRAUF,E-Purchasing,Barang,Belanja Alat/Bahan untuk Kegiatan Kantor- Kertas dan Cover,ON PROCESS,654900,654900
KOTA KOTAMOBAGU,DINAS KESEHATAN - 1.02.0.00.0.00.01.0000,01KQBEB5B6X7F7CRD983ARCD81,65544489,2026,E-Katalog 6.0,APBD,HERRY PONDAAG,E-Purchasing,Barang,Belanja Alat/Bahan untuk Kegiatan Kantor-Bahan Komputer,ON PROCESS,9145290,9145290
KOTA KOTAMOBAGU,DINAS KOMUNIKASI DAN INFORMATIKA - 2.16.2.20.2.21.01.0000,01KK3F5P1DMPWYHKYZPPP04QMP,62874058,2026,E-Katalog 6.0,APBD,AKSARA INTI MEDIA,E-Purchasing,Jasa Lainnya,"Belanja Jasa Iklan/Reklame, Film, dan Pemotretan",ON PROCESS,2000000,2000000
KOTA KOTAMOBAGU,SEKRETARIAT DAERAH - 4.01.0.00.0.00.01.0000,01KJJ12JFQW8Z0V58QQFXJ80KW,63473306,2026,E-Katalog 6.0,APBD,DWI NURLELA SARI,E-Purchasing,Jasa Lainnya,Belanja Jasa Tenaga Keamanan,ON PROCESS,5000000,5000000
KOTA KOTAMOBAGU,SEKRETARIAT DAERAH - 4.01.0.00.0.00.01.0000,01KTXW4Q0KKB4PY803W4MJ500B,63473306,2026,E-Katalog 6.0,APBD,GULAM OLII,E-Purchasing,Jasa Lainnya,Belanja Jasa Tenaga Keamanan,ON PROCESS,5000000,5000000
KOTA KOTAMOBAGU,DINAS LINGKUNGAN HIDUP - 2.11.0.00.0.00.01.0000,01KRZTE2AEYWJWDV5VEH1D9A47,66203704,2026,E-Katalog 6.0,APBD,HERRY PONDAAG,E-Purchasing,Jasa Lainnya,Belanja Pemeliharaan Alat Angkutan - Alat Angkutan Darat Bermotor - Kendaraan Dinas Bermotor Perorangan,ON PROCESS,1797312,1797312
KOTA KOTAMOBAGU,BAGIAN KESEJAHTERAAN RAKYAT - 4.01.0.00.0.00.01.0005,10797977000,66232995,2026,Non Tender,APBD,SANDILENSUN,Pengadaan Langsung,Jasa Konsultansi Perorangan Konstruksi,Belanja Jasa Konsultansi Perencanaan Pemeliharaan Masjid Agung Baitul Makmur Kotamobagu,SELESAI,5948000,5948000
KOTA KOTAMOBAGU,SEKRETARIAT DAERAH - 4.01.0.00.0.00.01.0000,01KTXNMPKPQ6ZZK7B02GE3N0GS,63474911,2026,E-Katalog 6.0,APBD,SRI DHAMAYANTI ADJANA,E-Purchasing,Jasa Lainnya,Belanja Jasa Tenaga Juru Masak,ON PROCESS,2600000,2600000
KOTA KOTAMOBAGU,BLUD RSUD KOTAMOBAGU - 1.02.0.00.0.00.01.0001,01KKV9GJ6DBEMGV81X9HY386AH,64159880,2026,E-Katalog 6.0,BLUD,KOLONGAN JAYA ABADI,E-Purchasing,Barang,Belanja Barang dan Jasa BLUD,ON PROCESS,5494500,5494500
KOTA KOTAMOBAGU,SEKRETARIAT DAERAH - 4.01.0.00.0.00.01.0000,01KTX9RTS543SCGJRKKAZVDDP1,63469981,2026,E-Katalog 6.0,APBD,RIZKY ZULFIKAR MOKOGINTA,E-Purchasing,Jasa Lainnya,Belanja Jasa Tenaga Pelayanan Umum,ON PROCESS,2000000,2000000
KOTA KOTAMOBAGU,SEKRETARIAT DPRD - 4.02.0.00.0.00.01.0000,01KRYTF1F077XJTNANDSCXFD38,63395422,2026,E-Katalog 6.0,APBD,BROFIT NUSANTARA CERIA,E-Purchasing,Jasa Lainnya,"Belanja Jasa Iklan/Reklame, Film, dan Pemotretan",ON PROCESS,1000000,1000000
KOTA KOTAMOBAGU,DINAS KOMUNIKASI DAN INFORMATIKA - 2.16.2.20.2.21.01.0000,01KP9XPT2XS56NPV65W9R7QNAT,62874058,2026,E-Katalog 6.0,APBD,BUMANTARA BAROKAH BERSAMA,E-Purchasing,Jasa Lainnya,"Belanja Jasa Iklan/Reklame, Film, dan Pemotretan",ON PROCESS,2000000,2000000
KOTA KOTAMOBAGU,PUSKESMAS MOTOBOI KECIL - 1.02.0.00.0.00.01.0003,01KPQ95W0JNMYNAKF33YY95H5X,63508326,2026,E-Katalog 6.0,APBD,FIGIH CICILIA MOKOGINTA,E-Purchasing,Barang,Belanja Makanan dan Minuman Rapat ( Kapitasi/JKN ),ON PROCESS,2760000,2760000
KOTA KOTAMOBAGU,KECAMATAN KOTAMOBAGU SELATAN - 7.01.0.00.0.00.02.0000,01KP7MKCWED8QHEHWQYS6C0SMA,64332918,2026,E-Katalog 6.0,APBD,FIGIH CICILIA MOKOGINTA,E-Purchasing,Jasa Lainnya,Belanja Makanan dan Minuman Rapat,ON PROCESS,1035000,1035000
KOTA KOTAMOBAGU,KECAMATAN KOTAMOBAGU UTARA - 7.01.0.00.0.00.04.0000,01KHQGZY415PFBPBA23GWX42SZ,62953190,2026,E-Katalog 6.0,APBD,HERRY PONDAAG,E-Purchasing,Barang,Belanja Alat/Bahan untuk Kegiatan Kantor-Alat/Bahan untuk Kegiatan Kantor Lainnya,ON PROCESS,314800,314800
KOTA KOTAMOBAGU,BADAN PERENCANAAN PENELITIAN DAN PENGEMBANGAN DAERAH - 5.01.5.05.0.00.01.0000,01KQTWC3BDMMAJF4XXS5C6X4QN,62260533,2026,E-Katalog 6.0,APBD,HERU DJATMIKO SJAMSI,E-Purchasing,Barang,Belanja Alat/Bahan untuk Kegiatan Kantor-Bahan Komputer ,ON PROCESS,1221000,1221000
KOTA KOTAMOBAGU,DINAS KOMUNIKASI DAN INFORMATIKA - 2.16.2.20.2.21.01.0000,01KS41FHSSGAHC1GWBFG05CW6Z,62874058,2026,E-Katalog 6.0,APBD,MEDIAKU KABAR PUBLIK,E-Purchasing,Jasa Lainnya,"Belanja Jasa Iklan/Reklame, Film, dan Pemotretan",ON PROCESS,1998000,1998000
KOTA KOTAMOBAGU,DINAS KOMUNIKASI DAN INFORMATIKA - 2.16.2.20.2.21.01.0000,01KVCCR8XVNN1ANE329913PEPX,62874058,2026,E-Katalog 6.0,APBD,MEDIA KOLABORASI BERSAMA,E-Purchasing,Jasa Lainnya,"Belanja Jasa Iklan/Reklame, Film, dan Pemotretan",ON PROCESS,2000000,2000000
KOTA KOTAMOBAGU,SEKRETARIAT DAERAH - 4.01.0.00.0.00.01.0000,01KSZ0CMJBHM2RCQCXTEP3QBTV,63425239,2026,E-Katalog 6.0,APBD,CYNTHIA PRATIWI SUGEHA,E-Purchasing,Barang,Belanja Bahan-Bahan Lainnya,ON PROCESS,77301409,77301409
KOTA KOTAMOBAGU,DINAS KOMUNIKASI DAN INFORMATIKA - 2.16.2.20.2.21.01.0000,01KPCCTDWB7N3FNJRCYM49TABR,62874058,2026,E-Katalog 6.0,APBD,ALMIRA MEDIA INDONESIA,E-Purchasing,Jasa Lainnya,"Belanja Jasa Iklan/Reklame, Film, dan Pemotretan",ON PROCESS,2997000,2997000
KOTA KOTAMOBAGU,BLUD RSUD KOTAMOBAGU - 1.02.0.00.0.00.01.0001,01KQRYXB9Z419Y28TZ7B23652X,64159880,2026,E-Katalog 6.0,BLUD,KOLONGAN JAYA ABADI,E-Purchasing,Barang,Belanja Barang dan Jasa BLUD,ON PROCESS,3679550,3679550
KOTA KOTAMOBAGU,BAGIAN PEREKONOMIAN DAN PEMBANGUNAN - 4.01.0.00.0.00.01.0006,01KWTVDDEW2RQA6V9Y34CDYJH1,64457117,2026,E-Katalog 6.0,APBD,CYNTHIA PRATIWI SUGEHA,E-Purchasing,Jasa Lainnya,Belanja Makanan dan Minuman Rapat,ON PROCESS,1250000,1250000
KOTA KOTAMOBAGU,DINAS KOMUNIKASI DAN INFORMATIKA - 2.16.2.20.2.21.01.0000,01KWGKCQC6S17JNR93W3WQSPVQ,62874058,2026,E-Katalog 6.0,APBD,KOMUNIKA SULUT MEDIA,E-Purchasing,Jasa Lainnya,"Belanja Jasa Iklan/Reklame, Film, dan Pemotretan",ON PROCESS,1998000,1998000
KOTA KOTAMOBAGU,DINAS KOMUNIKASI DAN INFORMATIKA - 2.16.2.20.2.21.01.0000,01KWGPFQV6QZ7VV8BK9H4727R4,62874058,2026,E-Katalog 6.0,APBD,NESIA INFINITI MEDIA,E-Purchasing,Jasa Lainnya,"Belanja Jasa Iklan/Reklame, Film, dan Pemotretan",ON PROCESS,1998000,1998000
KOTA KOTAMOBAGU,SEKRETARIAT DAERAH - 4.01.0.00.0.00.01.0000,01KQSENP9R7BCYYMX71NH1VV4D,63469981,2026,E-Katalog 6.0,APBD,MARLINA POBELA,E-Purchasing,Jasa Lainnya,Belanja Jasa Tenaga Pelayanan Umum,ON PROCESS,2600000,2600000
KOTA KOTAMOBAGU,BAGIAN KESEJAHTERAAN RAKYAT - 4.01.0.00.0.00.01.0005,01KQ8WQ1JCM1PEH91KZX10BXF4,63446718,2026,E-Katalog 6.0,APBD,CYNTHIA PRATIWI SUGEHA,E-Purchasing,Barang,Belanja Makanan dan Minuman Rapat,ON PROCESS,10240000,10240000
KOTA KOTAMOBAGU,SEKRETARIAT DAERAH - 4.01.0.00.0.00.01.0000,01KTP88YNMZTANJ8RFCVPRWWH1,63423831,2026,E-Katalog 6.0,APBD,FIGIH CICILIA MOKOGINTA,E-Purchasing,Barang,Belanja Makanan dan Minuman Rapat,ON PROCESS,5635000,5635000
KOTA KOTAMOBAGU,BADAN PENGELOLA KEUANGAN DAERAH - 5.02.0.00.0.00.01.0000,01KWXS0G6MVT46AX7DEYVRR896,65870658,2026,E-Katalog 6.0,APBD,ARTHA PRATAMA,E-Purchasing,Jasa Lainnya,Belanja Pemeliharaan Aset Tidak Berwujud-Software,ON PROCESS,13320000,13320000
KOTA KOTAMOBAGU,DINAS PERUMAHAN RAKYAT DAN KAWASAN PERMUKIMAN - 1.04.2.10.0.00.01.0000,01KNK922TS11W4G5DD7Z6KM189,64622808,2026,E-Katalog 6.0,APBD,HERRY PONDAAG,E-Purchasing,Barang," Belanja Bahan-Bahan Lainnya",ON PROCESS,1498334,1498334
KOTA KOTAMOBAGU,SEKRETARIAT DAERAH - 4.01.0.00.0.00.01.0000,01KQV37SKZPG1V7J39RAMTXYVF,63469981,2026,E-Katalog 6.0,APBD,GRALDI SETIAWAN KOROMPOT,E-Purchasing,Jasa Lainnya,Belanja Jasa Tenaga Pelayanan Umum,ON PROCESS,2000000,2000000
KOTA KOTAMOBAGU,DINAS KOMUNIKASI DAN INFORMATIKA - 2.16.2.20.2.21.01.0000,01KPCCYDQ2NDJFWZSBF2JNMSHE,62874058,2026,E-Katalog 6.0,APBD,MEDIA CITRA ANUGRAH,E-Purchasing,Jasa Lainnya,"Belanja Jasa Iklan/Reklame, Film, dan Pemotretan",ON PROCESS,2000000,2000000
KOTA KOTAMOBAGU,DINAS KOMUNIKASI DAN INFORMATIKA - 2.16.2.20.2.21.01.0000,01KS41A7XAT4190D74KCCXSNYV,62874058,2026,E-Katalog 6.0,APBD,MEDIA SAHABAT RAKYAT SATU,E-Purchasing,Jasa Lainnya,"Belanja Jasa Iklan/Reklame, Film, dan Pemotretan",ON PROCESS,1998000,1998000
KOTA KOTAMOBAGU,DINAS KOMUNIKASI DAN INFORMATIKA - 2.16.2.20.2.21.01.0000,01KHZSJJTGAYV6V6TA997QW237,62874058,2026,E-Katalog 6.0,APBD,MEDIA MOROTON MORIGON,E-Purchasing,Jasa Lainnya,"Belanja Jasa Iklan/Reklame, Film, dan Pemotretan",ON PROCESS,3996000,3996000
KOTA KOTAMOBAGU,DINAS PERHUBUNGAN - 2.15.0.00.0.00.01.0000,01KK0FV6PHK3RFY8AE8WT2J8PZ,64531720,2026,E-Katalog 6.0,APBD,IRMA ASTUTI KOROMPOT,E-Purchasing,Barang,Belanja Alat/Bahan untuk kegiatan Kantor - Alat Tulis Kantor,ON PROCESS,563769,563769
KOTA KOTAMOBAGU,SEKRETARIAT DPRD - 4.02.0.00.0.00.01.0000,01KJVDSV31ZR86E6DQ3W5SY16H,63395422,2026,E-Katalog 6.0,APBD,NESIA INFINITI MEDIA,E-Purchasing,Jasa Lainnya,"Belanja Jasa Iklan/Reklame, Film, dan Pemotretan",ON PROCESS,999999,999999
KOTA KOTAMOBAGU,DINAS KEPEMUDAAN DAN OLAHRAGA - 2.19.0.00.0.00.01.0000,01KS4MFA61B99GRCRN6F6BJMPD,64678690,2026,E-Katalog 6.0,APBD,HERRY PONDAAG,E-Purchasing,Barang,Belanja Alat/Bahan Untuk Kegiatan Kantor - Alat Tulis kantor,ON PROCESS,1033577,1033577
KOTA KOTAMOBAGU,DINAS KOMUNIKASI DAN INFORMATIKA - 2.16.2.20.2.21.01.0000,01KJ21BX91F9YD3D41YESPYCAM,62874058,2026,E-Katalog 6.0,APBD,RADIO SWARA MONOMPIA,E-Purchasing,Jasa Lainnya,"Belanja Jasa Iklan/Reklame, Film, dan Pemotretan",ON PROCESS,2999920,2999920
KOTA KOTAMOBAGU,SEKRETARIAT DAERAH - 4.01.0.00.0.00.01.0000,01KV5DP5QSDEY1C05264XV40RS,63474911,2026,E-Katalog 6.0,APBD,TINING MINANG,E-Purchasing,Jasa Lainnya,Belanja Jasa Tenaga Juru Masak,ON PROCESS,2600000,2600000
KOTA KOTAMOBAGU,PUSKESMAS GOGAGOMAN - 1.02.0.00.0.00.01.0004,01KKG5TCAMRS7B0C7N0SPXW4JZ,63650327,2026,E-Katalog 6.0,APBD,TRINITY SUKSES,E-Purchasing,Barang,Belanja Bahan - Bahan Lainnya Puskesmas Gogaogman,PAYMENT OUTSIDE SYSTEM,30913500,30913500
KOTA KOTAMOBAGU,DINAS KOMUNIKASI DAN INFORMATIKA - 2.16.2.20.2.21.01.0000,01KK3K0Q9ERTP0CXC68ARKDEN7,62874058,2026,E-Katalog 6.0,APBD,KREATIF MULTIMEDIA NUSANTARA,E-Purchasing,Jasa Lainnya,"Belanja Jasa Iklan/Reklame, Film, dan Pemotretan",ON PROCESS,3996000,3996000
KOTA KOTAMOBAGU,SATUAN POLISI PAMONG PRAJA - 1.05.0.00.0.00.01.0000,01KG4BCDP1Q73Y0FS7KHBW9FGC,64223898,2026,E-Katalog 6.0,APBD,HERRY PONDAAG,E-Purchasing,Barang,Belanja Alat/Bahan untuk Kegiatan Kantor-Bahan Komputer,ON PROCESS,1748250,1748250
KOTA KOTAMOBAGU,BAGIAN PEMERINTAHAN - 4.01.0.00.0.00.01.0002,01KR32KV40TQJY0DY4FACAHYE9,64597998,2026,E-Katalog 6.0,APBD,HERRY PONDAAG,E-Purchasing,Barang,Belanja Alat/Bahan untuk Kegiatan Kantor- Kertas dan Cover (Pengelolaan Administrasi Kewilayahan),ON PROCESS,1243200,1243200
KOTA KOTAMOBAGU,DINAS PEMBERDAYAAN MASYARAKAT DAN DESA - 2.13.0.00.0.00.01.0000,01KP7N0J6985MTTA66XEMVCVWE,64542832,2026,E-Katalog 6.0,APBD,DWI FEBRIANA PAPUTUNGAN,E-Purchasing,Jasa Lainnya,Belanja Makanan dan Minuman Rapat,ON PROCESS,4225000,4225000
KOTA KOTAMOBAGU,BLUD RSUD KOTAMOBAGU - 1.02.0.00.0.00.01.0001,01KFWDQWRE7FZEM05FJ998FRZ3,64159880,2026,E-Katalog 6.0,BLUD,MEDQUEST JAYA GLOBAL,E-Purchasing,Barang,Belanja Barang dan Jasa BLUD,ON PROCESS,86324700,0
KOTA KOTAMOBAGU,DINAS PERTANIAN DAN PERIKANAN - 3.27.3.25.0.00.01.0000,01KPQ484KR7GQFYV6GS0XSSSTF,62837169,2026,E-Katalog 6.0,APBD,HERRY PONDAAG,E-Purchasing,Barang," Belanja Alat/Bahan untuk Kegiatan Kantor-Alat Tulis Kantor",ON PROCESS,1823619,1823619
KOTA KOTAMOBAGU,KECAMATAN KOTAMOBAGU UTARA - 7.01.0.00.0.00.04.0000,01KHQEZSEMCTWWTXG5C1BQ0FB2,62956417,2026,E-Katalog 6.0,APBD,RHAVA COMPUTINDO,E-Purchasing,Jasa Lainnya,Belanja Pemeliharaan Komputer-Komputer Unit-Komputer Unit Lainnya,ON PROCESS,1370001,1370001
KOTA KOTAMOBAGU,BLUD RSUD KOTAMOBAGU - 1.02.0.00.0.00.01.0001,01KQBMKQGB2WKQ9YV5D2F89EDS,62976479,2026,E-Katalog 6.0,BLUD,RHAVA COMPUTINDO,E-Purchasing,Barang,Belanja Modal Peralatan dan Mesin BLUD,ON PROCESS,69597000,69597000
KOTA KOTAMOBAGU,BLUD RSUD KOTAMOBAGU - 1.02.0.00.0.00.01.0001,01KV9NMS7AD187CCSWP1KAQ5FH,64159880,2026,E-Katalog 6.0,BLUD,PERUSAHAAN PERSEROAN (PERSERO) PT KIMIA FARMA,E-Purchasing,Barang,Belanja Barang dan Jasa BLUD,ON PROCESS,502830,502830
KOTA KOTAMOBAGU,DINAS KOMUNIKASI DAN INFORMATIKA - 2.16.2.20.2.21.01.0000,01KK3KMAT2NJNWK5DHB2Q5YE1T,62874058,2026,E-Katalog 6.0,APBD,ALFATIH NURANDI MEDIA,E-Purchasing,Jasa Lainnya,"Belanja Jasa Iklan/Reklame, Film, dan Pemotretan",ON PROCESS,2997000,2997000
KOTA KOTAMOBAGU,"DINAS PERDAGANGAN, KOPERASI, USAHA KECIL DAN MENENGAH - 3.30.2.17.0.00.01.0000",01KPQREQ4JTSGREE1E618YMJVX,65292042,2026,E-Katalog 6.0,APBD,IRMA ASTUTI KOROMPOT,E-Purchasing,Barang,Belanja Bahan-Bahan Lainnya ,ON PROCESS,199800,199800
KOTA KOTAMOBAGU,UPTD INSTALASI FARMASI - 1.02.0.00.0.00.01.0002,01KK0X6P076XG3D740MT7DCR4E,63482000,2026,E-Katalog 6.0,APBD,MARIN LIZA FARMASI,E-Purchasing,Barang,Belanja Obat-Obatan-Obat,ON PROCESS,1787100,1787100
KOTA KOTAMOBAGU,BLUD RSUD KOTAMOBAGU - 1.02.0.00.0.00.01.0001,01KKGP8N1YMGH3Y78JWSEHW92W,62976479,2026,E-Katalog 6.0,BLUD,SEKARGUNA MEDIKA,E-Purchasing,Barang,Belanja Modal Peralatan dan Mesin BLUD,ON PROCESS,74997500,0
KOTA KOTAMOBAGU,KECAMATAN KOTAMOBAGU BARAT - 7.01.0.00.0.00.01.0000,01KP7KJGTQ0WAKX2BY0805DZFE,64239299,2026,E-Katalog 6.0,APBD,MINPUT,E-Purchasing,Jasa Lainnya,Belanja makan dan minum rapat ,ON PROCESS,2900000,2900000
KOTA KOTAMOBAGU,PUSKESMAS KOTOBANGON - 1.02.0.00.0.00.01.0005,01KQV2CM4PEQ6F5BJSFCQ0GDRJ,64197731,2026,E-Katalog 6.0,APBD,MINPUT,E-Purchasing,Jasa Lainnya,Belanja Barang dan Jasa BOK Puskesmas (Pengelolaan Pelayanan Kesehatan Ibu Hamil),ON PROCESS,2950200,2950200
KOTA KOTAMOBAGU,BLUD RSUD KOTAMOBAGU - 1.02.0.00.0.00.01.0001,01KFG3NHBXDJRQSBH1QBAVPA8W,62978195,2026,E-Katalog 6.0,BLUD,LESTARI MULIA SEMPURNA,E-Purchasing,Barang,Belanja Barang dan Jasa BLUD,ON PROCESS,73070912,73070912
KOTA KOTAMOBAGU,DINAS PEKERJAAN UMUM DAN PENATAAN RUANG - 1.03.0.00.0.00.01.0000,01KWXFBXX4B4DRH5H0TCEE9TT4,62873812,2026,E-Katalog 6.0,APBD,TATINAYA PAPUTUNGAN,E-Purchasing,Jasa Lainnya,Belanja Jasa Tenaga Penanganan Prasarana dan Sarana Umum,ON PROCESS,9000000,9000000
KOTA KOTAMOBAGU,SATUAN POLISI PAMONG PRAJA - 1.05.0.00.0.00.01.0000,01KKASZX2N5VDHR47DP27XGGXB,64227390,2026,E-Katalog 6.0,APBD,CYNTHIA PRATIWI SUGEHA,E-Purchasing,Jasa Lainnya,Belanja Makanan dan Minuman Aktivitas Lapangan ,ON PROCESS,2070000,2070000
KOTA KOTAMOBAGU,DINAS KOMUNIKASI DAN INFORMATIKA - 2.16.2.20.2.21.01.0000,01KRG1X8DSE6EDDBYFBX53AJ65,62874058,2026,E-Katalog 6.0,APBD,MEDIA TEROPONG PUBLIK,E-Purchasing,Jasa Lainnya,"Belanja Jasa Iklan/Reklame, Film, dan Pemotretan",ON PROCESS,2000000,2000000
KOTA KOTAMOBAGU,SEKRETARIAT DPRD - 4.02.0.00.0.00.01.0000,01KNH3BK4R0Y5KPC4GZ213K9SS,63395422,2026,E-Katalog 6.0,APBD,CATUR METRO MEDIA,E-Purchasing,Jasa Lainnya,"Belanja Jasa Iklan/Reklame, Film, dan Pemotretan",ON PROCESS,2000000,2000000
KOTA KOTAMOBAGU,BLUD RSUD KOTAMOBAGU - 1.02.0.00.0.00.01.0001,01KMPPEPXFX2HXJP5ZDXJXJVT6,64159880,2026,E-Katalog 6.0,BLUD,GLOBAL DISPOMEDIKA,E-Purchasing,Barang,Belanja Barang dan Jasa BLUD,ON PROCESS,99219570,99219570
KOTA KOTAMOBAGU,DINAS KOMUNIKASI DAN INFORMATIKA - 2.16.2.20.2.21.01.0000,01KRFZYNDMRSB4EXTXJ371AQ7R,62874058,2026,E-Katalog 6.0,APBD,MEDIA KAHIR GRUP,E-Purchasing,Jasa Lainnya,"Belanja Jasa Iklan/Reklame, Film, dan Pemotretan",ON PROCESS,5000000,5000000
KOTA KOTAMOBAGU,SEKRETARIAT DPRD - 4.02.0.00.0.00.01.0000,01KSF4PBJ54JKJQ6NMFD7RSWT1,63211862,2026,E-Katalog 6.0,APBD,BUNGAS AUTO MOTOR,E-Purchasing,Jasa Lainnya,Belanja Pemeliharaan Alat Angkutan-Alat Angkutan Darat Bermotor-Kendaraan Dinas Bermotor Perorangan,ON PROCESS,1246530,1246530
KOTA KOTAMOBAGU,DINAS KOMUNIKASI DAN INFORMATIKA - 2.16.2.20.2.21.01.0000,01KN6DQWE99D34PYN71AMKWH6S,62872799,2026,E-Katalog 6.0,APBD,FIRMANSYAH MAMINTIWALO,E-Purchasing,Barang,Belanja Alat/Bahan untuk Kegiatan Kantor- Bahan Cetak,ON PROCESS,2448000,2448000
KOTA KOTAMOBAGU,BADAN PERENCANAAN PENELITIAN DAN PENGEMBANGAN DAERAH - 5.01.5.05.0.00.01.0000,01KV9NXYRFY5W81KK9SYFEZ5N2,62551596,2026,E-Katalog 6.0,APBD,HERRY PONDAAG,E-Purchasing,Barang,Belanja Alat/Bahan untuk Kegiatan Kantor-Alat Listrik,ON PROCESS,510600,510600
KOTA KOTAMOBAGU,DINAS KOMUNIKASI DAN INFORMATIKA - 2.16.2.20.2.21.01.0000,01KVCCD7TJ3FGVT9JQF28ASSDX,62874058,2026,E-Katalog 6.0,APBD,MEDIA KAHIR GRUP,E-Purchasing,Jasa Lainnya,"Belanja Jasa Iklan/Reklame, Film, dan Pemotretan",ON PROCESS,5000000,5000000
KOTA KOTAMOBAGU,PUSKESMAS MOTOBOI KECIL - 1.02.0.00.0.00.01.0003,01KQEG3EJJR1QPDE8B12C6CYMQ,63496153,2026,E-Katalog 6.0,APBD,FIGIH CICILIA MOKOGINTA,E-Purchasing,Barang,Belanja Barang dan Jasa BOK Puskesmas Pelaksanaan Kelas Ibu Hamil dan Kelas Ibu Balita,ON PROCESS,6210000,6210000
KOTA KOTAMOBAGU,DINAS PENANAMAN MODAL DAN PELAYANAN TERPADU SATU PINTU - 2.18.0.00.0.00.01.0000,01KTK6389VMVRPBMEM155KGDSD,64575149,2026,E-Katalog 6.0,APBD,HERRY PONDAAG,E-Purchasing,Barang,Belanja alat/bahan untuk kegiatan kantor-Bahan Cetak,ON PROCESS,666000,666000
KOTA KOTAMOBAGU,BADAN PERENCANAAN PENELITIAN DAN PENGEMBANGAN DAERAH - 5.01.5.05.0.00.01.0000,01KQDZNW1TKNA2Q2C0SQM4WE4X,62551773,2026,E-Katalog 6.0,APBD,CYNTHIA PRATIWI SUGEHA,E-Purchasing,Barang,Belanja Makanan dan Minuman Rapat ,ON PROCESS,1680000,1680000
KOTA KOTAMOBAGU,SEKRETARIAT DPRD - 4.02.0.00.0.00.01.0000,01KJVSDKSAP2N2R22ANQM4FTDE,63395422,2026,E-Katalog 6.0,APBD,GEMA MEDIA KITA,E-Purchasing,Jasa Lainnya,"Belanja Jasa Iklan/Reklame, Film, dan Pemotretan",ON PROCESS,1999998,1999998
KOTA KOTAMOBAGU,BAGIAN UMUM - 4.01.0.00.0.00.01.0001,01KR0M12V5HC8242FAH2ZKE58Y,64128059,2026,E-Katalog 6.0,APBD,HERRY PONDAAG,E-Purchasing,Barang,Belanja Alat/Bahan untuk Kegiatan Kantor-Alat/Bahan untuk Kegiatan Kantor Lainnya,ON PROCESS,4675519,4675519
KOTA KOTAMOBAGU,DINAS KOMUNIKASI DAN INFORMATIKA - 2.16.2.20.2.21.01.0000,01KK3KRP2WWY4ZF7CG1EZM7J1B,62874058,2026,E-Katalog 6.0,APBD,BIOVIO MEDIA INDONESIA,E-Purchasing,Jasa Lainnya,"Belanja Jasa Iklan/Reklame, Film, dan Pemotretan",ON PROCESS,2997000,2997000
KOTA KOTAMOBAGU,BAGIAN KESEJAHTERAAN RAKYAT - 4.01.0.00.0.00.01.0005,01KH56C8X24W2H05G63HGG5HXX,63451211,2026,E-Katalog 6.0,APBD,IRMA ASTUTI KOROMPOT,E-Purchasing,Barang,Belanja Alat/Bahan untuk Kegiatan Kantor-Bahan Komputer,ON PROCESS,860998,860998
KOTA KOTAMOBAGU,BLUD RSUD KOTAMOBAGU - 1.02.0.00.0.00.01.0001,01KRD2DPXZKHH7JT4T55RX1W2F,64159880,2026,E-Katalog 6.0,BLUD,PRATAPA NIRMALA,E-Purchasing,Barang,Belanja Barang dan Jasa BLUD,ON PROCESS,19980000,19980000
KOTA KOTAMOBAGU,BLUD RSUD KOTAMOBAGU - 1.02.0.00.0.00.01.0001,01KWBXMV7SP0PJJKSXNJDJQ6Z3,67375290,2026,E-Katalog 6.0,BLUD,DARYA-VARIA LABORATORIA,E-Purchasing,Barang,Belanja Barang dan Jasa BLUD,ON PROCESS,3829500,3829500
KOTA KOTAMOBAGU,SEKRETARIAT DPRD - 4.02.0.00.0.00.01.0000,01KKTA6XCJFXM2SFMQJPTK06J7,63395422,2026,E-Katalog 6.0,APBD,NEFA MEDIA UTAMA,E-Purchasing,Jasa Lainnya,"Belanja Jasa Iklan/Reklame, Film, dan Pemotretan",ON PROCESS,1000000,1000000
KOTA KOTAMOBAGU,DINAS KOMUNIKASI DAN INFORMATIKA - 2.16.2.20.2.21.01.0000,01KVA3RE212GGB4AM9ZJA5WFEH,62874058,2026,E-Katalog 6.0,APBD,TAYO MEDIA UTAMA,E-Purchasing,Jasa Lainnya,"Belanja Jasa Iklan/Reklame, Film, dan Pemotretan",ON PROCESS,2000000,2000000
KOTA KOTAMOBAGU,DINAS KOMUNIKASI DAN INFORMATIKA - 2.16.2.20.2.21.01.0000,01KQR9XM6DPEC4H46Z1NH72J2J,62857644,2026,E-Katalog 6.0,APBD,DIGITAL SANDI INFORMASI,E-Purchasing,Jasa Lainnya,Belanja Kawat/Faksimili/Internet/TV Berlangganan,ON PROCESS,16095000,16095000
KOTA KOTAMOBAGU,SEKRETARIAT DPRD - 4.02.0.00.0.00.01.0000,01KQV6D0MRWNH81M0M372DZFE1,63354993,2026,E-Katalog 6.0,APBD,SUMBER REJEKI,E-Purchasing,Jasa Lainnya,Belanja Makanan dan Minuman Rapat,ON PROCESS,1470000,1470000
KOTA KOTAMOBAGU,SEKRETARIAT DAERAH - 4.01.0.00.0.00.01.0000,01KJP3J3H8QQGR7X6JW2ESKFFG,63474266,2026,E-Katalog 6.0,APBD,RONNY GINOGA,E-Purchasing,Jasa Lainnya,Belanja Jasa Tenaga Supir,ON PROCESS,4000000,4000000
KOTA KOTAMOBAGU,BAGIAN UMUM - 4.01.0.00.0.00.01.0001,01KVZE4YP4STMRAHA0XSW35THV,64509313,2026,E-Katalog 6.0,APBD,HASAN MAKALUNSENGE,E-Purchasing,Barang,Belanja Pemeliharaan Alat Angkutan-Alat Angkutan Darat Bermotor-Kendaraan Dinas Bermotor Perorangan,ON PROCESS,3883890,3883890
KOTA KOTAMOBAGU,DINAS KOMUNIKASI DAN INFORMATIKA - 2.16.2.20.2.21.01.0000,01KWE5EYKJXYWBQG9255JNQ4P0,62874058,2026,E-Katalog 6.0,APBD,INFO TOTABUAN SAFA EYATO,E-Purchasing,Jasa Lainnya,"Belanja Jasa Iklan/Reklame, Film, dan Pemotretan",ON PROCESS,4995000,4995000
KOTA KOTAMOBAGU,BLUD RSUD KOTAMOBAGU - 1.02.0.00.0.00.01.0001,01KGA2QYJJMN1CVJ0TBBGGK8PB,64159880,2026,E-Katalog 6.0,BLUD,AOMA PRIMA MEDIKA,E-Purchasing,Barang,Belanja Barang dan Jasa BLUD,ON PROCESS,41602800,41602800
KOTA KOTAMOBAGU,BLUD RSUD KOTAMOBAGU - 1.02.0.00.0.00.01.0001,01KQRWD35AZF7SPME8CCKX5YVQ,64159880,2026,E-Katalog 6.0,BLUD,KOLONGAN JAYA ABADI,E-Purchasing,Barang,Belanja Barang dan Jasa BLUD,ON PROCESS,3285500,3285500
KOTA KOTAMOBAGU,DINAS KOMUNIKASI DAN INFORMATIKA - 2.16.2.20.2.21.01.0000,01KWBGSXGQKCDMT6M5KSZN72DY,62859317,2026,E-Katalog 6.0,APBD,KOTANET JARINGAN TELEKOMUNIKASI,E-Purchasing,Jasa Lainnya,Belanja Kawat/Faksimili/Internet/TV Berlangganan,ON PROCESS,54989400,54989400
KOTA KOTAMOBAGU,SEKRETARIAT DAERAH - 4.01.0.00.0.00.01.0000,01KTXW6FN512EDTWXG56T92WXD,63473306,2026,E-Katalog 6.0,APBD,AFFAN RIVANDI MOKODONGAN,E-Purchasing,Jasa Lainnya,Belanja Jasa Tenaga Keamanan,ON PROCESS,5000000,5000000
KOTA KOTAMOBAGU,BADAN PENGELOLA KEUANGAN DAERAH - 5.02.0.00.0.00.01.0000,01KJY932YB65ZWE449W93T0NKF,63113409,2026,E-Katalog 6.0,APBD,IRMA ASTUTI KOROMPOT,E-Purchasing,Barang,Belanja Alat/Bahan untuk Kegiatan Kantor-Alat Tulis Kantor,ON PROCESS,2324729,2324729
KOTA KOTAMOBAGU,DINAS KOMUNIKASI DAN INFORMATIKA - 2.16.2.20.2.21.01.0000,01KRG1Q96GR4NR80S0WV01WCSY,62874058,2026,E-Katalog 6.0,APBD,RAGAKU MEDIA ISTIMEWA,E-Purchasing,Jasa Lainnya,"Belanja Jasa Iklan/Reklame, Film, dan Pemotretan",ON PROCESS,2000000,2000000
KOTA KOTAMOBAGU,DINAS PERUMAHAN RAKYAT DAN KAWASAN PERMUKIMAN - 1.04.2.10.0.00.01.0000,01KR07DP2P69F7MYP6607P31WP,64589573,2026,E-Katalog 6.0,APBD,LA ROSE,E-Purchasing,Barang," Belanja Alat/Bahan untuk Kegiatan Kantor- Bahan Cetak",ON PROCESS,499500,499500
KOTA KOTAMOBAGU,DINAS KETAHANAN PANGAN - 2.09.0.00.0.00.01.0000,01KNTHAR9XQYPTE1M2D1PJ49DJ,63982076,2026,E-Katalog 6.0,APBD,HERRY PONDAAG,E-Purchasing,Barang,Belanja Alat/Bahan untuk Kegiatan Kantor-Alat Tulis Kantor,ON PROCESS,553446,553446
KOTA KOTAMOBAGU,BLUD RSUD KOTAMOBAGU - 1.02.0.00.0.00.01.0001,01KFZPEDXM8PV1Q3PPA2V3058V,64159880,2026,E-Katalog 6.0,BLUD,GERBANG MITRA SEHATI,E-Purchasing,Barang,Belanja Barang dan Jasa BLUD,ON PROCESS,63069923,63069923
KOTA KOTAMOBAGU,DINAS PEMBERDAYAAN MASYARAKAT DAN DESA - 2.13.0.00.0.00.01.0000,01KQV3P3CGSBKTA62RG7ACV2Z8,64542109,2026,E-Katalog 6.0,APBD,YUDHI KADHIKA,E-Purchasing,Barang,Belanja alat/bahan untuk kegiatan kantor bahan cetak,ON PROCESS,1704960,1704960
KOTA KOTAMOBAGU,BLUD RSUD KOTAMOBAGU - 1.02.0.00.0.00.01.0001,01KSRSAX7EG5W9YBYRH9Y88Q05,64159880,2026,E-Katalog 6.0,BLUD,PRATAPA NIRMALA,E-Purchasing,Barang,Belanja Barang dan Jasa BLUD,ON PROCESS,8391600,8391600
KOTA KOTAMOBAGU,BLUD RSUD KOTAMOBAGU - 1.02.0.00.0.00.01.0001,01KPSYV4KTTG68VC4BZZ3P4DTM,64159880,2026,E-Katalog 6.0,BLUD,AMAROX PHARMA GLOBAL,E-Purchasing,Barang,Belanja Barang dan Jasa BLUD,ON PROCESS,3000064,0
KOTA KOTAMOBAGU,SEKRETARIAT DAERAH - 4.01.0.00.0.00.01.0000,01KP597H22V9XX958G756M4YS5,63423831,2026,E-Katalog 6.0,APBD,FIGIH CICILIA MOKOGINTA,E-Purchasing,Barang,Belanja Makanan dan Minuman Rapat,ON PROCESS,1942500,1942500
KOTA KOTAMOBAGU,BLUD RSUD KOTAMOBAGU - 1.02.0.00.0.00.01.0001,01KRZKJK2D2ZNSGZY73M3E0C73,64159880,2026,E-Katalog 6.0,BLUD,GERBANG MITRA SEHATI,E-Purchasing,Barang,Belanja Barang dan Jasa BLUD,ON PROCESS,29975750,29975750
KOTA KOTAMOBAGU,DINAS PEKERJAAN UMUM DAN PENATAAN RUANG - 1.03.0.00.0.00.01.0000,01KPW99CPDK5SEWY6GMCS22KF1,64871093,2026,E-Katalog 6.0,APBD,YUNIARNI,E-Purchasing,Jasa Lainnya,Belanja Makanan dan Minuman Rapat,ON PROCESS,3000000,3000000
KOTA KOTAMOBAGU,SEKRETARIAT DAERAH - 4.01.0.00.0.00.01.0000,01KS27BK5BQDKJ57579QW71XJF,63423831,2026,E-Katalog 6.0,APBD,FIGIH CICILIA MOKOGINTA,E-Purchasing,Barang,Belanja Makanan dan Minuman Rapat,ON PROCESS,2160000,2160000
KOTA KOTAMOBAGU,BADAN PENGELOLA KEUANGAN DAERAH - 5.02.0.00.0.00.01.0000,01KR300EE39HE9BE5JNFJH6ZGX,63113386,2026,E-Katalog 6.0,APBD,IRMA ASTUTI KOROMPOT,E-Purchasing,Barang,Belanja Alat/Bahan untuk Kegiatan Kantor-Alat Tulis Kantor,ON PROCESS,3075977,3075977
KOTA KOTAMOBAGU,SEKRETARIAT DAERAH - 4.01.0.00.0.00.01.0000,01KJHX7K2K9JP5A9BZ8D9CK9H7,63469981,2026,E-Katalog 6.0,APBD,PATRA MOKODOMPIT,E-Purchasing,Jasa Lainnya,Belanja Jasa Tenaga Pelayanan Umum,ON PROCESS,2000000,2000000
KOTA KOTAMOBAGU,SEKRETARIAT DAERAH - 4.01.0.00.0.00.01.0000,01KQVBY0YR45EC3R8D8X4TNBVC,63469981,2026,E-Katalog 6.0,APBD,BOTTI RIZAL MOKOGINTA,E-Purchasing,Jasa Lainnya,Belanja Jasa Tenaga Pelayanan Umum,ON PROCESS,2000000,2000000
KOTA KOTAMOBAGU,DINAS KOMUNIKASI DAN INFORMATIKA - 2.16.2.20.2.21.01.0000,01KJ028NM71BYFD0D1EJ9XD6FZ,62874058,2026,E-Katalog 6.0,APBD,CATUR METRO MEDIA,E-Purchasing,Jasa Lainnya,"Belanja Jasa Iklan/Reklame, Film, dan Pemotretan",ON PROCESS,4000000,4000000
KOTA KOTAMOBAGU,BADAN KESATUAN BANGSA DAN POLITIK - 8.01.0.00.0.00.01.0000,01KG6DTMS0RTJ6RKGNDGREZE2E,64413044,2026,E-Katalog 6.0,APBD,MINPUT,E-Purchasing,Jasa Lainnya,Belanja Makanan dan Minuman Rapat,ON PROCESS,40800000,40800000
KOTA KOTAMOBAGU,BLUD RSUD KOTAMOBAGU - 1.02.0.00.0.00.01.0001,01KS22E3V12VWRH290JY9C1Q1R,64159880,2026,E-Katalog 6.0,BLUD,TRANSMEDIC INDONESIA,E-Purchasing,Barang,Belanja Barang dan Jasa BLUD,ON PROCESS,14686799,0
KOTA KOTAMOBAGU,UPTD INSTALASI FARMASI - 1.02.0.00.0.00.01.0002,01KJEY7CPZNV8WMEQCFPD5BDMY,63983465,2026,E-Katalog 6.0,APBD,HERRY PONDAAG,E-Purchasing,Barang,Belanja Alat/Bahan untuk Kegiatan Kantor-Kertas dan Cover,ON PROCESS,929070,929070
KOTA KOTAMOBAGU,BAGIAN PEREKONOMIAN DAN PEMBANGUNAN - 4.01.0.00.0.00.01.0006,01KTWZJABWJY78TAAN7E2DZEQB,64450602,2026,E-Katalog 6.0,APBD,RIVS,E-Purchasing,Jasa Lainnya,Belanja Pemeliharaan Alat Angkutan-Alat Angkutan Darat Bermotor-Kendaraan Dinas Bermotor Perorangan,ON PROCESS,9923400,9923400
KOTA KOTAMOBAGU,SEKRETARIAT DAERAH - 4.01.0.00.0.00.01.0000,01KQF35ST3W21PAGBRS0HDVJF7,63423831,2026,E-Katalog 6.0,APBD,FIGIH CICILIA MOKOGINTA,E-Purchasing,Barang,Belanja Makanan dan Minuman Rapat,ON PROCESS,2080000,2080000
KOTA KOTAMOBAGU,DINAS PENANAMAN MODAL DAN PELAYANAN TERPADU SATU PINTU - 2.18.0.00.0.00.01.0000,01KRAMVSB76A6Y76T8E3XXG1EK,64609967,2026,E-Katalog 6.0,APBD,CYNTHIA PRATIWI SUGEHA,E-Purchasing,Barang,Belanja Makanan dan Minuman Rapat ,ON PROCESS,1311000,1311000
KOTA KOTAMOBAGU,DINAS LINGKUNGAN HIDUP - 2.11.0.00.0.00.01.0000,01KNTR9KJYD5N4VP24YYXH7J40,64443097,2026,E-Katalog 6.0,APBD,BUNGAS AUTO MOTOR,E-Purchasing,Jasa Lainnya,Belanja Pemeliharaan Alat Besar - Alat Besar Darat - Excavator ,ON PROCESS,5061600,5061600
KOTA KOTAMOBAGU,SEKRETARIAT DPRD - 4.02.0.00.0.00.01.0000,01KJXNWJYS3HW1MJ92QB72509Z,63395422,2026,E-Katalog 6.0,APBD,PILAR MEDIA JAYA,E-Purchasing,Jasa Lainnya,"Belanja Jasa Iklan/Reklame, Film, dan Pemotretan",ON PROCESS,1999998,1999998
KOTA KOTAMOBAGU,DINAS KOMUNIKASI DAN INFORMATIKA - 2.16.2.20.2.21.01.0000,01KGP90X5SBHDF2A2T8RSK0JXK,62872799,2026,E-Katalog 6.0,APBD,FIRMANSYAH MAMINTIWALO,E-Purchasing,Barang,Belanja Alat/Bahan untuk Kegiatan Kantor- Bahan Cetak,ON PROCESS,3264000,3264000
KOTA KOTAMOBAGU,BADAN KESATUAN BANGSA DAN POLITIK - 8.01.0.00.0.00.01.0000,01KW0R7ERWXKB438WTXH63C1N9,64421154,2026,E-Katalog 6.0,APBD,ARIANTO LIHAWA,E-Purchasing,Jasa Lainnya,Belanja Pakaian Paskibraka,ON PROCESS,209545800,209545800
KOTA KOTAMOBAGU,DINAS KOMUNIKASI DAN INFORMATIKA - 2.16.2.20.2.21.01.0000,01KPAKVT6C00VWM1CKEHCDGZ26,62874058,2026,E-Katalog 6.0,APBD,MDH NEWS24 MULTIMEDIA,E-Purchasing,Jasa Lainnya,"Belanja Jasa Iklan/Reklame, Film, dan Pemotretan",ON PROCESS,1998000,1998000
KOTA KOTAMOBAGU,DINAS KOMUNIKASI DAN INFORMATIKA - 2.16.2.20.2.21.01.0000,01KWGJVBRGST9FM71JGQ6K8FHK,62874058,2026,E-Katalog 6.0,APBD,MOKOAGOW JAYA MERDEKA,E-Purchasing,Jasa Lainnya,"Belanja Jasa Iklan/Reklame, Film, dan Pemotretan",ON PROCESS,2000000,2000000
KOTA KOTAMOBAGU,PUSKESMAS KOTOBANGON - 1.02.0.00.0.00.01.0005,01KQEABP0AV4QD4YSX7VRYWE41,64197690,2026,E-Katalog 6.0,APBD,RANOLA TAYU,E-Purchasing,Jasa Lainnya,Belanja Alat/Bahan untuk Kegiatan Kantor- Bahan Cetak,ON PROCESS,540004,540004
KOTA KOTAMOBAGU,DINAS KOMUNIKASI DAN INFORMATIKA - 2.16.2.20.2.21.01.0000,01KPCEFXP28PXCWSSK5QHFC1JJ,62874058,2026,E-Katalog 6.0,APBD,MANADO MEDIA GRAFIKA,E-Purchasing,Jasa Lainnya,"Belanja Jasa Iklan/Reklame, Film, dan Pemotretan",ON PROCESS,4995000,4995000
KOTA KOTAMOBAGU,DINAS KOMUNIKASI DAN INFORMATIKA - 2.16.2.20.2.21.01.0000,01KVCBM4A3W4WW70CVXRVZQB26,62874058,2026,E-Katalog 6.0,APBD,MANADO TERKINI CEMERLANG,E-Purchasing,Jasa Lainnya,"Belanja Jasa Iklan/Reklame, Film, dan Pemotretan",ON PROCESS,1998000,1998000
KOTA KOTAMOBAGU,DINAS PEKERJAAN UMUM DAN PENATAAN RUANG - 1.03.0.00.0.00.01.0000,01KETPZB6PFR84DFH2DW4ZQ6SR,62873812,2026,E-Katalog 6.0,APBD,MIKE DAVID,E-Purchasing,Jasa Lainnya,Belanja Jasa Tenaga Penanganan Prasarana dan Sarana Umum,ON PROCESS,9000000,9000000
KOTA KOTAMOBAGU,DINAS KOMUNIKASI DAN INFORMATIKA - 2.16.2.20.2.21.01.0000,01KWE5Q1RWE84B43TSEG692TYZ,62874058,2026,E-Katalog 6.0,APBD,ALWIEN SY. RAHMOLA,E-Purchasing,Jasa Lainnya,"Belanja Jasa Iklan/Reklame, Film, dan Pemotretan",ON PROCESS,2000000,2000000
KOTA KOTAMOBAGU,DINAS PEKERJAAN UMUM DAN PENATAAN RUANG - 1.03.0.00.0.00.01.0000,01KWXF4D9Q8DYJMD05MH5NHQQD,62873812,2026,E-Katalog 6.0,APBD,RESKY PUTERI ANUGERAH MOKOGINTA,E-Purchasing,Jasa Lainnya,Belanja Jasa Tenaga Penanganan Prasarana dan Sarana Umum,ON PROCESS,9000000,9000000
KOTA KOTAMOBAGU,DINAS KOMUNIKASI DAN INFORMATIKA - 2.16.2.20.2.21.01.0000,01KJ4D6SAWNSNM313WGC1N4BH7,63347408,2026,E-Katalog 6.0,APBD,BONNY ABDULRAUF,E-Purchasing,Barang,Belanja Alat/Bahan untuk Kegiatan Kantor-Alat/Bahan untuk Kegiatan Kantor Lainnya,ON PROCESS,149850,149850
KOTA KOTAMOBAGU,DINAS KOMUNIKASI DAN INFORMATIKA - 2.16.2.20.2.21.01.0000,01KVCC1RV0X3HM85HKBDWZHTSD,62874058,2026,E-Katalog 6.0,APBD,CATUR METRO MEDIA,E-Purchasing,Jasa Lainnya,"Belanja Jasa Iklan/Reklame, Film, dan Pemotretan",ON PROCESS,4000000,4000000
KOTA KOTAMOBAGU,BLUD RSUD KOTAMOBAGU - 1.02.0.00.0.00.01.0001,01KNNWFQ03WSH3RKT419K8RBV6,64159880,2026,E-Katalog 6.0,BLUD,KOLONGAN JAYA ABADI,E-Purchasing,Barang,Belanja Barang dan Jasa BLUD,ON PROCESS,17600049,17600049
KOTA KOTAMOBAGU,BLUD RSUD KOTAMOBAGU - 1.02.0.00.0.00.01.0001,01KKTVEAX6CKWHKDE8VGEC0QQP,64159880,2026,E-Katalog 6.0,BLUD,GERBANG MITRA SEHATI,E-Purchasing,Barang,Belanja Barang dan Jasa BLUD,ON PROCESS,69133020,69133020
KOTA KOTAMOBAGU,DINAS KOMUNIKASI DAN INFORMATIKA - 2.16.2.20.2.21.01.0000,01KHZNAMZ490XBP99CBBK8MRE8,62874058,2026,E-Katalog 6.0,APBD,MEDIA AKURASI EWARTA JAYA,E-Purchasing,Jasa Lainnya,"Belanja Jasa Iklan/Reklame, Film, dan Pemotretan",ON PROCESS,5000000,5000000
KOTA KOTAMOBAGU,BLUD RSUD KOTAMOBAGU - 1.02.0.00.0.00.01.0001,01KQYR83B86HVATRWGPWWE1SWK,64159880,2026,E-Katalog 6.0,BLUD,MEGA LIFESCIENCES INDONESIA,E-Purchasing,Barang,Belanja Barang dan Jasa BLUD,ON PROCESS,1423020,0
KOTA KOTAMOBAGU,DINAS PENDIDIKAN - 1.01.0.00.0.00.01.0000,01KKAZTQEXCNCQC9NKNXN3H4VF,65263276,2026,E-Katalog 6.0,APBD,JAYA ARTHA,E-Purchasing,Barang,Belanja Alat/Bahan untuk Kegiatan Kantor-Alat Tulis Kantor ( Belanja ATK Sekretariat),ON PROCESS,3942720,3942720
KOTA KOTAMOBAGU,SEKRETARIAT DAERAH - 4.01.0.00.0.00.01.0000,01KQVDJW4DQHK31J91FP88QKFZ,63474266,2026,E-Katalog 6.0,APBD,RAHMAT DJAEFRI ADATI,E-Purchasing,Jasa Lainnya,Belanja Jasa Tenaga Supir,ON PROCESS,2000000,2000000
KOTA KOTAMOBAGU,UPTD INSTALASI FARMASI - 1.02.0.00.0.00.01.0002,01KQ9K9K9X2N5CYE8AJ1R4BT1B,63480254,2026,E-Katalog 6.0,APBD,BERNOFARM,E-Purchasing,Barang,Belanja Bahan-Bahan Lainnya,ON PROCESS,8578691,8578691
KOTA KOTAMOBAGU,SEKRETARIAT DAERAH - 4.01.0.00.0.00.01.0000,01KQSAQTYCRGND1C25ARHEC2JP,63474911,2026,E-Katalog 6.0,APBD,SRI DHAMAYANTI ADJANA,E-Purchasing,Jasa Lainnya,Belanja Jasa Tenaga Juru Masak,ON PROCESS,2600000,2600000
KOTA KOTAMOBAGU,DINAS KOMUNIKASI DAN INFORMATIKA - 2.16.2.20.2.21.01.0000,01KK853PXRRJ6JZEAFS72A3ADQ,62874058,2026,E-Katalog 6.0,APBD,RADIO SWARA MONOMPIA,E-Purchasing,Jasa Lainnya,"Belanja Jasa Iklan/Reklame, Film, dan Pemotretan",ON PROCESS,2999920,2999920
KOTA KOTAMOBAGU,PUSKESMAS MOTOBOI KECIL - 1.02.0.00.0.00.01.0003,01KRAAV6TVX11MVB826HBCCW12,63517110,2026,E-Katalog 6.0,APBD,FIGIH CICILIA MOKOGINTA,E-Purchasing,Barang,Belanja Barang dan Jasa BOK Puskesmas Bimtek dan Supervisi Pengembangan dan Pelaksanaan UKBM,ON PROCESS,490000,490000
KOTA KOTAMOBAGU,BLUD RSUD KOTAMOBAGU - 1.02.0.00.0.00.01.0001,01KFWCXKB3QR8MWM32HMV9GQKM,64159880,2026,E-Katalog 6.0,BLUD,KOLONGAN JAYA ABADI,E-Purchasing,Barang,Belanja Barang dan Jasa BLUD,ON PROCESS,17600160,17600160
KOTA KOTAMOBAGU,DINAS KESEHATAN - 1.02.0.00.0.00.01.0000,01KWY5WB1RZ6J2F9VDTM1X5Z0T,65548349,2026,E-Katalog 6.0,APBD,THIRZA ADIPRATI DJAMAN,E-Purchasing,Barang,Belanja Alat/Bahan untuk Kegiatan Kantor- Bahan Cetak,ON PROCESS,1634364,1634364
KOTA KOTAMOBAGU,BLUD RSUD KOTAMOBAGU - 1.02.0.00.0.00.01.0001,01KV0SHJ2G7RHYSEPW0C01GCTC,64159880,2026,E-Katalog 6.0,BLUD,OTSUKA INDONESIA,E-Purchasing,Barang,Belanja Barang dan Jasa BLUD,ON PROCESS,79457685,79457685
KOTA KOTAMOBAGU,BLUD RSUD KOTAMOBAGU - 1.02.0.00.0.00.01.0001,01KFWFF6QPNC3YPPBW09SJK6S7,64159880,2026,E-Katalog 6.0,BLUD,ENDO INDONESIA,E-Purchasing,Barang,Belanja Barang dan Jasa BLUD,ON PROCESS,96953192,96953192
KOTA KOTAMOBAGU,BAGIAN HUKUM - 4.01.0.00.0.00.01.0003,01KN37PVQY09JVKGJPPY8SM637,63074297,2026,E-Katalog 6.0,APBD,IRMA ASTUTI KOROMPOT,E-Purchasing,Barang,Belanja Alat/Bahan untuk Kegiatan Kantor- Kertas dan Cover,ON PROCESS,1056720,1056720
KOTA KOTAMOBAGU,DINAS PEKERJAAN UMUM DAN PENATAAN RUANG - 1.03.0.00.0.00.01.0000,01KPQ0NVMDS34P79ZQJTRHZ8PK,64450817,2026,E-Katalog 6.0,APBD,BUNGAS AUTO MOTOR,E-Purchasing,Barang,Belanja Pemeliharaan Alat Angkutan-Alat Angkutan Darat Bermotor-Kendaraan Bermotor Angkutan Barang,ON PROCESS,22064580,22064580
KOTA KOTAMOBAGU,DINAS KOMUNIKASI DAN INFORMATIKA - 2.16.2.20.2.21.01.0000,01KPAJD4HMZ5E7G5F4Y4F9BZ08,62874058,2026,E-Katalog 6.0,APBD,SHAKA BUMI MEDIA UTAMA,E-Purchasing,Jasa Lainnya,"Belanja Jasa Iklan/Reklame, Film, dan Pemotretan",ON PROCESS,2000000,2000000
KOTA KOTAMOBAGU,DINAS KOMUNIKASI DAN INFORMATIKA - 2.16.2.20.2.21.01.0000,01KRFVPZV254H6XVT8Z7TM4KE0,62874058,2026,E-Katalog 6.0,APBD,BOLMONG POST CIPTA PARASANA,E-Purchasing,Jasa Lainnya,"Belanja Jasa Iklan/Reklame, Film, dan Pemotretan",ON PROCESS,1998000,1998000
KOTA KOTAMOBAGU,DINAS KOMUNIKASI DAN INFORMATIKA - 2.16.2.20.2.21.01.0000,01KHZR8VP51PRDG1XDGRXAPPQE,62874058,2026,E-Katalog 6.0,APBD,SHAKA BUMI MEDIA UTAMA,E-Purchasing,Jasa Lainnya,"Belanja Jasa Iklan/Reklame, Film, dan Pemotretan",ON PROCESS,2000000,2000000
KOTA KOTAMOBAGU,SEKRETARIAT DAERAH - 4.01.0.00.0.00.01.0000,01KTXNH3FCZNRGC6AYPNVFGJXD,63474911,2026,E-Katalog 6.0,APBD,DALMI MOKODONGAN,E-Purchasing,Jasa Lainnya,Belanja Jasa Tenaga Juru Masak,ON PROCESS,2600000,2600000
KOTA KOTAMOBAGU,DINAS PENDIDIKAN - 1.01.0.00.0.00.01.0000,01KPQ09WT6EC3K1KZFDGG8BERD,65263190,2026,E-Katalog 6.0,APBD,JAYA ARTHA,E-Purchasing,Barang,Belanja Alat/Bahan untuk Kegiatan Kantor-Alat Listrik (Belanja Alat/Bahan untuk kegiatan kantor-Alat Listrik),ON PROCESS,2573535,2573535
KOTA KOTAMOBAGU,BLUD RSUD KOTAMOBAGU - 1.02.0.00.0.00.01.0001,01KS2KSFMCM8HKD26YADHRETZA,64159880,2026,E-Katalog 6.0,BLUD,PERDANA JAYA MEDIKA,E-Purchasing,Barang,Belanja Barang dan Jasa BLUD,ON PROCESS,31421081,31421081
KOTA KOTAMOBAGU,DINAS KOMUNIKASI DAN INFORMATIKA - 2.16.2.20.2.21.01.0000,01KP9X7Q8MHJ2VE8TGA3RCM3FP,62874058,2026,E-Katalog 6.0,APBD,MEDIA BOLMONG RAYA,E-Purchasing,Jasa Lainnya,"Belanja Jasa Iklan/Reklame, Film, dan Pemotretan",ON PROCESS,3000000,3000000
KOTA KOTAMOBAGU,DINAS KESEHATAN - 1.02.0.00.0.00.01.0000,01KW71TAF4TRYMGH3G7NQ3FSY2,65546206,2026,E-Katalog 6.0,APBD,ASAAD DAMOGALAT,E-Purchasing,Jasa Lainnya," Belanja Jasa Tenaga Supir",ON PROCESS,1500000,1500000
KOTA KOTAMOBAGU,SEKRETARIAT DAERAH - 4.01.0.00.0.00.01.0000,01KVCJHQ8BPDP26E57AG7HX909,63423831,2026,E-Katalog 6.0,APBD,CYNTHIA PRATIWI SUGEHA,E-Purchasing,Barang,Belanja Makanan dan Minuman Rapat,ON PROCESS,2590000,2590000
KOTA KOTAMOBAGU,DINAS KOMUNIKASI DAN INFORMATIKA - 2.16.2.20.2.21.01.0000,01KRFVSZFQFG0TWH3NS1MK6Z49,62874058,2026,E-Katalog 6.0,APBD,BUMANTARA BAROKAH BERSAMA,E-Purchasing,Jasa Lainnya,"Belanja Jasa Iklan/Reklame, Film, dan Pemotretan",ON PROCESS,2000000,2000000
KOTA KOTAMOBAGU,DINAS KOMUNIKASI DAN INFORMATIKA - 2.16.2.20.2.21.01.0000,01KWXF18GDQSKFV58PBPTK8ZYT,63341178,2026,E-Katalog 6.0,APBD,BONNY ABDULRAUF,E-Purchasing,Barang,Belanja Alat/Bahan untuk Kegiatan Kantor-Alat Tulis Kantor,ON PROCESS,643301,643301
KOTA KOTAMOBAGU,BLUD RSUD KOTAMOBAGU - 1.02.0.00.0.00.01.0001,01KP3CWT73RZME30DSPJS8Z3XA,62976479,2026,E-Katalog 6.0,BLUD,SERENITY INDONESIA,E-Purchasing,Barang,Belanja Modal Peralatan dan Mesin BLUD,ON PROCESS,1389599,1389599
KOTA KOTAMOBAGU,SEKRETARIAT DAERAH - 4.01.0.00.0.00.01.0000,01KRG3QSSF1KDMTRB3829BBK6R,63474266,2026,E-Katalog 6.0,APBD,AHMAD AFFANDI MAKALALAG,E-Purchasing,Jasa Lainnya,Belanja Jasa Tenaga Supir,ON PROCESS,4000000,4000000
KOTA KOTAMOBAGU,SEKRETARIAT DAERAH - 4.01.0.00.0.00.01.0000,01KJHYE77J44QTB8W8NVZCR0FJ,63469981,2026,E-Katalog 6.0,APBD,IRWANDI MONGILONG,E-Purchasing,Jasa Lainnya,Belanja Jasa Tenaga Pelayanan Umum,ON PROCESS,2000000,2000000
KOTA KOTAMOBAGU,BAGIAN UMUM - 4.01.0.00.0.00.01.0001,01KR0NYE5PRQWMK3X88HVPGJ1Y,64128524,2026,E-Katalog 6.0,APBD,HERRY PONDAAG,E-Purchasing,Barang,Belanja Obat-Obatan-Obat-Obatan Lainnya,ON PROCESS,472494,472494
KOTA KOTAMOBAGU,DINAS PERUMAHAN RAKYAT DAN KAWASAN PERMUKIMAN - 1.04.2.10.0.00.01.0000,01KWBN4TTSWP1QZ2CZ3H64WVQQ,64577596,2026,E-Katalog 6.0,APBD,LA ROSE,E-Purchasing,Barang,Belanja Alat/Bahan untuk Kegiatan Kantor- Kertas dan Cover,ON PROCESS,811998,811998
KOTA KOTAMOBAGU,BADAN KESATUAN BANGSA DAN POLITIK - 8.01.0.00.0.00.01.0000,01KVF3FCKP0GQJYAB6RZEY548T,64411228,2026,E-Katalog 6.0,APBD,HERRY PONDAAG,E-Purchasing,Barang,Belanja Alat/Bahan untuk Kegiatan Kantor-Alat/Bahan untuk Kegiatan Kantor Lainnya,ON PROCESS,2817624,2817624
KOTA KOTAMOBAGU,DINAS KESEHATAN - 1.02.0.00.0.00.01.0000,01KW76GFKTF773VMC44K17DF22,65546132,2026,E-Katalog 6.0,APBD,Sumiati damopolii,E-Purchasing,Jasa Lainnya," Belanja Jasa Tenaga Kebersihan",ON PROCESS,1500000,1500000
KOTA KOTAMOBAGU,DINAS KOMUNIKASI DAN INFORMATIKA - 2.16.2.20.2.21.01.0000,01KVCCJT215RF14FXARANEPRW1,62874058,2026,E-Katalog 6.0,APBD,PT. TATA MEDIA PRO,E-Purchasing,Jasa Lainnya,"Belanja Jasa Iklan/Reklame, Film, dan Pemotretan",ON PROCESS,1998000,1998000
KOTA KOTAMOBAGU,BLUD RSUD KOTAMOBAGU - 1.02.0.00.0.00.01.0001,01KTAHHSR8TJVBG5PVEZBC15Z8,64159880,2026,E-Katalog 6.0,BLUD,AMAROX PHARMA GLOBAL,E-Purchasing,Barang,Belanja Barang dan Jasa BLUD,ON PROCESS,23301009,23301009
KOTA KOTAMOBAGU,DINAS KOMUNIKASI DAN INFORMATIKA - 2.16.2.20.2.21.01.0000,01KHZTDRJYTMEN7RKJYAMW3H5K,62874058,2026,E-Katalog 6.0,APBD,MEDIA TOTABUAN INDONESIA,E-Purchasing,Jasa Lainnya,"Belanja Jasa Iklan/Reklame, Film, dan Pemotretan",ON PROCESS,4995000,4995000
KOTA KOTAMOBAGU,BADAN PERENCANAAN PENELITIAN DAN PENGEMBANGAN DAERAH - 5.01.5.05.0.00.01.0000,01KQY2FC2QD85BPP5MSKWYS064,62260612,2026,E-Katalog 6.0,APBD,REZA MITRA ABADI,E-Purchasing,Barang,Belanja Makanan dan Minuman Rapat ,ON PROCESS,5760000,5760000
KOTA KOTAMOBAGU,BADAN PENGELOLA KEUANGAN DAERAH - 5.02.0.00.0.00.01.0000,01KJE8AHHFFS07XM62XKYJKR1A,63057912,2026,E-Katalog 6.0,APBD,IRMA ASTUTI KOROMPOT,E-Purchasing,Barang,Belanja Alat/Bahan untuk Kegiatan Kantor-Alat Tulis Kantor,ON PROCESS,4287930,4287930
KOTA KOTAMOBAGU,BADAN PERENCANAAN PENELITIAN DAN PENGEMBANGAN DAERAH - 5.01.5.05.0.00.01.0000,01KW9XS57XG6YAQ4587TXH29K9,62552467,2026,E-Katalog 6.0,APBD,RHAVA COMPUTINDO,E-Purchasing,Barang,Belanja Pemeliharaan Alat Kantor dan Rumah Tangga-Alat Rumah Tangga-Alat Pendingin,ON PROCESS,1209900,1209900
KOTA KOTAMOBAGU,BADAN PENANGGULANGAN BENCANA DAERAH - 1.05.0.00.0.00.02.0000,01KJRHDY62F17NV40RRCRTCHY6,63939012,2026,E-Katalog 6.0,APBD,HERRY PONDAAG,E-Purchasing,Barang,Belanja Alat/Bahan untuk Kegiatan Kantor-Alat Tulis Kantor,ON PROCESS,1235430,1235430
KOTA KOTAMOBAGU,INSPEKTORAT DAERAH - 6.01.0.00.0.00.01.0000,01KNG8TP98N3KD3434B1MCW98D,64226154,2026,E-Katalog 6.0,APBD,BONNY ABDULRAUF,E-Purchasing,Barang,Belanja Alat/Bahan untuk Kegiatan Kantor-Alat/Bahan untuk Kegiatan Kantor Lainnya,ON PROCESS,2003550,2003550
KOTA KOTAMOBAGU,SEKRETARIAT DAERAH - 4.01.0.00.0.00.01.0000,01KJPK7PE98THWF1PKB0FGBDHZ,63473306,2026,E-Katalog 6.0,APBD,SISMAN DAMOPOLII,E-Purchasing,Jasa Lainnya,Belanja Jasa Tenaga Keamanan,ON PROCESS,5000000,5000000
KOTA KOTAMOBAGU,SEKRETARIAT DAERAH - 4.01.0.00.0.00.01.0000,01KQSF8G28Y68S6Z9MBHYTYVSX,63471718,2026,E-Katalog 6.0,APBD,RIDWAN DG. PAMBUDI,E-Purchasing,Jasa Lainnya,Belanja Jasa Tenaga Kebersihan,ON PROCESS,2000000,2000000
KOTA KOTAMOBAGU,BLUD RSUD KOTAMOBAGU - 1.02.0.00.0.00.01.0001,01KHQPSKJS144V8107CTA99V4T,64159880,2026,E-Katalog 6.0,BLUD,SANBE FARMA,E-Purchasing,Barang,Belanja Barang dan Jasa BLUD,ON PROCESS,85694220,85694220
KOTA KOTAMOBAGU,BLUD RSUD KOTAMOBAGU - 1.02.0.00.0.00.01.0001,01KF0BDQQ7SD3WZG4270RJZDVT,64159880,2026,E-Katalog 6.0,BLUD,ARKANINDOPLAST UTAMA,E-Purchasing,Barang,Belanja Barang dan Jasa BLUD,ON PROCESS,138800763,138800763
KOTA KOTAMOBAGU,BAGIAN UMUM - 4.01.0.00.0.00.01.0001,01KR0Q2JGS4RFSNVTPBMG937EY,64127467,2026,E-Katalog 6.0,APBD,HERRY PONDAAG,E-Purchasing,Barang,Belanja Alat/Bahan untuk Kegiatan Kantor-Alat Listrik,ON PROCESS,9197593,9197593
KOTA KOTAMOBAGU,DINAS KOMUNIKASI DAN INFORMATIKA - 2.16.2.20.2.21.01.0000,01KT3C3AXZM72SCQ3RKWAEPWSK,64213931,2026,E-Katalog 6.0,APBD,IMAM MAHADI ANI,E-Purchasing,Jasa Lainnya,Belanja Jasa Tenaga Keamanan,ON PROCESS,1500000,1500000
KOTA KOTAMOBAGU,BLUD RSUD KOTAMOBAGU - 1.02.0.00.0.00.01.0001,01KPSYHN5DXAEYMDHAB73J5ZVQ,64159880,2026,E-Katalog 6.0,BLUD,BERNOFARM,E-Purchasing,Barang,Belanja Barang dan Jasa BLUD,ON PROCESS,1770450,1770450
KOTA KOTAMOBAGU,DINAS PEMBERDAYAAN PEREMPUAN DAN PERLINDUNGAN ANAK - 2.08.0.00.0.00.01.0000,01KQ6WRYRGC8C68K7M0PF11YKN,64674098,2026,E-Katalog 6.0,APBD,HERRY PONDAAG,E-Purchasing,Barang,Belanja Alat/Bahan untuk Kegiatan Kantor- Bahan Cetak,ON PROCESS,501587,501587
KOTA KOTAMOBAGU,DINAS KESEHATAN - 1.02.0.00.0.00.01.0000,01KW747XR5FPT8R0VDSQT65WDR,65546167,2026,E-Katalog 6.0,APBD,ARDY JUNAIDI MOKOGINTA,E-Purchasing,Jasa Lainnya,Belanja Jasa Tenaga Keamanan,ON PROCESS,1500000,1500000
KOTA KOTAMOBAGU,DINAS LINGKUNGAN HIDUP - 2.11.0.00.0.00.01.0000,01KRZX5X01ZE0FRRARKPQKAWNB,64455004,2026,E-Katalog 6.0,APBD,HERRY PONDAAG,E-Purchasing,Barang,Belanja Alat / Bahan untuk Kegiatan Kantor - Alat Tulis Kantor,ON PROCESS,6670601,6670601
KOTA KOTAMOBAGU,DINAS PENANAMAN MODAL DAN PELAYANAN TERPADU SATU PINTU - 2.18.0.00.0.00.01.0000,01KVW0RQ04C5H00RN3F7F2Q3DM,64608529,2026,E-Katalog 6.0,APBD,HERRY PONDAAG,E-Purchasing,Barang,Belanja Alat/Bahan untuk Kegiatan Kantor Alat Tulis Kantor,ON PROCESS,490287,490287
KOTA KOTAMOBAGU,BADAN PENGELOLA KEUANGAN DAERAH - 5.02.0.00.0.00.01.0000,01KR30B34J6BXASKYSX9PPT35Q,63082730,2026,E-Katalog 6.0,APBD,IRMA ASTUTI KOROMPOT,E-Purchasing,Barang,Belanja Alat/Bahan untuk Kegiatan Kantor-Bahan Komputer,ON PROCESS,1753245,1753245
KOTA KOTAMOBAGU,DINAS KOMUNIKASI DAN INFORMATIKA - 2.16.2.20.2.21.01.0000,01KRFYWJE8FGC7VWG7MSE3Q1NV,62874058,2026,E-Katalog 6.0,APBD,GARUDA MEDIA SELATAN,E-Purchasing,Jasa Lainnya,"Belanja Jasa Iklan/Reklame, Film, dan Pemotretan",ON PROCESS,2000000,2000000
KOTA KOTAMOBAGU,DINAS PERHUBUNGAN - 2.15.0.00.0.00.01.0000,01KJED61H4EATCT85QFCSJ8HD6,64541207,2026,E-Katalog 6.0,APBD,UD. UDIN MOTOR,E-Purchasing,Jasa Lainnya,Belanja Pemeliharaan Alat Angkutan - Alat Angkutan Darat Bermotor - Kendaraan Dinas Bermotor Perorangan,ON PROCESS,24997200,24997200
KOTA KOTAMOBAGU,DINAS KOMUNIKASI DAN INFORMATIKA - 2.16.2.20.2.21.01.0000,01KFEZMNF56M2WQ8H4H8WNP64E,63131205,2026,E-Katalog 6.0,APBD,MINPUT,E-Purchasing,Barang,Belanja Makanan dan Minuman Rapat,ON PROCESS,88800,88800
KOTA KOTAMOBAGU,PUSKESMAS MOTOBOI KECIL - 1.02.0.00.0.00.01.0003,01KWXP688SP2JWCCZAMK03HDPG,63508326,2026,E-Katalog 6.0,APBD,FIGIH CICILIA MOKOGINTA,E-Purchasing,Barang,Belanja Makanan dan Minuman Rapat ( Kapitasi/JKN ),ON PROCESS,2760000,2760000
KOTA KOTAMOBAGU,DINAS LINGKUNGAN HIDUP - 2.11.0.00.0.00.01.0000,01KSF7JYZ8CS0D2DMNDWCHWZGS,64484950,2026,E-Katalog 6.0,APBD,RHAVA COMPUTINDO,E-Purchasing,Jasa Lainnya,Belanja Pemeliharaan Alat Kantor dan Rumah Tangga - Alat Kantor - Alat Kantor Lainnya,ON PROCESS,1554000,1554000
KOTA KOTAMOBAGU,DINAS PERUMAHAN RAKYAT DAN KAWASAN PERMUKIMAN - 1.04.2.10.0.00.01.0000,01KR05AF7EVCGR5ZBTFYNQBC40,64591354,2026,E-Katalog 6.0,APBD,LA ROSE,E-Purchasing,Barang,Belanja Alat/Bahan untuk Kegiatan Kantor-Alat Listrik,ON PROCESS,216450,216450
KOTA KOTAMOBAGU,BLUD RSUD KOTAMOBAGU - 1.02.0.00.0.00.01.0001,01KVA1C6S8REE3FZE27M8JVMVP,64159880,2026,E-Katalog 6.0,BLUD,BERNOFARM,E-Purchasing,Barang,Belanja Barang dan Jasa BLUD,ON PROCESS,19270377,19270377
KOTA KOTAMOBAGU,DINAS LINGKUNGAN HIDUP - 2.11.0.00.0.00.01.0000,01KGENCQDDG6685J5H44954X68,64415068,2026,E-Katalog 6.0,APBD,ARCO SAMUDRA PERKASA,E-Purchasing,Jasa Lainnya,Belanja Jasa Tenaga Penanganan Prasarana dan Sarana Umum,PAYMENT OUTSIDE SYSTEM,45728425,45728425
KOTA KOTAMOBAGU,DINAS KOMUNIKASI DAN INFORMATIKA - 2.16.2.20.2.21.01.0000,01KRFZ6VABYJDGVK3YMKG4ZK8N,62874058,2026,E-Katalog 6.0,APBD,MANADO TERKINI CEMERLANG,E-Purchasing,Jasa Lainnya,"Belanja Jasa Iklan/Reklame, Film, dan Pemotretan",ON PROCESS,1998000,1998000
KOTA KOTAMOBAGU,DINAS KOMUNIKASI DAN INFORMATIKA - 2.16.2.20.2.21.01.0000,01KF5WPFAZX52T2EBMHPVKR079,62872799,2026,E-Katalog 6.0,APBD,YUDHI KADHIKA,E-Purchasing,Barang,Belanja Alat/Bahan untuk Kegiatan Kantor- Bahan Cetak,ON PROCESS,34548750,34548750
KOTA KOTAMOBAGU,SEKRETARIAT DAERAH - 4.01.0.00.0.00.01.0000,01KJHZNVDP8VRBHC796M48AZ8P,63474911,2026,E-Katalog 6.0,APBD,TINING MINANG,E-Purchasing,Jasa Lainnya,Belanja Jasa Tenaga Juru Masak,ON PROCESS,2600000,2600000
KOTA KOTAMOBAGU,DINAS KOMUNIKASI DAN INFORMATIKA - 2.16.2.20.2.21.01.0000,01KPAJH78E590D3SWKW4EYGP97,62874058,2026,E-Katalog 6.0,APBD,ALWIEN SY. RAHMOLA,E-Purchasing,Jasa Lainnya,"Belanja Jasa Iklan/Reklame, Film, dan Pemotretan",ON PROCESS,2000000,2000000
KOTA KOTAMOBAGU,SEKRETARIAT DPRD - 4.02.0.00.0.00.01.0000,01KT94PQ4FR3FRVJAGB8RY9GHN,63395422,2026,E-Katalog 6.0,APBD,BROFIT NUSANTARA CERIA,E-Purchasing,Jasa Lainnya,"Belanja Jasa Iklan/Reklame, Film, dan Pemotretan",ON PROCESS,2000000,2000000
KOTA KOTAMOBAGU,UPTD INSTALASI FARMASI - 1.02.0.00.0.00.01.0002,01KJEZAKBRWJTDW2Y9J56G01PG,63482000,2026,E-Katalog 6.0,APBD,TRIFA RAYA LABORATORIES,E-Purchasing,Barang,Belanja Obat-Obatan-Obat,ON PROCESS,8103000,8103000
KOTA KOTAMOBAGU,BLUD RSUD KOTAMOBAGU - 1.02.0.00.0.00.01.0001,01KHBEC57K6BT42HN5X23TXZVV,64159880,2026,E-Katalog 6.0,BLUD,PRATAPA NIRMALA,E-Purchasing,Barang,Belanja Barang dan Jasa BLUD,ON PROCESS,65893514,65893514
KOTA KOTAMOBAGU,DINAS KOMUNIKASI DAN INFORMATIKA - 2.16.2.20.2.21.01.0000,01KRG1G5S7Q7V8W3EYN0S1KNX7,62874058,2026,E-Katalog 6.0,APBD,TAGAR NUSANTARA MEDIA,E-Purchasing,Jasa Lainnya,"Belanja Jasa Iklan/Reklame, Film, dan Pemotretan",ON PROCESS,2000000,2000000
KOTA KOTAMOBAGU,BAGIAN UMUM - 4.01.0.00.0.00.01.0001,01KJVKBH9Q6REM47CZMR4VVABJ,64509313,2026,E-Katalog 6.0,APBD,RIVS,E-Purchasing,Barang,Belanja Pemeliharaan Alat Angkutan-Alat Angkutan Darat Bermotor-Kendaraan Dinas Bermotor Perorangan,ON PROCESS,7030740,7030740
KOTA KOTAMOBAGU,BAGIAN UMUM - 4.01.0.00.0.00.01.0001,01KR0QSJV775K9Y41G3FT40CDJ,64666759,2026,E-Katalog 6.0,APBD,HERRY PONDAAG,E-Purchasing,Barang,Belanja Alat/Bahan Untuk Kegiatan Kantor-Alat Listrik,ON PROCESS,9197593,9197593
KOTA KOTAMOBAGU,SEKRETARIAT DAERAH - 4.01.0.00.0.00.01.0000,01KSHQJTVFMTNFRRB51SVJQXVP,66988918,2026,E-Katalog 6.0,APBD,CYNTHIA PRATIWI SUGEHA,E-Purchasing,Barang,Belanja Makanan dan Minuman Rapat,ON PROCESS,38500000,38500000
KOTA KOTAMOBAGU,DINAS KOMUNIKASI DAN INFORMATIKA - 2.16.2.20.2.21.01.0000,01KHZKT0CAXAN2XE0R43J5JSKQ,62874058,2026,E-Katalog 6.0,APBD,MANADO GLOBAL MEDIA,E-Purchasing,Jasa Lainnya,"Belanja Jasa Iklan/Reklame, Film, dan Pemotretan",ON PROCESS,2997000,2997000
KOTA KOTAMOBAGU,SEKRETARIAT DAERAH - 4.01.0.00.0.00.01.0000,01KJHZR9KVTTHGZNY1HWPJJKJ5,63474911,2026,E-Katalog 6.0,APBD,NUNUNG MAMONTO,E-Purchasing,Jasa Lainnya,Belanja Jasa Tenaga Juru Masak,ON PROCESS,2600000,2600000
KOTA KOTAMOBAGU,SEKRETARIAT DPRD - 4.02.0.00.0.00.01.0000,01KJPNWMNR04B2XKY1GEP2NG9X,63391540,2026,E-Katalog 6.0,APBD,RUDIANTO MOKOGINTA,E-Purchasing,Jasa Lainnya,Belanja Jasa Tenaga Kebersihan,ON PROCESS,6000000,6000000
KOTA KOTAMOBAGU,SEKRETARIAT DAERAH - 4.01.0.00.0.00.01.0000,01KJHZCFMKGZHC2YW9CH3TMAV7,63469981,2026,E-Katalog 6.0,APBD,MAHENDRA DAMOPOLII,E-Purchasing,Jasa Lainnya,Belanja Jasa Tenaga Pelayanan Umum,ON PROCESS,2600000,2600000
KOTA KOTAMOBAGU,DINAS PENGENDALIAN PENDUDUK DAN KELUARGA BERENCANA - 2.14.0.00.0.00.01.0000,01KW3J26C70Q7HM1WJRJBCAHRZ,67373535,2026,E-Katalog 6.0,APBD,YUNIARNI,E-Purchasing,Barang,Belanja Makanan dan Minuman Rapat DAK Non Fisik-BOKKB-BOKB,ON PROCESS,3625000,3625000
KOTA KOTAMOBAGU,SEKRETARIAT DAERAH - 4.01.0.00.0.00.01.0000,01KJP4X0W5W8MWWSJXNC4Z72SP,63469981,2026,E-Katalog 6.0,APBD,SRI ENDANG ADININGSI PINUYUT,E-Purchasing,Jasa Lainnya,Belanja Jasa Tenaga Pelayanan Umum,ON PROCESS,2000000,2000000
KOTA KOTAMOBAGU,PUSKESMAS UPAI - 1.02.0.00.0.00.01.0007,01KP0WRN9ZJG7HA8T4PQ7TM7Y5,62849821,2026,E-Katalog 6.0,APBD,MINPUT,E-Purchasing,Barang,Belanja Barang dan Jasa BOK Puskesmas,ON PROCESS,840000,840000
KOTA KOTAMOBAGU,KECAMATAN KOTAMOBAGU TIMUR - 7.01.0.00.0.00.03.0000,01KHSXT33QAM70WTGSAEQFJYA7,64558256,2026,E-Katalog 6.0,APBD,BUNGAS AUTO MOTOR,E-Purchasing,Jasa Lainnya,Belanja Pemeliharaan ,ON PROCESS,231657,231657
KOTA KOTAMOBAGU,BADAN PENGELOLA KEUANGAN DAERAH - 5.02.0.00.0.00.01.0000,01KRAV6G9JA247FXGE1QGYVDJK,63113400,2026,E-Katalog 6.0,APBD,IRMA ASTUTI KOROMPOT,E-Purchasing,Jasa Lainnya,Belanja Alat/Bahan untuk Kegiatan Kantor- Bahan Cetak,ON PROCESS,14113650,14113650
KOTA KOTAMOBAGU,BLUD RSUD KOTAMOBAGU - 1.02.0.00.0.00.01.0001,01KSRZ85N7QWWAQWDVK10MQD3F,64159880,2026,E-Katalog 6.0,BLUD,FRESENIUS MEDICAL CARE INDONESIA,E-Purchasing,Barang,Belanja Barang dan Jasa BLUD,ON PROCESS,74908350,0
KOTA KOTAMOBAGU,KECAMATAN KOTAMOBAGU BARAT - 7.01.0.00.0.00.01.0000,01KQ1CTMKQMQ2BCNKS9DHMVYNT,64211914,2026,E-Katalog 6.0,APBD,HERRY PONDAAG,E-Purchasing,Barang,Belanja bahan-bahan lainnya,ON PROCESS,725940,725940
KOTA KOTAMOBAGU,BLUD RSUD KOTAMOBAGU - 1.02.0.00.0.00.01.0001,01KQ42666CMPQ6SXDR9H91GSX7,64159880,2026,E-Katalog 6.0,BLUD,TIGA BINTANG,E-Purchasing,Barang,Belanja Barang dan Jasa BLUD,ON PROCESS,8300003,8300003
KOTA KOTAMOBAGU,DINAS PEMBERDAYAAN PEREMPUAN DAN PERLINDUNGAN ANAK - 2.08.0.00.0.00.01.0000,01KQ6X0X6KH3KT1P11AZT1HQ6F,64672863,2026,E-Katalog 6.0,APBD,HERRY PONDAAG,E-Purchasing,Barang,Belanja Alat/Bahan untuk Kegiatan Kantor-Alat Listrik,ON PROCESS,471639,471639
KOTA KOTAMOBAGU,SEKRETARIAT DAERAH - 4.01.0.00.0.00.01.0000,01KJHYXYW5X8QJM4HXBXACC8QC,63469981,2026,E-Katalog 6.0,APBD,HABI KARIM LAPADENGAN,E-Purchasing,Jasa Lainnya,Belanja Jasa Tenaga Pelayanan Umum,ON PROCESS,2600000,2600000
KOTA KOTAMOBAGU,BAGIAN UMUM - 4.01.0.00.0.00.01.0001,01KKB6ND1XSMMC7BFSWY4S6VEN,64509313,2026,E-Katalog 6.0,APBD,RIVS,E-Purchasing,Barang,Belanja Pemeliharaan Alat Angkutan-Alat Angkutan Darat Bermotor-Kendaraan Dinas Bermotor Perorangan,ON PROCESS,4548780,4548780
KOTA KOTAMOBAGU,SEKRETARIAT DAERAH - 4.01.0.00.0.00.01.0000,01KTXC135RS6TV5AXTNFH7W5W8,63469981,2026,E-Katalog 6.0,APBD,RENALDI DJAMAN,E-Purchasing,Jasa Lainnya,Belanja Jasa Tenaga Pelayanan Umum,ON PROCESS,2000000,2000000
KOTA KOTAMOBAGU,DINAS KOMUNIKASI DAN INFORMATIKA - 2.16.2.20.2.21.01.0000,01KPAHFT47KNE197JJDAN9C9VE,62874058,2026,E-Katalog 6.0,APBD,SOLUSINDO INTERMEDIA SULAWESI,E-Purchasing,Jasa Lainnya,"Belanja Jasa Iklan/Reklame, Film, dan Pemotretan",ON PROCESS,1998000,1998000
KOTA KOTAMOBAGU,PUSKESMAS UPAI - 1.02.0.00.0.00.01.0007,01KGEHHJT667YZJHEF3MQMJ0H8,62849821,2026,E-Katalog 6.0,APBD,MINPUT,E-Purchasing,Barang,Belanja Barang dan Jasa BOK Puskesmas,ON PROCESS,910000,910000
KOTA KOTAMOBAGU,DINAS KESEHATAN - 1.02.0.00.0.00.01.0000,01KN35MEF26WYYBN2JG333K9Y9,65546611,2026,E-Katalog 6.0,APBD,UD. PUTRA TEKNIK,E-Purchasing,Barang," Belanja Pemeliharaan Alat Kantor dan Rumah Tangga-Alat Rumah Tangga-Alat Pendingin",ON PROCESS,3558555,3558555
KOTA KOTAMOBAGU,SEKRETARIAT DAERAH - 4.01.0.00.0.00.01.0000,01KKAKMVGHN2M73EP161KD72JW,65314067,2026,E-Katalog 6.0,APBD,CYNTHIA PRATIWI SUGEHA,E-Purchasing,Barang,Belanja Makanan dan Minuman Rapat,ON PROCESS,27500000,27500000
KOTA KOTAMOBAGU,SEKRETARIAT DAERAH - 4.01.0.00.0.00.01.0000,01KQVXP6B4R5A7ZG39BVMY387J,63423831,2026,E-Katalog 6.0,APBD,CYNTHIA PRATIWI SUGEHA,E-Purchasing,Barang,Belanja Makanan dan Minuman Rapat,ON PROCESS,2520000,2520000
KOTA KOTAMOBAGU,BADAN PERENCANAAN PENELITIAN DAN PENGEMBANGAN DAERAH - 5.01.5.05.0.00.01.0000,01KKB01Y5HJSTQFGTX8MRT2WT1,62260612,2026,E-Katalog 6.0,APBD,MINPUT,E-Purchasing,Barang,Belanja Makanan dan Minuman Rapat ,ON PROCESS,3600000,3600000
KOTA KOTAMOBAGU,DINAS KOMUNIKASI DAN INFORMATIKA - 2.16.2.20.2.21.01.0000,01KSFE2BEGA51MPJ8TWD9S2M4J,62874058,2026,E-Katalog 6.0,APBD,RADIO SWARA MONOMPIA,E-Purchasing,Jasa Lainnya,"Belanja Jasa Iklan/Reklame, Film, dan Pemotretan",ON PROCESS,2999920,2999920
KOTA KOTAMOBAGU,BADAN PENGELOLA KEUANGAN DAERAH - 5.02.0.00.0.00.01.0000,01KJSGJRRSS1RSF7B8Q97Q3Q59,63113209,2026,E-Katalog 6.0,APBD,IRMA ASTUTI KOROMPOT,E-Purchasing,Jasa Lainnya,Belanja Alat/Bahan untuk Kegiatan Kantor- Bahan Cetak,ON PROCESS,2796423,2796423
KOTA KOTAMOBAGU,DINAS KOMUNIKASI DAN INFORMATIKA - 2.16.2.20.2.21.01.0000,01KK3TJ79HJ3XK8TNJJJEZP2ZW,62874058,2026,E-Katalog 6.0,APBD,SULAWESI MEDIA RAKYAT,E-Purchasing,Jasa Lainnya,"Belanja Jasa Iklan/Reklame, Film, dan Pemotretan",ON PROCESS,1998000,1998000
KOTA KOTAMOBAGU,BADAN KEPEGAWAIAN PENDIDIKAN DAN PELATIHAN - 5.03.5.04.0.00.01.0000,01KK0Y42HFB3TZWF6EW22EC1PV,64430504,2026,E-Katalog 6.0,APBD,RHAVA COMPUTINDO,E-Purchasing,Jasa Lainnya,Belanja Pemeliharaan Alat Kantor dan Rumah Tangga-Alat Rumah Tangga-Alat Pendingin,ON PROCESS,1143300,1143300
KOTA KOTAMOBAGU,SEKRETARIAT DAERAH - 4.01.0.00.0.00.01.0000,01KVCGKPF3YADAXHT8J78E4RBK,63423831,2026,E-Katalog 6.0,APBD,FIGIH CICILIA MOKOGINTA,E-Purchasing,Barang,Belanja Makanan dan Minuman Rapat,ON PROCESS,490000,490000
KOTA KOTAMOBAGU,DINAS KOMUNIKASI DAN INFORMATIKA - 2.16.2.20.2.21.01.0000,01KK8QC1Z07882SDQH8WGM7PKP,62874058,2026,E-Katalog 6.0,APBD,PT. TATA MEDIA PRO,E-Purchasing,Jasa Lainnya,"Belanja Jasa Iklan/Reklame, Film, dan Pemotretan",ON PROCESS,1998000,1998000
KOTA KOTAMOBAGU,DINAS PERUMAHAN RAKYAT DAN KAWASAN PERMUKIMAN - 1.04.2.10.0.00.01.0000,10140464000,64573949,2026,Tender,APBD,,Tender,Pekerjaan Konstruksi,Pemasangan Lampu Penerangan Median Jalan Paloko - Kinalang,BERLANGSUNG,1450000000,1450000000
KOTA KOTAMOBAGU,DINAS PERUMAHAN RAKYAT DAN KAWASAN PERMUKIMAN - 1.04.2.10.0.00.01.0000,01KWBMQVKMJX8S2Z9AECQJJ7S2,64578886,2026,E-Katalog 6.0,APBD,LA ROSE,E-Purchasing,Barang,Belanja Alat/Bahan untuk Kegiatan Kantor- Bahan Cetak,ON PROCESS,249750,249750
KOTA KOTAMOBAGU,SEKRETARIAT DAERAH - 4.01.0.00.0.00.01.0000,01KQVB7R6CK349G4CGA4CCNM3S,63469981,2026,E-Katalog 6.0,APBD,PATRA MOKODOMPIT,E-Purchasing,Jasa Lainnya,Belanja Jasa Tenaga Pelayanan Umum,ON PROCESS,2000000,2000000
KOTA KOTAMOBAGU,DINAS KOMUNIKASI DAN INFORMATIKA - 2.16.2.20.2.21.01.0000,01KK3PGYAA1SVHXHPY7VEYDBPV,62874058,2026,E-Katalog 6.0,APBD,MEDIONET TOTABUAN NUSANTARA,E-Purchasing,Jasa Lainnya,"Belanja Jasa Iklan/Reklame, Film, dan Pemotretan",ON PROCESS,1998000,1998000
KOTA KOTAMOBAGU,BLUD RSUD KOTAMOBAGU - 1.02.0.00.0.00.01.0001,01KS2QDS58R7JPS1T88DPCXR70,64159880,2026,E-Katalog 6.0,BLUD,DEXA MEDICA,E-Purchasing,Barang,Belanja Barang dan Jasa BLUD,ON PROCESS,24370050,24370050
KOTA KOTAMOBAGU,DINAS KOMUNIKASI DAN INFORMATIKA - 2.16.2.20.2.21.01.0000,01KK3M9Q0WSG42CDRTQQ1MEHSH,62874058,2026,E-Katalog 6.0,APBD,SHAKA BUMI MEDIA UTAMA,E-Purchasing,Jasa Lainnya,"Belanja Jasa Iklan/Reklame, Film, dan Pemotretan",ON PROCESS,2000000,2000000
KOTA KOTAMOBAGU,DINAS KOMUNIKASI DAN INFORMATIKA - 2.16.2.20.2.21.01.0000,01KWNCXDNVS3EZGJ5VMZMNR0Y4,62874058,2026,E-Katalog 6.0,APBD,MANADO MEDIA GRAFIKA,E-Purchasing,Jasa Lainnya,"Belanja Jasa Iklan/Reklame, Film, dan Pemotretan",ON PROCESS,4995000,4995000
KOTA KOTAMOBAGU,DINAS KEPEMUDAAN DAN OLAHRAGA - 2.19.0.00.0.00.01.0000,01KNK793TX7P51Q4CWZCAH7YTP,64678690,2026,E-Katalog 6.0,APBD,HERRY PONDAAG,E-Purchasing,Barang,Belanja Alat/Bahan Untuk Kegiatan Kantor - Alat Tulis kantor,ON PROCESS,998945,998945
KOTA KOTAMOBAGU,BLUD RSUD KOTAMOBAGU - 1.02.0.00.0.00.01.0001,01KTNV5QPJPD416BR9A2TZ8TP0,64159880,2026,E-Katalog 6.0,BLUD,OTSUKA INDONESIA,E-Purchasing,Barang,Belanja Barang dan Jasa BLUD,ON PROCESS,87591765,87591765
KOTA KOTAMOBAGU,SEKRETARIAT DAERAH - 4.01.0.00.0.00.01.0000,01KQV1ZA4P8QNMKWN9V10D7QQF,63471718,2026,E-Katalog 6.0,APBD,HASMA BONDE,E-Purchasing,Jasa Lainnya,Belanja Jasa Tenaga Kebersihan,ON PROCESS,1000000,1000000
KOTA KOTAMOBAGU,BADAN PENGELOLA KEUANGAN DAERAH - 5.02.0.00.0.00.01.0000,01KW97P592P99P6Z1BBGXC8ZH7,63019111,2026,E-Katalog 6.0,APBD,UD. PUTRA TEKNIK,E-Purchasing,Jasa Lainnya,Belanja Pemeliharaan Alat Kantor dan Rumah Tangga-Alat Rumah Tangga-Alat Pendingin,ON PROCESS,558000,558000
KOTA KOTAMOBAGU,DINAS KESEHATAN - 1.02.0.00.0.00.01.0000,01KWYCVTCNXP6K0SFVXWZ12G68,65548050,2026,E-Katalog 6.0,APBD,YUDHI KADHIKA,E-Purchasing,Barang,Belanja Alat/Bahan untuk Kegiatan Kantor- Bahan Cetak,ON PROCESS,5994000,5994000
KOTA KOTAMOBAGU,SEKRETARIAT DPRD - 4.02.0.00.0.00.01.0000,01KP293C1EY9W93BX43AYGK0F6,63395422,2026,E-Katalog 6.0,APBD,FAKTA BMR BERSATU,E-Purchasing,Jasa Lainnya,"Belanja Jasa Iklan/Reklame, Film, dan Pemotretan",ON PROCESS,2000000,2000000
KOTA KOTAMOBAGU,BAGIAN PEREKONOMIAN DAN PEMBANGUNAN - 4.01.0.00.0.00.01.0006,01KSEJ1CQFE3MTQC9EJ5GAJB9W,64457117,2026,E-Katalog 6.0,APBD,CYNTHIA PRATIWI SUGEHA,E-Purchasing,Jasa Lainnya,Belanja Makanan dan Minuman Rapat,ON PROCESS,1250000,1250000
KOTA KOTAMOBAGU,DINAS KEPENDUDUKAN DAN PENCATATAN SIPIL - 2.12.0.00.0.00.01.0000,01KWTC6Y65JGM03MNYAZZSJERA,62924570,2026,E-Katalog 6.0,APBD,RHAVA COMPUTINDO,E-Purchasing,Barang,Belanja Pemeliharaan Alat Kantor dan Rumah Tangga-Alat Rumah Tangga-Alat Pendingin,ON PROCESS,2907090,2907090
KOTA KOTAMOBAGU,DINAS KOMUNIKASI DAN INFORMATIKA - 2.16.2.20.2.21.01.0000,01KRFZRSE16309Q13A23E4WHN1,62874058,2026,E-Katalog 6.0,APBD,ALFA MEDIA GROUP,E-Purchasing,Jasa Lainnya,"Belanja Jasa Iklan/Reklame, Film, dan Pemotretan",ON PROCESS,1998000,1998000
KOTA KOTAMOBAGU,DINAS PEMBERDAYAAN MASYARAKAT DAN DESA - 2.13.0.00.0.00.01.0000,01KPMC3KGY8AJ9T2ENTZ9Q4WA1,64547144,2026,E-Katalog 6.0,APBD,IRMA ASTUTI KOROMPOT,E-Purchasing,Barang,Belanja Alat/Bahan untuk Kegiatan Kantor -Bahan Komputer,ON PROCESS,539460,539460
KOTA KOTAMOBAGU,BAGIAN UMUM - 4.01.0.00.0.00.01.0001,01KRWJN74C0HH2J7FHT7RFA3QQ,64518784,2026,E-Katalog 6.0,APBD,CARPERCOM,E-Purchasing,Barang,Belanja Modal Alat Rumah Tangga Lainnya (Home Use),ON PROCESS,27047998,27047998
KOTA KOTAMOBAGU,DINAS KOMUNIKASI DAN INFORMATIKA - 2.16.2.20.2.21.01.0000,01KJ05SG38N2F15SBAXQCVE7D7,62874058,2026,E-Katalog 6.0,APBD,ALMIRA MEDIA INDONESIA,E-Purchasing,Jasa Lainnya,"Belanja Jasa Iklan/Reklame, Film, dan Pemotretan",ON PROCESS,2997000,2997000
KOTA KOTAMOBAGU,DINAS LINGKUNGAN HIDUP - 2.11.0.00.0.00.01.0000,01KWDV7F1J4JR29EP5VTTRB9ZV,64373491,2026,E-Katalog 6.0,APBD,ARCO SAMUDRA PERKASA,E-Purchasing,Jasa Lainnya," Belanja Jasa Tenaga Keamanan",ON PROCESS,15439243,15439243
KOTA KOTAMOBAGU,DINAS PENDIDIKAN - 1.01.0.00.0.00.01.0000,01KKFQA3VR65VB6W510B06Q4HN,65263312,2026,E-Katalog 6.0,APBD,JAYA ARTHA,E-Purchasing,Barang,Belanja Alat/Bahan untuk Kegiatan Kantor-Bahan Komputer,ON PROCESS,3807522,3807522
KOTA KOTAMOBAGU,BADAN PENGELOLA KEUANGAN DAERAH - 5.02.0.00.0.00.01.0000,01KTJF58Q7KF294ENGB8Y7AYJQ,63092780,2026,E-Katalog 6.0,APBD,IRMA ASTUTI KOROMPOT,E-Purchasing,Jasa Lainnya,Belanja Alat/Bahan untuk Kegiatan Kantor- Bahan Cetak,ON PROCESS,1903752,1903752
KOTA KOTAMOBAGU,BLUD RSUD KOTAMOBAGU - 1.02.0.00.0.00.01.0001,01KQ8YB5B3MK8GYY9W6FG47Q9R,62976479,2026,E-Katalog 6.0,BLUD,SEKARGUNA MEDIKA,E-Purchasing,Barang,Belanja Modal Peralatan dan Mesin BLUD,ON PROCESS,13054999,0
KOTA KOTAMOBAGU,BADAN PENGELOLA KEUANGAN DAERAH - 5.02.0.00.0.00.01.0000,01KJSFB7TNZXFW55S21KV2QSNJ,63113201,2026,E-Katalog 6.0,APBD,IRMA ASTUTI KOROMPOT,E-Purchasing,Barang,Belanja Alat/Bahan untuk Kegiatan Kantor-Alat Tulis Kantor,ON PROCESS,791874,791874
KOTA KOTAMOBAGU,BADAN KEPEGAWAIAN PENDIDIKAN DAN PELATIHAN - 5.03.5.04.0.00.01.0000,01KK96VXJW69F1KQP0SKM4HQ6K,64430504,2026,E-Katalog 6.0,APBD,RHAVA COMPUTINDO,E-Purchasing,Jasa Lainnya,Belanja Pemeliharaan Alat Kantor dan Rumah Tangga-Alat Rumah Tangga-Alat Pendingin,ON PROCESS,1986900,1986900
KOTA KOTAMOBAGU,DINAS PERHUBUNGAN - 2.15.0.00.0.00.01.0000,01KNGVMJAG549FAG3RA5NA97FZ,64561782,2026,E-Katalog 6.0,APBD,IRMA ASTUTI KOROMPOT,E-Purchasing,Barang,Belanja Alat/Bahan untuk kegiatan Kantor - Bahan Komputer,ON PROCESS,479520,479520
KOTA KOTAMOBAGU,DINAS KOMUNIKASI DAN INFORMATIKA - 2.16.2.20.2.21.01.0000,01KJ03WY7BYR9F1QTQG41KCJ24,62874058,2026,E-Katalog 6.0,APBD,SULUT CEMERLANG PRESS,E-Purchasing,Jasa Lainnya,"Belanja Jasa Iklan/Reklame, Film, dan Pemotretan",ON PROCESS,1998000,1998000
KOTA KOTAMOBAGU,DINAS KOMUNIKASI DAN INFORMATIKA - 2.16.2.20.2.21.01.0000,01KKAJ9K53T4KZ05M80P0RP1E7,62874058,2026,E-Katalog 6.0,APBD,MEDIA SULAWESI NETWORK,E-Purchasing,Jasa Lainnya,"Belanja Jasa Iklan/Reklame, Film, dan Pemotretan",ON PROCESS,2000000,2000000
KOTA KOTAMOBAGU,DINAS SOSIAL - 1.06.0.00.0.00.01.0000,01KVQ6KYTT0WQYW4QNFED288J5,64504922,2026,E-Katalog 6.0,APBD,THIRZA ADIPRATI DJAMAN,E-Purchasing,Barang,Belanja Barang untuk Dijual/Diserahkan kepada Masyarakat,ON PROCESS,19988214,19988214
KOTA KOTAMOBAGU,DINAS KETAHANAN PANGAN - 2.09.0.00.0.00.01.0000,01KNTFQYBRHAC74AYK76D5KA35,63982393,2026,E-Katalog 6.0,APBD,HERRY PONDAAG,E-Purchasing,Barang,Belanja Alat/Bahan untuk Kegiatan Kantor- Kertas dan Cover,ON PROCESS,606060,606060
KOTA KOTAMOBAGU,BADAN KESATUAN BANGSA DAN POLITIK - 8.01.0.00.0.00.01.0000,01KH0XXMRVA721JNW09P3Z2VYQ,64409901,2026,E-Katalog 6.0,APBD,HERRY PONDAAG,E-Purchasing,Barang,Belanja Alat/Bahan untuk Kegiatan Kantor-Alat Tulis Kantor,ON PROCESS,2599176,2599176
KOTA KOTAMOBAGU,DINAS LINGKUNGAN HIDUP - 2.11.0.00.0.00.01.0000,01KWDX51MRFE8ER0ZMJCQE9GWP,64371108,2026,E-Katalog 6.0,APBD,ARCO SAMUDRA PERKASA,E-Purchasing,Jasa Lainnya," Belanja Jasa Tenaga Pelayanan Umum",ON PROCESS,5336196,5336196
KOTA KOTAMOBAGU,DINAS KOMUNIKASI DAN INFORMATIKA - 2.16.2.20.2.21.01.0000,01KWGNPFM9CTMP7BSWCWGF36TQ,62874058,2026,E-Katalog 6.0,APBD,NEFA MEDIA UTAMA,E-Purchasing,Jasa Lainnya,"Belanja Jasa Iklan/Reklame, Film, dan Pemotretan",ON PROCESS,2000000,2000000
KOTA KOTAMOBAGU,BADAN PENGELOLA KEUANGAN DAERAH - 5.02.0.00.0.00.01.0000,01KWV0EH9X68MBK5WK4T5XX250,63113426,2026,E-Katalog 6.0,APBD,FIRMANSYAH MAMINTIWALO,E-Purchasing,Jasa Lainnya,Belanja Alat/Bahan untuk Kegiatan Kantor- Bahan Cetak,ON PROCESS,4536000,4536000
KOTA KOTAMOBAGU,DINAS PENDIDIKAN - 1.01.0.00.0.00.01.0000,01KJS14YYEEMW4JQ6QBZ76TDXY,65263736,2026,E-Katalog 6.0,APBD,BUNGAS AUTO MOTOR,E-Purchasing,Jasa Lainnya,Belanja Pemeliharaan Alat Angkutan-Alat Angkutan Darat Bermotor-Kendaraan Dinas Bermotor Perorangan (Kendaraan Dinas Operasional atau Lapangan),ON PROCESS,9849585,9849585
KOTA KOTAMOBAGU,SEKRETARIAT DPRD - 4.02.0.00.0.00.01.0000,01KJPPJD1W9XXFMPFT20WXN9RR,63391540,2026,E-Katalog 6.0,APBD,ENDAH PURNASARI H. ALI ,E-Purchasing,Jasa Lainnya,Belanja Jasa Tenaga Kebersihan,ON PROCESS,6000000,6000000
KOTA KOTAMOBAGU,DINAS KOMUNIKASI DAN INFORMATIKA - 2.16.2.20.2.21.01.0000,01KPB2WQ4CEWEZ9MEBX9C5A9MK,62874058,2026,E-Katalog 6.0,APBD,ADELE BRITA KARTIKA,E-Purchasing,Jasa Lainnya,"Belanja Jasa Iklan/Reklame, Film, dan Pemotretan",ON PROCESS,1998000,1998000
KOTA KOTAMOBAGU,DINAS KOMUNIKASI DAN INFORMATIKA - 2.16.2.20.2.21.01.0000,01KVCC7RCMMCKP7KT9WD34XXSJ,62874058,2026,E-Katalog 6.0,APBD,ALFA MEDIA GROUP,E-Purchasing,Jasa Lainnya,"Belanja Jasa Iklan/Reklame, Film, dan Pemotretan",ON PROCESS,1998000,1998000
KOTA KOTAMOBAGU,DINAS KESEHATAN - 1.02.0.00.0.00.01.0000,01KWY8DDMTAEMRX8VDJ8K5X190,65347720,2026,E-Katalog 6.0,APBD,HERRY PONDAAG,E-Purchasing,Barang,Belanja Bahan-Bahan Bangunan dan Konstruks,ON PROCESS,2033798,2033798
KOTA KOTAMOBAGU,BAGIAN KESEJAHTERAAN RAKYAT - 4.01.0.00.0.00.01.0005,01KQXG1F2H54AQWJ7HXRP81Q7Z,63450011,2026,E-Katalog 6.0,APBD,AFIANDI HUSAIN,E-Purchasing,Barang,Belanja Hadiah yang Bersifat Perlombaan,ON PROCESS,15895000,15895000
KOTA KOTAMOBAGU,SEKRETARIAT DAERAH - 4.01.0.00.0.00.01.0000,01KVCHDK3PQPK3EPFMSSGGPWB8,63424306,2026,E-Katalog 6.0,APBD,HERRY PONDAAG,E-Purchasing,Barang,Belanja Makanan dan Minuman Jamuan Tamu,ON PROCESS,24826300,24826300
KOTA KOTAMOBAGU,SEKRETARIAT DPRD - 4.02.0.00.0.00.01.0000,01KR2G5G4QDKWF7VEKRP1P534J,63395422,2026,E-Katalog 6.0,APBD,VIRZHA NUSANTARA INFORMASI,E-Purchasing,Jasa Lainnya,"Belanja Jasa Iklan/Reklame, Film, dan Pemotretan",ON PROCESS,2000000,2000000
KOTA KOTAMOBAGU,BADAN PERENCANAAN PENELITIAN DAN PENGEMBANGAN DAERAH - 5.01.5.05.0.00.01.0000,01KQRHWKFG5W3RRW3AQD2SWEFE,62260470,2026,E-Katalog 6.0,APBD,HERU DJATMIKO SJAMSI,E-Purchasing,Barang,Belanja Alat/Bahan untuk Kegiatan Kantor- Kertas dan Cover,ON PROCESS,1359750,1359750
KOTA KOTAMOBAGU,DINAS KOMUNIKASI DAN INFORMATIKA - 2.16.2.20.2.21.01.0000,01KWNBXJSMW64TSG40BG84R93K,62874058,2026,E-Katalog 6.0,APBD,INSAN CITA MEDIA UTAMA,E-Purchasing,Jasa Lainnya,"Belanja Jasa Iklan/Reklame, Film, dan Pemotretan",ON PROCESS,1998000,1998000
KOTA KOTAMOBAGU,DINAS LINGKUNGAN HIDUP - 2.11.0.00.0.00.01.0000,01KGEZ46KVX576NAECW4KEMMAZ,64375008,2026,E-Katalog 6.0,APBD,ARCO SAMUDRA PERKASA,E-Purchasing,Jasa Lainnya," Belanja Jasa Tenaga Supir",PAYMENT OUTSIDE SYSTEM,5336196,5336196
KOTA KOTAMOBAGU,DINAS KOMUNIKASI DAN INFORMATIKA - 2.16.2.20.2.21.01.0000,01KPCBNYZ758FZ4JHQD4G4P6CH,62874058,2026,E-Katalog 6.0,APBD,SULAWESI MEDIA RAKYAT,E-Purchasing,Jasa Lainnya,"Belanja Jasa Iklan/Reklame, Film, dan Pemotretan",ON PROCESS,1998000,1998000
KOTA KOTAMOBAGU,BAGIAN PEREKONOMIAN DAN PEMBANGUNAN - 4.01.0.00.0.00.01.0006,01KV4KJPZK42GCS1573C0AJ0HB,64457117,2026,E-Katalog 6.0,APBD,CYNTHIA PRATIWI SUGEHA,E-Purchasing,Jasa Lainnya,Belanja Makanan dan Minuman Rapat,ON PROCESS,1250000,1250000
KOTA KOTAMOBAGU,DINAS KOMUNIKASI DAN INFORMATIKA - 2.16.2.20.2.21.01.0000,01KJ6KW5E3H5W1YGJZVD6Y48MT,62874058,2026,E-Katalog 6.0,APBD,LESTARI KANAL MEDIA,E-Purchasing,Jasa Lainnya,"Belanja Jasa Iklan/Reklame, Film, dan Pemotretan",ON PROCESS,2000000,2000000
KOTA KOTAMOBAGU,BLUD RSUD KOTAMOBAGU - 1.02.0.00.0.00.01.0001,01KJ818B9VECEPE6BKX05SR64N,64159880,2026,E-Katalog 6.0,BLUD,KOLONGAN JAYA ABADI,E-Purchasing,Barang,Belanja Barang dan Jasa BLUD,ON PROCESS,400000,400000
KOTA KOTAMOBAGU,DINAS KOMUNIKASI DAN INFORMATIKA - 2.16.2.20.2.21.01.0000,01KVCCAY6ZC8ZP4F9NYMSB898F,62874058,2026,E-Katalog 6.0,APBD,NESIA INFINITI MEDIA,E-Purchasing,Jasa Lainnya,"Belanja Jasa Iklan/Reklame, Film, dan Pemotretan",ON PROCESS,1998000,1998000
KOTA KOTAMOBAGU,BLUD RSUD KOTAMOBAGU - 1.02.0.00.0.00.01.0001,01KQS10FK3YPGWY3Y0BX0ZBMPW,64159880,2026,E-Katalog 6.0,BLUD,PERDANA JAYA MEDIKA,E-Purchasing,Barang,Belanja Barang dan Jasa BLUD,ON PROCESS,13280040,13280040
KOTA KOTAMOBAGU,SEKRETARIAT DAERAH - 4.01.0.00.0.00.01.0000,01KQVCBN24GTPKA1AG1EFPX15M,63474266,2026,E-Katalog 6.0,APBD,SUDARWIN DAHLAN,E-Purchasing,Jasa Lainnya,Belanja Jasa Tenaga Supir,ON PROCESS,4000000,4000000
KOTA KOTAMOBAGU,DINAS KETAHANAN PANGAN - 2.09.0.00.0.00.01.0000,01KRZ9049K1VS3VA0MFCP1DHF6,63980214,2026,E-Katalog 6.0,APBD,HERRY PONDAAG,E-Purchasing,Barang,Belanja Alat/Bahan untuk Kegiatan Kantor- Bahan Cetak,ON PROCESS,819680,819680
KOTA KOTAMOBAGU,SEKRETARIAT DAERAH - 4.01.0.00.0.00.01.0000,01KWGRGAJYZ742M84EB55WA9GD,63423831,2026,E-Katalog 6.0,APBD,CYNTHIA PRATIWI SUGEHA,E-Purchasing,Barang,Belanja Makanan dan Minuman Rapat,ON PROCESS,2170000,2170000
KOTA KOTAMOBAGU,DINAS PENDIDIKAN - 1.01.0.00.0.00.01.0000,01KTRV5MNKWMHWB8HGDHGQFWVP,65263329,2026,E-Katalog 6.0,APBD,HAMRI MOKOAGOW,E-Purchasing,Barang,Belanja Alat/Bahan untuk Kegiatan Kantor-Alat/Bahan untuk Kegiatan Kantor Lainnya (Belanja Rumah Tangga),ON PROCESS,2771226,2771226
KOTA KOTAMOBAGU,KECAMATAN KOTAMOBAGU TIMUR - 7.01.0.00.0.00.03.0000,01KS1FHEW6KQBH5ZR0DPX16D36,64553499,2026,E-Katalog 6.0,APBD,JAYA ARTHA,E-Purchasing,Barang,Belanja Alat/Bahan untuk Kegiatan Kantor- Kertas dan Cover,ON PROCESS,1338660,1338660
KOTA KOTAMOBAGU,BAGIAN PROTOKOL DAN KOMUNIKASI PIMPINAN - 4.01.0.00.0.00.01.0004,01KPW9H2CSMJ8SQA89N9GE0NMP,64343209,2026,E-Katalog 6.0,APBD,HERRY PONDAAG,E-Purchasing,Barang,Belanja Alat/Bahan Untuk Kegiatan Kantor-Alat Tulis Kantor,ON PROCESS,1342656,1342656
KOTA KOTAMOBAGU,SEKRETARIAT DPRD - 4.02.0.00.0.00.01.0000,01KP28YHS81BEN2K506Q40MZDG,63395422,2026,E-Katalog 6.0,APBD,MEDIA INDO BOLMONG PRESS,E-Purchasing,Jasa Lainnya,"Belanja Jasa Iklan/Reklame, Film, dan Pemotretan",ON PROCESS,2000000,2000000
KOTA KOTAMOBAGU,BLUD RSUD KOTAMOBAGU - 1.02.0.00.0.00.01.0001,01KNVPC3K3PJP6524R07FY4VG3,64159880,2026,E-Katalog 6.0,BLUD,BRYAN MEDIKAL,E-Purchasing,Barang,Belanja Barang dan Jasa BLUD,ON PROCESS,58195080,0
KOTA KOTAMOBAGU,DINAS KOMUNIKASI DAN INFORMATIKA - 2.16.2.20.2.21.01.0000,01KK41DWTCX0N4FGGH6XJRDX5Z,62874058,2026,E-Katalog 6.0,APBD,GARUDA MEDIA SELATAN,E-Purchasing,Jasa Lainnya,"Belanja Jasa Iklan/Reklame, Film, dan Pemotretan",ON PROCESS,2000000,2000000
KOTA KOTAMOBAGU,SEKRETARIAT DAERAH - 4.01.0.00.0.00.01.0000,01KQVCFVEWE5E6Y4SEA339EZRM,63474266,2026,E-Katalog 6.0,APBD,RONNY GINOGA,E-Purchasing,Jasa Lainnya,Belanja Jasa Tenaga Supir,ON PROCESS,4000000,4000000
KOTA KOTAMOBAGU,DINAS KOMUNIKASI DAN INFORMATIKA - 2.16.2.20.2.21.01.0000,01KVC8JA9GSBKRVGMZ2FX03KGM,62874058,2026,E-Katalog 6.0,APBD,MDH NEWS24 MULTIMEDIA,E-Purchasing,Jasa Lainnya,"Belanja Jasa Iklan/Reklame, Film, dan Pemotretan",ON PROCESS,1998000,1998000
KOTA KOTAMOBAGU,DINAS KOMUNIKASI DAN INFORMATIKA - 2.16.2.20.2.21.01.0000,01KPCD1M2SJ9CB7QB37EVVKTRP,62874058,2026,E-Katalog 6.0,APBD,TAGAR NUSANTARA MEDIA,E-Purchasing,Jasa Lainnya,"Belanja Jasa Iklan/Reklame, Film, dan Pemotretan",ON PROCESS,2000000,2000000
KOTA KOTAMOBAGU,BADAN KEPEGAWAIAN PENDIDIKAN DAN PELATIHAN - 5.03.5.04.0.00.01.0000,01KVYY4180GY6EBWNSSJAPESQ0,63451383,2026,E-Katalog 6.0,APBD,CYNTHIA PRATIWI SUGEHA,E-Purchasing,Barang,Belanja Natura dan Pakan-Natura,ON PROCESS,359640,359640
KOTA KOTAMOBAGU,SEKRETARIAT DAERAH - 4.01.0.00.0.00.01.0000,01KJJ1EQZ4JZ104BHFC6DMMWG4,63471718,2026,E-Katalog 6.0,APBD,SEMSON MARHEIN KARUNDENG,E-Purchasing,Jasa Lainnya,Belanja Jasa Tenaga Kebersihan,ON PROCESS,1000000,1000000
KOTA KOTAMOBAGU,DINAS KOMUNIKASI DAN INFORMATIKA - 2.16.2.20.2.21.01.0000,01KP9W2S5VWTZDKGCS48522VWV,62874058,2026,E-Katalog 6.0,APBD,COKROAMINOTO AMANAH BANGSA,E-Purchasing,Jasa Lainnya,"Belanja Jasa Iklan/Reklame, Film, dan Pemotretan",ON PROCESS,1998000,1998000
KOTA KOTAMOBAGU,DINAS LINGKUNGAN HIDUP - 2.11.0.00.0.00.01.0000,01KRZTR50WWZEXE6BMAQC19MTN,64477286,2026,E-Katalog 6.0,APBD,HERRY PONDAAG,E-Purchasing,Barang,Belanja Alat / Bahan untuk Kegiatan Kantor - Bahan Komputer,ON PROCESS,1659450,1659450
KOTA KOTAMOBAGU,BLUD RSUD KOTAMOBAGU - 1.02.0.00.0.00.01.0001,01KNM4JVWHEVH3EHRG8T6EAHY2,64159880,2026,E-Katalog 6.0,BLUD,RIZIA MITRA SEJATI,E-Purchasing,Barang,Belanja Barang dan Jasa BLUD,ON PROCESS,240075284,0
KOTA KOTAMOBAGU,PUSKESMAS GOGAGOMAN - 1.02.0.00.0.00.01.0004,01KG6DY9NKSMEK4FGD4H2D5XHH,63650327,2026,E-Katalog 6.0,APBD,JAYA ARTHA,E-Purchasing,Barang,Belanja Bahan - Bahan Lainnya Puskesmas Gogaogman,PAYMENT OUTSIDE SYSTEM,735375,735375
KOTA KOTAMOBAGU,DINAS KOMUNIKASI DAN INFORMATIKA - 2.16.2.20.2.21.01.0000,01KSHBMEW0RFAXWH407QZ7J8NW,62874058,2026,E-Katalog 6.0,APBD,TIME NUSANTARA PERS,E-Purchasing,Jasa Lainnya,"Belanja Jasa Iklan/Reklame, Film, dan Pemotretan",ON PROCESS,999000,999000
KOTA KOTAMOBAGU,DINAS LINGKUNGAN HIDUP - 2.11.0.00.0.00.01.0000,01KWV487675AJC6B3HSAMH3QH3,64411513,2026,E-Katalog 6.0,APBD,BUNGAS AUTO MOTOR,E-Purchasing,Jasa Lainnya," Belanja Pemeliharaan Alat Angkutan-Alat Angkutan Darat Bermotor - Kendaraan Dinas Bermotor Perorangan",ON PROCESS,16616700,16616700
KOTA KOTAMOBAGU,DINAS KESEHATAN - 1.02.0.00.0.00.01.0000,01KJS6A5GKX10JDVRG89YWNT9R,65544089,2026,E-Katalog 6.0,APBD,HERRY PONDAAG,E-Purchasing,Barang," Belanja Alat/Bahan untuk Kegiatan Kantor-Alat Tulis Kantor",ON PROCESS,1383719,1383719
KOTA KOTAMOBAGU,DINAS KOMUNIKASI DAN INFORMATIKA - 2.16.2.20.2.21.01.0000,01KPAKN6Q7ADQQW9CVJE7QDM3J,62874058,2026,E-Katalog 6.0,APBD,MOKOAGOW JAYA MERDEKA,E-Purchasing,Jasa Lainnya,"Belanja Jasa Iklan/Reklame, Film, dan Pemotretan",ON PROCESS,2000000,2000000
KOTA KOTAMOBAGU,DINAS KETAHANAN PANGAN - 2.09.0.00.0.00.01.0000,01KQ6GN3F373PQQF4CEKZ4FEEG,65959134,2026,E-Katalog 6.0,APBD,PURNAMA LABORATORY,E-Purchasing,Barang,Belanja Bahan-Bahan Lainnya,ON PROCESS,35919267,35919267
KOTA KOTAMOBAGU,SEKRETARIAT DPRD - 4.02.0.00.0.00.01.0000,01KKT9YPK4RJBY2796F5R03MG8,63395422,2026,E-Katalog 6.0,APBD,BUTOLA MULTIMEDIA GRUP,E-Purchasing,Jasa Lainnya,"Belanja Jasa Iklan/Reklame, Film, dan Pemotretan",ON PROCESS,2000000,2000000
KOTA KOTAMOBAGU,DINAS KOMUNIKASI DAN INFORMATIKA - 2.16.2.20.2.21.01.0000,01KK3RYZ4MT0F5XHYAF2Q9FTH5,62874058,2026,E-Katalog 6.0,APBD,DRIEF GLOBAL MEDIA,E-Purchasing,Jasa Lainnya,"Belanja Jasa Iklan/Reklame, Film, dan Pemotretan",ON PROCESS,2000000,2000000
KOTA KOTAMOBAGU,KECAMATAN KOTAMOBAGU TIMUR - 7.01.0.00.0.00.03.0000,01KT97QCYPM1DTMPTNGHEYA2G8,64558691,2026,E-Katalog 6.0,APBD,RHAVA COMPUTINDO,E-Purchasing,Jasa Lainnya,Belanja Pemeliharaan Alat Kantor dan Rumah Tangga-Alat Rumah Tangga-Alat Pendingin,ON PROCESS,577200,577200
KOTA KOTAMOBAGU,BADAN KESATUAN BANGSA DAN POLITIK - 8.01.0.00.0.00.01.0000,01KSE91DWRQGKQ5JR454JX6SYP,64416771,2026,E-Katalog 6.0,APBD,MINPUT,E-Purchasing,Jasa Lainnya,Belanja Makanan dan Minuman Aktivitas Lapangan,ON PROCESS,8525000,8525000
KOTA KOTAMOBAGU,BAGIAN UMUM - 4.01.0.00.0.00.01.0001,01KK0FYPMHZSF352SZPZBTXABM,64128059,2026,E-Katalog 6.0,APBD,HERRY PONDAAG,E-Purchasing,Barang,Belanja Alat/Bahan untuk Kegiatan Kantor-Alat/Bahan untuk Kegiatan Kantor Lainnya,ON PROCESS,5899999,5899999
KOTA KOTAMOBAGU,SEKRETARIAT DAERAH - 4.01.0.00.0.00.01.0000,01KQTYTDXMRV1HNS309A0NX13R,63471718,2026,E-Katalog 6.0,APBD,SOPIAN MOKOAGOW,E-Purchasing,Jasa Lainnya,Belanja Jasa Tenaga Kebersihan,ON PROCESS,1500000,1500000
KOTA KOTAMOBAGU,DINAS KESEHATAN - 1.02.0.00.0.00.01.0000,01KW743EX49HPKB1TBMAREWWQV,65546167,2026,E-Katalog 6.0,APBD,MOH. ISRA ALKADAPI MOKOAGOW,E-Purchasing,Jasa Lainnya,Belanja Jasa Tenaga Keamanan,ON PROCESS,1500000,1500000
KOTA KOTAMOBAGU,DINAS PENANAMAN MODAL DAN PELAYANAN TERPADU SATU PINTU - 2.18.0.00.0.00.01.0000,01KTN19A3D94F4Q4AAGX60M8RQ,64575149,2026,E-Katalog 6.0,APBD,HERRY PONDAAG,E-Purchasing,Barang,Belanja alat/bahan untuk kegiatan kantor-Bahan Cetak,ON PROCESS,106560,106560
KOTA KOTAMOBAGU,DINAS PEMBERDAYAAN PEREMPUAN DAN PERLINDUNGAN ANAK - 2.08.0.00.0.00.01.0000,01KQ6ERKVEQE4FA3XBKVACB7JG,64674827,2026,E-Katalog 6.0,APBD,YUNIARNI,E-Purchasing,Barang,Belanja Makanan dan Minuman Rapat,ON PROCESS,1185813,1185813
KOTA KOTAMOBAGU,SEKRETARIAT DPRD - 4.02.0.00.0.00.01.0000,01KP28S56DMQ03RZQ0QEXS4QHF,63395422,2026,E-Katalog 6.0,APBD,PILAR MEDIA JAYA,E-Purchasing,Jasa Lainnya,"Belanja Jasa Iklan/Reklame, Film, dan Pemotretan",ON PROCESS,2000000,2000000
KOTA KOTAMOBAGU,DINAS KOMUNIKASI DAN INFORMATIKA - 2.16.2.20.2.21.01.0000,01KGGFPCS97J6NRHNREGK00VKY,62859317,2026,E-Katalog 6.0,APBD,INFOTEK GLOBAL NETWORK,E-Purchasing,Jasa Lainnya,Belanja Kawat/Faksimili/Internet/TV Berlangganan,ON PROCESS,44400000,44400000
KOTA KOTAMOBAGU,BLUD RSUD KOTAMOBAGU - 1.02.0.00.0.00.01.0001,01KMHNCQFX13DSV32TJECAFVQT,64159880,2026,E-Katalog 6.0,BLUD,BERNOFARM,E-Purchasing,Barang,Belanja Barang dan Jasa BLUD,ON PROCESS,93563498,93563498
KOTA KOTAMOBAGU,DINAS KESEHATAN - 1.02.0.00.0.00.01.0000,01KQBEPA0KCF1KFR3PGN7VRXPM,65544208,2026,E-Katalog 6.0,APBD,HERRY PONDAAG,E-Purchasing,Barang," Belanja Alat/Bahan untuk Kegiatan Kantor- Kertas dan Cover",ON PROCESS,7258845,7258845
KOTA KOTAMOBAGU,PUSKESMAS GOGAGOMAN - 1.02.0.00.0.00.01.0004,01KKAZ8DJ6YFJ89FM5MAPQA7BK,63782000,2026,E-Katalog 6.0,APBD,@COMP,E-Purchasing,Jasa Lainnya,Belanja Pemeliharaan Komputer - Komputer Unit - Komputer Unit Lainnya,PAYMENT OUTSIDE SYSTEM,2808300,2808300
KOTA KOTAMOBAGU,UPTD PERLINDUNGAN PEREMPUAN DAN ANAK - 2.08.0.00.0.00.01.0001,01KPSD6KGWSF5093QE4Z73AMNW,64668610,2026,E-Katalog 6.0,APBD,YUNIARNI,E-Purchasing,Barang,Belanja Makanan dan Minuman Rapat,ON PROCESS,3799000,3799000
KOTA KOTAMOBAGU,BAGIAN UMUM - 4.01.0.00.0.00.01.0001,10886815000,64492573;67232521,2026,Non Tender,APBD,SANDILENSUN,Pengadaan Langsung,Jasa Konsultansi Perorangan Konstruksi,",Belanja Jasa Konsultansi Perencanaan Arsitektur-Jasa Desain Arsitektural (Rumah Dinas Walikota)",SELESAI,7450000,7450000
KOTA KOTAMOBAGU,BLUD RSUD KOTAMOBAGU - 1.02.0.00.0.00.01.0001,01KMJ3AST09GXJQ84Z2RMAF8XQ,64159880,2026,E-Katalog 6.0,BLUD,BERNOFARM,E-Purchasing,Barang,Belanja Barang dan Jasa BLUD,ON PROCESS,1930068,1930068
KOTA KOTAMOBAGU,BADAN PERENCANAAN PENELITIAN DAN PENGEMBANGAN DAERAH - 5.01.5.05.0.00.01.0000,01KPSM1D5ZHBAT80YA6894S1TE,62551845,2026,E-Katalog 6.0,APBD,HERRY PONDAAG,E-Purchasing,Barang,Belanja Alat/Bahan untuk Kegiatan Kantor-Alat Tulis Kantor ,ON PROCESS,769730,769730
KOTA KOTAMOBAGU,DINAS KOMUNIKASI DAN INFORMATIKA - 2.16.2.20.2.21.01.0000,01KK3DCGYPRZ5NYYD3WW6DKGD7,62872799,2026,E-Katalog 6.0,APBD,FIRMANSYAH MAMINTIWALO,E-Purchasing,Barang,Belanja Alat/Bahan untuk Kegiatan Kantor- Bahan Cetak,ON PROCESS,1224000,1224000
KOTA KOTAMOBAGU,DINAS PEMBERDAYAAN MASYARAKAT DAN DESA - 2.13.0.00.0.00.01.0000,01KPMCZ380G80WTZGH7HTYF96E,64544811,2026,E-Katalog 6.0,APBD,IRMA ASTUTI KOROMPOT,E-Purchasing,Barang,Belanja Alat/Bahan untuk Kegiatan Kantor-Alat Tulis Kantor,ON PROCESS,1163169,1163169
KOTA KOTAMOBAGU,DINAS KOMUNIKASI DAN INFORMATIKA - 2.16.2.20.2.21.01.0000,01KFN4HJ7JTJEKFVRV9C2TMSCR,62859317,2026,E-Katalog 6.0,APBD,KOTANET JARINGAN TELEKOMUNIKASI,E-Purchasing,Jasa Lainnya,Belanja Kawat/Faksimili/Internet/TV Berlangganan,ON PROCESS,54989400,54989400
KOTA KOTAMOBAGU,DINAS KOMUNIKASI DAN INFORMATIKA - 2.16.2.20.2.21.01.0000,01KFD6MQ60Y8RKMHVSMKWGD0WF,63341178,2026,E-Katalog 6.0,APBD,BONNY ABDULRAUF,E-Purchasing,Barang,Belanja Alat/Bahan untuk Kegiatan Kantor-Alat Tulis Kantor,ON PROCESS,806970,806970
KOTA KOTAMOBAGU,BAGIAN KESEJAHTERAAN RAKYAT - 4.01.0.00.0.00.01.0005,01KGKAQM1PH5M79G6VKV702QG9,63446718,2026,E-Katalog 6.0,APBD,CYNTHIA PRATIWI SUGEHA,E-Purchasing,Barang,Belanja Makanan dan Minuman Rapat,ON PROCESS,1950000,1950000
KOTA KOTAMOBAGU,BAGIAN PROTOKOL DAN KOMUNIKASI PIMPINAN - 4.01.0.00.0.00.01.0004,01KQEFT1TZ0E17RB5GA2BY39AJ,63381513,2026,E-Katalog 6.0,APBD,MOH. RENDYSYAHPUTRA MOKOGINTA,E-Purchasing,Jasa Lainnya,"Belanja Jasa Iklan/ Reklame , Film, dan Pemotretan",ON PROCESS,4800000,4800000
KOTA KOTAMOBAGU,DINAS PENDIDIKAN - 1.01.0.00.0.00.01.0000,01KR2367R7ZV14CAVT97Q3PK1C,65263307,2026,E-Katalog 6.0,APBD,KLIFJINO MASSI ,E-Purchasing,Barang,Belanja Alat/Bahan untuk Kegiatan Kantor- Bahan Cetak (Belanja Cetak dan Penggandaan),ON PROCESS,216000,216000
KOTA KOTAMOBAGU,BAGIAN HUKUM - 4.01.0.00.0.00.01.0003,01KS24Q9G54YATXRX55470AJJ3,63074297,2026,E-Katalog 6.0,APBD,IRMA ASTUTI KOROMPOT,E-Purchasing,Barang,Belanja Alat/Bahan untuk Kegiatan Kantor- Kertas dan Cover,ON PROCESS,994005,994005
KOTA KOTAMOBAGU,DINAS KOMUNIKASI DAN INFORMATIKA - 2.16.2.20.2.21.01.0000,01KVCCNBDFWZSGN7VXGJGBXTEC,62874058,2026,E-Katalog 6.0,APBD,MENTARI GEMILANG MEDIA,E-Purchasing,Jasa Lainnya,"Belanja Jasa Iklan/Reklame, Film, dan Pemotretan",ON PROCESS,1998000,1998000
KOTA KOTAMOBAGU,DINAS PEKERJAAN UMUM DAN PENATAAN RUANG - 1.03.0.00.0.00.01.0000,01KPPW5JG025DRNZ8DKT14F872,64455142,2026,E-Katalog 6.0,APBD,LA ROSE,E-Purchasing,Jasa Lainnya,Belanja Alat/Bahan untuk Kegiatan Kantor- Bahan Cetak,ON PROCESS,1318680,1318680
KOTA KOTAMOBAGU,DINAS KEPENDUDUKAN DAN PENCATATAN SIPIL - 2.12.0.00.0.00.01.0000,01KT3HANT0MW9PW5SK9VWDX9D3,62834174,2026,E-Katalog 6.0,APBD,RHAVA COMPUTINDO,E-Purchasing,Barang,Belanja Alat/Bahan untuk Kegiatan Kantor-Bahan Komputer,ON PROCESS,3246750,3246750
KOTA KOTAMOBAGU,DINAS KEARSIPAN DAN PERPUSTAKAAN - 2.24.2.23.0.00.01.0000,01KTEQAT5D2F6NA15J57ZP634B,66139493,2026,E-Katalog 6.0,APBD,JAYA ARTHA,E-Purchasing,Barang,Belanja Alat/Bahan untuk Kegiatan Kantor- Kertas dan Cover,ON PROCESS,925407,925407
KOTA KOTAMOBAGU,DINAS PENDIDIKAN - 1.01.0.00.0.00.01.0000,01KQEBZXB9J6P7VK65K015AF11,65263307,2026,E-Katalog 6.0,APBD,KLIFJINO MASSI ,E-Purchasing,Barang,Belanja Alat/Bahan untuk Kegiatan Kantor- Bahan Cetak (Belanja Cetak dan Penggandaan),ON PROCESS,4567500,4567500
KOTA KOTAMOBAGU,BLUD RSUD KOTAMOBAGU - 1.02.0.00.0.00.01.0001,01KJFQS75GG06M6KD3PA17NXSQ,64159880,2026,E-Katalog 6.0,BLUD,GERBANG MITRA SEHATI,E-Purchasing,Barang,Belanja Barang dan Jasa BLUD,ON PROCESS,68043000,68043000
KOTA KOTAMOBAGU,SEKRETARIAT DAERAH - 4.01.0.00.0.00.01.0000,01KJPVG5B6AJE8196N3WC37HT6,63473306,2026,E-Katalog 6.0,APBD,GULAM OLII,E-Purchasing,Jasa Lainnya,Belanja Jasa Tenaga Keamanan,ON PROCESS,5000000,5000000
KOTA KOTAMOBAGU,BLUD RSUD KOTAMOBAGU - 1.02.0.00.0.00.01.0001,01KJPDF0DCFAX8ZAK6HWC6T1Y1,64159880,2026,E-Katalog 6.0,BLUD,PRIMA SUKSES MAESA,E-Purchasing,Barang,Belanja Barang dan Jasa BLUD,ON PROCESS,80595700,0
KOTA KOTAMOBAGU,SEKRETARIAT DAERAH - 4.01.0.00.0.00.01.0000,01KQSFWZ735DNBZ0P03460XE4Z,63474911,2026,E-Katalog 6.0,APBD,MARLIA GINOGA,E-Purchasing,Jasa Lainnya,Belanja Jasa Tenaga Juru Masak,ON PROCESS,2600000,2600000
KOTA KOTAMOBAGU,DINAS KOMUNIKASI DAN INFORMATIKA - 2.16.2.20.2.21.01.0000,01KS41TRH7EPX01FB3C8AWFAMY,62874058,2026,E-Katalog 6.0,APBD,MEDIA BOLMONG RAYA,E-Purchasing,Jasa Lainnya,"Belanja Jasa Iklan/Reklame, Film, dan Pemotretan",ON PROCESS,3000000,3000000
KOTA KOTAMOBAGU,DINAS PENGENDALIAN PENDUDUK DAN KELUARGA BERENCANA - 2.14.0.00.0.00.01.0000,01KG3VVX8KQP1W2RFNYEB6W3AY,64148177,2026,E-Katalog 6.0,APBD,MINPUT,E-Purchasing,Barang,Belanja Makanan dan Minuman Aktivitas Lapangan Sumber Dana : DAK Non Fisik-BOKKB-BOKB,ON PROCESS,26068000,26068000
KOTA KOTAMOBAGU,SEKRETARIAT DPRD - 4.02.0.00.0.00.01.0000,01KSH0EQ4455XXQGD57F312AMD,63211699,2026,E-Katalog 6.0,APBD,BUNGAS AUTO MOTOR,E-Purchasing,Jasa Lainnya,Belanja Pemeliharaan Alat Angkutan-Alat Angkutan Darat Bermotor-Kendaraan Dinas Bermotor Perorangan,ON PROCESS,2384280,2384280
KOTA KOTAMOBAGU,BLUD RSUD KOTAMOBAGU - 1.02.0.00.0.00.01.0001,01KT3J8QMJTBXS5K5BHAZHVQCN,64159880,2026,E-Katalog 6.0,BLUD,OTSUKA INDONESIA,E-Purchasing,Barang,Belanja Barang dan Jasa BLUD,ON PROCESS,22519125,22519125
KOTA KOTAMOBAGU,DINAS KOMUNIKASI DAN INFORMATIKA - 2.16.2.20.2.21.01.0000,01KHZT8N53M0S7WC2QG6C06Q0Z,62874058,2026,E-Katalog 6.0,APBD,MANADO TERKINI CEMERLANG,E-Purchasing,Jasa Lainnya,"Belanja Jasa Iklan/Reklame, Film, dan Pemotretan",ON PROCESS,1998000,1998000
KOTA KOTAMOBAGU,DINAS KEPENDUDUKAN DAN PENCATATAN SIPIL - 2.12.0.00.0.00.01.0000,01KT3EC2V28A6KZTR40Y5E4BMR,67215193,2026,E-Katalog 6.0,APBD,HERRY PONDAAG,E-Purchasing,Barang,Belanja Alat/Bahan untuk Kegiatan Kantor-Alat Listrik,ON PROCESS,2932287,2932287
KOTA KOTAMOBAGU,DINAS PEKERJAAN UMUM DAN PENATAAN RUANG - 1.03.0.00.0.00.01.0000,01KPPZC5YVRWDXN5CZH835ZGMK,64450414,2026,E-Katalog 6.0,APBD,BUNGAS AUTO MOTOR,E-Purchasing,Barang,Belanja Pemeliharaan Alat Besar-Alat Besar Darat-Alat Besar Darat Lainnya,ON PROCESS,30652650,30652650
KOTA KOTAMOBAGU,BADAN PENANGGULANGAN BENCANA DAERAH - 1.05.0.00.0.00.02.0000,01KJFNDXVSRMR4GQQG5AS6ZXB4,63940804,2026,E-Katalog 6.0,APBD,HERRY PONDAAG,E-Purchasing,Barang,Belanja Alat/Bahan untuk Kegiatan Kantor- Bahan Cetak,ON PROCESS,694805,694805
KOTA KOTAMOBAGU,BLUD RSUD KOTAMOBAGU - 1.02.0.00.0.00.01.0001,01KHQNX9CBYA11MGQF12ZBJT23,64159880,2026,E-Katalog 6.0,BLUD,FIRMANSYAH MAMINTIWALO,E-Purchasing,Barang,Belanja Barang dan Jasa BLUD,ON PROCESS,429000,429000
KOTA KOTAMOBAGU,PUSKESMAS GOGAGOMAN - 1.02.0.00.0.00.01.0004,01KT2V4CZB23E732MAAXNMY122,63796433,2026,E-Katalog 6.0,APBD,RHAVA COMPUTINDO,E-Purchasing,Barang,Belanja Modal Personal Computer,ON PROCESS,28882200,0
KOTA KOTAMOBAGU,DINAS SOSIAL - 1.06.0.00.0.00.01.0000,01KNGDY3W7Z9E5WHFYE3WMS95B,64507472,2026,E-Katalog 6.0,APBD,BUNGAS AUTO MOTOR,E-Purchasing,Jasa Lainnya,Belanja Pemeliharaan Alat Angkutan-Alat Angkutan Darat Bermotor-Kendaraan Dinas Bermotor Perorangan,ON PROCESS,999000,999000
KOTA KOTAMOBAGU,DINAS KOMUNIKASI DAN INFORMATIKA - 2.16.2.20.2.21.01.0000,01KVCYJBWNQPD6158JBQDRS1BN,62874058,2026,E-Katalog 6.0,APBD,VOICE NEWS NETWORK,E-Purchasing,Jasa Lainnya,"Belanja Jasa Iklan/Reklame, Film, dan Pemotretan",ON PROCESS,1998000,1998000
KOTA KOTAMOBAGU,BADAN KESATUAN BANGSA DAN POLITIK - 8.01.0.00.0.00.01.0000,01KNGCVENBPDXVX72DXB3132A5,64395714,2026,E-Katalog 6.0,APBD,HERRY PONDAAG,E-Purchasing,Jasa Lainnya,Belanja Alat/Bahan untuk Kegiatan Kantor- Bahan Cetak,ON PROCESS,1498500,1498500
KOTA KOTAMOBAGU,DINAS KESEHATAN - 1.02.0.00.0.00.01.0000,01KQBDFJ8V0F4GGGB9RY009RV2,65544950,2026,E-Katalog 6.0,APBD,CYNTHIA PRATIWI SUGEHA,E-Purchasing,Barang,Belanja Makanan dan Minuman Rapat,ON PROCESS,4500000,4500000
KOTA KOTAMOBAGU,DINAS KOMUNIKASI DAN INFORMATIKA - 2.16.2.20.2.21.01.0000,01KK3NWTG6CEA0A5YA92EKB54K,62874058,2026,E-Katalog 6.0,APBD,PT. SURYA PERS INDONESIAKU,E-Purchasing,Jasa Lainnya,"Belanja Jasa Iklan/Reklame, Film, dan Pemotretan",ON PROCESS,2997000,2997000
KOTA KOTAMOBAGU,DINAS KOMUNIKASI DAN INFORMATIKA - 2.16.2.20.2.21.01.0000,01KRG1BB25VT2P3E1Q8K12YGJM,62874058,2026,E-Katalog 6.0,APBD,ALMIRA MEDIA INDONESIA,E-Purchasing,Jasa Lainnya,"Belanja Jasa Iklan/Reklame, Film, dan Pemotretan",ON PROCESS,2997000,2997000
KOTA KOTAMOBAGU,BADAN KEPEGAWAIAN PENDIDIKAN DAN PELATIHAN - 5.03.5.04.0.00.01.0000,01KJ9YDKDPYBZ172E8G7987D6G,63447936,2026,E-Katalog 6.0,APBD,IRMA ASTUTI KOROMPOT,E-Purchasing,Barang,Belanja Bahan-Bahan Lainnya,ON PROCESS,393107,393107
KOTA KOTAMOBAGU,DINAS KOMUNIKASI DAN INFORMATIKA - 2.16.2.20.2.21.01.0000,01KRFYQGNJ3SE6P3G46WKESQ8P,62874058,2026,E-Katalog 6.0,APBD,MEDIA MOROTON MORIGON,E-Purchasing,Jasa Lainnya,"Belanja Jasa Iklan/Reklame, Film, dan Pemotretan",ON PROCESS,3996000,3996000
KOTA KOTAMOBAGU,DINAS KEBUDAYAAN DAN PARIWISATA - 2.22.3.26.0.00.01.0000,01KPSFH7TG28CBDK4NV83EEP4B,64410220,2026,E-Katalog 6.0,APBD,YUDHI KADHIKA,E-Purchasing,Jasa Lainnya,Belanja Alat/Bahan untuk Kegiatan Kantor- Bahan Cetak,ON PROCESS,1082250,1082250
KOTA KOTAMOBAGU,UPTD PERLINDUNGAN PEREMPUAN DAN ANAK - 2.08.0.00.0.00.01.0001,01KJSTSXDMK3W3V3J2KFAEHV62,64688284,2026,E-Katalog 6.0,APBD,YUNIARNI,E-Purchasing,Barang,Belanja Makanan dan Minuman Aktivitas Lapangan,ON PROCESS,20700000,20700000
KOTA KOTAMOBAGU,UPTD INSTALASI FARMASI - 1.02.0.00.0.00.01.0002,01KWBD4CKSMT28Y4P7FFKRDN3E,63480254,2026,E-Katalog 6.0,APBD,SATORIA ANEKA INDUSTRI,E-Purchasing,Barang,Belanja Bahan-Bahan Lainnya,ON PROCESS,33865101,33865101
KOTA KOTAMOBAGU,BLUD RSUD KOTAMOBAGU - 1.02.0.00.0.00.01.0001,01KGM68FRSM6BAKWMPVB6WT1EH,64159880,2026,E-Katalog 6.0,BLUD,LESTARI MULIA SEMPURNA,E-Purchasing,Barang,Belanja Barang dan Jasa BLUD,ON PROCESS,78813552,78813552
KOTA KOTAMOBAGU,DINAS KEPENDUDUKAN DAN PENCATATAN SIPIL - 2.12.0.00.0.00.01.0000,01KHQB8CF0M4KN17XPGADES2XX,62830892,2026,E-Katalog 6.0,APBD,RHAVA COMPUTINDO,E-Purchasing,Barang,Belanja Alat/Bahan untuk Kegiatan Kantor-Bahan Komputer,ON PROCESS,27195000,0
KOTA KOTAMOBAGU,DINAS KEPENDUDUKAN DAN PENCATATAN SIPIL - 2.12.0.00.0.00.01.0000,01KN3T6WDERQZY48SQCCTF6V46,62833372,2026,E-Katalog 6.0,APBD,HERRY PONDAAG,E-Purchasing,Barang,Belanja Alat/Bahan untuk Kegiatan Kantor-Alat Tulis Kantor,ON PROCESS,1831500,1831500
KOTA KOTAMOBAGU,BAGIAN PEMERINTAHAN - 4.01.0.00.0.00.01.0002,01KRAWS9NGKJY78RWQA6QPXAX5,64599260,2026,E-Katalog 6.0,APBD,HERRY PONDAAG,E-Purchasing,Barang,Belanja Alat/Bahan untuk Kegiatan Kantor-Alat Tulis Kantor (Penataan Administrasi Pemerintahan),ON PROCESS,1463424,1463424
KOTA KOTAMOBAGU,BLUD RSUD KOTAMOBAGU - 1.02.0.00.0.00.01.0001,01KVQV7YZZB906RFD4HX7YAD8W,64159880,2026,E-Katalog 6.0,BLUD,OTSUKA INDONESIA,E-Purchasing,Barang,Belanja Barang dan Jasa BLUD,ON PROCESS,20335200,20335200
KOTA KOTAMOBAGU,BLUD RSUD KOTAMOBAGU - 1.02.0.00.0.00.01.0001,01KES5XFS2A42YS45SPQD096RJ,62978195,2026,E-Katalog 6.0,BLUD,JAYAMAS MEDICA INDUSTRI,E-Purchasing,Barang,Belanja Barang dan Jasa BLUD,ON PROCESS,26398020,26398020
KOTA KOTAMOBAGU,DINAS KOMUNIKASI DAN INFORMATIKA - 2.16.2.20.2.21.01.0000,01KWNC5EY7TGQYG6YP34VZ8NB4,62874058,2026,E-Katalog 6.0,APBD,QALESYA INFORMASI AKTUAL,E-Purchasing,Jasa Lainnya,"Belanja Jasa Iklan/Reklame, Film, dan Pemotretan",ON PROCESS,2000000,2000000
KOTA KOTAMOBAGU,DINAS KOMUNIKASI DAN INFORMATIKA - 2.16.2.20.2.21.01.0000,01KVA4B4S2TTWYTJ7HDAF67MRT,62874058,2026,E-Katalog 6.0,APBD,MEDIA BOGANI PERSADA,E-Purchasing,Jasa Lainnya,"Belanja Jasa Iklan/Reklame, Film, dan Pemotretan",ON PROCESS,2000000,2000000
KOTA KOTAMOBAGU,BLUD RSUD KOTAMOBAGU - 1.02.0.00.0.00.01.0001,01KS47F993N8PV0P2AP8JMT391,64159880,2026,E-Katalog 6.0,BLUD,GLOBAL PROMEDIKA SERVICES,E-Purchasing,Barang,Belanja Barang dan Jasa BLUD,ON PROCESS,11024400,11024400
KOTA KOTAMOBAGU,DINAS KOMUNIKASI DAN INFORMATIKA - 2.16.2.20.2.21.01.0000,01KWE3PQDW7FV6E9EHE6EN3NRM,62874058,2026,E-Katalog 6.0,APBD,BUMANTARA BAROKAH BERSAMA,E-Purchasing,Jasa Lainnya,"Belanja Jasa Iklan/Reklame, Film, dan Pemotretan",ON PROCESS,2000000,2000000
KOTA KOTAMOBAGU,DINAS KOMUNIKASI DAN INFORMATIKA - 2.16.2.20.2.21.01.0000,01KWGK1E752FM8RQFDJ4B6DZM6,62874058,2026,E-Katalog 6.0,APBD,MDH NEWS24 MULTIMEDIA,E-Purchasing,Jasa Lainnya,"Belanja Jasa Iklan/Reklame, Film, dan Pemotretan",ON PROCESS,1998000,1998000
KOTA KOTAMOBAGU,PUSKESMAS MOTOBOI KECIL - 1.02.0.00.0.00.01.0003,01KSRVCPJBNRRRGTZQEBCREC09,63504723,2026,E-Katalog 6.0,APBD,JAYA ARTHA,E-Purchasing,Barang,Belanja Alat/Bahan untuk Kegiatan Kantor - Bahan Komputer (Kapitasi JKN),ON PROCESS,16800072,16800072
KOTA KOTAMOBAGU,DINAS KOMUNIKASI DAN INFORMATIKA - 2.16.2.20.2.21.01.0000,01KVA616ZJ2S9Y9J838YM5R304,62874058,2026,E-Katalog 6.0,APBD,VIRZHA NUSANTARA INFORMASI,E-Purchasing,Jasa Lainnya,"Belanja Jasa Iklan/Reklame, Film, dan Pemotretan",ON PROCESS,2000000,2000000
KOTA KOTAMOBAGU,BADAN PENANGGULANGAN BENCANA DAERAH - 1.05.0.00.0.00.02.0000,01KVW9Q0YJ09K1216H6SVY7NGC,63950238,2026,E-Katalog 6.0,APBD,CARPERCOM,E-Purchasing,Jasa Lainnya,Belanja Pemeliharaan Komputer-Komputer Unit-Personal Computer,ON PROCESS,6975200,6975200
KOTA KOTAMOBAGU,SEKRETARIAT DAERAH - 4.01.0.00.0.00.01.0000,01KTX7XJX9QMD06XYP0HMBRDN9,63469981,2026,E-Katalog 6.0,APBD,SRI ENDANG ADININGSI PINUYUT,E-Purchasing,Jasa Lainnya,Belanja Jasa Tenaga Pelayanan Umum,ON PROCESS,2000000,2000000
KOTA KOTAMOBAGU,BLUD RSUD KOTAMOBAGU - 1.02.0.00.0.00.01.0001,01KGE5V4V2YH0DP9C6R11BXPV0,64159880,2026,E-Katalog 6.0,BLUD,GRATIA JAYA MULYA,E-Purchasing,Barang,Belanja Barang dan Jasa BLUD,ON PROCESS,170681907,0
KOTA KOTAMOBAGU,BLUD RSUD KOTAMOBAGU - 1.02.0.00.0.00.01.0001,01KGEF0QYF7H2Q3XHSW10CG7VK,64159880,2026,E-Katalog 6.0,BLUD,RHAVA COMPUTINDO,E-Purchasing,Barang,Belanja Barang dan Jasa BLUD,ON PROCESS,9989953,9989953
KOTA KOTAMOBAGU,"DINAS PERDAGANGAN, KOPERASI, USAHA KECIL DAN MENENGAH - 3.30.2.17.0.00.01.0000",01KKB3QDSQ2AVS8S3VXYVX9SAE,65278036,2026,E-Katalog 6.0,APBD,THIRZA ADIPRATI DJAMAN,E-Purchasing,Barang,Belanja Alat/Bahan untuk Kegiatan Kantor-Bahan Komputer,ON PROCESS,399600,399600
KOTA KOTAMOBAGU,DINAS KEBUDAYAAN DAN PARIWISATA - 2.22.3.26.0.00.01.0000,01KPSEWX7FETKR017SK2NDGBVW,64410220,2026,E-Katalog 6.0,APBD,HERRY PONDAAG,E-Purchasing,Jasa Lainnya,Belanja Alat/Bahan untuk Kegiatan Kantor- Bahan Cetak,ON PROCESS,604395,604395
KOTA KOTAMOBAGU,BADAN PERENCANAAN PENELITIAN DAN PENGEMBANGAN DAERAH - 5.01.5.05.0.00.01.0000,01KP4TE58T121084Y7DXQP9YNA,62260457,2026,E-Katalog 6.0,APBD,MINPUT,E-Purchasing,Barang,Belanja Makanan dan Minuman Rapat ,ON PROCESS,7200000,7200000
KOTA KOTAMOBAGU,BLUD RSUD KOTAMOBAGU - 1.02.0.00.0.00.01.0001,01KG4M7T7N5QE940HHSJ99ABYE,64159880,2026,E-Katalog 6.0,BLUD,GLOBAL DISPOMEDIKA,E-Purchasing,Barang,Belanja Barang dan Jasa BLUD,ON PROCESS,82894800,0
KOTA KOTAMOBAGU,UPTD INSTALASI FARMASI - 1.02.0.00.0.00.01.0002,01KGGRFXM286ZVYD1TFGN42H2C,63992364,2026,E-Katalog 6.0,APBD,INDRA KOBANDAHA,E-Purchasing,Jasa Lainnya,Belanja Jasa Tenaga Keamanan,ON PROCESS,1500000,1500000
KOTA KOTAMOBAGU,DINAS KOMUNIKASI DAN INFORMATIKA - 2.16.2.20.2.21.01.0000,01KVVGHZAB89814E6MQ1N71G7G,62874058,2026,E-Katalog 6.0,APBD,SAHABAT ADHITAMA ONLINE,E-Purchasing,Jasa Lainnya,"Belanja Jasa Iklan/Reklame, Film, dan Pemotretan",ON PROCESS,2000000,2000000
KOTA KOTAMOBAGU,SEKRETARIAT DAERAH - 4.01.0.00.0.00.01.0000,01KHAKB4BVCHWSJY361Z4MKPAF,63423831,2026,E-Katalog 6.0,APBD,FIGIH CICILIA MOKOGINTA,E-Purchasing,Barang,Belanja Makanan dan Minuman Rapat,ON PROCESS,735000,735000
KOTA KOTAMOBAGU,DINAS KOMUNIKASI DAN INFORMATIKA - 2.16.2.20.2.21.01.0000,01KWNBTG540QJ715JCRSH3VS5K,62874058,2026,E-Katalog 6.0,APBD,ALMIRA MEDIA INDONESIA,E-Purchasing,Jasa Lainnya,"Belanja Jasa Iklan/Reklame, Film, dan Pemotretan",ON PROCESS,2997000,2997000
KOTA KOTAMOBAGU,DINAS KOMUNIKASI DAN INFORMATIKA - 2.16.2.20.2.21.01.0000,01KWE4QJZFGEV7WCADN85E7Y60,62874058,2026,E-Katalog 6.0,APBD,KREATIF MULTIMEDIA NUSANTARA,E-Purchasing,Jasa Lainnya,"Belanja Jasa Iklan/Reklame, Film, dan Pemotretan",ON PROCESS,3996000,3996000
KOTA KOTAMOBAGU,DINAS LINGKUNGAN HIDUP - 2.11.0.00.0.00.01.0000,01KKJZGX1RWKQ1F5KBW65DRKAS,66203704,2026,E-Katalog 6.0,APBD,RIVS,E-Purchasing,Jasa Lainnya,Belanja Pemeliharaan Alat Angkutan - Alat Angkutan Darat Bermotor - Kendaraan Dinas Bermotor Perorangan,ON PROCESS,2447550,2447550
KOTA KOTAMOBAGU,SEKRETARIAT DPRD - 4.02.0.00.0.00.01.0000,01KJVXCEP6CSW8NR5KZXM989TC,63395422,2026,E-Katalog 6.0,APBD,PRITA GEMILANG JAYA,E-Purchasing,Jasa Lainnya,"Belanja Jasa Iklan/Reklame, Film, dan Pemotretan",ON PROCESS,2000000,2000000
KOTA KOTAMOBAGU,SEKRETARIAT DAERAH - 4.01.0.00.0.00.01.0000,01KTXVXSEHEZK03GW3VW7ZXS9W,63474266,2026,E-Katalog 6.0,APBD,CRISTIAN ERENS DANIEL SUMANTI,E-Purchasing,Jasa Lainnya,Belanja Jasa Tenaga Supir,ON PROCESS,2000000,2000000
KOTA KOTAMOBAGU,BLUD RSUD KOTAMOBAGU - 1.02.0.00.0.00.01.0001,01KS23G4YPWQJA0BXQNDT5JPAS,64159880,2026,E-Katalog 6.0,BLUD,BIOCARE SEJAHTERA,E-Purchasing,Barang,Belanja Barang dan Jasa BLUD,ON PROCESS,32727995,32727995
KOTA KOTAMOBAGU,SEKRETARIAT DPRD - 4.02.0.00.0.00.01.0000,01KJVJMCS9CRK8TWTVVA206SXT,63395422,2026,E-Katalog 6.0,APBD,INFO TOTABUAN SAFA EYATO,E-Purchasing,Jasa Lainnya,"Belanja Jasa Iklan/Reklame, Film, dan Pemotretan",ON PROCESS,1999998,1999998
KOTA KOTAMOBAGU,DINAS PERHUBUNGAN - 2.15.0.00.0.00.01.0000,01KJVTVT3GTPHD9BCXH5ANM1G3,64540481,2026,E-Katalog 6.0,APBD,IRMA ASTUTI KOROMPOT,E-Purchasing,Barang,Belanja Alat/Bahan untuk kegiatan Kantor - Bahan Komputer,ON PROCESS,599400,599400
KOTA KOTAMOBAGU,BLUD RSUD KOTAMOBAGU - 1.02.0.00.0.00.01.0001,01KPMSP7E10PNVDSV97GXPE2YG,64159880,2026,E-Katalog 6.0,BLUD,PHAPROS,E-Purchasing,Barang,Belanja Barang dan Jasa BLUD,ON PROCESS,6228876,6228876
KOTA KOTAMOBAGU,SEKRETARIAT DPRD - 4.02.0.00.0.00.01.0000,01KJVWTRGK5P3GG1K5SADE1YJE,63395422,2026,E-Katalog 6.0,APBD,ANUGERAH CITA PERS,E-Purchasing,Jasa Lainnya,"Belanja Jasa Iklan/Reklame, Film, dan Pemotretan",ON PROCESS,999999,999999
KOTA KOTAMOBAGU,DINAS KOMUNIKASI DAN INFORMATIKA - 2.16.2.20.2.21.01.0000,01KVA3X5NE4KE7N0NARMKD77N5,62874058,2026,E-Katalog 6.0,APBD,MEDIA MARHAEN JAYA,E-Purchasing,Jasa Lainnya,"Belanja Jasa Iklan/Reklame, Film, dan Pemotretan",ON PROCESS,2000000,2000000
KOTA KOTAMOBAGU,DINAS KESEHATAN - 1.02.0.00.0.00.01.0000,01KJRZ1KWF7Z9TY8W3W9006EDY,65544950,2026,E-Katalog 6.0,APBD,CYNTHIA PRATIWI SUGEHA,E-Purchasing,Barang,Belanja Makanan dan Minuman Rapat,ON PROCESS,4500000,4500000
KOTA KOTAMOBAGU,DINAS KOMUNIKASI DAN INFORMATIKA - 2.16.2.20.2.21.01.0000,01KVC8D0WKG21F8RJ720KPA546,62874058,2026,E-Katalog 6.0,APBD,MOKOAGOW JAYA MERDEKA,E-Purchasing,Jasa Lainnya,"Belanja Jasa Iklan/Reklame, Film, dan Pemotretan",ON PROCESS,2000000,2000000
KOTA KOTAMOBAGU,DINAS KOMUNIKASI DAN INFORMATIKA - 2.16.2.20.2.21.01.0000,01KVWFNPNF440216C43H8DHJRT,62872799,2026,E-Katalog 6.0,APBD,FIRMANSYAH MAMINTIWALO,E-Purchasing,Barang,Belanja Alat/Bahan untuk Kegiatan Kantor- Bahan Cetak,ON PROCESS,3400000,3400000
KOTA KOTAMOBAGU,BADAN PENGELOLA KEUANGAN DAERAH - 5.02.0.00.0.00.01.0000,01KQZ4FBVSCF62TTRJXX8H1SDD,63113430,2026,E-Katalog 6.0,APBD,MINPUT,E-Purchasing,Jasa Lainnya,Belanja Makanan dan Minuman Rapat,ON PROCESS,2240000,2240000
KOTA KOTAMOBAGU,SEKRETARIAT DAERAH - 4.01.0.00.0.00.01.0000,01KS21BYQ6X4QFBC3GYK1GW819,65227015,2026,E-Katalog 6.0,APBD,HERRY PONDAAG,E-Purchasing,Barang,Belanja Alat/Bahan untuk Kegiatan Kantor-Bahan Komputer,ON PROCESS,5132640,5132640
KOTA KOTAMOBAGU,SEKRETARIAT DPRD - 4.02.0.00.0.00.01.0000,01KJPP4XVGYV5MC7S5JQXW1SDN,63391540,2026,E-Katalog 6.0,APBD,HENDRA MANANGIN,E-Purchasing,Jasa Lainnya,Belanja Jasa Tenaga Kebersihan,ON PROCESS,6000000,6000000
KOTA KOTAMOBAGU,SEKRETARIAT DAERAH - 4.01.0.00.0.00.01.0000,01KH85TBHK1GXBH2CQ35CXNN88,63423831,2026,E-Katalog 6.0,APBD,FIGIH CICILIA MOKOGINTA,E-Purchasing,Barang,Belanja Makanan dan Minuman Rapat,ON PROCESS,2770000,2770000
KOTA KOTAMOBAGU,BAGIAN PEREKONOMIAN DAN PEMBANGUNAN - 4.01.0.00.0.00.01.0006,01KW8M0DGC7VZ7STYZPN8FZ2FN,64457117,2026,E-Katalog 6.0,APBD,CYNTHIA PRATIWI SUGEHA,E-Purchasing,Jasa Lainnya,Belanja Makanan dan Minuman Rapat,ON PROCESS,1250000,1250000
KOTA KOTAMOBAGU,KECAMATAN KOTAMOBAGU BARAT - 7.01.0.00.0.00.01.0000,01KHD39HHWRVQ75X05FF6P2577,64246695,2026,E-Katalog 6.0,APBD,BUNGAS AUTO MOTOR,E-Purchasing,Jasa Lainnya,Belanja pemeliharaan alat angkutan -Alat angkutan darat bermotor -Kendaraan dinas bermotor perorangan ,ON PROCESS,4523250,4523250
KOTA KOTAMOBAGU,BADAN PENGELOLA KEUANGAN DAERAH - 5.02.0.00.0.00.01.0000,01KPS7WVAH1DKGJRD24Z6DW3TT,63097360,2026,E-Katalog 6.0,APBD,CYNTHIA PRATIWI SUGEHA,E-Purchasing,Jasa Lainnya,Belanja Makanan dan Minuman Aktivitas Lapangan,ON PROCESS,1815500,1815500
KOTA KOTAMOBAGU,UPTD PERLINDUNGAN PEREMPUAN DAN ANAK - 2.08.0.00.0.00.01.0001,01KPSCK1GFG5QSSPWTSKH9VQXH,64684597,2026,E-Katalog 6.0,APBD,HERRY PONDAAG,E-Purchasing,Barang,Belanja Alat/Bahan untuk Kegiatan Kantor-Alat Tulis Kantor,ON PROCESS,654345,654345
KOTA KOTAMOBAGU,KELURAHAN POBUNDAYAN - 7.01.0.00.0.00.02.0002,01KJS8ASSNXGPA017C66FR4FE8,64617293,2026,E-Katalog 6.0,APBD,IRMA ASTUTI KOROMPOT,E-Purchasing,Barang,Belanja Alat/Bahan untuk Kegiatan Kantor-Bahan Komputer,ON PROCESS,810600,810600
KOTA KOTAMOBAGU,DINAS KEBUDAYAAN DAN PARIWISATA - 2.22.3.26.0.00.01.0000,01KPSGFJZSZNR4TJZS1RH62SCG,64406770,2026,E-Katalog 6.0,APBD,MINPUT,E-Purchasing,Jasa Lainnya,Belanja Makanan dan Minuman Rapat,ON PROCESS,1728000,1728000
KOTA KOTAMOBAGU,DINAS KOMUNIKASI DAN INFORMATIKA - 2.16.2.20.2.21.01.0000,01KWGPCBVH6NAA4GE8ETW6Y3DS,62874058,2026,E-Katalog 6.0,APBD,ALFA MEDIA GROUP,E-Purchasing,Jasa Lainnya,"Belanja Jasa Iklan/Reklame, Film, dan Pemotretan",ON PROCESS,1998000,1998000
KOTA KOTAMOBAGU,SEKRETARIAT DAERAH - 4.01.0.00.0.00.01.0000,01KTXC3GX821WQYZG47QY4JCV8,63469981,2026,E-Katalog 6.0,APBD,FERDINA NALOLE,E-Purchasing,Jasa Lainnya,Belanja Jasa Tenaga Pelayanan Umum,ON PROCESS,2000000,2000000
KOTA KOTAMOBAGU,DINAS KOMUNIKASI DAN INFORMATIKA - 2.16.2.20.2.21.01.0000,01KWNCAFD1YQK38WN7Z1QN1DKW,62874058,2026,E-Katalog 6.0,APBD,MEDIA TEROPONG PUBLIK,E-Purchasing,Jasa Lainnya,"Belanja Jasa Iklan/Reklame, Film, dan Pemotretan",ON PROCESS,2000000,2000000
KOTA KOTAMOBAGU,BADAN PENGELOLA KEUANGAN DAERAH - 5.02.0.00.0.00.01.0000,01KTKTNQK86DSSD4DKHJPHZSVM,63011188,2026,E-Katalog 6.0,APBD,IRMA ASTUTI KOROMPOT,E-Purchasing,Barang,Belanja Alat/Bahan untuk Kegiatan Kantor- Kertas dan Cover,ON PROCESS,632145,632145
KOTA KOTAMOBAGU,DINAS PERINDUSTRIAN DAN TENAGA KERJA - 3.31.2.07.0.00.01.0000,01KRCYZ71J2ZRFTBJ7AXRX920A,65352555,2026,E-Katalog 6.0,APBD,RHAVA COMPUTINDO,E-Purchasing,Jasa Lainnya,Belanja Pemeliharaan Alat Kantor dan Rumah Tangga-Alat Rumah Tangga-Alat Pendingin,ON PROCESS,1959705,1959705
KOTA KOTAMOBAGU,DINAS KOMUNIKASI DAN INFORMATIKA - 2.16.2.20.2.21.01.0000,01KPB3YPAP9PKBV2VETYFW3VSR,62874058,2026,E-Katalog 6.0,APBD,PT. TATA MEDIA PRO,E-Purchasing,Jasa Lainnya,"Belanja Jasa Iklan/Reklame, Film, dan Pemotretan",ON PROCESS,1998000,1998000
KOTA KOTAMOBAGU,BLUD RSUD KOTAMOBAGU - 1.02.0.00.0.00.01.0001,01KHT915D05TVK8D771VKP3HBS,64159880,2026,E-Katalog 6.0,BLUD,DEXA MEDICA,E-Purchasing,Barang,Belanja Barang dan Jasa BLUD,ON PROCESS,38486475,38486475
KOTA KOTAMOBAGU,SEKRETARIAT DPRD - 4.02.0.00.0.00.01.0000,01KT32ZWGAEB0131HNXDF6ZX6H,63354993,2026,E-Katalog 6.0,APBD,SUMBER REJEKI,E-Purchasing,Jasa Lainnya,Belanja Makanan dan Minuman Rapat,ON PROCESS,1470000,1470000
KOTA KOTAMOBAGU,KECAMATAN KOTAMOBAGU UTARA - 7.01.0.00.0.00.04.0000,01KHQGQCGZCVGZB72YXGA105VM,62952885,2026,E-Katalog 6.0,APBD,HERRY PONDAAG,E-Purchasing,Barang,Belanja Alat/Bahan untuk Kegiatan Kantor-Bahan Komputer,ON PROCESS,519999,519999
KOTA KOTAMOBAGU,KELURAHAN SININDIAN - 7.01.0.00.0.00.03.0005,01KRZEJHJTKM6WXT130WQTPYR5,64984808,2026,E-Katalog 6.0,APBD,PARAWITHA AMBOY,E-Purchasing,Barang,Belanja Alat/Bahan untuk Kegiatan Kantor-Bahan Komputer,ON PROCESS,650460,650460
KOTA KOTAMOBAGU,BAGIAN PROTOKOL DAN KOMUNIKASI PIMPINAN - 4.01.0.00.0.00.01.0004,01KTAHE9DFZTGR8S9R0RJVZ32P,63381513,2026,E-Katalog 6.0,APBD,FALDITYA FAHRIZAN BUCHARI,E-Purchasing,Jasa Lainnya,"Belanja Jasa Iklan/ Reklame , Film, dan Pemotretan",ON PROCESS,1500000,1500000
KOTA KOTAMOBAGU,"DINAS PERDAGANGAN, KOPERASI, USAHA KECIL DAN MENENGAH - 3.30.2.17.0.00.01.0000",01KRD83V2XT039GA039309T5VC,65299130,2026,E-Katalog 6.0,APBD,RHAVA COMPUTINDO,E-Purchasing,Jasa Lainnya,Belanja Pemeliharaan Alat Kantor dan Rumah Tangga-Alat Kantor-Alat Kantor Lainnya ,ON PROCESS,4240200,4240200
KOTA KOTAMOBAGU,DINAS PENANAMAN MODAL DAN PELAYANAN TERPADU SATU PINTU - 2.18.0.00.0.00.01.0000,01KKDQ8T1V84BWV7KHAPSNK0ME,64575149,2026,E-Katalog 6.0,APBD,HERRY PONDAAG,E-Purchasing,Barang,Belanja alat/bahan untuk kegiatan kantor-Bahan Cetak,ON PROCESS,1859028,1859028
KOTA KOTAMOBAGU,DINAS KOMUNIKASI DAN INFORMATIKA - 2.16.2.20.2.21.01.0000,01KP9VFZ7RQ3VMS9786N92DVTW,62874058,2026,E-Katalog 6.0,APBD,MEDIA BERKAH MAKMUR,E-Purchasing,Jasa Lainnya,"Belanja Jasa Iklan/Reklame, Film, dan Pemotretan",ON PROCESS,1998000,1998000
KOTA KOTAMOBAGU,DINAS KOMUNIKASI DAN INFORMATIKA - 2.16.2.20.2.21.01.0000,01KVC8FFSA85M20NX4KGN9SA3H,62874058,2026,E-Katalog 6.0,APBD,BARIS ABJAD DIGITAL,E-Purchasing,Jasa Lainnya,"Belanja Jasa Iklan/Reklame, Film, dan Pemotretan",ON PROCESS,2000000,2000000
KOTA KOTAMOBAGU,BLUD RSUD KOTAMOBAGU - 1.02.0.00.0.00.01.0001,01KEZVHY0NY7B849ETM3VMXHY6,62978195,2026,E-Katalog 6.0,BLUD,BRYAN MEDIKAL,E-Purchasing,Barang,Belanja Barang dan Jasa BLUD,ON PROCESS,82831752,82831752
KOTA KOTAMOBAGU,SEKRETARIAT DPRD - 4.02.0.00.0.00.01.0000,01KJVW2WG8ESQBGZ4WSV62BXDV,63395422,2026,E-Katalog 6.0,APBD,MEDIA GHAZALI PERKASA,E-Purchasing,Jasa Lainnya,"Belanja Jasa Iklan/Reklame, Film, dan Pemotretan",ON PROCESS,2000000,2000000
KOTA KOTAMOBAGU,SEKRETARIAT DAERAH - 4.01.0.00.0.00.01.0000,01KQSECHQBNEX6FD9TT4KYKZQ2,63469981,2026,E-Katalog 6.0,APBD,DENDRA MOH. AKSAN MAKALALAG,E-Purchasing,Jasa Lainnya,Belanja Jasa Tenaga Pelayanan Umum,ON PROCESS,2600000,2600000
KOTA KOTAMOBAGU,"DINAS PERDAGANGAN, KOPERASI, USAHA KECIL DAN MENENGAH - 3.30.2.17.0.00.01.0000",01KH57VM0FEMGN7GW67S9SE709,65060540,2026,E-Katalog 6.0,APBD,HERRY PONDAAG,E-Purchasing,Barang,Belanja Alat/Bahan untuk Kegiatan Kantor-Alat Tulis Kantor,ON PROCESS,263860,263860
KOTA KOTAMOBAGU,BLUD RSUD KOTAMOBAGU - 1.02.0.00.0.00.01.0001,01KW9VDRVGNDGDAZTG6Z5DAYJK,67375290,2026,E-Katalog 6.0,BLUD,ASIA MEDIKA NUSANTARA,E-Purchasing,Barang,Belanja Barang dan Jasa BLUD,ON PROCESS,915750,915750
KOTA KOTAMOBAGU,SEKRETARIAT DPRD - 4.02.0.00.0.00.01.0000,10835642000,63011955,2026,Non Tender,APBD,ADITYA PRASETYO LENSUN,Pengadaan Langsung,Jasa Konsultansi Perorangan Konstruksi,",Jasa Konsultansi Perencanaan Rehab Ruangan Ketua DPRD / Wakil Ketua DPRD",SELESAI,11899200,11899200
KOTA KOTAMOBAGU,BADAN PENGELOLA KEUANGAN DAERAH - 5.02.0.00.0.00.01.0000,01KVSKZZY75A9JB5Y7N4C9896J,63095549,2026,E-Katalog 6.0,APBD,IRMA ASTUTI KOROMPOT,E-Purchasing,Jasa Lainnya,Belanja Alat/Bahan untuk Kegiatan Kantor- Bahan Cetak,ON PROCESS,10661710,10661710
KOTA KOTAMOBAGU,UPTD INSTALASI FARMASI - 1.02.0.00.0.00.01.0002,01KJEVBBKKXSXCEFBQ6XBPF753,63982776,2026,E-Katalog 6.0,APBD,HERRY PONDAAG,E-Purchasing,Barang,Belanja Alat/Bahan untuk Kegiatan Kantor-Alat Tulis Kantor,ON PROCESS,445401,445401
KOTA KOTAMOBAGU,BAGIAN HUKUM - 4.01.0.00.0.00.01.0003,01KS23MG3RGHYMQ8X4JJWQ3WQH,63074016,2026,E-Katalog 6.0,APBD,IRMA ASTUTI KOROMPOT,E-Purchasing,Barang,Belanja Alat/Bahan untuk Kegiatan Kantor-Alat Tulis Kantor,ON PROCESS,1236318,1236318
KOTA KOTAMOBAGU,DINAS KOMUNIKASI DAN INFORMATIKA - 2.16.2.20.2.21.01.0000,01KHZRMYR0WS3GQG08PKT49PB5,62874058,2026,E-Katalog 6.0,APBD,MEDIA GHAZALI PERKASA,E-Purchasing,Jasa Lainnya,"Belanja Jasa Iklan/Reklame, Film, dan Pemotretan",ON PROCESS,2000000,2000000
KOTA KOTAMOBAGU,BADAN PENGELOLA KEUANGAN DAERAH - 5.02.0.00.0.00.01.0000,01KWBT66EXKBEVQKW4KGDTSBGY,63073587,2026,E-Katalog 6.0,APBD,IRMA ASTUTI KOROMPOT,E-Purchasing,Barang,Belanja Alat/Bahan untuk Kegiatan Kantor-Alat Tulis Kantor,ON PROCESS,5299473,5299473
KOTA KOTAMOBAGU,BADAN KESATUAN BANGSA DAN POLITIK - 8.01.0.00.0.00.01.0000,01KNGCMQ5AGFJJ9CNDHT8FTW43,64395714,2026,E-Katalog 6.0,APBD,FIRMANSYAH MAMINTIWALO,E-Purchasing,Jasa Lainnya,Belanja Alat/Bahan untuk Kegiatan Kantor- Bahan Cetak,ON PROCESS,2592000,2592000
KOTA KOTAMOBAGU,SEKRETARIAT DPRD - 4.02.0.00.0.00.01.0000,01KJVFXZWX1WT73Q6E6WC6FYA8,63311946,2026,E-Katalog 6.0,APBD,GILANG PRIYATMA PAPUTUNGAN,E-Purchasing,Jasa Lainnya,Belanja Jasa Tenaga Keamanan,ON PROCESS,6000000,6000000
KOTA KOTAMOBAGU,DINAS PERUMAHAN RAKYAT DAN KAWASAN PERMUKIMAN - 1.04.2.10.0.00.01.0000,01KWBZZ6J21VS54HXYRAT1EDDM,64576358,2026,E-Katalog 6.0,APBD,LA ROSE,E-Purchasing,Barang,Belanja Alat/Bahan untuk Kegiatan Kantor-Alat Tulis Kantor,ON PROCESS,1139023,1139023
KOTA KOTAMOBAGU,SEKRETARIAT DPRD - 4.02.0.00.0.00.01.0000,01KJPRW6H2SGZJ21HX3ZDZX7MX,63392033,2026,E-Katalog 6.0,APBD,ALWI TUNGGALI,E-Purchasing,Jasa Lainnya,Belanja Jasa Tenaga Supir,ON PROCESS,8000000,8000000
KOTA KOTAMOBAGU,SATUAN POLISI PAMONG PRAJA - 1.05.0.00.0.00.01.0000,01KVPPE2TTZ2AGC43GB1P0M626,64227390,2026,E-Katalog 6.0,APBD,CYNTHIA PRATIWI SUGEHA,E-Purchasing,Jasa Lainnya,Belanja Makanan dan Minuman Aktivitas Lapangan ,ON PROCESS,2070000,2070000
KOTA KOTAMOBAGU,PUSKESMAS KOTOBANGON - 1.02.0.00.0.00.01.0005,01KWE46VKCKC44PNRERSB9RX0H,64197731,2026,E-Katalog 6.0,APBD,MINPUT,E-Purchasing,Jasa Lainnya,Belanja Barang dan Jasa BOK Puskesmas (Pengelolaan Pelayanan Kesehatan Ibu Hamil),ON PROCESS,3829300,3829300
KOTA KOTAMOBAGU,INSPEKTORAT DAERAH - 6.01.0.00.0.00.01.0000,01KS1VBV2HRB9TXMQJE4V741KK,67122407,2026,E-Katalog 6.0,APBD,FIRMANSYAH MAMINTIWALO,E-Purchasing,Jasa Lainnya,Belanja alat/bahan untuk kegitan kantor bahan cetak,ON PROCESS,1088000,1088000
KOTA KOTAMOBAGU,BLUD RSUD KOTAMOBAGU - 1.02.0.00.0.00.01.0001,01KS2JEWCENZ7V91WHC0M78TXX,64159880,2026,E-Katalog 6.0,BLUD,ETHICA INDUSTRI FARMASI,E-Purchasing,Barang,Belanja Barang dan Jasa BLUD,ON PROCESS,32443269,32443269
KOTA KOTAMOBAGU,DINAS KOMUNIKASI DAN INFORMATIKA - 2.16.2.20.2.21.01.0000,01KK3PY2YF2ZNWCGE7CT0G30CC,62874058,2026,E-Katalog 6.0,APBD,NESIA INFINITI MEDIA,E-Purchasing,Jasa Lainnya,"Belanja Jasa Iklan/Reklame, Film, dan Pemotretan",ON PROCESS,1998000,1998000
KOTA KOTAMOBAGU,BAGIAN PROTOKOL DAN KOMUNIKASI PIMPINAN - 4.01.0.00.0.00.01.0004,01KPSV4MV0VNZ83ACZEDCGHEDE,64344110,2026,E-Katalog 6.0,APBD,HERRY PONDAAG,E-Purchasing,Barang,Belanja Alat/Bahan untuk Kegiatan Kantor-Alat/Bahan untuk Kegiatan Kantor Lainnya ,ON PROCESS,426240,426240
KOTA KOTAMOBAGU,SEKRETARIAT DPRD - 4.02.0.00.0.00.01.0000,01KJVGREX2Q9JF10SY3QR65ERN,63395422,2026,E-Katalog 6.0,APBD,MANADO TERKINI CEMERLANG,E-Purchasing,Jasa Lainnya,"Belanja Jasa Iklan/Reklame, Film, dan Pemotretan",ON PROCESS,999999,999999
KOTA KOTAMOBAGU,DINAS KOMUNIKASI DAN INFORMATIKA - 2.16.2.20.2.21.01.0000,01KPCBBVAE1V9GW9ZVM4JBED17,62874058,2026,E-Katalog 6.0,APBD,MEDIA INDO BOLMONG PRESS,E-Purchasing,Jasa Lainnya,"Belanja Jasa Iklan/Reklame, Film, dan Pemotretan",ON PROCESS,2000000,2000000
KOTA KOTAMOBAGU,BADAN PERENCANAAN PENELITIAN DAN PENGEMBANGAN DAERAH - 5.01.5.05.0.00.01.0000,01KQTXB1Z394DXCJZ9ZSWD7NM3,62260466,2026,E-Katalog 6.0,APBD,HERU DJATMIKO SJAMSI,E-Purchasing,Barang,Belanja Alat/Bahan untuk Kegiatan Kantor-Alat Tulis Kantor,ON PROCESS,719835,719835
KOTA KOTAMOBAGU,PUSKESMAS MOTOBOI KECIL - 1.02.0.00.0.00.01.0003,01KV4GAQYQF490G4AEA348951D,63508326,2026,E-Katalog 6.0,APBD,FIGIH CICILIA MOKOGINTA,E-Purchasing,Barang,Belanja Makanan dan Minuman Rapat ( Kapitasi/JKN ),ON PROCESS,2760000,2760000
KOTA KOTAMOBAGU,BAGIAN PROTOKOL DAN KOMUNIKASI PIMPINAN - 4.01.0.00.0.00.01.0004,01KPSSK50K3PPH0FTKD3QW70XC,64346720,2026,E-Katalog 6.0,APBD,RHAVA COMPUTINDO,E-Purchasing,Jasa Lainnya,Belanja Pemeliharaan Alat Kantor dan Rumah Tangga - Alat KAntor - Alat KAntor Lainnya,ON PROCESS,4321230,4321230
KOTA KOTAMOBAGU,PUSKESMAS GOGAGOMAN - 1.02.0.00.0.00.01.0004,01KV9M0HPM27FZB4SHDGRQEKH6,63779780,2026,E-Katalog 6.0,APBD,JAYA ARTHA,E-Purchasing,Barang,Belanja Alat/Bahan Untuk kegiatan Kantor - Alat Listrik,ON PROCESS,1589520,1589520
KOTA KOTAMOBAGU,BADAN PERENCANAAN PENELITIAN DAN PENGEMBANGAN DAERAH - 5.01.5.05.0.00.01.0000,01KQS2BP0DP6HRYD6DYTDKDWB0,62232838,2026,E-Katalog 6.0,APBD,HERRY PONDAAG,E-Purchasing,Barang,Belanja Alat/Bahan untuk Kegiatan Kantor- Kertas dan Cover,ON PROCESS,2394825,2394825
KOTA KOTAMOBAGU,DINAS PENANAMAN MODAL DAN PELAYANAN TERPADU SATU PINTU - 2.18.0.00.0.00.01.0000,01KKATY3BMPET894RZ3A2N5KGM,64574021,2026,E-Katalog 6.0,APBD,HERRY PONDAAG,E-Purchasing,Barang,Belanja alat/bahan untuk kegiatan kantor-Kertas dan Kover,ON PROCESS,815850,815850
KOTA KOTAMOBAGU,BAGIAN UMUM - 4.01.0.00.0.00.01.0001,10822004000,66860101,2026,Non Tender,APBD,"Richi Harry Mokoginta, ST",Pengadaan Langsung,Jasa Konsultansi Perorangan Konstruksi,Belanja Jasa Konsultansi Perencanaan Arsitektur-Jasa Desain Arsitektural (Ruang Kantor Wakil Walikota),SELESAI,7450000,7450000
KOTA KOTAMOBAGU,DINAS KOMUNIKASI DAN INFORMATIKA - 2.16.2.20.2.21.01.0000,01KRFXPX3SA7A0QM15R6PPR5QM,62874058,2026,E-Katalog 6.0,APBD,SHAKA BUMI MEDIA UTAMA,E-Purchasing,Jasa Lainnya,"Belanja Jasa Iklan/Reklame, Film, dan Pemotretan",ON PROCESS,2000000,2000000
KOTA KOTAMOBAGU,BLUD RSUD KOTAMOBAGU - 1.02.0.00.0.00.01.0001,01KQC1ZSK5G04T6J5WNHT548R7,64159880,2026,E-Katalog 6.0,BLUD,EMERAL WIJAYA PERKASA,E-Purchasing,Barang,Belanja Barang dan Jasa BLUD,ON PROCESS,6604500,6604500
KOTA KOTAMOBAGU,DINAS KOMUNIKASI DAN INFORMATIKA - 2.16.2.20.2.21.01.0000,01KWE38WXV0V80NA2AATNW0J7E,62874058,2026,E-Katalog 6.0,APBD,HIKMAH MEDIA NUSANTARA,E-Purchasing,Jasa Lainnya,"Belanja Jasa Iklan/Reklame, Film, dan Pemotretan",ON PROCESS,2000000,2000000
KOTA KOTAMOBAGU,DINAS KOMUNIKASI DAN INFORMATIKA - 2.16.2.20.2.21.01.0000,01KWGRCT87GQWKT07WYG3YV16K,62874058,2026,E-Katalog 6.0,APBD,SELUSUR MEDIA SANGIREES,E-Purchasing,Jasa Lainnya,"Belanja Jasa Iklan/Reklame, Film, dan Pemotretan",ON PROCESS,1998000,1998000
KOTA KOTAMOBAGU,KELURAHAN MATALI - 7.01.0.00.0.00.03.0006,01KW99W48YWZC6QTGMTPQQTJW6,65109953,2026,E-Katalog 6.0,APBD,HERRY PONDAAG,E-Purchasing,Barang,Belanja Alat/Bahan untuk Kegiatan Kantor-Alat Tulis Kantor,ON PROCESS,510600,510600
KOTA KOTAMOBAGU,DINAS LINGKUNGAN HIDUP - 2.11.0.00.0.00.01.0000,01KRB8M51VHPNB22FZAFQXYF3V,66203704,2026,E-Katalog 6.0,APBD,BUNGAS AUTO MOTOR,E-Purchasing,Jasa Lainnya,Belanja Pemeliharaan Alat Angkutan - Alat Angkutan Darat Bermotor - Kendaraan Dinas Bermotor Perorangan,ON PROCESS,17538000,17538000
KOTA KOTAMOBAGU,DINAS PERHUBUNGAN - 2.15.0.00.0.00.01.0000,01KWDRZ276EEG8SKN22PTPSEEA,64540330,2026,E-Katalog 6.0,APBD,IRMA ASTUTI KOROMPOT,E-Purchasing,Barang,Belanja Alat/Bahan untuk kegiatan Kantor - Alat Tulis Kantor,ON PROCESS,507492,507492
KOTA KOTAMOBAGU,DINAS KOMUNIKASI DAN INFORMATIKA - 2.16.2.20.2.21.01.0000,01KVA523SJM73R8M9R57NMSKTP,62874058,2026,E-Katalog 6.0,APBD,SAHABAT NUKILA MULTIMEDIA,E-Purchasing,Jasa Lainnya,"Belanja Jasa Iklan/Reklame, Film, dan Pemotretan",ON PROCESS,2997000,2997000
KOTA KOTAMOBAGU,DINAS SOSIAL - 1.06.0.00.0.00.01.0000,01KS1GP85KF2DCD39WGP0QHA47,64507472,2026,E-Katalog 6.0,APBD,BUNGAS AUTO MOTOR,E-Purchasing,Jasa Lainnya,Belanja Pemeliharaan Alat Angkutan-Alat Angkutan Darat Bermotor-Kendaraan Dinas Bermotor Perorangan,ON PROCESS,999000,999000
KOTA KOTAMOBAGU,DINAS PERUMAHAN RAKYAT DAN KAWASAN PERMUKIMAN - 1.04.2.10.0.00.01.0000,01KH8G17FEVACSVBM4C4VKFJTE,64632170,2026,E-Katalog 6.0,APBD,LISNAWATI ACHMADI,E-Purchasing,Jasa Lainnya," Belanja Jasa Tenaga Kebersihan",ON PROCESS,6000000,6000000
KOTA KOTAMOBAGU,BADAN PENGELOLA KEUANGAN DAERAH - 5.02.0.00.0.00.01.0000,01KP4P7SB31ATC4XK479R0W172,63015083,2026,E-Katalog 6.0,APBD,RHAVA COMPUTINDO,E-Purchasing,Barang,Belanja Modal Peralatan Personal Computer,ON PROCESS,27750000,0
KOTA KOTAMOBAGU,DINAS KOMUNIKASI DAN INFORMATIKA - 2.16.2.20.2.21.01.0000,01KPAJPERD688E272RR3NX285S,62874058,2026,E-Katalog 6.0,APBD,ANUGERAH CITA PERS,E-Purchasing,Jasa Lainnya,"Belanja Jasa Iklan/Reklame, Film, dan Pemotretan",ON PROCESS,1998000,1998000
KOTA KOTAMOBAGU,DINAS KOMUNIKASI DAN INFORMATIKA - 2.16.2.20.2.21.01.0000,01KK41377ADDTV5ZWM08N718FH,62874058,2026,E-Katalog 6.0,APBD,VIRZHA NUSANTARA INFORMASI,E-Purchasing,Jasa Lainnya,"Belanja Jasa Iklan/Reklame, Film, dan Pemotretan",ON PROCESS,2000000,2000000
KOTA KOTAMOBAGU,SEKRETARIAT DAERAH - 4.01.0.00.0.00.01.0000,01KS6WRVP63H38VECT6E8Q2XWX,66988918,2026,E-Katalog 6.0,APBD,CYNTHIA PRATIWI SUGEHA,E-Purchasing,Barang,Belanja Makanan dan Minuman Rapat,ON PROCESS,30000000,30000000
KOTA KOTAMOBAGU,"DINAS PERDAGANGAN, KOPERASI, USAHA KECIL DAN MENENGAH - 3.30.2.17.0.00.01.0000",01KKB362WY1E5E24KVA339YX41,66093501,2026,E-Katalog 6.0,APBD,THIRZA ADIPRATI DJAMAN,E-Purchasing,Jasa Lainnya,Belanja Alat/Bahan untuk Kegiatan Kantor- Bahan Cetak ,ON PROCESS,394106,394106
KOTA KOTAMOBAGU,BADAN PENGELOLA KEUANGAN DAERAH - 5.02.0.00.0.00.01.0000,01KQT0WD5HW55CB9S9PQXXR7VP,63113206,2026,E-Katalog 6.0,APBD,IRMA ASTUTI KOROMPOT,E-Purchasing,Barang,Belanja Alat/Bahan untuk Kegiatan Kantor- Kertas dan Cover,ON PROCESS,1674713,1674713
KOTA KOTAMOBAGU,DINAS PENGENDALIAN PENDUDUK DAN KELUARGA BERENCANA - 2.14.0.00.0.00.01.0000,01KS23QCDG5E6FJ0AYDW8KH75Z,63988368,2026,E-Katalog 6.0,APBD,HERRY PONDAAG,E-Purchasing,Barang,Belanja Alat/Bahan untuk Kegiatan Kantor- Bahan Cetak,ON PROCESS,538572,538572
KOTA KOTAMOBAGU,BLUD RSUD KOTAMOBAGU - 1.02.0.00.0.00.01.0001,01KH937PXT3RX55A0GQYN443WJ,64159880,2026,E-Katalog 6.0,BLUD,NOSTIKAL ADITAMA,E-Purchasing,Barang,Belanja Barang dan Jasa BLUD,ON PROCESS,27300000,0
KOTA KOTAMOBAGU,BAGIAN PROTOKOL DAN KOMUNIKASI PIMPINAN - 4.01.0.00.0.00.01.0004,01KJEJCYGHSGCX5Y4CM9P1XYF8,63381513,2026,E-Katalog 6.0,APBD,MOH. RENDYSYAHPUTRA MOKOGINTA,E-Purchasing,Jasa Lainnya,"Belanja Jasa Iklan/ Reklame , Film, dan Pemotretan",ON PROCESS,2600000,2600000
KOTA KOTAMOBAGU,SEKRETARIAT DAERAH - 4.01.0.00.0.00.01.0000,01KTP6AGW0KV6A61SWVW8PH2R9,63423831,2026,E-Katalog 6.0,APBD,FIGIH CICILIA MOKOGINTA,E-Purchasing,Barang,Belanja Makanan dan Minuman Rapat,ON PROCESS,2140000,2140000
KOTA KOTAMOBAGU,DINAS KOMUNIKASI DAN INFORMATIKA - 2.16.2.20.2.21.01.0000,01KJCDPS3N74Y7VCVQ2B7N85FQ,64213931,2026,E-Katalog 6.0,APBD,IMAM MAHADI ANI,E-Purchasing,Jasa Lainnya,Belanja Jasa Tenaga Keamanan,ON PROCESS,1500000,1500000
KOTA KOTAMOBAGU,DINAS KOMUNIKASI DAN INFORMATIKA - 2.16.2.20.2.21.01.0000,01KK3J8VQY7VZ21QVTAQC94695,62874058,2026,E-Katalog 6.0,APBD,SINAR AKSARA INDOMEDIA,E-Purchasing,Jasa Lainnya,"Belanja Jasa Iklan/Reklame, Film, dan Pemotretan",ON PROCESS,1998000,1998000
KOTA KOTAMOBAGU,BADAN KEPEGAWAIAN PENDIDIKAN DAN PELATIHAN - 5.03.5.04.0.00.01.0000,01KVPHW4V6PADN0184N6EJKHMC,64430504,2026,E-Katalog 6.0,APBD,RHAVA COMPUTINDO,E-Purchasing,Jasa Lainnya,Belanja Pemeliharaan Alat Kantor dan Rumah Tangga-Alat Rumah Tangga-Alat Pendingin,ON PROCESS,1909200,1909200
KOTA KOTAMOBAGU,DINAS KOMUNIKASI DAN INFORMATIKA - 2.16.2.20.2.21.01.0000,01KRFZENC7ZVN12ZATKE8YDWFE,62874058,2026,E-Katalog 6.0,APBD,CATUR METRO MEDIA,E-Purchasing,Jasa Lainnya,"Belanja Jasa Iklan/Reklame, Film, dan Pemotretan",ON PROCESS,4000000,4000000
KOTA KOTAMOBAGU,SEKRETARIAT DPRD - 4.02.0.00.0.00.01.0000,01KP27WNQCJ9XHAH5G7H6352YP,63395422,2026,E-Katalog 6.0,APBD,BOLMONG POST CIPTA PARASANA,E-Purchasing,Jasa Lainnya,"Belanja Jasa Iklan/Reklame, Film, dan Pemotretan",ON PROCESS,2000000,2000000
KOTA KOTAMOBAGU,BAGIAN UMUM - 4.01.0.00.0.00.01.0001,01KGMJGBX66V08T56KG9DPRVDE,64491210,2026,E-Katalog 6.0,APBD,HERRY PONDAAG,E-Purchasing,Barang,Belanja Alat/Bahan untuk Kegiatan Kantor-Alat/Bahan untuk Kegiatan Kantor Lainnya,ON PROCESS,7508119,7508119
KOTA KOTAMOBAGU,BLUD RSUD KOTAMOBAGU - 1.02.0.00.0.00.01.0001,01KKEMZ08VCBTW19VJT2XRZJD9,64159880,2026,E-Katalog 6.0,BLUD,TRANSMEDIC INDONESIA,E-Purchasing,Barang,Belanja Barang dan Jasa BLUD,ON PROCESS,14686799,0
KOTA KOTAMOBAGU,BAGIAN UMUM - 4.01.0.00.0.00.01.0001,01KQRGR2E6C637RTPV84X3RK88,64519741,2026,E-Katalog 6.0,APBD,CARPERCOM,E-Purchasing,Barang,Belanja Modal Personal Computer,ON PROCESS,44100000,44100000
KOTA KOTAMOBAGU,DINAS KEARSIPAN DAN PERPUSTAKAAN - 2.24.2.23.0.00.01.0000,01KJXW7B9HBEVNRSJBMJGJJ122,66139492,2026,E-Katalog 6.0,APBD,JAYA ARTHA,E-Purchasing,Barang,Belanja Alat/Bahan untuk Kegiatan Kantor-Bahan Komputer,ON PROCESS,1999998,1999998
KOTA KOTAMOBAGU,DINAS KOMUNIKASI DAN INFORMATIKA - 2.16.2.20.2.21.01.0000,01KWGKQYA89JGBG0E7BPQBBN35,62874058,2026,E-Katalog 6.0,APBD,PT. SURYA PERS INDONESIAKU,E-Purchasing,Jasa Lainnya,"Belanja Jasa Iklan/Reklame, Film, dan Pemotretan",ON PROCESS,3000000,3000000
KOTA KOTAMOBAGU,DINAS PERINDUSTRIAN DAN TENAGA KERJA - 3.31.2.07.0.00.01.0000,01KJVJ0607PX3E51QEJGBEJ4QE,65351538,2026,E-Katalog 6.0,APBD,IRMA ASTUTI KOROMPOT,E-Purchasing,Barang,Belanja Alat/Bahan untuk Kegiatan Kantor-Bahan Komputer,ON PROCESS,810000,810000
KOTA KOTAMOBAGU,SEKRETARIAT DPRD - 4.02.0.00.0.00.01.0000,01KJVF5TBYXYS2TV9WAWQNZ3FA,63395422,2026,E-Katalog 6.0,APBD,MEDIA BOLMONG RAYA,E-Purchasing,Jasa Lainnya,"Belanja Jasa Iklan/Reklame, Film, dan Pemotretan",ON PROCESS,1999998,1999998
KOTA KOTAMOBAGU,DINAS KOMUNIKASI DAN INFORMATIKA - 2.16.2.20.2.21.01.0000,01KRG2KRDG5ED2JDBM5DKMQ2BY,62874058,2026,E-Katalog 6.0,APBD,EMERALDY PUTRA PERTAMA,E-Purchasing,Jasa Lainnya,"Belanja Jasa Iklan/Reklame, Film, dan Pemotretan",ON PROCESS,2000000,2000000
KOTA KOTAMOBAGU,BLUD RSUD KOTAMOBAGU - 1.02.0.00.0.00.01.0001,01KKGFMF7AK8KR2SMME7YXKYWQ,62976479,2026,E-Katalog 6.0,BLUD,SEKARGUNA MEDIKA,E-Purchasing,Barang,Belanja Modal Peralatan dan Mesin BLUD,ON PROCESS,489995000,0
KOTA KOTAMOBAGU,SEKRETARIAT DPRD - 4.02.0.00.0.00.01.0000,01KQC011KF70J6GAE4TZ290SAW,63211956,2026,E-Katalog 6.0,APBD,JAYA ARTHA,E-Purchasing,Barang,Belanja Bahan-Bahan Lainnya ,ON PROCESS,4417356,4417356
KOTA KOTAMOBAGU,PUSKESMAS KOTOBANGON - 1.02.0.00.0.00.01.0005,01KPM8QXWYGAQQQY60RD7KAFET,64197726,2026,E-Katalog 6.0,APBD,MINPUT,E-Purchasing,Jasa Lainnya,Belanja Makanan dan Minuman Rapat,ON PROCESS,2070000,2070000
KOTA KOTAMOBAGU,SEKRETARIAT DAERAH - 4.01.0.00.0.00.01.0000,01KQV8HYBR59GFC6MP8W72W3BG,63469981,2026,E-Katalog 6.0,APBD,ALFIAN PARAMATA,E-Purchasing,Jasa Lainnya,Belanja Jasa Tenaga Pelayanan Umum,ON PROCESS,2000000,2000000
KOTA KOTAMOBAGU,SEKRETARIAT DPRD - 4.02.0.00.0.00.01.0000,01KTJFRD0632F1KJV0BFVQEFJ0,63354993,2026,E-Katalog 6.0,APBD,SUMBER REJEKI,E-Purchasing,Jasa Lainnya,Belanja Makanan dan Minuman Rapat,ON PROCESS,1715000,1715000
KOTA KOTAMOBAGU,BLUD RSUD KOTAMOBAGU - 1.02.0.00.0.00.01.0001,01KWVE9QR742TWCAD2ECP46HYZ,67375290,2026,E-Katalog 6.0,BLUD,CENDO,E-Purchasing,Barang,Belanja Barang dan Jasa BLUD,ON PROCESS,3446672,3446672
KOTA KOTAMOBAGU,DINAS KOMUNIKASI DAN INFORMATIKA - 2.16.2.20.2.21.01.0000,01KRFWWVACKTXBCTE80Z5NN49G,62874058,2026,E-Katalog 6.0,APBD,ALFATIH NURANDI MEDIA,E-Purchasing,Jasa Lainnya,"Belanja Jasa Iklan/Reklame, Film, dan Pemotretan",ON PROCESS,2997000,2997000
KOTA KOTAMOBAGU,DINAS KEBUDAYAAN DAN PARIWISATA - 2.22.3.26.0.00.01.0000,01KPSGTTA86658H4P56T0HDN4N,64409363,2026,E-Katalog 6.0,APBD,RHAVA COMPUTINDO,E-Purchasing,Jasa Lainnya,Belanja Pemeliharaan Komputer-Komputer Unit-Komputer Unit Lainnya,ON PROCESS,557220,557220
KOTA KOTAMOBAGU,BADAN PENGELOLA KEUANGAN DAERAH - 5.02.0.00.0.00.01.0000,01KJYMFX11MNNXXRP0HMW4CPQ7,63010160,2026,E-Katalog 6.0,APBD,IRMA ASTUTI KOROMPOT,E-Purchasing,Barang,Belanja Alat/Bahan untuk Kegiatan Kantor-Alat Tulis Kantor,ON PROCESS,732378,732378
KOTA KOTAMOBAGU,DINAS KESEHATAN - 1.02.0.00.0.00.01.0000,01KRDBWE8CGDZ678RNKH28G06H,65545658,2026,E-Katalog 6.0,APBD,CARPERCOM,E-Purchasing,Barang," Belanja Modal Alat Kantor Lainnya",ON PROCESS,7160000,7160000
KOTA KOTAMOBAGU,DINAS PENDIDIKAN - 1.01.0.00.0.00.01.0000,01KT8CDE4YCV1P80XT1CS8XHWV,65263618,2026,E-Katalog 6.0,APBD,RHAVA COMPUTINDO,E-Purchasing,Jasa Lainnya,Belanja Pemeliharaan Alat Kantor dan Rumah Tangga-Alat Rumah Tangga-Alat Pendingin (Pemeliharaan AC Split),ON PROCESS,4695300,4695300
KOTA KOTAMOBAGU,DINAS KEPEMUDAAN DAN OLAHRAGA - 2.19.0.00.0.00.01.0000,01KNJYJD1NKGCBYMPVHCZDT02H,64681375,2026,E-Katalog 6.0,APBD,MINPUT,E-Purchasing,Jasa Lainnya,Belanja Makanan Dan Minuman Rapat,ON PROCESS,2766675,2766675
KOTA KOTAMOBAGU,DINAS PEKERJAAN UMUM DAN PENATAAN RUANG - 1.03.0.00.0.00.01.0000,01KETTCR5Q6RSG88Z5ZR12VTZC,62874472,2026,E-Katalog 6.0,APBD,FAJRI PERMADI LOMAMAY,E-Purchasing,Jasa Lainnya,Belanja Jasa Tenaga Teknis Pertanian dan Pangan,ON PROCESS,9000000,9000000
KOTA KOTAMOBAGU,DINAS KOMUNIKASI DAN INFORMATIKA - 2.16.2.20.2.21.01.0000,01KP9ZWMGVSVM5NNJJNJ5B62SW,62874058,2026,E-Katalog 6.0,APBD,KREATIF MULTIMEDIA NUSANTARA,E-Purchasing,Jasa Lainnya,"Belanja Jasa Iklan/Reklame, Film, dan Pemotretan",ON PROCESS,3996000,3996000
KOTA KOTAMOBAGU,SEKRETARIAT DAERAH - 4.01.0.00.0.00.01.0000,01KQV0R133YZK1HMFD6QCD3KVS,63473306,2026,E-Katalog 6.0,APBD,IRWANSYAH ADI PUTRA,E-Purchasing,Jasa Lainnya,Belanja Jasa Tenaga Keamanan,ON PROCESS,5000000,5000000
KOTA KOTAMOBAGU,BLUD RSUD KOTAMOBAGU - 1.02.0.00.0.00.01.0001,01KSHH325H5FDYJ2AMD55AW4HS,64159880,2026,E-Katalog 6.0,BLUD,KOLONGAN JAYA ABADI,E-Purchasing,Barang,Belanja Barang dan Jasa BLUD,ON PROCESS,8633530,8633530
KOTA KOTAMOBAGU,BLUD RSUD KOTAMOBAGU - 1.02.0.00.0.00.01.0001,01KS1JG6CMJEJXAWY7707X31SH,64159880,2026,E-Katalog 6.0,BLUD,BRYAN MEDIKAL,E-Purchasing,Barang,Belanja Barang dan Jasa BLUD,ON PROCESS,201188610,201188610
KOTA KOTAMOBAGU,SEKRETARIAT DAERAH - 4.01.0.00.0.00.01.0000,01KQVE0VTNWTYSYM505FG2422J,63469981,2026,E-Katalog 6.0,APBD,DAVID MAMONTO,E-Purchasing,Jasa Lainnya,Belanja Jasa Tenaga Pelayanan Umum,ON PROCESS,2000000,2000000
KOTA KOTAMOBAGU,BAGIAN UMUM - 4.01.0.00.0.00.01.0001,01KGNMPQNHR7HCMTFPFB8K1VYK,64502085,2026,E-Katalog 6.0,APBD,HERRY PONDAAG,E-Purchasing,Barang,Belanja Bahan-Bahan Lainnya,ON PROCESS,5660240,5660240
KOTA KOTAMOBAGU,DINAS KOMUNIKASI DAN INFORMATIKA - 2.16.2.20.2.21.01.0000,01KPCDPRD09SSS5QGB37C3KBBK,62874058,2026,E-Katalog 6.0,APBD,TOTABUAN ONLINE VISIONER,E-Purchasing,Jasa Lainnya,"Belanja Jasa Iklan/Reklame, Film, dan Pemotretan",ON PROCESS,2000000,2000000
KOTA KOTAMOBAGU,PUSKESMAS MOTOBOI KECIL - 1.02.0.00.0.00.01.0003,01KRZF8XXQB3P1ZFY6KY5PPR3Y,63508326,2026,E-Katalog 6.0,APBD,FIGIH CICILIA MOKOGINTA,E-Purchasing,Barang,Belanja Makanan dan Minuman Rapat ( Kapitasi/JKN ),ON PROCESS,2760000,2760000
KOTA KOTAMOBAGU,BAGIAN KESEJAHTERAAN RAKYAT - 4.01.0.00.0.00.01.0005,01KJ5D283Z7DMDBYYXCHYTXW7P,63451964,2026,E-Katalog 6.0,APBD,IRMA ASTUTI KOROMPOT,E-Purchasing,Barang,Belanja Alat/Bahan untuk Kegiatan Kantor-Alat Tulis Kantor,ON PROCESS,4282987,4282987
KOTA KOTAMOBAGU,PUSKESMAS UPAI - 1.02.0.00.0.00.01.0007,01KHQSNY9VZVC23K87R57SNR0C,62853113,2026,E-Katalog 6.0,APBD,HERRY PONDAAG,E-Purchasing,Barang,Belanja alat/bahan untuk kegiatan kantor-alat tulis kantor,ON PROCESS,2165610,2165610
KOTA KOTAMOBAGU,BADAN KESATUAN BANGSA DAN POLITIK - 8.01.0.00.0.00.01.0000,01KNJMX9D3DG5YFYKKWZC9GNMS,64420502,2026,E-Katalog 6.0,APBD,FIRMANSYAH MAMINTIWALO,E-Purchasing,Jasa Lainnya,Belanja Alat/Bahan untuk Kegiatan Kantor- Bahan Cetak,ON PROCESS,2880000,2880000
KOTA KOTAMOBAGU,DINAS PENANAMAN MODAL DAN PELAYANAN TERPADU SATU PINTU - 2.18.0.00.0.00.01.0000,01KWWYXNX9M28YACEVAD6ZP2DA,64615663,2026,E-Katalog 6.0,APBD,YUNIARNI,E-Purchasing,Barang,Belanja Makanan dan Minuman Rapat ,ON PROCESS,1274000,1274000
KOTA KOTAMOBAGU,DINAS KOMUNIKASI DAN INFORMATIKA - 2.16.2.20.2.21.01.0000,01KHZHJV8ACCG5V8JG660Q2E1F,62874058,2026,E-Katalog 6.0,APBD,MEDIA BOLMONG RAYA,E-Purchasing,Jasa Lainnya,"Belanja Jasa Iklan/Reklame, Film, dan Pemotretan",ON PROCESS,3000000,3000000
KOTA KOTAMOBAGU,BADAN PENGELOLA KEUANGAN DAERAH - 5.02.0.00.0.00.01.0000,01KWXS9NJCGHFJDTXAHWP43VS3,63113378,2026,E-Katalog 6.0,APBD,FIGIH CICILIA MOKOGINTA,E-Purchasing,Jasa Lainnya,Belanja Makanan dan Minuman Rapat,ON PROCESS,453700,453700
KOTA KOTAMOBAGU,INSPEKTORAT DAERAH - 6.01.0.00.0.00.01.0000,01KKDB89GRK4845QB5TCSKH4D4,64334887,2026,E-Katalog 6.0,APBD,BONNY ABDULRAUF,E-Purchasing,Barang,Belanja alat bahan untuk kegiatan kantor bahan cetak,ON PROCESS,3947943,3947943
KOTA KOTAMOBAGU,BLUD RSUD KOTAMOBAGU - 1.02.0.00.0.00.01.0001,01KNNVJ9BWJBHP56E1KD1HJEZT,64159880,2026,E-Katalog 6.0,BLUD,MEDQUEST JAYA GLOBAL,E-Purchasing,Barang,Belanja Barang dan Jasa BLUD,ON PROCESS,88379754,0
KOTA KOTAMOBAGU,DINAS KOMUNIKASI DAN INFORMATIKA - 2.16.2.20.2.21.01.0000,01KWGQH51X5B6WY99MSR9DNYNH,62874058,2026,E-Katalog 6.0,APBD,MEDIA INDO BOLMONG PRESS,E-Purchasing,Jasa Lainnya,"Belanja Jasa Iklan/Reklame, Film, dan Pemotretan",ON PROCESS,2000000,2000000
KOTA KOTAMOBAGU,SEKRETARIAT DPRD - 4.02.0.00.0.00.01.0000,01KJXQFEP8RXZ7VHNFZV394KHH,63395422,2026,E-Katalog 6.0,APBD,MEDIA BOGANI PERSADA,E-Purchasing,Jasa Lainnya,"Belanja Jasa Iklan/Reklame, Film, dan Pemotretan",ON PROCESS,2000000,2000000
KOTA KOTAMOBAGU,SEKRETARIAT DAERAH - 4.01.0.00.0.00.01.0000,01KJHT4F6QM411MQWNR0CAS69M,63469981,2026,E-Katalog 6.0,APBD,RASSYA SITI HAJAR MONOARFA,E-Purchasing,Jasa Lainnya,Belanja Jasa Tenaga Pelayanan Umum,ON PROCESS,2000000,2000000
KOTA KOTAMOBAGU,DINAS KESEHATAN - 1.02.0.00.0.00.01.0000,01KJS5T1P5KWJAQ4Y7X5Q5Z94Z,65544208,2026,E-Katalog 6.0,APBD,HERRY PONDAAG,E-Purchasing,Barang," Belanja Alat/Bahan untuk Kegiatan Kantor- Kertas dan Cover",ON PROCESS,11913075,11913075
KOTA KOTAMOBAGU,DINAS LINGKUNGAN HIDUP - 2.11.0.00.0.00.01.0000,01KNTS4187XA1Q94JXENX4MV5X,64443097,2026,E-Katalog 6.0,APBD,BUNGAS AUTO MOTOR,E-Purchasing,Jasa Lainnya,Belanja Pemeliharaan Alat Besar - Alat Besar Darat - Excavator ,ON PROCESS,9435000,9435000
KOTA KOTAMOBAGU,DINAS KOMUNIKASI DAN INFORMATIKA - 2.16.2.20.2.21.01.0000,01KHZQ3XHR6GE99EPWF42KA9JD,62874058,2026,E-Katalog 6.0,APBD,RISTO MEDIA SIBER,E-Purchasing,Jasa Lainnya,"Belanja Jasa Iklan/Reklame, Film, dan Pemotretan",ON PROCESS,1998000,1998000
KOTA KOTAMOBAGU,BLUD RSUD KOTAMOBAGU - 1.02.0.00.0.00.01.0001,01KSFEX10XT2V9SNKBXTCT7Q5G,64159880,2026,E-Katalog 6.0,BLUD,FIRMANSYAH MAMINTIWALO,E-Purchasing,Barang,Belanja Barang dan Jasa BLUD,ON PROCESS,429000,429000
KOTA KOTAMOBAGU,DINAS KOMUNIKASI DAN INFORMATIKA - 2.16.2.20.2.21.01.0000,01KVCVKHBZMM86A80TPGJS046P,62874058,2026,E-Katalog 6.0,APBD,FARADILA NATASYA UTAMA,E-Purchasing,Jasa Lainnya,"Belanja Jasa Iklan/Reklame, Film, dan Pemotretan",ON PROCESS,2000000,2000000
KOTA KOTAMOBAGU,DINAS PERHUBUNGAN - 2.15.0.00.0.00.01.0000,01KWB66WP589X52CSADS2H3WRQ,64532241,2026,E-Katalog 6.0,APBD,IRMA ASTUTI KOROMPOT,E-Purchasing,Barang,Belanja Alat/Bahan untuk kegiatan Kantor - Kertas dan Cover,ON PROCESS,962037,962037
KOTA KOTAMOBAGU,DINAS PEKERJAAN UMUM DAN PENATAAN RUANG - 1.03.0.00.0.00.01.0000,01KETV1GJTWVCJYXYN456JXKKB,62873812,2026,E-Katalog 6.0,APBD,PUTRI SISI NOVIANTI POTABUGA,E-Purchasing,Jasa Lainnya,Belanja Jasa Tenaga Penanganan Prasarana dan Sarana Umum,ON PROCESS,9000000,9000000
KOTA KOTAMOBAGU,BLUD RSUD KOTAMOBAGU - 1.02.0.00.0.00.01.0001,01KVYPNHMWNWF79W20849PNVX3,64159880,2026,E-Katalog 6.0,BLUD,INTERGASTRA NUSANTARA,E-Purchasing,Barang,Belanja Barang dan Jasa BLUD,ON PROCESS,12531201,0
KOTA KOTAMOBAGU,DINAS PENGENDALIAN PENDUDUK DAN KELUARGA BERENCANA - 2.14.0.00.0.00.01.0000,01KPPYN2A0QTP5M6A9DVWCCH89,64104258,2026,E-Katalog 6.0,APBD,YUNIARNI,E-Purchasing,Barang,Belanja Makanan dan Minuman Rapat  Sumber Dana : DAK Non Fisik-BOKKB-BOKB,ON PROCESS,7056000,7056000
KOTA KOTAMOBAGU,BLUD RSUD KOTAMOBAGU - 1.02.0.00.0.00.01.0001,01KPR0KBG3EDT25QAQGCST2FB3,64159880,2026,E-Katalog 6.0,BLUD,ETHICA INDUSTRI FARMASI,E-Purchasing,Barang,Belanja Barang dan Jasa BLUD,ON PROCESS,45079653,45079653
KOTA KOTAMOBAGU,SEKRETARIAT DPRD - 4.02.0.00.0.00.01.0000,01KSEB8N5W91W0Y7RCV384K056,63395422,2026,E-Katalog 6.0,APBD,SULAWESI MEDIA RAKYAT,E-Purchasing,Jasa Lainnya,"Belanja Jasa Iklan/Reklame, Film, dan Pemotretan",ON PROCESS,2000000,2000000
KOTA KOTAMOBAGU,BAGIAN PROTOKOL DAN KOMUNIKASI PIMPINAN - 4.01.0.00.0.00.01.0004,01KTAH94BSWWHCQAH259B4F3ZS,63381513,2026,E-Katalog 6.0,APBD,SUTRIONO MAMONTO,E-Purchasing,Jasa Lainnya,"Belanja Jasa Iklan/ Reklame , Film, dan Pemotretan",ON PROCESS,1500000,1500000
KOTA KOTAMOBAGU,SEKRETARIAT DPRD - 4.02.0.00.0.00.01.0000,01KP290V10C9XHQF9FQMQGP3C5,63395422,2026,E-Katalog 6.0,APBD,INFO TOTABUAN SAFA EYATO,E-Purchasing,Jasa Lainnya,"Belanja Jasa Iklan/Reklame, Film, dan Pemotretan",ON PROCESS,2000000,2000000
KOTA KOTAMOBAGU,SEKRETARIAT DAERAH - 4.01.0.00.0.00.01.0000,01KQV44ERMHZWM9BEEBQM9TH1P,63469981,2026,E-Katalog 6.0,APBD,SRI ENDANG ADININGSI PINUYUT,E-Purchasing,Jasa Lainnya,Belanja Jasa Tenaga Pelayanan Umum,ON PROCESS,2000000,2000000
KOTA KOTAMOBAGU,KECAMATAN KOTAMOBAGU BARAT - 7.01.0.00.0.00.01.0000,01KPVWWVGW06DT8TGDWK6SEYDW,64240239,2026,E-Katalog 6.0,APBD,HERRY PONDAAG,E-Purchasing,Jasa Lainnya,Belanja makan dan minum jamuan tamu ,ON PROCESS,949050,949050
KOTA KOTAMOBAGU,BAGIAN KESEJAHTERAAN RAKYAT - 4.01.0.00.0.00.01.0005,01KKXZD0RTX4A9B44MDGNA6Z9J,63446718,2026,E-Katalog 6.0,APBD,MINPUT,E-Purchasing,Barang,Belanja Makanan dan Minuman Rapat,PAYMENT OUTSIDE SYSTEM,1450000,1450000
KOTA KOTAMOBAGU,SEKRETARIAT DAERAH - 4.01.0.00.0.00.01.0000,01KTXC90MERJ0A5W6WX8RHT8RF,63469981,2026,E-Katalog 6.0,APBD,ALFIAN PARAMATA,E-Purchasing,Jasa Lainnya,Belanja Jasa Tenaga Pelayanan Umum,ON PROCESS,2000000,2000000
KOTA KOTAMOBAGU,DINAS KOMUNIKASI DAN INFORMATIKA - 2.16.2.20.2.21.01.0000,01KKXFF3ZHKD4QG4BYT7S8MCXW,62872799,2026,E-Katalog 6.0,APBD,FIRMANSYAH MAMINTIWALO,E-Purchasing,Barang,Belanja Alat/Bahan untuk Kegiatan Kantor- Bahan Cetak,ON PROCESS,17816000,17816000
KOTA KOTAMOBAGU,BLUD RSUD KOTAMOBAGU - 1.02.0.00.0.00.01.0001,01KP5JHFJTYPBX7K5K7SQSHG7Y,62976479,2026,E-Katalog 6.0,BLUD,COBRA DENTAL INDONESIA,E-Purchasing,Barang,Belanja Modal Peralatan dan Mesin BLUD,ON PROCESS,11433000,0
KOTA KOTAMOBAGU,BAGIAN PEREKONOMIAN DAN PEMBANGUNAN - 4.01.0.00.0.00.01.0006,01KP7PR4B5XJKX4G33PGNA945A,64453775,2026,E-Katalog 6.0,APBD,IRMA ASTUTI KOROMPOT,E-Purchasing,Barang,Belanja Alat/Bahan untuk Kegiatan Kantor-Alat Tulis Kantor,ON PROCESS,702219,702219
KOTA KOTAMOBAGU,BADAN PENANGGULANGAN BENCANA DAERAH - 1.05.0.00.0.00.02.0000,01KJKF6ZV7J9C3VZ093BC93X8K,63938071,2026,E-Katalog 6.0,APBD,MINPUT,E-Purchasing,Barang,Belanja Makanan dan Minuman Rapat,ON PROCESS,1598959,1598959
KOTA KOTAMOBAGU,DINAS LINGKUNGAN HIDUP - 2.11.0.00.0.00.01.0000,01KQCME2GV28CE95QJEJN96E42,66203704,2026,E-Katalog 6.0,APBD,LISNA NURCHOLIS,E-Purchasing,Jasa Lainnya,Belanja Pemeliharaan Alat Angkutan - Alat Angkutan Darat Bermotor - Kendaraan Dinas Bermotor Perorangan,ON PROCESS,8735700,8735700
KOTA KOTAMOBAGU,UPTD INSTALASI FARMASI - 1.02.0.00.0.00.01.0002,01KK0YTPW53VDAB306NSFXEY42,63482000,2026,E-Katalog 6.0,APBD,PERUSAHAAN PERSEROAN (PERSERO) PT KIMIA FARMA,E-Purchasing,Barang,Belanja Obat-Obatan-Obat,ON PROCESS,8880111,8880111
KOTA KOTAMOBAGU,BLUD RSUD KOTAMOBAGU - 1.02.0.00.0.00.01.0001,01KJ80S5JHQCGZP3WC1EMH8FAG,64159880,2026,E-Katalog 6.0,BLUD,KOLONGAN JAYA ABADI,E-Purchasing,Barang,Belanja Barang dan Jasa BLUD,ON PROCESS,1200021,1200021
KOTA KOTAMOBAGU,BADAN PENGELOLA KEUANGAN DAERAH - 5.02.0.00.0.00.01.0000,01KWBTH5WZDFR0JX7YTDKWM028,63074349,2026,E-Katalog 6.0,APBD,IRMA ASTUTI KOROMPOT,E-Purchasing,Barang,Belanja Alat/Bahan untuk Kegiatan Kantor-Bahan Komputer,ON PROCESS,2562435,2562435
KOTA KOTAMOBAGU,SEKRETARIAT DAERAH - 4.01.0.00.0.00.01.0000,01KJJ1VN0WGQD3XJ26DKCDY016,63471718,2026,E-Katalog 6.0,APBD,MASITA IBRAHIM,E-Purchasing,Jasa Lainnya,Belanja Jasa Tenaga Kebersihan,ON PROCESS,2000000,2000000
KOTA KOTAMOBAGU,SEKRETARIAT DAERAH - 4.01.0.00.0.00.01.0000,01KGPGVKDXGAW2GXM8WRA9S1MN,63421706,2026,E-Katalog 6.0,APBD,HERRY PONDAAG,E-Purchasing,Barang,Belanja Alat/Bahan untuk Kegiatan Kantor-Alat Tulis Kantor,ON PROCESS,2800530,2800530
KOTA KOTAMOBAGU,DINAS KOMUNIKASI DAN INFORMATIKA - 2.16.2.20.2.21.01.0000,01KK3FXPZ4WEZ4ZM09ATJPYES7,62874058,2026,E-Katalog 6.0,APBD,AZIZAH MEDIA GLOBAL,E-Purchasing,Jasa Lainnya,"Belanja Jasa Iklan/Reklame, Film, dan Pemotretan",ON PROCESS,1998000,1998000
KOTA KOTAMOBAGU,UPTD PERLINDUNGAN PEREMPUAN DAN ANAK - 2.08.0.00.0.00.01.0001,01KK8EEFBDA3KPHDNPP6P6KHF3,65946433,2026,E-Katalog 6.0,APBD,BUNGAS AUTO MOTOR,E-Purchasing,Barang,Belanja Pemeliharaan Alat Angkutan-Alat Angkutan Darat Bermotor-Kendaraan Dinas Bermotor Perorangan,ON PROCESS,4473300,4473300
KOTA KOTAMOBAGU,DINAS KOMUNIKASI DAN INFORMATIKA - 2.16.2.20.2.21.01.0000,01KS41KXJQSCDJRCVRZXFC59D6,62874058,2026,E-Katalog 6.0,APBD,INSAN CITA MEDIA UTAMA,E-Purchasing,Jasa Lainnya,"Belanja Jasa Iklan/Reklame, Film, dan Pemotretan",ON PROCESS,1998000,1998000
KOTA KOTAMOBAGU,DINAS KOMUNIKASI DAN INFORMATIKA - 2.16.2.20.2.21.01.0000,01KJ079FFRDF57AFF2HY5SD7D2,62874058,2026,E-Katalog 6.0,APBD,PRIMA MEDIA WIBAWA,E-Purchasing,Jasa Lainnya,"Belanja Jasa Iklan/Reklame, Film, dan Pemotretan",ON PROCESS,1998000,1998000
KOTA KOTAMOBAGU,SEKRETARIAT DAERAH - 4.01.0.00.0.00.01.0000,01KPF5ZWJ847Y6DTKTW3NN2QFC,65314067,2026,E-Katalog 6.0,APBD,CYNTHIA PRATIWI SUGEHA,E-Purchasing,Barang,Belanja Makanan dan Minuman Rapat,ON PROCESS,24200000,24200000
KOTA KOTAMOBAGU,DINAS KOMUNIKASI DAN INFORMATIKA - 2.16.2.20.2.21.01.0000,01KPCEVV7C22H8Z8RDM2H75Y80,62874058,2026,E-Katalog 6.0,APBD,VOICE NEWS NETWORK,E-Purchasing,Jasa Lainnya,"Belanja Jasa Iklan/Reklame, Film, dan Pemotretan",ON PROCESS,1998000,1998000
KOTA KOTAMOBAGU,BADAN PENGELOLA KEUANGAN DAERAH - 5.02.0.00.0.00.01.0000,01KS5Q4BRQBA4KZVNVV47YYZY1,63113428,2026,E-Katalog 6.0,APBD,IRMA ASTUTI KOROMPOT,E-Purchasing,Barang,Belanja Alat/Bahan untuk Kegiatan Kantor-Bahan Komputer,ON PROCESS,1861470,1861470
KOTA KOTAMOBAGU,SEKRETARIAT DPRD - 4.02.0.00.0.00.01.0000,01KRYTHEBJYF1VRE04YB80X8KJ,63395422,2026,E-Katalog 6.0,APBD,PERS HARUNDJA BERJAYA,E-Purchasing,Jasa Lainnya,"Belanja Jasa Iklan/Reklame, Film, dan Pemotretan",ON PROCESS,1000000,1000000
KOTA KOTAMOBAGU,SEKRETARIAT DAERAH - 4.01.0.00.0.00.01.0000,01KTXDJV19MB6X7TG6R14QWZAM,63469981,2026,E-Katalog 6.0,APBD,RAY ADITYA SIMBALA,E-Purchasing,Jasa Lainnya,Belanja Jasa Tenaga Pelayanan Umum,ON PROCESS,2000000,2000000
KOTA KOTAMOBAGU,SEKRETARIAT DPRD - 4.02.0.00.0.00.01.0000,01KQC0B9MAFD7ENGPNPKMK089G,63212408,2026,E-Katalog 6.0,APBD,JAYA ARTHA,E-Purchasing,Barang,Belanja Alat/Bahan untuk Kegiatan Kantor-Alat/Bahan untuk Kegiatan Kantor Lainnya,ON PROCESS,597402,597402
KOTA KOTAMOBAGU,BLUD RSUD KOTAMOBAGU - 1.02.0.00.0.00.01.0001,01KT9FR82TTDPNPVN9WC5PXYBR,64159880,2026,E-Katalog 6.0,BLUD,NOVAPHARIN,E-Purchasing,Barang,Belanja Barang dan Jasa BLUD,ON PROCESS,3848315,3848315
KOTA KOTAMOBAGU,BADAN PERENCANAAN PENELITIAN DAN PENGEMBANGAN DAERAH - 5.01.5.05.0.00.01.0000,01KRAGSXFYHJ0DSTEVRZZ7TR8P,62260536,2026,E-Katalog 6.0,APBD,REZA MITRA ABADI,E-Purchasing,Barang,Belanja Makanan dan Minuman Rapat ,ON PROCESS,5280000,5280000
KOTA KOTAMOBAGU,BADAN KESATUAN BANGSA DAN POLITIK - 8.01.0.00.0.00.01.0000,01KNGF2C3TF7TST6VDJJ59DD6V,64389970,2026,E-Katalog 6.0,APBD,RHAVA COMPUTINDO,E-Purchasing,Jasa Lainnya,Belanja Pemeliharaan Alat Kantor dan Rumah Tangga-Alat Rumah Tangga-Alat Pendingin,ON PROCESS,1665000,1665000
KOTA KOTAMOBAGU,PUSKESMAS KOTOBANGON - 1.02.0.00.0.00.01.0005,01KJRNF4WQH5HA72PTC350QSTG,62916541,2026,E-Katalog 6.0,APBD,BUNGAS AUTO MOTOR,E-Purchasing,Barang,Belanja Suku Cadang-Suku Cadang Alat Angkutan,ON PROCESS,3540649,3540649
KOTA KOTAMOBAGU,SEKRETARIAT DPRD - 4.02.0.00.0.00.01.0000,01KRAWBVK805T05F6RQJ6BHQ8G,63170930,2026,E-Katalog 6.0,APBD,UTAD,E-Purchasing,Jasa Lainnya,Belanja Pemeliharaan Alat Kantor dan Rumah Tangga-Alat Rumah Tangga-Alat Pendingin,ON PROCESS,5550000,5550000
KOTA KOTAMOBAGU,DINAS KOMUNIKASI DAN INFORMATIKA - 2.16.2.20.2.21.01.0000,01KRFVM09JFMSRZ59BCCJGCZ3R,62874058,2026,E-Katalog 6.0,APBD,BOLMONG UTAMA PERS,E-Purchasing,Jasa Lainnya,"Belanja Jasa Iklan/Reklame, Film, dan Pemotretan",ON PROCESS,2000000,2000000
KOTA KOTAMOBAGU,BLUD RSUD KOTAMOBAGU - 1.02.0.00.0.00.01.0001,01KSQGEM09Z325VV05MXFMS9X8,64159880,2026,E-Katalog 6.0,BLUD,UNGGUL PRIMA HARAPAN,E-Purchasing,Barang,Belanja Barang dan Jasa BLUD,ON PROCESS,14152500,14152500
KOTA KOTAMOBAGU,BADAN KEPEGAWAIAN PENDIDIKAN DAN PELATIHAN - 5.03.5.04.0.00.01.0000,01KRWFG57EECS81E24CGCGAJ2N,63418130,2026,E-Katalog 6.0,APBD,IRMA ASTUTI KOROMPOT,E-Purchasing,Barang,Belanja Alat/Bahan untuk Kegiatan Kantor-Alat Tulis Kantor,ON PROCESS,4386110,4386110
KOTA KOTAMOBAGU,SEKRETARIAT DPRD - 4.02.0.00.0.00.01.0000,01KRAR1M4HHBBBBGHJGYZZ9BW4,63354993,2026,E-Katalog 6.0,APBD,SUMBER REJEKI,E-Purchasing,Jasa Lainnya,Belanja Makanan dan Minuman Rapat,ON PROCESS,1715000,1715000
KOTA KOTAMOBAGU,BLUD RSUD KOTAMOBAGU - 1.02.0.00.0.00.01.0001,01KKAMDGDR920K7C42GKHZPY0S,64159880,2026,E-Katalog 6.0,BLUD,BRYAN MEDIKAL,E-Purchasing,Barang,Belanja Barang dan Jasa BLUD,ON PROCESS,39260700,0
KOTA KOTAMOBAGU,DINAS KOMUNIKASI DAN INFORMATIKA - 2.16.2.20.2.21.01.0000,01KKT99XG20W56Q6VTARX1S5Z5,62874058,2026,E-Katalog 6.0,APBD,FARADILA NATASYA UTAMA,E-Purchasing,Jasa Lainnya,"Belanja Jasa Iklan/Reklame, Film, dan Pemotretan",ON PROCESS,2000000,2000000
KOTA KOTAMOBAGU,DINAS KOMUNIKASI DAN INFORMATIKA - 2.16.2.20.2.21.01.0000,01KK869MKPYK8CWPES6N6HFGVD,62874058,2026,E-Katalog 6.0,APBD,ADELE BRITA KARTIKA,E-Purchasing,Jasa Lainnya,"Belanja Jasa Iklan/Reklame, Film, dan Pemotretan",ON PROCESS,6993000,6993000
KOTA KOTAMOBAGU,BAGIAN UMUM - 4.01.0.00.0.00.01.0001,01KVZBRTMD945E2GY990JKM6WQ,64504773,2026,E-Katalog 6.0,APBD,HASAN MAKALUNSENGE,E-Purchasing,Barang,Belanja Pemeliharaan Alat Besar-Alat Bantu-Electric Generating Set,ON PROCESS,5488950,5488950
KOTA KOTAMOBAGU,SEKRETARIAT DPRD - 4.02.0.00.0.00.01.0000,01KJPQ35FX9D4WEVK0YCMEH8QA,63391540,2026,E-Katalog 6.0,APBD,ASTRIA LOBUD PAPUTUNGAN,E-Purchasing,Jasa Lainnya,Belanja Jasa Tenaga Kebersihan,ON PROCESS,6000000,6000000
KOTA KOTAMOBAGU,SEKRETARIAT DAERAH - 4.01.0.00.0.00.01.0000,01KTXWAMX8ZAMR2VVG17HP2DPA,63473306,2026,E-Katalog 6.0,APBD,IRWANSYAH ADI PUTRA,E-Purchasing,Jasa Lainnya,Belanja Jasa Tenaga Keamanan,ON PROCESS,5000000,5000000
KOTA KOTAMOBAGU,DINAS KOMUNIKASI DAN INFORMATIKA - 2.16.2.20.2.21.01.0000,01KVC81BRGRDW14BZX5JPD4NY8,62874058,2026,E-Katalog 6.0,APBD,MEDIA GHAZALI PERKASA,E-Purchasing,Jasa Lainnya,"Belanja Jasa Iklan/Reklame, Film, dan Pemotretan",ON PROCESS,2000000,2000000
KOTA KOTAMOBAGU,UPTD INSTALASI FARMASI - 1.02.0.00.0.00.01.0002,01KQ4ZE344JRDXAADJSD9F1S58,63480254,2026,E-Katalog 6.0,APBD,GLOBAL DISPOMEDIKA,E-Purchasing,Barang,Belanja Bahan-Bahan Lainnya,ON PROCESS,8294586,0
KOTA KOTAMOBAGU,BLUD RSUD KOTAMOBAGU - 1.02.0.00.0.00.01.0001,01KVN7NC8V3X88PTA0MKWN5RTJ,64159880,2026,E-Katalog 6.0,BLUD,JAYAMAS MEDICA INDUSTRI,E-Purchasing,Barang,Belanja Barang dan Jasa BLUD,ON PROCESS,17753562,17753562
KOTA KOTAMOBAGU,SATUAN POLISI PAMONG PRAJA - 1.05.0.00.0.00.01.0000,01KPPZ8JT1ZC6G1H7128VESA2S,64222258,2026,E-Katalog 6.0,APBD,HERRY PONDAAG,E-Purchasing,Barang,Belanja Alat/Bahan untuk Kegiatan Kantor-Kertas dan Cover,ON PROCESS,2400976,2400976
KOTA KOTAMOBAGU,SEKRETARIAT DPRD - 4.02.0.00.0.00.01.0000,01KJXPFNB4CRQH0A1ZJGE504M1,63395422,2026,E-Katalog 6.0,APBD,SAHABAT ADHITAMA ONLINE,E-Purchasing,Jasa Lainnya,"Belanja Jasa Iklan/Reklame, Film, dan Pemotretan",ON PROCESS,1000000,1000000
KOTA KOTAMOBAGU,DINAS KOMUNIKASI DAN INFORMATIKA - 2.16.2.20.2.21.01.0000,01KRFWPMB4AEJ30FRH5E0ZDTWZ,62874058,2026,E-Katalog 6.0,APBD,MEDIA MONGONDOW SULAWESI,E-Purchasing,Jasa Lainnya,"Belanja Jasa Iklan/Reklame, Film, dan Pemotretan",ON PROCESS,2000000,2000000
KOTA KOTAMOBAGU,BADAN PERENCANAAN PENELITIAN DAN PENGEMBANGAN DAERAH - 5.01.5.05.0.00.01.0000,01KQRKYQ3HW1YD9HTMWJKHDAC7,62260501,2026,E-Katalog 6.0,APBD,HERU DJATMIKO SJAMSI,E-Purchasing,Barang,Belanja Alat/Bahan untuk Kegiatan Kantor- Kertas dan Cover,ON PROCESS,1424685,1424685
KOTA KOTAMOBAGU,BADAN PERENCANAAN PENELITIAN DAN PENGEMBANGAN DAERAH - 5.01.5.05.0.00.01.0000,01KMMKQR2VZHE1H21A6MP91G3G,62260328,2026,E-Katalog 6.0,APBD,HERRY PONDAAG,E-Purchasing,Barang,Belanja Alat/Bahan untuk Kegiatan Kantor- Bahan Cetak ,ON PROCESS,2597400,2597400
KOTA KOTAMOBAGU,BAGIAN PEREKONOMIAN DAN PEMBANGUNAN - 4.01.0.00.0.00.01.0006,01KPMG8B5D4Z1E4FRKVZMK061F,64457117,2026,E-Katalog 6.0,APBD,CYNTHIA PRATIWI SUGEHA,E-Purchasing,Jasa Lainnya,Belanja Makanan dan Minuman Rapat,ON PROCESS,375000,375000
KOTA KOTAMOBAGU,KECAMATAN KOTAMOBAGU UTARA - 7.01.0.00.0.00.04.0000,01KH2VT2FFD5M4J6Y9SMKDETPR,62956931,2026,E-Katalog 6.0,APBD,HERRY PONDAAG,E-Purchasing,Barang,Belanja Alat/Bahan untuk Kegiatan Kantor- Kertas dan Cover,ON PROCESS,1834997,1834997
KOTA KOTAMOBAGU,BLUD RSUD KOTAMOBAGU - 1.02.0.00.0.00.01.0001,01KH5NZCPGSB8YVM5PXEFDMD23,64159880,2026,E-Katalog 6.0,BLUD,BERNOFARM,E-Purchasing,Barang,Belanja Barang dan Jasa BLUD,ON PROCESS,52139808,52139808
KOTA KOTAMOBAGU,DINAS KESEHATAN - 1.02.0.00.0.00.01.0000,01KRDBMC94GXCQHFAXFV5F0624,65545721,2026,E-Katalog 6.0,APBD,CARPERCOM,E-Purchasing,Barang," Belanja Modal Personal Computer",ON PROCESS,14450000,14450000
KOTA KOTAMOBAGU,SEKRETARIAT DAERAH - 4.01.0.00.0.00.01.0000,01KJPBXKRXEX9Y4781GRK96CSM,63474266,2026,E-Katalog 6.0,APBD,AHMAD AFFANDI MAKALALAG,E-Purchasing,Jasa Lainnya,Belanja Jasa Tenaga Supir,ON PROCESS,4000000,4000000
KOTA KOTAMOBAGU,DINAS SOSIAL - 1.06.0.00.0.00.01.0000,01KNGDV6DSH4QMVVZRVEMBRJB7,64507472,2026,E-Katalog 6.0,APBD,BUNGAS AUTO MOTOR,E-Purchasing,Jasa Lainnya,Belanja Pemeliharaan Alat Angkutan-Alat Angkutan Darat Bermotor-Kendaraan Dinas Bermotor Perorangan,ON PROCESS,5144850,5144850
KOTA KOTAMOBAGU,SEKRETARIAT DAERAH - 4.01.0.00.0.00.01.0000,01KH123G5TMXWT0GE0YQ3ENJEP,63425686,2026,E-Katalog 6.0,APBD,BERKAH TOTABUAN,E-Purchasing,Barang,Belanja Bahan-Bahan Lainnya,ON PROCESS,68213479,68213479
KOTA KOTAMOBAGU,DINAS KOMUNIKASI DAN INFORMATIKA - 2.16.2.20.2.21.01.0000,01KVA5DAVXK5DGQ2AA027JK2ZG,62874058,2026,E-Katalog 6.0,APBD,DUTA METRO COM,E-Purchasing,Jasa Lainnya,"Belanja Jasa Iklan/Reklame, Film, dan Pemotretan",ON PROCESS,1998000,1998000
KOTA KOTAMOBAGU,DINAS KOMUNIKASI DAN INFORMATIKA - 2.16.2.20.2.21.01.0000,01KJCDEJKP184ME72FCA65CZWQ,64213931,2026,E-Katalog 6.0,APBD,RUDINI GAIB,E-Purchasing,Jasa Lainnya,Belanja Jasa Tenaga Keamanan,ON PROCESS,1500000,1500000
KOTA KOTAMOBAGU,DINAS KEPENDUDUKAN DAN PENCATATAN SIPIL - 2.12.0.00.0.00.01.0000,01KPMCPSY3MJRB6DMCCC1F29HB,62908892,2026,E-Katalog 6.0,APBD,HERRY PONDAAG,E-Purchasing,Barang,Belanja Alat/Bahan untuk Kegiatan Kantor-Alat Tulis Kantor,ON PROCESS,1017204,1017204
KOTA KOTAMOBAGU,DINAS LINGKUNGAN HIDUP - 2.11.0.00.0.00.01.0000,01KN1S01W1ZGGQDACJJT222H7R,64375008,2026,E-Katalog 6.0,APBD,ARCO SAMUDRA PERKASA,E-Purchasing,Jasa Lainnya," Belanja Jasa Tenaga Supir",ON PROCESS,5336196,5336196
KOTA KOTAMOBAGU,BAGIAN KESEJAHTERAAN RAKYAT - 4.01.0.00.0.00.01.0005,01KQRRJH9335WJ1RHFWDMTTGZF,63446124,2026,E-Katalog 6.0,APBD,FIRMANSYAH MAMINTIWALO,E-Purchasing,Jasa Lainnya,Belanja Alat/Bahan untuk Kegiatan Kantor-Bahan Cetak,ON PROCESS,5472000,5472000
KOTA KOTAMOBAGU,DINAS KOMUNIKASI DAN INFORMATIKA - 2.16.2.20.2.21.01.0000,01KJ060HS9HEDM2WECW95AH9H6,62874058,2026,E-Katalog 6.0,APBD,SULUT CYBER MEDIA,E-Purchasing,Jasa Lainnya,"Belanja Jasa Iklan/Reklame, Film, dan Pemotretan",ON PROCESS,2997000,2997000
KOTA KOTAMOBAGU,DINAS PENDIDIKAN - 1.01.0.00.0.00.01.0000,01KKB5843MDRD9HHEM9Y3VJB4C,65263329,2026,E-Katalog 6.0,APBD,JAYA ARTHA,E-Purchasing,Barang,Belanja Alat/Bahan untuk Kegiatan Kantor-Alat/Bahan untuk Kegiatan Kantor Lainnya (Belanja Rumah Tangga),ON PROCESS,919191,919191
KOTA KOTAMOBAGU,UPTD INSTALASI FARMASI - 1.02.0.00.0.00.01.0002,01KHTJ4SY9Q56XTW9G77Q2Q3TK,63480254,2026,E-Katalog 6.0,APBD,MEDQO MEDICA PHARMA,E-Purchasing,Barang,Belanja Bahan-Bahan Lainnya,ON PROCESS,8438664,8438664
KOTA KOTAMOBAGU,SEKRETARIAT DAERAH - 4.01.0.00.0.00.01.0000,01KQRWGMH2CNVWCN26CZERPPNQ,63422782,2026,E-Katalog 6.0,APBD,HERRY PONDAAG,E-Purchasing,Barang,Belanja Alat/Bahan untuk Kegiatan Kantor- Bahan Cetak,ON PROCESS,2993670,2993670
KOTA KOTAMOBAGU,"DINAS PERDAGANGAN, KOPERASI, USAHA KECIL DAN MENENGAH - 3.30.2.17.0.00.01.0000",01KPQSX7R6H94VPDDMTGYS6XV2,65294408,2026,E-Katalog 6.0,APBD,IRMA ASTUTI KOROMPOT,E-Purchasing,Barang,Belanja Alat/Bahan untuk Kegiatan Kantor-Alat Tulis Kantor,ON PROCESS,1034997,1034997
KOTA KOTAMOBAGU,DINAS PEKERJAAN UMUM DAN PENATAAN RUANG - 1.03.0.00.0.00.01.0000,01KTJTB7MH6YBG20FEAEC9W4WZ,64871093,2026,E-Katalog 6.0,APBD,YUNIARNI,E-Purchasing,Jasa Lainnya,Belanja Makanan dan Minuman Rapat,ON PROCESS,2500000,2500000
KOTA KOTAMOBAGU,DINAS KEPENDUDUKAN DAN PENCATATAN SIPIL - 2.12.0.00.0.00.01.0000,01KV9K7HQZ5W49X541XBMYRGTP,62835192,2026,E-Katalog 6.0,APBD,HERRY PONDAAG,E-Purchasing,Barang,Belanja Alat/Bahan untuk Kegiatan Kantor- Bahan Cetak,ON PROCESS,3996000,3996000
KOTA KOTAMOBAGU,DINAS KOMUNIKASI DAN INFORMATIKA - 2.16.2.20.2.21.01.0000,01KPB3R2X95MHGXA2DKWMRZ669,62874058,2026,E-Katalog 6.0,APBD,RANST SULAWESI JAYA,E-Purchasing,Jasa Lainnya,"Belanja Jasa Iklan/Reklame, Film, dan Pemotretan",ON PROCESS,2000000,2000000
KOTA KOTAMOBAGU,PUSKESMAS KOTOBANGON - 1.02.0.00.0.00.01.0005,01KPN4SKGJ04GN59T5EQW7VAPS,63445996,2026,E-Katalog 6.0,APBD,BINTANG SETIA MEDIKA,E-Purchasing,Barang,Belanja Obat-Obatan-Obat-Obatan Lainnya,ON PROCESS,25103760,25103760
KOTA KOTAMOBAGU,SEKRETARIAT DPRD - 4.02.0.00.0.00.01.0000,01KRZ3J032WRDZQK23F72B0RAZ,63395422,2026,E-Katalog 6.0,APBD,SOLUSINDO INTERMEDIA SULAWESI,E-Purchasing,Jasa Lainnya,"Belanja Jasa Iklan/Reklame, Film, dan Pemotretan",ON PROCESS,1000000,1000000
KOTA KOTAMOBAGU,DINAS KOMUNIKASI DAN INFORMATIKA - 2.16.2.20.2.21.01.0000,01KVA5FSRSVB9N5MKBQ5QGH9ZH,62874058,2026,E-Katalog 6.0,APBD,SAHABAT AFKAR NUSANTARA,E-Purchasing,Jasa Lainnya,"Belanja Jasa Iklan/Reklame, Film, dan Pemotretan",ON PROCESS,2000000,2000000
KOTA KOTAMOBAGU,DINAS KOMUNIKASI DAN INFORMATIKA - 2.16.2.20.2.21.01.0000,01KK3T8B4MD1Z2Y8D3X3VKNJ8J,62874058,2026,E-Katalog 6.0,APBD,DUTA METRO COM,E-Purchasing,Jasa Lainnya,"Belanja Jasa Iklan/Reklame, Film, dan Pemotretan",ON PROCESS,1998000,1998000
KOTA KOTAMOBAGU,KECAMATAN KOTAMOBAGU SELATAN - 7.01.0.00.0.00.02.0000,01KP5FSBRGCSQM8WCT8RNFV9C7,64332918,2026,E-Katalog 6.0,APBD,FIGIH CICILIA MOKOGINTA,E-Purchasing,Jasa Lainnya,Belanja Makanan dan Minuman Rapat,ON PROCESS,2058000,2058000
KOTA KOTAMOBAGU,DINAS LINGKUNGAN HIDUP - 2.11.0.00.0.00.01.0000,01KK11AF7MNRR4SVHXESWYGPY9,66203704,2026,E-Katalog 6.0,APBD,BUNGAS AUTO MOTOR,E-Purchasing,Jasa Lainnya,Belanja Pemeliharaan Alat Angkutan - Alat Angkutan Darat Bermotor - Kendaraan Dinas Bermotor Perorangan,ON PROCESS,1498500,1498500
KOTA KOTAMOBAGU,PUSKESMAS KOTOBANGON - 1.02.0.00.0.00.01.0005,01KJED3HZWCPQ01B7X3SQJ13HQ,64197731,2026,E-Katalog 6.0,APBD,MINPUT,E-Purchasing,Jasa Lainnya,Belanja Barang dan Jasa BOK Puskesmas (Pengelolaan Pelayanan Kesehatan Ibu Hamil),ON PROCESS,3441900,3441900
KOTA KOTAMOBAGU,BADAN PENGELOLA KEUANGAN DAERAH - 5.02.0.00.0.00.01.0000,01KJW7TT3A0T3970CD0J0ZWKHT,63076868,2026,E-Katalog 6.0,APBD,IRMA ASTUTI KOROMPOT,E-Purchasing,Barang,Belanja Alat/Bahan untuk Kegiatan Kantor-Alat Tulis Kantor,ON PROCESS,3550668,3550668
KOTA KOTAMOBAGU,PUSKESMAS MOTOBOI KECIL - 1.02.0.00.0.00.01.0003,01KSRTM97SX893AHJHDWSZ0NVY,63496153,2026,E-Katalog 6.0,APBD,FIGIH CICILIA MOKOGINTA,E-Purchasing,Barang,Belanja Barang dan Jasa BOK Puskesmas Pelaksanaan Kelas Ibu Hamil dan Kelas Ibu Balita,ON PROCESS,4657500,4657500
KOTA KOTAMOBAGU,UPTD INSTALASI FARMASI - 1.02.0.00.0.00.01.0002,01KHSQFB5E0ZC6YC8G9S0P30X0,63480254,2026,E-Katalog 6.0,APBD,GLOBAL DISPOMEDIKA,E-Purchasing,Barang,Belanja Bahan-Bahan Lainnya,ON PROCESS,41058900,41058900
KOTA KOTAMOBAGU,BAGIAN KESEJAHTERAAN RAKYAT - 4.01.0.00.0.00.01.0005,01KJ9BB6NFYN7T4BT9PGJTT0TQ,63452297,2026,E-Katalog 6.0,APBD,IRMA ASTUTI KOROMPOT,E-Purchasing,Barang,Belanja Alat/Bahan untuk Kegiatan Kantor-Kertas dan Cover ,ON PROCESS,1723847,1723847
KOTA KOTAMOBAGU,DINAS KOMUNIKASI DAN INFORMATIKA - 2.16.2.20.2.21.01.0000,01KRFXGX8F80P8Q32FFMRMK609,62874058,2026,E-Katalog 6.0,APBD,RISTO MEDIA SIBER,E-Purchasing,Jasa Lainnya,"Belanja Jasa Iklan/Reklame, Film, dan Pemotretan",ON PROCESS,1998000,1998000
KOTA KOTAMOBAGU,DINAS KESEHATAN - 1.02.0.00.0.00.01.0000,01KWY66P9CPVY2VPAANJW5XRMX,65548349,2026,E-Katalog 6.0,APBD,THIRZA ADIPRATI DJAMAN,E-Purchasing,Barang,Belanja Alat/Bahan untuk Kegiatan Kantor- Bahan Cetak,ON PROCESS,2997000,2997000
KOTA KOTAMOBAGU,BLUD RSUD KOTAMOBAGU - 1.02.0.00.0.00.01.0001,01KWKJ5E130AMZ8BA4CSK21F3C,67375290,2026,E-Katalog 6.0,BLUD,KOLONGAN JAYA ABADI,E-Purchasing,Barang,Belanja Barang dan Jasa BLUD,ON PROCESS,2197800,2197800
KOTA KOTAMOBAGU,INSPEKTORAT DAERAH - 6.01.0.00.0.00.01.0000,01KNN8NF6J4B5VN0WVYQHN59YG,64218309,2026,E-Katalog 6.0,APBD,BONNY ABDULRAUF,E-Purchasing,Barang,Belanja Alat/Bahan untuk Kegiatan Kantor-Alat/Bahan untuk Kegiatan Kantor Lainnya,ON PROCESS,2004660,2004660
KOTA KOTAMOBAGU,BLUD RSUD KOTAMOBAGU - 1.02.0.00.0.00.01.0001,01KEZV3J88K4EF6XB5RH5MFVKX,62978195,2026,E-Katalog 6.0,BLUD,BRYAN MEDIKAL,E-Purchasing,Barang,Belanja Barang dan Jasa BLUD,ON PROCESS,84676350,0
KOTA KOTAMOBAGU,KECAMATAN KOTAMOBAGU TIMUR - 7.01.0.00.0.00.03.0000,01KRZQ8DC2N1A9EV3NNDG438CW,64553163,2026,E-Katalog 6.0,APBD,JAYA ARTHA,E-Purchasing,Barang,Belanja Alat/Bahan untuk Kegiatan Kantor-Alat Tulis Kantor,ON PROCESS,1147357,1147357
KOTA KOTAMOBAGU,BADAN PENGELOLA KEUANGAN DAERAH - 5.02.0.00.0.00.01.0000,01KJS6F798142NVD1T0DN9QGYZ,63113373,2026,E-Katalog 6.0,APBD,IRMA ASTUTI KOROMPOT,E-Purchasing,Barang,Belanja Alat/Bahan untuk Kegiatan Kantor- Kertas dan Cover,ON PROCESS,2864078,2864078
KOTA KOTAMOBAGU,DINAS KESEHATAN - 1.02.0.00.0.00.01.0000,01KVPS8RFDH6DWQMC7BVGXS0A0,65548454,2026,E-Katalog 6.0,APBD,YUNIARNI,E-Purchasing,Barang," Belanja Makanan dan Minuman Rapat",ON PROCESS,2916000,2916000
KOTA KOTAMOBAGU,BAGIAN KESEJAHTERAAN RAKYAT - 4.01.0.00.0.00.01.0005,01KTJT33BA6PAJ404M6ZYWHXM8,63452722,2026,E-Katalog 6.0,APBD,IRMA ASTUTI KOROMPOT,E-Purchasing,Barang,Belanja Alat/Bahan untuk Kegiatan Kantor-Bahan Komputer,ON PROCESS,1129425,1129425
KOTA KOTAMOBAGU,PUSKESMAS KOTOBANGON - 1.02.0.00.0.00.01.0005,01KTWTK9K9P4FPQGAAHW67550R,64197726,2026,E-Katalog 6.0,APBD,MINPUT,E-Purchasing,Jasa Lainnya,Belanja Makanan dan Minuman Rapat,ON PROCESS,2035500,2035500
KOTA KOTAMOBAGU,DINAS PERTANIAN DAN PERIKANAN - 3.27.3.25.0.00.01.0000,01KPW7VWM66G3KX0AF8QP4YHV8,62863831,2026,E-Katalog 6.0,APBD,HERRY PONDAAG,E-Purchasing,Barang," Belanja Alat/Bahan untuk Kegiatan Kantor- Kertas dan Cover",ON PROCESS,649017,649017
KOTA KOTAMOBAGU,BADAN PERENCANAAN PENELITIAN DAN PENGEMBANGAN DAERAH - 5.01.5.05.0.00.01.0000,01KQS022N3077DBV55CCMSQS7K,62371455,2026,E-Katalog 6.0,APBD,HERRY PONDAAG,E-Purchasing,Barang,Belanja Alat/Bahan untuk Kegiatan Kantor- Bahan Cetak ,ON PROCESS,5871789,5871789
KOTA KOTAMOBAGU,UPTD INSTALASI FARMASI - 1.02.0.00.0.00.01.0002,01KVSWJEGJYPR6WA16SGYAD0JM,63480254,2026,E-Katalog 6.0,APBD,GLOBAL DISPOMEDIKA,E-Purchasing,Barang,Belanja Bahan-Bahan Lainnya,ON PROCESS,29006964,29006964
KOTA KOTAMOBAGU,BADAN PENANGGULANGAN BENCANA DAERAH - 1.05.0.00.0.00.02.0000,01KP9RBBCZ9SSW83EAN4R0DVXH,63940804,2026,E-Katalog 6.0,APBD,HERRY PONDAAG,E-Purchasing,Barang,Belanja Alat/Bahan untuk Kegiatan Kantor- Bahan Cetak,ON PROCESS,694805,694805
KOTA KOTAMOBAGU,DINAS KOMUNIKASI DAN INFORMATIKA - 2.16.2.20.2.21.01.0000,01KWNDCF9XHSQGZ57R4KZZ9HJ5,62874058,2026,E-Katalog 6.0,APBD,KAZA REVOLUSIONER MEDIA,E-Purchasing,Jasa Lainnya,"Belanja Jasa Iklan/Reklame, Film, dan Pemotretan",ON PROCESS,2000000,2000000
KOTA KOTAMOBAGU,BADAN PENGELOLA KEUANGAN DAERAH - 5.02.0.00.0.00.01.0000,01KJSHABDR21QP1GQRK4W8KBM8,63113219,2026,E-Katalog 6.0,APBD,IRMA ASTUTI KOROMPOT,E-Purchasing,Barang,Belanja Alat/Bahan untuk Kegiatan Kantor-Bahan Komputer,ON PROCESS,1213785,1213785
KOTA KOTAMOBAGU,DINAS KESEHATAN - 1.02.0.00.0.00.01.0000,01KX02B06WG2HBFZ2CRQX58MK4,65548307,2026,E-Katalog 6.0,APBD,THIRZA ADIPRATI DJAMAN,E-Purchasing,Barang,Belanja Bahan-Bahan Lainnya,ON PROCESS,8991000,8991000
KOTA KOTAMOBAGU,BLUD RSUD KOTAMOBAGU - 1.02.0.00.0.00.01.0001,01KNVPRY76W7221HJDH46VA6C2,64159880,2026,E-Katalog 6.0,BLUD,BRYAN MEDIKAL,E-Purchasing,Barang,Belanja Barang dan Jasa BLUD,ON PROCESS,58474800,0
KOTA KOTAMOBAGU,BLUD RSUD KOTAMOBAGU - 1.02.0.00.0.00.01.0001,01KNNXCCQM6R7NEGPK5S9HBC7D,64159880,2026,E-Katalog 6.0,BLUD,DEXA MEDICA,E-Purchasing,Barang,Belanja Barang dan Jasa BLUD,ON PROCESS,8100001,0
KOTA KOTAMOBAGU,DINAS KOMUNIKASI DAN INFORMATIKA - 2.16.2.20.2.21.01.0000,01KVA5NEKDY7A5N8Q98EFB8GJ6,62874058,2026,E-Katalog 6.0,APBD,MEDIA MONGONDOW SULAWESI,E-Purchasing,Jasa Lainnya,"Belanja Jasa Iklan/Reklame, Film, dan Pemotretan",ON PROCESS,2000000,2000000
KOTA KOTAMOBAGU,KELURAHAN MATALI - 7.01.0.00.0.00.03.0006,01KW99JX6C90Q3X06FX4H5A28D,65110284,2026,E-Katalog 6.0,APBD,HERRY PONDAAG,E-Purchasing,Barang,Belanja Alat/Bahan untuk Kegiatan Kantor-Bahan Komputer,ON PROCESS,652125,652125
KOTA KOTAMOBAGU,DINAS LINGKUNGAN HIDUP - 2.11.0.00.0.00.01.0000,01KN91XAZTXYFYTGK67XHPFJ57,66203704,2026,E-Katalog 6.0,APBD,U.D. TOTABUAN CITAWAYA,E-Purchasing,Jasa Lainnya,Belanja Pemeliharaan Alat Angkutan - Alat Angkutan Darat Bermotor - Kendaraan Dinas Bermotor Perorangan,ON PROCESS,333000,333000
KOTA KOTAMOBAGU,BAGIAN KESEJAHTERAAN RAKYAT - 4.01.0.00.0.00.01.0005,01KTJGDQCX5FCAENQEARAYM5ZY,63452297,2026,E-Katalog 6.0,APBD,IRMA ASTUTI KOROMPOT,E-Purchasing,Barang,Belanja Alat/Bahan untuk Kegiatan Kantor-Kertas dan Cover ,ON PROCESS,2874345,2874345
KOTA KOTAMOBAGU,SEKRETARIAT DPRD - 4.02.0.00.0.00.01.0000,01KQTSDRR2M5QJ6CNV0S1G0WS9,63395422,2026,E-Katalog 6.0,APBD,INFO TOTABUAN SAFA EYATO,E-Purchasing,Jasa Lainnya,"Belanja Jasa Iklan/Reklame, Film, dan Pemotretan",ON PROCESS,2000000,2000000
KOTA KOTAMOBAGU,BAGIAN HUKUM - 4.01.0.00.0.00.01.0003,01KN35VPTY9DXAXB6RK8DTP3WA,63075233,2026,E-Katalog 6.0,APBD,IRMA ASTUTI KOROMPOT,E-Purchasing,Barang," Belanja Alat/Bahan untuk Kegiatan Kantor-Bahan Komputer",ON PROCESS,1330335,1330335
KOTA KOTAMOBAGU,BADAN PENGELOLA KEUANGAN DAERAH - 5.02.0.00.0.00.01.0000,01KRD1F9NRHQ578S3M49C2GTY2,63011188,2026,E-Katalog 6.0,APBD,IRMA ASTUTI KOROMPOT,E-Purchasing,Barang,Belanja Alat/Bahan untuk Kegiatan Kantor- Kertas dan Cover,ON PROCESS,1626705,1626705
KOTA KOTAMOBAGU,SEKRETARIAT DPRD - 4.02.0.00.0.00.01.0000,01KR2GDDQ8ZKR27ZZ72VQZA26W,63395422,2026,E-Katalog 6.0,APBD,BIOVIO MEDIA INDONESIA,E-Purchasing,Jasa Lainnya,"Belanja Jasa Iklan/Reklame, Film, dan Pemotretan",ON PROCESS,2000000,2000000
KOTA KOTAMOBAGU,DINAS PENDIDIKAN - 1.01.0.00.0.00.01.0000,01KPPZG63TXPZ5J862VMPTZKMG,65263307,2026,E-Katalog 6.0,APBD,KLIFJINO MASSI ,E-Purchasing,Barang,Belanja Alat/Bahan untuk Kegiatan Kantor- Bahan Cetak (Belanja Cetak dan Penggandaan),ON PROCESS,576000,576000
KOTA KOTAMOBAGU,DINAS KOMUNIKASI DAN INFORMATIKA - 2.16.2.20.2.21.01.0000,01KWNCF8JQEMNZB74F0R01HMPN,62874058,2026,E-Katalog 6.0,APBD,TOTABUAN ONLINE VISIONER,E-Purchasing,Jasa Lainnya,"Belanja Jasa Iklan/Reklame, Film, dan Pemotretan",ON PROCESS,2000000,2000000
KOTA KOTAMOBAGU,DINAS KEPENDUDUKAN DAN PENCATATAN SIPIL - 2.12.0.00.0.00.01.0000,01KVA5JV8CY5W6VR90CSNE2D5B,62833372,2026,E-Katalog 6.0,APBD,HERRY PONDAAG,E-Purchasing,Barang,Belanja Alat/Bahan untuk Kegiatan Kantor-Alat Tulis Kantor,ON PROCESS,2930400,2930400
KOTA KOTAMOBAGU,BADAN PENGELOLA KEUANGAN DAERAH - 5.02.0.00.0.00.01.0000,01KSQESXFAE942T697WRHDQDMX,63050705,2026,E-Katalog 6.0,APBD,FOTOCOPY MIDO,E-Purchasing,Barang,Belanja Alat/Bahan untuk Kegiatan Kantor-Alat Tulis Kantor,ON PROCESS,602397,602397
KOTA KOTAMOBAGU,BLUD RSUD KOTAMOBAGU - 1.02.0.00.0.00.01.0001,01KG6DA34JC01AJ6HMD0CK67NA,64159880,2026,E-Katalog 6.0,BLUD,DEXA MEDICA,E-Purchasing,Barang,Belanja Barang dan Jasa BLUD,ON PROCESS,55283550,0
KOTA KOTAMOBAGU,SEKRETARIAT DAERAH - 4.01.0.00.0.00.01.0000,01KQSFZRMEXKDJ8KM4BJEBPDY8,63474911,2026,E-Katalog 6.0,APBD,DALMI MOKODONGAN,E-Purchasing,Jasa Lainnya,Belanja Jasa Tenaga Juru Masak,ON PROCESS,2600000,2600000
KOTA KOTAMOBAGU,SEKRETARIAT DPRD - 4.02.0.00.0.00.01.0000,01KP278NPRXVZ92G9F4VYP6FZC,63395422,2026,E-Katalog 6.0,APBD,CATURAH KARYA BERSAMA,E-Purchasing,Jasa Lainnya,"Belanja Jasa Iklan/Reklame, Film, dan Pemotretan",ON PROCESS,2000000,2000000
KOTA KOTAMOBAGU,DINAS PENDIDIKAN - 1.01.0.00.0.00.01.0000,01KTBMV76V8KDT905VEKX20Z45,65198219,2026,E-Katalog 6.0,APBD,YUNIARNI,E-Purchasing,Barang,Belanja Makanan dan Minuman Rapat (Sekertariat),ON PROCESS,1782000,1782000
KOTA KOTAMOBAGU,DINAS KOMUNIKASI DAN INFORMATIKA - 2.16.2.20.2.21.01.0000,01KNKES9X51F6JZVHAJT6FR4VD,63131205,2026,E-Katalog 6.0,APBD,MINPUT,E-Purchasing,Barang,Belanja Makanan dan Minuman Rapat,ON PROCESS,2450000,2450000
KOTA KOTAMOBAGU,UPTD INSTALASI FARMASI - 1.02.0.00.0.00.01.0002,01KHSY29H3263659DPFVZ7NNRG,63480254,2026,E-Katalog 6.0,APBD,LIKUID PHARMALAB INDONESIA,E-Purchasing,Barang,Belanja Bahan-Bahan Lainnya,ON PROCESS,3300288,3300288
KOTA KOTAMOBAGU,DINAS LINGKUNGAN HIDUP - 2.11.0.00.0.00.01.0000,01KS498Z9ZMSB98ZFX19ZAVDYC,66203704,2026,E-Katalog 6.0,APBD,BUNGAS AUTO MOTOR,E-Purchasing,Jasa Lainnya,Belanja Pemeliharaan Alat Angkutan - Alat Angkutan Darat Bermotor - Kendaraan Dinas Bermotor Perorangan,ON PROCESS,8946600,8946600
KOTA KOTAMOBAGU,DINAS KOMUNIKASI DAN INFORMATIKA - 2.16.2.20.2.21.01.0000,01KVA6A38D7W39Z15PVQP8X4CR,62874058,2026,E-Katalog 6.0,APBD,SOLUSINDO INTERMEDIA SULAWESI,E-Purchasing,Jasa Lainnya,"Belanja Jasa Iklan/Reklame, Film, dan Pemotretan",ON PROCESS,1998000,1998000
KOTA KOTAMOBAGU,DINAS PERUMAHAN RAKYAT DAN KAWASAN PERMUKIMAN - 1.04.2.10.0.00.01.0000,01KK8CG2JPEWN0QAFAC0F878G7,64632170,2026,E-Katalog 6.0,APBD,RANDY ARKANI,E-Purchasing,Jasa Lainnya," Belanja Jasa Tenaga Kebersihan",ON PROCESS,6000000,6000000
KOTA KOTAMOBAGU,DINAS PEMBERDAYAAN PEREMPUAN DAN PERLINDUNGAN ANAK - 2.08.0.00.0.00.01.0000,01KWDJDNC812F9N9FJWHK81ZDX,64681273,2026,E-Katalog 6.0,APBD,CYNTHIA PRATIWI SUGEHA,E-Purchasing,Barang,Belanja Makanan dan Minuman Rapat,ON PROCESS,11025000,11025000
KOTA KOTAMOBAGU,BLUD RSUD KOTAMOBAGU - 1.02.0.00.0.00.01.0001,01KQ8XJB1ZK1MHYJPTV9XX2AV5,64159880,2026,E-Katalog 6.0,BLUD,BERNOFARM,E-Purchasing,Barang,Belanja Barang dan Jasa BLUD,ON PROCESS,1199910,1199910
KOTA KOTAMOBAGU,DINAS KOMUNIKASI DAN INFORMATIKA - 2.16.2.20.2.21.01.0000,01KJ043SZPYWWMPXEC3FXSCC5Q,62874058,2026,E-Katalog 6.0,APBD,BUMI AKSARA PRATAMA,E-Purchasing,Jasa Lainnya,"Belanja Jasa Iklan/Reklame, Film, dan Pemotretan",ON PROCESS,3996000,3996000
KOTA KOTAMOBAGU,SEKRETARIAT DAERAH - 4.01.0.00.0.00.01.0000,01KTXKPP29Z0E3CPYQVJ67S3FY,63469981,2026,E-Katalog 6.0,APBD,DINA SOLAG,E-Purchasing,Jasa Lainnya,Belanja Jasa Tenaga Pelayanan Umum,ON PROCESS,2600000,2600000
KOTA KOTAMOBAGU,DINAS KOMUNIKASI DAN INFORMATIKA - 2.16.2.20.2.21.01.0000,01KRFXSJ90V417E9VW2PPKE4SG,62874058,2026,E-Katalog 6.0,APBD,ALWIEN SY. RAHMOLA,E-Purchasing,Jasa Lainnya,"Belanja Jasa Iklan/Reklame, Film, dan Pemotretan",ON PROCESS,2000000,2000000
KOTA KOTAMOBAGU,KECAMATAN KOTAMOBAGU UTARA - 7.01.0.00.0.00.04.0000,01KHQG65FF5XAVDK8ZCKD0AR7G,62952461,2026,E-Katalog 6.0,APBD,HERRY PONDAAG,E-Purchasing,Barang,Belanja Bahan-Bahan Lainnya,ON PROCESS,1246996,1246996
KOTA KOTAMOBAGU,PUSKESMAS MOTOBOI KECIL - 1.02.0.00.0.00.01.0003,01KRACP2SZX38B5S7CKB8X5D8R,63503438,2026,E-Katalog 6.0,APBD,JAYA ARTHA,E-Purchasing,Barang,Belanja Alat/Bahan untuk Kegiatan Kantor - Bahan Cetak (Kapitasi JKN),ON PROCESS,1554000,1554000
KOTA KOTAMOBAGU,BLUD RSUD KOTAMOBAGU - 1.02.0.00.0.00.01.0001,01KV5252XPTHJBTS9PF6HZKNW6,64159880,2026,E-Katalog 6.0,BLUD,PRATAPA NIRMALA,E-Purchasing,Barang,Belanja Barang dan Jasa BLUD,ON PROCESS,73615200,73615200
KOTA KOTAMOBAGU,DINAS KESEHATAN - 1.02.0.00.0.00.01.0000,01KW727BAWYQ8607GPB34Q98HY,65546206,2026,E-Katalog 6.0,APBD,BOP PARAMATA,E-Purchasing,Jasa Lainnya," Belanja Jasa Tenaga Supir",ON PROCESS,1500000,1500000
KOTA KOTAMOBAGU,BLUD RSUD KOTAMOBAGU - 1.02.0.00.0.00.01.0001,01KRAW8GEVQB614BB9Q7DWSGMJ,64159880,2026,E-Katalog 6.0,BLUD,BERNOFARM,E-Purchasing,Barang,Belanja Barang dan Jasa BLUD,ON PROCESS,55115829,55115829
KOTA KOTAMOBAGU,BLUD RSUD KOTAMOBAGU - 1.02.0.00.0.00.01.0001,01KPDZMTQ4T3AX7GCXZVANZ98J,64159880,2026,E-Katalog 6.0,BLUD,DARYA-VARIA LABORATORIA,E-Purchasing,Barang,Belanja Barang dan Jasa BLUD,ON PROCESS,3829500,3829500
KOTA KOTAMOBAGU,DINAS KOMUNIKASI DAN INFORMATIKA - 2.16.2.20.2.21.01.0000,01KP9YNDJJPTH7PA1ADXXPWEQF,62874058,2026,E-Katalog 6.0,APBD,MANADO GLOBAL MEDIA,E-Purchasing,Jasa Lainnya,"Belanja Jasa Iklan/Reklame, Film, dan Pemotretan",ON PROCESS,2997000,2997000
KOTA KOTAMOBAGU,DINAS KOMUNIKASI DAN INFORMATIKA - 2.16.2.20.2.21.01.0000,01KK3H728QCKKC32Z95C9VA1SC,62874058,2026,E-Katalog 6.0,APBD,MEDIA BOLMONG RAYA,E-Purchasing,Jasa Lainnya,"Belanja Jasa Iklan/Reklame, Film, dan Pemotretan",ON PROCESS,3000000,3000000
KOTA KOTAMOBAGU,DINAS KOMUNIKASI DAN INFORMATIKA - 2.16.2.20.2.21.01.0000,01KGGJ9GHJJ7BWS029APABVTXD,62857644,2026,E-Katalog 6.0,APBD,DIGITAL SANDI INFORMASI,E-Purchasing,Jasa Lainnya,Belanja Kawat/Faksimili/Internet/TV Berlangganan,ON PROCESS,16095000,16095000
KOTA KOTAMOBAGU,BADAN PENGELOLA KEUANGAN DAERAH - 5.02.0.00.0.00.01.0000,01KNNVWYSAKDF7ECW2T2M5WW5A,63092780,2026,E-Katalog 6.0,APBD,IRMA ASTUTI KOROMPOT,E-Purchasing,Jasa Lainnya,Belanja Alat/Bahan untuk Kegiatan Kantor- Bahan Cetak,ON PROCESS,1760398,1760398
KOTA KOTAMOBAGU,BLUD RSUD KOTAMOBAGU - 1.02.0.00.0.00.01.0001,01KQEK0JQD4JK86PG2QD67J1C2,64159880,2026,E-Katalog 6.0,BLUD,MEPROFARM,E-Purchasing,Barang,Belanja Barang dan Jasa BLUD,ON PROCESS,321900,321900
KOTA KOTAMOBAGU,"DINAS PERDAGANGAN, KOPERASI, USAHA KECIL DAN MENENGAH - 3.30.2.17.0.00.01.0000",01KQXJ6QQKN3P046G3FHM5XTKF,65292996,2026,E-Katalog 6.0,APBD,IRMA ASTUTI KOROMPOT,E-Purchasing,Barang,Belanja Alat/Bahan untuk Kegiatan Kantor-Alat/Bahan untuk Kegiatan Kantor Lainnya,ON PROCESS,224775,224775
KOTA KOTAMOBAGU,DINAS KOMUNIKASI DAN INFORMATIKA - 2.16.2.20.2.21.01.0000,01KRFZHKWZ5RKPRNQ2543RSJQG,62874058,2026,E-Katalog 6.0,APBD,NEFA MEDIA UTAMA,E-Purchasing,Jasa Lainnya,"Belanja Jasa Iklan/Reklame, Film, dan Pemotretan",ON PROCESS,2000000,2000000
KOTA KOTAMOBAGU,DINAS KOMUNIKASI DAN INFORMATIKA - 2.16.2.20.2.21.01.0000,01KVCX7EKS3A99F8Q3YBFPP0XP,62874058,2026,E-Katalog 6.0,APBD,RAGAKU MEDIA ISTIMEWA,E-Purchasing,Jasa Lainnya,"Belanja Jasa Iklan/Reklame, Film, dan Pemotretan",ON PROCESS,2000000,2000000
KOTA KOTAMOBAGU,DINAS KOMUNIKASI DAN INFORMATIKA - 2.16.2.20.2.21.01.0000,01KVCB7X8MMM07JWJBAKBWQFXN,62874058,2026,E-Katalog 6.0,APBD,GINALUM ZAPATISTA MEDIA,E-Purchasing,Jasa Lainnya,"Belanja Jasa Iklan/Reklame, Film, dan Pemotretan",ON PROCESS,2000000,2000000
KOTA KOTAMOBAGU,BADAN PENGELOLA KEUANGAN DAERAH - 5.02.0.00.0.00.01.0000,01KQSZ81661VZDWVS5EGDYTJKY,63113279,2026,E-Katalog 6.0,APBD,CYNTHIA PRATIWI SUGEHA,E-Purchasing,Jasa Lainnya,Belanja Makanan dan Minuman Rapat,ON PROCESS,1245000,1245000
KOTA KOTAMOBAGU,DINAS PEMBERDAYAAN MASYARAKAT DAN DESA - 2.13.0.00.0.00.01.0000,01KPMAWFREZH5G2NSYJA0YM6BP,64547192,2026,E-Katalog 6.0,APBD,DWI FEBRIANA PAPUTUNGAN,E-Purchasing,Jasa Lainnya,Belanja Makanan dan Minuman Rapat,ON PROCESS,1750000,1750000
KOTA KOTAMOBAGU,SEKRETARIAT DPRD - 4.02.0.00.0.00.01.0000,01KJVN8JXVZV2Y7A75XNCAMHHQ,63395422,2026,E-Katalog 6.0,APBD,GARUDA MEDIA SELATAN,E-Purchasing,Jasa Lainnya,"Belanja Jasa Iklan/Reklame, Film, dan Pemotretan",ON PROCESS,1000000,1000000
KOTA KOTAMOBAGU,DINAS KOMUNIKASI DAN INFORMATIKA - 2.16.2.20.2.21.01.0000,01KVCBHFN44334G3CQG9M50B80,62874058,2026,E-Katalog 6.0,APBD,PT. SURYA PERS INDONESIAKU,E-Purchasing,Jasa Lainnya,"Belanja Jasa Iklan/Reklame, Film, dan Pemotretan",ON PROCESS,3000000,3000000
KOTA KOTAMOBAGU,SEKRETARIAT DPRD - 4.02.0.00.0.00.01.0000,01KRWBS2PHFCCP5SF7QY4RA99S,63395422,2026,E-Katalog 6.0,APBD,KYRIE MEDIA SEJAHTERA,E-Purchasing,Jasa Lainnya,"Belanja Jasa Iklan/Reklame, Film, dan Pemotretan",ON PROCESS,1000000,1000000
KOTA KOTAMOBAGU,DINAS KOMUNIKASI DAN INFORMATIKA - 2.16.2.20.2.21.01.0000,01KK83KHWF1AKPGBEXYH6JEVJP,62874058,2026,E-Katalog 6.0,APBD,TOTABUAN ONLINE VISIONER,E-Purchasing,Jasa Lainnya,"Belanja Jasa Iklan/Reklame, Film, dan Pemotretan",ON PROCESS,2000000,2000000
KOTA KOTAMOBAGU,BADAN KESATUAN BANGSA DAN POLITIK - 8.01.0.00.0.00.01.0000,01KVVYRS6T304R44R2NC1SKDEK,64418460,2026,E-Katalog 6.0,APBD,RICO ONGI,E-Purchasing,Barang,Belanja Pakaian Paskibraka,ON PROCESS,42217740,42217740
KOTA KOTAMOBAGU,BAGIAN UMUM - 4.01.0.00.0.00.01.0001,01KGEGJMT83CTAG4PY3ARC28JS,64126092,2026,E-Katalog 6.0,APBD,ADI SARANA ARMADA,E-Purchasing,Jasa Lainnya,Belanja Sewa Kendaraan Dinas Bermotor Perorangan,ON PROCESS,795592500,795592500
KOTA KOTAMOBAGU,DINAS PEMBERDAYAAN PEREMPUAN DAN PERLINDUNGAN ANAK - 2.08.0.00.0.00.01.0000,01KQ6EYHQPC80Z2J8EWBB5Z375,64674827,2026,E-Katalog 6.0,APBD,YUNIARNI,E-Purchasing,Barang,Belanja Makanan dan Minuman Rapat,ON PROCESS,2940000,2940000
KOTA KOTAMOBAGU,DINAS KESEHATAN - 1.02.0.00.0.00.01.0000,01KK8NP5K83ZJS8CA1QNPH9WVK,65347720,2026,E-Katalog 6.0,APBD,HERRY PONDAAG,E-Purchasing,Barang,Belanja Bahan-Bahan Bangunan dan Konstruks,ON PROCESS,3323096,3323096
KOTA KOTAMOBAGU,BLUD RSUD KOTAMOBAGU - 1.02.0.00.0.00.01.0001,01KQ6T8FFMTNE8FFH7ASHFMBSP,64159880,2026,E-Katalog 6.0,BLUD,PRATAPA NIRMALA,E-Purchasing,Barang,Belanja Barang dan Jasa BLUD,ON PROCESS,13711275,13711275
KOTA KOTAMOBAGU,BLUD RSUD KOTAMOBAGU - 1.02.0.00.0.00.01.0001,01KP5G0J86ZN7TSSVNZD1GQTD3,64159880,2026,E-Katalog 6.0,BLUD,SANBE FARMA,E-Purchasing,Barang,Belanja Barang dan Jasa BLUD,ON PROCESS,77860950,77860950
KOTA KOTAMOBAGU,DINAS KOMUNIKASI DAN INFORMATIKA - 2.16.2.20.2.21.01.0000,01KVCW4N6A7SXKCM2C40JMQN6C,62874058,2026,E-Katalog 6.0,APBD,INSAN CITA MEDIA UTAMA,E-Purchasing,Jasa Lainnya,"Belanja Jasa Iklan/Reklame, Film, dan Pemotretan",ON PROCESS,1998000,1998000
KOTA KOTAMOBAGU,BLUD RSUD KOTAMOBAGU - 1.02.0.00.0.00.01.0001,01KV9TC5ZKXNT8MKASGP691D82,64159880,2026,E-Katalog 6.0,BLUD,HARTINI OCTAVIA OROH,E-Purchasing,Barang,Belanja Barang dan Jasa BLUD,ON PROCESS,500000,500000
KOTA KOTAMOBAGU,DINAS KESEHATAN - 1.02.0.00.0.00.01.0000,01KJS8W3XN5RN4BW6998TB6BEZ,65545006,2026,E-Katalog 6.0,APBD,CYNTHIA PRATIWI SUGEHA,E-Purchasing,Barang," Belanja Makanan dan Minuman Jamuan Tamu",ON PROCESS,3375022,3375022
KOTA KOTAMOBAGU,KELURAHAN SININDIAN - 7.01.0.00.0.00.03.0005,01KRZED85F9J7PCX38GEPDKGTZ,64984526,2026,E-Katalog 6.0,APBD,PARAWITHA AMBOY,E-Purchasing,Barang,Belanja Alat/Bahan untuk Kegiatan Kantor- Kertas dan Cover,ON PROCESS,932400,932400
KOTA KOTAMOBAGU,BADAN KESATUAN BANGSA DAN POLITIK - 8.01.0.00.0.00.01.0000,01KW0V4FFG3X9GX74HFTYYBC5S,64420308,2026,E-Katalog 6.0,APBD,ARIANTO LIHAWA,E-Purchasing,Barang,Belanja Bahan-Bahan Lainnya,ON PROCESS,87129672,87129672
KOTA KOTAMOBAGU,UPTD INSTALASI FARMASI - 1.02.0.00.0.00.01.0002,01KK13CXA30RQ695NAKZYSGY64,63482000,2026,E-Katalog 6.0,APBD,HEXPHARM JAYA LABORATORIES,E-Purchasing,Barang,Belanja Obat-Obatan-Obat,ON PROCESS,45506004,45506004
KOTA KOTAMOBAGU,SEKRETARIAT DAERAH - 4.01.0.00.0.00.01.0000,01KVPR61M4YQ3T537S9FHPXHD1,63423831,2026,E-Katalog 6.0,APBD,FIGIH CICILIA MOKOGINTA,E-Purchasing,Barang,Belanja Makanan dan Minuman Rapat,ON PROCESS,980000,980000
KOTA KOTAMOBAGU,DINAS KEPENDUDUKAN DAN PENCATATAN SIPIL - 2.12.0.00.0.00.01.0000,01KTJYA69DZJ1JKRGK5J510DME,62922522,2026,E-Katalog 6.0,APBD,HERRY PONDAAG,E-Purchasing,Barang,Belanja Alat/Bahan untuk Kegiatan Kantor-Alat Tulis Kantor,ON PROCESS,2245641,2245641
KOTA KOTAMOBAGU,SEKRETARIAT DAERAH - 4.01.0.00.0.00.01.0000,01KQSFQC2V5GHAV80JXDQCR8PX,63474911,2026,E-Katalog 6.0,APBD,TINING MINANG,E-Purchasing,Jasa Lainnya,Belanja Jasa Tenaga Juru Masak,ON PROCESS,2600000,2600000
KOTA KOTAMOBAGU,SEKRETARIAT DAERAH - 4.01.0.00.0.00.01.0000,01KS23SF3M67TYE8A6SYRS1BR1,63421706,2026,E-Katalog 6.0,APBD,HERRY PONDAAG,E-Purchasing,Barang,Belanja Alat/Bahan untuk Kegiatan Kantor-Alat Tulis Kantor,ON PROCESS,8055603,8055603
KOTA KOTAMOBAGU,DINAS KOMUNIKASI DAN INFORMATIKA - 2.16.2.20.2.21.01.0000,01KN14T9N9SVM20QJPCP18Z6TK,62857644,2026,E-Katalog 6.0,APBD,DIGITAL SANDI INFORMASI,E-Purchasing,Jasa Lainnya,Belanja Kawat/Faksimili/Internet/TV Berlangganan,ON PROCESS,16095000,16095000
KOTA KOTAMOBAGU,DINAS KOMUNIKASI DAN INFORMATIKA - 2.16.2.20.2.21.01.0000,01KVC8RSBZJ7F863319XPNYW1R,62874058,2026,E-Katalog 6.0,APBD,KOMUNIKA SULUT MEDIA,E-Purchasing,Jasa Lainnya,"Belanja Jasa Iklan/Reklame, Film, dan Pemotretan",ON PROCESS,1998000,1998000
KOTA KOTAMOBAGU,KECAMATAN KOTAMOBAGU SELATAN - 7.01.0.00.0.00.02.0000,01KH018Z3BSBQYKYPKSGJDCBGK,64350448,2026,E-Katalog 6.0,APBD,FIGIH CICILIA MOKOGINTA,E-Purchasing,Jasa Lainnya,Belanja Makanan dan Minuman Rapat,ON PROCESS,2744000,2744000
KOTA KOTAMOBAGU,DINAS KOMUNIKASI DAN INFORMATIKA - 2.16.2.20.2.21.01.0000,01KJEYVMRTFJKEG46CPR33MCFS,62857644,2026,E-Katalog 6.0,APBD,DIGITAL SANDI INFORMASI,E-Purchasing,Jasa Lainnya,Belanja Kawat/Faksimili/Internet/TV Berlangganan,ON PROCESS,16095000,16095000
KOTA KOTAMOBAGU,SEKRETARIAT DAERAH - 4.01.0.00.0.00.01.0000,01KTXW245GJ1BNN4NKH7V2JKNT,63474266,2026,E-Katalog 6.0,APBD,DAVID MAMONTO,E-Purchasing,Jasa Lainnya,Belanja Jasa Tenaga Supir,ON PROCESS,2000000,2000000
KOTA KOTAMOBAGU,BADAN KEPEGAWAIAN PENDIDIKAN DAN PELATIHAN - 5.03.5.04.0.00.01.0000,01KVYYDJ74NY9650XEWYNN94R7,63454620,2026,E-Katalog 6.0,APBD,CYNTHIA PRATIWI SUGEHA,E-Purchasing,Barang,Belanja Makanan dan Minuman Jamuan Tamu,ON PROCESS,314130,314130
KOTA KOTAMOBAGU,DINAS KOMUNIKASI DAN INFORMATIKA - 2.16.2.20.2.21.01.0000,01KJ03P8V7FWDR3JW4E95QZYYB,62874058,2026,E-Katalog 6.0,APBD,MENTARI GEMILANG MEDIA,E-Purchasing,Jasa Lainnya,"Belanja Jasa Iklan/Reklame, Film, dan Pemotretan",ON PROCESS,1998000,1998000
KOTA KOTAMOBAGU,DINAS KEPENDUDUKAN DAN PENCATATAN SIPIL - 2.12.0.00.0.00.01.0000,01KRWH0TFG10SVWYYJR6YS7Q1J,62918853,2026,E-Katalog 6.0,APBD,CYNTHIA PRATIWI SUGEHA,E-Purchasing,Barang,Belanja Makanan dan Minuman Rapat,ON PROCESS,2400000,2400000
KOTA KOTAMOBAGU,BADAN PERENCANAAN PENELITIAN DAN PENGEMBANGAN DAERAH - 5.01.5.05.0.00.01.0000,01KNJQ1PSWJJKQ7JZSDZVF5CY3,62551773,2026,E-Katalog 6.0,APBD,CYNTHIA PRATIWI SUGEHA,E-Purchasing,Barang,Belanja Makanan dan Minuman Rapat ,ON PROCESS,1920000,1920000
KOTA KOTAMOBAGU,DINAS PEKERJAAN UMUM DAN PENATAAN RUANG - 1.03.0.00.0.00.01.0000,01KPQ435WCBYFAF8Y30B1BXV2Z,64447907,2026,E-Katalog 6.0,APBD,BUNGAS AUTO MOTOR,E-Purchasing,Barang,Belanja Pemeliharaan Alat Angkutan-Alat Angkutan Darat Bermotor-Kendaraan Dinas Bermotor Perorangan,ON PROCESS,7241640,7241640
KOTA KOTAMOBAGU,DINAS KESEHATAN - 1.02.0.00.0.00.01.0000,01KW76X81ZH43D3KZX3V3DW43E,65546132,2026,E-Katalog 6.0,APBD,NOVI DETU,E-Purchasing,Jasa Lainnya," Belanja Jasa Tenaga Kebersihan",ON PROCESS,1500000,1500000
KOTA KOTAMOBAGU,DINAS KOMUNIKASI DAN INFORMATIKA - 2.16.2.20.2.21.01.0000,01KKT4219NVCAZ6C3AR7K2RXXQ,62874058,2026,E-Katalog 6.0,APBD,MEDIA CITRA ANUGRAH,E-Purchasing,Jasa Lainnya,"Belanja Jasa Iklan/Reklame, Film, dan Pemotretan",ON PROCESS,2000000,2000000
KOTA KOTAMOBAGU,DINAS KEBUDAYAAN DAN PARIWISATA - 2.22.3.26.0.00.01.0000,01KJWB500BBYQFA8KDQP8VCFTJ,64406770,2026,E-Katalog 6.0,APBD,MINPUT,E-Purchasing,Jasa Lainnya,Belanja Makanan dan Minuman Rapat,ON PROCESS,1728000,1728000
KOTA KOTAMOBAGU,SEKRETARIAT DAERAH - 4.01.0.00.0.00.01.0000,01KJHWV4YRGSTX3XXFR9HVT1C3,63469981,2026,E-Katalog 6.0,APBD,TRIANA KOROMPOT,E-Purchasing,Jasa Lainnya,Belanja Jasa Tenaga Pelayanan Umum,ON PROCESS,2000000,2000000
KOTA KOTAMOBAGU,DINAS KOMUNIKASI DAN INFORMATIKA - 2.16.2.20.2.21.01.0000,01KRFWKFK5G03Z4QZCHRTFE609,62874058,2026,E-Katalog 6.0,APBD,KREATIF MULTIMEDIA NUSANTARA,E-Purchasing,Jasa Lainnya,"Belanja Jasa Iklan/Reklame, Film, dan Pemotretan",ON PROCESS,3996000,3996000
KOTA KOTAMOBAGU,BADAN PENGELOLA KEUANGAN DAERAH - 5.02.0.00.0.00.01.0000,01KSQFKJX5BV601F27ZJ2TNBMZ,63052003,2026,E-Katalog 6.0,APBD,FOTOCOPY MIDO,E-Purchasing,Barang,Belanja Alat/Bahan untuk Kegiatan Kantor-Bahan Komputer,ON PROCESS,853923,853923
KOTA KOTAMOBAGU,DINAS KOMUNIKASI DAN INFORMATIKA - 2.16.2.20.2.21.01.0000,01KHZPDPXZDV6D7QY7KDVDCPCA,62874058,2026,E-Katalog 6.0,APBD,ALFATIH NURANDI MEDIA,E-Purchasing,Jasa Lainnya,"Belanja Jasa Iklan/Reklame, Film, dan Pemotretan",ON PROCESS,2997000,2997000
KOTA KOTAMOBAGU,DINAS KOMUNIKASI DAN INFORMATIKA - 2.16.2.20.2.21.01.0000,01KWXE72QW5PP1FC3DWC1A2SCZ,64209673,2026,E-Katalog 6.0,APBD,ARTHA PRATAMA,E-Purchasing,Barang,Belanja Pemeliharaan Alat Kantor dan Rumah Tangga-Alat Rumah Tangga-Alat Pendingin,ON PROCESS,1426350,1426350
KOTA KOTAMOBAGU,DINAS KOMUNIKASI DAN INFORMATIKA - 2.16.2.20.2.21.01.0000,01KRFYZ26J8F4S1EPTQ3GJQSVW,62874058,2026,E-Katalog 6.0,APBD,MIGI MEDIA UTAMA,E-Purchasing,Jasa Lainnya,"Belanja Jasa Iklan/Reklame, Film, dan Pemotretan",ON PROCESS,3000000,3000000
KOTA KOTAMOBAGU,DINAS PERUMAHAN RAKYAT DAN KAWASAN PERMUKIMAN - 1.04.2.10.0.00.01.0000,01KR0DDF7QC3F4DT45GGDBS5X9,64587716,2026,E-Katalog 6.0,APBD,LA ROSE,E-Purchasing,Barang,Belanja Alat/Bahan untuk Kegiatan Kantor-Alat Tulis Kantor,ON PROCESS,606060,606060
KOTA KOTAMOBAGU,SEKRETARIAT DPRD - 4.02.0.00.0.00.01.0000,01KJPN7FEP3XDW0CNZ8842G0HC,63391540,2026,E-Katalog 6.0,APBD,AFWAN FIRMANSYAH THOMAS,E-Purchasing,Jasa Lainnya,Belanja Jasa Tenaga Kebersihan,ON PROCESS,6000000,6000000
KOTA KOTAMOBAGU,BAGIAN KESEJAHTERAAN RAKYAT - 4.01.0.00.0.00.01.0005,01KGKEM7TEATWAMW5SWRJCVQMG,63446718,2026,E-Katalog 6.0,APBD,CYNTHIA PRATIWI SUGEHA,E-Purchasing,Barang,Belanja Makanan dan Minuman Rapat,ON PROCESS,1950000,1950000
KOTA KOTAMOBAGU,SEKRETARIAT DPRD - 4.02.0.00.0.00.01.0000,01KQEJAC1FJ6N71EYPACHJGGA2,63112686,2026,E-Katalog 6.0,APBD,SUMBER REJEKI,E-Purchasing,Jasa Lainnya,Belanja Makanan dan Minuman Rapat,ON PROCESS,2857500,2857500
KOTA KOTAMOBAGU,DINAS LINGKUNGAN HIDUP - 2.11.0.00.0.00.01.0000,01KN1QQHFWJE48QNC5YGFCC2DR,64439290,2026,E-Katalog 6.0,APBD,ARCO SAMUDRA PERKASA,E-Purchasing,Jasa Lainnya," Belanja Jasa Tenaga Keamanan",ON PROCESS,13731309,13731309
KOTA KOTAMOBAGU,SEKRETARIAT DAERAH - 4.01.0.00.0.00.01.0000,01KQVBQ92F41ECMQ9CP0TRE046,63469981,2026,E-Katalog 6.0,APBD,MOH YAMIN AMBOY,E-Purchasing,Jasa Lainnya,Belanja Jasa Tenaga Pelayanan Umum,ON PROCESS,2000000,2000000
KOTA KOTAMOBAGU,DINAS KOMUNIKASI DAN INFORMATIKA - 2.16.2.20.2.21.01.0000,01KP9Z8TGDVQN0HDZ9BCHY2383,62874058,2026,E-Katalog 6.0,APBD,DUTA METRO COM,E-Purchasing,Jasa Lainnya,"Belanja Jasa Iklan/Reklame, Film, dan Pemotretan",ON PROCESS,1998000,1998000
KOTA KOTAMOBAGU,BAGIAN HUKUM - 4.01.0.00.0.00.01.0003,01KS24HG15ZG8JFFV8XJ71ZESF,63076415,2026,E-Katalog 6.0,APBD,IRMA ASTUTI KOROMPOT,E-Purchasing,Barang,Belanja Alat/Bahan untuk Kegiatan Kantor- Bahan Cetak,ON PROCESS,510689,510689
KOTA KOTAMOBAGU,DINAS KEBUDAYAAN DAN PARIWISATA - 2.22.3.26.0.00.01.0000,01KK8QD775QVEJ6P8D2PAGKCZJ,64413039,2026,E-Katalog 6.0,APBD,RIVS,E-Purchasing,Jasa Lainnya,Belanja Pemeliharaan Alat Angkutan-Alat Angkutan Darat Bermotor-Kendaraan Dinas Bermotor Perorangan,ON PROCESS,15900000,15900000
KOTA KOTAMOBAGU,DINAS KOMUNIKASI DAN INFORMATIKA - 2.16.2.20.2.21.01.0000,01KK3P6M92PN8VGCAP03ZQBYPH,62874058,2026,E-Katalog 6.0,APBD,MEDIA TOTABUAN INDONESIA,E-Purchasing,Jasa Lainnya,"Belanja Jasa Iklan/Reklame, Film, dan Pemotretan",ON PROCESS,4995000,4995000
KOTA KOTAMOBAGU,BADAN PENGELOLA KEUANGAN DAERAH - 5.02.0.00.0.00.01.0000,01KKB8KK1BFC3H943669G4PZZ9,63113373,2026,E-Katalog 6.0,APBD,IRMA ASTUTI KOROMPOT,E-Purchasing,Barang,Belanja Alat/Bahan untuk Kegiatan Kantor- Kertas dan Cover,ON PROCESS,15225870,15225870
KOTA KOTAMOBAGU,SEKRETARIAT DPRD - 4.02.0.00.0.00.01.0000,01KJVEXH006XP0E1TCGR00Y7KE,63395422,2026,E-Katalog 6.0,APBD,SULAWESI MEDIA RAKYAT,E-Purchasing,Jasa Lainnya,"Belanja Jasa Iklan/Reklame, Film, dan Pemotretan",ON PROCESS,1999998,1999998
KOTA KOTAMOBAGU,DINAS PEMBERDAYAAN PEREMPUAN DAN PERLINDUNGAN ANAK - 2.08.0.00.0.00.01.0000,01KJSEGEVPVD851XQZEZ0E6BQ9,64674827,2026,E-Katalog 6.0,APBD,YUNIARNI,E-Purchasing,Barang,Belanja Makanan dan Minuman Rapat,ON PROCESS,1145853,1145853
KOTA KOTAMOBAGU,DINAS KOMUNIKASI DAN INFORMATIKA - 2.16.2.20.2.21.01.0000,01KWGP650AA65QFBVQKJ3T1PWV,62874058,2026,E-Katalog 6.0,APBD,ADELE BRITA KARTIKA,E-Purchasing,Jasa Lainnya,"Belanja Jasa Iklan/Reklame, Film, dan Pemotretan",ON PROCESS,1998000,1998000
KOTA KOTAMOBAGU,DINAS KOMUNIKASI DAN INFORMATIKA - 2.16.2.20.2.21.01.0000,01KVCBVDPZJCZ88QR8J93FGMRM,62874058,2026,E-Katalog 6.0,APBD,MEDIA TOTABUAN INDONESIA,E-Purchasing,Jasa Lainnya,"Belanja Jasa Iklan/Reklame, Film, dan Pemotretan",ON PROCESS,4995000,4995000
KOTA KOTAMOBAGU,DINAS PEKERJAAN UMUM DAN PENATAAN RUANG - 1.03.0.00.0.00.01.0000,01KV9RMR6R9KNXQN49V3RETB4S,64449203,2026,E-Katalog 6.0,APBD,RHAVA COMPUTINDO,E-Purchasing,Jasa Lainnya,Belanja Pemeliharaan Komputer-Komputer Unit-Komputer Unit Lainnya,ON PROCESS,5931997,5931997
KOTA KOTAMOBAGU,SEKRETARIAT DPRD - 4.02.0.00.0.00.01.0000,01KT94SBH59WDERNPK858NRQP8,63395422,2026,E-Katalog 6.0,APBD,PERS HARUNDJA BERJAYA,E-Purchasing,Jasa Lainnya,"Belanja Jasa Iklan/Reklame, Film, dan Pemotretan",ON PROCESS,2000000,2000000
KOTA KOTAMOBAGU,BAGIAN KESEJAHTERAAN RAKYAT - 4.01.0.00.0.00.01.0005,01KT6MR3GYY4Y1YZ3TNYXSASJZ,63446718,2026,E-Katalog 6.0,APBD,CYNTHIA PRATIWI SUGEHA,E-Purchasing,Barang,Belanja Makanan dan Minuman Rapat,ON PROCESS,7800000,7800000
KOTA KOTAMOBAGU,BAGIAN UMUM - 4.01.0.00.0.00.01.0001,10795458000,66183955,2026,Non Tender,APBD,randi jeki mirah,Pengadaan Langsung,Jasa Konsultansi Perorangan Konstruksi,Belanja Jasa Konsultansi Perencanaan Arsitektur-Jasa Desain Arsitektural (Gedung Kantor Walikota),SELESAI,7400000,7400000
KOTA KOTAMOBAGU,DINAS PENGENDALIAN PENDUDUK DAN KELUARGA BERENCANA - 2.14.0.00.0.00.01.0000,01KS6K75P958A0M1ADHS4EHR9B,63988368,2026,E-Katalog 6.0,APBD,YUDHI KADHIKA,E-Purchasing,Barang,Belanja Alat/Bahan untuk Kegiatan Kantor- Bahan Cetak,ON PROCESS,429570,429570
KOTA KOTAMOBAGU,DINAS KOMUNIKASI DAN INFORMATIKA - 2.16.2.20.2.21.01.0000,01KK3Q64Q0T84B1NQZ6GBRAPD0,62874058,2026,E-Katalog 6.0,APBD,MENTARI GEMILANG MEDIA,E-Purchasing,Jasa Lainnya,"Belanja Jasa Iklan/Reklame, Film, dan Pemotretan",ON PROCESS,1998000,1998000
KOTA KOTAMOBAGU,SEKRETARIAT DAERAH - 4.01.0.00.0.00.01.0000,01KTZV0DVPV4BBH7T3DBQ64SK3,63471718,2026,E-Katalog 6.0,APBD,WIRAHADI MOKODOMPIT,E-Purchasing,Jasa Lainnya,Belanja Jasa Tenaga Kebersihan,ON PROCESS,2000000,2000000
KOTA KOTAMOBAGU,BAGIAN UMUM - 4.01.0.00.0.00.01.0001,01KR0HVNMJNAGH8K2DVJECDAXZ,64126968,2026,E-Katalog 6.0,APBD,HERRY PONDAAG,E-Purchasing,Barang,Belanja Bahan-Bahan Lainnya,ON PROCESS,14738334,14738334
KOTA KOTAMOBAGU,BLUD RSUD KOTAMOBAGU - 1.02.0.00.0.00.01.0001,01KSFH109X4578XDBS4W8CT8TP,64159880,2026,E-Katalog 6.0,BLUD,AFANDI LOBUD,E-Purchasing,Barang,Belanja Barang dan Jasa BLUD,ON PROCESS,44100000,44100000
KOTA KOTAMOBAGU,SATUAN POLISI PAMONG PRAJA - 1.05.0.00.0.00.01.0000,01KK8QEX1KD4YVCE91KM3BV443,66125914,2026,E-Katalog 6.0,APBD,U.D. TOTABUAN CITAWAYA,E-Purchasing,Jasa Lainnya,Belanja Pemeliharaan Alat Angkutan-Alat Angkutan Darat Bermotor-Kendaraan Dinas Bermotor Perorangan,ON PROCESS,12409800,12409800
KOTA KOTAMOBAGU,BLUD RSUD KOTAMOBAGU - 1.02.0.00.0.00.01.0001,01KQC0RJSJ7JZK1E77RV0C27JC,64159880,2026,E-Katalog 6.0,BLUD,AOMA PRIMA MEDIKA,E-Purchasing,Barang,Belanja Barang dan Jasa BLUD,ON PROCESS,62137800,62137800
KOTA KOTAMOBAGU,INSPEKTORAT DAERAH - 6.01.0.00.0.00.01.0000,01KMMCQ0WPW2N0PPM920WAH2J0,64219127,2026,E-Katalog 6.0,APBD,BONNY ABDULRAUF,E-Purchasing,Barang,Belanja Bahan-Bahan Lainnya,ON PROCESS,765900,765900
KOTA KOTAMOBAGU,BAGIAN HUKUM - 4.01.0.00.0.00.01.0003,01KS24XTX3T178GBAH6C82M133,63074757,2026,E-Katalog 6.0,APBD,IRMA ASTUTI KOROMPOT,E-Purchasing,Jasa Lainnya,Belanja Alat/Bahan untuk Kegiatan Kantor- Bahan Cetak,ON PROCESS,783216,783216
KOTA KOTAMOBAGU,INSPEKTORAT DAERAH - 6.01.0.00.0.00.01.0000,01KSFERFP3WJ9CG7ZAGAPT6WW3,64219127,2026,E-Katalog 6.0,APBD,BONNY ABDULRAUF,E-Purchasing,Barang,Belanja Bahan-Bahan Lainnya,ON PROCESS,926850,926850
KOTA KOTAMOBAGU,DINAS KOMUNIKASI DAN INFORMATIKA - 2.16.2.20.2.21.01.0000,01KSHBBAX6FDCEFV262JCYARZ9,62874058,2026,E-Katalog 6.0,APBD,MEDIA MOROTON MORIGON,E-Purchasing,Jasa Lainnya,"Belanja Jasa Iklan/Reklame, Film, dan Pemotretan",ON PROCESS,999000,999000
KOTA KOTAMOBAGU,DINAS KOMUNIKASI DAN INFORMATIKA - 2.16.2.20.2.21.01.0000,01KS41NVZF32DXSP90WZY32BYP,62874058,2026,E-Katalog 6.0,APBD,KAZA REVOLUSIONER MEDIA,E-Purchasing,Jasa Lainnya,"Belanja Jasa Iklan/Reklame, Film, dan Pemotretan",ON PROCESS,2000000,2000000
KOTA KOTAMOBAGU,BADAN PENANGGULANGAN BENCANA DAERAH - 1.05.0.00.0.00.02.0000,01KQRE28PDG2Y4XTB7GAGE4HDF,65120858,2026,E-Katalog 6.0,APBD,DAVID DATU,E-Purchasing,Jasa Lainnya,Belanja tenaga sopir,ON PROCESS,1500000,1500000
KOTA KOTAMOBAGU,BAGIAN UMUM - 4.01.0.00.0.00.01.0001,01KSHNSH44T1H67BHGXKCJA46J,64501012,2026,E-Katalog 6.0,APBD,RICO ONGI,E-Purchasing,Barang,Belanja Pakaian Dinas KDH dan WKDH,ON PROCESS,146900001,146900001
KOTA KOTAMOBAGU,DINAS KOMUNIKASI DAN INFORMATIKA - 2.16.2.20.2.21.01.0000,01KVA3F7CHES1ND86MDDYAGNQ9,62874058,2026,E-Katalog 6.0,APBD,AKSARA INTI MEDIA,E-Purchasing,Jasa Lainnya,"Belanja Jasa Iklan/Reklame, Film, dan Pemotretan",ON PROCESS,2000000,2000000
KOTA KOTAMOBAGU,BLUD RSUD KOTAMOBAGU - 1.02.0.00.0.00.01.0001,01KSRTYVWN62T23ZKWY0XWES1K,64159880,2026,E-Katalog 6.0,BLUD,BRYAN MEDIKAL,E-Purchasing,Barang,Belanja Barang dan Jasa BLUD,ON PROCESS,30649320,0
KOTA KOTAMOBAGU,DINAS KOMUNIKASI DAN INFORMATIKA - 2.16.2.20.2.21.01.0000,01KPPYY0G629Y7G60AKJZW343B,62874058,2026,E-Katalog 6.0,APBD,RADIO SWARA MONOMPIA,E-Purchasing,Jasa Lainnya,"Belanja Jasa Iklan/Reklame, Film, dan Pemotretan",ON PROCESS,2999920,2999920
KOTA KOTAMOBAGU,DINAS KOMUNIKASI DAN INFORMATIKA - 2.16.2.20.2.21.01.0000,01KPCE5K6QVZBAHBBD9A9665D1,62874058,2026,E-Katalog 6.0,APBD,TOTABUAN PERS INDONESIA,E-Purchasing,Jasa Lainnya,"Belanja Jasa Iklan/Reklame, Film, dan Pemotretan",ON PROCESS,4995000,4995000
KOTA KOTAMOBAGU,BLUD RSUD KOTAMOBAGU - 1.02.0.00.0.00.01.0001,01KW9WXJVBJHQC2EWC8JF6HV47,67375290,2026,E-Katalog 6.0,BLUD,TRIFA RAYA LABORATORIES,E-Purchasing,Barang,Belanja Barang dan Jasa BLUD,ON PROCESS,6218220,6218220
KOTA KOTAMOBAGU,DINAS KOMUNIKASI DAN INFORMATIKA - 2.16.2.20.2.21.01.0000,01KRFZM55XXPEYYZMYWGHMNZTD,62874058,2026,E-Katalog 6.0,APBD,ADELE BRITA KARTIKA,E-Purchasing,Jasa Lainnya,"Belanja Jasa Iklan/Reklame, Film, dan Pemotretan",ON PROCESS,1998000,1998000
KOTA KOTAMOBAGU,BADAN PENGELOLA KEUANGAN DAERAH - 5.02.0.00.0.00.01.0000,01KKB86ZA5YASE5SJAJMG2V4SY,63113424,2026,E-Katalog 6.0,APBD,IRMA ASTUTI KOROMPOT,E-Purchasing,Barang,Belanja Alat/Bahan untuk Kegiatan Kantor-Alat Tulis Kantor,ON PROCESS,2347539,2347539
KOTA KOTAMOBAGU,DINAS KOMUNIKASI DAN INFORMATIKA - 2.16.2.20.2.21.01.0000,01KPAJ902NA61PKQEMWBY5M383,62874058,2026,E-Katalog 6.0,APBD,GEMA MEDIA KITA,E-Purchasing,Jasa Lainnya,"Belanja Jasa Iklan/Reklame, Film, dan Pemotretan",ON PROCESS,4995000,4995000
KOTA KOTAMOBAGU,DINAS KEPENDUDUKAN DAN PENCATATAN SIPIL - 2.12.0.00.0.00.01.0000,01KHQBR84RSPM9RH6WM1K1WN99,62830892,2026,E-Katalog 6.0,APBD,RHAVA COMPUTINDO,E-Purchasing,Barang,Belanja Alat/Bahan untuk Kegiatan Kantor-Bahan Komputer,ON PROCESS,86102700,0
KOTA KOTAMOBAGU,DINAS PENDIDIKAN - 1.01.0.00.0.00.01.0000,01KSPV7MDW47F5HJQBQN1MSDE1,65263229,2026,E-Katalog 6.0,APBD,HAMRI MOKOAGOW,E-Purchasing,Barang,Belanja Bahan-Bahan Lainnya (Belanja Rumah Tangga),ON PROCESS,827172,827172
KOTA KOTAMOBAGU,DINAS PENDIDIKAN - 1.01.0.00.0.00.01.0000,01KTQW5RG7C62M1FAN9SPJKBTM,65263312,2026,E-Katalog 6.0,APBD,HAMRI MOKOAGOW,E-Purchasing,Barang,Belanja Alat/Bahan untuk Kegiatan Kantor-Bahan Komputer,ON PROCESS,4729932,4729932
KOTA KOTAMOBAGU,DINAS KOMUNIKASI DAN INFORMATIKA - 2.16.2.20.2.21.01.0000,01KK3N3G8WXKQRXPM6QQXVGBM2,62874058,2026,E-Katalog 6.0,APBD,MOKOAGOW JAYA MERDEKA,E-Purchasing,Jasa Lainnya,"Belanja Jasa Iklan/Reklame, Film, dan Pemotretan",ON PROCESS,2000000,2000000
KOTA KOTAMOBAGU,PUSKESMAS GOGAGOMAN - 1.02.0.00.0.00.01.0004,01KKAY72ZZ169W755FA293EVW1,64586733,2026,E-Katalog 6.0,APBD,INFOKES INDONESIA,E-Purchasing,Jasa Lainnya,Belanja Kawwat/Faksimil/Internet/TV Berlangganan,ON PROCESS,11100000,11100000
KOTA KOTAMOBAGU,BLUD RSUD KOTAMOBAGU - 1.02.0.00.0.00.01.0001,01KQBN7AX3KJVCVMPVQY7TF3FN,62976479,2026,E-Katalog 6.0,BLUD,RHAVA COMPUTINDO,E-Purchasing,Barang,Belanja Modal Peralatan dan Mesin BLUD,ON PROCESS,3496500,0
KOTA KOTAMOBAGU,DINAS KOMUNIKASI DAN INFORMATIKA - 2.16.2.20.2.21.01.0000,01KWE3JYTTGTTAPTF12HFFQQFH,62874058,2026,E-Katalog 6.0,APBD,MEDIA BOLMONG RAYA,E-Purchasing,Jasa Lainnya,"Belanja Jasa Iklan/Reklame, Film, dan Pemotretan",ON PROCESS,3000000,3000000
KOTA KOTAMOBAGU,DINAS SOSIAL - 1.06.0.00.0.00.01.0000,01KNNCG6CD3SZWGXC4JA8T6RGE,64505604,2026,E-Katalog 6.0,APBD,THIRZA ADIPRATI DJAMAN,E-Purchasing,Jasa Lainnya,Belanja Alat/Bahan untuk Kegiatan Kantor- Bahan Cetak,ON PROCESS,1042956,1042956
KOTA KOTAMOBAGU,DINAS KOMUNIKASI DAN INFORMATIKA - 2.16.2.20.2.21.01.0000,01KK3SKCKGXVDW20Z837X4CZTX,62874058,2026,E-Katalog 6.0,APBD,TOTABUAN PERS INDONESIA,E-Purchasing,Jasa Lainnya,"Belanja Jasa Iklan/Reklame, Film, dan Pemotretan",ON PROCESS,4995000,4995000
KOTA KOTAMOBAGU,SEKRETARIAT DAERAH - 4.01.0.00.0.00.01.0000,01KJJ1MBFT4ZVTNS9B5DHJGZJZ,63471718,2026,E-Katalog 6.0,APBD,RIDWAN DG. PAMBUDI,E-Purchasing,Jasa Lainnya,Belanja Jasa Tenaga Kebersihan,ON PROCESS,2000000,2000000
KOTA KOTAMOBAGU,PUSKESMAS UPAI - 1.02.0.00.0.00.01.0007,01KQ7BX4WVEEPA3CECSHAD1Z0D,62852047,2026,E-Katalog 6.0,APBD,SALMAN BAGJA ABADI,E-Purchasing,Barang,Belanja Bahan-Bahan Lainnya,ON PROCESS,15053479,15053479
KOTA KOTAMOBAGU,SEKRETARIAT DPRD - 4.02.0.00.0.00.01.0000,01KJPNH4HZ38V6F8F0XP5ADWSX,63391540,2026,E-Katalog 6.0,APBD,HAIRUDIN ASIAW,E-Purchasing,Jasa Lainnya,Belanja Jasa Tenaga Kebersihan,ON PROCESS,6000000,6000000
KOTA KOTAMOBAGU,KECAMATAN KOTAMOBAGU UTARA - 7.01.0.00.0.00.04.0000,01KH2V3TY4G3JP02MDZ57HXARG,62957277,2026,E-Katalog 6.0,APBD,YUDHI KADHIKA,E-Purchasing,Jasa Lainnya,Belanja Alat/Bahan untuk Kegiatan Kantor- Bahan Cetak,ON PROCESS,284000,284000
KOTA KOTAMOBAGU,DINAS KOMUNIKASI DAN INFORMATIKA - 2.16.2.20.2.21.01.0000,01KK3GGMDKGF4QKJEPX7887FY3,62874058,2026,E-Katalog 6.0,APBD,BOLMONG POST CIPTA PARASANA,E-Purchasing,Jasa Lainnya,"Belanja Jasa Iklan/Reklame, Film, dan Pemotretan",ON PROCESS,1998000,1998000
KOTA KOTAMOBAGU,SEKRETARIAT DPRD - 4.02.0.00.0.00.01.0000,01KJXPQ1HSENCNP5FD195MXE3R,63395422,2026,E-Katalog 6.0,APBD,SAHABAT AFKAR NUSANTARA,E-Purchasing,Jasa Lainnya,"Belanja Jasa Iklan/Reklame, Film, dan Pemotretan",ON PROCESS,1000000,1000000
KOTA KOTAMOBAGU,DINAS KEPENDUDUKAN DAN PENCATATAN SIPIL - 2.12.0.00.0.00.01.0000,01KWZG4H9X06SKZKT8DA9ANY9H,62925109,2026,E-Katalog 6.0,APBD,RHAVA COMPUTINDO,E-Purchasing,Barang,Belanja Pemeliharaan Komputer-Komputer Unit-Personal Computer,ON PROCESS,3496500,3496500
KOTA KOTAMOBAGU,SEKRETARIAT DPRD - 4.02.0.00.0.00.01.0000,01KKAHWG2WRH6YTHE8QM92BVP5,63395422,2026,E-Katalog 6.0,APBD,KARUNIA MEDIA KREATIF,E-Purchasing,Jasa Lainnya,"Belanja Jasa Iklan/Reklame, Film, dan Pemotretan",ON PROCESS,1999998,1999998
KOTA KOTAMOBAGU,BLUD RSUD KOTAMOBAGU - 1.02.0.00.0.00.01.0001,01KWBQMK3QFCMW09E7NF9N3RJX,67375290,2026,E-Katalog 6.0,BLUD,CENDO,E-Purchasing,Barang,Belanja Barang dan Jasa BLUD,ON PROCESS,13265721,13265721
KOTA KOTAMOBAGU,SEKRETARIAT DAERAH - 4.01.0.00.0.00.01.0000,01KJPKT23SJNDVZEQCDG3NVGR0,63473306,2026,E-Katalog 6.0,APBD,AFFAN RIVANDI MOKODONGAN,E-Purchasing,Jasa Lainnya,Belanja Jasa Tenaga Keamanan,ON PROCESS,5000000,5000000
KOTA KOTAMOBAGU,SEKRETARIAT DPRD - 4.02.0.00.0.00.01.0000,01KQVKZ700DCRNJ8QBK08W8Q0H,63211699,2026,E-Katalog 6.0,APBD,RIVS,E-Purchasing,Jasa Lainnya,Belanja Pemeliharaan Alat Angkutan-Alat Angkutan Darat Bermotor-Kendaraan Dinas Bermotor Perorangan,ON PROCESS,777000,777000
KOTA KOTAMOBAGU,DINAS PEMBERDAYAAN PEREMPUAN DAN PERLINDUNGAN ANAK - 2.08.0.00.0.00.01.0000,01KQ6X7NFREY01MCFR5TKHHNFK,64676693,2026,E-Katalog 6.0,APBD,HERRY PONDAAG,E-Purchasing,Barang,Belanja Alat/Bahan untuk Kegiatan Kantor- Kertas dan Cover,ON PROCESS,635531,635531
KOTA KOTAMOBAGU,SEKRETARIAT DAERAH - 4.01.0.00.0.00.01.0000,01KTZNMQGMJD5VC9ADPTANS1EQ,63474911,2026,E-Katalog 6.0,APBD,TRI HARYANTI,E-Purchasing,Jasa Lainnya,Belanja Jasa Tenaga Juru Masak,ON PROCESS,2600000,2600000
KOTA KOTAMOBAGU,DINAS PEKERJAAN UMUM DAN PENATAAN RUANG - 1.03.0.00.0.00.01.0000,01KWXDC5J8EA8N8JYWD992D572,62873812,2026,E-Katalog 6.0,APBD,MIKE DAVID,E-Purchasing,Jasa Lainnya,Belanja Jasa Tenaga Penanganan Prasarana dan Sarana Umum,ON PROCESS,9000000,9000000
KOTA KOTAMOBAGU,SEKRETARIAT DAERAH - 4.01.0.00.0.00.01.0000,01KRG3JG03J5W3VV46Y3XD3F09,63474266,2026,E-Katalog 6.0,APBD,FIRZAH PRATAMA MAKALUNSENGE,E-Purchasing,Jasa Lainnya,Belanja Jasa Tenaga Supir,ON PROCESS,2000000,2000000
KOTA KOTAMOBAGU,BAGIAN HUKUM - 4.01.0.00.0.00.01.0003,01KS24243QXPKF8Z89VEX5K71E,63077576,2026,E-Katalog 6.0,APBD,IRMA ASTUTI KOROMPOT,E-Purchasing,Barang,Belanja Alat/Bahan untuk Kegiatan Kantor-Alat Tulis Kantor,ON PROCESS,1204461,1204461
KOTA KOTAMOBAGU,DINAS PERUMAHAN RAKYAT DAN KAWASAN PERMUKIMAN - 1.04.2.10.0.00.01.0000,01KH8FNG61FMPFX3BJ40TAS5ND,64632593,2026,E-Katalog 6.0,APBD,ABDUL MUHLIS OLII,E-Purchasing,Jasa Lainnya,Belanja Jasa Tenaga Keamanan,ON PROCESS,8000000,8000000
KOTA KOTAMOBAGU,DINAS KOMUNIKASI DAN INFORMATIKA - 2.16.2.20.2.21.01.0000,01KGGDT839VGBKQBZ9784FMKD6,62859317,2026,E-Katalog 6.0,APBD,KOTANET JARINGAN TELEKOMUNIKASI,E-Purchasing,Jasa Lainnya,Belanja Kawat/Faksimili/Internet/TV Berlangganan,ON PROCESS,54989400,54989400
KOTA KOTAMOBAGU,DINAS KOMUNIKASI DAN INFORMATIKA - 2.16.2.20.2.21.01.0000,01KWBGXQJPEANTHHP7JGYJTD27,62859317,2026,E-Katalog 6.0,APBD,INFOTEK GLOBAL NETWORK,E-Purchasing,Jasa Lainnya,Belanja Kawat/Faksimili/Internet/TV Berlangganan,ON PROCESS,44400000,44400000
KOTA KOTAMOBAGU,BADAN KESATUAN BANGSA DAN POLITIK - 8.01.0.00.0.00.01.0000,01KGS2E9EJZMVJXRH4YAC16NGJ,64412464,2026,E-Katalog 6.0,APBD,MINPUT,E-Purchasing,Jasa Lainnya,Belanja Makanan dan Minuman Rapat ,ON PROCESS,26225000,26225000
KOTA KOTAMOBAGU,DINAS PEKERJAAN UMUM DAN PENATAAN RUANG - 1.03.0.00.0.00.01.0000,01KPQ3RN2N56FT1Y4JBBA04VJ1,64450817,2026,E-Katalog 6.0,APBD,BUNGAS AUTO MOTOR,E-Purchasing,Barang,Belanja Pemeliharaan Alat Angkutan-Alat Angkutan Darat Bermotor-Kendaraan Bermotor Angkutan Barang,ON PROCESS,1989120,1989120
KOTA KOTAMOBAGU,DINAS KOMUNIKASI DAN INFORMATIKA - 2.16.2.20.2.21.01.0000,01KWGPVA7XZY51K41AYEW8W0NZ,62874058,2026,E-Katalog 6.0,APBD,MENTARI GEMILANG MEDIA,E-Purchasing,Jasa Lainnya,"Belanja Jasa Iklan/Reklame, Film, dan Pemotretan",ON PROCESS,1998000,1998000
KOTA KOTAMOBAGU,SEKRETARIAT DAERAH - 4.01.0.00.0.00.01.0000,01KJPKHG2C7BT4CB139W55GTD7,63469981,2026,E-Katalog 6.0,APBD,SYAHRUL,E-Purchasing,Jasa Lainnya,Belanja Jasa Tenaga Pelayanan Umum,ON PROCESS,1500000,1500000
KOTA KOTAMOBAGU,BLUD RSUD KOTAMOBAGU - 1.02.0.00.0.00.01.0001,01KJ9AQK0K25D4GWWEP3E4V685,64159880,2026,E-Katalog 6.0,BLUD,MULYA HUSADA JAYA,E-Purchasing,Barang,Belanja Barang dan Jasa BLUD,ON PROCESS,3212000000,3212000000
KOTA KOTAMOBAGU,DINAS KEARSIPAN DAN PERPUSTAKAAN - 2.24.2.23.0.00.01.0000,01KJXQQCHP36A0N9EWSNDG6WZ5,66139493,2026,E-Katalog 6.0,APBD,JAYA ARTHA,E-Purchasing,Barang,Belanja Alat/Bahan untuk Kegiatan Kantor- Kertas dan Cover,ON PROCESS,1899432,1899432
KOTA KOTAMOBAGU,BLUD RSUD KOTAMOBAGU - 1.02.0.00.0.00.01.0001,01KRAWGHB5GSE9Z2K9P5J68FTG,64159880,2026,E-Katalog 6.0,BLUD,BERNOFARM,E-Purchasing,Barang,Belanja Barang dan Jasa BLUD,ON PROCESS,81249225,81249225
KOTA KOTAMOBAGU,PUSKESMAS BILALANG - 1.02.0.00.0.00.01.0006,01KJE8893W9FP6ETMMWQQT9S9M,64185632,2026,E-Katalog 6.0,APBD,CYNTHIA PRATIWI SUGEHA,E-Purchasing,Jasa Lainnya,Belanja Barang dan Jasa BOK Puskesmas ,ON PROCESS,2800000,2800000
KOTA KOTAMOBAGU,PUSKESMAS UPAI - 1.02.0.00.0.00.01.0007,01KJRWR57X1Z250HXABEVWXH3F,62849821,2026,E-Katalog 6.0,APBD,MINPUT,E-Purchasing,Barang,Belanja Barang dan Jasa BOK Puskesmas,ON PROCESS,910000,910000
KOTA KOTAMOBAGU,SEKRETARIAT DAERAH - 4.01.0.00.0.00.01.0000,01KTXP1G8PJ1R1M96CJMBNK2YA,63474266,2026,E-Katalog 6.0,APBD,RONNY GINOGA,E-Purchasing,Jasa Lainnya,Belanja Jasa Tenaga Supir,ON PROCESS,4000000,4000000
KOTA KOTAMOBAGU,DINAS KOMUNIKASI DAN INFORMATIKA - 2.16.2.20.2.21.01.0000,01KVCDBW5QZATQA3FXPCHM82BH,62874058,2026,E-Katalog 6.0,APBD,MEDIA INDO BOLMONG PRESS,E-Purchasing,Jasa Lainnya,"Belanja Jasa Iklan/Reklame, Film, dan Pemotretan",ON PROCESS,2000000,2000000
KOTA KOTAMOBAGU,DINAS KOMUNIKASI DAN INFORMATIKA - 2.16.2.20.2.21.01.0000,01KPSMJM4EC4PKN8YETZ6JERCK,62874058,2026,E-Katalog 6.0,APBD,MEDIAKU KABAR PUBLIK,E-Purchasing,Jasa Lainnya,"Belanja Jasa Iklan/Reklame, Film, dan Pemotretan",ON PROCESS,1998000,1998000
KOTA KOTAMOBAGU,BLUD RSUD KOTAMOBAGU - 1.02.0.00.0.00.01.0001,01KEGA4AQ81BXC63YRA3KZ7H82,62978195,2026,E-Katalog 6.0,BLUD,FRESENIUS MEDICAL CARE INDONESIA,E-Purchasing,Barang,Belanja Barang dan Jasa BLUD,ON PROCESS,299700000,0
KOTA KOTAMOBAGU,SEKRETARIAT DAERAH - 4.01.0.00.0.00.01.0000,01KJPNNG12P2VHDQWXTY2DDDF1,63474266,2026,E-Katalog 6.0,APBD,HAMZAH A MOKOGINTA,E-Purchasing,Jasa Lainnya,Belanja Jasa Tenaga Supir,ON PROCESS,2000000,2000000
KOTA KOTAMOBAGU,SATUAN POLISI PAMONG PRAJA - 1.05.0.00.0.00.01.0000,01KGNQ2W7H2BYRPZWW7JJTWQPC,64228955,2026,E-Katalog 6.0,APBD,YUDHI KADHIKA,E-Purchasing,Jasa Lainnya,Belanja Alat/Bahan untuk kegiatan kantor - bahan cetak,ON PROCESS,9900090,9900090
KOTA KOTAMOBAGU,DINAS KOMUNIKASI DAN INFORMATIKA - 2.16.2.20.2.21.01.0000,01KSHB7FEX0Y432HF8SVB8EJ9R,62874058,2026,E-Katalog 6.0,APBD,COKROAMINOTO AMANAH BANGSA,E-Purchasing,Jasa Lainnya,"Belanja Jasa Iklan/Reklame, Film, dan Pemotretan",ON PROCESS,999000,999000
KOTA KOTAMOBAGU,BADAN PENGELOLA KEUANGAN DAERAH - 5.02.0.00.0.00.01.0000,01KSRTQY13BMD21QA9ZG5HX7HT,63051149,2026,E-Katalog 6.0,APBD,FOTOCOPY MIDO,E-Purchasing,Barang,Belanja Alat/Bahan untuk Kegiatan Kantor- Kertas dan Cover,ON PROCESS,1452879,1452879
KOTA KOTAMOBAGU,BAGIAN PEMERINTAHAN - 4.01.0.00.0.00.01.0002,01KR33393M6WRVED04B5B33XYY,64672643,2026,E-Katalog 6.0,APBD,CYNTHIA PRATIWI SUGEHA,E-Purchasing,Jasa Lainnya,Belanja Makanan dan Minuman Rapat (Pengelolaan Administrasi Kewilayahan),ON PROCESS,4680000,4680000
KOTA KOTAMOBAGU,SATUAN POLISI PAMONG PRAJA - 1.05.0.00.0.00.01.0000,01KJRQQMKP6BC7MB3PF7Y64VG5,64228359,2026,E-Katalog 6.0,APBD,AFRIZA PUTRA,E-Purchasing,Barang,Belanja Suku Cadang-Suku Cadang Alat Angkutan,ON PROCESS,35195000,0
KOTA KOTAMOBAGU,BADAN PENANGGULANGAN BENCANA DAERAH - 1.05.0.00.0.00.02.0000,01KPQ2R9TYMGM1YYHJHVZ9CP50,63942204,2026,E-Katalog 6.0,APBD,HERRY PONDAAG,E-Purchasing,Barang,Belanja Alat/Bahan untuk Kegiatan Kantor-Bahan Komputer,ON PROCESS,1624962,1624962
KOTA KOTAMOBAGU,DINAS KOMUNIKASI DAN INFORMATIKA - 2.16.2.20.2.21.01.0000,01KP9TRDG7XCYREEMY8187FBQ5,62874058,2026,E-Katalog 6.0,APBD,AKSARA INTI MEDIA,E-Purchasing,Jasa Lainnya,"Belanja Jasa Iklan/Reklame, Film, dan Pemotretan",ON PROCESS,2000000,2000000
KOTA KOTAMOBAGU,DINAS KEPENDUDUKAN DAN PENCATATAN SIPIL - 2.12.0.00.0.00.01.0000,01KQZY44272ZGNVXRRFCHQ7TRB,62838008,2026,E-Katalog 6.0,APBD,RHAVA COMPUTINDO,E-Purchasing,Barang,Belanja Alat/Bahan untuk Kegiatan Kantor-Bahan Komputer,ON PROCESS,1948050,1948050
KOTA KOTAMOBAGU,BLUD RSUD KOTAMOBAGU - 1.02.0.00.0.00.01.0001,01KT36HEEM4HZ7ARMKHJYQZCW8,64159880,2026,E-Katalog 6.0,BLUD,FIRMANSYAH MAMINTIWALO,E-Purchasing,Barang,Belanja Barang dan Jasa BLUD,ON PROCESS,429000,429000
KOTA KOTAMOBAGU,SEKRETARIAT DAERAH - 4.01.0.00.0.00.01.0000,01KQYFWW2HBCEJM5VPX9DTK6DQ,63425239,2026,E-Katalog 6.0,APBD,CYNTHIA PRATIWI SUGEHA,E-Purchasing,Barang,Belanja Bahan-Bahan Lainnya,ON PROCESS,78719877,78719877
KOTA KOTAMOBAGU,BLUD RSUD KOTAMOBAGU - 1.02.0.00.0.00.01.0001,01KJ81ZM7P1EQWRTXY66WX1PX2,64159880,2026,E-Katalog 6.0,BLUD,KOLONGAN JAYA ABADI,E-Purchasing,Barang,Belanja Barang dan Jasa BLUD,ON PROCESS,1633920,1633920
KOTA KOTAMOBAGU,DINAS KOMUNIKASI DAN INFORMATIKA - 2.16.2.20.2.21.01.0000,01KVCYBQYYWT7NEDVKZ3VD5MYF,62874058,2026,E-Katalog 6.0,APBD,TREND MEDIA NUSANTARA,E-Purchasing,Jasa Lainnya,"Belanja Jasa Iklan/Reklame, Film, dan Pemotretan",ON PROCESS,1998000,1998000
KOTA KOTAMOBAGU,SEKRETARIAT DAERAH - 4.01.0.00.0.00.01.0000,01KJPA7CHGA4KN81KERXCB45EP,63469981,2026,E-Katalog 6.0,APBD,FELTY MOKOGINTA,E-Purchasing,Jasa Lainnya,Belanja Jasa Tenaga Pelayanan Umum,ON PROCESS,2000000,2000000
KOTA KOTAMOBAGU,DINAS KEPENDUDUKAN DAN PENCATATAN SIPIL - 2.12.0.00.0.00.01.0000,01KSF1VW2KYR8J4PTVFG1DXV8D,62911958,2026,E-Katalog 6.0,APBD,HERRY PONDAAG,E-Purchasing,Barang,Belanja Alat/Bahan untuk Kegiatan Kantor- Bahan Cetak,ON PROCESS,999000,999000
KOTA KOTAMOBAGU,DINAS KOMUNIKASI DAN INFORMATIKA - 2.16.2.20.2.21.01.0000,01KPAM082YR68EQA15PW91KPHX,62874058,2026,E-Katalog 6.0,APBD,MEDIA MOROTON MORIGON,E-Purchasing,Jasa Lainnya,"Belanja Jasa Iklan/Reklame, Film, dan Pemotretan",ON PROCESS,3996000,3996000
KOTA KOTAMOBAGU,SEKRETARIAT DAERAH - 4.01.0.00.0.00.01.0000,01KTXCWY8CYJAWZ93APYSHSZMP,63469981,2026,E-Katalog 6.0,APBD,PATRA MOKODOMPIT,E-Purchasing,Jasa Lainnya,Belanja Jasa Tenaga Pelayanan Umum,ON PROCESS,2000000,2000000
KOTA KOTAMOBAGU,SEKRETARIAT DAERAH - 4.01.0.00.0.00.01.0000,01KVAF1QH3PRNHW40FT9Q56D59,63423831,2026,E-Katalog 6.0,APBD,FIGIH CICILIA MOKOGINTA,E-Purchasing,Barang,Belanja Makanan dan Minuman Rapat,ON PROCESS,980000,980000
KOTA KOTAMOBAGU,DINAS PEKERJAAN UMUM DAN PENATAAN RUANG - 1.03.0.00.0.00.01.0000,01KETQDF59AK80VF01WKVCNFBX,62873812,2026,E-Katalog 6.0,APBD,VIRA VISTA PODOMI,E-Purchasing,Jasa Lainnya,Belanja Jasa Tenaga Penanganan Prasarana dan Sarana Umum,ON PROCESS,9000000,9000000
KOTA KOTAMOBAGU,DINAS KOMUNIKASI DAN INFORMATIKA - 2.16.2.20.2.21.01.0000,01KP9XXFRDMBJ0F5A9P115WMRM,62874058,2026,E-Katalog 6.0,APBD,KARUNIA MEDIA KREATIF,E-Purchasing,Jasa Lainnya,"Belanja Jasa Iklan/Reklame, Film, dan Pemotretan",ON PROCESS,3996000,3996000
KOTA KOTAMOBAGU,BLUD RSUD KOTAMOBAGU - 1.02.0.00.0.00.01.0001,01KWKMAHMM7GBQTK7D977TPGSV,67375290,2026,E-Katalog 6.0,BLUD,KOLONGAN JAYA ABADI,E-Purchasing,Barang,Belanja Barang dan Jasa BLUD,ON PROCESS,1079475,1079475
KOTA KOTAMOBAGU,BADAN PERENCANAAN PENELITIAN DAN PENGEMBANGAN DAERAH - 5.01.5.05.0.00.01.0000,01KW9AS3MWVD7N761TQWTE8AFE,62586887,2026,E-Katalog 6.0,APBD,CYNTHIA PRATIWI SUGEHA,E-Purchasing,Barang,Belanja Makanan dan Minuman Rapat,ON PROCESS,6240000,6240000
KOTA KOTAMOBAGU,BLUD RSUD KOTAMOBAGU - 1.02.0.00.0.00.01.0001,10131855000,66855409,2026,Tender,APBD,CV.ANAK BANGSA,Tender,Pekerjaan Konstruksi,Pembangunan Gedung Cathlab RSUD Kotamobagu,SELESAI,2713973812,2713973812
KOTA KOTAMOBAGU,BLUD RSUD KOTAMOBAGU - 1.02.0.00.0.00.01.0001,01KQRZM6FAT75CGPYHBEAK67CN,64159880,2026,E-Katalog 6.0,BLUD,KOLONGAN JAYA ABADI,E-Purchasing,Barang,Belanja Barang dan Jasa BLUD,ON PROCESS,6815300,6815300
KOTA KOTAMOBAGU,SEKRETARIAT DAERAH - 4.01.0.00.0.00.01.0000,01KTZV7ZPQMMCVTVDGB21HXSBB,63471718,2026,E-Katalog 6.0,APBD,SISWANTO KOROMPOT,E-Purchasing,Jasa Lainnya,Belanja Jasa Tenaga Kebersihan,ON PROCESS,2000000,2000000
KOTA KOTAMOBAGU,DINAS PENGENDALIAN PENDUDUK DAN KELUARGA BERENCANA - 2.14.0.00.0.00.01.0000,01KS24JSPZ3H3G1XS2GS8ZNKSZ,63988368,2026,E-Katalog 6.0,APBD,YUDHI KADHIKA,E-Purchasing,Barang,Belanja Alat/Bahan untuk Kegiatan Kantor- Bahan Cetak,ON PROCESS,286380,286380
KOTA KOTAMOBAGU,DINAS KOMUNIKASI DAN INFORMATIKA - 2.16.2.20.2.21.01.0000,01KPCDK7R0YYE6WEA8REW0PAMS,62874058,2026,E-Katalog 6.0,APBD,RAGAKU MEDIA ISTIMEWA,E-Purchasing,Jasa Lainnya,"Belanja Jasa Iklan/Reklame, Film, dan Pemotretan",ON PROCESS,2000000,2000000
KOTA KOTAMOBAGU,INSPEKTORAT DAERAH - 6.01.0.00.0.00.01.0000,01KRWK76X0GKGSZNPNA4A8WKR2,64337243,2026,E-Katalog 6.0,APBD,BONNY ABDULRAUF,E-Purchasing,Barang,Belanja alat /bahan umtuk kegiatan kantor bahan komputer,ON PROCESS,2935950,2935950
KOTA KOTAMOBAGU,DINAS KEPENDUDUKAN DAN PENCATATAN SIPIL - 2.12.0.00.0.00.01.0000,01KT3DW9TDVSX8HSZDBPX1SXWM,62923001,2026,E-Katalog 6.0,APBD,HERRY PONDAAG,E-Purchasing,Barang,Belanja Alat/Bahan untuk Kegiatan Kantor- Kertas dan Cover,ON PROCESS,2594625,2594625
KOTA KOTAMOBAGU,BADAN KESATUAN BANGSA DAN POLITIK - 8.01.0.00.0.00.01.0000,01KKDDVN68CSJ538RBC561FGW6,64476490,2026,E-Katalog 6.0,APBD,MOHAMMAD REZA MOKOGINTA,E-Purchasing,Jasa Lainnya,Belanja Jasa Tenaga Supir,ON PROCESS,6000000,6000000
KOTA KOTAMOBAGU,SEKRETARIAT DAERAH - 4.01.0.00.0.00.01.0000,01KQRTS3PQ687EKQXXYNAH1YNA,65227015,2026,E-Katalog 6.0,APBD,HERRY PONDAAG,E-Purchasing,Barang,Belanja Alat/Bahan untuk Kegiatan Kantor-Bahan Komputer,ON PROCESS,5144850,5144850
KOTA KOTAMOBAGU,DINAS PEMBERDAYAAN PEREMPUAN DAN PERLINDUNGAN ANAK - 2.08.0.00.0.00.01.0000,01KJS997W8GZ8QG8HMTG505BEW,64672863,2026,E-Katalog 6.0,APBD,HERRY PONDAAG,E-Purchasing,Barang,Belanja Alat/Bahan untuk Kegiatan Kantor-Alat Listrik,ON PROCESS,451659,451659
KOTA KOTAMOBAGU,SEKRETARIAT DAERAH - 4.01.0.00.0.00.01.0000,01KJPKAQ8AD9DMVC23B4PD0KTD,63473306,2026,E-Katalog 6.0,APBD,IRWANSYAH ADI PUTRA,E-Purchasing,Jasa Lainnya,Belanja Jasa Tenaga Keamanan,ON PROCESS,5000000,5000000
KOTA KOTAMOBAGU,BAGIAN PROTOKOL DAN KOMUNIKASI PIMPINAN - 4.01.0.00.0.00.01.0004,01KW90P7N5PCK2HJQ5T7CHNVTE,63381513,2026,E-Katalog 6.0,APBD,SUTRIONO MAMONTO,E-Purchasing,Jasa Lainnya,"Belanja Jasa Iklan/ Reklame , Film, dan Pemotretan",ON PROCESS,1500000,1500000
KOTA KOTAMOBAGU,DINAS KEPENDUDUKAN DAN PENCATATAN SIPIL - 2.12.0.00.0.00.01.0000,01KT3EP21TVFWPZG3CQ6MP59S6,62923416,2026,E-Katalog 6.0,APBD,RHAVA COMPUTINDO,E-Purchasing,Barang,Belanja Alat/Bahan untuk Kegiatan Kantor-Bahan Komputer,ON PROCESS,4025970,4025970
KOTA KOTAMOBAGU,DINAS KOMUNIKASI DAN INFORMATIKA - 2.16.2.20.2.21.01.0000,01KJ02QRW2SE9TRG18S8NJYBV7,62874058,2026,E-Katalog 6.0,APBD,NESIA INFINITI MEDIA,E-Purchasing,Jasa Lainnya,"Belanja Jasa Iklan/Reklame, Film, dan Pemotretan",ON PROCESS,1998000,1998000
KOTA KOTAMOBAGU,BADAN PENGELOLA KEUANGAN DAERAH - 5.02.0.00.0.00.01.0000,01KV8QXN2KDZ4X2K04R0JNSRGT,63113412,2026,E-Katalog 6.0,APBD,REZA MITRA ABADI,E-Purchasing,Jasa Lainnya,Belanja Makanan dan Minuman Rapat,ON PROCESS,3486000,3486000
KOTA KOTAMOBAGU,BADAN PENGELOLA KEUANGAN DAERAH - 5.02.0.00.0.00.01.0000,01KS5SZ27Y23TNEVBAJR5NV4SE,63007407,2026,E-Katalog 6.0,APBD,IRMA ASTUTI KOROMPOT,E-Purchasing,Barang,Belanja Alat/Bahan untuk Kegiatan Kantor-Alat Listrik,ON PROCESS,646020,646020
KOTA KOTAMOBAGU,DINAS SOSIAL - 1.06.0.00.0.00.01.0000,01KQZYBS90J907X2XPX5P9W4ET,64502642,2026,E-Katalog 6.0,APBD,YUNIARNI,E-Purchasing,Jasa Lainnya,Belanja Makanan dan Minuman Jamuan Tamu,ON PROCESS,3250000,3250000
KOTA KOTAMOBAGU,BAGIAN PEREKONOMIAN DAN PEMBANGUNAN - 4.01.0.00.0.00.01.0006,01KJPHETDF2MN5TYTEEX0CJW1V,64453775,2026,E-Katalog 6.0,APBD,IRMA ASTUTI KOROMPOT,E-Purchasing,Barang,Belanja Alat/Bahan untuk Kegiatan Kantor-Alat Tulis Kantor,ON PROCESS,677855,677855
KOTA KOTAMOBAGU,DINAS KOMUNIKASI DAN INFORMATIKA - 2.16.2.20.2.21.01.0000,01KWGQ029P0C0PQDHJBGSTB8HV,62874058,2026,E-Katalog 6.0,APBD,MEDIA KOLABORASI BERSAMA,E-Purchasing,Jasa Lainnya,"Belanja Jasa Iklan/Reklame, Film, dan Pemotretan",ON PROCESS,2000000,2000000
KOTA KOTAMOBAGU,DINAS KOMUNIKASI DAN INFORMATIKA - 2.16.2.20.2.21.01.0000,01KRG09FPZ4M99S9S2C5J9B955,62874058,2026,E-Katalog 6.0,APBD,MEDIA KOLABORASI BERSAMA,E-Purchasing,Jasa Lainnya,"Belanja Jasa Iklan/Reklame, Film, dan Pemotretan",ON PROCESS,2000000,2000000
KOTA KOTAMOBAGU,DINAS PERINDUSTRIAN DAN TENAGA KERJA - 3.31.2.07.0.00.01.0000,01KJVJXJ7A7EC13F1MMR81YCPS,65352555,2026,E-Katalog 6.0,APBD,RHAVA COMPUTINDO,E-Purchasing,Jasa Lainnya,Belanja Pemeliharaan Alat Kantor dan Rumah Tangga-Alat Rumah Tangga-Alat Pendingin,ON PROCESS,592740,592740
KOTA KOTAMOBAGU,DINAS PEMBERDAYAAN PEREMPUAN DAN PERLINDUNGAN ANAK - 2.08.0.00.0.00.01.0000,01KJS8FXCFSRHV2HRZVZHREY47,64673556,2026,E-Katalog 6.0,APBD,HERRY PONDAAG,E-Purchasing,Barang,Belanja Alat/Bahan untuk Kegiatan Kantor-Alat/Bahan untuk Kegiatan Kantor Lainnya,ON PROCESS,597902,597902
KOTA KOTAMOBAGU,DINAS KOMUNIKASI DAN INFORMATIKA - 2.16.2.20.2.21.01.0000,01KRFZC7Z0V4XJ0BH770R1MMYX,62874058,2026,E-Katalog 6.0,APBD,MEDIONET TOTABUAN NUSANTARA,E-Purchasing,Jasa Lainnya,"Belanja Jasa Iklan/Reklame, Film, dan Pemotretan",ON PROCESS,1998000,1998000
KOTA KOTAMOBAGU,BLUD RSUD KOTAMOBAGU - 1.02.0.00.0.00.01.0001,01KG9GZHNXEZSV0654CG2HPV35,64159880,2026,E-Katalog 6.0,BLUD,GLOBAL DISPOMEDIKA,E-Purchasing,Barang,Belanja Barang dan Jasa BLUD,ON PROCESS,26318100,26318100
KOTA KOTAMOBAGU,BLUD RSUD KOTAMOBAGU - 1.02.0.00.0.00.01.0001,01KP5J887PNPK33FQ5HFNR7GNB,62976479,2026,E-Katalog 6.0,BLUD,COBRA DENTAL INDONESIA,E-Purchasing,Barang,Belanja Modal Peralatan dan Mesin BLUD,ON PROCESS,4192999,4192999
KOTA KOTAMOBAGU,DINAS KETAHANAN PANGAN - 2.09.0.00.0.00.01.0000,01KNTCABS1YE2HDSYKD5V4D1EE,63980214,2026,E-Katalog 6.0,APBD,HERRY PONDAAG,E-Purchasing,Barang,Belanja Alat/Bahan untuk Kegiatan Kantor- Bahan Cetak,ON PROCESS,819680,819680
KOTA KOTAMOBAGU,DINAS KOMUNIKASI DAN INFORMATIKA - 2.16.2.20.2.21.01.0000,01KVCCY5Z1021X3XJ5PSYRAFPP,62874058,2026,E-Katalog 6.0,APBD,BUMI AKSARA PRATAMA,E-Purchasing,Jasa Lainnya,"Belanja Jasa Iklan/Reklame, Film, dan Pemotretan",ON PROCESS,3996000,3996000
KOTA KOTAMOBAGU,DINAS KOMUNIKASI DAN INFORMATIKA - 2.16.2.20.2.21.01.0000,01KK3NR72N834BTVQ9BKEKFWYG,62874058,2026,E-Katalog 6.0,APBD,MIGI MEDIA UTAMA,E-Purchasing,Jasa Lainnya,"Belanja Jasa Iklan/Reklame, Film, dan Pemotretan",ON PROCESS,3000000,3000000
KOTA KOTAMOBAGU,SEKRETARIAT DAERAH - 4.01.0.00.0.00.01.0000,01KH0EEFSEP0Q2SQRXDPEVWWAN,63423831,2026,E-Katalog 6.0,APBD,FIGIH CICILIA MOKOGINTA,E-Purchasing,Barang,Belanja Makanan dan Minuman Rapat,ON PROCESS,490000,490000
KOTA KOTAMOBAGU,SATUAN POLISI PAMONG PRAJA - 1.05.0.00.0.00.01.0000,01KG4A66TPN3WETWC8HW349EAM,64222258,2026,E-Katalog 6.0,APBD,HERRY PONDAAG,E-Purchasing,Barang,Belanja Alat/Bahan untuk Kegiatan Kantor-Kertas dan Cover,ON PROCESS,2400976,2400976
KOTA KOTAMOBAGU,DINAS KOMUNIKASI DAN INFORMATIKA - 2.16.2.20.2.21.01.0000,01KP9Y27HCVCDG63BMJBJ0J7VM,62874058,2026,E-Katalog 6.0,APBD,SAHABAT NUKILA MULTIMEDIA,E-Purchasing,Jasa Lainnya,"Belanja Jasa Iklan/Reklame, Film, dan Pemotretan",ON PROCESS,2997000,2997000
KOTA KOTAMOBAGU,BLUD RSUD KOTAMOBAGU - 1.02.0.00.0.00.01.0001,01KS48H3WPQ160BA3QZ8Y92RP8,64159880,2026,E-Katalog 6.0,BLUD,YARINDO FARMATAMA,E-Purchasing,Barang,Belanja Barang dan Jasa BLUD,ON PROCESS,149850,149850
KOTA KOTAMOBAGU,DINAS KOMUNIKASI DAN INFORMATIKA - 2.16.2.20.2.21.01.0000,01KWE4TC2G1SH71DQ0K11WFER2,62874058,2026,E-Katalog 6.0,APBD,MEDIA MONGONDOW SULAWESI,E-Purchasing,Jasa Lainnya,"Belanja Jasa Iklan/Reklame, Film, dan Pemotretan",ON PROCESS,2000000,2000000
KOTA KOTAMOBAGU,DINAS KOMUNIKASI DAN INFORMATIKA - 2.16.2.20.2.21.01.0000,01KPB4WESJTDPJXPTHN6SMKSW4,62874058,2026,E-Katalog 6.0,APBD,MEDIA REPORTASE SULUT,E-Purchasing,Jasa Lainnya,"Belanja Jasa Iklan/Reklame, Film, dan Pemotretan",ON PROCESS,1998000,1998000
KOTA KOTAMOBAGU,BADAN PENANGGULANGAN BENCANA DAERAH - 1.05.0.00.0.00.02.0000,01KWZPA5J3YYEXNNV9C6907AWY,63956799,2026,E-Katalog 6.0,APBD,HERRY PONDAAG,E-Purchasing,Jasa Lainnya,Belanja Alat/Bahan untuk Kegiatan Kantor- Bahan Cetak,ON PROCESS,247253,247253
KOTA KOTAMOBAGU,BADAN PERENCANAAN PENELITIAN DAN PENGEMBANGAN DAERAH - 5.01.5.05.0.00.01.0000,01KR0P36SB75P21W0Z1E9WKR82,62182389,2026,E-Katalog 6.0,APBD,HERRY PONDAAG,E-Purchasing,Barang,Belanja Alat/Bahan untuk Kegiatan Kantor- Kertas dan Cover ,ON PROCESS,2919300,2919300
KOTA KOTAMOBAGU,BADAN PERENCANAAN PENELITIAN DAN PENGEMBANGAN DAERAH - 5.01.5.05.0.00.01.0000,01KQS4BQ851Y1GK4AD00698B9F,62234164,2026,E-Katalog 6.0,APBD,HERRY PONDAAG,E-Purchasing,Barang,Belanja Alat/Bahan untuk Kegiatan Kantor-Alat Tulis Kantor ,ON PROCESS,736485,736485
KOTA KOTAMOBAGU,DINAS KOMUNIKASI DAN INFORMATIKA - 2.16.2.20.2.21.01.0000,01KJ0654JHBW51S02T7R15SGHH,62874058,2026,E-Katalog 6.0,APBD,TAGAR NUSANTARA MEDIA,E-Purchasing,Jasa Lainnya,"Belanja Jasa Iklan/Reklame, Film, dan Pemotretan",ON PROCESS,2000000,2000000
KOTA KOTAMOBAGU,SEKRETARIAT DAERAH - 4.01.0.00.0.00.01.0000,01KJJ1RR8VWW11CR0EJXW98FQF,63471718,2026,E-Katalog 6.0,APBD,SISWANTO KOROMPOT,E-Purchasing,Jasa Lainnya,Belanja Jasa Tenaga Kebersihan,ON PROCESS,2000000,2000000
KOTA KOTAMOBAGU,DINAS KEPENDUDUKAN DAN PENCATATAN SIPIL - 2.12.0.00.0.00.01.0000,01KN3DJWGD24HJ4A109D28H56C,62916775,2026,E-Katalog 6.0,APBD,HERRY PONDAAG,E-Purchasing,Barang,Belanja Alat/Bahan untuk Kegiatan Kantor-Bahan Komputer ,ON PROCESS,1558440,1558440
KOTA KOTAMOBAGU,UPTD INSTALASI FARMASI - 1.02.0.00.0.00.01.0002,01KJCFTEES84M765GX6NAKRW1N,63482000,2026,E-Katalog 6.0,APBD,DEXA MEDICA,E-Purchasing,Barang,Belanja Obat-Obatan-Obat,ON PROCESS,23497150,23497150
KOTA KOTAMOBAGU,BADAN PENGELOLA KEUANGAN DAERAH - 5.02.0.00.0.00.01.0000,01KK8W1VR7KGPYCETBGTV4J62T,65823769,2026,E-Katalog 6.0,APBD,RIVS,E-Purchasing,Jasa Lainnya,Belanja Pemeliharaan Alat Angkutan-Alat Angkutan Darat Bermotor-Kendaraan Dinas Bermotor Perorangan,ON PROCESS,12154500,12154500
KOTA KOTAMOBAGU,DINAS KEPEMUDAAN DAN OLAHRAGA - 2.19.0.00.0.00.01.0000,01KS475724AQP7BVZACJ2EX8SC,64675768,2026,E-Katalog 6.0,APBD,HERRY PONDAAG,E-Purchasing,Jasa Lainnya,Belanja Alat/Bahan Untuk Kegiatan kantor - Bahan Cetak,ON PROCESS,3068429,3068429
KOTA KOTAMOBAGU,DINAS KOMUNIKASI DAN INFORMATIKA - 2.16.2.20.2.21.01.0000,01KWNCQ3KZ4TP7AKDZEMTFGHCF,62874058,2026,E-Katalog 6.0,APBD,TREND MEDIA NUSANTARA,E-Purchasing,Jasa Lainnya,"Belanja Jasa Iklan/Reklame, Film, dan Pemotretan",ON PROCESS,1998000,1998000
KOTA KOTAMOBAGU,DINAS KEARSIPAN DAN PERPUSTAKAAN - 2.24.2.23.0.00.01.0000,01KTEMMZHPRXA58TN3XST5AAGW,66314538,2026,E-Katalog 6.0,APBD,JAYA ARTHA,E-Purchasing,Jasa Lainnya,Belanja Alat/Bahan untuk Kegiatan Kantor- Bahan Cetak,ON PROCESS,1887000,1887000
KOTA KOTAMOBAGU,DINAS KOMUNIKASI DAN INFORMATIKA - 2.16.2.20.2.21.01.0000,01KK3HRXXRPB67CFZJ9Q3QXCGV,62874058,2026,E-Katalog 6.0,APBD,KARUNIA MEDIA KREATIF,E-Purchasing,Jasa Lainnya,"Belanja Jasa Iklan/Reklame, Film, dan Pemotretan",ON PROCESS,3996000,3996000
KOTA KOTAMOBAGU,DINAS KOMUNIKASI DAN INFORMATIKA - 2.16.2.20.2.21.01.0000,01KVA6G52PD2CS377VVBEK4ZN1,62874058,2026,E-Katalog 6.0,APBD,RISTO MEDIA SIBER,E-Purchasing,Jasa Lainnya,"Belanja Jasa Iklan/Reklame, Film, dan Pemotretan",ON PROCESS,1998000,1998000
KOTA KOTAMOBAGU,SEKRETARIAT DAERAH - 4.01.0.00.0.00.01.0000,01KS6RZV9B6FAEH2TDV7D0BRR7,63423831,2026,E-Katalog 6.0,APBD,CYNTHIA PRATIWI SUGEHA,E-Purchasing,Barang,Belanja Makanan dan Minuman Rapat,ON PROCESS,2480000,2480000
KOTA KOTAMOBAGU,DINAS PENANAMAN MODAL DAN PELAYANAN TERPADU SATU PINTU - 2.18.0.00.0.00.01.0000,01KS4R93G9VYQET7KJ3JQ6C3T3,64585676,2026,E-Katalog 6.0,APBD,RHAVA COMPUTINDO,E-Purchasing,Jasa Lainnya,Belanja Pemeliharaaan Alat kantor dan Rumah Tangga Alat Rumah Tangga Alat Pendingin ,ON PROCESS,2042400,2042400
KOTA KOTAMOBAGU,SEKRETARIAT DPRD - 4.02.0.00.0.00.01.0000,01KJVQWG2WXFJD9VDAS1D1MVQ7,63395422,2026,E-Katalog 6.0,APBD,RAGAKU MEDIA ISTIMEWA,E-Purchasing,Jasa Lainnya,"Belanja Jasa Iklan/Reklame, Film, dan Pemotretan",ON PROCESS,2000000,2000000
KOTA KOTAMOBAGU,DINAS KESEHATAN - 1.02.0.00.0.00.01.0000,01KSVADP2CEGK7Z15DDAA3AE05,65550162,2026,E-Katalog 6.0,APBD,CYNTHIA PRATIWI SUGEHA,E-Purchasing,Barang,Belanja Makanan dan Minuman Rapat,ON PROCESS,1425600,1425600
KOTA KOTAMOBAGU,DINAS KOMUNIKASI DAN INFORMATIKA - 2.16.2.20.2.21.01.0000,01KVCW2068WV5V9JQQTY7ZFJT8,62874058,2026,E-Katalog 6.0,APBD,ALMIRA MEDIA INDONESIA,E-Purchasing,Jasa Lainnya,"Belanja Jasa Iklan/Reklame, Film, dan Pemotretan",ON PROCESS,2997000,2997000
KOTA KOTAMOBAGU,SEKRETARIAT DPRD - 4.02.0.00.0.00.01.0000,01KJVRC1ZVSAB7CJ679E6GC9VM,63395422,2026,E-Katalog 6.0,APBD,SAHABAT SULAWESI ONLINE,E-Purchasing,Jasa Lainnya,"Belanja Jasa Iklan/Reklame, Film, dan Pemotretan",ON PROCESS,2000000,2000000
KOTA KOTAMOBAGU,DINAS KOMUNIKASI DAN INFORMATIKA - 2.16.2.20.2.21.01.0000,01KRFYCC3YHPHATMD9JV1P0A0M,62874058,2026,E-Katalog 6.0,APBD,FARATAMA KILAS MEDIA,E-Purchasing,Jasa Lainnya,"Belanja Jasa Iklan/Reklame, Film, dan Pemotretan",ON PROCESS,2000000,2000000
KOTA KOTAMOBAGU,BAGIAN UMUM - 4.01.0.00.0.00.01.0001,01KJZ8TFS5S0PYAK32ADCC0VSV,64128524,2026,E-Katalog 6.0,APBD,HERRY PONDAAG,E-Purchasing,Barang,Belanja Obat-Obatan-Obat-Obatan Lainnya,ON PROCESS,539993,539993
KOTA KOTAMOBAGU,BADAN PENANGGULANGAN BENCANA DAERAH - 1.05.0.00.0.00.02.0000,01KJFN6N6ZZ0CMAEPYCJBRGNJ3,63939530,2026,E-Katalog 6.0,APBD,HERRY PONDAAG,E-Purchasing,Barang,Belanja Alat/Bahan untuk Kegiatan Kantor- Kertas dan Cover,ON PROCESS,747585,747585
KOTA KOTAMOBAGU,BLUD RSUD KOTAMOBAGU - 1.02.0.00.0.00.01.0001,10792986000,62953328;66767742,2026,Non Tender,APBD,CV. CIPTA TOTABUAN CONSULTINDO,Pengadaan Langsung,Jasa Konsultansi Badan Usaha Konstruksi,Jasa Konsultansi  Desain Perencanaan  Pembangunan Gedung  Cytotoxic Drugs Safety Cabinet RSUD Kotamobagu,SELESAI,99401887,99401887
KOTA KOTAMOBAGU,SEKRETARIAT DAERAH - 4.01.0.00.0.00.01.0000,01KTZNEX8ED5WYJWV52MRTGGSZ,63474911,2026,E-Katalog 6.0,APBD,FIN SUMAMPOUW,E-Purchasing,Jasa Lainnya,Belanja Jasa Tenaga Juru Masak,ON PROCESS,2600000,2600000
KOTA KOTAMOBAGU,DINAS KOMUNIKASI DAN INFORMATIKA - 2.16.2.20.2.21.01.0000,01KK3HYMY2JSQ19EGHGV3J01T5,62874058,2026,E-Katalog 6.0,APBD,SAHABAT NUKILA MULTIMEDIA,E-Purchasing,Jasa Lainnya,"Belanja Jasa Iklan/Reklame, Film, dan Pemotretan",ON PROCESS,2997000,2997000
KOTA KOTAMOBAGU,BADAN PENANGGULANGAN BENCANA DAERAH - 1.05.0.00.0.00.02.0000,01KX0B8EKD9RDZYTN3YY3W124H,63956362,2026,E-Katalog 6.0,APBD,HERRY PONDAAG,E-Purchasing,Barang,Belanja Alat/Bahan untuk Kegiatan Kantor-Alat Tulis Kantor,ON PROCESS,1461870,1461870
KOTA KOTAMOBAGU,PUSKESMAS BILALANG - 1.02.0.00.0.00.01.0006,01KRWDTPHQYRQC33GSBKGB3TY5,64185632,2026,E-Katalog 6.0,APBD,REZA MITRA ABADI,E-Purchasing,Jasa Lainnya,Belanja Barang dan Jasa BOK Puskesmas ,ON PROCESS,2760000,2760000
KOTA KOTAMOBAGU,BADAN PENGELOLA KEUANGAN DAERAH - 5.02.0.00.0.00.01.0000,01KJW2DSFZMJ2DGRBYPNZMHA6D,63082730,2026,E-Katalog 6.0,APBD,IRMA ASTUTI KOROMPOT,E-Purchasing,Barang,Belanja Alat/Bahan untuk Kegiatan Kantor-Bahan Komputer,ON PROCESS,1753245,1753245
KOTA KOTAMOBAGU,DINAS PENGENDALIAN PENDUDUK DAN KELUARGA BERENCANA - 2.14.0.00.0.00.01.0000,01KGGDCAAG97ZWGAJ4SBFMDVKN,64007983,2026,E-Katalog 6.0,APBD,ANWAR LABAGU,E-Purchasing,Jasa Lainnya,Belanja Jasa Tenaga Supir,ON PROCESS,1000000,1000000
KOTA KOTAMOBAGU,DINAS KOMUNIKASI DAN INFORMATIKA - 2.16.2.20.2.21.01.0000,01KPCBTQAYAEZPR3MFTR37J1FD,62874058,2026,E-Katalog 6.0,APBD,SAHABAT SULAWESI ONLINE,E-Purchasing,Jasa Lainnya,"Belanja Jasa Iklan/Reklame, Film, dan Pemotretan",ON PROCESS,4995000,4995000
KOTA KOTAMOBAGU,BAGIAN KESEJAHTERAAN RAKYAT - 4.01.0.00.0.00.01.0005,10831309000,66233037,2026,Non Tender,APBD,SANDILENSUN,Pengadaan Langsung,Jasa Konsultansi Perorangan Konstruksi,Belanja Jasa Konsultansi Pengawasan Pemeliharaan Masjid Agung Baitul Makmur Kotamobagu,SELESAI,8965914,8965914
KOTA KOTAMOBAGU,BADAN KEPEGAWAIAN PENDIDIKAN DAN PELATIHAN - 5.03.5.04.0.00.01.0000,01KJ9XJKP4BQD63H9QB55C8F39,63448466,2026,E-Katalog 6.0,APBD,IRMA ASTUTI KOROMPOT,E-Purchasing,Barang,Belanja Alat/Bahan untuk Kegiatan Kantor-Alat/Bahan untuk Kegiatan Kantor Lainnya,ON PROCESS,158730,158730
KOTA KOTAMOBAGU,UPTD INSTALASI FARMASI - 1.02.0.00.0.00.01.0002,01KS6YBWKCZMA9PET5NRQ94N2W,63480254,2026,E-Katalog 6.0,APBD,BINTANG SETIA MEDIKA,E-Purchasing,Barang,Belanja Bahan-Bahan Lainnya,ON PROCESS,3907200,0
KOTA KOTAMOBAGU,"DINAS PERDAGANGAN, KOPERASI, USAHA KECIL DAN MENENGAH - 3.30.2.17.0.00.01.0000",01KPS1R5RC8GY5BR6EW2M3NC4X,65294819,2026,E-Katalog 6.0,APBD,IRMA ASTUTI KOROMPOT,E-Purchasing,Jasa Lainnya,Belanja Alat/Bahan untuk Kegiatan Kantor- Bahan CetaK,ON PROCESS,793650,793650
KOTA KOTAMOBAGU,DINAS LINGKUNGAN HIDUP - 2.11.0.00.0.00.01.0000,01KN11GFEYHMEM1WDG114EH7CR,64440623,2026,E-Katalog 6.0,APBD,ARCO SAMUDRA PERKASA,E-Purchasing,Jasa Lainnya," Belanja Jasa Tenaga Supir",ON PROCESS,198682876,198682876
KOTA KOTAMOBAGU,DINAS KOMUNIKASI DAN INFORMATIKA - 2.16.2.20.2.21.01.0000,01KPB32HNH2HEQA70C8NWEVRKT,62874058,2026,E-Katalog 6.0,APBD,ALFA MEDIA GROUP,E-Purchasing,Jasa Lainnya,"Belanja Jasa Iklan/Reklame, Film, dan Pemotretan",ON PROCESS,1998000,1998000
KOTA KOTAMOBAGU,DINAS PENANAMAN MODAL DAN PELAYANAN TERPADU SATU PINTU - 2.18.0.00.0.00.01.0000,01KTQPKPMX2GFGN6TS4W8V3YCS,64392539,2026,E-Katalog 6.0,APBD,HERRY PONDAAG,E-Purchasing,Barang,Belanja alat/bahan untuk kegiatan kantor-Alat Tulis Kantor,ON PROCESS,1268841,1268841
KOTA KOTAMOBAGU,INSPEKTORAT DAERAH - 6.01.0.00.0.00.01.0000,01KPWPKTB6W403MNJABJD97223,64220870,2026,E-Katalog 6.0,APBD,BONNY ABDULRAUF,E-Purchasing,Barang,Belanja Makanan dan Minuman Jamuan Tamu,ON PROCESS,1697745,1697745
KOTA KOTAMOBAGU,KECAMATAN KOTAMOBAGU BARAT - 7.01.0.00.0.00.01.0000,01KPW5X266J58EZYRCN45RTXRJ,64231387,2026,E-Katalog 6.0,APBD,HERRY PONDAAG,E-Purchasing,Barang,Belanja Alat/Bahan untuk kegiatan kantor-Bahan komputer,ON PROCESS,3601950,3601950
KOTA KOTAMOBAGU,KECAMATAN KOTAMOBAGU TIMUR - 7.01.0.00.0.00.03.0000,01KH2QCP4V0STYRHGRR0C4R4NM,64560374,2026,E-Katalog 6.0,APBD,MINPUT,E-Purchasing,Jasa Lainnya,Belanja Makanan dan Minuman Rapat,ON PROCESS,6850000,6850000
KOTA KOTAMOBAGU,SEKRETARIAT DAERAH - 4.01.0.00.0.00.01.0000,01KPWS1BHCJ1NM4YZ602Y7N1TV,63423831,2026,E-Katalog 6.0,APBD,FIGIH CICILIA MOKOGINTA,E-Purchasing,Barang,Belanja Makanan dan Minuman Rapat,ON PROCESS,980000,980000
KOTA KOTAMOBAGU,DINAS PENGENDALIAN PENDUDUK DAN KELUARGA BERENCANA - 2.14.0.00.0.00.01.0000,01KGPEV0J844KKVW1HYPRD9FMK,63993524,2026,E-Katalog 6.0,APBD,HERRY PONDAAG,E-Purchasing,Barang,Belanja Alat/Bahan untuk Kegiatan Kantor-Alat Tulis Kantor,ON PROCESS,3542787,3542787
KOTA KOTAMOBAGU,UPTD INSTALASI FARMASI - 1.02.0.00.0.00.01.0002,01KJF2Q6ME0JP98E96P9YGKSYP,63482000,2026,E-Katalog 6.0,APBD,PHAPROS,E-Purchasing,Barang,Belanja Obat-Obatan-Obat,ON PROCESS,13009200,13009200
KOTA KOTAMOBAGU,DINAS KESEHATAN - 1.02.0.00.0.00.01.0000,01KW74A8S9BHH9H6QNJ5DPQXNM,65546167,2026,E-Katalog 6.0,APBD,ABDUL REZA DAUN,E-Purchasing,Jasa Lainnya,Belanja Jasa Tenaga Keamanan,ON PROCESS,1500000,1500000
KOTA KOTAMOBAGU,DINAS KESEHATAN - 1.02.0.00.0.00.01.0000,01KJS8H29S6GBS6QN6P9S59XP1,65544489,2026,E-Katalog 6.0,APBD,HERRY PONDAAG,E-Purchasing,Barang,Belanja Alat/Bahan untuk Kegiatan Kantor-Bahan Komputer,ON PROCESS,11104995,11104995
KOTA KOTAMOBAGU,UPTD INSTALASI FARMASI - 1.02.0.00.0.00.01.0002,01KSRTYCHCJXJ551RGRCDMAZG2,63480254,2026,E-Katalog 6.0,APBD,TRIFA RAYA LABORATORIES,E-Purchasing,Barang,Belanja Bahan-Bahan Lainnya,ON PROCESS,30253716,30253716
KOTA KOTAMOBAGU,DINAS KOMUNIKASI DAN INFORMATIKA - 2.16.2.20.2.21.01.0000,01KVA54RNWK2KQFZRQGVV3PE8V,62874058,2026,E-Katalog 6.0,APBD,MEDIA SAHABAT RAKYAT SATU,E-Purchasing,Jasa Lainnya,"Belanja Jasa Iklan/Reklame, Film, dan Pemotretan",ON PROCESS,1998000,1998000
KOTA KOTAMOBAGU,DINAS PENANAMAN MODAL DAN PELAYANAN TERPADU SATU PINTU - 2.18.0.00.0.00.01.0000,01KVY0T5N39QF9F4B5K5FMHMHY,64609265,2026,E-Katalog 6.0,APBD,HERRY PONDAAG,E-Purchasing,Barang,Belanja Alat / Bahan untuk kegiatan Kantor Bahan Cetak ,ON PROCESS,1425240,1425240
KOTA KOTAMOBAGU,BLUD RSUD KOTAMOBAGU - 1.02.0.00.0.00.01.0001,01KS4MBFFRQVYXNFTG1ESE6A3Y,64159880,2026,E-Katalog 6.0,BLUD,BERNOFARM,E-Purchasing,Barang,Belanja Barang dan Jasa BLUD,ON PROCESS,4170270,4170270
KOTA KOTAMOBAGU,SEKRETARIAT DAERAH - 4.01.0.00.0.00.01.0000,01KJHSC1YYVCE165NJ7RZTTRDN,63469981,2026,E-Katalog 6.0,APBD,GRALDI SETIAWAN KOROMPOT,E-Purchasing,Jasa Lainnya,Belanja Jasa Tenaga Pelayanan Umum,ON PROCESS,2000000,2000000
KOTA KOTAMOBAGU,BLUD RSUD KOTAMOBAGU - 1.02.0.00.0.00.01.0001,01KRV0ZV2X0F81894ZX5C30N12,64159880,2026,E-Katalog 6.0,BLUD,LAPI LABORATORIES,E-Purchasing,Barang,Belanja Barang dan Jasa BLUD,ON PROCESS,7486950,7486950
KOTA KOTAMOBAGU,BADAN PENGELOLA KEUANGAN DAERAH - 5.02.0.00.0.00.01.0000,01KR30T93N4VT5KDQHMMNS0V27,63113374,2026,E-Katalog 6.0,APBD,FIRMANSYAH MAMINTIWALO,E-Purchasing,Jasa Lainnya,Belanja Alat/Bahan untuk Kegiatan Kantor- Bahan Cetak,ON PROCESS,982500,982500
KOTA KOTAMOBAGU,UPTD INSTALASI FARMASI - 1.02.0.00.0.00.01.0002,01KK0WRYGYSEXMP4GYHAF3PE3Q,63482000,2026,E-Katalog 6.0,APBD,GRAHA FARMA,E-Purchasing,Barang,Belanja Obat-Obatan-Obat,ON PROCESS,8791200,8791200
KOTA KOTAMOBAGU,DINAS KEARSIPAN DAN PERPUSTAKAAN - 2.24.2.23.0.00.01.0000,01KTJSMGMVGJT0AMN6WKTJ4ZS0,66139503,2026,E-Katalog 6.0,APBD,JAYA ARTHA,E-Purchasing,Barang,Belanja Alat/Bahan untuk Kegiatan Kantor-Alat Tulis Kantor,ON PROCESS,183816,183816
KOTA KOTAMOBAGU,DINAS KEPENDUDUKAN DAN PENCATATAN SIPIL - 2.12.0.00.0.00.01.0000,01KTJYE00DDC2WASTKH8J90G5R,62921760,2026,E-Katalog 6.0,APBD,HERRY PONDAAG,E-Purchasing,Barang,Belanja Alat/Bahan untuk Kegiatan Kantor- Bahan Cetak,ON PROCESS,2759738,2759738
KOTA KOTAMOBAGU,DINAS KESEHATAN - 1.02.0.00.0.00.01.0000,01KW71Z591H0RX3QY11RM1EG7T,65546206,2026,E-Katalog 6.0,APBD,FANCE LUMINTANG,E-Purchasing,Jasa Lainnya," Belanja Jasa Tenaga Supir",ON PROCESS,1500000,1500000
KOTA KOTAMOBAGU,SEKRETARIAT DPRD - 4.02.0.00.0.00.01.0000,01KT94FAW3VYTFVBAHCY80V37D,63395422,2026,E-Katalog 6.0,APBD,TOTABUAN PERS INDONESIA,E-Purchasing,Jasa Lainnya,"Belanja Jasa Iklan/Reklame, Film, dan Pemotretan",ON PROCESS,2000000,2000000
KOTA KOTAMOBAGU,DINAS PERINDUSTRIAN DAN TENAGA KERJA - 3.31.2.07.0.00.01.0000,01KRB2W3C5Y231M063086QA4X7,65350793,2026,E-Katalog 6.0,APBD,IRMA ASTUTI KOROMPOT,E-Purchasing,Jasa Lainnya,Belanja Alat/Bahan untuk Kegiatan Kantor- Bahan Cetak,ON PROCESS,848038,848038
KOTA KOTAMOBAGU,KECAMATAN KOTAMOBAGU TIMUR - 7.01.0.00.0.00.03.0000,01KPQJXW7G5BJEN219Y9Z5QRC4,64554509,2026,E-Katalog 6.0,APBD,MINPUT,E-Purchasing,Jasa Lainnya,Belanja Makanan dan Minuman Rapat,ON PROCESS,1274000,1274000
KOTA KOTAMOBAGU,DINAS KOMUNIKASI DAN INFORMATIKA - 2.16.2.20.2.21.01.0000,01KPAMCBWF9SDSFVVY4RQG3HDZ,62874058,2026,E-Katalog 6.0,APBD,MIGI MEDIA UTAMA,E-Purchasing,Jasa Lainnya,"Belanja Jasa Iklan/Reklame, Film, dan Pemotretan",ON PROCESS,3000000,3000000
KOTA KOTAMOBAGU,SEKRETARIAT DPRD - 4.02.0.00.0.00.01.0000,10847314000,62980258,2026,Non Tender,APBD,Wailan kristian lempoy,Pengadaan Langsung,Jasa Konsultansi Perorangan Konstruksi,Jasa konsultansi perencanaan selasar/koridor mushola,SELESAI,7016310,7016310
KOTA KOTAMOBAGU,DINAS KOMUNIKASI DAN INFORMATIKA - 2.16.2.20.2.21.01.0000,01KWGKF0YB94BSR0KM6XNZQRDS,62874058,2026,E-Katalog 6.0,APBD,GARUDA MEDIA SELATAN,E-Purchasing,Jasa Lainnya,"Belanja Jasa Iklan/Reklame, Film, dan Pemotretan",ON PROCESS,2000000,2000000
KOTA KOTAMOBAGU,DINAS KOMUNIKASI DAN INFORMATIKA - 2.16.2.20.2.21.01.0000,01KP9WZY7G58VZEXWMKAJMQRHG,62874058,2026,E-Katalog 6.0,APBD,BOLMONG POST CIPTA PARASANA,E-Purchasing,Jasa Lainnya,"Belanja Jasa Iklan/Reklame, Film, dan Pemotretan",ON PROCESS,1998000,1998000
KOTA KOTAMOBAGU,DINAS KOMUNIKASI DAN INFORMATIKA - 2.16.2.20.2.21.01.0000,01KQEPCXDK4GAFBMK83S7RB7W7,64213931,2026,E-Katalog 6.0,APBD,RUDINI GAIB,E-Purchasing,Jasa Lainnya,Belanja Jasa Tenaga Keamanan,ON PROCESS,1500000,1500000
KOTA KOTAMOBAGU,SEKRETARIAT DAERAH - 4.01.0.00.0.00.01.0000,01KJPMQ3000KYECEYCHTTM8Z9F,63474266,2026,E-Katalog 6.0,APBD,WAWAN MUTU,E-Purchasing,Jasa Lainnya,Belanja Jasa Tenaga Supir,ON PROCESS,4000000,4000000
KOTA KOTAMOBAGU,SEKRETARIAT DAERAH - 4.01.0.00.0.00.01.0000,01KSY75BFXRT7YHSD6WZ93MB0S,66988918,2026,E-Katalog 6.0,APBD,CYNTHIA PRATIWI SUGEHA,E-Purchasing,Barang,Belanja Makanan dan Minuman Rapat,ON PROCESS,15400000,15400000
KOTA KOTAMOBAGU,DINAS KEPENDUDUKAN DAN PENCATATAN SIPIL - 2.12.0.00.0.00.01.0000,01KT3G06351BBPH6JCS8CG79BZ,62830892,2026,E-Katalog 6.0,APBD,RHAVA COMPUTINDO,E-Purchasing,Barang,Belanja Alat/Bahan untuk Kegiatan Kantor-Bahan Komputer,ON PROCESS,1948050,1948050
KOTA KOTAMOBAGU,SEKRETARIAT DAERAH - 4.01.0.00.0.00.01.0000,01KSHRSG1ZX74MBX77ND21ZXFM,66988918,2026,E-Katalog 6.0,APBD,CYNTHIA PRATIWI SUGEHA,E-Purchasing,Barang,Belanja Makanan dan Minuman Rapat,ON PROCESS,16500000,16500000
KOTA KOTAMOBAGU,SEKRETARIAT DAERAH - 4.01.0.00.0.00.01.0000,01KQS1CHBT2HPJJ5QXK8X9C12B,63421706,2026,E-Katalog 6.0,APBD,HERRY PONDAAG,E-Purchasing,Barang,Belanja Alat/Bahan untuk Kegiatan Kantor-Alat Tulis Kantor,ON PROCESS,8919183,8919183
KOTA KOTAMOBAGU,DINAS KETAHANAN PANGAN - 2.09.0.00.0.00.01.0000,01KNTCHSHX3VSWBKH9K3GH4G3E,63981496,2026,E-Katalog 6.0,APBD,HERRY PONDAAG,E-Purchasing,Barang,Belanja Alat/Bahan untuk Kegiatan Kantor-Alat Listrik,ON PROCESS,592740,592740
KOTA KOTAMOBAGU,DINAS PERTANIAN DAN PERIKANAN - 3.27.3.25.0.00.01.0000,01KPPZ0273J3MAADA6XEMKB2X1,62837802,2026,E-Katalog 6.0,APBD,HERRY PONDAAG,E-Purchasing,Barang,Belanja Alat/Bahan untuk Kegiatan Kantor- Kertas dan Cover,ON PROCESS,3497360,3497360
KOTA KOTAMOBAGU,SEKRETARIAT DAERAH - 4.01.0.00.0.00.01.0000,01KS6PJJV3VA3FDNF37DVF1RPT,66988918,2026,E-Katalog 6.0,APBD,CYNTHIA PRATIWI SUGEHA,E-Purchasing,Barang,Belanja Makanan dan Minuman Rapat,ON PROCESS,4340000,4340000
KOTA KOTAMOBAGU,UPTD PERLINDUNGAN PEREMPUAN DAN ANAK - 2.08.0.00.0.00.01.0001,01KQRQVK9Z51ND3QC6KZSV0J29,64669664,2026,E-Katalog 6.0,APBD,CYNTHIA PRATIWI SUGEHA,E-Purchasing,Barang,Belanja Makanan dan Minuman Rapat,ON PROCESS,8487000,8487000
KOTA KOTAMOBAGU,DINAS KEBUDAYAAN DAN PARIWISATA - 2.22.3.26.0.00.01.0000,01KPSEKNCKQGFM1Z782T5P8NJM,64415640,2026,E-Katalog 6.0,APBD,HERRY PONDAAG,E-Purchasing,Barang,Belanja Alat/Bahan untuk Kegiatan Kantor-Alat Listrik,ON PROCESS,293040,293040
KOTA KOTAMOBAGU,BADAN PERENCANAAN PENELITIAN DAN PENGEMBANGAN DAERAH - 5.01.5.05.0.00.01.0000,01KQRZJSHMRESG9FP2G4269GE9,62371571,2026,E-Katalog 6.0,APBD,FIGIH CICILIA MOKOGINTA,E-Purchasing,Barang,Belanja Makanan dan Minuman Rapat ,ON PROCESS,4320000,4320000
KOTA KOTAMOBAGU,SEKRETARIAT DAERAH - 4.01.0.00.0.00.01.0000,01KJEMABV86WG0HDYTEZESZNQ9,63425686,2026,E-Katalog 6.0,APBD,BERKAH TOTABUAN,E-Purchasing,Barang,Belanja Bahan-Bahan Lainnya,ON PROCESS,67396929,67396929
KOTA KOTAMOBAGU,BADAN PENGELOLA KEUANGAN DAERAH - 5.02.0.00.0.00.01.0000,01KJE7RRRA5SBH87B0D1CMSH0G,63058758,2026,E-Katalog 6.0,APBD,IRMA ASTUTI KOROMPOT,E-Purchasing,Jasa Lainnya,Belanja Alat/Bahan untuk Kegiatan Kantor- Bahan Cetak,ON PROCESS,21908803,21908803
KOTA KOTAMOBAGU,DINAS KOMUNIKASI DAN INFORMATIKA - 2.16.2.20.2.21.01.0000,01KVCYQ8P0TY29AZ93ZZ0REM60,62874058,2026,E-Katalog 6.0,APBD,KAZA REVOLUSIONER MEDIA,E-Purchasing,Jasa Lainnya,"Belanja Jasa Iklan/Reklame, Film, dan Pemotretan",ON PROCESS,2000000,2000000
KOTA KOTAMOBAGU,BLUD RSUD KOTAMOBAGU - 1.02.0.00.0.00.01.0001,01KMJDQ940F0HCNNJ6BQFW3TPV,64159880,2026,E-Katalog 6.0,BLUD,AOMA PRIMA MEDIKA,E-Purchasing,Barang,Belanja Barang dan Jasa BLUD,ON PROCESS,93206700,93206700
KOTA KOTAMOBAGU,SATUAN POLISI PAMONG PRAJA - 1.05.0.00.0.00.01.0000,01KRZ1D9Q2RKV87G1JM87DDAX7,66125914,2026,E-Katalog 6.0,APBD,U.D. TOTABUAN CITAWAYA,E-Purchasing,Jasa Lainnya,Belanja Pemeliharaan Alat Angkutan-Alat Angkutan Darat Bermotor-Kendaraan Dinas Bermotor Perorangan,ON PROCESS,72078960,72078960
KOTA KOTAMOBAGU,SEKRETARIAT DAERAH - 4.01.0.00.0.00.01.0000,01KTXCST3BNKR5792SNFGDGVT4,63469981,2026,E-Katalog 6.0,APBD,MAULANA IKHSAN GAIB,E-Purchasing,Jasa Lainnya,Belanja Jasa Tenaga Pelayanan Umum,ON PROCESS,2000000,2000000
KOTA KOTAMOBAGU,DINAS KOMUNIKASI DAN INFORMATIKA - 2.16.2.20.2.21.01.0000,01KVCC4D9EFH098VVWKTJ1CXWM,62874058,2026,E-Katalog 6.0,APBD,NEFA MEDIA UTAMA,E-Purchasing,Jasa Lainnya,"Belanja Jasa Iklan/Reklame, Film, dan Pemotretan",ON PROCESS,2000000,2000000
KOTA KOTAMOBAGU,DINAS KESEHATAN - 1.02.0.00.0.00.01.0000,01KQRF85Q91M9SVA6AVD670QP1,65347720,2026,E-Katalog 6.0,APBD,HERRY PONDAAG,E-Purchasing,Barang,Belanja Bahan-Bahan Bangunan dan Konstruks,ON PROCESS,2468429,2468429
KOTA KOTAMOBAGU,DINAS KOMUNIKASI DAN INFORMATIKA - 2.16.2.20.2.21.01.0000,01KRG27H1DPSHTKQTZSP0HB4TD,62874058,2026,E-Katalog 6.0,APBD,TOTABUAN PERS INDONESIA,E-Purchasing,Jasa Lainnya,"Belanja Jasa Iklan/Reklame, Film, dan Pemotretan",ON PROCESS,4995000,4995000
KOTA KOTAMOBAGU,DINAS KOMUNIKASI DAN INFORMATIKA - 2.16.2.20.2.21.01.0000,01KVC84R4BG1WN0HP9T7AKVVGX,62874058,2026,E-Katalog 6.0,APBD,MEDIAKU KABAR PUBLIK,E-Purchasing,Jasa Lainnya,"Belanja Jasa Iklan/Reklame, Film, dan Pemotretan",ON PROCESS,1998000,1998000
KOTA KOTAMOBAGU,DINAS KOMUNIKASI DAN INFORMATIKA - 2.16.2.20.2.21.01.0000,01KRG0CSSPSWK06ATFX4ZV1SNX,62874058,2026,E-Katalog 6.0,APBD,SULUT CEMERLANG PRESS,E-Purchasing,Jasa Lainnya,"Belanja Jasa Iklan/Reklame, Film, dan Pemotretan",ON PROCESS,1998000,1998000
KOTA KOTAMOBAGU,SEKRETARIAT DPRD - 4.02.0.00.0.00.01.0000,01KRWJK00QB76WDCR29T4P4CNH,63395422,2026,E-Katalog 6.0,APBD,BOLMONG POST CIPTA PARASANA,E-Purchasing,Jasa Lainnya,"Belanja Jasa Iklan/Reklame, Film, dan Pemotretan",ON PROCESS,2000000,2000000
KOTA KOTAMOBAGU,DINAS KOMUNIKASI DAN INFORMATIKA - 2.16.2.20.2.21.01.0000,01KRFXKQSFM0S2PWC4SPP30CNV,62874058,2026,E-Katalog 6.0,APBD,GEMA MEDIA KITA,E-Purchasing,Jasa Lainnya,"Belanja Jasa Iklan/Reklame, Film, dan Pemotretan",ON PROCESS,4995000,4995000
KOTA KOTAMOBAGU,DINAS KOMUNIKASI DAN INFORMATIKA - 2.16.2.20.2.21.01.0000,01KHZKD6T2DXT840XNMRQJB35A,62874058,2026,E-Katalog 6.0,APBD,SAHABAT NUKILA MULTIMEDIA,E-Purchasing,Jasa Lainnya,"Belanja Jasa Iklan/Reklame, Film, dan Pemotretan",ON PROCESS,2997000,2997000
KOTA KOTAMOBAGU,SEKRETARIAT DAERAH - 4.01.0.00.0.00.01.0000,01KQSFCD278DD48G8SJ4FZMNBD,63471718,2026,E-Katalog 6.0,APBD,WIRAHADI MOKODOMPIT,E-Purchasing,Jasa Lainnya,Belanja Jasa Tenaga Kebersihan,ON PROCESS,2000000,2000000
KOTA KOTAMOBAGU,DINAS KOMUNIKASI DAN INFORMATIKA - 2.16.2.20.2.21.01.0000,01KWNC2NMRN1WCVE4FEREBW3WM,62874058,2026,E-Katalog 6.0,APBD,TAGAR NUSANTARA MEDIA,E-Purchasing,Jasa Lainnya,"Belanja Jasa Iklan/Reklame, Film, dan Pemotretan",ON PROCESS,2000000,2000000
KOTA KOTAMOBAGU,SEKRETARIAT DPRD - 4.02.0.00.0.00.01.0000,01KQEJR86TAV7JC9QRTCNCBEV5,63354993,2026,E-Katalog 6.0,APBD,SUMBER REJEKI,E-Purchasing,Jasa Lainnya,Belanja Makanan dan Minuman Rapat,ON PROCESS,22800000,22800000
KOTA KOTAMOBAGU,PUSKESMAS MOTOBOI KECIL - 1.02.0.00.0.00.01.0003,01KPQDG53X6B0964NVJM46HXNG,63510664,2026,E-Katalog 6.0,APBD,BUNGAS AUTO MOTOR,E-Purchasing,Jasa Lainnya,Belanja Pemeliharaan Alat Angkutan-Alat Angkutan Darat Bermotor-Alat Angkutan Darat Bermotor Lainnya ( Kapitasi/JKN ),ON PROCESS,1589520,1589520
KOTA KOTAMOBAGU,BADAN PENGELOLA KEUANGAN DAERAH - 5.02.0.00.0.00.01.0000,01KS5PGAK6RREKQ488QN331VWN,63113411,2026,E-Katalog 6.0,APBD,IRMA ASTUTI KOROMPOT,E-Purchasing,Barang,Belanja Alat/Bahan untuk Kegiatan Kantor-Bahan Komputer,ON PROCESS,1888110,1888110
KOTA KOTAMOBAGU,DINAS KOMUNIKASI DAN INFORMATIKA - 2.16.2.20.2.21.01.0000,01KWNBQFY0QNPS4AX4NTKK4M5Q,62874058,2026,E-Katalog 6.0,APBD,SAHABAT SULAWESI ONLINE,E-Purchasing,Jasa Lainnya,"Belanja Jasa Iklan/Reklame, Film, dan Pemotretan",ON PROCESS,4995000,4995000
KOTA KOTAMOBAGU,BAGIAN PENGADAAN BARANG / JASA - 4.01.0.00.0.00.01.0007,01KVW0M1TE100S57B7MQFQ3PZM,64100859,2026,E-Katalog 6.0,APBD,MINPUT,E-Purchasing,Jasa Lainnya,Belanja Makanan dan Minuman Rapat (PBJ),ON PROCESS,5293000,5293000
KOTA KOTAMOBAGU,SEKRETARIAT DPRD - 4.02.0.00.0.00.01.0000,01KQ6QK6Q26XH179Q71KPGJ0B8,63395422,2026,E-Katalog 6.0,APBD,ANUGERAH JAYA KOTAMOBAGU,E-Purchasing,Jasa Lainnya,"Belanja Jasa Iklan/Reklame, Film, dan Pemotretan",ON PROCESS,999999,999999
KOTA KOTAMOBAGU,UPTD INSTALASI FARMASI - 1.02.0.00.0.00.01.0002,01KJS9BYMAQWTDYHFC40285MZH,63482000,2026,E-Katalog 6.0,APBD,MEPROFARM,E-Purchasing,Barang,Belanja Obat-Obatan-Obat,ON PROCESS,498834,498834
KOTA KOTAMOBAGU,DINAS KOMUNIKASI DAN INFORMATIKA - 2.16.2.20.2.21.01.0000,01KRFX5S7BT302WF6RQHYDZV9W,62874058,2026,E-Katalog 6.0,APBD,BIOVIO MEDIA INDONESIA,E-Purchasing,Jasa Lainnya,"Belanja Jasa Iklan/Reklame, Film, dan Pemotretan",ON PROCESS,2997000,2997000
KOTA KOTAMOBAGU,BLUD RSUD KOTAMOBAGU - 1.02.0.00.0.00.01.0001,01KTNSKSDYTMRY8CVHHRXR5S3Q,64159880,2026,E-Katalog 6.0,BLUD,CYNTHIA PRATIWI SUGEHA,E-Purchasing,Barang,Belanja Barang dan Jasa BLUD,ON PROCESS,16110000,16110000
KOTA KOTAMOBAGU,DINAS PENDIDIKAN - 1.01.0.00.0.00.01.0000,01KJS18QD8P3JEZ5AVBMVCW4RD,65263736,2026,E-Katalog 6.0,APBD,BUNGAS AUTO MOTOR,E-Purchasing,Jasa Lainnya,Belanja Pemeliharaan Alat Angkutan-Alat Angkutan Darat Bermotor-Kendaraan Dinas Bermotor Perorangan (Kendaraan Dinas Operasional atau Lapangan),ON PROCESS,2719500,2719500
KOTA KOTAMOBAGU,DINAS PEMBERDAYAAN PEREMPUAN DAN PERLINDUNGAN ANAK - 2.08.0.00.0.00.01.0000,01KJSM97RYD9Y44G41AYCNFFJM,64674098,2026,E-Katalog 6.0,APBD,HERRY PONDAAG,E-Purchasing,Barang,Belanja Alat/Bahan untuk Kegiatan Kantor- Bahan Cetak,ON PROCESS,542612,542612
KOTA KOTAMOBAGU,BAGIAN PROTOKOL DAN KOMUNIKASI PIMPINAN - 4.01.0.00.0.00.01.0004,01KJEJ85YFR13WT5C0MS3S02RT,63381513,2026,E-Katalog 6.0,APBD,FALDITYA FAHRIZAN BUCHARI,E-Purchasing,Jasa Lainnya,"Belanja Jasa Iklan/ Reklame , Film, dan Pemotretan",ON PROCESS,1500000,1500000
KOTA KOTAMOBAGU,BLUD RSUD KOTAMOBAGU - 1.02.0.00.0.00.01.0001,01KKTV38591WN94PQ6NX82172M,64159880,2026,E-Katalog 6.0,BLUD,GERBANG MITRA SEHATI,E-Purchasing,Barang,Belanja Barang dan Jasa BLUD,ON PROCESS,67721877,67721877
KOTA KOTAMOBAGU,BADAN PENGELOLA KEUANGAN DAERAH - 5.02.0.00.0.00.01.0000,01KTEC0CC7Q9YRXMCXS43PNNPT,63113250,2026,E-Katalog 6.0,APBD,CYNTHIA PRATIWI SUGEHA,E-Purchasing,Jasa Lainnya,Belanja Makanan dan Minuman Rapat,ON PROCESS,1047000,1047000
KOTA KOTAMOBAGU,DINAS PENDIDIKAN - 1.01.0.00.0.00.01.0000,01KQFD0HPW9FSXXCA5GGFK28RZ,65263307,2026,E-Katalog 6.0,APBD,KLIFJINO MASSI ,E-Purchasing,Barang,Belanja Alat/Bahan untuk Kegiatan Kantor- Bahan Cetak (Belanja Cetak dan Penggandaan),ON PROCESS,435000,435000
KOTA KOTAMOBAGU,UPTD INSTALASI FARMASI - 1.02.0.00.0.00.01.0002,01KS6VBN8AXASJTE3MA1B9V5S9,63480254,2026,E-Katalog 6.0,APBD,BERNOFARM,E-Purchasing,Barang,Belanja Bahan-Bahan Lainnya,ON PROCESS,12688410,12688410
KOTA KOTAMOBAGU,BADAN KESATUAN BANGSA DAN POLITIK - 8.01.0.00.0.00.01.0000,01KP2N3VKHKG44DSF9X23DR5PD,64417745,2026,E-Katalog 6.0,APBD,MINPUT,E-Purchasing,Jasa Lainnya,Belanja Makanan dan Minuman Aktivitas Lapangan,ON PROCESS,14696000,14696000
KOTA KOTAMOBAGU,BLUD RSUD KOTAMOBAGU - 1.02.0.00.0.00.01.0001,01KKFWGXT9KH22TTGFTY39J0X3,64159880,2026,E-Katalog 6.0,BLUD,BRYAN MEDIKAL,E-Purchasing,Barang,Belanja Barang dan Jasa BLUD,ON PROCESS,56234598,0
KOTA KOTAMOBAGU,DINAS KOMUNIKASI DAN INFORMATIKA - 2.16.2.20.2.21.01.0000,01KPB23HAR7E435BHZA9R8JFYG,62874058,2026,E-Katalog 6.0,APBD,MEDIA TOTABUAN INDONESIA,E-Purchasing,Jasa Lainnya,"Belanja Jasa Iklan/Reklame, Film, dan Pemotretan",ON PROCESS,4995000,4995000
KOTA KOTAMOBAGU,SEKRETARIAT DAERAH - 4.01.0.00.0.00.01.0000,01KTXA5YJEN0QAADM2M4DQ7ZT2,63469981,2026,E-Katalog 6.0,APBD,RASSYA SITI HAJAR MONOARFA,E-Purchasing,Jasa Lainnya,Belanja Jasa Tenaga Pelayanan Umum,ON PROCESS,2000000,2000000
KOTA KOTAMOBAGU,BAGIAN PROTOKOL DAN KOMUNIKASI PIMPINAN - 4.01.0.00.0.00.01.0004,01KW8ZPB9PG3VV4YJZWQJS6ZHY,63380394,2026,E-Katalog 6.0,APBD,SUWITO PAPUTUNGAN,E-Purchasing,Jasa Lainnya,Belanja Jasa Tenaga Sopir,ON PROCESS,1000000,1000000
KOTA KOTAMOBAGU,DINAS KETAHANAN PANGAN - 2.09.0.00.0.00.01.0000,01KRZ9GCBJR358N3SFZF5FR7SF,63985741,2026,E-Katalog 6.0,APBD,HERRY PONDAAG,E-Purchasing,Barang,Belanja Alat/Bahan untuk Kegiatan Kantor-Bahan Komputer,ON PROCESS,784548,784548
KOTA KOTAMOBAGU,BAGIAN UMUM - 4.01.0.00.0.00.01.0001,01KRV42CQBGPHN956PCH35C7X5,64519741,2026,E-Katalog 6.0,APBD,CARPERCOM,E-Purchasing,Barang,Belanja Modal Personal Computer,ON PROCESS,6600000,6600000
KOTA KOTAMOBAGU,BLUD RSUD KOTAMOBAGU - 1.02.0.00.0.00.01.0001,01KW9Y27S24J87E1430K73SDEB,67375290,2026,E-Katalog 6.0,BLUD,HOLI PHARMA,E-Purchasing,Barang,Belanja Barang dan Jasa BLUD,ON PROCESS,1420800,1420800
KOTA KOTAMOBAGU,DINAS KOMUNIKASI DAN INFORMATIKA - 2.16.2.20.2.21.01.0000,01KWNCJ35YQX73FNS55P6ACCDK,62874058,2026,E-Katalog 6.0,APBD,TOTABUAN PERS INDONESIA,E-Purchasing,Jasa Lainnya,"Belanja Jasa Iklan/Reklame, Film, dan Pemotretan",ON PROCESS,4995000,4995000
KOTA KOTAMOBAGU,DINAS PEKERJAAN UMUM DAN PENATAAN RUANG - 1.03.0.00.0.00.01.0000,01KWXF8VGYPB7R72JCEV7QNZ8G,62873812,2026,E-Katalog 6.0,APBD,VIRA VISTA PODOMI,E-Purchasing,Jasa Lainnya,Belanja Jasa Tenaga Penanganan Prasarana dan Sarana Umum,ON PROCESS,9000000,9000000
KOTA KOTAMOBAGU,SEKRETARIAT DPRD - 4.02.0.00.0.00.01.0000,01KJVSVJH7FEBAH9QSG4EE6EW8,63395422,2026,E-Katalog 6.0,APBD,MEDIA MONGONDOW SULAWESI,E-Purchasing,Jasa Lainnya,"Belanja Jasa Iklan/Reklame, Film, dan Pemotretan",ON PROCESS,2000000,2000000
KOTA KOTAMOBAGU,SEKRETARIAT DPRD - 4.02.0.00.0.00.01.0000,01KW91M33X6NBZSQZAYF1RERXH,63354993,2026,E-Katalog 6.0,APBD,SUMBER REJEKI,E-Purchasing,Jasa Lainnya,Belanja Makanan dan Minuman Rapat,ON PROCESS,22800000,22800000
KOTA KOTAMOBAGU,BLUD RSUD KOTAMOBAGU - 1.02.0.00.0.00.01.0001,01KFYQ83YTSE8WCFBAWT1EMX4W,64159880,2026,E-Katalog 6.0,BLUD,DEXA MEDICA,E-Purchasing,Barang,Belanja Barang dan Jasa BLUD,ON PROCESS,38486475,38486475
KOTA KOTAMOBAGU,DINAS KOMUNIKASI DAN INFORMATIKA - 2.16.2.20.2.21.01.0000,01KHW9NVHQVXJ2MB7AT4V5N4BF,63341178,2026,E-Katalog 6.0,APBD,BONNY ABDULRAUF,E-Purchasing,Barang,Belanja Alat/Bahan untuk Kegiatan Kantor-Alat Tulis Kantor,ON PROCESS,946275,946275
KOTA KOTAMOBAGU,PUSKESMAS GOGAGOMAN - 1.02.0.00.0.00.01.0004,01KG6ENMYWH7R0TXGFD8M2W0AQ,63779780,2026,E-Katalog 6.0,APBD,JAYA ARTHA,E-Purchasing,Barang,Belanja Alat/Bahan Untuk kegiatan Kantor - Alat Listrik,PAYMENT OUTSIDE SYSTEM,1709400,1709400
KOTA KOTAMOBAGU,DINAS KOMUNIKASI DAN INFORMATIKA - 2.16.2.20.2.21.01.0000,01KPAKR8D07YW8WRDMQE4ZTBVM,62874058,2026,E-Katalog 6.0,APBD,BARIS ABJAD DIGITAL,E-Purchasing,Jasa Lainnya,"Belanja Jasa Iklan/Reklame, Film, dan Pemotretan",ON PROCESS,2000000,2000000
KOTA KOTAMOBAGU,SEKRETARIAT DPRD - 4.02.0.00.0.00.01.0000,01KKERRF607AGG233V696181RC,63211862,2026,E-Katalog 6.0,APBD,BUNGAS AUTO MOTOR,E-Purchasing,Jasa Lainnya,Belanja Pemeliharaan Alat Angkutan-Alat Angkutan Darat Bermotor-Kendaraan Dinas Bermotor Perorangan,ON PROCESS,15040500,15040500
KOTA KOTAMOBAGU,SEKRETARIAT DAERAH - 4.01.0.00.0.00.01.0000,01KQV8ZX7RSN3MTCN7A6P7KKWP,63469981,2026,E-Katalog 6.0,APBD,MAULANA IKHSAN GAIB,E-Purchasing,Jasa Lainnya,Belanja Jasa Tenaga Pelayanan Umum,ON PROCESS,2000000,2000000
KOTA KOTAMOBAGU,BLUD RSUD KOTAMOBAGU - 1.02.0.00.0.00.01.0001,01KW4M3VJGT61Q6Z65KK68G9CM,67375290,2026,E-Katalog 6.0,BLUD,FRESENIUS MEDICAL CARE INDONESIA,E-Purchasing,Barang,Belanja Barang dan Jasa BLUD,ON PROCESS,94929420,0
KOTA KOTAMOBAGU,DINAS PERHUBUNGAN - 2.15.0.00.0.00.01.0000,01KWBQM25HV9YAY0NSNBHF389B,64528902,2026,E-Katalog 6.0,APBD,IRMA ASTUTI KOROMPOT,E-Purchasing,Barang,Belanja Alat/Bahan untuk kegiatan Kantor - Alat/Bahan untuk Kegiatan Kantor Lainnya,ON PROCESS,545565,545565
KOTA KOTAMOBAGU,DINAS PERUMAHAN RAKYAT DAN KAWASAN PERMUKIMAN - 1.04.2.10.0.00.01.0000,01KWBNNHFW4FCVX75Y6S4N6F2E,64582203,2026,E-Katalog 6.0,APBD,LA ROSE,E-Purchasing,Barang," Belanja Alat/Bahan untuk Kegiatan Kantor-Bahan Komputer",ON PROCESS,1511995,1511995
KOTA KOTAMOBAGU,DINAS LINGKUNGAN HIDUP - 2.11.0.00.0.00.01.0000,01KWBPG62M38P9BFV371VSYWRC,64438622,2026,E-Katalog 6.0,APBD,ARCO SAMUDRA PERKASA,E-Purchasing,Jasa Lainnya,Belanja Jasa Tenaga Kebersihan,ON PROCESS,1271813411,1271813411
KOTA KOTAMOBAGU,DINAS PERINDUSTRIAN DAN TENAGA KERJA - 3.31.2.07.0.00.01.0000,01KRB36VAG55ZKJ26P5TP40ANY,65351538,2026,E-Katalog 6.0,APBD,IRMA ASTUTI KOROMPOT,E-Purchasing,Barang,Belanja Alat/Bahan untuk Kegiatan Kantor-Bahan Komputer,ON PROCESS,675000,675000
KOTA KOTAMOBAGU,DINAS PEKERJAAN UMUM DAN PENATAAN RUANG - 1.03.0.00.0.00.01.0000,10147785000,64631909,2026,Tender,APBD,,Tender,Pekerjaan Konstruksi,Rehabilitasi Taman Kota,BERLANGSUNG,999972793,999972793
KOTA KOTAMOBAGU,BAGIAN PEMERINTAHAN - 4.01.0.00.0.00.01.0002,01KX29HV68SZ9BF8MSTP2B2291,67452293,2026,E-Katalog 6.0,APBD,BUNGAS AUTO MOTOR,E-Purchasing,Jasa Lainnya,Belanja Pemeliharaan Alat Angkutan-Alat Angkutan Darat Bermotor-Kendaraan Dinas Bermotor Perorangan,ON PROCESS,7061265,7061265
KOTA KOTAMOBAGU,DINAS KOMUNIKASI DAN INFORMATIKA - 2.16.2.20.2.21.01.0000,01KK3SA9W4SMXB58WWZN260EQ5,62874058,2026,E-Katalog 6.0,APBD,TAGAR NUSANTARA MEDIA,E-Purchasing,Jasa Lainnya,"Belanja Jasa Iklan/Reklame, Film, dan Pemotretan",ON PROCESS,2000000,2000000
KOTA KOTAMOBAGU,"DINAS PERDAGANGAN, KOPERASI, USAHA KECIL DAN MENENGAH - 3.30.2.17.0.00.01.0000",01KT3VQEYWM73YRM39FGW7TYM0,65278956,2026,E-Katalog 6.0,APBD,THIRZA ADIPRATI DJAMAN,E-Purchasing,Barang,Belanja Bahan-Bahan Lainnya,ON PROCESS,550560,550560
KOTA KOTAMOBAGU,DINAS KEBUDAYAAN DAN PARIWISATA - 2.22.3.26.0.00.01.0000,01KJWBEJ47E0F4SEAEGW6ZTC2P,64410220,2026,E-Katalog 6.0,APBD,YUDHI KADHIKA,E-Purchasing,Jasa Lainnya,Belanja Alat/Bahan untuk Kegiatan Kantor- Bahan Cetak,ON PROCESS,1154400,1154400
KOTA KOTAMOBAGU,BLUD RSUD KOTAMOBAGU - 1.02.0.00.0.00.01.0001,01KKPB8511PAG1PMH26RB8YWYQ,64159880,2026,E-Katalog 6.0,BLUD,GERBANG MITRA SEHATI,E-Purchasing,Barang,Belanja Barang dan Jasa BLUD,ON PROCESS,51723347,51723347
KOTA KOTAMOBAGU,DINAS KOMUNIKASI DAN INFORMATIKA - 2.16.2.20.2.21.01.0000,01KPAK23H43FXZRS3P8MGNJWT1,62874058,2026,E-Katalog 6.0,APBD,MEDIA GHAZALI PERKASA,E-Purchasing,Jasa Lainnya,"Belanja Jasa Iklan/Reklame, Film, dan Pemotretan",ON PROCESS,2000000,2000000
KOTA KOTAMOBAGU,BAGIAN PEREKONOMIAN DAN PEMBANGUNAN - 4.01.0.00.0.00.01.0006,01KP5HH90PAG3R74J653YYB8DJ,64456528,2026,E-Katalog 6.0,APBD,IRMA ASTUTI KOROMPOT,E-Purchasing,Barang,Belanja Alat/Bahan untuk Kegiatan Kantor-Bahan Komputer,ON PROCESS,539904,539904
KOTA KOTAMOBAGU,BLUD RSUD KOTAMOBAGU - 1.02.0.00.0.00.01.0001,01KW9P54M1069DB4JBV5YGY1G9,67375290,2026,E-Katalog 6.0,BLUD,AMAROX PHARMA GLOBAL,E-Purchasing,Barang,Belanja Barang dan Jasa BLUD,ON PROCESS,22822273,22822273
KOTA KOTAMOBAGU,DINAS KEPENDUDUKAN DAN PENCATATAN SIPIL - 2.12.0.00.0.00.01.0000,01KSF2CNNCHN72Q9BW281R0ZCQ,62828578,2026,E-Katalog 6.0,APBD,HERRY PONDAAG,E-Purchasing,Barang,Belanja Alat/Bahan untuk Kegiatan Kantor-Alat Tulis Kantor,ON PROCESS,981795,981795
KOTA KOTAMOBAGU,DINAS KOMUNIKASI DAN INFORMATIKA - 2.16.2.20.2.21.01.0000,01KSHBF5NM6A2Z5301APTTV99N,62874058,2026,E-Katalog 6.0,APBD,MEDIA REPORTASE SULUT,E-Purchasing,Jasa Lainnya,"Belanja Jasa Iklan/Reklame, Film, dan Pemotretan",ON PROCESS,999000,999000
KOTA KOTAMOBAGU,SEKRETARIAT DAERAH - 4.01.0.00.0.00.01.0000,01KQTXSRTA5DVYGSY4NZ9141AZ,63469981,2026,E-Katalog 6.0,APBD,HUSAIN MONOARFA,E-Purchasing,Jasa Lainnya,Belanja Jasa Tenaga Pelayanan Umum,ON PROCESS,2600000,2600000
KOTA KOTAMOBAGU,DINAS PEKERJAAN UMUM DAN PENATAAN RUANG - 1.03.0.00.0.00.01.0000,01KK15T7Q3RT65MXZGTPFA210C,63004308,2026,E-Katalog 6.0,APBD,LA ROSE,E-Purchasing,Barang," Belanja Alat/Bahan untuk Kegiatan Kantor-Bahan Komputer",ON PROCESS,1438560,1438560
KOTA KOTAMOBAGU,DINAS PENDIDIKAN - 1.01.0.00.0.00.01.0000,01KPD8VGRQEMD1XNBYK7SFWSY1,65198219,2026,E-Katalog 6.0,APBD,YUNIARNI,E-Purchasing,Barang,Belanja Makanan dan Minuman Rapat (Sekertariat),ON PROCESS,4875000,4875000
KOTA KOTAMOBAGU,BLUD RSUD KOTAMOBAGU - 1.02.0.00.0.00.01.0001,01KW98H14KMNR3J0CMC9HT7S2J,67375290,2026,E-Katalog 6.0,BLUD,OTSUKA INDONESIA,E-Purchasing,Barang,Belanja Barang dan Jasa BLUD,ON PROCESS,2520710,2520710
KOTA KOTAMOBAGU,BADAN KEPEGAWAIAN PENDIDIKAN DAN PELATIHAN - 5.03.5.04.0.00.01.0000,01KVVXCQWEFVR41BRY520PD7V6,63075093,2026,E-Katalog 6.0,APBD,IRMA ASTUTI KOROMPOT,E-Purchasing,Barang,Belanja Alat/Bahan untuk Kegiatan Kantor-Alat Tulis Kantor,ON PROCESS,1474080,1474080
KOTA KOTAMOBAGU,BADAN PENGELOLA KEUANGAN DAERAH - 5.02.0.00.0.00.01.0000,01KJY6PFES81RKCM4E1WYRVS5V,63113424,2026,E-Katalog 6.0,APBD,IRMA ASTUTI KOROMPOT,E-Purchasing,Barang,Belanja Alat/Bahan untuk Kegiatan Kantor-Alat Tulis Kantor,ON PROCESS,2697300,2697300
KOTA KOTAMOBAGU,DINAS KOMUNIKASI DAN INFORMATIKA - 2.16.2.20.2.21.01.0000,01KRFEGJ7NJ9SYJZACNFHSN23P,62874058,2026,E-Katalog 6.0,APBD,COKROAMINOTO AMANAH BANGSA,E-Purchasing,Jasa Lainnya,"Belanja Jasa Iklan/Reklame, Film, dan Pemotretan",ON PROCESS,1998000,1998000
KOTA KOTAMOBAGU,DINAS KEPENDUDUKAN DAN PENCATATAN SIPIL - 2.12.0.00.0.00.01.0000,01KHT998AD85F0KWN0VNP8SJY6,62923416,2026,E-Katalog 6.0,APBD,RHAVA COMPUTINDO,E-Purchasing,Barang,Belanja Alat/Bahan untuk Kegiatan Kantor-Bahan Komputer,ON PROCESS,4025970,4025970
KOTA KOTAMOBAGU,DINAS KOMUNIKASI DAN INFORMATIKA - 2.16.2.20.2.21.01.0000,01KK3S70KVHYKHJHPBT0TR3DQK,62874058,2026,E-Katalog 6.0,APBD,SULUT CYBER MEDIA,E-Purchasing,Jasa Lainnya,"Belanja Jasa Iklan/Reklame, Film, dan Pemotretan",ON PROCESS,2997000,2997000
KOTA KOTAMOBAGU,BADAN KEPEGAWAIAN PENDIDIKAN DAN PELATIHAN - 5.03.5.04.0.00.01.0000,01KJA20G3AVA7GB5HCY3858B2M,63418769,2026,E-Katalog 6.0,APBD,IRMA ASTUTI KOROMPOT,E-Purchasing,Barang,Belanja Alat/Bahan untuk Kegiatan Kantor- Kertas dan Cover,ON PROCESS,935730,935730
KOTA KOTAMOBAGU,BAGIAN KESEJAHTERAAN RAKYAT - 4.01.0.00.0.00.01.0005,01KWBDH3MBVK3B4X6JVK0T0PAX,63446718,2026,E-Katalog 6.0,APBD,CYNTHIA PRATIWI SUGEHA,E-Purchasing,Barang,Belanja Makanan dan Minuman Rapat,ON PROCESS,9600000,9600000
KOTA KOTAMOBAGU,PUSKESMAS KOTOBANGON - 1.02.0.00.0.00.01.0005,01KRWWCN2GMB6QBJ1JJRDA3NX0,64197726,2026,E-Katalog 6.0,APBD,MINPUT,E-Purchasing,Jasa Lainnya,Belanja Makanan dan Minuman Rapat,ON PROCESS,2035500,2035500
KOTA KOTAMOBAGU,PUSKESMAS GOGAGOMAN - 1.02.0.00.0.00.01.0004,01KV9RQEZC3PHCTXVJBF3S1BKA,63650464,2026,E-Katalog 6.0,APBD,JAYA ARTHA,E-Purchasing,Barang,Belanja Alat/Bahan untuk Kegiatan Kantor - Alat Tulis Kantor Puskesmas Gogagoman,ON PROCESS,2071260,2071260
KOTA KOTAMOBAGU,SEKRETARIAT DAERAH - 4.01.0.00.0.00.01.0000,01KJSCAM8HY7G4PQY5014HPY8E,63423831,2026,E-Katalog 6.0,APBD,YUNIARNI,E-Purchasing,Barang,Belanja Makanan dan Minuman Rapat,ON PROCESS,2100000,2100000
KOTA KOTAMOBAGU,KECAMATAN KOTAMOBAGU TIMUR - 7.01.0.00.0.00.03.0000,01KH2P3PT2AWVHXBZDHF5K05CG,64559872,2026,E-Katalog 6.0,APBD,YUDHI KADHIKA,E-Purchasing,Jasa Lainnya,Belanja Alat/Bahan untuk Kegiatan Kantor- Bahan Cetak ,ON PROCESS,288067,288067
KOTA KOTAMOBAGU,BADAN PERENCANAAN PENELITIAN DAN PENGEMBANGAN DAERAH - 5.01.5.05.0.00.01.0000,01KTK1TY2S2J3XBFEH3CQP6J6P,62551299,2026,E-Katalog 6.0,APBD,FIGIH CICILIA MOKOGINTA,E-Purchasing,Barang,Belanja Makanan dan Minuman Rapat,ON PROCESS,2400000,2400000
KOTA KOTAMOBAGU,DINAS KOMUNIKASI DAN INFORMATIKA - 2.16.2.20.2.21.01.0000,01KVA434NC31MP5PPQN32NNRJK,62874058,2026,E-Katalog 6.0,APBD,COKROAMINOTO AMANAH BANGSA,E-Purchasing,Jasa Lainnya,"Belanja Jasa Iklan/Reklame, Film, dan Pemotretan",ON PROCESS,1998000,1998000
KOTA KOTAMOBAGU,BLUD RSUD KOTAMOBAGU - 1.02.0.00.0.00.01.0001,01KG1KTDY4RZWA3MRVCAPK2QZE,64159880,2026,E-Katalog 6.0,BLUD,ADYA ARTHA ABADI,E-Purchasing,Barang,Belanja Barang dan Jasa BLUD,ON PROCESS,99944678,99944678
KOTA KOTAMOBAGU,DINAS PERHUBUNGAN - 2.15.0.00.0.00.01.0000,01KK0JDJR3JD0968X823H3HKCM,64540330,2026,E-Katalog 6.0,APBD,IRMA ASTUTI KOROMPOT,E-Purchasing,Barang,Belanja Alat/Bahan untuk kegiatan Kantor - Alat Tulis Kantor,ON PROCESS,541791,541791
KOTA KOTAMOBAGU,BLUD RSUD KOTAMOBAGU - 1.02.0.00.0.00.01.0001,01KRZG60YXZ7H8480A2MYCYPNQ,64159880,2026,E-Katalog 6.0,BLUD,AOMA PRIMA MEDIKA,E-Purchasing,Barang,Belanja Barang dan Jasa BLUD,ON PROCESS,23254056,23254056
KOTA KOTAMOBAGU,DINAS KOMUNIKASI DAN INFORMATIKA - 2.16.2.20.2.21.01.0000,01KVCY66GG1JPZQ7YEKZ4WBPQY,62874058,2026,E-Katalog 6.0,APBD,TOTABUAN ONLINE VISIONER,E-Purchasing,Jasa Lainnya,"Belanja Jasa Iklan/Reklame, Film, dan Pemotretan",ON PROCESS,2000000,2000000
KOTA KOTAMOBAGU,DINAS KOMUNIKASI DAN INFORMATIKA - 2.16.2.20.2.21.01.0000,01KK3K4SWX7H45A8C1CWEM7CBP,62874058,2026,E-Katalog 6.0,APBD,MEDIA MONGONDOW SULAWESI,E-Purchasing,Jasa Lainnya,"Belanja Jasa Iklan/Reklame, Film, dan Pemotretan",ON PROCESS,2000000,2000000
KOTA KOTAMOBAGU,DINAS PEKERJAAN UMUM DAN PENATAAN RUANG - 1.03.0.00.0.00.01.0000,01KPPY2103SQC4VVW4DWRXTFXV,65477444,2026,E-Katalog 6.0,APBD,LA ROSE,E-Purchasing,Barang,Belanja Alat/Bahan untuk Kegiatan Kantor-Bahan Komputer,ON PROCESS,5764230,5764230
KOTA KOTAMOBAGU,DINAS KOMUNIKASI DAN INFORMATIKA - 2.16.2.20.2.21.01.0000,01KRFX977D5NN5SYFF5453PVTC,62874058,2026,E-Katalog 6.0,APBD,SOLUSINDO INTERMEDIA SULAWESI,E-Purchasing,Jasa Lainnya,"Belanja Jasa Iklan/Reklame, Film, dan Pemotretan",ON PROCESS,1998000,1998000
KOTA KOTAMOBAGU,DINAS KOMUNIKASI DAN INFORMATIKA - 2.16.2.20.2.21.01.0000,01KWE3F74ZJ9J2MBEP9PZAAY89,62874058,2026,E-Katalog 6.0,APBD,BOLMONG POST CIPTA PARASANA,E-Purchasing,Jasa Lainnya,"Belanja Jasa Iklan/Reklame, Film, dan Pemotretan",ON PROCESS,1998000,1998000
KOTA KOTAMOBAGU,DINAS LINGKUNGAN HIDUP - 2.11.0.00.0.00.01.0000,01KPN2A9Q2D9PYR9CXJGJ5GKGC,66203704,2026,E-Katalog 6.0,APBD,BUNGAS AUTO MOTOR,E-Purchasing,Jasa Lainnya,Belanja Pemeliharaan Alat Angkutan - Alat Angkutan Darat Bermotor - Kendaraan Dinas Bermotor Perorangan,ON PROCESS,4293480,4293480
KOTA KOTAMOBAGU,SEKRETARIAT DAERAH - 4.01.0.00.0.00.01.0000,01KJHYBA2NG8GF4Z5CDJ3DE48J,63469981,2026,E-Katalog 6.0,APBD,MOH YAMIN AMBOY,E-Purchasing,Jasa Lainnya,Belanja Jasa Tenaga Pelayanan Umum,ON PROCESS,2000000,2000000
KOTA KOTAMOBAGU,DINAS PERINDUSTRIAN DAN TENAGA KERJA - 3.31.2.07.0.00.01.0000,01KJVHKZ1R5KJ4X567VD5XSH92,65349739,2026,E-Katalog 6.0,APBD,IRMA ASTUTI KOROMPOT,E-Purchasing,Barang,Belanja Alat/Bahan untuk Kegiatan Kantor-Alat Tulis Kantor,ON PROCESS,1562640,1562640
KOTA KOTAMOBAGU,SEKRETARIAT DAERAH - 4.01.0.00.0.00.01.0000,01KJHZTNJE4QG7H0TJTTDYR1RP,63474911,2026,E-Katalog 6.0,APBD,MARLIA GINOGA,E-Purchasing,Jasa Lainnya,Belanja Jasa Tenaga Juru Masak,ON PROCESS,2600000,2600000
KOTA KOTAMOBAGU,DINAS KOMUNIKASI DAN INFORMATIKA - 2.16.2.20.2.21.01.0000,01KWGJ8KQVJ0JPXXK9V80WDB9M,62874058,2026,E-Katalog 6.0,APBD,MEDIA GHAZALI PERKASA,E-Purchasing,Jasa Lainnya,"Belanja Jasa Iklan/Reklame, Film, dan Pemotretan",ON PROCESS,2000000,2000000
KOTA KOTAMOBAGU,DINAS PERUMAHAN RAKYAT DAN KAWASAN PERMUKIMAN - 1.04.2.10.0.00.01.0000,01KH8FXQ1X9QS4S21FJYS69S2G,64632170,2026,E-Katalog 6.0,APBD,ABDULLAH MAKALALAG,E-Purchasing,Jasa Lainnya," Belanja Jasa Tenaga Kebersihan",ON PROCESS,6000000,6000000
KOTA KOTAMOBAGU,KECAMATAN KOTAMOBAGU UTARA - 7.01.0.00.0.00.04.0000,01KRGR87ZS1NPC3M8YN5VHBZ00,62959042,2026,E-Katalog 6.0,APBD,ARIANTO LIHAWA,E-Purchasing,Jasa Lainnya,Belanja Pakaian Batik Tradisional,ON PROCESS,20995650,20995650
KOTA KOTAMOBAGU,BLUD RSUD KOTAMOBAGU - 1.02.0.00.0.00.01.0001,01KK86DZ6KWFTARNEGDG05HNGC,62976479,2026,E-Katalog 6.0,BLUD,MEDTRO MEDICA UTAMA,E-Purchasing,Barang,Belanja Modal Peralatan dan Mesin BLUD,ON PROCESS,311632500,311632500
KOTA KOTAMOBAGU,KECAMATAN KOTAMOBAGU TIMUR - 7.01.0.00.0.00.03.0000,01KHSXN7E3C9NBXSWMY7XHT7VQ,64558256,2026,E-Katalog 6.0,APBD,BUNGAS AUTO MOTOR,E-Purchasing,Jasa Lainnya,Belanja Pemeliharaan ,ON PROCESS,8713056,8713056
KOTA KOTAMOBAGU,BAGIAN UMUM - 4.01.0.00.0.00.01.0001,10935217000,66860132,2026,Non Tender,APBD,SANDILENSUN,Pengadaan Langsung,Jasa Konsultansi Perorangan Konstruksi,Belanja Jasa Konsultansi Perencanaan Arsitektur-Jasa Desain Arsitektural (Ruang Kantor Asisten 2 dan Staf Ahli),BERLANGSUNG,7250000,7250000
KOTA KOTAMOBAGU,DINAS KOMUNIKASI DAN INFORMATIKA - 2.16.2.20.2.21.01.0000,01KTTHN6T6R569RM4YRHZPQNY1,63131205,2026,E-Katalog 6.0,APBD,MINPUT,E-Purchasing,Barang,Belanja Makanan dan Minuman Rapat,ON PROCESS,1725000,1725000
KOTA KOTAMOBAGU,SEKRETARIAT DAERAH - 4.01.0.00.0.00.01.0000,01KJQW8FJRTA7RSMB2SG62MQMT,63474266,2026,E-Katalog 6.0,APBD,SONNY Y. KOROMPOT,E-Purchasing,Jasa Lainnya,Belanja Jasa Tenaga Supir,ON PROCESS,4000000,4000000
KOTA KOTAMOBAGU,SEKRETARIAT DAERAH - 4.01.0.00.0.00.01.0000,01KTXCZ7DRJMTB68RKDECPCR6V,63469981,2026,E-Katalog 6.0,APBD,MOH YAMIN AMBOY,E-Purchasing,Jasa Lainnya,Belanja Jasa Tenaga Pelayanan Umum,ON PROCESS,2000000,2000000
KOTA KOTAMOBAGU,DINAS PERHUBUNGAN - 2.15.0.00.0.00.01.0000,01KWDNZD23Z2M3J8J58V4TA58Z,64531720,2026,E-Katalog 6.0,APBD,IRMA ASTUTI KOROMPOT,E-Purchasing,Barang,Belanja Alat/Bahan untuk kegiatan Kantor - Alat Tulis Kantor,ON PROCESS,551448,551448
KOTA KOTAMOBAGU,BAGIAN UMUM - 4.01.0.00.0.00.01.0001,01KGNT3BT3P5QA2C8SMNVWTSEX,64491551,2026,E-Katalog 6.0,APBD,HERRY PONDAAG,E-Purchasing,Barang,Belanja Obat-Obatan-Obat-Obatan Lainnya,ON PROCESS,472494,472494
KOTA KOTAMOBAGU,BLUD RSUD KOTAMOBAGU - 1.02.0.00.0.00.01.0001,01KMHZE4A4Y6TYPD8Y1T9JSR0E,64159880,2026,E-Katalog 6.0,BLUD,UNGGUL PRIMA HARAPAN,E-Purchasing,Barang,Belanja Barang dan Jasa BLUD,ON PROCESS,74259000,74259000
KOTA KOTAMOBAGU,DINAS KEPENDUDUKAN DAN PENCATATAN SIPIL - 2.12.0.00.0.00.01.0000,01KNGCH7QC26X23DT7QA59PH3R,62830892,2026,E-Katalog 6.0,APBD,RHAVA COMPUTINDO,E-Purchasing,Barang,Belanja Alat/Bahan untuk Kegiatan Kantor-Bahan Komputer,ON PROCESS,97569000,0
KOTA KOTAMOBAGU,BAGIAN HUKUM - 4.01.0.00.0.00.01.0003,01KS24DM4X1NHH3TE4H38WJE11,63075233,2026,E-Katalog 6.0,APBD,IRMA ASTUTI KOROMPOT,E-Purchasing,Barang," Belanja Alat/Bahan untuk Kegiatan Kantor-Bahan Komputer",ON PROCESS,1435230,1435230
KOTA KOTAMOBAGU,UPTD INSTALASI FARMASI - 1.02.0.00.0.00.01.0002,01KHT5RC8M81XY0P917GBPY333,63482000,2026,E-Katalog 6.0,APBD,BERNOFARM,E-Purchasing,Barang,Belanja Obat-Obatan-Obat,ON PROCESS,20998814,20998814
KOTA KOTAMOBAGU,DINAS KOMUNIKASI DAN INFORMATIKA - 2.16.2.20.2.21.01.0000,01KPB44B1F8RA97B3N7QMF92KX,62874058,2026,E-Katalog 6.0,APBD,MENTARI GEMILANG MEDIA,E-Purchasing,Jasa Lainnya,"Belanja Jasa Iklan/Reklame, Film, dan Pemotretan",ON PROCESS,1998000,1998000
KOTA KOTAMOBAGU,DINAS PEMBERDAYAAN PEREMPUAN DAN PERLINDUNGAN ANAK - 2.08.0.00.0.00.01.0000,01KJSAE20VPZQ880R53RESX4DY,64676693,2026,E-Katalog 6.0,APBD,HERRY PONDAAG,E-Purchasing,Barang,Belanja Alat/Bahan untuk Kegiatan Kantor- Kertas dan Cover,ON PROCESS,659895,659895
KOTA KOTAMOBAGU,UPTD PERLINDUNGAN PEREMPUAN DAN ANAK - 2.08.0.00.0.00.01.0001,01KTQQY8Z3K24TEMXPK4A486TB,65946433,2026,E-Katalog 6.0,APBD,BUNGAS AUTO MOTOR,E-Purchasing,Barang,Belanja Pemeliharaan Alat Angkutan-Alat Angkutan Darat Bermotor-Kendaraan Dinas Bermotor Perorangan,ON PROCESS,377400,377400
KOTA KOTAMOBAGU,DINAS KEBUDAYAAN DAN PARIWISATA - 2.22.3.26.0.00.01.0000,01KQCR79W87X50XAHWN2KZR9JX,64414494,2026,E-Katalog 6.0,APBD,HERRY PONDAAG,E-Purchasing,Barang,Belanja Alat/Bahan untuk Kegiatan Kantor-Alat Tulis Kantor,ON PROCESS,362415,362415
KOTA KOTAMOBAGU,DINAS SOSIAL - 1.06.0.00.0.00.01.0000,01KV04T4KKQYQPJ463EPF5TYK1,64505295,2026,E-Katalog 6.0,APBD,HAIRUN MAMONTO,E-Purchasing,Barang,Belanja Barang untuk Dijual/Diserahkan kepada Masyarakat ,ON PROCESS,2508600,2508600
KOTA KOTAMOBAGU,BAGIAN UMUM - 4.01.0.00.0.00.01.0001,01KKB6DNDJ0GSB0D3J8D99THME,64509313,2026,E-Katalog 6.0,APBD,RIVS,E-Purchasing,Barang,Belanja Pemeliharaan Alat Angkutan-Alat Angkutan Darat Bermotor-Kendaraan Dinas Bermotor Perorangan,ON PROCESS,8237310,8237310
KOTA KOTAMOBAGU,DINAS KOMUNIKASI DAN INFORMATIKA - 2.16.2.20.2.21.01.0000,01KRFW0NJHJ0R8Q8CN8NGQJRP7,62874058,2026,E-Katalog 6.0,APBD,KARUNIA MEDIA KREATIF,E-Purchasing,Jasa Lainnya,"Belanja Jasa Iklan/Reklame, Film, dan Pemotretan",ON PROCESS,3996000,3996000
KOTA KOTAMOBAGU,SEKRETARIAT DPRD - 4.02.0.00.0.00.01.0000,01KQTSA636PY3MYR0G68AKZJRV,63395422,2026,E-Katalog 6.0,APBD,FAKTA BMR BERSATU,E-Purchasing,Jasa Lainnya,"Belanja Jasa Iklan/Reklame, Film, dan Pemotretan",ON PROCESS,2000000,2000000
KOTA KOTAMOBAGU,DINAS KOMUNIKASI DAN INFORMATIKA - 2.16.2.20.2.21.01.0000,01KWGME5EAP09H1KR40JDYA5Q9,62874058,2026,E-Katalog 6.0,APBD,MEDIA TOTABUAN INDONESIA,E-Purchasing,Jasa Lainnya,"Belanja Jasa Iklan/Reklame, Film, dan Pemotretan",ON PROCESS,4995000,4995000
KOTA KOTAMOBAGU,DINAS PEKERJAAN UMUM DAN PENATAAN RUANG - 1.03.0.00.0.00.01.0000,01KTAVEQ3B9DH0PPGFDWPQHYZX,64871093,2026,E-Katalog 6.0,APBD,YUNIARNI,E-Purchasing,Jasa Lainnya,Belanja Makanan dan Minuman Rapat,ON PROCESS,3000000,3000000
KOTA KOTAMOBAGU,SEKRETARIAT DAERAH - 4.01.0.00.0.00.01.0000,01KQV8FMMBJ2SGTSDJVV76TMEK,63469981,2026,E-Katalog 6.0,APBD,FERDINA NALOLE,E-Purchasing,Jasa Lainnya,Belanja Jasa Tenaga Pelayanan Umum,ON PROCESS,2000000,2000000
KOTA KOTAMOBAGU,KECAMATAN KOTAMOBAGU BARAT - 7.01.0.00.0.00.01.0000,01KH2PPCHT7ZPXJ9HAXXQN7CT3,65348188,2026,E-Katalog 6.0,APBD,MINPUT,E-Purchasing,Jasa Lainnya,Belanja makan dan minum rapat ,ON PROCESS,6125000,6125000
KOTA KOTAMOBAGU,BLUD RSUD KOTAMOBAGU - 1.02.0.00.0.00.01.0001,01KTAK3N629D530X22AVQZT234,64159880,2026,E-Katalog 6.0,BLUD,OTSUKA INDONESIA,E-Purchasing,Barang,Belanja Barang dan Jasa BLUD,ON PROCESS,40858545,40858545
KOTA KOTAMOBAGU,SEKRETARIAT DPRD - 4.02.0.00.0.00.01.0000,01KRX1DE797SWA6YJQ0DQWXRWD,63354993,2026,E-Katalog 6.0,APBD,SUMBER REJEKI,E-Purchasing,Jasa Lainnya,Belanja Makanan dan Minuman Rapat,ON PROCESS,1470000,1470000
KOTA KOTAMOBAGU,DINAS KEARSIPAN DAN PERPUSTAKAAN - 2.24.2.23.0.00.01.0000,01KTEQXDKRW95N2YFJJX7V0C70,66139508,2026,E-Katalog 6.0,APBD,YUNIARNI,E-Purchasing,Barang,Belanja Makanan Dan Minuman Raapat,ON PROCESS,4980000,4980000
KOTA KOTAMOBAGU,DINAS KEPEMUDAAN DAN OLAHRAGA - 2.19.0.00.0.00.01.0000,01KNK67EABDD6YTT8S8YB01192,64979699,2026,E-Katalog 6.0,APBD,HERRY PONDAAG,E-Purchasing,Barang,Belanja Alat/Bahanuntuk Kegiatan Kantor - Bahan kantor,ON PROCESS,1214007,1214007
KOTA KOTAMOBAGU,DINAS KEPENDUDUKAN DAN PENCATATAN SIPIL - 2.12.0.00.0.00.01.0000,01KN6A1HTQ554T2SQ5MQ44ZEGF,62834174,2026,E-Katalog 6.0,APBD,RHAVA COMPUTINDO,E-Purchasing,Barang,Belanja Alat/Bahan untuk Kegiatan Kantor-Bahan Komputer,ON PROCESS,1948050,1948050
KOTA KOTAMOBAGU,BLUD RSUD KOTAMOBAGU - 1.02.0.00.0.00.01.0001,01KKP9ZKHMJ7YF7VMYEF2Y14V1,64159880,2026,E-Katalog 6.0,BLUD,GERBANG MITRA SEHATI,E-Purchasing,Barang,Belanja Barang dan Jasa BLUD,ON PROCESS,87040317,87040317
KOTA KOTAMOBAGU,DINAS SOSIAL - 1.06.0.00.0.00.01.0000,01KNN6C6JJ617FMDTQDS0P0BJS,64502642,2026,E-Katalog 6.0,APBD,YUNIARNI,E-Purchasing,Jasa Lainnya,Belanja Makanan dan Minuman Jamuan Tamu,ON PROCESS,1950000,1950000
KOTA KOTAMOBAGU,UPTD PERLINDUNGAN PEREMPUAN DAN ANAK - 2.08.0.00.0.00.01.0001,01KK8F97NWFPXJVC571KFMB5VK,64684597,2026,E-Katalog 6.0,APBD,HERRY PONDAAG,E-Purchasing,Barang,Belanja Alat/Bahan untuk Kegiatan Kantor-Alat Tulis Kantor,ON PROCESS,606893,606893
KOTA KOTAMOBAGU,BADAN KESATUAN BANGSA DAN POLITIK - 8.01.0.00.0.00.01.0000,01KNGDBVZ9PY6F8MEEJFATN9BN,64399027,2026,E-Katalog 6.0,APBD,HERRY PONDAAG,E-Purchasing,Barang,Belanja Alat/Bahan untuk Kegiatan Kantor-Alat Listrik,ON PROCESS,3251634,3251634
KOTA KOTAMOBAGU,BADAN PERENCANAAN PENELITIAN DAN PENGEMBANGAN DAERAH - 5.01.5.05.0.00.01.0000,01KQRKKX9BH4ZBWX8A3845TV0R,62260486,2026,E-Katalog 6.0,APBD,HERU DJATMIKO SJAMSI,E-Purchasing,Barang,Belanja Alat/Bahan untuk Kegiatan Kantor-Bahan Komputer,ON PROCESS,976800,976800
KOTA KOTAMOBAGU,KELURAHAN MOLINOW - 7.01.0.00.0.00.01.0003,01KVY6TEARQ4MEBWB0NNCEW2DX,65366486,2026,E-Katalog 6.0,APBD,HERRY PONDAAG,E-Purchasing,Barang,Belanja Alat/Bahan untuk Kegiatan Kantor-Alat Tulis Kantor,ON PROCESS,1420800,1420800
KOTA KOTAMOBAGU,DINAS LINGKUNGAN HIDUP - 2.11.0.00.0.00.01.0000,01KN1S6VJSNH0BCYA40GZP6SGA,64371108,2026,E-Katalog 6.0,APBD,ARCO SAMUDRA PERKASA,E-Purchasing,Jasa Lainnya," Belanja Jasa Tenaga Pelayanan Umum",ON PROCESS,5336196,5336196
KOTA KOTAMOBAGU,DINAS LINGKUNGAN HIDUP - 2.11.0.00.0.00.01.0000,01KWBNEV857DD0NVWTEBE7M9FM,64440623,2026,E-Katalog 6.0,APBD,ARCO SAMUDRA PERKASA,E-Purchasing,Jasa Lainnya," Belanja Jasa Tenaga Supir",ON PROCESS,198682876,198682876
KOTA KOTAMOBAGU,BLUD RSUD KOTAMOBAGU - 1.02.0.00.0.00.01.0001,01KQ8Z3KDBX3D5WJJM2CX6M46K,64159880,2026,E-Katalog 6.0,BLUD,DEXA MEDICA,E-Purchasing,Barang,Belanja Barang dan Jasa BLUD,ON PROCESS,16780092,16780092
KOTA KOTAMOBAGU,DINAS KOMUNIKASI DAN INFORMATIKA - 2.16.2.20.2.21.01.0000,01KK3N7RSPXZZYS233PS4RNQKE,62874058,2026,E-Katalog 6.0,APBD,BARIS ABJAD DIGITAL,E-Purchasing,Jasa Lainnya,"Belanja Jasa Iklan/Reklame, Film, dan Pemotretan",ON PROCESS,2000000,2000000
KOTA KOTAMOBAGU,DINAS KOMUNIKASI DAN INFORMATIKA - 2.16.2.20.2.21.01.0000,01KJ06EWBNAWGV6G04HV0EJCRA,62874058,2026,E-Katalog 6.0,APBD,TOTABUAN PERS INDONESIA,E-Purchasing,Jasa Lainnya,"Belanja Jasa Iklan/Reklame, Film, dan Pemotretan",ON PROCESS,4995000,4995000
KOTA KOTAMOBAGU,DINAS PERTANIAN DAN PERIKANAN - 3.27.3.25.0.00.01.0000,01KPQ5KVPYBHFW7NWFVJYDSC0A,62833781,2026,E-Katalog 6.0,APBD,YUNIARNI,E-Purchasing,Barang,Belanja Makanan dan Minuman Rapat,ON PROCESS,1119546,1119546
KOTA KOTAMOBAGU,SEKRETARIAT DAERAH - 4.01.0.00.0.00.01.0000,01KQV00KTBS2ETC6CXAQKM9JCD,63473306,2026,E-Katalog 6.0,APBD,NEVALIA YUNITA PARANSI,E-Purchasing,Jasa Lainnya,Belanja Jasa Tenaga Keamanan,ON PROCESS,5000000,5000000
KOTA KOTAMOBAGU,DINAS KOMUNIKASI DAN INFORMATIKA - 2.16.2.20.2.21.01.0000,01KK3JPPAGYQC7JHAXK4WNJS3H,62874058,2026,E-Katalog 6.0,APBD,MEDIA AKURASI EWARTA JAYA,E-Purchasing,Jasa Lainnya,"Belanja Jasa Iklan/Reklame, Film, dan Pemotretan",ON PROCESS,5000000,5000000
KOTA KOTAMOBAGU,BADAN PENGELOLA KEUANGAN DAERAH - 5.02.0.00.0.00.01.0000,01KJW817GRABS36ZWDTDNMRD2V,63077282,2026,E-Katalog 6.0,APBD,IRMA ASTUTI KOROMPOT,E-Purchasing,Barang,Belanja Alat/Bahan untuk Kegiatan Kantor-Bahan Komputer,ON PROCESS,1483515,1483515
KOTA KOTAMOBAGU,SEKRETARIAT DPRD - 4.02.0.00.0.00.01.0000,10788551000,62981173,2026,Non Tender,APBD,"Richi Harry Mokoginta, ST",Pengadaan Langsung,Jasa Konsultansi Perorangan Konstruksi,Jasa konsultansi perencanaan sekat ruangan,SELESAI,5383500,5383500
KOTA KOTAMOBAGU,DINAS PEKERJAAN UMUM DAN PENATAAN RUANG - 1.03.0.00.0.00.01.0000,01KV9FZWDNMC7YDW3QCM8XSZRC,64448565,2026,E-Katalog 6.0,APBD,UD. PUTRA TEKNIK,E-Purchasing,Jasa Lainnya,Belanja Pemeliharaan Alat Kantor dan Rumah Tangga-Alat Rumah Tangga-Alat Pendingin,ON PROCESS,4630000,4630000
KOTA KOTAMOBAGU,BAGIAN PENGADAAN BARANG / JASA - 4.01.0.00.0.00.01.0007,01KVPE8FW87A5Q6HE79AMWEXZQ,64100902,2026,E-Katalog 6.0,APBD,IRMA ASTUTI KOROMPOT,E-Purchasing,Jasa Lainnya,Belanja Alat/Bahan untuk Kegiatan Kantor- Bahan Cetak (PBJ),ON PROCESS,337163,337163
KOTA KOTAMOBAGU,BAGIAN HUKUM - 4.01.0.00.0.00.01.0003,01KN36C2KYN99WQDWK5FRZ7811,63074757,2026,E-Katalog 6.0,APBD,IRMA ASTUTI KOROMPOT,E-Purchasing,Jasa Lainnya,Belanja Alat/Bahan untuk Kegiatan Kantor- Bahan Cetak,ON PROCESS,775224,775224
KOTA KOTAMOBAGU,SEKRETARIAT DPRD - 4.02.0.00.0.00.01.0000,01KJPS549RYNVCNJ4E7R5XWG73,63392033,2026,E-Katalog 6.0,APBD,ALFAN BANGKI,E-Purchasing,Jasa Lainnya,Belanja Jasa Tenaga Supir,ON PROCESS,8000000,8000000
KOTA KOTAMOBAGU,BLUD RSUD KOTAMOBAGU - 1.02.0.00.0.00.01.0001,01KG4KDWKSFNQM76K3BKWYHK5S,64159880,2026,E-Katalog 6.0,BLUD,GLOBAL DISPOMEDIKA,E-Purchasing,Barang,Belanja Barang dan Jasa BLUD,ON PROCESS,85248000,0
KOTA KOTAMOBAGU,DINAS KOMUNIKASI DAN INFORMATIKA - 2.16.2.20.2.21.01.0000,01KK3QJTQJT8R592QK4P848KZZ,62874058,2026,E-Katalog 6.0,APBD,MEDIA REDAKSI SULUT,E-Purchasing,Jasa Lainnya,"Belanja Jasa Iklan/Reklame, Film, dan Pemotretan",ON PROCESS,1998000,1998000
KOTA KOTAMOBAGU,DINAS LINGKUNGAN HIDUP - 2.11.0.00.0.00.01.0000,01KKJVPAW05P4DYHG2KC7KFW1T,66203704,2026,E-Katalog 6.0,APBD,RIVS,E-Purchasing,Jasa Lainnya,Belanja Pemeliharaan Alat Angkutan - Alat Angkutan Darat Bermotor - Kendaraan Dinas Bermotor Perorangan,ON PROCESS,7309350,7309350
KOTA KOTAMOBAGU,DINAS PEMBERDAYAAN MASYARAKAT DAN DESA - 2.13.0.00.0.00.01.0000,01KVCW5F98EQ8PW8JDZFTYABJ8,64547192,2026,E-Katalog 6.0,APBD,DWI FEBRIANA PAPUTUNGAN,E-Purchasing,Jasa Lainnya,Belanja Makanan dan Minuman Rapat,ON PROCESS,1750000,1750000
KOTA KOTAMOBAGU,DINAS KOMUNIKASI DAN INFORMATIKA - 2.16.2.20.2.21.01.0000,01KK3MVJAHPSP8X70ATCH2XTSD,62874058,2026,E-Katalog 6.0,APBD,LESTARI KANAL MEDIA,E-Purchasing,Jasa Lainnya,"Belanja Jasa Iklan/Reklame, Film, dan Pemotretan",ON PROCESS,2000000,2000000
KOTA KOTAMOBAGU,DINAS KOMUNIKASI DAN INFORMATIKA - 2.16.2.20.2.21.01.0000,01KPAKA65X672GNE42V04959K0,62874058,2026,E-Katalog 6.0,APBD,LESTARI KANAL MEDIA,E-Purchasing,Jasa Lainnya,"Belanja Jasa Iklan/Reklame, Film, dan Pemotretan",ON PROCESS,2000000,2000000
KOTA KOTAMOBAGU,DINAS PERUMAHAN RAKYAT DAN KAWASAN PERMUKIMAN - 1.04.2.10.0.00.01.0000,01KR06SEBPRSS4SM7QNGHP2BRZ,64590565,2026,E-Katalog 6.0,APBD,LA ROSE,E-Purchasing,Barang,Belanja Alat/Bahan untuk Kegiatan Kantor-Bahan Komputer,ON PROCESS,1542500,1542500
KOTA KOTAMOBAGU,DINAS KOMUNIKASI DAN INFORMATIKA - 2.16.2.20.2.21.01.0000,01KRG074FX1DPRD8MWXKEYX5HX,62874058,2026,E-Katalog 6.0,APBD,MENTARI GEMILANG MEDIA,E-Purchasing,Jasa Lainnya,"Belanja Jasa Iklan/Reklame, Film, dan Pemotretan",ON PROCESS,1998000,1998000
KOTA KOTAMOBAGU,DINAS KOMUNIKASI DAN INFORMATIKA - 2.16.2.20.2.21.01.0000,01KJ02HH9CED5J3T9Z0N79JAZ6,62874058,2026,E-Katalog 6.0,APBD,NEFA MEDIA UTAMA,E-Purchasing,Jasa Lainnya,"Belanja Jasa Iklan/Reklame, Film, dan Pemotretan",ON PROCESS,2000000,2000000
KOTA KOTAMOBAGU,DINAS KOMUNIKASI DAN INFORMATIKA - 2.16.2.20.2.21.01.0000,01KVCB4QCSXAZEF60VA9J6HQAT,62874058,2026,E-Katalog 6.0,APBD,MIGI MEDIA UTAMA,E-Purchasing,Jasa Lainnya,"Belanja Jasa Iklan/Reklame, Film, dan Pemotretan",ON PROCESS,3000000,3000000
KOTA KOTAMOBAGU,PUSKESMAS GOGAGOMAN - 1.02.0.00.0.00.01.0004,01KG42WYCPY5DD0AVNAPMX6YG3,63778621,2026,E-Katalog 6.0,APBD,JAYA ARTHA,E-Purchasing,Barang,Belanja Alat/Bahan Untuk Kegiatan Kantor - Bahan Komputer,PAYMENT OUTSIDE SYSTEM,2802195,2802195
KOTA KOTAMOBAGU,BADAN PENGELOLA KEUANGAN DAERAH - 5.02.0.00.0.00.01.0000,01KJW1YCZRPXS9Z5YZV23EC3ET,63082123,2026,E-Katalog 6.0,APBD,IRMA ASTUTI KOROMPOT,E-Purchasing,Jasa Lainnya,Belanja Alat/Bahan untuk Kegiatan Kantor- Bahan Cetak,ON PROCESS,2306549,2306549
KOTA KOTAMOBAGU,SEKRETARIAT DAERAH - 4.01.0.00.0.00.01.0000,01KKAVTCAA3N5P90Q2SBFAP02C,65314067,2026,E-Katalog 6.0,APBD,REZA MITRA ABADI,E-Purchasing,Barang,Belanja Makanan dan Minuman Rapat,ON PROCESS,38500000,38500000
KOTA KOTAMOBAGU,DINAS PEKERJAAN UMUM DAN PENATAAN RUANG - 1.03.0.00.0.00.01.0000,01KETS711H7DJF1PGR9SKD04MQ,62873812,2026,E-Katalog 6.0,APBD,RESKY PUTERI ANUGERAH MOKOGINTA,E-Purchasing,Jasa Lainnya,Belanja Jasa Tenaga Penanganan Prasarana dan Sarana Umum,ON PROCESS,9000000,9000000
KOTA KOTAMOBAGU,PUSKESMAS MOTOBOI KECIL - 1.02.0.00.0.00.01.0003,01KJP8V75KBKFVR1NE4GX2CR15,63501099,2026,E-Katalog 6.0,APBD,JAYA ARTHA,E-Purchasing,Barang,Belanja Alat/Bahan untuk Kegiatan Kantor - Alat Tulis Kantor Kapitasi JKN,ON PROCESS,10020525,10020525
KOTA KOTAMOBAGU,DINAS KESEHATAN - 1.02.0.00.0.00.01.0000,01KWBA0A5WZW5AZBK65TXGRB4D,65546206,2026,E-Katalog 6.0,APBD,MARDIANSYAH MOKOGINTA,E-Purchasing,Jasa Lainnya," Belanja Jasa Tenaga Supir",ON PROCESS,1500000,1500000
KOTA KOTAMOBAGU,DINAS PEKERJAAN UMUM DAN PENATAAN RUANG - 1.03.0.00.0.00.01.0000,10128451000,62909544,2026,Tender,APBD,SINAR MOLI JAYA,Tender,Pekerjaan Konstruksi,Pembangunan Polsek Kotamobagu Utara Lanjutan,SELESAI,1189853329,1189853329
KOTA KOTAMOBAGU,DINAS KEBUDAYAAN DAN PARIWISATA - 2.22.3.26.0.00.01.0000,01KJW4PTJ3NX3VS60AD7M8TZYG,64415919,2026,E-Katalog 6.0,APBD,HERRY PONDAAG,E-Purchasing,Barang,Belanja Alat/Bahan untuk Kegiatan Kantor-Alat/Bahan untuk Kegiatan Kantor Lainnya,ON PROCESS,560828,560828
KOTA KOTAMOBAGU,BADAN KEPEGAWAIAN PENDIDIKAN DAN PELATIHAN - 5.03.5.04.0.00.01.0000,01KJ9WK7C9WFB1Y26XXPHRGG4R,63457552,2026,E-Katalog 6.0,APBD,IRMA ASTUTI KOROMPOT,E-Purchasing,Barang,Belanja Alat/Bahan untuk Kegiatan Kantor-Alat Tulis Kantor,ON PROCESS,860622,860622
KOTA KOTAMOBAGU,PUSKESMAS UPAI - 1.02.0.00.0.00.01.0007,01KVA0ABK7WDY9V22F7E905ZQG,62849821,2026,E-Katalog 6.0,APBD,CYNTHIA PRATIWI SUGEHA,E-Purchasing,Barang,Belanja Barang dan Jasa BOK Puskesmas,ON PROCESS,1875000,1875000
KOTA KOTAMOBAGU,DINAS KOMUNIKASI DAN INFORMATIKA - 2.16.2.20.2.21.01.0000,01KK3STKWSXAGBTNK1FP8322AT,62874058,2026,E-Katalog 6.0,APBD,MANADO MEDIA GRAFIKA,E-Purchasing,Jasa Lainnya,"Belanja Jasa Iklan/Reklame, Film, dan Pemotretan",ON PROCESS,4995000,4995000
KOTA KOTAMOBAGU,DINAS KOMUNIKASI DAN INFORMATIKA - 2.16.2.20.2.21.01.0000,01KHABZM614CEANZP1SW26BQMF,62872799,2026,E-Katalog 6.0,APBD,FIRMANSYAH MAMINTIWALO,E-Purchasing,Barang,Belanja Alat/Bahan untuk Kegiatan Kantor- Bahan Cetak,ON PROCESS,15368000,15368000
KOTA KOTAMOBAGU,KECAMATAN KOTAMOBAGU UTARA - 7.01.0.00.0.00.04.0000,01KH2VJ6RC3AM580GVKW2979C0,62957505,2026,E-Katalog 6.0,APBD,YUNIARNI,E-Purchasing,Jasa Lainnya,Belanja Makanan dan Minuman Rapat,ON PROCESS,287000,287000
KOTA KOTAMOBAGU,DINAS KOMUNIKASI DAN INFORMATIKA - 2.16.2.20.2.21.01.0000,01KRG0JS9EHZ7KASSEGJAN60R2,62874058,2026,E-Katalog 6.0,APBD,MEDIA REPORTASE SULUT,E-Purchasing,Jasa Lainnya,"Belanja Jasa Iklan/Reklame, Film, dan Pemotretan",ON PROCESS,1998000,1998000
KOTA KOTAMOBAGU,DINAS KEPENDUDUKAN DAN PENCATATAN SIPIL - 2.12.0.00.0.00.01.0000,01KTJX0X9BFT72ABZA4R8PZ785,62925666,2026,E-Katalog 6.0,APBD,RHAVA COMPUTINDO,E-Purchasing,Barang,Belanja Pemeliharaan Komputer-Komputer Unit-Komputer Unit Lainnya,ON PROCESS,5583300,5583300
KOTA KOTAMOBAGU,SEKRETARIAT DPRD - 4.02.0.00.0.00.01.0000,10779861000,63010735,2026,Non Tender,APBD,"Richi Harry Mokoginta, ST",Pengadaan Langsung,Jasa Konsultansi Perorangan Konstruksi,Jasa Konsultansi Perencanaan Pengecatan Gedung Kantor,SELESAI,10900200,10900200
KOTA KOTAMOBAGU,DINAS KEBUDAYAAN DAN PARIWISATA - 2.22.3.26.0.00.01.0000,01KPSECX1WRRMPXMZ5JJJRSG8Z,64415919,2026,E-Katalog 6.0,APBD,HERRY PONDAAG,E-Purchasing,Barang,Belanja Alat/Bahan untuk Kegiatan Kantor-Alat/Bahan untuk Kegiatan Kantor Lainnya,ON PROCESS,597180,597180
KOTA KOTAMOBAGU,PUSKESMAS GOGAGOMAN - 1.02.0.00.0.00.01.0004,01KJ7BD7H676V9JTDPWAC5JZNH,63780492,2026,E-Katalog 6.0,APBD,ARVITA ALVARO MEDIKA,E-Purchasing,Barang,Belanja Obat - Obatan - Obat - Obatan Lainnya,PAYMENT OUTSIDE SYSTEM,21517350,21517350
KOTA KOTAMOBAGU,BAGIAN PEREKONOMIAN DAN PEMBANGUNAN - 4.01.0.00.0.00.01.0006,01KH061E9KT95G0YTPDMRETGM4,64457117,2026,E-Katalog 6.0,APBD,MINPUT,E-Purchasing,Jasa Lainnya,Belanja Makanan dan Minuman Rapat,ON PROCESS,362500,362500
KOTA KOTAMOBAGU,BLUD RSUD KOTAMOBAGU - 1.02.0.00.0.00.01.0001,01KVPMY3PS9PNDGT064CYW366S,64159880,2026,E-Katalog 6.0,BLUD,OTSUKA INDONESIA,E-Purchasing,Barang,Belanja Barang dan Jasa BLUD,ON PROCESS,24839025,24839025
KOTA KOTAMOBAGU,SEKRETARIAT DPRD - 4.02.0.00.0.00.01.0000,01KRAWHXGW6HRNW7DXJP1MHB1S,63168966,2026,E-Katalog 6.0,APBD,UTAD,E-Purchasing,Jasa Lainnya,Belanja Pemeliharaan Alat Kantor dan Rumah Tangga-Alat Kantor-Alat Kantor Lainnya,ON PROCESS,7048500,7048500
KOTA KOTAMOBAGU,SEKRETARIAT DAERAH - 4.01.0.00.0.00.01.0000,01KTXK71XE5CKE3BJ9EW407SQX,63469981,2026,E-Katalog 6.0,APBD,IWAN KOROMPOT,E-Purchasing,Jasa Lainnya,Belanja Jasa Tenaga Pelayanan Umum,ON PROCESS,2600000,2600000
KOTA KOTAMOBAGU,BADAN PENGELOLA KEUANGAN DAERAH - 5.02.0.00.0.00.01.0000,01KNNF6TFSC4SSZPTWA5JYZ1B2,63015083,2026,E-Katalog 6.0,APBD,RHAVA COMPUTINDO,E-Purchasing,Barang,Belanja Modal Peralatan Personal Computer,ON PROCESS,27861000,27861000
KOTA KOTAMOBAGU,BLUD RSUD KOTAMOBAGU - 1.02.0.00.0.00.01.0001,01KKEMHCMSH5WWDJTFXH8E4ZEF,64159880,2026,E-Katalog 6.0,BLUD,BIOCARE SEJAHTERA,E-Purchasing,Barang,Belanja Barang dan Jasa BLUD,ON PROCESS,13170161,13170161
KOTA KOTAMOBAGU,BAGIAN PROTOKOL DAN KOMUNIKASI PIMPINAN - 4.01.0.00.0.00.01.0004,01KW90JAFC29QHBMFP9YJBNJNF,63381513,2026,E-Katalog 6.0,APBD,FALDITYA FAHRIZAN BUCHARI,E-Purchasing,Jasa Lainnya,"Belanja Jasa Iklan/ Reklame , Film, dan Pemotretan",ON PROCESS,1500000,1500000
KOTA KOTAMOBAGU,BAGIAN PEREKONOMIAN DAN PEMBANGUNAN - 4.01.0.00.0.00.01.0006,01KJHAHAEHH85CNTS1PXFWZJ4F,64455518,2026,E-Katalog 6.0,APBD,IRMA ASTUTI KOROMPOT,E-Purchasing,Jasa Lainnya,Belanja Alat/Bahan untuk Kegiatan Kantor- Bahan Cetak,ON PROCESS,1357752,1357752
KOTA KOTAMOBAGU,BAGIAN UMUM - 4.01.0.00.0.00.01.0001,01KR0665K843B4ACCEKFP1JX64,64666558,2026,E-Katalog 6.0,APBD,HERRY PONDAAG,E-Purchasing,Barang,Belanja Bahan-Bahan Lainnya,ON PROCESS,19042298,19042298
KOTA KOTAMOBAGU,DINAS PENANAMAN MODAL DAN PELAYANAN TERPADU SATU PINTU - 2.18.0.00.0.00.01.0000,01KTN2YACGMD9QNJK9DEZHJZ3X,64574021,2026,E-Katalog 6.0,APBD,HERRY PONDAAG,E-Purchasing,Barang,Belanja alat/bahan untuk kegiatan kantor-Kertas dan Kover,ON PROCESS,804528,804528
KOTA KOTAMOBAGU,BAGIAN PEREKONOMIAN DAN PEMBANGUNAN - 4.01.0.00.0.00.01.0006,01KJHC5EYPMCJSY8RCXKZC5ZPX,64454896,2026,E-Katalog 6.0,APBD,IRMA ASTUTI KOROMPOT,E-Purchasing,Barang,Belanja Alat/Bahan untuk Kegiatan Kantor- Kertas dan Cover,ON PROCESS,657120,657120
KOTA KOTAMOBAGU,DINAS KOMUNIKASI DAN INFORMATIKA - 2.16.2.20.2.21.01.0000,01KHZVKEJKS7F0QWSR8TBHMDQB,62874058,2026,E-Katalog 6.0,APBD,MEDIONET TOTABUAN NUSANTARA,E-Purchasing,Jasa Lainnya,"Belanja Jasa Iklan/Reklame, Film, dan Pemotretan",ON PROCESS,1998000,1998000
KOTA KOTAMOBAGU,BLUD RSUD KOTAMOBAGU - 1.02.0.00.0.00.01.0001,01KS4NJ6618CVQG0BF6MXDFND2,64159880,2026,E-Katalog 6.0,BLUD,DEXA MEDICA,E-Purchasing,Barang,Belanja Barang dan Jasa BLUD,ON PROCESS,47964488,47964488
KOTA KOTAMOBAGU,BAGIAN UMUM - 4.01.0.00.0.00.01.0001,01KX2AW2H30M0JRYVY690VK4EP,64663932,2026,E-Katalog 6.0,APBD,NOVRIYANTO MUSTAFA,E-Purchasing,Barang,Belanja Modal Alat Rumah Tangga Lainnya (Home Use),ON PROCESS,44900000,44900000
KOTA KOTAMOBAGU,SEKRETARIAT DAERAH - 4.01.0.00.0.00.01.0000,01KJHZEZ2J047GVR02DRN30SXE,63469981,2026,E-Katalog 6.0,APBD,MARLINA POBELA,E-Purchasing,Jasa Lainnya,Belanja Jasa Tenaga Pelayanan Umum,ON PROCESS,2600000,2600000
KOTA KOTAMOBAGU,DINAS PERHUBUNGAN - 2.15.0.00.0.00.01.0000,01KNGVYDK7ZMB052448HMC1HKF,64515177,2026,E-Katalog 6.0,APBD,IRMA ASTUTI KOROMPOT,E-Purchasing,Barang,Belanja Alat/Bahan untuk kegiatan Kantor - Alat Tulis Kantor,ON PROCESS,191142,191142
KOTA KOTAMOBAGU,DINAS PERUMAHAN RAKYAT DAN KAWASAN PERMUKIMAN - 1.04.2.10.0.00.01.0000,01KNKASS1EVMDZ0VYQJN4G65WX,64622236,2026,E-Katalog 6.0,APBD,HERRY PONDAAG,E-Purchasing,Barang," Belanja Alat/Bahan untuk Kegiatan Kantor- Bahan Cetak",ON PROCESS,2394270,2394270
KOTA KOTAMOBAGU,BAGIAN KESEJAHTERAAN RAKYAT - 4.01.0.00.0.00.01.0005,01KJEB716Q9XJ9N97A306CQ7VB,63444813,2026,E-Katalog 6.0,APBD,IRMA ASTUTI KOROMPOT,E-Purchasing,Barang,Belanja Bahan-Bahan Lainnya,ON PROCESS,244194,244194
KOTA KOTAMOBAGU,UPTD INSTALASI FARMASI - 1.02.0.00.0.00.01.0002,01KJY5BRH1335CH4K9XCCDAWSR,63983465,2026,E-Katalog 6.0,APBD,HERRY PONDAAG,E-Purchasing,Barang,Belanja Alat/Bahan untuk Kegiatan Kantor-Kertas dan Cover,ON PROCESS,912864,912864
KOTA KOTAMOBAGU,DINAS KOMUNIKASI DAN INFORMATIKA - 2.16.2.20.2.21.01.0000,01KHZP562DVCM4SS67CKWM5NXH,62874058,2026,E-Katalog 6.0,APBD,MEDIA SULAWESI NETWORK,E-Purchasing,Jasa Lainnya,"Belanja Jasa Iklan/Reklame, Film, dan Pemotretan",ON PROCESS,2000000,2000000
KOTA KOTAMOBAGU,DINAS PENDIDIKAN - 1.01.0.00.0.00.01.0000,01KQHGMV9F6BB2P7YD0WMQKWEX,65198281,2026,E-Katalog 6.0,APBD,YUNIARNI,E-Purchasing,Barang,Belanja Makanan dan Minuman pada Fasilitas Pelayanan Urusan Pendidikan (Sekertariat),ON PROCESS,6000000,6000000
KOTA KOTAMOBAGU,DINAS KOMUNIKASI DAN INFORMATIKA - 2.16.2.20.2.21.01.0000,01KRFZ9MG6TSK4TKD07JMR3BB3,62874058,2026,E-Katalog 6.0,APBD,MEDIA TOTABUAN INDONESIA,E-Purchasing,Jasa Lainnya,"Belanja Jasa Iklan/Reklame, Film, dan Pemotretan",ON PROCESS,4995000,4995000
KOTA KOTAMOBAGU,DINAS PEKERJAAN UMUM DAN PENATAAN RUANG - 1.03.0.00.0.00.01.0000,01KTNCKC0FMKWGSK77QQXS96K2,64447907,2026,E-Katalog 6.0,APBD,LINDA POSUMAH KAPOH,E-Purchasing,Barang,Belanja Pemeliharaan Alat Angkutan-Alat Angkutan Darat Bermotor-Kendaraan Dinas Bermotor Perorangan,ON PROCESS,18002535,18002535
KOTA KOTAMOBAGU,SEKRETARIAT DAERAH - 4.01.0.00.0.00.01.0000,01KGRRCK2GQD6KTJ498Z8VBRDS,63423831,2026,E-Katalog 6.0,APBD,HERRY PONDAAG,E-Purchasing,Barang,Belanja Makanan dan Minuman Rapat,ON PROCESS,6846480,6846480
KOTA KOTAMOBAGU,BLUD RSUD KOTAMOBAGU - 1.02.0.00.0.00.01.0001,01KR1DH7HFNSX5Z6TSA4GKJF2B,64159880,2026,E-Katalog 6.0,BLUD,GALOEH HUSADA FARMA,E-Purchasing,Barang,Belanja Barang dan Jasa BLUD,ON PROCESS,12139004,12139004
KOTA KOTAMOBAGU,BLUD RSUD KOTAMOBAGU - 1.02.0.00.0.00.01.0001,01KPZ3F2GYRK8NF78ND0C981KA,64159880,2026,E-Katalog 6.0,BLUD,NOVAPHARIN,E-Purchasing,Barang,Belanja Barang dan Jasa BLUD,ON PROCESS,1087800,1087800
KOTA KOTAMOBAGU,DINAS KOMUNIKASI DAN INFORMATIKA - 2.16.2.20.2.21.01.0000,01KVA460JFQ102KXGN91G7MZ5B,62874058,2026,E-Katalog 6.0,APBD,MEDIA RIDHO RIZKY,E-Purchasing,Jasa Lainnya,"Belanja Jasa Iklan/Reklame, Film, dan Pemotretan",ON PROCESS,1998000,1998000
KOTA KOTAMOBAGU,BAGIAN KESEJAHTERAAN RAKYAT - 4.01.0.00.0.00.01.0005,01KH56VBYE1V7G4685C5S04HHZ,63452722,2026,E-Katalog 6.0,APBD,IRMA ASTUTI KOROMPOT,E-Purchasing,Barang,Belanja Alat/Bahan untuk Kegiatan Kantor-Bahan Komputer,ON PROCESS,1544899,1544899
KOTA KOTAMOBAGU,DINAS PERTANIAN DAN PERIKANAN - 3.27.3.25.0.00.01.0000,01KPQ50WNPWVS5MJZDWTRBQTQT,62838492,2026,E-Katalog 6.0,APBD,HERRY PONDAAG,E-Purchasing,Barang,Belanja Alat/Bahan untuk Kegiatan Kantor- Bahan Cetak,ON PROCESS,2890440,2890440
KOTA KOTAMOBAGU,DINAS KOMUNIKASI DAN INFORMATIKA - 2.16.2.20.2.21.01.0000,01KWND11DFZV6AGFNE9C2ZJ3EV,62874058,2026,E-Katalog 6.0,APBD,MAJU BERSAMA LIVI DIVI ZILDI,E-Purchasing,Jasa Lainnya,"Belanja Jasa Iklan/Reklame, Film, dan Pemotretan",ON PROCESS,1998000,1998000
KOTA KOTAMOBAGU,DINAS KEPENDUDUKAN DAN PENCATATAN SIPIL - 2.12.0.00.0.00.01.0000,01KJ76G0VS5NREYD3BQQFB3REA,62922522,2026,E-Katalog 6.0,APBD,HERRY PONDAAG,E-Purchasing,Barang,Belanja Alat/Bahan untuk Kegiatan Kantor-Alat Tulis Kantor,ON PROCESS,2741216,2741216
KOTA KOTAMOBAGU,SEKRETARIAT DAERAH - 4.01.0.00.0.00.01.0000,01KRG1CRDJYVMACZ6M9TJ08VDT,66988918,2026,E-Katalog 6.0,APBD,CYNTHIA PRATIWI SUGEHA,E-Purchasing,Barang,Belanja Makanan dan Minuman Rapat,ON PROCESS,16500000,16500000
KOTA KOTAMOBAGU,PUSKESMAS GOGAGOMAN - 1.02.0.00.0.00.01.0004,01KV9MSHG30SRVV7GHPGKYT2ZR,63650554,2026,E-Katalog 6.0,APBD,JAYA ARTHA,E-Purchasing,Barang,Belanja Alat/Bahan untuk Kegiatan Kantor - Kertas dan Cover Puskesmas Gogagoman,ON PROCESS,223665,223665
KOTA KOTAMOBAGU,DINAS SOSIAL - 1.06.0.00.0.00.01.0000,01KTT51G87WETVWM1YVQ1EGCBG,64508676,2026,E-Katalog 6.0,APBD,HAIRUN MAMONTO,E-Purchasing,Barang,Belanja Barang untuk Dijual/Diserahkan kepada Masyarakat,ON PROCESS,53842595,53842595
KOTA KOTAMOBAGU,SEKRETARIAT DAERAH - 4.01.0.00.0.00.01.0000,01KQV7XA1RZ4MB0RD74J3E8M9K,63469981,2026,E-Katalog 6.0,APBD,RIZKY ZULFIKAR MOKOGINTA,E-Purchasing,Jasa Lainnya,Belanja Jasa Tenaga Pelayanan Umum,ON PROCESS,2000000,2000000
KOTA KOTAMOBAGU,SEKRETARIAT DAERAH - 4.01.0.00.0.00.01.0000,01KR0W94791M5XFKGMATWTZ2C9,66988918,2026,E-Katalog 6.0,APBD,CYNTHIA PRATIWI SUGEHA,E-Purchasing,Barang,Belanja Makanan dan Minuman Rapat,ON PROCESS,11000000,11000000
KOTA KOTAMOBAGU,PUSKESMAS MOTOBOI KECIL - 1.02.0.00.0.00.01.0003,01KPQD266JYNGVG2KHYESA7X2X,63510664,2026,E-Katalog 6.0,APBD,BUNGAS AUTO MOTOR,E-Purchasing,Jasa Lainnya,Belanja Pemeliharaan Alat Angkutan-Alat Angkutan Darat Bermotor-Alat Angkutan Darat Bermotor Lainnya ( Kapitasi/JKN ),ON PROCESS,7289370,7289370
KOTA KOTAMOBAGU,BADAN PERENCANAAN PENELITIAN DAN PENGEMBANGAN DAERAH - 5.01.5.05.0.00.01.0000,01KNN8WXARKGT933M2X7SS3JZE,62260411,2026,E-Katalog 6.0,APBD,MINPUT,E-Purchasing,Barang,Belanja Makanan dan Minuman Rapat,ON PROCESS,4320000,4320000
KOTA KOTAMOBAGU,BLUD RSUD KOTAMOBAGU - 1.02.0.00.0.00.01.0001,01KS48STKKNQM4WDNSZYE58KDB,64159880,2026,E-Katalog 6.0,BLUD,PRATAPA NIRMALA,E-Purchasing,Barang,Belanja Barang dan Jasa BLUD,ON PROCESS,6410250,6410250
KOTA KOTAMOBAGU,BLUD RSUD KOTAMOBAGU - 1.02.0.00.0.00.01.0001,01KQ7000ZVXWEW0HQ64SK6JQ79,64159880,2026,E-Katalog 6.0,BLUD,PERDANA JAYA MEDIKA,E-Purchasing,Barang,Belanja Barang dan Jasa BLUD,ON PROCESS,11521800,11521800
KOTA KOTAMOBAGU,DINAS KOMUNIKASI DAN INFORMATIKA - 2.16.2.20.2.21.01.0000,01KN14BCFG7YVKXJH1B8G9HZ2P,62859317,2026,E-Katalog 6.0,APBD,INFOTEK GLOBAL NETWORK,E-Purchasing,Jasa Lainnya,Belanja Kawat/Faksimili/Internet/TV Berlangganan,ON PROCESS,44400000,44400000
KOTA KOTAMOBAGU,DINAS KOMUNIKASI DAN INFORMATIKA - 2.16.2.20.2.21.01.0000,01KVC02NX4JK4G5NSQYMEY117B,62874058,2026,E-Katalog 6.0,APBD,ALWIEN SY. RAHMOLA,E-Purchasing,Jasa Lainnya,"Belanja Jasa Iklan/Reklame, Film, dan Pemotretan",ON PROCESS,2000000,2000000
KOTA KOTAMOBAGU,SEKRETARIAT DAERAH - 4.01.0.00.0.00.01.0000,01KRATBH8NFXTXQG84PF4QBR9Z,63471718,2026,E-Katalog 6.0,APBD,BAHLUAN MOKODOMPIT,E-Purchasing,Jasa Lainnya,Belanja Jasa Tenaga Kebersihan,ON PROCESS,1500000,1500000
KOTA KOTAMOBAGU,DINAS KOMUNIKASI DAN INFORMATIKA - 2.16.2.20.2.21.01.0000,01KPW75V55EE684VR4Q4VB26A6,63352654,2026,E-Katalog 6.0,APBD,RHAVA COMPUTINDO,E-Purchasing,Barang,Belanja Modal Peralatan Studio Audio,ON PROCESS,5494500,5494500
KOTA KOTAMOBAGU,DINAS PEKERJAAN UMUM DAN PENATAAN RUANG - 1.03.0.00.0.00.01.0000,01KWXDYHX399FNGE714KGXRDXY,62873812,2026,E-Katalog 6.0,APBD,ANDRI MAMONTO,E-Purchasing,Jasa Lainnya,Belanja Jasa Tenaga Penanganan Prasarana dan Sarana Umum,ON PROCESS,9000000,9000000
KOTA KOTAMOBAGU,DINAS KOMUNIKASI DAN INFORMATIKA - 2.16.2.20.2.21.01.0000,01KKJJSNJD3KPK15QXAQDAKJSN,62874058,2026,E-Katalog 6.0,APBD,ADELE BRITA KARTIKA,E-Purchasing,Jasa Lainnya,"Belanja Jasa Iklan/Reklame, Film, dan Pemotretan",ON PROCESS,1998000,1998000
KOTA KOTAMOBAGU,BADAN KESATUAN BANGSA DAN POLITIK - 8.01.0.00.0.00.01.0000,01KPQJE7010TDVBFDX2P5MR08F,64398279,2026,E-Katalog 6.0,APBD,HERRY PONDAAG,E-Purchasing,Barang,Belanja Alat/Bahan untuk Kegiatan Kantor-Bahan Komputer,ON PROCESS,3745140,3745140
KOTA KOTAMOBAGU,DINAS KOMUNIKASI DAN INFORMATIKA - 2.16.2.20.2.21.01.0000,01KK3PNV6Y9DPQQ0V8E7NB93YE,62874058,2026,E-Katalog 6.0,APBD,CATUR METRO MEDIA,E-Purchasing,Jasa Lainnya,"Belanja Jasa Iklan/Reklame, Film, dan Pemotretan",ON PROCESS,4000000,4000000
KOTA KOTAMOBAGU,SEKRETARIAT DPRD - 4.02.0.00.0.00.01.0000,01KJPSP8887XQSV5F650R3P9W1,63311946,2026,E-Katalog 6.0,APBD,MUHAMMAD ILHAM ARAFAH,E-Purchasing,Jasa Lainnya,Belanja Jasa Tenaga Keamanan,ON PROCESS,6000000,6000000
KOTA KOTAMOBAGU,DINAS PEMBERDAYAAN MASYARAKAT DAN DESA - 2.13.0.00.0.00.01.0000,01KT5QJJBDXK0TTMYBBW324T6Z,64547258,2026,E-Katalog 6.0,APBD,RHAVA COMPUTINDO,E-Purchasing,Jasa Lainnya,Belanja Pemeliharaan Komputer-Komputer unit Komputer Unit Lainnya,ON PROCESS,7587497,7587497
KOTA KOTAMOBAGU,KELURAHAN MOGOLAING - 7.01.0.00.0.00.01.0004,01KJVRB9TTSNF22PCZ7E6C0T32,64884208,2026,E-Katalog 6.0,APBD,FOTOCOPY MIDO,E-Purchasing,Barang,Belanja Alat/Bahan untuk Kegiatan Kantor-Alat Tulis Kantor,ON PROCESS,1014800,1014800
KOTA KOTAMOBAGU,DINAS KOMUNIKASI DAN INFORMATIKA - 2.16.2.20.2.21.01.0000,01KVCX0MYEM00F04HET9C4FSX8,62874058,2026,E-Katalog 6.0,APBD,QALESYA INFORMASI AKTUAL,E-Purchasing,Jasa Lainnya,"Belanja Jasa Iklan/Reklame, Film, dan Pemotretan",ON PROCESS,2000000,2000000
KOTA KOTAMOBAGU,DINAS KOMUNIKASI DAN INFORMATIKA - 2.16.2.20.2.21.01.0000,01KWGNJ9KCCPS85DW0EDSX7CTW,62874058,2026,E-Katalog 6.0,APBD,CATUR METRO MEDIA,E-Purchasing,Jasa Lainnya,"Belanja Jasa Iklan/Reklame, Film, dan Pemotretan",ON PROCESS,4000000,4000000
KOTA KOTAMOBAGU,DINAS PENDIDIKAN - 1.01.0.00.0.00.01.0000,01KPD8NZGAHRCNTZJNH18Y59KD,65198219,2026,E-Katalog 6.0,APBD,YUNIARNI,E-Purchasing,Barang,Belanja Makanan dan Minuman Rapat (Sekertariat),ON PROCESS,3870000,3870000
KOTA KOTAMOBAGU,BLUD RSUD KOTAMOBAGU - 1.02.0.00.0.00.01.0001,01KPDTPEZ8ED3FRB0HX154XDQM,64159880,2026,E-Katalog 6.0,BLUD,GERBANG MITRA SEHATI,E-Purchasing,Barang,Belanja Barang dan Jasa BLUD,ON PROCESS,29415000,29415000
KOTA KOTAMOBAGU,SEKRETARIAT DAERAH - 4.01.0.00.0.00.01.0000,01KR0XPS1PXT67NJNJ8DDQBN79,66988918,2026,E-Katalog 6.0,APBD,REZA MITRA ABADI,E-Purchasing,Barang,Belanja Makanan dan Minuman Rapat,ON PROCESS,15400000,15400000
KOTA KOTAMOBAGU,BADAN PERENCANAAN PENELITIAN DAN PENGEMBANGAN DAERAH - 5.01.5.05.0.00.01.0000,01KKFZT3EZB8A88JC4X3JR6F00,62260299,2026,E-Katalog 6.0,APBD,MINPUT,E-Purchasing,Barang,Belanja Makanan dan Minuman Rapat,ON PROCESS,7200000,7200000
KOTA KOTAMOBAGU,BADAN PENGELOLA KEUANGAN DAERAH - 5.02.0.00.0.00.01.0000,01KNNWCDW2508HWRC1Q4N552QR,63093060,2026,E-Katalog 6.0,APBD,IRMA ASTUTI KOROMPOT,E-Purchasing,Barang,Belanja Alat/Bahan untuk Kegiatan Kantor-Bahan Komputer,ON PROCESS,1576311,1576311
KOTA KOTAMOBAGU,PUSKESMAS GOGAGOMAN - 1.02.0.00.0.00.01.0004,01KTR2ANSS3MMA3RPBR736Q0FD,63780492,2026,E-Katalog 6.0,APBD,ARVITA ALVARO MEDIKA,E-Purchasing,Barang,Belanja Obat - Obatan - Obat - Obatan Lainnya,ON PROCESS,25421775,25421775
KOTA KOTAMOBAGU,SEKRETARIAT DPRD - 4.02.0.00.0.00.01.0000,01KJVR4QR0NNFX067BF05GN499,63395422,2026,E-Katalog 6.0,APBD,TOTABUAN PERS INDONESIA,E-Purchasing,Jasa Lainnya,"Belanja Jasa Iklan/Reklame, Film, dan Pemotretan",ON PROCESS,1999998,1999998
KOTA KOTAMOBAGU,SEKRETARIAT DAERAH - 4.01.0.00.0.00.01.0000,01KTZS009VVBA6GM3J8Y6HYTAB,63473306,2026,E-Katalog 6.0,APBD,NEVALIA YUNITA PARANSI,E-Purchasing,Jasa Lainnya,Belanja Jasa Tenaga Keamanan,ON PROCESS,5000000,5000000
KOTA KOTAMOBAGU,DINAS KOMUNIKASI DAN INFORMATIKA - 2.16.2.20.2.21.01.0000,01KWGPMP8MAKVSV7KN4WX3HC5S,62874058,2026,E-Katalog 6.0,APBD,RANST SULAWESI JAYA,E-Purchasing,Jasa Lainnya,"Belanja Jasa Iklan/Reklame, Film, dan Pemotretan",ON PROCESS,2000000,2000000
KOTA KOTAMOBAGU,BLUD RSUD KOTAMOBAGU - 1.02.0.00.0.00.01.0001,01KKBVV854AVX70CRDM64HT3A7,64159880,2026,E-Katalog 6.0,BLUD,SEKARGUNA MEDIKA,E-Purchasing,Barang,Belanja Barang dan Jasa BLUD,ON PROCESS,18991712,0
KOTA KOTAMOBAGU,DINAS KOMUNIKASI DAN INFORMATIKA - 2.16.2.20.2.21.01.0000,01KRFX0F6BYCM8NGVRS8KCXH5Q,62874058,2026,E-Katalog 6.0,APBD,VIRZHA NUSANTARA INFORMASI,E-Purchasing,Jasa Lainnya,"Belanja Jasa Iklan/Reklame, Film, dan Pemotretan",ON PROCESS,2000000,2000000
KOTA KOTAMOBAGU,DINAS KOMUNIKASI DAN INFORMATIKA - 2.16.2.20.2.21.01.0000,01KK3NK5KQJHP7XMVE7G5RFRPZ,62874058,2026,E-Katalog 6.0,APBD,KOMUNIKA SULUT MEDIA,E-Purchasing,Jasa Lainnya,"Belanja Jasa Iklan/Reklame, Film, dan Pemotretan",ON PROCESS,1998000,1998000
KOTA KOTAMOBAGU,DINAS KOMUNIKASI DAN INFORMATIKA - 2.16.2.20.2.21.01.0000,01KVA6NTFRR7M7P45RVYSXGDYN,62874058,2026,E-Katalog 6.0,APBD,SHAKA BUMI MEDIA UTAMA,E-Purchasing,Jasa Lainnya,"Belanja Jasa Iklan/Reklame, Film, dan Pemotretan",ON PROCESS,2000000,2000000
KOTA KOTAMOBAGU,DINAS KOMUNIKASI DAN INFORMATIKA - 2.16.2.20.2.21.01.0000,01KRFZ47SNH6D8TN9NFPC9AV50,62874058,2026,E-Katalog 6.0,APBD,PT. SURYA PERS INDONESIAKU,E-Purchasing,Jasa Lainnya,"Belanja Jasa Iklan/Reklame, Film, dan Pemotretan",ON PROCESS,3000000,3000000
KOTA KOTAMOBAGU,BLUD RSUD KOTAMOBAGU - 1.02.0.00.0.00.01.0001,01KW9XEPH6D9K5G1H2DPWEWTWB,67375290,2026,E-Katalog 6.0,BLUD,IFARS PHARMACEUTICAL LABORATORIES,E-Purchasing,Barang,Belanja Barang dan Jasa BLUD,ON PROCESS,125885,125885
KOTA KOTAMOBAGU,BAGIAN UMUM - 4.01.0.00.0.00.01.0001,01KSD03GZZEXADA25N7J3H4AZB,64501309,2026,E-Katalog 6.0,APBD,RICO ONGI,E-Purchasing,Barang,Belanja Pakaian Olahraga,ON PROCESS,20000000,20000000
KOTA KOTAMOBAGU,SEKRETARIAT DPRD - 4.02.0.00.0.00.01.0000,01KSF59708DV86ZMKJ43YKV1V6,63211699,2026,E-Katalog 6.0,APBD,BUNGAS AUTO MOTOR,E-Purchasing,Jasa Lainnya,Belanja Pemeliharaan Alat Angkutan-Alat Angkutan Darat Bermotor-Kendaraan Dinas Bermotor Perorangan,ON PROCESS,3133530,3133530
KOTA KOTAMOBAGU,SEKRETARIAT DAERAH - 4.01.0.00.0.00.01.0000,01KTXCQNG965EVTN2FM5YZ7VRB,63469981,2026,E-Katalog 6.0,APBD,ILHAM DILAPANGA,E-Purchasing,Jasa Lainnya,Belanja Jasa Tenaga Pelayanan Umum,ON PROCESS,2000000,2000000
KOTA KOTAMOBAGU,DINAS KOMUNIKASI DAN INFORMATIKA - 2.16.2.20.2.21.01.0000,01KRFYF1REF0XH8WNX2KQ37N4N,62874058,2026,E-Katalog 6.0,APBD,MOKOAGOW JAYA MERDEKA,E-Purchasing,Jasa Lainnya,"Belanja Jasa Iklan/Reklame, Film, dan Pemotretan",ON PROCESS,2000000,2000000
KOTA KOTAMOBAGU,BADAN PENGELOLA KEUANGAN DAERAH - 5.02.0.00.0.00.01.0000,01KNJTV2VXVQARAFD8N19QAPWS,63113222,2026,E-Katalog 6.0,APBD,MINPUT,E-Purchasing,Jasa Lainnya,Belanja Makanan dan Minuman Rapat,ON PROCESS,1389300,1389300
KOTA KOTAMOBAGU,DINAS PERHUBUNGAN - 2.15.0.00.0.00.01.0000,01KNGTWH2D9B5RAXZ7B3JA961G,64516352,2026,E-Katalog 6.0,APBD,IRMA ASTUTI KOROMPOT,E-Purchasing,Barang,Belanja Alat/Bahan untuk kegiatan Kantor-Kertas dan Cover,ON PROCESS,360306,360306
KOTA KOTAMOBAGU,DINAS PERTANIAN DAN PERIKANAN - 3.27.3.25.0.00.01.0000,10930954000,63864601,2026,Non Tender,APBD,AGRATA KARYA TEKNIK,Pengadaan Langsung,Pengadaan Barang,Belanja Obat-Obatan-Obat-Obatan Lainnya,BERLANGSUNG,67278000,0
KOTA KOTAMOBAGU,BLUD RSUD KOTAMOBAGU - 1.02.0.00.0.00.01.0001,01KWKQCKC891XM2WN4VE6DDQRA,67375290,2026,E-Katalog 6.0,BLUD,KOLONGAN JAYA ABADI,E-Purchasing,Barang,Belanja Barang dan Jasa BLUD,ON PROCESS,939060,939060
KOTA KOTAMOBAGU,BAGIAN UMUM - 4.01.0.00.0.00.01.0001,01KVNBK2FDFSDYAEXTJ384YWQ4,66238501,2026,E-Katalog 6.0,APBD,HASAN MAKALUNSENGE,E-Purchasing,Jasa Lainnya,Belanja Pemeliharaan Alat Kantor dan Rumah Tangga-Alat Kantor-Alat Kantor Lainnya,ON PROCESS,2218890,2218890
KOTA KOTAMOBAGU,DINAS PERUMAHAN RAKYAT DAN KAWASAN PERMUKIMAN - 1.04.2.10.0.00.01.0000,01KNK43F11EFPCFB8WVWQR31G9,64620396,2026,E-Katalog 6.0,APBD,HERRY PONDAAG,E-Purchasing,Jasa Lainnya," Belanja Alat/Bahan untuk Kegiatan Kantor- Bahan Cetak",ON PROCESS,957042,957042
KOTA KOTAMOBAGU,DINAS PENGENDALIAN PENDUDUK DAN KELUARGA BERENCANA - 2.14.0.00.0.00.01.0000,01KT8V2XQ4YQGDHVYATJQCHD95,64007983,2026,E-Katalog 6.0,APBD,ANWAR LABAGU,E-Purchasing,Jasa Lainnya,Belanja Jasa Tenaga Supir,ON PROCESS,1000000,1000000
KOTA KOTAMOBAGU,BAGIAN UMUM - 4.01.0.00.0.00.01.0001,01KJVQ759BMJKT2WDS9VX68VV0,64656020,2026,E-Katalog 6.0,APBD,RIVS,E-Purchasing,Jasa Lainnya,Belanja Pemeliharaan Alat Angkutan-Alat Angkutan Darat Bermotor-Kendaraan Dinas Bermotor Perorangan,ON PROCESS,10815840,10815840
KOTA KOTAMOBAGU,BADAN PENGELOLA KEUANGAN DAERAH - 5.02.0.00.0.00.01.0000,01KQT13E6QNY6R23KXTZ6H8J5X,63013157,2026,E-Katalog 6.0,APBD,CYNTHIA PRATIWI SUGEHA,E-Purchasing,Jasa Lainnya,Belanja Makanan dan Minuman Rapat,ON PROCESS,896000,896000
KOTA KOTAMOBAGU,BLUD RSUD KOTAMOBAGU - 1.02.0.00.0.00.01.0001,01KN1AH3340JG3V2DBNJH00EQV,64159880,2026,E-Katalog 6.0,BLUD,AOMA PRIMA MEDIKA,E-Purchasing,Barang,Belanja Barang dan Jasa BLUD,ON PROCESS,7037400,7037400
KOTA KOTAMOBAGU,DINAS PENANAMAN MODAL DAN PELAYANAN TERPADU SATU PINTU - 2.18.0.00.0.00.01.0000,01KTQJYG46FBJS57HKX02KFGKB,63918725,2026,E-Katalog 6.0,APBD,HERRY PONDAAG,E-Purchasing,Barang,Belanja alat/bahan untuk kegiatan kantor-Alat Listrik,ON PROCESS,1592295,1592295
KOTA KOTAMOBAGU,SEKRETARIAT DPRD - 4.02.0.00.0.00.01.0000,01KJVE29PT7CB6D20TVGEFW4G6,63395422,2026,E-Katalog 6.0,APBD,ADELE BRITA KARTIKA,E-Purchasing,Jasa Lainnya,"Belanja Jasa Iklan/Reklame, Film, dan Pemotretan",ON PROCESS,999999,999999
KOTA KOTAMOBAGU,SEKRETARIAT DAERAH - 4.01.0.00.0.00.01.0000,01KJHWDN5J60S0169SFGJFAA2B,63469981,2026,E-Katalog 6.0,APBD,FERDINA NALOLE,E-Purchasing,Jasa Lainnya,Belanja Jasa Tenaga Pelayanan Umum,ON PROCESS,2000000,2000000
KOTA KOTAMOBAGU,INSPEKTORAT DAERAH - 6.01.0.00.0.00.01.0000,01KW9B8W0GFA6RPBTATJRNF3EN,64220119,2026,E-Katalog 6.0,APBD,CYNTHIA PRATIWI SUGEHA,E-Purchasing,Jasa Lainnya,Belanja Makanan dan Minuman Rapat,ON PROCESS,870000,870000
KOTA KOTAMOBAGU,DINAS KEBUDAYAAN DAN PARIWISATA - 2.22.3.26.0.00.01.0000,01KJWAA1MFPVJXX6Z57ZTVFFSK,64414494,2026,E-Katalog 6.0,APBD,HERRY PONDAAG,E-Purchasing,Barang,Belanja Alat/Bahan untuk Kegiatan Kantor-Alat Tulis Kantor,ON PROCESS,620102,620102
KOTA KOTAMOBAGU,DINAS PEMBERDAYAAN MASYARAKAT DAN DESA - 2.13.0.00.0.00.01.0000,01KPWDSMB350Z0MCXAJ1CVRWMH,64545772,2026,E-Katalog 6.0,APBD,HERRY PONDAAG,E-Purchasing,Barang,Belanja Alat/Bahan untuk Kegiatan Kantor -Bahan Komputer,ON PROCESS,4675320,4675320
KOTA KOTAMOBAGU,BADAN PENGELOLA KEUANGAN DAERAH - 5.02.0.00.0.00.01.0000,01KRBRJZ38EBK8W9KHS6N3NS7G,63007758,2026,E-Katalog 6.0,APBD,IRMA ASTUTI KOROMPOT,E-Purchasing,Barang,Belanja Bahan-Bahan Lainnya,ON PROCESS,451437,451437
KOTA KOTAMOBAGU,DINAS KOMUNIKASI DAN INFORMATIKA - 2.16.2.20.2.21.01.0000,01KPCEAEEM4SCYTTFQRAKMBTHM,62874058,2026,E-Katalog 6.0,APBD,TREND MEDIA NUSANTARA,E-Purchasing,Jasa Lainnya,"Belanja Jasa Iklan/Reklame, Film, dan Pemotretan",ON PROCESS,1998000,1998000
KOTA KOTAMOBAGU,"DINAS PERDAGANGAN, KOPERASI, USAHA KECIL DAN MENENGAH - 3.30.2.17.0.00.01.0000",01KH5EYJWVDTRGT05C74HYH6M5,65305879,2026,E-Katalog 6.0,APBD,CYNTHIA PRATIWI SUGEHA,E-Purchasing,Jasa Lainnya,Belanja Makanan dan Minuman Rapat ,ON PROCESS,10800000,10800000
KOTA KOTAMOBAGU,BLUD RSUD KOTAMOBAGU - 1.02.0.00.0.00.01.0001,01KVN960EXB35T712QV4R9JRD0,64159880,2026,E-Katalog 6.0,BLUD,MITSUBISHI TANABE PHARMA INDONESIA,E-Purchasing,Barang,Belanja Barang dan Jasa BLUD,ON PROCESS,4837824,0
KOTA KOTAMOBAGU,INSPEKTORAT DAERAH - 6.01.0.00.0.00.01.0000,01KH0799REXVFMRMER2Y50GJRK,64220119,2026,E-Katalog 6.0,APBD,MINPUT,E-Purchasing,Jasa Lainnya,Belanja Makanan dan Minuman Rapat,ON PROCESS,1450000,1450000
KOTA KOTAMOBAGU,BLUD RSUD KOTAMOBAGU - 1.02.0.00.0.00.01.0001,01KSHM0KK0SQY0W6PNFVR7J5M8,64159880,2026,E-Katalog 6.0,BLUD,DEXA MEDICA,E-Purchasing,Barang,Belanja Barang dan Jasa BLUD,ON PROCESS,12999987,0
KOTA KOTAMOBAGU,DINAS PEKERJAAN UMUM DAN PENATAAN RUANG - 1.03.0.00.0.00.01.0000,01KK15AJKB54WTQMX5J7ME6VRW,63004595,2026,E-Katalog 6.0,APBD,LA ROSE,E-Purchasing,Barang," Belanja Alat/Bahan untuk Kegiatan Kantor- Bahan Cetak",ON PROCESS,667332,667332
KOTA KOTAMOBAGU,DINAS KEPENDUDUKAN DAN PENCATATAN SIPIL - 2.12.0.00.0.00.01.0000,01KSF31VQJB7QTKTVWCAB5XGSQ,62828578,2026,E-Katalog 6.0,APBD,HERRY PONDAAG,E-Purchasing,Barang,Belanja Alat/Bahan untuk Kegiatan Kantor-Alat Tulis Kantor,ON PROCESS,3962145,3962145
KOTA KOTAMOBAGU,DINAS KESEHATAN - 1.02.0.00.0.00.01.0000,01KW745N5KM2PE4XJVWPEKFBHW,65546167,2026,E-Katalog 6.0,APBD,INDRA WAHYUDI TAYABU,E-Purchasing,Jasa Lainnya,Belanja Jasa Tenaga Keamanan,ON PROCESS,1500000,1500000
KOTA KOTAMOBAGU,SEKRETARIAT DAERAH - 4.01.0.00.0.00.01.0000,01KTX7RZV391S5T5ZKPTZJ2SEE,63469981,2026,E-Katalog 6.0,APBD,FELTY MOKOGINTA,E-Purchasing,Jasa Lainnya,Belanja Jasa Tenaga Pelayanan Umum,ON PROCESS,2000000,2000000
KOTA KOTAMOBAGU,DINAS KOMUNIKASI DAN INFORMATIKA - 2.16.2.20.2.21.01.0000,01KRFY08WR9837DBTKNQV5RRK0,62874058,2026,E-Katalog 6.0,APBD,NUSANTARA JAYA PERS,E-Purchasing,Jasa Lainnya,"Belanja Jasa Iklan/Reklame, Film, dan Pemotretan",ON PROCESS,1998000,1998000
KOTA KOTAMOBAGU,BADAN PENGELOLA KEUANGAN DAERAH - 5.02.0.00.0.00.01.0000,01KTJTS2G5Z553V9MAENDZS53Y,63095236,2026,E-Katalog 6.0,APBD,IRMA ASTUTI KOROMPOT,E-Purchasing,Barang,Belanja Alat/Bahan untuk Kegiatan Kantor- Kertas dan Cover,ON PROCESS,1490286,1490286
KOTA KOTAMOBAGU,DINAS KOMUNIKASI DAN INFORMATIKA - 2.16.2.20.2.21.01.0000,01KVCD18SDSPCW7EFS1RJMP1B5,62874058,2026,E-Katalog 6.0,APBD,MEDIA REPORTASE SULUT,E-Purchasing,Jasa Lainnya,"Belanja Jasa Iklan/Reklame, Film, dan Pemotretan",ON PROCESS,1998000,1998000
KOTA KOTAMOBAGU,BLUD RSUD KOTAMOBAGU - 1.02.0.00.0.00.01.0001,01KQVJBHD7RQQSRGV3RFKJC5BW,62976479,2026,E-Katalog 6.0,BLUD,RHAVA COMPUTINDO,E-Purchasing,Barang,Belanja Modal Peralatan dan Mesin BLUD,ON PROCESS,7758900,0
KOTA KOTAMOBAGU,DINAS KESEHATAN - 1.02.0.00.0.00.01.0000,01KS4P00K8DTS586VM88D3VG21,65547132,2026,E-Katalog 6.0,APBD,CYNTHIA PRATIWI SUGEHA,E-Purchasing,Barang," Belanja Makanan dan Minuman Rapat",ON PROCESS,28512000,28512000
KOTA KOTAMOBAGU,DINAS KOMUNIKASI DAN INFORMATIKA - 2.16.2.20.2.21.01.0000,01KPB3HCWNE1FT9BXEKQSXG894,62874058,2026,E-Katalog 6.0,APBD,MEDIA KAHIR GRUP,E-Purchasing,Jasa Lainnya,"Belanja Jasa Iklan/Reklame, Film, dan Pemotretan",ON PROCESS,5000000,5000000
KOTA KOTAMOBAGU,PUSKESMAS GOGAGOMAN - 1.02.0.00.0.00.01.0004,01KJ7B4T93JYQC39ZFQN1MHA58,63780492,2026,E-Katalog 6.0,APBD,ARVITA ALVARO MEDIKA,E-Purchasing,Barang,Belanja Obat - Obatan - Obat - Obatan Lainnya,PAYMENT OUTSIDE SYSTEM,23387700,23387700
KOTA KOTAMOBAGU,DINAS PENDIDIKAN - 1.01.0.00.0.00.01.0000,01KKDC1B6QAVVCRS849YS0CTKM,65263229,2026,E-Katalog 6.0,APBD,JAYA ARTHA,E-Purchasing,Barang,Belanja Bahan-Bahan Lainnya (Belanja Rumah Tangga),ON PROCESS,795204,795204
KOTA KOTAMOBAGU,BLUD RSUD KOTAMOBAGU - 1.02.0.00.0.00.01.0001,01KKK8VB0Y3T0ZHH4XPRJDWJKQ,62976479,2026,E-Katalog 6.0,BLUD,SOMETECH INDONESIA,E-Purchasing,Barang,Belanja Modal Peralatan dan Mesin BLUD,ON PROCESS,182569275,0
KOTA KOTAMOBAGU,DINAS KOMUNIKASI DAN INFORMATIKA - 2.16.2.20.2.21.01.0000,01KWGMGJHW55D4B6R7EM7GTD8S,62874058,2026,E-Katalog 6.0,APBD,MEDIONET TOTABUAN NUSANTARA,E-Purchasing,Jasa Lainnya,"Belanja Jasa Iklan/Reklame, Film, dan Pemotretan",ON PROCESS,1998000,1998000
KOTA KOTAMOBAGU,DINAS KOMUNIKASI DAN INFORMATIKA - 2.16.2.20.2.21.01.0000,01KHZFF4Q3PWBTZ2ES6P0N4430,62874058,2026,E-Katalog 6.0,APBD,AZIZAH MEDIA GLOBAL,E-Purchasing,Jasa Lainnya,"Belanja Jasa Iklan/Reklame, Film, dan Pemotretan",ON PROCESS,1998000,1998000
KOTA KOTAMOBAGU,DINAS PEMBERDAYAAN MASYARAKAT DAN DESA - 2.13.0.00.0.00.01.0000,01KPMCAC5M6780HJSNE57P8N05,64542109,2026,E-Katalog 6.0,APBD,YUDHI KADHIKA,E-Purchasing,Barang,Belanja alat/bahan untuk kegiatan kantor bahan cetak,ON PROCESS,568320,568320
KOTA KOTAMOBAGU,BLUD RSUD KOTAMOBAGU - 1.02.0.00.0.00.01.0001,01KKGPPRE38B43CZV0M2NM64DW,62976479,2026,E-Katalog 6.0,BLUD,SEKARGUNA MEDIKA,E-Purchasing,Barang,Belanja Modal Peralatan dan Mesin BLUD,ON PROCESS,47436005,47436005
KOTA KOTAMOBAGU,DINAS KOMUNIKASI DAN INFORMATIKA - 2.16.2.20.2.21.01.0000,01KWE4X68SQTB8H09JGVZFMHBJ,62874058,2026,E-Katalog 6.0,APBD,MEDIA SULAWESI NETWORK,E-Purchasing,Jasa Lainnya,"Belanja Jasa Iklan/Reklame, Film, dan Pemotretan",ON PROCESS,2000000,2000000
KOTA KOTAMOBAGU,DINAS KOMUNIKASI DAN INFORMATIKA - 2.16.2.20.2.21.01.0000,01KK3J412T62NSJ8NNWPNTK2XA,62874058,2026,E-Katalog 6.0,APBD,MANADO GLOBAL MEDIA,E-Purchasing,Jasa Lainnya,"Belanja Jasa Iklan/Reklame, Film, dan Pemotretan",ON PROCESS,2997000,2997000
KOTA KOTAMOBAGU,SEKRETARIAT DPRD - 4.02.0.00.0.00.01.0000,01KJPPVRPX11GM91J5G25HZ5T5,63391540,2026,E-Katalog 6.0,APBD,ADE NABILA SIMBUANG,E-Purchasing,Jasa Lainnya,Belanja Jasa Tenaga Kebersihan,ON PROCESS,6000000,6000000
KOTA KOTAMOBAGU,BADAN PENGELOLA KEUANGAN DAERAH - 5.02.0.00.0.00.01.0000,01KTKV49DAW6FDWK00CSX2WN13,63011905,2026,E-Katalog 6.0,APBD,IRMA ASTUTI KOROMPOT,E-Purchasing,Barang,Belanja Alat/Bahan untuk Kegiatan Kantor-Bahan Komputer,ON PROCESS,429570,429570
KOTA KOTAMOBAGU,BADAN PERENCANAAN PENELITIAN DAN PENGEMBANGAN DAERAH - 5.01.5.05.0.00.01.0000,01KV9Q85VGJBVWKBB4345K5DVH,62551892,2026,E-Katalog 6.0,APBD,HERRY PONDAAG,E-Purchasing,Barang,Belanja Alat/Bahan untuk Kegiatan Kantor- Kertas dan Cover ,ON PROCESS,1844820,1844820
KOTA KOTAMOBAGU,BAGIAN KESEJAHTERAAN RAKYAT - 4.01.0.00.0.00.01.0005,01KH5PY4QD38WPVCGVBQPJRMWR,63446718,2026,E-Katalog 6.0,APBD,CYNTHIA PRATIWI SUGEHA,E-Purchasing,Barang,Belanja Makanan dan Minuman Rapat,ON PROCESS,29250000,29250000
KOTA KOTAMOBAGU,DINAS KOMUNIKASI DAN INFORMATIKA - 2.16.2.20.2.21.01.0000,01KFD534355480XDPW15ECDPNF,63344773,2026,E-Katalog 6.0,APBD,BONNY ABDULRAUF,E-Purchasing,Barang,Belanja Alat/Bahan untuk Kegiatan Kantor- Kertas dan Cover,ON PROCESS,954600,954600
KOTA KOTAMOBAGU,DINAS KOMUNIKASI DAN INFORMATIKA - 2.16.2.20.2.21.01.0000,01KRG0FS6BR13R55C1A35QWDZ5,62874058,2026,E-Katalog 6.0,APBD,BUMI AKSARA PRATAMA,E-Purchasing,Jasa Lainnya,"Belanja Jasa Iklan/Reklame, Film, dan Pemotretan",ON PROCESS,3996000,3996000
KOTA KOTAMOBAGU,BAGIAN UMUM - 4.01.0.00.0.00.01.0001,01KVNBE4DT3Q33TF4828VYNVRR,66238501,2026,E-Katalog 6.0,APBD,HASAN MAKALUNSENGE,E-Purchasing,Jasa Lainnya,Belanja Pemeliharaan Alat Kantor dan Rumah Tangga-Alat Kantor-Alat Kantor Lainnya,ON PROCESS,5010540,5010540
KOTA KOTAMOBAGU,INSPEKTORAT DAERAH - 6.01.0.00.0.00.01.0000,01KRWDHNKN0ZAB7NSQRBDNYXQD,64334887,2026,E-Katalog 6.0,APBD,BONNY ABDULRAUF,E-Purchasing,Barang,Belanja alat bahan untuk kegiatan kantor bahan cetak,ON PROCESS,2369994,2369994
KOTA KOTAMOBAGU,DINAS KOMUNIKASI DAN INFORMATIKA - 2.16.2.20.2.21.01.0000,01KS1BSCGRHSQKZQ7WDR586CVS,63131205,2026,E-Katalog 6.0,APBD,MINPUT,E-Purchasing,Barang,Belanja Makanan dan Minuman Rapat,ON PROCESS,2450000,2450000
KOTA KOTAMOBAGU,DINAS KESEHATAN - 1.02.0.00.0.00.01.0000,01KQR8FCMH1KDDGPX6D4PR3QAS,65546507,2026,E-Katalog 6.0,APBD,BUNGAS AUTO MOTOR,E-Purchasing,Barang,Belanja Pemeliharaan Alat Angkutan-Alat Angkutan Darat Bermotor-Kendaraan Dinas Bermotor Perorangan,ON PROCESS,5399429,5399429
KOTA KOTAMOBAGU,DINAS PEMBERDAYAAN PEREMPUAN DAN PERLINDUNGAN ANAK - 2.08.0.00.0.00.01.0000,01KK10QEFFZQ32KFRWESAXMNQM,64680600,2026,E-Katalog 6.0,APBD,RHAVA COMPUTINDO,E-Purchasing,Barang,Belanja Pemeliharaan Alat Kantor dan Rumah Tangga-Alat Rumah Tangga-Alat Pendingin,ON PROCESS,832500,832500
KOTA KOTAMOBAGU,SEKRETARIAT DPRD - 4.02.0.00.0.00.01.0000,01KNH2WKN7EJNG94ASW68SV5A9,63395422,2026,E-Katalog 6.0,APBD,KAZA REVOLUSIONER MEDIA,E-Purchasing,Jasa Lainnya,"Belanja Jasa Iklan/Reklame, Film, dan Pemotretan",ON PROCESS,1000000,1000000
KOTA KOTAMOBAGU,BLUD RSUD KOTAMOBAGU - 1.02.0.00.0.00.01.0001,01KWKNH6QSS10MD7DTNMVZAPAA,67375290,2026,E-Katalog 6.0,BLUD,KOLONGAN JAYA ABADI,E-Purchasing,Barang,Belanja Barang dan Jasa BLUD,ON PROCESS,10145400,10145400
KOTA KOTAMOBAGU,DINAS PERUMAHAN RAKYAT DAN KAWASAN PERMUKIMAN - 1.04.2.10.0.00.01.0000,01KT3B1MR8VNMXGGVN5BW2KKEA,64621300,2026,E-Katalog 6.0,APBD,YUNIARNI,E-Purchasing,Jasa Lainnya," Belanja Makanan dan Minuman Rapat",ON PROCESS,3000000,3000000
KOTA KOTAMOBAGU,PUSKESMAS GOGAGOMAN - 1.02.0.00.0.00.01.0004,01KJVKSVM82XFCSK3W00P2DR6J,63650327,2026,E-Katalog 6.0,APBD,ARVITA ALVARO MEDIKA,E-Purchasing,Barang,Belanja Bahan - Bahan Lainnya Puskesmas Gogaogman,PAYMENT OUTSIDE SYSTEM,31299225,31299225
KOTA KOTAMOBAGU,SEKRETARIAT DAERAH - 4.01.0.00.0.00.01.0000,01KTXD89NGHYAA1M24SBVQ3N2W,63469981,2026,E-Katalog 6.0,APBD,BOTTI RIZAL MOKOGINTA,E-Purchasing,Jasa Lainnya,Belanja Jasa Tenaga Pelayanan Umum,ON PROCESS,2000000,2000000
KOTA KOTAMOBAGU,BAGIAN PEREKONOMIAN DAN PEMBANGUNAN - 4.01.0.00.0.00.01.0006,01KVPQEQDANS1RBKR1XR01Q3HG,64457117,2026,E-Katalog 6.0,APBD,CYNTHIA PRATIWI SUGEHA,E-Purchasing,Jasa Lainnya,Belanja Makanan dan Minuman Rapat,ON PROCESS,1250000,1250000
KOTA KOTAMOBAGU,SEKRETARIAT DAERAH - 4.01.0.00.0.00.01.0000,01KTXKGTK005V1VN8032G9SXNB,63469981,2026,E-Katalog 6.0,APBD,DENDRA MOH. AKSAN MAKALALAG,E-Purchasing,Jasa Lainnya,Belanja Jasa Tenaga Pelayanan Umum,ON PROCESS,2600000,2600000
KOTA KOTAMOBAGU,KECAMATAN KOTAMOBAGU BARAT - 7.01.0.00.0.00.01.0000,01KHD300TAG52VDKAHMPEE6DNV,64246695,2026,E-Katalog 6.0,APBD,BUNGAS AUTO MOTOR,E-Purchasing,Jasa Lainnya,Belanja pemeliharaan alat angkutan -Alat angkutan darat bermotor -Kendaraan dinas bermotor perorangan ,ON PROCESS,8821725,8821725
KOTA KOTAMOBAGU,DINAS PERHUBUNGAN - 2.15.0.00.0.00.01.0000,01KWB7H2RWRT97CWVEQNNV7K24,64527578,2026,E-Katalog 6.0,APBD,IRMA ASTUTI KOROMPOT,E-Purchasing,Barang,Belanja Alat/Bahan untuk kegiatan Kantor - Alat Listrik,ON PROCESS,831390,831390
KOTA KOTAMOBAGU,DINAS KOMUNIKASI DAN INFORMATIKA - 2.16.2.20.2.21.01.0000,01KT5ECHBX7N6GD255PD6GH39X,62857644,2026,E-Katalog 6.0,APBD,DIGITAL SANDI INFORMASI,E-Purchasing,Jasa Lainnya,Belanja Kawat/Faksimili/Internet/TV Berlangganan,ON PROCESS,16095000,16095000
KOTA KOTAMOBAGU,SEKRETARIAT DPRD - 4.02.0.00.0.00.01.0000,01KJVS6R1GB8D6FYS5N8JVC4E8,63395422,2026,E-Katalog 6.0,APBD,KOMUNIKA SULUT MEDIA,E-Purchasing,Jasa Lainnya,"Belanja Jasa Iklan/Reklame, Film, dan Pemotretan",ON PROCESS,1999998,1999998
KOTA KOTAMOBAGU,DINAS KESEHATAN - 1.02.0.00.0.00.01.0000,01KQEDWVP4VGBGQ7599KE0TFV4,65545006,2026,E-Katalog 6.0,APBD,CYNTHIA PRATIWI SUGEHA,E-Purchasing,Barang," Belanja Makanan dan Minuman Jamuan Tamu",ON PROCESS,3622513,3622513
KOTA KOTAMOBAGU,SEKRETARIAT DAERAH - 4.01.0.00.0.00.01.0000,01KQVC7C0BEREE2NV9DHF8EQ5X,63474266,2026,E-Katalog 6.0,APBD,SONNY Y. KOROMPOT,E-Purchasing,Jasa Lainnya,Belanja Jasa Tenaga Supir,ON PROCESS,4000000,4000000
KOTA KOTAMOBAGU,DINAS KOMUNIKASI DAN INFORMATIKA - 2.16.2.20.2.21.01.0000,01KQ6CFG5T2PCFZYE2FDNPDWTX,63344773,2026,E-Katalog 6.0,APBD,BONNY ABDULRAUF,E-Purchasing,Barang,Belanja Alat/Bahan untuk Kegiatan Kantor- Kertas dan Cover,ON PROCESS,1304250,1304250
KOTA KOTAMOBAGU,BADAN KEPEGAWAIAN PENDIDIKAN DAN PELATIHAN - 5.03.5.04.0.00.01.0000,01KRDFCAYFQE5V3NE6RD0XY2VD,63447936,2026,E-Katalog 6.0,APBD,IRMA ASTUTI KOROMPOT,E-Purchasing,Barang,Belanja Bahan-Bahan Lainnya,ON PROCESS,157620,157620
KOTA KOTAMOBAGU,BADAN PENGELOLA KEUANGAN DAERAH - 5.02.0.00.0.00.01.0000,01KR2XRE6BYVA4G1Z1JMF89SG6,63113387,2026,E-Katalog 6.0,APBD,IRMA ASTUTI KOROMPOT,E-Purchasing,Barang,Belanja Alat/Bahan untuk Kegiatan Kantor- Kertas dan Cover,ON PROCESS,1579308,1579308
KOTA KOTAMOBAGU,DINAS LINGKUNGAN HIDUP - 2.11.0.00.0.00.01.0000,01KV562CJ1BECAK7TGYSF3K2E0,64488401,2026,E-Katalog 6.0,APBD,HERRY PONDAAG,E-Purchasing,Jasa Lainnya,Belanja Pemeliharaan Bangunan Gedung - Bangunan Gedung Tempat Kerja - Bangunan Gedung utaraKantor,ON PROCESS,4754685,4754685
KOTA KOTAMOBAGU,DINAS KOMUNIKASI DAN INFORMATIKA - 2.16.2.20.2.21.01.0000,01KWGJHBMFF6HNWM6DJ3DW1ZTX,62874058,2026,E-Katalog 6.0,APBD,LESTARI KANAL MEDIA,E-Purchasing,Jasa Lainnya,"Belanja Jasa Iklan/Reklame, Film, dan Pemotretan",ON PROCESS,2000000,2000000
KOTA KOTAMOBAGU,DINAS KEPEMUDAAN DAN OLAHRAGA - 2.19.0.00.0.00.01.0000,01KNKB8RCYBC5RSEMPQ51B3WX9,64978707,2026,E-Katalog 6.0,APBD,HERRY PONDAAG,E-Purchasing,Barang,Belanja Alat/Bahanuntuk Kegiatan Kantor-Alat tulis Kantor,ON PROCESS,1908923,1908923
KOTA KOTAMOBAGU,BAGIAN PROTOKOL DAN KOMUNIKASI PIMPINAN - 4.01.0.00.0.00.01.0004,01KJEJ4DRX93ACJXHJEWDCM05R,63381513,2026,E-Katalog 6.0,APBD,SUTRIONO MAMONTO,E-Purchasing,Jasa Lainnya,"Belanja Jasa Iklan/ Reklame , Film, dan Pemotretan",ON PROCESS,1500000,1500000
KOTA KOTAMOBAGU,DINAS KETAHANAN PANGAN - 2.09.0.00.0.00.01.0000,01KV9H9EJQPT2958WQTGEG8FBZ,63982076,2026,E-Katalog 6.0,APBD,HERRY PONDAAG,E-Purchasing,Barang,Belanja Alat/Bahan untuk Kegiatan Kantor-Alat Tulis Kantor,ON PROCESS,622266,622266
KOTA KOTAMOBAGU,DINAS KOMUNIKASI DAN INFORMATIKA - 2.16.2.20.2.21.01.0000,01KQ6CZ57WNYMAY1RQXNDW0T68,63347408,2026,E-Katalog 6.0,APBD,BONNY ABDULRAUF,E-Purchasing,Barang,Belanja Alat/Bahan untuk Kegiatan Kantor-Alat/Bahan untuk Kegiatan Kantor Lainnya,ON PROCESS,391275,391275
KOTA KOTAMOBAGU,SEKRETARIAT DAERAH - 4.01.0.00.0.00.01.0000,01KPDM598DS2XBAJDPZDT6C2J8,63423831,2026,E-Katalog 6.0,APBD,FIGIH CICILIA MOKOGINTA,E-Purchasing,Barang,Belanja Makanan dan Minuman Rapat,ON PROCESS,1770000,1770000
KOTA KOTAMOBAGU,DINAS PERHUBUNGAN - 2.15.0.00.0.00.01.0000,01KN115F9J6X0W97JTMT44HM04,64518415,2026,E-Katalog 6.0,APBD,DUNDA YAMBO,E-Purchasing,Barang,Belanja Makanan dan Minuman Aktivitas Lapangan,ON PROCESS,13731000,13731000
KOTA KOTAMOBAGU,SEKRETARIAT DPRD - 4.02.0.00.0.00.01.0000,01KQTRFWM2B8MTJS46VBC6BWQ8,63395422,2026,E-Katalog 6.0,APBD,KREATIF MULTIMEDIA NUSANTARA,E-Purchasing,Jasa Lainnya,"Belanja Jasa Iklan/Reklame, Film, dan Pemotretan",ON PROCESS,2000000,2000000
KOTA KOTAMOBAGU,DINAS KOMUNIKASI DAN INFORMATIKA - 2.16.2.20.2.21.01.0000,01KWGKTP4S6H7ZRE41ZKFQQZK3,62874058,2026,E-Katalog 6.0,APBD,MANADO TERKINI CEMERLANG,E-Purchasing,Jasa Lainnya,"Belanja Jasa Iklan/Reklame, Film, dan Pemotretan",ON PROCESS,1998000,1998000
KOTA KOTAMOBAGU,SEKRETARIAT DAERAH - 4.01.0.00.0.00.01.0000,01KRG4C5141MPZ14W6YCJEM3EM,63469981,2026,E-Katalog 6.0,APBD,SYAMSUDIN DAMA,E-Purchasing,Jasa Lainnya,Belanja Jasa Tenaga Pelayanan Umum,ON PROCESS,2600000,2600000
KOTA KOTAMOBAGU,DINAS KOMUNIKASI DAN INFORMATIKA - 2.16.2.20.2.21.01.0000,01KVCVRTAQ110XG5WCYRNEJ9GQ,62874058,2026,E-Katalog 6.0,APBD,ARAY SUARA MEDIA,E-Purchasing,Jasa Lainnya,"Belanja Jasa Iklan/Reklame, Film, dan Pemotretan",ON PROCESS,1998000,1998000
KOTA KOTAMOBAGU,DINAS PEKERJAAN UMUM DAN PENATAAN RUANG - 1.03.0.00.0.00.01.0000,10114392000,62978261,2026,Tender,APBD,CV. DUA PUTRA,Tender,Pekerjaan Konstruksi,Pemeliharaan Berkala Jalan Zakaria Imban (644) (Tahap 3) Kel. Molinow-Kel. Mongondow-Desa Poyowa Kecil,SELESAI,1246507000,1246507000
KOTA KOTAMOBAGU,BLUD RSUD KOTAMOBAGU - 1.02.0.00.0.00.01.0001,01KQS08X388N9ZXCSWNZ0AHBF0,64159880,2026,E-Katalog 6.0,BLUD,TIGA BINTANG,E-Purchasing,Barang,Belanja Barang dan Jasa BLUD,ON PROCESS,4052976,4052976
KOTA KOTAMOBAGU,DINAS PERUMAHAN RAKYAT DAN KAWASAN PERMUKIMAN - 1.04.2.10.0.00.01.0000,10141100000,64567827,2026,Tender,APBD,,Tender,Pekerjaan Konstruksi,Pembangunan Median Jalan Paloko - Kinalang,BERLANGSUNG,1496170000,1496170000
KOTA KOTAMOBAGU,BLUD RSUD KOTAMOBAGU - 1.02.0.00.0.00.01.0001,01KPCJCM62GH0FW8B52MD2JR5X,64159880,2026,E-Katalog 6.0,BLUD,MEGA LIFESCIENCES INDONESIA,E-Purchasing,Barang,Belanja Barang dan Jasa BLUD,ON PROCESS,42282120,42282120
KOTA KOTAMOBAGU,DINAS KOMUNIKASI DAN INFORMATIKA - 2.16.2.20.2.21.01.0000,01KWE3WVD8H77PP62PH3X2CA58,62874058,2026,E-Katalog 6.0,APBD,SAHABAT NUKILA MULTIMEDIA,E-Purchasing,Jasa Lainnya,"Belanja Jasa Iklan/Reklame, Film, dan Pemotretan",ON PROCESS,2997000,2997000
KOTA KOTAMOBAGU,DINAS KOMUNIKASI DAN INFORMATIKA - 2.16.2.20.2.21.01.0000,01KHZESZR6YY57FZ1VQV46NTK4,62874058,2026,E-Katalog 6.0,APBD,AKSARA INTI MEDIA,E-Purchasing,Jasa Lainnya,"Belanja Jasa Iklan/Reklame, Film, dan Pemotretan",ON PROCESS,2000000,2000000
KOTA KOTAMOBAGU,PUSKESMAS KOTOBANGON - 1.02.0.00.0.00.01.0005,01KJRK8XMJEJFVFTC745VMGTJM,62915409,2026,E-Katalog 6.0,APBD,BUNGAS AUTO MOTOR,E-Purchasing,Barang,Belanja Bahan-Bahan Bakar dan Pelumas,ON PROCESS,861360,861360
KOTA KOTAMOBAGU,UPTD PERLINDUNGAN PEREMPUAN DAN ANAK - 2.08.0.00.0.00.01.0001,01KJVR7FV40AXXRJVFF9ZM1PJP,65946433,2026,E-Katalog 6.0,APBD,BUNGAS AUTO MOTOR,E-Purchasing,Barang,Belanja Pemeliharaan Alat Angkutan-Alat Angkutan Darat Bermotor-Kendaraan Dinas Bermotor Perorangan,ON PROCESS,4473300,4473300
KOTA KOTAMOBAGU,DINAS KEBUDAYAAN DAN PARIWISATA - 2.22.3.26.0.00.01.0000,01KPSG6P6S7YBS3WH5JMNXKZQR,64415201,2026,E-Katalog 6.0,APBD,HERRY PONDAAG,E-Purchasing,Barang,Belanja Alat/Bahan untuk Kegiatan Kantor-Bahan Komputer,ON PROCESS,515040,515040
KOTA KOTAMOBAGU,DINAS LINGKUNGAN HIDUP - 2.11.0.00.0.00.01.0000,01KK12C4JZ7AKCS2CWWK6YM8JP,66203704,2026,E-Katalog 6.0,APBD,BUNGAS AUTO MOTOR,E-Purchasing,Jasa Lainnya,Belanja Pemeliharaan Alat Angkutan - Alat Angkutan Darat Bermotor - Kendaraan Dinas Bermotor Perorangan,ON PROCESS,59340600,59340600
KOTA KOTAMOBAGU,DINAS KOMUNIKASI DAN INFORMATIKA - 2.16.2.20.2.21.01.0000,01KK418XYYMNQNVHEY53PDM42Y,62874058,2026,E-Katalog 6.0,APBD,EZAR RASKA MEDIA,E-Purchasing,Jasa Lainnya,"Belanja Jasa Iklan/Reklame, Film, dan Pemotretan",ON PROCESS,2000000,2000000
KOTA KOTAMOBAGU,BADAN PENGELOLA KEUANGAN DAERAH - 5.02.0.00.0.00.01.0000,01KS5QPNND5EC81D4VNYSR5EXZ,63113417,2026,E-Katalog 6.0,APBD,IRMA ASTUTI KOROMPOT,E-Purchasing,Barang,Belanja Alat/Bahan untuk Kegiatan Kantor-Alat Tulis Kantor,ON PROCESS,1720278,1720278
KOTA KOTAMOBAGU,DINAS KOMUNIKASI DAN INFORMATIKA - 2.16.2.20.2.21.01.0000,01KPB1BPHY4MA4CE971QB18D9A,62874058,2026,E-Katalog 6.0,APBD,GINALUM ZAPATISTA MEDIA,E-Purchasing,Jasa Lainnya,"Belanja Jasa Iklan/Reklame, Film, dan Pemotretan",ON PROCESS,2000000,2000000
KOTA KOTAMOBAGU,BLUD RSUD KOTAMOBAGU - 1.02.0.00.0.00.01.0001,01KVY5WVPCRGKR06MB1HZR93SS,64159880,2026,E-Katalog 6.0,BLUD,TRISA LIKUID FARMA,E-Purchasing,Barang,Belanja Barang dan Jasa BLUD,ON PROCESS,32869875,32869875
KOTA KOTAMOBAGU,BADAN PERENCANAAN PENELITIAN DAN PENGEMBANGAN DAERAH - 5.01.5.05.0.00.01.0000,01KPSNTEDGXVYW53QAPYPWW64F,62551596,2026,E-Katalog 6.0,APBD,HERRY PONDAAG,E-Purchasing,Barang,Belanja Alat/Bahan untuk Kegiatan Kantor-Alat Listrik,ON PROCESS,904650,904650
KOTA KOTAMOBAGU,SEKRETARIAT DAERAH - 4.01.0.00.0.00.01.0000,01KTXKJWHR3461MYV0Z6EAXP3A,63469981,2026,E-Katalog 6.0,APBD,MAHENDRA DAMOPOLII,E-Purchasing,Jasa Lainnya,Belanja Jasa Tenaga Pelayanan Umum,ON PROCESS,2600000,2600000
KOTA KOTAMOBAGU,DINAS KOMUNIKASI DAN INFORMATIKA - 2.16.2.20.2.21.01.0000,01KK3VCETGX3F9Z4GVWD5NB0XZ,62874058,2026,E-Katalog 6.0,APBD,NUSANTARA JAYA PERS,E-Purchasing,Jasa Lainnya,"Belanja Jasa Iklan/Reklame, Film, dan Pemotretan",ON PROCESS,1998000,1998000
KOTA KOTAMOBAGU,DINAS PEMBERDAYAAN PEREMPUAN DAN PERLINDUNGAN ANAK - 2.08.0.00.0.00.01.0000,01KT6BRN598FFCQN9BWRS7HJZ2,64676005,2026,E-Katalog 6.0,APBD,HERRY PONDAAG,E-Purchasing,Barang,Belanja Alat/Bahan untuk Kegiatan Kantor-Alat Tulis Kantor,ON PROCESS,3134751,3134751
KOTA KOTAMOBAGU,SEKRETARIAT DAERAH - 4.01.0.00.0.00.01.0000,01KQTXMFX56SEBTZ2K6A55RSCJ,63469981,2026,E-Katalog 6.0,APBD,HABI KARIM LAPADENGAN,E-Purchasing,Jasa Lainnya,Belanja Jasa Tenaga Pelayanan Umum,ON PROCESS,2600000,2600000
KOTA KOTAMOBAGU,DINAS PEKERJAAN UMUM DAN PENATAAN RUANG - 1.03.0.00.0.00.01.0000,01KPQ16D26JX5T61WV709TD8XV,64447907,2026,E-Katalog 6.0,APBD,BUNGAS AUTO MOTOR,E-Purchasing,Barang,Belanja Pemeliharaan Alat Angkutan-Alat Angkutan Darat Bermotor-Kendaraan Dinas Bermotor Perorangan,ON PROCESS,16045050,16045050
KOTA KOTAMOBAGU,BAGIAN UMUM - 4.01.0.00.0.00.01.0001,01KJVNPHB7T083BE9NY8JK2ERQ,64509313,2026,E-Katalog 6.0,APBD,RIVS,E-Purchasing,Barang,Belanja Pemeliharaan Alat Angkutan-Alat Angkutan Darat Bermotor-Kendaraan Dinas Bermotor Perorangan,ON PROCESS,22830920,22830920
KOTA KOTAMOBAGU,SEKRETARIAT DAERAH - 4.01.0.00.0.00.01.0000,01KJJ0H8H0KBEXN4WXRQBKE3QK,63474266,2026,E-Katalog 6.0,APBD,SANTO MAMONTO,E-Purchasing,Jasa Lainnya,Belanja Jasa Tenaga Supir,ON PROCESS,2000000,2000000
KOTA KOTAMOBAGU,DINAS KOMUNIKASI DAN INFORMATIKA - 2.16.2.20.2.21.01.0000,01KRFYHNCEABA2NAF0DSRMBTXC,62874058,2026,E-Katalog 6.0,APBD,BARIS ABJAD DIGITAL,E-Purchasing,Jasa Lainnya,"Belanja Jasa Iklan/Reklame, Film, dan Pemotretan",ON PROCESS,2000000,2000000
KOTA KOTAMOBAGU,UPTD PERLINDUNGAN PEREMPUAN DAN ANAK - 2.08.0.00.0.00.01.0001,01KJSVM5PF7S70Y3RCYHVG7GSE,66061926,2026,E-Katalog 6.0,APBD,HERRY PONDAAG,E-Purchasing,Barang,Belanja Alat/Bahan untuk Kegiatan Kantor-Bahan Komputer,ON PROCESS,510600,510600
KOTA KOTAMOBAGU,BADAN KESATUAN BANGSA DAN POLITIK - 8.01.0.00.0.00.01.0000,01KP2QCPN6NZS3XMDEK1M7MEFB,64476490,2026,E-Katalog 6.0,APBD,MOHAMMAD REZA MOKOGINTA,E-Purchasing,Jasa Lainnya,Belanja Jasa Tenaga Supir,ON PROCESS,6000000,6000000
KOTA KOTAMOBAGU,DINAS KESEHATAN - 1.02.0.00.0.00.01.0000,01KVPSJ48K9P4256201DK46WTW,65548087,2026,E-Katalog 6.0,APBD,YUNIARNI,E-Purchasing,Barang," Belanja Makanan dan Minuman Rapat",ON PROCESS,2916000,2916000
KOTA KOTAMOBAGU,BAGIAN KESEJAHTERAAN RAKYAT - 4.01.0.00.0.00.01.0005,01KJEBR4R1QHAN5F197XC90FYF,63444813,2026,E-Katalog 6.0,APBD,CYNTHIA PRATIWI SUGEHA,E-Purchasing,Barang,Belanja Bahan-Bahan Lainnya,ON PROCESS,406000,406000
KOTA KOTAMOBAGU,DINAS KOMUNIKASI DAN INFORMATIKA - 2.16.2.20.2.21.01.0000,01KWE4APBD4WSETW25HYK5A5GY,62874058,2026,E-Katalog 6.0,APBD,SAHABAT AFKAR NUSANTARA,E-Purchasing,Jasa Lainnya,"Belanja Jasa Iklan/Reklame, Film, dan Pemotretan",ON PROCESS,2000000,2000000
KOTA KOTAMOBAGU,DINAS KOMUNIKASI DAN INFORMATIKA - 2.16.2.20.2.21.01.0000,01KPCBZGVSQE39Q5ABNH9ZSFSP,62874058,2026,E-Katalog 6.0,APBD,DRIEF GLOBAL MEDIA,E-Purchasing,Jasa Lainnya,"Belanja Jasa Iklan/Reklame, Film, dan Pemotretan",ON PROCESS,2000000,2000000
KOTA KOTAMOBAGU,DINAS KEBUDAYAAN DAN PARIWISATA - 2.22.3.26.0.00.01.0000,01KJW8F3PQCACD37PF6Z5CM8A5,64415640,2026,E-Katalog 6.0,APBD,HERRY PONDAAG,E-Purchasing,Barang,Belanja Alat/Bahan untuk Kegiatan Kantor-Alat Listrik,ON PROCESS,293040,293040
KOTA KOTAMOBAGU,BAGIAN KESEJAHTERAAN RAKYAT - 4.01.0.00.0.00.01.0005,01KPZ30QXHA3TCET4XDM8FPZWR,63447559,2026,E-Katalog 6.0,APBD,FIGIH CICILIA MOKOGINTA,E-Purchasing,Jasa Lainnya,Belanja Makanan dan Minuman Aktivitas Lapangan,ON PROCESS,15680000,15680000
KOTA KOTAMOBAGU,DINAS KOMUNIKASI DAN INFORMATIKA - 2.16.2.20.2.21.01.0000,01KN0MSZDM6JK82KX43SJ64J4B,64213931,2026,E-Katalog 6.0,APBD,RUDINI GAIB,E-Purchasing,Jasa Lainnya,Belanja Jasa Tenaga Keamanan,ON PROCESS,1500000,1500000
KOTA KOTAMOBAGU,SEKRETARIAT DAERAH - 4.01.0.00.0.00.01.0000,01KRZY52KGHYK0AFNXMZDR9XM8,66988918,2026,E-Katalog 6.0,APBD,CYNTHIA PRATIWI SUGEHA,E-Purchasing,Barang,Belanja Makanan dan Minuman Rapat,ON PROCESS,11000000,11000000
KOTA KOTAMOBAGU,SEKRETARIAT DAERAH - 4.01.0.00.0.00.01.0000,01KJHX4Y8KR5G72MR71WNQ07VM,63469981,2026,E-Katalog 6.0,APBD,MAULANA IKHSAN GAIB,E-Purchasing,Jasa Lainnya,Belanja Jasa Tenaga Pelayanan Umum,ON PROCESS,2000000,2000000
KOTA KOTAMOBAGU,DINAS KOMUNIKASI DAN INFORMATIKA - 2.16.2.20.2.21.01.0000,01KF33VJWVVA68PB4TCH2KAKCD,62871270,2026,E-Katalog 6.0,APBD,FLO'S VIDEOGRAPHY,E-Purchasing,Jasa Lainnya,"Belanja Jasa Iklan/Reklame, Film, dan Pemotretan",ON PROCESS,4773000,4773000
KOTA KOTAMOBAGU,UPTD INSTALASI FARMASI - 1.02.0.00.0.00.01.0002,01KQS4V2R6J6H34MT25ZXKVTVR,63482000,2026,E-Katalog 6.0,APBD,BERNOFARM,E-Purchasing,Barang,Belanja Obat-Obatan-Obat,ON PROCESS,7836600,7836600
KOTA KOTAMOBAGU,PUSKESMAS GOGAGOMAN - 1.02.0.00.0.00.01.0004,01KKB0JMT4Z0F17A1EDN2819TD,63650674,2026,E-Katalog 6.0,APBD,ADIL M. DANIEL,E-Purchasing,Barang,Belanja Alat/Bahan untuk Kegiatan Kantor - Bahan Cetak Puskesmas Gogagoman,PAYMENT OUTSIDE SYSTEM,2497500,2497500
KOTA KOTAMOBAGU,DINAS KOMUNIKASI DAN INFORMATIKA - 2.16.2.20.2.21.01.0000,01KWGHJKNBB56X4GCRJZAWX07S,63346569,2026,E-Katalog 6.0,APBD,BONNY ABDULRAUF,E-Purchasing,Barang,Belanja Alat/Bahan untuk Kegiatan Kantor-Bahan Komputer,ON PROCESS,1490175,1490175
KOTA KOTAMOBAGU,DINAS PERTANIAN DAN PERIKANAN - 3.27.3.25.0.00.01.0000,01KRD21NWXNZZATFJ2CRC935QV,62845984,2026,E-Katalog 6.0,APBD,RIVS,E-Purchasing,Barang," Belanja Pemeliharaan Alat Angkutan-Alat Angkutan Darat Bermotor-Kendaraan Dinas Bermotor Perorangan",ON PROCESS,1498500,1498500
KOTA KOTAMOBAGU,BADAN KESATUAN BANGSA DAN POLITIK - 8.01.0.00.0.00.01.0000,01KNGAN0ZFWJ7Q794YGJHGTQA4,64409901,2026,E-Katalog 6.0,APBD,HERRY PONDAAG,E-Purchasing,Barang,Belanja Alat/Bahan untuk Kegiatan Kantor-Alat Tulis Kantor,ON PROCESS,3119877,3119877
KOTA KOTAMOBAGU,SEKRETARIAT DAERAH - 4.01.0.00.0.00.01.0000,01KKAM6EREFKG0DPPRNNJHJE7B,63423831,2026,E-Katalog 6.0,APBD,REZA MITRA ABADI,E-Purchasing,Barang,Belanja Makanan dan Minuman Rapat,ON PROCESS,36350000,36350000
KOTA KOTAMOBAGU,DINAS KOMUNIKASI DAN INFORMATIKA - 2.16.2.20.2.21.01.0000,01KRFXE3CZH76DZ8R6P8000PD9,62874058,2026,E-Katalog 6.0,APBD,INFO TOTABUAN SAFA EYATO,E-Purchasing,Jasa Lainnya,"Belanja Jasa Iklan/Reklame, Film, dan Pemotretan",ON PROCESS,4995000,4995000
KOTA KOTAMOBAGU,DINAS KOMUNIKASI DAN INFORMATIKA - 2.16.2.20.2.21.01.0000,01KFD78JJ48D02HYAEB320S369,63347408,2026,E-Katalog 6.0,APBD,BONNY ABDULRAUF,E-Purchasing,Barang,Belanja Alat/Bahan untuk Kegiatan Kantor-Alat/Bahan untuk Kegiatan Kantor Lainnya,ON PROCESS,134865,134865
KOTA KOTAMOBAGU,BADAN KEPEGAWAIAN PENDIDIKAN DAN PELATIHAN - 5.03.5.04.0.00.01.0000,01KJC60KSXA1BCD0ECWXGGT7WG,63412435,2026,E-Katalog 6.0,APBD,IRMA ASTUTI KOROMPOT,E-Purchasing,Barang,Belanja Bahan-Bahan Bangunan dan Konstruksi,ON PROCESS,510600,510600
KOTA KOTAMOBAGU,SEKRETARIAT DAERAH - 4.01.0.00.0.00.01.0000,01KHXRHVHHZJGQE95RYBTXXMAH,65314067,2026,E-Katalog 6.0,APBD,REZA MITRA ABADI,E-Purchasing,Barang,Belanja Makanan dan Minuman Rapat,ON PROCESS,26900000,26900000
KOTA KOTAMOBAGU,DINAS KEARSIPAN DAN PERPUSTAKAAN - 2.24.2.23.0.00.01.0000,01KJWV6MDWHVY5YHHSZPE1RJ4V,66139503,2026,E-Katalog 6.0,APBD,JAYA ARTHA,E-Purchasing,Barang,Belanja Alat/Bahan untuk Kegiatan Kantor-Alat Tulis Kantor,ON PROCESS,1595348,1595348
KOTA KOTAMOBAGU,DINAS KEBUDAYAAN DAN PARIWISATA - 2.22.3.26.0.00.01.0000,01KK8PTT5NTRY8RS3K5BYH36V4,64413039,2026,E-Katalog 6.0,APBD,RIVS,E-Purchasing,Jasa Lainnya,Belanja Pemeliharaan Alat Angkutan-Alat Angkutan Darat Bermotor-Kendaraan Dinas Bermotor Perorangan,ON PROCESS,6349200,6349200
KOTA KOTAMOBAGU,SEKRETARIAT DAERAH - 4.01.0.00.0.00.01.0000,01KJHZKHVDKETK682SBZPDWQ6C,63474911,2026,E-Katalog 6.0,APBD,YULIANTI,E-Purchasing,Jasa Lainnya,Belanja Jasa Tenaga Juru Masak,ON PROCESS,2600000,2600000
KOTA KOTAMOBAGU,DINAS KEBUDAYAAN DAN PARIWISATA - 2.22.3.26.0.00.01.0000,01KJY57HDJSTGKC5PM8X2ZHQ09,64414815,2026,E-Katalog 6.0,APBD,HERRY PONDAAG,E-Purchasing,Barang,Belanja Alat/Bahan untuk Kegiatan Kantor- Kertas dan Cover,ON PROCESS,1010100,1010100
KOTA KOTAMOBAGU,SEKRETARIAT DAERAH - 4.01.0.00.0.00.01.0000,01KTGGY7QNZ3DAGSBRWQRQ8ZAR,66988918,2026,E-Katalog 6.0,APBD,REZA MITRA ABADI,E-Purchasing,Barang,Belanja Makanan dan Minuman Rapat,ON PROCESS,15400000,15400000
KOTA KOTAMOBAGU,BADAN PENGELOLA KEUANGAN DAERAH - 5.02.0.00.0.00.01.0000,01KJYSEWH43Q1X1VZNHAH3GRSV,63011188,2026,E-Katalog 6.0,APBD,IRMA ASTUTI KOROMPOT,E-Purchasing,Barang,Belanja Alat/Bahan untuk Kegiatan Kantor- Kertas dan Cover,ON PROCESS,942945,942945
KOTA KOTAMOBAGU,BADAN PENGELOLA KEUANGAN DAERAH - 5.02.0.00.0.00.01.0000,01KJYDHE0FP0R7NTWVKS9D3VE6,63007407,2026,E-Katalog 6.0,APBD,IRMA ASTUTI KOROMPOT,E-Purchasing,Barang,Belanja Alat/Bahan untuk Kegiatan Kantor-Alat Listrik,ON PROCESS,522366,522366
KOTA KOTAMOBAGU,BAGIAN KESEJAHTERAAN RAKYAT - 4.01.0.00.0.00.01.0005,10827800000,66895701,2026,Non Tender,APBD,CV. JASA KARYA MANDIRI,Pengadaan Langsung,Pekerjaan Konstruksi,Belanja Pemeliharaan Masjid Agung Baitul Makmur Kotamobagu,SELESAI,119798550,119798550
KOTA KOTAMOBAGU,DINAS KOMUNIKASI DAN INFORMATIKA - 2.16.2.20.2.21.01.0000,01KRFYMDS87S8940W6RQ890W4V,62874058,2026,E-Katalog 6.0,APBD,MDH NEWS24 MULTIMEDIA,E-Purchasing,Jasa Lainnya,"Belanja Jasa Iklan/Reklame, Film, dan Pemotretan",ON PROCESS,1998000,1998000
KOTA KOTAMOBAGU,BAGIAN UMUM - 4.01.0.00.0.00.01.0001,01KJVKQMR9TGYY2ZZF1R6REVVJ,64509313,2026,E-Katalog 6.0,APBD,RIVS,E-Purchasing,Barang,Belanja Pemeliharaan Alat Angkutan-Alat Angkutan Darat Bermotor-Kendaraan Dinas Bermotor Perorangan,ON PROCESS,2218890,2218890
KOTA KOTAMOBAGU,DINAS PEKERJAAN UMUM DAN PENATAAN RUANG - 1.03.0.00.0.00.01.0000,01KK1693FP6HM6TFW2TQ5GAM0A,63012973,2026,E-Katalog 6.0,APBD,LA ROSE,E-Purchasing,Barang,Belanja Alat/Bahan untuk Kegiatan Kantor- Kertas dan Cover,ON PROCESS,333000,333000
KOTA KOTAMOBAGU,BADAN KEPEGAWAIAN PENDIDIKAN DAN PELATIHAN - 5.03.5.04.0.00.01.0000,01KJA36SP9SSW6FF09D6G661AK,63420210,2026,E-Katalog 6.0,APBD,IRMA ASTUTI KOROMPOT,E-Purchasing,Barang,Belanja Alat/Bahan untuk Kegiatan Kantor-Bahan Komputer,ON PROCESS,5648790,5648790
KOTA KOTAMOBAGU,SEKRETARIAT DAERAH - 4.01.0.00.0.00.01.0000,01KQV3ERQVSVHZ022YX39XH2BP,63469981,2026,E-Katalog 6.0,APBD,FELTY MOKOGINTA,E-Purchasing,Jasa Lainnya,Belanja Jasa Tenaga Pelayanan Umum,ON PROCESS,2000000,2000000
KOTA KOTAMOBAGU,BAGIAN HUKUM - 4.01.0.00.0.00.01.0003,01KN37CVJBH55QFPX0JE22PE2N,63076415,2026,E-Katalog 6.0,APBD,IRMA ASTUTI KOROMPOT,E-Purchasing,Barang,Belanja Alat/Bahan untuk Kegiatan Kantor- Bahan Cetak,ON PROCESS,503496,503496
KOTA KOTAMOBAGU,DINAS KESEHATAN - 1.02.0.00.0.00.01.0000,01KW76V1X5ZBWDQM5DPXNBBX5C,65546132,2026,E-Katalog 6.0,APBD,NURHANA MAMONTO,E-Purchasing,Jasa Lainnya," Belanja Jasa Tenaga Kebersihan",ON PROCESS,1500000,1500000
KOTA KOTAMOBAGU,DINAS LINGKUNGAN HIDUP - 2.11.0.00.0.00.01.0000,01KGEY1P697S6RXYQHBXBT6D48,64440623,2026,E-Katalog 6.0,APBD,ARCO SAMUDRA PERKASA,E-Purchasing,Jasa Lainnya," Belanja Jasa Tenaga Supir",PAYMENT OUTSIDE SYSTEM,198682876,198682876
KOTA KOTAMOBAGU,DINAS KOMUNIKASI DAN INFORMATIKA - 2.16.2.20.2.21.01.0000,01KVVGMMNVY8JPEM3DWB1ZZ280,62874058,2026,E-Katalog 6.0,APBD,EZAR RASKA MEDIA,E-Purchasing,Jasa Lainnya,"Belanja Jasa Iklan/Reklame, Film, dan Pemotretan",ON PROCESS,2000000,2000000
KOTA KOTAMOBAGU,"DINAS PERDAGANGAN, KOPERASI, USAHA KECIL DAN MENENGAH - 3.30.2.17.0.00.01.0000",01KT3NQXF3NNQ10SF792QYF64E,65279422,2026,E-Katalog 6.0,APBD,THIRZA ADIPRATI DJAMAN,E-Purchasing,Barang,Belanja Alat/Bahan untuk Kegiatan Kantor-Alat Tulis Kantor ,ON PROCESS,443969,443969
KOTA KOTAMOBAGU,BLUD RSUD KOTAMOBAGU - 1.02.0.00.0.00.01.0001,01KFFVB7YGQCK6H5BQET8RGKV5,62978195,2026,E-Katalog 6.0,BLUD,LESTARI MULIA SEMPURNA,E-Purchasing,Barang,Belanja Barang dan Jasa BLUD,ON PROCESS,98050574,98050574
KOTA KOTAMOBAGU,DINAS KOMUNIKASI DAN INFORMATIKA - 2.16.2.20.2.21.01.0000,01KK3S295VEHX3DSJHVZYKS3A0,62874058,2026,E-Katalog 6.0,APBD,ALMIRA MEDIA INDONESIA,E-Purchasing,Jasa Lainnya,"Belanja Jasa Iklan/Reklame, Film, dan Pemotretan",ON PROCESS,2997000,2997000
KOTA KOTAMOBAGU,BADAN PERENCANAAN PENELITIAN DAN PENGEMBANGAN DAERAH - 5.01.5.05.0.00.01.0000,01KJPG0M4W7SC8VEE32MQJZ9PV,62188562,2026,E-Katalog 6.0,APBD,MINPUT,E-Purchasing,Barang,Belanja Makanan dan Minuman Rapat ,ON PROCESS,13927500,13927500
KOTA KOTAMOBAGU,SEKRETARIAT DAERAH - 4.01.0.00.0.00.01.0000,01KQC62KC7BR2CJP9YHVDRWRZV,63425686,2026,E-Katalog 6.0,APBD,BERKAH TOTABUAN,E-Purchasing,Barang,Belanja Bahan-Bahan Lainnya,ON PROCESS,67330999,67330999
KOTA KOTAMOBAGU,DINAS KOMUNIKASI DAN INFORMATIKA - 2.16.2.20.2.21.01.0000,01KHZRXZ01RRE6S111Y86SE3AR,62874058,2026,E-Katalog 6.0,APBD,MOKOAGOW JAYA MERDEKA,E-Purchasing,Jasa Lainnya,"Belanja Jasa Iklan/Reklame, Film, dan Pemotretan",ON PROCESS,2000000,2000000
KOTA KOTAMOBAGU,DINAS KOMUNIKASI DAN INFORMATIKA - 2.16.2.20.2.21.01.0000,01KPAJXFWHTVPFN48XZBSVD7GZ,62874058,2026,E-Katalog 6.0,APBD,NUSANTARA JAYA PERS,E-Purchasing,Jasa Lainnya,"Belanja Jasa Iklan/Reklame, Film, dan Pemotretan",ON PROCESS,1998000,1998000
KOTA KOTAMOBAGU,BADAN KESATUAN BANGSA DAN POLITIK - 8.01.0.00.0.00.01.0000,01KS46AQK99Q1W7GA88MXTRHTJ,64415439,2026,E-Katalog 6.0,APBD,FIRMANSYAH MAMINTIWALO,E-Purchasing,Jasa Lainnya,Belanja Alat/Bahan untuk Kegiatan Kantor- Bahan Cetak,ON PROCESS,3847500,3847500
KOTA KOTAMOBAGU,BAGIAN PROTOKOL DAN KOMUNIKASI PIMPINAN - 4.01.0.00.0.00.01.0004,01KJ9JKRB7N67KXFXNVS9RVE4S,64343862,2026,E-Katalog 6.0,APBD,JAYA ARTHA,E-Purchasing,Barang,Belanja Alat/Bahan Untuk Kegiatan Kantor-Bahan Komputer,ON PROCESS,722610,722610
KOTA KOTAMOBAGU,BADAN PENGELOLA KEUANGAN DAERAH - 5.02.0.00.0.00.01.0000,01KJYTAZHCNR989QS9VNTZNMPT,63011453,2026,E-Katalog 6.0,APBD,IRMA ASTUTI KOROMPOT,E-Purchasing,Jasa Lainnya,Belanja Alat/Bahan untuk Kegiatan Kantor- Bahan Cetak,ON PROCESS,692307,692307
KOTA KOTAMOBAGU,BLUD RSUD KOTAMOBAGU - 1.02.0.00.0.00.01.0001,01KHR6PFG584ZRZ53Q6RGGA6EK,64159880,2026,E-Katalog 6.0,BLUD,LESTARI MULIA SEMPURNA,E-Purchasing,Barang,Belanja Barang dan Jasa BLUD,ON PROCESS,44456588,44456588
KOTA KOTAMOBAGU,BLUD RSUD KOTAMOBAGU - 1.02.0.00.0.00.01.0001,01KW9MP38JG1J93PQ2SGKB37XH,67375290,2026,E-Katalog 6.0,BLUD,BERNOFARM,E-Purchasing,Barang,Belanja Barang dan Jasa BLUD,ON PROCESS,21111972,21111972
KOTA KOTAMOBAGU,DINAS KEBUDAYAAN DAN PARIWISATA - 2.22.3.26.0.00.01.0000,01KPSFX5WSVEC3622DDNVWBPEV,64414815,2026,E-Katalog 6.0,APBD,HERRY PONDAAG,E-Purchasing,Barang,Belanja Alat/Bahan untuk Kegiatan Kantor- Kertas dan Cover,ON PROCESS,1081695,1081695
KOTA KOTAMOBAGU,SEKRETARIAT DPRD - 4.02.0.00.0.00.01.0000,01KQVKW6VFJGYZ6AN1AQ2V1HRN,63211699,2026,E-Katalog 6.0,APBD,RIVS,E-Purchasing,Jasa Lainnya,Belanja Pemeliharaan Alat Angkutan-Alat Angkutan Darat Bermotor-Kendaraan Dinas Bermotor Perorangan,ON PROCESS,37296000,37296000
KOTA KOTAMOBAGU,SEKRETARIAT DAERAH - 4.01.0.00.0.00.01.0000,01KTX9GF8T269G33WR0A4H2BTZ,63469981,2026,E-Katalog 6.0,APBD,MOHAMMAD TAUFIQ DAMOPOLII,E-Purchasing,Jasa Lainnya,Belanja Jasa Tenaga Pelayanan Umum,ON PROCESS,2000000,2000000
KOTA KOTAMOBAGU,DINAS KOMUNIKASI DAN INFORMATIKA - 2.16.2.20.2.21.01.0000,01KPAGSPZCS2EQ72YD9W7C92XV,62874058,2026,E-Katalog 6.0,APBD,ALFATIH NURANDI MEDIA,E-Purchasing,Jasa Lainnya,"Belanja Jasa Iklan/Reklame, Film, dan Pemotretan",ON PROCESS,2997000,2997000
KOTA KOTAMOBAGU,DINAS KOMUNIKASI DAN INFORMATIKA - 2.16.2.20.2.21.01.0000,01KPAH0SWJM46AK1FMNXTE3EFR,62874058,2026,E-Katalog 6.0,APBD,VIRZHA NUSANTARA INFORMASI,E-Purchasing,Jasa Lainnya,"Belanja Jasa Iklan/Reklame, Film, dan Pemotretan",ON PROCESS,2000000,2000000
KOTA KOTAMOBAGU,SEKRETARIAT DAERAH - 4.01.0.00.0.00.01.0000,01KRZXXCEV8JMR0PAY7XX2VXJ1,63422782,2026,E-Katalog 6.0,APBD,HERRY PONDAAG,E-Purchasing,Barang,Belanja Alat/Bahan untuk Kegiatan Kantor- Bahan Cetak,ON PROCESS,2924850,2924850
KOTA KOTAMOBAGU,DINAS KOMUNIKASI DAN INFORMATIKA - 2.16.2.20.2.21.01.0000,01KWNC7Y8WQYVTSQFRMWJ6M1D0,62874058,2026,E-Katalog 6.0,APBD,RAGAKU MEDIA ISTIMEWA,E-Purchasing,Jasa Lainnya,"Belanja Jasa Iklan/Reklame, Film, dan Pemotretan",ON PROCESS,2000000,2000000
KOTA KOTAMOBAGU,SEKRETARIAT DPRD - 4.02.0.00.0.00.01.0000,01KJXNRCTMK2W8GMWRY5T0SASF,63395422,2026,E-Katalog 6.0,APBD,BOLMONG POST CIPTA PARASANA,E-Purchasing,Jasa Lainnya,"Belanja Jasa Iklan/Reklame, Film, dan Pemotretan",ON PROCESS,1999998,1999998
KOTA KOTAMOBAGU,DINAS KOMUNIKASI DAN INFORMATIKA - 2.16.2.20.2.21.01.0000,01KHZFY082AVMRAFS95C3FW3SP,62874058,2026,E-Katalog 6.0,APBD,ALKANA MULTIMEDIA ADVERTISING,E-Purchasing,Jasa Lainnya,"Belanja Jasa Iklan/Reklame, Film, dan Pemotretan",ON PROCESS,1998000,1998000
KOTA KOTAMOBAGU,DINAS KOMUNIKASI DAN INFORMATIKA - 2.16.2.20.2.21.01.0000,01KWGPRJ4DJ13J9NT7FCB6XA8K,62874058,2026,E-Katalog 6.0,APBD,PT. TATA MEDIA PRO,E-Purchasing,Jasa Lainnya,"Belanja Jasa Iklan/Reklame, Film, dan Pemotretan",ON PROCESS,1998000,1998000
KOTA KOTAMOBAGU,DINAS KOMUNIKASI DAN INFORMATIKA - 2.16.2.20.2.21.01.0000,01KK3WN3197J7QCFKT3NMBRATT,62874058,2026,E-Katalog 6.0,APBD,GINALUM ZAPATISTA MEDIA,E-Purchasing,Jasa Lainnya,"Belanja Jasa Iklan/Reklame, Film, dan Pemotretan",ON PROCESS,2000000,2000000
KOTA KOTAMOBAGU,DINAS PEKERJAAN UMUM DAN PENATAAN RUANG - 1.03.0.00.0.00.01.0000,01KEWZ1V2XRXG84J9EM17NFGB8,62873812,2026,E-Katalog 6.0,APBD,ARIZKI IMRAN AMON,E-Purchasing,Jasa Lainnya,Belanja Jasa Tenaga Penanganan Prasarana dan Sarana Umum,ON PROCESS,9000000,9000000
KOTA KOTAMOBAGU,DINAS KOMUNIKASI DAN INFORMATIKA - 2.16.2.20.2.21.01.0000,01KVA5JSHKCBXBWYAGC29CQVWR,62874058,2026,E-Katalog 6.0,APBD,KREATIF MULTIMEDIA NUSANTARA,E-Purchasing,Jasa Lainnya,"Belanja Jasa Iklan/Reklame, Film, dan Pemotretan",ON PROCESS,3996000,3996000
KOTA KOTAMOBAGU,BADAN PENGELOLA KEUANGAN DAERAH - 5.02.0.00.0.00.01.0000,01KS6GGBF753G0BVV4TGSK4RXN,65870658,2026,E-Katalog 6.0,APBD,ARTHA PRATAMA,E-Purchasing,Jasa Lainnya,Belanja Pemeliharaan Aset Tidak Berwujud-Software,ON PROCESS,3330000,3330000
KOTA KOTAMOBAGU,DINAS KOMUNIKASI DAN INFORMATIKA - 2.16.2.20.2.21.01.0000,01KGE07R8THEE4M6XGPNS0D81E,64213931,2026,E-Katalog 6.0,APBD,RUDINI GAIB,E-Purchasing,Jasa Lainnya,Belanja Jasa Tenaga Keamanan,ON PROCESS,1500000,1500000
KOTA KOTAMOBAGU,SEKRETARIAT DAERAH - 4.01.0.00.0.00.01.0000,01KQSAH6FPH7ZQRVMV7C7273BT,63471718,2026,E-Katalog 6.0,APBD,DINA SOLAG,E-Purchasing,Jasa Lainnya,Belanja Jasa Tenaga Kebersihan,ON PROCESS,2000000,2000000
KOTA KOTAMOBAGU,DINAS KOMUNIKASI DAN INFORMATIKA - 2.16.2.20.2.21.01.0000,01KK3WT07ABGBCCGBK3G93D0TD,62874058,2026,E-Katalog 6.0,APBD,ALWIEN SY. RAHMOLA,E-Purchasing,Jasa Lainnya,"Belanja Jasa Iklan/Reklame, Film, dan Pemotretan",ON PROCESS,2000000,2000000
KOTA KOTAMOBAGU,DINAS KOMUNIKASI DAN INFORMATIKA - 2.16.2.20.2.21.01.0000,01KPB4E676R90S5RFVBDQQR1WR,62874058,2026,E-Katalog 6.0,APBD,SULUT CEMERLANG PRESS,E-Purchasing,Jasa Lainnya,"Belanja Jasa Iklan/Reklame, Film, dan Pemotretan",ON PROCESS,1998000,1998000
KOTA KOTAMOBAGU,BLUD RSUD KOTAMOBAGU - 1.02.0.00.0.00.01.0001,01KSH30CD01R8J3MRJ1RNT303S,67375290,2026,E-Katalog 6.0,BLUD,KOLONGAN JAYA ABADI,E-Purchasing,Barang,Belanja Barang dan Jasa BLUD,ON PROCESS,1831733,1831733
KOTA KOTAMOBAGU,DINAS PEMBERDAYAAN PEREMPUAN DAN PERLINDUNGAN ANAK - 2.08.0.00.0.00.01.0000,01KJSMPK4PD9Y09ZKGT3M3DGQZ,64674098,2026,E-Katalog 6.0,APBD,HERRY PONDAAG,E-Purchasing,Barang,Belanja Alat/Bahan untuk Kegiatan Kantor- Bahan Cetak,ON PROCESS,249750,249750
KOTA KOTAMOBAGU,DINAS KOMUNIKASI DAN INFORMATIKA - 2.16.2.20.2.21.01.0000,01KRG2B0RDVEJNRZ2XCTN52QEM,62874058,2026,E-Katalog 6.0,APBD,MANADO MEDIA GRAFIKA,E-Purchasing,Jasa Lainnya,"Belanja Jasa Iklan/Reklame, Film, dan Pemotretan",ON PROCESS,4995000,4995000
KOTA KOTAMOBAGU,PUSKESMAS KOTOBANGON - 1.02.0.00.0.00.01.0005,01KJV7TXATCX79T28FRB9YZFEF,63447386,2026,E-Katalog 6.0,APBD,@COMP,E-Purchasing,Barang,Belanja Modal Mebel,ON PROCESS,4000000,4000000
KOTA KOTAMOBAGU,BADAN PENGELOLA KEUANGAN DAERAH - 5.02.0.00.0.00.01.0000,01KJS595ACMTN0BDQBGFWFXQ2P,63113370,2026,E-Katalog 6.0,APBD,IRMA ASTUTI KOROMPOT,E-Purchasing,Barang,Belanja Alat/Bahan untuk Kegiatan Kantor-Alat Tulis Kantor,ON PROCESS,1350987,1350987
KOTA KOTAMOBAGU,DINAS LINGKUNGAN HIDUP - 2.11.0.00.0.00.01.0000,01KWDWV3JHR3R88ESD68GA99EB,64368541,2026,E-Katalog 6.0,APBD,ARCO SAMUDRA PERKASA,E-Purchasing,Jasa Lainnya," Belanja Jasa Tenaga Penanganan Prasarana dan Sarana Umum",ON PROCESS,69370548,69370548
KOTA KOTAMOBAGU,DINAS KESEHATAN - 1.02.0.00.0.00.01.0000,01KSVAV30NEQNSEQCWW9Q7FFW0,65550162,2026,E-Katalog 6.0,APBD,CYNTHIA PRATIWI SUGEHA,E-Purchasing,Barang,Belanja Makanan dan Minuman Rapat,ON PROCESS,1425600,1425600
KOTA KOTAMOBAGU,KECAMATAN KOTAMOBAGU UTARA - 7.01.0.00.0.00.04.0000,01KRWG9DXCP917Y0XTFAJZYZPK,62958863,2026,E-Katalog 6.0,APBD,DUNDA YAMBO,E-Purchasing,Jasa Lainnya,Belanja Makanan dan Minuman Aktivitas Lapangan,ON PROCESS,1035000,1035000
KOTA KOTAMOBAGU,INSPEKTORAT DAERAH - 6.01.0.00.0.00.01.0000,01KNKDEDR5XGNY591276K06WYM,64217438,2026,E-Katalog 6.0,APBD,BONNY ABDULRAUF,E-Purchasing,Barang,Belanja alat  bahan untuk kegiatan kantor alat listrik,ON PROCESS,666000,666000
KOTA KOTAMOBAGU,BLUD RSUD KOTAMOBAGU - 1.02.0.00.0.00.01.0001,01KG6SZXBWXF0WVTVPQJ0A913C,64159880,2026,E-Katalog 6.0,BLUD,LESTARI MULIA SEMPURNA,E-Purchasing,Barang,Belanja Barang dan Jasa BLUD,ON PROCESS,84416994,84416994
KOTA KOTAMOBAGU,BLUD RSUD KOTAMOBAGU - 1.02.0.00.0.00.01.0001,01KTAJCZKTA2ZSMYKPKFEA2YMG,64159880,2026,E-Katalog 6.0,BLUD,GLAXO WELLCOME INDONESIA,E-Purchasing,Barang,Belanja Barang dan Jasa BLUD,ON PROCESS,1256809,0
KOTA KOTAMOBAGU,DINAS KEBUDAYAAN DAN PARIWISATA - 2.22.3.26.0.00.01.0000,01KJWAMTRWPD4XMBP59BH4AVJD,64410220,2026,E-Katalog 6.0,APBD,HERRY PONDAAG,E-Purchasing,Jasa Lainnya,Belanja Alat/Bahan untuk Kegiatan Kantor- Bahan Cetak,ON PROCESS,424575,424575
KOTA KOTAMOBAGU,PUSKESMAS GOGAGOMAN - 1.02.0.00.0.00.01.0004,01KTR36FCYTSEJD8JMKJQ8Q2R6,63650327,2026,E-Katalog 6.0,APBD,ARVITA ALVARO MEDIKA,E-Purchasing,Barang,Belanja Bahan - Bahan Lainnya Puskesmas Gogaogman,ON PROCESS,8358300,8358300
KOTA KOTAMOBAGU,SEKRETARIAT DAERAH - 4.01.0.00.0.00.01.0000,01KJHZ4N8F55BB5HVGFQAN24WM,63469981,2026,E-Katalog 6.0,APBD,HUSAIN MONOARFA,E-Purchasing,Jasa Lainnya,Belanja Jasa Tenaga Pelayanan Umum,ON PROCESS,2600000,2600000
KOTA KOTAMOBAGU,DINAS LINGKUNGAN HIDUP - 2.11.0.00.0.00.01.0000,01KG9KKTJ0EVESFMF9XEDV4YJ1,64438622,2026,E-Katalog 6.0,APBD,ARCO SAMUDRA PERKASA,E-Purchasing,Jasa Lainnya,Belanja Jasa Tenaga Kebersihan,PAYMENT OUTSIDE SYSTEM,1271813411,1271813411
KOTA KOTAMOBAGU,DINAS KOMUNIKASI DAN INFORMATIKA - 2.16.2.20.2.21.01.0000,01KJ058B12PKWYERE4MZPHJJ77,62874058,2026,E-Katalog 6.0,APBD,SAHABAT SULAWESI ONLINE,E-Purchasing,Jasa Lainnya,"Belanja Jasa Iklan/Reklame, Film, dan Pemotretan",ON PROCESS,4995000,4995000
KOTA KOTAMOBAGU,BADAN PERENCANAAN PENELITIAN DAN PENGEMBANGAN DAERAH - 5.01.5.05.0.00.01.0000,01KPSJSY00KQ445PMSSK809PWK,62551892,2026,E-Katalog 6.0,APBD,HERRY PONDAAG,E-Purchasing,Barang,Belanja Alat/Bahan untuk Kegiatan Kantor- Kertas dan Cover ,ON PROCESS,1970805,1970805
KOTA KOTAMOBAGU,BLUD RSUD KOTAMOBAGU - 1.02.0.00.0.00.01.0001,01KKWRWM07R2JD74KQD5THBM6A,64159880,2026,E-Katalog 6.0,BLUD,KOLONGAN JAYA ABADI,E-Purchasing,Barang,Belanja Barang dan Jasa BLUD,ON PROCESS,3140057,3140057
KOTA KOTAMOBAGU,BADAN KEPEGAWAIAN PENDIDIKAN DAN PELATIHAN - 5.03.5.04.0.00.01.0000,01KVQ73FCH6S09J26Y23AEM5PB,63454620,2026,E-Katalog 6.0,APBD,CYNTHIA PRATIWI SUGEHA,E-Purchasing,Barang,Belanja Makanan dan Minuman Jamuan Tamu,ON PROCESS,207000,207000
KOTA KOTAMOBAGU,SEKRETARIAT DAERAH - 4.01.0.00.0.00.01.0000,01KPTESZQ9GRJ8B1J4Y4QQ5ANN,63423831,2026,E-Katalog 6.0,APBD,FIGIH CICILIA MOKOGINTA,E-Purchasing,Barang,Belanja Makanan dan Minuman Rapat,ON PROCESS,690000,690000
KOTA KOTAMOBAGU,DINAS KOMUNIKASI DAN INFORMATIKA - 2.16.2.20.2.21.01.0000,01KPCBJFHH7HKA9F22H3YG69DA,62874058,2026,E-Katalog 6.0,APBD,FARADILA NATASYA UTAMA,E-Purchasing,Jasa Lainnya,"Belanja Jasa Iklan/Reklame, Film, dan Pemotretan",ON PROCESS,2000000,2000000
KOTA KOTAMOBAGU,DINAS KOMUNIKASI DAN INFORMATIKA - 2.16.2.20.2.21.01.0000,01KK3PSYV8G8T2BDYQY7Z2R8ND,62874058,2026,E-Katalog 6.0,APBD,NEFA MEDIA UTAMA,E-Purchasing,Jasa Lainnya,"Belanja Jasa Iklan/Reklame, Film, dan Pemotretan",ON PROCESS,2000000,2000000
KOTA KOTAMOBAGU,SEKRETARIAT DAERAH - 4.01.0.00.0.00.01.0000,01KJHX29W7QY9ZS64M44HR3V6J,63469981,2026,E-Katalog 6.0,APBD,ILHAM DILAPANGA,E-Purchasing,Jasa Lainnya,Belanja Jasa Tenaga Pelayanan Umum,ON PROCESS,2000000,2000000
KOTA KOTAMOBAGU,BLUD RSUD KOTAMOBAGU - 1.02.0.00.0.00.01.0001,01KKGR1BK1W5VP25RSDN06P6EV,62976479,2026,E-Katalog 6.0,BLUD,NICOSH INDO MEDICAL,E-Purchasing,Barang,Belanja Modal Peralatan dan Mesin BLUD,ON PROCESS,543874526,543874526
KOTA KOTAMOBAGU,DINAS KOMUNIKASI DAN INFORMATIKA - 2.16.2.20.2.21.01.0000,01KWGKJ6XYQNDNFRMMNP5A6SYV,62874058,2026,E-Katalog 6.0,APBD,MIGI MEDIA UTAMA,E-Purchasing,Jasa Lainnya,"Belanja Jasa Iklan/Reklame, Film, dan Pemotretan",ON PROCESS,3000000,3000000
KOTA KOTAMOBAGU,DINAS PENDIDIKAN - 1.01.0.00.0.00.01.0000,01KT37YW5KRC15MNSK33EGE73R,65168990,2026,E-Katalog 6.0,APBD,FIGIH CICILIA MOKOGINTA,E-Purchasing,Barang,Belanja Makanan dan Minuman pada Fasilitas Pelayanan Urusan Pendidikan (Lomba Mata Pelajaran antar Kelas Unggulan (Binsus)),ON PROCESS,14880000,14880000
KOTA KOTAMOBAGU,DINAS KOMUNIKASI DAN INFORMATIKA - 2.16.2.20.2.21.01.0000,01KPB1MK939Z575D5D9DF1JWN8,62874058,2026,E-Katalog 6.0,APBD,PT. SURYA PERS INDONESIAKU,E-Purchasing,Jasa Lainnya,"Belanja Jasa Iklan/Reklame, Film, dan Pemotretan",ON PROCESS,3000000,3000000
KOTA KOTAMOBAGU,SEKRETARIAT DPRD - 4.02.0.00.0.00.01.0000,01KKD8X0H1YVN12PDXJ085Y4AV,63395422,2026,E-Katalog 6.0,APBD,MEDIA MARHAEN JAYA,E-Purchasing,Jasa Lainnya,"Belanja Jasa Iklan/Reklame, Film, dan Pemotretan",ON PROCESS,2000000,2000000
KOTA KOTAMOBAGU,DINAS PENGENDALIAN PENDUDUK DAN KELUARGA BERENCANA - 2.14.0.00.0.00.01.0000,01KQRXNJJ0JZNS5YQ79GJVWR5H,64007983,2026,E-Katalog 6.0,APBD,ANWAR LABAGU,E-Purchasing,Jasa Lainnya,Belanja Jasa Tenaga Supir,ON PROCESS,1000000,1000000
KOTA KOTAMOBAGU,DINAS PEKERJAAN UMUM DAN PENATAAN RUANG - 1.03.0.00.0.00.01.0000,01KNTGBKQMMPF5DMBNE5X8B153,63004595,2026,E-Katalog 6.0,APBD,LA ROSE,E-Purchasing,Barang," Belanja Alat/Bahan untuk Kegiatan Kantor- Bahan Cetak",ON PROCESS,667332,667332
KOTA KOTAMOBAGU,PUSKESMAS KOTOBANGON - 1.02.0.00.0.00.01.0005,01KFYDV333FE9RC2ZKG55YA92T,64197726,2026,E-Katalog 6.0,APBD,MINPUT,E-Purchasing,Jasa Lainnya,Belanja Makanan dan Minuman Rapat,PAYMENT OUTSIDE SYSTEM,2242500,2242500
KOTA KOTAMOBAGU,DINAS KOMUNIKASI DAN INFORMATIKA - 2.16.2.20.2.21.01.0000,01KHZMB4EKFJH9VPPDMAFNE9H2,62874058,2026,E-Katalog 6.0,APBD,SINAR AKSARA INDOMEDIA,E-Purchasing,Jasa Lainnya,"Belanja Jasa Iklan/Reklame, Film, dan Pemotretan",ON PROCESS,1998000,1998000
KOTA KOTAMOBAGU,DINAS PEKERJAAN UMUM DAN PENATAAN RUANG - 1.03.0.00.0.00.01.0000,10128410000,62909806,2026,Tender,APBD,CV. TOMBOLISIK,Tender,Pekerjaan Konstruksi,"Pembangunan Taman, Parkiran dan Pos Jaga Kejari Kota Kotamobagu",SELESAI,497481036,497481036
KOTA KOTAMOBAGU,BLUD RSUD KOTAMOBAGU - 1.02.0.00.0.00.01.0001,01KGP85Q4X03P0VG8FK1Q55JQD,64159880,2026,E-Katalog 6.0,BLUD,GERBANG MITRA SEHATI,E-Purchasing,Barang,Belanja Barang dan Jasa BLUD,ON PROCESS,50731129,50731129
KOTA KOTAMOBAGU,DINAS PEMBERDAYAAN MASYARAKAT DAN DESA - 2.13.0.00.0.00.01.0000,01KSGYNXP53EZDCSNZDNWNC0GK,64547192,2026,E-Katalog 6.0,APBD,DWI FEBRIANA PAPUTUNGAN,E-Purchasing,Jasa Lainnya,Belanja Makanan dan Minuman Rapat,ON PROCESS,480000,480000
KOTA KOTAMOBAGU,BLUD RSUD KOTAMOBAGU - 1.02.0.00.0.00.01.0001,01KRZFB0JMR2EYQMXK42Z970R5,64159880,2026,E-Katalog 6.0,BLUD,GLOBAL DISPOMEDIKA,E-Purchasing,Barang,Belanja Barang dan Jasa BLUD,ON PROCESS,83759490,0
KOTA KOTAMOBAGU,DINAS KESEHATAN - 1.02.0.00.0.00.01.0000,01KW773TQ8EM2GFYWFZVVR9PC1,65546132,2026,E-Katalog 6.0,APBD,KONI POBELA,E-Purchasing,Jasa Lainnya," Belanja Jasa Tenaga Kebersihan",ON PROCESS,1500000,1500000
KOTA KOTAMOBAGU,DINAS KOMUNIKASI DAN INFORMATIKA - 2.16.2.20.2.21.01.0000,01KW9CYZT3PY3DKF3FSWG3T10N,64213931,2026,E-Katalog 6.0,APBD,RUDINI GAIB,E-Purchasing,Jasa Lainnya,Belanja Jasa Tenaga Keamanan,ON PROCESS,1500000,1500000
KOTA KOTAMOBAGU,BADAN PENGELOLA KEUANGAN DAERAH - 5.02.0.00.0.00.01.0000,01KJE9HD12V19QSA2YATTAHQ0W,63059062,2026,E-Katalog 6.0,APBD,IRMA ASTUTI KOROMPOT,E-Purchasing,Barang,Belanja Alat/Bahan untuk Kegiatan Kantor-Bahan Komputer,ON PROCESS,4566540,4566540
KOTA KOTAMOBAGU,BAGIAN UMUM - 4.01.0.00.0.00.01.0001,01KVZC0XFFQYQ28PFWKQ2MZ072,64504773,2026,E-Katalog 6.0,APBD,HASAN MAKALUNSENGE,E-Purchasing,Barang,Belanja Pemeliharaan Alat Besar-Alat Bantu-Electric Generating Set,ON PROCESS,2218890,2218890
KOTA KOTAMOBAGU,DINAS KOMUNIKASI DAN INFORMATIKA - 2.16.2.20.2.21.01.0000,01KVA3KH15K17ENP8P6ZR54AV6,62874058,2026,E-Katalog 6.0,APBD,MEDIA BERKAH MAKMUR,E-Purchasing,Jasa Lainnya,"Belanja Jasa Iklan/Reklame, Film, dan Pemotretan",ON PROCESS,1998000,1998000
KOTA KOTAMOBAGU,UPTD INSTALASI FARMASI - 1.02.0.00.0.00.01.0002,01KWB6F0CVB6E5JJQR7NZ91Q80,63480254,2026,E-Katalog 6.0,APBD,DUTA KAISAR PHARMACY,E-Purchasing,Barang,Belanja Bahan-Bahan Lainnya,ON PROCESS,12621489,12621489
KOTA KOTAMOBAGU,BAGIAN PEREKONOMIAN DAN PEMBANGUNAN - 4.01.0.00.0.00.01.0006,01KRW9R95DS9AGM8CCRHREBWTY,64457117,2026,E-Katalog 6.0,APBD,CYNTHIA PRATIWI SUGEHA,E-Purchasing,Jasa Lainnya,Belanja Makanan dan Minuman Rapat,ON PROCESS,375000,375000
KOTA KOTAMOBAGU,DINAS KOMUNIKASI DAN INFORMATIKA - 2.16.2.20.2.21.01.0000,01KJEZFR7VEJZHZ3YHY3DV28MC,62859317,2026,E-Katalog 6.0,APBD,KOTANET JARINGAN TELEKOMUNIKASI,E-Purchasing,Jasa Lainnya,Belanja Kawat/Faksimili/Internet/TV Berlangganan,ON PROCESS,54989400,54989400
KOTA KOTAMOBAGU,BAGIAN KESEJAHTERAAN RAKYAT - 4.01.0.00.0.00.01.0005,01KH53GZN0GCRTMKPGATB7PVWA,63447559,2026,E-Katalog 6.0,APBD,MINPUT,E-Purchasing,Jasa Lainnya,Belanja Makanan dan Minuman Aktivitas Lapangan,ON PROCESS,3920000,3920000
KOTA KOTAMOBAGU,SEKRETARIAT DPRD - 4.02.0.00.0.00.01.0000,01KP26R9T2SPJBSJ3C88E847EV,63395422,2026,E-Katalog 6.0,APBD,FARATAMA KILAS MEDIA,E-Purchasing,Jasa Lainnya,"Belanja Jasa Iklan/Reklame, Film, dan Pemotretan",ON PROCESS,2000000,2000000
KOTA KOTAMOBAGU,BLUD RSUD KOTAMOBAGU - 1.02.0.00.0.00.01.0001,01KT3GCA6YFJC8WN6PVKSCTHVM,64159880,2026,E-Katalog 6.0,BLUD,DARYA-VARIA LABORATORIA,E-Purchasing,Barang,Belanja Barang dan Jasa BLUD,ON PROCESS,2331000,2331000
KOTA KOTAMOBAGU,BAGIAN PROTOKOL DAN KOMUNIKASI PIMPINAN - 4.01.0.00.0.00.01.0004,01KQEEE3VY6YRYCX02D79RD8MS,63380394,2026,E-Katalog 6.0,APBD,SUWITO PAPUTUNGAN,E-Purchasing,Jasa Lainnya,Belanja Jasa Tenaga Sopir,ON PROCESS,2000000,2000000
KOTA KOTAMOBAGU,DINAS PEKERJAAN UMUM DAN PENATAAN RUANG - 1.03.0.00.0.00.01.0000,10147766000,62906183,2026,Tender,APBD,,Tender,Pekerjaan Konstruksi,Pembangunan/Rehabilitasi Drainase Jl. Kartini,BERLANGSUNG,499974679,499974679
KOTA KOTAMOBAGU,DINAS KOMUNIKASI DAN INFORMATIKA - 2.16.2.20.2.21.01.0000,01KVC8A5VPZ80HPF7N2NQ190NT,62874058,2026,E-Katalog 6.0,APBD,FARATAMA KILAS MEDIA,E-Purchasing,Jasa Lainnya,"Belanja Jasa Iklan/Reklame, Film, dan Pemotretan",ON PROCESS,2000000,2000000
KOTA KOTAMOBAGU,DINAS KOMUNIKASI DAN INFORMATIKA - 2.16.2.20.2.21.01.0000,01KPB2A608EF4HPXXH73MMNME8,62874058,2026,E-Katalog 6.0,APBD,MEDIONET TOTABUAN NUSANTARA,E-Purchasing,Jasa Lainnya,"Belanja Jasa Iklan/Reklame, Film, dan Pemotretan",ON PROCESS,1998000,1998000
KOTA KOTAMOBAGU,"DINAS PERDAGANGAN, KOPERASI, USAHA KECIL DAN MENENGAH - 3.30.2.17.0.00.01.0000",01KH57M920MVBEFKXWWFWJ6S4W,65060846,2026,E-Katalog 6.0,APBD,HERRY PONDAAG,E-Purchasing,Barang,Belanja Alat/Bahan untuk Kegiatan Kantor- Kertas dan Cover,ON PROCESS,235901,235901
KOTA KOTAMOBAGU,SEKRETARIAT DAERAH - 4.01.0.00.0.00.01.0000,01KJHVXSPCQVNPY6G7ZB2FPSE4,63469981,2026,E-Katalog 6.0,APBD,SUPRIYADI KOROMPOT,E-Purchasing,Jasa Lainnya,Belanja Jasa Tenaga Pelayanan Umum,ON PROCESS,2000000,2000000
KOTA KOTAMOBAGU,SEKRETARIAT DPRD - 4.02.0.00.0.00.01.0000,01KPA5E52XBZT0ZV9W85GTEWTB,63395422,2026,E-Katalog 6.0,APBD,MATAHARI TERBIT MULTIMEDIA,E-Purchasing,Jasa Lainnya,"Belanja Jasa Iklan/Reklame, Film, dan Pemotretan",ON PROCESS,2000000,2000000
KOTA KOTAMOBAGU,DINAS KOMUNIKASI DAN INFORMATIKA - 2.16.2.20.2.21.01.0000,01KSHBD9ZZDKZP90NPZVQX21KM,62874058,2026,E-Katalog 6.0,APBD,MENTARI GEMILANG MEDIA,E-Purchasing,Jasa Lainnya,"Belanja Jasa Iklan/Reklame, Film, dan Pemotretan",ON PROCESS,999000,999000
KOTA KOTAMOBAGU,SEKRETARIAT DPRD - 4.02.0.00.0.00.01.0000,01KJVXVX3AQVMG3QYWF8N6613N,63395422,2026,E-Katalog 6.0,APBD,EZAR RASKA MEDIA,E-Purchasing,Jasa Lainnya,"Belanja Jasa Iklan/Reklame, Film, dan Pemotretan",ON PROCESS,2000000,2000000
KOTA KOTAMOBAGU,DINAS KOMUNIKASI DAN INFORMATIKA - 2.16.2.20.2.21.01.0000,01KWNC0B28T9T2WB1BWSWYR686,62874058,2026,E-Katalog 6.0,APBD,MEDIA CITRA ANUGRAH,E-Purchasing,Jasa Lainnya,"Belanja Jasa Iklan/Reklame, Film, dan Pemotretan",ON PROCESS,2000000,2000000
KOTA KOTAMOBAGU,DINAS KOMUNIKASI DAN INFORMATIKA - 2.16.2.20.2.21.01.0000,01KWGR8M08N0Q40PWPE8EPPNHT,62874058,2026,E-Katalog 6.0,APBD,RADIO SWARA MONOMPIA,E-Purchasing,Jasa Lainnya,"Belanja Jasa Iklan/Reklame, Film, dan Pemotretan",ON PROCESS,2999920,2999920
KOTA KOTAMOBAGU,SEKRETARIAT DPRD - 4.02.0.00.0.00.01.0000,01KJVJDMM6D15S8KWX6QP9AY1V,63395422,2026,E-Katalog 6.0,APBD,FAKTA BMR BERSATU,E-Purchasing,Jasa Lainnya,"Belanja Jasa Iklan/Reklame, Film, dan Pemotretan",ON PROCESS,1999998,1999998
KOTA KOTAMOBAGU,DINAS KOMUNIKASI DAN INFORMATIKA - 2.16.2.20.2.21.01.0000,01KRFWG016QNTA8W14P1V1XVXT,62874058,2026,E-Katalog 6.0,APBD,SAHABAT AFKAR NUSANTARA,E-Purchasing,Jasa Lainnya,"Belanja Jasa Iklan/Reklame, Film, dan Pemotretan",ON PROCESS,2000000,2000000
KOTA KOTAMOBAGU,INSPEKTORAT DAERAH - 6.01.0.00.0.00.01.0000,01KN0KYQN0MBHXGHEYZT0V0FF5,64333409,2026,E-Katalog 6.0,APBD,BONNY ABDULRAUF,E-Purchasing,Barang,Belanja Alat/ Bahan Kegiatan Kantor Kertas dan Caver ,ON PROCESS,5821950,5821950
KOTA KOTAMOBAGU,DINAS KOMUNIKASI DAN INFORMATIKA - 2.16.2.20.2.21.01.0000,01KPSMEPW8G46PE8QFFDGC4E0N,62874058,2026,E-Katalog 6.0,APBD,MEDIA SAHABAT RAKYAT SATU,E-Purchasing,Jasa Lainnya,"Belanja Jasa Iklan/Reklame, Film, dan Pemotretan",ON PROCESS,1998000,1998000
KOTA KOTAMOBAGU,BAGIAN UMUM - 4.01.0.00.0.00.01.0001,01KVZDZ74QYABY9Q0ZVYEZ13T5,64509313,2026,E-Katalog 6.0,APBD,HASAN MAKALUNSENGE,E-Purchasing,Barang,Belanja Pemeliharaan Alat Angkutan-Alat Angkutan Darat Bermotor-Kendaraan Dinas Bermotor Perorangan,ON PROCESS,9923400,9923400
KOTA KOTAMOBAGU,BLUD RSUD KOTAMOBAGU - 1.02.0.00.0.00.01.0001,01KGA316BK9KD0M7DHCQCPPTV1,64159880,2026,E-Katalog 6.0,BLUD,AOMA PRIMA MEDIKA,E-Purchasing,Barang,Belanja Barang dan Jasa BLUD,ON PROCESS,4593180,4593180
KOTA KOTAMOBAGU,BLUD RSUD KOTAMOBAGU - 1.02.0.00.0.00.01.0001,01KVYKB0HQTKCMZBTCN37WJP2Y,64159880,2026,E-Katalog 6.0,BLUD,GLOBAL DISPOMEDIKA,E-Purchasing,Barang,Belanja Barang dan Jasa BLUD,ON PROCESS,39477150,39477150
KOTA KOTAMOBAGU,KELURAHAN MONGKONAI BARAT - 7.01.0.00.0.00.01.0002,01KK8BJ84FR5RP4CK5M1CYHWMM,65280696,2026,E-Katalog 6.0,APBD,IRMA ASTUTI KOROMPOT,E-Purchasing,Barang,Belanja Alat/Bahan Untuk Kegiatan Kantor - Alat Tulis Kantor ,ON PROCESS,1669218,1669218
KOTA KOTAMOBAGU,DINAS PEKERJAAN UMUM DAN PENATAAN RUANG - 1.03.0.00.0.00.01.0000,10780181000,62920022,2026,Non Tender,APBD,CV. MUSFAR CONSULTANT,Pengadaan Langsung,Jasa Konsultansi Badan Usaha Konstruksi,Jasa Konsultansi Konstruksi Pengawasan (DAK),SELESAI,99749128,99749128
KOTA KOTAMOBAGU,BLUD RSUD KOTAMOBAGU - 1.02.0.00.0.00.01.0001,01KW172RCX6NYMZ0BC9AKENB6P,64159880,2026,E-Katalog 6.0,BLUD,NOSTIKAL ADITAMA,E-Purchasing,Barang,Belanja Barang dan Jasa BLUD,ON PROCESS,51770401,51770401
KOTA KOTAMOBAGU,PUSKESMAS BILALANG - 1.02.0.00.0.00.01.0006,01KJH07BG678YDV1WWCQ9DA20A,64154032,2026,E-Katalog 6.0,APBD,JAYA ARTHA,E-Purchasing,Jasa Lainnya,Belanja Alat/Bahan untuk Kegiatan Kantor - Bahan Cetak ,ON PROCESS,1304028,1304028
KOTA KOTAMOBAGU,BAGIAN UMUM - 4.01.0.00.0.00.01.0001,01KK0BFGQCXVXP2PY4NPB87V3G,66238501,2026,E-Katalog 6.0,APBD,HERRY PONDAAG,E-Purchasing,Jasa Lainnya,Belanja Pemeliharaan Alat Kantor dan Rumah Tangga-Alat Kantor-Alat Kantor Lainnya,ON PROCESS,7203000,7203000
KOTA KOTAMOBAGU,DINAS PERINDUSTRIAN DAN TENAGA KERJA - 3.31.2.07.0.00.01.0000,01KJVJ4TMGYP6SDJ4SMGYMPGV0,65350251,2026,E-Katalog 6.0,APBD,IRMA ASTUTI KOROMPOT,E-Purchasing,Barang,Belanja Alat/Bahan untuk Kegiatan Kantor- Kertas dan Cover,ON PROCESS,832005,832005
KOTA KOTAMOBAGU,PUSKESMAS KOTOBANGON - 1.02.0.00.0.00.01.0005,01KQEA587H02A3H4M4TBT82WMT,64197690,2026,E-Katalog 6.0,APBD,JAYA ARTHA,E-Purchasing,Jasa Lainnya,Belanja Alat/Bahan untuk Kegiatan Kantor- Bahan Cetak,ON PROCESS,444000,444000
KOTA KOTAMOBAGU,DINAS KOMUNIKASI DAN INFORMATIKA - 2.16.2.20.2.21.01.0000,01KP9ZP2AC9NX42RD0109R0YSG,62874058,2026,E-Katalog 6.0,APBD,SAHABAT AFKAR NUSANTARA,E-Purchasing,Jasa Lainnya,"Belanja Jasa Iklan/Reklame, Film, dan Pemotretan",ON PROCESS,2000000,2000000
KOTA KOTAMOBAGU,SEKRETARIAT DPRD - 4.02.0.00.0.00.01.0000,01KJPQ87489M73SGJSR7D7JDSJ,63391540,2026,E-Katalog 6.0,APBD,ARISTO DJAMAN,E-Purchasing,Jasa Lainnya,Belanja Jasa Tenaga Kebersihan,ON PROCESS,6000000,6000000
KOTA KOTAMOBAGU,KECAMATAN KOTAMOBAGU UTARA - 7.01.0.00.0.00.04.0000,01KRWEPDVDJP9PY8BQCPNNNMXG,62953901,2026,E-Katalog 6.0,APBD,RHAVA COMPUTINDO,E-Purchasing,Barang,Belanja Modal Personal Computer,ON PROCESS,14350080,0
KOTA KOTAMOBAGU,SEKRETARIAT DAERAH - 4.01.0.00.0.00.01.0000,01KRG44Q5SE1G10VWZZC8MZJGT,63473306,2026,E-Katalog 6.0,APBD,GULAM OLII,E-Purchasing,Jasa Lainnya,Belanja Jasa Tenaga Keamanan,ON PROCESS,5000000,5000000
KOTA KOTAMOBAGU,DINAS KOMUNIKASI DAN INFORMATIKA - 2.16.2.20.2.21.01.0000,01KK3Q1JC1SES0ZMNKJEFQ3FQR,62874058,2026,E-Katalog 6.0,APBD,MEDIA KAHIR GRUP,E-Purchasing,Jasa Lainnya,"Belanja Jasa Iklan/Reklame, Film, dan Pemotretan",ON PROCESS,5000000,5000000
KOTA KOTAMOBAGU,DINAS PERUMAHAN RAKYAT DAN KAWASAN PERMUKIMAN - 1.04.2.10.0.00.01.0000,01KWJSQQMXNYRZXK1VQR2GD6Q1,64632170,2026,E-Katalog 6.0,APBD,LISNAWATI ACHMADI,E-Purchasing,Jasa Lainnya," Belanja Jasa Tenaga Kebersihan",ON PROCESS,4500000,4500000
KOTA KOTAMOBAGU,DINAS KOMUNIKASI DAN INFORMATIKA - 2.16.2.20.2.21.01.0000,01KK3QV58SSYPNYKMJNGP5V37F,62874058,2026,E-Katalog 6.0,APBD,SUARA INDO DIGITAL,E-Purchasing,Jasa Lainnya,"Belanja Jasa Iklan/Reklame, Film, dan Pemotretan",ON PROCESS,2997000,2997000
KOTA KOTAMOBAGU,SEKRETARIAT DAERAH - 4.01.0.00.0.00.01.0000,01KTXCJYE9QZ5D63MQTKPA8A2Q,63469981,2026,E-Katalog 6.0,APBD,WITA PASAMBUNA,E-Purchasing,Jasa Lainnya,Belanja Jasa Tenaga Pelayanan Umum,ON PROCESS,2000000,2000000
KOTA KOTAMOBAGU,BAGIAN PROTOKOL DAN KOMUNIKASI PIMPINAN - 4.01.0.00.0.00.01.0004,01KJEJHPJTGH563G4JZJF3K6AM,63381513,2026,E-Katalog 6.0,APBD,HIJRAH SAPUTRA DONDO,E-Purchasing,Jasa Lainnya,"Belanja Jasa Iklan/ Reklame , Film, dan Pemotretan",ON PROCESS,2400000,2400000
KOTA KOTAMOBAGU,SEKRETARIAT DPRD - 4.02.0.00.0.00.01.0000,01KKEQEVR86P2Y7F13R7SRJZZW,63211862,2026,E-Katalog 6.0,APBD,BUNGAS AUTO MOTOR,E-Purchasing,Jasa Lainnya,Belanja Pemeliharaan Alat Angkutan-Alat Angkutan Darat Bermotor-Kendaraan Dinas Bermotor Perorangan,ON PROCESS,29492700,29492700
KOTA KOTAMOBAGU,DINAS PEKERJAAN UMUM DAN PENATAAN RUANG - 1.03.0.00.0.00.01.0000,01KGEC9BM0PMXVRERY4WCSPBYA,64871093,2026,E-Katalog 6.0,APBD,YUNIARNI,E-Purchasing,Jasa Lainnya,Belanja Makanan dan Minuman Rapat,ON PROCESS,3750000,3750000
KOTA KOTAMOBAGU,"DINAS PERDAGANGAN, KOPERASI, USAHA KECIL DAN MENENGAH - 3.30.2.17.0.00.01.0000",01KH579P3BHQND10XDYZSNYDXV,65305193,2026,E-Katalog 6.0,APBD,YUDHI KADHIKA,E-Purchasing,Jasa Lainnya,Belanja Alat/Bahan untuk Kegiatan Kantor- Bahan Cetak,ON PROCESS,576001,576001
KOTA KOTAMOBAGU,BADAN PERENCANAAN PENELITIAN DAN PENGEMBANGAN DAERAH - 5.01.5.05.0.00.01.0000,01KRWX7CVYA3KMMYE76MME9EA9,62260612,2026,E-Katalog 6.0,APBD,CYNTHIA PRATIWI SUGEHA,E-Purchasing,Barang,Belanja Makanan dan Minuman Rapat ,ON PROCESS,2880000,2880000
KOTA KOTAMOBAGU,DINAS LINGKUNGAN HIDUP - 2.11.0.00.0.00.01.0000,01KN1SJ8J18RSMY8YGQTVJFXD2,64373491,2026,E-Katalog 6.0,APBD,ARCO SAMUDRA PERKASA,E-Purchasing,Jasa Lainnya," Belanja Jasa Tenaga Keamanan",ON PROCESS,15439243,15439243
KOTA KOTAMOBAGU,BLUD RSUD KOTAMOBAGU - 1.02.0.00.0.00.01.0001,01KQEMZZ7A5XCBQF3M2HF63XFG,64159880,2026,E-Katalog 6.0,BLUD,HARSEN LABORATORIES,E-Purchasing,Barang,Belanja Barang dan Jasa BLUD,ON PROCESS,12747240,0
KOTA KOTAMOBAGU,BADAN PENGELOLA KEUANGAN DAERAH - 5.02.0.00.0.00.01.0000,01KV3891QQVTSDVPCMPSQ43HBJ,63013157,2026,E-Katalog 6.0,APBD,CYNTHIA PRATIWI SUGEHA,E-Purchasing,Jasa Lainnya,Belanja Makanan dan Minuman Rapat,ON PROCESS,1095600,1095600
KOTA KOTAMOBAGU,BADAN PENGELOLA KEUANGAN DAERAH - 5.02.0.00.0.00.01.0000,01KJYRW197204878PRNMP3FX8A,63008831,2026,E-Katalog 6.0,APBD,IRMA ASTUTI KOROMPOT,E-Purchasing,Barang,Belanja Alat/Bahan untuk Kegiatan Kantor-Alat/Bahan untuk Kegiatan Kantor Lainnya,ON PROCESS,563603,563603
KOTA KOTAMOBAGU,SEKRETARIAT DAERAH - 4.01.0.00.0.00.01.0000,01KJHZZ9AQMP40SG0N16HAXMNR,63474911,2026,E-Katalog 6.0,APBD,SRI DHAMAYANTI ADJANA,E-Purchasing,Jasa Lainnya,Belanja Jasa Tenaga Juru Masak,ON PROCESS,2600000,2600000
KOTA KOTAMOBAGU,KELURAHAN POBUNDAYAN - 7.01.0.00.0.00.02.0002,01KJV506FX817VP0D1NFP6BBRQ,64616163,2026,E-Katalog 6.0,APBD,IRMA ASTUTI KOROMPOT,E-Purchasing,Barang,Belanja Alat/Bahan untuk Kegiatan Kantor-Alat Tulis Kantor,ON PROCESS,407370,407370
KOTA KOTAMOBAGU,BAGIAN HUKUM - 4.01.0.00.0.00.01.0003,01KN3BB4VQABGJG7BFWR1TKNAE,63077576,2026,E-Katalog 6.0,APBD,IRMA ASTUTI KOROMPOT,E-Purchasing,Barang,Belanja Alat/Bahan untuk Kegiatan Kantor-Alat Tulis Kantor,ON PROCESS,1040070,1040070
KOTA KOTAMOBAGU,DINAS PERUMAHAN RAKYAT DAN KAWASAN PERMUKIMAN - 1.04.2.10.0.00.01.0000,01KPSTA10VJV95ME72QMDRFNPD,64616431,2026,E-Katalog 6.0,APBD,BUNGAS AUTO MOTOR,E-Purchasing,Jasa Lainnya,Belanja Pemeliharaan Alat Angkutan-Alat Angkutan Darat Bermotor-Kendaraan Dinas Bermotor Perorangan,ON PROCESS,1033410,1033410
KOTA KOTAMOBAGU,DINAS PENDIDIKAN - 1.01.0.00.0.00.01.0000,01KSPSTVT065XGWCHKW0R749PH,65263329,2026,E-Katalog 6.0,APBD,HAMRI MOKOAGOW,E-Purchasing,Barang,Belanja Alat/Bahan untuk Kegiatan Kantor-Alat/Bahan untuk Kegiatan Kantor Lainnya (Belanja Rumah Tangga),ON PROCESS,3410586,3410586
KOTA KOTAMOBAGU,DINAS KOMUNIKASI DAN INFORMATIKA - 2.16.2.20.2.21.01.0000,01KVZ98S7XR6GF20T9YGN17TVK,63131205,2026,E-Katalog 6.0,APBD,CYNTHIA PRATIWI SUGEHA,E-Purchasing,Barang,Belanja Makanan dan Minuman Rapat,ON PROCESS,3920000,3920000
KOTA KOTAMOBAGU,DINAS PEKERJAAN UMUM DAN PENATAAN RUANG - 1.03.0.00.0.00.01.0000,01KGH0TW3Z2YAJJ9F0HG5G8YP9,62873812,2026,E-Katalog 6.0,APBD,EXELCIUS MARTURIO PONTOLAWOKANG,E-Purchasing,Jasa Lainnya,Belanja Jasa Tenaga Penanganan Prasarana dan Sarana Umum,ON PROCESS,7500000,7500000
KOTA KOTAMOBAGU,BLUD RSUD KOTAMOBAGU - 1.02.0.00.0.00.01.0001,01KQ8R5AY53RDEQGBNGG7454WV,64159880,2026,E-Katalog 6.0,BLUD,GLOBAL DISPOMEDIKA,E-Purchasing,Barang,Belanja Barang dan Jasa BLUD,ON PROCESS,17198784,0
KOTA KOTAMOBAGU,DINAS KOMUNIKASI DAN INFORMATIKA - 2.16.2.20.2.21.01.0000,01KVC87F9981MWY2JY76HBY3PH,62874058,2026,E-Katalog 6.0,APBD,LESTARI KANAL MEDIA,E-Purchasing,Jasa Lainnya,"Belanja Jasa Iklan/Reklame, Film, dan Pemotretan",ON PROCESS,2000000,2000000
KOTA KOTAMOBAGU,DINAS KOMUNIKASI DAN INFORMATIKA - 2.16.2.20.2.21.01.0000,01KRG2GRASHP9RB8AXPEE6VRHM,62874058,2026,E-Katalog 6.0,APBD,VOICE NEWS NETWORK,E-Purchasing,Jasa Lainnya,"Belanja Jasa Iklan/Reklame, Film, dan Pemotretan",ON PROCESS,1998000,1998000
KOTA KOTAMOBAGU,DINAS KOMUNIKASI DAN INFORMATIKA - 2.16.2.20.2.21.01.0000,01KPAHN1TXRVBFS5RAC7ZJJT6S,62874058,2026,E-Katalog 6.0,APBD,INFO TOTABUAN SAFA EYATO,E-Purchasing,Jasa Lainnya,"Belanja Jasa Iklan/Reklame, Film, dan Pemotretan",ON PROCESS,4995000,4995000
KOTA KOTAMOBAGU,DINAS KOMUNIKASI DAN INFORMATIKA - 2.16.2.20.2.21.01.0000,01KK41N1AABZS8JH8FBGR0S43E,62874058,2026,E-Katalog 6.0,APBD,ALFA MEDIA GROUP,E-Purchasing,Jasa Lainnya,"Belanja Jasa Iklan/Reklame, Film, dan Pemotretan",ON PROCESS,1998000,1998000
KOTA KOTAMOBAGU,SEKRETARIAT DPRD - 4.02.0.00.0.00.01.0000,01KK7ZWQRMB137C5DFYJN7M39E,63395422,2026,E-Katalog 6.0,APBD,MEDIA INDO BOLMONG PRESS,E-Purchasing,Jasa Lainnya,"Belanja Jasa Iklan/Reklame, Film, dan Pemotretan",ON PROCESS,2000000,2000000
KOTA KOTAMOBAGU,SEKRETARIAT DPRD - 4.02.0.00.0.00.01.0000,01KJVPJJ34WPBWJZNGPAW14TCB,63395422,2026,E-Katalog 6.0,APBD,MEDIA TOTABUAN INDONESIA,E-Purchasing,Jasa Lainnya,"Belanja Jasa Iklan/Reklame, Film, dan Pemotretan",ON PROCESS,1999998,1999998
KOTA KOTAMOBAGU,DINAS PEKERJAAN UMUM DAN PENATAAN RUANG - 1.03.0.00.0.00.01.0000,01KQ76GTCTC54SR0GQNBSXT74Y,64439803,2026,E-Katalog 6.0,APBD,RHAVA COMPUTINDO,E-Purchasing,Barang,Belanja Modal Alat Kantor Lainnya,ON PROCESS,9990000,9990000
KOTA KOTAMOBAGU,DINAS KOMUNIKASI DAN INFORMATIKA - 2.16.2.20.2.21.01.0000,01KWE45SVQ9WR10J7QGXXR53H3,62874058,2026,E-Katalog 6.0,APBD,DUTA METRO COM,E-Purchasing,Jasa Lainnya,"Belanja Jasa Iklan/Reklame, Film, dan Pemotretan",ON PROCESS,1998000,1998000
KOTA KOTAMOBAGU,BADAN PERENCANAAN PENELITIAN DAN PENGEMBANGAN DAERAH - 5.01.5.05.0.00.01.0000,01KPSNBPTV5SVG8HH4GN6VSPQN,62551709,2026,E-Katalog 6.0,APBD,HERRY PONDAAG,E-Purchasing,Barang,Belanja Alat/Bahan untuk Kegiatan Kantor-Alat /Bahan untuk Kegiatan Kantor Lainnya,ON PROCESS,1599233,1599233
KOTA KOTAMOBAGU,BADAN PERENCANAAN PENELITIAN DAN PENGEMBANGAN DAERAH - 5.01.5.05.0.00.01.0000,01KQS0N6QNTJAYNPPSS30SANAH,62371541,2026,E-Katalog 6.0,APBD,HERRY PONDAAG,E-Purchasing,Barang,Belanja Alat/Bahan untuk Kegiatan Kantor-Bahan Komputer ,ON PROCESS,610500,610500
KOTA KOTAMOBAGU,BADAN PENANGGULANGAN BENCANA DAERAH - 1.05.0.00.0.00.02.0000,01KGNGSWCFCNPEZGAVV0PGH6HZ,65120858,2026,E-Katalog 6.0,APBD,DAVID DATU,E-Purchasing,Jasa Lainnya,Belanja tenaga sopir,ON PROCESS,1500000,1500000
KOTA KOTAMOBAGU,BLUD RSUD KOTAMOBAGU - 1.02.0.00.0.00.01.0001,01KGENRS7648JN40GZ4083WHTR,64159880,2026,E-Katalog 6.0,BLUD,BERNOFARM,E-Purchasing,Barang,Belanja Barang dan Jasa BLUD,ON PROCESS,40186718,40186718
KOTA KOTAMOBAGU,DINAS PENGENDALIAN PENDUDUK DAN KELUARGA BERENCANA - 2.14.0.00.0.00.01.0000,01KGRE479JKWCBG85EME2KK7KH,63988368,2026,E-Katalog 6.0,APBD,FIRMANSYAH MAMINTIWALO,E-Purchasing,Barang,Belanja Alat/Bahan untuk Kegiatan Kantor- Bahan Cetak,ON PROCESS,216000,216000
KOTA KOTAMOBAGU,BAGIAN PROTOKOL DAN KOMUNIKASI PIMPINAN - 4.01.0.00.0.00.01.0004,01KTNP3RBBS86JB9PTP97YWN6M,63389744,2026,E-Katalog 6.0,APBD,U.D. TOTABUAN CITAWAYA,E-Purchasing,Jasa Lainnya,Belanja Pemeliharaan Alat Angkutan- Alat Angkutan Darat Bermotor- Kendaraan Dinas Bermotor Perorangan,ON PROCESS,24739680,24739680
KOTA KOTAMOBAGU,DINAS KOMUNIKASI DAN INFORMATIKA - 2.16.2.20.2.21.01.0000,01KRFWSPMQCM4CKGP8EC63MHS3,62874058,2026,E-Katalog 6.0,APBD,MEDIA SULAWESI NETWORK,E-Purchasing,Jasa Lainnya,"Belanja Jasa Iklan/Reklame, Film, dan Pemotretan",ON PROCESS,2000000,2000000
KOTA KOTAMOBAGU,DINAS PEMBERDAYAAN MASYARAKAT DAN DESA - 2.13.0.00.0.00.01.0000,01KP7P6GT6J8S00WZPVPXY9X66,64544811,2026,E-Katalog 6.0,APBD,HERRY PONDAAG,E-Purchasing,Barang,Belanja Alat/Bahan untuk Kegiatan Kantor-Alat Tulis Kantor,ON PROCESS,3491894,3491894
KOTA KOTAMOBAGU,KECAMATAN KOTAMOBAGU TIMUR - 7.01.0.00.0.00.03.0000,01KP58FT5T3Q2E6GDQCXXJ4EZF,64554509,2026,E-Katalog 6.0,APBD,MINPUT,E-Purchasing,Jasa Lainnya,Belanja Makanan dan Minuman Rapat,ON PROCESS,1421000,1421000
KOTA KOTAMOBAGU,DINAS PEKERJAAN UMUM DAN PENATAAN RUANG - 1.03.0.00.0.00.01.0000,10130606000,62910761,2026,Tender,APBD,,Tender,Pekerjaan Konstruksi,Pembangunan Alun-alun Paloko Kinalang Lanjutan,BERLANGSUNG,999999958,999999958
KOTA KOTAMOBAGU,SEKRETARIAT DPRD - 4.02.0.00.0.00.01.0000,01KK8NCCAVB87Z0ZX416NW90WA,63395422,2026,E-Katalog 6.0,APBD,MIGI MEDIA UTAMA,E-Purchasing,Jasa Lainnya,"Belanja Jasa Iklan/Reklame, Film, dan Pemotretan",ON PROCESS,999999,999999
KOTA KOTAMOBAGU,SEKRETARIAT DPRD - 4.02.0.00.0.00.01.0000,01KJVJ4JENE6SG2J6HACD063N7,63395422,2026,E-Katalog 6.0,APBD,VIRZHA NUSANTARA INFORMASI,E-Purchasing,Jasa Lainnya,"Belanja Jasa Iklan/Reklame, Film, dan Pemotretan",ON PROCESS,2000000,2000000
KOTA KOTAMOBAGU,BLUD RSUD KOTAMOBAGU - 1.02.0.00.0.00.01.0001,01KPZ523XJREKKMF09CABGES89,64159880,2026,E-Katalog 6.0,BLUD,CAPRIFARMINDO LABORATORIES,E-Purchasing,Barang,Belanja Barang dan Jasa BLUD,ON PROCESS,14563755,14563755
KOTA KOTAMOBAGU,PUSKESMAS GOGAGOMAN - 1.02.0.00.0.00.01.0004,01KGZYY5V36VEYF4066VM45PHM,63650674,2026,E-Katalog 6.0,APBD,YUDHI KADHIKA,E-Purchasing,Barang,Belanja Alat/Bahan untuk Kegiatan Kantor - Bahan Cetak Puskesmas Gogagoman,PAYMENT OUTSIDE SYSTEM,1734375,1734375
KOTA KOTAMOBAGU,DINAS KOMUNIKASI DAN INFORMATIKA - 2.16.2.20.2.21.01.0000,01KRG0X9RFB3M4SEF02QJ2GQ1Q,62874058,2026,E-Katalog 6.0,APBD,FARADILA NATASYA UTAMA,E-Purchasing,Jasa Lainnya,"Belanja Jasa Iklan/Reklame, Film, dan Pemotretan",ON PROCESS,2000000,2000000
KOTA KOTAMOBAGU,SEKRETARIAT DAERAH - 4.01.0.00.0.00.01.0000,01KHT7W2NPSJA45Q4MPZ02EF3W,65314067,2026,E-Katalog 6.0,APBD,CYNTHIA PRATIWI SUGEHA,E-Purchasing,Barang,Belanja Makanan dan Minuman Rapat,ON PROCESS,8800000,8800000
KOTA KOTAMOBAGU,DINAS KOMUNIKASI DAN INFORMATIKA - 2.16.2.20.2.21.01.0000,01KFEZ49EHE94G0Y13WTDDJMC9,63131205,2026,E-Katalog 6.0,APBD,MINPUT,E-Purchasing,Barang,Belanja Makanan dan Minuman Rapat,ON PROCESS,1035000,1035000
KOTA KOTAMOBAGU,BLUD RSUD KOTAMOBAGU - 1.02.0.00.0.00.01.0001,01KVN6ECEE5KHHSZA62SJ3CN9J,64159880,2026,E-Katalog 6.0,BLUD,PRIMA SUKSES MAESA,E-Purchasing,Barang,Belanja Barang dan Jasa BLUD,ON PROCESS,46908000,46908000
KOTA KOTAMOBAGU,PUSKESMAS BILALANG - 1.02.0.00.0.00.01.0006,01KRWDFH0XRJKB94EGS0XFZ7M4,64185711,2026,E-Katalog 6.0,APBD,REZA MITRA ABADI,E-Purchasing,Jasa Lainnya,Belanja Barang dan Jasa BOK Puskesmas ,ON PROCESS,2760000,2760000
KOTA KOTAMOBAGU,BADAN KEPEGAWAIAN PENDIDIKAN DAN PELATIHAN - 5.03.5.04.0.00.01.0000,01KVPJBPF4TXG7F4G5GMAWDQ06,64430504,2026,E-Katalog 6.0,APBD,RHAVA COMPUTINDO,E-Purchasing,Jasa Lainnya,Belanja Pemeliharaan Alat Kantor dan Rumah Tangga-Alat Rumah Tangga-Alat Pendingin,ON PROCESS,1054500,1054500
KOTA KOTAMOBAGU,DINAS KEPENDUDUKAN DAN PENCATATAN SIPIL - 2.12.0.00.0.00.01.0000,01KPCBCGNJ00ARFHXJ5TCXW0XY,62909423,2026,E-Katalog 6.0,APBD,HERRY PONDAAG,E-Purchasing,Barang,Belanja Alat/Bahan untuk Kegiatan Kantor- Bahan Cetak,ON PROCESS,1498500,1498500
KOTA KOTAMOBAGU,DINAS KESEHATAN - 1.02.0.00.0.00.01.0000,01KN35RV2GB0G91TPNFXTDFJFX,65546611,2026,E-Katalog 6.0,APBD,UD. PUTRA TEKNIK,E-Purchasing,Barang," Belanja Pemeliharaan Alat Kantor dan Rumah Tangga-Alat Rumah Tangga-Alat Pendingin",ON PROCESS,400000,400000
KOTA KOTAMOBAGU,PUSKESMAS MOTOBOI KECIL - 1.02.0.00.0.00.01.0003,01KRZEPEVMR8YQC335N8QRJCTC,63517110,2026,E-Katalog 6.0,APBD,FIGIH CICILIA MOKOGINTA,E-Purchasing,Barang,Belanja Barang dan Jasa BOK Puskesmas Bimtek dan Supervisi Pengembangan dan Pelaksanaan UKBM,ON PROCESS,392000,392000
KOTA KOTAMOBAGU,SEKRETARIAT DAERAH - 4.01.0.00.0.00.01.0000,01KQSAVNC0VAAFCNZBTSANSMHS,63474911,2026,E-Katalog 6.0,APBD,FIN SUMAMPOUW,E-Purchasing,Jasa Lainnya,Belanja Jasa Tenaga Juru Masak,ON PROCESS,2600000,2600000
KOTA KOTAMOBAGU,BADAN PERENCANAAN PENELITIAN DAN PENGEMBANGAN DAERAH - 5.01.5.05.0.00.01.0000,01KKFYY1X0996BKCYVPFYQMPNY,62260279,2026,E-Katalog 6.0,APBD,HERRY PONDAAG,E-Purchasing,Barang,Belanja Alat/Bahan untuk Kegiatan Kantor- Bahan Cetak ,ON PROCESS,1010100,1010100
KOTA KOTAMOBAGU,DINAS KOMUNIKASI DAN INFORMATIKA - 2.16.2.20.2.21.01.0000,01KPAH9YC21AYAQ62EWXJFNDRS,62874058,2026,E-Katalog 6.0,APBD,BIOVIO MEDIA INDONESIA,E-Purchasing,Jasa Lainnya,"Belanja Jasa Iklan/Reklame, Film, dan Pemotretan",ON PROCESS,2997000,2997000
KOTA KOTAMOBAGU,DINAS KOMUNIKASI DAN INFORMATIKA - 2.16.2.20.2.21.01.0000,01KHZR2QMAFPHVEKKK257D67TQ,62874058,2026,E-Katalog 6.0,APBD,GEMA MEDIA KITA,E-Purchasing,Jasa Lainnya,"Belanja Jasa Iklan/Reklame, Film, dan Pemotretan",ON PROCESS,5000000,5000000
KOTA KOTAMOBAGU,BADAN PERENCANAAN PENELITIAN DAN PENGEMBANGAN DAERAH - 5.01.5.05.0.00.01.0000,01KW9YZZPTVA605VK6HYVES4HQ,62552425,2026,E-Katalog 6.0,APBD,RHAVA COMPUTINDO,E-Purchasing,Barang,Belanja Pemeliharaan Komputer-Komputer Unit-Komputer Unit Lainnya,ON PROCESS,2264400,2264400
KOTA KOTAMOBAGU,SEKRETARIAT DPRD - 4.02.0.00.0.00.01.0000,01KSH0P15VFTYZY4Q4E14N3CBG,63211699,2026,E-Katalog 6.0,APBD,BUNGAS AUTO MOTOR,E-Purchasing,Jasa Lainnya,Belanja Pemeliharaan Alat Angkutan-Alat Angkutan Darat Bermotor-Kendaraan Dinas Bermotor Perorangan,ON PROCESS,8239530,8239530
KOTA KOTAMOBAGU,BADAN PENANGGULANGAN BENCANA DAERAH - 1.05.0.00.0.00.02.0000,01KP9SAZ2J0MQNYXMYNX0ZKFDJ,63939012,2026,E-Katalog 6.0,APBD,HERRY PONDAAG,E-Purchasing,Barang,Belanja Alat/Bahan untuk Kegiatan Kantor-Alat Tulis Kantor,ON PROCESS,1219934,1219934
KOTA KOTAMOBAGU,SEKRETARIAT DAERAH - 4.01.0.00.0.00.01.0000,01KQSFT6Y0CHTS47PY9MPYQHMN,63474911,2026,E-Katalog 6.0,APBD,NOVITA SARI MOKODONGAN,E-Purchasing,Jasa Lainnya,Belanja Jasa Tenaga Juru Masak,ON PROCESS,2600000,2600000
KOTA KOTAMOBAGU,BADAN PENGELOLA KEUANGAN DAERAH - 5.02.0.00.0.00.01.0000,01KW97710PFERVY6ZFXP9VQHV8,63019534,2026,E-Katalog 6.0,APBD,RHAVA COMPUTINDO,E-Purchasing,Jasa Lainnya,Belanja Pemeliharaan Komputer-Komputer Unit-Komputer Unit Lainnya,ON PROCESS,2720610,2720610
KOTA KOTAMOBAGU,BAGIAN PROTOKOL DAN KOMUNIKASI PIMPINAN - 4.01.0.00.0.00.01.0004,01KQ9D0EVANTB885K0KBRAGG7H,64344415,2026,E-Katalog 6.0,APBD,KLIFJINO MASSI ,E-Purchasing,Barang,Belanja Alat/Bahan Untuk Kegiatan Kantor-Suvenir/Cendera Mata,ON PROCESS,33600000,33600000
KOTA KOTAMOBAGU,DINAS KOMUNIKASI DAN INFORMATIKA - 2.16.2.20.2.21.01.0000,01KVC095YA28H6FG50NRVYFGKC,62874058,2026,E-Katalog 6.0,APBD,NUSANTARA JAYA PERS,E-Purchasing,Jasa Lainnya,"Belanja Jasa Iklan/Reklame, Film, dan Pemotretan",ON PROCESS,1998000,1998000
KOTA KOTAMOBAGU,PUSKESMAS UPAI - 1.02.0.00.0.00.01.0007,01KVCBZ8DGFTPY1YDPT3PQ1D25,62849821,2026,E-Katalog 6.0,APBD,CYNTHIA PRATIWI SUGEHA,E-Purchasing,Barang,Belanja Barang dan Jasa BOK Puskesmas,ON PROCESS,1200000,1200000
KOTA KOTAMOBAGU,SEKRETARIAT DPRD - 4.02.0.00.0.00.01.0000,01KQTS3WBTKBYZ7CZ37XKS03TV,63395422,2026,E-Katalog 6.0,APBD,NUSANTARA JAYA PERS,E-Purchasing,Jasa Lainnya,"Belanja Jasa Iklan/Reklame, Film, dan Pemotretan",ON PROCESS,2000000,2000000
KOTA KOTAMOBAGU,DINAS KOMUNIKASI DAN INFORMATIKA - 2.16.2.20.2.21.01.0000,01KVA6K1CZ64GT5D9PRGTHV5W8,62874058,2026,E-Katalog 6.0,APBD,GEMA MEDIA KITA,E-Purchasing,Jasa Lainnya,"Belanja Jasa Iklan/Reklame, Film, dan Pemotretan",ON PROCESS,4995000,4995000
KOTA KOTAMOBAGU,BAGIAN PEMERINTAHAN - 4.01.0.00.0.00.01.0002,01KR02WNFJVEG8C03YADCZPQXB,64672775,2026,E-Katalog 6.0,APBD,CYNTHIA PRATIWI SUGEHA,E-Purchasing,Jasa Lainnya,Belanja Makanan dan Minuman Rapat (Fasilitasi Pelaksanaan Otonomi Daerah),ON PROCESS,4980000,4980000
KOTA KOTAMOBAGU,DINAS LINGKUNGAN HIDUP - 2.11.0.00.0.00.01.0000,01KSF78J2HFG3EGAS57F36DEVF,64486473,2026,E-Katalog 6.0,APBD,RHAVA COMPUTINDO,E-Purchasing,Jasa Lainnya,Belanja Pemeliharaan Komputer - Komputer Unit - Komputer Unit Lainnya,ON PROCESS,1332000,1332000
KOTA KOTAMOBAGU,SEKRETARIAT DAERAH - 4.01.0.00.0.00.01.0000,01KTXP4Z5V6B8XMZ68PJF05HWR,63474266,2026,E-Katalog 6.0,APBD,JERI KOROMPOT,E-Purchasing,Jasa Lainnya,Belanja Jasa Tenaga Supir,ON PROCESS,2000000,2000000
KOTA KOTAMOBAGU,DINAS KEPENDUDUKAN DAN PENCATATAN SIPIL - 2.12.0.00.0.00.01.0000,01KHQCCA2Z8K9Y58QKVVC0RZRC,62921760,2026,E-Katalog 6.0,APBD,IRMA ASTUTI KOROMPOT,E-Purchasing,Barang,Belanja Alat/Bahan untuk Kegiatan Kantor- Bahan Cetak,ON PROCESS,9987503,9987503
KOTA KOTAMOBAGU,BADAN PENGELOLA KEUANGAN DAERAH - 5.02.0.00.0.00.01.0000,01KWBW33Q4NEX7T2SS4SWN3RCB,63076868,2026,E-Katalog 6.0,APBD,IRMA ASTUTI KOROMPOT,E-Purchasing,Barang,Belanja Alat/Bahan untuk Kegiatan Kantor-Alat Tulis Kantor,ON PROCESS,1112553,1112553
KOTA KOTAMOBAGU,SEKRETARIAT DAERAH - 4.01.0.00.0.00.01.0000,01KQVDSNXC82DR9APPGF1DCFGB,63474266,2026,E-Katalog 6.0,APBD,HAMZAH A MOKOGINTA,E-Purchasing,Jasa Lainnya,Belanja Jasa Tenaga Supir,ON PROCESS,2000000,2000000
KOTA KOTAMOBAGU,DINAS KOMUNIKASI DAN INFORMATIKA - 2.16.2.20.2.21.01.0000,01KWHAT512Y0A8DEHSNJ5J5PEP,62874058,2026,E-Katalog 6.0,APBD,SULAWESI MEDIA RAKYAT,E-Purchasing,Jasa Lainnya,"Belanja Jasa Iklan/Reklame, Film, dan Pemotretan",ON PROCESS,1998000,1998000
KOTA KOTAMOBAGU,SEKRETARIAT DPRD - 4.02.0.00.0.00.01.0000,10788678000,63016223,2026,Non Tender,APBD,Acil Budi Oktavan Taulama,Pengadaan Langsung,Jasa Konsultansi Perorangan Konstruksi,Jasa Konsultansi Perencanaan Rehab Ruang Wakil Ketua II DPRD,SELESAI,8014200,8014200
KOTA KOTAMOBAGU,BAGIAN HUKUM - 4.01.0.00.0.00.01.0003,01KNGA5PXKCTSBGM178JEZWQGC,63074297,2026,E-Katalog 6.0,APBD,IRMA ASTUTI KOROMPOT,E-Purchasing,Barang,Belanja Alat/Bahan untuk Kegiatan Kantor- Kertas dan Cover,ON PROCESS,994005,994005
KOTA KOTAMOBAGU,PUSKESMAS GOGAGOMAN - 1.02.0.00.0.00.01.0004,01KFF2CPTAF4NYNGKB4BE2QY3J,63780677,2026,E-Katalog 6.0,APBD,FIGIH CICILIA MOKOGINTA,E-Purchasing,Barang,Belanja Makanan dan Minuman Rapat,ON PROCESS,32232000,32232000
KOTA KOTAMOBAGU,DINAS KOMUNIKASI DAN INFORMATIKA - 2.16.2.20.2.21.01.0000,01KPSMR2WRBTN84XBA019AP7K5,62874058,2026,E-Katalog 6.0,APBD,INSAN CITA MEDIA UTAMA,E-Purchasing,Jasa Lainnya,"Belanja Jasa Iklan/Reklame, Film, dan Pemotretan",ON PROCESS,1998000,1998000
KOTA KOTAMOBAGU,DINAS KOMUNIKASI DAN INFORMATIKA - 2.16.2.20.2.21.01.0000,01KVA4049AFYREGS87MNYZPA2E,62874058,2026,E-Katalog 6.0,APBD,AZIZAH MEDIA GLOBAL,E-Purchasing,Jasa Lainnya,"Belanja Jasa Iklan/Reklame, Film, dan Pemotretan",ON PROCESS,1998000,1998000
KOTA KOTAMOBAGU,DINAS KEPEMUDAAN DAN OLAHRAGA - 2.19.0.00.0.00.01.0000,01KS4836HQ3CTPYZRS0BAE7DEP,64979699,2026,E-Katalog 6.0,APBD,HERRY PONDAAG,E-Purchasing,Barang,Belanja Alat/Bahanuntuk Kegiatan Kantor - Bahan kantor,ON PROCESS,1214007,1214007
KOTA KOTAMOBAGU,SEKRETARIAT DAERAH - 4.01.0.00.0.00.01.0000,01KRJPFH5N9SEJ8QF4MARMWE3X,63471718,2026,E-Katalog 6.0,APBD,CHRISTIN LAPISONA,E-Purchasing,Jasa Lainnya,Belanja Jasa Tenaga Kebersihan,ON PROCESS,2000000,2000000
KOTA KOTAMOBAGU,DINAS KOMUNIKASI DAN INFORMATIKA - 2.16.2.20.2.21.01.0000,01KT5E36WV2Y7ZRPCDBQ8W4RZ2,62859317,2026,E-Katalog 6.0,APBD,INFOTEK GLOBAL NETWORK,E-Purchasing,Jasa Lainnya,Belanja Kawat/Faksimili/Internet/TV Berlangganan,ON PROCESS,44400000,44400000
KOTA KOTAMOBAGU,DINAS KOMUNIKASI DAN INFORMATIKA - 2.16.2.20.2.21.01.0000,01KJBWWQYWZP59MECY1VD7VX6T,62874058,2026,E-Katalog 6.0,APBD,MANADO MEDIA GRAFIKA,E-Purchasing,Jasa Lainnya,"Belanja Jasa Iklan/Reklame, Film, dan Pemotretan",ON PROCESS,4995000,4995000
KOTA KOTAMOBAGU,DINAS KEBUDAYAAN DAN PARIWISATA - 2.22.3.26.0.00.01.0000,01KJW7QJMMDNQN1TKPSY5156NX,64415201,2026,E-Katalog 6.0,APBD,HERRY PONDAAG,E-Purchasing,Barang,Belanja Alat/Bahan untuk Kegiatan Kantor-Bahan Komputer,ON PROCESS,515040,515040
KOTA KOTAMOBAGU,DINAS KOMUNIKASI DAN INFORMATIKA - 2.16.2.20.2.21.01.0000,01KJ04D9TCC0MM2MF0QSSV15XS,62874058,2026,E-Katalog 6.0,APBD,MEDIA REDAKSI SULUT,E-Purchasing,Jasa Lainnya,"Belanja Jasa Iklan/Reklame, Film, dan Pemotretan",ON PROCESS,1998000,1998000
KOTA KOTAMOBAGU,DINAS PENGENDALIAN PENDUDUK DAN KELUARGA BERENCANA - 2.14.0.00.0.00.01.0000,01KGNT2D6DT1GPXPZHE7VZAX9J,63994165,2026,E-Katalog 6.0,APBD,HERRY PONDAAG,E-Purchasing,Barang,Belanja Alat/Bahan untuk Kegiatan Kantor-Bahan Komputer,ON PROCESS,362970,362970
KOTA KOTAMOBAGU,UPTD PERLINDUNGAN PEREMPUAN DAN ANAK - 2.08.0.00.0.00.01.0001,01KJVG5RV5ABRAWMDATAGZDKRV,64684597,2026,E-Katalog 6.0,APBD,HERRY PONDAAG,E-Purchasing,Barang,Belanja Alat/Bahan untuk Kegiatan Kantor-Alat Tulis Kantor,ON PROCESS,606893,606893
KOTA KOTAMOBAGU,BADAN PENGELOLA KEUANGAN DAERAH - 5.02.0.00.0.00.01.0000,01KT8BGMZQJS492EN0JAPVTWC5,63113420,2026,E-Katalog 6.0,APBD,REZA MITRA ABADI,E-Purchasing,Jasa Lainnya,Belanja Makanan dan Minuman Aktivitas Lapangan,ON PROCESS,1992000,1992000
KOTA KOTAMOBAGU,DINAS KOMUNIKASI DAN INFORMATIKA - 2.16.2.20.2.21.01.0000,01KRG15EM8Q6VF3DA66Z4CKYG3,62874058,2026,E-Katalog 6.0,APBD,SULAWESI MEDIA RAKYAT,E-Purchasing,Jasa Lainnya,"Belanja Jasa Iklan/Reklame, Film, dan Pemotretan",ON PROCESS,1998000,1998000
KOTA KOTAMOBAGU,PUSKESMAS KOTOBANGON - 1.02.0.00.0.00.01.0005,01KJRPRJ8TTPFFX2X10XSVQV3A,63444497,2026,E-Katalog 6.0,APBD,JAYA ARTHA,E-Purchasing,Barang,Belanja Alat/Bahan untuk Kegiatan Kantor-Alat/Bahan untuk Kegiatan Kantor Lainnya,ON PROCESS,741092,741092
KOTA KOTAMOBAGU,DINAS KESEHATAN - 1.02.0.00.0.00.01.0000,01KQR7NW7P0DYTBAJSJA1384ET,65546507,2026,E-Katalog 6.0,APBD,BUNGAS AUTO MOTOR,E-Purchasing,Barang,Belanja Pemeliharaan Alat Angkutan-Alat Angkutan Darat Bermotor-Kendaraan Dinas Bermotor Perorangan,ON PROCESS,2028525,2028525
KOTA KOTAMOBAGU,SEKRETARIAT DAERAH - 4.01.0.00.0.00.01.0000,01KVSV9R02TKZ4QJ6TMG8H6XNZ,63423831,2026,E-Katalog 6.0,APBD,FIGIH CICILIA MOKOGINTA,E-Purchasing,Barang,Belanja Makanan dan Minuman Rapat,ON PROCESS,980000,980000
KOTA KOTAMOBAGU,DINAS KOMUNIKASI DAN INFORMATIKA - 2.16.2.20.2.21.01.0000,01KWE5MP7F3K8AZFT2V3FGKTBC,62874058,2026,E-Katalog 6.0,APBD,GEMA MEDIA KITA,E-Purchasing,Jasa Lainnya,"Belanja Jasa Iklan/Reklame, Film, dan Pemotretan",ON PROCESS,4995000,4995000
KOTA KOTAMOBAGU,SEKRETARIAT DPRD - 4.02.0.00.0.00.01.0000,01KT94KBK4Y6J6E46CSDNM9JW5,63395422,2026,E-Katalog 6.0,APBD,PILAR MEDIA JAYA,E-Purchasing,Jasa Lainnya,"Belanja Jasa Iklan/Reklame, Film, dan Pemotretan",ON PROCESS,2000000,2000000
KOTA KOTAMOBAGU,SEKRETARIAT DPRD - 4.02.0.00.0.00.01.0000,01KP26TQP2CS3CVHZHT8ZHQ96V,63395422,2026,E-Katalog 6.0,APBD,BOLMONG UTAMA PERS,E-Purchasing,Jasa Lainnya,"Belanja Jasa Iklan/Reklame, Film, dan Pemotretan",ON PROCESS,2000000,2000000
KOTA KOTAMOBAGU,SEKRETARIAT DAERAH - 4.01.0.00.0.00.01.0000,01KTXNA2ZSB8D373FMESMA3XT5,63474911,2026,E-Katalog 6.0,APBD,YULIANTI,E-Purchasing,Jasa Lainnya,Belanja Jasa Tenaga Juru Masak,ON PROCESS,2600000,2600000
KOTA KOTAMOBAGU,BADAN KEPEGAWAIAN PENDIDIKAN DAN PELATIHAN - 5.03.5.04.0.00.01.0000,01KRDF1M3DSXPJX0THZR1D2EQH,63447936,2026,E-Katalog 6.0,APBD,IRMA ASTUTI KOROMPOT,E-Purchasing,Barang,Belanja Bahan-Bahan Lainnya,ON PROCESS,365856,365856
KOTA KOTAMOBAGU,DINAS PENDIDIKAN - 1.01.0.00.0.00.01.0000,01KT35YJCB5EXP8J6F1V6VWF01,65263736,2026,E-Katalog 6.0,APBD,BUNGAS AUTO MOTOR,E-Purchasing,Jasa Lainnya,Belanja Pemeliharaan Alat Angkutan-Alat Angkutan Darat Bermotor-Kendaraan Dinas Bermotor Perorangan (Kendaraan Dinas Operasional atau Lapangan),ON PROCESS,7348200,7348200
KOTA KOTAMOBAGU,DINAS PEKERJAAN UMUM DAN PENATAAN RUANG - 1.03.0.00.0.00.01.0000,01KWXE6FY3SJ1RM9WB3NRNV98T,62873812,2026,E-Katalog 6.0,APBD,ARIZKI IMRAN AMON,E-Purchasing,Jasa Lainnya,Belanja Jasa Tenaga Penanganan Prasarana dan Sarana Umum,ON PROCESS,9000000,9000000
KOTA KOTAMOBAGU,DINAS KOMUNIKASI DAN INFORMATIKA - 2.16.2.20.2.21.01.0000,01KVCCG0N8T41E1DYJ2S6M87VK,62874058,2026,E-Katalog 6.0,APBD,RANST SULAWESI JAYA,E-Purchasing,Jasa Lainnya,"Belanja Jasa Iklan/Reklame, Film, dan Pemotretan",ON PROCESS,2000000,2000000
KOTA KOTAMOBAGU,DINAS KOMUNIKASI DAN INFORMATIKA - 2.16.2.20.2.21.01.0000,01KVCVZDWKYHTZJADWG9T2TN8D,62874058,2026,E-Katalog 6.0,APBD,SAHABAT SULAWESI ONLINE,E-Purchasing,Jasa Lainnya,"Belanja Jasa Iklan/Reklame, Film, dan Pemotretan",ON PROCESS,4995000,4995000
KOTA KOTAMOBAGU,DINAS PENANAMAN MODAL DAN PELAYANAN TERPADU SATU PINTU - 2.18.0.00.0.00.01.0000,01KTN1NHHXPQXD5BXG2HD5EV5R,64602111,2026,E-Katalog 6.0,APBD,HERRY PONDAAG,E-Purchasing,Barang,Belanja alat/bahan untuk kegiatan kantor- Bahan Komputer,ON PROCESS,1609944,1609944
KOTA KOTAMOBAGU,DINAS LINGKUNGAN HIDUP - 2.11.0.00.0.00.01.0000,01KPN2YKK6P72ESCZJ5KMQEXRA,66203704,2026,E-Katalog 6.0,APBD,BUNGAS AUTO MOTOR,E-Purchasing,Jasa Lainnya,Belanja Pemeliharaan Alat Angkutan - Alat Angkutan Darat Bermotor - Kendaraan Dinas Bermotor Perorangan,ON PROCESS,2086800,2086800
KOTA KOTAMOBAGU,BAGIAN UMUM - 4.01.0.00.0.00.01.0001,01KR04SCKKM0NQ7ZBK0TNBJ6A7,64491551,2026,E-Katalog 6.0,APBD,HERRY PONDAAG,E-Purchasing,Barang,Belanja Obat-Obatan-Obat-Obatan Lainnya,ON PROCESS,472494,472494
KOTA KOTAMOBAGU,SEKRETARIAT DAERAH - 4.01.0.00.0.00.01.0000,01KPZJRD6G0H1J1WMQ93J8NMM6,63423831,2026,E-Katalog 6.0,APBD,FIGIH CICILIA MOKOGINTA,E-Purchasing,Barang,Belanja Makanan dan Minuman Rapat,ON PROCESS,980000,980000
KOTA KOTAMOBAGU,DINAS PERHUBUNGAN - 2.15.0.00.0.00.01.0000,01KKARHKND2GKSM3M6V2JTYS0A,64538701,2026,E-Katalog 6.0,APBD,IRMA ASTUTI KOROMPOT,E-Purchasing,Barang,Belanja Alat/Bahan untuk kegiatan Kantor - Bahan Cetak,ON PROCESS,1076700,1076700
KOTA KOTAMOBAGU,DINAS LINGKUNGAN HIDUP - 2.11.0.00.0.00.01.0000,01KN1Q9W3K3F0WMVGZMBXS24EB,64415068,2026,E-Katalog 6.0,APBD,ARCO SAMUDRA PERKASA,E-Purchasing,Jasa Lainnya,Belanja Jasa Tenaga Penanganan Prasarana dan Sarana Umum,ON PROCESS,45728425,45728425
KOTA KOTAMOBAGU,DINAS KEPENDUDUKAN DAN PENCATATAN SIPIL - 2.12.0.00.0.00.01.0000,01KR03VGNMTYSV2569MRYJ37KA,62837504,2026,E-Katalog 6.0,APBD,HERRY PONDAAG,E-Purchasing,Barang,Belanja Alat/Bahan untuk Kegiatan Kantor-Alat Tulis Kantor,ON PROCESS,2074590,2074590
KOTA KOTAMOBAGU,BLUD RSUD KOTAMOBAGU - 1.02.0.00.0.00.01.0001,01KNJV3DNEX2Q4B574K5ES91TA,64159880,2026,E-Katalog 6.0,BLUD,ENDO INDONESIA,E-Purchasing,Barang,Belanja Barang dan Jasa BLUD,ON PROCESS,2139799,2139799
KOTA KOTAMOBAGU,DINAS KOMUNIKASI DAN INFORMATIKA - 2.16.2.20.2.21.01.0000,01KRFZ1SP0CNS7HMS7PTE2HB8S,62874058,2026,E-Katalog 6.0,APBD,GINALUM ZAPATISTA MEDIA,E-Purchasing,Jasa Lainnya,"Belanja Jasa Iklan/Reklame, Film, dan Pemotretan",ON PROCESS,2000000,2000000
KOTA KOTAMOBAGU,DINAS PERHUBUNGAN - 2.15.0.00.0.00.01.0000,01KPPXK7937N6GS5RZMBKM4K56,64521190,2026,E-Katalog 6.0,APBD,IRMA ASTUTI KOROMPOT,E-Purchasing,Barang,Belanja Alat/Bahan untuk kegiatan Kantor - Kertas dan Cover,ON PROCESS,646464,646464
KOTA KOTAMOBAGU,BLUD RSUD KOTAMOBAGU - 1.02.0.00.0.00.01.0001,01KGEJ995C7WVASC5KWVBKSXH4,64159880,2026,E-Katalog 6.0,BLUD,ABADI NUR MEDIKA,E-Purchasing,Barang,Belanja Barang dan Jasa BLUD,ON PROCESS,10000545,10000545
KOTA KOTAMOBAGU,SEKRETARIAT DAERAH - 4.01.0.00.0.00.01.0000,01KQSFG04X4N47BZH65CYS8C2S,63471718,2026,E-Katalog 6.0,APBD,SISWANTO KOROMPOT,E-Purchasing,Jasa Lainnya,Belanja Jasa Tenaga Kebersihan,ON PROCESS,2000000,2000000
KOTA KOTAMOBAGU,SEKRETARIAT DPRD - 4.02.0.00.0.00.01.0000,01KR2G9H5QD7AX2790CW6N9K0E,63395422,2026,E-Katalog 6.0,APBD,TOTABUAN PERS INDONESIA,E-Purchasing,Jasa Lainnya,"Belanja Jasa Iklan/Reklame, Film, dan Pemotretan",ON PROCESS,2000000,2000000
KOTA KOTAMOBAGU,BLUD RSUD KOTAMOBAGU - 1.02.0.00.0.00.01.0001,01KQVHFA7DN9WRA4HPP3YRCNF9,62976479,2026,E-Katalog 6.0,BLUD,RHAVA COMPUTINDO,E-Purchasing,Barang,Belanja Modal Peralatan dan Mesin BLUD,ON PROCESS,11988000,11988000
KOTA KOTAMOBAGU,SEKRETARIAT DPRD - 4.02.0.00.0.00.01.0000,01KJVNQTMSRBQC4AN599XZSFXB,63395422,2026,E-Katalog 6.0,APBD,CATURAH KARYA BERSAMA,E-Purchasing,Jasa Lainnya,"Belanja Jasa Iklan/Reklame, Film, dan Pemotretan",ON PROCESS,1999998,1999998
KOTA KOTAMOBAGU,DINAS PEMBERDAYAAN MASYARAKAT DAN DESA - 2.13.0.00.0.00.01.0000,01KQ9FP31MWV7VJQ57V98PJRBH,64547192,2026,E-Katalog 6.0,APBD,DWI FEBRIANA PAPUTUNGAN,E-Purchasing,Jasa Lainnya,Belanja Makanan dan Minuman Rapat,ON PROCESS,3500000,3500000
KOTA KOTAMOBAGU,SATUAN POLISI PAMONG PRAJA - 1.05.0.00.0.00.01.0000,01KNNG1XFNWNA54QXEVZJBV1FS,64228729,2026,E-Katalog 6.0,APBD,CYNTHIA PRATIWI SUGEHA,E-Purchasing,Jasa Lainnya,Belanja Makanan dan Minuman Aktivitas Lapangan ,ON PROCESS,1621500,1621500
KOTA KOTAMOBAGU,SATUAN POLISI PAMONG PRAJA - 1.05.0.00.0.00.01.0000,01KKAR9MCXF726B8RF86N42N1T,66125914,2026,E-Katalog 6.0,APBD,U.D. TOTABUAN CITAWAYA,E-Purchasing,Jasa Lainnya,Belanja Pemeliharaan Alat Angkutan-Alat Angkutan Darat Bermotor-Kendaraan Dinas Bermotor Perorangan,ON PROCESS,1201020,1201020
KOTA KOTAMOBAGU,SEKRETARIAT DPRD - 4.02.0.00.0.00.01.0000,01KT94HF3H3T4G0VVFCYB84KFS,63395422,2026,E-Katalog 6.0,APBD,BIOVIO MEDIA INDONESIA,E-Purchasing,Jasa Lainnya,"Belanja Jasa Iklan/Reklame, Film, dan Pemotretan",ON PROCESS,2000000,2000000
KOTA KOTAMOBAGU,DINAS KOMUNIKASI DAN INFORMATIKA - 2.16.2.20.2.21.01.0000,01KHZG74BAGCSFAH17GGEVR3CN,62874058,2026,E-Katalog 6.0,APBD,MEDIA BOGANI PERSADA,E-Purchasing,Jasa Lainnya,"Belanja Jasa Iklan/Reklame, Film, dan Pemotretan",ON PROCESS,2000000,2000000
KOTA KOTAMOBAGU,BADAN PENGELOLA KEUANGAN DAERAH - 5.02.0.00.0.00.01.0000,01KSGKRBCFFXTS1DGXZCTFX98R,63113428,2026,E-Katalog 6.0,APBD,IRMA ASTUTI KOROMPOT,E-Purchasing,Barang,Belanja Alat/Bahan untuk Kegiatan Kantor-Bahan Komputer,ON PROCESS,1753245,1753245
KOTA KOTAMOBAGU,DINAS KOMUNIKASI DAN INFORMATIKA - 2.16.2.20.2.21.01.0000,01KWE3BYMCWXHD78KEBQC0NBKP,62874058,2026,E-Katalog 6.0,APBD,MEDIA BOGANI PERSADA,E-Purchasing,Jasa Lainnya,"Belanja Jasa Iklan/Reklame, Film, dan Pemotretan",ON PROCESS,2000000,2000000
KOTA KOTAMOBAGU,BLUD RSUD KOTAMOBAGU - 1.02.0.00.0.00.01.0001,01KRV07HJYG0A1KTVFDVD9W4XR,64159880,2026,E-Katalog 6.0,BLUD,HARSEN LABORATORIES,E-Purchasing,Barang,Belanja Barang dan Jasa BLUD,ON PROCESS,42490800,0
KOTA KOTAMOBAGU,SEKRETARIAT DAERAH - 4.01.0.00.0.00.01.0000,01KTXTNZ80B8TP9BRBQZC9XYM3,63474266,2026,E-Katalog 6.0,APBD,AHMAD AFFANDI MAKALALAG,E-Purchasing,Jasa Lainnya,Belanja Jasa Tenaga Supir,ON PROCESS,4000000,4000000
KOTA KOTAMOBAGU,SEKRETARIAT DAERAH - 4.01.0.00.0.00.01.0000,01KQV83PS7P990DAFP3VMQVGW0,63469981,2026,E-Katalog 6.0,APBD,RASSYA SITI HAJAR MONOARFA,E-Purchasing,Jasa Lainnya,Belanja Jasa Tenaga Pelayanan Umum,ON PROCESS,2000000,2000000
KOTA KOTAMOBAGU,BLUD RSUD KOTAMOBAGU - 1.02.0.00.0.00.01.0001,01KMHP2WJNN2BR9YQ367BDG0KH,64159880,2026,E-Katalog 6.0,BLUD,FERRON PAR PHARMACEUTICALS,E-Purchasing,Barang,Belanja Barang dan Jasa BLUD,ON PROCESS,5850033,5850033
KOTA KOTAMOBAGU,BADAN KEPEGAWAIAN PENDIDIKAN DAN PELATIHAN - 5.03.5.04.0.00.01.0000,01KJA1JZW6F3217W3NAMEBAZTE,63415367,2026,E-Katalog 6.0,APBD,IRMA ASTUTI KOROMPOT,E-Purchasing,Barang,Belanja Bahan-Bahan Lainnya,ON PROCESS,313187,313187
KOTA KOTAMOBAGU,DINAS KOMUNIKASI DAN INFORMATIKA - 2.16.2.20.2.21.01.0000,01KVCXMSA42WB6WZK0GNMYHDFQ,62874058,2026,E-Katalog 6.0,APBD,MEDIA TEROPONG PUBLIK,E-Purchasing,Jasa Lainnya,"Belanja Jasa Iklan/Reklame, Film, dan Pemotretan",ON PROCESS,2000000,2000000
KOTA KOTAMOBAGU,DINAS PENDIDIKAN - 1.01.0.00.0.00.01.0000,01KKFRAGP6TAH29MP8EW0BYW4B,65263276,2026,E-Katalog 6.0,APBD,JAYA ARTHA,E-Purchasing,Barang,Belanja Alat/Bahan untuk Kegiatan Kantor-Alat Tulis Kantor ( Belanja ATK Sekretariat),ON PROCESS,5887995,5887995
KOTA KOTAMOBAGU,PUSKESMAS MOTOBOI KECIL - 1.02.0.00.0.00.01.0003,01KH5B202C9KHVVCBXD7AX83R0,63508326,2026,E-Katalog 6.0,APBD,FIGIH CICILIA MOKOGINTA,E-Purchasing,Barang,Belanja Makanan dan Minuman Rapat ( Kapitasi/JKN ),ON PROCESS,2760000,2760000
KOTA KOTAMOBAGU,DINAS KESEHATAN - 1.02.0.00.0.00.01.0000,01KS6MMJXCTZ2H646EZ0T7ZM8G,65547100,2026,E-Katalog 6.0,APBD,YUDHI KADHIKA,E-Purchasing,Barang,Belanja Alat/Bahan untuk Kegiatan Kantor- Bahan Cetak,ON PROCESS,3996000,3996000
KOTA KOTAMOBAGU,UPTD INSTALASI FARMASI - 1.02.0.00.0.00.01.0002,01KJSVWVF1ZQC94KEMH5Q4T8D8,63482000,2026,E-Katalog 6.0,APBD,BERNOFARM,E-Purchasing,Barang,Belanja Obat-Obatan-Obat,ON PROCESS,51585940,51585940
KOTA KOTAMOBAGU,DINAS KOMUNIKASI DAN INFORMATIKA - 2.16.2.20.2.21.01.0000,01KWBHBKAJV74ANRRWEHM25CHC,62857644,2026,E-Katalog 6.0,APBD,DIGITAL SANDI INFORMASI,E-Purchasing,Jasa Lainnya,Belanja Kawat/Faksimili/Internet/TV Berlangganan,ON PROCESS,16095000,16095000
KOTA KOTAMOBAGU,DINAS KOMUNIKASI DAN INFORMATIKA - 2.16.2.20.2.21.01.0000,01KHZSAS2BKEXEZTBDV66Y47VK,62874058,2026,E-Katalog 6.0,APBD,MDH NEWS24 MULTIMEDIA,E-Purchasing,Jasa Lainnya,"Belanja Jasa Iklan/Reklame, Film, dan Pemotretan",ON PROCESS,1998000,1998000
KOTA KOTAMOBAGU,BLUD RSUD KOTAMOBAGU - 1.02.0.00.0.00.01.0001,01KQ41V97BYPP1XZ1WZKJS4NKH,64159880,2026,E-Katalog 6.0,BLUD,TIGA BINTANG,E-Purchasing,Barang,Belanja Barang dan Jasa BLUD,ON PROCESS,4100029,4100029
KOTA KOTAMOBAGU,DINAS PERHUBUNGAN - 2.15.0.00.0.00.01.0000,01KPQEJ1PVGCFB9H0Y1HC22NTC,64562071,2026,E-Katalog 6.0,APBD,IRMA ASTUTI KOROMPOT,E-Purchasing,Barang,Belanja Alat/Bahan untuk kegiatan Kantor - Bahan Komputer,ON PROCESS,479520,479520
KOTA KOTAMOBAGU,DINAS PEKERJAAN UMUM DAN PENATAAN RUANG - 1.03.0.00.0.00.01.0000,01KK174KW215W7RV08Z1KF7AZ9,63004979,2026,E-Katalog 6.0,APBD,LA ROSE,E-Purchasing,Barang,Belanja Alat/Bahan untuk Kegiatan Kantor- Kertas dan Cover,ON PROCESS,1359750,1359750
KOTA KOTAMOBAGU,DINAS KOMUNIKASI DAN INFORMATIKA - 2.16.2.20.2.21.01.0000,01KWGJ5HA4DQXWBPR6KQ723DWV,62874058,2026,E-Katalog 6.0,APBD,NUSANTARA JAYA PERS,E-Purchasing,Jasa Lainnya,"Belanja Jasa Iklan/Reklame, Film, dan Pemotretan",ON PROCESS,1998000,1998000
KOTA KOTAMOBAGU,BLUD RSUD KOTAMOBAGU - 1.02.0.00.0.00.01.0001,01KKP7NPJGWACV2DVKAGTGEEZ1,64159880,2026,E-Katalog 6.0,BLUD,GERBANG MITRA SEHATI,E-Purchasing,Barang,Belanja Barang dan Jasa BLUD,ON PROCESS,69040291,69040291
KOTA KOTAMOBAGU,DINAS PERUMAHAN RAKYAT DAN KAWASAN PERMUKIMAN - 1.04.2.10.0.00.01.0000,01KH8FSQC1J6MB1FRT1VB5HCAV,64632593,2026,E-Katalog 6.0,APBD,PRAJA UTAMA PASAMBUNA,E-Purchasing,Jasa Lainnya,Belanja Jasa Tenaga Keamanan,ON PROCESS,8000000,8000000
KOTA KOTAMOBAGU,DINAS PERUMAHAN RAKYAT DAN KAWASAN PERMUKIMAN - 1.04.2.10.0.00.01.0000,01KH8FFENZ261ZNPSCY3QEGB7T,64633722,2026,E-Katalog 6.0,APBD,PRIYO PITOYO,E-Purchasing,Jasa Lainnya,Belanja Jasa Tenaga Teknisi Mekanik dan Listrik,ON PROCESS,8800000,8800000
KOTA KOTAMOBAGU,SEKRETARIAT DAERAH - 4.01.0.00.0.00.01.0000,01KTXCC5ZM7NZNQMHYW1EHCYG1,63469981,2026,E-Katalog 6.0,APBD,TRIANA KOROMPOT,E-Purchasing,Jasa Lainnya,Belanja Jasa Tenaga Pelayanan Umum,ON PROCESS,2000000,2000000
KOTA KOTAMOBAGU,SEKRETARIAT DAERAH - 4.01.0.00.0.00.01.0000,01KJPPWCZRMYG8W1DJ317ZA2JM,63471718,2026,E-Katalog 6.0,APBD,HASMA BONDE,E-Purchasing,Jasa Lainnya,Belanja Jasa Tenaga Kebersihan,ON PROCESS,1000000,1000000
KOTA KOTAMOBAGU,PUSKESMAS MOTOBOI KECIL - 1.02.0.00.0.00.01.0003,01KRACEP1QJ7X6K1DKXT5CYDH0,63505392,2026,E-Katalog 6.0,APBD,JAYA ARTHA,E-Purchasing,Barang,Belanja Alat/Bahan untuk Kegiatan Kantor - Alat Listrik (Kapitasi JKN),ON PROCESS,8624855,8624855
KOTA KOTAMOBAGU,DINAS PENDIDIKAN - 1.01.0.00.0.00.01.0000,01KTBMPZAV85R96FWF55YP9JED,65198281,2026,E-Katalog 6.0,APBD,YUNIARNI,E-Purchasing,Barang,Belanja Makanan dan Minuman pada Fasilitas Pelayanan Urusan Pendidikan (Sekertariat),ON PROCESS,990000,990000
KOTA KOTAMOBAGU,DINAS KEPENDUDUKAN DAN PENCATATAN SIPIL - 2.12.0.00.0.00.01.0000,01KV9K4ZBB1D2W9XTJNXPVWRJQ,62923416,2026,E-Katalog 6.0,APBD,HERRY PONDAAG,E-Purchasing,Barang,Belanja Alat/Bahan untuk Kegiatan Kantor-Bahan Komputer,ON PROCESS,4025970,4025970
KOTA KOTAMOBAGU,DINAS KOMUNIKASI DAN INFORMATIKA - 2.16.2.20.2.21.01.0000,01KHZPY46B0Q7B9HQW0T2ZBV8S,62874058,2026,E-Katalog 6.0,APBD,INFO TOTABUAN SAFA EYATO,E-Purchasing,Jasa Lainnya,"Belanja Jasa Iklan/Reklame, Film, dan Pemotretan",ON PROCESS,4995000,4995000
KOTA KOTAMOBAGU,DINAS PERTANIAN DAN PERIKANAN - 3.27.3.25.0.00.01.0000,01KPQ5F1G55MFR3G2DXCFKHQ6R,62833781,2026,E-Katalog 6.0,APBD,YUNIARNI,E-Purchasing,Barang,Belanja Makanan dan Minuman Rapat,ON PROCESS,3430000,3430000
KOTA KOTAMOBAGU,DINAS KOMUNIKASI DAN INFORMATIKA - 2.16.2.20.2.21.01.0000,01KKZD2GHFMZSDZR0JBVWRRGY7,62874058,2026,E-Katalog 6.0,APBD,ALKANA MULTIMEDIA ADVERTISING,E-Purchasing,Jasa Lainnya,"Belanja Jasa Iklan/Reklame, Film, dan Pemotretan",ON PROCESS,999000,999000
KOTA KOTAMOBAGU,SEKRETARIAT DAERAH - 4.01.0.00.0.00.01.0000,01KJRN5T4D8YV3C21HRJH26BB6,63474911,2026,E-Katalog 6.0,APBD,NOVITA SARI MOKODONGAN,E-Purchasing,Jasa Lainnya,Belanja Jasa Tenaga Juru Masak,ON PROCESS,2600000,2600000
KOTA KOTAMOBAGU,DINAS KOMUNIKASI DAN INFORMATIKA - 2.16.2.20.2.21.01.0000,01KPA07Y64EMZNARF0BY2X2G8V,62874058,2026,E-Katalog 6.0,APBD,MEDIA MONGONDOW SULAWESI,E-Purchasing,Jasa Lainnya,"Belanja Jasa Iklan/Reklame, Film, dan Pemotretan",ON PROCESS,2000000,2000000
KOTA KOTAMOBAGU,BLUD RSUD KOTAMOBAGU - 1.02.0.00.0.00.01.0001,01KEZQBF1PZ67BZP233K3XFCJD,62978195,2026,E-Katalog 6.0,BLUD,FRESENIUS MEDICAL CARE INDONESIA,E-Purchasing,Barang,Belanja Barang dan Jasa BLUD,ON PROCESS,314285400,0
KOTA KOTAMOBAGU,BAGIAN PROTOKOL DAN KOMUNIKASI PIMPINAN - 4.01.0.00.0.00.01.0004,01KW90BH3G0F3EVXFT6TWZR6C3,63381513,2026,E-Katalog 6.0,APBD,MOH. RENDYSYAHPUTRA MOKOGINTA,E-Purchasing,Jasa Lainnya,"Belanja Jasa Iklan/ Reklame , Film, dan Pemotretan",ON PROCESS,2400000,2400000
KOTA KOTAMOBAGU,DINAS KOMUNIKASI DAN INFORMATIKA - 2.16.2.20.2.21.01.0000,01KQ97MKFB7HWPJ6W7P5JEZJ3B,62874058,2026,E-Katalog 6.0,APBD,BOLMONG UTAMA PERS,E-Purchasing,Jasa Lainnya,"Belanja Jasa Iklan/Reklame, Film, dan Pemotretan",ON PROCESS,1000000,1000000
KOTA KOTAMOBAGU,DINAS KOMUNIKASI DAN INFORMATIKA - 2.16.2.20.2.21.01.0000,01KWE56MK719CXC7NR8VPB6770,62874058,2026,E-Katalog 6.0,APBD,MEGATAMA JAYA PRESS,E-Purchasing,Jasa Lainnya,"Belanja Jasa Iklan/Reklame, Film, dan Pemotretan",ON PROCESS,1998000,1998000
KOTA KOTAMOBAGU,BADAN PENGELOLA KEUANGAN DAERAH - 5.02.0.00.0.00.01.0000,01KJVTJTVD2EE3A2F6JADK1YXQ,63081779,2026,E-Katalog 6.0,APBD,IRMA ASTUTI KOROMPOT,E-Purchasing,Barang,Belanja Alat/Bahan untuk Kegiatan Kantor-Alat Tulis Kantor,ON PROCESS,2090075,2090075
KOTA KOTAMOBAGU,SEKRETARIAT DPRD - 4.02.0.00.0.00.01.0000,01KJXNM4Y1FGHF357SWHY4TSHM,63395422,2026,E-Katalog 6.0,APBD,SHAKA BUMI MEDIA UTAMA,E-Purchasing,Jasa Lainnya,"Belanja Jasa Iklan/Reklame, Film, dan Pemotretan",ON PROCESS,2000000,2000000
KOTA KOTAMOBAGU,DINAS KOMUNIKASI DAN INFORMATIKA - 2.16.2.20.2.21.01.0000,01KK40WG3ABEYDP438V4YAZ4ZN,62874058,2026,E-Katalog 6.0,APBD,SOLUSINDO INTERMEDIA SULAWESI,E-Purchasing,Jasa Lainnya,"Belanja Jasa Iklan/Reklame, Film, dan Pemotretan",ON PROCESS,1998000,1998000
KOTA KOTAMOBAGU,BAGIAN KESEJAHTERAAN RAKYAT - 4.01.0.00.0.00.01.0005,01KTJGY8XCCT09PD2T1G2BCKRE,63450403,2026,E-Katalog 6.0,APBD,IRMA ASTUTI KOROMPOT,E-Purchasing,Barang,Belanja Alat/Bahan untuk Kegiatan Kantor-Alat Tulis Kantor,ON PROCESS,405150,405150
KOTA KOTAMOBAGU,BADAN PENGELOLA KEUANGAN DAERAH - 5.02.0.00.0.00.01.0000,01KJY5Y6A40XQSVEFE77M55Q2P,63113404,2026,E-Katalog 6.0,APBD,KLIFJINO MASSI ,E-Purchasing,Jasa Lainnya,Belanja Alat/Bahan untuk Kegiatan Kantor- Bahan Cetak,ON PROCESS,52654700,52654700
KOTA KOTAMOBAGU,DINAS KOMUNIKASI DAN INFORMATIKA - 2.16.2.20.2.21.01.0000,01KPFVEBEXWY0EKAB8MDKR96K3,62872799,2026,E-Katalog 6.0,APBD,FIRMANSYAH MAMINTIWALO,E-Purchasing,Barang,Belanja Alat/Bahan untuk Kegiatan Kantor- Bahan Cetak,ON PROCESS,2176000,2176000
KOTA KOTAMOBAGU,KECAMATAN KOTAMOBAGU TIMUR - 7.01.0.00.0.00.03.0000,01KS431W4QA7KJV7385H29QPEP,64558256,2026,E-Katalog 6.0,APBD,BUNGAS AUTO MOTOR,E-Purchasing,Jasa Lainnya,Belanja Pemeliharaan ,ON PROCESS,996780,996780
KOTA KOTAMOBAGU,DINAS KEARSIPAN DAN PERPUSTAKAAN - 2.24.2.23.0.00.01.0000,01KTEMC3Q61J2G2KVZHKHA1SQY,66139492,2026,E-Katalog 6.0,APBD,JAYA ARTHA,E-Purchasing,Barang,Belanja Alat/Bahan untuk Kegiatan Kantor-Bahan Komputer,ON PROCESS,532245,532245
KOTA KOTAMOBAGU,BADAN PENGELOLA KEUANGAN DAERAH - 5.02.0.00.0.00.01.0000,01KPSPXJTXHJGJC3BB6CRYAHCC,63011453,2026,E-Katalog 6.0,APBD,IRMA ASTUTI KOROMPOT,E-Purchasing,Jasa Lainnya,Belanja Alat/Bahan untuk Kegiatan Kantor- Bahan Cetak,ON PROCESS,709523,709523
KOTA KOTAMOBAGU,BLUD RSUD KOTAMOBAGU - 1.02.0.00.0.00.01.0001,01KF0C4ANSEXS7G78QHSSZ0ZA3,62978195,2026,E-Katalog 6.0,BLUD,PRIMA SUKSES MAESA,E-Purchasing,Barang,Belanja Barang dan Jasa BLUD,ON PROCESS,99900000,99900000
KOTA KOTAMOBAGU,SEKRETARIAT DAERAH - 4.01.0.00.0.00.01.0000,01KWTYQDP45QX45PJ2B4BD45KH,63425239,2026,E-Katalog 6.0,APBD,CYNTHIA PRATIWI SUGEHA,E-Purchasing,Barang,Belanja Bahan-Bahan Lainnya,ON PROCESS,79701841,79701841
KOTA KOTAMOBAGU,SEKRETARIAT DAERAH - 4.01.0.00.0.00.01.0000,01KGRQSEPHR3NKXDZVDVMYZF4N,63421706,2026,E-Katalog 6.0,APBD,HERRY PONDAAG,E-Purchasing,Barang,Belanja Alat/Bahan untuk Kegiatan Kantor-Alat Tulis Kantor,ON PROCESS,11850138,11850138
KOTA KOTAMOBAGU,BLUD RSUD KOTAMOBAGU - 1.02.0.00.0.00.01.0001,01KHBFCKVP72W1Q4QMPBDWQXX1,64159880,2026,E-Katalog 6.0,BLUD,BRYAN MEDIKAL,E-Purchasing,Barang,Belanja Barang dan Jasa BLUD,ON PROCESS,182778150,0
KOTA KOTAMOBAGU,SEKRETARIAT DPRD - 4.02.0.00.0.00.01.0000,01KRAVAYB7HEERK1XK7BTD0SB6,63164154,2026,E-Katalog 6.0,APBD,UTAD,E-Purchasing,Barang,Belanja Alat/Bahan untuk Kegiatan Kantor- Bahan Cetak,ON PROCESS,7200015,7200015
KOTA KOTAMOBAGU,BLUD RSUD KOTAMOBAGU - 1.02.0.00.0.00.01.0001,01KHRMDFCNYAAQX8HVX4APNJJC,64159880,2026,E-Katalog 6.0,BLUD,PRATAPA NIRMALA,E-Purchasing,Barang,Belanja Barang dan Jasa BLUD,ON PROCESS,34565400,34565400
KOTA KOTAMOBAGU,BADAN KEPEGAWAIAN PENDIDIKAN DAN PELATIHAN - 5.03.5.04.0.00.01.0000,01KRWCCD151PWJT0A273WCVMHX,63412435,2026,E-Katalog 6.0,APBD,IRMA ASTUTI KOROMPOT,E-Purchasing,Barang,Belanja Bahan-Bahan Bangunan dan Konstruksi,ON PROCESS,201465,201465
KOTA KOTAMOBAGU,DINAS KOMUNIKASI DAN INFORMATIKA - 2.16.2.20.2.21.01.0000,01KPAKGY67N0ZHC7J1P4BQWA7W,62874058,2026,E-Katalog 6.0,APBD,FARATAMA KILAS MEDIA,E-Purchasing,Jasa Lainnya,"Belanja Jasa Iklan/Reklame, Film, dan Pemotretan",ON PROCESS,2000000,2000000
KOTA KOTAMOBAGU,DINAS LINGKUNGAN HIDUP - 2.11.0.00.0.00.01.0000,01KW5065QFWE46HV05GEPEA22M,66203704,2026,E-Katalog 6.0,APBD,RIVS,E-Purchasing,Jasa Lainnya,Belanja Pemeliharaan Alat Angkutan - Alat Angkutan Darat Bermotor - Kendaraan Dinas Bermotor Perorangan,ON PROCESS,8325000,8325000
KOTA KOTAMOBAGU,KECAMATAN KOTAMOBAGU TIMUR - 7.01.0.00.0.00.03.0000,01KS42W00RQV8PN2HRB4NSE4KF,64558256,2026,E-Katalog 6.0,APBD,BUNGAS AUTO MOTOR,E-Purchasing,Jasa Lainnya,Belanja Pemeliharaan ,ON PROCESS,7562430,7562430
KOTA KOTAMOBAGU,DINAS KEPENDUDUKAN DAN PENCATATAN SIPIL - 2.12.0.00.0.00.01.0000,01KVYPPBR7D7CJBD7EAZN5BM44,62915003,2026,E-Katalog 6.0,APBD,REZA MITRA ABADI,E-Purchasing,Barang,Belanja Makanan dan Minuman Jamuan Tamu,ON PROCESS,2725000,2725000
KOTA KOTAMOBAGU,SEKRETARIAT DAERAH - 4.01.0.00.0.00.01.0000,01KTXND62SVCWQX40A0VHWJ6G9,63474911,2026,E-Katalog 6.0,APBD,NOVITA SARI MOKODONGAN,E-Purchasing,Jasa Lainnya,Belanja Jasa Tenaga Juru Masak,ON PROCESS,2600000,2600000
KOTA KOTAMOBAGU,DINAS KOMUNIKASI DAN INFORMATIKA - 2.16.2.20.2.21.01.0000,01KP9VNPADQW0X3T6X1K9SHDXH,62874058,2026,E-Katalog 6.0,APBD,MEDIA MARHAEN JAYA,E-Purchasing,Jasa Lainnya,"Belanja Jasa Iklan/Reklame, Film, dan Pemotretan",ON PROCESS,2000000,2000000
KOTA KOTAMOBAGU,BLUD RSUD KOTAMOBAGU - 1.02.0.00.0.00.01.0001,01KG70JXQGSPFDT9SVG8M7106E,64159880,2026,E-Katalog 6.0,BLUD,AOMA PRIMA MEDIKA,E-Purchasing,Barang,Belanja Barang dan Jasa BLUD,ON PROCESS,99844500,99844500
KOTA KOTAMOBAGU,BADAN PERENCANAAN PENELITIAN DAN PENGEMBANGAN DAERAH - 5.01.5.05.0.00.01.0000,01KV9Q0MN7PAP9HDGZRJNHK5MW,62551709,2026,E-Katalog 6.0,APBD,HERRY PONDAAG,E-Purchasing,Barang,Belanja Alat/Bahan untuk Kegiatan Kantor-Alat /Bahan untuk Kegiatan Kantor Lainnya,ON PROCESS,1457985,1457985
KOTA KOTAMOBAGU,BADAN PENGELOLA KEUANGAN DAERAH - 5.02.0.00.0.00.01.0000,01KJSJRCPPVMPMBXRM4PTXY80T,63113206,2026,E-Katalog 6.0,APBD,IRMA ASTUTI KOROMPOT,E-Purchasing,Barang,Belanja Alat/Bahan untuk Kegiatan Kantor- Kertas dan Cover,ON PROCESS,1343078,1343078
KOTA KOTAMOBAGU,BADAN PERENCANAAN PENELITIAN DAN PENGEMBANGAN DAERAH - 5.01.5.05.0.00.01.0000,01KPSJCJCHB20CJZ4N9QCZF3ZA,62552142,2026,E-Katalog 6.0,APBD,HERRY PONDAAG,E-Purchasing,Barang,Belanja Alat/Bahan untuk Kegiatan Kantor-Bahan Komputer,ON PROCESS,1030080,1030080
KOTA KOTAMOBAGU,DINAS KOMUNIKASI DAN INFORMATIKA - 2.16.2.20.2.21.01.0000,01KP9W805MGXGS5AP4P4RJVQAZ,62874058,2026,E-Katalog 6.0,APBD,MEDIA BOGANI PERSADA,E-Purchasing,Jasa Lainnya,"Belanja Jasa Iklan/Reklame, Film, dan Pemotretan",ON PROCESS,2000000,2000000
KOTA KOTAMOBAGU,PUSKESMAS UPAI - 1.02.0.00.0.00.01.0007,01KJRTCVRZTFM25X4TN5GWNYQB,62849821,2026,E-Katalog 6.0,APBD,MINPUT,E-Purchasing,Barang,Belanja Barang dan Jasa BOK Puskesmas,ON PROCESS,840000,840000
KOTA KOTAMOBAGU,DINAS KOMUNIKASI DAN INFORMATIKA - 2.16.2.20.2.21.01.0000,01KPAH5D99QTSYEWG5XJC1EYK8,62874058,2026,E-Katalog 6.0,APBD,AKTUAL MEDIA GRUP,E-Purchasing,Jasa Lainnya,"Belanja Jasa Iklan/Reklame, Film, dan Pemotretan",ON PROCESS,2000000,2000000
KOTA KOTAMOBAGU,DINAS PEKERJAAN UMUM DAN PENATAAN RUANG - 1.03.0.00.0.00.01.0000,10114025000,63001933,2026,Tender,APBD,CV. DUA PUTRA,Tender,Pekerjaan Konstruksi,Pemeliharaan Rutin Jalan Tersebar Di Kota Kotamobagu,SELESAI,1098536000,1098536000
KOTA KOTAMOBAGU,KECAMATAN KOTAMOBAGU UTARA - 7.01.0.00.0.00.04.0000,01KH2VAYXAV72N4XTG4BZQJYMK,62957505,2026,E-Katalog 6.0,APBD,YUNIARNI,E-Purchasing,Jasa Lainnya,Belanja Makanan dan Minuman Rapat,ON PROCESS,3920000,3920000
KOTA KOTAMOBAGU,SEKRETARIAT DAERAH - 4.01.0.00.0.00.01.0000,01KTJW9RZX0W535F8EGEEWXG1P,63425686,2026,E-Katalog 6.0,APBD,TUODAN JAYA ABADI,E-Purchasing,Barang,Belanja Bahan-Bahan Lainnya,ON PROCESS,66643679,66643679
KOTA KOTAMOBAGU,SEKRETARIAT DAERAH - 4.01.0.00.0.00.01.0000,01KH85J7D3FF63JQAH0DE5J4T7,65314067,2026,E-Katalog 6.0,APBD,CYNTHIA PRATIWI SUGEHA,E-Purchasing,Barang,Belanja Makanan dan Minuman Rapat,ON PROCESS,22000000,22000000
KOTA KOTAMOBAGU,DINAS PEKERJAAN UMUM DAN PENATAAN RUANG - 1.03.0.00.0.00.01.0000,01KGBJP5EBKJ61T2WYM37ZFC8T,64871093,2026,E-Katalog 6.0,APBD,YUNIARNI,E-Purchasing,Jasa Lainnya,Belanja Makanan dan Minuman Rapat,ON PROCESS,12500000,12500000
KOTA KOTAMOBAGU,SEKRETARIAT DPRD - 4.02.0.00.0.00.01.0000,01KNH2QY60KSN4RDCEN93P4MFR,63395422,2026,E-Katalog 6.0,APBD,SULAWESI PRESS UTAMA,E-Purchasing,Jasa Lainnya,"Belanja Jasa Iklan/Reklame, Film, dan Pemotretan",ON PROCESS,2000000,2000000
KOTA KOTAMOBAGU,DINAS KOMUNIKASI DAN INFORMATIKA - 2.16.2.20.2.21.01.0000,01KSHB9CAK7HCFRE4MDND8AWYW,62874058,2026,E-Katalog 6.0,APBD,MEDIA MONGONDOW SULAWESI,E-Purchasing,Jasa Lainnya,"Belanja Jasa Iklan/Reklame, Film, dan Pemotretan",ON PROCESS,1000000,1000000
KOTA KOTAMOBAGU,DINAS KOMUNIKASI DAN INFORMATIKA - 2.16.2.20.2.21.01.0000,01KGE1J7YVEVH7X72GBZVBKMSR,64213931,2026,E-Katalog 6.0,APBD,IMAM MAHADI ANI,E-Purchasing,Jasa Lainnya,Belanja Jasa Tenaga Keamanan,ON PROCESS,1500000,1500000
KOTA KOTAMOBAGU,SEKRETARIAT DAERAH - 4.01.0.00.0.00.01.0000,01KJJ0N9HKPB7MHRB4W33NN2S9,63474266,2026,E-Katalog 6.0,APBD,CRISTIAN ERENS DANIEL SUMANTI,E-Purchasing,Jasa Lainnya,Belanja Jasa Tenaga Supir,ON PROCESS,2000000,2000000
KOTA KOTAMOBAGU,DINAS PERHUBUNGAN - 2.15.0.00.0.00.01.0000,01KWB6ZWJW1923MBYZDCWEE9CX,64538701,2026,E-Katalog 6.0,APBD,IRMA ASTUTI KOROMPOT,E-Purchasing,Barang,Belanja Alat/Bahan untuk kegiatan Kantor - Bahan Cetak,ON PROCESS,1076700,1076700
KOTA KOTAMOBAGU,BAGIAN UMUM - 4.01.0.00.0.00.01.0001,01KJVNZ5363H24HNTEYJ0S12VQ,64509313,2026,E-Katalog 6.0,APBD,RIVS,E-Purchasing,Barang,Belanja Pemeliharaan Alat Angkutan-Alat Angkutan Darat Bermotor-Kendaraan Dinas Bermotor Perorangan,ON PROCESS,5218890,5218890
KOTA KOTAMOBAGU,BAGIAN KESEJAHTERAAN RAKYAT - 4.01.0.00.0.00.01.0005,01KJY2JXJV4NMZ68RQWE8MQ4GP,63450403,2026,E-Katalog 6.0,APBD,IRMA ASTUTI KOROMPOT,E-Purchasing,Barang,Belanja Alat/Bahan untuk Kegiatan Kantor-Alat Tulis Kantor,ON PROCESS,578310,578310
KOTA KOTAMOBAGU,DINAS PENANAMAN MODAL DAN PELAYANAN TERPADU SATU PINTU - 2.18.0.00.0.00.01.0000,01KW92PNQBH93RR8TR6DZCY0WR,67385528,2026,E-Katalog 6.0,APBD,YUNIARNI,E-Purchasing,Barang,Belanja Makanan dan Minuman Rapat ,ON PROCESS,1176000,1176000
KOTA KOTAMOBAGU,BADAN KESATUAN BANGSA DAN POLITIK - 8.01.0.00.0.00.01.0000,01KNGEM8DHDHXS4AG3H2V73421,64390751,2026,E-Katalog 6.0,APBD,RHAVA COMPUTINDO,E-Purchasing,Jasa Lainnya,Belanja Pemeliharaan Komputer-Komputer Unit-Komputer Unit Lainnya,ON PROCESS,3568650,3568650
KOTA KOTAMOBAGU,BLUD RSUD KOTAMOBAGU - 1.02.0.00.0.00.01.0001,01KP3EDJ3AVWRGMVQYEQGH0BQ2,62976479,2026,E-Katalog 6.0,BLUD,SERENITY INDONESIA,E-Purchasing,Barang,Belanja Modal Peralatan dan Mesin BLUD,ON PROCESS,9720002,9720002
KOTA KOTAMOBAGU,BLUD RSUD KOTAMOBAGU - 1.02.0.00.0.00.01.0001,01KSQFHTC0QJ6TKGV0ZPE6E0NC,64159880,2026,E-Katalog 6.0,BLUD,MULTI NIAGA MITRATAMA,E-Purchasing,Barang,Belanja Barang dan Jasa BLUD,ON PROCESS,12413707,12413707
KOTA KOTAMOBAGU,DINAS KEPENDUDUKAN DAN PENCATATAN SIPIL - 2.12.0.00.0.00.01.0000,01KV9KC8CQY5AZF0YV7CJWPED4,62925109,2026,E-Katalog 6.0,APBD,RHAVA COMPUTINDO,E-Purchasing,Barang,Belanja Pemeliharaan Komputer-Komputer Unit-Personal Computer,ON PROCESS,4995000,4995000
KOTA KOTAMOBAGU,PUSKESMAS KOTOBANGON - 1.02.0.00.0.00.01.0005,01KQXWNKGDH8PH0V83800GEWGP,62915885,2026,E-Katalog 6.0,APBD,ARVITA ALVARO MEDIKA,E-Purchasing,Barang,Belanja Bahan-Bahan Lainnya,ON PROCESS,21021100,21021100
KOTA KOTAMOBAGU,DINAS LINGKUNGAN HIDUP - 2.11.0.00.0.00.01.0000,01KN96AMWK3HJKJ3RGPDF3YDSH,66203704,2026,E-Katalog 6.0,APBD,U.D. TOTABUAN CITAWAYA,E-Purchasing,Jasa Lainnya,Belanja Pemeliharaan Alat Angkutan - Alat Angkutan Darat Bermotor - Kendaraan Dinas Bermotor Perorangan,ON PROCESS,14568750,14568750
KOTA KOTAMOBAGU,DINAS PENGENDALIAN PENDUDUK DAN KELUARGA BERENCANA - 2.14.0.00.0.00.01.0000,01KS2312EXEJMD0BC82VA4TAQT,63986288,2026,E-Katalog 6.0,APBD,HERRY PONDAAG,E-Purchasing,Barang,Belanja Alat/Bahan untuk Kegiatan Kantor-Alat Listrik,ON PROCESS,493395,493395
KOTA KOTAMOBAGU,DINAS KOMUNIKASI DAN INFORMATIKA - 2.16.2.20.2.21.01.0000,01KQR9NHWC9Y8KG6TGZ18ACXCM,62859317,2026,E-Katalog 6.0,APBD,INFOTEK GLOBAL NETWORK,E-Purchasing,Jasa Lainnya,Belanja Kawat/Faksimili/Internet/TV Berlangganan,ON PROCESS,44400000,44400000
KOTA KOTAMOBAGU,BADAN PENGELOLA KEUANGAN DAERAH - 5.02.0.00.0.00.01.0000,01KJW01877G9Z9CQNGX8BVP0GQ,63075676,2026,E-Katalog 6.0,APBD,IRMA ASTUTI KOROMPOT,E-Purchasing,Barang,Belanja Alat/Bahan untuk Kegiatan Kantor-Alat Tulis Kantor,ON PROCESS,324176,324176
KOTA KOTAMOBAGU,BAGIAN KESEJAHTERAAN RAKYAT - 4.01.0.00.0.00.01.0005,01KQV2NC5KZCXQCQQZEVEP4GEW,63447559,2026,E-Katalog 6.0,APBD,FIGIH CICILIA MOKOGINTA,E-Purchasing,Jasa Lainnya,Belanja Makanan dan Minuman Aktivitas Lapangan,ON PROCESS,54800000,54800000
KOTA KOTAMOBAGU,DINAS KOMUNIKASI DAN INFORMATIKA - 2.16.2.20.2.21.01.0000,01KWGJR5VC1FCP7G60EQJWKBHT,62874058,2026,E-Katalog 6.0,APBD,FARATAMA KILAS MEDIA,E-Purchasing,Jasa Lainnya,"Belanja Jasa Iklan/Reklame, Film, dan Pemotretan",ON PROCESS,2000000,2000000
KOTA KOTAMOBAGU,SEKRETARIAT DAERAH - 4.01.0.00.0.00.01.0000,01KG6Q838CTMQJPQ1Z2KCHHA5H,63418608,2026,E-Katalog 6.0,APBD,CYNTHIA PRATIWI SUGEHA,E-Purchasing,Barang,Makanan dan Minuman Jamuan Tamu WKDH,ON PROCESS,11000000,11000000
KOTA KOTAMOBAGU,DINAS PEKERJAAN UMUM DAN PENATAAN RUANG - 1.03.0.00.0.00.01.0000,10130669000,62906519,2026,Tender,APBD,CV.ARTHA MAHARDIKA UTAMA,Tender,Pekerjaan Konstruksi,Pembangunan/Rehabilitasi Drainase Pasar 23 Maret,SELESAI,495617076,495617076
KOTA KOTAMOBAGU,UPTD PERLINDUNGAN PEREMPUAN DAN ANAK - 2.08.0.00.0.00.01.0001,01KK8EYXWP386WHV9T513CVE12,65946433,2026,E-Katalog 6.0,APBD,BUNGAS AUTO MOTOR,E-Purchasing,Barang,Belanja Pemeliharaan Alat Angkutan-Alat Angkutan Darat Bermotor-Kendaraan Dinas Bermotor Perorangan,ON PROCESS,377400,377400
KOTA KOTAMOBAGU,DINAS KOMUNIKASI DAN INFORMATIKA - 2.16.2.20.2.21.01.0000,01KRFW5HQX8DKHFT64E9KWR7CG,62874058,2026,E-Katalog 6.0,APBD,SAHABAT NUKILA MULTIMEDIA,E-Purchasing,Jasa Lainnya,"Belanja Jasa Iklan/Reklame, Film, dan Pemotretan",ON PROCESS,2997000,2997000
KOTA KOTAMOBAGU,DINAS PEKERJAAN UMUM DAN PENATAAN RUANG - 1.03.0.00.0.00.01.0000,01KVVS6GDM2RZDXX4D536K05WW,64439453,2026,E-Katalog 6.0,APBD,IRMA ASTUTI KOROMPOT,E-Purchasing,Barang,Belanja Alat/Bahan untuk Kegiatan Kantor-Alat Listrik,ON PROCESS,2310004,2310004
KOTA KOTAMOBAGU,DINAS PENDIDIKAN - 1.01.0.00.0.00.01.0000,01KTRTBNCNTP2V0JC4G5KKMDMT,65263276,2026,E-Katalog 6.0,APBD,HAMRI MOKOAGOW,E-Purchasing,Barang,Belanja Alat/Bahan untuk Kegiatan Kantor-Alat Tulis Kantor ( Belanja ATK Sekretariat),ON PROCESS,6747357,6747357
KOTA KOTAMOBAGU,DINAS KOMUNIKASI DAN INFORMATIKA - 2.16.2.20.2.21.01.0000,01KKD5XC84BJ4S5MJ3A0ESS0JA,63346569,2026,E-Katalog 6.0,APBD,BONNY ABDULRAUF,E-Purchasing,Barang,Belanja Alat/Bahan untuk Kegiatan Kantor-Bahan Komputer,ON PROCESS,893550,893550
KOTA KOTAMOBAGU,BLUD RSUD KOTAMOBAGU - 1.02.0.00.0.00.01.0001,01KPE0V7QGEP6WG1R8MPQWMVFS,64159880,2026,E-Katalog 6.0,BLUD,MEPROFARM,E-Purchasing,Barang,Belanja Barang dan Jasa BLUD,ON PROCESS,5454540,5454540
KOTA KOTAMOBAGU,SEKRETARIAT DAERAH - 4.01.0.00.0.00.01.0000,01KTX9XT0DSWHHDYPK8FWW12GC,63469981,2026,E-Katalog 6.0,APBD,RIFKA AULIA GAIB,E-Purchasing,Jasa Lainnya,Belanja Jasa Tenaga Pelayanan Umum,ON PROCESS,2000000,2000000
KOTA KOTAMOBAGU,BAGIAN KESEJAHTERAAN RAKYAT - 4.01.0.00.0.00.01.0005,01KTJT8MKQMQS7949V6H93S25F,63450828,2026,E-Katalog 6.0,APBD,IRMA ASTUTI KOROMPOT,E-Purchasing,Jasa Lainnya,Belanja Alat/Bahan untuk Kegiatan Kantor-Bahan Cetak,ON PROCESS,3001745,3001745
KOTA KOTAMOBAGU,BAGIAN PROTOKOL DAN KOMUNIKASI PIMPINAN - 4.01.0.00.0.00.01.0004,01KSH67CW79V8GNW16A34SSH64,63381513,2026,E-Katalog 6.0,APBD,MOH. RENDYSYAHPUTRA MOKOGINTA,E-Purchasing,Jasa Lainnya,"Belanja Jasa Iklan/ Reklame , Film, dan Pemotretan",ON PROCESS,2600000,2600000
KOTA KOTAMOBAGU,BLUD RSUD KOTAMOBAGU - 1.02.0.00.0.00.01.0001,10140526000,67197469,2026,Tender,APBD,CV. CITRA MAWAR,Tender,Pekerjaan Konstruksi,Pembangunan Gedung Cytotoxic Drugs Safety Cabinet RSUD Kotamobagu,SELESAI,1124613001,1124613001
KOTA KOTAMOBAGU,DINAS PENGENDALIAN PENDUDUK DAN KELUARGA BERENCANA - 2.14.0.00.0.00.01.0000,01KWE2XD1HJCP76T7H5MJF8TN0,64148177,2026,E-Katalog 6.0,APBD,YUNIARNI,E-Purchasing,Barang,Belanja Makanan dan Minuman Aktivitas Lapangan Sumber Dana : DAK Non Fisik-BOKKB-BOKB,ON PROCESS,17395000,17395000
KOTA KOTAMOBAGU,BADAN PENANGGULANGAN BENCANA DAERAH - 1.05.0.00.0.00.02.0000,10126157000,66844995,2026,Tender,APBD,CV. GEO ART SCIENCE,Seleksi,Jasa Konsultansi Badan Usaha Non Konstruksi,Jasa konsultansi penyusunan rencana penanggulangan bencana kabupaten/kota,SELESAI,285270000,285270000
KOTA KOTAMOBAGU,DINAS KOMUNIKASI DAN INFORMATIKA - 2.16.2.20.2.21.01.0000,01KJ05197EWB52BJX6XPVCPPZN,62874058,2026,E-Katalog 6.0,APBD,SUARA INDO DIGITAL,E-Purchasing,Jasa Lainnya,"Belanja Jasa Iklan/Reklame, Film, dan Pemotretan",ON PROCESS,2997000,2997000
KOTA KOTAMOBAGU,BLUD RSUD KOTAMOBAGU - 1.02.0.00.0.00.01.0001,01KSQH2CK27DK27HAPDRSC6B9M,64159880,2026,E-Katalog 6.0,BLUD,ALIYAH NITA BERKAH MAKMUR,E-Purchasing,Barang,Belanja Barang dan Jasa BLUD,ON PROCESS,11044500,11044500
KOTA KOTAMOBAGU,DINAS KOMUNIKASI DAN INFORMATIKA - 2.16.2.20.2.21.01.0000,01KRG1M8A7PHE1PTZ73YX0FBAM,62874058,2026,E-Katalog 6.0,APBD,QALESYA INFORMASI AKTUAL,E-Purchasing,Jasa Lainnya,"Belanja Jasa Iklan/Reklame, Film, dan Pemotretan",ON PROCESS,2000000,2000000
KOTA KOTAMOBAGU,SEKRETARIAT DAERAH - 4.01.0.00.0.00.01.0000,01KJHWPKHCY9MHS5N4WD29YQAV,63469981,2026,E-Katalog 6.0,APBD,MINARTI MOKOGINTA,E-Purchasing,Jasa Lainnya,Belanja Jasa Tenaga Pelayanan Umum,ON PROCESS,2000000,2000000
KOTA KOTAMOBAGU,DINAS PERHUBUNGAN - 2.15.0.00.0.00.01.0000,01KJVVFJXEE6G8P9929JFC5D3J,64532241,2026,E-Katalog 6.0,APBD,IRMA ASTUTI KOROMPOT,E-Purchasing,Barang,Belanja Alat/Bahan untuk kegiatan Kantor - Kertas dan Cover,ON PROCESS,962037,962037
KOTA KOTAMOBAGU,DINAS PEMBERDAYAAN PEREMPUAN DAN PERLINDUNGAN ANAK - 2.08.0.00.0.00.01.0000,01KWDJHKYT895MWESCXKM3KJ5B,64683543,2026,E-Katalog 6.0,APBD,CYNTHIA PRATIWI SUGEHA,E-Purchasing,Barang,Belanja Makanan dan Minuman Rapat,ON PROCESS,24500000,24500000
KOTA KOTAMOBAGU,BADAN PENGELOLA KEUANGAN DAERAH - 5.02.0.00.0.00.01.0000,01KJYNXS4SX4QYQRCJB4EN99R6,63007758,2026,E-Katalog 6.0,APBD,IRMA ASTUTI KOROMPOT,E-Purchasing,Barang,Belanja Bahan-Bahan Lainnya,ON PROCESS,443556,443556
KOTA KOTAMOBAGU,SEKRETARIAT DAERAH - 4.01.0.00.0.00.01.0000,01KQV8M3CWYSVMJFKTX76BVH2X,63469981,2026,E-Katalog 6.0,APBD,MINARTI MOKOGINTA,E-Purchasing,Jasa Lainnya,Belanja Jasa Tenaga Pelayanan Umum,ON PROCESS,2000000,2000000
KOTA KOTAMOBAGU,DINAS PEMBERDAYAAN MASYARAKAT DAN DESA - 2.13.0.00.0.00.01.0000,01KPWD0A68EDM47VW4DJE3ZQ4A,64545078,2026,E-Katalog 6.0,APBD,HERRY PONDAAG,E-Purchasing,Barang,Belanja Alat/Bahan untuk Kegiatan Kantor -Kertas dan Cover,ON PROCESS,2283825,2283825
KOTA KOTAMOBAGU,DINAS KEPEMUDAAN DAN OLAHRAGA - 2.19.0.00.0.00.01.0000,01KS4QZR6DYEQ6BQRTEC3YRB1K,64978707,2026,E-Katalog 6.0,APBD,HERRY PONDAAG,E-Purchasing,Barang,Belanja Alat/Bahanuntuk Kegiatan Kantor-Alat tulis Kantor,ON PROCESS,1950714,1950714
KOTA KOTAMOBAGU,DINAS KOMUNIKASI DAN INFORMATIKA - 2.16.2.20.2.21.01.0000,01KRG0Q6XDH4JX8KC62B3F4QYR,62874058,2026,E-Katalog 6.0,APBD,MEDIA INDO BOLMONG PRESS,E-Purchasing,Jasa Lainnya,"Belanja Jasa Iklan/Reklame, Film, dan Pemotretan",ON PROCESS,2000000,2000000
KOTA KOTAMOBAGU,PUSKESMAS GOGAGOMAN - 1.02.0.00.0.00.01.0004,01KV9MAZT349VNVX6VZHVBJGCK,63650674,2026,E-Katalog 6.0,APBD,ADIL M. DANIEL,E-Purchasing,Barang,Belanja Alat/Bahan untuk Kegiatan Kantor - Bahan Cetak Puskesmas Gogagoman,ON PROCESS,2497500,2497500
KOTA KOTAMOBAGU,DINAS KOMUNIKASI DAN INFORMATIKA - 2.16.2.20.2.21.01.0000,01KVVGSXBX4ZBWQTQ8DH64J9EY,62874058,2026,E-Katalog 6.0,APBD,RAGAKU MEDIA ISTIMEWA,E-Purchasing,Jasa Lainnya,"Belanja Jasa Iklan/Reklame, Film, dan Pemotretan",ON PROCESS,1000000,1000000
KOTA KOTAMOBAGU,PUSKESMAS KOTOBANGON - 1.02.0.00.0.00.01.0005,01KJ6W00KANAF2373Q1GAA4K8B,64197726,2026,E-Katalog 6.0,APBD,MINPUT,E-Purchasing,Jasa Lainnya,Belanja Makanan dan Minuman Rapat,ON PROCESS,2242500,2242500
KOTA KOTAMOBAGU,BLUD RSUD KOTAMOBAGU - 1.02.0.00.0.00.01.0001,01KMPKH6NCCVKPKBKT0HHD1NYD,64159880,2026,E-Katalog 6.0,BLUD,PRATAPA NIRMALA,E-Purchasing,Barang,Belanja Barang dan Jasa BLUD,ON PROCESS,9140850,9140850
KOTA KOTAMOBAGU,DINAS KOMUNIKASI DAN INFORMATIKA - 2.16.2.20.2.21.01.0000,01KSHBH3R2SE2FQZVVWPW1DHJ9,62874058,2026,E-Katalog 6.0,APBD,ALMIRA MEDIA INDONESIA,E-Purchasing,Jasa Lainnya,"Belanja Jasa Iklan/Reklame, Film, dan Pemotretan",ON PROCESS,999000,999000
KOTA KOTAMOBAGU,DINAS KOMUNIKASI DAN INFORMATIKA - 2.16.2.20.2.21.01.0000,01KRFY2XDM03VZJW8TVG3P1S1W,62874058,2026,E-Katalog 6.0,APBD,MEDIA GHAZALI PERKASA,E-Purchasing,Jasa Lainnya,"Belanja Jasa Iklan/Reklame, Film, dan Pemotretan",ON PROCESS,2000000,2000000
KOTA KOTAMOBAGU,SEKRETARIAT DAERAH - 4.01.0.00.0.00.01.0000,01KQVC28APPQ0NW6CTPBAYA6NM,63474266,2026,E-Katalog 6.0,APBD,WAWAN MUTU,E-Purchasing,Jasa Lainnya,Belanja Jasa Tenaga Supir,ON PROCESS,4000000,4000000
KOTA KOTAMOBAGU,SEKRETARIAT DAERAH - 4.01.0.00.0.00.01.0000,01KTXVZZBTK2XQ13Z8465KXHVP,63474266,2026,E-Katalog 6.0,APBD,RAHMAT DJAEFRI ADATI,E-Purchasing,Jasa Lainnya,Belanja Jasa Tenaga Supir,ON PROCESS,2000000,2000000
KOTA KOTAMOBAGU,DINAS PEMBERDAYAAN MASYARAKAT DAN DESA - 2.13.0.00.0.00.01.0000,01KSEGR1GBKPSW2TWV49YPS57Q,64547192,2026,E-Katalog 6.0,APBD,DWI FEBRIANA PAPUTUNGAN,E-Purchasing,Jasa Lainnya,Belanja Makanan dan Minuman Rapat,ON PROCESS,1270000,1270000
KOTA KOTAMOBAGU,BAGIAN UMUM - 4.01.0.00.0.00.01.0001,01KJVQDS1CWB7P608G4VXGQ41V,64656020,2026,E-Katalog 6.0,APBD,RIVS,E-Purchasing,Jasa Lainnya,Belanja Pemeliharaan Alat Angkutan-Alat Angkutan Darat Bermotor-Kendaraan Dinas Bermotor Perorangan,ON PROCESS,2551890,2551890
KOTA KOTAMOBAGU,KECAMATAN KOTAMOBAGU UTARA - 7.01.0.00.0.00.04.0000,01KHQFQJS4ESER8H4963WHPC05,62955672,2026,E-Katalog 6.0,APBD,BUNGAS AUTO MOTOR,E-Purchasing,Jasa Lainnya,Belanja Pemeliharaan Alat Angkutan-Alat Angkutan Darat Bermotor-Kendaraan Dinas Bermotor Perorangan,ON PROCESS,4505000,4505000
KOTA KOTAMOBAGU,"DINAS PERDAGANGAN, KOPERASI, USAHA KECIL DAN MENENGAH - 3.30.2.17.0.00.01.0000",01KRD4MJG24MEVBF0MPV5Q20WT,65287822,2026,E-Katalog 6.0,APBD,IRMA ASTUTI KOROMPOT,E-Purchasing,Barang,Belanja Alat/Bahan untuk Kegiatan Kantor-Alat Tulis Kantor,ON PROCESS,305250,305250
KOTA KOTAMOBAGU,DINAS KEPENDUDUKAN DAN PENCATATAN SIPIL - 2.12.0.00.0.00.01.0000,01KJNYZXPDFSYNGKJBA9A5VG2R,62923001,2026,E-Katalog 6.0,APBD,HERRY PONDAAG,E-Purchasing,Barang,Belanja Alat/Bahan untuk Kegiatan Kantor- Kertas dan Cover,ON PROCESS,2234430,2234430
KOTA KOTAMOBAGU,DINAS PERTANIAN DAN PERIKANAN - 3.27.3.25.0.00.01.0000,01KPQ4G4TDGRJ207MMFD0AX2MZ,62863831,2026,E-Katalog 6.0,APBD,HERRY PONDAAG,E-Purchasing,Barang," Belanja Alat/Bahan untuk Kegiatan Kantor- Kertas dan Cover",ON PROCESS,721944,721944
KOTA KOTAMOBAGU,SEKRETARIAT DPRD - 4.02.0.00.0.00.01.0000,01KPQ4HKHXJRAYK3ZMZQNAMJQ9,63395422,2026,E-Katalog 6.0,APBD,PILAR AKTUAL MEDIA,E-Purchasing,Jasa Lainnya,"Belanja Jasa Iklan/Reklame, Film, dan Pemotretan",ON PROCESS,2000000,2000000
KOTA KOTAMOBAGU,DINAS PERINDUSTRIAN DAN TENAGA KERJA - 3.31.2.07.0.00.01.0000,01KRCXD3M1RTD6SN8M12HWHMWC,65353044,2026,E-Katalog 6.0,APBD,RHAVA COMPUTINDO,E-Purchasing,Jasa Lainnya,Belanja Pemeliharaan Komputer-Komputer Unit-Komputer Unit Lainnya,ON PROCESS,2843043,2843043
KOTA KOTAMOBAGU,DINAS KEPENDUDUKAN DAN PENCATATAN SIPIL - 2.12.0.00.0.00.01.0000,01KWXGHS3F3X7WW1YYB4RCS32D,62838008,2026,E-Katalog 6.0,APBD,RHAVA COMPUTINDO,E-Purchasing,Barang,Belanja Alat/Bahan untuk Kegiatan Kantor-Bahan Komputer,ON PROCESS,1948050,1948050
KOTA KOTAMOBAGU,BAGIAN KESEJAHTERAAN RAKYAT - 4.01.0.00.0.00.01.0005,01KWJMTZQY7BQANCCCKSZ59H3W,63447559,2026,E-Katalog 6.0,APBD,AFIANDI HUSAIN,E-Purchasing,Jasa Lainnya,Belanja Makanan dan Minuman Aktivitas Lapangan,ON PROCESS,29400000,29400000
KOTA KOTAMOBAGU,DINAS KOMUNIKASI DAN INFORMATIKA - 2.16.2.20.2.21.01.0000,01KVCBY4ZJDGM6JA7DVJ28FDQ3,62874058,2026,E-Katalog 6.0,APBD,MEDIONET TOTABUAN NUSANTARA,E-Purchasing,Jasa Lainnya,"Belanja Jasa Iklan/Reklame, Film, dan Pemotretan",ON PROCESS,1998000,1998000
KOTA KOTAMOBAGU,BADAN PENGELOLA KEUANGAN DAERAH - 5.02.0.00.0.00.01.0000,01KSE05AKNP5XMEXPG9ENG95FH,63008831,2026,E-Katalog 6.0,APBD,IRMA ASTUTI KOROMPOT,E-Purchasing,Barang,Belanja Alat/Bahan untuk Kegiatan Kantor-Alat/Bahan untuk Kegiatan Kantor Lainnya,ON PROCESS,515373,515373
KOTA KOTAMOBAGU,DINAS PENDIDIKAN - 1.01.0.00.0.00.01.0000,01KTRTQZ29PR44XPJ1SEW8AYSF,65263229,2026,E-Katalog 6.0,APBD,HAMRI MOKOAGOW,E-Purchasing,Barang,Belanja Bahan-Bahan Lainnya (Belanja Rumah Tangga),ON PROCESS,134865,134865
KOTA KOTAMOBAGU,DINAS KOMUNIKASI DAN INFORMATIKA - 2.16.2.20.2.21.01.0000,01KHZK01HNQNPKSN210P5ZNBDX,62874058,2026,E-Katalog 6.0,APBD,KARUNIA MEDIA KREATIF,E-Purchasing,Jasa Lainnya,"Belanja Jasa Iklan/Reklame, Film, dan Pemotretan",ON PROCESS,3996000,3996000
KOTA KOTAMOBAGU,DINAS PEKERJAAN UMUM DAN PENATAAN RUANG - 1.03.0.00.0.00.01.0000,01KEZGPFAQ7J6FBE553V658YVY,62873812,2026,E-Katalog 6.0,APBD,RISKI TAMPI,E-Purchasing,Jasa Lainnya,Belanja Jasa Tenaga Penanganan Prasarana dan Sarana Umum,ON PROCESS,9000000,9000000
KOTA KOTAMOBAGU,BADAN PENGELOLA KEUANGAN DAERAH - 5.02.0.00.0.00.01.0000,01KKDQXVRZG8GS7BQ5FRBQGNJ9,65823769,2026,E-Katalog 6.0,APBD,RIVS,E-Purchasing,Jasa Lainnya,Belanja Pemeliharaan Alat Angkutan-Alat Angkutan Darat Bermotor-Kendaraan Dinas Bermotor Perorangan,ON PROCESS,939060,939060
KOTA KOTAMOBAGU,DINAS KOMUNIKASI DAN INFORMATIKA - 2.16.2.20.2.21.01.0000,01KS41DH7EFNTGJWQ14GA0P7GS,62874058,2026,E-Katalog 6.0,APBD,SINAR AKSARA INDOMEDIA,E-Purchasing,Jasa Lainnya,"Belanja Jasa Iklan/Reklame, Film, dan Pemotretan",ON PROCESS,1998000,1998000
KOTA KOTAMOBAGU,BAGIAN UMUM - 4.01.0.00.0.00.01.0001,01KSCZRNP86Z5D79RSB09BQ3CM,64501174,2026,E-Katalog 6.0,APBD,RICO ONGI,E-Purchasing,Barang,Belanja Pakaian Adat Daerah,ON PROCESS,14999999,14999999
KOTA KOTAMOBAGU,SEKRETARIAT DPRD - 4.02.0.00.0.00.01.0000,01KJVGJCSZNQ1TCWRV5SBJJKTT,63395422,2026,E-Katalog 6.0,APBD,MEDIA KOLABORASI BERSAMA,E-Purchasing,Jasa Lainnya,"Belanja Jasa Iklan/Reklame, Film, dan Pemotretan",ON PROCESS,1000000,1000000
KOTA KOTAMOBAGU,DINAS KOMUNIKASI DAN INFORMATIKA - 2.16.2.20.2.21.01.0000,01KPAGMWN5XQMCK5CE1893K2S6,62874058,2026,E-Katalog 6.0,APBD,MEDIA SULAWESI NETWORK,E-Purchasing,Jasa Lainnya,"Belanja Jasa Iklan/Reklame, Film, dan Pemotretan",ON PROCESS,2000000,2000000
KOTA KOTAMOBAGU,DINAS KETAHANAN PANGAN - 2.09.0.00.0.00.01.0000,01KQ8WBM98RNT094KDTP1F6PRA,63938285,2026,E-Katalog 6.0,APBD,HERRY PONDAAG,E-Purchasing,Barang,Belanja Alat/Bahan untuk Kegiatan Kantor-Alat Tulis Kantor,ON PROCESS,1374291,1374291
KOTA KOTAMOBAGU,DINAS KESEHATAN - 1.02.0.00.0.00.01.0000,01KT33P924DDCYH9BRSQ95WDJP,65549601,2026,E-Katalog 6.0,APBD,ATIKAN MANDIRI,E-Purchasing,Barang,Belanja Natura dan Pakan-Natura dan Pakan Lainnya,ON PROCESS,67257120,67257120
KOTA KOTAMOBAGU,DINAS LINGKUNGAN HIDUP - 2.11.0.00.0.00.01.0000,01KGEYMHZ0SZGFQTS6PS41G7HK,64439290,2026,E-Katalog 6.0,APBD,ARCO SAMUDRA PERKASA,E-Purchasing,Jasa Lainnya," Belanja Jasa Tenaga Keamanan",PAYMENT OUTSIDE SYSTEM,13731309,13731309
KOTA KOTAMOBAGU,DINAS KOMUNIKASI DAN INFORMATIKA - 2.16.2.20.2.21.01.0000,01KVCVVZW34V4B8CFV2CNJPYYY,62874058,2026,E-Katalog 6.0,APBD,SULAWESI MEDIA RAKYAT,E-Purchasing,Jasa Lainnya,"Belanja Jasa Iklan/Reklame, Film, dan Pemotretan",ON PROCESS,1998000,1998000
KOTA KOTAMOBAGU,BLUD RSUD KOTAMOBAGU - 1.02.0.00.0.00.01.0001,01KPE0N9KEFX5WTNRBS7K2CXEX,64159880,2026,E-Katalog 6.0,BLUD,DEXA MEDICA,E-Purchasing,Barang,Belanja Barang dan Jasa BLUD,ON PROCESS,6984675,6984675
KOTA KOTAMOBAGU,BLUD RSUD KOTAMOBAGU - 1.02.0.00.0.00.01.0001,01KRZ98CAVWSJ5BXWHTXWPP2J0,64159880,2026,E-Katalog 6.0,BLUD,MIMAR CITRA ABADI,E-Purchasing,Barang,Belanja Barang dan Jasa BLUD,ON PROCESS,80427718,0
KOTA KOTAMOBAGU,BADAN PENANGGULANGAN BENCANA DAERAH - 1.05.0.00.0.00.02.0000,01KVW48NPCQHZ3KSG0A60PZ2YP,63948989,2026,E-Katalog 6.0,APBD,CARPERCOM,E-Purchasing,Jasa Lainnya,Belanja Pemeliharaan Alat Kantor dan Rumah Tangga-Alat Rumah Tangga-Alat Pendingin,ON PROCESS,1119999,1119999
KOTA KOTAMOBAGU,DINAS KOMUNIKASI DAN INFORMATIKA - 2.16.2.20.2.21.01.0000,01KWND77Y2SJNK9WCQ48TRD07N,62874058,2026,E-Katalog 6.0,APBD,VOICE NEWS NETWORK,E-Purchasing,Jasa Lainnya,"Belanja Jasa Iklan/Reklame, Film, dan Pemotretan",ON PROCESS,1998000,1998000
KOTA KOTAMOBAGU,PUSKESMAS UPAI - 1.02.0.00.0.00.01.0007,01KR1CPHV30HGNXRTE7011SHTF,62849821,2026,E-Katalog 6.0,APBD,CYNTHIA PRATIWI SUGEHA,E-Purchasing,Barang,Belanja Barang dan Jasa BOK Puskesmas,ON PROCESS,1500000,1500000
KOTA KOTAMOBAGU,BAGIAN KESEJAHTERAAN RAKYAT - 4.01.0.00.0.00.01.0005,01KN46W8VBA6SD382E5888R03D,63446718,2026,E-Katalog 6.0,APBD,CYNTHIA PRATIWI SUGEHA,E-Purchasing,Barang,Belanja Makanan dan Minuman Rapat,ON PROCESS,13000000,13000000
KOTA KOTAMOBAGU,BAGIAN UMUM - 4.01.0.00.0.00.01.0001,01KGPE2C9AKZDG7ZVNK8RQ5V4B,64666558,2026,E-Katalog 6.0,APBD,HERRY PONDAAG,E-Purchasing,Barang,Belanja Bahan-Bahan Lainnya,ON PROCESS,19042298,19042298
KOTA KOTAMOBAGU,DINAS KOMUNIKASI DAN INFORMATIKA - 2.16.2.20.2.21.01.0000,01KHZNMAJKDXZWP2YYNDNNE2PB,62874058,2026,E-Katalog 6.0,APBD,KREATIF MULTIMEDIA NUSANTARA,E-Purchasing,Jasa Lainnya,"Belanja Jasa Iklan/Reklame, Film, dan Pemotretan",ON PROCESS,3996000,3996000
KOTA KOTAMOBAGU,SEKRETARIAT DAERAH - 4.01.0.00.0.00.01.0000,01KJHSQJC5BZTCREF41P9TQRAM,63469981,2026,E-Katalog 6.0,APBD,MOHAMMAD TAUFIQ DAMOPOLII,E-Purchasing,Jasa Lainnya,Belanja Jasa Tenaga Pelayanan Umum,ON PROCESS,2000000,2000000
KOTA KOTAMOBAGU,BADAN PENANGGULANGAN BENCANA DAERAH - 1.05.0.00.0.00.02.0000,01KJFNPBEQCZ30FFCRWSSNRB3V,63942204,2026,E-Katalog 6.0,APBD,HERRY PONDAAG,E-Purchasing,Barang,Belanja Alat/Bahan untuk Kegiatan Kantor-Bahan Komputer,ON PROCESS,1565100,1565100
KOTA KOTAMOBAGU,DINAS KOMUNIKASI DAN INFORMATIKA - 2.16.2.20.2.21.01.0000,01KWE5SD335462BX48GRQ9H8SW,62874058,2026,E-Katalog 6.0,APBD,ANUGERAH CITA PERS,E-Purchasing,Jasa Lainnya,"Belanja Jasa Iklan/Reklame, Film, dan Pemotretan",ON PROCESS,1998000,1998000
KOTA KOTAMOBAGU,"DINAS PERDAGANGAN, KOPERASI, USAHA KECIL DAN MENENGAH - 3.30.2.17.0.00.01.0000",01KQXR2A9XS2N4QG6DW0HJ8J8N,65292682,2026,E-Katalog 6.0,APBD,IRMA ASTUTI KOROMPOT,E-Purchasing,Barang,Belanja Alat/Bahan untuk Kegiatan Kantor-Bahan Komputer ,ON PROCESS,865800,865800
KOTA KOTAMOBAGU,BLUD RSUD KOTAMOBAGU - 1.02.0.00.0.00.01.0001,01KNREX6S8T1F7X00TJZ476QEB,62976479,2026,E-Katalog 6.0,BLUD,SOMETECH INDONESIA,E-Purchasing,Barang,Belanja Modal Peralatan dan Mesin BLUD,ON PROCESS,11776000,0
KOTA KOTAMOBAGU,SEKRETARIAT DAERAH - 4.01.0.00.0.00.01.0000,01KRG2T6B621G3KZECTG5FQ7EV,63423831,2026,E-Katalog 6.0,APBD,FIGIH CICILIA MOKOGINTA,E-Purchasing,Barang,Belanja Makanan dan Minuman Rapat,ON PROCESS,980000,980000
KOTA KOTAMOBAGU,DINAS PEKERJAAN UMUM DAN PENATAAN RUANG - 1.03.0.00.0.00.01.0000,01KK0M1RT2CRA6VGJYYD0S2DM9,63007253,2026,E-Katalog 6.0,APBD,LA ROSE,E-Purchasing,Barang,Belanja Alat/Bahan untuk Kegiatan Kantor- Kertas dan Cover,ON PROCESS,1481295,1481295
KOTA KOTAMOBAGU,DINAS PEKERJAAN UMUM DAN PENATAAN RUANG - 1.03.0.00.0.00.01.0000,01KWJWP4AYS26KEA5WXE5Z767W,62875098,2026,E-Katalog 6.0,APBD,OSLAN PANAI,E-Purchasing,Jasa Lainnya,Belanja Jasa Tenaga Supir,ON PROCESS,12000000,12000000
KOTA KOTAMOBAGU,SEKRETARIAT DAERAH - 4.01.0.00.0.00.01.0000,01KQSAZ2PZZYYP26P6G141YY1K,63474911,2026,E-Katalog 6.0,APBD,TRI HARYANTI,E-Purchasing,Jasa Lainnya,Belanja Jasa Tenaga Juru Masak,ON PROCESS,2600000,2600000
KOTA KOTAMOBAGU,SEKRETARIAT DPRD - 4.02.0.00.0.00.01.0000,01KTJFK5C8V4AF8METW83E14KC,63354993,2026,E-Katalog 6.0,APBD,SUMBER REJEKI,E-Purchasing,Jasa Lainnya,Belanja Makanan dan Minuman Rapat,ON PROCESS,1715000,1715000
KOTA KOTAMOBAGU,BADAN PENGELOLA KEUANGAN DAERAH - 5.02.0.00.0.00.01.0000,01KQ9BPB4G5WD6AKSHBDF7F9K1,63113412,2026,E-Katalog 6.0,APBD,FIGIH CICILIA MOKOGINTA,E-Purchasing,Jasa Lainnya,Belanja Makanan dan Minuman Rapat,ON PROCESS,3486000,3486000
